mtllib Cube_560_decbf3b4.mtl
g Cube.560_decbf3b4
v 1.5266 2.31718 0.61613
v 1.52909 2.31834 0.61139
v 1.52341 2.31717 0.5976
v 1.52341 2.31737 1.16401
v 1.52909 2.31853 1.16562
v 1.5266 2.31737 1.16087
v 0.923 2.31717 0.5976
v 0.91733 2.31834 0.61139
v 0.91982 2.31718 0.61613
v 0.91982 2.31737 1.16087
v 0.91733 2.31853 1.16562
v 0.91984 2.31737 1.16401
v 0.923 1.46235 0.59789
v 0.91982 1.46235 0.61643
v 0.91982 1.46254 1.16117
v 0.91982 1.46254 1.16117
v 0.91984 1.46254 1.16431
v 0.923 1.46235 0.59789
v 1.5266 2.31739 1.21227
v 1.52909 2.31854 1.20744
v 1.52341 2.31738 1.19341
v 1.52341 2.31753 1.61406
v 1.52909 2.31868 1.61569
v 1.5266 2.31752 1.61087
v 0.923 2.31738 1.19341
v 0.91733 2.31854 1.20744
v 0.91982 2.31739 1.21227
v 0.91982 2.31753 1.63537
v 0.91733 2.31868 1.61569
v 0.923 2.31753 1.63622
v 1.5266 2.31768 2.07615
v 1.52341 2.31769 2.09501
v 1.52909 2.31884 2.08098
v 1.52341 2.31755 1.67436
v 1.5266 2.31755 1.67755
v 1.52909 2.3187 1.67272
v 0.923 2.31769 2.09501
v 0.91982 2.31768 2.07615
v 0.91733 2.31884 2.08098
v 0.91982 2.31754 1.65305
v 0.923 2.31754 1.6522
v 0.91733 2.3187 1.67272
v 1.5266 2.31779 2.37731
v 1.52341 2.3178 2.39469
v 1.52909 2.31895 2.38176
v 1.52341 2.3177 2.11703
v 1.5266 2.3177 2.11997
v 1.52909 2.31886 2.11552
v 0.923 2.3178 2.39469
v 0.91982 2.31779 2.37731
v 0.91733 2.31895 2.38176
v 0.91982 2.3177 2.11997
v 0.923 2.3177 2.11703
v 0.91733 2.31886 2.11552
v 1.5266 2.3179 2.68372
v 1.52341 2.3179 2.7011
v 1.52909 2.31905 2.68817
v 1.52341 2.31781 2.42344
v 1.5266 2.31781 2.42638
v 1.52909 2.31896 2.42193
v 0.923 2.3179 2.7011
v 0.91982 2.3179 2.68372
v 0.91733 2.31905 2.68817
v 0.91982 2.31781 2.42638
v 0.923 2.31781 2.42344
v 0.91733 2.31896 2.42193
v 1.5266 2.31658 -0.32309
v 1.52908 2.31794 -0.32812
v 1.52341 2.31657 -0.34277
v 1.52341 2.31672 0.09376
v 1.52908 2.31809 0.09411
v 1.5266 2.31672 0.09307
v 0.923 2.31657 -0.34277
v 0.91733 2.31794 -0.32812
v 0.91982 2.31658 -0.32309
v 0.91982 2.31672 0.09136
v 0.91733 2.31808 0.07168
v 0.923 2.31672 0.09221
v 1.5266 2.31689 0.57818
v 1.52341 2.31689 0.59786
v 1.52908 2.31826 0.58321
v 1.52341 2.31672 0.10664
v 1.5266 2.31672 0.10732
v 1.52908 2.31809 0.10629
v 0.923 2.31689 0.59786
v 0.91982 2.31689 0.57818
v 0.91733 2.31826 0.58321
v 0.91982 2.31673 0.10904
v 0.923 2.31672 0.10819
v 0.91733 2.3181 0.12871
v 0.923 2.13864 0.59766
v 1.52341 2.31717 0.5976
v 0.923 2.31717 0.5976
v 1.52341 2.13864 0.59766
v 0.923 1.46235 0.59789
v 1.52341 1.46235 0.59789
v 1.5266 2.13865 0.61619
v 1.5266 2.31737 1.16087
v 1.5266 2.31718 0.61613
v 1.5266 2.13883 1.16093
v 1.5266 1.46235 0.61643
v 1.5266 1.46254 1.16117
v 0.91982 2.12865 0.62605
v 1.23139 2.12865 0.62605
v 1.23139 1.49229 0.62627
v 0.91982 1.49229 0.62627
v 0.91984 2.31737 1.16401
v 0.91984 2.31738 1.19686
v 0.91984 2.13885 1.19692
v 0.91984 2.13884 1.16407
v 0.91984 1.46256 1.19716
v 0.91984 1.46254 1.16431
v 0.91982 2.13883 1.16093
v 0.91982 1.46254 1.16117
v 0.91982 2.31737 1.16087
v 0.91982 2.12883 1.15108
v 0.91982 1.49247 1.1513
v 0.91982 1.46235 0.61643
v 0.91982 1.49229 0.62627
v 0.91982 2.13865 0.61619
v 0.91982 2.12865 0.62605
v 0.91982 2.29028 1.15103
v 0.91982 2.2901 0.62599
v 0.91982 2.14883 1.15108
v 0.91982 2.31718 0.61613
v 0.91982 2.14865 0.62604
v 1.52341 2.13864 0.59766
v 1.5266 2.31718 0.61613
v 1.52341 2.31717 0.5976
v 1.5266 2.13865 0.61619
v 1.52341 1.46235 0.59789
v 1.5266 1.46235 0.61643
v 1.52341 2.13884 1.16407
v 1.5266 1.46254 1.16117
v 1.52341 1.46254 1.16431
v 1.5266 2.13883 1.16093
v 1.52341 2.31737 1.16401
v 1.5266 2.31737 1.16087
v 0.923 2.13864 0.59766
v 0.91982 1.46235 0.61643
v 0.923 1.46235 0.59789
v 0.91982 2.13865 0.61619
v 0.923 2.31717 0.5976
v 0.91982 2.31718 0.61613
v 0.91984 1.46254 1.16431
v 1.52341 1.46254 1.16431
v 0.923 1.46235 0.59789
v 1.52341 1.46235 0.59789
v 1.5266 1.46235 0.61643
v 1.5266 1.46254 1.16117
v 1.52341 2.31737 1.16401
v 1.52341 2.31738 1.19686
v 0.91984 2.31738 1.19686
v 0.91984 2.31737 1.16401
v 0.91982 2.2901 0.62599
v 1.23139 2.2901 0.62599
v 1.23139 2.14865 0.62604
v 0.91982 2.14865 0.62604
v 1.23139 2.14883 1.15108
v 1.23139 2.14865 0.62604
v 1.23139 2.2901 0.62599
v 1.23139 2.29028 1.15103
v 1.23139 1.49247 1.1513
v 1.23139 1.49229 0.62627
v 1.23139 2.12865 0.62605
v 1.23139 2.12883 1.15108
v 0.91982 2.14865 0.62604
v 1.23139 2.14865 0.62604
v 1.23139 2.14883 1.15108
v 0.91982 2.14883 1.15108
v 0.91982 1.49247 1.1513
v 1.23139 1.49247 1.1513
v 1.23139 2.12883 1.15108
v 0.91982 2.12883 1.15108
v 0.91982 2.29028 1.15103
v 1.23139 2.29028 1.15103
v 1.23139 2.2901 0.62599
v 0.91982 2.2901 0.62599
v 0.91982 2.12883 1.15108
v 1.23139 2.12883 1.15108
v 1.23139 2.12865 0.62605
v 0.91982 2.12865 0.62605
v 0.91982 1.49229 0.62627
v 1.23139 1.49229 0.62627
v 1.23139 1.49247 1.1513
v 0.91982 1.49247 1.1513
v 0.91982 2.14883 1.15108
v 1.23139 2.14883 1.15108
v 1.23139 2.29028 1.15103
v 0.91982 2.29028 1.15103
v 1.52341 2.13885 1.19692
v 0.91984 2.31738 1.19686
v 1.52341 2.31738 1.19686
v 0.91984 2.13885 1.19692
v 1.52341 1.46256 1.19716
v 0.91984 1.46256 1.19716
v 1.52341 2.13884 1.16407
v 1.52341 2.31738 1.19686
v 1.52341 2.31737 1.16401
v 1.52341 2.13885 1.19692
v 1.52341 1.46254 1.16431
v 1.52341 1.46256 1.19716
v 0.91984 1.46254 1.16431
v 0.91984 1.46256 1.19716
v 1.52341 1.46256 1.19716
v 1.52341 1.46254 1.16431
v 0.923 2.13885 1.19347
v 1.52341 2.31738 1.19341
v 0.923 2.31738 1.19341
v 1.52341 2.13885 1.19347
v 0.923 1.90993 1.19355
v 1.52341 1.90993 1.19355
v 1.5266 2.13885 1.21233
v 1.5266 2.31752 1.61087
v 1.5266 2.31739 1.21227
v 1.5266 2.13899 1.61093
v 1.5266 1.90994 1.21241
v 1.5266 1.91008 1.61101
v 0.91982 2.12886 1.22237
v 1.23139 2.12886 1.22237
v 1.23139 1.93987 1.22243
v 0.91982 1.93987 1.22243
v 0.923 2.31753 1.63622
v 0.923 2.31754 1.6475
v 0.923 2.139 1.64756
v 0.923 2.139 1.63628
v 0.923 1.91009 1.64764
v 0.923 1.91009 1.63636
v 1.52341 2.13885 1.19347
v 1.5266 2.31739 1.21227
v 1.52341 2.31738 1.19341
v 1.5266 2.13885 1.21233
v 1.52341 1.90993 1.19355
v 1.5266 1.90994 1.21241
v 1.52341 2.13899 1.61412
v 1.5266 1.91008 1.61101
v 1.52341 1.91008 1.6142
v 1.5266 2.13899 1.61093
v 1.52341 2.31753 1.61406
v 1.5266 2.31752 1.61087
v 0.91982 2.139 1.63543
v 0.923 1.91009 1.63636
v 0.91982 1.91009 1.63551
v 0.923 2.139 1.63628
v 0.91982 2.31753 1.63537
v 0.923 2.31753 1.63622
v 0.923 2.13885 1.19347
v 0.91982 1.90994 1.21241
v 0.923 1.90993 1.19355
v 0.91982 2.13885 1.21233
v 0.923 2.31738 1.19341
v 0.91982 2.31739 1.21227
v 0.923 1.90993 1.19355
v 0.91982 1.90994 1.21241
v 0.91982 1.91009 1.63551
v 0.923 1.91009 1.63636
v 1.52341 1.90993 1.19355
v 1.52341 1.91008 1.6142
v 1.5266 1.90994 1.21241
v 1.5266 1.91008 1.61101
v 1.52341 2.31753 1.61406
v 1.52341 2.31754 1.6475
v 0.923 2.31754 1.6475
v 0.923 2.31753 1.63622
v 0.91982 2.29031 1.22231
v 1.23139 2.29031 1.22231
v 1.23139 2.14886 1.22236
v 0.91982 2.14886 1.22236
v 1.23139 2.14899 1.60089
v 1.23139 2.14886 1.22236
v 1.23139 2.29031 1.22231
v 1.23139 2.29044 1.60084
v 1.23139 1.94 1.60097
v 1.23139 1.93987 1.22243
v 1.23139 2.12886 1.22237
v 1.23139 2.12899 1.6009
v 0.91982 2.14886 1.22236
v 1.23139 2.14886 1.22236
v 1.23139 2.14899 1.60089
v 0.91982 2.14899 1.60089
v 0.91982 1.94 1.60097
v 1.23139 1.94 1.60097
v 1.23139 2.12899 1.6009
v 0.91982 2.12899 1.6009
v 0.91982 2.29044 1.60084
v 1.23139 2.29044 1.60084
v 1.23139 2.29031 1.22231
v 0.91982 2.29031 1.22231
v 0.91982 2.12899 1.6009
v 1.23139 2.12899 1.6009
v 1.23139 2.12886 1.22237
v 0.91982 2.12886 1.22237
v 0.91982 1.93987 1.22243
v 1.23139 1.93987 1.22243
v 1.23139 1.94 1.60097
v 0.91982 1.94 1.60097
v 0.91982 2.14899 1.60089
v 1.23139 2.14899 1.60089
v 1.23139 2.29044 1.60084
v 0.91982 2.29044 1.60084
v 1.52341 2.139 1.64756
v 0.923 2.31754 1.6475
v 1.52341 2.31754 1.6475
v 0.923 2.139 1.64756
v 1.52341 1.91009 1.64764
v 0.923 1.91009 1.64764
v 1.52341 2.13899 1.61412
v 1.52341 2.31754 1.6475
v 1.52341 2.31753 1.61406
v 1.52341 2.139 1.64756
v 1.52341 1.91008 1.6142
v 1.52341 1.91009 1.64764
v 0.923 1.91009 1.63636
v 0.923 1.91009 1.64764
v 1.52341 1.91009 1.64764
v 1.52341 1.91008 1.6142
v 0.923 2.13916 2.09507
v 0.923 2.31769 2.09501
v 1.52341 2.31769 2.09501
v 1.52341 2.13916 2.09507
v 0.923 1.91025 2.09515
v 1.52341 1.91025 2.09515
v 1.5266 2.13915 2.07621
v 1.5266 2.31768 2.07615
v 1.5266 2.31755 1.67755
v 1.5266 2.13901 1.67761
v 1.5266 1.91024 2.07629
v 1.5266 1.9101 1.67769
v 0.91982 2.12915 2.06618
v 0.91982 1.94017 2.06625
v 1.23139 1.94017 2.06625
v 1.23139 2.12915 2.06618
v 0.923 2.31754 1.6522
v 0.923 2.139 1.64098
v 0.923 2.31753 1.64092
v 0.923 2.139 1.65226
v 0.923 1.91009 1.64106
v 0.923 1.91009 1.65234
v 1.52341 2.13916 2.09507
v 1.52341 2.31769 2.09501
v 1.5266 2.31768 2.07615
v 1.5266 2.13915 2.07621
v 1.52341 1.91025 2.09515
v 1.5266 1.91024 2.07629
v 1.52341 2.13901 1.67442
v 1.52341 1.9101 1.6745
v 1.5266 1.9101 1.67769
v 1.5266 2.13901 1.67761
v 1.52341 2.31755 1.67436
v 1.5266 2.31755 1.67755
v 0.91982 2.139 1.65311
v 0.91982 1.91009 1.65319
v 0.923 1.91009 1.65234
v 0.923 2.139 1.65226
v 0.91982 2.31754 1.65305
v 0.923 2.31754 1.6522
v 0.923 2.13916 2.09507
v 0.923 1.91025 2.09515
v 0.91982 1.91024 2.07629
v 0.91982 2.13915 2.07621
v 0.923 2.31769 2.09501
v 0.91982 2.31768 2.07615
v 0.923 1.91009 1.65234
v 0.91982 1.91009 1.65319
v 0.91982 1.91024 2.07629
v 0.923 1.91025 2.09515
v 1.52341 1.9101 1.6745
v 1.52341 1.91025 2.09515
v 1.5266 1.9101 1.67769
v 1.5266 1.91024 2.07629
v 1.52341 2.31755 1.67436
v 0.923 2.31754 1.6522
v 0.923 2.31753 1.64092
v 1.52341 2.31753 1.64092
v 0.91982 2.2906 2.06613
v 0.91982 2.14915 2.06618
v 1.23139 2.14915 2.06618
v 1.23139 2.2906 2.06613
v 1.23139 2.14902 1.68764
v 1.23139 2.29047 1.68759
v 1.23139 2.2906 2.06613
v 1.23139 2.14915 2.06618
v 1.23139 1.94003 1.68771
v 1.23139 2.12902 1.68765
v 1.23139 2.12915 2.06618
v 1.23139 1.94017 2.06625
v 0.91982 2.14915 2.06618
v 0.91982 2.14902 1.68764
v 1.23139 2.14902 1.68764
v 1.23139 2.14915 2.06618
v 0.91982 1.94003 1.68771
v 0.91982 2.12902 1.68765
v 1.23139 2.12902 1.68765
v 1.23139 1.94003 1.68771
v 0.91982 2.29047 1.68759
v 0.91982 2.2906 2.06613
v 1.23139 2.2906 2.06613
v 1.23139 2.29047 1.68759
v 0.91982 2.12902 1.68765
v 0.91982 2.12915 2.06618
v 1.23139 2.12915 2.06618
v 1.23139 2.12902 1.68765
v 0.91982 1.94017 2.06625
v 0.91982 1.94003 1.68771
v 1.23139 1.94003 1.68771
v 1.23139 1.94017 2.06625
v 0.91982 2.14902 1.68764
v 0.91982 2.29047 1.68759
v 1.23139 2.29047 1.68759
v 1.23139 2.14902 1.68764
v 1.52341 2.139 1.64098
v 1.52341 2.31753 1.64092
v 0.923 2.31753 1.64092
v 0.923 2.139 1.64098
v 1.52341 1.91009 1.64106
v 0.923 1.91009 1.64106
v 1.52341 2.13901 1.67442
v 1.52341 2.31755 1.67436
v 1.52341 2.31753 1.64092
v 1.52341 2.139 1.64098
v 1.52341 1.9101 1.6745
v 1.52341 1.91009 1.64106
v 0.923 1.91009 1.65234
v 1.52341 1.9101 1.6745
v 1.52341 1.91009 1.64106
v 0.923 1.91009 1.64106
v 0.923 2.13926 2.39475
v 0.923 2.3178 2.39469
v 1.52341 2.3178 2.39469
v 1.52341 2.13926 2.39475
v 0.923 1.46297 2.39499
v 1.52341 1.46297 2.39499
v 1.5266 2.13925 2.37737
v 1.5266 2.31779 2.37731
v 1.5266 2.3177 2.11997
v 1.5266 2.13917 2.12004
v 1.5266 1.46296 2.37761
v 1.5266 1.46287 2.12027
v 0.91982 2.12925 2.36813
v 0.91982 1.49289 2.36835
v 1.23139 1.49289 2.36835
v 1.23139 2.12925 2.36813
v 0.923 2.3177 2.11703
v 0.923 2.13915 2.08628
v 0.923 2.31769 2.08622
v 0.923 2.13916 2.11709
v 0.923 1.46286 2.08651
v 0.923 1.46287 2.11732
v 1.52341 2.13926 2.39475
v 1.52341 2.3178 2.39469
v 1.5266 2.31779 2.37731
v 1.5266 2.13925 2.37737
v 1.52341 1.46297 2.39499
v 1.5266 1.46296 2.37761
v 1.52341 2.13916 2.11709
v 1.52341 1.46287 2.11732
v 1.5266 1.46287 2.12027
v 1.5266 2.13917 2.12004
v 1.52341 2.3177 2.11703
v 1.5266 2.3177 2.11997
v 0.91982 2.13917 2.12004
v 0.91982 1.46287 2.12027
v 0.923 1.46287 2.11732
v 0.923 2.13916 2.11709
v 0.91982 2.3177 2.11997
v 0.923 2.3177 2.11703
v 0.923 2.13926 2.39475
v 0.923 1.46297 2.39499
v 0.91982 1.46296 2.37761
v 0.91982 2.13925 2.37737
v 0.923 2.3178 2.39469
v 0.91982 2.31779 2.37731
v 0.923 1.46287 2.11732
v 0.91982 1.46287 2.12027
v 0.91982 1.46296 2.37761
v 0.923 1.46297 2.39499
v 1.52341 1.46287 2.11732
v 1.52341 1.46297 2.39499
v 1.5266 1.46287 2.12027
v 1.5266 1.46296 2.37761
v 1.52341 2.3177 2.11703
v 0.923 2.3177 2.11703
v 0.923 2.31769 2.08622
v 1.52341 2.31769 2.08622
v 0.91982 2.2907 2.36808
v 0.91982 2.14925 2.36813
v 1.23139 2.14925 2.36813
v 1.23139 2.2907 2.36808
v 1.23139 2.14917 2.12927
v 1.23139 2.29062 2.12923
v 1.23139 2.2907 2.36808
v 1.23139 2.14925 2.36813
v 1.23139 1.49281 2.1295
v 1.23139 2.12917 2.12928
v 1.23139 2.12925 2.36813
v 1.23139 1.49289 2.36835
v 0.91982 2.14925 2.36813
v 0.91982 2.14917 2.12927
v 1.23139 2.14917 2.12927
v 1.23139 2.14925 2.36813
v 0.91982 1.49281 2.1295
v 0.91982 2.12917 2.12928
v 1.23139 2.12917 2.12928
v 1.23139 1.49281 2.1295
v 0.91982 2.29062 2.12923
v 0.91982 2.2907 2.36808
v 1.23139 2.2907 2.36808
v 1.23139 2.29062 2.12923
v 0.91982 2.12917 2.12928
v 0.91982 2.12925 2.36813
v 1.23139 2.12925 2.36813
v 1.23139 2.12917 2.12928
v 0.91982 1.49289 2.36835
v 0.91982 1.49281 2.1295
v 1.23139 1.49281 2.1295
v 1.23139 1.49289 2.36835
v 0.91982 2.14917 2.12927
v 0.91982 2.29062 2.12923
v 1.23139 2.29062 2.12923
v 1.23139 2.14917 2.12927
v 1.52341 2.13915 2.08628
v 1.52341 2.31769 2.08622
v 0.923 2.31769 2.08622
v 0.923 2.13915 2.08628
v 1.52341 1.46286 2.08651
v 0.923 1.46286 2.08651
v 1.52341 2.13916 2.11709
v 1.52341 2.3177 2.11703
v 1.52341 2.31769 2.08622
v 1.52341 2.13915 2.08628
v 1.52341 1.46287 2.11732
v 1.52341 1.46286 2.08651
v 0.923 1.46287 2.11732
v 1.52341 1.46287 2.11732
v 1.52341 1.46286 2.08651
v 0.923 1.46286 2.08651
v 0.923 2.13937 2.70116
v 0.923 2.3179 2.7011
v 1.52341 2.3179 2.7011
v 1.52341 2.13937 2.70116
v 0.923 1.46308 2.7014
v 1.52341 1.46308 2.7014
v 1.5266 2.13936 2.68378
v 1.5266 2.3179 2.68372
v 1.5266 2.31781 2.42638
v 1.5266 2.13927 2.42645
v 1.5266 1.46307 2.68402
v 1.5266 1.46298 2.42668
v 0.91982 2.12936 2.67454
v 0.91982 1.493 2.67476
v 1.23139 1.493 2.67476
v 1.23139 2.12936 2.67454
v 0.923 2.31781 2.42344
v 0.923 2.13926 2.39269
v 0.923 2.31779 2.39263
v 0.923 2.13927 2.4235
v 0.923 1.46297 2.39292
v 0.923 1.46298 2.42373
v 1.52341 2.13937 2.70116
v 1.52341 2.3179 2.7011
v 1.5266 2.3179 2.68372
v 1.5266 2.13936 2.68378
v 1.52341 1.46308 2.7014
v 1.5266 1.46307 2.68402
v 1.52341 2.13927 2.4235
v 1.52341 1.46298 2.42373
v 1.5266 1.46298 2.42668
v 1.5266 2.13927 2.42645
v 1.52341 2.31781 2.42344
v 1.5266 2.31781 2.42638
v 0.91982 2.13927 2.42645
v 0.91982 1.46298 2.42668
v 0.923 1.46298 2.42373
v 0.923 2.13927 2.4235
v 0.91982 2.31781 2.42638
v 0.923 2.31781 2.42344
v 0.923 2.13937 2.70116
v 0.923 1.46308 2.7014
v 0.91982 1.46307 2.68402
v 0.91982 2.13936 2.68378
v 0.923 2.3179 2.7011
v 0.91982 2.3179 2.68372
v 0.923 1.46298 2.42373
v 0.91982 1.46298 2.42668
v 0.91982 1.46307 2.68402
v 0.923 1.46308 2.7014
v 1.52341 1.46298 2.42373
v 1.52341 1.46308 2.7014
v 1.5266 1.46298 2.42668
v 1.5266 1.46307 2.68402
v 1.52341 2.31781 2.42344
v 0.923 2.31781 2.42344
v 0.923 2.31779 2.39263
v 1.52341 2.31779 2.39263
v 0.91982 2.29081 2.67449
v 0.91982 2.14936 2.67454
v 1.23139 2.14936 2.67454
v 1.23139 2.29081 2.67449
v 1.23139 2.14928 2.43568
v 1.23139 2.29073 2.43564
v 1.23139 2.29081 2.67449
v 1.23139 2.14936 2.67454
v 1.23139 1.49291 2.43591
v 1.23139 2.12928 2.43569
v 1.23139 2.12936 2.67454
v 1.23139 1.493 2.67476
v 0.91982 2.14936 2.67454
v 0.91982 2.14928 2.43568
v 1.23139 2.14928 2.43568
v 1.23139 2.14936 2.67454
v 0.91982 1.49291 2.43591
v 0.91982 2.12928 2.43569
v 1.23139 2.12928 2.43569
v 1.23139 1.49291 2.43591
v 0.91982 2.29073 2.43564
v 0.91982 2.29081 2.67449
v 1.23139 2.29081 2.67449
v 1.23139 2.29073 2.43564
v 0.91982 2.12928 2.43569
v 0.91982 2.12936 2.67454
v 1.23139 2.12936 2.67454
v 1.23139 2.12928 2.43569
v 0.91982 1.493 2.67476
v 0.91982 1.49291 2.43591
v 1.23139 1.49291 2.43591
v 1.23139 1.493 2.67476
v 0.91982 2.14928 2.43568
v 0.91982 2.29073 2.43564
v 1.23139 2.29073 2.43564
v 1.23139 2.14928 2.43568
v 1.52341 2.13926 2.39269
v 1.52341 2.31779 2.39263
v 0.923 2.31779 2.39263
v 0.923 2.13926 2.39269
v 1.52341 1.46297 2.39292
v 0.923 1.46297 2.39292
v 1.52341 2.13927 2.4235
v 1.52341 2.31781 2.42344
v 1.52341 2.31779 2.39263
v 1.52341 2.13926 2.39269
v 1.52341 1.46298 2.42373
v 1.52341 1.46297 2.39292
v 0.923 1.46298 2.42373
v 1.52341 1.46298 2.42373
v 1.52341 1.46297 2.39292
v 0.923 1.46297 2.39292
v 0.923 2.10541 -0.34269
v 1.52341 2.31657 -0.34277
v 0.923 2.31657 -0.34277
v 1.52341 2.10541 -0.34269
v 0.923 1.78248 -0.34258
v 1.52341 1.78248 -0.34258
v 1.5266 2.10541 -0.32301
v 1.5266 2.31672 0.09307
v 1.5266 2.31658 -0.32309
v 1.5266 2.10556 0.09315
v 1.5266 1.78249 -0.3229
v 1.5266 1.78263 0.09326
v 0.91982 2.09359 -0.31254
v 1.23139 2.09359 -0.31254
v 1.23139 1.81789 -0.31245
v 0.91982 1.81789 -0.31245
v 0.923 2.31672 0.09221
v 0.923 2.31672 0.10349
v 0.923 2.10556 0.10356
v 0.923 2.10556 0.09228
v 0.923 1.78263 0.10368
v 0.923 1.78263 0.09239
v 1.52341 2.10541 -0.34269
v 1.5266 2.31658 -0.32309
v 1.52341 2.31657 -0.34277
v 1.5266 2.10541 -0.32301
v 1.52341 1.78248 -0.34258
v 1.5266 1.78249 -0.3229
v 1.52341 2.10556 0.09383
v 1.5266 1.78263 0.09326
v 1.52341 1.78263 0.09394
v 1.5266 2.10556 0.09315
v 1.52341 2.31672 0.09376
v 1.5266 2.31672 0.09307
v 0.91982 2.10556 0.09143
v 0.923 1.78263 0.09239
v 0.91982 1.78263 0.09155
v 0.923 2.10556 0.09228
v 0.91982 2.31672 0.09136
v 0.923 2.31672 0.09221
v 0.923 2.10541 -0.34269
v 0.91982 1.78249 -0.3229
v 0.923 1.78248 -0.34258
v 0.91982 2.10541 -0.32301
v 0.923 2.31657 -0.34277
v 0.91982 2.31658 -0.32309
v 0.923 1.78248 -0.34258
v 0.91982 1.78249 -0.3229
v 0.91982 1.78263 0.09155
v 0.923 1.78263 0.09239
v 1.52341 1.78248 -0.34258
v 1.52341 1.78263 0.09394
v 1.5266 1.78249 -0.3229
v 1.5266 1.78263 0.09326
v 1.52341 2.31672 0.09376
v 1.52341 2.31672 0.1009
v 0.923 2.31672 0.10349
v 0.923 2.31672 0.09221
v 0.91982 2.28455 -0.31261
v 1.23139 2.28455 -0.31261
v 1.23139 2.11725 -0.31255
v 0.91982 2.11725 -0.31255
v 1.23139 2.11737 0.05689
v 1.23139 2.11725 -0.31255
v 1.23139 2.28455 -0.31261
v 1.23139 2.28468 0.05684
v 1.23139 1.81802 0.057
v 1.23139 1.81789 -0.31245
v 1.23139 2.09359 -0.31254
v 1.23139 2.09372 0.0569
v 0.91982 2.11725 -0.31255
v 1.23139 2.11725 -0.31255
v 1.23139 2.11737 0.05689
v 0.91982 2.11737 0.05689
v 0.91982 1.81802 0.057
v 1.23139 1.81802 0.057
v 1.23139 2.09372 0.0569
v 0.91982 2.09372 0.0569
v 0.91982 2.28468 0.05684
v 1.23139 2.28468 0.05684
v 1.23139 2.28455 -0.31261
v 0.91982 2.28455 -0.31261
v 0.91982 2.09372 0.0569
v 1.23139 2.09372 0.0569
v 1.23139 2.09359 -0.31254
v 0.91982 2.09359 -0.31254
v 0.91982 1.81789 -0.31245
v 1.23139 1.81789 -0.31245
v 1.23139 1.81802 0.057
v 0.91982 1.81802 0.057
v 0.91982 2.11737 0.05689
v 1.23139 2.11737 0.05689
v 1.23139 2.28468 0.05684
v 0.91982 2.28468 0.05684
v 1.52341 2.10556 0.10098
v 0.923 2.31672 0.10349
v 1.52341 2.31672 0.1009
v 0.923 2.10556 0.10356
v 1.52341 1.78263 0.10109
v 0.923 1.78263 0.10368
v 1.52341 2.10556 0.09383
v 1.52341 2.31672 0.1009
v 1.52341 2.31672 0.09376
v 1.52341 2.10556 0.10098
v 1.52341 1.78263 0.09394
v 1.52341 1.78263 0.10109
v 0.923 1.78263 0.09239
v 0.923 1.78263 0.10368
v 1.52341 1.78263 0.10109
v 1.52341 1.78263 0.09394
v 0.923 2.10573 0.59793
v 0.923 2.31689 0.59786
v 1.52341 2.31689 0.59786
v 1.52341 2.10573 0.59793
v 0.923 1.7828 0.59804
v 1.52341 1.7828 0.59804
v 1.5266 2.10573 0.57825
v 1.5266 2.31689 0.57818
v 1.5266 2.31672 0.10732
v 1.5266 2.10556 0.1074
v 1.5266 1.7828 0.57836
v 1.5266 1.78263 0.10751
v 0.91982 2.0939 0.56779
v 0.91982 1.81819 0.56788
v 1.23139 1.81819 0.56788
v 1.23139 2.0939 0.56779
v 0.923 2.31672 0.10819
v 0.923 2.10556 0.09698
v 0.923 2.31672 0.09691
v 0.923 2.10556 0.10826
v 0.923 1.78263 0.09709
v 0.923 1.78263 0.10837
v 1.52341 2.10573 0.59793
v 1.52341 2.31689 0.59786
v 1.5266 2.31689 0.57818
v 1.5266 2.10573 0.57825
v 1.52341 1.7828 0.59804
v 1.5266 1.7828 0.57836
v 1.52341 2.10556 0.10671
v 1.52341 1.78263 0.10683
v 1.5266 1.78263 0.10751
v 1.5266 2.10556 0.1074
v 1.52341 2.31672 0.10664
v 1.5266 2.31672 0.10732
v 0.91982 2.10556 0.10911
v 0.91982 1.78263 0.10922
v 0.923 1.78263 0.10837
v 0.923 2.10556 0.10826
v 0.91982 2.31673 0.10904
v 0.923 2.31672 0.10819
v 0.923 2.10573 0.59793
v 0.923 1.7828 0.59804
v 0.91982 1.7828 0.57836
v 0.91982 2.10573 0.57825
v 0.923 2.31689 0.59786
v 0.91982 2.31689 0.57818
v 0.923 1.78263 0.10837
v 0.91982 1.78263 0.10922
v 0.91982 1.7828 0.57836
v 0.923 1.7828 0.59804
v 1.52341 1.78263 0.10683
v 1.52341 1.7828 0.59804
v 1.5266 1.78263 0.10751
v 1.5266 1.7828 0.57836
v 1.52341 2.31672 0.10664
v 0.923 2.31672 0.10819
v 0.923 2.31672 0.09691
v 1.52341 2.31672 0.0995
v 0.91982 2.28485 0.56772
v 0.91982 2.11755 0.56778
v 1.23139 2.11755 0.56778
v 1.23139 2.28485 0.56772
v 1.23139 2.1174 0.14364
v 1.23139 2.2847 0.14358
v 1.23139 2.28485 0.56772
v 1.23139 2.11755 0.56778
v 1.23139 1.81805 0.14375
v 1.23139 2.09375 0.14365
v 1.23139 2.0939 0.56779
v 1.23139 1.81819 0.56788
v 0.91982 2.11755 0.56778
v 0.91982 2.1174 0.14364
v 1.23139 2.1174 0.14364
v 1.23139 2.11755 0.56778
v 0.91982 1.81805 0.14375
v 0.91982 2.09375 0.14365
v 1.23139 2.09375 0.14365
v 1.23139 1.81805 0.14375
v 0.91982 2.2847 0.14358
v 0.91982 2.28485 0.56772
v 1.23139 2.28485 0.56772
v 1.23139 2.2847 0.14358
v 0.91982 2.09375 0.14365
v 0.91982 2.0939 0.56779
v 1.23139 2.0939 0.56779
v 1.23139 2.09375 0.14365
v 0.91982 1.81819 0.56788
v 0.91982 1.81805 0.14375
v 1.23139 1.81805 0.14375
v 1.23139 1.81819 0.56788
v 0.91982 2.1174 0.14364
v 0.91982 2.2847 0.14358
v 1.23139 2.2847 0.14358
v 1.23139 2.1174 0.14364
v 1.52341 2.10556 0.09957
v 1.52341 2.31672 0.0995
v 0.923 2.31672 0.09691
v 0.923 2.10556 0.09698
v 1.52341 1.78263 0.09968
v 0.923 1.78263 0.09709
v 1.52341 2.10556 0.10671
v 1.52341 2.31672 0.10664
v 1.52341 2.31672 0.0995
v 1.52341 2.10556 0.09957
v 1.52341 1.78263 0.10683
v 1.52341 1.78263 0.09968
v 0.923 1.78263 0.10837
v 1.52341 1.78263 0.10683
v 1.52341 1.78263 0.09968
v 0.923 1.78263 0.09709
v 0.91982 2.12899 1.6009
v 0.91982 2.139 1.63543
v 0.91982 1.91009 1.63551
v 0.91982 1.94 1.60097
v 0.91982 1.90994 1.21241
v 0.91982 1.93987 1.22243
v 0.91982 2.13885 1.21233
v 0.91982 2.12886 1.22237
v 0.91982 2.14899 1.60089
v 0.91982 2.29044 1.60084
v 0.91982 2.14886 1.22236
v 0.91982 2.31753 1.63537
v 0.91982 2.31739 1.21227
v 0.91982 2.29031 1.22231
v 0.91982 2.12902 1.68765
v 0.91982 1.94003 1.68771
v 0.91982 1.91009 1.65319
v 0.91982 1.91024 2.07629
v 0.91982 1.94017 2.06625
v 0.91982 2.139 1.65311
v 0.91982 2.13915 2.07621
v 0.91982 2.12915 2.06618
v 0.91982 2.14902 1.68764
v 0.91982 2.29047 1.68759
v 0.91982 2.14915 2.06618
v 0.91982 2.31754 1.65305
v 0.91982 2.31768 2.07615
v 0.91982 2.2906 2.06613
v 0.91982 2.12917 2.12928
v 0.91982 1.49281 2.1295
v 0.91982 1.46287 2.12027
v 0.91982 1.46296 2.37761
v 0.91982 1.49289 2.36835
v 0.91982 2.13917 2.12004
v 0.91982 2.13925 2.37737
v 0.91982 2.12925 2.36813
v 0.91982 2.14917 2.12927
v 0.91982 2.29062 2.12923
v 0.91982 2.14925 2.36813
v 0.91982 2.3177 2.11997
v 0.91982 2.31779 2.37731
v 0.91982 2.2907 2.36808
v 0.91982 2.12928 2.43569
v 0.91982 1.49291 2.43591
v 0.91982 1.46298 2.42668
v 0.91982 1.46307 2.68402
v 0.91982 1.493 2.67476
v 0.91982 2.13927 2.42645
v 0.91982 2.13936 2.68378
v 0.91982 2.12936 2.67454
v 0.91982 2.14928 2.43568
v 0.91982 2.29073 2.43564
v 0.91982 2.14936 2.67454
v 0.91982 2.31781 2.42638
v 0.91982 2.3179 2.68372
v 0.91982 2.29081 2.67449
v 0.91982 2.09372 0.0569
v 0.91982 2.10556 0.09143
v 0.91982 1.78263 0.09155
v 0.91982 1.81802 0.057
v 0.91982 1.78249 -0.3229
v 0.91982 1.81789 -0.31245
v 0.91982 2.10541 -0.32301
v 0.91982 2.09359 -0.31254
v 0.91982 2.11737 0.05689
v 0.91982 2.28468 0.05684
v 0.91982 2.11725 -0.31255
v 0.91982 2.31672 0.09136
v 0.91982 2.31658 -0.32309
v 0.91982 2.28455 -0.31261
v 0.91982 2.09375 0.14365
v 0.91982 1.81805 0.14375
v 0.91982 1.78263 0.10922
v 0.91982 1.7828 0.57836
v 0.91982 1.81819 0.56788
v 0.91982 2.10556 0.10911
v 0.91982 2.10573 0.57825
v 0.91982 2.0939 0.56779
v 0.91982 2.1174 0.14364
v 0.91982 2.2847 0.14358
v 0.91982 2.11755 0.56778
v 0.91982 2.31673 0.10904
v 0.91982 2.31689 0.57818
v 0.91982 2.28485 0.56772
vn 1.394583 1.330294 0.5107339
vn 1.394583 1.330294 0.5107339
vn 1.394583 1.330294 0.5107339
vn 1.293041 1.311088 0.6342415
vn 1.293041 1.311088 0.6342415
vn 1.293041 1.311088 0.6342415
vn 1.01281 1.33029 0.5107361
vn 1.01281 1.33029 0.5107361
vn 1.01281 1.33029 0.5107361
vn 0.9622395 1.349761 0.5451356
vn 0.9622395 1.349761 0.5451356
vn 0.9622395 1.349761 0.5451356
vn 1.20369 1.296846 0.5435623
vn 1.203689 1.296846 0.543562
vn 1.203472 1.296846 0.5435675
vn 1.203472 1.296846 0.5435675
vn 1.20369 1.296846 0.5435624
vn 1.20369 1.296846 0.5435623
vn 1.394568 1.330255 0.5113091
vn 1.394568 1.330255 0.5113091
vn 1.394568 1.330255 0.5113091
vn 1.293096 1.310834 0.6326031
vn 1.293096 1.310834 0.6326031
vn 1.293096 1.310834 0.6326031
vn 1.012808 1.330256 0.5113084
vn 1.012808 1.330256 0.5113084
vn 1.012808 1.330256 0.5113084
vn 1.194363 2.450415 0.5782632
vn 1.194363 2.450415 0.5782632
vn 1.194363 2.450415 0.5782632
vn 1.394591 1.330286 0.5757937
vn 1.394591 1.330286 0.5757937
vn 1.394591 1.330286 0.5757937
vn 1.293082 1.31078 0.4544529
vn 1.293082 1.31078 0.4544529
vn 1.293082 1.31078 0.4544529
vn 1.012806 1.33028 0.5758042
vn 1.012806 1.33028 0.5758042
vn 1.012806 1.33028 0.5758042
vn 1.19437 2.450394 0.5081138
vn 1.19437 2.450394 0.5081138
vn 1.19437 2.450394 0.5081138
vn 1.394517 1.330431 0.5785453
vn 1.394517 1.330431 0.5785453
vn 1.394517 1.330431 0.5785453
vn 1.292906 1.311965 0.4470807
vn 1.292906 1.311965 0.4470807
vn 1.292906 1.311965 0.4470807
vn 1.012863 1.330431 0.5785453
vn 1.012863 1.330431 0.5785453
vn 1.012863 1.330431 0.5785453
vn 1.114477 1.311957 0.4471228
vn 1.114477 1.311957 0.4471228
vn 1.114477 1.311957 0.4471228
vn 1.394512 1.330427 0.5785166
vn 1.394512 1.330427 0.5785166
vn 1.394512 1.330427 0.5785166
vn 1.292894 1.311968 0.4470516
vn 1.292894 1.311968 0.4470516
vn 1.292894 1.311968 0.4470516
vn 1.012868 1.330427 0.5785166
vn 1.012868 1.330427 0.5785166
vn 1.012868 1.330427 0.5785166
vn 1.114486 1.311968 0.4470516
vn 1.114486 1.311968 0.4470516
vn 1.114486 1.311968 0.4470516
vn 1.424607 1.341973 0.5077534
vn 1.424607 1.341973 0.5077534
vn 1.424607 1.341973 0.5077534
vn 1.284413 1.444205 0.9200922
vn 1.284413 1.444205 0.9200923
vn 1.284413 1.444205 0.9200922
vn 0.9827952 1.341964 0.5077507
vn 0.9827952 1.341964 0.5077507
vn 0.9827952 1.341964 0.5077507
vn 1.192691 2.449964 0.584632
vn 1.192691 2.449964 0.584632
vn 1.192691 2.449964 0.584632
vn 1.424578 1.341985 0.5793305
vn 1.424578 1.341985 0.5793304
vn 1.424578 1.341985 0.5793305
vn 1.284406 1.443974 0.166896
vn 1.284406 1.443974 0.166896
vn 1.284406 1.443974 0.166896
vn 0.9828204 1.341978 0.57934
vn 0.9828205 1.341978 0.57934
vn 0.9828205 1.341978 0.57934
vn 1.192638 2.449935 0.5017019
vn 1.192638 2.449935 0.5017019
vn 1.192638 2.449935 0.5017019
vn 1.20369 1.873996 -0.0339874
vn 1.20369 1.873996 -0.0339874
vn 1.20369 1.873996 -0.0339874
vn 1.20369 1.873996 -0.0339874
vn 1.20369 1.873996 -0.0339874
vn 1.20369 1.873996 -0.0339874
vn 1.78104 1.874196 0.5433629
vn 1.78104 1.874196 0.5433629
vn 1.78104 1.874196 0.5433629
vn 1.78104 1.874196 0.5433629
vn 1.78104 1.874196 0.5433629
vn 1.78104 1.874196 0.5433629
vn 1.20369 1.874395 1.120713
vn 1.20369 1.874395 1.120713
vn 1.20369 1.874395 1.120713
vn 1.20369 1.874395 1.120713
vn 0.6263399 1.874196 0.5433629
vn 0.6263399 1.874196 0.5433629
vn 0.6263399 1.874196 0.5433629
vn 0.6263399 1.874196 0.5433629
vn 0.6263399 1.874196 0.5433629
vn 0.6263523 1.874197 0.5471501
vn 0.6263523 1.874197 0.5471497
vn 0.6263523 1.874197 0.5471497
vn 0.6263523 1.874197 0.54715
vn 0.6263399 1.874196 0.5433629
vn 0.6263399 1.874196 0.5433629
vn 0.6263399 1.874196 0.5433629
vn 0.6263399 1.874196 0.5433629
vn 0.6263399 1.874198 0.5433629
vn 0.6263399 1.874198 0.5433629
vn 0.6263399 1.874196 0.5433629
vn 0.6263399 1.874196 0.5433629
vn 0.6263399 1.874196 0.5433629
vn 0.6263399 1.874196 0.5433629
vn 0.6263399 1.874196 0.5433629
vn 1.772686 1.874162 0.4455004
vn 1.772686 1.874161 0.4454994
vn 1.772686 1.874161 0.4454994
vn 1.772686 1.874162 0.4455005
vn 1.772686 1.874162 0.4455005
vn 1.772686 1.874162 0.4455005
vn 1.608899 1.874338 0.9546278
vn 1.608895 1.874338 0.9546319
vn 1.608895 1.874338 0.9546319
vn 1.608899 1.874338 0.9546276
vn 1.608915 1.874338 0.9546123
vn 1.608915 1.874338 0.9546119
vn 0.6346939 1.874162 0.445503
vn 0.634694 1.874162 0.4455023
vn 0.634694 1.874162 0.4455023
vn 0.6346939 1.874162 0.445503
vn 0.634694 1.874162 0.4455024
vn 0.634694 1.874162 0.4455023
vn 1.20369 1.296846 0.5435624
vn 1.20369 1.296846 0.5435619
vn 1.20369 1.296846 0.5435623
vn 1.20369 1.296846 0.5435621
vn 1.203692 1.296846 0.5435622
vn 1.203693 1.296846 0.5435625
vn 1.20369 2.451546 0.5431693
vn 1.20369 2.451546 0.5431695
vn 1.20369 2.451546 0.543164
vn 1.20369 2.451546 0.5431638
vn 1.20369 1.874396 1.120713
vn 1.20369 1.874396 1.120713
vn 1.20369 1.874396 1.120713
vn 1.20369 1.874396 1.120713
vn 0.6263399 1.874196 0.5433629
vn 0.6263399 1.874196 0.5433629
vn 0.6263399 1.874196 0.5433629
vn 0.6263399 1.874196 0.5433629
vn 0.6263399 1.874196 0.5433629
vn 0.6263399 1.874196 0.5433629
vn 0.6263399 1.874196 0.5433629
vn 0.6263399 1.874196 0.5433629
vn 1.20369 2.451546 0.5431634
vn 1.20369 2.451546 0.5431633
vn 1.20369 2.451546 0.5431635
vn 1.20369 2.451546 0.5431637
vn 1.20369 1.873996 -0.0339874
vn 1.20369 1.873996 -0.0339874
vn 1.20369 1.873996 -0.0339874
vn 1.20369 1.873996 -0.0339874
vn 1.20369 1.296846 0.5435627
vn 1.20369 1.296846 0.5435628
vn 1.20369 1.296846 0.5435625
vn 1.20369 1.296846 0.5435624
vn 1.20369 1.296846 0.5435624
vn 1.20369 1.296846 0.5435624
vn 1.20369 1.296846 0.5435624
vn 1.20369 1.296846 0.5435624
vn 1.20369 2.451546 0.5431637
vn 1.20369 2.451546 0.5431637
vn 1.20369 2.451546 0.5431637
vn 1.20369 2.451546 0.5431637
vn 1.20369 1.873996 -0.0339874
vn 1.20369 1.873996 -0.0339874
vn 1.20369 1.873996 -0.0339874
vn 1.20369 1.873996 -0.0339874
vn 1.20369 1.874395 1.120713
vn 1.20369 1.874395 1.120713
vn 1.20369 1.874395 1.120713
vn 1.20369 1.874395 1.120713
vn 1.20369 1.874395 1.120713
vn 1.20369 1.874395 1.120713
vn 1.78104 1.874196 0.5433629
vn 1.78104 1.874196 0.5433629
vn 1.78104 1.874196 0.5433629
vn 1.78104 1.874196 0.5433629
vn 1.78104 1.874196 0.5433629
vn 1.78104 1.874196 0.5433629
vn 1.20369 1.296846 0.5435624
vn 1.20369 1.296846 0.5435619
vn 1.20369 1.296846 0.5435565
vn 1.20369 1.296846 0.5435619
vn 1.20369 1.873996 -0.0339874
vn 1.20369 1.873996 -0.0339874
vn 1.20369 1.873996 -0.0339874
vn 1.20369 1.873996 -0.0339874
vn 1.20369 1.873996 -0.0339874
vn 1.20369 1.873996 -0.0339874
vn 1.78104 1.874196 0.5433629
vn 1.78104 1.874196 0.5433629
vn 1.78104 1.874196 0.5433629
vn 1.78104 1.874196 0.5433629
vn 1.78104 1.874196 0.5433629
vn 1.78104 1.874196 0.5433629
vn 1.20369 1.874396 1.120713
vn 1.20369 1.874396 1.120713
vn 1.20369 1.874396 1.120713
vn 1.20369 1.874396 1.120713
vn 0.6263399 1.874196 0.5433629
vn 0.6263399 1.874196 0.5433629
vn 0.6263399 1.874196 0.5433629
vn 0.6263399 1.874196 0.5433629
vn 0.6263399 1.874196 0.5433629
vn 0.6263399 1.874196 0.5433629
vn 1.772972 1.874162 0.4471778
vn 1.772972 1.874163 0.4471774
vn 1.772972 1.874163 0.4471773
vn 1.772972 1.874162 0.4471779
vn 1.772972 1.874163 0.4471794
vn 1.772972 1.874163 0.4471795
vn 1.612569 1.874337 0.9509794
vn 1.612563 1.874337 0.9509859
vn 1.612563 1.874337 0.950986
vn 1.612569 1.874337 0.9509792
vn 1.612579 1.874336 0.9509699
vn 1.612579 1.874336 0.9509698
vn 1.055386 1.874389 1.101341
vn 1.055468 1.874389 1.101362
vn 1.055469 1.874389 1.101363
vn 1.055386 1.874389 1.101341
vn 1.055467 1.874389 1.101362
vn 1.055468 1.874389 1.101362
vn 0.6344079 1.874163 0.4471803
vn 0.6344078 1.874163 0.447181
vn 0.6344078 1.874163 0.447181
vn 0.6344079 1.874163 0.4471804
vn 0.6344078 1.874162 0.4471811
vn 0.6344078 1.874162 0.4471813
vn 1.20369 1.296846 0.5435622
vn 1.203711 1.296846 0.5435628
vn 1.203693 1.296846 0.5435623
vn 1.20369 1.296846 0.5435623
vn 1.20369 1.296846 0.5435624
vn 1.20369 1.296846 0.5435622
vn 1.20367 1.296846 0.5435623
vn 1.203669 1.296846 0.5435625
vn 1.20369 2.451546 0.5431607
vn 1.20369 2.451546 0.5431607
vn 1.20369 2.451546 0.5431629
vn 1.20369 2.451546 0.5431631
vn 1.20369 1.874396 1.120713
vn 1.20369 1.874396 1.120713
vn 1.20369 1.874396 1.120713
vn 1.20369 1.874396 1.120713
vn 0.6263399 1.874195 0.5433629
vn 0.6263399 1.874197 0.5433629
vn 0.6263399 1.874196 0.5433629
vn 0.6263399 1.874195 0.5433629
vn 0.6263399 1.874196 0.5433629
vn 0.6263399 1.874196 0.5433629
vn 0.6263399 1.874196 0.5433629
vn 0.6263399 1.874196 0.5433629
vn 1.20369 2.451546 0.5431635
vn 1.20369 2.451546 0.5431635
vn 1.20369 2.451546 0.5431635
vn 1.20369 2.451546 0.5431635
vn 1.20369 1.873996 -0.0339874
vn 1.20369 1.873996 -0.0339874
vn 1.20369 1.873996 -0.0339874
vn 1.20369 1.873996 -0.0339874
vn 1.20369 1.296846 0.5435625
vn 1.20369 1.296846 0.5435627
vn 1.20369 1.296846 0.5435624
vn 1.20369 1.296846 0.5435622
vn 1.20369 1.296846 0.5435624
vn 1.20369 1.296846 0.5435622
vn 1.20369 1.296846 0.5435625
vn 1.20369 1.296846 0.5435627
vn 1.20369 2.451546 0.5431635
vn 1.20369 2.451546 0.5431635
vn 1.20369 2.451546 0.5431635
vn 1.20369 2.451546 0.5431635
vn 1.20369 1.873996 -0.0339874
vn 1.20369 1.873996 -0.0339874
vn 1.20369 1.873996 -0.0339874
vn 1.20369 1.873996 -0.0339874
vn 1.20369 1.874395 1.120713
vn 1.20369 1.874395 1.120713
vn 1.20369 1.874395 1.120713
vn 1.20369 1.874395 1.120713
vn 1.20369 1.874396 1.120713
vn 1.20369 1.874396 1.120713
vn 1.78104 1.874196 0.5433629
vn 1.78104 1.874196 0.5433629
vn 1.78104 1.874196 0.5433629
vn 1.78104 1.874196 0.5433629
vn 1.78104 1.874196 0.5433629
vn 1.78104 1.874196 0.5433629
vn 1.20369 1.296846 0.5435623
vn 1.20369 1.296846 0.5435626
vn 1.20369 1.296846 0.5435594
vn 1.20369 1.296846 0.5435622
vn 1.20369 1.874395 1.120713
vn 1.20369 1.874395 1.120713
vn 1.20369 1.874395 1.120713
vn 1.20369 1.874395 1.120713
vn 1.20369 1.874396 1.120713
vn 1.20369 1.874396 1.120713
vn 1.78104 1.874196 0.5433629
vn 1.78104 1.874196 0.5433629
vn 1.78104 1.874196 0.5433629
vn 1.78104 1.874196 0.5433629
vn 1.78104 1.874196 0.5433629
vn 1.78104 1.874196 0.5433629
vn 1.20369 1.873996 -0.0339874
vn 1.20369 1.873996 -0.0339874
vn 1.20369 1.873996 -0.0339874
vn 1.20369 1.873996 -0.0339874
vn 0.6263399 1.874196 0.5433629
vn 0.6263399 1.874196 0.5433629
vn 0.6263399 1.874196 0.5433629
vn 0.6263399 1.874196 0.5433629
vn 0.6263399 1.874196 0.5433629
vn 0.6263399 1.874196 0.5433629
vn 1.772972 1.874229 0.6395477
vn 1.772972 1.874229 0.6395481
vn 1.772972 1.874229 0.6395482
vn 1.772972 1.874229 0.6395479
vn 1.772971 1.87423 0.639551
vn 1.772971 1.87423 0.6395513
vn 1.612558 1.874055 0.1357352
vn 1.612563 1.874055 0.1357397
vn 1.612563 1.874055 0.1357397
vn 1.612558 1.874055 0.1357354
vn 1.612571 1.874055 0.1357476
vn 1.612571 1.874055 0.1357479
vn 1.055478 1.874003 -0.01463944
vn 1.055365 1.874002 -0.01460922
vn 1.055366 1.874002 -0.01460952
vn 1.055479 1.874003 -0.01463962
vn 1.055404 1.874003 -0.01461959
vn 1.055403 1.874003 -0.01461947
vn 0.6344082 1.874229 0.6395468
vn 0.6344082 1.874229 0.6395468
vn 0.6344082 1.874229 0.6395468
vn 0.6344082 1.874229 0.6395468
vn 0.6344081 1.874229 0.6395459
vn 0.634408 1.874229 0.6395459
vn 1.20369 1.296846 0.5435622
vn 1.203688 1.296846 0.5435624
vn 1.203698 1.296846 0.5435626
vn 1.20369 1.296846 0.5435623
vn 1.20369 1.296846 0.5435625
vn 1.20369 1.296846 0.5435624
vn 1.203683 1.296846 0.5435619
vn 1.203683 1.296846 0.5435629
vn 1.20369 2.451546 0.5431607
vn 1.20369 2.451546 0.5431631
vn 1.20369 2.451546 0.5431629
vn 1.20369 2.451546 0.5431607
vn 1.20369 1.873996 -0.0339874
vn 1.20369 1.873996 -0.0339874
vn 1.20369 1.873996 -0.0339874
vn 1.20369 1.873996 -0.0339874
vn 0.6263399 1.874196 0.5433629
vn 0.6263399 1.874197 0.5433629
vn 0.6263399 1.874195 0.5433629
vn 0.6263399 1.874195 0.5433629
vn 0.6263399 1.874196 0.5433629
vn 0.6263399 1.874196 0.5433629
vn 0.6263399 1.874196 0.5433629
vn 0.6263399 1.874196 0.5433629
vn 1.20369 2.451546 0.5431632
vn 1.20369 2.451546 0.5431635
vn 1.20369 2.451546 0.5431633
vn 1.20369 2.451546 0.543163
vn 1.20369 1.874395 1.120713
vn 1.20369 1.874395 1.120713
vn 1.20369 1.874395 1.120713
vn 1.20369 1.874395 1.120713
vn 1.20369 1.296846 0.5435622
vn 1.20369 1.296846 0.5435627
vn 1.20369 1.296846 0.5435622
vn 1.20369 1.296846 0.5435617
vn 1.20369 1.296846 0.5435625
vn 1.20369 1.296846 0.5435622
vn 1.20369 1.296846 0.5435624
vn 1.20369 1.296846 0.5435627
vn 1.20369 2.451546 0.5431635
vn 1.20369 2.451546 0.543164
vn 1.20369 2.451546 0.5431635
vn 1.20369 2.451546 0.543163
vn 1.20369 1.874396 1.120713
vn 1.20369 1.874396 1.120713
vn 1.20369 1.874396 1.120713
vn 1.20369 1.874396 1.120713
vn 1.20369 1.873996 -0.0339874
vn 1.20369 1.873996 -0.0339874
vn 1.20369 1.873996 -0.0339874
vn 1.20369 1.873996 -0.0339874
vn 1.20369 1.873996 -0.0339874
vn 1.20369 1.873996 -0.0339874
vn 1.78104 1.874196 0.5433629
vn 1.78104 1.874196 0.5433629
vn 1.78104 1.874196 0.5433629
vn 1.78104 1.874196 0.5433629
vn 1.78104 1.874195 0.5433629
vn 1.78104 1.874195 0.5433629
vn 1.20369 1.296846 0.5435622
vn 1.20369 1.296846 0.5435625
vn 1.20369 1.296846 0.543565
vn 1.20369 1.296846 0.5435626
vn 1.20369 1.874395 1.120713
vn 1.20369 1.874394 1.120713
vn 1.20369 1.874394 1.120713
vn 1.20369 1.874395 1.120713
vn 1.20369 1.874396 1.120713
vn 1.20369 1.874396 1.120713
vn 1.78104 1.874196 0.5433629
vn 1.78104 1.874196 0.5433629
vn 1.78104 1.874196 0.5433629
vn 1.78104 1.874196 0.5433629
vn 1.78104 1.874196 0.5433629
vn 1.78104 1.874196 0.5433629
vn 1.20369 1.873996 -0.0339874
vn 1.20369 1.873996 -0.0339874
vn 1.20369 1.873996 -0.0339874
vn 1.20369 1.873996 -0.0339874
vn 0.6263399 1.874196 0.5433629
vn 0.6263399 1.874196 0.5433629
vn 0.6263399 1.874196 0.5433629
vn 0.6263399 1.874196 0.5433629
vn 0.6263399 1.874196 0.5433629
vn 0.6263399 1.874196 0.5433629
vn 1.771572 1.874232 0.647496
vn 1.771572 1.874232 0.6474946
vn 1.771572 1.874232 0.6474946
vn 1.771572 1.874232 0.647496
vn 1.771572 1.874232 0.6474947
vn 1.771572 1.874232 0.6474946
vn 1.595539 1.874049 0.1193493
vn 1.595559 1.874049 0.1193673
vn 1.595559 1.874049 0.1193672
vn 1.595539 1.874049 0.1193492
vn 1.595544 1.874049 0.1193536
vn 1.595544 1.874049 0.1193536
vn 0.8118197 1.874049 0.119369
vn 0.811837 1.874049 0.1193529
vn 0.811837 1.874049 0.119353
vn 0.8118196 1.874049 0.119369
vn 0.8118317 1.87405 0.1193578
vn 0.8118318 1.87405 0.1193578
vn 0.6358078 1.874232 0.6474922
vn 0.6358081 1.874232 0.6474939
vn 0.6358081 1.874232 0.6474938
vn 0.6358078 1.874232 0.6474922
vn 0.6358078 1.874232 0.6474922
vn 0.6358078 1.874232 0.6474922
vn 1.20369 1.296846 0.5435625
vn 1.203709 1.296846 0.5435627
vn 1.203682 1.296846 0.5435619
vn 1.20369 1.296846 0.5435622
vn 1.20369 1.296846 0.5435621
vn 1.20369 1.296846 0.5435617
vn 1.203672 1.296846 0.5435625
vn 1.203701 1.296846 0.5435627
vn 1.20369 2.451546 0.5431676
vn 1.20369 2.451546 0.5431617
vn 1.20369 2.451546 0.5431619
vn 1.20369 2.451546 0.5431678
vn 1.20369 1.873996 -0.0339874
vn 1.20369 1.873996 -0.0339874
vn 1.20369 1.873996 -0.0339874
vn 1.20369 1.873996 -0.0339874
vn 0.6263399 1.874196 0.5433629
vn 0.6263399 1.874196 0.5433629
vn 0.6263399 1.874196 0.5433629
vn 0.6263399 1.874196 0.5433629
vn 0.6263399 1.874196 0.5433629
vn 0.6263399 1.874196 0.5433629
vn 0.6263399 1.874196 0.5433629
vn 0.6263399 1.874196 0.5433629
vn 1.20369 2.451546 0.5431633
vn 1.20369 2.451546 0.5431636
vn 1.20369 2.451546 0.5431632
vn 1.20369 2.451546 0.5431628
vn 1.20369 1.874395 1.120713
vn 1.20369 1.874395 1.120713
vn 1.20369 1.874395 1.120713
vn 1.20369 1.874395 1.120713
vn 1.20369 1.296846 0.5435625
vn 1.20369 1.296846 0.5435629
vn 1.20369 1.296846 0.5435624
vn 1.20369 1.296846 0.5435621
vn 1.20369 1.296846 0.5435624
vn 1.20369 1.296846 0.5435621
vn 1.20369 1.296846 0.5435625
vn 1.20369 1.296846 0.5435629
vn 1.20369 2.451546 0.5431632
vn 1.20369 2.451546 0.5431628
vn 1.20369 2.451546 0.5431633
vn 1.20369 2.451546 0.5431636
vn 1.20369 1.874395 1.120713
vn 1.20369 1.874395 1.120713
vn 1.20369 1.874395 1.120713
vn 1.20369 1.874395 1.120713
vn 1.20369 1.873996 -0.0339874
vn 1.20369 1.873996 -0.0339874
vn 1.20369 1.873996 -0.0339874
vn 1.20369 1.873996 -0.0339874
vn 1.20369 1.873996 -0.0339874
vn 1.20369 1.873996 -0.0339874
vn 1.78104 1.874196 0.5433629
vn 1.78104 1.874195 0.5433629
vn 1.78104 1.874195 0.5433629
vn 1.78104 1.874196 0.5433629
vn 1.78104 1.874196 0.5433629
vn 1.78104 1.874196 0.5433629
vn 1.20369 1.296846 0.5435625
vn 1.20369 1.296846 0.5435621
vn 1.20369 1.296846 0.543564
vn 1.20369 1.296846 0.543564
vn 1.20369 1.874395 1.120713
vn 1.20369 1.874394 1.120713
vn 1.20369 1.874394 1.120713
vn 1.20369 1.874395 1.120713
vn 1.20369 1.874396 1.120713
vn 1.20369 1.874396 1.120713
vn 1.78104 1.874196 0.5433629
vn 1.78104 1.874196 0.5433629
vn 1.78104 1.874196 0.5433629
vn 1.78104 1.874196 0.5433629
vn 1.78104 1.874196 0.5433629
vn 1.78104 1.874196 0.5433629
vn 1.20369 1.873996 -0.0339874
vn 1.20369 1.873996 -0.0339874
vn 1.20369 1.873996 -0.0339874
vn 1.20369 1.873996 -0.0339874
vn 0.6263399 1.874195 0.5433629
vn 0.6263399 1.874196 0.5433629
vn 0.6263399 1.874195 0.5433629
vn 0.6263399 1.874196 0.5433629
vn 0.6263399 1.874196 0.5433629
vn 0.6263399 1.874196 0.5433629
vn 1.771572 1.874232 0.6474934
vn 1.771572 1.874231 0.6474949
vn 1.771572 1.874231 0.6474944
vn 1.771572 1.874232 0.6474932
vn 1.771573 1.874232 0.6474881
vn 1.771573 1.874232 0.6474879
vn 1.595588 1.874049 0.1193947
vn 1.5956 1.874049 0.1194056
vn 1.5956 1.874049 0.1194056
vn 1.595589 1.874049 0.1193947
vn 1.595582 1.874049 0.1193888
vn 1.595583 1.874049 0.1193894
vn 0.8117461 1.874049 0.119437
vn 0.8118163 1.874049 0.119372
vn 0.811816 1.874049 0.1193724
vn 0.811746 1.874049 0.1194371
vn 0.8118311 1.874049 0.1193584
vn 0.8118318 1.874049 0.1193578
vn 0.6358069 1.874232 0.647487
vn 0.6358078 1.874232 0.6474923
vn 0.6358078 1.874232 0.6474921
vn 0.6358068 1.874232 0.6474869
vn 0.6358067 1.874232 0.6474863
vn 0.6358066 1.874232 0.6474859
vn 1.20369 1.296846 0.5435631
vn 1.203654 1.296846 0.5435632
vn 1.203678 1.296846 0.5435619
vn 1.20369 1.296846 0.5435629
vn 1.20369 1.296846 0.5435621
vn 1.20369 1.296846 0.5435624
vn 1.203726 1.296846 0.5435629
vn 1.203701 1.296846 0.5435621
vn 1.20369 2.451546 0.5431676
vn 1.20369 2.451546 0.5431617
vn 1.20369 2.451546 0.5431619
vn 1.20369 2.451546 0.5431678
vn 1.20369 1.873995 -0.0339874
vn 1.20369 1.873995 -0.0339874
vn 1.20369 1.873995 -0.0339874
vn 1.20369 1.873995 -0.0339874
vn 0.6263399 1.874196 0.5433629
vn 0.6263399 1.874196 0.5433629
vn 0.6263399 1.874196 0.5433629
vn 0.6263399 1.874196 0.5433629
vn 0.6263399 1.874196 0.5433629
vn 0.6263399 1.874196 0.5433629
vn 0.6263399 1.874196 0.5433629
vn 0.6263399 1.874196 0.5433629
vn 1.20369 2.451546 0.5431633
vn 1.20369 2.451546 0.5431636
vn 1.20369 2.451546 0.5431632
vn 1.20369 2.451546 0.5431628
vn 1.20369 1.874395 1.120713
vn 1.20369 1.874395 1.120713
vn 1.20369 1.874395 1.120713
vn 1.20369 1.874395 1.120713
vn 1.20369 1.296846 0.5435629
vn 1.20369 1.296846 0.5435629
vn 1.20369 1.296846 0.5435629
vn 1.20369 1.296846 0.5435629
vn 1.20369 1.296846 0.5435625
vn 1.20369 1.296846 0.5435629
vn 1.20369 1.296846 0.5435624
vn 1.20369 1.296846 0.5435621
vn 1.20369 2.451546 0.5431628
vn 1.20369 2.451546 0.5431628
vn 1.20369 2.451546 0.5431628
vn 1.20369 2.451546 0.5431628
vn 1.20369 1.874395 1.120713
vn 1.20369 1.874395 1.120713
vn 1.20369 1.874395 1.120713
vn 1.20369 1.874395 1.120713
vn 1.20369 1.873996 -0.0339874
vn 1.20369 1.873996 -0.0339874
vn 1.20369 1.873996 -0.0339874
vn 1.20369 1.873996 -0.0339874
vn 1.20369 1.873996 -0.0339874
vn 1.20369 1.873996 -0.0339874
vn 1.78104 1.874196 0.5433629
vn 1.78104 1.874196 0.5433629
vn 1.78104 1.874196 0.5433629
vn 1.78104 1.874196 0.5433629
vn 1.78104 1.874196 0.5433629
vn 1.78104 1.874196 0.5433629
vn 1.20369 1.296846 0.5435631
vn 1.20369 1.296846 0.5435621
vn 1.20369 1.296846 0.5435581
vn 1.20369 1.296846 0.543564
vn 1.20369 1.873996 -0.0339874
vn 1.20369 1.873996 -0.0339874
vn 1.20369 1.873996 -0.0339874
vn 1.20369 1.873996 -0.0339874
vn 1.20369 1.873996 -0.0339874
vn 1.20369 1.873996 -0.0339874
vn 1.78104 1.874196 0.5433629
vn 1.78104 1.874196 0.5433629
vn 1.78104 1.874196 0.5433629
vn 1.78104 1.874196 0.5433629
vn 1.78104 1.874196 0.5433629
vn 1.78104 1.874196 0.5433629
vn 1.20369 1.874395 1.120713
vn 1.20369 1.874395 1.120713
vn 1.20369 1.874395 1.120713
vn 1.20369 1.874395 1.120713
vn 0.6263399 1.874195 0.5433629
vn 0.6263399 1.874195 0.5433629
vn 0.6263399 1.874196 0.5433629
vn 0.6263399 1.874196 0.5433629
vn 0.6263399 1.874196 0.5433629
vn 0.6263399 1.874196 0.5433629
vn 1.773616 1.874164 0.4510692
vn 1.773616 1.874163 0.4510691
vn 1.773616 1.874163 0.4510691
vn 1.773616 1.874164 0.4510692
vn 1.773616 1.874164 0.4510685
vn 1.773616 1.874164 0.4510685
vn 1.324718 1.874391 1.107885
vn 1.324694 1.874391 1.10789
vn 1.324693 1.874391 1.107891
vn 1.324718 1.874391 1.107885
vn 1.324718 1.874391 1.107885
vn 1.324718 1.874391 1.107885
vn 1.055352 1.874389 1.101332
vn 1.055352 1.874389 1.101331
vn 1.055352 1.874389 1.101331
vn 1.055352 1.874389 1.101332
vn 1.055327 1.874388 1.101325
vn 1.055326 1.874388 1.101325
vn 0.6337649 1.874164 0.451067
vn 0.633765 1.874164 0.4510665
vn 0.633765 1.874164 0.4510665
vn 0.6337649 1.874164 0.451067
vn 0.6337649 1.874164 0.4510672
vn 0.6337649 1.874164 0.4510673
vn 1.20369 1.296846 0.5435624
vn 1.203679 1.296846 0.5435622
vn 1.203665 1.296846 0.5435624
vn 1.20369 1.296846 0.5435628
vn 1.20369 1.296846 0.5435624
vn 1.20369 1.296846 0.5435622
vn 1.203701 1.296846 0.5435624
vn 1.203678 1.296846 0.5435621
vn 1.20369 2.451546 0.5431786
vn 1.20369 2.451546 0.5431789
vn 1.20369 2.451546 0.5431632
vn 1.20369 2.451546 0.5431631
vn 1.20369 1.874396 1.120713
vn 1.20369 1.874396 1.120713
vn 1.20369 1.874396 1.120713
vn 1.20369 1.874396 1.120713
vn 0.6263399 1.874196 0.5433629
vn 0.6263399 1.874195 0.5433629
vn 0.6263399 1.874195 0.5433629
vn 0.6263399 1.874197 0.5433629
vn 0.6263399 1.874196 0.5433629
vn 0.6263399 1.874196 0.5433629
vn 0.6263399 1.874196 0.5433629
vn 0.6263399 1.874196 0.5433629
vn 1.20369 2.451546 0.5431633
vn 1.20369 2.451546 0.5431635
vn 1.20369 2.451546 0.5431632
vn 1.20369 2.451546 0.543163
vn 1.20369 1.873996 -0.0339874
vn 1.20369 1.873996 -0.0339874
vn 1.20369 1.873996 -0.0339874
vn 1.20369 1.873996 -0.0339874
vn 1.20369 1.296846 0.5435627
vn 1.20369 1.296846 0.5435627
vn 1.20369 1.296846 0.5435627
vn 1.20369 1.296846 0.5435627
vn 1.20369 1.296846 0.5435625
vn 1.20369 1.296846 0.5435627
vn 1.20369 1.296846 0.5435624
vn 1.20369 1.296846 0.5435622
vn 1.20369 2.451546 0.5431633
vn 1.20369 2.451546 0.5431635
vn 1.20369 2.451546 0.5431632
vn 1.20369 2.451546 0.543163
vn 1.20369 1.873996 -0.0339874
vn 1.20369 1.873996 -0.0339874
vn 1.20369 1.873996 -0.0339874
vn 1.20369 1.873996 -0.0339874
vn 1.206179 1.874395 1.120708
vn 1.206179 1.874395 1.120708
vn 1.206179 1.874395 1.120708
vn 1.206179 1.874395 1.120708
vn 1.206179 1.874395 1.120708
vn 1.206179 1.874395 1.120708
vn 1.78104 1.874196 0.5433629
vn 1.78104 1.874196 0.5433629
vn 1.78104 1.874196 0.5433629
vn 1.78104 1.874196 0.5433629
vn 1.78104 1.874196 0.5433629
vn 1.78104 1.874196 0.5433629
vn 1.20369 1.296846 0.5435628
vn 1.20369 1.296846 0.5435793
vn 1.20369 1.296846 0.5435475
vn 1.20369 1.296846 0.5435622
vn 1.20369 1.874395 1.120713
vn 1.20369 1.874395 1.120713
vn 1.20369 1.874395 1.120713
vn 1.20369 1.874395 1.120713
vn 1.20369 1.874395 1.120713
vn 1.20369 1.874395 1.120713
vn 1.78104 1.874196 0.5433629
vn 1.78104 1.874195 0.5433629
vn 1.78104 1.874196 0.5433629
vn 1.78104 1.874196 0.5433629
vn 1.78104 1.874196 0.5433629
vn 1.78104 1.874196 0.5433629
vn 1.20369 1.873996 -0.0339874
vn 1.20369 1.873996 -0.0339874
vn 1.20369 1.873996 -0.0339874
vn 1.20369 1.873996 -0.0339874
vn 0.6263399 1.874196 0.5433629
vn 0.6263399 1.874196 0.5433629
vn 0.6263399 1.874196 0.5433629
vn 0.6263399 1.874196 0.5433629
vn 0.6263399 1.874196 0.5433629
vn 0.6263399 1.874196 0.5433629
vn 1.773616 1.874228 0.6356571
vn 1.773616 1.874227 0.6356577
vn 1.773616 1.874227 0.6356576
vn 1.773616 1.874228 0.6356571
vn 1.773616 1.874228 0.6356571
vn 1.773616 1.874228 0.6356571
vn 1.324696 1.874001 -0.0211643
vn 1.324694 1.874001 -0.02116477
vn 1.324694 1.874001 -0.02116477
vn 1.324696 1.874001 -0.0211643
vn 1.324695 1.874001 -0.0211646
vn 1.324695 1.874001 -0.0211646
vn 1.055329 1.874003 -0.01459962
vn 1.055352 1.874003 -0.0146057
vn 1.055351 1.874003 -0.0146057
vn 1.055329 1.874003 -0.01459962
vn 1.055329 1.874003 -0.01459968
vn 1.055329 1.874003 -0.01459968
vn 0.6337657 1.874228 0.6356636
vn 0.6337657 1.874228 0.6356636
vn 0.6337657 1.874228 0.6356636
vn 0.6337657 1.874228 0.6356636
vn 0.6337658 1.874228 0.635664
vn 0.6337658 1.874228 0.635664
vn 1.20369 1.296846 0.5435627
vn 1.203688 1.296846 0.5435623
vn 1.203702 1.296846 0.5435624
vn 1.20369 1.296846 0.5435624
vn 1.20369 1.296846 0.5435625
vn 1.20369 1.296846 0.5435621
vn 1.203703 1.296846 0.5435623
vn 1.203678 1.296846 0.5435628
vn 1.20369 2.451546 0.5431783
vn 1.20369 2.451546 0.5431464
vn 1.20369 2.451546 0.5431466
vn 1.20369 2.451546 0.5431789
vn 1.20369 1.873996 -0.0339874
vn 1.20369 1.873996 -0.0339874
vn 1.20369 1.873996 -0.0339874
vn 1.20369 1.873996 -0.0339874
vn 0.6263399 1.874196 0.5433629
vn 0.6263399 1.874196 0.5433629
vn 0.6263399 1.874196 0.5433629
vn 0.6263399 1.874196 0.5433629
vn 0.6263399 1.874196 0.5433629
vn 0.6263399 1.874196 0.5433629
vn 0.6263399 1.874196 0.5433629
vn 0.6263399 1.874196 0.5433629
vn 1.20369 2.451546 0.5431634
vn 1.20369 2.451546 0.5431632
vn 1.20369 2.451546 0.5431634
vn 1.20369 2.451546 0.5431636
vn 1.20369 1.874396 1.120713
vn 1.20369 1.874396 1.120713
vn 1.20369 1.874396 1.120713
vn 1.20369 1.874396 1.120713
vn 1.20369 1.296846 0.5435626
vn 1.20369 1.296846 0.5435621
vn 1.20369 1.296846 0.5435625
vn 1.20369 1.296846 0.5435629
vn 1.20369 1.296846 0.5435624
vn 1.20369 1.296846 0.5435621
vn 1.20369 1.296846 0.5435623
vn 1.20369 1.296846 0.5435625
vn 1.20369 2.451546 0.5431634
vn 1.20369 2.451546 0.5431632
vn 1.20369 2.451546 0.5431634
vn 1.20369 2.451546 0.5431636
vn 1.20369 1.874396 1.120713
vn 1.20369 1.874396 1.120713
vn 1.20369 1.874396 1.120713
vn 1.20369 1.874396 1.120713
vn 1.206179 1.873996 -0.03398204
vn 1.206179 1.873996 -0.03398204
vn 1.206179 1.873996 -0.03398204
vn 1.206179 1.873996 -0.03398204
vn 1.206179 1.873996 -0.03398204
vn 1.206179 1.873996 -0.03398204
vn 1.78104 1.874196 0.5433629
vn 1.78104 1.874196 0.5433629
vn 1.78104 1.874196 0.5433629
vn 1.78104 1.874196 0.5433629
vn 1.78104 1.874196 0.5433629
vn 1.78104 1.874196 0.5433629
vn 1.20369 1.296846 0.5435627
vn 1.20369 1.296846 0.5435625
vn 1.20369 1.296846 0.543573
vn 1.20369 1.296846 0.5435626
vn 0.6263399 1.874196 0.5433629
vn 0.6263399 1.874195 0.5433629
vn 0.6263399 1.874196 0.5433629
vn 0.6263399 1.874196 0.5433629
vn 0.6263399 1.874196 0.5433629
vn 0.6263399 1.874196 0.5433629
vn 0.6263399 1.874196 0.5433629
vn 0.6263399 1.874196 0.5433629
vn 0.6263399 1.874194 0.5433629
vn 0.6263399 1.874198 0.5433629
vn 0.6263399 1.874196 0.5433629
vn 0.6263399 1.874197 0.5433629
vn 0.6263399 1.874195 0.5433629
vn 0.6263399 1.874196 0.5433629
vn 0.6263399 1.874196 0.5433629
vn 0.6263399 1.874196 0.5433629
vn 0.6263399 1.874196 0.5433629
vn 0.6263399 1.874198 0.5433629
vn 0.6263399 1.874198 0.5433629
vn 0.6263399 1.874196 0.5433629
vn 0.6263399 1.874196 0.5433629
vn 0.6263399 1.874196 0.5433629
vn 0.6263399 1.874196 0.5433629
vn 0.6263399 1.874196 0.5433629
vn 0.6263399 1.874196 0.5433629
vn 0.6263399 1.874196 0.5433629
vn 0.6263399 1.874196 0.5433629
vn 0.6263399 1.874196 0.5433629
vn 0.6263399 1.874196 0.5433629
vn 0.6263399 1.874196 0.5433629
vn 0.6263399 1.874196 0.5433629
vn 0.6263399 1.874196 0.5433629
vn 0.6263399 1.874196 0.5433629
vn 0.6263399 1.874198 0.5433629
vn 0.6263399 1.874196 0.5433629
vn 0.6263399 1.874196 0.5433629
vn 0.6263399 1.874203 0.5433629
vn 0.6263399 1.874196 0.5433629
vn 0.6263399 1.874196 0.5433629
vn 0.6263399 1.874195 0.5433629
vn 0.6263399 1.874192 0.5433629
vn 0.6263399 1.874193 0.5433629
vn 0.6263399 1.874196 0.5433629
vn 0.6263399 1.874196 0.5433629
vn 0.6263399 1.874196 0.5433629
vn 0.6263399 1.874196 0.5433629
vn 0.6263399 1.874196 0.5433629
vn 0.6263399 1.874196 0.5433629
vn 0.6263399 1.874196 0.5433629
vn 0.6263399 1.874196 0.5433629
vn 0.6263399 1.874196 0.5433629
vn 0.6263399 1.874199 0.5433629
vn 0.6263399 1.874196 0.5433629
vn 0.6263399 1.8742 0.5433629
vn 0.6263399 1.874196 0.5433629
vn 0.6263399 1.874196 0.5433629
vn 0.6263399 1.874196 0.5433629
vn 0.6263399 1.874196 0.5433629
vn 0.6263399 1.874196 0.5433629
vn 0.6263399 1.874196 0.5433629
vn 0.6263399 1.874196 0.5433629
vn 0.6263399 1.874196 0.5433629
vn 0.6263399 1.874195 0.5433629
vn 0.6263399 1.874194 0.5433629
vn 0.6263399 1.874198 0.5433629
vn 0.6263399 1.874196 0.5433629
vn 0.6263399 1.874196 0.5433629
vn 0.6263399 1.874196 0.5433629
vn 0.6263399 1.874195 0.5433629
vn 0.6263399 1.874195 0.5433629
vn 0.6263399 1.874196 0.5433629
vn 0.6263399 1.874196 0.5433629
vn 0.6263399 1.874196 0.5433629
vn 0.6263399 1.874196 0.5433629
vn 0.6263399 1.874196 0.5433629
vn 0.6263399 1.874195 0.5433629
vn 0.6263399 1.874198 0.5433629
vn 0.6263399 1.874196 0.5433629
vn 0.6263399 1.874193 0.5433629
vn 0.6263399 1.874196 0.5433629
vn 0.6263399 1.8742 0.5433629
vn 0.6263399 1.874196 0.5433629
vn 0.6263399 1.874196 0.5433629
vn 0.6263399 1.874196 0.5433629
vt 0.9402055 0.2696892
vt 0.9376466 0.2648018
vt 0.9434893 0.2505976
vt 0.943441 0.5391119
vt 0.9376946 0.5407367
vt 0.9402116 0.5359297
vt 0.240687 0.2505973
vt 0.2465301 0.264802
vt 0.2439707 0.2696896
vt 0.2431102 0.5358489
vt 0.2457116 0.5408176
vt 0.2430885 0.5391381
vt 1.392294 0.113907
vt 1.39548 0.1324384
vt 1.39548 0.6771806
vt 1.39548 0.6771806
vt 1.39546 0.6803212
vt 1.392294 0.113907
vt 0.9402055 0.5678493
vt 0.9376459 0.5628731
vt 0.9434897 0.548411
vt 0.9434363 0.7641425
vt 0.9376993 0.7657939
vt 0.9402122 0.7609087
vt 0.2406865 0.5484111
vt 0.2465303 0.5628731
vt 0.2439709 0.5678492
vt 0.2439605 0.7791134
vt 0.2464467 0.7594178
vt 0.2407701 0.7799614
vt 0.9402062 0.989801
vt 0.943484 1.009202
vt 0.9376516 0.9947675
vt 0.9434363 0.793489
vt 0.9402122 0.7967228
vt 0.9376993 0.7918379
vt 0.240687 0.009218885
vt 0.2439708 -0.01021601
vt 0.2465298 -0.005240643
vt 0.2439605 0.7785185
vt 0.2407701 0.7776703
vt 0.2464467 0.7982138
vt 0.9402055 0.1407552
vt 0.9434901 0.1586678
vt 0.9376455 0.1453407
vt 0.9434415 0.01485476
vt 0.9402115 0.0178402
vt 0.9376941 0.01333064
vt 0.2406866 0.1586666
vt 0.2439709 0.1407564
vt 0.2465302 0.1453413
vt 0.2439649 0.01784008
vt 0.2407349 0.0148548
vt 0.2464819 0.01333076
vt 0.9402059 0.2939698
vt 0.9434871 0.3118643
vt 0.9376485 0.2985509
vt 0.9434403 0.1680609
vt 0.9402117 0.1710449
vt 0.9376953 0.1665373
vt 0.2406861 0.3118735
vt 0.2439709 0.2939607
vt 0.2465307 0.2985465
vt 0.2439649 0.1710456
vt 0.2407349 0.1680607
vt 0.2464819 0.1665366
vt 0.9402017 0.8005041
vt 0.9376127 0.7952534
vt 0.9435235 0.7799921
vt 0.9438534 0.003699542
vt 0.9372827 0.004103668
vt 0.9401608 0.002908073
vt 0.2406546 0.7799962
vt 0.246563 0.7952514
vt 0.2439749 0.8005
vt 0.2439607 0.007112456
vt 0.2464484 -0.01259237
vt 0.2407692 0.007960995
vt 0.940202 0.2404725
vt 0.9435209 0.2609664
vt 0.9376153 0.2457189
vt 0.9438537 0.009921267
vt 0.9401608 0.01071289
vt 0.9372824 0.00951711
vt 0.2406553 0.2609676
vt 0.2439749 0.2404713
vt 0.246562 0.2457183
vt 0.2439607 0.006508787
vt 0.2407692 0.005660263
vt 0.2464484 0.02621309
vt 0.3922932 0.6937472
vt -0.2081168 0.8722816
vt 0.3922932 0.8722816
vt -0.2081168 0.6937472
vt 0.3922932 0.01745585
vt -0.2081168 0.01745585
vt 0.1285908 0.6937472
vt 0.6733327 0.8722818
vt 0.1285908 0.8722816
vt 0.6733327 0.6937472
vt 0.1285908 0.01745579
vt 0.6733327 0.01745579
vt 0.3216773 0.7233984
vt 0.01010524 0.7233984
vt 0.01010524 0.08703679
vt 0.3216773 0.08703679
vt 0.6674757 0.8722814
vt 0.7003246 0.8722814
vt 0.7003246 0.6937469
vt 0.6674757 0.6937469
vt 0.7003246 0.01745614
vt 0.6674757 0.01745614
vt 0.6643351 0.6937469
vt 0.6643351 0.01745614
vt 0.6643351 0.8722814
vt 0.6544813 0.6837475
vt 0.6544813 0.04738593
vt 0.1195937 0.01745614
vt 0.1294473 0.04738593
vt 0.1195937 0.6937469
vt 0.1294473 0.683747
vt 0.6544813 0.8451984
vt 0.1294473 0.8451984
vt 0.6544813 0.7037474
vt 0.1195937 0.8722812
vt 0.1294473 0.7037469
vt 0.2508099 0.6955684
vt 0.2694769 0.8754092
vt 0.2508099 0.8754092
vt 0.2694769 0.6955684
vt 0.2508099 0.01432824
vt 0.2694769 0.01432824
vt 0.943077 0.739759
vt 0.9393006 -0.06156297
vt 0.943077 -0.06156297
vt 0.9393006 0.739759
vt 0.943077 0.9513006
vt 0.9393006 0.9513006
vt 0.2508099 0.695568
vt 0.2694769 0.0143289
vt 0.2508099 0.0143289
vt 0.2694769 0.695568
vt 0.2508099 0.8754085
vt 0.2694769 0.8754085
vt 1.39546 0.6803212
vt 0.7918831 0.6803212
vt 1.392294 0.113907
vt 0.7918833 0.113907
vt 0.7886959 0.1324384
vt 0.7886959 0.6771806
vt 0.7910901 0.5305052
vt 0.7910901 0.5633543
vt 1.39467 0.5633543
vt 1.39467 0.5305052
vt 0.3216771 0.6803966
vt 0.01010539 0.6803966
vt 0.01010539 0.5389451
vt 0.3216771 0.5389451
vt 0.6634791 0.5389455
vt 0.1384443 0.538945
vt 0.1384443 0.6803967
vt 0.6634791 0.6803967
vt 0.6634789 0.08703673
vt 0.1384445 0.08703673
vt 0.1384445 0.7233982
vt 0.6634789 0.7233987
vt 0.3216773 0.1384445
vt 0.01010527 0.1384445
vt 0.01010527 0.6634789
vt 0.3216773 0.6634789
vt 0.3216772 0.08703682
vt 0.01010531 0.08703682
vt 0.01010531 0.7233986
vt 0.3216772 0.7233986
vt 0.3216773 0.6634789
vt 0.01010527 0.6634789
vt 0.01010527 0.1384445
vt 0.3216773 0.1384445
vt 0.3216773 0.6634789
vt 0.01010527 0.6634789
vt 0.01010527 0.1384445
vt 0.3216773 0.1384445
vt 0.3216773 0.1384445
vt 0.01010527 0.1384445
vt 0.01010527 0.6634789
vt 0.3216773 0.6634789
vt 0.3216776 0.5389453
vt 0.01010494 0.5389453
vt 0.01010494 0.6803967
vt 0.3216776 0.6803967
vt 0.7910916 0.6937471
vt 1.394668 0.8722817
vt 0.7910916 0.8722817
vt 1.394668 0.6937471
vt 0.7910916 0.01745591
vt 1.394668 0.01745591
vt 0.5305053 0.6937472
vt 0.5633543 0.8722818
vt 0.5305053 0.8722818
vt 0.5633543 0.6937472
vt 0.5305053 0.01745579
vt 0.5633543 0.01745579
vt 0.394668 0.5305053
vt 0.394668 0.5633543
vt -0.2089085 0.5633543
vt -0.2089085 0.5305053
vt 0.392293 0.5819023
vt -0.2081168 0.7604368
vt 0.392293 0.7604368
vt -0.2081168 0.5819023
vt 0.392293 0.3529906
vt -0.2081168 0.3529906
vt 0.4631973 0.5819023
vt 0.8617929 0.7604368
vt 0.4631973 0.7604368
vt 0.8617929 0.5819023
vt 0.4631973 0.3529906
vt 0.8617929 0.3529906
vt 0.3216771 0.6115538
vt 0.01010546 0.6115538
vt 0.01010546 0.4225714
vt 0.3216771 0.4225714
vt 0.7720002 0.7604356
vt 0.7832823 0.7604356
vt 0.7832823 0.5819021
vt 0.7720002 0.5819021
vt 0.7832823 0.3529918
vt 0.7720002 0.3529918
vt 0.5486314 0.5820801
vt 0.5676289 0.7618756
vt 0.5486314 0.7618756
vt 0.5676289 0.5820801
vt 0.5486314 0.3515518
vt 0.5676289 0.3515518
vt 0.7648426 0.5866468
vt 0.7610438 0.3146172
vt 0.7648426 0.3146172
vt 0.7610438 0.5866468
vt 0.7648426 0.7988102
vt 0.7610438 0.7988102
vt 0.2446085 0.5823349
vt 0.2413664 0.3494914
vt 0.2446085 0.3494914
vt 0.2413664 0.5823349
vt 0.2446085 0.7639359
vt 0.2413664 0.7639359
vt 0.5486315 0.5820801
vt 0.5676288 0.3515522
vt 0.5486315 0.3515522
vt 0.5676288 0.5820801
vt 0.5486315 0.7618752
vt 0.5676288 0.7618752
vt 1.392294 0.4427106
vt 1.39548 0.4615748
vt 1.39548 0.8846769
vt 1.392294 0.8855242
vt 0.7918829 0.4427106
vt 0.7918829 0.8633676
vt 0.7886958 0.4615748
vt 0.7886958 0.8601708
vt 0.7918866 0.7553828
vt 0.7918866 0.7888213
vt 1.39229 0.7888213
vt 1.39229 0.7775392
vt 0.3216775 0.6803967
vt 0.01010504 0.6803967
vt 0.01010504 0.5389453
vt 0.3216775 0.5389453
vt 0.8517625 0.5389453
vt 0.4732277 0.5389453
vt 0.4732277 0.6803967
vt 0.8517625 0.6803967
vt 0.851762 0.4225713
vt 0.4732282 0.4225713
vt 0.4732282 0.6115538
vt 0.851762 0.6115538
vt 0.3216772 0.4732282
vt 0.01010534 0.4732282
vt 0.01010534 0.8517619
vt 0.3216772 0.8517619
vt 0.3216771 0.4225714
vt 0.01010546 0.4225714
vt 0.01010546 0.6115538
vt 0.3216771 0.6115538
vt 0.3216773 0.851762
vt 0.0101053 0.851762
vt 0.0101053 0.4732282
vt 0.3216773 0.4732282
vt 0.3216773 0.8517621
vt 0.01010528 0.8517621
vt 0.01010528 0.4732281
vt 0.3216773 0.4732281
vt 0.3216773 0.4732282
vt 0.0101053 0.4732282
vt 0.0101053 0.851762
vt 0.3216773 0.851762
vt 0.3216776 0.5389453
vt 0.01010494 0.5389453
vt 0.01010494 0.6803967
vt 0.3216776 0.6803967
vt 0.7918832 0.5819023
vt 1.392293 0.7604368
vt 0.7918832 0.7604368
vt 1.392293 0.5819023
vt 0.7918832 0.3529907
vt 1.392293 0.3529907
vt 0.7553828 0.581902
vt 0.7888213 0.7604346
vt 0.7553828 0.7604346
vt 0.7888213 0.581902
vt 0.7553828 0.3529928
vt 0.7888213 0.3529928
vt 0.3922908 0.7775392
vt 0.3922908 0.7888213
vt -0.2081146 0.7888213
vt -0.2081146 0.7553828
vt 0.3922931 0.5819023
vt 0.3922931 0.7604369
vt -0.2081169 0.7604369
vt -0.2081169 0.5819023
vt 0.3922931 0.3529905
vt -0.2081169 0.3529905
vt 1.094434 0.5819023
vt 1.094434 0.760437
vt 0.6958386 0.760437
vt 0.6958386 0.5819023
vt 1.094434 0.3529904
vt 0.6958386 0.3529904
vt 0.3216771 0.6115538
vt 0.3216771 0.4225713
vt 0.01010542 0.4225713
vt 0.01010542 0.6115538
vt 0.7856314 0.7604322
vt 0.7743493 0.5819017
vt 0.7743493 0.7604322
vt 0.7856314 0.5819017
vt 0.7743493 0.3529952
vt 0.7856314 0.3529952
vt 0.009000076 0.5820799
vt 0.009000076 0.7618732
vt -0.009997204 0.7618732
vt -0.009997204 0.5820799
vt 0.009000076 0.3515541
vt -0.009997204 0.3515541
vt 0.792789 0.5866469
vt 0.792789 0.3146165
vt 0.7965878 0.3146165
vt 0.7965878 0.5866469
vt 0.792789 0.7988108
vt 0.7965878 0.7988108
vt 0.2446085 0.5823349
vt 0.2446085 0.3494911
vt 0.2413664 0.3494911
vt 0.2413664 0.5823349
vt 0.2446085 0.7639363
vt 0.2413664 0.7639363
vt 0.009000089 0.5820799
vt 0.009000089 0.3515539
vt -0.009997215 0.3515539
vt -0.009997215 0.5820799
vt 0.009000089 0.7618735
vt -0.009997215 0.7618735
vt 1.392294 0.6721074
vt 1.39548 0.6729549
vt 1.39548 1.096056
vt 1.392294 1.114922
vt 0.7918832 0.6942639
vt 0.7918832 1.114922
vt 0.788696 0.6974606
vt 0.788696 1.096056
vt 0.7918866 0.8022488
vt 1.39229 0.7800925
vt 1.39229 0.7688103
vt 0.7918866 0.7688103
vt 0.3216775 0.6803967
vt 0.3216775 0.5389453
vt 0.01010504 0.5389453
vt 0.01010504 0.6803967
vt 0.7058691 0.5389453
vt 0.7058691 0.6803967
vt 1.084404 0.6803967
vt 1.084404 0.5389453
vt 0.7058696 0.4225713
vt 0.7058696 0.6115538
vt 1.084404 0.6115538
vt 1.084404 0.4225713
vt 0.3216772 1.084404
vt 0.3216772 0.7058695
vt 0.01010531 0.7058695
vt 0.01010531 1.084404
vt 0.3216771 0.4225714
vt 0.3216771 0.6115538
vt 0.01010546 0.6115538
vt 0.01010546 0.4225714
vt 0.3216772 0.7058695
vt 0.3216772 1.084404
vt 0.01010531 1.084404
vt 0.01010531 0.7058695
vt 0.3216772 0.7058695
vt 0.3216772 1.084404
vt 0.01010531 1.084404
vt 0.01010531 0.7058695
vt 0.3216772 1.084404
vt 0.3216772 0.7058695
vt 0.01010531 0.7058695
vt 0.01010531 1.084404
vt 0.3216776 0.5389453
vt 0.3216776 0.6803967
vt 0.01010494 0.6803967
vt 0.01010494 0.5389453
vt 0.7918832 0.5819023
vt 0.7918832 0.7604367
vt 1.392293 0.7604367
vt 1.392293 0.5819023
vt 0.7918832 0.3529907
vt 1.392293 0.3529907
vt 0.8022487 0.581902
vt 0.8022487 0.7604343
vt 0.7688104 0.7604343
vt 0.7688104 0.581902
vt 0.8022487 0.3529931
vt 0.7688104 0.3529931
vt 0.3922905 0.7800925
vt -0.2081143 0.8022488
vt -0.2081143 0.7688103
vt 0.3922905 0.7688103
vt 0.3922931 0.6937472
vt 0.3922931 0.8722818
vt -0.2081169 0.8722818
vt -0.2081169 0.6937472
vt 0.3922931 0.01745582
vt -0.2081169 0.01745582
vt 0.2097002 0.6937472
vt 0.2097002 0.8722818
vt -0.04763624 0.8722818
vt -0.04763624 0.6937472
vt 0.2097002 0.01745573
vt -0.04763624 0.01745573
vt 0.3216773 0.7233987
vt 0.3216773 0.08703679
vt 0.0101053 0.08703679
vt 0.0101053 0.7233987
vt 0.02292771 0.8722854
vt -0.007883139 0.6937492
vt -0.007883139 0.8722854
vt 0.02292771 0.6937492
vt -0.007883139 0.01745221
vt 0.02292771 0.01745221
vt 0.1584744 0.6958127
vt 0.1584744 0.875829
vt 0.1409486 0.875829
vt 0.1409486 0.6958127
vt 0.1584744 0.01390859
vt 0.1409486 0.01390859
vt 0.9430484 0.7352964
vt 0.9430484 -0.05389912
vt 0.9393292 -0.05389912
vt 0.9393292 0.7352964
vt 0.9430484 0.9436367
vt 0.9393292 0.9436367
vt 0.2448471 0.7352787
vt 0.2448471 -0.05386861
vt 0.2411278 -0.05386861
vt 0.2411278 0.7352787
vt 0.2448471 0.9436061
vt 0.2411278 0.9436061
vt 0.1584744 0.6958131
vt 0.1584744 0.01390794
vt 0.1409486 0.01390794
vt 0.1409486 0.6958131
vt 0.1584744 0.8758296
vt 0.1409486 0.8758296
vt 1.392294 -0.05419116
vt 1.39548 -0.05124526
vt 1.39548 0.2060914
vt 1.392294 0.223473
vt 0.791883 -0.05419116
vt 0.791883 0.223473
vt 0.7886958 -0.05124526
vt 0.7886958 0.2060914
vt 0.7918804 0.02292771
vt 1.392296 0.02292771
vt 1.392296 -0.007883145
vt 0.7918804 -0.007883145
vt 0.3216775 0.6803967
vt 0.3216775 0.5389453
vt 0.01010504 0.5389453
vt 0.01010504 0.6803967
vt -0.03839408 0.5389452
vt -0.03839408 0.6803968
vt 0.2004581 0.6803968
vt 0.2004581 0.5389452
vt -0.03839383 0.0870364
vt -0.03839383 0.723399
vt 0.2004579 0.723399
vt 0.2004579 0.0870364
vt 0.3216774 0.2004579
vt 0.3216774 -0.03839385
vt 0.01010509 -0.03839385
vt 0.01010509 0.2004579
vt 0.3216773 0.08703679
vt 0.3216773 0.7233987
vt 0.0101053 0.7233987
vt 0.0101053 0.08703679
vt 0.3216774 -0.03839385
vt 0.3216774 0.2004579
vt 0.01010509 0.2004579
vt 0.01010509 -0.03839385
vt 0.3216774 -0.03839385
vt 0.3216774 0.2004579
vt 0.01010509 0.2004579
vt 0.01010509 -0.03839385
vt 0.3216774 0.2004579
vt 0.3216774 -0.03839385
vt 0.01010509 -0.03839385
vt 0.01010509 0.2004579
vt 0.3216775 0.5389453
vt 0.3216775 0.6803967
vt 0.01010503 0.6803967
vt 0.01010503 0.5389453
vt 0.7918832 0.693747
vt 0.7918832 0.8722815
vt 1.392293 0.8722815
vt 1.392293 0.693747
vt 0.7918832 0.01745608
vt 1.392293 0.01745608
vt 0.02292772 0.6937495
vt 0.02292772 0.8722858
vt -0.007883158 0.8722858
vt -0.007883158 0.6937495
vt 0.02292772 0.0174517
vt -0.007883158 0.0174517
vt 0.3922959 0.02292772
vt -0.2081197 0.02292772
vt -0.2081197 -0.007883156
vt 0.3922959 -0.007883156
vt 0.3922931 0.6937472
vt 0.3922931 0.8722818
vt -0.2081169 0.8722818
vt -0.2081169 0.6937472
vt 0.3922931 0.01745582
vt -0.2081169 0.01745582
vt 0.3629056 0.6937468
vt 0.3629056 0.8722812
vt 0.1055696 0.8722812
vt 0.1055696 0.6937468
vt 0.3629056 0.01745635
vt 0.1055696 0.01745635
vt 0.3216773 0.7233987
vt 0.3216773 0.08703679
vt 0.0101053 0.08703679
vt 0.0101053 0.7233987
vt 0.1761335 0.8722845
vt 0.1453227 0.6937487
vt 0.1453227 0.8722845
vt 0.1761335 0.6937487
vt 0.1453227 0.01745307
vt 0.1761335 0.01745307
vt 0.3116801 0.6958157
vt 0.3116801 0.8758342
vt 0.294154 0.8758342
vt 0.294154 0.6958157
vt 0.3116801 0.01390335
vt 0.294154 0.01390335
vt 0.9430485 0.7353073
vt 0.9430485 -0.0539179
vt 0.9393291 -0.0539179
vt 0.9393291 0.7353073
vt 0.9430485 0.9436555
vt 0.9393291 0.9436555
vt 0.2448471 0.7352896
vt 0.2448471 -0.05388738
vt 0.2411277 -0.05388738
vt 0.2411277 0.7352896
vt 0.2448471 0.943625
vt 0.2411277 0.943625
vt 0.3116801 0.6958159
vt 0.3116801 0.01390308
vt 0.294154 0.01390308
vt 0.294154 0.6958159
vt 0.3116801 0.8758345
vt 0.294154 0.8758345
vt 1.392294 0.09901455
vt 1.39548 0.1019602
vt 1.39548 0.359297
vt 1.392294 0.3766786
vt 0.7918828 0.09901455
vt 0.7918828 0.3766786
vt 0.7886956 0.1019602
vt 0.7886956 0.359297
vt 0.7918812 0.1761334
vt 1.392295 0.1761334
vt 1.392295 0.1453227
vt 0.7918812 0.1453227
vt 0.3216776 0.6803967
vt 0.3216776 0.5389453
vt 0.01010497 0.5389453
vt 0.01010497 0.6803967
vt 0.1148116 0.5389453
vt 0.1148116 0.6803967
vt 0.3536639 0.6803967
vt 0.3536639 0.5389453
vt 0.1148119 0.08703694
vt 0.1148119 0.7233985
vt 0.3536636 0.7233985
vt 0.3536636 0.08703694
vt 0.3216773 0.3536637
vt 0.3216773 0.1148118
vt 0.01010524 0.1148118
vt 0.01010524 0.3536637
vt 0.3216773 0.08703679
vt 0.3216773 0.7233987
vt 0.0101053 0.7233987
vt 0.0101053 0.08703679
vt 0.3216773 0.1148118
vt 0.3216773 0.3536637
vt 0.01010524 0.3536637
vt 0.01010524 0.1148118
vt 0.3216773 0.1148118
vt 0.3216773 0.3536637
vt 0.01010524 0.3536637
vt 0.01010524 0.1148118
vt 0.3216772 0.3536636
vt 0.3216772 0.1148119
vt 0.01010533 0.1148119
vt 0.01010533 0.3536636
vt 0.3216775 0.5389453
vt 0.3216775 0.6803967
vt 0.01010503 0.6803967
vt 0.01010503 0.5389453
vt 0.7918832 0.693747
vt 0.7918832 0.8722815
vt 1.392293 0.8722815
vt 1.392293 0.693747
vt 0.7918832 0.01745608
vt 1.392293 0.01745608
vt 0.1761335 0.693749
vt 0.1761335 0.8722849
vt 0.1453227 0.8722849
vt 0.1453227 0.693749
vt 0.1761335 0.01745272
vt 0.1453227 0.01745272
vt 0.3922953 0.1761335
vt -0.2081191 0.1761335
vt -0.2081191 0.1453227
vt 0.3922953 0.1453227
vt 0.3922935 0.5807966
vt -0.2081166 0.7919578
vt 0.3922935 0.7919578
vt -0.2081166 0.5807966
vt 0.3922935 0.2578669
vt -0.2081166 0.2578669
vt 0.6911285 0.5807966
vt 1.107288 0.7919577
vt 0.6911285 0.7919577
vt 1.107288 0.5807966
vt 0.6911285 0.257867
vt 1.107288 0.257867
vt 0.3216775 0.6158665
vt 0.01010555 0.6158665
vt 0.01010555 0.3401637
vt 0.3216775 0.3401637
vt -5.10877E-06 0.7919571
vt 0.01127694 0.7919571
vt 0.01127694 0.5807964
vt -5.10877E-06 0.5807964
vt 0.01127694 0.2578676
vt -5.10877E-06 0.2578676
vt 0.7803438 0.5811595
vt 0.8001524 0.793692
vt 0.7803438 0.793692
vt 0.8001524 0.5811595
vt 0.7803438 0.2561328
vt 0.8001524 0.2561328
vt 0.9428006 0.581426
vt 0.9395776 0.2548591
vt 0.9428006 0.2548591
vt 0.9395776 0.581426
vt 0.9428006 0.7949656
vt 0.9395776 0.7949656
vt 0.2446087 0.5817604
vt 0.2413668 0.2532613
vt 0.2446087 0.2532613
vt 0.2413668 0.5817604
vt 0.2446087 0.7965634
vt 0.2413668 0.7965634
vt 0.7803438 0.5811595
vt 0.8001524 0.2561327
vt 0.7803438 0.2561327
vt 0.8001524 0.5811595
vt 0.7803438 0.793692
vt 0.8001524 0.793692
vt 1.392293 -0.3238027
vt 1.395481 -0.3041219
vt 1.395481 0.1103246
vt 1.392293 0.1111719
vt 0.7918833 -0.3238027
vt 0.7918833 0.1127201
vt 0.7886962 -0.3041219
vt 0.7886962 0.112037
vt 0.7918839 0.001542993
vt 0.7918839 0.008688386
vt 1.392293 0.01127695
vt 1.392293 -5.114358E-06
vt 0.3216775 0.6842445
vt 0.01010552 0.6842445
vt 0.01010552 0.5169429
vt 0.3216775 0.5169429
vt 1.077484 0.516943
vt 0.7080395 0.516943
vt 0.7080395 0.6842444
vt 1.077484 0.6842444
vt 1.077485 0.3401636
vt 0.7080392 0.3401636
vt 0.7080392 0.6158665
vt 1.077485 0.6158665
vt 0.3216775 0.7080393
vt 0.01010551 0.7080393
vt 0.01010551 1.077485
vt 0.3216775 1.077485
vt 0.3216775 0.3401637
vt 0.01010555 0.3401637
vt 0.01010555 0.6158665
vt 0.3216775 0.6158665
vt 0.3216775 1.077485
vt 0.01010551 1.077485
vt 0.01010551 0.7080393
vt 0.3216775 0.7080393
vt 0.3216775 1.077485
vt 0.01010551 1.077485
vt 0.01010551 0.7080393
vt 0.3216775 0.7080393
vt 0.3216775 0.7080393
vt 0.01010551 0.7080393
vt 0.01010551 1.077485
vt 0.3216775 1.077485
vt 0.3216775 0.5169429
vt 0.01010552 0.5169429
vt 0.01010552 0.6842445
vt 0.3216775 0.6842445
vt 0.791882 0.5807968
vt 1.392295 0.791959
vt 0.791882 0.791959
vt 1.392295 0.5807968
vt 0.791882 0.2578657
vt 1.392295 0.2578657
vt 0.001803088 0.5807965
vt 0.008948488 0.7919576
vt 0.001803088 0.7919576
vt 0.008948488 0.5807965
vt 0.001803148 0.2578671
vt 0.008948548 0.2578671
vt 0.392293 -5.114824E-06
vt 0.392293 0.01127695
vt -0.2081161 0.008688445
vt -0.2081161 0.001543052
vt 0.3922932 0.5807966
vt 0.3922932 0.7919579
vt -0.2081165 0.7919579
vt -0.2081165 0.5807966
vt 0.3922932 0.2578669
vt -0.2081165 0.2578669
vt 0.3635124 0.5807966
vt 0.3635124 0.7919577
vt -0.1073401 0.7919577
vt -0.1073401 0.5807966
vt 0.3635124 0.2578669
vt -0.1073401 0.2578669
vt 0.3216775 0.6158665
vt 0.3216775 0.3401637
vt 0.01010555 0.3401637
vt 0.01010555 0.6158665
vt 0.01362622 0.7919577
vt 0.002343894 0.5807965
vt 0.002343894 0.7919577
vt 0.01362622 0.5807965
vt 0.002343894 0.257867
vt 0.01362622 0.257867
vt 0.2606237 0.5811594
vt 0.2606237 0.7936916
vt 0.2408153 0.7936916
vt 0.2408153 0.5811594
vt 0.2606237 0.2561331
vt 0.2408153 0.2561331
vt 0.9428006 0.581426
vt 0.9428006 0.2548591
vt 0.9395776 0.2548591
vt 0.9395776 0.581426
vt 0.9428006 0.7949656
vt 0.9395776 0.7949656
vt 0.2446087 0.5817605
vt 0.2446087 0.2532609
vt 0.2413668 0.2532609
vt 0.2413668 0.5817605
vt 0.2446087 0.7965639
vt 0.2413668 0.7965639
vt 0.2606237 0.5811595
vt 0.2606237 0.256133
vt 0.2408153 0.256133
vt 0.2408153 0.5811595
vt 0.2606237 0.7936918
vt 0.2408153 0.7936918
vt 1.392293 -0.1112241
vt 1.395481 -0.1103768
vt 1.395481 0.3587629
vt 1.392293 0.3784435
vt 0.7918833 -0.1127725
vt 0.7918833 0.3784435
vt 0.7886961 -0.1120894
vt 0.7886961 0.3587629
vt 0.7918835 0.01207774
vt 1.392293 0.01362622
vt 1.392293 0.002343892
vt 0.7918835 0.004932344
vt 0.3216775 0.6842445
vt 0.3216775 0.5169429
vt 0.01010552 0.5169429
vt 0.01010552 0.6842445
vt -0.07753696 0.5169429
vt -0.07753696 0.6842445
vt 0.3466016 0.6842445
vt 0.3466016 0.5169429
vt -0.07753696 0.3401637
vt -0.07753696 0.6158665
vt 0.3466016 0.6158665
vt 0.3466016 0.3401637
vt 0.3216775 0.3466016
vt 0.3216775 -0.07753697
vt 0.01010554 -0.07753697
vt 0.01010554 0.3466016
vt 0.3216775 0.3401637
vt 0.3216775 0.6158665
vt 0.01010555 0.6158665
vt 0.01010555 0.3401637
vt 0.3216775 -0.07753697
vt 0.3216775 0.3466016
vt 0.01010554 0.3466016
vt 0.01010554 -0.07753697
vt 0.3216775 -0.07753697
vt 0.3216775 0.3466016
vt 0.01010554 0.3466016
vt 0.01010554 -0.07753697
vt 0.3216775 0.3466016
vt 0.3216775 -0.07753697
vt 0.01010554 -0.07753697
vt 0.01010554 0.3466016
vt 0.3216774 0.5169429
vt 0.3216774 0.6842445
vt 0.01010558 0.6842445
vt 0.01010558 0.5169429
vt 0.791882 0.5807968
vt 0.791882 0.791959
vt 1.392295 0.791959
vt 1.392295 0.5807968
vt 0.791882 0.2578657
vt 1.392295 0.2578657
vt 0.01181773 0.5807965
vt 0.01181773 0.7919577
vt 0.004672337 0.7919577
vt 0.004672337 0.5807965
vt 0.01181779 0.257867
vt 0.004672397 0.257867
vt 0.3922935 0.01362622
vt -0.2081165 0.0120778
vt -0.2081165 0.004932404
vt 0.3922935 0.002343892
vt 0.8456349 0.5719027
vt 0.8801718 0.5819022
vt 0.8801718 0.3529912
vt 0.8456349 0.3829207
vt 0.4570714 0.3529912
vt 0.4671023 0.3829207
vt 0.4570714 0.5819022
vt 0.4671023 0.5719027
vt 0.8456349 0.5919026
vt 0.8456349 0.7333533
vt 0.4671023 0.5919026
vt 0.8801718 0.7604362
vt 0.4570714 0.7604362
vt 0.4671023 0.7333533
vt 0.711996 0.5719028
vt 0.711996 0.3829201
vt 0.6774594 0.3529905
vt 1.100561 0.3529905
vt 1.09053 0.3829201
vt 0.6774594 0.5819023
vt 1.100561 0.5819023
vt 1.09053 0.5719028
vt 0.711996 0.5919027
vt 0.711996 0.7333539
vt 1.09053 0.5919027
vt 0.6774594 0.7604369
vt 1.100561 0.7604369
vt 1.09053 0.7333539
vt -0.0383928 0.6837459
vt -0.0383928 0.04738858
vt -0.04763526 0.01745901
vt 0.2096992 0.01745901
vt 0.2004569 0.04738858
vt -0.04763526 0.6937453
vt 0.2096992 0.6937453
vt 0.2004569 0.6837459
vt -0.0383928 0.7037457
vt -0.0383928 0.8451958
vt 0.2004569 0.7037457
vt -0.04763526 0.8722786
vt 0.2096992 0.8722786
vt 0.2004569 0.8451958
vt 0.114813 0.6837457
vt 0.114813 0.04738888
vt 0.1055705 0.0174593
vt 0.3629047 0.0174593
vt 0.3536628 0.04738888
vt 0.1055705 0.6937451
vt 0.3629047 0.6937451
vt 0.3536628 0.6837457
vt 0.114813 0.7037455
vt 0.114813 0.8451955
vt 0.3536628 0.7037455
vt 0.1055705 0.8722783
vt 0.3629047 0.8722783
vt 0.3536628 0.8451955
vt 1.071466 0.5689691
vt 1.106003 0.5807964
vt 1.106003 0.2578678
vt 1.071466 0.2932672
vt 0.6915571 0.2578678
vt 0.7020217 0.2932672
vt 0.6915571 0.5807964
vt 0.7020217 0.5689691
vt 1.071466 0.5926239
vt 1.071466 0.759925
vt 0.7020217 0.5926239
vt 1.106003 0.7919569
vt 0.6915571 0.7919569
vt 0.7020217 0.759925
vt -0.07151884 0.5689692
vt -0.07151884 0.2932666
vt -0.1060555 0.257867
vt 0.3630841 0.257867
vt 0.3526195 0.2932666
vt -0.1060555 0.5807965
vt 0.3630841 0.5807965
vt 0.3526195 0.5689692
vt -0.07151884 0.5926241
vt -0.07151884 0.7599257
vt 0.3526195 0.5926241
vt -0.1060555 0.7919577
vt 0.3630841 0.7919577
vt 0.3526195 0.7599257
usemtl LightWoodCounters3
f 3/3/3 2/2/2 1/1/1
f 6/6/6 5/5/5 4/4/4
f 9/9/9 8/8/8 7/7/7
f 12/12/12 11/11/11 10/10/10
f 15/15/15 14/14/14 13/13/13
f 18/18/18 17/17/17 16/16/16
f 21/21/21 20/20/20 19/19/19
f 24/24/24 23/23/23 22/22/22
f 27/27/27 26/26/26 25/25/25
f 30/30/30 29/29/29 28/28/28
f 33/33/33 32/32/32 31/31/31
f 36/36/36 35/35/35 34/34/34
f 39/39/39 38/38/38 37/37/37
f 42/42/42 41/41/41 40/40/40
f 45/45/45 44/44/44 43/43/43
f 48/48/48 47/47/47 46/46/46
f 51/51/51 50/50/50 49/49/49
f 54/54/54 53/53/53 52/52/52
f 57/57/57 56/56/56 55/55/55
f 60/60/60 59/59/59 58/58/58
f 63/63/63 62/62/62 61/61/61
f 66/66/66 65/65/65 64/64/64
f 69/69/69 68/68/68 67/67/67
f 72/72/72 71/71/71 70/70/70
f 75/75/75 74/74/74 73/73/73
f 78/78/78 77/77/77 76/76/76
f 81/81/81 80/80/80 79/79/79
f 84/84/84 83/83/83 82/82/82
f 87/87/87 86/86/86 85/85/85
f 90/90/90 89/89/89 88/88/88
f 93/93/93 92/92/92 91/91/91
f 92/92/92 94/94/94 91/91/91
f 91/91/91 94/94/94 95/95/95
f 94/94/94 96/96/96 95/95/95
f 99/99/99 98/98/98 97/97/97
f 98/98/98 100/100/100 97/97/97
f 97/97/97 100/100/100 101/101/101
f 100/100/100 102/102/102 101/101/101
f 105/105/105 104/104/104 103/103/103
f 106/106/106 105/105/105 103/103/103
f 109/109/109 108/108/108 107/107/107
f 110/110/110 109/109/109 107/107/107
f 111/111/111 109/109/109 110/110/110
f 112/112/112 111/111/111 110/110/110
f 112/112/112 110/110/110 113/113/113
f 114/114/114 112/112/112 113/113/113
f 110/110/110 107/107/107 115/115/115
f 113/113/113 110/110/110 115/115/115
f 114/114/114 113/113/113 116/116/116
f 117/117/117 114/114/114 116/116/116
f 118/118/118 114/114/114 117/117/117
f 119/119/119 118/118/118 117/117/117
f 120/120/120 118/118/118 119/119/119
f 116/116/116 113/113/113 121/121/121
f 121/121/121 120/120/120 119/119/119
f 113/113/113 120/120/120 121/121/121
f 113/113/113 115/115/115 122/122/122
f 122/122/122 115/115/115 123/123/123
f 124/124/124 113/113/113 122/122/122
f 120/120/120 113/113/113 124/124/124
f 115/115/115 125/125/125 123/123/123
f 126/126/126 120/120/120 124/124/124
f 123/123/123 125/125/125 126/126/126
f 125/125/125 120/120/120 126/126/126
f 129/129/129 128/128/128 127/127/127
f 128/128/128 130/130/130 127/127/127
f 127/127/127 130/130/130 131/131/131
f 130/130/130 132/132/132 131/131/131
f 135/135/135 134/134/134 133/133/133
f 134/134/134 136/136/136 133/133/133
f 133/133/133 136/136/136 137/137/137
f 136/136/136 138/138/138 137/137/137
f 141/141/141 140/140/140 139/139/139
f 140/140/140 142/142/142 139/139/139
f 139/139/139 142/142/142 143/143/143
f 142/142/142 144/144/144 143/143/143
f 147/147/147 146/146/146 145/145/145
f 147/147/147 148/148/148 146/146/146
f 148/148/148 149/149/149 146/146/146
f 149/149/149 150/150/150 146/146/146
f 153/153/153 152/152/152 151/151/151
f 154/154/154 153/153/153 151/151/151
f 157/157/157 156/156/156 155/155/155
f 158/158/158 157/157/157 155/155/155
f 161/161/161 160/160/160 159/159/159
f 162/162/162 161/161/161 159/159/159
f 165/165/165 164/164/164 163/163/163
f 166/166/166 165/165/165 163/163/163
f 169/169/169 168/168/168 167/167/167
f 170/170/170 169/169/169 167/167/167
f 173/173/173 172/172/172 171/171/171
f 174/174/174 173/173/173 171/171/171
f 177/177/177 176/176/176 175/175/175
f 178/178/178 177/177/177 175/175/175
f 181/181/181 180/180/180 179/179/179
f 182/182/182 181/181/181 179/179/179
f 185/185/185 184/184/184 183/183/183
f 186/186/186 185/185/185 183/183/183
f 189/189/189 188/188/188 187/187/187
f 190/190/190 189/189/189 187/187/187
f 193/193/193 192/192/192 191/191/191
f 192/192/192 194/194/194 191/191/191
f 191/191/191 194/194/194 195/195/195
f 194/194/194 196/196/196 195/195/195
f 199/199/199 198/198/198 197/197/197
f 198/198/198 200/200/200 197/197/197
f 197/197/197 200/200/200 201/201/201
f 200/200/200 202/202/202 201/201/201
f 205/205/205 204/204/204 203/203/203
f 206/206/206 205/205/205 203/203/203
f 209/209/209 208/208/208 207/207/207
f 208/208/208 210/210/210 207/207/207
f 207/207/207 210/210/210 211/211/211
f 210/210/210 212/212/212 211/211/211
f 215/215/215 214/214/214 213/213/213
f 214/214/214 216/216/216 213/213/213
f 213/213/213 216/216/216 217/217/217
f 216/216/216 218/218/218 217/217/217
f 221/221/221 220/220/220 219/219/219
f 222/222/222 221/221/221 219/219/219
f 225/225/225 224/224/224 223/223/223
f 226/226/226 225/225/225 223/223/223
f 227/227/227 225/225/225 226/226/226
f 228/228/228 227/227/227 226/226/226
f 231/231/231 230/230/230 229/229/229
f 230/230/230 232/232/232 229/229/229
f 229/229/229 232/232/232 233/233/233
f 232/232/232 234/234/234 233/233/233
f 237/237/237 236/236/236 235/235/235
f 236/236/236 238/238/238 235/235/235
f 235/235/235 238/238/238 239/239/239
f 238/238/238 240/240/240 239/239/239
f 243/243/243 242/242/242 241/241/241
f 242/242/242 244/244/244 241/241/241
f 241/241/241 244/244/244 245/245/245
f 244/244/244 246/246/246 245/245/245
f 249/249/249 248/248/248 247/247/247
f 248/248/248 250/250/250 247/247/247
f 247/247/247 250/250/250 251/251/251
f 250/250/250 252/252/252 251/251/251
f 255/255/255 254/254/254 253/253/253
f 253/253/253 256/256/256 255/255/255
f 253/253/253 257/257/257 256/256/256
f 257/257/257 258/258/258 256/256/256
f 257/257/257 259/259/259 258/258/258
f 259/259/259 260/260/260 258/258/258
f 263/263/263 262/262/262 261/261/261
f 264/264/264 263/263/263 261/261/261
f 267/267/267 266/266/266 265/265/265
f 268/268/268 267/267/267 265/265/265
f 271/271/271 270/270/270 269/269/269
f 272/272/272 271/271/271 269/269/269
f 275/275/275 274/274/274 273/273/273
f 276/276/276 275/275/275 273/273/273
f 279/279/279 278/278/278 277/277/277
f 280/280/280 279/279/279 277/277/277
f 283/283/283 282/282/282 281/281/281
f 284/284/284 283/283/283 281/281/281
f 287/287/287 286/286/286 285/285/285
f 288/288/288 287/287/287 285/285/285
f 291/291/291 290/290/290 289/289/289
f 292/292/292 291/291/291 289/289/289
f 295/295/295 294/294/294 293/293/293
f 296/296/296 295/295/295 293/293/293
f 299/299/299 298/298/298 297/297/297
f 300/300/300 299/299/299 297/297/297
f 303/303/303 302/302/302 301/301/301
f 302/302/302 304/304/304 301/301/301
f 301/301/301 304/304/304 305/305/305
f 304/304/304 306/306/306 305/305/305
f 309/309/309 308/308/308 307/307/307
f 308/308/308 310/310/310 307/307/307
f 307/307/307 310/310/310 311/311/311
f 310/310/310 312/312/312 311/311/311
f 315/315/315 314/314/314 313/313/313
f 316/316/316 315/315/315 313/313/313
f 319/319/319 318/318/318 317/317/317
f 320/320/320 319/319/319 317/317/317
f 320/320/320 317/317/317 321/321/321
f 322/322/322 320/320/320 321/321/321
f 325/325/325 324/324/324 323/323/323
f 326/326/326 325/325/325 323/323/323
f 326/326/326 323/323/323 327/327/327
f 328/328/328 326/326/326 327/327/327
f 331/331/331 330/330/330 329/329/329
f 332/332/332 331/331/331 329/329/329
f 335/335/335 334/334/334 333/333/333
f 334/334/334 336/336/336 333/333/333
f 334/334/334 337/337/337 336/336/336
f 337/337/337 338/338/338 336/336/336
f 341/341/341 340/340/340 339/339/339
f 342/342/342 341/341/341 339/339/339
f 342/342/342 339/339/339 343/343/343
f 344/344/344 342/342/342 343/343/343
f 347/347/347 346/346/346 345/345/345
f 348/348/348 347/347/347 345/345/345
f 348/348/348 345/345/345 349/349/349
f 350/350/350 348/348/348 349/349/349
f 353/353/353 352/352/352 351/351/351
f 354/354/354 353/353/353 351/351/351
f 354/354/354 351/351/351 355/355/355
f 356/356/356 354/354/354 355/355/355
f 359/359/359 358/358/358 357/357/357
f 360/360/360 359/359/359 357/357/357
f 360/360/360 357/357/357 361/361/361
f 362/362/362 360/360/360 361/361/361
f 365/365/365 364/364/364 363/363/363
f 363/363/363 366/366/366 365/365/365
f 363/363/363 367/367/367 366/366/366
f 367/367/367 368/368/368 366/366/366
f 367/367/367 369/369/369 368/368/368
f 369/369/369 370/370/370 368/368/368
f 373/373/373 372/372/372 371/371/371
f 374/374/374 373/373/373 371/371/371
f 377/377/377 376/376/376 375/375/375
f 378/378/378 377/377/377 375/375/375
f 381/381/381 380/380/380 379/379/379
f 382/382/382 381/381/381 379/379/379
f 385/385/385 384/384/384 383/383/383
f 386/386/386 385/385/385 383/383/383
f 389/389/389 388/388/388 387/387/387
f 390/390/390 389/389/389 387/387/387
f 393/393/393 392/392/392 391/391/391
f 394/394/394 393/393/393 391/391/391
f 397/397/397 396/396/396 395/395/395
f 398/398/398 397/397/397 395/395/395
f 401/401/401 400/400/400 399/399/399
f 402/402/402 401/401/401 399/399/399
f 405/405/405 404/404/404 403/403/403
f 406/406/406 405/405/405 403/403/403
f 409/409/409 408/408/408 407/407/407
f 410/410/410 409/409/409 407/407/407
f 413/413/413 412/412/412 411/411/411
f 414/414/414 413/413/413 411/411/411
f 414/414/414 411/411/411 415/415/415
f 416/416/416 414/414/414 415/415/415
f 419/419/419 418/418/418 417/417/417
f 420/420/420 419/419/419 417/417/417
f 420/420/420 417/417/417 421/421/421
f 422/422/422 420/420/420 421/421/421
f 425/425/425 424/424/424 423/423/423
f 426/426/426 425/425/425 423/423/423
f 429/429/429 428/428/428 427/427/427
f 430/430/430 429/429/429 427/427/427
f 430/430/430 427/427/427 431/431/431
f 432/432/432 430/430/430 431/431/431
f 435/435/435 434/434/434 433/433/433
f 436/436/436 435/435/435 433/433/433
f 436/436/436 433/433/433 437/437/437
f 438/438/438 436/436/436 437/437/437
f 441/441/441 440/440/440 439/439/439
f 442/442/442 441/441/441 439/439/439
f 445/445/445 444/444/444 443/443/443
f 444/444/444 446/446/446 443/443/443
f 444/444/444 447/447/447 446/446/446
f 447/447/447 448/448/448 446/446/446
f 451/451/451 450/450/450 449/449/449
f 452/452/452 451/451/451 449/449/449
f 452/452/452 449/449/449 453/453/453
f 454/454/454 452/452/452 453/453/453
f 457/457/457 456/456/456 455/455/455
f 458/458/458 457/457/457 455/455/455
f 458/458/458 455/455/455 459/459/459
f 460/460/460 458/458/458 459/459/459
f 463/463/463 462/462/462 461/461/461
f 464/464/464 463/463/463 461/461/461
f 464/464/464 461/461/461 465/465/465
f 466/466/466 464/464/464 465/465/465
f 469/469/469 468/468/468 467/467/467
f 470/470/470 469/469/469 467/467/467
f 470/470/470 467/467/467 471/471/471
f 472/472/472 470/470/470 471/471/471
f 475/475/475 474/474/474 473/473/473
f 473/473/473 476/476/476 475/475/475
f 473/473/473 477/477/477 476/476/476
f 477/477/477 478/478/478 476/476/476
f 477/477/477 479/479/479 478/478/478
f 479/479/479 480/480/480 478/478/478
f 483/483/483 482/482/482 481/481/481
f 484/484/484 483/483/483 481/481/481
f 487/487/487 486/486/486 485/485/485
f 488/488/488 487/487/487 485/485/485
f 491/491/491 490/490/490 489/489/489
f 492/492/492 491/491/491 489/489/489
f 495/495/495 494/494/494 493/493/493
f 496/496/496 495/495/495 493/493/493
f 499/499/499 498/498/498 497/497/497
f 500/500/500 499/499/499 497/497/497
f 503/503/503 502/502/502 501/501/501
f 504/504/504 503/503/503 501/501/501
f 507/507/507 506/506/506 505/505/505
f 508/508/508 507/507/507 505/505/505
f 511/511/511 510/510/510 509/509/509
f 512/512/512 511/511/511 509/509/509
f 515/515/515 514/514/514 513/513/513
f 516/516/516 515/515/515 513/513/513
f 519/519/519 518/518/518 517/517/517
f 520/520/520 519/519/519 517/517/517
f 523/523/523 522/522/522 521/521/521
f 524/524/524 523/523/523 521/521/521
f 524/524/524 521/521/521 525/525/525
f 526/526/526 524/524/524 525/525/525
f 529/529/529 528/528/528 527/527/527
f 530/530/530 529/529/529 527/527/527
f 530/530/530 527/527/527 531/531/531
f 532/532/532 530/530/530 531/531/531
f 535/535/535 534/534/534 533/533/533
f 536/536/536 535/535/535 533/533/533
f 539/539/539 538/538/538 537/537/537
f 540/540/540 539/539/539 537/537/537
f 540/540/540 537/537/537 541/541/541
f 542/542/542 540/540/540 541/541/541
f 545/545/545 544/544/544 543/543/543
f 546/546/546 545/545/545 543/543/543
f 546/546/546 543/543/543 547/547/547
f 548/548/548 546/546/546 547/547/547
f 551/551/551 550/550/550 549/549/549
f 552/552/552 551/551/551 549/549/549
f 555/555/555 554/554/554 553/553/553
f 554/554/554 556/556/556 553/553/553
f 554/554/554 557/557/557 556/556/556
f 557/557/557 558/558/558 556/556/556
f 561/561/561 560/560/560 559/559/559
f 562/562/562 561/561/561 559/559/559
f 562/562/562 559/559/559 563/563/563
f 564/564/564 562/562/562 563/563/563
f 567/567/567 566/566/566 565/565/565
f 568/568/568 567/567/567 565/565/565
f 568/568/568 565/565/565 569/569/569
f 570/570/570 568/568/568 569/569/569
f 573/573/573 572/572/572 571/571/571
f 574/574/574 573/573/573 571/571/571
f 574/574/574 571/571/571 575/575/575
f 576/576/576 574/574/574 575/575/575
f 579/579/579 578/578/578 577/577/577
f 580/580/580 579/579/579 577/577/577
f 580/580/580 577/577/577 581/581/581
f 582/582/582 580/580/580 581/581/581
f 585/585/585 584/584/584 583/583/583
f 583/583/583 586/586/586 585/585/585
f 583/583/583 587/587/587 586/586/586
f 587/587/587 588/588/588 586/586/586
f 587/587/587 589/589/589 588/588/588
f 589/589/589 590/590/590 588/588/588
f 593/593/593 592/592/592 591/591/591
f 594/594/594 593/593/593 591/591/591
f 597/597/597 596/596/596 595/595/595
f 598/598/598 597/597/597 595/595/595
f 601/601/601 600/600/600 599/599/599
f 602/602/602 601/601/601 599/599/599
f 605/605/605 604/604/604 603/603/603
f 606/606/606 605/605/605 603/603/603
f 609/609/609 608/608/608 607/607/607
f 610/610/610 609/609/609 607/607/607
f 613/613/613 612/612/612 611/611/611
f 614/614/614 613/613/613 611/611/611
f 617/617/617 616/616/616 615/615/615
f 618/618/618 617/617/617 615/615/615
f 621/621/621 620/620/620 619/619/619
f 622/622/622 621/621/621 619/619/619
f 625/625/625 624/624/624 623/623/623
f 626/626/626 625/625/625 623/623/623
f 629/629/629 628/628/628 627/627/627
f 630/630/630 629/629/629 627/627/627
f 633/633/633 632/632/632 631/631/631
f 634/634/634 633/633/633 631/631/631
f 634/634/634 631/631/631 635/635/635
f 636/636/636 634/634/634 635/635/635
f 639/639/639 638/638/638 637/637/637
f 640/640/640 639/639/639 637/637/637
f 640/640/640 637/637/637 641/641/641
f 642/642/642 640/640/640 641/641/641
f 645/645/645 644/644/644 643/643/643
f 646/646/646 645/645/645 643/643/643
f 649/649/649 648/648/648 647/647/647
f 648/648/648 650/650/650 647/647/647
f 647/647/647 650/650/650 651/651/651
f 650/650/650 652/652/652 651/651/651
f 655/655/655 654/654/654 653/653/653
f 654/654/654 656/656/656 653/653/653
f 653/653/653 656/656/656 657/657/657
f 656/656/656 658/658/658 657/657/657
f 661/661/661 660/660/660 659/659/659
f 662/662/662 661/661/661 659/659/659
f 665/665/665 664/664/664 663/663/663
f 666/666/666 665/665/665 663/663/663
f 667/667/667 665/665/665 666/666/666
f 668/668/668 667/667/667 666/666/666
f 671/671/671 670/670/670 669/669/669
f 670/670/670 672/672/672 669/669/669
f 669/669/669 672/672/672 673/673/673
f 672/672/672 674/674/674 673/673/673
f 677/677/677 676/676/676 675/675/675
f 676/676/676 678/678/678 675/675/675
f 675/675/675 678/678/678 679/679/679
f 678/678/678 680/680/680 679/679/679
f 683/683/683 682/682/682 681/681/681
f 682/682/682 684/684/684 681/681/681
f 681/681/681 684/684/684 685/685/685
f 684/684/684 686/686/686 685/685/685
f 689/689/689 688/688/688 687/687/687
f 688/688/688 690/690/690 687/687/687
f 687/687/687 690/690/690 691/691/691
f 690/690/690 692/692/692 691/691/691
f 695/695/695 694/694/694 693/693/693
f 693/693/693 696/696/696 695/695/695
f 693/693/693 697/697/697 696/696/696
f 697/697/697 698/698/698 696/696/696
f 697/697/697 699/699/699 698/698/698
f 699/699/699 700/700/700 698/698/698
f 703/703/703 702/702/702 701/701/701
f 704/704/704 703/703/703 701/701/701
f 707/707/707 706/706/706 705/705/705
f 708/708/708 707/707/707 705/705/705
f 711/711/711 710/710/710 709/709/709
f 712/712/712 711/711/711 709/709/709
f 715/715/715 714/714/714 713/713/713
f 716/716/716 715/715/715 713/713/713
f 719/719/719 718/718/718 717/717/717
f 720/720/720 719/719/719 717/717/717
f 723/723/723 722/722/722 721/721/721
f 724/724/724 723/723/723 721/721/721
f 727/727/727 726/726/726 725/725/725
f 728/728/728 727/727/727 725/725/725
f 731/731/731 730/730/730 729/729/729
f 732/732/732 731/731/731 729/729/729
f 735/735/735 734/734/734 733/733/733
f 736/736/736 735/735/735 733/733/733
f 739/739/739 738/738/738 737/737/737
f 740/740/740 739/739/739 737/737/737
f 743/743/743 742/742/742 741/741/741
f 742/742/742 744/744/744 741/741/741
f 741/741/741 744/744/744 745/745/745
f 744/744/744 746/746/746 745/745/745
f 749/749/749 748/748/748 747/747/747
f 748/748/748 750/750/750 747/747/747
f 747/747/747 750/750/750 751/751/751
f 750/750/750 752/752/752 751/751/751
f 755/755/755 754/754/754 753/753/753
f 756/756/756 755/755/755 753/753/753
f 759/759/759 758/758/758 757/757/757
f 760/760/760 759/759/759 757/757/757
f 760/760/760 757/757/757 761/761/761
f 762/762/762 760/760/760 761/761/761
f 765/765/765 764/764/764 763/763/763
f 766/766/766 765/765/765 763/763/763
f 766/766/766 763/763/763 767/767/767
f 768/768/768 766/766/766 767/767/767
f 771/771/771 770/770/770 769/769/769
f 772/772/772 771/771/771 769/769/769
f 775/775/775 774/774/774 773/773/773
f 774/774/774 776/776/776 773/773/773
f 774/774/774 777/777/777 776/776/776
f 777/777/777 778/778/778 776/776/776
f 781/781/781 780/780/780 779/779/779
f 782/782/782 781/781/781 779/779/779
f 782/782/782 779/779/779 783/783/783
f 784/784/784 782/782/782 783/783/783
f 787/787/787 786/786/786 785/785/785
f 788/788/788 787/787/787 785/785/785
f 788/788/788 785/785/785 789/789/789
f 790/790/790 788/788/788 789/789/789
f 793/793/793 792/792/792 791/791/791
f 794/794/794 793/793/793 791/791/791
f 794/794/794 791/791/791 795/795/795
f 796/796/796 794/794/794 795/795/795
f 799/799/799 798/798/798 797/797/797
f 800/800/800 799/799/799 797/797/797
f 800/800/800 797/797/797 801/801/801
f 802/802/802 800/800/800 801/801/801
f 805/805/805 804/804/804 803/803/803
f 803/803/803 806/806/806 805/805/805
f 803/803/803 807/807/807 806/806/806
f 807/807/807 808/808/808 806/806/806
f 807/807/807 809/809/809 808/808/808
f 809/809/809 810/810/810 808/808/808
f 813/813/813 812/812/812 811/811/811
f 814/814/814 813/813/813 811/811/811
f 817/817/817 816/816/816 815/815/815
f 818/818/818 817/817/817 815/815/815
f 821/821/821 820/820/820 819/819/819
f 822/822/822 821/821/821 819/819/819
f 825/825/825 824/824/824 823/823/823
f 826/826/826 825/825/825 823/823/823
f 829/829/829 828/828/828 827/827/827
f 830/830/830 829/829/829 827/827/827
f 833/833/833 832/832/832 831/831/831
f 834/834/834 833/833/833 831/831/831
f 837/837/837 836/836/836 835/835/835
f 838/838/838 837/837/837 835/835/835
f 841/841/841 840/840/840 839/839/839
f 842/842/842 841/841/841 839/839/839
f 845/845/845 844/844/844 843/843/843
f 846/846/846 845/845/845 843/843/843
f 849/849/849 848/848/848 847/847/847
f 850/850/850 849/849/849 847/847/847
f 853/853/853 852/852/852 851/851/851
f 854/854/854 853/853/853 851/851/851
f 854/854/854 851/851/851 855/855/855
f 856/856/856 854/854/854 855/855/855
f 859/859/859 858/858/858 857/857/857
f 860/860/860 859/859/859 857/857/857
f 860/860/860 857/857/857 861/861/861
f 862/862/862 860/860/860 861/861/861
f 865/865/865 864/864/864 863/863/863
f 866/866/866 865/865/865 863/863/863
f 869/869/869 868/868/868 867/867/867
f 870/870/870 869/869/869 867/867/867
f 871/871/871 869/869/869 870/870/870
f 872/872/872 871/871/871 870/870/870
f 873/873/873 871/871/871 872/872/872
f 867/867/867 868/868/868 874/874/874
f 874/874/874 873/873/873 872/872/872
f 868/868/868 873/873/873 874/874/874
f 873/873/873 868/868/868 875/875/875
f 875/875/875 868/868/868 876/876/876
f 877/877/877 873/873/873 875/875/875
f 868/868/868 878/878/878 876/876/876
f 879/879/879 873/873/873 877/877/877
f 876/876/876 878/878/878 880/880/880
f 880/880/880 879/879/879 877/877/877
f 878/878/878 879/879/879 880/880/880
f 883/883/883 882/882/882 881/881/881
f 883/883/883 884/884/884 882/882/882
f 884/884/884 885/885/885 882/882/882
f 886/886/886 883/883/883 881/881/881
f 884/884/884 887/887/887 885/885/885
f 886/886/886 881/881/881 888/888/888
f 887/887/887 888/888/888 885/885/885
f 887/887/887 886/886/886 888/888/888
f 886/886/886 887/887/887 889/889/889
f 886/886/886 889/889/889 890/890/890
f 887/887/887 891/891/891 889/889/889
f 892/892/892 886/886/886 890/890/890
f 887/887/887 893/893/893 891/891/891
f 892/892/892 890/890/890 894/894/894
f 893/893/893 894/894/894 891/891/891
f 893/893/893 892/892/892 894/894/894
f 897/897/897 896/896/896 895/895/895
f 897/897/897 898/898/898 896/896/896
f 898/898/898 899/899/899 896/896/896
f 900/900/900 897/897/897 895/895/895
f 898/898/898 901/901/901 899/899/899
f 900/900/900 895/895/895 902/902/902
f 901/901/901 902/902/902 899/899/899
f 901/901/901 900/900/900 902/902/902
f 900/900/900 901/901/901 903/903/903
f 900/900/900 903/903/903 904/904/904
f 901/901/901 905/905/905 903/903/903
f 906/906/906 900/900/900 904/904/904
f 901/901/901 907/907/907 905/905/905
f 906/906/906 904/904/904 908/908/908
f 907/907/907 908/908/908 905/905/905
f 907/907/907 906/906/906 908/908/908
f 911/911/911 910/910/910 909/909/909
f 911/911/911 912/912/912 910/910/910
f 912/912/912 913/913/913 910/910/910
f 914/914/914 911/911/911 909/909/909
f 912/912/912 915/915/915 913/913/913
f 914/914/914 909/909/909 916/916/916
f 915/915/915 916/916/916 913/913/913
f 915/915/915 914/914/914 916/916/916
f 914/914/914 915/915/915 917/917/917
f 914/914/914 917/917/917 918/918/918
f 915/915/915 919/919/919 917/917/917
f 920/920/920 914/914/914 918/918/918
f 915/915/915 921/921/921 919/919/919
f 920/920/920 918/918/918 922/922/922
f 921/921/921 922/922/922 919/919/919
f 921/921/921 920/920/920 922/922/922
f 925/925/925 924/924/924 923/923/923
f 926/926/926 925/925/925 923/923/923
f 927/927/927 925/925/925 926/926/926
f 928/928/928 927/927/927 926/926/926
f 929/929/929 927/927/927 928/928/928
f 923/923/923 924/924/924 930/930/930
f 930/930/930 929/929/929 928/928/928
f 924/924/924 929/929/929 930/930/930
f 929/929/929 924/924/924 931/931/931
f 931/931/931 924/924/924 932/932/932
f 933/933/933 929/929/929 931/931/931
f 924/924/924 934/934/934 932/932/932
f 935/935/935 929/929/929 933/933/933
f 932/932/932 934/934/934 936/936/936
f 936/936/936 935/935/935 933/933/933
f 934/934/934 935/935/935 936/936/936
f 939/939/939 938/938/938 937/937/937
f 939/939/939 940/940/940 938/938/938
f 940/940/940 941/941/941 938/938/938
f 942/942/942 939/939/939 937/937/937
f 940/940/940 943/943/943 941/941/941
f 942/942/942 937/937/937 944/944/944
f 943/943/943 944/944/944 941/941/941
f 943/943/943 942/942/942 944/944/944
f 942/942/942 943/943/943 945/945/945
f 942/942/942 945/945/945 946/946/946
f 943/943/943 947/947/947 945/945/945
f 948/948/948 942/942/942 946/946/946
f 943/943/943 949/949/949 947/947/947
f 948/948/948 946/946/946 950/950/950
f 949/949/949 950/950/950 947/947/947
f 949/949/949 948/948/948 950/950/950
g Cube.560_decbf3b4
v 1.5266 2.31718 0.61613
v 1.52909 2.31834 0.61139
v 1.52341 2.31717 0.5976
v 1.52341 2.31737 1.16401
v 1.52909 2.31853 1.16562
v 1.5266 2.31737 1.16087
v 0.923 2.31717 0.5976
v 0.91733 2.31834 0.61139
v 0.91982 2.31718 0.61613
v 0.91982 2.31737 1.16087
v 0.91733 2.31853 1.16562
v 0.91984 2.31737 1.16401
v 0.923 1.46235 0.59789
v 0.91982 1.46235 0.61643
v 0.91982 1.46254 1.16117
v 0.91982 1.46254 1.16117
v 0.91984 1.46254 1.16431
v 0.923 1.46235 0.59789
v 1.5266 2.31739 1.21227
v 1.52909 2.31854 1.20744
v 1.52341 2.31738 1.19341
v 1.52341 2.31753 1.61406
v 1.52909 2.31868 1.61569
v 1.5266 2.31752 1.61087
v 0.923 2.31738 1.19341
v 0.91733 2.31854 1.20744
v 0.91982 2.31739 1.21227
v 0.91982 2.31753 1.63537
v 0.91733 2.31868 1.61569
v 0.923 2.31753 1.63622
v 1.5266 2.31768 2.07615
v 1.52341 2.31769 2.09501
v 1.52909 2.31884 2.08098
v 1.52341 2.31755 1.67436
v 1.5266 2.31755 1.67755
v 1.52909 2.3187 1.67272
v 0.923 2.31769 2.09501
v 0.91982 2.31768 2.07615
v 0.91733 2.31884 2.08098
v 0.91982 2.31754 1.65305
v 0.923 2.31754 1.6522
v 0.91733 2.3187 1.67272
v 1.5266 2.31779 2.37731
v 1.52341 2.3178 2.39469
v 1.52909 2.31895 2.38176
v 1.52341 2.3177 2.11703
v 1.5266 2.3177 2.11997
v 1.52909 2.31886 2.11552
v 0.923 2.3178 2.39469
v 0.91982 2.31779 2.37731
v 0.91733 2.31895 2.38176
v 0.91982 2.3177 2.11997
v 0.923 2.3177 2.11703
v 0.91733 2.31886 2.11552
v 1.5266 2.3179 2.68372
v 1.52341 2.3179 2.7011
v 1.52909 2.31905 2.68817
v 1.52341 2.31781 2.42344
v 1.5266 2.31781 2.42638
v 1.52909 2.31896 2.42193
v 0.923 2.3179 2.7011
v 0.91982 2.3179 2.68372
v 0.91733 2.31905 2.68817
v 0.91982 2.31781 2.42638
v 0.923 2.31781 2.42344
v 0.91733 2.31896 2.42193
v 1.5266 2.31658 -0.32309
v 1.52908 2.31794 -0.32812
v 1.52341 2.31657 -0.34277
v 1.52341 2.31672 0.09376
v 1.52908 2.31809 0.09411
v 1.5266 2.31672 0.09307
v 0.923 2.31657 -0.34277
v 0.91733 2.31794 -0.32812
v 0.91982 2.31658 -0.32309
v 0.91982 2.31672 0.09136
v 0.91733 2.31808 0.07168
v 0.923 2.31672 0.09221
v 1.5266 2.31689 0.57818
v 1.52341 2.31689 0.59786
v 1.52908 2.31826 0.58321
v 1.52341 2.31672 0.10664
v 1.5266 2.31672 0.10732
v 1.52908 2.31809 0.10629
v 0.923 2.31689 0.59786
v 0.91982 2.31689 0.57818
v 0.91733 2.31826 0.58321
v 0.91982 2.31673 0.10904
v 0.923 2.31672 0.10819
v 0.91733 2.3181 0.12871
v 0.923 2.13864 0.59766
v 1.52341 2.31717 0.5976
v 0.923 2.31717 0.5976
v 1.52341 2.13864 0.59766
v 0.923 1.46235 0.59789
v 1.52341 1.46235 0.59789
v 1.5266 2.13865 0.61619
v 1.5266 2.31737 1.16087
v 1.5266 2.31718 0.61613
v 1.5266 2.13883 1.16093
v 1.5266 1.46235 0.61643
v 1.5266 1.46254 1.16117
v 0.91982 2.12865 0.62605
v 1.23139 2.12865 0.62605
v 1.23139 1.49229 0.62627
v 0.91982 1.49229 0.62627
v 0.91984 2.31737 1.16401
v 0.91984 2.31738 1.19686
v 0.91984 2.13885 1.19692
v 0.91984 2.13884 1.16407
v 0.91984 1.46256 1.19716
v 0.91984 1.46254 1.16431
v 0.91982 2.13883 1.16093
v 0.91982 1.46254 1.16117
v 0.91982 2.31737 1.16087
v 0.91982 2.12883 1.15108
v 0.91982 1.49247 1.1513
v 0.91982 1.46235 0.61643
v 0.91982 1.49229 0.62627
v 0.91982 2.13865 0.61619
v 0.91982 2.12865 0.62605
v 0.91982 2.29028 1.15103
v 0.91982 2.2901 0.62599
v 0.91982 2.14883 1.15108
v 0.91982 2.31718 0.61613
v 0.91982 2.14865 0.62604
v 1.52341 2.13864 0.59766
v 1.5266 2.31718 0.61613
v 1.52341 2.31717 0.5976
v 1.5266 2.13865 0.61619
v 1.52341 1.46235 0.59789
v 1.5266 1.46235 0.61643
v 1.52341 2.13884 1.16407
v 1.5266 1.46254 1.16117
v 1.52341 1.46254 1.16431
v 1.5266 2.13883 1.16093
v 1.52341 2.31737 1.16401
v 1.5266 2.31737 1.16087
v 0.923 2.13864 0.59766
v 0.91982 1.46235 0.61643
v 0.923 1.46235 0.59789
v 0.91982 2.13865 0.61619
v 0.923 2.31717 0.5976
v 0.91982 2.31718 0.61613
v 0.91984 1.46254 1.16431
v 1.52341 1.46254 1.16431
v 0.923 1.46235 0.59789
v 1.52341 1.46235 0.59789
v 1.5266 1.46235 0.61643
v 1.5266 1.46254 1.16117
v 1.52341 2.31737 1.16401
v 1.52341 2.31738 1.19686
v 0.91984 2.31738 1.19686
v 0.91984 2.31737 1.16401
v 0.91982 2.2901 0.62599
v 1.23139 2.2901 0.62599
v 1.23139 2.14865 0.62604
v 0.91982 2.14865 0.62604
v 1.23139 2.14883 1.15108
v 1.23139 2.14865 0.62604
v 1.23139 2.2901 0.62599
v 1.23139 2.29028 1.15103
v 1.23139 1.49247 1.1513
v 1.23139 1.49229 0.62627
v 1.23139 2.12865 0.62605
v 1.23139 2.12883 1.15108
v 0.91982 2.14865 0.62604
v 1.23139 2.14865 0.62604
v 1.23139 2.14883 1.15108
v 0.91982 2.14883 1.15108
v 0.91982 1.49247 1.1513
v 1.23139 1.49247 1.1513
v 1.23139 2.12883 1.15108
v 0.91982 2.12883 1.15108
v 0.91982 2.29028 1.15103
v 1.23139 2.29028 1.15103
v 1.23139 2.2901 0.62599
v 0.91982 2.2901 0.62599
v 0.91982 2.12883 1.15108
v 1.23139 2.12883 1.15108
v 1.23139 2.12865 0.62605
v 0.91982 2.12865 0.62605
v 0.91982 1.49229 0.62627
v 1.23139 1.49229 0.62627
v 1.23139 1.49247 1.1513
v 0.91982 1.49247 1.1513
v 0.91982 2.14883 1.15108
v 1.23139 2.14883 1.15108
v 1.23139 2.29028 1.15103
v 0.91982 2.29028 1.15103
v 1.52341 2.13885 1.19692
v 0.91984 2.31738 1.19686
v 1.52341 2.31738 1.19686
v 0.91984 2.13885 1.19692
v 1.52341 1.46256 1.19716
v 0.91984 1.46256 1.19716
v 1.52341 2.13884 1.16407
v 1.52341 2.31738 1.19686
v 1.52341 2.31737 1.16401
v 1.52341 2.13885 1.19692
v 1.52341 1.46254 1.16431
v 1.52341 1.46256 1.19716
v 0.91984 1.46254 1.16431
v 0.91984 1.46256 1.19716
v 1.52341 1.46256 1.19716
v 1.52341 1.46254 1.16431
v 0.923 2.13885 1.19347
v 1.52341 2.31738 1.19341
v 0.923 2.31738 1.19341
v 1.52341 2.13885 1.19347
v 0.923 1.90993 1.19355
v 1.52341 1.90993 1.19355
v 1.5266 2.13885 1.21233
v 1.5266 2.31752 1.61087
v 1.5266 2.31739 1.21227
v 1.5266 2.13899 1.61093
v 1.5266 1.90994 1.21241
v 1.5266 1.91008 1.61101
v 0.91982 2.12886 1.22237
v 1.23139 2.12886 1.22237
v 1.23139 1.93987 1.22243
v 0.91982 1.93987 1.22243
v 0.923 2.31753 1.63622
v 0.923 2.31754 1.6475
v 0.923 2.139 1.64756
v 0.923 2.139 1.63628
v 0.923 1.91009 1.64764
v 0.923 1.91009 1.63636
v 1.52341 2.13885 1.19347
v 1.5266 2.31739 1.21227
v 1.52341 2.31738 1.19341
v 1.5266 2.13885 1.21233
v 1.52341 1.90993 1.19355
v 1.5266 1.90994 1.21241
v 1.52341 2.13899 1.61412
v 1.5266 1.91008 1.61101
v 1.52341 1.91008 1.6142
v 1.5266 2.13899 1.61093
v 1.52341 2.31753 1.61406
v 1.5266 2.31752 1.61087
v 0.91982 2.139 1.63543
v 0.923 1.91009 1.63636
v 0.91982 1.91009 1.63551
v 0.923 2.139 1.63628
v 0.91982 2.31753 1.63537
v 0.923 2.31753 1.63622
v 0.923 2.13885 1.19347
v 0.91982 1.90994 1.21241
v 0.923 1.90993 1.19355
v 0.91982 2.13885 1.21233
v 0.923 2.31738 1.19341
v 0.91982 2.31739 1.21227
v 0.923 1.90993 1.19355
v 0.91982 1.90994 1.21241
v 0.91982 1.91009 1.63551
v 0.923 1.91009 1.63636
v 1.52341 1.90993 1.19355
v 1.52341 1.91008 1.6142
v 1.5266 1.90994 1.21241
v 1.5266 1.91008 1.61101
v 1.52341 2.31753 1.61406
v 1.52341 2.31754 1.6475
v 0.923 2.31754 1.6475
v 0.923 2.31753 1.63622
v 0.91982 2.29031 1.22231
v 1.23139 2.29031 1.22231
v 1.23139 2.14886 1.22236
v 0.91982 2.14886 1.22236
v 1.23139 2.14899 1.60089
v 1.23139 2.14886 1.22236
v 1.23139 2.29031 1.22231
v 1.23139 2.29044 1.60084
v 1.23139 1.94 1.60097
v 1.23139 1.93987 1.22243
v 1.23139 2.12886 1.22237
v 1.23139 2.12899 1.6009
v 0.91982 2.14886 1.22236
v 1.23139 2.14886 1.22236
v 1.23139 2.14899 1.60089
v 0.91982 2.14899 1.60089
v 0.91982 1.94 1.60097
v 1.23139 1.94 1.60097
v 1.23139 2.12899 1.6009
v 0.91982 2.12899 1.6009
v 0.91982 2.29044 1.60084
v 1.23139 2.29044 1.60084
v 1.23139 2.29031 1.22231
v 0.91982 2.29031 1.22231
v 0.91982 2.12899 1.6009
v 1.23139 2.12899 1.6009
v 1.23139 2.12886 1.22237
v 0.91982 2.12886 1.22237
v 0.91982 1.93987 1.22243
v 1.23139 1.93987 1.22243
v 1.23139 1.94 1.60097
v 0.91982 1.94 1.60097
v 0.91982 2.14899 1.60089
v 1.23139 2.14899 1.60089
v 1.23139 2.29044 1.60084
v 0.91982 2.29044 1.60084
v 1.52341 2.139 1.64756
v 0.923 2.31754 1.6475
v 1.52341 2.31754 1.6475
v 0.923 2.139 1.64756
v 1.52341 1.91009 1.64764
v 0.923 1.91009 1.64764
v 1.52341 2.13899 1.61412
v 1.52341 2.31754 1.6475
v 1.52341 2.31753 1.61406
v 1.52341 2.139 1.64756
v 1.52341 1.91008 1.6142
v 1.52341 1.91009 1.64764
v 0.923 1.91009 1.63636
v 0.923 1.91009 1.64764
v 1.52341 1.91009 1.64764
v 1.52341 1.91008 1.6142
v 0.923 2.13916 2.09507
v 0.923 2.31769 2.09501
v 1.52341 2.31769 2.09501
v 1.52341 2.13916 2.09507
v 0.923 1.91025 2.09515
v 1.52341 1.91025 2.09515
v 1.5266 2.13915 2.07621
v 1.5266 2.31768 2.07615
v 1.5266 2.31755 1.67755
v 1.5266 2.13901 1.67761
v 1.5266 1.91024 2.07629
v 1.5266 1.9101 1.67769
v 0.91982 2.12915 2.06618
v 0.91982 1.94017 2.06625
v 1.23139 1.94017 2.06625
v 1.23139 2.12915 2.06618
v 0.923 2.31754 1.6522
v 0.923 2.139 1.64098
v 0.923 2.31753 1.64092
v 0.923 2.139 1.65226
v 0.923 1.91009 1.64106
v 0.923 1.91009 1.65234
v 1.52341 2.13916 2.09507
v 1.52341 2.31769 2.09501
v 1.5266 2.31768 2.07615
v 1.5266 2.13915 2.07621
v 1.52341 1.91025 2.09515
v 1.5266 1.91024 2.07629
v 1.52341 2.13901 1.67442
v 1.52341 1.9101 1.6745
v 1.5266 1.9101 1.67769
v 1.5266 2.13901 1.67761
v 1.52341 2.31755 1.67436
v 1.5266 2.31755 1.67755
v 0.91982 2.139 1.65311
v 0.91982 1.91009 1.65319
v 0.923 1.91009 1.65234
v 0.923 2.139 1.65226
v 0.91982 2.31754 1.65305
v 0.923 2.31754 1.6522
v 0.923 2.13916 2.09507
v 0.923 1.91025 2.09515
v 0.91982 1.91024 2.07629
v 0.91982 2.13915 2.07621
v 0.923 2.31769 2.09501
v 0.91982 2.31768 2.07615
v 0.923 1.91009 1.65234
v 0.91982 1.91009 1.65319
v 0.91982 1.91024 2.07629
v 0.923 1.91025 2.09515
v 1.52341 1.9101 1.6745
v 1.52341 1.91025 2.09515
v 1.5266 1.9101 1.67769
v 1.5266 1.91024 2.07629
v 1.52341 2.31755 1.67436
v 0.923 2.31754 1.6522
v 0.923 2.31753 1.64092
v 1.52341 2.31753 1.64092
v 0.91982 2.2906 2.06613
v 0.91982 2.14915 2.06618
v 1.23139 2.14915 2.06618
v 1.23139 2.2906 2.06613
v 1.23139 2.14902 1.68764
v 1.23139 2.29047 1.68759
v 1.23139 2.2906 2.06613
v 1.23139 2.14915 2.06618
v 1.23139 1.94003 1.68771
v 1.23139 2.12902 1.68765
v 1.23139 2.12915 2.06618
v 1.23139 1.94017 2.06625
v 0.91982 2.14915 2.06618
v 0.91982 2.14902 1.68764
v 1.23139 2.14902 1.68764
v 1.23139 2.14915 2.06618
v 0.91982 1.94003 1.68771
v 0.91982 2.12902 1.68765
v 1.23139 2.12902 1.68765
v 1.23139 1.94003 1.68771
v 0.91982 2.29047 1.68759
v 0.91982 2.2906 2.06613
v 1.23139 2.2906 2.06613
v 1.23139 2.29047 1.68759
v 0.91982 2.12902 1.68765
v 0.91982 2.12915 2.06618
v 1.23139 2.12915 2.06618
v 1.23139 2.12902 1.68765
v 0.91982 1.94017 2.06625
v 0.91982 1.94003 1.68771
v 1.23139 1.94003 1.68771
v 1.23139 1.94017 2.06625
v 0.91982 2.14902 1.68764
v 0.91982 2.29047 1.68759
v 1.23139 2.29047 1.68759
v 1.23139 2.14902 1.68764
v 1.52341 2.139 1.64098
v 1.52341 2.31753 1.64092
v 0.923 2.31753 1.64092
v 0.923 2.139 1.64098
v 1.52341 1.91009 1.64106
v 0.923 1.91009 1.64106
v 1.52341 2.13901 1.67442
v 1.52341 2.31755 1.67436
v 1.52341 2.31753 1.64092
v 1.52341 2.139 1.64098
v 1.52341 1.9101 1.6745
v 1.52341 1.91009 1.64106
v 0.923 1.91009 1.65234
v 1.52341 1.9101 1.6745
v 1.52341 1.91009 1.64106
v 0.923 1.91009 1.64106
v 0.923 2.13926 2.39475
v 0.923 2.3178 2.39469
v 1.52341 2.3178 2.39469
v 1.52341 2.13926 2.39475
v 0.923 1.46297 2.39499
v 1.52341 1.46297 2.39499
v 1.5266 2.13925 2.37737
v 1.5266 2.31779 2.37731
v 1.5266 2.3177 2.11997
v 1.5266 2.13917 2.12004
v 1.5266 1.46296 2.37761
v 1.5266 1.46287 2.12027
v 0.91982 2.12925 2.36813
v 0.91982 1.49289 2.36835
v 1.23139 1.49289 2.36835
v 1.23139 2.12925 2.36813
v 0.923 2.3177 2.11703
v 0.923 2.13915 2.08628
v 0.923 2.31769 2.08622
v 0.923 2.13916 2.11709
v 0.923 1.46286 2.08651
v 0.923 1.46287 2.11732
v 1.52341 2.13926 2.39475
v 1.52341 2.3178 2.39469
v 1.5266 2.31779 2.37731
v 1.5266 2.13925 2.37737
v 1.52341 1.46297 2.39499
v 1.5266 1.46296 2.37761
v 1.52341 2.13916 2.11709
v 1.52341 1.46287 2.11732
v 1.5266 1.46287 2.12027
v 1.5266 2.13917 2.12004
v 1.52341 2.3177 2.11703
v 1.5266 2.3177 2.11997
v 0.91982 2.13917 2.12004
v 0.91982 1.46287 2.12027
v 0.923 1.46287 2.11732
v 0.923 2.13916 2.11709
v 0.91982 2.3177 2.11997
v 0.923 2.3177 2.11703
v 0.923 2.13926 2.39475
v 0.923 1.46297 2.39499
v 0.91982 1.46296 2.37761
v 0.91982 2.13925 2.37737
v 0.923 2.3178 2.39469
v 0.91982 2.31779 2.37731
v 0.923 1.46287 2.11732
v 0.91982 1.46287 2.12027
v 0.91982 1.46296 2.37761
v 0.923 1.46297 2.39499
v 1.52341 1.46287 2.11732
v 1.52341 1.46297 2.39499
v 1.5266 1.46287 2.12027
v 1.5266 1.46296 2.37761
v 1.52341 2.3177 2.11703
v 0.923 2.3177 2.11703
v 0.923 2.31769 2.08622
v 1.52341 2.31769 2.08622
v 0.91982 2.2907 2.36808
v 0.91982 2.14925 2.36813
v 1.23139 2.14925 2.36813
v 1.23139 2.2907 2.36808
v 1.23139 2.14917 2.12927
v 1.23139 2.29062 2.12923
v 1.23139 2.2907 2.36808
v 1.23139 2.14925 2.36813
v 1.23139 1.49281 2.1295
v 1.23139 2.12917 2.12928
v 1.23139 2.12925 2.36813
v 1.23139 1.49289 2.36835
v 0.91982 2.14925 2.36813
v 0.91982 2.14917 2.12927
v 1.23139 2.14917 2.12927
v 1.23139 2.14925 2.36813
v 0.91982 1.49281 2.1295
v 0.91982 2.12917 2.12928
v 1.23139 2.12917 2.12928
v 1.23139 1.49281 2.1295
v 0.91982 2.29062 2.12923
v 0.91982 2.2907 2.36808
v 1.23139 2.2907 2.36808
v 1.23139 2.29062 2.12923
v 0.91982 2.12917 2.12928
v 0.91982 2.12925 2.36813
v 1.23139 2.12925 2.36813
v 1.23139 2.12917 2.12928
v 0.91982 1.49289 2.36835
v 0.91982 1.49281 2.1295
v 1.23139 1.49281 2.1295
v 1.23139 1.49289 2.36835
v 0.91982 2.14917 2.12927
v 0.91982 2.29062 2.12923
v 1.23139 2.29062 2.12923
v 1.23139 2.14917 2.12927
v 1.52341 2.13915 2.08628
v 1.52341 2.31769 2.08622
v 0.923 2.31769 2.08622
v 0.923 2.13915 2.08628
v 1.52341 1.46286 2.08651
v 0.923 1.46286 2.08651
v 1.52341 2.13916 2.11709
v 1.52341 2.3177 2.11703
v 1.52341 2.31769 2.08622
v 1.52341 2.13915 2.08628
v 1.52341 1.46287 2.11732
v 1.52341 1.46286 2.08651
v 0.923 1.46287 2.11732
v 1.52341 1.46287 2.11732
v 1.52341 1.46286 2.08651
v 0.923 1.46286 2.08651
v 0.923 2.13937 2.70116
v 0.923 2.3179 2.7011
v 1.52341 2.3179 2.7011
v 1.52341 2.13937 2.70116
v 0.923 1.46308 2.7014
v 1.52341 1.46308 2.7014
v 1.5266 2.13936 2.68378
v 1.5266 2.3179 2.68372
v 1.5266 2.31781 2.42638
v 1.5266 2.13927 2.42645
v 1.5266 1.46307 2.68402
v 1.5266 1.46298 2.42668
v 0.91982 2.12936 2.67454
v 0.91982 1.493 2.67476
v 1.23139 1.493 2.67476
v 1.23139 2.12936 2.67454
v 0.923 2.31781 2.42344
v 0.923 2.13926 2.39269
v 0.923 2.31779 2.39263
v 0.923 2.13927 2.4235
v 0.923 1.46297 2.39292
v 0.923 1.46298 2.42373
v 1.52341 2.13937 2.70116
v 1.52341 2.3179 2.7011
v 1.5266 2.3179 2.68372
v 1.5266 2.13936 2.68378
v 1.52341 1.46308 2.7014
v 1.5266 1.46307 2.68402
v 1.52341 2.13927 2.4235
v 1.52341 1.46298 2.42373
v 1.5266 1.46298 2.42668
v 1.5266 2.13927 2.42645
v 1.52341 2.31781 2.42344
v 1.5266 2.31781 2.42638
v 0.91982 2.13927 2.42645
v 0.91982 1.46298 2.42668
v 0.923 1.46298 2.42373
v 0.923 2.13927 2.4235
v 0.91982 2.31781 2.42638
v 0.923 2.31781 2.42344
v 0.923 2.13937 2.70116
v 0.923 1.46308 2.7014
v 0.91982 1.46307 2.68402
v 0.91982 2.13936 2.68378
v 0.923 2.3179 2.7011
v 0.91982 2.3179 2.68372
v 0.923 1.46298 2.42373
v 0.91982 1.46298 2.42668
v 0.91982 1.46307 2.68402
v 0.923 1.46308 2.7014
v 1.52341 1.46298 2.42373
v 1.52341 1.46308 2.7014
v 1.5266 1.46298 2.42668
v 1.5266 1.46307 2.68402
v 1.52341 2.31781 2.42344
v 0.923 2.31781 2.42344
v 0.923 2.31779 2.39263
v 1.52341 2.31779 2.39263
v 0.91982 2.29081 2.67449
v 0.91982 2.14936 2.67454
v 1.23139 2.14936 2.67454
v 1.23139 2.29081 2.67449
v 1.23139 2.14928 2.43568
v 1.23139 2.29073 2.43564
v 1.23139 2.29081 2.67449
v 1.23139 2.14936 2.67454
v 1.23139 1.49291 2.43591
v 1.23139 2.12928 2.43569
v 1.23139 2.12936 2.67454
v 1.23139 1.493 2.67476
v 0.91982 2.14936 2.67454
v 0.91982 2.14928 2.43568
v 1.23139 2.14928 2.43568
v 1.23139 2.14936 2.67454
v 0.91982 1.49291 2.43591
v 0.91982 2.12928 2.43569
v 1.23139 2.12928 2.43569
v 1.23139 1.49291 2.43591
v 0.91982 2.29073 2.43564
v 0.91982 2.29081 2.67449
v 1.23139 2.29081 2.67449
v 1.23139 2.29073 2.43564
v 0.91982 2.12928 2.43569
v 0.91982 2.12936 2.67454
v 1.23139 2.12936 2.67454
v 1.23139 2.12928 2.43569
v 0.91982 1.493 2.67476
v 0.91982 1.49291 2.43591
v 1.23139 1.49291 2.43591
v 1.23139 1.493 2.67476
v 0.91982 2.14928 2.43568
v 0.91982 2.29073 2.43564
v 1.23139 2.29073 2.43564
v 1.23139 2.14928 2.43568
v 1.52341 2.13926 2.39269
v 1.52341 2.31779 2.39263
v 0.923 2.31779 2.39263
v 0.923 2.13926 2.39269
v 1.52341 1.46297 2.39292
v 0.923 1.46297 2.39292
v 1.52341 2.13927 2.4235
v 1.52341 2.31781 2.42344
v 1.52341 2.31779 2.39263
v 1.52341 2.13926 2.39269
v 1.52341 1.46298 2.42373
v 1.52341 1.46297 2.39292
v 0.923 1.46298 2.42373
v 1.52341 1.46298 2.42373
v 1.52341 1.46297 2.39292
v 0.923 1.46297 2.39292
v 0.923 2.10541 -0.34269
v 1.52341 2.31657 -0.34277
v 0.923 2.31657 -0.34277
v 1.52341 2.10541 -0.34269
v 0.923 1.78248 -0.34258
v 1.52341 1.78248 -0.34258
v 1.5266 2.10541 -0.32301
v 1.5266 2.31672 0.09307
v 1.5266 2.31658 -0.32309
v 1.5266 2.10556 0.09315
v 1.5266 1.78249 -0.3229
v 1.5266 1.78263 0.09326
v 0.91982 2.09359 -0.31254
v 1.23139 2.09359 -0.31254
v 1.23139 1.81789 -0.31245
v 0.91982 1.81789 -0.31245
v 0.923 2.31672 0.09221
v 0.923 2.31672 0.10349
v 0.923 2.10556 0.10356
v 0.923 2.10556 0.09228
v 0.923 1.78263 0.10368
v 0.923 1.78263 0.09239
v 1.52341 2.10541 -0.34269
v 1.5266 2.31658 -0.32309
v 1.52341 2.31657 -0.34277
v 1.5266 2.10541 -0.32301
v 1.52341 1.78248 -0.34258
v 1.5266 1.78249 -0.3229
v 1.52341 2.10556 0.09383
v 1.5266 1.78263 0.09326
v 1.52341 1.78263 0.09394
v 1.5266 2.10556 0.09315
v 1.52341 2.31672 0.09376
v 1.5266 2.31672 0.09307
v 0.91982 2.10556 0.09143
v 0.923 1.78263 0.09239
v 0.91982 1.78263 0.09155
v 0.923 2.10556 0.09228
v 0.91982 2.31672 0.09136
v 0.923 2.31672 0.09221
v 0.923 2.10541 -0.34269
v 0.91982 1.78249 -0.3229
v 0.923 1.78248 -0.34258
v 0.91982 2.10541 -0.32301
v 0.923 2.31657 -0.34277
v 0.91982 2.31658 -0.32309
v 0.923 1.78248 -0.34258
v 0.91982 1.78249 -0.3229
v 0.91982 1.78263 0.09155
v 0.923 1.78263 0.09239
v 1.52341 1.78248 -0.34258
v 1.52341 1.78263 0.09394
v 1.5266 1.78249 -0.3229
v 1.5266 1.78263 0.09326
v 1.52341 2.31672 0.09376
v 1.52341 2.31672 0.1009
v 0.923 2.31672 0.10349
v 0.923 2.31672 0.09221
v 0.91982 2.28455 -0.31261
v 1.23139 2.28455 -0.31261
v 1.23139 2.11725 -0.31255
v 0.91982 2.11725 -0.31255
v 1.23139 2.11737 0.05689
v 1.23139 2.11725 -0.31255
v 1.23139 2.28455 -0.31261
v 1.23139 2.28468 0.05684
v 1.23139 1.81802 0.057
v 1.23139 1.81789 -0.31245
v 1.23139 2.09359 -0.31254
v 1.23139 2.09372 0.0569
v 0.91982 2.11725 -0.31255
v 1.23139 2.11725 -0.31255
v 1.23139 2.11737 0.05689
v 0.91982 2.11737 0.05689
v 0.91982 1.81802 0.057
v 1.23139 1.81802 0.057
v 1.23139 2.09372 0.0569
v 0.91982 2.09372 0.0569
v 0.91982 2.28468 0.05684
v 1.23139 2.28468 0.05684
v 1.23139 2.28455 -0.31261
v 0.91982 2.28455 -0.31261
v 0.91982 2.09372 0.0569
v 1.23139 2.09372 0.0569
v 1.23139 2.09359 -0.31254
v 0.91982 2.09359 -0.31254
v 0.91982 1.81789 -0.31245
v 1.23139 1.81789 -0.31245
v 1.23139 1.81802 0.057
v 0.91982 1.81802 0.057
v 0.91982 2.11737 0.05689
v 1.23139 2.11737 0.05689
v 1.23139 2.28468 0.05684
v 0.91982 2.28468 0.05684
v 1.52341 2.10556 0.10098
v 0.923 2.31672 0.10349
v 1.52341 2.31672 0.1009
v 0.923 2.10556 0.10356
v 1.52341 1.78263 0.10109
v 0.923 1.78263 0.10368
v 1.52341 2.10556 0.09383
v 1.52341 2.31672 0.1009
v 1.52341 2.31672 0.09376
v 1.52341 2.10556 0.10098
v 1.52341 1.78263 0.09394
v 1.52341 1.78263 0.10109
v 0.923 1.78263 0.09239
v 0.923 1.78263 0.10368
v 1.52341 1.78263 0.10109
v 1.52341 1.78263 0.09394
v 0.923 2.10573 0.59793
v 0.923 2.31689 0.59786
v 1.52341 2.31689 0.59786
v 1.52341 2.10573 0.59793
v 0.923 1.7828 0.59804
v 1.52341 1.7828 0.59804
v 1.5266 2.10573 0.57825
v 1.5266 2.31689 0.57818
v 1.5266 2.31672 0.10732
v 1.5266 2.10556 0.1074
v 1.5266 1.7828 0.57836
v 1.5266 1.78263 0.10751
v 0.91982 2.0939 0.56779
v 0.91982 1.81819 0.56788
v 1.23139 1.81819 0.56788
v 1.23139 2.0939 0.56779
v 0.923 2.31672 0.10819
v 0.923 2.10556 0.09698
v 0.923 2.31672 0.09691
v 0.923 2.10556 0.10826
v 0.923 1.78263 0.09709
v 0.923 1.78263 0.10837
v 1.52341 2.10573 0.59793
v 1.52341 2.31689 0.59786
v 1.5266 2.31689 0.57818
v 1.5266 2.10573 0.57825
v 1.52341 1.7828 0.59804
v 1.5266 1.7828 0.57836
v 1.52341 2.10556 0.10671
v 1.52341 1.78263 0.10683
v 1.5266 1.78263 0.10751
v 1.5266 2.10556 0.1074
v 1.52341 2.31672 0.10664
v 1.5266 2.31672 0.10732
v 0.91982 2.10556 0.10911
v 0.91982 1.78263 0.10922
v 0.923 1.78263 0.10837
v 0.923 2.10556 0.10826
v 0.91982 2.31673 0.10904
v 0.923 2.31672 0.10819
v 0.923 2.10573 0.59793
v 0.923 1.7828 0.59804
v 0.91982 1.7828 0.57836
v 0.91982 2.10573 0.57825
v 0.923 2.31689 0.59786
v 0.91982 2.31689 0.57818
v 0.923 1.78263 0.10837
v 0.91982 1.78263 0.10922
v 0.91982 1.7828 0.57836
v 0.923 1.7828 0.59804
v 1.52341 1.78263 0.10683
v 1.52341 1.7828 0.59804
v 1.5266 1.78263 0.10751
v 1.5266 1.7828 0.57836
v 1.52341 2.31672 0.10664
v 0.923 2.31672 0.10819
v 0.923 2.31672 0.09691
v 1.52341 2.31672 0.0995
v 0.91982 2.28485 0.56772
v 0.91982 2.11755 0.56778
v 1.23139 2.11755 0.56778
v 1.23139 2.28485 0.56772
v 1.23139 2.1174 0.14364
v 1.23139 2.2847 0.14358
v 1.23139 2.28485 0.56772
v 1.23139 2.11755 0.56778
v 1.23139 1.81805 0.14375
v 1.23139 2.09375 0.14365
v 1.23139 2.0939 0.56779
v 1.23139 1.81819 0.56788
v 0.91982 2.11755 0.56778
v 0.91982 2.1174 0.14364
v 1.23139 2.1174 0.14364
v 1.23139 2.11755 0.56778
v 0.91982 1.81805 0.14375
v 0.91982 2.09375 0.14365
v 1.23139 2.09375 0.14365
v 1.23139 1.81805 0.14375
v 0.91982 2.2847 0.14358
v 0.91982 2.28485 0.56772
v 1.23139 2.28485 0.56772
v 1.23139 2.2847 0.14358
v 0.91982 2.09375 0.14365
v 0.91982 2.0939 0.56779
v 1.23139 2.0939 0.56779
v 1.23139 2.09375 0.14365
v 0.91982 1.81819 0.56788
v 0.91982 1.81805 0.14375
v 1.23139 1.81805 0.14375
v 1.23139 1.81819 0.56788
v 0.91982 2.1174 0.14364
v 0.91982 2.2847 0.14358
v 1.23139 2.2847 0.14358
v 1.23139 2.1174 0.14364
v 1.52341 2.10556 0.09957
v 1.52341 2.31672 0.0995
v 0.923 2.31672 0.09691
v 0.923 2.10556 0.09698
v 1.52341 1.78263 0.09968
v 0.923 1.78263 0.09709
v 1.52341 2.10556 0.10671
v 1.52341 2.31672 0.10664
v 1.52341 2.31672 0.0995
v 1.52341 2.10556 0.09957
v 1.52341 1.78263 0.10683
v 1.52341 1.78263 0.09968
v 0.923 1.78263 0.10837
v 1.52341 1.78263 0.10683
v 1.52341 1.78263 0.09968
v 0.923 1.78263 0.09709
v 0.91982 2.12899 1.6009
v 0.91982 2.139 1.63543
v 0.91982 1.91009 1.63551
v 0.91982 1.94 1.60097
v 0.91982 1.90994 1.21241
v 0.91982 1.93987 1.22243
v 0.91982 2.13885 1.21233
v 0.91982 2.12886 1.22237
v 0.91982 2.14899 1.60089
v 0.91982 2.29044 1.60084
v 0.91982 2.14886 1.22236
v 0.91982 2.31753 1.63537
v 0.91982 2.31739 1.21227
v 0.91982 2.29031 1.22231
v 0.91982 2.12902 1.68765
v 0.91982 1.94003 1.68771
v 0.91982 1.91009 1.65319
v 0.91982 1.91024 2.07629
v 0.91982 1.94017 2.06625
v 0.91982 2.139 1.65311
v 0.91982 2.13915 2.07621
v 0.91982 2.12915 2.06618
v 0.91982 2.14902 1.68764
v 0.91982 2.29047 1.68759
v 0.91982 2.14915 2.06618
v 0.91982 2.31754 1.65305
v 0.91982 2.31768 2.07615
v 0.91982 2.2906 2.06613
v 0.91982 2.12917 2.12928
v 0.91982 1.49281 2.1295
v 0.91982 1.46287 2.12027
v 0.91982 1.46296 2.37761
v 0.91982 1.49289 2.36835
v 0.91982 2.13917 2.12004
v 0.91982 2.13925 2.37737
v 0.91982 2.12925 2.36813
v 0.91982 2.14917 2.12927
v 0.91982 2.29062 2.12923
v 0.91982 2.14925 2.36813
v 0.91982 2.3177 2.11997
v 0.91982 2.31779 2.37731
v 0.91982 2.2907 2.36808
v 0.91982 2.12928 2.43569
v 0.91982 1.49291 2.43591
v 0.91982 1.46298 2.42668
v 0.91982 1.46307 2.68402
v 0.91982 1.493 2.67476
v 0.91982 2.13927 2.42645
v 0.91982 2.13936 2.68378
v 0.91982 2.12936 2.67454
v 0.91982 2.14928 2.43568
v 0.91982 2.29073 2.43564
v 0.91982 2.14936 2.67454
v 0.91982 2.31781 2.42638
v 0.91982 2.3179 2.68372
v 0.91982 2.29081 2.67449
v 0.91982 2.09372 0.0569
v 0.91982 2.10556 0.09143
v 0.91982 1.78263 0.09155
v 0.91982 1.81802 0.057
v 0.91982 1.78249 -0.3229
v 0.91982 1.81789 -0.31245
v 0.91982 2.10541 -0.32301
v 0.91982 2.09359 -0.31254
v 0.91982 2.11737 0.05689
v 0.91982 2.28468 0.05684
v 0.91982 2.11725 -0.31255
v 0.91982 2.31672 0.09136
v 0.91982 2.31658 -0.32309
v 0.91982 2.28455 -0.31261
v 0.91982 2.09375 0.14365
v 0.91982 1.81805 0.14375
v 0.91982 1.78263 0.10922
v 0.91982 1.7828 0.57836
v 0.91982 1.81819 0.56788
v 0.91982 2.10556 0.10911
v 0.91982 2.10573 0.57825
v 0.91982 2.0939 0.56779
v 0.91982 2.1174 0.14364
v 0.91982 2.2847 0.14358
v 0.91982 2.11755 0.56778
v 0.91982 2.31673 0.10904
v 0.91982 2.31689 0.57818
v 0.91982 2.28485 0.56772
vn 1.394583 1.330294 0.5107339
vn 1.394583 1.330294 0.5107339
vn 1.394583 1.330294 0.5107339
vn 1.293041 1.311088 0.6342415
vn 1.293041 1.311088 0.6342415
vn 1.293041 1.311088 0.6342415
vn 1.01281 1.33029 0.5107361
vn 1.01281 1.33029 0.5107361
vn 1.01281 1.33029 0.5107361
vn 0.9622395 1.349761 0.5451356
vn 0.9622395 1.349761 0.5451356
vn 0.9622395 1.349761 0.5451356
vn 1.20369 1.296846 0.5435623
vn 1.203689 1.296846 0.543562
vn 1.203472 1.296846 0.5435675
vn 1.203472 1.296846 0.5435675
vn 1.20369 1.296846 0.5435624
vn 1.20369 1.296846 0.5435623
vn 1.394568 1.330255 0.5113091
vn 1.394568 1.330255 0.5113091
vn 1.394568 1.330255 0.5113091
vn 1.293096 1.310834 0.6326031
vn 1.293096 1.310834 0.6326031
vn 1.293096 1.310834 0.6326031
vn 1.012808 1.330256 0.5113084
vn 1.012808 1.330256 0.5113084
vn 1.012808 1.330256 0.5113084
vn 1.194363 2.450415 0.5782632
vn 1.194363 2.450415 0.5782632
vn 1.194363 2.450415 0.5782632
vn 1.394591 1.330286 0.5757937
vn 1.394591 1.330286 0.5757937
vn 1.394591 1.330286 0.5757937
vn 1.293082 1.31078 0.4544529
vn 1.293082 1.31078 0.4544529
vn 1.293082 1.31078 0.4544529
vn 1.012806 1.33028 0.5758042
vn 1.012806 1.33028 0.5758042
vn 1.012806 1.33028 0.5758042
vn 1.19437 2.450394 0.5081138
vn 1.19437 2.450394 0.5081138
vn 1.19437 2.450394 0.5081138
vn 1.394517 1.330431 0.5785453
vn 1.394517 1.330431 0.5785453
vn 1.394517 1.330431 0.5785453
vn 1.292906 1.311965 0.4470807
vn 1.292906 1.311965 0.4470807
vn 1.292906 1.311965 0.4470807
vn 1.012863 1.330431 0.5785453
vn 1.012863 1.330431 0.5785453
vn 1.012863 1.330431 0.5785453
vn 1.114477 1.311957 0.4471228
vn 1.114477 1.311957 0.4471228
vn 1.114477 1.311957 0.4471228
vn 1.394512 1.330427 0.5785166
vn 1.394512 1.330427 0.5785166
vn 1.394512 1.330427 0.5785166
vn 1.292894 1.311968 0.4470516
vn 1.292894 1.311968 0.4470516
vn 1.292894 1.311968 0.4470516
vn 1.012868 1.330427 0.5785166
vn 1.012868 1.330427 0.5785166
vn 1.012868 1.330427 0.5785166
vn 1.114486 1.311968 0.4470516
vn 1.114486 1.311968 0.4470516
vn 1.114486 1.311968 0.4470516
vn 1.424607 1.341973 0.5077534
vn 1.424607 1.341973 0.5077534
vn 1.424607 1.341973 0.5077534
vn 1.284413 1.444205 0.9200922
vn 1.284413 1.444205 0.9200923
vn 1.284413 1.444205 0.9200922
vn 0.9827952 1.341964 0.5077507
vn 0.9827952 1.341964 0.5077507
vn 0.9827952 1.341964 0.5077507
vn 1.192691 2.449964 0.584632
vn 1.192691 2.449964 0.584632
vn 1.192691 2.449964 0.584632
vn 1.424578 1.341985 0.5793305
vn 1.424578 1.341985 0.5793304
vn 1.424578 1.341985 0.5793305
vn 1.284406 1.443974 0.166896
vn 1.284406 1.443974 0.166896
vn 1.284406 1.443974 0.166896
vn 0.9828204 1.341978 0.57934
vn 0.9828205 1.341978 0.57934
vn 0.9828205 1.341978 0.57934
vn 1.192638 2.449935 0.5017019
vn 1.192638 2.449935 0.5017019
vn 1.192638 2.449935 0.5017019
vn 1.20369 1.873996 -0.0339874
vn 1.20369 1.873996 -0.0339874
vn 1.20369 1.873996 -0.0339874
vn 1.20369 1.873996 -0.0339874
vn 1.20369 1.873996 -0.0339874
vn 1.20369 1.873996 -0.0339874
vn 1.78104 1.874196 0.5433629
vn 1.78104 1.874196 0.5433629
vn 1.78104 1.874196 0.5433629
vn 1.78104 1.874196 0.5433629
vn 1.78104 1.874196 0.5433629
vn 1.78104 1.874196 0.5433629
vn 1.20369 1.874395 1.120713
vn 1.20369 1.874395 1.120713
vn 1.20369 1.874395 1.120713
vn 1.20369 1.874395 1.120713
vn 0.6263399 1.874196 0.5433629
vn 0.6263399 1.874196 0.5433629
vn 0.6263399 1.874196 0.5433629
vn 0.6263399 1.874196 0.5433629
vn 0.6263399 1.874196 0.5433629
vn 0.6263523 1.874197 0.5471501
vn 0.6263523 1.874197 0.5471497
vn 0.6263523 1.874197 0.5471497
vn 0.6263523 1.874197 0.54715
vn 0.6263399 1.874196 0.5433629
vn 0.6263399 1.874196 0.5433629
vn 0.6263399 1.874196 0.5433629
vn 0.6263399 1.874196 0.5433629
vn 0.6263399 1.874198 0.5433629
vn 0.6263399 1.874198 0.5433629
vn 0.6263399 1.874196 0.5433629
vn 0.6263399 1.874196 0.5433629
vn 0.6263399 1.874196 0.5433629
vn 0.6263399 1.874196 0.5433629
vn 0.6263399 1.874196 0.5433629
vn 1.772686 1.874162 0.4455004
vn 1.772686 1.874161 0.4454994
vn 1.772686 1.874161 0.4454994
vn 1.772686 1.874162 0.4455005
vn 1.772686 1.874162 0.4455005
vn 1.772686 1.874162 0.4455005
vn 1.608899 1.874338 0.9546278
vn 1.608895 1.874338 0.9546319
vn 1.608895 1.874338 0.9546319
vn 1.608899 1.874338 0.9546276
vn 1.608915 1.874338 0.9546123
vn 1.608915 1.874338 0.9546119
vn 0.6346939 1.874162 0.445503
vn 0.634694 1.874162 0.4455023
vn 0.634694 1.874162 0.4455023
vn 0.6346939 1.874162 0.445503
vn 0.634694 1.874162 0.4455024
vn 0.634694 1.874162 0.4455023
vn 1.20369 1.296846 0.5435624
vn 1.20369 1.296846 0.5435619
vn 1.20369 1.296846 0.5435623
vn 1.20369 1.296846 0.5435621
vn 1.203692 1.296846 0.5435622
vn 1.203693 1.296846 0.5435625
vn 1.20369 2.451546 0.5431693
vn 1.20369 2.451546 0.5431695
vn 1.20369 2.451546 0.543164
vn 1.20369 2.451546 0.5431638
vn 1.20369 1.874396 1.120713
vn 1.20369 1.874396 1.120713
vn 1.20369 1.874396 1.120713
vn 1.20369 1.874396 1.120713
vn 0.6263399 1.874196 0.5433629
vn 0.6263399 1.874196 0.5433629
vn 0.6263399 1.874196 0.5433629
vn 0.6263399 1.874196 0.5433629
vn 0.6263399 1.874196 0.5433629
vn 0.6263399 1.874196 0.5433629
vn 0.6263399 1.874196 0.5433629
vn 0.6263399 1.874196 0.5433629
vn 1.20369 2.451546 0.5431634
vn 1.20369 2.451546 0.5431633
vn 1.20369 2.451546 0.5431635
vn 1.20369 2.451546 0.5431637
vn 1.20369 1.873996 -0.0339874
vn 1.20369 1.873996 -0.0339874
vn 1.20369 1.873996 -0.0339874
vn 1.20369 1.873996 -0.0339874
vn 1.20369 1.296846 0.5435627
vn 1.20369 1.296846 0.5435628
vn 1.20369 1.296846 0.5435625
vn 1.20369 1.296846 0.5435624
vn 1.20369 1.296846 0.5435624
vn 1.20369 1.296846 0.5435624
vn 1.20369 1.296846 0.5435624
vn 1.20369 1.296846 0.5435624
vn 1.20369 2.451546 0.5431637
vn 1.20369 2.451546 0.5431637
vn 1.20369 2.451546 0.5431637
vn 1.20369 2.451546 0.5431637
vn 1.20369 1.873996 -0.0339874
vn 1.20369 1.873996 -0.0339874
vn 1.20369 1.873996 -0.0339874
vn 1.20369 1.873996 -0.0339874
vn 1.20369 1.874395 1.120713
vn 1.20369 1.874395 1.120713
vn 1.20369 1.874395 1.120713
vn 1.20369 1.874395 1.120713
vn 1.20369 1.874395 1.120713
vn 1.20369 1.874395 1.120713
vn 1.78104 1.874196 0.5433629
vn 1.78104 1.874196 0.5433629
vn 1.78104 1.874196 0.5433629
vn 1.78104 1.874196 0.5433629
vn 1.78104 1.874196 0.5433629
vn 1.78104 1.874196 0.5433629
vn 1.20369 1.296846 0.5435624
vn 1.20369 1.296846 0.5435619
vn 1.20369 1.296846 0.5435565
vn 1.20369 1.296846 0.5435619
vn 1.20369 1.873996 -0.0339874
vn 1.20369 1.873996 -0.0339874
vn 1.20369 1.873996 -0.0339874
vn 1.20369 1.873996 -0.0339874
vn 1.20369 1.873996 -0.0339874
vn 1.20369 1.873996 -0.0339874
vn 1.78104 1.874196 0.5433629
vn 1.78104 1.874196 0.5433629
vn 1.78104 1.874196 0.5433629
vn 1.78104 1.874196 0.5433629
vn 1.78104 1.874196 0.5433629
vn 1.78104 1.874196 0.5433629
vn 1.20369 1.874396 1.120713
vn 1.20369 1.874396 1.120713
vn 1.20369 1.874396 1.120713
vn 1.20369 1.874396 1.120713
vn 0.6263399 1.874196 0.5433629
vn 0.6263399 1.874196 0.5433629
vn 0.6263399 1.874196 0.5433629
vn 0.6263399 1.874196 0.5433629
vn 0.6263399 1.874196 0.5433629
vn 0.6263399 1.874196 0.5433629
vn 1.772972 1.874162 0.4471778
vn 1.772972 1.874163 0.4471774
vn 1.772972 1.874163 0.4471773
vn 1.772972 1.874162 0.4471779
vn 1.772972 1.874163 0.4471794
vn 1.772972 1.874163 0.4471795
vn 1.612569 1.874337 0.9509794
vn 1.612563 1.874337 0.9509859
vn 1.612563 1.874337 0.950986
vn 1.612569 1.874337 0.9509792
vn 1.612579 1.874336 0.9509699
vn 1.612579 1.874336 0.9509698
vn 1.055386 1.874389 1.101341
vn 1.055468 1.874389 1.101362
vn 1.055469 1.874389 1.101363
vn 1.055386 1.874389 1.101341
vn 1.055467 1.874389 1.101362
vn 1.055468 1.874389 1.101362
vn 0.6344079 1.874163 0.4471803
vn 0.6344078 1.874163 0.447181
vn 0.6344078 1.874163 0.447181
vn 0.6344079 1.874163 0.4471804
vn 0.6344078 1.874162 0.4471811
vn 0.6344078 1.874162 0.4471813
vn 1.20369 1.296846 0.5435622
vn 1.203711 1.296846 0.5435628
vn 1.203693 1.296846 0.5435623
vn 1.20369 1.296846 0.5435623
vn 1.20369 1.296846 0.5435624
vn 1.20369 1.296846 0.5435622
vn 1.20367 1.296846 0.5435623
vn 1.203669 1.296846 0.5435625
vn 1.20369 2.451546 0.5431607
vn 1.20369 2.451546 0.5431607
vn 1.20369 2.451546 0.5431629
vn 1.20369 2.451546 0.5431631
vn 1.20369 1.874396 1.120713
vn 1.20369 1.874396 1.120713
vn 1.20369 1.874396 1.120713
vn 1.20369 1.874396 1.120713
vn 0.6263399 1.874195 0.5433629
vn 0.6263399 1.874197 0.5433629
vn 0.6263399 1.874196 0.5433629
vn 0.6263399 1.874195 0.5433629
vn 0.6263399 1.874196 0.5433629
vn 0.6263399 1.874196 0.5433629
vn 0.6263399 1.874196 0.5433629
vn 0.6263399 1.874196 0.5433629
vn 1.20369 2.451546 0.5431635
vn 1.20369 2.451546 0.5431635
vn 1.20369 2.451546 0.5431635
vn 1.20369 2.451546 0.5431635
vn 1.20369 1.873996 -0.0339874
vn 1.20369 1.873996 -0.0339874
vn 1.20369 1.873996 -0.0339874
vn 1.20369 1.873996 -0.0339874
vn 1.20369 1.296846 0.5435625
vn 1.20369 1.296846 0.5435627
vn 1.20369 1.296846 0.5435624
vn 1.20369 1.296846 0.5435622
vn 1.20369 1.296846 0.5435624
vn 1.20369 1.296846 0.5435622
vn 1.20369 1.296846 0.5435625
vn 1.20369 1.296846 0.5435627
vn 1.20369 2.451546 0.5431635
vn 1.20369 2.451546 0.5431635
vn 1.20369 2.451546 0.5431635
vn 1.20369 2.451546 0.5431635
vn 1.20369 1.873996 -0.0339874
vn 1.20369 1.873996 -0.0339874
vn 1.20369 1.873996 -0.0339874
vn 1.20369 1.873996 -0.0339874
vn 1.20369 1.874395 1.120713
vn 1.20369 1.874395 1.120713
vn 1.20369 1.874395 1.120713
vn 1.20369 1.874395 1.120713
vn 1.20369 1.874396 1.120713
vn 1.20369 1.874396 1.120713
vn 1.78104 1.874196 0.5433629
vn 1.78104 1.874196 0.5433629
vn 1.78104 1.874196 0.5433629
vn 1.78104 1.874196 0.5433629
vn 1.78104 1.874196 0.5433629
vn 1.78104 1.874196 0.5433629
vn 1.20369 1.296846 0.5435623
vn 1.20369 1.296846 0.5435626
vn 1.20369 1.296846 0.5435594
vn 1.20369 1.296846 0.5435622
vn 1.20369 1.874395 1.120713
vn 1.20369 1.874395 1.120713
vn 1.20369 1.874395 1.120713
vn 1.20369 1.874395 1.120713
vn 1.20369 1.874396 1.120713
vn 1.20369 1.874396 1.120713
vn 1.78104 1.874196 0.5433629
vn 1.78104 1.874196 0.5433629
vn 1.78104 1.874196 0.5433629
vn 1.78104 1.874196 0.5433629
vn 1.78104 1.874196 0.5433629
vn 1.78104 1.874196 0.5433629
vn 1.20369 1.873996 -0.0339874
vn 1.20369 1.873996 -0.0339874
vn 1.20369 1.873996 -0.0339874
vn 1.20369 1.873996 -0.0339874
vn 0.6263399 1.874196 0.5433629
vn 0.6263399 1.874196 0.5433629
vn 0.6263399 1.874196 0.5433629
vn 0.6263399 1.874196 0.5433629
vn 0.6263399 1.874196 0.5433629
vn 0.6263399 1.874196 0.5433629
vn 1.772972 1.874229 0.6395477
vn 1.772972 1.874229 0.6395481
vn 1.772972 1.874229 0.6395482
vn 1.772972 1.874229 0.6395479
vn 1.772971 1.87423 0.639551
vn 1.772971 1.87423 0.6395513
vn 1.612558 1.874055 0.1357352
vn 1.612563 1.874055 0.1357397
vn 1.612563 1.874055 0.1357397
vn 1.612558 1.874055 0.1357354
vn 1.612571 1.874055 0.1357476
vn 1.612571 1.874055 0.1357479
vn 1.055478 1.874003 -0.01463944
vn 1.055365 1.874002 -0.01460922
vn 1.055366 1.874002 -0.01460952
vn 1.055479 1.874003 -0.01463962
vn 1.055404 1.874003 -0.01461959
vn 1.055403 1.874003 -0.01461947
vn 0.6344082 1.874229 0.6395468
vn 0.6344082 1.874229 0.6395468
vn 0.6344082 1.874229 0.6395468
vn 0.6344082 1.874229 0.6395468
vn 0.6344081 1.874229 0.6395459
vn 0.634408 1.874229 0.6395459
vn 1.20369 1.296846 0.5435622
vn 1.203688 1.296846 0.5435624
vn 1.203698 1.296846 0.5435626
vn 1.20369 1.296846 0.5435623
vn 1.20369 1.296846 0.5435625
vn 1.20369 1.296846 0.5435624
vn 1.203683 1.296846 0.5435619
vn 1.203683 1.296846 0.5435629
vn 1.20369 2.451546 0.5431607
vn 1.20369 2.451546 0.5431631
vn 1.20369 2.451546 0.5431629
vn 1.20369 2.451546 0.5431607
vn 1.20369 1.873996 -0.0339874
vn 1.20369 1.873996 -0.0339874
vn 1.20369 1.873996 -0.0339874
vn 1.20369 1.873996 -0.0339874
vn 0.6263399 1.874196 0.5433629
vn 0.6263399 1.874197 0.5433629
vn 0.6263399 1.874195 0.5433629
vn 0.6263399 1.874195 0.5433629
vn 0.6263399 1.874196 0.5433629
vn 0.6263399 1.874196 0.5433629
vn 0.6263399 1.874196 0.5433629
vn 0.6263399 1.874196 0.5433629
vn 1.20369 2.451546 0.5431632
vn 1.20369 2.451546 0.5431635
vn 1.20369 2.451546 0.5431633
vn 1.20369 2.451546 0.543163
vn 1.20369 1.874395 1.120713
vn 1.20369 1.874395 1.120713
vn 1.20369 1.874395 1.120713
vn 1.20369 1.874395 1.120713
vn 1.20369 1.296846 0.5435622
vn 1.20369 1.296846 0.5435627
vn 1.20369 1.296846 0.5435622
vn 1.20369 1.296846 0.5435617
vn 1.20369 1.296846 0.5435625
vn 1.20369 1.296846 0.5435622
vn 1.20369 1.296846 0.5435624
vn 1.20369 1.296846 0.5435627
vn 1.20369 2.451546 0.5431635
vn 1.20369 2.451546 0.543164
vn 1.20369 2.451546 0.5431635
vn 1.20369 2.451546 0.543163
vn 1.20369 1.874396 1.120713
vn 1.20369 1.874396 1.120713
vn 1.20369 1.874396 1.120713
vn 1.20369 1.874396 1.120713
vn 1.20369 1.873996 -0.0339874
vn 1.20369 1.873996 -0.0339874
vn 1.20369 1.873996 -0.0339874
vn 1.20369 1.873996 -0.0339874
vn 1.20369 1.873996 -0.0339874
vn 1.20369 1.873996 -0.0339874
vn 1.78104 1.874196 0.5433629
vn 1.78104 1.874196 0.5433629
vn 1.78104 1.874196 0.5433629
vn 1.78104 1.874196 0.5433629
vn 1.78104 1.874195 0.5433629
vn 1.78104 1.874195 0.5433629
vn 1.20369 1.296846 0.5435622
vn 1.20369 1.296846 0.5435625
vn 1.20369 1.296846 0.543565
vn 1.20369 1.296846 0.5435626
vn 1.20369 1.874395 1.120713
vn 1.20369 1.874394 1.120713
vn 1.20369 1.874394 1.120713
vn 1.20369 1.874395 1.120713
vn 1.20369 1.874396 1.120713
vn 1.20369 1.874396 1.120713
vn 1.78104 1.874196 0.5433629
vn 1.78104 1.874196 0.5433629
vn 1.78104 1.874196 0.5433629
vn 1.78104 1.874196 0.5433629
vn 1.78104 1.874196 0.5433629
vn 1.78104 1.874196 0.5433629
vn 1.20369 1.873996 -0.0339874
vn 1.20369 1.873996 -0.0339874
vn 1.20369 1.873996 -0.0339874
vn 1.20369 1.873996 -0.0339874
vn 0.6263399 1.874196 0.5433629
vn 0.6263399 1.874196 0.5433629
vn 0.6263399 1.874196 0.5433629
vn 0.6263399 1.874196 0.5433629
vn 0.6263399 1.874196 0.5433629
vn 0.6263399 1.874196 0.5433629
vn 1.771572 1.874232 0.647496
vn 1.771572 1.874232 0.6474946
vn 1.771572 1.874232 0.6474946
vn 1.771572 1.874232 0.647496
vn 1.771572 1.874232 0.6474947
vn 1.771572 1.874232 0.6474946
vn 1.595539 1.874049 0.1193493
vn 1.595559 1.874049 0.1193673
vn 1.595559 1.874049 0.1193672
vn 1.595539 1.874049 0.1193492
vn 1.595544 1.874049 0.1193536
vn 1.595544 1.874049 0.1193536
vn 0.8118197 1.874049 0.119369
vn 0.811837 1.874049 0.1193529
vn 0.811837 1.874049 0.119353
vn 0.8118196 1.874049 0.119369
vn 0.8118317 1.87405 0.1193578
vn 0.8118318 1.87405 0.1193578
vn 0.6358078 1.874232 0.6474922
vn 0.6358081 1.874232 0.6474939
vn 0.6358081 1.874232 0.6474938
vn 0.6358078 1.874232 0.6474922
vn 0.6358078 1.874232 0.6474922
vn 0.6358078 1.874232 0.6474922
vn 1.20369 1.296846 0.5435625
vn 1.203709 1.296846 0.5435627
vn 1.203682 1.296846 0.5435619
vn 1.20369 1.296846 0.5435622
vn 1.20369 1.296846 0.5435621
vn 1.20369 1.296846 0.5435617
vn 1.203672 1.296846 0.5435625
vn 1.203701 1.296846 0.5435627
vn 1.20369 2.451546 0.5431676
vn 1.20369 2.451546 0.5431617
vn 1.20369 2.451546 0.5431619
vn 1.20369 2.451546 0.5431678
vn 1.20369 1.873996 -0.0339874
vn 1.20369 1.873996 -0.0339874
vn 1.20369 1.873996 -0.0339874
vn 1.20369 1.873996 -0.0339874
vn 0.6263399 1.874196 0.5433629
vn 0.6263399 1.874196 0.5433629
vn 0.6263399 1.874196 0.5433629
vn 0.6263399 1.874196 0.5433629
vn 0.6263399 1.874196 0.5433629
vn 0.6263399 1.874196 0.5433629
vn 0.6263399 1.874196 0.5433629
vn 0.6263399 1.874196 0.5433629
vn 1.20369 2.451546 0.5431633
vn 1.20369 2.451546 0.5431636
vn 1.20369 2.451546 0.5431632
vn 1.20369 2.451546 0.5431628
vn 1.20369 1.874395 1.120713
vn 1.20369 1.874395 1.120713
vn 1.20369 1.874395 1.120713
vn 1.20369 1.874395 1.120713
vn 1.20369 1.296846 0.5435625
vn 1.20369 1.296846 0.5435629
vn 1.20369 1.296846 0.5435624
vn 1.20369 1.296846 0.5435621
vn 1.20369 1.296846 0.5435624
vn 1.20369 1.296846 0.5435621
vn 1.20369 1.296846 0.5435625
vn 1.20369 1.296846 0.5435629
vn 1.20369 2.451546 0.5431632
vn 1.20369 2.451546 0.5431628
vn 1.20369 2.451546 0.5431633
vn 1.20369 2.451546 0.5431636
vn 1.20369 1.874395 1.120713
vn 1.20369 1.874395 1.120713
vn 1.20369 1.874395 1.120713
vn 1.20369 1.874395 1.120713
vn 1.20369 1.873996 -0.0339874
vn 1.20369 1.873996 -0.0339874
vn 1.20369 1.873996 -0.0339874
vn 1.20369 1.873996 -0.0339874
vn 1.20369 1.873996 -0.0339874
vn 1.20369 1.873996 -0.0339874
vn 1.78104 1.874196 0.5433629
vn 1.78104 1.874195 0.5433629
vn 1.78104 1.874195 0.5433629
vn 1.78104 1.874196 0.5433629
vn 1.78104 1.874196 0.5433629
vn 1.78104 1.874196 0.5433629
vn 1.20369 1.296846 0.5435625
vn 1.20369 1.296846 0.5435621
vn 1.20369 1.296846 0.543564
vn 1.20369 1.296846 0.543564
vn 1.20369 1.874395 1.120713
vn 1.20369 1.874394 1.120713
vn 1.20369 1.874394 1.120713
vn 1.20369 1.874395 1.120713
vn 1.20369 1.874396 1.120713
vn 1.20369 1.874396 1.120713
vn 1.78104 1.874196 0.5433629
vn 1.78104 1.874196 0.5433629
vn 1.78104 1.874196 0.5433629
vn 1.78104 1.874196 0.5433629
vn 1.78104 1.874196 0.5433629
vn 1.78104 1.874196 0.5433629
vn 1.20369 1.873996 -0.0339874
vn 1.20369 1.873996 -0.0339874
vn 1.20369 1.873996 -0.0339874
vn 1.20369 1.873996 -0.0339874
vn 0.6263399 1.874195 0.5433629
vn 0.6263399 1.874196 0.5433629
vn 0.6263399 1.874195 0.5433629
vn 0.6263399 1.874196 0.5433629
vn 0.6263399 1.874196 0.5433629
vn 0.6263399 1.874196 0.5433629
vn 1.771572 1.874232 0.6474934
vn 1.771572 1.874231 0.6474949
vn 1.771572 1.874231 0.6474944
vn 1.771572 1.874232 0.6474932
vn 1.771573 1.874232 0.6474881
vn 1.771573 1.874232 0.6474879
vn 1.595588 1.874049 0.1193947
vn 1.5956 1.874049 0.1194056
vn 1.5956 1.874049 0.1194056
vn 1.595589 1.874049 0.1193947
vn 1.595582 1.874049 0.1193888
vn 1.595583 1.874049 0.1193894
vn 0.8117461 1.874049 0.119437
vn 0.8118163 1.874049 0.119372
vn 0.811816 1.874049 0.1193724
vn 0.811746 1.874049 0.1194371
vn 0.8118311 1.874049 0.1193584
vn 0.8118318 1.874049 0.1193578
vn 0.6358069 1.874232 0.647487
vn 0.6358078 1.874232 0.6474923
vn 0.6358078 1.874232 0.6474921
vn 0.6358068 1.874232 0.6474869
vn 0.6358067 1.874232 0.6474863
vn 0.6358066 1.874232 0.6474859
vn 1.20369 1.296846 0.5435631
vn 1.203654 1.296846 0.5435632
vn 1.203678 1.296846 0.5435619
vn 1.20369 1.296846 0.5435629
vn 1.20369 1.296846 0.5435621
vn 1.20369 1.296846 0.5435624
vn 1.203726 1.296846 0.5435629
vn 1.203701 1.296846 0.5435621
vn 1.20369 2.451546 0.5431676
vn 1.20369 2.451546 0.5431617
vn 1.20369 2.451546 0.5431619
vn 1.20369 2.451546 0.5431678
vn 1.20369 1.873995 -0.0339874
vn 1.20369 1.873995 -0.0339874
vn 1.20369 1.873995 -0.0339874
vn 1.20369 1.873995 -0.0339874
vn 0.6263399 1.874196 0.5433629
vn 0.6263399 1.874196 0.5433629
vn 0.6263399 1.874196 0.5433629
vn 0.6263399 1.874196 0.5433629
vn 0.6263399 1.874196 0.5433629
vn 0.6263399 1.874196 0.5433629
vn 0.6263399 1.874196 0.5433629
vn 0.6263399 1.874196 0.5433629
vn 1.20369 2.451546 0.5431633
vn 1.20369 2.451546 0.5431636
vn 1.20369 2.451546 0.5431632
vn 1.20369 2.451546 0.5431628
vn 1.20369 1.874395 1.120713
vn 1.20369 1.874395 1.120713
vn 1.20369 1.874395 1.120713
vn 1.20369 1.874395 1.120713
vn 1.20369 1.296846 0.5435629
vn 1.20369 1.296846 0.5435629
vn 1.20369 1.296846 0.5435629
vn 1.20369 1.296846 0.5435629
vn 1.20369 1.296846 0.5435625
vn 1.20369 1.296846 0.5435629
vn 1.20369 1.296846 0.5435624
vn 1.20369 1.296846 0.5435621
vn 1.20369 2.451546 0.5431628
vn 1.20369 2.451546 0.5431628
vn 1.20369 2.451546 0.5431628
vn 1.20369 2.451546 0.5431628
vn 1.20369 1.874395 1.120713
vn 1.20369 1.874395 1.120713
vn 1.20369 1.874395 1.120713
vn 1.20369 1.874395 1.120713
vn 1.20369 1.873996 -0.0339874
vn 1.20369 1.873996 -0.0339874
vn 1.20369 1.873996 -0.0339874
vn 1.20369 1.873996 -0.0339874
vn 1.20369 1.873996 -0.0339874
vn 1.20369 1.873996 -0.0339874
vn 1.78104 1.874196 0.5433629
vn 1.78104 1.874196 0.5433629
vn 1.78104 1.874196 0.5433629
vn 1.78104 1.874196 0.5433629
vn 1.78104 1.874196 0.5433629
vn 1.78104 1.874196 0.5433629
vn 1.20369 1.296846 0.5435631
vn 1.20369 1.296846 0.5435621
vn 1.20369 1.296846 0.5435581
vn 1.20369 1.296846 0.543564
vn 1.20369 1.873996 -0.0339874
vn 1.20369 1.873996 -0.0339874
vn 1.20369 1.873996 -0.0339874
vn 1.20369 1.873996 -0.0339874
vn 1.20369 1.873996 -0.0339874
vn 1.20369 1.873996 -0.0339874
vn 1.78104 1.874196 0.5433629
vn 1.78104 1.874196 0.5433629
vn 1.78104 1.874196 0.5433629
vn 1.78104 1.874196 0.5433629
vn 1.78104 1.874196 0.5433629
vn 1.78104 1.874196 0.5433629
vn 1.20369 1.874395 1.120713
vn 1.20369 1.874395 1.120713
vn 1.20369 1.874395 1.120713
vn 1.20369 1.874395 1.120713
vn 0.6263399 1.874195 0.5433629
vn 0.6263399 1.874195 0.5433629
vn 0.6263399 1.874196 0.5433629
vn 0.6263399 1.874196 0.5433629
vn 0.6263399 1.874196 0.5433629
vn 0.6263399 1.874196 0.5433629
vn 1.773616 1.874164 0.4510692
vn 1.773616 1.874163 0.4510691
vn 1.773616 1.874163 0.4510691
vn 1.773616 1.874164 0.4510692
vn 1.773616 1.874164 0.4510685
vn 1.773616 1.874164 0.4510685
vn 1.324718 1.874391 1.107885
vn 1.324694 1.874391 1.10789
vn 1.324693 1.874391 1.107891
vn 1.324718 1.874391 1.107885
vn 1.324718 1.874391 1.107885
vn 1.324718 1.874391 1.107885
vn 1.055352 1.874389 1.101332
vn 1.055352 1.874389 1.101331
vn 1.055352 1.874389 1.101331
vn 1.055352 1.874389 1.101332
vn 1.055327 1.874388 1.101325
vn 1.055326 1.874388 1.101325
vn 0.6337649 1.874164 0.451067
vn 0.633765 1.874164 0.4510665
vn 0.633765 1.874164 0.4510665
vn 0.6337649 1.874164 0.451067
vn 0.6337649 1.874164 0.4510672
vn 0.6337649 1.874164 0.4510673
vn 1.20369 1.296846 0.5435624
vn 1.203679 1.296846 0.5435622
vn 1.203665 1.296846 0.5435624
vn 1.20369 1.296846 0.5435628
vn 1.20369 1.296846 0.5435624
vn 1.20369 1.296846 0.5435622
vn 1.203701 1.296846 0.5435624
vn 1.203678 1.296846 0.5435621
vn 1.20369 2.451546 0.5431786
vn 1.20369 2.451546 0.5431789
vn 1.20369 2.451546 0.5431632
vn 1.20369 2.451546 0.5431631
vn 1.20369 1.874396 1.120713
vn 1.20369 1.874396 1.120713
vn 1.20369 1.874396 1.120713
vn 1.20369 1.874396 1.120713
vn 0.6263399 1.874196 0.5433629
vn 0.6263399 1.874195 0.5433629
vn 0.6263399 1.874195 0.5433629
vn 0.6263399 1.874197 0.5433629
vn 0.6263399 1.874196 0.5433629
vn 0.6263399 1.874196 0.5433629
vn 0.6263399 1.874196 0.5433629
vn 0.6263399 1.874196 0.5433629
vn 1.20369 2.451546 0.5431633
vn 1.20369 2.451546 0.5431635
vn 1.20369 2.451546 0.5431632
vn 1.20369 2.451546 0.543163
vn 1.20369 1.873996 -0.0339874
vn 1.20369 1.873996 -0.0339874
vn 1.20369 1.873996 -0.0339874
vn 1.20369 1.873996 -0.0339874
vn 1.20369 1.296846 0.5435627
vn 1.20369 1.296846 0.5435627
vn 1.20369 1.296846 0.5435627
vn 1.20369 1.296846 0.5435627
vn 1.20369 1.296846 0.5435625
vn 1.20369 1.296846 0.5435627
vn 1.20369 1.296846 0.5435624
vn 1.20369 1.296846 0.5435622
vn 1.20369 2.451546 0.5431633
vn 1.20369 2.451546 0.5431635
vn 1.20369 2.451546 0.5431632
vn 1.20369 2.451546 0.543163
vn 1.20369 1.873996 -0.0339874
vn 1.20369 1.873996 -0.0339874
vn 1.20369 1.873996 -0.0339874
vn 1.20369 1.873996 -0.0339874
vn 1.206179 1.874395 1.120708
vn 1.206179 1.874395 1.120708
vn 1.206179 1.874395 1.120708
vn 1.206179 1.874395 1.120708
vn 1.206179 1.874395 1.120708
vn 1.206179 1.874395 1.120708
vn 1.78104 1.874196 0.5433629
vn 1.78104 1.874196 0.5433629
vn 1.78104 1.874196 0.5433629
vn 1.78104 1.874196 0.5433629
vn 1.78104 1.874196 0.5433629
vn 1.78104 1.874196 0.5433629
vn 1.20369 1.296846 0.5435628
vn 1.20369 1.296846 0.5435793
vn 1.20369 1.296846 0.5435475
vn 1.20369 1.296846 0.5435622
vn 1.20369 1.874395 1.120713
vn 1.20369 1.874395 1.120713
vn 1.20369 1.874395 1.120713
vn 1.20369 1.874395 1.120713
vn 1.20369 1.874395 1.120713
vn 1.20369 1.874395 1.120713
vn 1.78104 1.874196 0.5433629
vn 1.78104 1.874195 0.5433629
vn 1.78104 1.874196 0.5433629
vn 1.78104 1.874196 0.5433629
vn 1.78104 1.874196 0.5433629
vn 1.78104 1.874196 0.5433629
vn 1.20369 1.873996 -0.0339874
vn 1.20369 1.873996 -0.0339874
vn 1.20369 1.873996 -0.0339874
vn 1.20369 1.873996 -0.0339874
vn 0.6263399 1.874196 0.5433629
vn 0.6263399 1.874196 0.5433629
vn 0.6263399 1.874196 0.5433629
vn 0.6263399 1.874196 0.5433629
vn 0.6263399 1.874196 0.5433629
vn 0.6263399 1.874196 0.5433629
vn 1.773616 1.874228 0.6356571
vn 1.773616 1.874227 0.6356577
vn 1.773616 1.874227 0.6356576
vn 1.773616 1.874228 0.6356571
vn 1.773616 1.874228 0.6356571
vn 1.773616 1.874228 0.6356571
vn 1.324696 1.874001 -0.0211643
vn 1.324694 1.874001 -0.02116477
vn 1.324694 1.874001 -0.02116477
vn 1.324696 1.874001 -0.0211643
vn 1.324695 1.874001 -0.0211646
vn 1.324695 1.874001 -0.0211646
vn 1.055329 1.874003 -0.01459962
vn 1.055352 1.874003 -0.0146057
vn 1.055351 1.874003 -0.0146057
vn 1.055329 1.874003 -0.01459962
vn 1.055329 1.874003 -0.01459968
vn 1.055329 1.874003 -0.01459968
vn 0.6337657 1.874228 0.6356636
vn 0.6337657 1.874228 0.6356636
vn 0.6337657 1.874228 0.6356636
vn 0.6337657 1.874228 0.6356636
vn 0.6337658 1.874228 0.635664
vn 0.6337658 1.874228 0.635664
vn 1.20369 1.296846 0.5435627
vn 1.203688 1.296846 0.5435623
vn 1.203702 1.296846 0.5435624
vn 1.20369 1.296846 0.5435624
vn 1.20369 1.296846 0.5435625
vn 1.20369 1.296846 0.5435621
vn 1.203703 1.296846 0.5435623
vn 1.203678 1.296846 0.5435628
vn 1.20369 2.451546 0.5431783
vn 1.20369 2.451546 0.5431464
vn 1.20369 2.451546 0.5431466
vn 1.20369 2.451546 0.5431789
vn 1.20369 1.873996 -0.0339874
vn 1.20369 1.873996 -0.0339874
vn 1.20369 1.873996 -0.0339874
vn 1.20369 1.873996 -0.0339874
vn 0.6263399 1.874196 0.5433629
vn 0.6263399 1.874196 0.5433629
vn 0.6263399 1.874196 0.5433629
vn 0.6263399 1.874196 0.5433629
vn 0.6263399 1.874196 0.5433629
vn 0.6263399 1.874196 0.5433629
vn 0.6263399 1.874196 0.5433629
vn 0.6263399 1.874196 0.5433629
vn 1.20369 2.451546 0.5431634
vn 1.20369 2.451546 0.5431632
vn 1.20369 2.451546 0.5431634
vn 1.20369 2.451546 0.5431636
vn 1.20369 1.874396 1.120713
vn 1.20369 1.874396 1.120713
vn 1.20369 1.874396 1.120713
vn 1.20369 1.874396 1.120713
vn 1.20369 1.296846 0.5435626
vn 1.20369 1.296846 0.5435621
vn 1.20369 1.296846 0.5435625
vn 1.20369 1.296846 0.5435629
vn 1.20369 1.296846 0.5435624
vn 1.20369 1.296846 0.5435621
vn 1.20369 1.296846 0.5435623
vn 1.20369 1.296846 0.5435625
vn 1.20369 2.451546 0.5431634
vn 1.20369 2.451546 0.5431632
vn 1.20369 2.451546 0.5431634
vn 1.20369 2.451546 0.5431636
vn 1.20369 1.874396 1.120713
vn 1.20369 1.874396 1.120713
vn 1.20369 1.874396 1.120713
vn 1.20369 1.874396 1.120713
vn 1.206179 1.873996 -0.03398204
vn 1.206179 1.873996 -0.03398204
vn 1.206179 1.873996 -0.03398204
vn 1.206179 1.873996 -0.03398204
vn 1.206179 1.873996 -0.03398204
vn 1.206179 1.873996 -0.03398204
vn 1.78104 1.874196 0.5433629
vn 1.78104 1.874196 0.5433629
vn 1.78104 1.874196 0.5433629
vn 1.78104 1.874196 0.5433629
vn 1.78104 1.874196 0.5433629
vn 1.78104 1.874196 0.5433629
vn 1.20369 1.296846 0.5435627
vn 1.20369 1.296846 0.5435625
vn 1.20369 1.296846 0.543573
vn 1.20369 1.296846 0.5435626
vn 0.6263399 1.874196 0.5433629
vn 0.6263399 1.874195 0.5433629
vn 0.6263399 1.874196 0.5433629
vn 0.6263399 1.874196 0.5433629
vn 0.6263399 1.874196 0.5433629
vn 0.6263399 1.874196 0.5433629
vn 0.6263399 1.874196 0.5433629
vn 0.6263399 1.874196 0.5433629
vn 0.6263399 1.874194 0.5433629
vn 0.6263399 1.874198 0.5433629
vn 0.6263399 1.874196 0.5433629
vn 0.6263399 1.874197 0.5433629
vn 0.6263399 1.874195 0.5433629
vn 0.6263399 1.874196 0.5433629
vn 0.6263399 1.874196 0.5433629
vn 0.6263399 1.874196 0.5433629
vn 0.6263399 1.874196 0.5433629
vn 0.6263399 1.874198 0.5433629
vn 0.6263399 1.874198 0.5433629
vn 0.6263399 1.874196 0.5433629
vn 0.6263399 1.874196 0.5433629
vn 0.6263399 1.874196 0.5433629
vn 0.6263399 1.874196 0.5433629
vn 0.6263399 1.874196 0.5433629
vn 0.6263399 1.874196 0.5433629
vn 0.6263399 1.874196 0.5433629
vn 0.6263399 1.874196 0.5433629
vn 0.6263399 1.874196 0.5433629
vn 0.6263399 1.874196 0.5433629
vn 0.6263399 1.874196 0.5433629
vn 0.6263399 1.874196 0.5433629
vn 0.6263399 1.874196 0.5433629
vn 0.6263399 1.874196 0.5433629
vn 0.6263399 1.874198 0.5433629
vn 0.6263399 1.874196 0.5433629
vn 0.6263399 1.874196 0.5433629
vn 0.6263399 1.874203 0.5433629
vn 0.6263399 1.874196 0.5433629
vn 0.6263399 1.874196 0.5433629
vn 0.6263399 1.874195 0.5433629
vn 0.6263399 1.874192 0.5433629
vn 0.6263399 1.874193 0.5433629
vn 0.6263399 1.874196 0.5433629
vn 0.6263399 1.874196 0.5433629
vn 0.6263399 1.874196 0.5433629
vn 0.6263399 1.874196 0.5433629
vn 0.6263399 1.874196 0.5433629
vn 0.6263399 1.874196 0.5433629
vn 0.6263399 1.874196 0.5433629
vn 0.6263399 1.874196 0.5433629
vn 0.6263399 1.874196 0.5433629
vn 0.6263399 1.874199 0.5433629
vn 0.6263399 1.874196 0.5433629
vn 0.6263399 1.8742 0.5433629
vn 0.6263399 1.874196 0.5433629
vn 0.6263399 1.874196 0.5433629
vn 0.6263399 1.874196 0.5433629
vn 0.6263399 1.874196 0.5433629
vn 0.6263399 1.874196 0.5433629
vn 0.6263399 1.874196 0.5433629
vn 0.6263399 1.874196 0.5433629
vn 0.6263399 1.874196 0.5433629
vn 0.6263399 1.874195 0.5433629
vn 0.6263399 1.874194 0.5433629
vn 0.6263399 1.874198 0.5433629
vn 0.6263399 1.874196 0.5433629
vn 0.6263399 1.874196 0.5433629
vn 0.6263399 1.874196 0.5433629
vn 0.6263399 1.874195 0.5433629
vn 0.6263399 1.874195 0.5433629
vn 0.6263399 1.874196 0.5433629
vn 0.6263399 1.874196 0.5433629
vn 0.6263399 1.874196 0.5433629
vn 0.6263399 1.874196 0.5433629
vn 0.6263399 1.874196 0.5433629
vn 0.6263399 1.874195 0.5433629
vn 0.6263399 1.874198 0.5433629
vn 0.6263399 1.874196 0.5433629
vn 0.6263399 1.874193 0.5433629
vn 0.6263399 1.874196 0.5433629
vn 0.6263399 1.8742 0.5433629
vn 0.6263399 1.874196 0.5433629
vn 0.6263399 1.874196 0.5433629
vn 0.6263399 1.874196 0.5433629
vt 0.9402055 0.2696892
vt 0.9376466 0.2648018
vt 0.9434893 0.2505976
vt 0.943441 0.5391119
vt 0.9376946 0.5407367
vt 0.9402116 0.5359297
vt 0.240687 0.2505973
vt 0.2465301 0.264802
vt 0.2439707 0.2696896
vt 0.2431102 0.5358489
vt 0.2457116 0.5408176
vt 0.2430885 0.5391381
vt 1.392294 0.113907
vt 1.39548 0.1324384
vt 1.39548 0.6771806
vt 1.39548 0.6771806
vt 1.39546 0.6803212
vt 1.392294 0.113907
vt 0.9402055 0.5678493
vt 0.9376459 0.5628731
vt 0.9434897 0.548411
vt 0.9434363 0.7641425
vt 0.9376993 0.7657939
vt 0.9402122 0.7609087
vt 0.2406865 0.5484111
vt 0.2465303 0.5628731
vt 0.2439709 0.5678492
vt 0.2439605 0.7791134
vt 0.2464467 0.7594178
vt 0.2407701 0.7799614
vt 0.9402062 0.989801
vt 0.943484 1.009202
vt 0.9376516 0.9947675
vt 0.9434363 0.793489
vt 0.9402122 0.7967228
vt 0.9376993 0.7918379
vt 0.240687 0.009218885
vt 0.2439708 -0.01021601
vt 0.2465298 -0.005240643
vt 0.2439605 0.7785185
vt 0.2407701 0.7776703
vt 0.2464467 0.7982138
vt 0.9402055 0.1407552
vt 0.9434901 0.1586678
vt 0.9376455 0.1453407
vt 0.9434415 0.01485476
vt 0.9402115 0.0178402
vt 0.9376941 0.01333064
vt 0.2406866 0.1586666
vt 0.2439709 0.1407564
vt 0.2465302 0.1453413
vt 0.2439649 0.01784008
vt 0.2407349 0.0148548
vt 0.2464819 0.01333076
vt 0.9402059 0.2939698
vt 0.9434871 0.3118643
vt 0.9376485 0.2985509
vt 0.9434403 0.1680609
vt 0.9402117 0.1710449
vt 0.9376953 0.1665373
vt 0.2406861 0.3118735
vt 0.2439709 0.2939607
vt 0.2465307 0.2985465
vt 0.2439649 0.1710456
vt 0.2407349 0.1680607
vt 0.2464819 0.1665366
vt 0.9402017 0.8005041
vt 0.9376127 0.7952534
vt 0.9435235 0.7799921
vt 0.9438534 0.003699542
vt 0.9372827 0.004103668
vt 0.9401608 0.002908073
vt 0.2406546 0.7799962
vt 0.246563 0.7952514
vt 0.2439749 0.8005
vt 0.2439607 0.007112456
vt 0.2464484 -0.01259237
vt 0.2407692 0.007960995
vt 0.940202 0.2404725
vt 0.9435209 0.2609664
vt 0.9376153 0.2457189
vt 0.9438537 0.009921267
vt 0.9401608 0.01071289
vt 0.9372824 0.00951711
vt 0.2406553 0.2609676
vt 0.2439749 0.2404713
vt 0.246562 0.2457183
vt 0.2439607 0.006508787
vt 0.2407692 0.005660263
vt 0.2464484 0.02621309
vt 0.3922932 0.6937472
vt -0.2081168 0.8722816
vt 0.3922932 0.8722816
vt -0.2081168 0.6937472
vt 0.3922932 0.01745585
vt -0.2081168 0.01745585
vt 0.1285908 0.6937472
vt 0.6733327 0.8722818
vt 0.1285908 0.8722816
vt 0.6733327 0.6937472
vt 0.1285908 0.01745579
vt 0.6733327 0.01745579
vt 0.3216773 0.7233984
vt 0.01010524 0.7233984
vt 0.01010524 0.08703679
vt 0.3216773 0.08703679
vt 0.6674757 0.8722814
vt 0.7003246 0.8722814
vt 0.7003246 0.6937469
vt 0.6674757 0.6937469
vt 0.7003246 0.01745614
vt 0.6674757 0.01745614
vt 0.6643351 0.6937469
vt 0.6643351 0.01745614
vt 0.6643351 0.8722814
vt 0.6544813 0.6837475
vt 0.6544813 0.04738593
vt 0.1195937 0.01745614
vt 0.1294473 0.04738593
vt 0.1195937 0.6937469
vt 0.1294473 0.683747
vt 0.6544813 0.8451984
vt 0.1294473 0.8451984
vt 0.6544813 0.7037474
vt 0.1195937 0.8722812
vt 0.1294473 0.7037469
vt 0.2508099 0.6955684
vt 0.2694769 0.8754092
vt 0.2508099 0.8754092
vt 0.2694769 0.6955684
vt 0.2508099 0.01432824
vt 0.2694769 0.01432824
vt 0.943077 0.739759
vt 0.9393006 -0.06156297
vt 0.943077 -0.06156297
vt 0.9393006 0.739759
vt 0.943077 0.9513006
vt 0.9393006 0.9513006
vt 0.2508099 0.695568
vt 0.2694769 0.0143289
vt 0.2508099 0.0143289
vt 0.2694769 0.695568
vt 0.2508099 0.8754085
vt 0.2694769 0.8754085
vt 1.39546 0.6803212
vt 0.7918831 0.6803212
vt 1.392294 0.113907
vt 0.7918833 0.113907
vt 0.7886959 0.1324384
vt 0.7886959 0.6771806
vt 0.7910901 0.5305052
vt 0.7910901 0.5633543
vt 1.39467 0.5633543
vt 1.39467 0.5305052
vt 0.3216771 0.6803966
vt 0.01010539 0.6803966
vt 0.01010539 0.5389451
vt 0.3216771 0.5389451
vt 0.6634791 0.5389455
vt 0.1384443 0.538945
vt 0.1384443 0.6803967
vt 0.6634791 0.6803967
vt 0.6634789 0.08703673
vt 0.1384445 0.08703673
vt 0.1384445 0.7233982
vt 0.6634789 0.7233987
vt 0.3216773 0.1384445
vt 0.01010527 0.1384445
vt 0.01010527 0.6634789
vt 0.3216773 0.6634789
vt 0.3216772 0.08703682
vt 0.01010531 0.08703682
vt 0.01010531 0.7233986
vt 0.3216772 0.7233986
vt 0.3216773 0.6634789
vt 0.01010527 0.6634789
vt 0.01010527 0.1384445
vt 0.3216773 0.1384445
vt 0.3216773 0.6634789
vt 0.01010527 0.6634789
vt 0.01010527 0.1384445
vt 0.3216773 0.1384445
vt 0.3216773 0.1384445
vt 0.01010527 0.1384445
vt 0.01010527 0.6634789
vt 0.3216773 0.6634789
vt 0.3216776 0.5389453
vt 0.01010494 0.5389453
vt 0.01010494 0.6803967
vt 0.3216776 0.6803967
vt 0.7910916 0.6937471
vt 1.394668 0.8722817
vt 0.7910916 0.8722817
vt 1.394668 0.6937471
vt 0.7910916 0.01745591
vt 1.394668 0.01745591
vt 0.5305053 0.6937472
vt 0.5633543 0.8722818
vt 0.5305053 0.8722818
vt 0.5633543 0.6937472
vt 0.5305053 0.01745579
vt 0.5633543 0.01745579
vt 0.394668 0.5305053
vt 0.394668 0.5633543
vt -0.2089085 0.5633543
vt -0.2089085 0.5305053
vt 0.392293 0.5819023
vt -0.2081168 0.7604368
vt 0.392293 0.7604368
vt -0.2081168 0.5819023
vt 0.392293 0.3529906
vt -0.2081168 0.3529906
vt 0.4631973 0.5819023
vt 0.8617929 0.7604368
vt 0.4631973 0.7604368
vt 0.8617929 0.5819023
vt 0.4631973 0.3529906
vt 0.8617929 0.3529906
vt 0.3216771 0.6115538
vt 0.01010546 0.6115538
vt 0.01010546 0.4225714
vt 0.3216771 0.4225714
vt 0.7720002 0.7604356
vt 0.7832823 0.7604356
vt 0.7832823 0.5819021
vt 0.7720002 0.5819021
vt 0.7832823 0.3529918
vt 0.7720002 0.3529918
vt 0.5486314 0.5820801
vt 0.5676289 0.7618756
vt 0.5486314 0.7618756
vt 0.5676289 0.5820801
vt 0.5486314 0.3515518
vt 0.5676289 0.3515518
vt 0.7648426 0.5866468
vt 0.7610438 0.3146172
vt 0.7648426 0.3146172
vt 0.7610438 0.5866468
vt 0.7648426 0.7988102
vt 0.7610438 0.7988102
vt 0.2446085 0.5823349
vt 0.2413664 0.3494914
vt 0.2446085 0.3494914
vt 0.2413664 0.5823349
vt 0.2446085 0.7639359
vt 0.2413664 0.7639359
vt 0.5486315 0.5820801
vt 0.5676288 0.3515522
vt 0.5486315 0.3515522
vt 0.5676288 0.5820801
vt 0.5486315 0.7618752
vt 0.5676288 0.7618752
vt 1.392294 0.4427106
vt 1.39548 0.4615748
vt 1.39548 0.8846769
vt 1.392294 0.8855242
vt 0.7918829 0.4427106
vt 0.7918829 0.8633676
vt 0.7886958 0.4615748
vt 0.7886958 0.8601708
vt 0.7918866 0.7553828
vt 0.7918866 0.7888213
vt 1.39229 0.7888213
vt 1.39229 0.7775392
vt 0.3216775 0.6803967
vt 0.01010504 0.6803967
vt 0.01010504 0.5389453
vt 0.3216775 0.5389453
vt 0.8517625 0.5389453
vt 0.4732277 0.5389453
vt 0.4732277 0.6803967
vt 0.8517625 0.6803967
vt 0.851762 0.4225713
vt 0.4732282 0.4225713
vt 0.4732282 0.6115538
vt 0.851762 0.6115538
vt 0.3216772 0.4732282
vt 0.01010534 0.4732282
vt 0.01010534 0.8517619
vt 0.3216772 0.8517619
vt 0.3216771 0.4225714
vt 0.01010546 0.4225714
vt 0.01010546 0.6115538
vt 0.3216771 0.6115538
vt 0.3216773 0.851762
vt 0.0101053 0.851762
vt 0.0101053 0.4732282
vt 0.3216773 0.4732282
vt 0.3216773 0.8517621
vt 0.01010528 0.8517621
vt 0.01010528 0.4732281
vt 0.3216773 0.4732281
vt 0.3216773 0.4732282
vt 0.0101053 0.4732282
vt 0.0101053 0.851762
vt 0.3216773 0.851762
vt 0.3216776 0.5389453
vt 0.01010494 0.5389453
vt 0.01010494 0.6803967
vt 0.3216776 0.6803967
vt 0.7918832 0.5819023
vt 1.392293 0.7604368
vt 0.7918832 0.7604368
vt 1.392293 0.5819023
vt 0.7918832 0.3529907
vt 1.392293 0.3529907
vt 0.7553828 0.581902
vt 0.7888213 0.7604346
vt 0.7553828 0.7604346
vt 0.7888213 0.581902
vt 0.7553828 0.3529928
vt 0.7888213 0.3529928
vt 0.3922908 0.7775392
vt 0.3922908 0.7888213
vt -0.2081146 0.7888213
vt -0.2081146 0.7553828
vt 0.3922931 0.5819023
vt 0.3922931 0.7604369
vt -0.2081169 0.7604369
vt -0.2081169 0.5819023
vt 0.3922931 0.3529905
vt -0.2081169 0.3529905
vt 1.094434 0.5819023
vt 1.094434 0.760437
vt 0.6958386 0.760437
vt 0.6958386 0.5819023
vt 1.094434 0.3529904
vt 0.6958386 0.3529904
vt 0.3216771 0.6115538
vt 0.3216771 0.4225713
vt 0.01010542 0.4225713
vt 0.01010542 0.6115538
vt 0.7856314 0.7604322
vt 0.7743493 0.5819017
vt 0.7743493 0.7604322
vt 0.7856314 0.5819017
vt 0.7743493 0.3529952
vt 0.7856314 0.3529952
vt 0.009000076 0.5820799
vt 0.009000076 0.7618732
vt -0.009997204 0.7618732
vt -0.009997204 0.5820799
vt 0.009000076 0.3515541
vt -0.009997204 0.3515541
vt 0.792789 0.5866469
vt 0.792789 0.3146165
vt 0.7965878 0.3146165
vt 0.7965878 0.5866469
vt 0.792789 0.7988108
vt 0.7965878 0.7988108
vt 0.2446085 0.5823349
vt 0.2446085 0.3494911
vt 0.2413664 0.3494911
vt 0.2413664 0.5823349
vt 0.2446085 0.7639363
vt 0.2413664 0.7639363
vt 0.009000089 0.5820799
vt 0.009000089 0.3515539
vt -0.009997215 0.3515539
vt -0.009997215 0.5820799
vt 0.009000089 0.7618735
vt -0.009997215 0.7618735
vt 1.392294 0.6721074
vt 1.39548 0.6729549
vt 1.39548 1.096056
vt 1.392294 1.114922
vt 0.7918832 0.6942639
vt 0.7918832 1.114922
vt 0.788696 0.6974606
vt 0.788696 1.096056
vt 0.7918866 0.8022488
vt 1.39229 0.7800925
vt 1.39229 0.7688103
vt 0.7918866 0.7688103
vt 0.3216775 0.6803967
vt 0.3216775 0.5389453
vt 0.01010504 0.5389453
vt 0.01010504 0.6803967
vt 0.7058691 0.5389453
vt 0.7058691 0.6803967
vt 1.084404 0.6803967
vt 1.084404 0.5389453
vt 0.7058696 0.4225713
vt 0.7058696 0.6115538
vt 1.084404 0.6115538
vt 1.084404 0.4225713
vt 0.3216772 1.084404
vt 0.3216772 0.7058695
vt 0.01010531 0.7058695
vt 0.01010531 1.084404
vt 0.3216771 0.4225714
vt 0.3216771 0.6115538
vt 0.01010546 0.6115538
vt 0.01010546 0.4225714
vt 0.3216772 0.7058695
vt 0.3216772 1.084404
vt 0.01010531 1.084404
vt 0.01010531 0.7058695
vt 0.3216772 0.7058695
vt 0.3216772 1.084404
vt 0.01010531 1.084404
vt 0.01010531 0.7058695
vt 0.3216772 1.084404
vt 0.3216772 0.7058695
vt 0.01010531 0.7058695
vt 0.01010531 1.084404
vt 0.3216776 0.5389453
vt 0.3216776 0.6803967
vt 0.01010494 0.6803967
vt 0.01010494 0.5389453
vt 0.7918832 0.5819023
vt 0.7918832 0.7604367
vt 1.392293 0.7604367
vt 1.392293 0.5819023
vt 0.7918832 0.3529907
vt 1.392293 0.3529907
vt 0.8022487 0.581902
vt 0.8022487 0.7604343
vt 0.7688104 0.7604343
vt 0.7688104 0.581902
vt 0.8022487 0.3529931
vt 0.7688104 0.3529931
vt 0.3922905 0.7800925
vt -0.2081143 0.8022488
vt -0.2081143 0.7688103
vt 0.3922905 0.7688103
vt 0.3922931 0.6937472
vt 0.3922931 0.8722818
vt -0.2081169 0.8722818
vt -0.2081169 0.6937472
vt 0.3922931 0.01745582
vt -0.2081169 0.01745582
vt 0.2097002 0.6937472
vt 0.2097002 0.8722818
vt -0.04763624 0.8722818
vt -0.04763624 0.6937472
vt 0.2097002 0.01745573
vt -0.04763624 0.01745573
vt 0.3216773 0.7233987
vt 0.3216773 0.08703679
vt 0.0101053 0.08703679
vt 0.0101053 0.7233987
vt 0.02292771 0.8722854
vt -0.007883139 0.6937492
vt -0.007883139 0.8722854
vt 0.02292771 0.6937492
vt -0.007883139 0.01745221
vt 0.02292771 0.01745221
vt 0.1584744 0.6958127
vt 0.1584744 0.875829
vt 0.1409486 0.875829
vt 0.1409486 0.6958127
vt 0.1584744 0.01390859
vt 0.1409486 0.01390859
vt 0.9430484 0.7352964
vt 0.9430484 -0.05389912
vt 0.9393292 -0.05389912
vt 0.9393292 0.7352964
vt 0.9430484 0.9436367
vt 0.9393292 0.9436367
vt 0.2448471 0.7352787
vt 0.2448471 -0.05386861
vt 0.2411278 -0.05386861
vt 0.2411278 0.7352787
vt 0.2448471 0.9436061
vt 0.2411278 0.9436061
vt 0.1584744 0.6958131
vt 0.1584744 0.01390794
vt 0.1409486 0.01390794
vt 0.1409486 0.6958131
vt 0.1584744 0.8758296
vt 0.1409486 0.8758296
vt 1.392294 -0.05419116
vt 1.39548 -0.05124526
vt 1.39548 0.2060914
vt 1.392294 0.223473
vt 0.791883 -0.05419116
vt 0.791883 0.223473
vt 0.7886958 -0.05124526
vt 0.7886958 0.2060914
vt 0.7918804 0.02292771
vt 1.392296 0.02292771
vt 1.392296 -0.007883145
vt 0.7918804 -0.007883145
vt 0.3216775 0.6803967
vt 0.3216775 0.5389453
vt 0.01010504 0.5389453
vt 0.01010504 0.6803967
vt -0.03839408 0.5389452
vt -0.03839408 0.6803968
vt 0.2004581 0.6803968
vt 0.2004581 0.5389452
vt -0.03839383 0.0870364
vt -0.03839383 0.723399
vt 0.2004579 0.723399
vt 0.2004579 0.0870364
vt 0.3216774 0.2004579
vt 0.3216774 -0.03839385
vt 0.01010509 -0.03839385
vt 0.01010509 0.2004579
vt 0.3216773 0.08703679
vt 0.3216773 0.7233987
vt 0.0101053 0.7233987
vt 0.0101053 0.08703679
vt 0.3216774 -0.03839385
vt 0.3216774 0.2004579
vt 0.01010509 0.2004579
vt 0.01010509 -0.03839385
vt 0.3216774 -0.03839385
vt 0.3216774 0.2004579
vt 0.01010509 0.2004579
vt 0.01010509 -0.03839385
vt 0.3216774 0.2004579
vt 0.3216774 -0.03839385
vt 0.01010509 -0.03839385
vt 0.01010509 0.2004579
vt 0.3216775 0.5389453
vt 0.3216775 0.6803967
vt 0.01010503 0.6803967
vt 0.01010503 0.5389453
vt 0.7918832 0.693747
vt 0.7918832 0.8722815
vt 1.392293 0.8722815
vt 1.392293 0.693747
vt 0.7918832 0.01745608
vt 1.392293 0.01745608
vt 0.02292772 0.6937495
vt 0.02292772 0.8722858
vt -0.007883158 0.8722858
vt -0.007883158 0.6937495
vt 0.02292772 0.0174517
vt -0.007883158 0.0174517
vt 0.3922959 0.02292772
vt -0.2081197 0.02292772
vt -0.2081197 -0.007883156
vt 0.3922959 -0.007883156
vt 0.3922931 0.6937472
vt 0.3922931 0.8722818
vt -0.2081169 0.8722818
vt -0.2081169 0.6937472
vt 0.3922931 0.01745582
vt -0.2081169 0.01745582
vt 0.3629056 0.6937468
vt 0.3629056 0.8722812
vt 0.1055696 0.8722812
vt 0.1055696 0.6937468
vt 0.3629056 0.01745635
vt 0.1055696 0.01745635
vt 0.3216773 0.7233987
vt 0.3216773 0.08703679
vt 0.0101053 0.08703679
vt 0.0101053 0.7233987
vt 0.1761335 0.8722845
vt 0.1453227 0.6937487
vt 0.1453227 0.8722845
vt 0.1761335 0.6937487
vt 0.1453227 0.01745307
vt 0.1761335 0.01745307
vt 0.3116801 0.6958157
vt 0.3116801 0.8758342
vt 0.294154 0.8758342
vt 0.294154 0.6958157
vt 0.3116801 0.01390335
vt 0.294154 0.01390335
vt 0.9430485 0.7353073
vt 0.9430485 -0.0539179
vt 0.9393291 -0.0539179
vt 0.9393291 0.7353073
vt 0.9430485 0.9436555
vt 0.9393291 0.9436555
vt 0.2448471 0.7352896
vt 0.2448471 -0.05388738
vt 0.2411277 -0.05388738
vt 0.2411277 0.7352896
vt 0.2448471 0.943625
vt 0.2411277 0.943625
vt 0.3116801 0.6958159
vt 0.3116801 0.01390308
vt 0.294154 0.01390308
vt 0.294154 0.6958159
vt 0.3116801 0.8758345
vt 0.294154 0.8758345
vt 1.392294 0.09901455
vt 1.39548 0.1019602
vt 1.39548 0.359297
vt 1.392294 0.3766786
vt 0.7918828 0.09901455
vt 0.7918828 0.3766786
vt 0.7886956 0.1019602
vt 0.7886956 0.359297
vt 0.7918812 0.1761334
vt 1.392295 0.1761334
vt 1.392295 0.1453227
vt 0.7918812 0.1453227
vt 0.3216776 0.6803967
vt 0.3216776 0.5389453
vt 0.01010497 0.5389453
vt 0.01010497 0.6803967
vt 0.1148116 0.5389453
vt 0.1148116 0.6803967
vt 0.3536639 0.6803967
vt 0.3536639 0.5389453
vt 0.1148119 0.08703694
vt 0.1148119 0.7233985
vt 0.3536636 0.7233985
vt 0.3536636 0.08703694
vt 0.3216773 0.3536637
vt 0.3216773 0.1148118
vt 0.01010524 0.1148118
vt 0.01010524 0.3536637
vt 0.3216773 0.08703679
vt 0.3216773 0.7233987
vt 0.0101053 0.7233987
vt 0.0101053 0.08703679
vt 0.3216773 0.1148118
vt 0.3216773 0.3536637
vt 0.01010524 0.3536637
vt 0.01010524 0.1148118
vt 0.3216773 0.1148118
vt 0.3216773 0.3536637
vt 0.01010524 0.3536637
vt 0.01010524 0.1148118
vt 0.3216772 0.3536636
vt 0.3216772 0.1148119
vt 0.01010533 0.1148119
vt 0.01010533 0.3536636
vt 0.3216775 0.5389453
vt 0.3216775 0.6803967
vt 0.01010503 0.6803967
vt 0.01010503 0.5389453
vt 0.7918832 0.693747
vt 0.7918832 0.8722815
vt 1.392293 0.8722815
vt 1.392293 0.693747
vt 0.7918832 0.01745608
vt 1.392293 0.01745608
vt 0.1761335 0.693749
vt 0.1761335 0.8722849
vt 0.1453227 0.8722849
vt 0.1453227 0.693749
vt 0.1761335 0.01745272
vt 0.1453227 0.01745272
vt 0.3922953 0.1761335
vt -0.2081191 0.1761335
vt -0.2081191 0.1453227
vt 0.3922953 0.1453227
vt 0.3922935 0.5807966
vt -0.2081166 0.7919578
vt 0.3922935 0.7919578
vt -0.2081166 0.5807966
vt 0.3922935 0.2578669
vt -0.2081166 0.2578669
vt 0.6911285 0.5807966
vt 1.107288 0.7919577
vt 0.6911285 0.7919577
vt 1.107288 0.5807966
vt 0.6911285 0.257867
vt 1.107288 0.257867
vt 0.3216775 0.6158665
vt 0.01010555 0.6158665
vt 0.01010555 0.3401637
vt 0.3216775 0.3401637
vt -5.10877E-06 0.7919571
vt 0.01127694 0.7919571
vt 0.01127694 0.5807964
vt -5.10877E-06 0.5807964
vt 0.01127694 0.2578676
vt -5.10877E-06 0.2578676
vt 0.7803438 0.5811595
vt 0.8001524 0.793692
vt 0.7803438 0.793692
vt 0.8001524 0.5811595
vt 0.7803438 0.2561328
vt 0.8001524 0.2561328
vt 0.9428006 0.581426
vt 0.9395776 0.2548591
vt 0.9428006 0.2548591
vt 0.9395776 0.581426
vt 0.9428006 0.7949656
vt 0.9395776 0.7949656
vt 0.2446087 0.5817604
vt 0.2413668 0.2532613
vt 0.2446087 0.2532613
vt 0.2413668 0.5817604
vt 0.2446087 0.7965634
vt 0.2413668 0.7965634
vt 0.7803438 0.5811595
vt 0.8001524 0.2561327
vt 0.7803438 0.2561327
vt 0.8001524 0.5811595
vt 0.7803438 0.793692
vt 0.8001524 0.793692
vt 1.392293 -0.3238027
vt 1.395481 -0.3041219
vt 1.395481 0.1103246
vt 1.392293 0.1111719
vt 0.7918833 -0.3238027
vt 0.7918833 0.1127201
vt 0.7886962 -0.3041219
vt 0.7886962 0.112037
vt 0.7918839 0.001542993
vt 0.7918839 0.008688386
vt 1.392293 0.01127695
vt 1.392293 -5.114358E-06
vt 0.3216775 0.6842445
vt 0.01010552 0.6842445
vt 0.01010552 0.5169429
vt 0.3216775 0.5169429
vt 1.077484 0.516943
vt 0.7080395 0.516943
vt 0.7080395 0.6842444
vt 1.077484 0.6842444
vt 1.077485 0.3401636
vt 0.7080392 0.3401636
vt 0.7080392 0.6158665
vt 1.077485 0.6158665
vt 0.3216775 0.7080393
vt 0.01010551 0.7080393
vt 0.01010551 1.077485
vt 0.3216775 1.077485
vt 0.3216775 0.3401637
vt 0.01010555 0.3401637
vt 0.01010555 0.6158665
vt 0.3216775 0.6158665
vt 0.3216775 1.077485
vt 0.01010551 1.077485
vt 0.01010551 0.7080393
vt 0.3216775 0.7080393
vt 0.3216775 1.077485
vt 0.01010551 1.077485
vt 0.01010551 0.7080393
vt 0.3216775 0.7080393
vt 0.3216775 0.7080393
vt 0.01010551 0.7080393
vt 0.01010551 1.077485
vt 0.3216775 1.077485
vt 0.3216775 0.5169429
vt 0.01010552 0.5169429
vt 0.01010552 0.6842445
vt 0.3216775 0.6842445
vt 0.791882 0.5807968
vt 1.392295 0.791959
vt 0.791882 0.791959
vt 1.392295 0.5807968
vt 0.791882 0.2578657
vt 1.392295 0.2578657
vt 0.001803088 0.5807965
vt 0.008948488 0.7919576
vt 0.001803088 0.7919576
vt 0.008948488 0.5807965
vt 0.001803148 0.2578671
vt 0.008948548 0.2578671
vt 0.392293 -5.114824E-06
vt 0.392293 0.01127695
vt -0.2081161 0.008688445
vt -0.2081161 0.001543052
vt 0.3922932 0.5807966
vt 0.3922932 0.7919579
vt -0.2081165 0.7919579
vt -0.2081165 0.5807966
vt 0.3922932 0.2578669
vt -0.2081165 0.2578669
vt 0.3635124 0.5807966
vt 0.3635124 0.7919577
vt -0.1073401 0.7919577
vt -0.1073401 0.5807966
vt 0.3635124 0.2578669
vt -0.1073401 0.2578669
vt 0.3216775 0.6158665
vt 0.3216775 0.3401637
vt 0.01010555 0.3401637
vt 0.01010555 0.6158665
vt 0.01362622 0.7919577
vt 0.002343894 0.5807965
vt 0.002343894 0.7919577
vt 0.01362622 0.5807965
vt 0.002343894 0.257867
vt 0.01362622 0.257867
vt 0.2606237 0.5811594
vt 0.2606237 0.7936916
vt 0.2408153 0.7936916
vt 0.2408153 0.5811594
vt 0.2606237 0.2561331
vt 0.2408153 0.2561331
vt 0.9428006 0.581426
vt 0.9428006 0.2548591
vt 0.9395776 0.2548591
vt 0.9395776 0.581426
vt 0.9428006 0.7949656
vt 0.9395776 0.7949656
vt 0.2446087 0.5817605
vt 0.2446087 0.2532609
vt 0.2413668 0.2532609
vt 0.2413668 0.5817605
vt 0.2446087 0.7965639
vt 0.2413668 0.7965639
vt 0.2606237 0.5811595
vt 0.2606237 0.256133
vt 0.2408153 0.256133
vt 0.2408153 0.5811595
vt 0.2606237 0.7936918
vt 0.2408153 0.7936918
vt 1.392293 -0.1112241
vt 1.395481 -0.1103768
vt 1.395481 0.3587629
vt 1.392293 0.3784435
vt 0.7918833 -0.1127725
vt 0.7918833 0.3784435
vt 0.7886961 -0.1120894
vt 0.7886961 0.3587629
vt 0.7918835 0.01207774
vt 1.392293 0.01362622
vt 1.392293 0.002343892
vt 0.7918835 0.004932344
vt 0.3216775 0.6842445
vt 0.3216775 0.5169429
vt 0.01010552 0.5169429
vt 0.01010552 0.6842445
vt -0.07753696 0.5169429
vt -0.07753696 0.6842445
vt 0.3466016 0.6842445
vt 0.3466016 0.5169429
vt -0.07753696 0.3401637
vt -0.07753696 0.6158665
vt 0.3466016 0.6158665
vt 0.3466016 0.3401637
vt 0.3216775 0.3466016
vt 0.3216775 -0.07753697
vt 0.01010554 -0.07753697
vt 0.01010554 0.3466016
vt 0.3216775 0.3401637
vt 0.3216775 0.6158665
vt 0.01010555 0.6158665
vt 0.01010555 0.3401637
vt 0.3216775 -0.07753697
vt 0.3216775 0.3466016
vt 0.01010554 0.3466016
vt 0.01010554 -0.07753697
vt 0.3216775 -0.07753697
vt 0.3216775 0.3466016
vt 0.01010554 0.3466016
vt 0.01010554 -0.07753697
vt 0.3216775 0.3466016
vt 0.3216775 -0.07753697
vt 0.01010554 -0.07753697
vt 0.01010554 0.3466016
vt 0.3216774 0.5169429
vt 0.3216774 0.6842445
vt 0.01010558 0.6842445
vt 0.01010558 0.5169429
vt 0.791882 0.5807968
vt 0.791882 0.791959
vt 1.392295 0.791959
vt 1.392295 0.5807968
vt 0.791882 0.2578657
vt 1.392295 0.2578657
vt 0.01181773 0.5807965
vt 0.01181773 0.7919577
vt 0.004672337 0.7919577
vt 0.004672337 0.5807965
vt 0.01181779 0.257867
vt 0.004672397 0.257867
vt 0.3922935 0.01362622
vt -0.2081165 0.0120778
vt -0.2081165 0.004932404
vt 0.3922935 0.002343892
vt 0.8456349 0.5719027
vt 0.8801718 0.5819022
vt 0.8801718 0.3529912
vt 0.8456349 0.3829207
vt 0.4570714 0.3529912
vt 0.4671023 0.3829207
vt 0.4570714 0.5819022
vt 0.4671023 0.5719027
vt 0.8456349 0.5919026
vt 0.8456349 0.7333533
vt 0.4671023 0.5919026
vt 0.8801718 0.7604362
vt 0.4570714 0.7604362
vt 0.4671023 0.7333533
vt 0.711996 0.5719028
vt 0.711996 0.3829201
vt 0.6774594 0.3529905
vt 1.100561 0.3529905
vt 1.09053 0.3829201
vt 0.6774594 0.5819023
vt 1.100561 0.5819023
vt 1.09053 0.5719028
vt 0.711996 0.5919027
vt 0.711996 0.7333539
vt 1.09053 0.5919027
vt 0.6774594 0.7604369
vt 1.100561 0.7604369
vt 1.09053 0.7333539
vt -0.0383928 0.6837459
vt -0.0383928 0.04738858
vt -0.04763526 0.01745901
vt 0.2096992 0.01745901
vt 0.2004569 0.04738858
vt -0.04763526 0.6937453
vt 0.2096992 0.6937453
vt 0.2004569 0.6837459
vt -0.0383928 0.7037457
vt -0.0383928 0.8451958
vt 0.2004569 0.7037457
vt -0.04763526 0.8722786
vt 0.2096992 0.8722786
vt 0.2004569 0.8451958
vt 0.114813 0.6837457
vt 0.114813 0.04738888
vt 0.1055705 0.0174593
vt 0.3629047 0.0174593
vt 0.3536628 0.04738888
vt 0.1055705 0.6937451
vt 0.3629047 0.6937451
vt 0.3536628 0.6837457
vt 0.114813 0.7037455
vt 0.114813 0.8451955
vt 0.3536628 0.7037455
vt 0.1055705 0.8722783
vt 0.3629047 0.8722783
vt 0.3536628 0.8451955
vt 1.071466 0.5689691
vt 1.106003 0.5807964
vt 1.106003 0.2578678
vt 1.071466 0.2932672
vt 0.6915571 0.2578678
vt 0.7020217 0.2932672
vt 0.6915571 0.5807964
vt 0.7020217 0.5689691
vt 1.071466 0.5926239
vt 1.071466 0.759925
vt 0.7020217 0.5926239
vt 1.106003 0.7919569
vt 0.6915571 0.7919569
vt 0.7020217 0.759925
vt -0.07151884 0.5689692
vt -0.07151884 0.2932666
vt -0.1060555 0.257867
vt 0.3630841 0.257867
vt 0.3526195 0.2932666
vt -0.1060555 0.5807965
vt 0.3630841 0.5807965
vt 0.3526195 0.5689692
vt -0.07151884 0.5926241
vt -0.07151884 0.7599257
vt 0.3526195 0.5926241
vt -0.1060555 0.7919577
vt 0.3630841 0.7919577
vt 0.3526195 0.7599257
usemtl LightWoodCounters3
f 953/953/953 952/952/952 951/951/951
f 956/956/956 955/955/955 954/954/954
f 959/959/959 958/958/958 957/957/957
f 962/962/962 961/961/961 960/960/960
f 965/965/965 964/964/964 963/963/963
f 968/968/968 967/967/967 966/966/966
f 971/971/971 970/970/970 969/969/969
f 974/974/974 973/973/973 972/972/972
f 977/977/977 976/976/976 975/975/975
f 980/980/980 979/979/979 978/978/978
f 983/983/983 982/982/982 981/981/981
f 986/986/986 985/985/985 984/984/984
f 989/989/989 988/988/988 987/987/987
f 992/992/992 991/991/991 990/990/990
f 995/995/995 994/994/994 993/993/993
f 998/998/998 997/997/997 996/996/996
f 1001/1001/1001 1000/1000/1000 999/999/999
f 1004/1004/1004 1003/1003/1003 1002/1002/1002
f 1007/1007/1007 1006/1006/1006 1005/1005/1005
f 1010/1010/1010 1009/1009/1009 1008/1008/1008
f 1013/1013/1013 1012/1012/1012 1011/1011/1011
f 1016/1016/1016 1015/1015/1015 1014/1014/1014
f 1019/1019/1019 1018/1018/1018 1017/1017/1017
f 1022/1022/1022 1021/1021/1021 1020/1020/1020
f 1025/1025/1025 1024/1024/1024 1023/1023/1023
f 1028/1028/1028 1027/1027/1027 1026/1026/1026
f 1031/1031/1031 1030/1030/1030 1029/1029/1029
f 1034/1034/1034 1033/1033/1033 1032/1032/1032
f 1037/1037/1037 1036/1036/1036 1035/1035/1035
f 1040/1040/1040 1039/1039/1039 1038/1038/1038
f 1043/1043/1043 1042/1042/1042 1041/1041/1041
f 1042/1042/1042 1044/1044/1044 1041/1041/1041
f 1041/1041/1041 1044/1044/1044 1045/1045/1045
f 1044/1044/1044 1046/1046/1046 1045/1045/1045
f 1049/1049/1049 1048/1048/1048 1047/1047/1047
f 1048/1048/1048 1050/1050/1050 1047/1047/1047
f 1047/1047/1047 1050/1050/1050 1051/1051/1051
f 1050/1050/1050 1052/1052/1052 1051/1051/1051
f 1055/1055/1055 1054/1054/1054 1053/1053/1053
f 1056/1056/1056 1055/1055/1055 1053/1053/1053
f 1059/1059/1059 1058/1058/1058 1057/1057/1057
f 1060/1060/1060 1059/1059/1059 1057/1057/1057
f 1061/1061/1061 1059/1059/1059 1060/1060/1060
f 1062/1062/1062 1061/1061/1061 1060/1060/1060
f 1062/1062/1062 1060/1060/1060 1063/1063/1063
f 1064/1064/1064 1062/1062/1062 1063/1063/1063
f 1060/1060/1060 1057/1057/1057 1065/1065/1065
f 1063/1063/1063 1060/1060/1060 1065/1065/1065
f 1064/1064/1064 1063/1063/1063 1066/1066/1066
f 1067/1067/1067 1064/1064/1064 1066/1066/1066
f 1068/1068/1068 1064/1064/1064 1067/1067/1067
f 1069/1069/1069 1068/1068/1068 1067/1067/1067
f 1070/1070/1070 1068/1068/1068 1069/1069/1069
f 1066/1066/1066 1063/1063/1063 1071/1071/1071
f 1071/1071/1071 1070/1070/1070 1069/1069/1069
f 1063/1063/1063 1070/1070/1070 1071/1071/1071
f 1063/1063/1063 1065/1065/1065 1072/1072/1072
f 1072/1072/1072 1065/1065/1065 1073/1073/1073
f 1074/1074/1074 1063/1063/1063 1072/1072/1072
f 1070/1070/1070 1063/1063/1063 1074/1074/1074
f 1065/1065/1065 1075/1075/1075 1073/1073/1073
f 1076/1076/1076 1070/1070/1070 1074/1074/1074
f 1073/1073/1073 1075/1075/1075 1076/1076/1076
f 1075/1075/1075 1070/1070/1070 1076/1076/1076
f 1079/1079/1079 1078/1078/1078 1077/1077/1077
f 1078/1078/1078 1080/1080/1080 1077/1077/1077
f 1077/1077/1077 1080/1080/1080 1081/1081/1081
f 1080/1080/1080 1082/1082/1082 1081/1081/1081
f 1085/1085/1085 1084/1084/1084 1083/1083/1083
f 1084/1084/1084 1086/1086/1086 1083/1083/1083
f 1083/1083/1083 1086/1086/1086 1087/1087/1087
f 1086/1086/1086 1088/1088/1088 1087/1087/1087
f 1091/1091/1091 1090/1090/1090 1089/1089/1089
f 1090/1090/1090 1092/1092/1092 1089/1089/1089
f 1089/1089/1089 1092/1092/1092 1093/1093/1093
f 1092/1092/1092 1094/1094/1094 1093/1093/1093
f 1097/1097/1097 1096/1096/1096 1095/1095/1095
f 1097/1097/1097 1098/1098/1098 1096/1096/1096
f 1098/1098/1098 1099/1099/1099 1096/1096/1096
f 1099/1099/1099 1100/1100/1100 1096/1096/1096
f 1103/1103/1103 1102/1102/1102 1101/1101/1101
f 1104/1104/1104 1103/1103/1103 1101/1101/1101
f 1107/1107/1107 1106/1106/1106 1105/1105/1105
f 1108/1108/1108 1107/1107/1107 1105/1105/1105
f 1111/1111/1111 1110/1110/1110 1109/1109/1109
f 1112/1112/1112 1111/1111/1111 1109/1109/1109
f 1115/1115/1115 1114/1114/1114 1113/1113/1113
f 1116/1116/1116 1115/1115/1115 1113/1113/1113
f 1119/1119/1119 1118/1118/1118 1117/1117/1117
f 1120/1120/1120 1119/1119/1119 1117/1117/1117
f 1123/1123/1123 1122/1122/1122 1121/1121/1121
f 1124/1124/1124 1123/1123/1123 1121/1121/1121
f 1127/1127/1127 1126/1126/1126 1125/1125/1125
f 1128/1128/1128 1127/1127/1127 1125/1125/1125
f 1131/1131/1131 1130/1130/1130 1129/1129/1129
f 1132/1132/1132 1131/1131/1131 1129/1129/1129
f 1135/1135/1135 1134/1134/1134 1133/1133/1133
f 1136/1136/1136 1135/1135/1135 1133/1133/1133
f 1139/1139/1139 1138/1138/1138 1137/1137/1137
f 1140/1140/1140 1139/1139/1139 1137/1137/1137
f 1143/1143/1143 1142/1142/1142 1141/1141/1141
f 1142/1142/1142 1144/1144/1144 1141/1141/1141
f 1141/1141/1141 1144/1144/1144 1145/1145/1145
f 1144/1144/1144 1146/1146/1146 1145/1145/1145
f 1149/1149/1149 1148/1148/1148 1147/1147/1147
f 1148/1148/1148 1150/1150/1150 1147/1147/1147
f 1147/1147/1147 1150/1150/1150 1151/1151/1151
f 1150/1150/1150 1152/1152/1152 1151/1151/1151
f 1155/1155/1155 1154/1154/1154 1153/1153/1153
f 1156/1156/1156 1155/1155/1155 1153/1153/1153
f 1159/1159/1159 1158/1158/1158 1157/1157/1157
f 1158/1158/1158 1160/1160/1160 1157/1157/1157
f 1157/1157/1157 1160/1160/1160 1161/1161/1161
f 1160/1160/1160 1162/1162/1162 1161/1161/1161
f 1165/1165/1165 1164/1164/1164 1163/1163/1163
f 1164/1164/1164 1166/1166/1166 1163/1163/1163
f 1163/1163/1163 1166/1166/1166 1167/1167/1167
f 1166/1166/1166 1168/1168/1168 1167/1167/1167
f 1171/1171/1171 1170/1170/1170 1169/1169/1169
f 1172/1172/1172 1171/1171/1171 1169/1169/1169
f 1175/1175/1175 1174/1174/1174 1173/1173/1173
f 1176/1176/1176 1175/1175/1175 1173/1173/1173
f 1177/1177/1177 1175/1175/1175 1176/1176/1176
f 1178/1178/1178 1177/1177/1177 1176/1176/1176
f 1181/1181/1181 1180/1180/1180 1179/1179/1179
f 1180/1180/1180 1182/1182/1182 1179/1179/1179
f 1179/1179/1179 1182/1182/1182 1183/1183/1183
f 1182/1182/1182 1184/1184/1184 1183/1183/1183
f 1187/1187/1187 1186/1186/1186 1185/1185/1185
f 1186/1186/1186 1188/1188/1188 1185/1185/1185
f 1185/1185/1185 1188/1188/1188 1189/1189/1189
f 1188/1188/1188 1190/1190/1190 1189/1189/1189
f 1193/1193/1193 1192/1192/1192 1191/1191/1191
f 1192/1192/1192 1194/1194/1194 1191/1191/1191
f 1191/1191/1191 1194/1194/1194 1195/1195/1195
f 1194/1194/1194 1196/1196/1196 1195/1195/1195
f 1199/1199/1199 1198/1198/1198 1197/1197/1197
f 1198/1198/1198 1200/1200/1200 1197/1197/1197
f 1197/1197/1197 1200/1200/1200 1201/1201/1201
f 1200/1200/1200 1202/1202/1202 1201/1201/1201
f 1205/1205/1205 1204/1204/1204 1203/1203/1203
f 1203/1203/1203 1206/1206/1206 1205/1205/1205
f 1203/1203/1203 1207/1207/1207 1206/1206/1206
f 1207/1207/1207 1208/1208/1208 1206/1206/1206
f 1207/1207/1207 1209/1209/1209 1208/1208/1208
f 1209/1209/1209 1210/1210/1210 1208/1208/1208
f 1213/1213/1213 1212/1212/1212 1211/1211/1211
f 1214/1214/1214 1213/1213/1213 1211/1211/1211
f 1217/1217/1217 1216/1216/1216 1215/1215/1215
f 1218/1218/1218 1217/1217/1217 1215/1215/1215
f 1221/1221/1221 1220/1220/1220 1219/1219/1219
f 1222/1222/1222 1221/1221/1221 1219/1219/1219
f 1225/1225/1225 1224/1224/1224 1223/1223/1223
f 1226/1226/1226 1225/1225/1225 1223/1223/1223
f 1229/1229/1229 1228/1228/1228 1227/1227/1227
f 1230/1230/1230 1229/1229/1229 1227/1227/1227
f 1233/1233/1233 1232/1232/1232 1231/1231/1231
f 1234/1234/1234 1233/1233/1233 1231/1231/1231
f 1237/1237/1237 1236/1236/1236 1235/1235/1235
f 1238/1238/1238 1237/1237/1237 1235/1235/1235
f 1241/1241/1241 1240/1240/1240 1239/1239/1239
f 1242/1242/1242 1241/1241/1241 1239/1239/1239
f 1245/1245/1245 1244/1244/1244 1243/1243/1243
f 1246/1246/1246 1245/1245/1245 1243/1243/1243
f 1249/1249/1249 1248/1248/1248 1247/1247/1247
f 1250/1250/1250 1249/1249/1249 1247/1247/1247
f 1253/1253/1253 1252/1252/1252 1251/1251/1251
f 1252/1252/1252 1254/1254/1254 1251/1251/1251
f 1251/1251/1251 1254/1254/1254 1255/1255/1255
f 1254/1254/1254 1256/1256/1256 1255/1255/1255
f 1259/1259/1259 1258/1258/1258 1257/1257/1257
f 1258/1258/1258 1260/1260/1260 1257/1257/1257
f 1257/1257/1257 1260/1260/1260 1261/1261/1261
f 1260/1260/1260 1262/1262/1262 1261/1261/1261
f 1265/1265/1265 1264/1264/1264 1263/1263/1263
f 1266/1266/1266 1265/1265/1265 1263/1263/1263
f 1269/1269/1269 1268/1268/1268 1267/1267/1267
f 1270/1270/1270 1269/1269/1269 1267/1267/1267
f 1270/1270/1270 1267/1267/1267 1271/1271/1271
f 1272/1272/1272 1270/1270/1270 1271/1271/1271
f 1275/1275/1275 1274/1274/1274 1273/1273/1273
f 1276/1276/1276 1275/1275/1275 1273/1273/1273
f 1276/1276/1276 1273/1273/1273 1277/1277/1277
f 1278/1278/1278 1276/1276/1276 1277/1277/1277
f 1281/1281/1281 1280/1280/1280 1279/1279/1279
f 1282/1282/1282 1281/1281/1281 1279/1279/1279
f 1285/1285/1285 1284/1284/1284 1283/1283/1283
f 1284/1284/1284 1286/1286/1286 1283/1283/1283
f 1284/1284/1284 1287/1287/1287 1286/1286/1286
f 1287/1287/1287 1288/1288/1288 1286/1286/1286
f 1291/1291/1291 1290/1290/1290 1289/1289/1289
f 1292/1292/1292 1291/1291/1291 1289/1289/1289
f 1292/1292/1292 1289/1289/1289 1293/1293/1293
f 1294/1294/1294 1292/1292/1292 1293/1293/1293
f 1297/1297/1297 1296/1296/1296 1295/1295/1295
f 1298/1298/1298 1297/1297/1297 1295/1295/1295
f 1298/1298/1298 1295/1295/1295 1299/1299/1299
f 1300/1300/1300 1298/1298/1298 1299/1299/1299
f 1303/1303/1303 1302/1302/1302 1301/1301/1301
f 1304/1304/1304 1303/1303/1303 1301/1301/1301
f 1304/1304/1304 1301/1301/1301 1305/1305/1305
f 1306/1306/1306 1304/1304/1304 1305/1305/1305
f 1309/1309/1309 1308/1308/1308 1307/1307/1307
f 1310/1310/1310 1309/1309/1309 1307/1307/1307
f 1310/1310/1310 1307/1307/1307 1311/1311/1311
f 1312/1312/1312 1310/1310/1310 1311/1311/1311
f 1315/1315/1315 1314/1314/1314 1313/1313/1313
f 1313/1313/1313 1316/1316/1316 1315/1315/1315
f 1313/1313/1313 1317/1317/1317 1316/1316/1316
f 1317/1317/1317 1318/1318/1318 1316/1316/1316
f 1317/1317/1317 1319/1319/1319 1318/1318/1318
f 1319/1319/1319 1320/1320/1320 1318/1318/1318
f 1323/1323/1323 1322/1322/1322 1321/1321/1321
f 1324/1324/1324 1323/1323/1323 1321/1321/1321
f 1327/1327/1327 1326/1326/1326 1325/1325/1325
f 1328/1328/1328 1327/1327/1327 1325/1325/1325
f 1331/1331/1331 1330/1330/1330 1329/1329/1329
f 1332/1332/1332 1331/1331/1331 1329/1329/1329
f 1335/1335/1335 1334/1334/1334 1333/1333/1333
f 1336/1336/1336 1335/1335/1335 1333/1333/1333
f 1339/1339/1339 1338/1338/1338 1337/1337/1337
f 1340/1340/1340 1339/1339/1339 1337/1337/1337
f 1343/1343/1343 1342/1342/1342 1341/1341/1341
f 1344/1344/1344 1343/1343/1343 1341/1341/1341
f 1347/1347/1347 1346/1346/1346 1345/1345/1345
f 1348/1348/1348 1347/1347/1347 1345/1345/1345
f 1351/1351/1351 1350/1350/1350 1349/1349/1349
f 1352/1352/1352 1351/1351/1351 1349/1349/1349
f 1355/1355/1355 1354/1354/1354 1353/1353/1353
f 1356/1356/1356 1355/1355/1355 1353/1353/1353
f 1359/1359/1359 1358/1358/1358 1357/1357/1357
f 1360/1360/1360 1359/1359/1359 1357/1357/1357
f 1363/1363/1363 1362/1362/1362 1361/1361/1361
f 1364/1364/1364 1363/1363/1363 1361/1361/1361
f 1364/1364/1364 1361/1361/1361 1365/1365/1365
f 1366/1366/1366 1364/1364/1364 1365/1365/1365
f 1369/1369/1369 1368/1368/1368 1367/1367/1367
f 1370/1370/1370 1369/1369/1369 1367/1367/1367
f 1370/1370/1370 1367/1367/1367 1371/1371/1371
f 1372/1372/1372 1370/1370/1370 1371/1371/1371
f 1375/1375/1375 1374/1374/1374 1373/1373/1373
f 1376/1376/1376 1375/1375/1375 1373/1373/1373
f 1379/1379/1379 1378/1378/1378 1377/1377/1377
f 1380/1380/1380 1379/1379/1379 1377/1377/1377
f 1380/1380/1380 1377/1377/1377 1381/1381/1381
f 1382/1382/1382 1380/1380/1380 1381/1381/1381
f 1385/1385/1385 1384/1384/1384 1383/1383/1383
f 1386/1386/1386 1385/1385/1385 1383/1383/1383
f 1386/1386/1386 1383/1383/1383 1387/1387/1387
f 1388/1388/1388 1386/1386/1386 1387/1387/1387
f 1391/1391/1391 1390/1390/1390 1389/1389/1389
f 1392/1392/1392 1391/1391/1391 1389/1389/1389
f 1395/1395/1395 1394/1394/1394 1393/1393/1393
f 1394/1394/1394 1396/1396/1396 1393/1393/1393
f 1394/1394/1394 1397/1397/1397 1396/1396/1396
f 1397/1397/1397 1398/1398/1398 1396/1396/1396
f 1401/1401/1401 1400/1400/1400 1399/1399/1399
f 1402/1402/1402 1401/1401/1401 1399/1399/1399
f 1402/1402/1402 1399/1399/1399 1403/1403/1403
f 1404/1404/1404 1402/1402/1402 1403/1403/1403
f 1407/1407/1407 1406/1406/1406 1405/1405/1405
f 1408/1408/1408 1407/1407/1407 1405/1405/1405
f 1408/1408/1408 1405/1405/1405 1409/1409/1409
f 1410/1410/1410 1408/1408/1408 1409/1409/1409
f 1413/1413/1413 1412/1412/1412 1411/1411/1411
f 1414/1414/1414 1413/1413/1413 1411/1411/1411
f 1414/1414/1414 1411/1411/1411 1415/1415/1415
f 1416/1416/1416 1414/1414/1414 1415/1415/1415
f 1419/1419/1419 1418/1418/1418 1417/1417/1417
f 1420/1420/1420 1419/1419/1419 1417/1417/1417
f 1420/1420/1420 1417/1417/1417 1421/1421/1421
f 1422/1422/1422 1420/1420/1420 1421/1421/1421
f 1425/1425/1425 1424/1424/1424 1423/1423/1423
f 1423/1423/1423 1426/1426/1426 1425/1425/1425
f 1423/1423/1423 1427/1427/1427 1426/1426/1426
f 1427/1427/1427 1428/1428/1428 1426/1426/1426
f 1427/1427/1427 1429/1429/1429 1428/1428/1428
f 1429/1429/1429 1430/1430/1430 1428/1428/1428
f 1433/1433/1433 1432/1432/1432 1431/1431/1431
f 1434/1434/1434 1433/1433/1433 1431/1431/1431
f 1437/1437/1437 1436/1436/1436 1435/1435/1435
f 1438/1438/1438 1437/1437/1437 1435/1435/1435
f 1441/1441/1441 1440/1440/1440 1439/1439/1439
f 1442/1442/1442 1441/1441/1441 1439/1439/1439
f 1445/1445/1445 1444/1444/1444 1443/1443/1443
f 1446/1446/1446 1445/1445/1445 1443/1443/1443
f 1449/1449/1449 1448/1448/1448 1447/1447/1447
f 1450/1450/1450 1449/1449/1449 1447/1447/1447
f 1453/1453/1453 1452/1452/1452 1451/1451/1451
f 1454/1454/1454 1453/1453/1453 1451/1451/1451
f 1457/1457/1457 1456/1456/1456 1455/1455/1455
f 1458/1458/1458 1457/1457/1457 1455/1455/1455
f 1461/1461/1461 1460/1460/1460 1459/1459/1459
f 1462/1462/1462 1461/1461/1461 1459/1459/1459
f 1465/1465/1465 1464/1464/1464 1463/1463/1463
f 1466/1466/1466 1465/1465/1465 1463/1463/1463
f 1469/1469/1469 1468/1468/1468 1467/1467/1467
f 1470/1470/1470 1469/1469/1469 1467/1467/1467
f 1473/1473/1473 1472/1472/1472 1471/1471/1471
f 1474/1474/1474 1473/1473/1473 1471/1471/1471
f 1474/1474/1474 1471/1471/1471 1475/1475/1475
f 1476/1476/1476 1474/1474/1474 1475/1475/1475
f 1479/1479/1479 1478/1478/1478 1477/1477/1477
f 1480/1480/1480 1479/1479/1479 1477/1477/1477
f 1480/1480/1480 1477/1477/1477 1481/1481/1481
f 1482/1482/1482 1480/1480/1480 1481/1481/1481
f 1485/1485/1485 1484/1484/1484 1483/1483/1483
f 1486/1486/1486 1485/1485/1485 1483/1483/1483
f 1489/1489/1489 1488/1488/1488 1487/1487/1487
f 1490/1490/1490 1489/1489/1489 1487/1487/1487
f 1490/1490/1490 1487/1487/1487 1491/1491/1491
f 1492/1492/1492 1490/1490/1490 1491/1491/1491
f 1495/1495/1495 1494/1494/1494 1493/1493/1493
f 1496/1496/1496 1495/1495/1495 1493/1493/1493
f 1496/1496/1496 1493/1493/1493 1497/1497/1497
f 1498/1498/1498 1496/1496/1496 1497/1497/1497
f 1501/1501/1501 1500/1500/1500 1499/1499/1499
f 1502/1502/1502 1501/1501/1501 1499/1499/1499
f 1505/1505/1505 1504/1504/1504 1503/1503/1503
f 1504/1504/1504 1506/1506/1506 1503/1503/1503
f 1504/1504/1504 1507/1507/1507 1506/1506/1506
f 1507/1507/1507 1508/1508/1508 1506/1506/1506
f 1511/1511/1511 1510/1510/1510 1509/1509/1509
f 1512/1512/1512 1511/1511/1511 1509/1509/1509
f 1512/1512/1512 1509/1509/1509 1513/1513/1513
f 1514/1514/1514 1512/1512/1512 1513/1513/1513
f 1517/1517/1517 1516/1516/1516 1515/1515/1515
f 1518/1518/1518 1517/1517/1517 1515/1515/1515
f 1518/1518/1518 1515/1515/1515 1519/1519/1519
f 1520/1520/1520 1518/1518/1518 1519/1519/1519
f 1523/1523/1523 1522/1522/1522 1521/1521/1521
f 1524/1524/1524 1523/1523/1523 1521/1521/1521
f 1524/1524/1524 1521/1521/1521 1525/1525/1525
f 1526/1526/1526 1524/1524/1524 1525/1525/1525
f 1529/1529/1529 1528/1528/1528 1527/1527/1527
f 1530/1530/1530 1529/1529/1529 1527/1527/1527
f 1530/1530/1530 1527/1527/1527 1531/1531/1531
f 1532/1532/1532 1530/1530/1530 1531/1531/1531
f 1535/1535/1535 1534/1534/1534 1533/1533/1533
f 1533/1533/1533 1536/1536/1536 1535/1535/1535
f 1533/1533/1533 1537/1537/1537 1536/1536/1536
f 1537/1537/1537 1538/1538/1538 1536/1536/1536
f 1537/1537/1537 1539/1539/1539 1538/1538/1538
f 1539/1539/1539 1540/1540/1540 1538/1538/1538
f 1543/1543/1543 1542/1542/1542 1541/1541/1541
f 1544/1544/1544 1543/1543/1543 1541/1541/1541
f 1547/1547/1547 1546/1546/1546 1545/1545/1545
f 1548/1548/1548 1547/1547/1547 1545/1545/1545
f 1551/1551/1551 1550/1550/1550 1549/1549/1549
f 1552/1552/1552 1551/1551/1551 1549/1549/1549
f 1555/1555/1555 1554/1554/1554 1553/1553/1553
f 1556/1556/1556 1555/1555/1555 1553/1553/1553
f 1559/1559/1559 1558/1558/1558 1557/1557/1557
f 1560/1560/1560 1559/1559/1559 1557/1557/1557
f 1563/1563/1563 1562/1562/1562 1561/1561/1561
f 1564/1564/1564 1563/1563/1563 1561/1561/1561
f 1567/1567/1567 1566/1566/1566 1565/1565/1565
f 1568/1568/1568 1567/1567/1567 1565/1565/1565
f 1571/1571/1571 1570/1570/1570 1569/1569/1569
f 1572/1572/1572 1571/1571/1571 1569/1569/1569
f 1575/1575/1575 1574/1574/1574 1573/1573/1573
f 1576/1576/1576 1575/1575/1575 1573/1573/1573
f 1579/1579/1579 1578/1578/1578 1577/1577/1577
f 1580/1580/1580 1579/1579/1579 1577/1577/1577
f 1583/1583/1583 1582/1582/1582 1581/1581/1581
f 1584/1584/1584 1583/1583/1583 1581/1581/1581
f 1584/1584/1584 1581/1581/1581 1585/1585/1585
f 1586/1586/1586 1584/1584/1584 1585/1585/1585
f 1589/1589/1589 1588/1588/1588 1587/1587/1587
f 1590/1590/1590 1589/1589/1589 1587/1587/1587
f 1590/1590/1590 1587/1587/1587 1591/1591/1591
f 1592/1592/1592 1590/1590/1590 1591/1591/1591
f 1595/1595/1595 1594/1594/1594 1593/1593/1593
f 1596/1596/1596 1595/1595/1595 1593/1593/1593
f 1599/1599/1599 1598/1598/1598 1597/1597/1597
f 1598/1598/1598 1600/1600/1600 1597/1597/1597
f 1597/1597/1597 1600/1600/1600 1601/1601/1601
f 1600/1600/1600 1602/1602/1602 1601/1601/1601
f 1605/1605/1605 1604/1604/1604 1603/1603/1603
f 1604/1604/1604 1606/1606/1606 1603/1603/1603
f 1603/1603/1603 1606/1606/1606 1607/1607/1607
f 1606/1606/1606 1608/1608/1608 1607/1607/1607
f 1611/1611/1611 1610/1610/1610 1609/1609/1609
f 1612/1612/1612 1611/1611/1611 1609/1609/1609
f 1615/1615/1615 1614/1614/1614 1613/1613/1613
f 1616/1616/1616 1615/1615/1615 1613/1613/1613
f 1617/1617/1617 1615/1615/1615 1616/1616/1616
f 1618/1618/1618 1617/1617/1617 1616/1616/1616
f 1621/1621/1621 1620/1620/1620 1619/1619/1619
f 1620/1620/1620 1622/1622/1622 1619/1619/1619
f 1619/1619/1619 1622/1622/1622 1623/1623/1623
f 1622/1622/1622 1624/1624/1624 1623/1623/1623
f 1627/1627/1627 1626/1626/1626 1625/1625/1625
f 1626/1626/1626 1628/1628/1628 1625/1625/1625
f 1625/1625/1625 1628/1628/1628 1629/1629/1629
f 1628/1628/1628 1630/1630/1630 1629/1629/1629
f 1633/1633/1633 1632/1632/1632 1631/1631/1631
f 1632/1632/1632 1634/1634/1634 1631/1631/1631
f 1631/1631/1631 1634/1634/1634 1635/1635/1635
f 1634/1634/1634 1636/1636/1636 1635/1635/1635
f 1639/1639/1639 1638/1638/1638 1637/1637/1637
f 1638/1638/1638 1640/1640/1640 1637/1637/1637
f 1637/1637/1637 1640/1640/1640 1641/1641/1641
f 1640/1640/1640 1642/1642/1642 1641/1641/1641
f 1645/1645/1645 1644/1644/1644 1643/1643/1643
f 1643/1643/1643 1646/1646/1646 1645/1645/1645
f 1643/1643/1643 1647/1647/1647 1646/1646/1646
f 1647/1647/1647 1648/1648/1648 1646/1646/1646
f 1647/1647/1647 1649/1649/1649 1648/1648/1648
f 1649/1649/1649 1650/1650/1650 1648/1648/1648
f 1653/1653/1653 1652/1652/1652 1651/1651/1651
f 1654/1654/1654 1653/1653/1653 1651/1651/1651
f 1657/1657/1657 1656/1656/1656 1655/1655/1655
f 1658/1658/1658 1657/1657/1657 1655/1655/1655
f 1661/1661/1661 1660/1660/1660 1659/1659/1659
f 1662/1662/1662 1661/1661/1661 1659/1659/1659
f 1665/1665/1665 1664/1664/1664 1663/1663/1663
f 1666/1666/1666 1665/1665/1665 1663/1663/1663
f 1669/1669/1669 1668/1668/1668 1667/1667/1667
f 1670/1670/1670 1669/1669/1669 1667/1667/1667
f 1673/1673/1673 1672/1672/1672 1671/1671/1671
f 1674/1674/1674 1673/1673/1673 1671/1671/1671
f 1677/1677/1677 1676/1676/1676 1675/1675/1675
f 1678/1678/1678 1677/1677/1677 1675/1675/1675
f 1681/1681/1681 1680/1680/1680 1679/1679/1679
f 1682/1682/1682 1681/1681/1681 1679/1679/1679
f 1685/1685/1685 1684/1684/1684 1683/1683/1683
f 1686/1686/1686 1685/1685/1685 1683/1683/1683
f 1689/1689/1689 1688/1688/1688 1687/1687/1687
f 1690/1690/1690 1689/1689/1689 1687/1687/1687
f 1693/1693/1693 1692/1692/1692 1691/1691/1691
f 1692/1692/1692 1694/1694/1694 1691/1691/1691
f 1691/1691/1691 1694/1694/1694 1695/1695/1695
f 1694/1694/1694 1696/1696/1696 1695/1695/1695
f 1699/1699/1699 1698/1698/1698 1697/1697/1697
f 1698/1698/1698 1700/1700/1700 1697/1697/1697
f 1697/1697/1697 1700/1700/1700 1701/1701/1701
f 1700/1700/1700 1702/1702/1702 1701/1701/1701
f 1705/1705/1705 1704/1704/1704 1703/1703/1703
f 1706/1706/1706 1705/1705/1705 1703/1703/1703
f 1709/1709/1709 1708/1708/1708 1707/1707/1707
f 1710/1710/1710 1709/1709/1709 1707/1707/1707
f 1710/1710/1710 1707/1707/1707 1711/1711/1711
f 1712/1712/1712 1710/1710/1710 1711/1711/1711
f 1715/1715/1715 1714/1714/1714 1713/1713/1713
f 1716/1716/1716 1715/1715/1715 1713/1713/1713
f 1716/1716/1716 1713/1713/1713 1717/1717/1717
f 1718/1718/1718 1716/1716/1716 1717/1717/1717
f 1721/1721/1721 1720/1720/1720 1719/1719/1719
f 1722/1722/1722 1721/1721/1721 1719/1719/1719
f 1725/1725/1725 1724/1724/1724 1723/1723/1723
f 1724/1724/1724 1726/1726/1726 1723/1723/1723
f 1724/1724/1724 1727/1727/1727 1726/1726/1726
f 1727/1727/1727 1728/1728/1728 1726/1726/1726
f 1731/1731/1731 1730/1730/1730 1729/1729/1729
f 1732/1732/1732 1731/1731/1731 1729/1729/1729
f 1732/1732/1732 1729/1729/1729 1733/1733/1733
f 1734/1734/1734 1732/1732/1732 1733/1733/1733
f 1737/1737/1737 1736/1736/1736 1735/1735/1735
f 1738/1738/1738 1737/1737/1737 1735/1735/1735
f 1738/1738/1738 1735/1735/1735 1739/1739/1739
f 1740/1740/1740 1738/1738/1738 1739/1739/1739
f 1743/1743/1743 1742/1742/1742 1741/1741/1741
f 1744/1744/1744 1743/1743/1743 1741/1741/1741
f 1744/1744/1744 1741/1741/1741 1745/1745/1745
f 1746/1746/1746 1744/1744/1744 1745/1745/1745
f 1749/1749/1749 1748/1748/1748 1747/1747/1747
f 1750/1750/1750 1749/1749/1749 1747/1747/1747
f 1750/1750/1750 1747/1747/1747 1751/1751/1751
f 1752/1752/1752 1750/1750/1750 1751/1751/1751
f 1755/1755/1755 1754/1754/1754 1753/1753/1753
f 1753/1753/1753 1756/1756/1756 1755/1755/1755
f 1753/1753/1753 1757/1757/1757 1756/1756/1756
f 1757/1757/1757 1758/1758/1758 1756/1756/1756
f 1757/1757/1757 1759/1759/1759 1758/1758/1758
f 1759/1759/1759 1760/1760/1760 1758/1758/1758
f 1763/1763/1763 1762/1762/1762 1761/1761/1761
f 1764/1764/1764 1763/1763/1763 1761/1761/1761
f 1767/1767/1767 1766/1766/1766 1765/1765/1765
f 1768/1768/1768 1767/1767/1767 1765/1765/1765
f 1771/1771/1771 1770/1770/1770 1769/1769/1769
f 1772/1772/1772 1771/1771/1771 1769/1769/1769
f 1775/1775/1775 1774/1774/1774 1773/1773/1773
f 1776/1776/1776 1775/1775/1775 1773/1773/1773
f 1779/1779/1779 1778/1778/1778 1777/1777/1777
f 1780/1780/1780 1779/1779/1779 1777/1777/1777
f 1783/1783/1783 1782/1782/1782 1781/1781/1781
f 1784/1784/1784 1783/1783/1783 1781/1781/1781
f 1787/1787/1787 1786/1786/1786 1785/1785/1785
f 1788/1788/1788 1787/1787/1787 1785/1785/1785
f 1791/1791/1791 1790/1790/1790 1789/1789/1789
f 1792/1792/1792 1791/1791/1791 1789/1789/1789
f 1795/1795/1795 1794/1794/1794 1793/1793/1793
f 1796/1796/1796 1795/1795/1795 1793/1793/1793
f 1799/1799/1799 1798/1798/1798 1797/1797/1797
f 1800/1800/1800 1799/1799/1799 1797/1797/1797
f 1803/1803/1803 1802/1802/1802 1801/1801/1801
f 1804/1804/1804 1803/1803/1803 1801/1801/1801
f 1804/1804/1804 1801/1801/1801 1805/1805/1805
f 1806/1806/1806 1804/1804/1804 1805/1805/1805
f 1809/1809/1809 1808/1808/1808 1807/1807/1807
f 1810/1810/1810 1809/1809/1809 1807/1807/1807
f 1810/1810/1810 1807/1807/1807 1811/1811/1811
f 1812/1812/1812 1810/1810/1810 1811/1811/1811
f 1815/1815/1815 1814/1814/1814 1813/1813/1813
f 1816/1816/1816 1815/1815/1815 1813/1813/1813
f 1819/1819/1819 1818/1818/1818 1817/1817/1817
f 1820/1820/1820 1819/1819/1819 1817/1817/1817
f 1821/1821/1821 1819/1819/1819 1820/1820/1820
f 1822/1822/1822 1821/1821/1821 1820/1820/1820
f 1823/1823/1823 1821/1821/1821 1822/1822/1822
f 1817/1817/1817 1818/1818/1818 1824/1824/1824
f 1824/1824/1824 1823/1823/1823 1822/1822/1822
f 1818/1818/1818 1823/1823/1823 1824/1824/1824
f 1823/1823/1823 1818/1818/1818 1825/1825/1825
f 1825/1825/1825 1818/1818/1818 1826/1826/1826
f 1827/1827/1827 1823/1823/1823 1825/1825/1825
f 1818/1818/1818 1828/1828/1828 1826/1826/1826
f 1829/1829/1829 1823/1823/1823 1827/1827/1827
f 1826/1826/1826 1828/1828/1828 1830/1830/1830
f 1830/1830/1830 1829/1829/1829 1827/1827/1827
f 1828/1828/1828 1829/1829/1829 1830/1830/1830
f 1833/1833/1833 1832/1832/1832 1831/1831/1831
f 1833/1833/1833 1834/1834/1834 1832/1832/1832
f 1834/1834/1834 1835/1835/1835 1832/1832/1832
f 1836/1836/1836 1833/1833/1833 1831/1831/1831
f 1834/1834/1834 1837/1837/1837 1835/1835/1835
f 1836/1836/1836 1831/1831/1831 1838/1838/1838
f 1837/1837/1837 1838/1838/1838 1835/1835/1835
f 1837/1837/1837 1836/1836/1836 1838/1838/1838
f 1836/1836/1836 1837/1837/1837 1839/1839/1839
f 1836/1836/1836 1839/1839/1839 1840/1840/1840
f 1837/1837/1837 1841/1841/1841 1839/1839/1839
f 1842/1842/1842 1836/1836/1836 1840/1840/1840
f 1837/1837/1837 1843/1843/1843 1841/1841/1841
f 1842/1842/1842 1840/1840/1840 1844/1844/1844
f 1843/1843/1843 1844/1844/1844 1841/1841/1841
f 1843/1843/1843 1842/1842/1842 1844/1844/1844
f 1847/1847/1847 1846/1846/1846 1845/1845/1845
f 1847/1847/1847 1848/1848/1848 1846/1846/1846
f 1848/1848/1848 1849/1849/1849 1846/1846/1846
f 1850/1850/1850 1847/1847/1847 1845/1845/1845
f 1848/1848/1848 1851/1851/1851 1849/1849/1849
f 1850/1850/1850 1845/1845/1845 1852/1852/1852
f 1851/1851/1851 1852/1852/1852 1849/1849/1849
f 1851/1851/1851 1850/1850/1850 1852/1852/1852
f 1850/1850/1850 1851/1851/1851 1853/1853/1853
f 1850/1850/1850 1853/1853/1853 1854/1854/1854
f 1851/1851/1851 1855/1855/1855 1853/1853/1853
f 1856/1856/1856 1850/1850/1850 1854/1854/1854
f 1851/1851/1851 1857/1857/1857 1855/1855/1855
f 1856/1856/1856 1854/1854/1854 1858/1858/1858
f 1857/1857/1857 1858/1858/1858 1855/1855/1855
f 1857/1857/1857 1856/1856/1856 1858/1858/1858
f 1861/1861/1861 1860/1860/1860 1859/1859/1859
f 1861/1861/1861 1862/1862/1862 1860/1860/1860
f 1862/1862/1862 1863/1863/1863 1860/1860/1860
f 1864/1864/1864 1861/1861/1861 1859/1859/1859
f 1862/1862/1862 1865/1865/1865 1863/1863/1863
f 1864/1864/1864 1859/1859/1859 1866/1866/1866
f 1865/1865/1865 1866/1866/1866 1863/1863/1863
f 1865/1865/1865 1864/1864/1864 1866/1866/1866
f 1864/1864/1864 1865/1865/1865 1867/1867/1867
f 1864/1864/1864 1867/1867/1867 1868/1868/1868
f 1865/1865/1865 1869/1869/1869 1867/1867/1867
f 1870/1870/1870 1864/1864/1864 1868/1868/1868
f 1865/1865/1865 1871/1871/1871 1869/1869/1869
f 1870/1870/1870 1868/1868/1868 1872/1872/1872
f 1871/1871/1871 1872/1872/1872 1869/1869/1869
f 1871/1871/1871 1870/1870/1870 1872/1872/1872
f 1875/1875/1875 1874/1874/1874 1873/1873/1873
f 1876/1876/1876 1875/1875/1875 1873/1873/1873
f 1877/1877/1877 1875/1875/1875 1876/1876/1876
f 1878/1878/1878 1877/1877/1877 1876/1876/1876
f 1879/1879/1879 1877/1877/1877 1878/1878/1878
f 1873/1873/1873 1874/1874/1874 1880/1880/1880
f 1880/1880/1880 1879/1879/1879 1878/1878/1878
f 1874/1874/1874 1879/1879/1879 1880/1880/1880
f 1879/1879/1879 1874/1874/1874 1881/1881/1881
f 1881/1881/1881 1874/1874/1874 1882/1882/1882
f 1883/1883/1883 1879/1879/1879 1881/1881/1881
f 1874/1874/1874 1884/1884/1884 1882/1882/1882
f 1885/1885/1885 1879/1879/1879 1883/1883/1883
f 1882/1882/1882 1884/1884/1884 1886/1886/1886
f 1886/1886/1886 1885/1885/1885 1883/1883/1883
f 1884/1884/1884 1885/1885/1885 1886/1886/1886
f 1889/1889/1889 1888/1888/1888 1887/1887/1887
f 1889/1889/1889 1890/1890/1890 1888/1888/1888
f 1890/1890/1890 1891/1891/1891 1888/1888/1888
f 1892/1892/1892 1889/1889/1889 1887/1887/1887
f 1890/1890/1890 1893/1893/1893 1891/1891/1891
f 1892/1892/1892 1887/1887/1887 1894/1894/1894
f 1893/1893/1893 1894/1894/1894 1891/1891/1891
f 1893/1893/1893 1892/1892/1892 1894/1894/1894
f 1892/1892/1892 1893/1893/1893 1895/1895/1895
f 1892/1892/1892 1895/1895/1895 1896/1896/1896
f 1893/1893/1893 1897/1897/1897 1895/1895/1895
f 1898/1898/1898 1892/1892/1892 1896/1896/1896
f 1893/1893/1893 1899/1899/1899 1897/1897/1897
f 1898/1898/1898 1896/1896/1896 1900/1900/1900
f 1899/1899/1899 1900/1900/1900 1897/1897/1897
f 1899/1899/1899 1898/1898/1898 1900/1900/1900
