mtllib FP222:Cylinder_028_75241435.mtl
g FP222:Cylinder.028_75241435
v -2.26267 1.15846 -2.03599
v -2.25563 1.16363 -2.03578
v -2.25583 0.36496 -2.03597
v -2.26267 1.15846 -2.03599
v -2.25583 0.36496 -2.03597
v -2.26287 0.37037 -2.03618
v -3.19098 0.01582 -1.10097
v -3.19259 0.01094 -1.09937
v -3.19092 0.01329 -1.09771
v -2.99159 0.0131 -0.86628
v -2.99882 0.0131 -0.86628
v -2.99521 0.01822 -0.86989
v -2.99882 0.0131 -0.86628
v -2.99159 0.0131 -0.86628
v -2.99159 -0.00029 -0.86628
v -2.99882 0.0131 -0.86628
v -2.99159 -0.00029 -0.86628
v -2.99883 -0.00028 -0.86628
v -1.80062 0.0131 -2.05726
v -1.80424 0.01822 -2.06088
v -1.80062 0.0131 -2.06449
v -1.80062 -0.00028 -2.0645
v -1.80062 -0.00029 -2.05726
v -1.80062 0.0131 -2.05726
v -1.80062 -0.00028 -2.0645
v -1.80062 0.0131 -2.05726
v -1.80062 0.0131 -2.06449
v -2.02739 0.01321 -2.28402
v -2.02015 0.01321 -2.28402
v -2.02377 0.01832 -2.28041
v -3.21836 -0.00018 -1.08581
v -3.21836 -0.00017 -1.09304
v -3.21835 0.01321 -1.09304
v -2.02739 -0.00017 -2.28403
v -2.02016 -0.00018 -2.28403
v -2.02015 0.01321 -2.28402
v -2.02739 -0.00017 -2.28403
v -2.02015 0.01321 -2.28402
v -2.02739 0.01321 -2.28402
v -3.21835 0.01321 -1.09304
v -3.21474 0.01832 -1.08942
v -3.21835 0.01321 -1.08581
v -3.21836 -0.00018 -1.08581
v -3.21835 0.01321 -1.09304
v -3.21835 0.01321 -1.08581
v -1.80062 -0.00029 -2.05726
v -1.80062 -0.00028 -2.0645
v -1.80424 -0.0054 -2.06088
v -2.99159 -0.00029 -0.86628
v -2.99521 -0.0054 -0.8699
v -2.99883 -0.00028 -0.86628
v -3.21474 -0.00529 -1.08943
v -2.99883 -0.00028 -0.86628
v -2.99521 -0.0054 -0.8699
v -3.21836 -0.00017 -1.09304
v -3.21836 -0.00018 -1.08581
v -3.21474 -0.00529 -1.08943
v -3.21474 -0.00529 -1.08943
v -3.21836 -0.00018 -1.08581
v -2.99883 -0.00028 -0.86628
v -2.02739 -0.00017 -2.28403
v -2.02377 -0.00529 -2.28041
v -2.02016 -0.00018 -2.28403
v -2.03372 0.01094 -2.25825
v -2.03372 0.00618 -2.25826
v -3.19259 0.00618 -1.09937
v -3.19259 0.01094 -1.09937
v -2.03538 0.01329 -2.25659
v -3.19092 0.01329 -1.10103
v -3.19098 0.01582 -1.10097
v -2.03532 0.01582 -2.25665
v -2.25583 0.36496 -2.03597
v -2.97031 0.36496 -1.32148
v -2.25563 1.16363 -2.03578
v -3.19062 1.49816 -1.10061
v -2.03495 1.49816 -2.25629
v -2.97011 1.16363 -1.32129
v -2.97052 0.37037 -1.32852
v -2.97031 0.36496 -1.32148
v -2.97011 1.16363 -1.32129
v -2.97033 1.15846 -1.32833
v -2.97033 1.15846 -1.32833
v -2.97011 1.16363 -1.32129
v -2.25563 1.16363 -2.03578
v -2.26267 1.15846 -2.03599
v -2.26267 1.15846 -2.03599
v -2.98188 1.15846 -1.33988
v -2.97033 1.15846 -1.32833
v -2.27422 1.15846 -2.04754
v -2.26287 0.37037 -2.03618
v -2.27422 1.15846 -2.04754
v -2.26267 1.15846 -2.03599
v -2.27442 0.37037 -2.04774
v -2.26287 0.37037 -2.03618
v -2.97031 0.36496 -1.32148
v -2.97052 0.37037 -1.32852
v -2.25583 0.36496 -2.03597
v -2.97052 0.37037 -1.32852
v -2.27442 0.37037 -2.04774
v -2.26287 0.37037 -2.03618
v -2.98207 0.37037 -1.34008
v -2.97033 1.15846 -1.32833
v -2.98188 1.15846 -1.33988
v -2.98207 0.37037 -1.34008
v -2.97052 0.37037 -1.32852
v -3.19098 0.01582 -1.10097
v -3.19092 0.01329 -1.09771
v -3.19056 1.50059 -1.09735
v -3.19062 1.49816 -1.10061
v -3.19062 1.49816 -1.10061
v -3.19056 1.50059 -1.09735
v -2.03169 1.50059 -2.25623
v -2.03495 1.49816 -2.25629
v -2.03495 1.49816 -2.25629
v -2.03169 1.50059 -2.25623
v -2.03205 0.01329 -2.25659
v -2.03532 0.01582 -2.25665
v -3.21835 0.01321 -1.08581
v -2.99882 0.0131 -0.86628
v -2.99883 -0.00028 -0.86628
v -3.21836 -0.00018 -1.08581
v -3.21835 0.01321 -1.08581
v -2.99521 0.01822 -0.86989
v -2.99882 0.0131 -0.86628
v -3.21474 0.01832 -1.08942
v -1.80424 0.01822 -2.06088
v -2.99159 0.0131 -0.86628
v -2.99521 0.01822 -0.86989
v -1.80062 0.0131 -2.05726
v -2.99159 0.0131 -0.86628
v -1.80062 0.0131 -2.05726
v -1.80062 -0.00029 -2.05726
v -2.99159 -0.00029 -0.86628
v -2.02377 0.01832 -2.28041
v -1.80062 0.0131 -2.06449
v -1.80424 0.01822 -2.06088
v -2.02015 0.01321 -2.28402
v -2.99521 0.01822 -0.86989
v -2.02377 0.01832 -2.28041
v -1.80424 0.01822 -2.06088
v -3.21474 0.01832 -1.08942
v -1.80062 0.0131 -2.06449
v -2.02015 0.01321 -2.28402
v -2.02016 -0.00018 -2.28403
v -1.80062 -0.00028 -2.0645
v -2.02739 0.01321 -2.28402
v -2.02377 0.01832 -2.28041
v -3.21474 0.01832 -1.08942
v -3.21835 0.01321 -1.09304
v -2.02739 0.01321 -2.28402
v -3.21835 0.01321 -1.09304
v -3.21836 -0.00017 -1.09304
v -2.02739 -0.00017 -2.28403
v -2.99521 -0.0054 -0.8699
v -1.80424 -0.0054 -2.06088
v -2.02377 -0.00529 -2.28041
v -3.21474 -0.00529 -1.08943
v -1.80062 -0.00029 -2.05726
v -1.80424 -0.0054 -2.06088
v -2.99521 -0.0054 -0.8699
v -2.99159 -0.00029 -0.86628
v -2.02377 -0.00529 -2.28041
v -3.21836 -0.00017 -1.09304
v -3.21474 -0.00529 -1.08943
v -2.02739 -0.00017 -2.28403
v -2.02016 -0.00018 -2.28403
v -2.02377 -0.00529 -2.28041
v -1.80424 -0.0054 -2.06088
v -1.80062 -0.00028 -2.0645
v -2.00422 1.53104 -2.2616
v -2.00056 1.52549 -2.26526
v -2.00056 1.52549 -2.25794
v -3.19227 1.52549 -1.06621
v -3.19959 1.52549 -1.06621
v -3.19593 1.53104 -1.06987
v -2.03205 0.01329 -2.25659
v -2.03372 0.01094 -2.25825
v -2.03538 0.01329 -2.25659
v -2.03205 0.01329 -2.25659
v -2.03538 0.01329 -2.25659
v -2.03532 0.01582 -2.25665
v -1.71585 1.69399 -2.22487
v -1.71848 1.69227 -2.22225
v -1.71585 1.69395 -2.2225
v -1.71585 1.69399 -2.22487
v -1.71827 1.69232 -2.22491
v -1.71848 1.69227 -2.22225
v -1.71588 1.71425 -2.22246
v -1.71585 1.69399 -2.22487
v -1.71585 1.69395 -2.2225
v -3.15852 1.69227 -0.78219
v -3.16115 1.69392 -0.77956
v -3.15878 1.69395 -0.77956
v -3.15852 1.69227 -0.78219
v -3.16121 1.69223 -0.78199
v -3.16115 1.69392 -0.77956
v -3.1588 1.71425 -0.77952
v -3.16118 1.71421 -0.77952
v -3.16 1.71589 -0.78071
v -1.71588 1.71428 -2.22483
v -1.71588 1.71425 -2.22246
v -1.71707 1.71597 -2.22364
v -1.71588 1.71428 -2.22483
v -1.71707 1.71597 -2.22364
v -1.89257 1.72175 -2.39876
v -1.71588 1.71428 -2.22483
v -1.89257 1.72175 -2.39876
v -1.89138 1.72008 -2.39995
v -1.71588 1.71425 -2.22246
v -1.71588 1.71428 -2.22483
v -1.71585 1.69399 -2.22487
v -3.16115 1.69392 -0.77956
v -3.16121 1.69223 -0.78199
v -3.3345 1.68581 -0.95496
v -1.90458 1.69982 -2.38913
v -3.33664 1.68573 -0.9571
v -3.32577 1.68657 -0.96793
v -1.90458 1.69982 -2.38913
v -1.89373 1.69813 -2.39999
v -3.33664 1.68573 -0.9571
v -1.90614 1.69982 -2.38757
v -3.32577 1.68657 -0.96793
v -1.90614 1.69982 -2.38757
v -3.32577 1.68657 -0.96793
v -3.32422 1.68657 -0.96949
v -3.1603 1.63525 -0.93702
v -3.25989 1.63256 -1.03138
v -3.16022 1.63765 -0.93161
v -3.16024 1.58915 -0.95426
v -3.15755 1.58921 -0.95425
v -3.15793 1.58762 -0.95699
v -3.16024 1.58915 -0.95426
v -3.15793 1.58762 -0.95699
v -3.16185 1.58749 -0.95902
v -3.24699 1.58255 -1.04466
v -3.16024 1.58915 -0.95426
v -3.16185 1.58749 -0.95902
v -3.24804 1.58249 -1.04572
v -3.24852 1.58414 -1.04305
v -3.24961 1.58408 -1.04415
v -3.24699 1.58255 -1.04466
v -3.24852 1.58414 -1.04305
v -3.16024 1.58915 -0.95426
v -1.89054 1.58921 -2.22127
v -1.89527 1.58774 -2.22558
v -1.89327 1.58761 -2.22166
v -1.89054 1.58921 -2.22127
v -1.89052 1.58927 -2.22392
v -1.89527 1.58774 -2.22558
v -3.16264 1.58597 -0.97613
v -3.16501 1.58589 -0.97614
v -3.16537 1.5875 -0.97415
v -3.16264 1.58597 -0.97613
v -3.16537 1.5875 -0.97415
v -3.16198 1.58765 -0.97441
v -1.91237 1.58598 -2.2288
v -1.91237 1.58591 -2.22641
v -1.91066 1.58759 -2.22575
v -1.91237 1.58598 -2.2288
v -1.91066 1.58759 -2.22575
v -1.91033 1.58774 -2.22912
v -1.91226 1.52582 -2.22893
v -1.91345 1.52414 -2.22775
v -1.91227 1.52574 -2.22655
v -3.16253 1.52581 -0.97627
v -3.16372 1.52405 -0.97747
v -3.16491 1.52573 -0.97628
v -3.24222 1.58246 -1.05142
v -1.98848 1.59112 -2.30529
v -1.9873 1.59286 -2.30647
v -1.98723 1.52911 -2.30189
v -1.98838 1.52919 -2.30305
v -3.23863 1.51908 -1.05279
v -3.23863 1.51908 -1.05279
v -1.91345 1.52414 -2.22775
v -1.98723 1.52911 -2.30189
v -1.73908 1.69232 -2.22402
v -1.89254 1.6981 -2.3988
v -1.90339 1.6981 -2.38795
v -1.71827 1.69232 -2.22491
v -1.89136 1.69978 -2.39998
v -1.89254 1.6981 -2.3988
v -1.89254 1.6981 -2.3988
v -1.89136 1.69978 -2.39998
v -1.89373 1.69981 -2.39998
v -1.89254 1.6981 -2.3988
v -1.89373 1.69981 -2.39998
v -1.89373 1.69813 -2.39999
v -1.71827 1.69232 -2.22491
v -1.71585 1.69399 -2.22487
v -1.89136 1.69978 -2.39998
v -1.89138 1.72008 -2.39995
v -1.89373 1.69981 -2.39998
v -1.89136 1.69978 -2.39998
v -1.89254 1.6981 -2.3988
v -1.89373 1.69813 -2.39999
v -1.90458 1.69982 -2.38913
v -1.89138 1.72008 -2.39995
v -1.89376 1.72011 -2.39995
v -1.89373 1.69981 -2.39998
v -1.89138 1.72008 -2.39995
v -1.89257 1.72175 -2.39876
v -1.89376 1.72011 -2.39995
v -3.33547 1.71027 -0.95585
v -1.89376 1.72011 -2.39995
v -1.89257 1.72175 -2.39876
v -3.33547 1.71027 -0.95585
v -3.33666 1.70855 -0.95704
v -1.89376 1.72011 -2.39995
v -3.33666 1.70858 -0.95466
v -3.33666 1.70855 -0.95704
v -3.33547 1.71027 -0.95585
v -3.33663 1.68826 -0.95708
v -3.33664 1.68573 -0.9571
v -1.89373 1.69813 -2.39999
v -3.33663 1.68826 -0.95708
v -1.89373 1.69813 -2.39999
v -1.89373 1.69981 -2.39998
v -1.90761 1.69747 -2.38611
v -1.90512 1.69738 -2.38362
v -1.74502 1.69167 -2.22389
v -1.86788 1.63772 -2.22126
v -1.86786 1.63779 -2.22391
v -1.87328 1.63538 -2.22399
v -1.86788 1.63772 -2.22126
v -1.87328 1.63538 -2.22399
v -1.87333 1.63532 -2.22138
v -3.16 1.71589 -0.78071
v -3.33333 1.71034 -0.95371
v -3.33547 1.71027 -0.95585
v -3.24804 1.58249 -1.04572
v -3.24804 1.58249 -1.04572
v -3.24961 1.58408 -1.04415
v -1.97995 1.59444 -2.31381
v -1.98151 1.59283 -2.31226
v -1.98151 1.59283 -2.31226
v -1.90614 1.69982 -2.38757
v -1.90727 1.69763 -2.38645
v -1.90495 1.6981 -2.3864
v -3.24852 1.58414 -1.04305
v -3.24961 1.58408 -1.04415
v -3.25006 1.58596 -1.0437
v -2.02472 0.01329 -2.28942
v -2.00056 1.52549 -2.26526
v -2.02435 1.5255 -2.28905
v -2.00093 0.01328 -2.26563
v -2.00093 0.00618 -2.26563
v -2.02472 0.00619 -2.28942
v -2.02801 1.53105 -2.28539
v -2.02435 1.5255 -2.28905
v -2.00056 1.52549 -2.26526
v -2.00422 1.53104 -2.2616
v -2.02801 1.53105 -2.28539
v -2.00422 1.53104 -2.2616
v -3.19593 1.53104 -1.06987
v -3.21972 1.53105 -1.09366
v -2.00056 1.52549 -2.25794
v -2.00056 1.52549 -2.26526
v -2.00093 0.01328 -2.26563
v -2.00093 0.01328 -2.25831
v -2.00093 0.00618 -2.25831
v -2.00093 0.00618 -2.26563
v -3.19593 1.53104 -1.06987
v -3.22338 1.5255 -1.09
v -3.21972 1.53105 -1.09366
v -3.19959 1.52549 -1.06621
v -3.19996 0.01328 -1.06658
v -3.22338 1.5255 -1.09
v -3.19959 1.52549 -1.06621
v -3.22375 0.01329 -1.09037
v -3.22375 0.00619 -1.09038
v -3.19996 0.00618 -1.06658
v -2.00422 1.53104 -2.2616
v -2.00056 1.52549 -2.25794
v -3.19227 1.52549 -1.06621
v -3.19593 1.53104 -1.06987
v -3.19264 0.01328 -1.06658
v -3.19959 1.52549 -1.06621
v -3.19227 1.52549 -1.06621
v -3.19996 0.01328 -1.06658
v -3.19996 0.00618 -1.06658
v -3.19264 0.00618 -1.06658
v -3.17931 0.01328 -1.07992
v -3.17931 0.00618 -1.07992
v -3.19264 0.00618 -1.06658
v -3.19264 0.01328 -1.06658
v -3.19227 1.52549 -1.06621
v -3.17894 1.50527 -1.07955
v -2.00056 1.52549 -2.25794
v -2.0139 1.50527 -2.24461
v -2.00093 0.01328 -2.25831
v -2.01426 0.01328 -2.24497
v -2.01426 0.00618 -2.24498
v -2.00093 0.00618 -2.25831
v -3.17942 0.01328 -1.08621
v -3.17894 1.50527 -1.07955
v -3.17906 1.50058 -1.08585
v -3.17931 0.01328 -1.07992
v -3.17942 0.00618 -1.08621
v -3.17931 0.00618 -1.07992
v -3.17906 1.50058 -1.08585
v -3.17894 1.50527 -1.07955
v -2.0139 1.50527 -2.24461
v -2.02019 1.50058 -2.24473
v -2.02019 1.50058 -2.24473
v -2.0139 1.50527 -2.24461
v -2.01426 0.01328 -2.24497
v -2.02055 0.01328 -2.24509
v -2.01426 0.00618 -2.24498
v -2.02055 0.00618 -2.24509
v -2.02019 1.50058 -2.24473
v -3.19056 1.50059 -1.09735
v -3.17906 1.50058 -1.08585
v -2.03169 1.50059 -2.25623
v -2.02055 0.01328 -2.24509
v -2.03169 1.50059 -2.25623
v -2.02019 1.50058 -2.24473
v -2.03205 0.01329 -2.25659
v -2.02055 0.00618 -2.24509
v -2.03372 0.00618 -2.25826
v -2.03372 0.01094 -2.25825
v -3.17906 1.50058 -1.08585
v -3.19056 1.50059 -1.09735
v -3.19092 0.01329 -1.09771
v -3.17942 0.01328 -1.08621
v -3.19259 0.00618 -1.09937
v -3.17942 0.00618 -1.08621
v -3.19259 0.01094 -1.09937
v -3.26034 1.63321 -1.03091
v -3.26158 1.63314 -1.03215
v -3.28873 1.6711 -1.00499
v -3.25989 1.63256 -1.03138
v -3.26112 1.63249 -1.03262
v -3.16022 1.63765 -0.93161
v -3.16022 1.6383 -0.93069
v -3.26034 1.63321 -1.03091
v -3.28873 1.6711 -1.00499
v -3.28716 1.67117 -1.00342
v -3.16022 1.6383 -0.93069
v -3.16024 1.67648 -0.8767
v -3.1602 1.69092 -0.81168
v -3.15755 1.67654 -0.87669
v -3.16024 1.67648 -0.8767
v -3.15751 1.69097 -0.81167
v -3.16019 1.69158 -0.80874
v -3.15751 1.69162 -0.80873
v -3.16019 1.69223 -0.80579
v -3.15751 1.69228 -0.80578
v -3.28716 1.67117 -1.00342
v -3.28873 1.6711 -1.00499
v -3.32127 1.68528 -0.97244
v -3.3193 1.68535 -0.97047
v -3.16024 1.67648 -0.8767
v -3.32274 1.68593 -0.97097
v -3.1602 1.69092 -0.81168
v -3.32076 1.68599 -0.96899
v -3.32422 1.68657 -0.96949
v -3.16019 1.69158 -0.80874
v -3.32222 1.68664 -0.96749
v -3.16019 1.69223 -0.80579
v -2.43852 1.69227 -1.50224
v -1.71585 1.69395 -2.2225
v -1.71848 1.69227 -2.22225
v -2.43733 1.69395 -1.50104
v -3.15852 1.69227 -0.78219
v -3.15878 1.69395 -0.77956
v -2.43733 1.69395 -1.50104
v -1.71588 1.71425 -2.22246
v -1.71585 1.69395 -2.2225
v -2.43736 1.71425 -1.50101
v -3.15878 1.69395 -0.77956
v -3.1588 1.71425 -0.77952
v -2.43855 1.71593 -1.50219
v -3.1588 1.71425 -0.77952
v -3.16 1.71589 -0.78071
v -2.43736 1.71425 -1.50101
v -1.71707 1.71597 -2.22364
v -1.71588 1.71425 -2.22246
v -3.16118 1.71421 -0.77952
v -3.1588 1.71425 -0.77952
v -3.15878 1.69395 -0.77956
v -3.16115 1.69392 -0.77956
v -3.33449 1.68836 -0.95256
v -3.16118 1.71421 -0.77952
v -3.16115 1.69392 -0.77956
v -3.33451 1.70865 -0.95252
v -1.89257 1.72175 -2.39876
v -1.71707 1.71597 -2.22364
v -2.43855 1.71593 -1.50219
v -3.33547 1.71027 -0.95585
v -3.16 1.71589 -0.78071
v -3.16115 1.69392 -0.77956
v -3.3345 1.68581 -0.95496
v -3.33449 1.68836 -0.95256
v -3.33664 1.68573 -0.9571
v -3.33663 1.68829 -0.9547
v -3.33663 1.68829 -0.9547
v -3.33451 1.70865 -0.95252
v -3.33449 1.68836 -0.95256
v -3.33666 1.70858 -0.95466
v -3.32577 1.68657 -0.96793
v -3.33664 1.68573 -0.9571
v -3.3345 1.68581 -0.95496
v -3.32375 1.68664 -0.96592
v -3.16121 1.69223 -0.78199
v -3.15852 1.69227 -0.78219
v -3.15764 1.69228 -0.8028
v -2.43852 1.69227 -1.50224
v -3.16032 1.69223 -0.80281
v -3.32375 1.68664 -0.96592
v -2.44838 1.69228 -1.5121
v -1.71848 1.69227 -2.22225
v -3.15751 1.69228 -0.80578
v -3.16019 1.69223 -0.80579
v -3.32222 1.68664 -0.96749
v -3.32422 1.68657 -0.96949
v -3.32577 1.68657 -0.96793
v -2.4498 1.69228 -1.51352
v -1.73909 1.69228 -2.22136
v -1.74207 1.69228 -2.22124
v -1.74206 1.69233 -2.22389
v -1.73908 1.69232 -2.22402
v -1.71827 1.69232 -2.22491
v -1.89254 1.6981 -2.3988
v -1.90339 1.6981 -2.38795
v -1.90495 1.6981 -2.3864
v -2.5155 1.63532 -1.57921
v -3.15765 1.63532 -0.93704
v -3.15753 1.63772 -0.93159
v -2.51271 1.63772 -1.57643
v -1.86788 1.63772 -2.22126
v -1.87333 1.63532 -2.22138
v -3.16022 1.63765 -0.93161
v -3.15753 1.63772 -0.93159
v -3.15765 1.63532 -0.93704
v -3.1603 1.63525 -0.93702
v -3.16022 1.6383 -0.93069
v -3.15753 1.63772 -0.93159
v -3.16022 1.63765 -0.93161
v -3.15753 1.63837 -0.93067
v -3.16024 1.67648 -0.8767
v -3.15755 1.67654 -0.87669
v -2.51271 1.63772 -1.57643
v -3.15753 1.63772 -0.93159
v -3.15753 1.63837 -0.93067
v -2.51225 1.63837 -1.57597
v -3.15755 1.67654 -0.87669
v -2.48524 1.67654 -1.54896
v -1.81298 1.67654 -2.22127
v -1.86696 1.63837 -2.22126
v -1.86788 1.63772 -2.22126
v -3.1603 1.63525 -0.93702
v -3.25677 1.63018 -1.03362
v -3.25989 1.63256 -1.03138
v -3.26112 1.63249 -1.03262
v -3.25796 1.63011 -1.03481
v -3.1603 1.63525 -0.93702
v -3.15765 1.63532 -0.93704
v -3.15755 1.5911 -0.95337
v -3.16023 1.59104 -0.95338
v -3.16023 1.59104 -0.95338
v -3.25677 1.63018 -1.03362
v -3.1603 1.63525 -0.93702
v -3.24896 1.58602 -1.0426
v -3.25796 1.63011 -1.03481
v -3.25006 1.58596 -1.0437
v -3.16023 1.59104 -0.95338
v -3.15755 1.5911 -0.95337
v -3.15755 1.58921 -0.95425
v -3.16024 1.58915 -0.95426
v -3.15793 1.58762 -0.95699
v -3.15755 1.58921 -0.95425
v -2.52405 1.58921 -1.58776
v -2.52561 1.58761 -1.58932
v -1.89054 1.58921 -2.22127
v -1.89327 1.58761 -2.22166
v -2.52405 1.58921 -1.58776
v -3.15755 1.58921 -0.95425
v -3.15755 1.5911 -0.95337
v -2.5236 1.5911 -1.58732
v -1.88966 1.5911 -2.22127
v -1.89054 1.58921 -2.22127
v -3.24129 1.58252 -1.05048
v -3.16185 1.58749 -0.95902
v -3.16537 1.5875 -0.97415
v -3.16198 1.58765 -0.97441
v -3.16185 1.58749 -0.95902
v -3.15793 1.58762 -0.95699
v -2.52561 1.58761 -1.58932
v -2.53634 1.58762 -1.60006
v -1.89327 1.58761 -2.22166
v -1.91066 1.58759 -2.22575
v -1.91033 1.58774 -2.22912
v -1.89527 1.58774 -2.22558
v -1.98018 1.59276 -2.31093
v -3.24129 1.58252 -1.05048
v -3.24699 1.58255 -1.04466
v -3.24222 1.58246 -1.05142
v -3.24804 1.58249 -1.04572
v -1.88966 1.5911 -2.22127
v -1.89052 1.58927 -2.22392
v -1.89054 1.58921 -2.22127
v -1.88964 1.59115 -2.22392
v -3.24018 1.5809 -1.05172
v -3.16537 1.5875 -0.97415
v -3.16501 1.58589 -0.97614
v -3.24129 1.58252 -1.05048
v -3.24111 1.58084 -1.05265
v -3.24222 1.58246 -1.05142
v -3.16264 1.58597 -0.97613
v -3.16198 1.58765 -0.97441
v -2.53634 1.58762 -1.60006
v -2.53753 1.58594 -1.60125
v -1.91066 1.58759 -2.22575
v -1.91237 1.58591 -2.22641
v -1.91237 1.58591 -2.22641
v -1.91227 1.52574 -2.22655
v -2.53742 1.52577 -1.60139
v -2.53753 1.58594 -1.60125
v -3.16253 1.52581 -0.97627
v -3.16264 1.58597 -0.97613
v -3.23771 1.51914 -1.05187
v -3.16372 1.52405 -0.97747
v -2.53861 1.52409 -1.60258
v -3.23863 1.51908 -1.05279
v -1.91345 1.52414 -2.22775
v -1.91227 1.52574 -2.22655
v -1.91345 1.52414 -2.22775
v -2.53861 1.52409 -1.60258
v -2.53742 1.52577 -1.60139
v -3.16372 1.52405 -0.97747
v -3.16253 1.52581 -0.97627
v -1.91226 1.52582 -2.22893
v -1.91227 1.52574 -2.22655
v -1.91237 1.58591 -2.22641
v -1.91237 1.58598 -2.2288
v -1.98731 1.59104 -2.30411
v -1.91226 1.52582 -2.22893
v -1.91237 1.58598 -2.2288
v -1.98721 1.53088 -2.30425
v -1.98848 1.59112 -2.30529
v -1.98837 1.53096 -2.30542
v -3.23771 1.51914 -1.05187
v -3.16491 1.52573 -0.97628
v -3.16372 1.52405 -0.97747
v -3.24007 1.52073 -1.05185
v -3.23863 1.51908 -1.05279
v -3.241 1.52067 -1.05279
v -3.16253 1.52581 -0.97627
v -3.16491 1.52573 -0.97628
v -3.16501 1.58589 -0.97614
v -3.16264 1.58597 -0.97613
v -3.24018 1.5809 -1.05172
v -3.241 1.52067 -1.05279
v -3.24111 1.58084 -1.05265
v -3.24007 1.52073 -1.05185
v -3.16501 1.58589 -0.97614
v -3.16491 1.52573 -0.97628
v -3.24111 1.58084 -1.05265
v -3.241 1.52067 -1.05279
v -1.98837 1.53096 -2.30542
v -1.98848 1.59112 -2.30529
v -3.24222 1.58246 -1.05142
v -3.241 1.52067 -1.05279
v -1.98838 1.52919 -2.30305
v -1.98837 1.53096 -2.30542
v -3.23863 1.51908 -1.05279
v -1.98837 1.53096 -2.30542
v -1.98838 1.52919 -2.30305
v -1.98723 1.52911 -2.30189
v -1.98721 1.53088 -2.30425
v -1.91345 1.52414 -2.22775
v -1.91226 1.52582 -2.22893
v -1.9873 1.59286 -2.30647
v -1.98848 1.59112 -2.30529
v -1.98731 1.59104 -2.30411
v -1.98612 1.59278 -2.30528
v -1.91237 1.58598 -2.2288
v -1.91033 1.58774 -2.22912
v -1.98612 1.59278 -2.30528
v -1.98151 1.59283 -2.31226
v -1.9873 1.59286 -2.30647
v -1.98018 1.59276 -2.31093
v -1.91033 1.58774 -2.22912
v -1.97995 1.59444 -2.31381
v -1.98151 1.59283 -2.31226
v -1.98018 1.59276 -2.31093
v -1.97858 1.59436 -2.31244
v -1.89527 1.58774 -2.22558
v -1.89052 1.58927 -2.22392
v -1.89052 1.58927 -2.22392
v -1.88964 1.59115 -2.22392
v -1.97814 1.59625 -2.31286
v -1.97858 1.59436 -2.31244
v -1.97952 1.59633 -2.31425
v -1.97995 1.59444 -2.31381
v -1.88964 1.59115 -2.22392
v -1.87328 1.63538 -2.22399
v -1.96949 1.64054 -2.32029
v -1.97814 1.59625 -2.31286
v -1.97099 1.64062 -2.32179
v -1.97952 1.59633 -2.31425
v -1.96949 1.64054 -2.32029
v -1.96882 1.64304 -2.32493
v -1.97099 1.64062 -2.32179
v -1.96727 1.64296 -2.32338
v -1.87328 1.63538 -2.22399
v -1.86786 1.63779 -2.22391
v -1.96727 1.64296 -2.32338
v -1.96836 1.6437 -2.32538
v -1.96882 1.64304 -2.32493
v -1.9668 1.64361 -2.32383
v -1.86786 1.63779 -2.22391
v -1.94151 1.6821 -2.35222
v -1.86694 1.63844 -2.22391
v -1.93953 1.68201 -2.35025
v -1.81297 1.67659 -2.22393
v -1.93953 1.68201 -2.35025
v -1.90907 1.69681 -2.38464
v -1.94151 1.6821 -2.35222
v -1.9066 1.69672 -2.38218
v -1.81297 1.67659 -2.22393
v -1.90761 1.69747 -2.38611
v -1.74795 1.69102 -2.22389
v -1.90512 1.69738 -2.38362
v -1.74502 1.69167 -2.22389
v -1.90727 1.69763 -2.38645
v -1.90761 1.69747 -2.38611
v -1.90495 1.6981 -2.3864
v -1.74206 1.69233 -2.22389
v -1.71585 1.69399 -2.22487
v -1.89138 1.72008 -2.39995
v -1.89136 1.69978 -2.39998
v -1.71588 1.71428 -2.22483
v -1.90339 1.6981 -2.38795
v -1.90614 1.69982 -2.38757
v -1.90495 1.6981 -2.3864
v -1.90458 1.69982 -2.38913
v -1.89254 1.6981 -2.3988
v -3.33333 1.71034 -0.95371
v -3.33666 1.70858 -0.95466
v -3.33547 1.71027 -0.95585
v -3.33451 1.70865 -0.95252
v -3.16 1.71589 -0.78071
v -3.16118 1.71421 -0.77952
v -3.33663 1.68829 -0.9547
v -3.33666 1.70855 -0.95704
v -3.33666 1.70858 -0.95466
v -3.33663 1.68826 -0.95708
v -3.33664 1.68573 -0.9571
v -1.89373 1.69981 -2.39998
v -3.33666 1.70855 -0.95704
v -3.33663 1.68826 -0.95708
v -1.89376 1.72011 -2.39995
v -2.48524 1.67654 -1.54896
v -1.74796 1.69097 -2.22124
v -1.81298 1.67654 -2.22127
v -2.45275 1.69097 -1.51647
v -1.74503 1.69162 -2.22124
v -3.15751 1.69097 -0.81167
v -3.15755 1.67654 -0.87669
v -3.15751 1.69162 -0.80873
v -2.45128 1.69162 -1.515
v -1.74207 1.69228 -2.22124
v -3.15751 1.69228 -0.80578
v -2.4498 1.69228 -1.51352
v -1.74796 1.69097 -2.22124
v -1.81297 1.67659 -2.22393
v -1.81298 1.67654 -2.22127
v -1.74795 1.69102 -2.22389
v -1.74503 1.69162 -2.22124
v -1.74502 1.69167 -2.22389
v -1.74207 1.69228 -2.22124
v -1.74206 1.69233 -2.22389
v -1.81298 1.67654 -2.22127
v -1.81297 1.67659 -2.22393
v -1.86694 1.63844 -2.22391
v -1.86696 1.63837 -2.22126
v -1.86786 1.63779 -2.22391
v -1.86788 1.63772 -2.22126
v -1.87333 1.63532 -2.22138
v -1.87328 1.63538 -2.22399
v -1.88964 1.59115 -2.22392
v -1.88966 1.5911 -2.22127
v -2.5236 1.5911 -1.58732
v -1.87333 1.63532 -2.22138
v -1.88966 1.5911 -2.22127
v -2.5155 1.63532 -1.57921
v -3.15765 1.63532 -0.93704
v -3.15755 1.5911 -0.95337
v -3.24852 1.58414 -1.04305
v -3.25006 1.58596 -1.0437
v -3.24896 1.58602 -1.0426
v -3.16024 1.58915 -0.95426
v -3.16023 1.59104 -0.95338
v -2.98314 0.37328 -1.34244
v -2.98188 1.15846 -1.33988
v -2.98295 1.15556 -1.34225
v -2.98207 0.37037 -1.34008
v -2.27678 0.37328 -2.0488
v -2.98207 0.37037 -1.34008
v -2.98314 0.37328 -1.34244
v -2.27442 0.37037 -2.04774
v -2.27659 1.15556 -2.04861
v -2.27442 0.37037 -2.04774
v -2.27678 0.37328 -2.0488
v -2.27422 1.15846 -2.04754
v -2.98295 1.15556 -1.34225
v -2.98188 1.15846 -1.33988
v -2.27422 1.15846 -2.04754
v -2.27659 1.15556 -2.04861
v -2.29985 0.47681 -2.02568
v -2.31884 0.47533 -2.04467
v -2.3187 1.05056 -2.04453
v -2.29971 1.05203 -2.02554
v -2.96002 0.47681 -1.36551
v -2.979 0.47533 -1.3845
v -2.31884 0.47533 -2.04467
v -2.29985 0.47681 -2.02568
v -2.29971 1.05203 -2.02554
v -2.3187 1.05056 -2.04453
v -2.97886 1.05056 -1.38436
v -2.95988 1.05203 -1.36537
v -2.95988 1.05203 -1.36537
v -2.97886 1.05056 -1.38436
v -2.979 0.47533 -1.3845
v -2.96002 0.47681 -1.36551
v -2.29971 1.05203 -2.02554
v -2.27659 1.15556 -2.04861
v -2.27678 0.37328 -2.0488
v -2.29985 0.47681 -2.02568
v -2.95988 1.05203 -1.36537
v -2.98314 0.37328 -1.34244
v -2.98295 1.15556 -1.34225
v -2.96002 0.47681 -1.36551
v -2.54049 0.37583 -2.31481
v -3.24915 0.37583 -1.60615
v -3.24896 1.15323 -1.60596
v -2.5403 1.15323 -2.31462
v -3.00338 0.37573 -1.36038
v -3.24915 0.37583 -1.60615
v -2.54049 0.37583 -2.31481
v -2.29473 0.37573 -2.06905
v -3.00319 1.15313 -1.36019
v -3.24896 1.15323 -1.60596
v -3.24915 0.37583 -1.60615
v -3.00338 0.37573 -1.36038
v -2.29454 1.15313 -2.06886
v -2.5403 1.15323 -2.31462
v -3.24896 1.15323 -1.60596
v -3.00319 1.15313 -1.36019
v -2.29473 0.37573 -2.06905
v -2.54049 0.37583 -2.31481
v -2.5403 1.15323 -2.31462
v -2.29454 1.15313 -2.06886
v -2.29454 1.15313 -2.06886
v -2.3187 1.05056 -2.04453
v -2.31884 0.47533 -2.04467
v -2.29473 0.37573 -2.06905
v -3.00319 1.15313 -1.36019
v -2.979 0.47533 -1.3845
v -2.97886 1.05056 -1.38436
v -3.00338 0.37573 -1.36038
vn -2.673607 1.634863 -0.7569182
vn -2.673607 1.634863 -0.7569182
vn -2.673607 1.634863 -0.7569182
vn -2.673608 1.634863 -0.7569182
vn -2.673608 1.634863 -0.7569182
vn -2.673608 1.634863 -0.7569182
vn -2.156377 1.411043 -1.517177
vn -2.156377 1.411043 -1.517177
vn -2.156377 1.411043 -1.517177
vn -2.655906 1.968219 -0.8625144
vn -2.655906 1.968219 -0.8625144
vn -2.655906 1.968219 -0.8625144
vn -2.655984 1.634862 -0.7566496
vn -2.655984 1.634862 -0.7566496
vn -2.655984 1.634862 -0.7566496
vn -2.656 1.634862 -0.7566496
vn -2.656 1.634862 -0.7566496
vn -2.656 1.634862 -0.7566496
vn -2.184494 1.96819 -1.333938
vn -2.184494 1.96819 -1.333938
vn -2.184494 1.96819 -1.333938
vn -2.07865 1.634854 -1.334024
vn -2.07865 1.634854 -1.334024
vn -2.07865 1.634854 -1.334024
vn -2.07865 1.634854 -1.334024
vn -2.07865 1.634854 -1.334024
vn -2.07865 1.634854 -1.334024
vn -2.655893 1.968449 -1.805323
vn -2.655893 1.968449 -1.805323
vn -2.655893 1.968449 -1.805323
vn -3.23335 1.635127 -1.334
vn -3.23335 1.635127 -1.334
vn -3.23335 1.635127 -1.334
vn -2.656005 1.635158 -1.91135
vn -2.656005 1.635158 -1.91135
vn -2.656005 1.635158 -1.91135
vn -2.655963 1.635145 -1.91135
vn -2.655963 1.635145 -1.91135
vn -2.655963 1.635145 -1.91135
vn -3.127334 1.968433 -1.333918
vn -3.127334 1.968433 -1.333918
vn -3.127334 1.968433 -1.333918
vn -3.23335 1.635146 -1.334
vn -3.23335 1.635146 -1.334
vn -3.23335 1.635146 -1.334
vn -2.184638 1.301607 -1.334101
vn -2.184638 1.301607 -1.334101
vn -2.184638 1.301607 -1.334101
vn -2.656058 1.301575 -0.8626605
vn -2.656058 1.301575 -0.8626605
vn -2.656058 1.301575 -0.8626605
vn -2.944782 1.226765 -1.045414
vn -2.944782 1.226765 -1.045414
vn -2.944782 1.226765 -1.045414
vn -3.12751 1.301816 -1.334081
vn -3.12751 1.301816 -1.334081
vn -3.12751 1.301816 -1.334081
vn -2.944777 1.226756 -1.04542
vn -2.944777 1.226756 -1.04542
vn -2.944777 1.226756 -1.04542
vn -2.656058 1.301802 -1.8055
vn -2.656058 1.301802 -1.8055
vn -2.656058 1.301802 -1.8055
vn -2.24775 1.634883 -0.9257537
vn -2.24775 1.634765 -0.9257538
vn -2.24775 1.63477 -0.9257538
vn -2.24775 1.634732 -0.9257538
vn -2.247749 1.634883 -0.9257539
vn -2.24775 1.634813 -0.9257537
vn -2.247749 1.634801 -0.9257541
vn -2.24775 1.634801 -0.9257533
vn -2.24775 1.6348 -0.9257538
vn -2.247749 1.6348 -0.9257543
vn -2.24775 1.634801 -0.9257533
vn -2.24775 1.6348 -0.9257537
vn -2.24775 1.634801 -0.9257532
vn -2.24775 1.634801 -0.9257537
vn -2.078917 1.634863 -1.351564
vn -2.078917 1.634863 -1.351564
vn -2.078917 1.634863 -1.351564
vn -2.078917 1.634863 -1.351577
vn -2.366151 1.228419 -1.04415
vn -2.366151 1.228419 -1.04415
vn -2.366151 1.228419 -1.04415
vn -2.366166 1.228397 -1.044165
vn -2.656141 1.05765 -1.334145
vn -2.656141 1.05765 -1.334145
vn -2.656141 1.05765 -1.334145
vn -2.656141 1.05765 -1.334143
vn -3.064251 1.635 -0.9257548
vn -3.064251 1.635 -0.9257548
vn -3.064251 1.635 -0.9257548
vn -3.064247 1.635 -0.9257507
vn -2.359891 2.032459 -1.037894
vn -2.359891 2.032459 -1.037894
vn -2.359891 2.032459 -1.037894
vn -2.35988 2.032444 -1.037884
vn -2.655859 2.21235 -1.333858
vn -2.655859 2.21235 -1.333858
vn -2.655859 2.21235 -1.333858
vn -2.655859 2.21235 -1.333858
vn -2.247764 1.635 -1.742261
vn -2.247764 1.635 -1.742261
vn -2.247764 1.635 -1.742261
vn -2.247764 1.635 -1.74226
vn -2.078748 1.634861 -1.344641
vn -2.078748 1.634861 -1.344641
vn -2.078748 1.634861 -1.344641
vn -2.078748 1.634862 -1.344642
vn -2.362693 1.233402 -1.040703
vn -2.362693 1.233402 -1.040703
vn -2.362693 1.233402 -1.040703
vn -2.362661 1.233468 -1.040643
vn -2.666487 1.634861 -0.7567449
vn -2.666487 1.634861 -0.7567449
vn -2.666487 1.634861 -0.7567449
vn -2.666538 1.634861 -0.7567458
vn -3.064246 1.635 -0.9257491
vn -3.064246 1.635 -0.9257491
vn -3.064246 1.635 -0.9257491
vn -3.064246 1.635027 -0.9257498
vn -2.944579 2.043241 -1.045218
vn -2.944579 2.043241 -1.045218
vn -2.944579 2.043241 -1.045218
vn -2.944557 2.043272 -1.045241
vn -2.367237 2.043126 -1.04524
vn -2.367237 2.043126 -1.04524
vn -2.367237 2.043126 -1.04524
vn -2.367232 2.043119 -1.045235
vn -2.24775 1.63479 -0.9257537
vn -2.24775 1.63479 -0.9257537
vn -2.24775 1.63479 -0.9257537
vn -2.247749 1.63482 -0.9257538
vn -2.36723 2.043254 -1.622573
vn -2.36723 2.043254 -1.622573
vn -2.36723 2.043253 -1.622573
vn -2.367216 2.043232 -1.622588
vn -2.655859 2.21235 -1.333859
vn -2.655859 2.21235 -1.333859
vn -2.655859 2.21235 -1.333859
vn -2.655859 2.21235 -1.333859
vn -2.247754 1.635027 -1.742251
vn -2.247754 1.635027 -1.742251
vn -2.247754 1.635027 -1.742251
vn -2.247753 1.635 -1.74225
vn -2.944563 2.043409 -1.62256
vn -2.944563 2.043409 -1.62256
vn -2.944563 2.043409 -1.62256
vn -2.944578 2.043388 -1.622575
vn -3.06425 1.63519 -1.742246
vn -3.06425 1.63519 -1.742246
vn -3.06425 1.63519 -1.742246
vn -3.06425 1.63519 -1.742246
vn -2.656141 1.05765 -1.334141
vn -2.656141 1.05765 -1.334141
vn -2.656141 1.05765 -1.334141
vn -2.656141 1.05765 -1.334141
vn -2.367401 1.226642 -1.045404
vn -2.367401 1.226642 -1.045404
vn -2.367401 1.226642 -1.045404
vn -2.367413 1.226624 -1.045416
vn -2.944804 1.226932 -1.622801
vn -2.944804 1.226932 -1.622801
vn -2.944804 1.226932 -1.622801
vn -2.944781 1.2269 -1.622778
vn -2.3674 1.226788 -1.622801
vn -2.3674 1.226788 -1.622801
vn -2.3674 1.226788 -1.622801
vn -2.367408 1.226777 -1.622794
vn -2.173928 1.952711 -1.333918
vn -2.173928 1.952711 -1.333918
vn -2.173928 1.952711 -1.333918
vn -2.655926 1.952734 -0.8519431
vn -2.655926 1.952734 -0.8519431
vn -2.655926 1.952734 -0.8519431
vn -2.656 1.301516 -0.8627019
vn -2.656 1.301516 -0.8627019
vn -2.656 1.301516 -0.8627019
vn -2.655912 1.648554 -0.7568088
vn -2.655912 1.648554 -0.7568088
vn -2.655912 1.648554 -0.7568088
vn -2.345562 1.148283 -1.34227
vn -2.345562 1.148283 -1.342269
vn -2.345562 1.148283 -1.342269
vn -2.327095 1.160849 -1.315693
vn -2.327095 1.160849 -1.315693
vn -2.327094 1.160849 -1.315693
vn -2.07865 1.635795 -1.334283
vn -2.07865 1.635795 -1.334283
vn -2.07865 1.635795 -1.334283
vn -2.648102 1.148745 -1.02283
vn -2.648102 1.148745 -1.02283
vn -2.648102 1.148745 -1.02283
vn -2.624475 1.160485 -1.006624
vn -2.624475 1.160485 -1.006624
vn -2.624475 1.160485 -1.006624
vn -2.661214 1.970041 -0.8638364
vn -2.661214 1.970041 -0.8638364
vn -2.661214 1.970041 -0.8638364
vn -2.183137 1.966222 -1.328861
vn -2.183137 1.966222 -1.328861
vn -2.183137 1.966222 -1.328861
vn -2.361218 2.043563 -1.615981
vn -2.361218 2.043563 -1.615981
vn -2.361218 2.043563 -1.615981
vn -2.361968 2.044682 -1.615138
vn -2.361968 2.044682 -1.615138
vn -2.361968 2.044682 -1.615138
vn -2.07865 1.635804 -1.334358
vn -2.07865 1.635804 -1.334358
vn -2.07865 1.635804 -1.334358
vn -2.932833 1.221399 -1.041372
vn -2.932833 1.221399 -1.041372
vn -2.932833 1.221399 -1.041372
vn -2.247825 1.619125 -0.9259864
vn -2.247825 1.619125 -0.9259864
vn -2.247825 1.619125 -0.9259864
vn -2.247741 1.634803 -0.9257618
vn -2.247741 1.634803 -0.9257618
vn -2.247741 1.634803 -0.9257618
vn -2.245402 1.647621 -0.928311
vn -2.656 2.21235 -1.334
vn -2.656 2.21235 -1.334
vn -3.06704 1.635 -1.739437
vn -3.06704 1.635 -1.739437
vn -2.853278 1.140032 -1.111691
vn -2.853278 1.140032 -1.111691
vn -2.853278 1.140032 -1.111691
vn -2.647203 1.135353 -1.044847
vn -2.647203 1.135353 -1.044847
vn -2.647203 1.135353 -1.044848
vn -2.751427 1.108302 -1.117629
vn -2.751427 1.108302 -1.117629
vn -2.751427 1.108302 -1.117629
vn -2.869714 1.155407 -1.093896
vn -2.869714 1.155407 -1.093896
vn -2.869714 1.155407 -1.093896
vn -2.880725 1.165867 -1.083509
vn -2.880725 1.165867 -1.083509
vn -2.881026 1.165879 -1.083757
vn -2.881001 1.165859 -1.083771
vn -2.881001 1.165859 -1.083771
vn -2.881001 1.165859 -1.083771
vn -2.359481 1.168412 -1.500449
vn -2.359481 1.168412 -1.500449
vn -2.359481 1.168412 -1.500449
vn -2.475697 1.086634 -1.34492
vn -2.475697 1.086634 -1.34492
vn -2.475697 1.086634 -1.34492
vn -2.641511 1.187057 -0.970035
vn -2.641511 1.187057 -0.970035
vn -2.641511 1.187057 -0.970035
vn -2.606378 1.213733 -0.9423298
vn -2.606378 1.213733 -0.9423298
vn -2.606378 1.213733 -0.9423298
vn -2.24878 1.225934 -1.347031
vn -2.24878 1.225934 -1.347031
vn -2.24878 1.225934 -1.347031
vn -2.277496 1.199366 -1.316925
vn -2.277496 1.199366 -1.316925
vn -2.277496 1.199366 -1.316925
vn -2.187659 1.297556 -1.345022
vn -2.187659 1.297556 -1.345022
vn -2.187659 1.297556 -1.345022
vn -2.645898 1.306074 -0.8596175
vn -2.645898 1.306074 -0.8596174
vn -2.645898 1.306074 -0.8596175
vn -3.064251 1.635147 -1.742245
vn -3.064251 1.635147 -1.742245
vn -3.064251 1.635147 -1.742245
vn -2.67306 1.058309 -1.355662
vn -2.67306 1.058309 -1.355662
vn -2.67306 1.058309 -1.355662
vn -2.673046 1.05831 -1.355709
vn -2.673046 1.05831 -1.355709
vn -2.673046 1.05831 -1.355709
vn -2.666087 1.057828 -1.344216
vn -2.666087 1.057828 -1.344216
vn -2.666087 1.057828 -1.344216
vn -2.374175 1.227294 -1.630114
vn -2.374175 1.227294 -1.630114
vn -2.374175 1.227294 -1.630114
vn -2.660386 1.304417 -1.807317
vn -2.660386 1.304417 -1.807317
vn -2.660386 1.304417 -1.807317
vn -2.248065 1.636481 -1.742558
vn -2.248065 1.636481 -1.742559
vn -2.248065 1.636481 -1.742559
vn -2.370959 1.231621 -1.632949
vn -2.370959 1.231621 -1.632949
vn -2.370959 1.231621 -1.632949
vn -2.656438 1.636072 -1.911349
vn -2.656438 1.636072 -1.911349
vn -2.656438 1.636072 -1.911349
vn -2.707801 1.061209 -1.296395
vn -2.707801 1.061209 -1.296395
vn -2.707801 1.061209 -1.296395
vn -2.656183 1.63605 -1.911349
vn -2.656183 1.63605 -1.911349
vn -2.656183 1.63605 -1.911349
vn -2.651824 1.971865 -1.802869
vn -2.651824 1.971865 -1.802869
vn -2.651824 1.971865 -1.802869
vn -2.942918 2.048034 -1.617573
vn -2.942918 2.048034 -1.617573
vn -2.942918 2.048034 -1.617573
vn -2.949509 2.038623 -1.6243
vn -2.949509 2.038623 -1.6243
vn -2.949509 2.038623 -1.6243
vn -3.129912 1.964737 -1.337695
vn -3.129912 1.964737 -1.337695
vn -3.129912 1.964737 -1.337695
vn -3.064267 1.639668 -1.742203
vn -3.064267 1.639668 -1.742203
vn -3.064267 1.639668 -1.742203
vn -3.064252 1.635263 -1.742244
vn -3.064252 1.635263 -1.742244
vn -3.064252 1.635263 -1.742244
vn -2.656 2.21235 -1.334
vn -2.751568 1.371364 -0.8293255
vn -2.656 2.21235 -1.334
vn -2.421825 1.107408 -1.345928
vn -2.421825 1.107408 -1.345928
vn -2.421825 1.107408 -1.345928
vn -2.42296 1.106853 -1.343287
vn -2.42296 1.106853 -1.343287
vn -2.42296 1.106853 -1.343287
vn -2.656 2.21235 -1.334
vn -2.608322 1.228146 -1.740854
vn -2.656 2.21235 -1.334
vn -3.068737 1.635 -1.737709
vn -3.068737 1.635 -1.737709
vn -3.068737 1.635 -1.737709
vn -2.247752 1.635 -0.9257516
vn -2.247752 1.635 -0.9257516
vn -2.247752 1.635 -0.9257516
vn -2.585483 1.345369 -1.828444
vn -2.585483 1.345369 -1.828444
vn -2.585483 1.345369 -1.828444
vn -3.038671 1.45088 -0.9428527
vn -3.038671 1.45088 -0.9428526
vn -3.038671 1.45088 -0.9428527
vn -2.247755 1.635 -1.742252
vn -2.247755 1.635 -1.742252
vn -2.247758 1.635 -1.742254
vn -2.247755 1.635 -1.742252
vn -2.247759 1.634956 -1.742256
vn -2.247749 1.635045 -1.742245
vn -2.357346 2.028752 -1.632493
vn -2.357346 2.028752 -1.632493
vn -2.357346 2.028752 -1.632493
vn -2.357343 2.028769 -1.632467
vn -2.655859 2.21235 -1.33386
vn -2.655859 2.21235 -1.33386
vn -2.655859 2.21235 -1.33386
vn -2.655859 2.21235 -1.333857
vn -2.07865 1.634859 -1.334
vn -2.07865 1.634859 -1.334
vn -2.07865 1.634859 -1.334
vn -2.07865 1.634859 -1.333976
vn -2.07865 1.634831 -1.333976
vn -2.07865 1.634828 -1.334
vn -2.954468 2.028761 -1.035332
vn -2.954468 2.028761 -1.035332
vn -2.954468 2.028761 -1.035332
vn -2.954459 2.028779 -1.035346
vn -3.06425 1.635 -0.9257531
vn -3.06425 1.635 -0.9257531
vn -3.06425 1.635 -0.9257531
vn -3.064247 1.635 -0.9257506
vn -3.064247 1.63497 -0.9257501
vn -3.064247 1.63497 -0.9257501
vn -2.35733 2.028608 -1.035332
vn -2.35733 2.028608 -1.035332
vn -2.35733 2.028608 -1.035332
vn -2.357319 2.028605 -1.035339
vn -2.655965 1.634859 -0.7566496
vn -2.655965 1.634859 -0.7566496
vn -2.656 1.634859 -0.7566496
vn -2.655965 1.634859 -0.7566496
vn -2.655983 1.634845 -0.7566496
vn -2.656017 1.63487 -0.7566496
vn -2.247745 1.634816 -0.9257581
vn -2.247753 1.634766 -0.9257503
vn -2.247745 1.634816 -0.9257582
vn -2.247745 1.634816 -0.9257581
vn -2.247749 1.634801 -0.9257545
vn -2.247749 1.634811 -0.9257542
vn -2.247742 1.634801 -0.9257612
vn -2.247742 1.634801 -0.9257613
vn -2.247742 1.634801 -0.9257612
vn -2.247746 1.6348 -0.9257579
vn -2.247737 1.634763 -0.9257662
vn -2.247755 1.634778 -0.9257483
vn -2.078747 1.634861 -1.344611
vn -2.078747 1.634861 -1.344611
vn -2.078746 1.634861 -1.344562
vn -2.078747 1.634861 -1.344611
vn -2.078747 1.634921 -1.344611
vn -2.078746 1.634882 -1.344555
vn -2.362682 1.23343 -1.040676
vn -2.362682 1.23343 -1.040676
vn -2.362682 1.23343 -1.040676
vn -2.362705 1.233386 -1.040713
vn -2.666653 1.634861 -0.756748
vn -2.666653 1.634861 -0.756748
vn -2.666653 1.634861 -0.756748
vn -2.666602 1.634862 -0.756747
vn -2.666641 1.634842 -0.7567477
vn -2.666599 1.634829 -0.7567469
vn -2.656142 1.05765 -1.334144
vn -2.656142 1.05765 -1.334144
vn -2.656142 1.05765 -1.334144
vn -2.656142 1.05765 -1.334139
vn -3.064229 1.635 -0.9257324
vn -3.064229 1.635 -0.9257325
vn -3.064229 1.635 -0.9257324
vn -3.064258 1.635 -0.9257613
vn -3.064253 1.634985 -0.9257563
vn -3.064236 1.635 -0.9257392
vn -3.064197 1.634965 -0.9257001
vn -2.247755 1.635 -1.742252
vn -2.247755 1.635 -1.742252
vn -2.247755 1.635 -1.742252
vn -2.247749 1.635 -1.742246
vn -2.247747 1.635 -1.742244
vn -2.247769 1.635053 -1.742265
vn -2.247774 1.635 -1.74227
vn -2.932622 1.224546 -1.036778
vn -2.932622 1.224546 -1.036778
vn -2.932622 1.224546 -1.036778
vn -2.932407 1.224319 -1.036891
vn -2.932477 1.22445 -1.036776
vn -2.928947 1.219652 -1.040198
vn -2.928947 1.219652 -1.040198
vn -2.934067 1.224418 -1.038306
vn -2.934067 1.224418 -1.038306
vn -2.934067 1.224418 -1.038306
vn -2.932567 1.224456 -1.036851
vn -2.931203 1.220587 -1.040983
vn -2.644671 1.071493 -1.20884
vn -2.644671 1.071493 -1.20884
vn -2.644671 1.071493 -1.20884
vn -2.646544 1.071447 -1.208892
vn -2.64655 1.071471 -1.208783
vn -2.646684 1.071461 -1.208819
vn -2.646684 1.071461 -1.208819
vn -2.646684 1.071461 -1.208819
vn -2.76441 1.083428 -1.202286
vn -2.764474 1.083459 -1.202209
vn -2.766392 1.083397 -1.204074
vn -2.76441 1.083428 -1.202286
vn -2.76441 1.083428 -1.202286
vn -2.76638 1.083362 -1.204211
vn -2.759567 1.080542 -1.210777
vn -2.766278 1.083348 -1.204183
vn -2.766446 1.083411 -1.204058
vn -2.766389 1.083366 -1.204203
vn -2.766478 1.083373 -1.204247
vn -2.759839 1.080587 -1.210803
vn -2.367429 1.226626 -1.045399
vn -2.367429 1.226626 -1.045399
vn -2.367429 1.226626 -1.045399
vn -2.367432 1.226584 -1.045455
vn -2.36744 1.226592 -1.045435
vn -2.367389 1.22666 -1.04539
vn -2.247761 1.634799 -0.925742
vn -2.247761 1.634799 -0.925742
vn -2.247761 1.634799 -0.925742
vn -2.247758 1.634805 -0.9257454
vn -2.247739 1.634793 -0.9257648
vn -2.24774 1.634813 -0.9257636
vn -2.367255 2.043162 -1.045273
vn -2.367255 2.043162 -1.045273
vn -2.370527 2.047713 -1.048507
vn -2.367255 2.043162 -1.045273
vn -2.367249 2.043143 -1.045251
vn -2.363958 2.038407 -1.041925
vn -2.655672 1.633941 -0.7566506
vn -2.655672 1.633941 -0.7566506
vn -2.655672 1.633941 -0.7566506
vn -2.655708 1.633941 -0.7566506
vn -3.063838 1.633672 -0.9253445
vn -3.063838 1.633672 -0.9253445
vn -3.063838 1.633672 -0.9253445
vn -3.063841 1.633695 -0.9253465
vn -2.646498 2.212193 -1.324466
vn -2.646498 2.212193 -1.324466
vn -2.646498 2.212193 -1.324466
vn -2.658158 2.212341 -1.331567
vn -2.665262 2.212202 -1.34323
vn -2.988989 1.312367 -0.989965
vn -2.988989 1.312367 -0.989965
vn -2.988989 1.312367 -0.989965
vn -2.988 1.311898 -0.9894506
vn -2.989414 1.313149 -0.9896458
vn -3.063878 1.633709 -0.9253835
vn -3.063878 1.633709 -0.9253834
vn -3.063878 1.633709 -0.9253834
vn -3.06383 1.633684 -0.9253359
vn -2.623152 1.058701 -1.345547
vn -2.623152 1.058701 -1.345547
vn -2.623303 1.058689 -1.345373
vn -2.623303 1.058689 -1.345373
vn -2.637008 1.057963 -1.333245
vn -2.646714 1.057724 -1.333729
vn -2.646111 1.057734 -1.333724
vn -2.656138 1.05765 -1.334136
vn -2.636845 1.057968 -1.333161
vn -2.646003 1.057819 -1.324254
vn -2.656154 1.05765 -1.334156
vn -2.656138 1.05765 -1.334145
vn -2.646014 1.057736 -1.333669
vn -2.636845 1.057968 -1.333161
vn -2.636845 1.057968 -1.333161
vn -2.645921 1.057821 -1.324211
vn -2.646117 1.057819 -1.324137
vn -2.656154 1.05765 -1.334112
vn -2.656154 1.05765 -1.334112
vn -2.656154 1.05765 -1.334112
vn -2.666157 1.057831 -1.344313
vn -2.657031 1.057975 -1.353339
vn -2.656997 1.057938 -1.352201
vn -2.656997 1.057938 -1.352201
vn -2.666157 1.057831 -1.344313
vn -2.666157 1.057831 -1.344313
vn -2.443421 1.142099 -1.121415
vn -2.443421 1.142099 -1.121415
vn -2.443421 1.142099 -1.121415
vn -2.443402 1.142107 -1.121416
vn -2.443408 1.142101 -1.121424
vn -2.443424 1.142098 -1.121414
vn -2.644042 1.106713 -1.1014
vn -2.644042 1.106713 -1.1014
vn -2.644042 1.106713 -1.1014
vn -2.641251 1.107297 -1.100236
vn -2.646224 1.163677 -1.000694
vn -2.646224 1.163677 -1.000694
vn -2.646224 1.163677 -1.000694
vn -2.64623 1.163572 -1.000843
vn -2.64755 1.163695 -1.000633
vn -2.64755 1.163695 -1.000633
vn -2.367352 1.2267 -1.04537
vn -2.367352 1.2267 -1.04537
vn -2.367352 1.2267 -1.04537
vn -2.367412 1.226614 -1.045433
vn -2.367432 1.226614 -1.045413
vn -2.367412 1.226614 -1.045433
vn -2.367412 1.226614 -1.045433
vn -2.367271 1.226828 -1.045271
vn -2.367247 1.226948 -1.045125
vn -2.862098 1.147846 -1.102617
vn -2.862098 1.147846 -1.102617
vn -2.862098 1.147846 -1.102617
vn -2.862392 1.147798 -1.10298
vn -2.862251 1.14796 -1.102514
vn -2.648196 1.434988 -0.7924578
vn -2.648196 1.434988 -0.7924578
vn -2.648196 1.434988 -0.7924578
vn -2.654691 1.434606 -0.7925445
vn -3.046976 1.487067 -0.9357702
vn -3.046976 1.487067 -0.9357702
vn -3.046976 1.487067 -0.9357702
vn -3.04708 1.485055 -0.9366255
vn -3.047028 1.485012 -0.9365902
vn -3.047028 1.485012 -0.9365902
vn -2.65367 1.390635 -0.8109189
vn -2.65367 1.390635 -0.8109189
vn -2.65367 1.390635 -0.8109189
vn -2.653714 1.39064 -0.8109167
vn -2.417253 1.166691 -1.095212
vn -2.417253 1.166691 -1.095212
vn -2.417253 1.166691 -1.095212
vn -2.416932 1.166989 -1.094949
vn -2.41696 1.166992 -1.094914
vn -2.416643 1.167276 -1.094677
vn -2.268318 1.45395 -0.9463702
vn -2.268318 1.45395 -0.9463701
vn -2.268318 1.45395 -0.9463702
vn -2.268327 1.453948 -0.9463619
vn -2.268358 1.453779 -0.9464101
vn -2.268358 1.453778 -0.9464101
vn -2.606441 1.059901 -1.345774
vn -2.606441 1.059901 -1.345774
vn -2.606441 1.059901 -1.345774
vn -2.656884 1.057651 -1.334874
vn -2.640693 1.058136 -1.315915
vn -2.656884 1.057651 -1.334874
vn -2.656884 1.057651 -1.334874
vn -2.656162 1.05765 -1.334134
vn -2.651106 1.058065 -1.35534
vn -2.649317 1.058246 -1.359379
vn -2.645768 1.059422 -1.378023
vn -2.645768 1.059422 -1.378023
vn -2.645768 1.059422 -1.378023
vn -2.640693 1.058136 -1.315915
vn -2.640693 1.058136 -1.315915
vn -2.638464 1.05827 -1.313797
vn -2.641024 1.058136 -1.315634
vn -2.132884 1.390709 -1.336233
vn -2.132884 1.390709 -1.336233
vn -2.132884 1.390709 -1.336233
vn -2.132923 1.390626 -1.33628
vn -2.92838 1.222123 -1.036217
vn -2.92838 1.222123 -1.036217
vn -2.922081 1.214279 -1.041548
vn -2.92838 1.222123 -1.036217
vn -2.928566 1.222294 -1.036149
vn -2.928566 1.222294 -1.036149
vn -2.367718 1.226227 -1.045675
vn -2.367718 1.226227 -1.045675
vn -2.367718 1.226227 -1.045675
vn -2.367359 1.226693 -1.045373
vn -2.367374 1.226713 -1.045331
vn -2.367179 1.226974 -1.045157
vn -2.24775 1.634782 -0.9257534
vn -2.247749 1.634784 -0.925754
vn -2.24775 1.634782 -0.9257534
vn -2.24775 1.634782 -0.9257534
vn -2.24775 1.634779 -0.9257538
vn -2.247749 1.634784 -0.9257544
vn -2.636905 1.05828 -1.314948
vn -2.636905 1.05828 -1.314948
vn -2.636905 1.05828 -1.314948
vn -2.636889 1.058285 -1.314836
vn -2.636906 1.05828 -1.31495
vn -2.367426 1.226583 -1.045462
vn -2.374345 1.217026 -1.052395
vn -2.367426 1.226583 -1.045462
vn -2.367426 1.226583 -1.045462
vn -2.367442 1.226557 -1.045482
vn -2.360697 1.236365 -1.03867
vn -2.078651 1.636027 -1.333372
vn -2.078651 1.636027 -1.333372
vn -2.078651 1.636027 -1.333372
vn -2.078651 1.636021 -1.333152
vn -2.246683 1.63666 -1.741173
vn -2.246683 1.63666 -1.741174
vn -2.246683 1.63666 -1.741173
vn -2.24668 1.636665 -1.741171
vn -2.246622 1.636667 -1.741112
vn -2.246691 1.63666 -1.741182
vn -2.931496 1.226512 -1.033047
vn -2.931496 1.226512 -1.033047
vn -2.931496 1.226512 -1.033047
vn -2.930616 1.225339 -1.033838
vn -2.930523 1.225395 -1.033676
vn -2.930528 1.225366 -1.033721
vn -2.656683 1.633671 -0.7566515
vn -2.656683 1.633671 -0.7566515
vn -2.656683 1.633671 -0.7566515
vn -2.65679 1.633668 -0.7566517
vn -3.065178 1.63333 -0.9266875
vn -3.065179 1.63333 -0.9266875
vn -3.065334 1.633344 -0.9268436
vn -3.065178 1.63333 -0.9266875
vn -3.065316 1.633334 -0.9268256
vn -3.065321 1.633336 -0.9268308
vn -3.064251 1.635199 -1.742245
vn -3.064251 1.635199 -1.742245
vn -3.064251 1.635199 -1.742245
vn -3.06425 1.635201 -1.742246
vn -3.063883 1.662886 -1.74166
vn -2.94995 1.236758 -1.631203
vn -2.94995 1.236758 -1.631203
vn -2.94995 1.236758 -1.631203
vn -2.936238 1.217485 -1.617691
vn -2.379276 1.228708 -1.636793
vn -2.379276 1.228708 -1.636793
vn -2.379276 1.228708 -1.636793
vn -2.379107 1.228789 -1.636748
vn -2.379107 1.228789 -1.636748
vn -2.379916 1.227695 -1.636016
vn -2.375089 1.234131 -1.640148
vn -2.375089 1.234131 -1.640148
vn -2.375089 1.234131 -1.640148
vn -2.374679 1.23439 -1.64011
vn -2.37504 1.234459 -1.640531
vn -2.368158 1.243854 -1.646225
vn -2.676368 1.058289 -1.351982
vn -2.676368 1.058289 -1.351982
vn -2.676368 1.058289 -1.351982
vn -2.673771 1.058148 -1.350103
vn -2.675892 1.058285 -1.352373
vn -2.428544 1.168923 -1.58771
vn -2.428544 1.168923 -1.58771
vn -2.428544 1.168923 -1.58771
vn -2.427977 1.169145 -1.587611
vn -2.428339 1.169104 -1.587861
vn -2.417669 1.179797 -1.597291
vn -2.271758 1.457198 -1.726528
vn -2.272127 1.455823 -1.726264
vn -2.271759 1.457198 -1.726528
vn -2.271759 1.457198 -1.726528
vn -2.271813 1.457223 -1.726592
vn -2.271751 1.457181 -1.726513
vn -2.263691 1.491596 -1.732575
vn -2.264648 1.489618 -1.732799
vn -2.263691 1.491596 -1.732575
vn -2.263691 1.491596 -1.732575
vn -2.264307 1.491584 -1.733176
vn -2.263762 1.491616 -1.732652
vn -2.449227 1.148707 -1.566589
vn -2.448763 1.14876 -1.566285
vn -2.449414 1.148559 -1.566444
vn -2.449227 1.148707 -1.566589
vn -2.449227 1.148707 -1.566589
vn -2.440222 1.15657 -1.574578
vn -2.376198 1.229242 -1.634674
vn -2.376166 1.229241 -1.634643
vn -2.376099 1.229281 -1.634634
vn -2.376198 1.229242 -1.634674
vn -2.376198 1.229242 -1.634674
vn -2.374754 1.22924 -1.633321
vn -2.372599 1.234299 -1.638066
vn -2.376143 1.229313 -1.634718
vn -2.371965 1.233059 -1.635829
vn -2.543104 1.085541 -1.470683
vn -2.541283 1.085427 -1.468696
vn -2.543255 1.085477 -1.470554
vn -2.543104 1.085541 -1.470683
vn -2.543104 1.085541 -1.470683
vn -2.54124 1.085423 -1.468644
vn -2.534678 1.088509 -1.475285
vn -2.541312 1.085451 -1.468816
vn -2.534696 1.088475 -1.47517
vn -2.541193 1.085487 -1.468863
vn -2.541193 1.085487 -1.468863
vn -2.541246 1.085443 -1.468728
vn -2.534679 1.088438 -1.475012
vn -2.248187 1.636317 -1.742681
vn -2.248187 1.636317 -1.742681
vn -2.248187 1.636317 -1.742681
vn -2.248185 1.636322 -1.742679
vn -2.948293 1.231993 -1.626376
vn -2.948293 1.231993 -1.626376
vn -2.948293 1.231993 -1.626376
vn -2.948257 1.231881 -1.626257
vn -2.948239 1.231889 -1.626286
vn -2.952071 2.04154 -1.050451
vn -2.952071 2.04154 -1.050451
vn -2.952071 2.04154 -1.050451
vn -2.952118 2.041453 -1.050375
vn -2.952029 2.041563 -1.05044
vn -2.951257 2.042675 -1.051232
vn -3.23335 1.634232 -1.333694
vn -3.23335 1.634232 -1.333694
vn -3.23335 1.634232 -1.333694
vn -3.23335 1.634196 -1.333694
vn -3.233347 1.636908 -1.333726
vn -3.06425 1.635185 -1.742247
vn -3.06425 1.635185 -1.742247
vn -3.06425 1.635185 -1.742247
vn -3.064249 1.635185 -1.742248
vn -2.533782 1.084126 -1.211794
vn -2.533803 1.084117 -1.211812
vn -2.533782 1.084126 -1.211794
vn -2.533757 1.084137 -1.211771
vn -2.533656 1.084192 -1.211624
vn -2.533757 1.084137 -1.211771
vn -2.533791 1.084126 -1.211785
vn -2.533757 1.084137 -1.211771
vn -2.53365 1.084202 -1.211583
vn -2.533762 1.084119 -1.211845
vn -2.533768 1.084116 -1.211856
vn -2.533685 1.084178 -1.211659
vn -2.530902 1.071481 -1.3454
vn -2.530902 1.071481 -1.3454
vn -2.530902 1.071481 -1.3454
vn -2.530982 1.071433 -1.343782
vn -2.530904 1.07145 -1.343756
vn -2.530991 1.071426 -1.343531
vn -2.530879 1.071452 -1.34358
vn -2.530962 1.071433 -1.343532
vn -2.322732 1.163627 -1.34255
vn -2.322732 1.163627 -1.34255
vn -2.322732 1.163627 -1.34255
vn -2.322716 1.163661 -1.343731
vn -2.322619 1.163729 -1.343739
vn -2.322604 1.163742 -1.343802
vn -2.114547 1.434658 -1.328947
vn -2.114547 1.434658 -1.328947
vn -2.114547 1.434658 -1.328947
vn -2.114413 1.43496 -1.335184
vn -2.260836 1.489991 -0.9388404
vn -2.260836 1.489991 -0.9388404
vn -2.260836 1.489991 -0.9388404
vn -2.260825 1.490069 -0.9388224
vn -2.260838 1.489986 -0.9388402
vn -2.260838 1.489986 -0.9388402
vn -3.038816 1.450897 -0.9429868
vn -3.038816 1.450897 -0.9429868
vn -3.038816 1.450897 -0.9429868
vn -3.038769 1.450844 -0.9429654
vn -3.039158 1.452294 -0.9426665
vn -2.129853 1.63493 -1.571702
vn -2.129853 1.63493 -1.571702
vn -2.129853 1.63493 -1.571702
vn -2.129837 1.63493 -1.571666
vn -2.342659 2.00509 -1.020657
vn -2.342659 2.00509 -1.020657
vn -2.342659 2.00509 -1.020657
vn -2.342721 2.005202 -1.020727
vn -2.89375 1.63493 -0.8078742
vn -2.89375 1.63493 -0.8078742
vn -2.89375 1.63493 -0.8078742
vn -2.893802 1.634929 -0.8078977
vn -2.342827 1.264639 -1.020809
vn -2.342827 1.264639 -1.020809
vn -2.342827 1.264639 -1.020809
vn -2.342838 1.264599 -1.020846
vn -3.064253 1.635 -0.9257567
vn -3.064253 1.635 -0.9257567
vn -3.064253 1.635 -0.9257567
vn -3.064253 1.635 -0.9257567
vn -2.678384 2.211482 -1.356383
vn -2.678384 2.211482 -1.356383
vn -2.678384 2.211482 -1.356383
vn -2.678384 2.211482 -1.356383
vn -2.633615 1.058518 -1.311615
vn -2.633615 1.058518 -1.311615
vn -2.633615 1.058518 -1.311615
vn -2.633615 1.058518 -1.311615
vn -2.247752 1.635 -1.742248
vn -2.247752 1.635 -1.742248
vn -2.247752 1.635 -1.742248
vn -2.247752 1.635 -1.742249
vn -2.247757 1.6348 -0.9257463
vn -2.247757 1.6348 -0.9257463
vn -2.247757 1.6348 -0.9257463
vn -2.247746 1.634801 -0.9257573
vn -2.247749 1.634797 -0.9257542
vn -2.247749 1.634799 -0.9257539
vn -2.24775 1.634802 -0.9257537
vn -2.247749 1.634804 -0.9257539
vn -2.247749 1.6348 -0.9257541
vn -2.247749 1.6348 -0.925754
vn -2.247749 1.6348 -0.9257541
vn -2.247749 1.634801 -0.9257541
vn -2.655883 2.21235 -1.333883
vn -2.655883 2.21235 -1.333883
vn -2.655883 2.21235 -1.333883
vn -2.655883 2.21235 -1.333883
vn -2.247753 1.635 -1.74225
vn -2.247753 1.635 -1.74225
vn -2.247753 1.635 -1.74225
vn -2.247754 1.635 -1.74225
vn -2.656117 1.05765 -1.334117
vn -2.656117 1.05765 -1.334117
vn -2.656117 1.05765 -1.334117
vn -2.656117 1.05765 -1.334117
vn -3.064247 1.635 -0.9257501
vn -3.064247 1.635 -0.9257501
vn -3.064247 1.635 -0.9257502
vn -3.064246 1.635 -0.9257499
vn -3.066106 1.635199 -1.740381
vn -3.066106 1.635199 -1.740381
vn -3.066106 1.635199 -1.740381
vn -3.066106 1.635199 -1.740381
vn -3.062394 1.6352 -1.744094
vn -3.06425 1.636102 -1.742245
vn -3.062394 1.6352 -1.744094
vn -3.06425 1.636102 -1.742245
vt -0.2641541 0.1160269
vt -0.2695508 0.1213798
vt 0.5633337 0.121092
vt -0.2641541 0.1160269
vt 0.5633337 0.121092
vt 0.5576977 0.1157426
vt 1.089253 0.2408825
vt 1.094409 0.2408844
vt 1.091929 0.2384026
vt 0.2257971 0.3497879
vt 0.2202232 0.3497901
vt 0.2202249 0.3553636
vt 0.2202232 0.3497901
vt 0.2257971 0.3497879
vt 0.2257922 0.3352016
vt 0.2202232 0.3497901
vt 0.2257922 0.3352016
vt 0.2202182 0.3352037
vt -0.1236933 0.3367978
vt -0.1181213 0.3423734
vt -0.1181192 0.3368
vt -0.1181143 0.322213
vt -0.1236885 0.3222111
vt -0.1236933 0.3367978
vt -0.1181143 0.322213
vt -0.1236933 0.3367978
vt -0.1181192 0.3368
vt 0.2257972 0.3369188
vt 0.2202227 0.3369167
vt 0.2202208 0.3424903
vt -0.1181142 0.3353207
vt -0.1236883 0.3353227
vt -0.1236831 0.3499091
vt 0.225802 0.3223321
vt 0.2202281 0.32233
vt 0.2202227 0.3369167
vt 0.225802 0.3223321
vt 0.2202227 0.3369167
vt 0.2257972 0.3369188
vt -0.1236831 0.3499091
vt -0.1181071 0.3554807
vt -0.1181095 0.3499072
vt -0.1181142 0.3353207
vt -0.1236831 0.3499091
vt -0.1181095 0.3499072
vt -0.1236885 0.3222111
vt -0.1181143 0.322213
vt -0.1181125 0.3166388
vt 0.2257922 0.3352016
vt 0.2202159 0.3296294
vt 0.2202182 0.3352037
vt -0.1181161 0.3297465
vt 0.2202182 0.3352037
vt 0.2202159 0.3296294
vt -0.1236883 0.3353227
vt -0.1181142 0.3353207
vt -0.1181161 0.3297465
vt -0.1181161 0.3297465
vt -0.1181142 0.3353207
vt 0.2202182 0.3352037
vt 0.225802 0.3223321
vt 0.2202299 0.3167557
vt 0.2202281 0.32233
vt 1.11041 -0.2937385
vt 1.11041 -0.2984966
vt -0.5284883 -0.2984963
vt -0.5284883 -0.2937384
vt 1.10806 -0.2913903
vt -0.5261387 -0.2913899
vt -0.5262238 -0.2888563
vt 1.108145 -0.2888564
vt 0.7961766 0.06028229
vt -0.2142559 0.06028241
vt 0.7961769 0.8589542
vt -0.5262237 1.193483
vt 1.108145 1.193483
vt -0.2142559 0.8589544
vt 0.557703 0.08882201
vt 0.5633391 0.08347273
vt -0.2695562 0.08318502
vt -0.2641594 0.08853829
vt -0.169278 0.212574
vt -0.1744493 0.2180721
vt 0.9078149 0.2180662
vt 0.9026439 0.2125683
vt 0.9026439 0.2125683
vt -0.1692786 0.195077
vt -0.169278 0.212574
vt 0.9026439 0.1950713
vt 0.5576977 0.1157426
vt -0.26416 0.09899157
vt -0.2641541 0.1160269
vt 0.5576918 0.09870732
vt 0.9042991 0.1863475
vt -0.1761199 0.1808309
vt -0.1709328 0.186342
vt 0.9094856 0.1808364
vt -0.1709328 0.186342
vt 0.9042991 0.2038985
vt 0.9042991 0.1863475
vt -0.1709334 0.203893
vt -0.2641594 0.08853829
vt -0.2641652 0.1055738
vt 0.5576971 0.1058577
vt 0.557703 0.08882201
vt 1.089253 0.2408825
vt 1.091929 0.2384026
vt -0.4788932 0.23786
vt -0.4763294 0.2403421
vt -0.1689329 0.556594
vt -0.1713403 0.5590924
vt 1.571008 0.5590832
vt 1.5686 0.5565848
vt -0.4763509 0.2048911
vt -0.4789149 0.2073729
vt 1.091951 0.2068301
vt 1.089274 0.2043498
vt -0.1181095 0.3499072
vt 0.2202232 0.3497901
vt 0.2202182 0.3352037
vt -0.1181142 0.3353207
vt -0.1181095 0.3499072
vt 0.2202249 0.3553636
vt 0.2202232 0.3497901
vt -0.1181071 0.3554807
vt 1.543109 0.3464254
vt -0.1522752 0.34127
vt -0.1522752 0.3464166
vt 1.543109 0.3412785
vt -0.1467277 0.5558518
vt 1.53756 0.5558517
vt 1.53756 0.5424669
vt -0.1467273 0.5424671
vt 0.2202208 0.3424903
vt -0.1181192 0.3368
vt -0.1181213 0.3423734
vt 0.2202227 0.3369167
vt -0.1522752 0.3464166
vt 1.543107 0.6589314
vt 1.543109 0.3464254
vt -0.1522763 0.6589228
vt -0.1181192 0.3368
vt 0.2202227 0.3369167
vt 0.2202281 0.32233
vt -0.1181143 0.322213
vt 1.543107 0.6640819
vt 1.543107 0.6589314
vt -0.1522763 0.6589228
vt -0.1522764 0.6640729
vt 1.537565 0.5517462
vt -0.1467321 0.5517462
vt -0.1467321 0.5651308
vt 1.537565 0.5651307
vt -0.1522765 0.575421
vt 1.54311 0.5754122
vt 1.543108 0.262905
vt -0.1522778 0.2629145
vt 1.54311 0.5805625
vt 1.54311 0.5754122
vt -0.1522765 0.575421
vt -0.1522762 0.5805714
vt 1.543108 0.262905
vt -0.1522778 0.2577679
vt -0.1522778 0.2629145
vt 1.543108 0.2577584
vt 0.2202281 0.32233
vt 0.2202299 0.3167557
vt -0.1181125 0.3166388
vt -0.1181143 0.322213
vt -0.4789156 0.2422433
vt -0.4732123 0.2422457
vt -0.4732102 0.236927
vt -0.47321 0.2620425
vt -0.4732121 0.2567242
vt -0.4789156 0.2567262
vt 1.091951 0.2068301
vt 1.094431 0.2043479
vt 1.09195 0.2043487
vt 1.091951 0.2068301
vt 1.09195 0.2043487
vt 1.089274 0.2043498
vt 1.751884 -0.1574752
vt 1.747888 -0.1574759
vt 1.750077 -0.1556666
vt 1.751884 -0.1574752
vt 1.750077 -0.1593427
vt 1.747888 -0.1574759
vt -0.07014298 0.3785181
vt -0.06840283 0.3576348
vt -0.07013583 0.357594
vt -0.4437171 -0.1574641
vt -0.4477245 -0.1574631
vt -0.4459146 -0.1556547
vt -0.4437171 -0.1574641
vt -0.4459141 -0.1593616
vt -0.4477245 -0.1574631
vt 0.1887244 0.3701457
vt 0.186995 0.370106
vt 0.186996 0.3718362
vt -0.06840998 0.3785584
vt -0.07014298 0.3785181
vt -0.06841034 0.3802918
vt -0.06840998 0.3785584
vt -0.06841034 0.3802918
vt 0.1872365 0.3862534
vt -0.06840998 0.3785584
vt 0.1872365 0.3862534
vt 0.1872365 0.3845295
vt -0.07014298 0.3785181
vt -0.06840998 0.3785584
vt -0.06840283 0.3576348
vt 0.1869884 0.3492251
vt 0.1851728 0.3474903
vt -0.06678075 0.3408869
vt 1.657355 -0.1526287
vt -0.367718 -0.1667165
vt -0.3523747 -0.1658805
vt 1.657355 -0.1526287
vt 1.672698 -0.154319
vt -0.367718 -0.1667165
vt 1.655149 -0.1526287
vt -0.3523747 -0.1658805
vt 1.666639 -0.1571629
vt -0.3537317 -0.1438258
vt -0.3515204 -0.1438257
vt 0.1218405 0.4428601
vt -0.03219759 0.43984
vt 0.1262065 0.4455567
vt -0.2424078 -0.04447317
vt -0.240463 -0.04250818
vt -0.2387472 -0.04478198
vt -0.2424078 -0.04447317
vt -0.2387472 -0.04478198
vt -0.2401197 -0.04911548
vt -0.03249872 0.3836706
vt 0.1081997 0.3910872
vt 0.1031356 0.3892199
vt -0.03417563 0.3836019
vt -0.03243589 0.3854567
vt -0.03417534 0.3853873
vt -0.03249872 0.3836706
vt -0.03243589 0.3854567
vt 0.1081997 0.3910872
vt 1.604475 -0.04251802
vt 1.604165 -0.04910069
vt 1.602768 -0.04479216
vt 1.604475 -0.04251802
vt 1.606417 -0.04443751
vt 1.604165 -0.04910069
vt -0.2282359 -0.06214854
vt -0.2299617 -0.06387901
vt -0.2316668 -0.06268582
vt -0.2282359 -0.06214854
vt -0.2316668 -0.06268582
vt -0.2290106 -0.06041712
vt 0.02328652 0.4908984
vt 0.02158254 0.4908179
vt 0.01987839 0.4925241
vt 1.594059 -0.06388868
vt 1.593085 -0.06042691
vt 1.595776 -0.06264177
vt 0.02330965 0.429911
vt 0.0233084 0.428206
vt 0.02160537 0.4298287
vt 0.1320387 0.4592592
vt 0.130335 0.4574752
vt 0.1303336 0.4591805
vt -0.2029081 -0.1041325
vt 1.570251 -0.1127987
vt 1.571926 -0.1145344
vt 1.575058 -0.1016523
vt 1.575061 -0.1032929
vt -0.2052402 -0.1032868
vt -0.2052402 -0.1032868
vt 1.574796 0.003666594
vt 1.575058 -0.1016523
vt 1.733561 -0.1744995
vt 1.749782 -0.4242744
vt 1.73327 -0.4242745
vt -0.06661326 0.3559067
vt 0.1872437 0.3636062
vt 0.1872444 0.3618725
vt 0.1872444 0.3618725
vt 0.1872437 0.3636062
vt 0.1889765 0.3636365
vt 0.1872444 0.3618725
vt 0.1889765 0.3636365
vt 0.1889774 0.3619034
vt -0.06661326 0.3559067
vt -0.06840283 0.3576348
vt 0.1872437 0.3636062
vt 0.1872365 0.3845295
vt 0.1889765 0.3636365
vt 0.1872437 0.3636062
vt 1.749782 -0.4242744
vt 1.74978 -0.4260831
vt 1.733267 -0.426082
vt 0.1872365 0.3845295
vt 0.1889696 0.3845606
vt 0.1889765 0.3636365
vt 0.1872365 0.3845295
vt 0.1872365 0.3862534
vt 0.1889696 0.3845606
vt -0.370866 -0.09957248
vt 1.675497 -0.09788015
vt 1.675495 -0.09956583
vt -0.370866 -0.09957248
vt -0.3708641 -0.09788677
vt 1.675497 -0.09788015
vt -0.06813842 0.3643159
vt -0.06986839 0.3642871
vt -0.06813806 0.3660557
vt -0.3677764 -0.1574161
vt -0.3677675 -0.1548896
vt 1.672789 -0.1672885
vt -0.3677764 -0.1574161
vt 1.672789 -0.1672885
vt 1.672785 -0.1689695
vt 0 0
vt 0 0
vt 0 0
vt 0.086097 0.5034613
vt 0.08797693 0.5053686
vt 0.09190589 0.5015557
vt 1.633448 -0.2704057
vt 1.631419 -0.2765928
vt 1.629394 -0.2746436
vt 0 0
vt 0 0
vt 0 0
vt 0 0
vt 0 0
vt 0 0
vt 0 0
vt 0 0
vt 0 0
vt 1.730893 -0.4260821
vt 1.729181 -0.4260828
vt 1.730906 -0.4242744
vt -0.03243589 0.3854567
vt -0.03417534 0.3853873
vt -0.03417456 0.3875021
vt 1.081008 0.277363
vt -0.4732123 0.2422457
vt -0.4732245 0.2768261
vt 1.08102 0.2427823
vt 1.088324 0.2427846
vt 1.088312 0.2773655
vt -0.478927 0.2768243
vt -0.4732245 0.2768261
vt -0.4732123 0.2422457
vt -0.4789156 0.2422433
vt 1.563775 0.01549235
vt 1.563776 -0.0191842
vt -0.1731957 -0.01919326
vt -0.173196 0.01548329
vt -0.4732102 0.236927
vt -0.4732123 0.2422457
vt 1.08102 0.2427823
vt 1.081022 0.2374637
vt 1.088326 0.2374662
vt 1.088324 0.2427846
vt -0.4789156 0.2567262
vt -0.4732242 0.2221435
vt -0.478927 0.2221453
vt -0.4732121 0.2567242
vt 1.08102 0.2561868
vt -0.4732242 0.2221435
vt -0.4732121 0.2567242
vt 1.081008 0.221606
vt 1.088312 0.2216035
vt 1.088324 0.256184
vt 1.563776 -0.0191842
vt 1.563775 -0.02451516
vt -0.173196 -0.0245243
vt -0.1731957 -0.01919326
vt 1.081021 0.2615053
vt -0.4732121 0.2567242
vt -0.47321 0.2620425
vt 1.08102 0.2561868
vt 1.088324 0.256184
vt 1.088326 0.2615028
vt -0.1285293 -0.5619853
vt -0.1285292 -0.5690919
vt -0.1473855 -0.5690919
vt -0.1473853 -0.5619853
vt -0.1473854 0.9502233
vt -0.128529 0.9300033
vt 1.537964 0.9502228
vt 1.519109 0.930003
vt 1.537965 -0.5619857
vt 1.519109 -0.5619857
vt 1.519109 -0.5690925
vt 1.537964 -0.5690925
vt 1.091936 0.2212212
vt -0.4838313 0.215892
vt -0.4788868 0.2206786
vt 1.091937 0.2164358
vt 1.099441 0.2212236
vt 1.099443 0.2164387
vt -0.1713403 0.5763869
vt -0.1759833 0.5812054
vt 1.57565 0.5811966
vt 1.571008 0.5763777
vt -0.4789087 0.2245545
vt -0.4838532 0.2293422
vt 1.091959 0.2287972
vt 1.091957 0.2240119
vt 1.099465 0.2287941
vt 1.099463 0.2240091
vt 1.571008 0.5763777
vt -0.1713403 0.5590924
vt -0.1713403 0.5763869
vt 1.571008 0.5590832
vt 1.091957 0.2240119
vt -0.4789149 0.2073729
vt -0.4789087 0.2245545
vt 1.091951 0.2068301
vt 1.099463 0.2240091
vt 1.099456 0.2043461
vt 1.094431 0.2043479
vt -0.4788868 0.2206786
vt -0.4788932 0.23786
vt 1.091929 0.2384026
vt 1.091936 0.2212212
vt 1.099434 0.2408862
vt 1.099441 0.2212236
vt 1.094409 0.2408844
vt -0.03218865 0.4405671
vt -0.03415573 0.4404961
vt -0.034141 0.4831334
vt -0.03219759 0.43984
vt -0.03415632 0.4397691
vt 0.1262065 0.4455567
vt 0.1269374 0.4462882
vt -0.03218865 0.4405671
vt -0.034141 0.4831334
vt -0.03165048 0.4832071
vt 0.1269374 0.4462882
vt 0.1698028 0.4891756
vt -0.4225522 -0.1811789
vt -0.3710738 -0.2286334
vt -0.3731058 -0.2306839
vt -0.4205189 -0.1791309
vt -0.4247853 -0.1789427
vt -0.4227523 -0.1768952
vt -0.4270341 -0.1766911
vt -0.4250008 -0.1746436
vt -0.3732599 -0.4236949
vt -0.3732619 -0.4260812
vt -0.4227943 -0.4260755
vt -0.4227912 -0.423085
vt -0.3731058 -0.2306839
vt -0.4250317 -0.4260752
vt -0.4225522 -0.1811789
vt -0.4250287 -0.4230574
vt -0.4272844 -0.4260751
vt -0.4247853 -0.1789427
vt -0.4272814 -0.4230295
vt -0.4270341 -0.1766911
vt 0.6520852 -0.1574946
vt 1.750077 -0.1556666
vt 1.747888 -0.1574759
vt 0.6520813 -0.1556851
vt -0.4437171 -0.1574641
vt -0.4459146 -0.1556547
vt 0.6525018 -0.1950524
vt 1.672766 -0.1747607
vt 1.672812 -0.1950526
vt 0.6524556 -0.1747606
vt -0.3678085 -0.1950523
vt -0.367854 -0.1747605
vt 0.6525726 -0.3481727
vt -0.3706244 -0.3498855
vt -0.37063 -0.3482009
vt 0.6525763 -0.3498575
vt 1.675771 -0.3481907
vt 1.675777 -0.3498752
vt 0.186995 0.370106
vt 0.1887244 0.3701457
vt 0.1887175 0.349264
vt 0.1869884 0.3492251
vt -0.06502956 0.3435057
vt 0.186995 0.370106
vt 0.1869884 0.3492251
vt -0.06502241 0.3643866
vt 1.675495 -0.09956583
vt 1.675771 -0.3481907
vt 0.6525726 -0.3481727
vt -0.370866 -0.09957248
vt -0.37063 -0.3482009
vt 0.1869884 0.3492251
vt -0.06678075 0.3408869
vt -0.06502956 0.3435057
vt -0.0698958 0.3408055
vt -0.06814498 0.3434349
vt -0.06814498 0.3434349
vt -0.06502241 0.3643866
vt -0.06502956 0.3435057
vt -0.06813842 0.3643159
vt -0.4296492 -0.426075
vt -0.446162 -0.4260961
vt -0.4461589 -0.4228385
vt -0.4296462 -0.4230032
vt -0.4459141 -0.1593616
vt -0.4437171 -0.1574641
vt -0.4273653 -0.1724735
vt 0.6520852 -0.1574946
vt -0.4293985 -0.1745215
vt -0.4296462 -0.4230032
vt 0.6520836 -0.1725018
vt 1.747888 -0.1574759
vt -0.4250008 -0.1746436
vt -0.4270341 -0.1766911
vt -0.4272814 -0.4230295
vt -0.4272844 -0.4260751
vt -0.4296492 -0.426075
vt 0.6520836 -0.1746713
vt 1.731533 -0.1724853
vt 1.729168 -0.1746554
vt 1.731197 -0.1766696
vt 1.733561 -0.1744995
vt 1.750077 -0.1593427
vt 1.749782 -0.4242744
vt 1.73327 -0.4242745
vt 1.730906 -0.4242744
vt 0.6520831 -0.2746462
vt -0.3252282 -0.2746328
vt -0.3292826 -0.2703952
vt 0.6520828 -0.2704088
vt 1.633448 -0.2704057
vt 1.629394 -0.2746436
vt -0.3313117 -0.2724534
vt -0.3292826 -0.2703952
vt -0.3252282 -0.2746328
vt -0.3272518 -0.2766365
vt -0.3320132 -0.2717533
vt -0.3292826 -0.2703952
vt -0.3313117 -0.2724534
vt -0.3299833 -0.2696946
vt -0.3731058 -0.2306839
vt -0.3710738 -0.2286334
vt 0.6520828 -0.2704088
vt -0.3292826 -0.2703952
vt -0.3299833 -0.2696946
vt 0.6520828 -0.2697077
vt -0.3710738 -0.2286334
vt 0.6520828 -0.2286031
vt 1.675239 -0.2286445
vt 1.634148 -0.2697057
vt 1.633448 -0.2704057
vt 0.1218405 0.4428601
vt -0.03149444 0.4371645
vt -0.03219759 0.43984
vt -0.03415632 0.4397691
vt -0.03339005 0.4370945
vt 0.1218405 0.4428601
vt 0.1239317 0.4429368
vt 0.1110436 0.3932684
vt 0.1088998 0.3932053
vt 0.1088998 0.3932053
vt -0.03149444 0.4371645
vt 0.1218405 0.4428601
vt -0.03242707 0.3875721
vt -0.03339005 0.4370945
vt -0.03417456 0.3875021
vt 0.1088998 0.3932053
vt 0.1110436 0.3932684
vt 0.1103432 0.3911494
vt 0.1081997 0.3910872
vt -0.2387472 -0.04478198
vt -0.240463 -0.04250818
vt 0.6820058 -0.04251347
vt 0.6820059 -0.04478742
vt 1.604475 -0.04251802
vt 1.602768 -0.04479216
vt 0.6795081 -0.1606976
vt -0.2314733 -0.1606976
vt -0.2321067 -0.1587793
vt 0.6795081 -0.1587794
vt 1.591123 -0.1587794
vt 1.59049 -0.1606978
vt -0.2313643 -0.1735359
vt -0.2401197 -0.04911548
vt -0.2316668 -0.06268582
vt -0.2290106 -0.06041712
vt -0.2401197 -0.04911548
vt -0.2387472 -0.04478198
vt 0.6820059 -0.04478742
vt 0.6820061 -0.06042212
vt 1.602768 -0.04479216
vt 1.593085 -0.06042691
vt 1.595776 -0.06264177
vt 1.604165 -0.04910069
vt 1.604486 -0.1730621
vt -0.2313643 -0.1735359
vt -0.2397587 -0.17345
vt -0.2313605 -0.1749062
vt -0.2397541 -0.1749872
vt 0.02488822 0.3578453
vt 0.02766442 0.3558044
vt 0.02558428 0.35574
vt 0.02696794 0.3579099
vt 0.02227098 0.5151213
vt 0.1315318 0.5218148
vt 0.1303566 0.5201865
vt 0.0223645 0.5167665
vt 0.02093482 0.5150587
vt 0.02101517 0.5167043
vt -0.2282359 -0.06214854
vt -0.2290106 -0.06041712
vt 0.6820061 -0.06042212
vt 0.6820108 -0.06215303
vt 1.593085 -0.06042691
vt 1.592323 -0.06215798
vt 1.569282 0.007698589
vt 1.569456 -0.05246684
vt 0.6853459 -0.05243349
vt 0.6851721 0.007731915
vt -0.1987 -0.05240011
vt -0.1988736 0.007765204
vt -0.2052436 -0.1019805
vt -0.2055354 0.003676414
vt 0.6845937 0.003669858
vt -0.2052402 -0.1032868
vt 1.574796 0.003666594
vt 1.574787 0.00535797
vt 1.574796 0.003666594
vt 0.6845937 0.003669858
vt 0.6845886 0.005362615
vt -0.2055354 0.003676414
vt -0.2055451 0.005367637
vt 0.02330965 0.429911
vt 0.02160537 0.4298287
vt 0.02158254 0.4908179
vt 0.02328652 0.4908984
vt 0.1309927 0.4960275
vt 0.02330965 0.429911
vt 0.02328652 0.4908984
vt 0.1310142 0.4350402
vt 0.1326711 0.4961075
vt 0.1326919 0.4351202
vt 0.02393132 0.4524987
vt 0.1303336 0.4591805
vt 0.130335 0.4574752
vt 0.02225 0.4541152
vt 0.02261561 0.4524369
vt 0.02091402 0.4540527
vt 0.1320387 0.4592592
vt 0.1303336 0.4591805
vt 0.1303566 0.5201865
vt 0.1320608 0.5202672
vt 0.02227098 0.5151213
vt 0.02091402 0.4540527
vt 0.02093482 0.5150587
vt 0.02225 0.4541152
vt 0.1303566 0.5201865
vt 0.1303336 0.4591805
vt -0.2012515 -0.1025102
vt -0.2010781 -0.04234606
vt 1.570424 -0.05263474
vt 1.570251 -0.1127987
vt -0.2029081 -0.1041325
vt -0.2069327 -0.1049767
vt 1.575061 -0.1032929
vt 1.576754 -0.1049827
vt -0.2052402 -0.1032868
vt 0.1326919 0.4351202
vt 0.1309907 0.4333246
vt 0.1293389 0.4332462
vt 0.1310142 0.4350402
vt 0.0233084 0.428206
vt 0.02330965 0.429911
vt 0.1326703 0.4978672
vt 0.1326711 0.4961075
vt 0.1309927 0.4960275
vt 0.1309736 0.4977875
vt 0.02328652 0.4908984
vt 0.02205873 0.4926786
vt 1.596056 -0.1732698
vt 1.604491 -0.1749933
vt 1.596061 -0.1749934
vt 1.604486 -0.1730621
vt 1.595776 -0.06264177
vt 0.1691401 0.3615768
vt 0.1691408 0.3597852
vt 0.1670485 0.3596983
vt 0.1669705 0.3614883
vt 0.03271741 0.3540991
vt 0.02766442 0.3558044
vt 0.02766442 0.3558044
vt 0.02696794 0.3579099
vt 0.1669587 0.3635973
vt 0.1669705 0.3614883
vt 0.1691395 0.3636854
vt 0.1691401 0.3615768
vt 0.02696794 0.3579099
vt 0.01410699 0.4072599
vt 0.1659946 0.4130089
vt 0.1669587 0.3635973
vt 0.1683607 0.4130986
vt 0.1691395 0.3636854
vt 0.1659946 0.4130089
vt 0.1691219 0.415804
vt 0.1683607 0.4130986
vt 0.1666772 0.4157146
vt 0.01410699 0.4072599
vt 0.009768486 0.4099405
vt 0.1666772 0.4157146
vt 0.1691213 0.4165345
vt 0.1691219 0.415804
vt 0.1666656 0.4164445
vt 0.009768486 0.4099405
vt 0.1691067 0.4593809
vt 0.009042442 0.4106666
vt 0.1659986 0.4592868
vt -0.03352195 0.4532425
vt 1.67708 -0.4230902
vt 1.72643 -0.426083
vt 1.677076 -0.4260883
vt 1.726434 -0.4223259
vt 1.677269 -0.2306551
vt 1.728659 -0.426083
vt 1.726714 -0.1811566
vt 1.728663 -0.4222912
vt 1.728947 -0.178921
vt 1.729181 -0.4260828
vt 1.728659 -0.426083
vt 1.730906 -0.4242744
vt 1.731197 -0.1766696
vt -0.06840283 0.3576348
vt 0.1872365 0.3845295
vt 0.1872437 0.3636062
vt -0.06840998 0.3785584
vt 1.73327 -0.4242745
vt 1.730893 -0.4260821
vt 1.730906 -0.4242744
vt 1.733267 -0.426082
vt 1.749782 -0.4242744
vt -0.06502241 0.3661265
vt -0.06813842 0.3643159
vt -0.06813806 0.3660557
vt -0.06502241 0.3643866
vt 0.186996 0.3718362
vt 0.186995 0.370106
vt -0.06814498 0.3434349
vt -0.06986839 0.3642871
vt -0.06813842 0.3643159
vt -0.06987524 0.343405
vt -0.0698958 0.3408055
vt 1.672785 -0.1689695
vt -0.3678223 -0.1777076
vt -0.3677764 -0.1574161
vt 1.67274 -0.1892611
vt 0.6520828 -0.2286031
vt 1.724686 -0.1791427
vt 1.675239 -0.2286445
vt 0.6520832 -0.1791541
vt 1.726919 -0.1769065
vt -0.4205189 -0.1791309
vt -0.3710738 -0.2286334
vt -0.4227523 -0.1768952
vt 0.6520832 -0.1769205
vt 1.729168 -0.1746554
vt -0.4250008 -0.1746436
vt 0.6520836 -0.1746713
vt 1.724686 -0.1791427
vt 1.677269 -0.2306551
vt 1.675239 -0.2286445
vt 1.726714 -0.1811566
vt 1.726919 -0.1769065
vt 1.728947 -0.178921
vt 1.729168 -0.1746554
vt 1.731197 -0.1766696
vt 1.675239 -0.2286445
vt 1.677269 -0.2306551
vt 1.63618 -0.2717081
vt 1.634148 -0.2697057
vt 1.63548 -0.2724082
vt 1.633448 -0.2704057
vt 0.01208586 0.407184
vt 0.01410699 0.4072599
vt 0.02696794 0.3579099
vt 0.02488822 0.3578453
vt 0.6795081 -0.1587794
vt 1.602941 -0.1138159
vt 1.591123 -0.1587794
vt 0.6795087 -0.1138158
vt -0.2439234 -0.1138157
vt -0.2321067 -0.1587793
vt -0.03243589 0.3854567
vt -0.03417456 0.3875021
vt -0.03242707 0.3875721
vt 0.1081997 0.3910872
vt 0.1088998 0.3932053
vt 0.5546664 0.1083891
vt -0.2641652 0.1055738
vt -0.2611353 0.1081076
vt 0.5576971 0.1058577
vt 0.9033139 0.2065068
vt -0.1709334 0.203893
vt -0.169948 0.2065011
vt 0.9042991 0.2038985
vt -0.2611306 0.09645766
vt 0.5576918 0.09870732
vt 0.5546612 0.09617555
vt -0.26416 0.09899157
vt -0.1682963 0.1924746
vt -0.1692786 0.195077
vt 0.9026439 0.1950713
vt 0.9016623 0.1924689
vt 0.3070813 0.3173088
vt 0.3085555 0.2904604
vt -0.2666615 0.290659
vt -0.268136 0.3175077
vt -0.3365318 0.05669254
vt -0.3365318 0.0835622
vt 0.5977958 0.08356631
vt 0.5977954 0.05669737
vt 0.5977942 0.09655201
vt 0.5977942 0.0696829
vt -0.3365301 0.06968802
vt -0.3365301 0.09655738
vt -0.2681388 0.3034509
vt -0.2666644 0.3302999
vt 0.3085582 0.3304986
vt 0.307084 0.3036491
vt 0.50395 0.2539006
vt 0.5366122 0.3574297
vt 0.5366112 -0.4248515
vt 0.5039496 -0.3213217
vt -0.4296697 0.2539008
vt -0.4623317 -0.4248512
vt -0.4623317 0.3574299
vt -0.4296702 -0.3213215
vt 0.7831538 -0.476616
vt -0.2190477 -0.4766157
vt -0.2190475 0.3007886
vt 0.783154 0.3007884
vt -0.1334251 -0.03071427
vt -0.133427 0.3168488
vt 0.8687747 0.3168542
vt 0.8687758 -0.03070843
vt -0.2411934 -0.01315016
vt -0.2412928 0.3344122
vt 0.5361111 0.3346812
vt 0.5362105 -0.0128817
vt 0.8687756 0.2272512
vt 0.8687739 -0.1203113
vt -0.1334267 -0.1203054
vt -0.1334256 0.2272574
vt 0.3847672 0.4253468
vt 0.3846675 0.07778424
vt -0.3927372 0.07805306
vt -0.3926371 0.4256156
vt 0.5378494 -0.6161903
vt 0.5035597 -0.5136155
vt 0.5035597 0.06160772
vt 0.5378491 0.1612151
vt -0.4643539 -0.61619
vt -0.4300624 0.0616079
vt -0.4300621 -0.5136152
vt -0.4643536 0.1612153
usemtl CeramicTiles3
f 3/3/3 2/2/2 1/1/1
f 6/6/6 5/5/5 4/4/4
f 9/9/9 8/8/8 7/7/7
f 12/12/12 11/11/11 10/10/10
f 15/15/15 14/14/14 13/13/13
f 18/18/18 17/17/17 16/16/16
f 21/21/21 20/20/20 19/19/19
f 24/24/24 23/23/23 22/22/22
f 27/27/27 26/26/26 25/25/25
f 30/30/30 29/29/29 28/28/28
f 33/33/33 32/32/32 31/31/31
f 36/36/36 35/35/35 34/34/34
f 39/39/39 38/38/38 37/37/37
f 42/42/42 41/41/41 40/40/40
f 45/45/45 44/44/44 43/43/43
f 48/48/48 47/47/47 46/46/46
f 51/51/51 50/50/50 49/49/49
f 54/54/54 53/53/53 52/52/52
f 57/57/57 56/56/56 55/55/55
f 60/60/60 59/59/59 58/58/58
f 63/63/63 62/62/62 61/61/61
f 66/66/66 65/65/65 64/64/64
f 64/64/64 67/67/67 66/66/66
f 64/64/64 68/68/68 67/67/67
f 68/68/68 69/69/69 67/67/67
f 67/67/67 69/69/69 70/70/70
f 69/69/69 68/68/68 71/71/71
f 71/71/71 70/70/70 69/69/69
f 71/71/71 72/72/72 70/70/70
f 72/72/72 73/73/73 70/70/70
f 72/72/72 71/71/71 74/74/74
f 75/75/75 70/70/70 73/73/73
f 71/71/71 76/76/76 74/74/74
f 77/77/77 75/75/75 73/73/73
f 74/74/74 76/76/76 77/77/77
f 76/76/76 75/75/75 77/77/77
f 80/80/80 79/79/79 78/78/78
f 81/81/81 80/80/80 78/78/78
f 84/84/84 83/83/83 82/82/82
f 85/85/85 84/84/84 82/82/82
f 88/88/88 87/87/87 86/86/86
f 87/87/87 89/89/89 86/86/86
f 92/92/92 91/91/91 90/90/90
f 91/91/91 93/93/93 90/90/90
f 96/96/96 95/95/95 94/94/94
f 95/95/95 97/97/97 94/94/94
f 100/100/100 99/99/99 98/98/98
f 99/99/99 101/101/101 98/98/98
f 104/104/104 103/103/103 102/102/102
f 105/105/105 104/104/104 102/102/102
f 108/108/108 107/107/107 106/106/106
f 109/109/109 108/108/108 106/106/106
f 112/112/112 111/111/111 110/110/110
f 113/113/113 112/112/112 110/110/110
f 116/116/116 115/115/115 114/114/114
f 117/117/117 116/116/116 114/114/114
f 120/120/120 119/119/119 118/118/118
f 121/121/121 120/120/120 118/118/118
f 124/124/124 123/123/123 122/122/122
f 123/123/123 125/125/125 122/122/122
f 128/128/128 127/127/127 126/126/126
f 127/127/127 129/129/129 126/126/126
f 132/132/132 131/131/131 130/130/130
f 133/133/133 132/132/132 130/130/130
f 136/136/136 135/135/135 134/134/134
f 135/135/135 137/137/137 134/134/134
f 140/140/140 139/139/139 138/138/138
f 139/139/139 141/141/141 138/138/138
f 144/144/144 143/143/143 142/142/142
f 145/145/145 144/144/144 142/142/142
f 148/148/148 147/147/147 146/146/146
f 149/149/149 148/148/148 146/146/146
f 152/152/152 151/151/151 150/150/150
f 153/153/153 152/152/152 150/150/150
f 156/156/156 155/155/155 154/154/154
f 157/157/157 156/156/156 154/154/154
f 160/160/160 159/159/159 158/158/158
f 161/161/161 160/160/160 158/158/158
f 164/164/164 163/163/163 162/162/162
f 163/163/163 165/165/165 162/162/162
f 168/168/168 167/167/167 166/166/166
f 169/169/169 168/168/168 166/166/166
usemtl Cream_wood
f 172/172/172 171/171/171 170/170/170
f 175/175/175 174/174/174 173/173/173
f 178/178/178 177/177/177 176/176/176
f 181/181/181 180/180/180 179/179/179
f 184/184/184 183/183/183 182/182/182
f 187/187/187 186/186/186 185/185/185
f 190/190/190 189/189/189 188/188/188
f 193/193/193 192/192/192 191/191/191
f 196/196/196 195/195/195 194/194/194
f 199/199/199 198/198/198 197/197/197
f 202/202/202 201/201/201 200/200/200
f 205/205/205 204/204/204 203/203/203
f 208/208/208 207/207/207 206/206/206
f 211/211/211 210/210/210 209/209/209
f 214/214/214 213/213/213 212/212/212
f 217/217/217 216/216/216 215/215/215
f 220/220/220 219/219/219 218/218/218
f 222/222/222 218/218/218 221/221/221
f 225/225/225 224/224/224 223/223/223
f 228/228/228 227/227/227 226/226/226
f 231/231/231 230/230/230 229/229/229
f 234/234/234 233/233/233 232/232/232
f 237/237/237 236/236/236 235/235/235
f 235/235/235 239/239/239 238/238/238
f 239/239/239 240/240/240 238/238/238
f 243/243/243 242/242/242 241/241/241
f 246/246/246 245/245/245 244/244/244
f 249/249/249 248/248/248 247/247/247
f 252/252/252 251/251/251 250/250/250
f 255/255/255 254/254/254 253/253/253
f 258/258/258 257/257/257 256/256/256
f 261/261/261 260/260/260 259/259/259
f 264/264/264 263/263/263 262/262/262
f 267/267/267 266/266/266 265/265/265
f 270/270/270 269/269/269 268/268/268
f 273/273/273 272/272/272 271/271/271
f 276/276/276 275/275/275 274/274/274
f 279/279/279 278/278/278 277/277/277
f 282/282/282 281/281/281 280/280/280
f 285/285/285 284/284/284 283/283/283
f 288/288/288 287/287/287 286/286/286
f 291/291/291 290/290/290 289/289/289
f 294/294/294 293/293/293 292/292/292
f 297/297/297 296/296/296 295/295/295
f 300/300/300 299/299/299 298/298/298
f 303/303/303 302/302/302 301/301/301
f 306/306/306 305/305/305 304/304/304
f 309/309/309 308/308/308 307/307/307
f 312/312/312 311/311/311 310/310/310
f 315/315/315 314/314/314 313/313/313
f 318/318/318 317/317/317 316/316/316
f 321/321/321 320/320/320 319/319/319
f 324/324/324 323/323/323 322/322/322
f 327/327/327 326/326/326 325/325/325
f 330/330/330 329/329/329 328/328/328
f 333/333/333 332/332/332 331/331/331
f 336/336/336 335/335/335 334/334/334
f 339/339/339 338/338/338 337/337/337
f 342/342/342 341/341/341 340/340/340
f 345/345/345 344/344/344 343/343/343
f 344/344/344 346/346/346 343/343/343
f 346/346/346 347/347/347 343/343/343
f 347/347/347 348/348/348 343/343/343
f 351/351/351 350/350/350 349/349/349
f 352/352/352 351/351/351 349/349/349
f 355/355/355 354/354/354 353/353/353
f 356/356/356 355/355/355 353/353/353
f 359/359/359 358/358/358 357/357/357
f 360/360/360 359/359/359 357/357/357
f 360/360/360 361/361/361 359/359/359
f 361/361/361 362/362/362 359/359/359
f 365/365/365 364/364/364 363/363/363
f 364/364/364 366/366/366 363/363/363
f 369/369/369 368/368/368 367/367/367
f 368/368/368 370/370/370 367/367/367
f 370/370/370 371/371/371 367/367/367
f 371/371/371 372/372/372 367/367/367
f 375/375/375 374/374/374 373/373/373
f 376/376/376 375/375/375 373/373/373
f 379/379/379 378/378/378 377/377/377
f 378/378/378 380/380/380 377/377/377
f 380/380/380 381/381/381 377/377/377
f 381/381/381 382/382/382 377/377/377
f 385/385/385 384/384/384 383/383/383
f 386/386/386 385/385/385 383/383/383
f 387/387/387 386/386/386 383/383/383
f 388/388/388 387/387/387 383/383/383
f 389/389/389 387/387/387 388/388/388
f 390/390/390 389/389/389 388/388/388
f 391/391/391 389/389/389 390/390/390
f 392/392/392 391/391/391 390/390/390
f 392/392/392 393/393/393 391/391/391
f 393/393/393 394/394/394 391/391/391
f 397/397/397 396/396/396 395/395/395
f 396/396/396 398/398/398 395/395/395
f 395/395/395 398/398/398 399/399/399
f 398/398/398 400/400/400 399/399/399
f 403/403/403 402/402/402 401/401/401
f 404/404/404 403/403/403 401/401/401
f 407/407/407 406/406/406 405/405/405
f 408/408/408 407/407/407 405/405/405
f 409/409/409 407/407/407 408/408/408
f 410/410/410 409/409/409 408/408/408
f 413/413/413 412/412/412 411/411/411
f 412/412/412 414/414/414 411/411/411
f 417/417/417 416/416/416 415/415/415
f 416/416/416 418/418/418 415/415/415
f 419/419/419 415/415/415 418/418/418
f 418/418/418 420/420/420 419/419/419
f 418/418/418 421/421/421 420/420/420
f 424/424/424 423/423/423 422/422/422
f 425/425/425 424/424/424 422/422/422
f 426/426/426 424/424/424 425/425/425
f 425/425/425 427/427/427 426/426/426
f 426/426/426 428/428/428 424/424/424
f 431/431/431 430/430/430 429/429/429
f 429/429/429 430/430/430 432/432/432
f 430/430/430 433/433/433 432/432/432
f 429/429/429 432/432/432 434/434/434
f 435/435/435 429/429/429 434/434/434
f 438/438/438 437/437/437 436/436/436
f 438/438/438 436/436/436 439/439/439
f 440/440/440 438/438/438 439/439/439
f 443/443/443 442/442/442 441/441/441
f 442/442/442 444/444/444 441/441/441
f 441/441/441 444/444/444 445/445/445
f 444/444/444 446/446/446 445/445/445
f 445/445/445 446/446/446 447/447/447
f 446/446/446 448/448/448 447/447/447
f 451/451/451 450/450/450 449/449/449
f 452/452/452 451/451/451 449/449/449
f 452/452/452 449/449/449 453/453/453
f 454/454/454 451/451/451 452/452/452
f 455/455/455 452/452/452 453/453/453
f 456/456/456 454/454/454 452/452/452
f 456/456/456 452/452/452 455/455/455
f 457/457/457 454/454/454 456/456/456
f 458/458/458 456/456/456 455/455/455
f 459/459/459 457/457/457 456/456/456
f 459/459/459 456/456/456 458/458/458
f 460/460/460 459/459/459 458/458/458
f 463/463/463 462/462/462 461/461/461
f 462/462/462 464/464/464 461/461/461
f 465/465/465 461/461/461 464/464/464
f 466/466/466 465/465/465 464/464/464
f 469/469/469 468/468/468 467/467/467
f 468/468/468 470/470/470 467/467/467
f 467/467/467 470/470/470 471/471/471
f 470/470/470 472/472/472 471/471/471
f 475/475/475 474/474/474 473/473/473
f 474/474/474 476/476/476 473/473/473
f 477/477/477 473/473/473 476/476/476
f 478/478/478 477/477/477 476/476/476
f 481/481/481 480/480/480 479/479/479
f 482/482/482 481/481/481 479/479/479
f 485/485/485 484/484/484 483/483/483
f 484/484/484 486/486/486 483/483/483
f 489/489/489 488/488/488 487/487/487
f 487/487/487 490/490/490 489/489/489
f 490/490/490 491/491/491 489/489/489
f 494/494/494 493/493/493 492/492/492
f 495/495/495 493/493/493 494/494/494
f 496/496/496 495/495/495 494/494/494
f 499/499/499 498/498/498 497/497/497
f 498/498/498 500/500/500 497/497/497
f 503/503/503 502/502/502 501/501/501
f 504/504/504 503/503/503 501/501/501
f 505/505/505 503/503/503 504/504/504
f 507/507/507 506/506/506 505/505/505
f 508/508/508 506/506/506 507/507/507
f 509/509/509 507/507/507 505/505/505
f 509/509/509 505/505/505 510/510/510
f 511/511/511 508/508/508 507/507/507
f 512/512/512 508/508/508 511/511/511
f 513/513/513 507/507/507 509/509/509
f 511/511/511 507/507/507 513/513/513
f 514/514/514 513/513/513 509/509/509
f 514/514/514 509/509/509 515/515/515
f 509/509/509 510/510/510 515/515/515
f 515/515/515 510/510/510 516/516/516
f 510/510/510 517/517/517 516/516/516
f 518/518/518 511/511/511 513/513/513
f 519/519/519 511/511/511 518/518/518
f 519/519/519 512/512/512 511/511/511
f 520/520/520 519/519/519 518/518/518
f 519/519/519 520/520/520 521/521/521
f 512/512/512 519/519/519 522/522/522
f 522/522/522 519/519/519 521/521/521
f 523/523/523 512/512/512 522/522/522
f 524/524/524 523/523/523 522/522/522
f 525/525/525 522/522/522 521/521/521
f 526/526/526 525/525/525 521/521/521
f 529/529/529 528/528/528 527/527/527
f 530/530/530 529/529/529 527/527/527
f 531/531/531 530/530/530 527/527/527
f 532/532/532 531/531/531 527/527/527
f 535/535/535 534/534/534 533/533/533
f 536/536/536 535/535/535 533/533/533
f 539/539/539 538/538/538 537/537/537
f 538/538/538 540/540/540 537/537/537
f 537/537/537 540/540/540 541/541/541
f 540/540/540 542/542/542 541/541/541
f 545/545/545 544/544/544 543/543/543
f 546/546/546 545/545/545 543/543/543
f 547/547/547 545/545/545 546/546/546
f 548/548/548 547/547/547 546/546/546
f 549/549/549 548/548/548 546/546/546
f 550/550/550 549/549/549 546/546/546
f 550/550/550 546/546/546 543/543/543
f 551/551/551 550/550/550 543/543/543
f 554/554/554 553/553/553 552/552/552
f 554/554/554 555/555/555 553/553/553
f 555/555/555 556/556/556 553/553/553
f 559/559/559 558/558/558 557/557/557
f 560/560/560 559/559/559 557/557/557
f 563/563/563 562/562/562 561/561/561
f 562/562/562 564/564/564 561/561/561
f 562/562/562 565/565/565 564/564/564
f 565/565/565 566/566/566 564/564/564
f 569/569/569 568/568/568 567/567/567
f 570/570/570 569/569/569 567/567/567
f 573/573/573 572/572/572 571/571/571
f 574/574/574 573/573/573 571/571/571
f 573/573/573 574/574/574 575/575/575
f 574/574/574 576/576/576 575/575/575
f 579/579/579 578/578/578 577/577/577
f 580/580/580 579/579/579 577/577/577
f 581/581/581 580/580/580 577/577/577
f 582/582/582 581/581/581 577/577/577
f 585/585/585 584/584/584 583/583/583
f 585/585/585 586/586/586 584/584/584
f 586/586/586 588/588/588 587/587/587
f 589/589/589 588/588/588 586/586/586
f 590/590/590 589/589/589 586/586/586
f 591/591/591 589/589/589 590/590/590
f 592/592/592 591/591/591 590/590/590
f 592/592/592 593/593/593 591/591/591
f 593/593/593 594/594/594 591/591/591
f 595/595/595 594/594/594 593/593/593
f 587/587/587 597/597/597 596/596/596
f 596/596/596 597/597/597 598/598/598
f 597/597/597 599/599/599 598/598/598
f 602/602/602 601/601/601 600/600/600
f 601/601/601 603/603/603 600/600/600
f 606/606/606 605/605/605 604/604/604
f 605/605/605 607/607/607 604/604/604
f 604/604/604 607/607/607 608/608/608
f 607/607/607 609/609/609 608/608/608
f 612/612/612 611/611/611 610/610/610
f 613/613/613 612/612/612 610/610/610
f 612/612/612 613/613/613 614/614/614
f 613/613/613 615/615/615 614/614/614
f 618/618/618 617/617/617 616/616/616
f 619/619/619 618/618/618 616/616/616
f 620/620/620 618/618/618 619/619/619
f 621/621/621 620/620/620 619/619/619
f 624/624/624 623/623/623 622/622/622
f 624/624/624 622/622/622 625/625/625
f 626/626/626 624/624/624 625/625/625
f 629/629/629 628/628/628 627/627/627
f 630/630/630 629/629/629 627/627/627
f 629/629/629 630/630/630 631/631/631
f 630/630/630 632/632/632 631/631/631
f 635/635/635 634/634/634 633/633/633
f 636/636/636 635/635/635 633/633/633
f 639/639/639 638/638/638 637/637/637
f 638/638/638 640/640/640 637/637/637
f 637/637/637 640/640/640 641/641/641
f 640/640/640 642/642/642 641/641/641
f 645/645/645 644/644/644 643/643/643
f 644/644/644 646/646/646 643/643/643
f 643/643/643 646/646/646 647/647/647
f 646/646/646 648/648/648 647/647/647
f 651/651/651 650/650/650 649/649/649
f 652/652/652 651/651/651 649/649/649
f 655/655/655 654/654/654 653/653/653
f 654/654/654 656/656/656 653/653/653
f 653/653/653 656/656/656 657/657/657
f 656/656/656 658/658/658 657/657/657
f 661/661/661 660/660/660 659/659/659
f 662/662/662 661/661/661 659/659/659
f 662/662/662 659/659/659 663/663/663
f 666/666/666 665/665/665 664/664/664
f 665/665/665 667/667/667 664/664/664
f 670/670/670 669/669/669 668/668/668
f 671/671/671 670/670/670 668/668/668
f 672/672/672 670/670/670 671/671/671
f 673/673/673 672/672/672 671/671/671
f 676/676/676 675/675/675 674/674/674
f 677/677/677 676/676/676 674/674/674
f 678/678/678 676/676/676 677/677/677
f 679/679/679 678/678/678 677/677/677
f 682/682/682 681/681/681 680/680/680
f 681/681/681 683/683/683 680/680/680
f 680/680/680 683/683/683 684/684/684
f 687/687/687 686/686/686 685/685/685
f 688/688/688 687/687/687 685/685/685
f 689/689/689 687/687/687 688/688/688
f 690/690/690 689/689/689 688/688/688
f 693/693/693 692/692/692 691/691/691
f 694/694/694 693/693/693 691/691/691
f 695/695/695 693/693/693 694/694/694
f 696/696/696 695/695/695 694/694/694
f 699/699/699 698/698/698 697/697/697
f 700/700/700 699/699/699 697/697/697
f 701/701/701 699/699/699 700/700/700
f 702/702/702 701/701/701 700/700/700
f 705/705/705 704/704/704 703/703/703
f 704/704/704 706/706/706 703/703/703
f 703/703/703 706/706/706 707/707/707
f 706/706/706 708/708/708 707/707/707
f 711/711/711 710/710/710 709/709/709
f 710/710/710 712/712/712 709/709/709
f 709/709/709 712/712/712 713/713/713
f 710/710/710 714/714/714 712/712/712
f 712/712/712 715/715/715 713/713/713
f 714/714/714 716/716/716 712/712/712
f 712/712/712 716/716/716 715/715/715
f 716/716/716 717/717/717 715/715/715
f 720/720/720 719/719/719 718/718/718
f 719/719/719 721/721/721 718/718/718
f 718/718/718 721/721/721 722/722/722
f 719/719/719 723/723/723 721/721/721
f 721/721/721 724/724/724 722/722/722
f 723/723/723 725/725/725 721/721/721
f 721/721/721 725/725/725 724/724/724
f 725/725/725 726/726/726 724/724/724
f 726/726/726 728/728/728 727/727/727
f 726/726/726 727/727/727 729/729/729
f 729/729/729 730/730/730 726/726/726
f 733/733/733 732/732/732 731/731/731
f 732/732/732 734/734/734 731/731/731
f 737/737/737 736/736/736 735/735/735
f 736/736/736 738/738/738 735/735/735
f 735/735/735 738/738/738 739/739/739
f 742/742/742 741/741/741 740/740/740
f 741/741/741 743/743/743 740/740/740
f 740/740/740 743/743/743 744/744/744
f 743/743/743 745/745/745 744/744/744
f 748/748/748 747/747/747 746/746/746
f 747/747/747 749/749/749 746/746/746
f 749/749/749 750/750/750 746/746/746
f 753/753/753 752/752/752 751/751/751
f 752/752/752 754/754/754 751/751/751
f 757/757/757 756/756/756 755/755/755
f 756/756/756 758/758/758 755/755/755
f 756/756/756 759/759/759 758/758/758
f 758/758/758 760/760/760 755/755/755
f 760/760/760 761/761/761 755/755/755
f 762/762/762 760/760/760 758/758/758
f 759/759/759 763/763/763 758/758/758
f 763/763/763 762/762/762 758/758/758
f 759/759/759 764/764/764 763/763/763
f 765/765/765 762/762/762 763/763/763
f 764/764/764 766/766/766 763/763/763
f 766/766/766 765/765/765 763/763/763
f 769/769/769 768/768/768 767/767/767
f 768/768/768 770/770/770 767/767/767
f 767/767/767 770/770/770 771/771/771
f 770/770/770 772/772/772 771/771/771
f 771/771/771 772/772/772 773/773/773
f 772/772/772 774/774/774 773/773/773
f 777/777/777 776/776/776 775/775/775
f 778/778/778 777/777/777 775/775/775
f 779/779/779 777/777/777 778/778/778
f 780/780/780 779/779/779 778/778/778
f 783/783/783 782/782/782 781/781/781
f 784/784/784 783/783/783 781/781/781
f 787/787/787 786/786/786 785/785/785
f 786/786/786 788/788/788 785/785/785
f 788/788/788 789/789/789 785/785/785
f 789/789/789 790/790/790 785/785/785
f 793/793/793 792/792/792 791/791/791
f 793/793/793 791/791/791 794/794/794
f 795/795/795 793/793/793 794/794/794
usemtl HammeredMetal_Dark
f 798/798/798 797/797/797 796/796/796
f 797/797/797 799/799/799 796/796/796
f 802/802/802 801/801/801 800/800/800
f 801/801/801 803/803/803 800/800/800
f 806/806/806 805/805/805 804/804/804
f 805/805/805 807/807/807 804/804/804
f 810/810/810 809/809/809 808/808/808
f 811/811/811 810/810/810 808/808/808
f 814/814/814 813/813/813 812/812/812
f 815/815/815 814/814/814 812/812/812
f 818/818/818 817/817/817 816/816/816
f 819/819/819 818/818/818 816/816/816
f 822/822/822 821/821/821 820/820/820
f 823/823/823 822/822/822 820/820/820
f 826/826/826 825/825/825 824/824/824
f 827/827/827 826/826/826 824/824/824
f 830/830/830 829/829/829 828/828/828
f 831/831/831 830/830/830 828/828/828
f 828/828/828 829/829/829 832/832/832
f 833/833/833 830/830/830 831/831/831
f 829/829/829 834/834/834 832/832/832
f 835/835/835 833/833/833 831/831/831
f 832/832/832 834/834/834 835/835/835
f 834/834/834 833/833/833 835/835/835
usemtl Glass_Detailed_Tinted_Mat
f 838/838/838 837/837/837 836/836/836
f 839/839/839 838/838/838 836/836/836
f 842/842/842 841/841/841 840/840/840
f 843/843/843 842/842/842 840/840/840
f 846/846/846 845/845/845 844/844/844
f 847/847/847 846/846/846 844/844/844
f 850/850/850 849/849/849 848/848/848
f 851/851/851 850/850/850 848/848/848
f 854/854/854 853/853/853 852/852/852
f 855/855/855 854/854/854 852/852/852
f 858/858/858 857/857/857 856/856/856
f 859/859/859 858/858/858 856/856/856
f 856/856/856 857/857/857 860/860/860
f 861/861/861 858/858/858 859/859/859
f 857/857/857 862/862/862 860/860/860
f 863/863/863 861/861/861 859/859/859
f 860/860/860 862/862/862 863/863/863
f 862/862/862 861/861/861 863/863/863
g FP222:Cylinder.028_75241435
v -2.26267 1.15846 -2.03599
v -2.25563 1.16363 -2.03578
v -2.25583 0.36496 -2.03597
v -2.26267 1.15846 -2.03599
v -2.25583 0.36496 -2.03597
v -2.26287 0.37037 -2.03618
v -3.19098 0.01582 -1.10097
v -3.19259 0.01094 -1.09937
v -3.19092 0.01329 -1.09771
v -2.99159 0.0131 -0.86628
v -2.99882 0.0131 -0.86628
v -2.99521 0.01822 -0.86989
v -2.99882 0.0131 -0.86628
v -2.99159 0.0131 -0.86628
v -2.99159 -0.00029 -0.86628
v -2.99882 0.0131 -0.86628
v -2.99159 -0.00029 -0.86628
v -2.99883 -0.00028 -0.86628
v -1.80062 0.0131 -2.05726
v -1.80424 0.01822 -2.06088
v -1.80062 0.0131 -2.06449
v -1.80062 -0.00028 -2.0645
v -1.80062 -0.00029 -2.05726
v -1.80062 0.0131 -2.05726
v -1.80062 -0.00028 -2.0645
v -1.80062 0.0131 -2.05726
v -1.80062 0.0131 -2.06449
v -2.02739 0.01321 -2.28402
v -2.02015 0.01321 -2.28402
v -2.02377 0.01832 -2.28041
v -3.21836 -0.00018 -1.08581
v -3.21836 -0.00017 -1.09304
v -3.21835 0.01321 -1.09304
v -2.02739 -0.00017 -2.28403
v -2.02016 -0.00018 -2.28403
v -2.02015 0.01321 -2.28402
v -2.02739 -0.00017 -2.28403
v -2.02015 0.01321 -2.28402
v -2.02739 0.01321 -2.28402
v -3.21835 0.01321 -1.09304
v -3.21474 0.01832 -1.08942
v -3.21835 0.01321 -1.08581
v -3.21836 -0.00018 -1.08581
v -3.21835 0.01321 -1.09304
v -3.21835 0.01321 -1.08581
v -1.80062 -0.00029 -2.05726
v -1.80062 -0.00028 -2.0645
v -1.80424 -0.0054 -2.06088
v -2.99159 -0.00029 -0.86628
v -2.99521 -0.0054 -0.8699
v -2.99883 -0.00028 -0.86628
v -3.21474 -0.00529 -1.08943
v -2.99883 -0.00028 -0.86628
v -2.99521 -0.0054 -0.8699
v -3.21836 -0.00017 -1.09304
v -3.21836 -0.00018 -1.08581
v -3.21474 -0.00529 -1.08943
v -3.21474 -0.00529 -1.08943
v -3.21836 -0.00018 -1.08581
v -2.99883 -0.00028 -0.86628
v -2.02739 -0.00017 -2.28403
v -2.02377 -0.00529 -2.28041
v -2.02016 -0.00018 -2.28403
v -2.03372 0.01094 -2.25825
v -2.03372 0.00618 -2.25826
v -3.19259 0.00618 -1.09937
v -3.19259 0.01094 -1.09937
v -2.03538 0.01329 -2.25659
v -3.19092 0.01329 -1.10103
v -3.19098 0.01582 -1.10097
v -2.03532 0.01582 -2.25665
v -2.25583 0.36496 -2.03597
v -2.97031 0.36496 -1.32148
v -2.25563 1.16363 -2.03578
v -3.19062 1.49816 -1.10061
v -2.03495 1.49816 -2.25629
v -2.97011 1.16363 -1.32129
v -2.97052 0.37037 -1.32852
v -2.97031 0.36496 -1.32148
v -2.97011 1.16363 -1.32129
v -2.97033 1.15846 -1.32833
v -2.97033 1.15846 -1.32833
v -2.97011 1.16363 -1.32129
v -2.25563 1.16363 -2.03578
v -2.26267 1.15846 -2.03599
v -2.26267 1.15846 -2.03599
v -2.98188 1.15846 -1.33988
v -2.97033 1.15846 -1.32833
v -2.27422 1.15846 -2.04754
v -2.26287 0.37037 -2.03618
v -2.27422 1.15846 -2.04754
v -2.26267 1.15846 -2.03599
v -2.27442 0.37037 -2.04774
v -2.26287 0.37037 -2.03618
v -2.97031 0.36496 -1.32148
v -2.97052 0.37037 -1.32852
v -2.25583 0.36496 -2.03597
v -2.97052 0.37037 -1.32852
v -2.27442 0.37037 -2.04774
v -2.26287 0.37037 -2.03618
v -2.98207 0.37037 -1.34008
v -2.97033 1.15846 -1.32833
v -2.98188 1.15846 -1.33988
v -2.98207 0.37037 -1.34008
v -2.97052 0.37037 -1.32852
v -3.19098 0.01582 -1.10097
v -3.19092 0.01329 -1.09771
v -3.19056 1.50059 -1.09735
v -3.19062 1.49816 -1.10061
v -3.19062 1.49816 -1.10061
v -3.19056 1.50059 -1.09735
v -2.03169 1.50059 -2.25623
v -2.03495 1.49816 -2.25629
v -2.03495 1.49816 -2.25629
v -2.03169 1.50059 -2.25623
v -2.03205 0.01329 -2.25659
v -2.03532 0.01582 -2.25665
v -3.21835 0.01321 -1.08581
v -2.99882 0.0131 -0.86628
v -2.99883 -0.00028 -0.86628
v -3.21836 -0.00018 -1.08581
v -3.21835 0.01321 -1.08581
v -2.99521 0.01822 -0.86989
v -2.99882 0.0131 -0.86628
v -3.21474 0.01832 -1.08942
v -1.80424 0.01822 -2.06088
v -2.99159 0.0131 -0.86628
v -2.99521 0.01822 -0.86989
v -1.80062 0.0131 -2.05726
v -2.99159 0.0131 -0.86628
v -1.80062 0.0131 -2.05726
v -1.80062 -0.00029 -2.05726
v -2.99159 -0.00029 -0.86628
v -2.02377 0.01832 -2.28041
v -1.80062 0.0131 -2.06449
v -1.80424 0.01822 -2.06088
v -2.02015 0.01321 -2.28402
v -2.99521 0.01822 -0.86989
v -2.02377 0.01832 -2.28041
v -1.80424 0.01822 -2.06088
v -3.21474 0.01832 -1.08942
v -1.80062 0.0131 -2.06449
v -2.02015 0.01321 -2.28402
v -2.02016 -0.00018 -2.28403
v -1.80062 -0.00028 -2.0645
v -2.02739 0.01321 -2.28402
v -2.02377 0.01832 -2.28041
v -3.21474 0.01832 -1.08942
v -3.21835 0.01321 -1.09304
v -2.02739 0.01321 -2.28402
v -3.21835 0.01321 -1.09304
v -3.21836 -0.00017 -1.09304
v -2.02739 -0.00017 -2.28403
v -2.99521 -0.0054 -0.8699
v -1.80424 -0.0054 -2.06088
v -2.02377 -0.00529 -2.28041
v -3.21474 -0.00529 -1.08943
v -1.80062 -0.00029 -2.05726
v -1.80424 -0.0054 -2.06088
v -2.99521 -0.0054 -0.8699
v -2.99159 -0.00029 -0.86628
v -2.02377 -0.00529 -2.28041
v -3.21836 -0.00017 -1.09304
v -3.21474 -0.00529 -1.08943
v -2.02739 -0.00017 -2.28403
v -2.02016 -0.00018 -2.28403
v -2.02377 -0.00529 -2.28041
v -1.80424 -0.0054 -2.06088
v -1.80062 -0.00028 -2.0645
v -2.00422 1.53104 -2.2616
v -2.00056 1.52549 -2.26526
v -2.00056 1.52549 -2.25794
v -3.19227 1.52549 -1.06621
v -3.19959 1.52549 -1.06621
v -3.19593 1.53104 -1.06987
v -2.03205 0.01329 -2.25659
v -2.03372 0.01094 -2.25825
v -2.03538 0.01329 -2.25659
v -2.03205 0.01329 -2.25659
v -2.03538 0.01329 -2.25659
v -2.03532 0.01582 -2.25665
v -1.71585 1.69399 -2.22487
v -1.71848 1.69227 -2.22225
v -1.71585 1.69395 -2.2225
v -1.71585 1.69399 -2.22487
v -1.71827 1.69232 -2.22491
v -1.71848 1.69227 -2.22225
v -1.71588 1.71425 -2.22246
v -1.71585 1.69399 -2.22487
v -1.71585 1.69395 -2.2225
v -3.15852 1.69227 -0.78219
v -3.16115 1.69392 -0.77956
v -3.15878 1.69395 -0.77956
v -3.15852 1.69227 -0.78219
v -3.16121 1.69223 -0.78199
v -3.16115 1.69392 -0.77956
v -3.1588 1.71425 -0.77952
v -3.16118 1.71421 -0.77952
v -3.16 1.71589 -0.78071
v -1.71588 1.71428 -2.22483
v -1.71588 1.71425 -2.22246
v -1.71707 1.71597 -2.22364
v -1.71588 1.71428 -2.22483
v -1.71707 1.71597 -2.22364
v -1.89257 1.72175 -2.39876
v -1.71588 1.71428 -2.22483
v -1.89257 1.72175 -2.39876
v -1.89138 1.72008 -2.39995
v -1.71588 1.71425 -2.22246
v -1.71588 1.71428 -2.22483
v -1.71585 1.69399 -2.22487
v -3.16115 1.69392 -0.77956
v -3.16121 1.69223 -0.78199
v -3.3345 1.68581 -0.95496
v -1.90458 1.69982 -2.38913
v -3.33664 1.68573 -0.9571
v -3.32577 1.68657 -0.96793
v -1.90458 1.69982 -2.38913
v -1.89373 1.69813 -2.39999
v -3.33664 1.68573 -0.9571
v -1.90614 1.69982 -2.38757
v -3.32577 1.68657 -0.96793
v -1.90614 1.69982 -2.38757
v -3.32577 1.68657 -0.96793
v -3.32422 1.68657 -0.96949
v -3.1603 1.63525 -0.93702
v -3.25989 1.63256 -1.03138
v -3.16022 1.63765 -0.93161
v -3.16024 1.58915 -0.95426
v -3.15755 1.58921 -0.95425
v -3.15793 1.58762 -0.95699
v -3.16024 1.58915 -0.95426
v -3.15793 1.58762 -0.95699
v -3.16185 1.58749 -0.95902
v -3.24699 1.58255 -1.04466
v -3.16024 1.58915 -0.95426
v -3.16185 1.58749 -0.95902
v -3.24804 1.58249 -1.04572
v -3.24852 1.58414 -1.04305
v -3.24961 1.58408 -1.04415
v -3.24699 1.58255 -1.04466
v -3.24852 1.58414 -1.04305
v -3.16024 1.58915 -0.95426
v -1.89054 1.58921 -2.22127
v -1.89527 1.58774 -2.22558
v -1.89327 1.58761 -2.22166
v -1.89054 1.58921 -2.22127
v -1.89052 1.58927 -2.22392
v -1.89527 1.58774 -2.22558
v -3.16264 1.58597 -0.97613
v -3.16501 1.58589 -0.97614
v -3.16537 1.5875 -0.97415
v -3.16264 1.58597 -0.97613
v -3.16537 1.5875 -0.97415
v -3.16198 1.58765 -0.97441
v -1.91237 1.58598 -2.2288
v -1.91237 1.58591 -2.22641
v -1.91066 1.58759 -2.22575
v -1.91237 1.58598 -2.2288
v -1.91066 1.58759 -2.22575
v -1.91033 1.58774 -2.22912
v -1.91226 1.52582 -2.22893
v -1.91345 1.52414 -2.22775
v -1.91227 1.52574 -2.22655
v -3.16253 1.52581 -0.97627
v -3.16372 1.52405 -0.97747
v -3.16491 1.52573 -0.97628
v -3.24222 1.58246 -1.05142
v -1.98848 1.59112 -2.30529
v -1.9873 1.59286 -2.30647
v -1.98723 1.52911 -2.30189
v -1.98838 1.52919 -2.30305
v -3.23863 1.51908 -1.05279
v -3.23863 1.51908 -1.05279
v -1.91345 1.52414 -2.22775
v -1.98723 1.52911 -2.30189
v -1.73908 1.69232 -2.22402
v -1.89254 1.6981 -2.3988
v -1.90339 1.6981 -2.38795
v -1.71827 1.69232 -2.22491
v -1.89136 1.69978 -2.39998
v -1.89254 1.6981 -2.3988
v -1.89254 1.6981 -2.3988
v -1.89136 1.69978 -2.39998
v -1.89373 1.69981 -2.39998
v -1.89254 1.6981 -2.3988
v -1.89373 1.69981 -2.39998
v -1.89373 1.69813 -2.39999
v -1.71827 1.69232 -2.22491
v -1.71585 1.69399 -2.22487
v -1.89136 1.69978 -2.39998
v -1.89138 1.72008 -2.39995
v -1.89373 1.69981 -2.39998
v -1.89136 1.69978 -2.39998
v -1.89254 1.6981 -2.3988
v -1.89373 1.69813 -2.39999
v -1.90458 1.69982 -2.38913
v -1.89138 1.72008 -2.39995
v -1.89376 1.72011 -2.39995
v -1.89373 1.69981 -2.39998
v -1.89138 1.72008 -2.39995
v -1.89257 1.72175 -2.39876
v -1.89376 1.72011 -2.39995
v -3.33547 1.71027 -0.95585
v -1.89376 1.72011 -2.39995
v -1.89257 1.72175 -2.39876
v -3.33547 1.71027 -0.95585
v -3.33666 1.70855 -0.95704
v -1.89376 1.72011 -2.39995
v -3.33666 1.70858 -0.95466
v -3.33666 1.70855 -0.95704
v -3.33547 1.71027 -0.95585
v -3.33663 1.68826 -0.95708
v -3.33664 1.68573 -0.9571
v -1.89373 1.69813 -2.39999
v -3.33663 1.68826 -0.95708
v -1.89373 1.69813 -2.39999
v -1.89373 1.69981 -2.39998
v -1.90761 1.69747 -2.38611
v -1.90512 1.69738 -2.38362
v -1.74502 1.69167 -2.22389
v -1.86788 1.63772 -2.22126
v -1.86786 1.63779 -2.22391
v -1.87328 1.63538 -2.22399
v -1.86788 1.63772 -2.22126
v -1.87328 1.63538 -2.22399
v -1.87333 1.63532 -2.22138
v -3.16 1.71589 -0.78071
v -3.33333 1.71034 -0.95371
v -3.33547 1.71027 -0.95585
v -3.24804 1.58249 -1.04572
v -3.24804 1.58249 -1.04572
v -3.24961 1.58408 -1.04415
v -1.97995 1.59444 -2.31381
v -1.98151 1.59283 -2.31226
v -1.98151 1.59283 -2.31226
v -1.90614 1.69982 -2.38757
v -1.90727 1.69763 -2.38645
v -1.90495 1.6981 -2.3864
v -3.24852 1.58414 -1.04305
v -3.24961 1.58408 -1.04415
v -3.25006 1.58596 -1.0437
v -2.02472 0.01329 -2.28942
v -2.00056 1.52549 -2.26526
v -2.02435 1.5255 -2.28905
v -2.00093 0.01328 -2.26563
v -2.00093 0.00618 -2.26563
v -2.02472 0.00619 -2.28942
v -2.02801 1.53105 -2.28539
v -2.02435 1.5255 -2.28905
v -2.00056 1.52549 -2.26526
v -2.00422 1.53104 -2.2616
v -2.02801 1.53105 -2.28539
v -2.00422 1.53104 -2.2616
v -3.19593 1.53104 -1.06987
v -3.21972 1.53105 -1.09366
v -2.00056 1.52549 -2.25794
v -2.00056 1.52549 -2.26526
v -2.00093 0.01328 -2.26563
v -2.00093 0.01328 -2.25831
v -2.00093 0.00618 -2.25831
v -2.00093 0.00618 -2.26563
v -3.19593 1.53104 -1.06987
v -3.22338 1.5255 -1.09
v -3.21972 1.53105 -1.09366
v -3.19959 1.52549 -1.06621
v -3.19996 0.01328 -1.06658
v -3.22338 1.5255 -1.09
v -3.19959 1.52549 -1.06621
v -3.22375 0.01329 -1.09037
v -3.22375 0.00619 -1.09038
v -3.19996 0.00618 -1.06658
v -2.00422 1.53104 -2.2616
v -2.00056 1.52549 -2.25794
v -3.19227 1.52549 -1.06621
v -3.19593 1.53104 -1.06987
v -3.19264 0.01328 -1.06658
v -3.19959 1.52549 -1.06621
v -3.19227 1.52549 -1.06621
v -3.19996 0.01328 -1.06658
v -3.19996 0.00618 -1.06658
v -3.19264 0.00618 -1.06658
v -3.17931 0.01328 -1.07992
v -3.17931 0.00618 -1.07992
v -3.19264 0.00618 -1.06658
v -3.19264 0.01328 -1.06658
v -3.19227 1.52549 -1.06621
v -3.17894 1.50527 -1.07955
v -2.00056 1.52549 -2.25794
v -2.0139 1.50527 -2.24461
v -2.00093 0.01328 -2.25831
v -2.01426 0.01328 -2.24497
v -2.01426 0.00618 -2.24498
v -2.00093 0.00618 -2.25831
v -3.17942 0.01328 -1.08621
v -3.17894 1.50527 -1.07955
v -3.17906 1.50058 -1.08585
v -3.17931 0.01328 -1.07992
v -3.17942 0.00618 -1.08621
v -3.17931 0.00618 -1.07992
v -3.17906 1.50058 -1.08585
v -3.17894 1.50527 -1.07955
v -2.0139 1.50527 -2.24461
v -2.02019 1.50058 -2.24473
v -2.02019 1.50058 -2.24473
v -2.0139 1.50527 -2.24461
v -2.01426 0.01328 -2.24497
v -2.02055 0.01328 -2.24509
v -2.01426 0.00618 -2.24498
v -2.02055 0.00618 -2.24509
v -2.02019 1.50058 -2.24473
v -3.19056 1.50059 -1.09735
v -3.17906 1.50058 -1.08585
v -2.03169 1.50059 -2.25623
v -2.02055 0.01328 -2.24509
v -2.03169 1.50059 -2.25623
v -2.02019 1.50058 -2.24473
v -2.03205 0.01329 -2.25659
v -2.02055 0.00618 -2.24509
v -2.03372 0.00618 -2.25826
v -2.03372 0.01094 -2.25825
v -3.17906 1.50058 -1.08585
v -3.19056 1.50059 -1.09735
v -3.19092 0.01329 -1.09771
v -3.17942 0.01328 -1.08621
v -3.19259 0.00618 -1.09937
v -3.17942 0.00618 -1.08621
v -3.19259 0.01094 -1.09937
v -3.26034 1.63321 -1.03091
v -3.26158 1.63314 -1.03215
v -3.28873 1.6711 -1.00499
v -3.25989 1.63256 -1.03138
v -3.26112 1.63249 -1.03262
v -3.16022 1.63765 -0.93161
v -3.16022 1.6383 -0.93069
v -3.26034 1.63321 -1.03091
v -3.28873 1.6711 -1.00499
v -3.28716 1.67117 -1.00342
v -3.16022 1.6383 -0.93069
v -3.16024 1.67648 -0.8767
v -3.1602 1.69092 -0.81168
v -3.15755 1.67654 -0.87669
v -3.16024 1.67648 -0.8767
v -3.15751 1.69097 -0.81167
v -3.16019 1.69158 -0.80874
v -3.15751 1.69162 -0.80873
v -3.16019 1.69223 -0.80579
v -3.15751 1.69228 -0.80578
v -3.28716 1.67117 -1.00342
v -3.28873 1.6711 -1.00499
v -3.32127 1.68528 -0.97244
v -3.3193 1.68535 -0.97047
v -3.16024 1.67648 -0.8767
v -3.32274 1.68593 -0.97097
v -3.1602 1.69092 -0.81168
v -3.32076 1.68599 -0.96899
v -3.32422 1.68657 -0.96949
v -3.16019 1.69158 -0.80874
v -3.32222 1.68664 -0.96749
v -3.16019 1.69223 -0.80579
v -2.43852 1.69227 -1.50224
v -1.71585 1.69395 -2.2225
v -1.71848 1.69227 -2.22225
v -2.43733 1.69395 -1.50104
v -3.15852 1.69227 -0.78219
v -3.15878 1.69395 -0.77956
v -2.43733 1.69395 -1.50104
v -1.71588 1.71425 -2.22246
v -1.71585 1.69395 -2.2225
v -2.43736 1.71425 -1.50101
v -3.15878 1.69395 -0.77956
v -3.1588 1.71425 -0.77952
v -2.43855 1.71593 -1.50219
v -3.1588 1.71425 -0.77952
v -3.16 1.71589 -0.78071
v -2.43736 1.71425 -1.50101
v -1.71707 1.71597 -2.22364
v -1.71588 1.71425 -2.22246
v -3.16118 1.71421 -0.77952
v -3.1588 1.71425 -0.77952
v -3.15878 1.69395 -0.77956
v -3.16115 1.69392 -0.77956
v -3.33449 1.68836 -0.95256
v -3.16118 1.71421 -0.77952
v -3.16115 1.69392 -0.77956
v -3.33451 1.70865 -0.95252
v -1.89257 1.72175 -2.39876
v -1.71707 1.71597 -2.22364
v -2.43855 1.71593 -1.50219
v -3.33547 1.71027 -0.95585
v -3.16 1.71589 -0.78071
v -3.16115 1.69392 -0.77956
v -3.3345 1.68581 -0.95496
v -3.33449 1.68836 -0.95256
v -3.33664 1.68573 -0.9571
v -3.33663 1.68829 -0.9547
v -3.33663 1.68829 -0.9547
v -3.33451 1.70865 -0.95252
v -3.33449 1.68836 -0.95256
v -3.33666 1.70858 -0.95466
v -3.32577 1.68657 -0.96793
v -3.33664 1.68573 -0.9571
v -3.3345 1.68581 -0.95496
v -3.32375 1.68664 -0.96592
v -3.16121 1.69223 -0.78199
v -3.15852 1.69227 -0.78219
v -3.15764 1.69228 -0.8028
v -2.43852 1.69227 -1.50224
v -3.16032 1.69223 -0.80281
v -3.32375 1.68664 -0.96592
v -2.44838 1.69228 -1.5121
v -1.71848 1.69227 -2.22225
v -3.15751 1.69228 -0.80578
v -3.16019 1.69223 -0.80579
v -3.32222 1.68664 -0.96749
v -3.32422 1.68657 -0.96949
v -3.32577 1.68657 -0.96793
v -2.4498 1.69228 -1.51352
v -1.73909 1.69228 -2.22136
v -1.74207 1.69228 -2.22124
v -1.74206 1.69233 -2.22389
v -1.73908 1.69232 -2.22402
v -1.71827 1.69232 -2.22491
v -1.89254 1.6981 -2.3988
v -1.90339 1.6981 -2.38795
v -1.90495 1.6981 -2.3864
v -2.5155 1.63532 -1.57921
v -3.15765 1.63532 -0.93704
v -3.15753 1.63772 -0.93159
v -2.51271 1.63772 -1.57643
v -1.86788 1.63772 -2.22126
v -1.87333 1.63532 -2.22138
v -3.16022 1.63765 -0.93161
v -3.15753 1.63772 -0.93159
v -3.15765 1.63532 -0.93704
v -3.1603 1.63525 -0.93702
v -3.16022 1.6383 -0.93069
v -3.15753 1.63772 -0.93159
v -3.16022 1.63765 -0.93161
v -3.15753 1.63837 -0.93067
v -3.16024 1.67648 -0.8767
v -3.15755 1.67654 -0.87669
v -2.51271 1.63772 -1.57643
v -3.15753 1.63772 -0.93159
v -3.15753 1.63837 -0.93067
v -2.51225 1.63837 -1.57597
v -3.15755 1.67654 -0.87669
v -2.48524 1.67654 -1.54896
v -1.81298 1.67654 -2.22127
v -1.86696 1.63837 -2.22126
v -1.86788 1.63772 -2.22126
v -3.1603 1.63525 -0.93702
v -3.25677 1.63018 -1.03362
v -3.25989 1.63256 -1.03138
v -3.26112 1.63249 -1.03262
v -3.25796 1.63011 -1.03481
v -3.1603 1.63525 -0.93702
v -3.15765 1.63532 -0.93704
v -3.15755 1.5911 -0.95337
v -3.16023 1.59104 -0.95338
v -3.16023 1.59104 -0.95338
v -3.25677 1.63018 -1.03362
v -3.1603 1.63525 -0.93702
v -3.24896 1.58602 -1.0426
v -3.25796 1.63011 -1.03481
v -3.25006 1.58596 -1.0437
v -3.16023 1.59104 -0.95338
v -3.15755 1.5911 -0.95337
v -3.15755 1.58921 -0.95425
v -3.16024 1.58915 -0.95426
v -3.15793 1.58762 -0.95699
v -3.15755 1.58921 -0.95425
v -2.52405 1.58921 -1.58776
v -2.52561 1.58761 -1.58932
v -1.89054 1.58921 -2.22127
v -1.89327 1.58761 -2.22166
v -2.52405 1.58921 -1.58776
v -3.15755 1.58921 -0.95425
v -3.15755 1.5911 -0.95337
v -2.5236 1.5911 -1.58732
v -1.88966 1.5911 -2.22127
v -1.89054 1.58921 -2.22127
v -3.24129 1.58252 -1.05048
v -3.16185 1.58749 -0.95902
v -3.16537 1.5875 -0.97415
v -3.16198 1.58765 -0.97441
v -3.16185 1.58749 -0.95902
v -3.15793 1.58762 -0.95699
v -2.52561 1.58761 -1.58932
v -2.53634 1.58762 -1.60006
v -1.89327 1.58761 -2.22166
v -1.91066 1.58759 -2.22575
v -1.91033 1.58774 -2.22912
v -1.89527 1.58774 -2.22558
v -1.98018 1.59276 -2.31093
v -3.24129 1.58252 -1.05048
v -3.24699 1.58255 -1.04466
v -3.24222 1.58246 -1.05142
v -3.24804 1.58249 -1.04572
v -1.88966 1.5911 -2.22127
v -1.89052 1.58927 -2.22392
v -1.89054 1.58921 -2.22127
v -1.88964 1.59115 -2.22392
v -3.24018 1.5809 -1.05172
v -3.16537 1.5875 -0.97415
v -3.16501 1.58589 -0.97614
v -3.24129 1.58252 -1.05048
v -3.24111 1.58084 -1.05265
v -3.24222 1.58246 -1.05142
v -3.16264 1.58597 -0.97613
v -3.16198 1.58765 -0.97441
v -2.53634 1.58762 -1.60006
v -2.53753 1.58594 -1.60125
v -1.91066 1.58759 -2.22575
v -1.91237 1.58591 -2.22641
v -1.91237 1.58591 -2.22641
v -1.91227 1.52574 -2.22655
v -2.53742 1.52577 -1.60139
v -2.53753 1.58594 -1.60125
v -3.16253 1.52581 -0.97627
v -3.16264 1.58597 -0.97613
v -3.23771 1.51914 -1.05187
v -3.16372 1.52405 -0.97747
v -2.53861 1.52409 -1.60258
v -3.23863 1.51908 -1.05279
v -1.91345 1.52414 -2.22775
v -1.91227 1.52574 -2.22655
v -1.91345 1.52414 -2.22775
v -2.53861 1.52409 -1.60258
v -2.53742 1.52577 -1.60139
v -3.16372 1.52405 -0.97747
v -3.16253 1.52581 -0.97627
v -1.91226 1.52582 -2.22893
v -1.91227 1.52574 -2.22655
v -1.91237 1.58591 -2.22641
v -1.91237 1.58598 -2.2288
v -1.98731 1.59104 -2.30411
v -1.91226 1.52582 -2.22893
v -1.91237 1.58598 -2.2288
v -1.98721 1.53088 -2.30425
v -1.98848 1.59112 -2.30529
v -1.98837 1.53096 -2.30542
v -3.23771 1.51914 -1.05187
v -3.16491 1.52573 -0.97628
v -3.16372 1.52405 -0.97747
v -3.24007 1.52073 -1.05185
v -3.23863 1.51908 -1.05279
v -3.241 1.52067 -1.05279
v -3.16253 1.52581 -0.97627
v -3.16491 1.52573 -0.97628
v -3.16501 1.58589 -0.97614
v -3.16264 1.58597 -0.97613
v -3.24018 1.5809 -1.05172
v -3.241 1.52067 -1.05279
v -3.24111 1.58084 -1.05265
v -3.24007 1.52073 -1.05185
v -3.16501 1.58589 -0.97614
v -3.16491 1.52573 -0.97628
v -3.24111 1.58084 -1.05265
v -3.241 1.52067 -1.05279
v -1.98837 1.53096 -2.30542
v -1.98848 1.59112 -2.30529
v -3.24222 1.58246 -1.05142
v -3.241 1.52067 -1.05279
v -1.98838 1.52919 -2.30305
v -1.98837 1.53096 -2.30542
v -3.23863 1.51908 -1.05279
v -1.98837 1.53096 -2.30542
v -1.98838 1.52919 -2.30305
v -1.98723 1.52911 -2.30189
v -1.98721 1.53088 -2.30425
v -1.91345 1.52414 -2.22775
v -1.91226 1.52582 -2.22893
v -1.9873 1.59286 -2.30647
v -1.98848 1.59112 -2.30529
v -1.98731 1.59104 -2.30411
v -1.98612 1.59278 -2.30528
v -1.91237 1.58598 -2.2288
v -1.91033 1.58774 -2.22912
v -1.98612 1.59278 -2.30528
v -1.98151 1.59283 -2.31226
v -1.9873 1.59286 -2.30647
v -1.98018 1.59276 -2.31093
v -1.91033 1.58774 -2.22912
v -1.97995 1.59444 -2.31381
v -1.98151 1.59283 -2.31226
v -1.98018 1.59276 -2.31093
v -1.97858 1.59436 -2.31244
v -1.89527 1.58774 -2.22558
v -1.89052 1.58927 -2.22392
v -1.89052 1.58927 -2.22392
v -1.88964 1.59115 -2.22392
v -1.97814 1.59625 -2.31286
v -1.97858 1.59436 -2.31244
v -1.97952 1.59633 -2.31425
v -1.97995 1.59444 -2.31381
v -1.88964 1.59115 -2.22392
v -1.87328 1.63538 -2.22399
v -1.96949 1.64054 -2.32029
v -1.97814 1.59625 -2.31286
v -1.97099 1.64062 -2.32179
v -1.97952 1.59633 -2.31425
v -1.96949 1.64054 -2.32029
v -1.96882 1.64304 -2.32493
v -1.97099 1.64062 -2.32179
v -1.96727 1.64296 -2.32338
v -1.87328 1.63538 -2.22399
v -1.86786 1.63779 -2.22391
v -1.96727 1.64296 -2.32338
v -1.96836 1.6437 -2.32538
v -1.96882 1.64304 -2.32493
v -1.9668 1.64361 -2.32383
v -1.86786 1.63779 -2.22391
v -1.94151 1.6821 -2.35222
v -1.86694 1.63844 -2.22391
v -1.93953 1.68201 -2.35025
v -1.81297 1.67659 -2.22393
v -1.93953 1.68201 -2.35025
v -1.90907 1.69681 -2.38464
v -1.94151 1.6821 -2.35222
v -1.9066 1.69672 -2.38218
v -1.81297 1.67659 -2.22393
v -1.90761 1.69747 -2.38611
v -1.74795 1.69102 -2.22389
v -1.90512 1.69738 -2.38362
v -1.74502 1.69167 -2.22389
v -1.90727 1.69763 -2.38645
v -1.90761 1.69747 -2.38611
v -1.90495 1.6981 -2.3864
v -1.74206 1.69233 -2.22389
v -1.71585 1.69399 -2.22487
v -1.89138 1.72008 -2.39995
v -1.89136 1.69978 -2.39998
v -1.71588 1.71428 -2.22483
v -1.90339 1.6981 -2.38795
v -1.90614 1.69982 -2.38757
v -1.90495 1.6981 -2.3864
v -1.90458 1.69982 -2.38913
v -1.89254 1.6981 -2.3988
v -3.33333 1.71034 -0.95371
v -3.33666 1.70858 -0.95466
v -3.33547 1.71027 -0.95585
v -3.33451 1.70865 -0.95252
v -3.16 1.71589 -0.78071
v -3.16118 1.71421 -0.77952
v -3.33663 1.68829 -0.9547
v -3.33666 1.70855 -0.95704
v -3.33666 1.70858 -0.95466
v -3.33663 1.68826 -0.95708
v -3.33664 1.68573 -0.9571
v -1.89373 1.69981 -2.39998
v -3.33666 1.70855 -0.95704
v -3.33663 1.68826 -0.95708
v -1.89376 1.72011 -2.39995
v -2.48524 1.67654 -1.54896
v -1.74796 1.69097 -2.22124
v -1.81298 1.67654 -2.22127
v -2.45275 1.69097 -1.51647
v -1.74503 1.69162 -2.22124
v -3.15751 1.69097 -0.81167
v -3.15755 1.67654 -0.87669
v -3.15751 1.69162 -0.80873
v -2.45128 1.69162 -1.515
v -1.74207 1.69228 -2.22124
v -3.15751 1.69228 -0.80578
v -2.4498 1.69228 -1.51352
v -1.74796 1.69097 -2.22124
v -1.81297 1.67659 -2.22393
v -1.81298 1.67654 -2.22127
v -1.74795 1.69102 -2.22389
v -1.74503 1.69162 -2.22124
v -1.74502 1.69167 -2.22389
v -1.74207 1.69228 -2.22124
v -1.74206 1.69233 -2.22389
v -1.81298 1.67654 -2.22127
v -1.81297 1.67659 -2.22393
v -1.86694 1.63844 -2.22391
v -1.86696 1.63837 -2.22126
v -1.86786 1.63779 -2.22391
v -1.86788 1.63772 -2.22126
v -1.87333 1.63532 -2.22138
v -1.87328 1.63538 -2.22399
v -1.88964 1.59115 -2.22392
v -1.88966 1.5911 -2.22127
v -2.5236 1.5911 -1.58732
v -1.87333 1.63532 -2.22138
v -1.88966 1.5911 -2.22127
v -2.5155 1.63532 -1.57921
v -3.15765 1.63532 -0.93704
v -3.15755 1.5911 -0.95337
v -3.24852 1.58414 -1.04305
v -3.25006 1.58596 -1.0437
v -3.24896 1.58602 -1.0426
v -3.16024 1.58915 -0.95426
v -3.16023 1.59104 -0.95338
v -2.98314 0.37328 -1.34244
v -2.98188 1.15846 -1.33988
v -2.98295 1.15556 -1.34225
v -2.98207 0.37037 -1.34008
v -2.27678 0.37328 -2.0488
v -2.98207 0.37037 -1.34008
v -2.98314 0.37328 -1.34244
v -2.27442 0.37037 -2.04774
v -2.27659 1.15556 -2.04861
v -2.27442 0.37037 -2.04774
v -2.27678 0.37328 -2.0488
v -2.27422 1.15846 -2.04754
v -2.98295 1.15556 -1.34225
v -2.98188 1.15846 -1.33988
v -2.27422 1.15846 -2.04754
v -2.27659 1.15556 -2.04861
v -2.29985 0.47681 -2.02568
v -2.31884 0.47533 -2.04467
v -2.3187 1.05056 -2.04453
v -2.29971 1.05203 -2.02554
v -2.96002 0.47681 -1.36551
v -2.979 0.47533 -1.3845
v -2.31884 0.47533 -2.04467
v -2.29985 0.47681 -2.02568
v -2.29971 1.05203 -2.02554
v -2.3187 1.05056 -2.04453
v -2.97886 1.05056 -1.38436
v -2.95988 1.05203 -1.36537
v -2.95988 1.05203 -1.36537
v -2.97886 1.05056 -1.38436
v -2.979 0.47533 -1.3845
v -2.96002 0.47681 -1.36551
v -2.29971 1.05203 -2.02554
v -2.27659 1.15556 -2.04861
v -2.27678 0.37328 -2.0488
v -2.29985 0.47681 -2.02568
v -2.95988 1.05203 -1.36537
v -2.98314 0.37328 -1.34244
v -2.98295 1.15556 -1.34225
v -2.96002 0.47681 -1.36551
v -2.54049 0.37583 -2.31481
v -3.24915 0.37583 -1.60615
v -3.24896 1.15323 -1.60596
v -2.5403 1.15323 -2.31462
v -3.00338 0.37573 -1.36038
v -3.24915 0.37583 -1.60615
v -2.54049 0.37583 -2.31481
v -2.29473 0.37573 -2.06905
v -3.00319 1.15313 -1.36019
v -3.24896 1.15323 -1.60596
v -3.24915 0.37583 -1.60615
v -3.00338 0.37573 -1.36038
v -2.29454 1.15313 -2.06886
v -2.5403 1.15323 -2.31462
v -3.24896 1.15323 -1.60596
v -3.00319 1.15313 -1.36019
v -2.29473 0.37573 -2.06905
v -2.54049 0.37583 -2.31481
v -2.5403 1.15323 -2.31462
v -2.29454 1.15313 -2.06886
v -2.29454 1.15313 -2.06886
v -2.3187 1.05056 -2.04453
v -2.31884 0.47533 -2.04467
v -2.29473 0.37573 -2.06905
v -3.00319 1.15313 -1.36019
v -2.979 0.47533 -1.3845
v -2.97886 1.05056 -1.38436
v -3.00338 0.37573 -1.36038
vn -2.673607 1.634863 -0.7569182
vn -2.673607 1.634863 -0.7569182
vn -2.673607 1.634863 -0.7569182
vn -2.673608 1.634863 -0.7569182
vn -2.673608 1.634863 -0.7569182
vn -2.673608 1.634863 -0.7569182
vn -2.156377 1.411043 -1.517177
vn -2.156377 1.411043 -1.517177
vn -2.156377 1.411043 -1.517177
vn -2.655906 1.968219 -0.8625144
vn -2.655906 1.968219 -0.8625144
vn -2.655906 1.968219 -0.8625144
vn -2.655984 1.634862 -0.7566496
vn -2.655984 1.634862 -0.7566496
vn -2.655984 1.634862 -0.7566496
vn -2.656 1.634862 -0.7566496
vn -2.656 1.634862 -0.7566496
vn -2.656 1.634862 -0.7566496
vn -2.184494 1.96819 -1.333938
vn -2.184494 1.96819 -1.333938
vn -2.184494 1.96819 -1.333938
vn -2.07865 1.634854 -1.334024
vn -2.07865 1.634854 -1.334024
vn -2.07865 1.634854 -1.334024
vn -2.07865 1.634854 -1.334024
vn -2.07865 1.634854 -1.334024
vn -2.07865 1.634854 -1.334024
vn -2.655893 1.968449 -1.805323
vn -2.655893 1.968449 -1.805323
vn -2.655893 1.968449 -1.805323
vn -3.23335 1.635127 -1.334
vn -3.23335 1.635127 -1.334
vn -3.23335 1.635127 -1.334
vn -2.656005 1.635158 -1.91135
vn -2.656005 1.635158 -1.91135
vn -2.656005 1.635158 -1.91135
vn -2.655963 1.635145 -1.91135
vn -2.655963 1.635145 -1.91135
vn -2.655963 1.635145 -1.91135
vn -3.127334 1.968433 -1.333918
vn -3.127334 1.968433 -1.333918
vn -3.127334 1.968433 -1.333918
vn -3.23335 1.635146 -1.334
vn -3.23335 1.635146 -1.334
vn -3.23335 1.635146 -1.334
vn -2.184638 1.301607 -1.334101
vn -2.184638 1.301607 -1.334101
vn -2.184638 1.301607 -1.334101
vn -2.656058 1.301575 -0.8626605
vn -2.656058 1.301575 -0.8626605
vn -2.656058 1.301575 -0.8626605
vn -2.944782 1.226765 -1.045414
vn -2.944782 1.226765 -1.045414
vn -2.944782 1.226765 -1.045414
vn -3.12751 1.301816 -1.334081
vn -3.12751 1.301816 -1.334081
vn -3.12751 1.301816 -1.334081
vn -2.944777 1.226756 -1.04542
vn -2.944777 1.226756 -1.04542
vn -2.944777 1.226756 -1.04542
vn -2.656058 1.301802 -1.8055
vn -2.656058 1.301802 -1.8055
vn -2.656058 1.301802 -1.8055
vn -2.24775 1.634883 -0.9257537
vn -2.24775 1.634765 -0.9257538
vn -2.24775 1.63477 -0.9257538
vn -2.24775 1.634732 -0.9257538
vn -2.247749 1.634883 -0.9257539
vn -2.24775 1.634813 -0.9257537
vn -2.247749 1.634801 -0.9257541
vn -2.24775 1.634801 -0.9257533
vn -2.24775 1.6348 -0.9257538
vn -2.247749 1.6348 -0.9257543
vn -2.24775 1.634801 -0.9257533
vn -2.24775 1.6348 -0.9257537
vn -2.24775 1.634801 -0.9257532
vn -2.24775 1.634801 -0.9257537
vn -2.078917 1.634863 -1.351564
vn -2.078917 1.634863 -1.351564
vn -2.078917 1.634863 -1.351564
vn -2.078917 1.634863 -1.351577
vn -2.366151 1.228419 -1.04415
vn -2.366151 1.228419 -1.04415
vn -2.366151 1.228419 -1.04415
vn -2.366166 1.228397 -1.044165
vn -2.656141 1.05765 -1.334145
vn -2.656141 1.05765 -1.334145
vn -2.656141 1.05765 -1.334145
vn -2.656141 1.05765 -1.334143
vn -3.064251 1.635 -0.9257548
vn -3.064251 1.635 -0.9257548
vn -3.064251 1.635 -0.9257548
vn -3.064247 1.635 -0.9257507
vn -2.359891 2.032459 -1.037894
vn -2.359891 2.032459 -1.037894
vn -2.359891 2.032459 -1.037894
vn -2.35988 2.032444 -1.037884
vn -2.655859 2.21235 -1.333858
vn -2.655859 2.21235 -1.333858
vn -2.655859 2.21235 -1.333858
vn -2.655859 2.21235 -1.333858
vn -2.247764 1.635 -1.742261
vn -2.247764 1.635 -1.742261
vn -2.247764 1.635 -1.742261
vn -2.247764 1.635 -1.74226
vn -2.078748 1.634861 -1.344641
vn -2.078748 1.634861 -1.344641
vn -2.078748 1.634861 -1.344641
vn -2.078748 1.634862 -1.344642
vn -2.362693 1.233402 -1.040703
vn -2.362693 1.233402 -1.040703
vn -2.362693 1.233402 -1.040703
vn -2.362661 1.233468 -1.040643
vn -2.666487 1.634861 -0.7567449
vn -2.666487 1.634861 -0.7567449
vn -2.666487 1.634861 -0.7567449
vn -2.666538 1.634861 -0.7567458
vn -3.064246 1.635 -0.9257491
vn -3.064246 1.635 -0.9257491
vn -3.064246 1.635 -0.9257491
vn -3.064246 1.635027 -0.9257498
vn -2.944579 2.043241 -1.045218
vn -2.944579 2.043241 -1.045218
vn -2.944579 2.043241 -1.045218
vn -2.944557 2.043272 -1.045241
vn -2.367237 2.043126 -1.04524
vn -2.367237 2.043126 -1.04524
vn -2.367237 2.043126 -1.04524
vn -2.367232 2.043119 -1.045235
vn -2.24775 1.63479 -0.9257537
vn -2.24775 1.63479 -0.9257537
vn -2.24775 1.63479 -0.9257537
vn -2.247749 1.63482 -0.9257538
vn -2.36723 2.043254 -1.622573
vn -2.36723 2.043254 -1.622573
vn -2.36723 2.043253 -1.622573
vn -2.367216 2.043232 -1.622588
vn -2.655859 2.21235 -1.333859
vn -2.655859 2.21235 -1.333859
vn -2.655859 2.21235 -1.333859
vn -2.655859 2.21235 -1.333859
vn -2.247754 1.635027 -1.742251
vn -2.247754 1.635027 -1.742251
vn -2.247754 1.635027 -1.742251
vn -2.247753 1.635 -1.74225
vn -2.944563 2.043409 -1.62256
vn -2.944563 2.043409 -1.62256
vn -2.944563 2.043409 -1.62256
vn -2.944578 2.043388 -1.622575
vn -3.06425 1.63519 -1.742246
vn -3.06425 1.63519 -1.742246
vn -3.06425 1.63519 -1.742246
vn -3.06425 1.63519 -1.742246
vn -2.656141 1.05765 -1.334141
vn -2.656141 1.05765 -1.334141
vn -2.656141 1.05765 -1.334141
vn -2.656141 1.05765 -1.334141
vn -2.367401 1.226642 -1.045404
vn -2.367401 1.226642 -1.045404
vn -2.367401 1.226642 -1.045404
vn -2.367413 1.226624 -1.045416
vn -2.944804 1.226932 -1.622801
vn -2.944804 1.226932 -1.622801
vn -2.944804 1.226932 -1.622801
vn -2.944781 1.2269 -1.622778
vn -2.3674 1.226788 -1.622801
vn -2.3674 1.226788 -1.622801
vn -2.3674 1.226788 -1.622801
vn -2.367408 1.226777 -1.622794
vn -2.173928 1.952711 -1.333918
vn -2.173928 1.952711 -1.333918
vn -2.173928 1.952711 -1.333918
vn -2.655926 1.952734 -0.8519431
vn -2.655926 1.952734 -0.8519431
vn -2.655926 1.952734 -0.8519431
vn -2.656 1.301516 -0.8627019
vn -2.656 1.301516 -0.8627019
vn -2.656 1.301516 -0.8627019
vn -2.655912 1.648554 -0.7568088
vn -2.655912 1.648554 -0.7568088
vn -2.655912 1.648554 -0.7568088
vn -2.345562 1.148283 -1.34227
vn -2.345562 1.148283 -1.342269
vn -2.345562 1.148283 -1.342269
vn -2.327095 1.160849 -1.315693
vn -2.327095 1.160849 -1.315693
vn -2.327094 1.160849 -1.315693
vn -2.07865 1.635795 -1.334283
vn -2.07865 1.635795 -1.334283
vn -2.07865 1.635795 -1.334283
vn -2.648102 1.148745 -1.02283
vn -2.648102 1.148745 -1.02283
vn -2.648102 1.148745 -1.02283
vn -2.624475 1.160485 -1.006624
vn -2.624475 1.160485 -1.006624
vn -2.624475 1.160485 -1.006624
vn -2.661214 1.970041 -0.8638364
vn -2.661214 1.970041 -0.8638364
vn -2.661214 1.970041 -0.8638364
vn -2.183137 1.966222 -1.328861
vn -2.183137 1.966222 -1.328861
vn -2.183137 1.966222 -1.328861
vn -2.361218 2.043563 -1.615981
vn -2.361218 2.043563 -1.615981
vn -2.361218 2.043563 -1.615981
vn -2.361968 2.044682 -1.615138
vn -2.361968 2.044682 -1.615138
vn -2.361968 2.044682 -1.615138
vn -2.07865 1.635804 -1.334358
vn -2.07865 1.635804 -1.334358
vn -2.07865 1.635804 -1.334358
vn -2.932833 1.221399 -1.041372
vn -2.932833 1.221399 -1.041372
vn -2.932833 1.221399 -1.041372
vn -2.247825 1.619125 -0.9259864
vn -2.247825 1.619125 -0.9259864
vn -2.247825 1.619125 -0.9259864
vn -2.247741 1.634803 -0.9257618
vn -2.247741 1.634803 -0.9257618
vn -2.247741 1.634803 -0.9257618
vn -2.245402 1.647621 -0.928311
vn -2.656 2.21235 -1.334
vn -2.656 2.21235 -1.334
vn -3.06704 1.635 -1.739437
vn -3.06704 1.635 -1.739437
vn -2.853278 1.140032 -1.111691
vn -2.853278 1.140032 -1.111691
vn -2.853278 1.140032 -1.111691
vn -2.647203 1.135353 -1.044847
vn -2.647203 1.135353 -1.044847
vn -2.647203 1.135353 -1.044848
vn -2.751427 1.108302 -1.117629
vn -2.751427 1.108302 -1.117629
vn -2.751427 1.108302 -1.117629
vn -2.869714 1.155407 -1.093896
vn -2.869714 1.155407 -1.093896
vn -2.869714 1.155407 -1.093896
vn -2.880725 1.165867 -1.083509
vn -2.880725 1.165867 -1.083509
vn -2.881026 1.165879 -1.083757
vn -2.881001 1.165859 -1.083771
vn -2.881001 1.165859 -1.083771
vn -2.881001 1.165859 -1.083771
vn -2.359481 1.168412 -1.500449
vn -2.359481 1.168412 -1.500449
vn -2.359481 1.168412 -1.500449
vn -2.475697 1.086634 -1.34492
vn -2.475697 1.086634 -1.34492
vn -2.475697 1.086634 -1.34492
vn -2.641511 1.187057 -0.970035
vn -2.641511 1.187057 -0.970035
vn -2.641511 1.187057 -0.970035
vn -2.606378 1.213733 -0.9423298
vn -2.606378 1.213733 -0.9423298
vn -2.606378 1.213733 -0.9423298
vn -2.24878 1.225934 -1.347031
vn -2.24878 1.225934 -1.347031
vn -2.24878 1.225934 -1.347031
vn -2.277496 1.199366 -1.316925
vn -2.277496 1.199366 -1.316925
vn -2.277496 1.199366 -1.316925
vn -2.187659 1.297556 -1.345022
vn -2.187659 1.297556 -1.345022
vn -2.187659 1.297556 -1.345022
vn -2.645898 1.306074 -0.8596175
vn -2.645898 1.306074 -0.8596174
vn -2.645898 1.306074 -0.8596175
vn -3.064251 1.635147 -1.742245
vn -3.064251 1.635147 -1.742245
vn -3.064251 1.635147 -1.742245
vn -2.67306 1.058309 -1.355662
vn -2.67306 1.058309 -1.355662
vn -2.67306 1.058309 -1.355662
vn -2.673046 1.05831 -1.355709
vn -2.673046 1.05831 -1.355709
vn -2.673046 1.05831 -1.355709
vn -2.666087 1.057828 -1.344216
vn -2.666087 1.057828 -1.344216
vn -2.666087 1.057828 -1.344216
vn -2.374175 1.227294 -1.630114
vn -2.374175 1.227294 -1.630114
vn -2.374175 1.227294 -1.630114
vn -2.660386 1.304417 -1.807317
vn -2.660386 1.304417 -1.807317
vn -2.660386 1.304417 -1.807317
vn -2.248065 1.636481 -1.742558
vn -2.248065 1.636481 -1.742559
vn -2.248065 1.636481 -1.742559
vn -2.370959 1.231621 -1.632949
vn -2.370959 1.231621 -1.632949
vn -2.370959 1.231621 -1.632949
vn -2.656438 1.636072 -1.911349
vn -2.656438 1.636072 -1.911349
vn -2.656438 1.636072 -1.911349
vn -2.707801 1.061209 -1.296395
vn -2.707801 1.061209 -1.296395
vn -2.707801 1.061209 -1.296395
vn -2.656183 1.63605 -1.911349
vn -2.656183 1.63605 -1.911349
vn -2.656183 1.63605 -1.911349
vn -2.651824 1.971865 -1.802869
vn -2.651824 1.971865 -1.802869
vn -2.651824 1.971865 -1.802869
vn -2.942918 2.048034 -1.617573
vn -2.942918 2.048034 -1.617573
vn -2.942918 2.048034 -1.617573
vn -2.949509 2.038623 -1.6243
vn -2.949509 2.038623 -1.6243
vn -2.949509 2.038623 -1.6243
vn -3.129912 1.964737 -1.337695
vn -3.129912 1.964737 -1.337695
vn -3.129912 1.964737 -1.337695
vn -3.064267 1.639668 -1.742203
vn -3.064267 1.639668 -1.742203
vn -3.064267 1.639668 -1.742203
vn -3.064252 1.635263 -1.742244
vn -3.064252 1.635263 -1.742244
vn -3.064252 1.635263 -1.742244
vn -2.656 2.21235 -1.334
vn -2.751568 1.371364 -0.8293255
vn -2.656 2.21235 -1.334
vn -2.421825 1.107408 -1.345928
vn -2.421825 1.107408 -1.345928
vn -2.421825 1.107408 -1.345928
vn -2.42296 1.106853 -1.343287
vn -2.42296 1.106853 -1.343287
vn -2.42296 1.106853 -1.343287
vn -2.656 2.21235 -1.334
vn -2.608322 1.228146 -1.740854
vn -2.656 2.21235 -1.334
vn -3.068737 1.635 -1.737709
vn -3.068737 1.635 -1.737709
vn -3.068737 1.635 -1.737709
vn -2.247752 1.635 -0.9257516
vn -2.247752 1.635 -0.9257516
vn -2.247752 1.635 -0.9257516
vn -2.585483 1.345369 -1.828444
vn -2.585483 1.345369 -1.828444
vn -2.585483 1.345369 -1.828444
vn -3.038671 1.45088 -0.9428527
vn -3.038671 1.45088 -0.9428526
vn -3.038671 1.45088 -0.9428527
vn -2.247755 1.635 -1.742252
vn -2.247755 1.635 -1.742252
vn -2.247758 1.635 -1.742254
vn -2.247755 1.635 -1.742252
vn -2.247759 1.634956 -1.742256
vn -2.247749 1.635045 -1.742245
vn -2.357346 2.028752 -1.632493
vn -2.357346 2.028752 -1.632493
vn -2.357346 2.028752 -1.632493
vn -2.357343 2.028769 -1.632467
vn -2.655859 2.21235 -1.33386
vn -2.655859 2.21235 -1.33386
vn -2.655859 2.21235 -1.33386
vn -2.655859 2.21235 -1.333857
vn -2.07865 1.634859 -1.334
vn -2.07865 1.634859 -1.334
vn -2.07865 1.634859 -1.334
vn -2.07865 1.634859 -1.333976
vn -2.07865 1.634831 -1.333976
vn -2.07865 1.634828 -1.334
vn -2.954468 2.028761 -1.035332
vn -2.954468 2.028761 -1.035332
vn -2.954468 2.028761 -1.035332
vn -2.954459 2.028779 -1.035346
vn -3.06425 1.635 -0.9257531
vn -3.06425 1.635 -0.9257531
vn -3.06425 1.635 -0.9257531
vn -3.064247 1.635 -0.9257506
vn -3.064247 1.63497 -0.9257501
vn -3.064247 1.63497 -0.9257501
vn -2.35733 2.028608 -1.035332
vn -2.35733 2.028608 -1.035332
vn -2.35733 2.028608 -1.035332
vn -2.357319 2.028605 -1.035339
vn -2.655965 1.634859 -0.7566496
vn -2.655965 1.634859 -0.7566496
vn -2.656 1.634859 -0.7566496
vn -2.655965 1.634859 -0.7566496
vn -2.655983 1.634845 -0.7566496
vn -2.656017 1.63487 -0.7566496
vn -2.247745 1.634816 -0.9257581
vn -2.247753 1.634766 -0.9257503
vn -2.247745 1.634816 -0.9257582
vn -2.247745 1.634816 -0.9257581
vn -2.247749 1.634801 -0.9257545
vn -2.247749 1.634811 -0.9257542
vn -2.247742 1.634801 -0.9257612
vn -2.247742 1.634801 -0.9257613
vn -2.247742 1.634801 -0.9257612
vn -2.247746 1.6348 -0.9257579
vn -2.247737 1.634763 -0.9257662
vn -2.247755 1.634778 -0.9257483
vn -2.078747 1.634861 -1.344611
vn -2.078747 1.634861 -1.344611
vn -2.078746 1.634861 -1.344562
vn -2.078747 1.634861 -1.344611
vn -2.078747 1.634921 -1.344611
vn -2.078746 1.634882 -1.344555
vn -2.362682 1.23343 -1.040676
vn -2.362682 1.23343 -1.040676
vn -2.362682 1.23343 -1.040676
vn -2.362705 1.233386 -1.040713
vn -2.666653 1.634861 -0.756748
vn -2.666653 1.634861 -0.756748
vn -2.666653 1.634861 -0.756748
vn -2.666602 1.634862 -0.756747
vn -2.666641 1.634842 -0.7567477
vn -2.666599 1.634829 -0.7567469
vn -2.656142 1.05765 -1.334144
vn -2.656142 1.05765 -1.334144
vn -2.656142 1.05765 -1.334144
vn -2.656142 1.05765 -1.334139
vn -3.064229 1.635 -0.9257324
vn -3.064229 1.635 -0.9257325
vn -3.064229 1.635 -0.9257324
vn -3.064258 1.635 -0.9257613
vn -3.064253 1.634985 -0.9257563
vn -3.064236 1.635 -0.9257392
vn -3.064197 1.634965 -0.9257001
vn -2.247755 1.635 -1.742252
vn -2.247755 1.635 -1.742252
vn -2.247755 1.635 -1.742252
vn -2.247749 1.635 -1.742246
vn -2.247747 1.635 -1.742244
vn -2.247769 1.635053 -1.742265
vn -2.247774 1.635 -1.74227
vn -2.932622 1.224546 -1.036778
vn -2.932622 1.224546 -1.036778
vn -2.932622 1.224546 -1.036778
vn -2.932407 1.224319 -1.036891
vn -2.932477 1.22445 -1.036776
vn -2.928947 1.219652 -1.040198
vn -2.928947 1.219652 -1.040198
vn -2.934067 1.224418 -1.038306
vn -2.934067 1.224418 -1.038306
vn -2.934067 1.224418 -1.038306
vn -2.932567 1.224456 -1.036851
vn -2.931203 1.220587 -1.040983
vn -2.644671 1.071493 -1.20884
vn -2.644671 1.071493 -1.20884
vn -2.644671 1.071493 -1.20884
vn -2.646544 1.071447 -1.208892
vn -2.64655 1.071471 -1.208783
vn -2.646684 1.071461 -1.208819
vn -2.646684 1.071461 -1.208819
vn -2.646684 1.071461 -1.208819
vn -2.76441 1.083428 -1.202286
vn -2.764474 1.083459 -1.202209
vn -2.766392 1.083397 -1.204074
vn -2.76441 1.083428 -1.202286
vn -2.76441 1.083428 -1.202286
vn -2.76638 1.083362 -1.204211
vn -2.759567 1.080542 -1.210777
vn -2.766278 1.083348 -1.204183
vn -2.766446 1.083411 -1.204058
vn -2.766389 1.083366 -1.204203
vn -2.766478 1.083373 -1.204247
vn -2.759839 1.080587 -1.210803
vn -2.367429 1.226626 -1.045399
vn -2.367429 1.226626 -1.045399
vn -2.367429 1.226626 -1.045399
vn -2.367432 1.226584 -1.045455
vn -2.36744 1.226592 -1.045435
vn -2.367389 1.22666 -1.04539
vn -2.247761 1.634799 -0.925742
vn -2.247761 1.634799 -0.925742
vn -2.247761 1.634799 -0.925742
vn -2.247758 1.634805 -0.9257454
vn -2.247739 1.634793 -0.9257648
vn -2.24774 1.634813 -0.9257636
vn -2.367255 2.043162 -1.045273
vn -2.367255 2.043162 -1.045273
vn -2.370527 2.047713 -1.048507
vn -2.367255 2.043162 -1.045273
vn -2.367249 2.043143 -1.045251
vn -2.363958 2.038407 -1.041925
vn -2.655672 1.633941 -0.7566506
vn -2.655672 1.633941 -0.7566506
vn -2.655672 1.633941 -0.7566506
vn -2.655708 1.633941 -0.7566506
vn -3.063838 1.633672 -0.9253445
vn -3.063838 1.633672 -0.9253445
vn -3.063838 1.633672 -0.9253445
vn -3.063841 1.633695 -0.9253465
vn -2.646498 2.212193 -1.324466
vn -2.646498 2.212193 -1.324466
vn -2.646498 2.212193 -1.324466
vn -2.658158 2.212341 -1.331567
vn -2.665262 2.212202 -1.34323
vn -2.988989 1.312367 -0.989965
vn -2.988989 1.312367 -0.989965
vn -2.988989 1.312367 -0.989965
vn -2.988 1.311898 -0.9894506
vn -2.989414 1.313149 -0.9896458
vn -3.063878 1.633709 -0.9253835
vn -3.063878 1.633709 -0.9253834
vn -3.063878 1.633709 -0.9253834
vn -3.06383 1.633684 -0.9253359
vn -2.623152 1.058701 -1.345547
vn -2.623152 1.058701 -1.345547
vn -2.623303 1.058689 -1.345373
vn -2.623303 1.058689 -1.345373
vn -2.637008 1.057963 -1.333245
vn -2.646714 1.057724 -1.333729
vn -2.646111 1.057734 -1.333724
vn -2.656138 1.05765 -1.334136
vn -2.636845 1.057968 -1.333161
vn -2.646003 1.057819 -1.324254
vn -2.656154 1.05765 -1.334156
vn -2.656138 1.05765 -1.334145
vn -2.646014 1.057736 -1.333669
vn -2.636845 1.057968 -1.333161
vn -2.636845 1.057968 -1.333161
vn -2.645921 1.057821 -1.324211
vn -2.646117 1.057819 -1.324137
vn -2.656154 1.05765 -1.334112
vn -2.656154 1.05765 -1.334112
vn -2.656154 1.05765 -1.334112
vn -2.666157 1.057831 -1.344313
vn -2.657031 1.057975 -1.353339
vn -2.656997 1.057938 -1.352201
vn -2.656997 1.057938 -1.352201
vn -2.666157 1.057831 -1.344313
vn -2.666157 1.057831 -1.344313
vn -2.443421 1.142099 -1.121415
vn -2.443421 1.142099 -1.121415
vn -2.443421 1.142099 -1.121415
vn -2.443402 1.142107 -1.121416
vn -2.443408 1.142101 -1.121424
vn -2.443424 1.142098 -1.121414
vn -2.644042 1.106713 -1.1014
vn -2.644042 1.106713 -1.1014
vn -2.644042 1.106713 -1.1014
vn -2.641251 1.107297 -1.100236
vn -2.646224 1.163677 -1.000694
vn -2.646224 1.163677 -1.000694
vn -2.646224 1.163677 -1.000694
vn -2.64623 1.163572 -1.000843
vn -2.64755 1.163695 -1.000633
vn -2.64755 1.163695 -1.000633
vn -2.367352 1.2267 -1.04537
vn -2.367352 1.2267 -1.04537
vn -2.367352 1.2267 -1.04537
vn -2.367412 1.226614 -1.045433
vn -2.367432 1.226614 -1.045413
vn -2.367412 1.226614 -1.045433
vn -2.367412 1.226614 -1.045433
vn -2.367271 1.226828 -1.045271
vn -2.367247 1.226948 -1.045125
vn -2.862098 1.147846 -1.102617
vn -2.862098 1.147846 -1.102617
vn -2.862098 1.147846 -1.102617
vn -2.862392 1.147798 -1.10298
vn -2.862251 1.14796 -1.102514
vn -2.648196 1.434988 -0.7924578
vn -2.648196 1.434988 -0.7924578
vn -2.648196 1.434988 -0.7924578
vn -2.654691 1.434606 -0.7925445
vn -3.046976 1.487067 -0.9357702
vn -3.046976 1.487067 -0.9357702
vn -3.046976 1.487067 -0.9357702
vn -3.04708 1.485055 -0.9366255
vn -3.047028 1.485012 -0.9365902
vn -3.047028 1.485012 -0.9365902
vn -2.65367 1.390635 -0.8109189
vn -2.65367 1.390635 -0.8109189
vn -2.65367 1.390635 -0.8109189
vn -2.653714 1.39064 -0.8109167
vn -2.417253 1.166691 -1.095212
vn -2.417253 1.166691 -1.095212
vn -2.417253 1.166691 -1.095212
vn -2.416932 1.166989 -1.094949
vn -2.41696 1.166992 -1.094914
vn -2.416643 1.167276 -1.094677
vn -2.268318 1.45395 -0.9463702
vn -2.268318 1.45395 -0.9463701
vn -2.268318 1.45395 -0.9463702
vn -2.268327 1.453948 -0.9463619
vn -2.268358 1.453779 -0.9464101
vn -2.268358 1.453778 -0.9464101
vn -2.606441 1.059901 -1.345774
vn -2.606441 1.059901 -1.345774
vn -2.606441 1.059901 -1.345774
vn -2.656884 1.057651 -1.334874
vn -2.640693 1.058136 -1.315915
vn -2.656884 1.057651 -1.334874
vn -2.656884 1.057651 -1.334874
vn -2.656162 1.05765 -1.334134
vn -2.651106 1.058065 -1.35534
vn -2.649317 1.058246 -1.359379
vn -2.645768 1.059422 -1.378023
vn -2.645768 1.059422 -1.378023
vn -2.645768 1.059422 -1.378023
vn -2.640693 1.058136 -1.315915
vn -2.640693 1.058136 -1.315915
vn -2.638464 1.05827 -1.313797
vn -2.641024 1.058136 -1.315634
vn -2.132884 1.390709 -1.336233
vn -2.132884 1.390709 -1.336233
vn -2.132884 1.390709 -1.336233
vn -2.132923 1.390626 -1.33628
vn -2.92838 1.222123 -1.036217
vn -2.92838 1.222123 -1.036217
vn -2.922081 1.214279 -1.041548
vn -2.92838 1.222123 -1.036217
vn -2.928566 1.222294 -1.036149
vn -2.928566 1.222294 -1.036149
vn -2.367718 1.226227 -1.045675
vn -2.367718 1.226227 -1.045675
vn -2.367718 1.226227 -1.045675
vn -2.367359 1.226693 -1.045373
vn -2.367374 1.226713 -1.045331
vn -2.367179 1.226974 -1.045157
vn -2.24775 1.634782 -0.9257534
vn -2.247749 1.634784 -0.925754
vn -2.24775 1.634782 -0.9257534
vn -2.24775 1.634782 -0.9257534
vn -2.24775 1.634779 -0.9257538
vn -2.247749 1.634784 -0.9257544
vn -2.636905 1.05828 -1.314948
vn -2.636905 1.05828 -1.314948
vn -2.636905 1.05828 -1.314948
vn -2.636889 1.058285 -1.314836
vn -2.636906 1.05828 -1.31495
vn -2.367426 1.226583 -1.045462
vn -2.374345 1.217026 -1.052395
vn -2.367426 1.226583 -1.045462
vn -2.367426 1.226583 -1.045462
vn -2.367442 1.226557 -1.045482
vn -2.360697 1.236365 -1.03867
vn -2.078651 1.636027 -1.333372
vn -2.078651 1.636027 -1.333372
vn -2.078651 1.636027 -1.333372
vn -2.078651 1.636021 -1.333152
vn -2.246683 1.63666 -1.741173
vn -2.246683 1.63666 -1.741174
vn -2.246683 1.63666 -1.741173
vn -2.24668 1.636665 -1.741171
vn -2.246622 1.636667 -1.741112
vn -2.246691 1.63666 -1.741182
vn -2.931496 1.226512 -1.033047
vn -2.931496 1.226512 -1.033047
vn -2.931496 1.226512 -1.033047
vn -2.930616 1.225339 -1.033838
vn -2.930523 1.225395 -1.033676
vn -2.930528 1.225366 -1.033721
vn -2.656683 1.633671 -0.7566515
vn -2.656683 1.633671 -0.7566515
vn -2.656683 1.633671 -0.7566515
vn -2.65679 1.633668 -0.7566517
vn -3.065178 1.63333 -0.9266875
vn -3.065179 1.63333 -0.9266875
vn -3.065334 1.633344 -0.9268436
vn -3.065178 1.63333 -0.9266875
vn -3.065316 1.633334 -0.9268256
vn -3.065321 1.633336 -0.9268308
vn -3.064251 1.635199 -1.742245
vn -3.064251 1.635199 -1.742245
vn -3.064251 1.635199 -1.742245
vn -3.06425 1.635201 -1.742246
vn -3.063883 1.662886 -1.74166
vn -2.94995 1.236758 -1.631203
vn -2.94995 1.236758 -1.631203
vn -2.94995 1.236758 -1.631203
vn -2.936238 1.217485 -1.617691
vn -2.379276 1.228708 -1.636793
vn -2.379276 1.228708 -1.636793
vn -2.379276 1.228708 -1.636793
vn -2.379107 1.228789 -1.636748
vn -2.379107 1.228789 -1.636748
vn -2.379916 1.227695 -1.636016
vn -2.375089 1.234131 -1.640148
vn -2.375089 1.234131 -1.640148
vn -2.375089 1.234131 -1.640148
vn -2.374679 1.23439 -1.64011
vn -2.37504 1.234459 -1.640531
vn -2.368158 1.243854 -1.646225
vn -2.676368 1.058289 -1.351982
vn -2.676368 1.058289 -1.351982
vn -2.676368 1.058289 -1.351982
vn -2.673771 1.058148 -1.350103
vn -2.675892 1.058285 -1.352373
vn -2.428544 1.168923 -1.58771
vn -2.428544 1.168923 -1.58771
vn -2.428544 1.168923 -1.58771
vn -2.427977 1.169145 -1.587611
vn -2.428339 1.169104 -1.587861
vn -2.417669 1.179797 -1.597291
vn -2.271758 1.457198 -1.726528
vn -2.272127 1.455823 -1.726264
vn -2.271759 1.457198 -1.726528
vn -2.271759 1.457198 -1.726528
vn -2.271813 1.457223 -1.726592
vn -2.271751 1.457181 -1.726513
vn -2.263691 1.491596 -1.732575
vn -2.264648 1.489618 -1.732799
vn -2.263691 1.491596 -1.732575
vn -2.263691 1.491596 -1.732575
vn -2.264307 1.491584 -1.733176
vn -2.263762 1.491616 -1.732652
vn -2.449227 1.148707 -1.566589
vn -2.448763 1.14876 -1.566285
vn -2.449414 1.148559 -1.566444
vn -2.449227 1.148707 -1.566589
vn -2.449227 1.148707 -1.566589
vn -2.440222 1.15657 -1.574578
vn -2.376198 1.229242 -1.634674
vn -2.376166 1.229241 -1.634643
vn -2.376099 1.229281 -1.634634
vn -2.376198 1.229242 -1.634674
vn -2.376198 1.229242 -1.634674
vn -2.374754 1.22924 -1.633321
vn -2.372599 1.234299 -1.638066
vn -2.376143 1.229313 -1.634718
vn -2.371965 1.233059 -1.635829
vn -2.543104 1.085541 -1.470683
vn -2.541283 1.085427 -1.468696
vn -2.543255 1.085477 -1.470554
vn -2.543104 1.085541 -1.470683
vn -2.543104 1.085541 -1.470683
vn -2.54124 1.085423 -1.468644
vn -2.534678 1.088509 -1.475285
vn -2.541312 1.085451 -1.468816
vn -2.534696 1.088475 -1.47517
vn -2.541193 1.085487 -1.468863
vn -2.541193 1.085487 -1.468863
vn -2.541246 1.085443 -1.468728
vn -2.534679 1.088438 -1.475012
vn -2.248187 1.636317 -1.742681
vn -2.248187 1.636317 -1.742681
vn -2.248187 1.636317 -1.742681
vn -2.248185 1.636322 -1.742679
vn -2.948293 1.231993 -1.626376
vn -2.948293 1.231993 -1.626376
vn -2.948293 1.231993 -1.626376
vn -2.948257 1.231881 -1.626257
vn -2.948239 1.231889 -1.626286
vn -2.952071 2.04154 -1.050451
vn -2.952071 2.04154 -1.050451
vn -2.952071 2.04154 -1.050451
vn -2.952118 2.041453 -1.050375
vn -2.952029 2.041563 -1.05044
vn -2.951257 2.042675 -1.051232
vn -3.23335 1.634232 -1.333694
vn -3.23335 1.634232 -1.333694
vn -3.23335 1.634232 -1.333694
vn -3.23335 1.634196 -1.333694
vn -3.233347 1.636908 -1.333726
vn -3.06425 1.635185 -1.742247
vn -3.06425 1.635185 -1.742247
vn -3.06425 1.635185 -1.742247
vn -3.064249 1.635185 -1.742248
vn -2.533782 1.084126 -1.211794
vn -2.533803 1.084117 -1.211812
vn -2.533782 1.084126 -1.211794
vn -2.533757 1.084137 -1.211771
vn -2.533656 1.084192 -1.211624
vn -2.533757 1.084137 -1.211771
vn -2.533791 1.084126 -1.211785
vn -2.533757 1.084137 -1.211771
vn -2.53365 1.084202 -1.211583
vn -2.533762 1.084119 -1.211845
vn -2.533768 1.084116 -1.211856
vn -2.533685 1.084178 -1.211659
vn -2.530902 1.071481 -1.3454
vn -2.530902 1.071481 -1.3454
vn -2.530902 1.071481 -1.3454
vn -2.530982 1.071433 -1.343782
vn -2.530904 1.07145 -1.343756
vn -2.530991 1.071426 -1.343531
vn -2.530879 1.071452 -1.34358
vn -2.530962 1.071433 -1.343532
vn -2.322732 1.163627 -1.34255
vn -2.322732 1.163627 -1.34255
vn -2.322732 1.163627 -1.34255
vn -2.322716 1.163661 -1.343731
vn -2.322619 1.163729 -1.343739
vn -2.322604 1.163742 -1.343802
vn -2.114547 1.434658 -1.328947
vn -2.114547 1.434658 -1.328947
vn -2.114547 1.434658 -1.328947
vn -2.114413 1.43496 -1.335184
vn -2.260836 1.489991 -0.9388404
vn -2.260836 1.489991 -0.9388404
vn -2.260836 1.489991 -0.9388404
vn -2.260825 1.490069 -0.9388224
vn -2.260838 1.489986 -0.9388402
vn -2.260838 1.489986 -0.9388402
vn -3.038816 1.450897 -0.9429868
vn -3.038816 1.450897 -0.9429868
vn -3.038816 1.450897 -0.9429868
vn -3.038769 1.450844 -0.9429654
vn -3.039158 1.452294 -0.9426665
vn -2.129853 1.63493 -1.571702
vn -2.129853 1.63493 -1.571702
vn -2.129853 1.63493 -1.571702
vn -2.129837 1.63493 -1.571666
vn -2.342659 2.00509 -1.020657
vn -2.342659 2.00509 -1.020657
vn -2.342659 2.00509 -1.020657
vn -2.342721 2.005202 -1.020727
vn -2.89375 1.63493 -0.8078742
vn -2.89375 1.63493 -0.8078742
vn -2.89375 1.63493 -0.8078742
vn -2.893802 1.634929 -0.8078977
vn -2.342827 1.264639 -1.020809
vn -2.342827 1.264639 -1.020809
vn -2.342827 1.264639 -1.020809
vn -2.342838 1.264599 -1.020846
vn -3.064253 1.635 -0.9257567
vn -3.064253 1.635 -0.9257567
vn -3.064253 1.635 -0.9257567
vn -3.064253 1.635 -0.9257567
vn -2.678384 2.211482 -1.356383
vn -2.678384 2.211482 -1.356383
vn -2.678384 2.211482 -1.356383
vn -2.678384 2.211482 -1.356383
vn -2.633615 1.058518 -1.311615
vn -2.633615 1.058518 -1.311615
vn -2.633615 1.058518 -1.311615
vn -2.633615 1.058518 -1.311615
vn -2.247752 1.635 -1.742248
vn -2.247752 1.635 -1.742248
vn -2.247752 1.635 -1.742248
vn -2.247752 1.635 -1.742249
vn -2.247757 1.6348 -0.9257463
vn -2.247757 1.6348 -0.9257463
vn -2.247757 1.6348 -0.9257463
vn -2.247746 1.634801 -0.9257573
vn -2.247749 1.634797 -0.9257542
vn -2.247749 1.634799 -0.9257539
vn -2.24775 1.634802 -0.9257537
vn -2.247749 1.634804 -0.9257539
vn -2.247749 1.6348 -0.9257541
vn -2.247749 1.6348 -0.925754
vn -2.247749 1.6348 -0.9257541
vn -2.247749 1.634801 -0.9257541
vn -2.655883 2.21235 -1.333883
vn -2.655883 2.21235 -1.333883
vn -2.655883 2.21235 -1.333883
vn -2.655883 2.21235 -1.333883
vn -2.247753 1.635 -1.74225
vn -2.247753 1.635 -1.74225
vn -2.247753 1.635 -1.74225
vn -2.247754 1.635 -1.74225
vn -2.656117 1.05765 -1.334117
vn -2.656117 1.05765 -1.334117
vn -2.656117 1.05765 -1.334117
vn -2.656117 1.05765 -1.334117
vn -3.064247 1.635 -0.9257501
vn -3.064247 1.635 -0.9257501
vn -3.064247 1.635 -0.9257502
vn -3.064246 1.635 -0.9257499
vn -3.066106 1.635199 -1.740381
vn -3.066106 1.635199 -1.740381
vn -3.066106 1.635199 -1.740381
vn -3.066106 1.635199 -1.740381
vn -3.062394 1.6352 -1.744094
vn -3.06425 1.636102 -1.742245
vn -3.062394 1.6352 -1.744094
vn -3.06425 1.636102 -1.742245
vt -0.2641541 0.1160269
vt -0.2695508 0.1213798
vt 0.5633337 0.121092
vt -0.2641541 0.1160269
vt 0.5633337 0.121092
vt 0.5576977 0.1157426
vt 1.089253 0.2408825
vt 1.094409 0.2408844
vt 1.091929 0.2384026
vt 0.2257971 0.3497879
vt 0.2202232 0.3497901
vt 0.2202249 0.3553636
vt 0.2202232 0.3497901
vt 0.2257971 0.3497879
vt 0.2257922 0.3352016
vt 0.2202232 0.3497901
vt 0.2257922 0.3352016
vt 0.2202182 0.3352037
vt -0.1236933 0.3367978
vt -0.1181213 0.3423734
vt -0.1181192 0.3368
vt -0.1181143 0.322213
vt -0.1236885 0.3222111
vt -0.1236933 0.3367978
vt -0.1181143 0.322213
vt -0.1236933 0.3367978
vt -0.1181192 0.3368
vt 0.2257972 0.3369188
vt 0.2202227 0.3369167
vt 0.2202208 0.3424903
vt -0.1181142 0.3353207
vt -0.1236883 0.3353227
vt -0.1236831 0.3499091
vt 0.225802 0.3223321
vt 0.2202281 0.32233
vt 0.2202227 0.3369167
vt 0.225802 0.3223321
vt 0.2202227 0.3369167
vt 0.2257972 0.3369188
vt -0.1236831 0.3499091
vt -0.1181071 0.3554807
vt -0.1181095 0.3499072
vt -0.1181142 0.3353207
vt -0.1236831 0.3499091
vt -0.1181095 0.3499072
vt -0.1236885 0.3222111
vt -0.1181143 0.322213
vt -0.1181125 0.3166388
vt 0.2257922 0.3352016
vt 0.2202159 0.3296294
vt 0.2202182 0.3352037
vt -0.1181161 0.3297465
vt 0.2202182 0.3352037
vt 0.2202159 0.3296294
vt -0.1236883 0.3353227
vt -0.1181142 0.3353207
vt -0.1181161 0.3297465
vt -0.1181161 0.3297465
vt -0.1181142 0.3353207
vt 0.2202182 0.3352037
vt 0.225802 0.3223321
vt 0.2202299 0.3167557
vt 0.2202281 0.32233
vt 1.11041 -0.2937385
vt 1.11041 -0.2984966
vt -0.5284883 -0.2984963
vt -0.5284883 -0.2937384
vt 1.10806 -0.2913903
vt -0.5261387 -0.2913899
vt -0.5262238 -0.2888563
vt 1.108145 -0.2888564
vt 0.7961766 0.06028229
vt -0.2142559 0.06028241
vt 0.7961769 0.8589542
vt -0.5262237 1.193483
vt 1.108145 1.193483
vt -0.2142559 0.8589544
vt 0.557703 0.08882201
vt 0.5633391 0.08347273
vt -0.2695562 0.08318502
vt -0.2641594 0.08853829
vt -0.169278 0.212574
vt -0.1744493 0.2180721
vt 0.9078149 0.2180662
vt 0.9026439 0.2125683
vt 0.9026439 0.2125683
vt -0.1692786 0.195077
vt -0.169278 0.212574
vt 0.9026439 0.1950713
vt 0.5576977 0.1157426
vt -0.26416 0.09899157
vt -0.2641541 0.1160269
vt 0.5576918 0.09870732
vt 0.9042991 0.1863475
vt -0.1761199 0.1808309
vt -0.1709328 0.186342
vt 0.9094856 0.1808364
vt -0.1709328 0.186342
vt 0.9042991 0.2038985
vt 0.9042991 0.1863475
vt -0.1709334 0.203893
vt -0.2641594 0.08853829
vt -0.2641652 0.1055738
vt 0.5576971 0.1058577
vt 0.557703 0.08882201
vt 1.089253 0.2408825
vt 1.091929 0.2384026
vt -0.4788932 0.23786
vt -0.4763294 0.2403421
vt -0.1689329 0.556594
vt -0.1713403 0.5590924
vt 1.571008 0.5590832
vt 1.5686 0.5565848
vt -0.4763509 0.2048911
vt -0.4789149 0.2073729
vt 1.091951 0.2068301
vt 1.089274 0.2043498
vt -0.1181095 0.3499072
vt 0.2202232 0.3497901
vt 0.2202182 0.3352037
vt -0.1181142 0.3353207
vt -0.1181095 0.3499072
vt 0.2202249 0.3553636
vt 0.2202232 0.3497901
vt -0.1181071 0.3554807
vt 1.543109 0.3464254
vt -0.1522752 0.34127
vt -0.1522752 0.3464166
vt 1.543109 0.3412785
vt -0.1467277 0.5558518
vt 1.53756 0.5558517
vt 1.53756 0.5424669
vt -0.1467273 0.5424671
vt 0.2202208 0.3424903
vt -0.1181192 0.3368
vt -0.1181213 0.3423734
vt 0.2202227 0.3369167
vt -0.1522752 0.3464166
vt 1.543107 0.6589314
vt 1.543109 0.3464254
vt -0.1522763 0.6589228
vt -0.1181192 0.3368
vt 0.2202227 0.3369167
vt 0.2202281 0.32233
vt -0.1181143 0.322213
vt 1.543107 0.6640819
vt 1.543107 0.6589314
vt -0.1522763 0.6589228
vt -0.1522764 0.6640729
vt 1.537565 0.5517462
vt -0.1467321 0.5517462
vt -0.1467321 0.5651308
vt 1.537565 0.5651307
vt -0.1522765 0.575421
vt 1.54311 0.5754122
vt 1.543108 0.262905
vt -0.1522778 0.2629145
vt 1.54311 0.5805625
vt 1.54311 0.5754122
vt -0.1522765 0.575421
vt -0.1522762 0.5805714
vt 1.543108 0.262905
vt -0.1522778 0.2577679
vt -0.1522778 0.2629145
vt 1.543108 0.2577584
vt 0.2202281 0.32233
vt 0.2202299 0.3167557
vt -0.1181125 0.3166388
vt -0.1181143 0.322213
vt -0.4789156 0.2422433
vt -0.4732123 0.2422457
vt -0.4732102 0.236927
vt -0.47321 0.2620425
vt -0.4732121 0.2567242
vt -0.4789156 0.2567262
vt 1.091951 0.2068301
vt 1.094431 0.2043479
vt 1.09195 0.2043487
vt 1.091951 0.2068301
vt 1.09195 0.2043487
vt 1.089274 0.2043498
vt 1.751884 -0.1574752
vt 1.747888 -0.1574759
vt 1.750077 -0.1556666
vt 1.751884 -0.1574752
vt 1.750077 -0.1593427
vt 1.747888 -0.1574759
vt -0.07014298 0.3785181
vt -0.06840283 0.3576348
vt -0.07013583 0.357594
vt -0.4437171 -0.1574641
vt -0.4477245 -0.1574631
vt -0.4459146 -0.1556547
vt -0.4437171 -0.1574641
vt -0.4459141 -0.1593616
vt -0.4477245 -0.1574631
vt 0.1887244 0.3701457
vt 0.186995 0.370106
vt 0.186996 0.3718362
vt -0.06840998 0.3785584
vt -0.07014298 0.3785181
vt -0.06841034 0.3802918
vt -0.06840998 0.3785584
vt -0.06841034 0.3802918
vt 0.1872365 0.3862534
vt -0.06840998 0.3785584
vt 0.1872365 0.3862534
vt 0.1872365 0.3845295
vt -0.07014298 0.3785181
vt -0.06840998 0.3785584
vt -0.06840283 0.3576348
vt 0.1869884 0.3492251
vt 0.1851728 0.3474903
vt -0.06678075 0.3408869
vt 1.657355 -0.1526287
vt -0.367718 -0.1667165
vt -0.3523747 -0.1658805
vt 1.657355 -0.1526287
vt 1.672698 -0.154319
vt -0.367718 -0.1667165
vt 1.655149 -0.1526287
vt -0.3523747 -0.1658805
vt 1.666639 -0.1571629
vt -0.3537317 -0.1438258
vt -0.3515204 -0.1438257
vt 0.1218405 0.4428601
vt -0.03219759 0.43984
vt 0.1262065 0.4455567
vt -0.2424078 -0.04447317
vt -0.240463 -0.04250818
vt -0.2387472 -0.04478198
vt -0.2424078 -0.04447317
vt -0.2387472 -0.04478198
vt -0.2401197 -0.04911548
vt -0.03249872 0.3836706
vt 0.1081997 0.3910872
vt 0.1031356 0.3892199
vt -0.03417563 0.3836019
vt -0.03243589 0.3854567
vt -0.03417534 0.3853873
vt -0.03249872 0.3836706
vt -0.03243589 0.3854567
vt 0.1081997 0.3910872
vt 1.604475 -0.04251802
vt 1.604165 -0.04910069
vt 1.602768 -0.04479216
vt 1.604475 -0.04251802
vt 1.606417 -0.04443751
vt 1.604165 -0.04910069
vt -0.2282359 -0.06214854
vt -0.2299617 -0.06387901
vt -0.2316668 -0.06268582
vt -0.2282359 -0.06214854
vt -0.2316668 -0.06268582
vt -0.2290106 -0.06041712
vt 0.02328652 0.4908984
vt 0.02158254 0.4908179
vt 0.01987839 0.4925241
vt 1.594059 -0.06388868
vt 1.593085 -0.06042691
vt 1.595776 -0.06264177
vt 0.02330965 0.429911
vt 0.0233084 0.428206
vt 0.02160537 0.4298287
vt 0.1320387 0.4592592
vt 0.130335 0.4574752
vt 0.1303336 0.4591805
vt -0.2029081 -0.1041325
vt 1.570251 -0.1127987
vt 1.571926 -0.1145344
vt 1.575058 -0.1016523
vt 1.575061 -0.1032929
vt -0.2052402 -0.1032868
vt -0.2052402 -0.1032868
vt 1.574796 0.003666594
vt 1.575058 -0.1016523
vt 1.733561 -0.1744995
vt 1.749782 -0.4242744
vt 1.73327 -0.4242745
vt -0.06661326 0.3559067
vt 0.1872437 0.3636062
vt 0.1872444 0.3618725
vt 0.1872444 0.3618725
vt 0.1872437 0.3636062
vt 0.1889765 0.3636365
vt 0.1872444 0.3618725
vt 0.1889765 0.3636365
vt 0.1889774 0.3619034
vt -0.06661326 0.3559067
vt -0.06840283 0.3576348
vt 0.1872437 0.3636062
vt 0.1872365 0.3845295
vt 0.1889765 0.3636365
vt 0.1872437 0.3636062
vt 1.749782 -0.4242744
vt 1.74978 -0.4260831
vt 1.733267 -0.426082
vt 0.1872365 0.3845295
vt 0.1889696 0.3845606
vt 0.1889765 0.3636365
vt 0.1872365 0.3845295
vt 0.1872365 0.3862534
vt 0.1889696 0.3845606
vt -0.370866 -0.09957248
vt 1.675497 -0.09788015
vt 1.675495 -0.09956583
vt -0.370866 -0.09957248
vt -0.3708641 -0.09788677
vt 1.675497 -0.09788015
vt -0.06813842 0.3643159
vt -0.06986839 0.3642871
vt -0.06813806 0.3660557
vt -0.3677764 -0.1574161
vt -0.3677675 -0.1548896
vt 1.672789 -0.1672885
vt -0.3677764 -0.1574161
vt 1.672789 -0.1672885
vt 1.672785 -0.1689695
vt 0 0
vt 0 0
vt 0 0
vt 0.086097 0.5034613
vt 0.08797693 0.5053686
vt 0.09190589 0.5015557
vt 1.633448 -0.2704057
vt 1.631419 -0.2765928
vt 1.629394 -0.2746436
vt 0 0
vt 0 0
vt 0 0
vt 0 0
vt 0 0
vt 0 0
vt 0 0
vt 0 0
vt 0 0
vt 1.730893 -0.4260821
vt 1.729181 -0.4260828
vt 1.730906 -0.4242744
vt -0.03243589 0.3854567
vt -0.03417534 0.3853873
vt -0.03417456 0.3875021
vt 1.081008 0.277363
vt -0.4732123 0.2422457
vt -0.4732245 0.2768261
vt 1.08102 0.2427823
vt 1.088324 0.2427846
vt 1.088312 0.2773655
vt -0.478927 0.2768243
vt -0.4732245 0.2768261
vt -0.4732123 0.2422457
vt -0.4789156 0.2422433
vt 1.563775 0.01549235
vt 1.563776 -0.0191842
vt -0.1731957 -0.01919326
vt -0.173196 0.01548329
vt -0.4732102 0.236927
vt -0.4732123 0.2422457
vt 1.08102 0.2427823
vt 1.081022 0.2374637
vt 1.088326 0.2374662
vt 1.088324 0.2427846
vt -0.4789156 0.2567262
vt -0.4732242 0.2221435
vt -0.478927 0.2221453
vt -0.4732121 0.2567242
vt 1.08102 0.2561868
vt -0.4732242 0.2221435
vt -0.4732121 0.2567242
vt 1.081008 0.221606
vt 1.088312 0.2216035
vt 1.088324 0.256184
vt 1.563776 -0.0191842
vt 1.563775 -0.02451516
vt -0.173196 -0.0245243
vt -0.1731957 -0.01919326
vt 1.081021 0.2615053
vt -0.4732121 0.2567242
vt -0.47321 0.2620425
vt 1.08102 0.2561868
vt 1.088324 0.256184
vt 1.088326 0.2615028
vt -0.1285293 -0.5619853
vt -0.1285292 -0.5690919
vt -0.1473855 -0.5690919
vt -0.1473853 -0.5619853
vt -0.1473854 0.9502233
vt -0.128529 0.9300033
vt 1.537964 0.9502228
vt 1.519109 0.930003
vt 1.537965 -0.5619857
vt 1.519109 -0.5619857
vt 1.519109 -0.5690925
vt 1.537964 -0.5690925
vt 1.091936 0.2212212
vt -0.4838313 0.215892
vt -0.4788868 0.2206786
vt 1.091937 0.2164358
vt 1.099441 0.2212236
vt 1.099443 0.2164387
vt -0.1713403 0.5763869
vt -0.1759833 0.5812054
vt 1.57565 0.5811966
vt 1.571008 0.5763777
vt -0.4789087 0.2245545
vt -0.4838532 0.2293422
vt 1.091959 0.2287972
vt 1.091957 0.2240119
vt 1.099465 0.2287941
vt 1.099463 0.2240091
vt 1.571008 0.5763777
vt -0.1713403 0.5590924
vt -0.1713403 0.5763869
vt 1.571008 0.5590832
vt 1.091957 0.2240119
vt -0.4789149 0.2073729
vt -0.4789087 0.2245545
vt 1.091951 0.2068301
vt 1.099463 0.2240091
vt 1.099456 0.2043461
vt 1.094431 0.2043479
vt -0.4788868 0.2206786
vt -0.4788932 0.23786
vt 1.091929 0.2384026
vt 1.091936 0.2212212
vt 1.099434 0.2408862
vt 1.099441 0.2212236
vt 1.094409 0.2408844
vt -0.03218865 0.4405671
vt -0.03415573 0.4404961
vt -0.034141 0.4831334
vt -0.03219759 0.43984
vt -0.03415632 0.4397691
vt 0.1262065 0.4455567
vt 0.1269374 0.4462882
vt -0.03218865 0.4405671
vt -0.034141 0.4831334
vt -0.03165048 0.4832071
vt 0.1269374 0.4462882
vt 0.1698028 0.4891756
vt -0.4225522 -0.1811789
vt -0.3710738 -0.2286334
vt -0.3731058 -0.2306839
vt -0.4205189 -0.1791309
vt -0.4247853 -0.1789427
vt -0.4227523 -0.1768952
vt -0.4270341 -0.1766911
vt -0.4250008 -0.1746436
vt -0.3732599 -0.4236949
vt -0.3732619 -0.4260812
vt -0.4227943 -0.4260755
vt -0.4227912 -0.423085
vt -0.3731058 -0.2306839
vt -0.4250317 -0.4260752
vt -0.4225522 -0.1811789
vt -0.4250287 -0.4230574
vt -0.4272844 -0.4260751
vt -0.4247853 -0.1789427
vt -0.4272814 -0.4230295
vt -0.4270341 -0.1766911
vt 0.6520852 -0.1574946
vt 1.750077 -0.1556666
vt 1.747888 -0.1574759
vt 0.6520813 -0.1556851
vt -0.4437171 -0.1574641
vt -0.4459146 -0.1556547
vt 0.6525018 -0.1950524
vt 1.672766 -0.1747607
vt 1.672812 -0.1950526
vt 0.6524556 -0.1747606
vt -0.3678085 -0.1950523
vt -0.367854 -0.1747605
vt 0.6525726 -0.3481727
vt -0.3706244 -0.3498855
vt -0.37063 -0.3482009
vt 0.6525763 -0.3498575
vt 1.675771 -0.3481907
vt 1.675777 -0.3498752
vt 0.186995 0.370106
vt 0.1887244 0.3701457
vt 0.1887175 0.349264
vt 0.1869884 0.3492251
vt -0.06502956 0.3435057
vt 0.186995 0.370106
vt 0.1869884 0.3492251
vt -0.06502241 0.3643866
vt 1.675495 -0.09956583
vt 1.675771 -0.3481907
vt 0.6525726 -0.3481727
vt -0.370866 -0.09957248
vt -0.37063 -0.3482009
vt 0.1869884 0.3492251
vt -0.06678075 0.3408869
vt -0.06502956 0.3435057
vt -0.0698958 0.3408055
vt -0.06814498 0.3434349
vt -0.06814498 0.3434349
vt -0.06502241 0.3643866
vt -0.06502956 0.3435057
vt -0.06813842 0.3643159
vt -0.4296492 -0.426075
vt -0.446162 -0.4260961
vt -0.4461589 -0.4228385
vt -0.4296462 -0.4230032
vt -0.4459141 -0.1593616
vt -0.4437171 -0.1574641
vt -0.4273653 -0.1724735
vt 0.6520852 -0.1574946
vt -0.4293985 -0.1745215
vt -0.4296462 -0.4230032
vt 0.6520836 -0.1725018
vt 1.747888 -0.1574759
vt -0.4250008 -0.1746436
vt -0.4270341 -0.1766911
vt -0.4272814 -0.4230295
vt -0.4272844 -0.4260751
vt -0.4296492 -0.426075
vt 0.6520836 -0.1746713
vt 1.731533 -0.1724853
vt 1.729168 -0.1746554
vt 1.731197 -0.1766696
vt 1.733561 -0.1744995
vt 1.750077 -0.1593427
vt 1.749782 -0.4242744
vt 1.73327 -0.4242745
vt 1.730906 -0.4242744
vt 0.6520831 -0.2746462
vt -0.3252282 -0.2746328
vt -0.3292826 -0.2703952
vt 0.6520828 -0.2704088
vt 1.633448 -0.2704057
vt 1.629394 -0.2746436
vt -0.3313117 -0.2724534
vt -0.3292826 -0.2703952
vt -0.3252282 -0.2746328
vt -0.3272518 -0.2766365
vt -0.3320132 -0.2717533
vt -0.3292826 -0.2703952
vt -0.3313117 -0.2724534
vt -0.3299833 -0.2696946
vt -0.3731058 -0.2306839
vt -0.3710738 -0.2286334
vt 0.6520828 -0.2704088
vt -0.3292826 -0.2703952
vt -0.3299833 -0.2696946
vt 0.6520828 -0.2697077
vt -0.3710738 -0.2286334
vt 0.6520828 -0.2286031
vt 1.675239 -0.2286445
vt 1.634148 -0.2697057
vt 1.633448 -0.2704057
vt 0.1218405 0.4428601
vt -0.03149444 0.4371645
vt -0.03219759 0.43984
vt -0.03415632 0.4397691
vt -0.03339005 0.4370945
vt 0.1218405 0.4428601
vt 0.1239317 0.4429368
vt 0.1110436 0.3932684
vt 0.1088998 0.3932053
vt 0.1088998 0.3932053
vt -0.03149444 0.4371645
vt 0.1218405 0.4428601
vt -0.03242707 0.3875721
vt -0.03339005 0.4370945
vt -0.03417456 0.3875021
vt 0.1088998 0.3932053
vt 0.1110436 0.3932684
vt 0.1103432 0.3911494
vt 0.1081997 0.3910872
vt -0.2387472 -0.04478198
vt -0.240463 -0.04250818
vt 0.6820058 -0.04251347
vt 0.6820059 -0.04478742
vt 1.604475 -0.04251802
vt 1.602768 -0.04479216
vt 0.6795081 -0.1606976
vt -0.2314733 -0.1606976
vt -0.2321067 -0.1587793
vt 0.6795081 -0.1587794
vt 1.591123 -0.1587794
vt 1.59049 -0.1606978
vt -0.2313643 -0.1735359
vt -0.2401197 -0.04911548
vt -0.2316668 -0.06268582
vt -0.2290106 -0.06041712
vt -0.2401197 -0.04911548
vt -0.2387472 -0.04478198
vt 0.6820059 -0.04478742
vt 0.6820061 -0.06042212
vt 1.602768 -0.04479216
vt 1.593085 -0.06042691
vt 1.595776 -0.06264177
vt 1.604165 -0.04910069
vt 1.604486 -0.1730621
vt -0.2313643 -0.1735359
vt -0.2397587 -0.17345
vt -0.2313605 -0.1749062
vt -0.2397541 -0.1749872
vt 0.02488822 0.3578453
vt 0.02766442 0.3558044
vt 0.02558428 0.35574
vt 0.02696794 0.3579099
vt 0.02227098 0.5151213
vt 0.1315318 0.5218148
vt 0.1303566 0.5201865
vt 0.0223645 0.5167665
vt 0.02093482 0.5150587
vt 0.02101517 0.5167043
vt -0.2282359 -0.06214854
vt -0.2290106 -0.06041712
vt 0.6820061 -0.06042212
vt 0.6820108 -0.06215303
vt 1.593085 -0.06042691
vt 1.592323 -0.06215798
vt 1.569282 0.007698589
vt 1.569456 -0.05246684
vt 0.6853459 -0.05243349
vt 0.6851721 0.007731915
vt -0.1987 -0.05240011
vt -0.1988736 0.007765204
vt -0.2052436 -0.1019805
vt -0.2055354 0.003676414
vt 0.6845937 0.003669858
vt -0.2052402 -0.1032868
vt 1.574796 0.003666594
vt 1.574787 0.00535797
vt 1.574796 0.003666594
vt 0.6845937 0.003669858
vt 0.6845886 0.005362615
vt -0.2055354 0.003676414
vt -0.2055451 0.005367637
vt 0.02330965 0.429911
vt 0.02160537 0.4298287
vt 0.02158254 0.4908179
vt 0.02328652 0.4908984
vt 0.1309927 0.4960275
vt 0.02330965 0.429911
vt 0.02328652 0.4908984
vt 0.1310142 0.4350402
vt 0.1326711 0.4961075
vt 0.1326919 0.4351202
vt 0.02393132 0.4524987
vt 0.1303336 0.4591805
vt 0.130335 0.4574752
vt 0.02225 0.4541152
vt 0.02261561 0.4524369
vt 0.02091402 0.4540527
vt 0.1320387 0.4592592
vt 0.1303336 0.4591805
vt 0.1303566 0.5201865
vt 0.1320608 0.5202672
vt 0.02227098 0.5151213
vt 0.02091402 0.4540527
vt 0.02093482 0.5150587
vt 0.02225 0.4541152
vt 0.1303566 0.5201865
vt 0.1303336 0.4591805
vt -0.2012515 -0.1025102
vt -0.2010781 -0.04234606
vt 1.570424 -0.05263474
vt 1.570251 -0.1127987
vt -0.2029081 -0.1041325
vt -0.2069327 -0.1049767
vt 1.575061 -0.1032929
vt 1.576754 -0.1049827
vt -0.2052402 -0.1032868
vt 0.1326919 0.4351202
vt 0.1309907 0.4333246
vt 0.1293389 0.4332462
vt 0.1310142 0.4350402
vt 0.0233084 0.428206
vt 0.02330965 0.429911
vt 0.1326703 0.4978672
vt 0.1326711 0.4961075
vt 0.1309927 0.4960275
vt 0.1309736 0.4977875
vt 0.02328652 0.4908984
vt 0.02205873 0.4926786
vt 1.596056 -0.1732698
vt 1.604491 -0.1749933
vt 1.596061 -0.1749934
vt 1.604486 -0.1730621
vt 1.595776 -0.06264177
vt 0.1691401 0.3615768
vt 0.1691408 0.3597852
vt 0.1670485 0.3596983
vt 0.1669705 0.3614883
vt 0.03271741 0.3540991
vt 0.02766442 0.3558044
vt 0.02766442 0.3558044
vt 0.02696794 0.3579099
vt 0.1669587 0.3635973
vt 0.1669705 0.3614883
vt 0.1691395 0.3636854
vt 0.1691401 0.3615768
vt 0.02696794 0.3579099
vt 0.01410699 0.4072599
vt 0.1659946 0.4130089
vt 0.1669587 0.3635973
vt 0.1683607 0.4130986
vt 0.1691395 0.3636854
vt 0.1659946 0.4130089
vt 0.1691219 0.415804
vt 0.1683607 0.4130986
vt 0.1666772 0.4157146
vt 0.01410699 0.4072599
vt 0.009768486 0.4099405
vt 0.1666772 0.4157146
vt 0.1691213 0.4165345
vt 0.1691219 0.415804
vt 0.1666656 0.4164445
vt 0.009768486 0.4099405
vt 0.1691067 0.4593809
vt 0.009042442 0.4106666
vt 0.1659986 0.4592868
vt -0.03352195 0.4532425
vt 1.67708 -0.4230902
vt 1.72643 -0.426083
vt 1.677076 -0.4260883
vt 1.726434 -0.4223259
vt 1.677269 -0.2306551
vt 1.728659 -0.426083
vt 1.726714 -0.1811566
vt 1.728663 -0.4222912
vt 1.728947 -0.178921
vt 1.729181 -0.4260828
vt 1.728659 -0.426083
vt 1.730906 -0.4242744
vt 1.731197 -0.1766696
vt -0.06840283 0.3576348
vt 0.1872365 0.3845295
vt 0.1872437 0.3636062
vt -0.06840998 0.3785584
vt 1.73327 -0.4242745
vt 1.730893 -0.4260821
vt 1.730906 -0.4242744
vt 1.733267 -0.426082
vt 1.749782 -0.4242744
vt -0.06502241 0.3661265
vt -0.06813842 0.3643159
vt -0.06813806 0.3660557
vt -0.06502241 0.3643866
vt 0.186996 0.3718362
vt 0.186995 0.370106
vt -0.06814498 0.3434349
vt -0.06986839 0.3642871
vt -0.06813842 0.3643159
vt -0.06987524 0.343405
vt -0.0698958 0.3408055
vt 1.672785 -0.1689695
vt -0.3678223 -0.1777076
vt -0.3677764 -0.1574161
vt 1.67274 -0.1892611
vt 0.6520828 -0.2286031
vt 1.724686 -0.1791427
vt 1.675239 -0.2286445
vt 0.6520832 -0.1791541
vt 1.726919 -0.1769065
vt -0.4205189 -0.1791309
vt -0.3710738 -0.2286334
vt -0.4227523 -0.1768952
vt 0.6520832 -0.1769205
vt 1.729168 -0.1746554
vt -0.4250008 -0.1746436
vt 0.6520836 -0.1746713
vt 1.724686 -0.1791427
vt 1.677269 -0.2306551
vt 1.675239 -0.2286445
vt 1.726714 -0.1811566
vt 1.726919 -0.1769065
vt 1.728947 -0.178921
vt 1.729168 -0.1746554
vt 1.731197 -0.1766696
vt 1.675239 -0.2286445
vt 1.677269 -0.2306551
vt 1.63618 -0.2717081
vt 1.634148 -0.2697057
vt 1.63548 -0.2724082
vt 1.633448 -0.2704057
vt 0.01208586 0.407184
vt 0.01410699 0.4072599
vt 0.02696794 0.3579099
vt 0.02488822 0.3578453
vt 0.6795081 -0.1587794
vt 1.602941 -0.1138159
vt 1.591123 -0.1587794
vt 0.6795087 -0.1138158
vt -0.2439234 -0.1138157
vt -0.2321067 -0.1587793
vt -0.03243589 0.3854567
vt -0.03417456 0.3875021
vt -0.03242707 0.3875721
vt 0.1081997 0.3910872
vt 0.1088998 0.3932053
vt 0.5546664 0.1083891
vt -0.2641652 0.1055738
vt -0.2611353 0.1081076
vt 0.5576971 0.1058577
vt 0.9033139 0.2065068
vt -0.1709334 0.203893
vt -0.169948 0.2065011
vt 0.9042991 0.2038985
vt -0.2611306 0.09645766
vt 0.5576918 0.09870732
vt 0.5546612 0.09617555
vt -0.26416 0.09899157
vt -0.1682963 0.1924746
vt -0.1692786 0.195077
vt 0.9026439 0.1950713
vt 0.9016623 0.1924689
vt 0.3070813 0.3173088
vt 0.3085555 0.2904604
vt -0.2666615 0.290659
vt -0.268136 0.3175077
vt -0.3365318 0.05669254
vt -0.3365318 0.0835622
vt 0.5977958 0.08356631
vt 0.5977954 0.05669737
vt 0.5977942 0.09655201
vt 0.5977942 0.0696829
vt -0.3365301 0.06968802
vt -0.3365301 0.09655738
vt -0.2681388 0.3034509
vt -0.2666644 0.3302999
vt 0.3085582 0.3304986
vt 0.307084 0.3036491
vt 0.50395 0.2539006
vt 0.5366122 0.3574297
vt 0.5366112 -0.4248515
vt 0.5039496 -0.3213217
vt -0.4296697 0.2539008
vt -0.4623317 -0.4248512
vt -0.4623317 0.3574299
vt -0.4296702 -0.3213215
vt 0.7831538 -0.476616
vt -0.2190477 -0.4766157
vt -0.2190475 0.3007886
vt 0.783154 0.3007884
vt -0.1334251 -0.03071427
vt -0.133427 0.3168488
vt 0.8687747 0.3168542
vt 0.8687758 -0.03070843
vt -0.2411934 -0.01315016
vt -0.2412928 0.3344122
vt 0.5361111 0.3346812
vt 0.5362105 -0.0128817
vt 0.8687756 0.2272512
vt 0.8687739 -0.1203113
vt -0.1334267 -0.1203054
vt -0.1334256 0.2272574
vt 0.3847672 0.4253468
vt 0.3846675 0.07778424
vt -0.3927372 0.07805306
vt -0.3926371 0.4256156
vt 0.5378494 -0.6161903
vt 0.5035597 -0.5136155
vt 0.5035597 0.06160772
vt 0.5378491 0.1612151
vt -0.4643539 -0.61619
vt -0.4300624 0.0616079
vt -0.4300621 -0.5136152
vt -0.4643536 0.1612153
usemtl CeramicTiles3
f 866/866/866 865/865/865 864/864/864
f 869/869/869 868/868/868 867/867/867
f 872/872/872 871/871/871 870/870/870
f 875/875/875 874/874/874 873/873/873
f 878/878/878 877/877/877 876/876/876
f 881/881/881 880/880/880 879/879/879
f 884/884/884 883/883/883 882/882/882
f 887/887/887 886/886/886 885/885/885
f 890/890/890 889/889/889 888/888/888
f 893/893/893 892/892/892 891/891/891
f 896/896/896 895/895/895 894/894/894
f 899/899/899 898/898/898 897/897/897
f 902/902/902 901/901/901 900/900/900
f 905/905/905 904/904/904 903/903/903
f 908/908/908 907/907/907 906/906/906
f 911/911/911 910/910/910 909/909/909
f 914/914/914 913/913/913 912/912/912
f 917/917/917 916/916/916 915/915/915
f 920/920/920 919/919/919 918/918/918
f 923/923/923 922/922/922 921/921/921
f 926/926/926 925/925/925 924/924/924
f 929/929/929 928/928/928 927/927/927
f 927/927/927 930/930/930 929/929/929
f 927/927/927 931/931/931 930/930/930
f 931/931/931 932/932/932 930/930/930
f 930/930/930 932/932/932 933/933/933
f 932/932/932 931/931/931 934/934/934
f 934/934/934 933/933/933 932/932/932
f 934/934/934 935/935/935 933/933/933
f 935/935/935 936/936/936 933/933/933
f 935/935/935 934/934/934 937/937/937
f 938/938/938 933/933/933 936/936/936
f 934/934/934 939/939/939 937/937/937
f 940/940/940 938/938/938 936/936/936
f 937/937/937 939/939/939 940/940/940
f 939/939/939 938/938/938 940/940/940
f 943/943/943 942/942/942 941/941/941
f 944/944/944 943/943/943 941/941/941
f 947/947/947 946/946/946 945/945/945
f 948/948/948 947/947/947 945/945/945
f 951/951/951 950/950/950 949/949/949
f 950/950/950 952/952/952 949/949/949
f 955/955/955 954/954/954 953/953/953
f 954/954/954 956/956/956 953/953/953
f 959/959/959 958/958/958 957/957/957
f 958/958/958 960/960/960 957/957/957
f 963/963/963 962/962/962 961/961/961
f 962/962/962 964/964/964 961/961/961
f 967/967/967 966/966/966 965/965/965
f 968/968/968 967/967/967 965/965/965
f 971/971/971 970/970/970 969/969/969
f 972/972/972 971/971/971 969/969/969
f 975/975/975 974/974/974 973/973/973
f 976/976/976 975/975/975 973/973/973
f 979/979/979 978/978/978 977/977/977
f 980/980/980 979/979/979 977/977/977
f 983/983/983 982/982/982 981/981/981
f 984/984/984 983/983/983 981/981/981
f 987/987/987 986/986/986 985/985/985
f 986/986/986 988/988/988 985/985/985
f 991/991/991 990/990/990 989/989/989
f 990/990/990 992/992/992 989/989/989
f 995/995/995 994/994/994 993/993/993
f 996/996/996 995/995/995 993/993/993
f 999/999/999 998/998/998 997/997/997
f 998/998/998 1000/1000/1000 997/997/997
f 1003/1003/1003 1002/1002/1002 1001/1001/1001
f 1002/1002/1002 1004/1004/1004 1001/1001/1001
f 1007/1007/1007 1006/1006/1006 1005/1005/1005
f 1008/1008/1008 1007/1007/1007 1005/1005/1005
f 1011/1011/1011 1010/1010/1010 1009/1009/1009
f 1012/1012/1012 1011/1011/1011 1009/1009/1009
f 1015/1015/1015 1014/1014/1014 1013/1013/1013
f 1016/1016/1016 1015/1015/1015 1013/1013/1013
f 1019/1019/1019 1018/1018/1018 1017/1017/1017
f 1020/1020/1020 1019/1019/1019 1017/1017/1017
f 1023/1023/1023 1022/1022/1022 1021/1021/1021
f 1024/1024/1024 1023/1023/1023 1021/1021/1021
f 1027/1027/1027 1026/1026/1026 1025/1025/1025
f 1026/1026/1026 1028/1028/1028 1025/1025/1025
f 1031/1031/1031 1030/1030/1030 1029/1029/1029
f 1032/1032/1032 1031/1031/1031 1029/1029/1029
usemtl Cream_wood
f 1035/1035/1035 1034/1034/1034 1033/1033/1033
f 1038/1038/1038 1037/1037/1037 1036/1036/1036
f 1041/1041/1041 1040/1040/1040 1039/1039/1039
f 1044/1044/1044 1043/1043/1043 1042/1042/1042
f 1047/1047/1047 1046/1046/1046 1045/1045/1045
f 1050/1050/1050 1049/1049/1049 1048/1048/1048
f 1053/1053/1053 1052/1052/1052 1051/1051/1051
f 1056/1056/1056 1055/1055/1055 1054/1054/1054
f 1059/1059/1059 1058/1058/1058 1057/1057/1057
f 1062/1062/1062 1061/1061/1061 1060/1060/1060
f 1065/1065/1065 1064/1064/1064 1063/1063/1063
f 1068/1068/1068 1067/1067/1067 1066/1066/1066
f 1071/1071/1071 1070/1070/1070 1069/1069/1069
f 1074/1074/1074 1073/1073/1073 1072/1072/1072
f 1077/1077/1077 1076/1076/1076 1075/1075/1075
f 1080/1080/1080 1079/1079/1079 1078/1078/1078
f 1083/1083/1083 1082/1082/1082 1081/1081/1081
f 1085/1085/1085 1081/1081/1081 1084/1084/1084
f 1088/1088/1088 1087/1087/1087 1086/1086/1086
f 1091/1091/1091 1090/1090/1090 1089/1089/1089
f 1094/1094/1094 1093/1093/1093 1092/1092/1092
f 1097/1097/1097 1096/1096/1096 1095/1095/1095
f 1100/1100/1100 1099/1099/1099 1098/1098/1098
f 1098/1098/1098 1102/1102/1102 1101/1101/1101
f 1102/1102/1102 1103/1103/1103 1101/1101/1101
f 1106/1106/1106 1105/1105/1105 1104/1104/1104
f 1109/1109/1109 1108/1108/1108 1107/1107/1107
f 1112/1112/1112 1111/1111/1111 1110/1110/1110
f 1115/1115/1115 1114/1114/1114 1113/1113/1113
f 1118/1118/1118 1117/1117/1117 1116/1116/1116
f 1121/1121/1121 1120/1120/1120 1119/1119/1119
f 1124/1124/1124 1123/1123/1123 1122/1122/1122
f 1127/1127/1127 1126/1126/1126 1125/1125/1125
f 1130/1130/1130 1129/1129/1129 1128/1128/1128
f 1133/1133/1133 1132/1132/1132 1131/1131/1131
f 1136/1136/1136 1135/1135/1135 1134/1134/1134
f 1139/1139/1139 1138/1138/1138 1137/1137/1137
f 1142/1142/1142 1141/1141/1141 1140/1140/1140
f 1145/1145/1145 1144/1144/1144 1143/1143/1143
f 1148/1148/1148 1147/1147/1147 1146/1146/1146
f 1151/1151/1151 1150/1150/1150 1149/1149/1149
f 1154/1154/1154 1153/1153/1153 1152/1152/1152
f 1157/1157/1157 1156/1156/1156 1155/1155/1155
f 1160/1160/1160 1159/1159/1159 1158/1158/1158
f 1163/1163/1163 1162/1162/1162 1161/1161/1161
f 1166/1166/1166 1165/1165/1165 1164/1164/1164
f 1169/1169/1169 1168/1168/1168 1167/1167/1167
f 1172/1172/1172 1171/1171/1171 1170/1170/1170
f 1175/1175/1175 1174/1174/1174 1173/1173/1173
f 1178/1178/1178 1177/1177/1177 1176/1176/1176
f 1181/1181/1181 1180/1180/1180 1179/1179/1179
f 1184/1184/1184 1183/1183/1183 1182/1182/1182
f 1187/1187/1187 1186/1186/1186 1185/1185/1185
f 1190/1190/1190 1189/1189/1189 1188/1188/1188
f 1193/1193/1193 1192/1192/1192 1191/1191/1191
f 1196/1196/1196 1195/1195/1195 1194/1194/1194
f 1199/1199/1199 1198/1198/1198 1197/1197/1197
f 1202/1202/1202 1201/1201/1201 1200/1200/1200
f 1205/1205/1205 1204/1204/1204 1203/1203/1203
f 1208/1208/1208 1207/1207/1207 1206/1206/1206
f 1207/1207/1207 1209/1209/1209 1206/1206/1206
f 1209/1209/1209 1210/1210/1210 1206/1206/1206
f 1210/1210/1210 1211/1211/1211 1206/1206/1206
f 1214/1214/1214 1213/1213/1213 1212/1212/1212
f 1215/1215/1215 1214/1214/1214 1212/1212/1212
f 1218/1218/1218 1217/1217/1217 1216/1216/1216
f 1219/1219/1219 1218/1218/1218 1216/1216/1216
f 1222/1222/1222 1221/1221/1221 1220/1220/1220
f 1223/1223/1223 1222/1222/1222 1220/1220/1220
f 1223/1223/1223 1224/1224/1224 1222/1222/1222
f 1224/1224/1224 1225/1225/1225 1222/1222/1222
f 1228/1228/1228 1227/1227/1227 1226/1226/1226
f 1227/1227/1227 1229/1229/1229 1226/1226/1226
f 1232/1232/1232 1231/1231/1231 1230/1230/1230
f 1231/1231/1231 1233/1233/1233 1230/1230/1230
f 1233/1233/1233 1234/1234/1234 1230/1230/1230
f 1234/1234/1234 1235/1235/1235 1230/1230/1230
f 1238/1238/1238 1237/1237/1237 1236/1236/1236
f 1239/1239/1239 1238/1238/1238 1236/1236/1236
f 1242/1242/1242 1241/1241/1241 1240/1240/1240
f 1241/1241/1241 1243/1243/1243 1240/1240/1240
f 1243/1243/1243 1244/1244/1244 1240/1240/1240
f 1244/1244/1244 1245/1245/1245 1240/1240/1240
f 1248/1248/1248 1247/1247/1247 1246/1246/1246
f 1249/1249/1249 1248/1248/1248 1246/1246/1246
f 1250/1250/1250 1249/1249/1249 1246/1246/1246
f 1251/1251/1251 1250/1250/1250 1246/1246/1246
f 1252/1252/1252 1250/1250/1250 1251/1251/1251
f 1253/1253/1253 1252/1252/1252 1251/1251/1251
f 1254/1254/1254 1252/1252/1252 1253/1253/1253
f 1255/1255/1255 1254/1254/1254 1253/1253/1253
f 1255/1255/1255 1256/1256/1256 1254/1254/1254
f 1256/1256/1256 1257/1257/1257 1254/1254/1254
f 1260/1260/1260 1259/1259/1259 1258/1258/1258
f 1259/1259/1259 1261/1261/1261 1258/1258/1258
f 1258/1258/1258 1261/1261/1261 1262/1262/1262
f 1261/1261/1261 1263/1263/1263 1262/1262/1262
f 1266/1266/1266 1265/1265/1265 1264/1264/1264
f 1267/1267/1267 1266/1266/1266 1264/1264/1264
f 1270/1270/1270 1269/1269/1269 1268/1268/1268
f 1271/1271/1271 1270/1270/1270 1268/1268/1268
f 1272/1272/1272 1270/1270/1270 1271/1271/1271
f 1273/1273/1273 1272/1272/1272 1271/1271/1271
f 1276/1276/1276 1275/1275/1275 1274/1274/1274
f 1275/1275/1275 1277/1277/1277 1274/1274/1274
f 1280/1280/1280 1279/1279/1279 1278/1278/1278
f 1279/1279/1279 1281/1281/1281 1278/1278/1278
f 1282/1282/1282 1278/1278/1278 1281/1281/1281
f 1281/1281/1281 1283/1283/1283 1282/1282/1282
f 1281/1281/1281 1284/1284/1284 1283/1283/1283
f 1287/1287/1287 1286/1286/1286 1285/1285/1285
f 1288/1288/1288 1287/1287/1287 1285/1285/1285
f 1289/1289/1289 1287/1287/1287 1288/1288/1288
f 1288/1288/1288 1290/1290/1290 1289/1289/1289
f 1289/1289/1289 1291/1291/1291 1287/1287/1287
f 1294/1294/1294 1293/1293/1293 1292/1292/1292
f 1292/1292/1292 1293/1293/1293 1295/1295/1295
f 1293/1293/1293 1296/1296/1296 1295/1295/1295
f 1292/1292/1292 1295/1295/1295 1297/1297/1297
f 1298/1298/1298 1292/1292/1292 1297/1297/1297
f 1301/1301/1301 1300/1300/1300 1299/1299/1299
f 1301/1301/1301 1299/1299/1299 1302/1302/1302
f 1303/1303/1303 1301/1301/1301 1302/1302/1302
f 1306/1306/1306 1305/1305/1305 1304/1304/1304
f 1305/1305/1305 1307/1307/1307 1304/1304/1304
f 1304/1304/1304 1307/1307/1307 1308/1308/1308
f 1307/1307/1307 1309/1309/1309 1308/1308/1308
f 1308/1308/1308 1309/1309/1309 1310/1310/1310
f 1309/1309/1309 1311/1311/1311 1310/1310/1310
f 1314/1314/1314 1313/1313/1313 1312/1312/1312
f 1315/1315/1315 1314/1314/1314 1312/1312/1312
f 1315/1315/1315 1312/1312/1312 1316/1316/1316
f 1317/1317/1317 1314/1314/1314 1315/1315/1315
f 1318/1318/1318 1315/1315/1315 1316/1316/1316
f 1319/1319/1319 1317/1317/1317 1315/1315/1315
f 1319/1319/1319 1315/1315/1315 1318/1318/1318
f 1320/1320/1320 1317/1317/1317 1319/1319/1319
f 1321/1321/1321 1319/1319/1319 1318/1318/1318
f 1322/1322/1322 1320/1320/1320 1319/1319/1319
f 1322/1322/1322 1319/1319/1319 1321/1321/1321
f 1323/1323/1323 1322/1322/1322 1321/1321/1321
f 1326/1326/1326 1325/1325/1325 1324/1324/1324
f 1325/1325/1325 1327/1327/1327 1324/1324/1324
f 1328/1328/1328 1324/1324/1324 1327/1327/1327
f 1329/1329/1329 1328/1328/1328 1327/1327/1327
f 1332/1332/1332 1331/1331/1331 1330/1330/1330
f 1331/1331/1331 1333/1333/1333 1330/1330/1330
f 1330/1330/1330 1333/1333/1333 1334/1334/1334
f 1333/1333/1333 1335/1335/1335 1334/1334/1334
f 1338/1338/1338 1337/1337/1337 1336/1336/1336
f 1337/1337/1337 1339/1339/1339 1336/1336/1336
f 1340/1340/1340 1336/1336/1336 1339/1339/1339
f 1341/1341/1341 1340/1340/1340 1339/1339/1339
f 1344/1344/1344 1343/1343/1343 1342/1342/1342
f 1345/1345/1345 1344/1344/1344 1342/1342/1342
f 1348/1348/1348 1347/1347/1347 1346/1346/1346
f 1347/1347/1347 1349/1349/1349 1346/1346/1346
f 1352/1352/1352 1351/1351/1351 1350/1350/1350
f 1350/1350/1350 1353/1353/1353 1352/1352/1352
f 1353/1353/1353 1354/1354/1354 1352/1352/1352
f 1357/1357/1357 1356/1356/1356 1355/1355/1355
f 1358/1358/1358 1356/1356/1356 1357/1357/1357
f 1359/1359/1359 1358/1358/1358 1357/1357/1357
f 1362/1362/1362 1361/1361/1361 1360/1360/1360
f 1361/1361/1361 1363/1363/1363 1360/1360/1360
f 1366/1366/1366 1365/1365/1365 1364/1364/1364
f 1367/1367/1367 1366/1366/1366 1364/1364/1364
f 1368/1368/1368 1366/1366/1366 1367/1367/1367
f 1370/1370/1370 1369/1369/1369 1368/1368/1368
f 1371/1371/1371 1369/1369/1369 1370/1370/1370
f 1372/1372/1372 1370/1370/1370 1368/1368/1368
f 1372/1372/1372 1368/1368/1368 1373/1373/1373
f 1374/1374/1374 1371/1371/1371 1370/1370/1370
f 1375/1375/1375 1371/1371/1371 1374/1374/1374
f 1376/1376/1376 1370/1370/1370 1372/1372/1372
f 1374/1374/1374 1370/1370/1370 1376/1376/1376
f 1377/1377/1377 1376/1376/1376 1372/1372/1372
f 1377/1377/1377 1372/1372/1372 1378/1378/1378
f 1372/1372/1372 1373/1373/1373 1378/1378/1378
f 1378/1378/1378 1373/1373/1373 1379/1379/1379
f 1373/1373/1373 1380/1380/1380 1379/1379/1379
f 1381/1381/1381 1374/1374/1374 1376/1376/1376
f 1382/1382/1382 1374/1374/1374 1381/1381/1381
f 1382/1382/1382 1375/1375/1375 1374/1374/1374
f 1383/1383/1383 1382/1382/1382 1381/1381/1381
f 1382/1382/1382 1383/1383/1383 1384/1384/1384
f 1375/1375/1375 1382/1382/1382 1385/1385/1385
f 1385/1385/1385 1382/1382/1382 1384/1384/1384
f 1386/1386/1386 1375/1375/1375 1385/1385/1385
f 1387/1387/1387 1386/1386/1386 1385/1385/1385
f 1388/1388/1388 1385/1385/1385 1384/1384/1384
f 1389/1389/1389 1388/1388/1388 1384/1384/1384
f 1392/1392/1392 1391/1391/1391 1390/1390/1390
f 1393/1393/1393 1392/1392/1392 1390/1390/1390
f 1394/1394/1394 1393/1393/1393 1390/1390/1390
f 1395/1395/1395 1394/1394/1394 1390/1390/1390
f 1398/1398/1398 1397/1397/1397 1396/1396/1396
f 1399/1399/1399 1398/1398/1398 1396/1396/1396
f 1402/1402/1402 1401/1401/1401 1400/1400/1400
f 1401/1401/1401 1403/1403/1403 1400/1400/1400
f 1400/1400/1400 1403/1403/1403 1404/1404/1404
f 1403/1403/1403 1405/1405/1405 1404/1404/1404
f 1408/1408/1408 1407/1407/1407 1406/1406/1406
f 1409/1409/1409 1408/1408/1408 1406/1406/1406
f 1410/1410/1410 1408/1408/1408 1409/1409/1409
f 1411/1411/1411 1410/1410/1410 1409/1409/1409
f 1412/1412/1412 1411/1411/1411 1409/1409/1409
f 1413/1413/1413 1412/1412/1412 1409/1409/1409
f 1413/1413/1413 1409/1409/1409 1406/1406/1406
f 1414/1414/1414 1413/1413/1413 1406/1406/1406
f 1417/1417/1417 1416/1416/1416 1415/1415/1415
f 1417/1417/1417 1418/1418/1418 1416/1416/1416
f 1418/1418/1418 1419/1419/1419 1416/1416/1416
f 1422/1422/1422 1421/1421/1421 1420/1420/1420
f 1423/1423/1423 1422/1422/1422 1420/1420/1420
f 1426/1426/1426 1425/1425/1425 1424/1424/1424
f 1425/1425/1425 1427/1427/1427 1424/1424/1424
f 1425/1425/1425 1428/1428/1428 1427/1427/1427
f 1428/1428/1428 1429/1429/1429 1427/1427/1427
f 1432/1432/1432 1431/1431/1431 1430/1430/1430
f 1433/1433/1433 1432/1432/1432 1430/1430/1430
f 1436/1436/1436 1435/1435/1435 1434/1434/1434
f 1437/1437/1437 1436/1436/1436 1434/1434/1434
f 1436/1436/1436 1437/1437/1437 1438/1438/1438
f 1437/1437/1437 1439/1439/1439 1438/1438/1438
f 1442/1442/1442 1441/1441/1441 1440/1440/1440
f 1443/1443/1443 1442/1442/1442 1440/1440/1440
f 1444/1444/1444 1443/1443/1443 1440/1440/1440
f 1445/1445/1445 1444/1444/1444 1440/1440/1440
f 1448/1448/1448 1447/1447/1447 1446/1446/1446
f 1448/1448/1448 1449/1449/1449 1447/1447/1447
f 1449/1449/1449 1451/1451/1451 1450/1450/1450
f 1452/1452/1452 1451/1451/1451 1449/1449/1449
f 1453/1453/1453 1452/1452/1452 1449/1449/1449
f 1454/1454/1454 1452/1452/1452 1453/1453/1453
f 1455/1455/1455 1454/1454/1454 1453/1453/1453
f 1455/1455/1455 1456/1456/1456 1454/1454/1454
f 1456/1456/1456 1457/1457/1457 1454/1454/1454
f 1458/1458/1458 1457/1457/1457 1456/1456/1456
f 1450/1450/1450 1460/1460/1460 1459/1459/1459
f 1459/1459/1459 1460/1460/1460 1461/1461/1461
f 1460/1460/1460 1462/1462/1462 1461/1461/1461
f 1465/1465/1465 1464/1464/1464 1463/1463/1463
f 1464/1464/1464 1466/1466/1466 1463/1463/1463
f 1469/1469/1469 1468/1468/1468 1467/1467/1467
f 1468/1468/1468 1470/1470/1470 1467/1467/1467
f 1467/1467/1467 1470/1470/1470 1471/1471/1471
f 1470/1470/1470 1472/1472/1472 1471/1471/1471
f 1475/1475/1475 1474/1474/1474 1473/1473/1473
f 1476/1476/1476 1475/1475/1475 1473/1473/1473
f 1475/1475/1475 1476/1476/1476 1477/1477/1477
f 1476/1476/1476 1478/1478/1478 1477/1477/1477
f 1481/1481/1481 1480/1480/1480 1479/1479/1479
f 1482/1482/1482 1481/1481/1481 1479/1479/1479
f 1483/1483/1483 1481/1481/1481 1482/1482/1482
f 1484/1484/1484 1483/1483/1483 1482/1482/1482
f 1487/1487/1487 1486/1486/1486 1485/1485/1485
f 1487/1487/1487 1485/1485/1485 1488/1488/1488
f 1489/1489/1489 1487/1487/1487 1488/1488/1488
f 1492/1492/1492 1491/1491/1491 1490/1490/1490
f 1493/1493/1493 1492/1492/1492 1490/1490/1490
f 1492/1492/1492 1493/1493/1493 1494/1494/1494
f 1493/1493/1493 1495/1495/1495 1494/1494/1494
f 1498/1498/1498 1497/1497/1497 1496/1496/1496
f 1499/1499/1499 1498/1498/1498 1496/1496/1496
f 1502/1502/1502 1501/1501/1501 1500/1500/1500
f 1501/1501/1501 1503/1503/1503 1500/1500/1500
f 1500/1500/1500 1503/1503/1503 1504/1504/1504
f 1503/1503/1503 1505/1505/1505 1504/1504/1504
f 1508/1508/1508 1507/1507/1507 1506/1506/1506
f 1507/1507/1507 1509/1509/1509 1506/1506/1506
f 1506/1506/1506 1509/1509/1509 1510/1510/1510
f 1509/1509/1509 1511/1511/1511 1510/1510/1510
f 1514/1514/1514 1513/1513/1513 1512/1512/1512
f 1515/1515/1515 1514/1514/1514 1512/1512/1512
f 1518/1518/1518 1517/1517/1517 1516/1516/1516
f 1517/1517/1517 1519/1519/1519 1516/1516/1516
f 1516/1516/1516 1519/1519/1519 1520/1520/1520
f 1519/1519/1519 1521/1521/1521 1520/1520/1520
f 1524/1524/1524 1523/1523/1523 1522/1522/1522
f 1525/1525/1525 1524/1524/1524 1522/1522/1522
f 1525/1525/1525 1522/1522/1522 1526/1526/1526
f 1529/1529/1529 1528/1528/1528 1527/1527/1527
f 1528/1528/1528 1530/1530/1530 1527/1527/1527
f 1533/1533/1533 1532/1532/1532 1531/1531/1531
f 1534/1534/1534 1533/1533/1533 1531/1531/1531
f 1535/1535/1535 1533/1533/1533 1534/1534/1534
f 1536/1536/1536 1535/1535/1535 1534/1534/1534
f 1539/1539/1539 1538/1538/1538 1537/1537/1537
f 1540/1540/1540 1539/1539/1539 1537/1537/1537
f 1541/1541/1541 1539/1539/1539 1540/1540/1540
f 1542/1542/1542 1541/1541/1541 1540/1540/1540
f 1545/1545/1545 1544/1544/1544 1543/1543/1543
f 1544/1544/1544 1546/1546/1546 1543/1543/1543
f 1543/1543/1543 1546/1546/1546 1547/1547/1547
f 1550/1550/1550 1549/1549/1549 1548/1548/1548
f 1551/1551/1551 1550/1550/1550 1548/1548/1548
f 1552/1552/1552 1550/1550/1550 1551/1551/1551
f 1553/1553/1553 1552/1552/1552 1551/1551/1551
f 1556/1556/1556 1555/1555/1555 1554/1554/1554
f 1557/1557/1557 1556/1556/1556 1554/1554/1554
f 1558/1558/1558 1556/1556/1556 1557/1557/1557
f 1559/1559/1559 1558/1558/1558 1557/1557/1557
f 1562/1562/1562 1561/1561/1561 1560/1560/1560
f 1563/1563/1563 1562/1562/1562 1560/1560/1560
f 1564/1564/1564 1562/1562/1562 1563/1563/1563
f 1565/1565/1565 1564/1564/1564 1563/1563/1563
f 1568/1568/1568 1567/1567/1567 1566/1566/1566
f 1567/1567/1567 1569/1569/1569 1566/1566/1566
f 1566/1566/1566 1569/1569/1569 1570/1570/1570
f 1569/1569/1569 1571/1571/1571 1570/1570/1570
f 1574/1574/1574 1573/1573/1573 1572/1572/1572
f 1573/1573/1573 1575/1575/1575 1572/1572/1572
f 1572/1572/1572 1575/1575/1575 1576/1576/1576
f 1573/1573/1573 1577/1577/1577 1575/1575/1575
f 1575/1575/1575 1578/1578/1578 1576/1576/1576
f 1577/1577/1577 1579/1579/1579 1575/1575/1575
f 1575/1575/1575 1579/1579/1579 1578/1578/1578
f 1579/1579/1579 1580/1580/1580 1578/1578/1578
f 1583/1583/1583 1582/1582/1582 1581/1581/1581
f 1582/1582/1582 1584/1584/1584 1581/1581/1581
f 1581/1581/1581 1584/1584/1584 1585/1585/1585
f 1582/1582/1582 1586/1586/1586 1584/1584/1584
f 1584/1584/1584 1587/1587/1587 1585/1585/1585
f 1586/1586/1586 1588/1588/1588 1584/1584/1584
f 1584/1584/1584 1588/1588/1588 1587/1587/1587
f 1588/1588/1588 1589/1589/1589 1587/1587/1587
f 1589/1589/1589 1591/1591/1591 1590/1590/1590
f 1589/1589/1589 1590/1590/1590 1592/1592/1592
f 1592/1592/1592 1593/1593/1593 1589/1589/1589
f 1596/1596/1596 1595/1595/1595 1594/1594/1594
f 1595/1595/1595 1597/1597/1597 1594/1594/1594
f 1600/1600/1600 1599/1599/1599 1598/1598/1598
f 1599/1599/1599 1601/1601/1601 1598/1598/1598
f 1598/1598/1598 1601/1601/1601 1602/1602/1602
f 1605/1605/1605 1604/1604/1604 1603/1603/1603
f 1604/1604/1604 1606/1606/1606 1603/1603/1603
f 1603/1603/1603 1606/1606/1606 1607/1607/1607
f 1606/1606/1606 1608/1608/1608 1607/1607/1607
f 1611/1611/1611 1610/1610/1610 1609/1609/1609
f 1610/1610/1610 1612/1612/1612 1609/1609/1609
f 1612/1612/1612 1613/1613/1613 1609/1609/1609
f 1616/1616/1616 1615/1615/1615 1614/1614/1614
f 1615/1615/1615 1617/1617/1617 1614/1614/1614
f 1620/1620/1620 1619/1619/1619 1618/1618/1618
f 1619/1619/1619 1621/1621/1621 1618/1618/1618
f 1619/1619/1619 1622/1622/1622 1621/1621/1621
f 1621/1621/1621 1623/1623/1623 1618/1618/1618
f 1623/1623/1623 1624/1624/1624 1618/1618/1618
f 1625/1625/1625 1623/1623/1623 1621/1621/1621
f 1622/1622/1622 1626/1626/1626 1621/1621/1621
f 1626/1626/1626 1625/1625/1625 1621/1621/1621
f 1622/1622/1622 1627/1627/1627 1626/1626/1626
f 1628/1628/1628 1625/1625/1625 1626/1626/1626
f 1627/1627/1627 1629/1629/1629 1626/1626/1626
f 1629/1629/1629 1628/1628/1628 1626/1626/1626
f 1632/1632/1632 1631/1631/1631 1630/1630/1630
f 1631/1631/1631 1633/1633/1633 1630/1630/1630
f 1630/1630/1630 1633/1633/1633 1634/1634/1634
f 1633/1633/1633 1635/1635/1635 1634/1634/1634
f 1634/1634/1634 1635/1635/1635 1636/1636/1636
f 1635/1635/1635 1637/1637/1637 1636/1636/1636
f 1640/1640/1640 1639/1639/1639 1638/1638/1638
f 1641/1641/1641 1640/1640/1640 1638/1638/1638
f 1642/1642/1642 1640/1640/1640 1641/1641/1641
f 1643/1643/1643 1642/1642/1642 1641/1641/1641
f 1646/1646/1646 1645/1645/1645 1644/1644/1644
f 1647/1647/1647 1646/1646/1646 1644/1644/1644
f 1650/1650/1650 1649/1649/1649 1648/1648/1648
f 1649/1649/1649 1651/1651/1651 1648/1648/1648
f 1651/1651/1651 1652/1652/1652 1648/1648/1648
f 1652/1652/1652 1653/1653/1653 1648/1648/1648
f 1656/1656/1656 1655/1655/1655 1654/1654/1654
f 1656/1656/1656 1654/1654/1654 1657/1657/1657
f 1658/1658/1658 1656/1656/1656 1657/1657/1657
usemtl HammeredMetal_Dark
f 1661/1661/1661 1660/1660/1660 1659/1659/1659
f 1660/1660/1660 1662/1662/1662 1659/1659/1659
f 1665/1665/1665 1664/1664/1664 1663/1663/1663
f 1664/1664/1664 1666/1666/1666 1663/1663/1663
f 1669/1669/1669 1668/1668/1668 1667/1667/1667
f 1668/1668/1668 1670/1670/1670 1667/1667/1667
f 1673/1673/1673 1672/1672/1672 1671/1671/1671
f 1674/1674/1674 1673/1673/1673 1671/1671/1671
f 1677/1677/1677 1676/1676/1676 1675/1675/1675
f 1678/1678/1678 1677/1677/1677 1675/1675/1675
f 1681/1681/1681 1680/1680/1680 1679/1679/1679
f 1682/1682/1682 1681/1681/1681 1679/1679/1679
f 1685/1685/1685 1684/1684/1684 1683/1683/1683
f 1686/1686/1686 1685/1685/1685 1683/1683/1683
f 1689/1689/1689 1688/1688/1688 1687/1687/1687
f 1690/1690/1690 1689/1689/1689 1687/1687/1687
f 1693/1693/1693 1692/1692/1692 1691/1691/1691
f 1694/1694/1694 1693/1693/1693 1691/1691/1691
f 1691/1691/1691 1692/1692/1692 1695/1695/1695
f 1696/1696/1696 1693/1693/1693 1694/1694/1694
f 1692/1692/1692 1697/1697/1697 1695/1695/1695
f 1698/1698/1698 1696/1696/1696 1694/1694/1694
f 1695/1695/1695 1697/1697/1697 1698/1698/1698
f 1697/1697/1697 1696/1696/1696 1698/1698/1698
usemtl Glass_Detailed_Tinted_Mat
f 1701/1701/1701 1700/1700/1700 1699/1699/1699
f 1702/1702/1702 1701/1701/1701 1699/1699/1699
f 1705/1705/1705 1704/1704/1704 1703/1703/1703
f 1706/1706/1706 1705/1705/1705 1703/1703/1703
f 1709/1709/1709 1708/1708/1708 1707/1707/1707
f 1710/1710/1710 1709/1709/1709 1707/1707/1707
f 1713/1713/1713 1712/1712/1712 1711/1711/1711
f 1714/1714/1714 1713/1713/1713 1711/1711/1711
f 1717/1717/1717 1716/1716/1716 1715/1715/1715
f 1718/1718/1718 1717/1717/1717 1715/1715/1715
f 1721/1721/1721 1720/1720/1720 1719/1719/1719
f 1722/1722/1722 1721/1721/1721 1719/1719/1719
f 1719/1719/1719 1720/1720/1720 1723/1723/1723
f 1724/1724/1724 1721/1721/1721 1722/1722/1722
f 1720/1720/1720 1725/1725/1725 1723/1723/1723
f 1726/1726/1726 1724/1724/1724 1722/1722/1722
f 1723/1723/1723 1725/1725/1725 1726/1726/1726
f 1725/1725/1725 1724/1724/1724 1726/1726/1726
