mtllib FP314:LightFixture4_9ae55afe.mtl
g FP314:LightFixture4_9ae55afe
v -0.64854 2.4485 -0.13844
v -0.6178 2.43751 -0.1688
v -0.65124 2.43751 -0.14313
v -0.61397 2.4485 -0.16497
v -0.59213 2.43751 -0.20224
v -0.58744 2.4485 -0.19954
v -0.63112 2.41159 -0.18212
v -0.576 2.43751 -0.2412
v -0.57077 2.4485 -0.23979
v -0.60845 2.41159 -0.21166
v -0.64984 2.3899 -0.20084
v -0.63138 2.3899 -0.2249
v -0.59419 2.41159 -0.24607
v -0.61977 2.3899 -0.25293
v -0.57049 2.43751 -0.28299
v -0.56508 2.4485 -0.28299
v -0.58933 2.41159 -0.28299
v -0.61581 2.3899 -0.28299
v -0.576 2.43751 -0.32479
v -0.57077 2.4485 -0.3262
v -0.59419 2.41159 -0.31992
v -0.61977 2.3899 -0.31306
v -0.59213 2.43751 -0.36375
v -0.58744 2.4485 -0.36645
v -0.60845 2.41159 -0.35433
v -0.63138 2.3899 -0.34109
v -0.6178 2.43751 -0.39719
v -0.61397 2.4485 -0.40102
v -0.65124 2.43751 -0.42286
v -0.64854 2.4485 -0.42755
v -0.63112 2.41159 -0.38387
v -0.64984 2.3899 -0.36515
v -0.64854 2.4485 -0.42755
v -0.6902 2.43751 -0.43899
v -0.65124 2.43751 -0.42286
v -0.68879 2.4485 -0.44422
v -0.73199 2.43751 -0.4445
v -0.73199 2.4485 -0.44991
v -0.77379 2.43751 -0.43899
v -0.7752 2.4485 -0.44422
v -0.81275 2.43751 -0.42286
v -0.81545 2.4485 -0.42755
v -0.81545 2.4485 -0.42755
v -0.84619 2.43751 -0.39719
v -0.81275 2.43751 -0.42286
v -0.85002 2.4485 -0.40102
v -0.87186 2.43751 -0.36375
v -0.87655 2.4485 -0.36645
v -0.83287 2.41159 -0.38387
v -0.88799 2.43751 -0.32479
v -0.89322 2.4485 -0.3262
v -0.85554 2.41159 -0.35433
v -0.81415 2.3899 -0.36515
v -0.83261 2.3899 -0.34109
v -0.8698 2.41159 -0.31992
v -0.84422 2.3899 -0.31306
v -0.8935 2.43751 -0.28299
v -0.89891 2.4485 -0.28299
v -0.87466 2.41159 -0.28299
v -0.84817 2.3899 -0.28299
v -0.88799 2.43751 -0.2412
v -0.89322 2.4485 -0.23979
v -0.8698 2.41159 -0.24607
v -0.84422 2.3899 -0.25293
v -0.87186 2.43751 -0.20224
v -0.87655 2.4485 -0.19954
v -0.85554 2.41159 -0.21166
v -0.83261 2.3899 -0.2249
v -0.84619 2.43751 -0.1688
v -0.85002 2.4485 -0.16497
v -0.81275 2.43751 -0.14313
v -0.81545 2.4485 -0.13844
v -0.83287 2.41159 -0.18212
v -0.81415 2.3899 -0.20084
v -0.81545 2.4485 -0.13844
v -0.77379 2.43751 -0.127
v -0.81275 2.43751 -0.14313
v -0.7752 2.4485 -0.12177
v -0.73199 2.43751 -0.12149
v -0.73199 2.4485 -0.11608
v -0.6902 2.43751 -0.127
v -0.68879 2.4485 -0.12177
v -0.65124 2.43751 -0.14313
v -0.64854 2.4485 -0.13844
v -0.83287 2.41159 -0.18212
v -0.84619 2.43751 -0.1688
v -0.81275 2.43751 -0.14313
v -0.80333 2.41159 -0.15945
v -0.77379 2.43751 -0.127
v -0.81415 2.3899 -0.20084
v -0.76892 2.41159 -0.14519
v -0.73199 2.43751 -0.12149
v -0.79008 2.3899 -0.18238
v -0.73199 2.41159 -0.14033
v -0.6902 2.43751 -0.127
v -0.76206 2.3899 -0.17077
v -0.69507 2.41159 -0.14519
v -0.65124 2.43751 -0.14313
v -0.73199 2.3899 -0.16681
v -0.66066 2.41159 -0.15945
v -0.6178 2.43751 -0.1688
v -0.63112 2.41159 -0.18212
v -0.70193 2.3899 -0.17077
v -0.6739 2.3899 -0.18238
v -0.64984 2.3899 -0.20084
v -0.77487 2.37553 -0.20874
v -0.75419 2.37553 -0.20017
v -0.73199 2.37553 -0.19725
v -0.7098 2.37553 -0.20017
v -0.68912 2.37553 -0.20874
v -0.79263 2.37553 -0.22236
v -0.67136 2.37553 -0.22236
v -0.63138 2.3899 -0.2249
v -0.80625 2.37553 -0.24012
v -0.83261 2.3899 -0.2249
v -0.65774 2.37553 -0.24012
v -0.61977 2.3899 -0.25293
v -0.81482 2.37553 -0.2608
v -0.84422 2.3899 -0.25293
v -0.64917 2.37553 -0.2608
v -0.61581 2.3899 -0.28299
v -0.81774 2.37553 -0.28299
v -0.84817 2.3899 -0.28299
v -0.64625 2.37553 -0.28299
v -0.61977 2.3899 -0.31306
v -0.81482 2.37553 -0.30519
v -0.84422 2.3899 -0.31306
v -0.64917 2.37553 -0.30519
v -0.63138 2.3899 -0.34109
v -0.80625 2.37553 -0.32587
v -0.83261 2.3899 -0.34109
v -0.65774 2.37553 -0.32587
v -0.64984 2.3899 -0.36515
v -0.79263 2.37553 -0.34363
v -0.81415 2.3899 -0.36515
v -0.68004 2.3705 -0.26907
v -0.67821 2.3705 -0.28299
v -0.68004 2.3705 -0.29692
v -0.68541 2.3705 -0.2561
v -0.69396 2.3705 -0.24496
v -0.7051 2.3705 -0.23641
v -0.71807 2.3705 -0.23104
v -0.73199 2.3705 -0.22921
v -0.74592 2.3705 -0.23104
v -0.75889 2.3705 -0.23641
v -0.77003 2.3705 -0.24496
v -0.77858 2.3705 -0.2561
v -0.78395 2.3705 -0.26907
v -0.78578 2.3705 -0.28299
v -0.78395 2.3705 -0.29692
v -0.77858 2.3705 -0.30989
v -0.68541 2.3705 -0.30989
v -0.77003 2.3705 -0.32103
v -0.67136 2.37553 -0.34363
v -0.69396 2.3705 -0.32103
v -0.75889 2.3705 -0.32958
v -0.77487 2.37553 -0.35725
v -0.79008 2.3899 -0.38361
v -0.83287 2.41159 -0.38387
v -0.80333 2.41159 -0.40654
v -0.84619 2.43751 -0.39719
v -0.81275 2.43751 -0.42286
v -0.76892 2.41159 -0.4208
v -0.77379 2.43751 -0.43899
v -0.76206 2.3899 -0.39522
v -0.75419 2.37553 -0.36582
v -0.74592 2.3705 -0.33495
v -0.7051 2.3705 -0.32958
v -0.73199 2.41159 -0.42566
v -0.73199 2.43751 -0.4445
v -0.73199 2.3899 -0.39918
v -0.73199 2.37553 -0.36874
v -0.73199 2.3705 -0.33678
v -0.71807 2.3705 -0.33495
v -0.7098 2.37553 -0.36582
v -0.68912 2.37553 -0.35725
v -0.70193 2.3899 -0.39522
v -0.6739 2.3899 -0.38361
v -0.69507 2.41159 -0.4208
v -0.6902 2.43751 -0.43899
v -0.66066 2.41159 -0.40654
v -0.63112 2.41159 -0.38387
v -0.65124 2.43751 -0.42286
v -0.6178 2.43751 -0.39719
v -0.78376 2.5 -0.47618
v -0.83199 2.5 -0.4562
v -0.83199 2.48001 -0.4562
v -0.78376 2.48001 -0.47618
v -0.73199 2.5 -0.48299
v -0.73199 2.48001 -0.48299
v -0.68023 2.5 -0.47618
v -0.68023 2.48001 -0.47618
v -0.63199 2.5 -0.4562
v -0.63199 2.48001 -0.4562
v -0.63795 2.465 -0.44589
v -0.68331 2.465 -0.46468
v -0.73199 2.465 -0.47109
v -0.78068 2.465 -0.46468
v -0.82604 2.465 -0.44589
v -0.87342 2.48001 -0.42442
v -0.865 2.465 -0.416
v -0.83199 2.5 -0.4562
v -0.87342 2.48001 -0.42442
v -0.83199 2.48001 -0.4562
v -0.87342 2.5 -0.42442
v -0.9052 2.48001 -0.38299
v -0.9052 2.5 -0.38299
v -0.865 2.465 -0.416
v -0.92518 2.48001 -0.33476
v -0.89489 2.465 -0.37704
v -0.9052 2.5 -0.38299
v -0.92518 2.5 -0.33476
v -0.92518 2.48001 -0.33476
v -0.93199 2.48001 -0.28299
v -0.93199 2.5 -0.28299
v -0.91368 2.465 -0.33168
v -0.89489 2.465 -0.37704
v -0.92009 2.465 -0.28299
v -0.92518 2.48001 -0.23123
v -0.92518 2.5 -0.23123
v -0.91368 2.465 -0.23431
v -0.9052 2.48001 -0.18299
v -0.9052 2.5 -0.18299
v -0.89489 2.465 -0.18895
v -0.87342 2.48001 -0.14157
v -0.865 2.465 -0.14999
v -0.87342 2.5 -0.14157
v -0.83199 2.48001 -0.10979
v -0.83199 2.5 -0.10979
v -0.78376 2.5 -0.08981
v -0.73199 2.5 -0.083
v -0.73199 2.48001 -0.083
v -0.78376 2.48001 -0.08981
v -0.83199 2.5 -0.10979
v -0.83199 2.48001 -0.10979
v -0.78068 2.465 -0.10131
v -0.73199 2.465 -0.0949
v -0.82604 2.465 -0.1201
v -0.865 2.465 -0.14999
v -0.87342 2.48001 -0.14157
v -0.68023 2.5 -0.08981
v -0.63199 2.5 -0.10979
v -0.63199 2.48001 -0.10979
v -0.68023 2.48001 -0.08981
v -0.73199 2.5 -0.083
v -0.73199 2.48001 -0.083
v -0.73199 2.465 -0.0949
v -0.68331 2.465 -0.10131
v -0.63795 2.465 -0.1201
v -0.59057 2.48001 -0.14157
v -0.59899 2.465 -0.14999
v -0.63199 2.5 -0.10979
v -0.59057 2.48001 -0.14157
v -0.63199 2.48001 -0.10979
v -0.59057 2.5 -0.14157
v -0.55879 2.48001 -0.18299
v -0.59899 2.465 -0.14999
v -0.55879 2.5 -0.18299
v -0.5691 2.465 -0.18895
v -0.53881 2.48001 -0.23123
v -0.53881 2.5 -0.23123
v -0.55031 2.465 -0.23431
v -0.53199 2.48001 -0.28299
v -0.5439 2.465 -0.28299
v -0.53881 2.5 -0.23123
v -0.53199 2.48001 -0.28299
v -0.53881 2.48001 -0.23123
v -0.53199 2.5 -0.28299
v -0.53881 2.48001 -0.33476
v -0.5439 2.465 -0.28299
v -0.53881 2.5 -0.33476
v -0.55031 2.465 -0.33168
v -0.55879 2.48001 -0.38299
v -0.55879 2.5 -0.38299
v -0.5691 2.465 -0.37704
v -0.59057 2.48001 -0.42442
v -0.59899 2.465 -0.416
v -0.59057 2.5 -0.42442
v -0.63199 2.48001 -0.4562
v -0.63199 2.5 -0.4562
v -0.63199 2.48001 -0.4562
v -0.63795 2.465 -0.44589
v -0.59899 2.465 -0.416
v -0.59057 2.48001 -0.42442
v -0.59849 2.46263 -0.14949
v -0.64747 2.44724 -0.13659
v -0.63759 2.46263 -0.11949
v -0.61246 2.44724 -0.16346
v -0.58559 2.44724 -0.19847
v -0.56849 2.46263 -0.18859
v -0.56849 2.46263 -0.18859
v -0.56871 2.44724 -0.23924
v -0.58559 2.44724 -0.19847
v -0.54963 2.46263 -0.23413
v -0.54319 2.46263 -0.28299
v -0.56295 2.44724 -0.28299
v -0.56871 2.44724 -0.32675
v -0.54963 2.46263 -0.33186
v -0.56849 2.46263 -0.3774
v -0.58559 2.44724 -0.36752
v -0.56849 2.46263 -0.3774
v -0.61246 2.44724 -0.40253
v -0.58559 2.44724 -0.36752
v -0.59849 2.46263 -0.4165
v -0.63759 2.46263 -0.4465
v -0.64747 2.44724 -0.4294
v -0.68824 2.44724 -0.44628
v -0.68313 2.46263 -0.46536
v -0.68313 2.46263 -0.46536
v -0.73199 2.44724 -0.45204
v -0.68824 2.44724 -0.44628
v -0.73199 2.46263 -0.4718
v -0.78086 2.46263 -0.46536
v -0.77575 2.44724 -0.44628
v -0.8264 2.46263 -0.4465
v -0.81652 2.44724 -0.4294
v -0.85153 2.44724 -0.40253
v -0.8655 2.46263 -0.4165
v -0.8955 2.46263 -0.3774
v -0.8784 2.44724 -0.36752
v -0.8955 2.46263 -0.3774
v -0.89528 2.44724 -0.32675
v -0.8784 2.44724 -0.36752
v -0.91436 2.46263 -0.33186
v -0.9208 2.46263 -0.28299
v -0.90104 2.44724 -0.28299
v -0.89528 2.44724 -0.23924
v -0.91436 2.46263 -0.23413
v -0.8955 2.46263 -0.18859
v -0.89528 2.44724 -0.23924
v -0.91436 2.46263 -0.23413
v -0.8784 2.44724 -0.19847
v -0.8655 2.46263 -0.14949
v -0.8784 2.44724 -0.19847
v -0.8955 2.46263 -0.18859
v -0.85153 2.44724 -0.16346
v -0.81652 2.44724 -0.13659
v -0.8264 2.46263 -0.11949
v -0.78086 2.46263 -0.10063
v -0.77575 2.44724 -0.11971
v -0.73199 2.46263 -0.09419
v -0.73199 2.44724 -0.11395
v -0.68824 2.44724 -0.11971
v -0.68313 2.46263 -0.10063
v -0.64747 2.44724 -0.13659
v -0.63759 2.46263 -0.11949
v -0.68331 2.465 -0.46468
v -0.63759 2.46263 -0.4465
v -0.63795 2.465 -0.44589
v -0.68313 2.46263 -0.46536
v -0.73199 2.465 -0.47109
v -0.73199 2.46263 -0.4718
v -0.78068 2.465 -0.46468
v -0.78086 2.46263 -0.46536
v -0.82604 2.465 -0.44589
v -0.8264 2.46263 -0.4465
v -0.63795 2.465 -0.44589
v -0.63759 2.46263 -0.4465
v -0.59849 2.46263 -0.4165
v -0.59899 2.465 -0.416
v -0.56849 2.46263 -0.3774
v -0.5691 2.465 -0.37704
v -0.54963 2.46263 -0.33186
v -0.55031 2.465 -0.33168
v -0.54319 2.46263 -0.28299
v -0.5439 2.465 -0.28299
v -0.54963 2.46263 -0.23413
v -0.55031 2.465 -0.23431
v -0.55031 2.465 -0.23431
v -0.54963 2.46263 -0.23413
v -0.56849 2.46263 -0.18859
v -0.5691 2.465 -0.18895
v -0.59849 2.46263 -0.14949
v -0.59899 2.465 -0.14999
v -0.63759 2.46263 -0.11949
v -0.63795 2.465 -0.1201
v -0.63795 2.465 -0.1201
v -0.63759 2.46263 -0.11949
v -0.68313 2.46263 -0.10063
v -0.68331 2.465 -0.10131
v -0.73199 2.46263 -0.09419
v -0.73199 2.465 -0.0949
v -0.73199 2.465 -0.0949
v -0.73199 2.46263 -0.09419
v -0.78086 2.46263 -0.10063
v -0.78068 2.465 -0.10131
v -0.8264 2.46263 -0.11949
v -0.82604 2.465 -0.1201
v -0.82604 2.465 -0.1201
v -0.8264 2.46263 -0.11949
v -0.8655 2.46263 -0.14949
v -0.865 2.465 -0.14999
v -0.8955 2.46263 -0.18859
v -0.89489 2.465 -0.18895
v -0.91436 2.46263 -0.23413
v -0.91368 2.465 -0.23431
v -0.9208 2.46263 -0.28299
v -0.92009 2.465 -0.28299
v -0.91436 2.46263 -0.33186
v -0.91368 2.465 -0.33168
v -0.91368 2.465 -0.33168
v -0.91436 2.46263 -0.33186
v -0.8955 2.46263 -0.3774
v -0.89489 2.465 -0.37704
v -0.8655 2.46263 -0.4165
v -0.865 2.465 -0.416
v -0.8264 2.46263 -0.4465
v -0.82604 2.465 -0.44589
v -0.64854 2.4485 -0.13844
v -0.64747 2.44724 -0.13659
v -0.61246 2.44724 -0.16346
v -0.61397 2.4485 -0.16497
v -0.68879 2.4485 -0.12177
v -0.58559 2.44724 -0.19847
v -0.68824 2.44724 -0.11971
v -0.58744 2.4485 -0.19954
v -0.73199 2.4485 -0.11608
v -0.56871 2.44724 -0.23924
v -0.73199 2.44724 -0.11395
v -0.57077 2.4485 -0.23979
v -0.7752 2.4485 -0.12177
v -0.56295 2.44724 -0.28299
v -0.77575 2.44724 -0.11971
v -0.56508 2.4485 -0.28299
v -0.81545 2.4485 -0.13844
v -0.56871 2.44724 -0.32675
v -0.81652 2.44724 -0.13659
v -0.57077 2.4485 -0.3262
v -0.85002 2.4485 -0.16497
v -0.58559 2.44724 -0.36752
v -0.85153 2.44724 -0.16346
v -0.58744 2.4485 -0.36645
v -0.87655 2.4485 -0.19954
v -0.61246 2.44724 -0.40253
v -0.8784 2.44724 -0.19847
v -0.61397 2.4485 -0.40102
v -0.89322 2.4485 -0.23979
v -0.64747 2.44724 -0.4294
v -0.89528 2.44724 -0.23924
v -0.64854 2.4485 -0.42755
v -0.89891 2.4485 -0.28299
v -0.68824 2.44724 -0.44628
v -0.90104 2.44724 -0.28299
v -0.68879 2.4485 -0.44422
v -0.89322 2.4485 -0.3262
v -0.73199 2.44724 -0.45204
v -0.89528 2.44724 -0.32675
v -0.73199 2.4485 -0.44991
v -0.87655 2.4485 -0.36645
v -0.77575 2.44724 -0.44628
v -0.8784 2.44724 -0.36752
v -0.7752 2.4485 -0.44422
v -0.85002 2.4485 -0.40102
v -0.81652 2.44724 -0.4294
v -0.85153 2.44724 -0.40253
v -0.81545 2.4485 -0.42755
vn -0.4730474 2.244837 0.1655186
vn -0.3824981 2.20162 0.06650141
vn -0.4848649 2.20162 0.1450501
vn -0.3657856 2.244838 0.08321393
vn -0.3039499 2.20162 -0.03586462
vn -0.2834812 2.244838 -0.02404702
vn -0.435154 2.103643 0.01384568
vn -0.2545718 2.20162 -0.1550734
vn -0.2317421 2.244838 -0.1489562
vn -0.3684399 2.103643 -0.07309803
vn -0.5139368 2.011912 -0.06493689
vn -0.4649284 2.011912 -0.1288059
vn -0.3265012 2.103643 -0.1743468
vn -0.4341202 2.011912 -0.2031834
vn -0.23773 2.20162 -0.283
vn -0.2140948 2.244838 -0.283
vn -0.3121967 2.103643 -0.283
vn -0.4236122 2.011912 -0.2830001
vn -0.2545718 2.20162 -0.4109264
vn -0.231742 2.244838 -0.4170437
vn -0.3265012 2.103643 -0.3916531
vn -0.4341202 2.011912 -0.3628166
vn -0.3039496 2.20162 -0.5301349
vn -0.2834809 2.244838 -0.5419525
vn -0.3684397 2.103643 -0.4929016
vn -0.4649283 2.011912 -0.4371938
vn -0.3824983 2.20162 -0.6325017
vn -0.3657858 2.244838 -0.6492143
vn -0.484865 2.20162 -0.7110504
vn -0.4730474 2.244838 -0.7315191
vn -0.4351542 2.103643 -0.5798457
vn -0.513937 2.011912 -0.5010631
vn -0.4730474 2.244838 -0.7315191
vn -0.6040733 2.20162 -0.7604283
vn -0.484865 2.20162 -0.7110504
vn -0.5979561 2.244838 -0.7832581
vn -0.7319999 2.20162 -0.77727
vn -0.7319999 2.244838 -0.8009052
vn -0.8599265 2.20162 -0.7604282
vn -0.8660437 2.244838 -0.7832579
vn -0.979135 2.20162 -0.7110505
vn -0.9909526 2.244838 -0.7315192
vn -0.9909526 2.244838 -0.7315192
vn -1.081502 2.20162 -0.6325017
vn -0.979135 2.20162 -0.7110505
vn -1.098214 2.244838 -0.6492144
vn -1.16005 2.20162 -0.5301349
vn -1.180519 2.244838 -0.5419525
vn -1.028846 2.103643 -0.5798457
vn -1.209428 2.20162 -0.4109264
vn -1.232258 2.244838 -0.4170437
vn -1.09556 2.103643 -0.4929015
vn -0.9500629 2.011911 -0.501063
vn -0.9990715 2.011912 -0.4371938
vn -1.137499 2.103643 -0.391653
vn -1.02988 2.011912 -0.3628165
vn -1.22627 2.20162 -0.283
vn -1.249905 2.244838 -0.283
vn -1.151803 2.103643 -0.2830001
vn -1.040388 2.011912 -0.2830001
vn -1.209428 2.20162 -0.1550734
vn -1.232258 2.244838 -0.1489562
vn -1.137499 2.103643 -0.1743469
vn -1.02988 2.011912 -0.2031834
vn -1.16005 2.20162 -0.03586461
vn -1.180519 2.244838 -0.02404702
vn -1.09556 2.103643 -0.07309796
vn -0.9990714 2.011912 -0.1288058
vn -1.081502 2.20162 0.06650147
vn -1.098214 2.244838 0.08321398
vn -0.979135 2.20162 0.1450501
vn -0.9909526 2.244838 0.1655187
vn -1.028846 2.103643 0.01384562
vn -0.9500632 2.011912 -0.06493704
vn -0.9909526 2.244838 0.1655187
vn -0.8599263 2.20162 0.1944281
vn -0.979135 2.20162 0.1450501
vn -0.8660433 2.244838 0.2172577
vn -0.7319999 2.20162 0.21127
vn -0.7319999 2.244838 0.2349052
vn -0.6040735 2.20162 0.1944283
vn -0.5979564 2.244838 0.2172581
vn -0.4848649 2.20162 0.1450501
vn -0.4730474 2.244837 0.1655186
vn -1.028846 2.103643 0.01384562
vn -1.081502 2.20162 0.06650147
vn -0.979135 2.20162 0.1450501
vn -0.9419018 2.103643 0.08056006
vn -0.8599263 2.20162 0.1944281
vn -0.9500632 2.011912 -0.06493704
vn -0.8406531 2.103644 0.122499
vn -0.7319999 2.20162 0.21127
vn -0.8861941 2.011911 -0.01592866
vn -0.7319998 2.103643 0.1368034
vn -0.6040735 2.20162 0.1944283
vn -0.8118165 2.011912 0.01487985
vn -0.6233469 2.103643 0.1224989
vn -0.4848649 2.20162 0.1450501
vn -0.7319998 2.011912 0.02538776
vn -0.5220983 2.103643 0.08056021
vn -0.3824981 2.20162 0.06650141
vn -0.435154 2.103643 0.01384568
vn -0.6521834 2.011912 0.01487973
vn -0.577806 2.011912 -0.01592839
vn -0.5139368 2.011912 -0.06493689
vn -0.8168935 1.948179 -0.1359605
vn -0.7759439 1.948179 -0.1189985
vn -0.7319999 1.948179 -0.1132132
vn -0.6880559 1.948179 -0.1189984
vn -0.6471063 1.948179 -0.1359604
vn -0.8520575 1.948179 -0.1629426
vn -0.6119425 1.948179 -0.1629425
vn -0.4649284 2.011912 -0.1288059
vn -0.8790395 1.948179 -0.1981064
vn -0.9990714 2.011912 -0.1288058
vn -0.5849605 1.948179 -0.1981064
vn -0.4341202 2.011912 -0.2031834
vn -0.8960014 1.948179 -0.239056
vn -1.02988 2.011912 -0.2031834
vn -0.5679984 1.948179 -0.239056
vn -0.4236122 2.011912 -0.2830001
vn -0.9017867 1.948179 -0.283
vn -1.040388 2.011912 -0.2830001
vn -0.5622131 1.948179 -0.283
vn -0.4341202 2.011912 -0.3628166
vn -0.8960015 1.948179 -0.326944
vn -1.02988 2.011912 -0.3628165
vn -0.5679985 1.948179 -0.326944
vn -0.4649283 2.011912 -0.4371938
vn -0.8790396 1.948179 -0.3678933
vn -0.9990715 2.011912 -0.4371938
vn -0.5849603 1.948179 -0.3678933
vn -0.513937 2.011912 -0.5010631
vn -0.8520573 1.948179 -0.4030574
vn -0.9500629 2.011911 -0.501063
vn -0.6740713 1.925773 -0.2674781
vn -0.6720277 1.925773 -0.283
vn -0.6740713 1.925773 -0.2985219
vn -0.6800626 1.925773 -0.2530138
vn -0.6895932 1.925773 -0.2405933
vn -0.7020138 1.925773 -0.2310626
vn -0.716478 1.925773 -0.2250713
vn -0.7319999 1.925773 -0.2230278
vn -0.7475218 1.925773 -0.2250713
vn -0.7619861 1.925773 -0.2310626
vn -0.7744067 1.925773 -0.2405932
vn -0.7839373 1.925773 -0.2530138
vn -0.7899286 1.925773 -0.2674781
vn -0.7919722 1.925773 -0.283
vn -0.7899286 1.925773 -0.2985219
vn -0.7839374 1.925773 -0.3129861
vn -0.6800625 1.925773 -0.3129861
vn -0.7744067 1.925773 -0.3254067
vn -0.6119426 1.948179 -0.4030574
vn -0.6895932 1.925773 -0.3254067
vn -0.7619861 1.925773 -0.3349374
vn -0.8168935 1.948179 -0.4300396
vn -0.886194 2.011912 -0.5500715
vn -1.028846 2.103643 -0.5798457
vn -0.9419017 2.103643 -0.6465602
vn -1.081502 2.20162 -0.6325017
vn -0.979135 2.20162 -0.7110505
vn -0.840653 2.103643 -0.6884987
vn -0.8599265 2.20162 -0.7604282
vn -0.8118166 2.011912 -0.5808797
vn -0.7759441 1.948179 -0.4470015
vn -0.7475219 1.925773 -0.3409287
vn -0.7020138 1.925773 -0.3349374
vn -0.7319999 2.103643 -0.7028033
vn -0.7319999 2.20162 -0.77727
vn -0.7319998 2.011912 -0.5913877
vn -0.7319999 1.948179 -0.4527869
vn -0.7319999 1.925773 -0.3429721
vn -0.7164779 1.925773 -0.3409286
vn -0.6880558 1.948179 -0.4470015
vn -0.6471065 1.948179 -0.4300396
vn -0.6521833 2.011912 -0.5808796
vn -0.577806 2.011912 -0.5500716
vn -0.6233469 2.103643 -0.6884987
vn -0.6040733 2.20162 -0.7604283
vn -0.5220983 2.103643 -0.6465603
vn -0.4351542 2.103643 -0.5798457
vn -0.484865 2.20162 -0.7110504
vn -0.3824983 2.20162 -0.6325017
vn -0.8814292 2.5 -0.8406775
vn -1.020675 2.5 -0.783
vn -1.004538 2.309671 -0.7550501
vn -0.873076 2.309671 -0.8095034
vn -0.7319999 2.5 -0.8603503
vn -0.7319999 2.309671 -0.8280764
vn -0.5825707 2.5 -0.8406775
vn -0.5909238 2.309671 -0.8095034
vn -0.4433248 2.5 -0.783
vn -0.4594617 2.309671 -0.7550501
vn -0.5058617 2.141142 -0.6746829
vn -0.6149423 2.141142 -0.7198654
vn -0.7319999 2.141141 -0.7352765
vn -0.8490576 2.141142 -0.7198654
vn -0.9581382 2.141142 -0.6746829
vn -1.117427 2.309671 -0.6684272
vn -1.051808 2.141142 -0.6028078
vn -1.020675 2.5 -0.783
vn -1.117427 2.309671 -0.6684272
vn -1.004538 2.309671 -0.7550501
vn -1.140248 2.5 -0.6912483
vn -1.20405 2.309671 -0.5555383
vn -1.232 2.5 -0.5716752
vn -1.051808 2.141142 -0.6028078
vn -1.258503 2.309671 -0.4240762
vn -1.123683 2.141142 -0.5091382
vn -1.232 2.5 -0.5716752
vn -1.289677 2.5 -0.4324293
vn -1.258503 2.309671 -0.4240762
vn -1.277076 2.309671 -0.283
vn -1.30935 2.5 -0.283
vn -1.168865 2.141141 -0.4000577
vn -1.123683 2.141142 -0.5091382
vn -1.184276 2.141142 -0.283
vn -1.258503 2.309671 -0.1419238
vn -1.289677 2.5 -0.1335707
vn -1.168865 2.141141 -0.1659422
vn -1.20405 2.309671 -0.01046154
vn -1.232 2.5 0.005675405
vn -1.123683 2.141141 -0.05686173
vn -1.117427 2.309671 0.1024273
vn -1.051808 2.141142 0.03680784
vn -1.140248 2.5 0.1252483
vn -1.004538 2.309671 0.18905
vn -1.020675 2.5 0.2169999
vn -0.8814292 2.5 0.2746775
vn -0.7319999 2.5 0.2943503
vn -0.7319999 2.309671 0.2620764
vn -0.873076 2.309671 0.2435035
vn -1.020675 2.5 0.2169999
vn -1.004538 2.309671 0.18905
vn -0.8490576 2.141142 0.1538655
vn -0.7319999 2.141141 0.1692764
vn -0.9581382 2.141142 0.1086828
vn -1.051808 2.141142 0.03680784
vn -1.117427 2.309671 0.1024273
vn -0.5825707 2.5 0.2746775
vn -0.4433247 2.5 0.2169999
vn -0.4594616 2.309671 0.18905
vn -0.5909238 2.309671 0.2435034
vn -0.7319999 2.5 0.2943503
vn -0.7319999 2.309671 0.2620764
vn -0.7319999 2.141141 0.1692764
vn -0.6149422 2.141141 0.1538655
vn -0.5058616 2.141142 0.1086829
vn -0.3465727 2.309671 0.1024272
vn -0.4121923 2.141141 0.03680763
vn -0.4433247 2.5 0.2169999
vn -0.3465727 2.309671 0.1024272
vn -0.4594616 2.309671 0.18905
vn -0.3237517 2.5 0.1252483
vn -0.25995 2.309671 -0.0104616
vn -0.4121923 2.141141 0.03680763
vn -0.2320001 2.5 0.005675405
vn -0.3403172 2.141141 -0.05686165
vn -0.2054965 2.309671 -0.1419238
vn -0.1743224 2.5 -0.1335707
vn -0.2951345 2.141141 -0.1659422
vn -0.1869235 2.309671 -0.283
vn -0.2797235 2.141141 -0.283
vn -0.1743224 2.5 -0.1335707
vn -0.1869235 2.309671 -0.283
vn -0.2054965 2.309671 -0.1419238
vn -0.1546497 2.5 -0.283
vn -0.2054965 2.309671 -0.4240761
vn -0.2797235 2.141141 -0.283
vn -0.1743224 2.5 -0.4324293
vn -0.2951344 2.141142 -0.4000578
vn -0.2599499 2.309671 -0.5555383
vn -0.232 2.5 -0.5716752
vn -0.3403171 2.141142 -0.5091382
vn -0.3465726 2.309671 -0.6684272
vn -0.4121921 2.141142 -0.6028078
vn -0.3237517 2.5 -0.6912483
vn -0.4594617 2.309671 -0.7550501
vn -0.4433248 2.5 -0.783
vn -0.4594617 2.309671 -0.7550501
vn -0.5058617 2.141142 -0.6746829
vn -0.4121921 2.141142 -0.6028078
vn -0.3465726 2.309671 -0.6684272
vn -0.481115 2.044537 -0.03211507
vn -0.5545975 2.044537 0.02426994
vn -0.5545975 2.044537 0.02426994
vn -0.481115 2.044537 -0.03211507
vn -0.42473 2.044537 -0.1055974
vn -0.42473 2.044537 -0.1055974
vn -0.42473 2.044537 -0.1055974
vn -0.3892845 2.044537 -0.1911697
vn -0.42473 2.044537 -0.1055974
vn -0.3892845 2.044537 -0.1911697
vn -0.3771946 2.044537 -0.283
vn -0.3771946 2.044537 -0.283
vn -0.3892843 2.044537 -0.3748303
vn -0.3892843 2.044537 -0.3748303
vn -0.4247297 2.044537 -0.4604026
vn -0.4247297 2.044537 -0.4604026
vn -0.4247297 2.044537 -0.4604026
vn -0.4811148 2.044537 -0.5338852
vn -0.4247297 2.044537 -0.4604026
vn -0.4811148 2.044537 -0.5338852
vn -0.5545974 2.044537 -0.5902703
vn -0.5545974 2.044537 -0.5902703
vn -0.6401696 2.044537 -0.6257154
vn -0.6401696 2.044537 -0.6257154
vn -0.6401696 2.044537 -0.6257154
vn -0.7319999 2.044537 -0.6378052
vn -0.6401696 2.044537 -0.6257154
vn -0.7319999 2.044537 -0.6378052
vn -0.8238302 2.044537 -0.6257154
vn -0.8238302 2.044537 -0.6257154
vn -0.9094025 2.044537 -0.5902703
vn -0.9094025 2.044537 -0.5902703
vn -0.982885 2.044537 -0.5338852
vn -0.982885 2.044537 -0.5338852
vn -1.03927 2.044537 -0.4604026
vn -1.03927 2.044537 -0.4604026
vn -1.03927 2.044537 -0.4604026
vn -1.074716 2.044537 -0.3748303
vn -1.03927 2.044537 -0.4604026
vn -1.074716 2.044537 -0.3748303
vn -1.086805 2.044537 -0.283
vn -1.086805 2.044537 -0.283
vn -1.074715 2.044537 -0.1911697
vn -1.074715 2.044537 -0.1911697
vn -1.03927 2.044537 -0.1055974
vn -1.074715 2.044537 -0.1911697
vn -1.074715 2.044537 -0.1911697
vn -1.03927 2.044537 -0.1055974
vn -0.9828849 2.044537 -0.03211507
vn -1.03927 2.044537 -0.1055974
vn -1.03927 2.044537 -0.1055974
vn -0.9828849 2.044537 -0.03211507
vn -0.9094024 2.044537 0.02426994
vn -0.9094024 2.044537 0.02426994
vn -0.8238302 2.044537 0.0597153
vn -0.8238302 2.044537 0.0597153
vn -0.7319999 2.044537 0.07180518
vn -0.7319999 2.044537 0.07180518
vn -0.6401697 2.044537 0.0597153
vn -0.6401697 2.044537 0.0597153
vn -0.5545975 2.044537 0.02426994
vn -0.5545975 2.044537 0.02426994
vn -0.5887297 2.664048 -0.8176917
vn -0.4552231 2.664047 -0.7623916
vn -0.4552231 2.664047 -0.7623916
vn -0.5887297 2.664048 -0.8176917
vn -0.7319999 2.664048 -0.8365536
vn -0.7319999 2.664048 -0.8365536
vn -0.8752702 2.664047 -0.8176919
vn -0.8752702 2.664047 -0.8176919
vn -1.008777 2.664047 -0.7623917
vn -1.008777 2.664047 -0.7623917
vn -0.4552231 2.664047 -0.7623916
vn -0.4552231 2.664047 -0.7623916
vn -0.3405783 2.664047 -0.6744217
vn -0.3405783 2.664047 -0.6744217
vn -0.2526087 2.664049 -0.5597768
vn -0.2526087 2.664049 -0.5597768
vn -0.1973085 2.664049 -0.4262701
vn -0.1973085 2.664049 -0.4262701
vn -0.1784464 2.664048 -0.283
vn -0.1784464 2.664048 -0.283
vn -0.1973082 2.664048 -0.1397298
vn -0.1973082 2.664048 -0.1397298
vn -0.1973082 2.664048 -0.1397298
vn -0.1973082 2.664048 -0.1397298
vn -0.2526093 2.664051 -0.00622344
vn -0.2526093 2.664051 -0.00622344
vn -0.3405793 2.664053 0.1084204
vn -0.3405793 2.664053 0.1084204
vn -0.4552235 2.66405 0.196391
vn -0.4552235 2.66405 0.196391
vn -0.4552235 2.66405 0.196391
vn -0.4552235 2.66405 0.196391
vn -0.5887299 2.664051 0.2516909
vn -0.5887299 2.664051 0.2516909
vn -0.7320001 2.664051 0.2705527
vn -0.7320001 2.664051 0.2705527
vn -0.7320001 2.664051 0.2705527
vn -0.7320001 2.664051 0.2705527
vn -0.8752698 2.664051 0.2516909
vn -0.8752698 2.664051 0.2516909
vn -1.008776 2.664051 0.1963906
vn -1.008776 2.664051 0.1963906
vn -1.008776 2.664051 0.1963906
vn -1.008776 2.664051 0.1963906
vn -1.123421 2.66405 0.1084211
vn -1.123421 2.66405 0.1084211
vn -1.21139 2.664052 -0.0062235
vn -1.21139 2.664052 -0.0062235
vn -1.266691 2.66405 -0.13973
vn -1.266691 2.66405 -0.13973
vn -1.285553 2.664048 -0.283
vn -1.285553 2.664048 -0.283
vn -1.266692 2.664048 -0.4262702
vn -1.266692 2.664048 -0.4262702
vn -1.266692 2.664048 -0.4262702
vn -1.266692 2.664048 -0.4262702
vn -1.211391 2.664049 -0.5597767
vn -1.211391 2.664049 -0.5597767
vn -1.123421 2.664048 -0.6744214
vn -1.123421 2.664048 -0.6744214
vn -1.008777 2.664047 -0.7623917
vn -1.008777 2.664047 -0.7623917
vn -0.8792538 2.003413 -0.538051
vn -0.8792538 2.003413 -0.538051
vn -0.9402481 2.003413 -0.491248
vn -0.9402481 2.003413 -0.491248
vn -0.808224 2.003413 -0.5674723
vn -0.9870511 2.003413 -0.4302541
vn -0.808224 2.003413 -0.5674723
vn -0.9870511 2.003413 -0.4302541
vn -0.7319998 2.003413 -0.5775073
vn -1.016472 2.003413 -0.3592243
vn -0.7319998 2.003413 -0.5775073
vn -1.016472 2.003413 -0.3592243
vn -0.6557759 2.003413 -0.5674728
vn -1.026507 2.003412 -0.283
vn -0.6557759 2.003413 -0.5674728
vn -1.026507 2.003412 -0.283
vn -0.5847462 2.003413 -0.5380507
vn -1.016472 2.003413 -0.206776
vn -0.5847462 2.003413 -0.5380507
vn -1.016472 2.003413 -0.206776
vn -0.523751 2.003413 -0.4912485
vn -0.9870506 2.003413 -0.1357464
vn -0.523751 2.003413 -0.4912485
vn -0.9870506 2.003413 -0.1357464
vn -0.4769486 2.003413 -0.4302544
vn -0.940248 2.003413 -0.07475188
vn -0.4769486 2.003413 -0.4302544
vn -0.940248 2.003413 -0.07475188
vn -0.4475282 2.003413 -0.359224
vn -0.8792536 2.003413 -0.02794906
vn -0.4475282 2.003413 -0.359224
vn -0.8792536 2.003413 -0.02794906
vn -0.4374933 2.003412 -0.283
vn -0.8082242 2.003413 0.001472771
vn -0.4374933 2.003412 -0.283
vn -0.8082242 2.003413 0.001472771
vn -0.447528 2.003413 -0.206776
vn -0.7320001 2.003413 0.0115073
vn -0.447528 2.003413 -0.206776
vn -0.7320001 2.003413 0.0115073
vn -0.4769492 2.003413 -0.1357463
vn -0.6557757 2.003413 0.001472175
vn -0.4769492 2.003413 -0.1357463
vn -0.6557757 2.003413 0.001472175
vn -0.5237517 2.003413 -0.07475169
vn -0.5847461 2.003413 -0.02794865
vn -0.5237517 2.003413 -0.07475169
vn -0.5847461 2.003413 -0.02794865
vt 0.561792 0.9553703
vt 0.5484363 0.9184844
vt 0.5484363 0.9496717
vt 0.561792 0.9231372
vt 0.5484363 0.8778407
vt 0.561792 0.8811307
vt 0.5169294 0.902297
vt 0.5484363 0.8305099
vt 0.561792 0.832213
vt 0.5169294 0.8663943
vt 0.4905826 0.8795427
vt 0.4905826 0.8503048
vt 0.5169294 0.824585
vt 0.4905826 0.8162561
vt 0.5484363 0.7797177
vt 0.561792 0.7797177
vt 0.5169294 0.7797177
vt 0.4905826 0.7797177
vt 0.5484363 0.7289254
vt 0.561792 0.7272226
vt 0.5169294 0.7348503
vt 0.4905826 0.7431791
vt 0.5484363 0.6815946
vt 0.561792 0.6783046
vt 0.5169294 0.6930407
vt 0.4905826 0.7091305
vt 0.5484363 0.6409506
vt 0.561792 0.636298
vt 0.5484363 0.6097636
vt 0.561792 0.6040653
vt 0.5169294 0.6571383
vt 0.4905826 0.6798924
vt 0.2483795 0.5991801
vt 0.2602282 0.6440887
vt 0.2602282 0.6020991
vt 0.2483795 0.642578
vt 0.2602282 0.6891495
vt 0.2483795 0.6891495
vt 0.2602282 0.7342103
vt 0.2483795 0.7357212
vt 0.2602282 0.7762002
vt 0.2483795 0.7791189
vt 0.4692662 0.9553703
vt 0.4559104 0.918485
vt 0.4559104 0.949672
vt 0.4692662 0.9231375
vt 0.4559104 0.877841
vt 0.4692662 0.8811311
vt 0.4244036 0.9022973
vt 0.4559104 0.8305102
vt 0.4692662 0.832213
vt 0.4244036 0.8663949
vt 0.3980567 0.8795433
vt 0.3980567 0.8503051
vt 0.4244036 0.8245853
vt 0.3980567 0.8162564
vt 0.4559104 0.7797179
vt 0.4692662 0.7797179
vt 0.4244036 0.7797179
vt 0.3980567 0.7797179
vt 0.4559104 0.7289257
vt 0.4692662 0.7272226
vt 0.4244036 0.7348506
vt 0.3980567 0.7431794
vt 0.4559104 0.6815949
vt 0.4692662 0.6783049
vt 0.4244036 0.6930413
vt 0.3980567 0.7091308
vt 0.4559104 0.6409512
vt 0.4692662 0.6362983
vt 0.4559104 0.6097639
vt 0.4692662 0.6040652
vt 0.4244036 0.6571386
vt 0.3980567 0.6798929
vt 0.2382809 0.779119
vt 0.2264322 0.7342103
vt 0.2264322 0.7762002
vt 0.2382809 0.7357212
vt 0.2264322 0.6891495
vt 0.2382809 0.6891495
vt 0.2264322 0.6440887
vt 0.2382809 0.642578
vt 0.2264322 0.6020991
vt 0.2382809 0.59918
vt 0.6374316 0.8686686
vt 0.6228961 0.8832042
vt 0.6593923 0.9112089
vt 0.6696705 0.8934066
vt 0.7018932 0.9288134
vt 0.6578638 0.8482363
vt 0.7072135 0.9089574
vt 0.7475023 0.934818
vt 0.6841184 0.8683823
vt 0.7475023 0.9142615
vt 0.7931114 0.9288134
vt 0.7146924 0.8810464
vt 0.7877911 0.9089574
vt 0.8356123 0.9112089
vt 0.7475023 0.8853658
vt 0.8253341 0.8934066
vt 0.8721087 0.8832042
vt 0.8575731 0.8686686
vt 0.7803122 0.8810463
vt 0.8108863 0.8683823
vt 0.8371408 0.8482364
vt 0.7007225 0.8396231
vt 0.7232873 0.8489697
vt 0.7475023 0.8521577
vt 0.7717174 0.8489697
vt 0.7942821 0.8396231
vt 0.6813457 0.8247546
vt 0.8136589 0.8247546
vt 0.8572867 0.8219819
vt 0.6664772 0.8053778
vt 0.6377181 0.8219819
vt 0.8285275 0.8053778
vt 0.8699508 0.7914079
vt 0.6571306 0.782813
vt 0.6250538 0.7914079
vt 0.8378741 0.782813
vt 0.8742703 0.758598
vt 0.6539426 0.758598
vt 0.6207345 0.758598
vt 0.841062 0.758598
vt 0.8699508 0.7257881
vt 0.6571306 0.734383
vt 0.6250538 0.7257881
vt 0.8378741 0.734383
vt 0.8572867 0.695214
vt 0.6664773 0.7118181
vt 0.6377181 0.695214
vt 0.8285275 0.7118181
vt 0.8371408 0.6689595
vt 0.6813456 0.6924413
vt 0.6578638 0.6689595
vt 0.8041926 0.7737881
vt 0.8061924 0.758598
vt 0.8041926 0.7434078
vt 0.7983295 0.7879429
vt 0.7890024 0.8000981
vt 0.7768473 0.8094251
vt 0.7626925 0.8152882
vt 0.7475023 0.8172881
vt 0.7323121 0.8152882
vt 0.7181574 0.8094251
vt 0.7060022 0.8000981
vt 0.6966752 0.7879429
vt 0.6908121 0.7737881
vt 0.6888123 0.758598
vt 0.6908121 0.7434078
vt 0.6966752 0.7292529
vt 0.7983295 0.7292529
vt 0.7060022 0.7170979
vt 0.8136591 0.6924412
vt 0.7890025 0.7170979
vt 0.7181573 0.7077709
vt 0.7007225 0.677573
vt 0.6841184 0.6488137
vt 0.6374316 0.6485272
vt 0.6696705 0.6237893
vt 0.6228959 0.6339915
vt 0.6593923 0.605987
vt 0.7072136 0.6082385
vt 0.7018933 0.5883825
vt 0.7146924 0.6361495
vt 0.7232873 0.6682262
vt 0.7323123 0.7019076
vt 0.7768474 0.7077709
vt 0.7475023 0.6029344
vt 0.7475023 0.582378
vt 0.7475023 0.63183
vt 0.7475023 0.6650382
vt 0.7475023 0.6999079
vt 0.7626924 0.7019076
vt 0.7717174 0.6682262
vt 0.7942822 0.677573
vt 0.7803122 0.6361495
vt 0.8108863 0.6488137
vt 0.7877911 0.6082385
vt 0.7931114 0.5883825
vt 0.8253341 0.6237893
vt 0.8575731 0.6485272
vt 0.8356123 0.605987
vt 0.8721088 0.6339915
vt 0.3362101 0.8322941
vt 0.3362101 0.8856149
vt 0.3583183 0.8856149
vt 0.3583183 0.8322941
vt 0.3362101 0.7750735
vt 0.3583183 0.7750735
vt 0.3362101 0.7178532
vt 0.3583183 0.7178532
vt 0.3362101 0.6645321
vt 0.3583183 0.6645321
vt 0.3748998 0.6711104
vt 0.3748998 0.7212583
vt 0.3748998 0.7750735
vt 0.3748998 0.8288888
vt 0.3748998 0.8790367
vt 0.3583183 0.9314027
vt 0.3748998 0.9220998
vt 0.5801534 0.4605501
vt 0.5568516 0.4235193
vt 0.5568516 0.4605501
vt 0.5801534 0.4235193
vt 0.5568516 0.3752597
vt 0.5801534 0.3752597
vt 0.5393751 0.4137142
vt 0.5568516 0.3190604
vt 0.5393751 0.3683263
vt 0.5801534 0.3752597
vt 0.5801534 0.3190604
vt 0.5568516 0.3190604
vt 0.5568516 0.2587509
vt 0.5801534 0.2587509
vt 0.5393751 0.3154713
vt 0.5393751 0.3683263
vt 0.5393751 0.2587509
vt 0.5568516 0.1984413
vt 0.5801534 0.1984413
vt 0.5393751 0.2020304
vt 0.5568516 0.142242
vt 0.5801534 0.142242
vt 0.5393751 0.1491753
vt 0.5568516 0.0939824
vt 0.5393751 0.1037878
vt 0.5801534 0.0939824
vt 0.5568516 0.05695157
vt 0.5801534 0.05695157
vt 0.3164659 0.8322942
vt 0.3164659 0.7750735
vt 0.2943576 0.7750735
vt 0.2943576 0.8322942
vt 0.3164659 0.8856151
vt 0.2943576 0.8856151
vt 0.2777761 0.8288889
vt 0.2777761 0.7750735
vt 0.2777761 0.8790368
vt 0.2777761 0.9221
vt 0.2943576 0.9314029
vt 0.3164659 0.7178532
vt 0.3164659 0.664532
vt 0.2943576 0.664532
vt 0.2943576 0.7178532
vt 0.3164659 0.7750735
vt 0.2943576 0.7750735
vt 0.2777761 0.7750735
vt 0.2777761 0.7212582
vt 0.2777761 0.6711103
vt 0.2943576 0.6187441
vt 0.2777761 0.6280473
vt 0.6645693 0.4605505
vt 0.6412675 0.4235197
vt 0.6412675 0.4605505
vt 0.6645693 0.4235197
vt 0.6412675 0.3752599
vt 0.6237909 0.4137142
vt 0.6645693 0.3752599
vt 0.6237909 0.3683266
vt 0.6412675 0.3190605
vt 0.6645693 0.3190605
vt 0.6237909 0.3154714
vt 0.6412675 0.2587509
vt 0.6237909 0.2587509
vt 0.6645693 0.3190605
vt 0.6412675 0.2587509
vt 0.6412675 0.3190605
vt 0.6645693 0.2587509
vt 0.6412675 0.1984411
vt 0.6237909 0.2587509
vt 0.6645693 0.1984411
vt 0.6237909 0.2020303
vt 0.6412675 0.1422417
vt 0.6645693 0.1422417
vt 0.6237909 0.1491751
vt 0.6412675 0.09398203
vt 0.6237909 0.1037872
vt 0.6645693 0.09398203
vt 0.6412675 0.05695112
vt 0.6645693 0.05695112
vt 0.3583183 0.6645321
vt 0.3748998 0.6711104
vt 0.3748998 0.6280476
vt 0.3583183 0.6187444
vt 0.4021544 0.4315932
vt 0.3472255 0.4460571
vt 0.3583021 0.4652423
vt 0.3864897 0.4159285
vt 0.4166181 0.3766644
vt 0.4358035 0.387741
vt 0.6210226 0.3687368
vt 0.603094 0.309727
vt 0.603094 0.3572295
vt 0.6210226 0.3156839
vt 0.6210226 0.2587509
vt 0.603094 0.2587509
vt 0.603094 0.2077744
vt 0.6210226 0.2018178
vt 0.6210226 0.1487646
vt 0.603094 0.1602722
vt 0.4358035 0.1760035
vt 0.3864897 0.1478159
vt 0.4166181 0.1870801
vt 0.4021544 0.1321512
vt 0.3583021 0.09850219
vt 0.3472255 0.1176874
vt 0.3015013 0.09874794
vt 0.307235 0.07734959
vt 0.307235 0.07734959
vt 0.2524333 0.09228802
vt 0.3015013 0.09874794
vt 0.2524333 0.07013479
vt 0.1976316 0.07734959
vt 0.2033652 0.09874794
vt 0.1465646 0.09850219
vt 0.1576411 0.1176874
vt 0.1183769 0.1478159
vt 0.1027122 0.1321512
vt 0.06906329 0.1760035
vt 0.08824852 0.1870801
vt 0.5366068 0.3687368
vt 0.5186782 0.3097272
vt 0.5186782 0.3572293
vt 0.5366068 0.3156838
vt 0.5366068 0.2587509
vt 0.5186782 0.2587509
vt 0.5186782 0.2077748
vt 0.5366068 0.2018179
vt 0.5366068 0.1487652
vt 0.5186782 0.2077748
vt 0.5366068 0.2018179
vt 0.5186782 0.1602724
vt 0.1027122 0.4315932
vt 0.08824852 0.3766644
vt 0.06906329 0.387741
vt 0.1183769 0.4159285
vt 0.1576411 0.4460571
vt 0.1465646 0.4652423
vt 0.1976316 0.4863949
vt 0.2033652 0.4649966
vt 0.2524333 0.4936098
vt 0.2524333 0.4714566
vt 0.3015013 0.4649966
vt 0.307235 0.4863949
vt 0.3472255 0.4460571
vt 0.3583021 0.4652423
vt 0.3748998 0.7212583
vt 0.3775263 0.6707212
vt 0.3748998 0.6711104
vt 0.3775263 0.7210567
vt 0.3748998 0.7750735
vt 0.3775263 0.7750735
vt 0.3748998 0.8288888
vt 0.3775263 0.8290904
vt 0.3748998 0.8790367
vt 0.3775263 0.8794261
vt 0.6237909 0.06895988
vt 0.6210226 0.06824933
vt 0.6210226 0.1032072
vt 0.6237909 0.1037872
vt 0.6210226 0.1487646
vt 0.6237909 0.1491751
vt 0.6210226 0.2018178
vt 0.6237909 0.2020303
vt 0.6210226 0.2587509
vt 0.6237909 0.2587509
vt 0.6210226 0.3156839
vt 0.6237909 0.3154714
vt 0.6237909 0.3154714
vt 0.6210226 0.3156839
vt 0.6210226 0.3687368
vt 0.6237909 0.3683266
vt 0.6210226 0.4142945
vt 0.6237909 0.4137142
vt 0.6210226 0.4492521
vt 0.6237909 0.4485415
vt 0.2777761 0.6711103
vt 0.2751496 0.6707211
vt 0.2751496 0.7210566
vt 0.2777761 0.7212582
vt 0.2751496 0.7750735
vt 0.2777761 0.7750735
vt 0.2777761 0.7750735
vt 0.2751496 0.7750735
vt 0.2751496 0.8290905
vt 0.2777761 0.8288889
vt 0.2751496 0.8794263
vt 0.2777761 0.8790368
vt 0.5393751 0.06896056
vt 0.5366068 0.06825003
vt 0.5366068 0.1032075
vt 0.5393751 0.1037878
vt 0.5366068 0.1487652
vt 0.5393751 0.1491753
vt 0.5366068 0.2018179
vt 0.5393751 0.2020304
vt 0.5366068 0.2587509
vt 0.5393751 0.2587509
vt 0.5366068 0.3156838
vt 0.5393751 0.3154713
vt 0.5393751 0.3154713
vt 0.5366068 0.3156838
vt 0.5366068 0.3687368
vt 0.5393751 0.3683263
vt 0.5366068 0.4142942
vt 0.5393751 0.4137142
vt 0.5366068 0.4492519
vt 0.5393751 0.4485414
vt 0.3460301 0.4439867
vt 0.3472255 0.4460571
vt 0.3864897 0.4159285
vt 0.3847991 0.4142379
vt 0.3008825 0.4626873
vt 0.4166181 0.3766644
vt 0.3015013 0.4649966
vt 0.4145476 0.375469
vt 0.2524333 0.4690658
vt 0.4355578 0.3309403
vt 0.2524333 0.4714566
vt 0.4332484 0.3303216
vt 0.2039841 0.4626873
vt 0.4420176 0.2818723
vt 0.2033652 0.4649966
vt 0.4396268 0.2818723
vt 0.1588366 0.4439867
vt 0.4355578 0.2328043
vt 0.1576411 0.4460571
vt 0.4332484 0.2334231
vt 0.1200676 0.4142379
vt 0.4166181 0.1870801
vt 0.1183769 0.4159285
vt 0.4145476 0.1882756
vt 0.09031898 0.375469
vt 0.3864897 0.1478159
vt 0.08824852 0.3766644
vt 0.3847991 0.1495066
vt 0.07161824 0.3303216
vt 0.3472255 0.1176874
vt 0.06930889 0.3309403
vt 0.3460301 0.119758
vt 0.06523977 0.2818723
vt 0.3015013 0.09874794
vt 0.06284904 0.2818723
vt 0.3008825 0.1010573
vt 0.07161824 0.2334231
vt 0.2524333 0.09228802
vt 0.06930889 0.2328043
vt 0.2524333 0.09467877
vt 0.09031898 0.1882756
vt 0.2033652 0.09874794
vt 0.08824852 0.1870801
vt 0.2039841 0.1010573
vt 0.1200676 0.1495066
vt 0.1576411 0.1176874
vt 0.1183769 0.1478159
vt 0.1588366 0.119758
usemtl Light1
f 3/3/3 2/2/2 1/1/1
f 2/2/2 4/4/4 1/1/1
f 2/2/2 5/5/5 4/4/4
f 5/5/5 6/6/6 4/4/4
f 5/5/5 2/2/2 7/7/7
f 5/5/5 8/8/8 6/6/6
f 8/8/8 9/9/9 6/6/6
f 10/10/10 5/5/5 7/7/7
f 8/8/8 5/5/5 10/10/10
f 10/10/10 7/7/7 11/11/11
f 12/12/12 10/10/10 11/11/11
f 13/13/13 10/10/10 12/12/12
f 13/13/13 8/8/8 10/10/10
f 14/14/14 13/13/13 12/12/12
f 8/8/8 15/15/15 9/9/9
f 15/15/15 8/8/8 13/13/13
f 15/15/15 16/16/16 9/9/9
f 17/17/17 13/13/13 14/14/14
f 17/17/17 15/15/15 13/13/13
f 18/18/18 17/17/17 14/14/14
f 15/15/15 19/19/19 16/16/16
f 19/19/19 15/15/15 17/17/17
f 19/19/19 20/20/20 16/16/16
f 21/21/21 17/17/17 18/18/18
f 21/21/21 19/19/19 17/17/17
f 22/22/22 21/21/21 18/18/18
f 19/19/19 23/23/23 20/20/20
f 23/23/23 19/19/19 21/21/21
f 23/23/23 24/24/24 20/20/20
f 25/25/25 21/21/21 22/22/22
f 25/25/25 23/23/23 21/21/21
f 26/26/26 25/25/25 22/22/22
f 23/23/23 27/27/27 24/24/24
f 27/27/27 23/23/23 25/25/25
f 27/27/27 28/28/28 24/24/24
f 27/27/27 29/29/29 28/28/28
f 29/29/29 30/30/30 28/28/28
f 31/31/31 27/27/27 25/25/25
f 31/31/31 25/25/25 26/26/26
f 32/32/32 31/31/31 26/26/26
f 35/35/35 34/34/34 33/33/33
f 34/34/34 36/36/36 33/33/33
f 34/34/34 37/37/37 36/36/36
f 37/37/37 38/38/38 36/36/36
f 37/37/37 39/39/39 38/38/38
f 39/39/39 40/40/40 38/38/38
f 39/39/39 41/41/41 40/40/40
f 41/41/41 42/42/42 40/40/40
f 45/45/45 44/44/44 43/43/43
f 44/44/44 46/46/46 43/43/43
f 44/44/44 47/47/47 46/46/46
f 47/47/47 48/48/48 46/46/46
f 47/47/47 44/44/44 49/49/49
f 47/47/47 50/50/50 48/48/48
f 50/50/50 51/51/51 48/48/48
f 52/52/52 47/47/47 49/49/49
f 50/50/50 47/47/47 52/52/52
f 52/52/52 49/49/49 53/53/53
f 54/54/54 52/52/52 53/53/53
f 55/55/55 52/52/52 54/54/54
f 55/55/55 50/50/50 52/52/52
f 56/56/56 55/55/55 54/54/54
f 50/50/50 57/57/57 51/51/51
f 57/57/57 50/50/50 55/55/55
f 57/57/57 58/58/58 51/51/51
f 59/59/59 55/55/55 56/56/56
f 59/59/59 57/57/57 55/55/55
f 60/60/60 59/59/59 56/56/56
f 57/57/57 61/61/61 58/58/58
f 61/61/61 57/57/57 59/59/59
f 61/61/61 62/62/62 58/58/58
f 63/63/63 59/59/59 60/60/60
f 63/63/63 61/61/61 59/59/59
f 64/64/64 63/63/63 60/60/60
f 61/61/61 65/65/65 62/62/62
f 65/65/65 61/61/61 63/63/63
f 65/65/65 66/66/66 62/62/62
f 67/67/67 63/63/63 64/64/64
f 67/67/67 65/65/65 63/63/63
f 68/68/68 67/67/67 64/64/64
f 65/65/65 69/69/69 66/66/66
f 69/69/69 65/65/65 67/67/67
f 69/69/69 70/70/70 66/66/66
f 69/69/69 71/71/71 70/70/70
f 71/71/71 72/72/72 70/70/70
f 73/73/73 69/69/69 67/67/67
f 73/73/73 67/67/67 68/68/68
f 74/74/74 73/73/73 68/68/68
f 77/77/77 76/76/76 75/75/75
f 76/76/76 78/78/78 75/75/75
f 76/76/76 79/79/79 78/78/78
f 79/79/79 80/80/80 78/78/78
f 79/79/79 81/81/81 80/80/80
f 81/81/81 82/82/82 80/80/80
f 81/81/81 83/83/83 82/82/82
f 83/83/83 84/84/84 82/82/82
f 87/87/87 86/86/86 85/85/85
f 88/88/88 87/87/87 85/85/85
f 89/89/89 87/87/87 88/88/88
f 88/88/88 85/85/85 90/90/90
f 91/91/91 89/89/89 88/88/88
f 92/92/92 89/89/89 91/91/91
f 93/93/93 88/88/88 90/90/90
f 91/91/91 88/88/88 93/93/93
f 94/94/94 92/92/92 91/91/91
f 95/95/95 92/92/92 94/94/94
f 96/96/96 91/91/91 93/93/93
f 94/94/94 91/91/91 96/96/96
f 97/97/97 95/95/95 94/94/94
f 98/98/98 95/95/95 97/97/97
f 99/99/99 94/94/94 96/96/96
f 97/97/97 94/94/94 99/99/99
f 100/100/100 98/98/98 97/97/97
f 101/101/101 98/98/98 100/100/100
f 102/102/102 101/101/101 100/100/100
f 100/100/100 97/97/97 103/103/103
f 103/103/103 97/97/97 99/99/99
f 102/102/102 100/100/100 104/104/104
f 104/104/104 100/100/100 103/103/103
f 105/105/105 102/102/102 104/104/104
f 96/96/96 93/93/93 106/106/106
f 99/99/99 96/96/96 107/107/107
f 107/107/107 96/96/96 106/106/106
f 103/103/103 99/99/99 108/108/108
f 108/108/108 99/99/99 107/107/107
f 104/104/104 103/103/103 109/109/109
f 109/109/109 103/103/103 108/108/108
f 105/105/105 104/104/104 110/110/110
f 110/110/110 104/104/104 109/109/109
f 106/106/106 93/93/93 111/111/111
f 93/93/93 90/90/90 111/111/111
f 112/112/112 105/105/105 110/110/110
f 113/113/113 105/105/105 112/112/112
f 111/111/111 90/90/90 114/114/114
f 90/90/90 115/115/115 114/114/114
f 116/116/116 113/113/113 112/112/112
f 117/117/117 113/113/113 116/116/116
f 114/114/114 115/115/115 118/118/118
f 115/115/115 119/119/119 118/118/118
f 120/120/120 117/117/117 116/116/116
f 121/121/121 117/117/117 120/120/120
f 118/118/118 119/119/119 122/122/122
f 119/119/119 123/123/123 122/122/122
f 124/124/124 121/121/121 120/120/120
f 125/125/125 121/121/121 124/124/124
f 122/122/122 123/123/123 126/126/126
f 123/123/123 127/127/127 126/126/126
f 128/128/128 125/125/125 124/124/124
f 129/129/129 125/125/125 128/128/128
f 126/126/126 127/127/127 130/130/130
f 127/127/127 131/131/131 130/130/130
f 132/132/132 129/129/129 128/128/128
f 133/133/133 129/129/129 132/132/132
f 130/130/130 131/131/131 134/134/134
f 131/131/131 135/135/135 134/134/134
f 124/124/124 120/120/120 136/136/136
f 128/128/128 124/124/124 137/137/137
f 137/137/137 124/124/124 136/136/136
f 132/132/132 128/128/128 138/138/138
f 138/138/138 128/128/128 137/137/137
f 136/136/136 120/120/120 139/139/139
f 120/120/120 116/116/116 139/139/139
f 139/139/139 116/116/116 140/140/140
f 116/116/116 112/112/112 140/140/140
f 140/140/140 112/112/112 141/141/141
f 112/112/112 110/110/110 141/141/141
f 141/141/141 110/110/110 142/142/142
f 110/110/110 109/109/109 142/142/142
f 142/142/142 109/109/109 143/143/143
f 109/109/109 108/108/108 143/143/143
f 143/143/143 108/108/108 144/144/144
f 142/142/142 143/143/143 144/144/144
f 108/108/108 107/107/107 144/144/144
f 142/142/142 144/144/144 145/145/145
f 144/144/144 107/107/107 145/145/145
f 141/141/141 142/142/142 145/145/145
f 107/107/107 106/106/106 145/145/145
f 141/141/141 145/145/145 146/146/146
f 145/145/145 106/106/106 146/146/146
f 140/140/140 141/141/141 146/146/146
f 106/106/106 111/111/111 146/146/146
f 140/140/140 146/146/146 147/147/147
f 146/146/146 111/111/111 147/147/147
f 139/139/139 140/140/140 147/147/147
f 111/111/111 114/114/114 147/147/147
f 139/139/139 147/147/147 148/148/148
f 147/147/147 114/114/114 148/148/148
f 136/136/136 139/139/139 148/148/148
f 114/114/114 118/118/118 148/148/148
f 136/136/136 148/148/148 149/149/149
f 148/148/148 118/118/118 149/149/149
f 137/137/137 136/136/136 149/149/149
f 118/118/118 122/122/122 149/149/149
f 137/137/137 149/149/149 150/150/150
f 149/149/149 122/122/122 150/150/150
f 122/122/122 126/126/126 150/150/150
f 138/138/138 137/137/137 150/150/150
f 150/150/150 126/126/126 151/151/151
f 138/138/138 150/150/150 151/151/151
f 126/126/126 130/130/130 151/151/151
f 152/152/152 138/138/138 151/151/151
f 152/152/152 132/132/132 138/138/138
f 151/151/151 130/130/130 153/153/153
f 152/152/152 151/151/151 153/153/153
f 130/130/130 134/134/134 153/153/153
f 154/154/154 132/132/132 152/152/152
f 154/154/154 133/133/133 132/132/132
f 155/155/155 152/152/152 153/153/153
f 155/155/155 154/154/154 152/152/152
f 153/153/153 134/134/134 156/156/156
f 155/155/155 153/153/153 156/156/156
f 134/134/134 157/157/157 156/156/156
f 134/134/134 135/135/135 157/157/157
f 135/135/135 158/158/158 157/157/157
f 135/135/135 159/159/159 158/158/158
f 159/159/159 160/160/160 158/158/158
f 159/159/159 161/161/161 160/160/160
f 161/161/161 162/162/162 160/160/160
f 160/160/160 162/162/162 163/163/163
f 162/162/162 164/164/164 163/163/163
f 158/158/158 160/160/160 165/165/165
f 160/160/160 163/163/163 165/165/165
f 157/157/157 158/158/158 166/166/166
f 158/158/158 165/165/165 166/166/166
f 156/156/156 157/157/157 167/167/167
f 157/157/157 166/166/166 167/167/167
f 168/168/168 155/155/155 156/156/156
f 168/168/168 156/156/156 167/167/167
f 163/163/163 164/164/164 169/169/169
f 164/164/164 170/170/170 169/169/169
f 165/165/165 163/163/163 171/171/171
f 163/163/163 169/169/169 171/171/171
f 166/166/166 165/165/165 172/172/172
f 165/165/165 171/171/171 172/172/172
f 167/167/167 166/166/166 173/173/173
f 166/166/166 172/172/172 173/173/173
f 167/167/167 173/173/173 174/174/174
f 173/173/173 172/172/172 174/174/174
f 174/174/174 168/168/168 167/167/167
f 172/172/172 175/175/175 174/174/174
f 172/172/172 171/171/171 175/175/175
f 174/174/174 175/175/175 168/168/168
f 168/168/168 176/176/176 155/155/155
f 175/175/175 176/176/176 168/168/168
f 176/176/176 154/154/154 155/155/155
f 171/171/171 177/177/177 175/175/175
f 171/171/171 169/169/169 177/177/177
f 175/175/175 177/177/177 176/176/176
f 176/176/176 178/178/178 154/154/154
f 177/177/177 178/178/178 176/176/176
f 178/178/178 133/133/133 154/154/154
f 169/169/169 179/179/179 177/177/177
f 177/177/177 179/179/179 178/178/178
f 169/169/169 170/170/170 179/179/179
f 170/170/170 180/180/180 179/179/179
f 178/178/178 181/181/181 133/133/133
f 179/179/179 181/181/181 178/178/178
f 179/179/179 180/180/180 181/181/181
f 181/181/181 182/182/182 133/133/133
f 180/180/180 183/183/183 181/181/181
f 181/181/181 183/183/183 182/182/182
f 183/183/183 184/184/184 182/182/182
usemtl Metal_chrome_mat
f 187/187/187 186/186/186 185/185/185
f 188/188/188 187/187/187 185/185/185
f 188/188/188 185/185/185 189/189/189
f 190/190/190 188/188/188 189/189/189
f 190/190/190 189/189/189 191/191/191
f 192/192/192 190/190/190 191/191/191
f 192/192/192 191/191/191 193/193/193
f 194/194/194 192/192/192 193/193/193
f 194/194/194 195/195/195 192/192/192
f 195/195/195 196/196/196 192/192/192
f 192/192/192 196/196/196 190/190/190
f 196/196/196 197/197/197 190/190/190
f 190/190/190 197/197/197 188/188/188
f 197/197/197 198/198/198 188/188/188
f 188/188/188 198/198/198 187/187/187
f 198/198/198 199/199/199 187/187/187
f 187/187/187 199/199/199 200/200/200
f 199/199/199 201/201/201 200/200/200
f 204/204/204 203/203/203 202/202/202
f 203/203/203 205/205/205 202/202/202
f 203/203/203 206/206/206 205/205/205
f 206/206/206 207/207/207 205/205/205
f 203/203/203 208/208/208 206/206/206
f 206/206/206 209/209/209 207/207/207
f 208/208/208 210/210/210 206/206/206
f 206/206/206 210/210/210 209/209/209
f 213/213/213 212/212/212 211/211/211
f 213/213/213 214/214/214 212/212/212
f 214/214/214 215/215/215 212/212/212
f 213/213/213 216/216/216 214/214/214
f 217/217/217 216/216/216 213/213/213
f 216/216/216 218/218/218 214/214/214
f 214/214/214 219/219/219 215/215/215
f 214/214/214 218/218/218 219/219/219
f 219/219/219 220/220/220 215/215/215
f 218/218/218 221/221/221 219/219/219
f 219/219/219 222/222/222 220/220/220
f 219/219/219 221/221/221 222/222/222
f 222/222/222 223/223/223 220/220/220
f 221/221/221 224/224/224 222/222/222
f 222/222/222 225/225/225 223/223/223
f 222/222/222 224/224/224 225/225/225
f 224/224/224 226/226/226 225/225/225
f 225/225/225 227/227/227 223/223/223
f 225/225/225 228/228/228 227/227/227
f 228/228/228 229/229/229 227/227/227
f 232/232/232 231/231/231 230/230/230
f 233/233/233 232/232/232 230/230/230
f 233/233/233 230/230/230 234/234/234
f 235/235/235 233/233/233 234/234/234
f 233/233/233 236/236/236 232/232/232
f 236/236/236 237/237/237 232/232/232
f 238/238/238 236/236/236 233/233/233
f 235/235/235 238/238/238 233/233/233
f 239/239/239 238/238/238 235/235/235
f 240/240/240 239/239/239 235/235/235
f 243/243/243 242/242/242 241/241/241
f 244/244/244 243/243/243 241/241/241
f 244/244/244 241/241/241 245/245/245
f 246/246/246 244/244/244 245/245/245
f 246/246/246 247/247/247 244/244/244
f 247/247/247 248/248/248 244/244/244
f 244/244/244 248/248/248 243/243/243
f 248/248/248 249/249/249 243/243/243
f 243/243/243 249/249/249 250/250/250
f 249/249/249 251/251/251 250/250/250
f 254/254/254 253/253/253 252/252/252
f 253/253/253 255/255/255 252/252/252
f 253/253/253 256/256/256 255/255/255
f 253/253/253 257/257/257 256/256/256
f 256/256/256 258/258/258 255/255/255
f 257/257/257 259/259/259 256/256/256
f 256/256/256 260/260/260 258/258/258
f 256/256/256 259/259/259 260/260/260
f 260/260/260 261/261/261 258/258/258
f 259/259/259 262/262/262 260/260/260
f 260/260/260 262/262/262 263/263/263
f 262/262/262 264/264/264 263/263/263
f 267/267/267 266/266/266 265/265/265
f 266/266/266 268/268/268 265/265/265
f 266/266/266 269/269/269 268/268/268
f 266/266/266 270/270/270 269/269/269
f 269/269/269 271/271/271 268/268/268
f 270/270/270 272/272/272 269/269/269
f 269/269/269 273/273/273 271/271/271
f 269/269/269 272/272/272 273/273/273
f 273/273/273 274/274/274 271/271/271
f 272/272/272 275/275/275 273/273/273
f 273/273/273 276/276/276 274/274/274
f 273/273/273 275/275/275 276/276/276
f 275/275/275 277/277/277 276/276/276
f 276/276/276 278/278/278 274/274/274
f 276/276/276 279/279/279 278/278/278
f 279/279/279 280/280/280 278/278/278
f 283/283/283 282/282/282 281/281/281
f 284/284/284 283/283/283 281/281/281
usemtl Brass_Mat
f 287/287/287 286/286/286 285/285/285
f 286/286/286 288/288/288 285/285/285
f 288/288/288 289/289/289 285/285/285
f 289/289/289 290/290/290 285/285/285
f 293/293/293 292/292/292 291/291/291
f 292/292/292 294/294/294 291/291/291
f 294/294/294 292/292/292 295/295/295
f 292/292/292 296/296/296 295/295/295
f 296/296/296 297/297/297 295/295/295
f 297/297/297 298/298/298 295/295/295
f 298/298/298 297/297/297 299/299/299
f 297/297/297 300/300/300 299/299/299
f 303/303/303 302/302/302 301/301/301
f 302/302/302 304/304/304 301/301/301
f 304/304/304 302/302/302 305/305/305
f 302/302/302 306/306/306 305/305/305
f 306/306/306 307/307/307 305/305/305
f 307/307/307 308/308/308 305/305/305
f 311/311/311 310/310/310 309/309/309
f 310/310/310 312/312/312 309/309/309
f 312/312/312 310/310/310 313/313/313
f 310/310/310 314/314/314 313/313/313
f 313/313/313 314/314/314 315/315/315
f 314/314/314 316/316/316 315/315/315
f 316/316/316 317/317/317 315/315/315
f 317/317/317 318/318/318 315/315/315
f 318/318/318 317/317/317 319/319/319
f 317/317/317 320/320/320 319/319/319
f 323/323/323 322/322/322 321/321/321
f 322/322/322 324/324/324 321/321/321
f 324/324/324 322/322/322 325/325/325
f 322/322/322 326/326/326 325/325/325
f 326/326/326 327/327/327 325/325/325
f 327/327/327 328/328/328 325/325/325
f 331/331/331 330/330/330 329/329/329
f 330/330/330 332/332/332 329/329/329
f 335/335/335 334/334/334 333/333/333
f 334/334/334 336/336/336 333/333/333
f 336/336/336 337/337/337 333/333/333
f 337/337/337 338/338/338 333/333/333
f 338/338/338 337/337/337 339/339/339
f 337/337/337 340/340/340 339/339/339
f 339/339/339 340/340/340 341/341/341
f 340/340/340 342/342/342 341/341/341
f 342/342/342 343/343/343 341/341/341
f 343/343/343 344/344/344 341/341/341
f 343/343/343 345/345/345 344/344/344
f 345/345/345 346/346/346 344/344/344
f 349/349/349 348/348/348 347/347/347
f 348/348/348 350/350/350 347/347/347
f 347/347/347 350/350/350 351/351/351
f 350/350/350 352/352/352 351/351/351
f 351/351/351 352/352/352 353/353/353
f 352/352/352 354/354/354 353/353/353
f 353/353/353 354/354/354 355/355/355
f 354/354/354 356/356/356 355/355/355
f 359/359/359 358/358/358 357/357/357
f 360/360/360 359/359/359 357/357/357
f 361/361/361 359/359/359 360/360/360
f 362/362/362 361/361/361 360/360/360
f 363/363/363 361/361/361 362/362/362
f 364/364/364 363/363/363 362/362/362
f 365/365/365 363/363/363 364/364/364
f 366/366/366 365/365/365 364/364/364
f 367/367/367 365/365/365 366/366/366
f 368/368/368 367/367/367 366/366/366
f 371/371/371 370/370/370 369/369/369
f 372/372/372 371/371/371 369/369/369
f 373/373/373 371/371/371 372/372/372
f 374/374/374 373/373/373 372/372/372
f 375/375/375 373/373/373 374/374/374
f 376/376/376 375/375/375 374/374/374
f 379/379/379 378/378/378 377/377/377
f 380/380/380 379/379/379 377/377/377
f 381/381/381 379/379/379 380/380/380
f 382/382/382 381/381/381 380/380/380
f 385/385/385 384/384/384 383/383/383
f 386/386/386 385/385/385 383/383/383
f 387/387/387 385/385/385 386/386/386
f 388/388/388 387/387/387 386/386/386
f 391/391/391 390/390/390 389/389/389
f 392/392/392 391/391/391 389/389/389
f 393/393/393 391/391/391 392/392/392
f 394/394/394 393/393/393 392/392/392
f 395/395/395 393/393/393 394/394/394
f 396/396/396 395/395/395 394/394/394
f 397/397/397 395/395/395 396/396/396
f 398/398/398 397/397/397 396/396/396
f 399/399/399 397/397/397 398/398/398
f 400/400/400 399/399/399 398/398/398
f 403/403/403 402/402/402 401/401/401
f 404/404/404 403/403/403 401/401/401
f 405/405/405 403/403/403 404/404/404
f 406/406/406 405/405/405 404/404/404
f 407/407/407 405/405/405 406/406/406
f 408/408/408 407/407/407 406/406/406
f 411/411/411 410/410/410 409/409/409
f 412/412/412 411/411/411 409/409/409
f 409/409/409 410/410/410 413/413/413
f 414/414/414 411/411/411 412/412/412
f 410/410/410 415/415/415 413/413/413
f 416/416/416 414/414/414 412/412/412
f 413/413/413 415/415/415 417/417/417
f 418/418/418 414/414/414 416/416/416
f 415/415/415 419/419/419 417/417/417
f 420/420/420 418/418/418 416/416/416
f 417/417/417 419/419/419 421/421/421
f 422/422/422 418/418/418 420/420/420
f 419/419/419 423/423/423 421/421/421
f 424/424/424 422/422/422 420/420/420
f 421/421/421 423/423/423 425/425/425
f 426/426/426 422/422/422 424/424/424
f 423/423/423 427/427/427 425/425/425
f 428/428/428 426/426/426 424/424/424
f 425/425/425 427/427/427 429/429/429
f 430/430/430 426/426/426 428/428/428
f 427/427/427 431/431/431 429/429/429
f 432/432/432 430/430/430 428/428/428
f 429/429/429 431/431/431 433/433/433
f 434/434/434 430/430/430 432/432/432
f 431/431/431 435/435/435 433/433/433
f 436/436/436 434/434/434 432/432/432
f 433/433/433 435/435/435 437/437/437
f 438/438/438 434/434/434 436/436/436
f 435/435/435 439/439/439 437/437/437
f 440/440/440 438/438/438 436/436/436
f 437/437/437 439/439/439 441/441/441
f 442/442/442 438/438/438 440/440/440
f 439/439/439 443/443/443 441/441/441
f 444/444/444 442/442/442 440/440/440
f 441/441/441 443/443/443 445/445/445
f 446/446/446 442/442/442 444/444/444
f 443/443/443 447/447/447 445/445/445
f 448/448/448 446/446/446 444/444/444
f 445/445/445 447/447/447 449/449/449
f 450/450/450 446/446/446 448/448/448
f 447/447/447 451/451/451 449/449/449
f 452/452/452 450/450/450 448/448/448
f 449/449/449 451/451/451 453/453/453
f 454/454/454 450/450/450 452/452/452
f 451/451/451 455/455/455 453/453/453
f 456/456/456 454/454/454 452/452/452
f 453/453/453 455/455/455 456/456/456
f 455/455/455 454/454/454 456/456/456
g FP314:LightFixture4_9ae55afe
v -0.64854 2.4485 -0.13844
v -0.6178 2.43751 -0.1688
v -0.65124 2.43751 -0.14313
v -0.61397 2.4485 -0.16497
v -0.59213 2.43751 -0.20224
v -0.58744 2.4485 -0.19954
v -0.63112 2.41159 -0.18212
v -0.576 2.43751 -0.2412
v -0.57077 2.4485 -0.23979
v -0.60845 2.41159 -0.21166
v -0.64984 2.3899 -0.20084
v -0.63138 2.3899 -0.2249
v -0.59419 2.41159 -0.24607
v -0.61977 2.3899 -0.25293
v -0.57049 2.43751 -0.28299
v -0.56508 2.4485 -0.28299
v -0.58933 2.41159 -0.28299
v -0.61581 2.3899 -0.28299
v -0.576 2.43751 -0.32479
v -0.57077 2.4485 -0.3262
v -0.59419 2.41159 -0.31992
v -0.61977 2.3899 -0.31306
v -0.59213 2.43751 -0.36375
v -0.58744 2.4485 -0.36645
v -0.60845 2.41159 -0.35433
v -0.63138 2.3899 -0.34109
v -0.6178 2.43751 -0.39719
v -0.61397 2.4485 -0.40102
v -0.65124 2.43751 -0.42286
v -0.64854 2.4485 -0.42755
v -0.63112 2.41159 -0.38387
v -0.64984 2.3899 -0.36515
v -0.64854 2.4485 -0.42755
v -0.6902 2.43751 -0.43899
v -0.65124 2.43751 -0.42286
v -0.68879 2.4485 -0.44422
v -0.73199 2.43751 -0.4445
v -0.73199 2.4485 -0.44991
v -0.77379 2.43751 -0.43899
v -0.7752 2.4485 -0.44422
v -0.81275 2.43751 -0.42286
v -0.81545 2.4485 -0.42755
v -0.81545 2.4485 -0.42755
v -0.84619 2.43751 -0.39719
v -0.81275 2.43751 -0.42286
v -0.85002 2.4485 -0.40102
v -0.87186 2.43751 -0.36375
v -0.87655 2.4485 -0.36645
v -0.83287 2.41159 -0.38387
v -0.88799 2.43751 -0.32479
v -0.89322 2.4485 -0.3262
v -0.85554 2.41159 -0.35433
v -0.81415 2.3899 -0.36515
v -0.83261 2.3899 -0.34109
v -0.8698 2.41159 -0.31992
v -0.84422 2.3899 -0.31306
v -0.8935 2.43751 -0.28299
v -0.89891 2.4485 -0.28299
v -0.87466 2.41159 -0.28299
v -0.84817 2.3899 -0.28299
v -0.88799 2.43751 -0.2412
v -0.89322 2.4485 -0.23979
v -0.8698 2.41159 -0.24607
v -0.84422 2.3899 -0.25293
v -0.87186 2.43751 -0.20224
v -0.87655 2.4485 -0.19954
v -0.85554 2.41159 -0.21166
v -0.83261 2.3899 -0.2249
v -0.84619 2.43751 -0.1688
v -0.85002 2.4485 -0.16497
v -0.81275 2.43751 -0.14313
v -0.81545 2.4485 -0.13844
v -0.83287 2.41159 -0.18212
v -0.81415 2.3899 -0.20084
v -0.81545 2.4485 -0.13844
v -0.77379 2.43751 -0.127
v -0.81275 2.43751 -0.14313
v -0.7752 2.4485 -0.12177
v -0.73199 2.43751 -0.12149
v -0.73199 2.4485 -0.11608
v -0.6902 2.43751 -0.127
v -0.68879 2.4485 -0.12177
v -0.65124 2.43751 -0.14313
v -0.64854 2.4485 -0.13844
v -0.83287 2.41159 -0.18212
v -0.84619 2.43751 -0.1688
v -0.81275 2.43751 -0.14313
v -0.80333 2.41159 -0.15945
v -0.77379 2.43751 -0.127
v -0.81415 2.3899 -0.20084
v -0.76892 2.41159 -0.14519
v -0.73199 2.43751 -0.12149
v -0.79008 2.3899 -0.18238
v -0.73199 2.41159 -0.14033
v -0.6902 2.43751 -0.127
v -0.76206 2.3899 -0.17077
v -0.69507 2.41159 -0.14519
v -0.65124 2.43751 -0.14313
v -0.73199 2.3899 -0.16681
v -0.66066 2.41159 -0.15945
v -0.6178 2.43751 -0.1688
v -0.63112 2.41159 -0.18212
v -0.70193 2.3899 -0.17077
v -0.6739 2.3899 -0.18238
v -0.64984 2.3899 -0.20084
v -0.77487 2.37553 -0.20874
v -0.75419 2.37553 -0.20017
v -0.73199 2.37553 -0.19725
v -0.7098 2.37553 -0.20017
v -0.68912 2.37553 -0.20874
v -0.79263 2.37553 -0.22236
v -0.67136 2.37553 -0.22236
v -0.63138 2.3899 -0.2249
v -0.80625 2.37553 -0.24012
v -0.83261 2.3899 -0.2249
v -0.65774 2.37553 -0.24012
v -0.61977 2.3899 -0.25293
v -0.81482 2.37553 -0.2608
v -0.84422 2.3899 -0.25293
v -0.64917 2.37553 -0.2608
v -0.61581 2.3899 -0.28299
v -0.81774 2.37553 -0.28299
v -0.84817 2.3899 -0.28299
v -0.64625 2.37553 -0.28299
v -0.61977 2.3899 -0.31306
v -0.81482 2.37553 -0.30519
v -0.84422 2.3899 -0.31306
v -0.64917 2.37553 -0.30519
v -0.63138 2.3899 -0.34109
v -0.80625 2.37553 -0.32587
v -0.83261 2.3899 -0.34109
v -0.65774 2.37553 -0.32587
v -0.64984 2.3899 -0.36515
v -0.79263 2.37553 -0.34363
v -0.81415 2.3899 -0.36515
v -0.68004 2.3705 -0.26907
v -0.67821 2.3705 -0.28299
v -0.68004 2.3705 -0.29692
v -0.68541 2.3705 -0.2561
v -0.69396 2.3705 -0.24496
v -0.7051 2.3705 -0.23641
v -0.71807 2.3705 -0.23104
v -0.73199 2.3705 -0.22921
v -0.74592 2.3705 -0.23104
v -0.75889 2.3705 -0.23641
v -0.77003 2.3705 -0.24496
v -0.77858 2.3705 -0.2561
v -0.78395 2.3705 -0.26907
v -0.78578 2.3705 -0.28299
v -0.78395 2.3705 -0.29692
v -0.77858 2.3705 -0.30989
v -0.68541 2.3705 -0.30989
v -0.77003 2.3705 -0.32103
v -0.67136 2.37553 -0.34363
v -0.69396 2.3705 -0.32103
v -0.75889 2.3705 -0.32958
v -0.77487 2.37553 -0.35725
v -0.79008 2.3899 -0.38361
v -0.83287 2.41159 -0.38387
v -0.80333 2.41159 -0.40654
v -0.84619 2.43751 -0.39719
v -0.81275 2.43751 -0.42286
v -0.76892 2.41159 -0.4208
v -0.77379 2.43751 -0.43899
v -0.76206 2.3899 -0.39522
v -0.75419 2.37553 -0.36582
v -0.74592 2.3705 -0.33495
v -0.7051 2.3705 -0.32958
v -0.73199 2.41159 -0.42566
v -0.73199 2.43751 -0.4445
v -0.73199 2.3899 -0.39918
v -0.73199 2.37553 -0.36874
v -0.73199 2.3705 -0.33678
v -0.71807 2.3705 -0.33495
v -0.7098 2.37553 -0.36582
v -0.68912 2.37553 -0.35725
v -0.70193 2.3899 -0.39522
v -0.6739 2.3899 -0.38361
v -0.69507 2.41159 -0.4208
v -0.6902 2.43751 -0.43899
v -0.66066 2.41159 -0.40654
v -0.63112 2.41159 -0.38387
v -0.65124 2.43751 -0.42286
v -0.6178 2.43751 -0.39719
v -0.78376 2.5 -0.47618
v -0.83199 2.5 -0.4562
v -0.83199 2.48001 -0.4562
v -0.78376 2.48001 -0.47618
v -0.73199 2.5 -0.48299
v -0.73199 2.48001 -0.48299
v -0.68023 2.5 -0.47618
v -0.68023 2.48001 -0.47618
v -0.63199 2.5 -0.4562
v -0.63199 2.48001 -0.4562
v -0.63795 2.465 -0.44589
v -0.68331 2.465 -0.46468
v -0.73199 2.465 -0.47109
v -0.78068 2.465 -0.46468
v -0.82604 2.465 -0.44589
v -0.87342 2.48001 -0.42442
v -0.865 2.465 -0.416
v -0.83199 2.5 -0.4562
v -0.87342 2.48001 -0.42442
v -0.83199 2.48001 -0.4562
v -0.87342 2.5 -0.42442
v -0.9052 2.48001 -0.38299
v -0.9052 2.5 -0.38299
v -0.865 2.465 -0.416
v -0.92518 2.48001 -0.33476
v -0.89489 2.465 -0.37704
v -0.9052 2.5 -0.38299
v -0.92518 2.5 -0.33476
v -0.92518 2.48001 -0.33476
v -0.93199 2.48001 -0.28299
v -0.93199 2.5 -0.28299
v -0.91368 2.465 -0.33168
v -0.89489 2.465 -0.37704
v -0.92009 2.465 -0.28299
v -0.92518 2.48001 -0.23123
v -0.92518 2.5 -0.23123
v -0.91368 2.465 -0.23431
v -0.9052 2.48001 -0.18299
v -0.9052 2.5 -0.18299
v -0.89489 2.465 -0.18895
v -0.87342 2.48001 -0.14157
v -0.865 2.465 -0.14999
v -0.87342 2.5 -0.14157
v -0.83199 2.48001 -0.10979
v -0.83199 2.5 -0.10979
v -0.78376 2.5 -0.08981
v -0.73199 2.5 -0.083
v -0.73199 2.48001 -0.083
v -0.78376 2.48001 -0.08981
v -0.83199 2.5 -0.10979
v -0.83199 2.48001 -0.10979
v -0.78068 2.465 -0.10131
v -0.73199 2.465 -0.0949
v -0.82604 2.465 -0.1201
v -0.865 2.465 -0.14999
v -0.87342 2.48001 -0.14157
v -0.68023 2.5 -0.08981
v -0.63199 2.5 -0.10979
v -0.63199 2.48001 -0.10979
v -0.68023 2.48001 -0.08981
v -0.73199 2.5 -0.083
v -0.73199 2.48001 -0.083
v -0.73199 2.465 -0.0949
v -0.68331 2.465 -0.10131
v -0.63795 2.465 -0.1201
v -0.59057 2.48001 -0.14157
v -0.59899 2.465 -0.14999
v -0.63199 2.5 -0.10979
v -0.59057 2.48001 -0.14157
v -0.63199 2.48001 -0.10979
v -0.59057 2.5 -0.14157
v -0.55879 2.48001 -0.18299
v -0.59899 2.465 -0.14999
v -0.55879 2.5 -0.18299
v -0.5691 2.465 -0.18895
v -0.53881 2.48001 -0.23123
v -0.53881 2.5 -0.23123
v -0.55031 2.465 -0.23431
v -0.53199 2.48001 -0.28299
v -0.5439 2.465 -0.28299
v -0.53881 2.5 -0.23123
v -0.53199 2.48001 -0.28299
v -0.53881 2.48001 -0.23123
v -0.53199 2.5 -0.28299
v -0.53881 2.48001 -0.33476
v -0.5439 2.465 -0.28299
v -0.53881 2.5 -0.33476
v -0.55031 2.465 -0.33168
v -0.55879 2.48001 -0.38299
v -0.55879 2.5 -0.38299
v -0.5691 2.465 -0.37704
v -0.59057 2.48001 -0.42442
v -0.59899 2.465 -0.416
v -0.59057 2.5 -0.42442
v -0.63199 2.48001 -0.4562
v -0.63199 2.5 -0.4562
v -0.63199 2.48001 -0.4562
v -0.63795 2.465 -0.44589
v -0.59899 2.465 -0.416
v -0.59057 2.48001 -0.42442
v -0.59849 2.46263 -0.14949
v -0.64747 2.44724 -0.13659
v -0.63759 2.46263 -0.11949
v -0.61246 2.44724 -0.16346
v -0.58559 2.44724 -0.19847
v -0.56849 2.46263 -0.18859
v -0.56849 2.46263 -0.18859
v -0.56871 2.44724 -0.23924
v -0.58559 2.44724 -0.19847
v -0.54963 2.46263 -0.23413
v -0.54319 2.46263 -0.28299
v -0.56295 2.44724 -0.28299
v -0.56871 2.44724 -0.32675
v -0.54963 2.46263 -0.33186
v -0.56849 2.46263 -0.3774
v -0.58559 2.44724 -0.36752
v -0.56849 2.46263 -0.3774
v -0.61246 2.44724 -0.40253
v -0.58559 2.44724 -0.36752
v -0.59849 2.46263 -0.4165
v -0.63759 2.46263 -0.4465
v -0.64747 2.44724 -0.4294
v -0.68824 2.44724 -0.44628
v -0.68313 2.46263 -0.46536
v -0.68313 2.46263 -0.46536
v -0.73199 2.44724 -0.45204
v -0.68824 2.44724 -0.44628
v -0.73199 2.46263 -0.4718
v -0.78086 2.46263 -0.46536
v -0.77575 2.44724 -0.44628
v -0.8264 2.46263 -0.4465
v -0.81652 2.44724 -0.4294
v -0.85153 2.44724 -0.40253
v -0.8655 2.46263 -0.4165
v -0.8955 2.46263 -0.3774
v -0.8784 2.44724 -0.36752
v -0.8955 2.46263 -0.3774
v -0.89528 2.44724 -0.32675
v -0.8784 2.44724 -0.36752
v -0.91436 2.46263 -0.33186
v -0.9208 2.46263 -0.28299
v -0.90104 2.44724 -0.28299
v -0.89528 2.44724 -0.23924
v -0.91436 2.46263 -0.23413
v -0.8955 2.46263 -0.18859
v -0.89528 2.44724 -0.23924
v -0.91436 2.46263 -0.23413
v -0.8784 2.44724 -0.19847
v -0.8655 2.46263 -0.14949
v -0.8784 2.44724 -0.19847
v -0.8955 2.46263 -0.18859
v -0.85153 2.44724 -0.16346
v -0.81652 2.44724 -0.13659
v -0.8264 2.46263 -0.11949
v -0.78086 2.46263 -0.10063
v -0.77575 2.44724 -0.11971
v -0.73199 2.46263 -0.09419
v -0.73199 2.44724 -0.11395
v -0.68824 2.44724 -0.11971
v -0.68313 2.46263 -0.10063
v -0.64747 2.44724 -0.13659
v -0.63759 2.46263 -0.11949
v -0.68331 2.465 -0.46468
v -0.63759 2.46263 -0.4465
v -0.63795 2.465 -0.44589
v -0.68313 2.46263 -0.46536
v -0.73199 2.465 -0.47109
v -0.73199 2.46263 -0.4718
v -0.78068 2.465 -0.46468
v -0.78086 2.46263 -0.46536
v -0.82604 2.465 -0.44589
v -0.8264 2.46263 -0.4465
v -0.63795 2.465 -0.44589
v -0.63759 2.46263 -0.4465
v -0.59849 2.46263 -0.4165
v -0.59899 2.465 -0.416
v -0.56849 2.46263 -0.3774
v -0.5691 2.465 -0.37704
v -0.54963 2.46263 -0.33186
v -0.55031 2.465 -0.33168
v -0.54319 2.46263 -0.28299
v -0.5439 2.465 -0.28299
v -0.54963 2.46263 -0.23413
v -0.55031 2.465 -0.23431
v -0.55031 2.465 -0.23431
v -0.54963 2.46263 -0.23413
v -0.56849 2.46263 -0.18859
v -0.5691 2.465 -0.18895
v -0.59849 2.46263 -0.14949
v -0.59899 2.465 -0.14999
v -0.63759 2.46263 -0.11949
v -0.63795 2.465 -0.1201
v -0.63795 2.465 -0.1201
v -0.63759 2.46263 -0.11949
v -0.68313 2.46263 -0.10063
v -0.68331 2.465 -0.10131
v -0.73199 2.46263 -0.09419
v -0.73199 2.465 -0.0949
v -0.73199 2.465 -0.0949
v -0.73199 2.46263 -0.09419
v -0.78086 2.46263 -0.10063
v -0.78068 2.465 -0.10131
v -0.8264 2.46263 -0.11949
v -0.82604 2.465 -0.1201
v -0.82604 2.465 -0.1201
v -0.8264 2.46263 -0.11949
v -0.8655 2.46263 -0.14949
v -0.865 2.465 -0.14999
v -0.8955 2.46263 -0.18859
v -0.89489 2.465 -0.18895
v -0.91436 2.46263 -0.23413
v -0.91368 2.465 -0.23431
v -0.9208 2.46263 -0.28299
v -0.92009 2.465 -0.28299
v -0.91436 2.46263 -0.33186
v -0.91368 2.465 -0.33168
v -0.91368 2.465 -0.33168
v -0.91436 2.46263 -0.33186
v -0.8955 2.46263 -0.3774
v -0.89489 2.465 -0.37704
v -0.8655 2.46263 -0.4165
v -0.865 2.465 -0.416
v -0.8264 2.46263 -0.4465
v -0.82604 2.465 -0.44589
v -0.64854 2.4485 -0.13844
v -0.64747 2.44724 -0.13659
v -0.61246 2.44724 -0.16346
v -0.61397 2.4485 -0.16497
v -0.68879 2.4485 -0.12177
v -0.58559 2.44724 -0.19847
v -0.68824 2.44724 -0.11971
v -0.58744 2.4485 -0.19954
v -0.73199 2.4485 -0.11608
v -0.56871 2.44724 -0.23924
v -0.73199 2.44724 -0.11395
v -0.57077 2.4485 -0.23979
v -0.7752 2.4485 -0.12177
v -0.56295 2.44724 -0.28299
v -0.77575 2.44724 -0.11971
v -0.56508 2.4485 -0.28299
v -0.81545 2.4485 -0.13844
v -0.56871 2.44724 -0.32675
v -0.81652 2.44724 -0.13659
v -0.57077 2.4485 -0.3262
v -0.85002 2.4485 -0.16497
v -0.58559 2.44724 -0.36752
v -0.85153 2.44724 -0.16346
v -0.58744 2.4485 -0.36645
v -0.87655 2.4485 -0.19954
v -0.61246 2.44724 -0.40253
v -0.8784 2.44724 -0.19847
v -0.61397 2.4485 -0.40102
v -0.89322 2.4485 -0.23979
v -0.64747 2.44724 -0.4294
v -0.89528 2.44724 -0.23924
v -0.64854 2.4485 -0.42755
v -0.89891 2.4485 -0.28299
v -0.68824 2.44724 -0.44628
v -0.90104 2.44724 -0.28299
v -0.68879 2.4485 -0.44422
v -0.89322 2.4485 -0.3262
v -0.73199 2.44724 -0.45204
v -0.89528 2.44724 -0.32675
v -0.73199 2.4485 -0.44991
v -0.87655 2.4485 -0.36645
v -0.77575 2.44724 -0.44628
v -0.8784 2.44724 -0.36752
v -0.7752 2.4485 -0.44422
v -0.85002 2.4485 -0.40102
v -0.81652 2.44724 -0.4294
v -0.85153 2.44724 -0.40253
v -0.81545 2.4485 -0.42755
vn -0.4730474 2.244837 0.1655186
vn -0.3824981 2.20162 0.06650141
vn -0.4848649 2.20162 0.1450501
vn -0.3657856 2.244838 0.08321393
vn -0.3039499 2.20162 -0.03586462
vn -0.2834812 2.244838 -0.02404702
vn -0.435154 2.103643 0.01384568
vn -0.2545718 2.20162 -0.1550734
vn -0.2317421 2.244838 -0.1489562
vn -0.3684399 2.103643 -0.07309803
vn -0.5139368 2.011912 -0.06493689
vn -0.4649284 2.011912 -0.1288059
vn -0.3265012 2.103643 -0.1743468
vn -0.4341202 2.011912 -0.2031834
vn -0.23773 2.20162 -0.283
vn -0.2140948 2.244838 -0.283
vn -0.3121967 2.103643 -0.283
vn -0.4236122 2.011912 -0.2830001
vn -0.2545718 2.20162 -0.4109264
vn -0.231742 2.244838 -0.4170437
vn -0.3265012 2.103643 -0.3916531
vn -0.4341202 2.011912 -0.3628166
vn -0.3039496 2.20162 -0.5301349
vn -0.2834809 2.244838 -0.5419525
vn -0.3684397 2.103643 -0.4929016
vn -0.4649283 2.011912 -0.4371938
vn -0.3824983 2.20162 -0.6325017
vn -0.3657858 2.244838 -0.6492143
vn -0.484865 2.20162 -0.7110504
vn -0.4730474 2.244838 -0.7315191
vn -0.4351542 2.103643 -0.5798457
vn -0.513937 2.011912 -0.5010631
vn -0.4730474 2.244838 -0.7315191
vn -0.6040733 2.20162 -0.7604283
vn -0.484865 2.20162 -0.7110504
vn -0.5979561 2.244838 -0.7832581
vn -0.7319999 2.20162 -0.77727
vn -0.7319999 2.244838 -0.8009052
vn -0.8599265 2.20162 -0.7604282
vn -0.8660437 2.244838 -0.7832579
vn -0.979135 2.20162 -0.7110505
vn -0.9909526 2.244838 -0.7315192
vn -0.9909526 2.244838 -0.7315192
vn -1.081502 2.20162 -0.6325017
vn -0.979135 2.20162 -0.7110505
vn -1.098214 2.244838 -0.6492144
vn -1.16005 2.20162 -0.5301349
vn -1.180519 2.244838 -0.5419525
vn -1.028846 2.103643 -0.5798457
vn -1.209428 2.20162 -0.4109264
vn -1.232258 2.244838 -0.4170437
vn -1.09556 2.103643 -0.4929015
vn -0.9500629 2.011911 -0.501063
vn -0.9990715 2.011912 -0.4371938
vn -1.137499 2.103643 -0.391653
vn -1.02988 2.011912 -0.3628165
vn -1.22627 2.20162 -0.283
vn -1.249905 2.244838 -0.283
vn -1.151803 2.103643 -0.2830001
vn -1.040388 2.011912 -0.2830001
vn -1.209428 2.20162 -0.1550734
vn -1.232258 2.244838 -0.1489562
vn -1.137499 2.103643 -0.1743469
vn -1.02988 2.011912 -0.2031834
vn -1.16005 2.20162 -0.03586461
vn -1.180519 2.244838 -0.02404702
vn -1.09556 2.103643 -0.07309796
vn -0.9990714 2.011912 -0.1288058
vn -1.081502 2.20162 0.06650147
vn -1.098214 2.244838 0.08321398
vn -0.979135 2.20162 0.1450501
vn -0.9909526 2.244838 0.1655187
vn -1.028846 2.103643 0.01384562
vn -0.9500632 2.011912 -0.06493704
vn -0.9909526 2.244838 0.1655187
vn -0.8599263 2.20162 0.1944281
vn -0.979135 2.20162 0.1450501
vn -0.8660433 2.244838 0.2172577
vn -0.7319999 2.20162 0.21127
vn -0.7319999 2.244838 0.2349052
vn -0.6040735 2.20162 0.1944283
vn -0.5979564 2.244838 0.2172581
vn -0.4848649 2.20162 0.1450501
vn -0.4730474 2.244837 0.1655186
vn -1.028846 2.103643 0.01384562
vn -1.081502 2.20162 0.06650147
vn -0.979135 2.20162 0.1450501
vn -0.9419018 2.103643 0.08056006
vn -0.8599263 2.20162 0.1944281
vn -0.9500632 2.011912 -0.06493704
vn -0.8406531 2.103644 0.122499
vn -0.7319999 2.20162 0.21127
vn -0.8861941 2.011911 -0.01592866
vn -0.7319998 2.103643 0.1368034
vn -0.6040735 2.20162 0.1944283
vn -0.8118165 2.011912 0.01487985
vn -0.6233469 2.103643 0.1224989
vn -0.4848649 2.20162 0.1450501
vn -0.7319998 2.011912 0.02538776
vn -0.5220983 2.103643 0.08056021
vn -0.3824981 2.20162 0.06650141
vn -0.435154 2.103643 0.01384568
vn -0.6521834 2.011912 0.01487973
vn -0.577806 2.011912 -0.01592839
vn -0.5139368 2.011912 -0.06493689
vn -0.8168935 1.948179 -0.1359605
vn -0.7759439 1.948179 -0.1189985
vn -0.7319999 1.948179 -0.1132132
vn -0.6880559 1.948179 -0.1189984
vn -0.6471063 1.948179 -0.1359604
vn -0.8520575 1.948179 -0.1629426
vn -0.6119425 1.948179 -0.1629425
vn -0.4649284 2.011912 -0.1288059
vn -0.8790395 1.948179 -0.1981064
vn -0.9990714 2.011912 -0.1288058
vn -0.5849605 1.948179 -0.1981064
vn -0.4341202 2.011912 -0.2031834
vn -0.8960014 1.948179 -0.239056
vn -1.02988 2.011912 -0.2031834
vn -0.5679984 1.948179 -0.239056
vn -0.4236122 2.011912 -0.2830001
vn -0.9017867 1.948179 -0.283
vn -1.040388 2.011912 -0.2830001
vn -0.5622131 1.948179 -0.283
vn -0.4341202 2.011912 -0.3628166
vn -0.8960015 1.948179 -0.326944
vn -1.02988 2.011912 -0.3628165
vn -0.5679985 1.948179 -0.326944
vn -0.4649283 2.011912 -0.4371938
vn -0.8790396 1.948179 -0.3678933
vn -0.9990715 2.011912 -0.4371938
vn -0.5849603 1.948179 -0.3678933
vn -0.513937 2.011912 -0.5010631
vn -0.8520573 1.948179 -0.4030574
vn -0.9500629 2.011911 -0.501063
vn -0.6740713 1.925773 -0.2674781
vn -0.6720277 1.925773 -0.283
vn -0.6740713 1.925773 -0.2985219
vn -0.6800626 1.925773 -0.2530138
vn -0.6895932 1.925773 -0.2405933
vn -0.7020138 1.925773 -0.2310626
vn -0.716478 1.925773 -0.2250713
vn -0.7319999 1.925773 -0.2230278
vn -0.7475218 1.925773 -0.2250713
vn -0.7619861 1.925773 -0.2310626
vn -0.7744067 1.925773 -0.2405932
vn -0.7839373 1.925773 -0.2530138
vn -0.7899286 1.925773 -0.2674781
vn -0.7919722 1.925773 -0.283
vn -0.7899286 1.925773 -0.2985219
vn -0.7839374 1.925773 -0.3129861
vn -0.6800625 1.925773 -0.3129861
vn -0.7744067 1.925773 -0.3254067
vn -0.6119426 1.948179 -0.4030574
vn -0.6895932 1.925773 -0.3254067
vn -0.7619861 1.925773 -0.3349374
vn -0.8168935 1.948179 -0.4300396
vn -0.886194 2.011912 -0.5500715
vn -1.028846 2.103643 -0.5798457
vn -0.9419017 2.103643 -0.6465602
vn -1.081502 2.20162 -0.6325017
vn -0.979135 2.20162 -0.7110505
vn -0.840653 2.103643 -0.6884987
vn -0.8599265 2.20162 -0.7604282
vn -0.8118166 2.011912 -0.5808797
vn -0.7759441 1.948179 -0.4470015
vn -0.7475219 1.925773 -0.3409287
vn -0.7020138 1.925773 -0.3349374
vn -0.7319999 2.103643 -0.7028033
vn -0.7319999 2.20162 -0.77727
vn -0.7319998 2.011912 -0.5913877
vn -0.7319999 1.948179 -0.4527869
vn -0.7319999 1.925773 -0.3429721
vn -0.7164779 1.925773 -0.3409286
vn -0.6880558 1.948179 -0.4470015
vn -0.6471065 1.948179 -0.4300396
vn -0.6521833 2.011912 -0.5808796
vn -0.577806 2.011912 -0.5500716
vn -0.6233469 2.103643 -0.6884987
vn -0.6040733 2.20162 -0.7604283
vn -0.5220983 2.103643 -0.6465603
vn -0.4351542 2.103643 -0.5798457
vn -0.484865 2.20162 -0.7110504
vn -0.3824983 2.20162 -0.6325017
vn -0.8814292 2.5 -0.8406775
vn -1.020675 2.5 -0.783
vn -1.004538 2.309671 -0.7550501
vn -0.873076 2.309671 -0.8095034
vn -0.7319999 2.5 -0.8603503
vn -0.7319999 2.309671 -0.8280764
vn -0.5825707 2.5 -0.8406775
vn -0.5909238 2.309671 -0.8095034
vn -0.4433248 2.5 -0.783
vn -0.4594617 2.309671 -0.7550501
vn -0.5058617 2.141142 -0.6746829
vn -0.6149423 2.141142 -0.7198654
vn -0.7319999 2.141141 -0.7352765
vn -0.8490576 2.141142 -0.7198654
vn -0.9581382 2.141142 -0.6746829
vn -1.117427 2.309671 -0.6684272
vn -1.051808 2.141142 -0.6028078
vn -1.020675 2.5 -0.783
vn -1.117427 2.309671 -0.6684272
vn -1.004538 2.309671 -0.7550501
vn -1.140248 2.5 -0.6912483
vn -1.20405 2.309671 -0.5555383
vn -1.232 2.5 -0.5716752
vn -1.051808 2.141142 -0.6028078
vn -1.258503 2.309671 -0.4240762
vn -1.123683 2.141142 -0.5091382
vn -1.232 2.5 -0.5716752
vn -1.289677 2.5 -0.4324293
vn -1.258503 2.309671 -0.4240762
vn -1.277076 2.309671 -0.283
vn -1.30935 2.5 -0.283
vn -1.168865 2.141141 -0.4000577
vn -1.123683 2.141142 -0.5091382
vn -1.184276 2.141142 -0.283
vn -1.258503 2.309671 -0.1419238
vn -1.289677 2.5 -0.1335707
vn -1.168865 2.141141 -0.1659422
vn -1.20405 2.309671 -0.01046154
vn -1.232 2.5 0.005675405
vn -1.123683 2.141141 -0.05686173
vn -1.117427 2.309671 0.1024273
vn -1.051808 2.141142 0.03680784
vn -1.140248 2.5 0.1252483
vn -1.004538 2.309671 0.18905
vn -1.020675 2.5 0.2169999
vn -0.8814292 2.5 0.2746775
vn -0.7319999 2.5 0.2943503
vn -0.7319999 2.309671 0.2620764
vn -0.873076 2.309671 0.2435035
vn -1.020675 2.5 0.2169999
vn -1.004538 2.309671 0.18905
vn -0.8490576 2.141142 0.1538655
vn -0.7319999 2.141141 0.1692764
vn -0.9581382 2.141142 0.1086828
vn -1.051808 2.141142 0.03680784
vn -1.117427 2.309671 0.1024273
vn -0.5825707 2.5 0.2746775
vn -0.4433247 2.5 0.2169999
vn -0.4594616 2.309671 0.18905
vn -0.5909238 2.309671 0.2435034
vn -0.7319999 2.5 0.2943503
vn -0.7319999 2.309671 0.2620764
vn -0.7319999 2.141141 0.1692764
vn -0.6149422 2.141141 0.1538655
vn -0.5058616 2.141142 0.1086829
vn -0.3465727 2.309671 0.1024272
vn -0.4121923 2.141141 0.03680763
vn -0.4433247 2.5 0.2169999
vn -0.3465727 2.309671 0.1024272
vn -0.4594616 2.309671 0.18905
vn -0.3237517 2.5 0.1252483
vn -0.25995 2.309671 -0.0104616
vn -0.4121923 2.141141 0.03680763
vn -0.2320001 2.5 0.005675405
vn -0.3403172 2.141141 -0.05686165
vn -0.2054965 2.309671 -0.1419238
vn -0.1743224 2.5 -0.1335707
vn -0.2951345 2.141141 -0.1659422
vn -0.1869235 2.309671 -0.283
vn -0.2797235 2.141141 -0.283
vn -0.1743224 2.5 -0.1335707
vn -0.1869235 2.309671 -0.283
vn -0.2054965 2.309671 -0.1419238
vn -0.1546497 2.5 -0.283
vn -0.2054965 2.309671 -0.4240761
vn -0.2797235 2.141141 -0.283
vn -0.1743224 2.5 -0.4324293
vn -0.2951344 2.141142 -0.4000578
vn -0.2599499 2.309671 -0.5555383
vn -0.232 2.5 -0.5716752
vn -0.3403171 2.141142 -0.5091382
vn -0.3465726 2.309671 -0.6684272
vn -0.4121921 2.141142 -0.6028078
vn -0.3237517 2.5 -0.6912483
vn -0.4594617 2.309671 -0.7550501
vn -0.4433248 2.5 -0.783
vn -0.4594617 2.309671 -0.7550501
vn -0.5058617 2.141142 -0.6746829
vn -0.4121921 2.141142 -0.6028078
vn -0.3465726 2.309671 -0.6684272
vn -0.481115 2.044537 -0.03211507
vn -0.5545975 2.044537 0.02426994
vn -0.5545975 2.044537 0.02426994
vn -0.481115 2.044537 -0.03211507
vn -0.42473 2.044537 -0.1055974
vn -0.42473 2.044537 -0.1055974
vn -0.42473 2.044537 -0.1055974
vn -0.3892845 2.044537 -0.1911697
vn -0.42473 2.044537 -0.1055974
vn -0.3892845 2.044537 -0.1911697
vn -0.3771946 2.044537 -0.283
vn -0.3771946 2.044537 -0.283
vn -0.3892843 2.044537 -0.3748303
vn -0.3892843 2.044537 -0.3748303
vn -0.4247297 2.044537 -0.4604026
vn -0.4247297 2.044537 -0.4604026
vn -0.4247297 2.044537 -0.4604026
vn -0.4811148 2.044537 -0.5338852
vn -0.4247297 2.044537 -0.4604026
vn -0.4811148 2.044537 -0.5338852
vn -0.5545974 2.044537 -0.5902703
vn -0.5545974 2.044537 -0.5902703
vn -0.6401696 2.044537 -0.6257154
vn -0.6401696 2.044537 -0.6257154
vn -0.6401696 2.044537 -0.6257154
vn -0.7319999 2.044537 -0.6378052
vn -0.6401696 2.044537 -0.6257154
vn -0.7319999 2.044537 -0.6378052
vn -0.8238302 2.044537 -0.6257154
vn -0.8238302 2.044537 -0.6257154
vn -0.9094025 2.044537 -0.5902703
vn -0.9094025 2.044537 -0.5902703
vn -0.982885 2.044537 -0.5338852
vn -0.982885 2.044537 -0.5338852
vn -1.03927 2.044537 -0.4604026
vn -1.03927 2.044537 -0.4604026
vn -1.03927 2.044537 -0.4604026
vn -1.074716 2.044537 -0.3748303
vn -1.03927 2.044537 -0.4604026
vn -1.074716 2.044537 -0.3748303
vn -1.086805 2.044537 -0.283
vn -1.086805 2.044537 -0.283
vn -1.074715 2.044537 -0.1911697
vn -1.074715 2.044537 -0.1911697
vn -1.03927 2.044537 -0.1055974
vn -1.074715 2.044537 -0.1911697
vn -1.074715 2.044537 -0.1911697
vn -1.03927 2.044537 -0.1055974
vn -0.9828849 2.044537 -0.03211507
vn -1.03927 2.044537 -0.1055974
vn -1.03927 2.044537 -0.1055974
vn -0.9828849 2.044537 -0.03211507
vn -0.9094024 2.044537 0.02426994
vn -0.9094024 2.044537 0.02426994
vn -0.8238302 2.044537 0.0597153
vn -0.8238302 2.044537 0.0597153
vn -0.7319999 2.044537 0.07180518
vn -0.7319999 2.044537 0.07180518
vn -0.6401697 2.044537 0.0597153
vn -0.6401697 2.044537 0.0597153
vn -0.5545975 2.044537 0.02426994
vn -0.5545975 2.044537 0.02426994
vn -0.5887297 2.664048 -0.8176917
vn -0.4552231 2.664047 -0.7623916
vn -0.4552231 2.664047 -0.7623916
vn -0.5887297 2.664048 -0.8176917
vn -0.7319999 2.664048 -0.8365536
vn -0.7319999 2.664048 -0.8365536
vn -0.8752702 2.664047 -0.8176919
vn -0.8752702 2.664047 -0.8176919
vn -1.008777 2.664047 -0.7623917
vn -1.008777 2.664047 -0.7623917
vn -0.4552231 2.664047 -0.7623916
vn -0.4552231 2.664047 -0.7623916
vn -0.3405783 2.664047 -0.6744217
vn -0.3405783 2.664047 -0.6744217
vn -0.2526087 2.664049 -0.5597768
vn -0.2526087 2.664049 -0.5597768
vn -0.1973085 2.664049 -0.4262701
vn -0.1973085 2.664049 -0.4262701
vn -0.1784464 2.664048 -0.283
vn -0.1784464 2.664048 -0.283
vn -0.1973082 2.664048 -0.1397298
vn -0.1973082 2.664048 -0.1397298
vn -0.1973082 2.664048 -0.1397298
vn -0.1973082 2.664048 -0.1397298
vn -0.2526093 2.664051 -0.00622344
vn -0.2526093 2.664051 -0.00622344
vn -0.3405793 2.664053 0.1084204
vn -0.3405793 2.664053 0.1084204
vn -0.4552235 2.66405 0.196391
vn -0.4552235 2.66405 0.196391
vn -0.4552235 2.66405 0.196391
vn -0.4552235 2.66405 0.196391
vn -0.5887299 2.664051 0.2516909
vn -0.5887299 2.664051 0.2516909
vn -0.7320001 2.664051 0.2705527
vn -0.7320001 2.664051 0.2705527
vn -0.7320001 2.664051 0.2705527
vn -0.7320001 2.664051 0.2705527
vn -0.8752698 2.664051 0.2516909
vn -0.8752698 2.664051 0.2516909
vn -1.008776 2.664051 0.1963906
vn -1.008776 2.664051 0.1963906
vn -1.008776 2.664051 0.1963906
vn -1.008776 2.664051 0.1963906
vn -1.123421 2.66405 0.1084211
vn -1.123421 2.66405 0.1084211
vn -1.21139 2.664052 -0.0062235
vn -1.21139 2.664052 -0.0062235
vn -1.266691 2.66405 -0.13973
vn -1.266691 2.66405 -0.13973
vn -1.285553 2.664048 -0.283
vn -1.285553 2.664048 -0.283
vn -1.266692 2.664048 -0.4262702
vn -1.266692 2.664048 -0.4262702
vn -1.266692 2.664048 -0.4262702
vn -1.266692 2.664048 -0.4262702
vn -1.211391 2.664049 -0.5597767
vn -1.211391 2.664049 -0.5597767
vn -1.123421 2.664048 -0.6744214
vn -1.123421 2.664048 -0.6744214
vn -1.008777 2.664047 -0.7623917
vn -1.008777 2.664047 -0.7623917
vn -0.8792538 2.003413 -0.538051
vn -0.8792538 2.003413 -0.538051
vn -0.9402481 2.003413 -0.491248
vn -0.9402481 2.003413 -0.491248
vn -0.808224 2.003413 -0.5674723
vn -0.9870511 2.003413 -0.4302541
vn -0.808224 2.003413 -0.5674723
vn -0.9870511 2.003413 -0.4302541
vn -0.7319998 2.003413 -0.5775073
vn -1.016472 2.003413 -0.3592243
vn -0.7319998 2.003413 -0.5775073
vn -1.016472 2.003413 -0.3592243
vn -0.6557759 2.003413 -0.5674728
vn -1.026507 2.003412 -0.283
vn -0.6557759 2.003413 -0.5674728
vn -1.026507 2.003412 -0.283
vn -0.5847462 2.003413 -0.5380507
vn -1.016472 2.003413 -0.206776
vn -0.5847462 2.003413 -0.5380507
vn -1.016472 2.003413 -0.206776
vn -0.523751 2.003413 -0.4912485
vn -0.9870506 2.003413 -0.1357464
vn -0.523751 2.003413 -0.4912485
vn -0.9870506 2.003413 -0.1357464
vn -0.4769486 2.003413 -0.4302544
vn -0.940248 2.003413 -0.07475188
vn -0.4769486 2.003413 -0.4302544
vn -0.940248 2.003413 -0.07475188
vn -0.4475282 2.003413 -0.359224
vn -0.8792536 2.003413 -0.02794906
vn -0.4475282 2.003413 -0.359224
vn -0.8792536 2.003413 -0.02794906
vn -0.4374933 2.003412 -0.283
vn -0.8082242 2.003413 0.001472771
vn -0.4374933 2.003412 -0.283
vn -0.8082242 2.003413 0.001472771
vn -0.447528 2.003413 -0.206776
vn -0.7320001 2.003413 0.0115073
vn -0.447528 2.003413 -0.206776
vn -0.7320001 2.003413 0.0115073
vn -0.4769492 2.003413 -0.1357463
vn -0.6557757 2.003413 0.001472175
vn -0.4769492 2.003413 -0.1357463
vn -0.6557757 2.003413 0.001472175
vn -0.5237517 2.003413 -0.07475169
vn -0.5847461 2.003413 -0.02794865
vn -0.5237517 2.003413 -0.07475169
vn -0.5847461 2.003413 -0.02794865
vt 0.561792 0.9553703
vt 0.5484363 0.9184844
vt 0.5484363 0.9496717
vt 0.561792 0.9231372
vt 0.5484363 0.8778407
vt 0.561792 0.8811307
vt 0.5169294 0.902297
vt 0.5484363 0.8305099
vt 0.561792 0.832213
vt 0.5169294 0.8663943
vt 0.4905826 0.8795427
vt 0.4905826 0.8503048
vt 0.5169294 0.824585
vt 0.4905826 0.8162561
vt 0.5484363 0.7797177
vt 0.561792 0.7797177
vt 0.5169294 0.7797177
vt 0.4905826 0.7797177
vt 0.5484363 0.7289254
vt 0.561792 0.7272226
vt 0.5169294 0.7348503
vt 0.4905826 0.7431791
vt 0.5484363 0.6815946
vt 0.561792 0.6783046
vt 0.5169294 0.6930407
vt 0.4905826 0.7091305
vt 0.5484363 0.6409506
vt 0.561792 0.636298
vt 0.5484363 0.6097636
vt 0.561792 0.6040653
vt 0.5169294 0.6571383
vt 0.4905826 0.6798924
vt 0.2483795 0.5991801
vt 0.2602282 0.6440887
vt 0.2602282 0.6020991
vt 0.2483795 0.642578
vt 0.2602282 0.6891495
vt 0.2483795 0.6891495
vt 0.2602282 0.7342103
vt 0.2483795 0.7357212
vt 0.2602282 0.7762002
vt 0.2483795 0.7791189
vt 0.4692662 0.9553703
vt 0.4559104 0.918485
vt 0.4559104 0.949672
vt 0.4692662 0.9231375
vt 0.4559104 0.877841
vt 0.4692662 0.8811311
vt 0.4244036 0.9022973
vt 0.4559104 0.8305102
vt 0.4692662 0.832213
vt 0.4244036 0.8663949
vt 0.3980567 0.8795433
vt 0.3980567 0.8503051
vt 0.4244036 0.8245853
vt 0.3980567 0.8162564
vt 0.4559104 0.7797179
vt 0.4692662 0.7797179
vt 0.4244036 0.7797179
vt 0.3980567 0.7797179
vt 0.4559104 0.7289257
vt 0.4692662 0.7272226
vt 0.4244036 0.7348506
vt 0.3980567 0.7431794
vt 0.4559104 0.6815949
vt 0.4692662 0.6783049
vt 0.4244036 0.6930413
vt 0.3980567 0.7091308
vt 0.4559104 0.6409512
vt 0.4692662 0.6362983
vt 0.4559104 0.6097639
vt 0.4692662 0.6040652
vt 0.4244036 0.6571386
vt 0.3980567 0.6798929
vt 0.2382809 0.779119
vt 0.2264322 0.7342103
vt 0.2264322 0.7762002
vt 0.2382809 0.7357212
vt 0.2264322 0.6891495
vt 0.2382809 0.6891495
vt 0.2264322 0.6440887
vt 0.2382809 0.642578
vt 0.2264322 0.6020991
vt 0.2382809 0.59918
vt 0.6374316 0.8686686
vt 0.6228961 0.8832042
vt 0.6593923 0.9112089
vt 0.6696705 0.8934066
vt 0.7018932 0.9288134
vt 0.6578638 0.8482363
vt 0.7072135 0.9089574
vt 0.7475023 0.934818
vt 0.6841184 0.8683823
vt 0.7475023 0.9142615
vt 0.7931114 0.9288134
vt 0.7146924 0.8810464
vt 0.7877911 0.9089574
vt 0.8356123 0.9112089
vt 0.7475023 0.8853658
vt 0.8253341 0.8934066
vt 0.8721087 0.8832042
vt 0.8575731 0.8686686
vt 0.7803122 0.8810463
vt 0.8108863 0.8683823
vt 0.8371408 0.8482364
vt 0.7007225 0.8396231
vt 0.7232873 0.8489697
vt 0.7475023 0.8521577
vt 0.7717174 0.8489697
vt 0.7942821 0.8396231
vt 0.6813457 0.8247546
vt 0.8136589 0.8247546
vt 0.8572867 0.8219819
vt 0.6664772 0.8053778
vt 0.6377181 0.8219819
vt 0.8285275 0.8053778
vt 0.8699508 0.7914079
vt 0.6571306 0.782813
vt 0.6250538 0.7914079
vt 0.8378741 0.782813
vt 0.8742703 0.758598
vt 0.6539426 0.758598
vt 0.6207345 0.758598
vt 0.841062 0.758598
vt 0.8699508 0.7257881
vt 0.6571306 0.734383
vt 0.6250538 0.7257881
vt 0.8378741 0.734383
vt 0.8572867 0.695214
vt 0.6664773 0.7118181
vt 0.6377181 0.695214
vt 0.8285275 0.7118181
vt 0.8371408 0.6689595
vt 0.6813456 0.6924413
vt 0.6578638 0.6689595
vt 0.8041926 0.7737881
vt 0.8061924 0.758598
vt 0.8041926 0.7434078
vt 0.7983295 0.7879429
vt 0.7890024 0.8000981
vt 0.7768473 0.8094251
vt 0.7626925 0.8152882
vt 0.7475023 0.8172881
vt 0.7323121 0.8152882
vt 0.7181574 0.8094251
vt 0.7060022 0.8000981
vt 0.6966752 0.7879429
vt 0.6908121 0.7737881
vt 0.6888123 0.758598
vt 0.6908121 0.7434078
vt 0.6966752 0.7292529
vt 0.7983295 0.7292529
vt 0.7060022 0.7170979
vt 0.8136591 0.6924412
vt 0.7890025 0.7170979
vt 0.7181573 0.7077709
vt 0.7007225 0.677573
vt 0.6841184 0.6488137
vt 0.6374316 0.6485272
vt 0.6696705 0.6237893
vt 0.6228959 0.6339915
vt 0.6593923 0.605987
vt 0.7072136 0.6082385
vt 0.7018933 0.5883825
vt 0.7146924 0.6361495
vt 0.7232873 0.6682262
vt 0.7323123 0.7019076
vt 0.7768474 0.7077709
vt 0.7475023 0.6029344
vt 0.7475023 0.582378
vt 0.7475023 0.63183
vt 0.7475023 0.6650382
vt 0.7475023 0.6999079
vt 0.7626924 0.7019076
vt 0.7717174 0.6682262
vt 0.7942822 0.677573
vt 0.7803122 0.6361495
vt 0.8108863 0.6488137
vt 0.7877911 0.6082385
vt 0.7931114 0.5883825
vt 0.8253341 0.6237893
vt 0.8575731 0.6485272
vt 0.8356123 0.605987
vt 0.8721088 0.6339915
vt 0.3362101 0.8322941
vt 0.3362101 0.8856149
vt 0.3583183 0.8856149
vt 0.3583183 0.8322941
vt 0.3362101 0.7750735
vt 0.3583183 0.7750735
vt 0.3362101 0.7178532
vt 0.3583183 0.7178532
vt 0.3362101 0.6645321
vt 0.3583183 0.6645321
vt 0.3748998 0.6711104
vt 0.3748998 0.7212583
vt 0.3748998 0.7750735
vt 0.3748998 0.8288888
vt 0.3748998 0.8790367
vt 0.3583183 0.9314027
vt 0.3748998 0.9220998
vt 0.5801534 0.4605501
vt 0.5568516 0.4235193
vt 0.5568516 0.4605501
vt 0.5801534 0.4235193
vt 0.5568516 0.3752597
vt 0.5801534 0.3752597
vt 0.5393751 0.4137142
vt 0.5568516 0.3190604
vt 0.5393751 0.3683263
vt 0.5801534 0.3752597
vt 0.5801534 0.3190604
vt 0.5568516 0.3190604
vt 0.5568516 0.2587509
vt 0.5801534 0.2587509
vt 0.5393751 0.3154713
vt 0.5393751 0.3683263
vt 0.5393751 0.2587509
vt 0.5568516 0.1984413
vt 0.5801534 0.1984413
vt 0.5393751 0.2020304
vt 0.5568516 0.142242
vt 0.5801534 0.142242
vt 0.5393751 0.1491753
vt 0.5568516 0.0939824
vt 0.5393751 0.1037878
vt 0.5801534 0.0939824
vt 0.5568516 0.05695157
vt 0.5801534 0.05695157
vt 0.3164659 0.8322942
vt 0.3164659 0.7750735
vt 0.2943576 0.7750735
vt 0.2943576 0.8322942
vt 0.3164659 0.8856151
vt 0.2943576 0.8856151
vt 0.2777761 0.8288889
vt 0.2777761 0.7750735
vt 0.2777761 0.8790368
vt 0.2777761 0.9221
vt 0.2943576 0.9314029
vt 0.3164659 0.7178532
vt 0.3164659 0.664532
vt 0.2943576 0.664532
vt 0.2943576 0.7178532
vt 0.3164659 0.7750735
vt 0.2943576 0.7750735
vt 0.2777761 0.7750735
vt 0.2777761 0.7212582
vt 0.2777761 0.6711103
vt 0.2943576 0.6187441
vt 0.2777761 0.6280473
vt 0.6645693 0.4605505
vt 0.6412675 0.4235197
vt 0.6412675 0.4605505
vt 0.6645693 0.4235197
vt 0.6412675 0.3752599
vt 0.6237909 0.4137142
vt 0.6645693 0.3752599
vt 0.6237909 0.3683266
vt 0.6412675 0.3190605
vt 0.6645693 0.3190605
vt 0.6237909 0.3154714
vt 0.6412675 0.2587509
vt 0.6237909 0.2587509
vt 0.6645693 0.3190605
vt 0.6412675 0.2587509
vt 0.6412675 0.3190605
vt 0.6645693 0.2587509
vt 0.6412675 0.1984411
vt 0.6237909 0.2587509
vt 0.6645693 0.1984411
vt 0.6237909 0.2020303
vt 0.6412675 0.1422417
vt 0.6645693 0.1422417
vt 0.6237909 0.1491751
vt 0.6412675 0.09398203
vt 0.6237909 0.1037872
vt 0.6645693 0.09398203
vt 0.6412675 0.05695112
vt 0.6645693 0.05695112
vt 0.3583183 0.6645321
vt 0.3748998 0.6711104
vt 0.3748998 0.6280476
vt 0.3583183 0.6187444
vt 0.4021544 0.4315932
vt 0.3472255 0.4460571
vt 0.3583021 0.4652423
vt 0.3864897 0.4159285
vt 0.4166181 0.3766644
vt 0.4358035 0.387741
vt 0.6210226 0.3687368
vt 0.603094 0.309727
vt 0.603094 0.3572295
vt 0.6210226 0.3156839
vt 0.6210226 0.2587509
vt 0.603094 0.2587509
vt 0.603094 0.2077744
vt 0.6210226 0.2018178
vt 0.6210226 0.1487646
vt 0.603094 0.1602722
vt 0.4358035 0.1760035
vt 0.3864897 0.1478159
vt 0.4166181 0.1870801
vt 0.4021544 0.1321512
vt 0.3583021 0.09850219
vt 0.3472255 0.1176874
vt 0.3015013 0.09874794
vt 0.307235 0.07734959
vt 0.307235 0.07734959
vt 0.2524333 0.09228802
vt 0.3015013 0.09874794
vt 0.2524333 0.07013479
vt 0.1976316 0.07734959
vt 0.2033652 0.09874794
vt 0.1465646 0.09850219
vt 0.1576411 0.1176874
vt 0.1183769 0.1478159
vt 0.1027122 0.1321512
vt 0.06906329 0.1760035
vt 0.08824852 0.1870801
vt 0.5366068 0.3687368
vt 0.5186782 0.3097272
vt 0.5186782 0.3572293
vt 0.5366068 0.3156838
vt 0.5366068 0.2587509
vt 0.5186782 0.2587509
vt 0.5186782 0.2077748
vt 0.5366068 0.2018179
vt 0.5366068 0.1487652
vt 0.5186782 0.2077748
vt 0.5366068 0.2018179
vt 0.5186782 0.1602724
vt 0.1027122 0.4315932
vt 0.08824852 0.3766644
vt 0.06906329 0.387741
vt 0.1183769 0.4159285
vt 0.1576411 0.4460571
vt 0.1465646 0.4652423
vt 0.1976316 0.4863949
vt 0.2033652 0.4649966
vt 0.2524333 0.4936098
vt 0.2524333 0.4714566
vt 0.3015013 0.4649966
vt 0.307235 0.4863949
vt 0.3472255 0.4460571
vt 0.3583021 0.4652423
vt 0.3748998 0.7212583
vt 0.3775263 0.6707212
vt 0.3748998 0.6711104
vt 0.3775263 0.7210567
vt 0.3748998 0.7750735
vt 0.3775263 0.7750735
vt 0.3748998 0.8288888
vt 0.3775263 0.8290904
vt 0.3748998 0.8790367
vt 0.3775263 0.8794261
vt 0.6237909 0.06895988
vt 0.6210226 0.06824933
vt 0.6210226 0.1032072
vt 0.6237909 0.1037872
vt 0.6210226 0.1487646
vt 0.6237909 0.1491751
vt 0.6210226 0.2018178
vt 0.6237909 0.2020303
vt 0.6210226 0.2587509
vt 0.6237909 0.2587509
vt 0.6210226 0.3156839
vt 0.6237909 0.3154714
vt 0.6237909 0.3154714
vt 0.6210226 0.3156839
vt 0.6210226 0.3687368
vt 0.6237909 0.3683266
vt 0.6210226 0.4142945
vt 0.6237909 0.4137142
vt 0.6210226 0.4492521
vt 0.6237909 0.4485415
vt 0.2777761 0.6711103
vt 0.2751496 0.6707211
vt 0.2751496 0.7210566
vt 0.2777761 0.7212582
vt 0.2751496 0.7750735
vt 0.2777761 0.7750735
vt 0.2777761 0.7750735
vt 0.2751496 0.7750735
vt 0.2751496 0.8290905
vt 0.2777761 0.8288889
vt 0.2751496 0.8794263
vt 0.2777761 0.8790368
vt 0.5393751 0.06896056
vt 0.5366068 0.06825003
vt 0.5366068 0.1032075
vt 0.5393751 0.1037878
vt 0.5366068 0.1487652
vt 0.5393751 0.1491753
vt 0.5366068 0.2018179
vt 0.5393751 0.2020304
vt 0.5366068 0.2587509
vt 0.5393751 0.2587509
vt 0.5366068 0.3156838
vt 0.5393751 0.3154713
vt 0.5393751 0.3154713
vt 0.5366068 0.3156838
vt 0.5366068 0.3687368
vt 0.5393751 0.3683263
vt 0.5366068 0.4142942
vt 0.5393751 0.4137142
vt 0.5366068 0.4492519
vt 0.5393751 0.4485414
vt 0.3460301 0.4439867
vt 0.3472255 0.4460571
vt 0.3864897 0.4159285
vt 0.3847991 0.4142379
vt 0.3008825 0.4626873
vt 0.4166181 0.3766644
vt 0.3015013 0.4649966
vt 0.4145476 0.375469
vt 0.2524333 0.4690658
vt 0.4355578 0.3309403
vt 0.2524333 0.4714566
vt 0.4332484 0.3303216
vt 0.2039841 0.4626873
vt 0.4420176 0.2818723
vt 0.2033652 0.4649966
vt 0.4396268 0.2818723
vt 0.1588366 0.4439867
vt 0.4355578 0.2328043
vt 0.1576411 0.4460571
vt 0.4332484 0.2334231
vt 0.1200676 0.4142379
vt 0.4166181 0.1870801
vt 0.1183769 0.4159285
vt 0.4145476 0.1882756
vt 0.09031898 0.375469
vt 0.3864897 0.1478159
vt 0.08824852 0.3766644
vt 0.3847991 0.1495066
vt 0.07161824 0.3303216
vt 0.3472255 0.1176874
vt 0.06930889 0.3309403
vt 0.3460301 0.119758
vt 0.06523977 0.2818723
vt 0.3015013 0.09874794
vt 0.06284904 0.2818723
vt 0.3008825 0.1010573
vt 0.07161824 0.2334231
vt 0.2524333 0.09228802
vt 0.06930889 0.2328043
vt 0.2524333 0.09467877
vt 0.09031898 0.1882756
vt 0.2033652 0.09874794
vt 0.08824852 0.1870801
vt 0.2039841 0.1010573
vt 0.1200676 0.1495066
vt 0.1576411 0.1176874
vt 0.1183769 0.1478159
vt 0.1588366 0.119758
usemtl Light1
f 459/459/459 458/458/458 457/457/457
f 458/458/458 460/460/460 457/457/457
f 458/458/458 461/461/461 460/460/460
f 461/461/461 462/462/462 460/460/460
f 461/461/461 458/458/458 463/463/463
f 461/461/461 464/464/464 462/462/462
f 464/464/464 465/465/465 462/462/462
f 466/466/466 461/461/461 463/463/463
f 464/464/464 461/461/461 466/466/466
f 466/466/466 463/463/463 467/467/467
f 468/468/468 466/466/466 467/467/467
f 469/469/469 466/466/466 468/468/468
f 469/469/469 464/464/464 466/466/466
f 470/470/470 469/469/469 468/468/468
f 464/464/464 471/471/471 465/465/465
f 471/471/471 464/464/464 469/469/469
f 471/471/471 472/472/472 465/465/465
f 473/473/473 469/469/469 470/470/470
f 473/473/473 471/471/471 469/469/469
f 474/474/474 473/473/473 470/470/470
f 471/471/471 475/475/475 472/472/472
f 475/475/475 471/471/471 473/473/473
f 475/475/475 476/476/476 472/472/472
f 477/477/477 473/473/473 474/474/474
f 477/477/477 475/475/475 473/473/473
f 478/478/478 477/477/477 474/474/474
f 475/475/475 479/479/479 476/476/476
f 479/479/479 475/475/475 477/477/477
f 479/479/479 480/480/480 476/476/476
f 481/481/481 477/477/477 478/478/478
f 481/481/481 479/479/479 477/477/477
f 482/482/482 481/481/481 478/478/478
f 479/479/479 483/483/483 480/480/480
f 483/483/483 479/479/479 481/481/481
f 483/483/483 484/484/484 480/480/480
f 483/483/483 485/485/485 484/484/484
f 485/485/485 486/486/486 484/484/484
f 487/487/487 483/483/483 481/481/481
f 487/487/487 481/481/481 482/482/482
f 488/488/488 487/487/487 482/482/482
f 491/491/491 490/490/490 489/489/489
f 490/490/490 492/492/492 489/489/489
f 490/490/490 493/493/493 492/492/492
f 493/493/493 494/494/494 492/492/492
f 493/493/493 495/495/495 494/494/494
f 495/495/495 496/496/496 494/494/494
f 495/495/495 497/497/497 496/496/496
f 497/497/497 498/498/498 496/496/496
f 501/501/501 500/500/500 499/499/499
f 500/500/500 502/502/502 499/499/499
f 500/500/500 503/503/503 502/502/502
f 503/503/503 504/504/504 502/502/502
f 503/503/503 500/500/500 505/505/505
f 503/503/503 506/506/506 504/504/504
f 506/506/506 507/507/507 504/504/504
f 508/508/508 503/503/503 505/505/505
f 506/506/506 503/503/503 508/508/508
f 508/508/508 505/505/505 509/509/509
f 510/510/510 508/508/508 509/509/509
f 511/511/511 508/508/508 510/510/510
f 511/511/511 506/506/506 508/508/508
f 512/512/512 511/511/511 510/510/510
f 506/506/506 513/513/513 507/507/507
f 513/513/513 506/506/506 511/511/511
f 513/513/513 514/514/514 507/507/507
f 515/515/515 511/511/511 512/512/512
f 515/515/515 513/513/513 511/511/511
f 516/516/516 515/515/515 512/512/512
f 513/513/513 517/517/517 514/514/514
f 517/517/517 513/513/513 515/515/515
f 517/517/517 518/518/518 514/514/514
f 519/519/519 515/515/515 516/516/516
f 519/519/519 517/517/517 515/515/515
f 520/520/520 519/519/519 516/516/516
f 517/517/517 521/521/521 518/518/518
f 521/521/521 517/517/517 519/519/519
f 521/521/521 522/522/522 518/518/518
f 523/523/523 519/519/519 520/520/520
f 523/523/523 521/521/521 519/519/519
f 524/524/524 523/523/523 520/520/520
f 521/521/521 525/525/525 522/522/522
f 525/525/525 521/521/521 523/523/523
f 525/525/525 526/526/526 522/522/522
f 525/525/525 527/527/527 526/526/526
f 527/527/527 528/528/528 526/526/526
f 529/529/529 525/525/525 523/523/523
f 529/529/529 523/523/523 524/524/524
f 530/530/530 529/529/529 524/524/524
f 533/533/533 532/532/532 531/531/531
f 532/532/532 534/534/534 531/531/531
f 532/532/532 535/535/535 534/534/534
f 535/535/535 536/536/536 534/534/534
f 535/535/535 537/537/537 536/536/536
f 537/537/537 538/538/538 536/536/536
f 537/537/537 539/539/539 538/538/538
f 539/539/539 540/540/540 538/538/538
f 543/543/543 542/542/542 541/541/541
f 544/544/544 543/543/543 541/541/541
f 545/545/545 543/543/543 544/544/544
f 544/544/544 541/541/541 546/546/546
f 547/547/547 545/545/545 544/544/544
f 548/548/548 545/545/545 547/547/547
f 549/549/549 544/544/544 546/546/546
f 547/547/547 544/544/544 549/549/549
f 550/550/550 548/548/548 547/547/547
f 551/551/551 548/548/548 550/550/550
f 552/552/552 547/547/547 549/549/549
f 550/550/550 547/547/547 552/552/552
f 553/553/553 551/551/551 550/550/550
f 554/554/554 551/551/551 553/553/553
f 555/555/555 550/550/550 552/552/552
f 553/553/553 550/550/550 555/555/555
f 556/556/556 554/554/554 553/553/553
f 557/557/557 554/554/554 556/556/556
f 558/558/558 557/557/557 556/556/556
f 556/556/556 553/553/553 559/559/559
f 559/559/559 553/553/553 555/555/555
f 558/558/558 556/556/556 560/560/560
f 560/560/560 556/556/556 559/559/559
f 561/561/561 558/558/558 560/560/560
f 552/552/552 549/549/549 562/562/562
f 555/555/555 552/552/552 563/563/563
f 563/563/563 552/552/552 562/562/562
f 559/559/559 555/555/555 564/564/564
f 564/564/564 555/555/555 563/563/563
f 560/560/560 559/559/559 565/565/565
f 565/565/565 559/559/559 564/564/564
f 561/561/561 560/560/560 566/566/566
f 566/566/566 560/560/560 565/565/565
f 562/562/562 549/549/549 567/567/567
f 549/549/549 546/546/546 567/567/567
f 568/568/568 561/561/561 566/566/566
f 569/569/569 561/561/561 568/568/568
f 567/567/567 546/546/546 570/570/570
f 546/546/546 571/571/571 570/570/570
f 572/572/572 569/569/569 568/568/568
f 573/573/573 569/569/569 572/572/572
f 570/570/570 571/571/571 574/574/574
f 571/571/571 575/575/575 574/574/574
f 576/576/576 573/573/573 572/572/572
f 577/577/577 573/573/573 576/576/576
f 574/574/574 575/575/575 578/578/578
f 575/575/575 579/579/579 578/578/578
f 580/580/580 577/577/577 576/576/576
f 581/581/581 577/577/577 580/580/580
f 578/578/578 579/579/579 582/582/582
f 579/579/579 583/583/583 582/582/582
f 584/584/584 581/581/581 580/580/580
f 585/585/585 581/581/581 584/584/584
f 582/582/582 583/583/583 586/586/586
f 583/583/583 587/587/587 586/586/586
f 588/588/588 585/585/585 584/584/584
f 589/589/589 585/585/585 588/588/588
f 586/586/586 587/587/587 590/590/590
f 587/587/587 591/591/591 590/590/590
f 580/580/580 576/576/576 592/592/592
f 584/584/584 580/580/580 593/593/593
f 593/593/593 580/580/580 592/592/592
f 588/588/588 584/584/584 594/594/594
f 594/594/594 584/584/584 593/593/593
f 592/592/592 576/576/576 595/595/595
f 576/576/576 572/572/572 595/595/595
f 595/595/595 572/572/572 596/596/596
f 572/572/572 568/568/568 596/596/596
f 596/596/596 568/568/568 597/597/597
f 568/568/568 566/566/566 597/597/597
f 597/597/597 566/566/566 598/598/598
f 566/566/566 565/565/565 598/598/598
f 598/598/598 565/565/565 599/599/599
f 565/565/565 564/564/564 599/599/599
f 599/599/599 564/564/564 600/600/600
f 598/598/598 599/599/599 600/600/600
f 564/564/564 563/563/563 600/600/600
f 598/598/598 600/600/600 601/601/601
f 600/600/600 563/563/563 601/601/601
f 597/597/597 598/598/598 601/601/601
f 563/563/563 562/562/562 601/601/601
f 597/597/597 601/601/601 602/602/602
f 601/601/601 562/562/562 602/602/602
f 596/596/596 597/597/597 602/602/602
f 562/562/562 567/567/567 602/602/602
f 596/596/596 602/602/602 603/603/603
f 602/602/602 567/567/567 603/603/603
f 595/595/595 596/596/596 603/603/603
f 567/567/567 570/570/570 603/603/603
f 595/595/595 603/603/603 604/604/604
f 603/603/603 570/570/570 604/604/604
f 592/592/592 595/595/595 604/604/604
f 570/570/570 574/574/574 604/604/604
f 592/592/592 604/604/604 605/605/605
f 604/604/604 574/574/574 605/605/605
f 593/593/593 592/592/592 605/605/605
f 574/574/574 578/578/578 605/605/605
f 593/593/593 605/605/605 606/606/606
f 605/605/605 578/578/578 606/606/606
f 578/578/578 582/582/582 606/606/606
f 594/594/594 593/593/593 606/606/606
f 606/606/606 582/582/582 607/607/607
f 594/594/594 606/606/606 607/607/607
f 582/582/582 586/586/586 607/607/607
f 608/608/608 594/594/594 607/607/607
f 608/608/608 588/588/588 594/594/594
f 607/607/607 586/586/586 609/609/609
f 608/608/608 607/607/607 609/609/609
f 586/586/586 590/590/590 609/609/609
f 610/610/610 588/588/588 608/608/608
f 610/610/610 589/589/589 588/588/588
f 611/611/611 608/608/608 609/609/609
f 611/611/611 610/610/610 608/608/608
f 609/609/609 590/590/590 612/612/612
f 611/611/611 609/609/609 612/612/612
f 590/590/590 613/613/613 612/612/612
f 590/590/590 591/591/591 613/613/613
f 591/591/591 614/614/614 613/613/613
f 591/591/591 615/615/615 614/614/614
f 615/615/615 616/616/616 614/614/614
f 615/615/615 617/617/617 616/616/616
f 617/617/617 618/618/618 616/616/616
f 616/616/616 618/618/618 619/619/619
f 618/618/618 620/620/620 619/619/619
f 614/614/614 616/616/616 621/621/621
f 616/616/616 619/619/619 621/621/621
f 613/613/613 614/614/614 622/622/622
f 614/614/614 621/621/621 622/622/622
f 612/612/612 613/613/613 623/623/623
f 613/613/613 622/622/622 623/623/623
f 624/624/624 611/611/611 612/612/612
f 624/624/624 612/612/612 623/623/623
f 619/619/619 620/620/620 625/625/625
f 620/620/620 626/626/626 625/625/625
f 621/621/621 619/619/619 627/627/627
f 619/619/619 625/625/625 627/627/627
f 622/622/622 621/621/621 628/628/628
f 621/621/621 627/627/627 628/628/628
f 623/623/623 622/622/622 629/629/629
f 622/622/622 628/628/628 629/629/629
f 623/623/623 629/629/629 630/630/630
f 629/629/629 628/628/628 630/630/630
f 630/630/630 624/624/624 623/623/623
f 628/628/628 631/631/631 630/630/630
f 628/628/628 627/627/627 631/631/631
f 630/630/630 631/631/631 624/624/624
f 624/624/624 632/632/632 611/611/611
f 631/631/631 632/632/632 624/624/624
f 632/632/632 610/610/610 611/611/611
f 627/627/627 633/633/633 631/631/631
f 627/627/627 625/625/625 633/633/633
f 631/631/631 633/633/633 632/632/632
f 632/632/632 634/634/634 610/610/610
f 633/633/633 634/634/634 632/632/632
f 634/634/634 589/589/589 610/610/610
f 625/625/625 635/635/635 633/633/633
f 633/633/633 635/635/635 634/634/634
f 625/625/625 626/626/626 635/635/635
f 626/626/626 636/636/636 635/635/635
f 634/634/634 637/637/637 589/589/589
f 635/635/635 637/637/637 634/634/634
f 635/635/635 636/636/636 637/637/637
f 637/637/637 638/638/638 589/589/589
f 636/636/636 639/639/639 637/637/637
f 637/637/637 639/639/639 638/638/638
f 639/639/639 640/640/640 638/638/638
usemtl Metal_chrome_mat
f 643/643/643 642/642/642 641/641/641
f 644/644/644 643/643/643 641/641/641
f 644/644/644 641/641/641 645/645/645
f 646/646/646 644/644/644 645/645/645
f 646/646/646 645/645/645 647/647/647
f 648/648/648 646/646/646 647/647/647
f 648/648/648 647/647/647 649/649/649
f 650/650/650 648/648/648 649/649/649
f 650/650/650 651/651/651 648/648/648
f 651/651/651 652/652/652 648/648/648
f 648/648/648 652/652/652 646/646/646
f 652/652/652 653/653/653 646/646/646
f 646/646/646 653/653/653 644/644/644
f 653/653/653 654/654/654 644/644/644
f 644/644/644 654/654/654 643/643/643
f 654/654/654 655/655/655 643/643/643
f 643/643/643 655/655/655 656/656/656
f 655/655/655 657/657/657 656/656/656
f 660/660/660 659/659/659 658/658/658
f 659/659/659 661/661/661 658/658/658
f 659/659/659 662/662/662 661/661/661
f 662/662/662 663/663/663 661/661/661
f 659/659/659 664/664/664 662/662/662
f 662/662/662 665/665/665 663/663/663
f 664/664/664 666/666/666 662/662/662
f 662/662/662 666/666/666 665/665/665
f 669/669/669 668/668/668 667/667/667
f 669/669/669 670/670/670 668/668/668
f 670/670/670 671/671/671 668/668/668
f 669/669/669 672/672/672 670/670/670
f 673/673/673 672/672/672 669/669/669
f 672/672/672 674/674/674 670/670/670
f 670/670/670 675/675/675 671/671/671
f 670/670/670 674/674/674 675/675/675
f 675/675/675 676/676/676 671/671/671
f 674/674/674 677/677/677 675/675/675
f 675/675/675 678/678/678 676/676/676
f 675/675/675 677/677/677 678/678/678
f 678/678/678 679/679/679 676/676/676
f 677/677/677 680/680/680 678/678/678
f 678/678/678 681/681/681 679/679/679
f 678/678/678 680/680/680 681/681/681
f 680/680/680 682/682/682 681/681/681
f 681/681/681 683/683/683 679/679/679
f 681/681/681 684/684/684 683/683/683
f 684/684/684 685/685/685 683/683/683
f 688/688/688 687/687/687 686/686/686
f 689/689/689 688/688/688 686/686/686
f 689/689/689 686/686/686 690/690/690
f 691/691/691 689/689/689 690/690/690
f 689/689/689 692/692/692 688/688/688
f 692/692/692 693/693/693 688/688/688
f 694/694/694 692/692/692 689/689/689
f 691/691/691 694/694/694 689/689/689
f 695/695/695 694/694/694 691/691/691
f 696/696/696 695/695/695 691/691/691
f 699/699/699 698/698/698 697/697/697
f 700/700/700 699/699/699 697/697/697
f 700/700/700 697/697/697 701/701/701
f 702/702/702 700/700/700 701/701/701
f 702/702/702 703/703/703 700/700/700
f 703/703/703 704/704/704 700/700/700
f 700/700/700 704/704/704 699/699/699
f 704/704/704 705/705/705 699/699/699
f 699/699/699 705/705/705 706/706/706
f 705/705/705 707/707/707 706/706/706
f 710/710/710 709/709/709 708/708/708
f 709/709/709 711/711/711 708/708/708
f 709/709/709 712/712/712 711/711/711
f 709/709/709 713/713/713 712/712/712
f 712/712/712 714/714/714 711/711/711
f 713/713/713 715/715/715 712/712/712
f 712/712/712 716/716/716 714/714/714
f 712/712/712 715/715/715 716/716/716
f 716/716/716 717/717/717 714/714/714
f 715/715/715 718/718/718 716/716/716
f 716/716/716 718/718/718 719/719/719
f 718/718/718 720/720/720 719/719/719
f 723/723/723 722/722/722 721/721/721
f 722/722/722 724/724/724 721/721/721
f 722/722/722 725/725/725 724/724/724
f 722/722/722 726/726/726 725/725/725
f 725/725/725 727/727/727 724/724/724
f 726/726/726 728/728/728 725/725/725
f 725/725/725 729/729/729 727/727/727
f 725/725/725 728/728/728 729/729/729
f 729/729/729 730/730/730 727/727/727
f 728/728/728 731/731/731 729/729/729
f 729/729/729 732/732/732 730/730/730
f 729/729/729 731/731/731 732/732/732
f 731/731/731 733/733/733 732/732/732
f 732/732/732 734/734/734 730/730/730
f 732/732/732 735/735/735 734/734/734
f 735/735/735 736/736/736 734/734/734
f 739/739/739 738/738/738 737/737/737
f 740/740/740 739/739/739 737/737/737
usemtl Brass_Mat
f 743/743/743 742/742/742 741/741/741
f 742/742/742 744/744/744 741/741/741
f 744/744/744 745/745/745 741/741/741
f 745/745/745 746/746/746 741/741/741
f 749/749/749 748/748/748 747/747/747
f 748/748/748 750/750/750 747/747/747
f 750/750/750 748/748/748 751/751/751
f 748/748/748 752/752/752 751/751/751
f 752/752/752 753/753/753 751/751/751
f 753/753/753 754/754/754 751/751/751
f 754/754/754 753/753/753 755/755/755
f 753/753/753 756/756/756 755/755/755
f 759/759/759 758/758/758 757/757/757
f 758/758/758 760/760/760 757/757/757
f 760/760/760 758/758/758 761/761/761
f 758/758/758 762/762/762 761/761/761
f 762/762/762 763/763/763 761/761/761
f 763/763/763 764/764/764 761/761/761
f 767/767/767 766/766/766 765/765/765
f 766/766/766 768/768/768 765/765/765
f 768/768/768 766/766/766 769/769/769
f 766/766/766 770/770/770 769/769/769
f 769/769/769 770/770/770 771/771/771
f 770/770/770 772/772/772 771/771/771
f 772/772/772 773/773/773 771/771/771
f 773/773/773 774/774/774 771/771/771
f 774/774/774 773/773/773 775/775/775
f 773/773/773 776/776/776 775/775/775
f 779/779/779 778/778/778 777/777/777
f 778/778/778 780/780/780 777/777/777
f 780/780/780 778/778/778 781/781/781
f 778/778/778 782/782/782 781/781/781
f 782/782/782 783/783/783 781/781/781
f 783/783/783 784/784/784 781/781/781
f 787/787/787 786/786/786 785/785/785
f 786/786/786 788/788/788 785/785/785
f 791/791/791 790/790/790 789/789/789
f 790/790/790 792/792/792 789/789/789
f 792/792/792 793/793/793 789/789/789
f 793/793/793 794/794/794 789/789/789
f 794/794/794 793/793/793 795/795/795
f 793/793/793 796/796/796 795/795/795
f 795/795/795 796/796/796 797/797/797
f 796/796/796 798/798/798 797/797/797
f 798/798/798 799/799/799 797/797/797
f 799/799/799 800/800/800 797/797/797
f 799/799/799 801/801/801 800/800/800
f 801/801/801 802/802/802 800/800/800
f 805/805/805 804/804/804 803/803/803
f 804/804/804 806/806/806 803/803/803
f 803/803/803 806/806/806 807/807/807
f 806/806/806 808/808/808 807/807/807
f 807/807/807 808/808/808 809/809/809
f 808/808/808 810/810/810 809/809/809
f 809/809/809 810/810/810 811/811/811
f 810/810/810 812/812/812 811/811/811
f 815/815/815 814/814/814 813/813/813
f 816/816/816 815/815/815 813/813/813
f 817/817/817 815/815/815 816/816/816
f 818/818/818 817/817/817 816/816/816
f 819/819/819 817/817/817 818/818/818
f 820/820/820 819/819/819 818/818/818
f 821/821/821 819/819/819 820/820/820
f 822/822/822 821/821/821 820/820/820
f 823/823/823 821/821/821 822/822/822
f 824/824/824 823/823/823 822/822/822
f 827/827/827 826/826/826 825/825/825
f 828/828/828 827/827/827 825/825/825
f 829/829/829 827/827/827 828/828/828
f 830/830/830 829/829/829 828/828/828
f 831/831/831 829/829/829 830/830/830
f 832/832/832 831/831/831 830/830/830
f 835/835/835 834/834/834 833/833/833
f 836/836/836 835/835/835 833/833/833
f 837/837/837 835/835/835 836/836/836
f 838/838/838 837/837/837 836/836/836
f 841/841/841 840/840/840 839/839/839
f 842/842/842 841/841/841 839/839/839
f 843/843/843 841/841/841 842/842/842
f 844/844/844 843/843/843 842/842/842
f 847/847/847 846/846/846 845/845/845
f 848/848/848 847/847/847 845/845/845
f 849/849/849 847/847/847 848/848/848
f 850/850/850 849/849/849 848/848/848
f 851/851/851 849/849/849 850/850/850
f 852/852/852 851/851/851 850/850/850
f 853/853/853 851/851/851 852/852/852
f 854/854/854 853/853/853 852/852/852
f 855/855/855 853/853/853 854/854/854
f 856/856/856 855/855/855 854/854/854
f 859/859/859 858/858/858 857/857/857
f 860/860/860 859/859/859 857/857/857
f 861/861/861 859/859/859 860/860/860
f 862/862/862 861/861/861 860/860/860
f 863/863/863 861/861/861 862/862/862
f 864/864/864 863/863/863 862/862/862
f 867/867/867 866/866/866 865/865/865
f 868/868/868 867/867/867 865/865/865
f 865/865/865 866/866/866 869/869/869
f 870/870/870 867/867/867 868/868/868
f 866/866/866 871/871/871 869/869/869
f 872/872/872 870/870/870 868/868/868
f 869/869/869 871/871/871 873/873/873
f 874/874/874 870/870/870 872/872/872
f 871/871/871 875/875/875 873/873/873
f 876/876/876 874/874/874 872/872/872
f 873/873/873 875/875/875 877/877/877
f 878/878/878 874/874/874 876/876/876
f 875/875/875 879/879/879 877/877/877
f 880/880/880 878/878/878 876/876/876
f 877/877/877 879/879/879 881/881/881
f 882/882/882 878/878/878 880/880/880
f 879/879/879 883/883/883 881/881/881
f 884/884/884 882/882/882 880/880/880
f 881/881/881 883/883/883 885/885/885
f 886/886/886 882/882/882 884/884/884
f 883/883/883 887/887/887 885/885/885
f 888/888/888 886/886/886 884/884/884
f 885/885/885 887/887/887 889/889/889
f 890/890/890 886/886/886 888/888/888
f 887/887/887 891/891/891 889/889/889
f 892/892/892 890/890/890 888/888/888
f 889/889/889 891/891/891 893/893/893
f 894/894/894 890/890/890 892/892/892
f 891/891/891 895/895/895 893/893/893
f 896/896/896 894/894/894 892/892/892
f 893/893/893 895/895/895 897/897/897
f 898/898/898 894/894/894 896/896/896
f 895/895/895 899/899/899 897/897/897
f 900/900/900 898/898/898 896/896/896
f 897/897/897 899/899/899 901/901/901
f 902/902/902 898/898/898 900/900/900
f 899/899/899 903/903/903 901/901/901
f 904/904/904 902/902/902 900/900/900
f 901/901/901 903/903/903 905/905/905
f 906/906/906 902/902/902 904/904/904
f 903/903/903 907/907/907 905/905/905
f 908/908/908 906/906/906 904/904/904
f 905/905/905 907/907/907 909/909/909
f 910/910/910 906/906/906 908/908/908
f 907/907/907 911/911/911 909/909/909
f 912/912/912 910/910/910 908/908/908
f 909/909/909 911/911/911 912/912/912
f 911/911/911 910/910/910 912/912/912
