mtllib Kettle_132e967c.mtl
g Kettle_132e967c
v 4.3047 2.53355 2.22595
v 4.30801 2.52373 2.21743
v 4.29912 2.55261 2.20266
v 4.29715 2.55898 2.2134
v 4.29235 2.58907 2.19139
v 4.29077 2.59178 2.20277
v 4.29094 2.62309 2.18905
v 4.28945 2.62168 2.20058
v 4.29665 2.65257 2.19853
v 4.29445 2.64593 2.20889
v 4.3047 2.53355 2.22595
v 4.29912 2.55261 2.20266
v 4.29715 2.55898 2.2134
v 4.32843 2.60217 2.26087
v 4.32538 2.61148 2.28202
v 4.33088 2.5964 2.26629
v 4.40439 2.57684 2.41051
v 4.39808 2.56164 2.41546
v 4.40153 2.57092 2.40657
v 4.42631 2.52425 2.42587
v 4.41949 2.49964 2.38871
v 4.40788 2.50271 2.39477
v 4.44369 2.57092 2.38121
v 4.43201 2.57712 2.38369
v 4.42031 2.57716 2.36471
v 4.29521 2.48342 2.32164
v 4.31923 2.46694 2.30547
v 4.29765 2.48342 2.3001
v 4.30558 2.48342 2.27992
v 4.32504 2.46694 2.29069
v 4.33447 2.46694 2.27792
v 4.40148 2.4999 2.22673
v 4.39829 2.48342 2.23955
v 4.41847 2.48342 2.24748
v 4.42641 2.52646 2.4237
v 4.40821 2.50513 2.39291
v 4.41868 2.50227 2.38735
v 4.44233 2.56892 2.38325
v 4.41932 2.57433 2.36537
v 4.4316 2.57436 2.38548
v 4.40084 2.50176 2.22932
v 4.41753 2.4862 2.24918
v 4.39782 2.4862 2.24143
v 4.41981 2.47048 2.27706
v 4.40724 2.47048 2.26777
v 4.43456 2.4862 2.26176
v 4.42954 2.47048 2.28928
v 4.44775 2.4862 2.27833
v 4.45621 2.4862 2.29774
v 4.45935 2.4862 2.31868
v 4.4381 2.47048 2.31907
v 4.45935 2.4862 2.31868
v 4.45696 2.4862 2.33973
v 4.43634 2.47048 2.3346
v 4.3257 2.53775 2.24683
v 4.3197 2.52547 2.25087
v 4.3047 2.53355 2.22595
v 4.31378 2.54337 2.22701
v 4.33809 2.53775 2.23938
v 4.32617 2.54337 2.21956
v 4.3197 2.52547 2.25087
v 4.30801 2.52373 2.21743
v 4.3047 2.53355 2.22595
v 4.32608 2.5132 2.24746
v 4.31378 2.54337 2.22701
v 4.3047 2.53355 2.22595
v 4.29715 2.55898 2.2134
v 4.30743 2.56549 2.21648
v 4.29077 2.59178 2.20277
v 4.30157 2.5945 2.20672
v 4.28945 2.62168 2.20058
v 4.30034 2.62027 2.20466
v 4.29445 2.64593 2.20889
v 4.30463 2.63928 2.21179
v 4.30463 2.63928 2.21179
v 4.29445 2.64593 2.20889
v 4.30309 2.65981 2.22324
v 4.31102 2.6483 2.22241
v 4.31141 2.66028 2.23708
v 4.29445 2.64593 2.20889
v 4.29665 2.65257 2.19853
v 4.30754 2.67132 2.21663
v 4.30309 2.65981 2.22324
v 4.31102 2.6483 2.22241
v 4.31141 2.66028 2.23708
v 4.31652 2.64824 2.23155
v 4.31903 2.65017 2.24973
v 4.32248 2.64006 2.24147
v 4.3278 2.62653 2.26432
v 4.33019 2.61879 2.25428
v 4.30309 2.65981 2.22324
v 4.30754 2.67132 2.21663
v 4.31869 2.67233 2.23517
v 4.31141 2.66028 2.23708
v 4.32794 2.66027 2.25055
v 4.31903 2.65017 2.24973
v 4.33779 2.63426 2.26691
v 4.3278 2.62653 2.26432
v 4.34012 2.63138 2.28029
v 4.32389 2.61678 2.27683
v 4.34185 2.62657 2.28453
v 4.32538 2.61148 2.28202
v 4.32843 2.60217 2.26087
v 4.32389 2.61678 2.27683
v 4.32538 2.61148 2.28202
v 4.33019 2.61879 2.25428
v 4.3278 2.62653 2.26432
v 4.34257 2.61879 2.24683
v 4.33486 2.64006 2.23403
v 4.34921 2.60217 2.24837
v 4.33088 2.5964 2.26629
v 4.35285 2.5964 2.25307
v 4.32248 2.64006 2.24147
v 4.32889 2.64824 2.2241
v 4.31652 2.64824 2.23155
v 4.34447 2.52547 2.23597
v 4.33809 2.53775 2.23938
v 4.32617 2.54337 2.21956
v 4.32948 2.53355 2.21104
v 4.33847 2.5132 2.24001
v 4.34447 2.52547 2.23597
v 4.32948 2.53355 2.21104
v 4.3204 2.52373 2.20998
v 4.32193 2.55898 2.19849
v 4.31152 2.55261 2.1952
v 4.32948 2.53355 2.21104
v 4.32617 2.54337 2.21956
v 4.31983 2.56549 2.20902
v 4.32193 2.55898 2.19849
v 4.31395 2.5945 2.19927
v 4.31553 2.59178 2.18788
v 4.31271 2.62027 2.19721
v 4.31421 2.62168 2.18568
v 4.317 2.63928 2.20435
v 4.31921 2.64593 2.19399
v 4.31152 2.55261 2.1952
v 4.32193 2.55898 2.19849
v 4.31553 2.59178 2.18788
v 4.30473 2.58907 2.18394
v 4.31421 2.62168 2.18568
v 4.30332 2.62309 2.1816
v 4.31921 2.64593 2.19399
v 4.30903 2.65257 2.19109
v 4.31921 2.64593 2.19399
v 4.317 2.63928 2.20435
v 4.32339 2.6483 2.21496
v 4.32784 2.65981 2.20835
v 4.32889 2.64824 2.2241
v 4.33617 2.66028 2.22219
v 4.33486 2.64006 2.23403
v 4.34378 2.65017 2.23484
v 4.34257 2.61879 2.24683
v 4.35255 2.62653 2.24943
v 4.30903 2.65257 2.19109
v 4.31921 2.64593 2.19399
v 4.32784 2.65981 2.20835
v 4.31992 2.67132 2.20918
v 4.33617 2.66028 2.22219
v 4.33107 2.67233 2.22772
v 4.34378 2.65017 2.23484
v 4.34032 2.66027 2.2431
v 4.35255 2.62653 2.24943
v 4.35016 2.63426 2.25946
v 4.36544 2.61678 2.25183
v 4.36089 2.63138 2.26779
v 4.36932 2.61148 2.25558
v 4.36383 2.62657 2.27131
v 4.36544 2.61678 2.25183
v 4.35285 2.5964 2.25307
v 4.36932 2.61148 2.25558
v 4.34921 2.60217 2.24837
v 4.32608 2.5132 2.24746
v 4.33847 2.5132 2.24001
v 4.3204 2.52373 2.20998
v 4.30801 2.52373 2.21743
v 4.32617 2.54337 2.21956
v 4.31378 2.54337 2.22701
v 4.30743 2.56549 2.21648
v 4.31983 2.56549 2.20902
v 4.30157 2.5945 2.20672
v 4.31395 2.5945 2.19927
v 4.30034 2.62027 2.20466
v 4.31271 2.62027 2.19721
v 4.30463 2.63928 2.21179
v 4.317 2.63928 2.20435
v 4.30801 2.52373 2.21743
v 4.3204 2.52373 2.20998
v 4.31152 2.55261 2.1952
v 4.29912 2.55261 2.20266
v 4.30473 2.58907 2.18394
v 4.29235 2.58907 2.19139
v 4.30332 2.62309 2.1816
v 4.29094 2.62309 2.18905
v 4.29094 2.62309 2.18905
v 4.30332 2.62309 2.1816
v 4.30903 2.65257 2.19109
v 4.29665 2.65257 2.19853
v 4.31992 2.67132 2.20918
v 4.30754 2.67132 2.21663
v 4.317 2.63928 2.20435
v 4.30463 2.63928 2.21179
v 4.31102 2.6483 2.22241
v 4.32339 2.6483 2.21496
v 4.32339 2.6483 2.21496
v 4.31102 2.6483 2.22241
v 4.31652 2.64824 2.23155
v 4.32889 2.64824 2.2241
v 4.30754 2.67132 2.21663
v 4.31992 2.67132 2.20918
v 4.33107 2.67233 2.22772
v 4.31869 2.67233 2.23517
v 4.31869 2.67233 2.23517
v 4.33107 2.67233 2.22772
v 4.34032 2.66027 2.2431
v 4.32794 2.66027 2.25055
v 4.35016 2.63426 2.25946
v 4.33779 2.63426 2.26691
v 4.36089 2.63138 2.26779
v 4.34012 2.63138 2.28029
v 4.36383 2.62657 2.27131
v 4.34185 2.62657 2.28453
v 4.35255 2.62653 2.24943
v 4.34257 2.61879 2.24683
v 4.34921 2.60217 2.24837
v 4.36544 2.61678 2.25183
v 4.40153 2.57092 2.40657
v 4.38499 2.55535 2.39257
v 4.38958 2.56842 2.38585
v 4.39808 2.56164 2.41546
v 4.38483 2.53993 2.39735
v 4.39936 2.55069 2.42271
v 4.38912 2.52451 2.39944
v 4.40188 2.5693 2.42072
v 4.40439 2.57684 2.41051
v 4.40948 2.58381 2.41245
v 4.40517 2.53974 2.42724
v 4.39722 2.51144 2.39853
v 4.40419 2.56041 2.42961
v 4.40826 2.579 2.42282
v 4.41464 2.53045 2.42835
v 4.40788 2.50271 2.39477
v 4.42631 2.52425 2.42587
v 4.41096 2.55152 2.43581
v 4.42116 2.54399 2.43838
v 4.41136 2.57332 2.43231
v 4.4183 2.56764 2.4395
v 4.43543 2.62508 2.44028
v 4.43181 2.62617 2.43634
v 4.44355 2.65787 2.45378
v 4.43002 2.62727 2.4313
v 4.43033 2.6282 2.42592
v 4.44026 2.66062 2.45038
v 4.4388 2.66336 2.44589
v 4.44401 2.67753 2.46336
v 4.4418 2.67796 2.45712
v 4.44849 2.67711 2.46823
v 4.4445 2.67978 2.46509
v 4.4422 2.6799 2.45862
v 4.44915 2.67967 2.47015
v 4.45542 2.67957 2.47304
v 4.45457 2.67675 2.47099
v 4.44816 2.65555 2.45556
v 4.4183 2.56764 2.4395
v 4.42116 2.54399 2.43838
v 4.41096 2.55152 2.43581
v 4.42802 2.56283 2.44328
v 4.44032 2.62414 2.44253
v 4.43543 2.62508 2.44028
v 4.44816 2.65555 2.45556
v 4.44355 2.65787 2.45378
v 4.43033 2.6282 2.42592
v 4.4388 2.66336 2.44589
v 4.43002 2.62727 2.4313
v 4.43939 2.66569 2.44099
v 4.4418 2.67796 2.45712
v 4.43269 2.62883 2.42104
v 4.44222 2.67832 2.45046
v 4.4422 2.6799 2.45862
v 4.44259 2.68 2.45172
v 4.44194 2.66724 2.43641
v 4.44519 2.67856 2.44439
v 4.44562 2.68006 2.44545
v 4.45025 2.67864 2.43984
v 4.44606 2.66779 2.43287
v 4.43674 2.62904 2.41738
v 4.44187 2.62883 2.41551
v 4.43413 2.58703 2.39119
v 4.42348 2.58816 2.39534
v 4.41482 2.58703 2.4028
v 4.41132 2.58187 2.40051
v 4.40439 2.57684 2.41051
v 4.40153 2.57092 2.40657
v 4.42163 2.58364 2.39227
v 4.4092 2.57712 2.39742
v 4.4199 2.5793 2.38938
v 4.44913 2.52425 2.41215
v 4.43861 2.51144 2.37363
v 4.43028 2.50271 2.38129
v 4.45679 2.53045 2.40299
v 4.4432 2.52451 2.3669
v 4.46024 2.53974 2.39411
v 4.4626 2.54399 2.41345
v 4.46024 2.53974 2.39411
v 4.44336 2.53993 2.36213
v 4.4432 2.52451 2.3669
v 4.45897 2.55069 2.38685
v 4.43952 2.55645 2.36104
v 4.4651 2.55152 2.40324
v 4.4626 2.54399 2.41345
v 4.45325 2.56245 2.38288
v 4.43098 2.56842 2.36094
v 4.46279 2.56041 2.39435
v 4.46492 2.56764 2.41145
v 4.44369 2.57092 2.38121
v 4.42031 2.57716 2.36471
v 4.4561 2.57003 2.38862
v 4.44583 2.57684 2.38557
v 4.46182 2.57332 2.40195
v 4.45499 2.57957 2.39512
v 4.44516 2.58381 2.39098
v 4.44729 2.6282 2.41572
v 4.45239 2.62702 2.41788
v 4.4558 2.62617 2.42191
v 4.45759 2.62508 2.42695
v 4.46101 2.66244 2.4322
v 4.46425 2.66062 2.43595
v 4.46921 2.67672 2.43979
v 4.46571 2.65787 2.44044
v 4.47397 2.67753 2.44534
v 4.4703 2.67861 2.44079
v 4.47526 2.67978 2.44659
v 4.47617 2.67711 2.45158
v 4.46512 2.65555 2.44535
v 4.47756 2.67967 2.45306
v 4.47575 2.67675 2.45824
v 4.47717 2.67957 2.45996
v 4.46371 2.56283 2.42181
v 4.45759 2.62508 2.42695
v 4.46492 2.56764 2.41145
v 4.45728 2.62414 2.43232
v 4.45836 2.55961 2.43146
v 4.4626 2.54399 2.41345
v 4.45492 2.62352 2.43721
v 4.46512 2.65555 2.44535
v 4.45566 2.53895 2.42344
v 4.45679 2.53045 2.40299
v 4.44913 2.52425 2.41215
v 4.4497 2.55848 2.43893
v 4.46257 2.65399 2.44992
v 4.47575 2.67675 2.45824
v 4.44535 2.53718 2.43169
v 4.45087 2.6233 2.44086
v 4.47279 2.67651 2.46431
v 4.47717 2.67957 2.45996
v 4.47414 2.6795 2.46623
v 4.45845 2.65345 2.45347
v 4.46772 2.67643 2.46887
v 4.46895 2.67948 2.47091
v 4.43905 2.55961 2.44308
v 4.43843 2.52207 2.42018
v 4.43028 2.50271 2.38129
v 4.41949 2.49964 2.38871
v 4.42631 2.52425 2.42587
v 4.43323 2.53895 2.43694
v 4.42116 2.54399 2.43838
v 4.41464 2.53045 2.42835
v 4.42802 2.56283 2.44328
v 4.44574 2.62352 2.44273
v 4.44032 2.62414 2.44253
v 4.45339 2.65399 2.45545
v 4.44816 2.65555 2.45556
v 4.46132 2.67651 2.47121
v 4.45457 2.67675 2.47099
v 4.46238 2.6795 2.47331
v 4.45542 2.67957 2.47304
v 4.46371 2.56283 2.42181
v 4.46492 2.56764 2.41145
v 4.4651 2.55152 2.40324
v 4.4626 2.54399 2.41345
v 4.45728 2.62414 2.43232
v 4.46571 2.65787 2.44044
v 4.45759 2.62508 2.42695
v 4.46512 2.65555 2.44535
v 4.46921 2.67672 2.43979
v 4.4703 2.67861 2.44079
v 4.46434 2.68 2.43864
v 4.4634 2.67832 2.43771
v 4.46101 2.66244 2.4322
v 4.45739 2.68006 2.43837
v 4.45636 2.66569 2.43078
v 4.45239 2.62702 2.41788
v 4.44729 2.6282 2.41572
v 4.45665 2.67856 2.43749
v 4.45081 2.68008 2.44076
v 4.45112 2.66724 2.43089
v 4.45025 2.67864 2.43984
v 4.44562 2.68006 2.44545
v 4.44606 2.66779 2.43287
v 4.44187 2.62883 2.41551
v 4.44516 2.58381 2.39098
v 4.43413 2.58703 2.39119
v 4.43375 2.58187 2.38702
v 4.44583 2.57684 2.38557
v 4.43201 2.57712 2.38369
v 4.44369 2.57092 2.38121
v 4.4199 2.5793 2.38938
v 4.42163 2.58364 2.39227
v 4.42348 2.58816 2.39534
v 4.43674 2.62904 2.41738
v 4.43201 2.57712 2.38369
v 4.4087 2.58023 2.37077
v 4.42031 2.57716 2.36471
v 4.4199 2.5793 2.38938
v 4.39791 2.57716 2.37819
v 4.4092 2.57712 2.39742
v 4.4092 2.57712 2.39742
v 4.38958 2.56842 2.38585
v 4.39791 2.57716 2.37819
v 4.40153 2.57092 2.40657
v 4.41482 2.58703 2.4028
v 4.43269 2.62883 2.42104
v 4.43033 2.6282 2.42592
v 4.40948 2.58381 2.41245
v 4.40439 2.57684 2.41051
v 4.35302 2.56535 2.23238
v 4.37643 2.53168 2.21942
v 4.3766 2.56535 2.22884
v 4.35809 2.60501 2.25001
v 4.37693 2.60501 2.24719
v 4.35893 2.61995 2.25295
v 4.3422 2.61995 2.26023
v 4.35877 2.65906 2.25237
v 4.34063 2.60501 2.25762
v 4.33117 2.56535 2.24189
v 4.35042 2.53168 2.22332
v 4.32631 2.53168 2.23382
v 4.35039 2.51636 2.22322
v 4.32573 2.60501 2.26949
v 4.31252 2.56535 2.25675
v 4.32792 2.61995 2.27161
v 4.30573 2.53168 2.2502
v 4.34189 2.65906 2.25972
v 4.32749 2.65906 2.27119
v 4.32626 2.51636 2.23373
v 4.30566 2.51636 2.25013
v 4.34481 2.67319 2.26457
v 4.36033 2.67319 2.25781
v 4.33156 2.67319 2.27512
v 4.3215 2.67319 2.28873
v 4.35166 2.4999 2.22763
v 4.37651 2.4999 2.2239
v 4.32862 2.4999 2.23766
v 4.37675 2.48342 2.23711
v 4.39829 2.48342 2.23955
v 4.35531 2.48342 2.24032
v 4.30896 2.4999 2.25332
v 4.29001 2.51636 2.2713
v 4.33543 2.48342 2.24898
v 4.36145 2.46694 2.2617
v 4.34689 2.46694 2.26803
v 4.31847 2.48342 2.26249
v 4.33447 2.46694 2.27792
v 4.29403 2.4999 2.27352
v 4.30558 2.48342 2.27992
v 4.28483 2.4999 2.29691
v 4.29765 2.48342 2.3001
v 4.35302 2.56535 2.23238
v 4.35042 2.53168 2.22332
v 4.37643 2.53168 2.21942
v 4.37643 2.51636 2.21932
v 4.35039 2.51636 2.22322
v 4.37651 2.4999 2.2239
v 4.40148 2.4999 2.22673
v 4.39829 2.48342 2.23955
v 4.40259 2.51636 2.22228
v 4.42486 2.4999 2.23593
v 4.42709 2.51636 2.23192
v 4.40256 2.53168 2.22238
v 4.3766 2.56535 2.22884
v 4.42704 2.53168 2.232
v 4.40029 2.56535 2.23152
v 4.42247 2.56535 2.24025
v 4.37693 2.60501 2.24719
v 4.39586 2.60501 2.24933
v 4.41358 2.60501 2.25631
v 4.37698 2.61995 2.25024
v 4.35893 2.61995 2.25295
v 4.39512 2.61995 2.2523
v 4.41211 2.61995 2.25898
v 4.4124 2.65906 2.25845
v 4.37697 2.65906 2.24964
v 4.35877 2.65906 2.25237
v 4.36033 2.67319 2.25781
v 4.37708 2.67319 2.2553
v 4.39526 2.65906 2.25172
v 4.3939 2.67319 2.2572
v 4.40966 2.67319 2.2634
v 4.29001 2.51636 2.2713
v 4.29403 2.4999 2.27352
v 4.30896 2.4999 2.25332
v 4.28038 2.51636 2.2958
v 4.28483 2.4999 2.29691
v 4.27741 2.51636 2.32196
v 4.282 2.4999 2.32188
v 4.27752 2.53168 2.32196
v 4.28048 2.53168 2.29583
v 4.28694 2.56535 2.32179
v 4.2901 2.53168 2.27135
v 4.30566 2.51636 2.25013
v 4.30573 2.53168 2.2502
v 4.28962 2.56535 2.2981
v 4.30529 2.60501 2.32146
v 4.29835 2.56535 2.27592
v 4.31252 2.56535 2.25675
v 4.30743 2.60501 2.30253
v 4.30834 2.61995 2.3214
v 4.3144 2.60501 2.28481
v 4.32573 2.60501 2.26949
v 4.31039 2.61995 2.30327
v 4.31707 2.61995 2.28628
v 4.32792 2.61995 2.27161
v 4.32749 2.65906 2.27119
v 4.31655 2.65906 2.28599
v 4.3215 2.67319 2.28873
v 4.3153 2.67319 2.30449
v 4.30981 2.65906 2.30312
v 4.30774 2.65906 2.32141
v 4.3134 2.67319 2.32131
v 4.43815 2.61995 2.2841
v 4.44837 2.60501 2.29999
v 4.44544 2.61995 2.30084
v 4.44077 2.60501 2.28253
v 4.46601 2.56535 2.29492
v 4.42678 2.61995 2.26982
v 4.43867 2.65906 2.28379
v 4.4565 2.56535 2.27307
v 4.47507 2.53168 2.29232
v 4.46457 2.53168 2.26821
v 4.4289 2.60501 2.26763
v 4.44164 2.56535 2.25442
v 4.44819 2.53168 2.24764
v 4.46466 2.51636 2.26816
v 4.41358 2.60501 2.25631
v 4.42247 2.56535 2.24025
v 4.41211 2.61995 2.25898
v 4.42704 2.53168 2.232
v 4.4272 2.65906 2.26939
v 4.4124 2.65906 2.25845
v 4.40966 2.67319 2.2634
v 4.42327 2.67319 2.27346
v 4.43382 2.67319 2.28671
v 4.44826 2.51636 2.24756
v 4.42709 2.51636 2.23192
v 4.44507 2.4999 2.25086
v 4.42486 2.4999 2.23593
v 4.46073 2.4999 2.27052
v 4.47076 2.4999 2.29356
v 4.47517 2.51636 2.29229
v 4.47517 2.51636 2.29229
v 4.47076 2.4999 2.29356
v 4.47449 2.4999 2.31841
v 4.47907 2.51636 2.31833
v 4.47507 2.53168 2.29232
v 4.47897 2.53168 2.31833
v 4.46457 2.53168 2.26821
v 4.46466 2.51636 2.26816
v 4.46601 2.56535 2.29492
v 4.46955 2.56535 2.3185
v 4.44837 2.60501 2.29999
v 4.4512 2.60501 2.31883
v 4.44544 2.61995 2.30084
v 4.44815 2.61995 2.31889
v 4.44875 2.65906 2.31888
v 4.44602 2.65906 2.30067
v 4.43815 2.61995 2.2841
v 4.43867 2.65906 2.28379
v 4.43382 2.67319 2.28671
v 4.44058 2.67319 2.30223
v 4.44309 2.67319 2.31898
v 4.47907 2.51636 2.31833
v 4.47449 2.4999 2.31841
v 4.47166 2.4999 2.34338
v 4.47611 2.51636 2.34449
v 4.46246 2.4999 2.36677
v 4.47897 2.53168 2.31833
v 4.46647 2.51636 2.36899
v 4.47601 2.53168 2.34446
v 4.46955 2.56535 2.3185
v 4.46639 2.53168 2.36894
v 4.45083 2.51636 2.39016
v 4.46686 2.56535 2.34219
v 4.4512 2.60501 2.31883
v 4.45075 2.53168 2.39009
v 4.43023 2.51636 2.40656
v 4.44905 2.60501 2.33776
v 4.44815 2.61995 2.31889
v 4.45814 2.56535 2.36437
v 4.43018 2.53168 2.40647
v 4.4061 2.51636 2.41707
v 4.40607 2.53168 2.41697
v 4.44397 2.56535 2.38355
v 4.42532 2.56535 2.3984
v 4.40346 2.56535 2.40792
v 4.44208 2.60501 2.35549
v 4.44609 2.61995 2.33702
v 4.43076 2.60501 2.3708
v 4.41586 2.60501 2.38267
v 4.3984 2.60501 2.39028
v 4.41429 2.61995 2.38006
v 4.42856 2.61995 2.36869
v 4.4146 2.65906 2.38057
v 4.43941 2.61995 2.35401
v 4.44667 2.65906 2.33717
v 4.44875 2.65906 2.31888
v 4.44309 2.67319 2.31898
v 4.44119 2.67319 2.3358
v 4.43994 2.65906 2.3543
v 4.43499 2.67319 2.35156
v 4.429 2.65906 2.3691
v 4.42492 2.67319 2.36517
v 4.41168 2.67319 2.37572
v 4.45083 2.51636 2.39016
v 4.42787 2.4999 2.40263
v 4.43023 2.51636 2.40656
v 4.44753 2.4999 2.38697
v 4.46647 2.51636 2.36899
v 4.46246 2.4999 2.36677
v 4.42106 2.48342 2.39131
v 4.40118 2.48342 2.39997
v 4.43802 2.48342 2.3778
v 4.45091 2.48342 2.36037
v 4.47166 2.4999 2.34338
v 4.45884 2.48342 2.34019
v 4.42201 2.46694 2.36237
v 4.43145 2.46694 2.3496
v 4.4096 2.46694 2.37226
v 4.39504 2.46694 2.3786
v 4.37934 2.46694 2.38095
v 4.37974 2.48342 2.40318
v 4.29576 2.4999 2.36977
v 4.29842 2.48342 2.34308
v 4.28573 2.4999 2.34673
v 4.30708 2.48342 2.36296
v 4.31979 2.46694 2.33694
v 4.31744 2.46694 2.32124
v 4.32613 2.46694 2.3515
v 4.31141 2.4999 2.38943
v 4.30823 2.51636 2.39273
v 4.32059 2.48342 2.37992
v 4.33602 2.46694 2.36392
v 4.33802 2.48342 2.39281
v 4.34879 2.46694 2.37335
v 4.33162 2.4999 2.40436
v 4.35501 2.4999 2.41356
v 4.3582 2.48342 2.40074
v 4.3294 2.51636 2.40837
v 4.32945 2.53168 2.40829
v 4.3083 2.53168 2.39265
v 4.33402 2.56535 2.40004
v 4.31484 2.56535 2.38587
v 4.3429 2.60501 2.38399
v 4.32758 2.60501 2.37266
v 4.29999 2.56535 2.36722
v 4.31572 2.60501 2.35776
v 4.34438 2.61995 2.38132
v 4.3297 2.61995 2.37047
v 4.31833 2.61995 2.35619
v 4.31782 2.65906 2.3565
v 4.32929 2.65906 2.3709
v 4.34409 2.65906 2.38184
v 4.34683 2.67319 2.37689
v 4.33322 2.67319 2.36683
v 4.32267 2.67319 2.35358
v 4.28573 2.4999 2.34673
v 4.29842 2.48342 2.34308
v 4.29521 2.48342 2.32164
v 4.31744 2.46694 2.32124
v 4.3582 2.48342 2.40074
v 4.34879 2.46694 2.37335
v 4.33802 2.48342 2.39281
v 4.36356 2.46694 2.37916
v 4.37974 2.48342 2.40318
v 4.37934 2.46694 2.38095
v 4.29521 2.48342 2.32164
v 4.31744 2.46694 2.32124
v 4.31923 2.46694 2.30547
v 4.4077 2.46694 2.26694
v 4.42047 2.46694 2.27638
v 4.31979 2.46694 2.33694
v 4.43036 2.46694 2.28879
v 4.32613 2.46694 2.3515
v 4.43669 2.46694 2.30335
v 4.33602 2.46694 2.36392
v 4.43905 2.46694 2.31905
v 4.34879 2.46694 2.37335
v 4.43726 2.46694 2.33482
v 4.46128 2.48342 2.31865
v 4.36356 2.46694 2.37916
v 4.45884 2.48342 2.34019
v 4.43145 2.46694 2.3496
v 4.45091 2.48342 2.36037
v 4.37934 2.46694 2.38095
v 4.42201 2.46694 2.36237
v 4.39504 2.46694 2.3786
v 4.4096 2.46694 2.37226
v 4.282 2.4999 2.32188
v 4.29765 2.48342 2.3001
v 4.28483 2.4999 2.29691
v 4.29521 2.48342 2.32164
v 4.28573 2.4999 2.34673
v 4.28132 2.51636 2.348
v 4.27741 2.51636 2.32196
v 4.29183 2.51636 2.37213
v 4.29576 2.4999 2.36977
v 4.30823 2.51636 2.39273
v 4.3083 2.53168 2.39265
v 4.29192 2.53168 2.37208
v 4.31484 2.56535 2.38587
v 4.29999 2.56535 2.36722
v 4.28142 2.53168 2.34797
v 4.27752 2.53168 2.32196
v 4.29047 2.56535 2.34537
v 4.31572 2.60501 2.35776
v 4.28694 2.56535 2.32179
v 4.30811 2.60501 2.3403
v 4.30529 2.60501 2.32146
v 4.31833 2.61995 2.35619
v 4.31105 2.61995 2.33945
v 4.30834 2.61995 2.3214
v 4.30774 2.65906 2.32141
v 4.31047 2.65906 2.33962
v 4.31782 2.65906 2.3565
v 4.32267 2.67319 2.35358
v 4.31591 2.67319 2.33806
v 4.3134 2.67319 2.32131
v 4.29765 2.48342 2.3001
v 4.32504 2.46694 2.29069
v 4.30558 2.48342 2.27992
v 4.39292 2.46694 2.26113
v 4.39829 2.48342 2.23955
v 4.41847 2.48342 2.24748
v 4.37675 2.48342 2.23711
v 4.37715 2.46694 2.25934
v 4.33447 2.46694 2.27792
v 4.36145 2.46694 2.2617
v 4.34689 2.46694 2.26803
v 4.35531 2.48342 2.24032
v 4.36145 2.46694 2.2617
v 4.37715 2.46694 2.25934
v 4.37675 2.48342 2.23711
v 4.40148 2.4999 2.22673
v 4.41847 2.48342 2.24748
v 4.42486 2.4999 2.23593
v 4.4359 2.48342 2.26037
v 4.44507 2.4999 2.25086
v 4.42047 2.46694 2.27638
v 4.4077 2.46694 2.26694
v 4.43036 2.46694 2.28879
v 4.44941 2.48342 2.27733
v 4.46073 2.4999 2.27052
v 4.43669 2.46694 2.30335
v 4.45807 2.48342 2.29721
v 4.43905 2.46694 2.31905
v 4.47076 2.4999 2.29356
v 4.46128 2.48342 2.31865
v 4.47449 2.4999 2.31841
v 4.45884 2.48342 2.34019
v 4.47166 2.4999 2.34338
v 4.34409 2.65906 2.38184
v 4.34683 2.67319 2.37689
v 4.36259 2.67319 2.38309
v 4.36122 2.65906 2.38857
v 4.37941 2.67319 2.38499
v 4.36137 2.61995 2.38799
v 4.34438 2.61995 2.38132
v 4.3429 2.60501 2.38399
v 4.37951 2.65906 2.39065
v 4.39616 2.67319 2.38248
v 4.36063 2.60501 2.39096
v 4.33402 2.56535 2.40004
v 4.3795 2.61995 2.39005
v 4.39772 2.65906 2.38792
v 4.41168 2.67319 2.37572
v 4.4146 2.65906 2.38057
v 4.41429 2.61995 2.38006
v 4.39755 2.61995 2.38734
v 4.3984 2.60501 2.39028
v 4.37956 2.60501 2.3931
v 4.3562 2.56535 2.40877
v 4.32945 2.53168 2.40829
v 4.37989 2.56535 2.41145
v 4.40346 2.56535 2.40792
v 4.35393 2.53168 2.41791
v 4.3294 2.51636 2.40837
v 4.38006 2.53168 2.42087
v 4.40607 2.53168 2.41697
v 4.3539 2.51636 2.41801
v 4.33162 2.4999 2.40436
v 4.35501 2.4999 2.41356
v 4.38006 2.51636 2.42098
v 4.4061 2.51636 2.41707
v 4.37998 2.4999 2.41639
v 4.3582 2.48342 2.40074
v 4.37974 2.48342 2.40318
v 4.40483 2.4999 2.41266
v 4.43023 2.51636 2.40656
v 4.40118 2.48342 2.39997
v 4.42787 2.4999 2.40263
v 4.4072 2.54066 2.42513
v 4.39134 2.52552 2.39759
v 4.39863 2.51328 2.39654
v 4.40194 2.5507 2.42107
v 4.38746 2.53994 2.3958
v 4.4066 2.56 2.42772
v 4.41269 2.55188 2.43326
v 4.40081 2.56054 2.41455
v 4.38758 2.55428 2.39135
v 4.40397 2.56892 2.40632
v 4.39161 2.56632 2.38492
v 4.40698 2.57521 2.41066
v 4.40459 2.56817 2.41978
v 4.41209 2.58222 2.41268
v 4.41363 2.57254 2.43042
v 4.41979 2.56741 2.43684
v 4.43717 2.62513 2.43772
v 4.43433 2.6258 2.43459
v 4.41091 2.57774 2.42193
v 4.43291 2.62647 2.43062
v 4.43314 2.62705 2.42639
v 4.44291 2.6609 2.44883
v 4.4418 2.66299 2.44535
v 4.4467 2.67815 2.46201
v 4.44485 2.67776 2.45676
v 4.44717 2.68028 2.46364
v 4.44523 2.67959 2.45817
v 4.41269 2.55188 2.43326
v 4.41581 2.53214 2.42604
v 4.42193 2.54501 2.43556
v 4.4072 2.54066 2.42513
v 4.39863 2.51328 2.39654
v 4.40821 2.50513 2.39291
v 4.42641 2.52646 2.4237
v 4.41979 2.56741 2.43684
v 4.41269 2.55188 2.43326
v 4.42193 2.54501 2.43556
v 4.42854 2.56305 2.44026
v 4.44102 2.62457 2.43953
v 4.43717 2.62513 2.43772
v 4.44899 2.65682 2.45288
v 4.4531 2.65553 2.4528
v 4.44528 2.6242 2.43972
v 4.46112 2.67847 2.46888
v 4.45543 2.67846 2.4686
v 4.46655 2.67847 2.46692
v 4.45711 2.65507 2.45124
v 4.46212 2.68132 2.47087
v 4.45623 2.68114 2.47055
v 4.46772 2.68137 2.46886
v 4.44931 2.62407 2.43827
v 4.46037 2.65553 2.44843
v 4.45248 2.6242 2.43539
v 4.43851 2.56013 2.44008
v 4.44814 2.55911 2.43633
v 4.45597 2.56013 2.42958
v 4.45341 2.54042 2.4219
v 4.44399 2.5388 2.42943
v 4.44716 2.52646 2.41122
v 4.43292 2.54042 2.43422
v 4.43741 2.52446 2.4185
v 4.42849 2.50513 2.38071
v 4.41868 2.50227 2.38735
v 4.42641 2.52646 2.4237
v 4.41581 2.53214 2.42604
v 4.43314 2.62705 2.42639
v 4.43291 2.62647 2.43062
v 4.4418 2.66299 2.44535
v 4.4422 2.66465 2.44163
v 4.44485 2.67776 2.45676
v 4.44505 2.67734 2.45114
v 4.44415 2.66581 2.43798
v 4.44735 2.67704 2.44593
v 4.43497 2.62744 2.42255
v 4.43813 2.62758 2.41969
v 4.42476 2.58638 2.39747
v 4.41698 2.58528 2.40411
v 4.41209 2.58222 2.41268
v 4.40698 2.57521 2.41066
v 4.41342 2.58001 2.40173
v 4.40397 2.56892 2.40632
v 4.42286 2.58174 2.39431
v 4.41097 2.57436 2.39789
v 4.42064 2.57621 2.39062
v 4.44505 2.67734 2.45114
v 4.44485 2.67776 2.45676
v 4.44523 2.67959 2.45817
v 4.4454 2.67891 2.45232
v 4.44735 2.67704 2.44593
v 4.44775 2.67844 2.44691
v 4.45156 2.67695 2.44201
v 4.45207 2.67828 2.44286
v 4.44742 2.66623 2.43513
v 4.44415 2.66581 2.43798
v 4.43813 2.62758 2.41969
v 4.45699 2.67704 2.44013
v 4.45768 2.67844 2.44094
v 4.45147 2.66581 2.43358
v 4.46272 2.67732 2.44053
v 4.4636 2.67889 2.44139
v 4.45564 2.66464 2.43356
v 4.44641 2.62704 2.41841
v 4.44214 2.62744 2.41823
v 4.43427 2.58528 2.3937
v 4.42476 2.58638 2.39747
v 4.42286 2.58174 2.39431
v 4.43384 2.58001 2.38945
v 4.42064 2.57621 2.39062
v 4.4316 2.57436 2.38548
v 4.4467 2.67815 2.46201
v 4.45099 2.68081 2.46799
v 4.44717 2.68028 2.46364
v 4.45037 2.67838 2.46618
v 4.45623 2.68114 2.47055
v 4.44291 2.6609 2.44883
v 4.45543 2.67846 2.4686
v 4.44541 2.65872 2.45148
v 4.43433 2.6258 2.43459
v 4.44899 2.65682 2.45288
v 4.43717 2.62513 2.43772
v 4.44716 2.52646 2.41122
v 4.42849 2.50513 2.38071
v 4.43619 2.51328 2.37394
v 4.4542 2.53214 2.40295
v 4.44053 2.52552 2.368
v 4.45742 2.54066 2.39491
v 4.45974 2.54501 2.41281
v 4.46204 2.55188 2.40357
v 4.45742 2.54066 2.39491
v 4.44053 2.52552 2.368
v 4.44076 2.53994 2.36373
v 4.45631 2.55068 2.38837
v 4.46204 2.55188 2.40357
v 4.43723 2.55534 2.36274
v 4.46 2.56 2.3956
v 4.46187 2.56741 2.41152
v 4.45118 2.56133 2.38486
v 4.42923 2.5663 2.36228
v 4.44233 2.56892 2.38325
v 4.41932 2.57433 2.36537
v 4.454 2.56889 2.39057
v 4.44475 2.57521 2.38795
v 4.45909 2.57255 2.40306
v 4.45296 2.57831 2.39705
v 4.44415 2.58222 2.3934
v 4.44641 2.62704 2.41841
v 4.45041 2.62623 2.42012
v 4.45307 2.6258 2.42328
v 4.45451 2.62513 2.42729
v 4.45907 2.6621 2.43459
v 4.46163 2.66092 2.43751
v 4.46281 2.65872 2.44102
v 4.4674 2.67655 2.44231
v 4.4543 2.62457 2.43153
v 4.45451 2.62513 2.42729
v 4.46281 2.65872 2.44102
v 4.46079 2.56305 2.42086
v 4.46187 2.56741 2.41152
v 4.46204 2.55188 2.40357
v 4.45974 2.54501 2.41281
v 4.45597 2.56013 2.42958
v 4.45248 2.6242 2.43539
v 4.45341 2.54042 2.4219
v 4.4542 2.53214 2.40295
v 4.44716 2.52646 2.41122
v 4.46237 2.65682 2.44483
v 4.46037 2.65553 2.44843
v 4.47324 2.67846 2.45789
v 4.47082 2.67847 2.46305
v 4.45711 2.65507 2.45124
v 4.46655 2.67847 2.46692
v 4.47459 2.68114 2.4595
v 4.47479 2.68081 2.45368
v 4.47211 2.68132 2.46486
v 4.46772 2.68137 2.46886
v 4.46112 2.67847 2.46888
v 4.4543 2.62457 2.43153
v 4.46281 2.65872 2.44102
v 4.46237 2.65682 2.44483
v 4.47347 2.67838 2.45228
v 4.47324 2.67846 2.45789
v 4.47479 2.68081 2.45368
v 4.47272 2.68034 2.44818
v 4.47149 2.6782 2.44701
v 4.46163 2.66092 2.43751
v 4.46843 2.67834 2.44327
v 4.4674 2.67655 2.44231
v 4.4674 2.67655 2.44231
v 4.4636 2.67889 2.44139
v 4.46843 2.67834 2.44327
v 4.46272 2.67732 2.44053
v 4.45907 2.6621 2.43459
v 4.45564 2.66464 2.43356
v 4.45041 2.62623 2.42012
v 4.44641 2.62704 2.41841
v 4.44415 2.58222 2.3934
v 4.44214 2.62744 2.41823
v 4.43427 2.58528 2.3937
v 4.43384 2.58001 2.38945
v 4.44475 2.57521 2.38795
v 4.4316 2.57436 2.38548
v 4.44233 2.56892 2.38325
v 4.4316 2.57436 2.38548
v 4.41932 2.57433 2.36537
v 4.40867 2.57717 2.37071
v 4.42064 2.57621 2.39062
v 4.39895 2.57433 2.37762
v 4.41097 2.57436 2.39789
v 4.39161 2.56632 2.38492
v 4.40397 2.56892 2.40632
v 4.33011 2.61955 2.27371
v 4.34376 2.61955 2.26283
v 4.34209 2.60371 2.26006
v 4.32777 2.60371 2.27146
v 4.3326 2.56391 2.24428
v 4.31973 2.61955 2.28775
v 4.32968 2.65829 2.2733
v 4.31452 2.56391 2.25868
v 4.32787 2.53109 2.23641
v 4.31689 2.60371 2.28618
v 4.30078 2.56391 2.27726
v 4.30791 2.53109 2.2523
v 4.31334 2.61955 2.304
v 4.31921 2.65829 2.28747
v 4.31019 2.60371 2.30322
v 4.29275 2.53109 2.27282
v 4.29232 2.56391 2.29877
v 4.30784 2.51692 2.25224
v 4.32782 2.51692 2.23633
v 4.33 2.50176 2.23995
v 4.3524 2.50176 2.23019
v 4.31088 2.50176 2.25517
v 4.33643 2.4862 2.25064
v 4.29267 2.51692 2.27277
v 4.31986 2.4862 2.26383
v 4.34738 2.47048 2.26885
v 4.29636 2.50176 2.27482
v 4.30727 2.4862 2.28086
v 4.28341 2.53109 2.29656
v 4.28332 2.51692 2.29653
v 4.28742 2.50176 2.29755
v 4.28044 2.51692 2.32191
v 4.28467 2.50176 2.32183
v 4.28054 2.53109 2.32191
v 4.28972 2.56391 2.32174
v 4.30813 2.60371 2.32141
v 4.31137 2.61955 2.32135
v 4.31276 2.65829 2.30386
v 4.31078 2.65829 2.32136
v 4.31554 2.67003 2.32128
v 4.31738 2.67003 2.30501
v 4.32337 2.67003 2.28977
v 4.3331 2.67003 2.2766
v 4.34346 2.65829 2.26233
v 4.34591 2.67003 2.2664
v 4.31452 2.56391 2.25868
v 4.32787 2.53109 2.23641
v 4.30791 2.53109 2.2523
v 4.32782 2.51692 2.23633
v 4.35123 2.51692 2.22613
v 4.3524 2.50176 2.23019
v 4.37656 2.50176 2.22657
v 4.35126 2.53109 2.22622
v 4.3326 2.56391 2.24428
v 4.37648 2.51692 2.22234
v 4.40084 2.50176 2.22932
v 4.35379 2.56391 2.23505
v 4.34209 2.60371 2.26006
v 4.37648 2.53109 2.22244
v 4.40186 2.51692 2.22522
v 4.42357 2.50176 2.23826
v 4.42562 2.51692 2.23457
v 4.40183 2.53109 2.22531
v 4.42557 2.53109 2.23465
v 4.35888 2.60371 2.25275
v 4.34376 2.61955 2.26283
v 4.37665 2.56391 2.23162
v 4.39962 2.56391 2.23422
v 4.42113 2.56391 2.24268
v 4.37698 2.60371 2.25003
v 4.39517 2.60371 2.2521
v 4.41221 2.60371 2.2588
v 4.35977 2.61955 2.25586
v 4.37704 2.61955 2.25327
v 4.39439 2.61955 2.25524
v 4.41064 2.61955 2.26163
v 4.41092 2.65829 2.26111
v 4.39453 2.65829 2.25466
v 4.37703 2.65829 2.25268
v 4.39338 2.67003 2.25928
v 4.40862 2.67003 2.26527
v 4.37711 2.67003 2.25744
v 4.36092 2.67003 2.25987
v 4.35961 2.65829 2.25529
v 4.34591 2.67003 2.2664
v 4.34346 2.65829 2.26233
v 4.33011 2.61955 2.27371
v 4.32968 2.65829 2.2733
v 4.47217 2.53109 2.29316
v 4.47595 2.53109 2.31839
v 4.47604 2.51692 2.31838
v 4.47226 2.51692 2.29313
v 4.47182 2.50176 2.31846
v 4.4682 2.50176 2.2943
v 4.46206 2.51692 2.26972
v 4.45844 2.50176 2.2719
v 4.45935 2.4862 2.31868
v 4.45696 2.4862 2.33973
v 4.46907 2.50176 2.34274
v 4.45621 2.4862 2.29774
v 4.44775 2.4862 2.27833
v 4.44322 2.50176 2.25278
v 4.43578 2.47048 2.30361
v 4.4381 2.47048 2.31907
v 4.42954 2.47048 2.28928
v 4.43456 2.4862 2.26176
v 4.42357 2.50176 2.23826
v 4.41753 2.4862 2.24918
v 4.40084 2.50176 2.22932
v 4.46334 2.56391 2.29569
v 4.46677 2.56391 2.31855
v 4.47595 2.53109 2.31839
v 4.47217 2.53109 2.29316
v 4.45411 2.56391 2.2745
v 4.46198 2.53109 2.26977
v 4.47226 2.51692 2.29313
v 4.46206 2.51692 2.26972
v 4.44609 2.53109 2.24981
v 4.43971 2.56391 2.25642
v 4.44615 2.51692 2.24974
v 4.45844 2.50176 2.2719
v 4.44322 2.50176 2.25278
v 4.42562 2.51692 2.23457
v 4.42357 2.50176 2.23826
v 4.42557 2.53109 2.23465
v 4.42113 2.56391 2.24268
v 4.41221 2.60371 2.2588
v 4.42693 2.60371 2.26968
v 4.41064 2.61955 2.26163
v 4.42468 2.61955 2.27201
v 4.43833 2.60371 2.284
v 4.43556 2.61955 2.28566
v 4.43606 2.65829 2.28536
v 4.42509 2.65829 2.27158
v 4.41092 2.65829 2.26111
v 4.40862 2.67003 2.26527
v 4.42179 2.67003 2.27501
v 4.47604 2.51692 2.31838
v 4.46907 2.50176 2.34274
v 4.47182 2.50176 2.31846
v 4.47317 2.51692 2.34376
v 4.46013 2.50176 2.36547
v 4.47595 2.53109 2.31839
v 4.46382 2.51692 2.36752
v 4.47308 2.53109 2.34373
v 4.46374 2.53109 2.36748
v 4.46677 2.56391 2.31855
v 4.46416 2.56391 2.34152
v 4.44836 2.60371 2.31888
v 4.44629 2.60371 2.33707
v 4.44512 2.61955 2.31894
v 4.44315 2.61955 2.33629
v 4.43959 2.60371 2.35411
v 4.43676 2.61955 2.35254
v 4.43728 2.65829 2.35283
v 4.44372 2.65829 2.33643
v 4.44571 2.65829 2.31893
v 4.44095 2.67003 2.31902
v 4.43911 2.67003 2.33528
v 4.43971 2.56391 2.25642
v 4.45411 2.56391 2.2745
v 4.46198 2.53109 2.26977
v 4.42693 2.60371 2.26968
v 4.43833 2.60371 2.284
v 4.46334 2.56391 2.29569
v 4.44564 2.60371 2.30078
v 4.46677 2.56391 2.31855
v 4.44836 2.60371 2.31888
v 4.43556 2.61955 2.28566
v 4.44253 2.61955 2.30167
v 4.44512 2.61955 2.31894
v 4.44571 2.65829 2.31893
v 4.4431 2.65829 2.30151
v 4.43606 2.65829 2.28536
v 4.43852 2.67003 2.30282
v 4.44095 2.67003 2.31902
v 4.43199 2.67003 2.28781
v 4.42179 2.67003 2.27501
v 4.42509 2.65829 2.27158
v 4.46416 2.56391 2.34152
v 4.46374 2.53109 2.36748
v 4.47308 2.53109 2.34373
v 4.45571 2.56391 2.36303
v 4.44629 2.60371 2.33707
v 4.43959 2.60371 2.35411
v 4.44858 2.53109 2.38799
v 4.44197 2.56391 2.38161
v 4.44864 2.51692 2.38806
v 4.46382 2.51692 2.36752
v 4.44561 2.50176 2.38512
v 4.46013 2.50176 2.36547
v 4.42649 2.50176 2.40034
v 4.42867 2.51692 2.40396
v 4.42862 2.53109 2.40388
v 4.40526 2.51692 2.41416
v 4.40523 2.53109 2.41407
v 4.42389 2.56391 2.39601
v 4.4027 2.56391 2.40524
v 4.42871 2.60371 2.36883
v 4.43676 2.61955 2.35254
v 4.41439 2.60371 2.38023
v 4.39761 2.60371 2.38754
v 4.42638 2.61955 2.36658
v 4.41272 2.61955 2.37746
v 4.39672 2.61955 2.38443
v 4.39688 2.65829 2.385
v 4.42681 2.65829 2.36699
v 4.43728 2.65829 2.35283
v 4.41303 2.65829 2.37796
v 4.41058 2.67003 2.37389
v 4.39556 2.67003 2.38042
v 4.42338 2.67003 2.36369
v 4.43312 2.67003 2.35052
v 4.43911 2.67003 2.33528
v 4.44372 2.65829 2.33643
v 4.29451 2.53109 2.37052
v 4.28423 2.51692 2.34716
v 4.29443 2.51692 2.37057
v 4.3104 2.53109 2.39048
v 4.31678 2.56391 2.38387
v 4.30238 2.56391 2.36579
v 4.31033 2.51692 2.39055
v 4.29805 2.50176 2.36839
v 4.31327 2.50176 2.38751
v 4.33087 2.51692 2.40572
v 4.33292 2.50176 2.40203
v 4.33091 2.53109 2.40564
v 4.33536 2.56391 2.39761
v 4.34428 2.60371 2.3815
v 4.32956 2.60371 2.37061
v 4.31816 2.60371 2.35629
v 4.34585 2.61955 2.37866
v 4.33181 2.61955 2.36828
v 4.32093 2.61955 2.35463
v 4.32042 2.65829 2.35493
v 4.3314 2.65829 2.36871
v 4.34556 2.65829 2.37918
v 4.34787 2.67003 2.37502
v 4.3347 2.67003 2.36529
v 4.29443 2.51692 2.37057
v 4.28829 2.50176 2.34599
v 4.29805 2.50176 2.36839
v 4.28423 2.51692 2.34716
v 4.28467 2.50176 2.32183
v 4.28044 2.51692 2.32191
v 4.28432 2.53109 2.34713
v 4.29451 2.53109 2.37052
v 4.28054 2.53109 2.32191
v 4.30238 2.56391 2.36579
v 4.29315 2.56391 2.3446
v 4.28972 2.56391 2.32174
v 4.31816 2.60371 2.35629
v 4.31085 2.60371 2.33951
v 4.30813 2.60371 2.32141
v 4.32093 2.61955 2.35463
v 4.31396 2.61955 2.33862
v 4.31137 2.61955 2.32135
v 4.31078 2.65829 2.32136
v 4.31339 2.65829 2.33878
v 4.32042 2.65829 2.35493
v 4.31797 2.67003 2.33747
v 4.31554 2.67003 2.32128
v 4.3245 2.67003 2.35248
v 4.3347 2.67003 2.36529
v 4.3314 2.65829 2.36871
v 4.40526 2.51692 2.41416
v 4.37993 2.50176 2.41372
v 4.40409 2.50176 2.4101
v 4.38001 2.51692 2.41795
v 4.40523 2.53109 2.41407
v 4.38 2.53109 2.41785
v 4.4027 2.56391 2.40524
v 4.37984 2.56391 2.40867
v 4.39761 2.60371 2.38754
v 4.37951 2.60371 2.39026
v 4.39672 2.61955 2.38443
v 4.35565 2.50176 2.41097
v 4.35866 2.4862 2.39886
v 4.3797 2.4862 2.40125
v 4.35463 2.51692 2.41507
v 4.33292 2.50176 2.40203
v 4.33087 2.51692 2.40572
v 4.35466 2.53109 2.41498
v 4.33091 2.53109 2.40564
v 4.35687 2.56391 2.40607
v 4.33536 2.56391 2.39761
v 4.36132 2.60371 2.3882
v 4.34428 2.60371 2.3815
v 4.37945 2.61955 2.38702
v 4.3621 2.61955 2.38505
v 4.34585 2.61955 2.37866
v 4.34556 2.65829 2.37918
v 4.37946 2.65829 2.38761
v 4.39688 2.65829 2.385
v 4.39556 2.67003 2.38042
v 4.37937 2.67003 2.38285
v 4.36196 2.65829 2.38563
v 4.36311 2.67003 2.38101
v 4.34787 2.67003 2.37502
v 4.40409 2.50176 2.4101
v 4.37993 2.50176 2.41372
v 4.3797 2.4862 2.40125
v 4.40065 2.4862 2.39811
v 4.37932 2.47048 2.38
v 4.39478 2.47048 2.37768
v 4.42006 2.4862 2.38965
v 4.40911 2.47048 2.37144
v 4.42649 2.50176 2.40034
v 4.42867 2.51692 2.40396
v 4.40526 2.51692 2.41416
v 4.44561 2.50176 2.38512
v 4.43663 2.4862 2.37646
v 4.42133 2.47048 2.36171
v 4.46013 2.50176 2.36547
v 4.44921 2.4862 2.35943
v 4.43062 2.47048 2.34914
v 4.46907 2.50176 2.34274
v 4.45696 2.4862 2.33973
v 4.35565 2.50176 2.41097
v 4.33896 2.4862 2.39111
v 4.35866 2.4862 2.39886
v 4.35866 2.4862 2.39886
v 4.33896 2.4862 2.39111
v 4.34925 2.47048 2.37252
v 4.36379 2.47048 2.37824
v 4.3797 2.4862 2.40125
v 4.37932 2.47048 2.38
v 4.43634 2.47048 2.3346
v 4.43062 2.47048 2.34914
v 4.42133 2.47048 2.36171
v 4.39478 2.47048 2.37768
v 4.40911 2.47048 2.37144
v 4.45696 2.4862 2.33973
v 4.44921 2.4862 2.35943
v 4.4381 2.47048 2.31907
v 4.45935 2.4862 2.31868
v 4.33668 2.47048 2.36323
v 4.43578 2.47048 2.30361
v 4.32695 2.47048 2.35101
v 4.42954 2.47048 2.28928
v 4.32071 2.47048 2.33668
v 4.41981 2.47048 2.27706
v 4.31839 2.47048 2.32122
v 4.40724 2.47048 2.26777
v 4.32015 2.47048 2.3057
v 4.29714 2.4862 2.32161
v 4.29952 2.4862 2.30057
v 4.32587 2.47048 2.29115
v 4.30727 2.4862 2.28086
v 4.39269 2.47048 2.26205
v 4.37717 2.47048 2.26029
v 4.36171 2.47048 2.26261
v 4.33516 2.47048 2.27858
v 4.34738 2.47048 2.26885
v 4.37678 2.4862 2.23904
v 4.39782 2.4862 2.24143
v 4.41753 2.4862 2.24918
v 4.33896 2.4862 2.39111
v 4.33668 2.47048 2.36323
v 4.34925 2.47048 2.37252
v 4.32193 2.4862 2.37853
v 4.33292 2.50176 2.40203
v 4.32695 2.47048 2.35101
v 4.31327 2.50176 2.38751
v 4.30874 2.4862 2.36196
v 4.32071 2.47048 2.33668
v 4.29805 2.50176 2.36839
v 4.30028 2.4862 2.34255
v 4.31839 2.47048 2.32122
v 4.28829 2.50176 2.34599
v 4.29714 2.4862 2.32161
v 4.28467 2.50176 2.32183
v 4.29952 2.4862 2.30057
v 4.28742 2.50176 2.29755
v 4.28742 2.50176 2.29755
v 4.30727 2.4862 2.28086
v 4.29952 2.4862 2.30057
v 4.29636 2.50176 2.27482
v 4.33516 2.47048 2.27858
v 4.32587 2.47048 2.29115
v 4.31986 2.4862 2.26383
v 4.34738 2.47048 2.26885
v 4.33643 2.4862 2.25064
v 4.36171 2.47048 2.26261
v 4.35584 2.4862 2.24218
v 4.33 2.50176 2.23995
v 4.37717 2.47048 2.26029
v 4.3524 2.50176 2.23019
v 4.37678 2.4862 2.23904
v 4.37656 2.50176 2.22657
v 4.39782 2.4862 2.24143
v 4.40084 2.50176 2.22932
v 4.41122 2.67634 2.28596
v 4.40103 2.67281 2.27899
v 4.40125 2.67634 2.27859
v 4.4109 2.67281 2.28629
v 4.41894 2.67634 2.29566
v 4.41855 2.67281 2.29589
v 4.42389 2.67634 2.30703
v 4.42346 2.67281 2.30715
v 4.42573 2.67634 2.31929
v 4.42528 2.67281 2.3193
v 4.40125 2.67634 2.27859
v 4.40103 2.67281 2.27899
v 4.3896 2.67281 2.27449
v 4.38971 2.67634 2.27405
v 4.3774 2.67281 2.27311
v 4.37739 2.67634 2.27266
v 4.36525 2.67281 2.27493
v 4.36513 2.67634 2.2745
v 4.35399 2.67281 2.27983
v 4.35376 2.67634 2.27945
v 4.34439 2.67281 2.28749
v 4.34406 2.67634 2.28717
v 4.42434 2.67634 2.33161
v 4.42528 2.67281 2.3193
v 4.42573 2.67634 2.31929
v 4.4239 2.67281 2.3315
v 4.43952 2.55645 2.36104
v 4.43723 2.55534 2.36274
v 4.44076 2.53994 2.36373
v 4.44336 2.53993 2.36213
v 4.44053 2.52552 2.368
v 4.4432 2.52451 2.3669
v 4.43619 2.51328 2.37394
v 4.43861 2.51144 2.37363
v 4.42849 2.50513 2.38071
v 4.43028 2.50271 2.38129
v 4.41868 2.50227 2.38735
v 4.41949 2.49964 2.38871
v 4.40821 2.50513 2.39291
v 4.40788 2.50271 2.39477
v 4.39863 2.51328 2.39654
v 4.39722 2.51144 2.39853
v 4.39134 2.52552 2.39759
v 4.38912 2.52451 2.39944
v 4.38746 2.53994 2.3958
v 4.38483 2.53993 2.39735
v 4.38758 2.55428 2.39135
v 4.38499 2.55535 2.39257
v 4.43098 2.56842 2.36094
v 4.43723 2.55534 2.36274
v 4.43952 2.55645 2.36104
v 4.42923 2.5663 2.36228
v 4.42031 2.57716 2.36471
v 4.41932 2.57433 2.36537
v 4.4087 2.58023 2.37077
v 4.40867 2.57717 2.37071
v 4.39791 2.57716 2.37819
v 4.39895 2.57433 2.37762
v 4.38958 2.56842 2.38585
v 4.39161 2.56632 2.38492
v 4.38499 2.55535 2.39257
v 4.38758 2.55428 2.39135
v 4.45739 2.68006 2.43837
v 4.45768 2.67844 2.44094
v 4.45207 2.67828 2.44286
v 4.45081 2.68008 2.44076
v 4.44775 2.67844 2.44691
v 4.44562 2.68006 2.44545
v 4.46434 2.68 2.43864
v 4.45768 2.67844 2.44094
v 4.45739 2.68006 2.43837
v 4.4636 2.67889 2.44139
v 4.4703 2.67861 2.44079
v 4.46843 2.67834 2.44327
v 4.47526 2.67978 2.44659
v 4.47272 2.68034 2.44818
v 4.47756 2.67967 2.45306
v 4.47479 2.68081 2.45368
v 4.47717 2.67957 2.45996
v 4.47459 2.68114 2.4595
v 4.47414 2.6795 2.46623
v 4.47211 2.68132 2.46486
v 4.44562 2.68006 2.44545
v 4.44775 2.67844 2.44691
v 4.4454 2.67891 2.45232
v 4.44259 2.68 2.45172
v 4.44523 2.67959 2.45817
v 4.4422 2.6799 2.45862
v 4.44717 2.68028 2.46364
v 4.4445 2.67978 2.46509
v 4.45099 2.68081 2.46799
v 4.44915 2.67967 2.47015
v 4.45623 2.68114 2.47055
v 4.45542 2.67957 2.47304
v 4.46212 2.68132 2.47087
v 4.45542 2.67957 2.47304
v 4.46212 2.68132 2.47087
v 4.46238 2.6795 2.47331
v 4.46772 2.68137 2.46886
v 4.46895 2.67948 2.47091
v 4.47211 2.68132 2.46486
v 4.47414 2.6795 2.46623
v 4.34406 2.67634 2.28717
v 4.34439 2.67281 2.28749
v 4.33709 2.67281 2.29736
v 4.33669 2.67634 2.29714
v 4.33259 2.67281 2.30879
v 4.33215 2.67634 2.30868
v 4.33121 2.67281 2.32099
v 4.33075 2.67634 2.321
v 4.33075 2.67634 2.321
v 4.33121 2.67281 2.32099
v 4.33303 2.67281 2.33314
v 4.33259 2.67634 2.33326
v 4.33793 2.67281 2.3444
v 4.33755 2.67634 2.34463
v 4.33755 2.67634 2.34463
v 4.33793 2.67281 2.3444
v 4.34558 2.67281 2.354
v 4.34527 2.67634 2.35433
v 4.35546 2.67281 2.3613
v 4.35524 2.67634 2.3617
v 4.35524 2.67634 2.3617
v 4.35546 2.67281 2.3613
v 4.36689 2.67281 2.3658
v 4.36678 2.67634 2.36624
v 4.37909 2.67281 2.36718
v 4.3791 2.67634 2.36763
v 4.39124 2.67281 2.36536
v 4.39136 2.67634 2.36579
v 4.39136 2.67634 2.36579
v 4.39124 2.67281 2.36536
v 4.4025 2.67281 2.36046
v 4.40273 2.67634 2.36084
v 4.4121 2.67281 2.35281
v 4.41243 2.67634 2.35312
v 4.4194 2.67281 2.34293
v 4.4198 2.67634 2.34315
v 4.4239 2.67281 2.3315
v 4.42434 2.67634 2.33161
v 4.39024 2.67594 2.27193
v 4.38971 2.67634 2.27405
v 4.37739 2.67634 2.27266
v 4.37735 2.67594 2.27047
v 4.36513 2.67634 2.2745
v 4.4023 2.67594 2.27668
v 4.40125 2.67634 2.27859
v 4.36452 2.67594 2.2724
v 4.35376 2.67634 2.27945
v 4.41273 2.67594 2.28439
v 4.41122 2.67634 2.28596
v 4.35263 2.67594 2.27758
v 4.34406 2.67634 2.28717
v 4.42081 2.67594 2.29453
v 4.41894 2.67634 2.29566
v 4.34249 2.67594 2.28565
v 4.33669 2.67634 2.29714
v 4.42599 2.67594 2.30643
v 4.42389 2.67634 2.30703
v 4.33478 2.67594 2.29608
v 4.33215 2.67634 2.30868
v 4.42792 2.67594 2.31925
v 4.42573 2.67634 2.31929
v 4.33003 2.67594 2.30815
v 4.33075 2.67634 2.321
v 4.42645 2.67594 2.33214
v 4.42434 2.67634 2.33161
v 4.32857 2.67594 2.32104
v 4.33259 2.67634 2.33326
v 4.42171 2.67594 2.34421
v 4.4198 2.67634 2.34315
v 4.3305 2.67594 2.33387
v 4.33755 2.67634 2.34463
v 4.414 2.67594 2.35464
v 4.41243 2.67634 2.35312
v 4.33567 2.67594 2.34576
v 4.34527 2.67634 2.35433
v 4.40385 2.67594 2.36271
v 4.40273 2.67634 2.36084
v 4.34375 2.67594 2.3559
v 4.35524 2.67634 2.3617
v 4.39196 2.67594 2.36789
v 4.39136 2.67634 2.36579
v 4.35418 2.67594 2.36361
v 4.36678 2.67634 2.36624
v 4.37914 2.67594 2.36982
v 4.3791 2.67634 2.36763
v 4.36625 2.67594 2.36836
v 4.41168 2.67319 2.37572
v 4.42492 2.67319 2.36517
v 4.39616 2.67319 2.38248
v 4.37941 2.67319 2.38499
v 4.43499 2.67319 2.35156
v 4.36259 2.67319 2.38309
v 4.34683 2.67319 2.37689
v 4.44119 2.67319 2.3358
v 4.33322 2.67319 2.36683
v 4.44309 2.67319 2.31898
v 4.32267 2.67319 2.35358
v 4.44058 2.67319 2.30223
v 4.31591 2.67319 2.33806
v 4.43382 2.67319 2.28671
v 4.3134 2.67319 2.32131
v 4.42327 2.67319 2.27346
v 4.3153 2.67319 2.30449
v 4.40966 2.67319 2.2634
v 4.3215 2.67319 2.28873
v 4.3939 2.67319 2.2572
v 4.33156 2.67319 2.27512
v 4.37708 2.67319 2.2553
v 4.34481 2.67319 2.26457
v 4.36033 2.67319 2.25781
v 4.39338 2.67003 2.25928
v 4.37711 2.67003 2.25744
v 4.3774 2.67281 2.27311
v 4.3896 2.67281 2.27449
v 4.36525 2.67281 2.27493
v 4.40862 2.67003 2.26527
v 4.36092 2.67003 2.25987
v 4.40103 2.67281 2.27899
v 4.35399 2.67281 2.27983
v 4.42179 2.67003 2.27501
v 4.34591 2.67003 2.2664
v 4.4109 2.67281 2.28629
v 4.34439 2.67281 2.28749
v 4.43199 2.67003 2.28781
v 4.3331 2.67003 2.2766
v 4.41855 2.67281 2.29589
v 4.33709 2.67281 2.29736
v 4.43852 2.67003 2.30282
v 4.32337 2.67003 2.28977
v 4.42346 2.67281 2.30715
v 4.33259 2.67281 2.30879
v 4.44095 2.67003 2.31902
v 4.31738 2.67003 2.30501
v 4.42528 2.67281 2.3193
v 4.33121 2.67281 2.32099
v 4.43911 2.67003 2.33528
v 4.31554 2.67003 2.32128
v 4.4239 2.67281 2.3315
v 4.33303 2.67281 2.33314
v 4.43312 2.67003 2.35052
v 4.31797 2.67003 2.33747
v 4.4194 2.67281 2.34293
v 4.33793 2.67281 2.3444
v 4.42338 2.67003 2.36369
v 4.3245 2.67003 2.35248
v 4.4121 2.67281 2.35281
v 4.34558 2.67281 2.354
v 4.41058 2.67003 2.37389
v 4.3347 2.67003 2.36529
v 4.4025 2.67281 2.36046
v 4.35546 2.67281 2.3613
v 4.39556 2.67003 2.38042
v 4.34787 2.67003 2.37502
v 4.39124 2.67281 2.36536
v 4.36689 2.67281 2.3658
v 4.37937 2.67003 2.38285
v 4.36311 2.67003 2.38101
v 4.37909 2.67281 2.36718
vn 3.86124 2.322242 2.401443
vn 4.022007 2.137596 2.16811
vn 3.936848 2.339285 2.028564
vn 3.819514 2.42692 2.299301
vn 3.926099 2.444357 1.986787
vn 3.811131 2.486005 2.262262
vn 3.928267 2.63508 1.970955
vn 3.808594 2.612399 2.257272
vn 3.966291 2.865029 2.056698
vn 3.835047 2.753428 2.332866
vn 3.86124 2.322242 2.401443
vn 3.936848 2.339285 2.028564
vn 3.819514 2.42692 2.299301
vn 3.924627 2.36385 2.029562
vn 3.830156 2.387245 2.321317
vn 3.969432 2.206626 2.129216
vn 3.892221 2.871642 2.309549
vn 3.873173 2.741131 2.534647
vn 3.95194 2.932757 2.439099
vn 4.361468 2.131288 2.705892
vn 4.536623 2.069005 2.577405
vn 4.314316 2.10632 2.67003
vn 4.680059 2.951815 2.019401
vn 4.522276 3.088783 2.131287
vn 4.573042 3.089334 2.184528
vn 3.981391 2.145645 2.332686
vn 4.270983 1.996794 2.297124
vn 3.992511 2.145644 2.229173
vn 4.03004 2.145648 2.132067
vn 4.246872 2.006016 2.251058
vn 4.219849 2.029609 2.171495
vn 4.501879 2.295263 1.826442
vn 4.474037 2.145642 1.935618
vn 4.571139 2.145642 1.973149
vn 4.398808 2.996095 1.941663
vn 4.446527 3.01966 1.976009
vn 4.223525 3.057309 2.068919
vn 4.085235 2.169643 2.625762
vn 4.186805 2.037375 2.462977
vn 4.247937 2.036278 2.518826
vn 4.258388 2.832423 2.819166
vn 4.189205 2.981152 2.672707
vn 4.286179 2.981151 2.710194
vn 4.322769 3.134457 2.383652
vn 4.33357 3.132186 2.409007
vn 4.105238 2.981154 2.611398
vn 4.313645 3.135215 2.36395
vn 4.039998 2.981149 2.530454
vn 3.997933 2.98115 2.435374
vn 3.98191 2.98115 2.332653
vn 4.290962 3.133579 2.32559
vn 3.98191 2.98115 2.332653
vn 3.993023 2.981154 2.229283
vn 4.273495 3.130009 2.297699
vn 4.171362 3.031935 2.587775
vn 4.000659 2.855006 2.645979
vn 4.056888 2.811941 2.731816
vn 4.28233 2.94602 2.744103
vn 4.694005 3.044855 2.270932
vn 4.798079 2.948558 2.423403
vn 3.915976 2.269098 2.500638
vn 4.022007 2.137596 2.16811
vn 3.86124 2.322242 2.401443
vn 4.091942 2.062829 2.32104
vn 4.28233 2.94602 2.744103
vn 4.056888 2.811941 2.731816
vn 4.139722 2.70704 2.828005
vn 4.40716 2.778406 2.858196
vn 4.164162 2.646394 2.852116
vn 4.433574 2.688201 2.884258
vn 4.171485 2.513031 2.859183
vn 4.427331 2.493039 2.894284
vn 4.117055 2.360204 2.795365
vn 4.347247 2.262577 2.815006
vn 4.347247 2.262577 2.815006
vn 4.117055 2.360204 2.795365
vn 4.012729 2.278122 2.665454
vn 4.194647 2.112581 2.63291
vn 3.909536 2.27938 2.50042
vn 3.835047 2.753428 2.332866
vn 3.966291 2.865029 2.056698
vn 4.069294 3.045759 2.261118
vn 3.897257 2.838375 2.479656
vn 4.194647 2.112581 2.63291
vn 3.909536 2.27938 2.50042
vn 4.020186 2.11187 2.3364
vn 3.850277 2.339221 2.373415
vn 3.944438 2.228819 2.144847
vn 3.846104 2.690938 2.501767
vn 3.921672 2.37019 2.029926
vn 3.897257 2.838375 2.479656
vn 4.069294 3.045759 2.261118
vn 4.245172 3.067395 2.569891
vn 4.005443 2.842451 2.662262
vn 4.373691 2.933157 2.766316
vn 4.093153 2.778523 2.775526
vn 4.338021 2.996305 2.702558
vn 3.846104 2.690938 2.501767
vn 4.269845 3.058908 2.59777
vn 3.834374 2.723645 2.422193
vn 4.313131 2.933004 2.761409
vn 4.058917 2.849805 2.70791
vn 3.924627 2.36385 2.029562
vn 3.834374 2.723645 2.422193
vn 3.830156 2.387245 2.321317
vn 3.921672 2.37019 2.029926
vn 3.846104 2.690938 2.501767
vn 4.308349 2.356368 1.7889
vn 4.423692 2.225676 1.856748
vn 4.306711 2.352767 1.790531
vn 3.969432 2.206626 2.129216
vn 4.394379 2.2089 1.867489
vn 3.944438 2.228819 2.144847
vn 4.567461 2.108407 2.0208
vn 4.020186 2.11187 2.3364
vn 4.838234 2.860862 2.136688
vn 4.694005 3.044855 2.270932
vn 4.798079 2.948558 2.423403
vn 4.887558 2.819387 2.222587
vn 4.494311 2.053081 2.077988
vn 4.759455 2.271308 2.000334
vn 4.698489 2.316239 1.909677
vn 4.417639 2.136501 1.936001
vn 4.624507 2.42118 1.819751
vn 4.331347 2.336953 1.794202
vn 4.887558 2.819387 2.222587
vn 4.798079 2.948558 2.423403
vn 4.838786 2.78165 2.597305
vn 4.937551 2.711815 2.343855
vn 4.851167 2.690248 2.631757
vn 4.947773 2.650314 2.381727
vn 4.860494 2.496966 2.636417
vn 4.952082 2.51973 2.388216
vn 4.82763 2.267734 2.537025
vn 4.925616 2.374637 2.310588
vn 4.331347 2.336953 1.794202
vn 4.624507 2.42118 1.819751
vn 4.595277 2.483483 1.793381
vn 4.294209 2.443081 1.764995
vn 4.587687 2.605972 1.786142
vn 4.279712 2.632475 1.758838
vn 4.63471 2.74479 1.837886
vn 4.337955 2.860524 1.830078
vn 4.925616 2.374637 2.310588
vn 4.82763 2.267734 2.537025
vn 4.747666 2.117961 2.321826
vn 4.865897 2.290818 2.171089
vn 4.567461 2.108407 2.0208
vn 4.766607 2.279765 2.001285
vn 4.423692 2.225676 1.856748
vn 4.677402 2.337943 1.882479
vn 4.308349 2.356368 1.7889
vn 4.774789 2.647418 1.910345
vn 4.337955 2.860524 1.830078
vn 4.63471 2.74479 1.837886
vn 4.729051 2.834003 1.951444
vn 4.470703 3.04056 2.011399
vn 4.847147 2.847467 2.137901
vn 4.663489 3.065968 2.310073
vn 4.912632 2.781775 2.279602
vn 4.776626 2.933495 2.520411
vn 4.774789 2.647418 1.910345
vn 4.770574 2.975398 2.427461
vn 4.70176 2.696828 1.862759
vn 4.690505 3.049897 2.31759
vn 4.875739 2.839022 2.215808
vn 4.799346 2.929792 2.475149
vn 4.70176 2.696828 1.862759
vn 4.394379 2.2089 1.867489
vn 4.617697 2.386165 1.827644
vn 4.306711 2.352767 1.790531
vn 4.091942 2.062829 2.32104
vn 4.494311 2.053081 2.077988
vn 4.417639 2.136501 1.936001
vn 4.022007 2.137596 2.16811
vn 4.798079 2.948558 2.423403
vn 4.28233 2.94602 2.744103
vn 4.40716 2.778406 2.858196
vn 4.838786 2.78165 2.597305
vn 4.433574 2.688201 2.884258
vn 4.851167 2.690248 2.631757
vn 4.427331 2.493039 2.894284
vn 4.860494 2.496966 2.636417
vn 4.347247 2.262577 2.815006
vn 4.82763 2.267734 2.537025
vn 4.022007 2.137596 2.16811
vn 4.417639 2.136501 1.936001
vn 4.331347 2.336953 1.794202
vn 3.936848 2.339285 2.028564
vn 4.294209 2.443081 1.764995
vn 3.926099 2.444357 1.986787
vn 4.279712 2.632475 1.758838
vn 3.928267 2.63508 1.970955
vn 3.928267 2.63508 1.970955
vn 4.279712 2.632475 1.758838
vn 4.337955 2.860524 1.830078
vn 3.966291 2.865029 2.056698
vn 4.470703 3.04056 2.011399
vn 4.069294 3.045759 2.261118
vn 4.82763 2.267734 2.537025
vn 4.347247 2.262577 2.815006
vn 4.194647 2.112581 2.63291
vn 4.747666 2.117961 2.321826
vn 4.747666 2.117961 2.321826
vn 4.194647 2.112581 2.63291
vn 4.020186 2.11187 2.3364
vn 4.567461 2.108407 2.0208
vn 4.069294 3.045759 2.261118
vn 4.470703 3.04056 2.011399
vn 4.663489 3.065968 2.310073
vn 4.245172 3.067395 2.569891
vn 4.245172 3.067395 2.569891
vn 4.663489 3.065968 2.310073
vn 4.776626 2.933495 2.520411
vn 4.373691 2.933157 2.766316
vn 4.770574 2.975398 2.427461
vn 4.338021 2.996305 2.702558
vn 4.690505 3.049897 2.31759
vn 4.269845 3.058908 2.59777
vn 4.799346 2.929792 2.475149
vn 4.313131 2.933004 2.761409
vn 4.774789 2.647418 1.910345
vn 4.308349 2.356368 1.7889
vn 4.306711 2.352767 1.790531
vn 4.70176 2.696828 1.862759
vn 3.95194 2.932757 2.439099
vn 3.89048 2.747829 2.567176
vn 3.994489 2.94534 2.519637
vn 3.873173 2.741131 2.534647
vn 3.883166 2.550988 2.616908
vn 3.892466 2.545622 2.63184
vn 3.958118 2.371396 2.667448
vn 3.87908 2.772003 2.51998
vn 3.892221 2.871642 2.309549
vn 3.871541 2.83258 2.276743
vn 3.996568 2.366477 2.707337
vn 4.107523 2.215883 2.69527
vn 3.942529 2.634468 2.69305
vn 3.872554 2.774205 2.499887
vn 4.163542 2.222999 2.736383
vn 4.314316 2.10632 2.67003
vn 4.361468 2.131288 2.705892
vn 4.073666 2.490405 2.807068
vn 4.250717 2.369227 2.851363
vn 3.956956 2.697911 2.69216
vn 4.103776 2.617652 2.827177
vn 4.042753 2.5902 2.790952
vn 3.902107 2.664828 2.630668
vn 4.01321 2.42893 2.7483
vn 3.839504 2.736666 2.42819
vn 3.862005 2.794786 2.216844
vn 3.875472 2.536942 2.602523
vn 3.816158 2.647996 2.413471
vn 3.914037 2.425701 2.63504
vn 3.81591 2.588712 2.443248
vn 4.085122 2.312953 2.751821
vn 3.92625 2.414192 2.647516
vn 3.817739 2.579479 2.45304
vn 4.102226 2.305564 2.758814
vn 4.287375 2.244932 2.795898
vn 4.273494 2.247254 2.794528
vn 4.206735 2.339836 2.826573
vn 4.103776 2.617652 2.827177
vn 4.250717 2.369227 2.851363
vn 4.073666 2.490405 2.807068
vn 4.288773 2.548546 2.893061
vn 4.239574 2.525247 2.881874
vn 4.042753 2.5902 2.790952
vn 4.206735 2.339836 2.826573
vn 4.01321 2.42893 2.7483
vn 3.862005 2.794786 2.216844
vn 3.816158 2.647996 2.413471
vn 3.839504 2.736666 2.42819
vn 3.843268 2.744167 2.211684
vn 3.81591 2.588712 2.443248
vn 3.962642 2.831716 2.028249
vn 3.846241 2.7602 2.225446
vn 3.817739 2.579479 2.45304
vn 3.844923 2.757002 2.226265
vn 3.949583 2.809365 2.027515
vn 3.97689 2.873654 2.050435
vn 3.97757 2.872807 2.048474
vn 4.141963 2.907068 1.925207
vn 4.116197 2.83322 1.886382
vn 4.124657 2.843577 1.887883
vn 4.325507 2.829285 1.813719
vn 4.349162 2.866706 1.833025
vn 4.130997 2.87673 1.907262
vn 3.962101 2.866211 2.064698
vn 3.982221 2.914876 2.096553
vn 3.892221 2.871642 2.309549
vn 3.95194 2.932757 2.439099
vn 4.145092 2.920447 1.935262
vn 4.123695 3.079655 2.352066
vn 4.331729 3.134523 2.255855
vn 4.726281 2.128977 2.481129
vn 4.843481 2.223368 2.267327
vn 4.72429 2.112547 2.431751
vn 4.844267 2.219903 2.318505
vn 4.887877 2.376232 2.121887
vn 4.896486 2.363812 2.15916
vn 4.907403 2.368924 2.455499
vn 4.896486 2.363812 2.15916
vn 4.873258 2.5512 2.023258
vn 4.887877 2.376232 2.121887
vn 4.880271 2.548807 2.035218
vn 4.817759 2.74241 1.99208
vn 4.950932 2.490054 2.277457
vn 4.907403 2.368924 2.455499
vn 4.806243 2.747018 1.979811
vn 4.715134 2.946183 2.050505
vn 4.910123 2.633602 2.105452
vn 4.954025 2.625516 2.322067
vn 4.680059 2.951815 2.019401
vn 4.573042 3.089334 2.184528
vn 4.786339 2.773119 1.97077
vn 4.589695 2.871273 1.882202
vn 4.907003 2.702713 2.13295
vn 4.775019 2.7774 1.960623
vn 4.577427 2.835235 1.853749
vn 4.536415 2.789476 1.815557
vn 4.733204 2.73225 1.898869
vn 4.885384 2.653732 2.059021
vn 4.952445 2.58367 2.250489
vn 4.723163 2.652212 1.867443
vn 4.869711 2.524941 2.019664
vn 4.752441 2.588396 1.882678
vn 4.925952 2.424803 2.195923
vn 4.881312 2.427955 2.070581
vn 4.757564 2.579187 1.886625
vn 4.883619 2.409437 2.086246
vn 4.902812 2.325768 2.262274
vn 4.904213 2.334963 2.403917
vn 4.897993 2.312076 2.278055
vn 4.852107 2.256121 2.450568
vn 4.844434 2.249186 2.461402
vn 4.924681 2.555714 2.514627
vn 4.952445 2.58367 2.250489
vn 4.954025 2.625516 2.322067
vn 4.937692 2.520261 2.466457
vn 4.826425 2.507187 2.685036
vn 4.907403 2.368924 2.455499
vn 4.83839 2.478262 2.663829
vn 4.904213 2.334963 2.403917
vn 4.795199 2.290416 2.617445
vn 4.844267 2.219903 2.318505
vn 4.726281 2.128977 2.481129
vn 4.674033 2.488446 2.814412
vn 4.800969 2.277933 2.596684
vn 4.852107 2.256121 2.450568
vn 4.634648 2.263501 2.74592
vn 4.670756 2.464435 2.812119
vn 4.750562 2.219065 2.601841
vn 4.844434 2.249186 2.461402
vn 4.745099 2.217267 2.606781
vn 4.632716 2.259619 2.744307
vn 4.614637 2.206235 2.711639
vn 4.61459 2.206963 2.712335
vn 4.487111 2.502937 2.887293
vn 4.55795 2.099125 2.617044
vn 4.72429 2.112547 2.431751
vn 4.536623 2.069005 2.577405
vn 4.361468 2.131288 2.705892
vn 4.446083 2.290549 2.827801
vn 4.250717 2.369227 2.851363
vn 4.163542 2.222999 2.736383
vn 4.288773 2.548546 2.893061
vn 4.460558 2.480938 2.888928
vn 4.239574 2.525247 2.881874
vn 4.424437 2.281145 2.824993
vn 4.206735 2.339836 2.826573
vn 4.453411 2.21471 2.777629
vn 4.273494 2.247254 2.794528
vn 4.460429 2.215291 2.776886
vn 4.287375 2.244932 2.795898
vn 4.924681 2.555714 2.514627
vn 4.954025 2.625516 2.322067
vn 4.950932 2.490054 2.277457
vn 4.907403 2.368924 2.455499
vn 4.937692 2.520261 2.466457
vn 4.925952 2.424803 2.195923
vn 4.952445 2.58367 2.250489
vn 4.904213 2.334963 2.403917
vn 4.752441 2.588396 1.882678
vn 4.757564 2.579187 1.886625
vn 4.532974 2.761734 1.803051
vn 4.532214 2.758532 1.801617
vn 4.723163 2.652212 1.867443
vn 4.32618 2.870818 1.837597
vn 4.52634 2.75008 1.79686
vn 4.733204 2.73225 1.898869
vn 4.536415 2.789476 1.815557
vn 4.328513 2.865244 1.833858
vn 4.141895 2.908844 1.92679
vn 4.318839 2.812266 1.80593
vn 4.141963 2.907068 1.925207
vn 3.97757 2.872807 2.048474
vn 4.116197 2.83322 1.886382
vn 4.325507 2.829285 1.813719
vn 4.577427 2.835235 1.853749
vn 4.349162 2.866706 1.833025
vn 4.362832 2.915061 1.865781
vn 4.589695 2.871273 1.882202
vn 4.522276 3.088783 2.131287
vn 4.680059 2.951815 2.019401
vn 4.331729 3.134523 2.255855
vn 4.145092 2.920447 1.935262
vn 4.130997 2.87673 1.907262
vn 4.124657 2.843577 1.887883
vn 4.522276 3.088783 2.131287
vn 4.383939 3.140244 2.339893
vn 4.573042 3.089334 2.184528
vn 4.331729 3.134523 2.255855
vn 4.179415 3.08902 2.451756
vn 4.123695 3.079655 2.352066
vn 4.123695 3.079655 2.352066
vn 3.994489 2.94534 2.519637
vn 4.179415 3.08902 2.451756
vn 3.95194 2.932757 2.439099
vn 3.962101 2.866211 2.064698
vn 3.962642 2.831716 2.028249
vn 3.862005 2.794786 2.216844
vn 3.871541 2.83258 2.276743
vn 3.892221 2.871642 2.309549
vn 4.232366 2.765375 1.802942
vn 4.370772 2.671983 1.756236
vn 4.372029 2.765374 1.782444
vn 4.234001 2.776238 1.806831
vn 4.372608 2.776235 1.786622
vn 4.221096 2.590005 1.768773
vn 4.083025 2.590009 1.828806
vn 4.221725 2.615445 1.770412
vn 4.10534 2.776243 1.862229
vn 4.102744 2.765374 1.858899
vn 4.224361 2.671979 1.777954
vn 4.088549 2.671979 1.836832
vn 4.221601 2.483903 1.773663
vn 3.995399 2.776241 1.949039
vn 3.99203 2.765373 1.946494
vn 3.965207 2.590009 1.922518
vn 3.972613 2.67198 1.928849
vn 4.084062 2.615448 1.830223
vn 3.966571 2.615446 1.923622
vn 4.084776 2.483906 1.8334
vn 3.968079 2.483901 1.926511
vn 4.181837 2.991689 1.9909
vn 4.27458 2.991688 1.950918
vn 4.102593 2.991687 2.053522
vn 4.042267 2.991697 2.134532
vn 4.237199 2.295259 1.832079
vn 4.369168 2.295267 1.811834
vn 4.114965 2.295265 1.885782
vn 4.370532 2.145646 1.924495
vn 4.474037 2.145642 1.935618
vn 4.267675 2.145648 1.940542
vn 4.010799 2.295263 1.969294
vn 3.879459 2.483911 2.046646
vn 4.172479 2.145646 1.982665
vn 4.303999 2.051082 2.067552
vn 4.216188 2.077996 2.056499
vn 4.091428 2.145642 2.047994
vn 4.219849 2.029609 2.171495
vn 3.931794 2.295267 2.076918
vn 4.03004 2.145648 2.132067
vn 3.883336 2.295265 2.201328
vn 3.992511 2.145644 2.229173
vn 4.232366 2.765375 1.802942
vn 4.224361 2.671979 1.777954
vn 4.370772 2.671983 1.756236
vn 4.369221 2.483909 1.751376
vn 4.221601 2.483903 1.773663
vn 4.369168 2.295267 1.811834
vn 4.501879 2.295263 1.826442
vn 4.474037 2.145642 1.935618
vn 4.517574 2.483906 1.768054
vn 4.62629 2.295261 1.8749
vn 4.656562 2.483899 1.822564
vn 4.517812 2.671979 1.773149
vn 4.372029 2.765374 1.782444
vn 4.655477 2.671978 1.827547
vn 4.512245 2.765377 1.79879
vn 4.643464 2.765374 1.850874
vn 4.372608 2.776235 1.786622
vn 4.511721 2.776234 1.802975
vn 4.641876 2.776241 1.854785
vn 4.369995 2.590001 1.746522
vn 4.221096 2.590005 1.768773
vn 4.519585 2.590006 1.763568
vn 4.65966 2.590006 1.818747
vn 4.658949 2.615446 1.820352
vn 4.370186 2.615448 1.748268
vn 4.221725 2.615445 1.770412
vn 4.27458 2.991688 1.950918
vn 4.374537 2.991698 1.936314
vn 4.519308 2.61545 1.765301
vn 4.474833 2.991692 1.948057
vn 4.568687 2.991685 1.985361
vn 3.879459 2.483911 2.046646
vn 3.931794 2.295267 2.076918
vn 4.010799 2.295263 1.969294
vn 3.824948 2.483911 2.185637
vn 3.883336 2.295265 2.201328
vn 3.80827 2.483913 2.333989
vn 3.86873 2.295264 2.334043
vn 3.813129 2.671976 2.332439
vn 3.830045 2.671979 2.185392
vn 3.839338 2.765375 2.331182
vn 3.884442 2.67198 2.047737
vn 3.968079 2.483901 1.926511
vn 3.972613 2.67198 1.928849
vn 3.855686 2.765374 2.190961
vn 3.843517 2.776237 2.330606
vn 3.907769 2.765375 2.059749
vn 3.99203 2.765373 1.946494
vn 3.859875 2.776242 2.191485
vn 3.803416 2.590003 2.333222
vn 3.911678 2.776236 2.061337
vn 3.995399 2.776241 1.949039
vn 3.820461 2.590008 2.183632
vn 3.875643 2.590001 2.043548
vn 3.965207 2.590009 1.922518
vn 3.966571 2.615446 1.923622
vn 3.877246 2.615452 2.044265
vn 4.042267 2.991697 2.134532
vn 4.004948 2.991689 2.228386
vn 3.822197 2.615453 2.1839
vn 3.805162 2.615452 2.333017
vn 3.993196 2.991686 2.32869
vn 4.874408 2.590007 2.026131
vn 4.896379 2.776243 2.177101
vn 4.934437 2.590002 2.16419
vn 4.840984 2.776243 2.048446
vn 4.900269 2.765372 2.175459
vn 4.780685 2.590002 1.908302
vn 4.872992 2.615449 2.027169
vn 4.844317 2.765373 2.045854
vn 4.925258 2.671981 2.167462
vn 4.866385 2.671978 2.031659
vn 4.754176 2.776242 1.938507
vn 4.756727 2.765373 1.935144
vn 4.774366 2.671981 1.91572
vn 4.869816 2.483904 2.027886
vn 4.641876 2.776241 1.854785
vn 4.643464 2.765374 1.850874
vn 4.65966 2.590006 1.818747
vn 4.655477 2.671978 1.827547
vn 4.779587 2.615446 1.909673
vn 4.658949 2.615446 1.820352
vn 4.568687 2.991685 1.985361
vn 4.649691 2.991688 2.045699
vn 4.71232 2.991686 2.124944
vn 4.776704 2.483912 1.911185
vn 4.656562 2.483899 1.822564
vn 4.733919 2.295265 1.953902
vn 4.62629 2.295261 1.8749
vn 4.817431 2.295264 2.058072
vn 4.871141 2.295271 2.180306
vn 4.929552 2.483912 2.164707
vn 4.929552 2.483912 2.164707
vn 4.871141 2.295271 2.180306
vn 4.89138 2.295268 2.312279
vn 4.951838 2.483907 2.312329
vn 4.925258 2.671981 2.167462
vn 4.946979 2.671978 2.313879
vn 4.866385 2.671978 2.031659
vn 4.869816 2.483904 2.027886
vn 4.900269 2.765372 2.175459
vn 4.920771 2.765372 2.315137
vn 4.896379 2.776243 2.177101
vn 4.916589 2.776241 2.315714
vn 4.934437 2.590002 2.16419
vn 4.956692 2.590007 2.313098
vn 4.954946 2.615448 2.3133
vn 4.932803 2.615448 2.164835
vn 4.874408 2.590007 2.026131
vn 4.872992 2.615449 2.027169
vn 4.71232 2.991686 2.124944
vn 4.752299 2.991686 2.217689
vn 4.766912 2.991686 2.317632
vn 4.951838 2.483907 2.312329
vn 4.89138 2.295268 2.312279
vn 4.876775 2.29527 2.444988
vn 4.935159 2.483899 2.460678
vn 4.828313 2.295253 2.569387
vn 4.946979 2.671978 2.313879
vn 4.880651 2.483909 2.599668
vn 4.930065 2.671978 2.460921
vn 4.920771 2.765372 2.315137
vn 4.875669 2.671984 2.598577
vn 4.792024 2.483896 2.719812
vn 4.904422 2.765375 2.455358
vn 4.916589 2.776241 2.315714
vn 4.787489 2.671977 2.717478
vn 4.675328 2.483904 2.812922
vn 4.900231 2.776243 2.454843
vn 4.956692 2.590007 2.313098
vn 4.852342 2.765375 2.586564
vn 4.671555 2.671971 2.809491
vn 4.538519 2.483894 2.872651
vn 4.535747 2.671977 2.868366
vn 4.768074 2.765377 2.699827
vn 4.657365 2.765373 2.78742
vn 4.527746 2.765378 2.843375
vn 4.848432 2.776241 2.584976
vn 4.939645 2.590007 2.462693
vn 4.764708 2.776246 2.697278
vn 4.65477 2.776244 2.784088
vn 4.526107 2.776245 2.839485
vn 4.677084 2.590003 2.817513
vn 4.794913 2.590002 2.723789
vn 4.676046 2.615448 2.816097
vn 4.88447 2.589999 2.602762
vn 4.93791 2.615449 2.462424
vn 4.954946 2.615448 2.3133
vn 4.766912 2.991686 2.317632
vn 4.755158 2.991691 2.417935
vn 4.882858 2.615449 2.602062
vn 4.717843 2.99169 2.511799
vn 4.793543 2.61545 2.722691
vn 4.65751 2.991691 2.592795
vn 4.578275 2.991689 2.655418
vn 4.792024 2.483896 2.719812
vn 4.645139 2.295266 2.76054
vn 4.675328 2.483904 2.812922
vn 4.749308 2.295262 2.677026
vn 4.880651 2.483909 2.599668
vn 4.828313 2.295253 2.569387
vn 4.587633 2.145643 2.663649
vn 4.492427 2.145644 2.705775
vn 4.668686 2.145646 2.598324
vn 4.730065 2.145642 2.514245
vn 4.876775 2.29527 2.444988
vn 4.7676 2.145648 2.417148
vn 4.540262 2.029611 2.474828
vn 4.513236 2.006017 2.395264
vn 4.543913 2.077996 2.589823
vn 4.456106 2.051078 2.578762
vn 4.385033 2.015135 2.504789
vn 4.389576 2.145644 2.721823
vn 3.942674 2.295268 2.588248
vn 3.997435 2.145648 2.435537
vn 3.888972 2.295262 2.466016
vn 4.039558 2.145648 2.530738
vn 4.301676 1.99162 2.346479
vn 4.288699 1.993078 2.325663
vn 4.311902 1.991368 2.365043
vn 4.026193 2.295262 2.692419
vn 3.983402 2.483904 2.735132
vn 4.104889 2.145645 2.611791
vn 4.321299 1.992161 2.385235
vn 4.188967 2.145644 2.673172
vn 4.332433 1.994531 2.411131
vn 4.133818 2.295266 2.771423
vn 4.258223 2.295269 2.819879
vn 4.28607 2.145645 2.710704
vn 4.103545 2.483911 2.823757
vn 4.104629 2.67198 2.818771
vn 3.985739 2.671978 2.730598
vn 4.116645 2.765374 2.795446
vn 4.003384 2.765375 2.711177
vn 4.118243 2.776239 2.791541
vn 4.005933 2.776241 2.707814
vn 3.915792 2.765374 2.600466
vn 3.919124 2.776238 2.597879
vn 4.100449 2.590007 2.827573
vn 3.979417 2.590008 2.738011
vn 3.885702 2.590007 2.620191
vn 3.887118 2.615451 2.619152
vn 3.980518 2.615449 2.736644
vn 4.101161 2.615453 2.825968
vn 4.191404 2.991685 2.660949
vn 4.110406 2.991683 2.600616
vn 4.047791 2.991685 2.521381
vn 3.888972 2.295262 2.466016
vn 3.997435 2.145648 2.435537
vn 3.981391 2.145645 2.332686
vn 4.288699 1.993078 2.325663
vn 4.28607 2.145645 2.710704
vn 4.332433 1.994531 2.411131
vn 4.188967 2.145644 2.673172
vn 4.350141 2.00035 2.448443
vn 4.389576 2.145644 2.721823
vn 4.385033 2.015135 2.504789
vn 3.981391 2.145645 2.332686
vn 4.288699 1.993078 2.325663
vn 4.270983 1.996794 2.297124
vn 4.427675 1.994531 2.235193
vn 4.438812 1.992161 2.26109
vn 4.301676 1.99162 2.346479
vn 4.448205 1.991368 2.281275
vn 4.311902 1.991368 2.365043
vn 4.458428 1.991619 2.299833
vn 4.321299 1.992161 2.385235
vn 4.471408 1.993078 2.320653
vn 4.332433 1.994531 2.411131
vn 4.489124 1.996793 2.349195
vn 4.778717 2.145645 2.313639
vn 4.350141 2.00035 2.448443
vn 4.7676 2.145648 2.417148
vn 4.513236 2.006017 2.395264
vn 4.730065 2.145642 2.514245
vn 4.385033 2.015135 2.504789
vn 4.540262 2.029611 2.474828
vn 4.456106 2.051078 2.578762
vn 4.543913 2.077996 2.589823
vn 3.86873 2.295264 2.334043
vn 3.992511 2.145644 2.229173
vn 3.883336 2.295265 2.201328
vn 3.981391 2.145645 2.332686
vn 3.888972 2.295262 2.466016
vn 3.830559 2.483906 2.481617
vn 3.80827 2.483913 2.333989
vn 3.890291 2.483911 2.618433
vn 3.942674 2.295268 2.588248
vn 3.983402 2.483904 2.735132
vn 3.985739 2.671978 2.730598
vn 3.893724 2.671979 2.614661
vn 4.003384 2.765375 2.711177
vn 3.915792 2.765374 2.600466
vn 3.834849 2.671977 2.478857
vn 3.813129 2.671976 2.332439
vn 3.859838 2.765375 2.470856
vn 3.919124 2.776238 2.597879
vn 3.839338 2.765375 2.331182
vn 3.863726 2.776239 2.469214
vn 3.843517 2.776237 2.330606
vn 3.885702 2.590007 2.620191
vn 3.825667 2.590004 2.482117
vn 3.803416 2.590003 2.333222
vn 3.805162 2.615452 2.333017
vn 3.827304 2.615453 2.481478
vn 3.887118 2.615451 2.619152
vn 4.047791 2.991685 2.521381
vn 4.00781 2.991688 2.428624
vn 3.993196 2.991686 2.32869
vn 3.992511 2.145644 2.229173
vn 4.246872 2.006016 2.251058
vn 4.03004 2.145648 2.132067
vn 4.409968 2.000349 2.197883
vn 4.474037 2.145642 1.935618
vn 4.571139 2.145642 1.973149
vn 4.370532 2.145646 1.924495
vn 4.37508 2.015133 2.141537
vn 4.219849 2.029609 2.171495
vn 4.303999 2.051082 2.067552
vn 4.216188 2.077996 2.056499
vn 4.267675 2.145648 1.940542
vn 4.303999 2.051082 2.067552
vn 4.37508 2.015133 2.141537
vn 4.370532 2.145646 1.924495
vn 4.501879 2.295263 1.826442
vn 4.571139 2.145642 1.973149
vn 4.62629 2.295261 1.8749
vn 4.655222 2.145647 2.03453
vn 4.733919 2.295265 1.953902
vn 4.438812 1.992161 2.26109
vn 4.427675 1.994531 2.235193
vn 4.448205 1.991368 2.281275
vn 4.720545 2.145643 2.115583
vn 4.817431 2.295264 2.058072
vn 4.458428 1.991619 2.299833
vn 4.76267 2.145645 2.210782
vn 4.471408 1.993078 2.320653
vn 4.871141 2.295271 2.180306
vn 4.778717 2.145645 2.313639
vn 4.89138 2.295268 2.312279
vn 4.7676 2.145648 2.417148
vn 4.876775 2.29527 2.444988
vn 4.101161 2.615453 2.825968
vn 4.191404 2.991685 2.660949
vn 4.28527 2.991687 2.698266
vn 4.24079 2.615449 2.881016
vn 4.385581 2.991681 2.710023
vn 4.240529 2.590007 2.882753
vn 4.100449 2.590007 2.827573
vn 4.118243 2.776239 2.791541
vn 4.389917 2.615448 2.898052
vn 4.485513 2.991695 2.695396
vn 4.248387 2.77624 2.843342
vn 4.116645 2.765374 2.795446
vn 4.390124 2.590003 2.899797
vn 4.538369 2.615448 2.875911
vn 4.578275 2.991689 2.655418
vn 4.676046 2.615448 2.816097
vn 4.677084 2.590003 2.817513
vn 4.539015 2.590005 2.877545
vn 4.526107 2.776245 2.839485
vn 4.387505 2.776242 2.859694
vn 4.247857 2.765376 2.847528
vn 4.104629 2.67198 2.818771
vn 4.388077 2.765376 2.863875
vn 4.527746 2.765378 2.843375
vn 4.24229 2.671975 2.87317
vn 4.103545 2.483911 2.823757
vn 4.389327 2.671983 2.890084
vn 4.535747 2.671977 2.868366
vn 4.24253 2.483914 2.878265
vn 4.133818 2.295266 2.771423
vn 4.258223 2.295269 2.819879
vn 4.390886 2.483916 2.894945
vn 4.538519 2.483894 2.872651
vn 4.390946 2.295257 2.83448
vn 4.28607 2.145645 2.710704
vn 4.389576 2.145644 2.721823
vn 4.522911 2.295261 2.814241
vn 4.675328 2.483904 2.812922
vn 4.492427 2.145644 2.705775
vn 4.645139 2.295266 2.76054
vn 4.763615 2.760653 1.939484
vn 4.802538 2.753875 1.978974
vn 4.653638 2.90944 1.950912
vn 4.867642 2.581012 2.014499
vn 4.876871 2.575371 2.029294
vn 4.81665 2.492086 1.952125
vn 4.685089 2.636382 1.83847
vn 4.886726 2.383152 2.11288
vn 4.869429 2.378986 2.078355
vn 4.807184 2.190604 2.213147
vn 4.765134 2.181318 2.12504
vn 4.86802 2.254947 2.338448
vn 4.88104 2.354114 2.126563
vn 4.888714 2.293856 2.368757
vn 4.803153 2.428221 1.954222
vn 4.65604 2.508034 1.81905
vn 4.720675 2.53521 1.857832
vn 4.86024 2.459703 2.019757
vn 4.887457 2.352301 2.145907
vn 4.920853 2.387751 2.222636
vn 4.896706 2.33002 2.432956
vn 4.886693 2.587188 2.047347
vn 4.943818 2.479139 2.23126
vn 4.835054 2.711111 2.000026
vn 4.942469 2.545177 2.193933
vn 4.819853 2.724736 1.985817
vn 4.939741 2.55647 2.181601
vn 4.685089 2.636382 1.83847
vn 4.596478 2.904506 1.910886
vn 4.508345 2.757303 1.794785
vn 4.763615 2.760653 1.939484
vn 4.653638 2.90944 1.950912
vn 4.446527 3.01966 1.976009
vn 4.398808 2.996095 1.941663
vn 4.65604 2.508034 1.81905
vn 4.685089 2.636382 1.83847
vn 4.508345 2.757303 1.794785
vn 4.471129 2.576403 1.753192
vn 4.523649 2.601275 1.765253
vn 4.720675 2.53521 1.857832
vn 4.558208 2.784506 1.820571
vn 4.338481 2.844301 1.820607
vn 4.301536 2.646509 1.75728
vn 4.301257 2.912246 1.870108
vn 4.475474 2.882017 1.851406
vn 4.145442 2.92009 1.934722
vn 4.127123 2.866355 1.901941
vn 4.294052 2.911754 1.871041
vn 4.460792 2.884614 1.850428
vn 4.145478 2.919425 1.93409
vn 4.089971 2.663353 1.834136
vn 3.956982 2.847512 2.052085
vn 3.921418 2.649197 1.983186
vn 4.27263 2.62158 1.758909
vn 4.085801 2.635947 1.831785
vn 3.933564 2.617466 1.96118
vn 3.965278 2.835839 2.028312
vn 4.125518 2.86271 1.900303
vn 4.034986 2.998526 2.16597
vn 4.313535 2.835777 1.818598
vn 4.202944 3.028166 2.030371
vn 4.035419 3.013539 2.21495
vn 4.223525 3.057309 2.068919
vn 4.398808 2.996095 1.941663
vn 4.596478 2.904506 1.910886
vn 4.896706 2.33002 2.432956
vn 4.920853 2.387751 2.222636
vn 4.943818 2.479139 2.23126
vn 4.917715 2.383168 2.43207
vn 4.942469 2.545177 2.193933
vn 4.913808 2.366053 2.421103
vn 4.813042 2.317942 2.615953
vn 4.78161 2.25205 2.597574
vn 4.795849 2.293764 2.619605
vn 4.634852 2.282268 2.758495
vn 4.629346 2.249434 2.738815
vn 4.798434 2.260042 2.580875
vn 4.888714 2.293856 2.368757
vn 4.86802 2.254947 2.338448
vn 4.776357 2.211022 2.551816
vn 4.807184 2.190604 2.213147
vn 4.613813 2.205027 2.711024
vn 4.637174 2.046434 2.30806
vn 4.43631 1.994273 2.404078
vn 4.913808 2.366053 2.421103
vn 4.942469 2.545177 2.193933
vn 4.939741 2.55647 2.181601
vn 4.91556 2.369959 2.419308
vn 4.78161 2.25205 2.597574
vn 4.781009 2.252925 2.599437
vn 4.618068 2.219319 2.721234
vn 4.618236 2.217415 2.719481
vn 4.644117 2.29334 2.759974
vn 4.813042 2.317942 2.615953
vn 4.634852 2.282268 2.758495
vn 4.432431 2.261131 2.812419
vn 4.435273 2.255202 2.808394
vn 4.437628 2.314733 2.841144
vn 4.22879 2.367226 2.84476
vn 4.227346 2.364572 2.843333
vn 4.232414 2.376348 2.849127
vn 4.226232 2.33581 2.831086
vn 4.435333 2.296453 2.832228
vn 4.410629 2.259646 2.813347
vn 4.629346 2.249434 2.738815
vn 4.613813 2.205027 2.711024
vn 4.399261 2.211727 2.780835
vn 4.43631 1.994273 2.404078
vn 4.247937 2.036278 2.518826
vn 4.835054 2.711111 2.000026
vn 4.641132 2.828598 1.881902
vn 4.819853 2.724736 1.985817
vn 4.66039 2.820361 1.888894
vn 4.460792 2.884614 1.850428
vn 4.886693 2.587188 2.047347
vn 4.475474 2.882017 1.851406
vn 4.751285 2.694765 1.901025
vn 4.86024 2.459703 2.019757
vn 4.558208 2.784506 1.820571
vn 4.720675 2.53521 1.857832
vn 4.034986 2.998526 2.16597
vn 4.035419 3.013539 2.21495
vn 3.916223 2.902278 2.379599
vn 3.916791 2.907666 2.32853
vn 3.872149 2.7494 2.524842
vn 3.864148 2.763241 2.487896
vn 3.853013 2.757505 2.189793
vn 3.80913 2.636622 2.367668
vn 3.864148 2.763241 2.487896
vn 3.872149 2.7494 2.524842
vn 3.886836 2.57514 2.623035
vn 3.879988 2.577063 2.611385
vn 3.80913 2.636622 2.367668
vn 3.941736 2.385217 2.654144
vn 3.849598 2.49317 2.540076
vn 3.806122 2.500432 2.324501
vn 3.95478 2.377034 2.666433
vn 4.043787 2.181447 2.596219
vn 4.085235 2.169643 2.625762
vn 4.186805 2.037375 2.462977
vn 3.974238 2.353429 2.676238
vn 4.172678 2.255866 2.765772
vn 3.853135 2.423752 2.513574
vn 3.984977 2.349354 2.685843
vn 4.182372 2.291354 2.792609
vn 4.226232 2.33581 2.831086
vn 4.030049 2.391943 2.749209
vn 3.875699 2.471579 2.588818
vn 3.808085 2.541729 2.398829
vn 4.036041 2.473842 2.778146
vn 3.891644 2.600821 2.628724
vn 3.834844 2.698663 2.45626
vn 4.001168 2.543935 2.758372
vn 3.821988 2.606299 2.181617
vn 3.808085 2.541729 2.398829
vn 3.834844 2.698663 2.45626
vn 3.835369 2.569496 2.13182
vn 3.806122 2.500432 2.324501
vn 3.80913 2.636622 2.367668
vn 3.853013 2.757505 2.189793
vn 3.933564 2.617466 1.96118
vn 3.921418 2.649197 1.983186
vn 3.965278 2.835839 2.028312
vn 3.916791 2.907666 2.32853
vn 4.034986 2.998526 2.16597
vn 3.854278 2.789339 2.247457
vn 3.956982 2.847512 2.052085
vn 3.912844 2.873444 2.186174
vn 4.013331 2.908116 2.04059
vn 4.127123 2.866355 1.901941
vn 4.145442 2.92009 1.934722
vn 3.920922 2.88017 2.17474
vn 3.864373 2.82101 2.3534
vn 4.018884 2.909788 2.03553
vn 4.145478 2.919425 1.93409
vn 4.301257 2.912246 1.870108
vn 3.821988 2.606299 2.181617
vn 3.834844 2.698663 2.45626
vn 3.854278 2.789339 2.247457
vn 3.858842 2.806878 2.370777
vn 3.912844 2.873444 2.186174
vn 3.864373 2.82101 2.3534
vn 3.872237 2.728065 2.542838
vn 3.874303 2.708165 2.560898
vn 3.891644 2.600821 2.628724
vn 3.994964 2.554569 2.753236
vn 4.001168 2.543935 2.758372
vn 4.001168 2.543935 2.758372
vn 4.227346 2.364572 2.843333
vn 3.994964 2.554569 2.753236
vn 4.22879 2.367226 2.84476
vn 4.036041 2.473842 2.778146
vn 4.232414 2.376348 2.849127
vn 4.030049 2.391943 2.749209
vn 4.226232 2.33581 2.831086
vn 4.182372 2.291354 2.792609
vn 4.435333 2.296453 2.832228
vn 4.410629 2.259646 2.813347
vn 4.399261 2.211727 2.780835
vn 4.172678 2.255866 2.765772
vn 4.247937 2.036278 2.518826
vn 4.085235 2.169643 2.625762
vn 4.247937 2.036278 2.518826
vn 4.186805 2.037375 2.462977
vn 4.377488 1.986026 2.307169
vn 4.43631 1.994273 2.404078
vn 4.580926 2.037536 2.193875
vn 4.637174 2.046434 2.30806
vn 4.765134 2.181318 2.12504
vn 4.807184 2.190604 2.213147
vn 4.794828 2.534485 2.723752
vn 4.677015 2.534485 2.817453
vn 4.655007 2.351305 2.784523
vn 4.76505 2.351306 2.697638
vn 4.657241 2.360311 2.787226
vn 4.884377 2.534483 2.602748
vn 4.794008 2.517765 2.723054
vn 4.767904 2.36031 2.699673
vn 4.671376 2.452639 2.809218
vn 4.848855 2.351309 2.585233
vn 4.852132 2.360306 2.586467
vn 4.787247 2.452635 2.717259
vn 4.939557 2.534485 2.462689
vn 4.883405 2.517761 2.602286
vn 4.900712 2.351308 2.45496
vn 4.875372 2.452644 2.598445
vn 4.904197 2.360305 2.455302
vn 4.792034 2.642245 2.719834
vn 4.675323 2.642244 2.812949
vn 4.644749 2.832427 2.75992
vn 4.522689 2.832427 2.813545
vn 4.748775 2.832428 2.676524
vn 4.587341 2.98115 2.66322
vn 4.880659 2.642256 2.599693
vn 4.668295 2.981152 2.597976
vn 4.543216 3.04913 2.588743
vn 4.82767 2.832425 2.569055
vn 4.729603 2.98115 2.514011
vn 4.929747 2.452653 2.46086
vn 4.935173 2.642265 2.460699
vn 4.876063 2.832418 2.444826
vn 4.951858 2.642249 2.312345
vn 4.890651 2.83242 2.312311
vn 4.946655 2.452648 2.313898
vn 4.92054 2.36031 2.315142
vn 4.917082 2.351303 2.315722
vn 4.956605 2.534482 2.313129
vn 4.938494 2.517758 2.462508
vn 4.955532 2.517762 2.313214
vn 4.738895 2.110888 2.318011
vn 4.728003 2.110892 2.411067
vn 4.693405 2.110896 2.498121
vn 4.637429 2.110886 2.573258
vn 4.67641 2.517765 2.816563
vn 4.563935 2.110888 2.631349
vn 4.767904 2.36031 2.699673
vn 4.671376 2.452639 2.809218
vn 4.787247 2.452635 2.717259
vn 4.675323 2.642244 2.812949
vn 4.538499 2.642244 2.87268
vn 4.522689 2.832427 2.813545
vn 4.390903 2.832429 2.833752
vn 4.535649 2.45264 2.868055
vn 4.657241 2.360311 2.787226
vn 4.390869 2.642252 2.894963
vn 4.258388 2.832423 2.819166
vn 4.52769 2.36031 2.843153
vn 4.655007 2.351305 2.784523
vn 4.389321 2.452648 2.889761
vn 4.242513 2.642269 2.878278
vn 4.134159 2.832422 2.770777
vn 4.103522 2.642249 2.823766
vn 4.242349 2.452657 2.872852
vn 4.10477 2.452642 2.818478
vn 4.526241 2.351308 2.839963
vn 4.677015 2.534485 2.817453
vn 4.388082 2.360308 2.863645
vn 4.247908 2.360304 2.847301
vn 4.116756 2.360309 2.795243
vn 4.387496 2.351305 2.860188
vn 4.248253 2.351305 2.843817
vn 4.11798 2.351306 2.791959
vn 4.538964 2.534482 2.877469
vn 4.390094 2.534482 2.89971
vn 4.240525 2.534482 2.882662
vn 4.100462 2.534477 2.827481
vn 4.100917 2.517759 2.826504
vn 4.240719 2.517759 2.881603
vn 4.389993 2.517762 2.898637
vn 4.292148 2.110891 2.671108
vn 4.205085 2.11089 2.636498
vn 4.385204 2.110891 2.682003
vn 4.477899 2.110888 2.668441
vn 4.538596 2.517765 2.876457
vn 4.563935 2.110888 2.631349
vn 4.67641 2.517765 2.816563
vn 4.794828 2.534485 2.723752
vn 4.794008 2.517765 2.723054
vn 3.835157 2.452647 2.478756
vn 3.813452 2.452655 2.332429
vn 3.808251 2.642256 2.333982
vn 3.830534 2.642244 2.481604
vn 3.869457 2.83242 2.334013
vn 3.889668 2.832427 2.465792
vn 3.890267 2.642246 2.618432
vn 3.943292 2.832421 2.587857
vn 3.98191 2.98115 2.332653
vn 3.993023 2.981154 2.229283
vn 3.884049 2.832424 2.201487
vn 3.997933 2.98115 2.435374
vn 4.039998 2.981149 2.530454
vn 4.026689 2.832436 2.691875
vn 4.303676 3.134974 2.345875
vn 4.290962 3.133579 2.32559
vn 4.313645 3.135215 2.36395
vn 4.105238 2.981154 2.611398
vn 4.134159 2.832422 2.770777
vn 4.189205 2.981152 2.672707
vn 4.258388 2.832423 2.819166
vn 3.860062 2.360306 2.470793
vn 3.839569 2.360307 2.331181
vn 3.813452 2.452655 2.332429
vn 3.835157 2.452647 2.478756
vn 3.91599 2.360307 2.600348
vn 3.893994 2.452647 2.614481
vn 3.830534 2.642244 2.481604
vn 3.890267 2.642246 2.618432
vn 3.985957 2.452644 2.730356
vn 4.003545 2.360309 2.711012
vn 3.98338 2.642259 2.735137
vn 3.943292 2.832421 2.587857
vn 4.026689 2.832436 2.691875
vn 4.103522 2.642249 2.823766
vn 4.134159 2.832422 2.770777
vn 4.10477 2.452642 2.818478
vn 4.116756 2.360309 2.795243
vn 4.11798 2.351306 2.791959
vn 4.005574 2.351304 2.708153
vn 4.100462 2.534477 2.827481
vn 3.979469 2.534477 2.73794
vn 3.918693 2.351306 2.598117
vn 3.885762 2.534481 2.620123
vn 3.886648 2.517764 2.61951
vn 3.980159 2.51776 2.737113
vn 4.100917 2.517759 2.826504
vn 4.205085 2.11089 2.636498
vn 4.129955 2.110894 2.580548
vn 3.808251 2.642256 2.333982
vn 3.884049 2.832424 2.201487
vn 3.869457 2.83242 2.334013
vn 3.824934 2.642254 2.185616
vn 3.932439 2.832422 2.07726
vn 3.813452 2.452655 2.332429
vn 3.87945 2.642267 2.046629
vn 3.830361 2.452645 2.185464
vn 3.884731 2.452653 2.04788
vn 3.839569 2.360307 2.331181
vn 3.855909 2.36031 2.191019
vn 3.843025 2.351306 2.330599
vn 3.859401 2.351301 2.191349
vn 3.803504 2.534478 2.333191
vn 3.820553 2.534479 2.183625
vn 3.911256 2.351303 2.061085
vn 3.875725 2.534478 2.043583
vn 3.876699 2.517763 2.04404
vn 3.821613 2.517763 2.183815
vn 3.804577 2.517761 2.333111
vn 4.021216 2.110886 2.328308
vn 4.032114 2.110885 2.235252
vn 4.003545 2.360309 2.711012
vn 3.91599 2.360307 2.600348
vn 3.893994 2.452647 2.614481
vn 4.005574 2.351304 2.708153
vn 3.918693 2.351306 2.598117
vn 3.860062 2.360306 2.470793
vn 3.863251 2.351303 2.469341
vn 3.839569 2.360307 2.331181
vn 3.843025 2.351306 2.330599
vn 3.885762 2.534481 2.620123
vn 3.825746 2.534474 2.482075
vn 3.803504 2.534478 2.333191
vn 3.804577 2.517761 2.333111
vn 3.82676 2.517765 2.481712
vn 3.886648 2.517764 2.61951
vn 4.034774 2.110887 2.421008
vn 4.021216 2.110886 2.328308
vn 4.07186 2.110892 2.507044
vn 4.129955 2.110894 2.580548
vn 3.980159 2.51776 2.737113
vn 3.855909 2.36031 2.191019
vn 3.884731 2.452653 2.04788
vn 3.830361 2.452645 2.185464
vn 3.907971 2.360309 2.05986
vn 3.859401 2.351301 2.191349
vn 3.911256 2.351303 2.061085
vn 3.97286 2.452646 1.929059
vn 3.992203 2.360306 1.94665
vn 3.968079 2.642263 1.926484
vn 3.87945 2.642267 2.046629
vn 4.011335 2.832425 1.969789
vn 3.932439 2.832422 2.07726
vn 4.115365 2.832428 1.886397
vn 4.084785 2.642261 1.833373
vn 4.088732 2.452644 1.837101
vn 4.221611 2.642262 1.773641
vn 4.224459 2.452644 1.778263
vn 4.102861 2.360306 1.859099
vn 4.232414 2.360307 1.803169
vn 3.995061 2.351309 1.948677
vn 3.875725 2.534478 2.043583
vn 4.105105 2.351305 1.861794
vn 4.233878 2.351307 1.806353
vn 3.96528 2.534483 1.922568
vn 4.083087 2.534481 1.82887
vn 4.221129 2.534479 1.768854
vn 4.221521 2.517761 1.76986
vn 3.966105 2.517756 1.923261
vn 3.876699 2.517763 2.04404
vn 4.083706 2.517759 1.829752
vn 4.196174 2.110891 2.014966
vn 4.282207 2.110894 1.977871
vn 4.122683 2.110888 2.073053
vn 4.066702 2.110897 2.148198
vn 4.032114 2.110885 2.235252
vn 3.821613 2.517763 2.183815
vn 4.866114 2.452647 2.031838
vn 4.929573 2.642254 2.164714
vn 4.869839 2.642264 2.027889
vn 4.774152 2.452645 1.915963
vn 4.756568 2.360308 1.935312
vn 4.844119 2.360307 2.045973
vn 4.776731 2.642256 1.911186
vn 4.816817 2.832421 2.058463
vn 4.733421 2.832431 1.954443
vn 4.656587 2.642249 1.822554
vn 4.625953 2.832427 1.875547
vn 4.655332 2.452642 1.827838
vn 4.643352 2.36031 1.851075
vn 4.642125 2.351305 1.854359
vn 4.75453 2.351304 1.938163
vn 4.841414 2.351304 2.048202
vn 4.659636 2.534479 1.818834
vn 4.780641 2.534479 1.908381
vn 4.874345 2.534482 2.026196
vn 4.87346 2.51776 2.026809
vn 4.779949 2.517763 1.909206
vn 4.65918 2.517762 1.819809
vn 4.55501 2.110891 2.009812
vn 4.630149 2.110886 2.065782
vn 4.869839 2.642264 2.027889
vn 4.870442 2.832422 2.180525
vn 4.816817 2.832421 2.058463
vn 4.929573 2.642254 2.164714
vn 4.890651 2.83242 2.312311
vn 4.951858 2.642249 2.312345
vn 4.924952 2.452646 2.167568
vn 4.866114 2.452647 2.031838
vn 4.946655 2.452648 2.313898
vn 4.844119 2.360307 2.045973
vn 4.900048 2.360309 2.175529
vn 4.92054 2.36031 2.315142
vn 4.841414 2.351304 2.048202
vn 4.896859 2.351303 2.176986
vn 4.917082 2.351303 2.315722
vn 4.874345 2.534482 2.026196
vn 4.934364 2.534483 2.164253
vn 4.956605 2.534482 2.313129
vn 4.955532 2.517762 2.313214
vn 4.933349 2.517762 2.164608
vn 4.87346 2.51776 2.026809
vn 4.725341 2.110893 2.225315
vn 4.738895 2.110888 2.318011
vn 4.688243 2.110887 2.139281
vn 4.630149 2.110886 2.065782
vn 4.779949 2.517763 1.909206
vn 4.221611 2.642262 1.773641
vn 4.3692 2.832424 1.812565
vn 4.237426 2.832424 1.83277
vn 4.369227 2.642262 1.751358
vn 4.224459 2.452644 1.778263
vn 4.370792 2.45265 1.756558
vn 4.232414 2.360307 1.803169
vn 4.372032 2.360309 1.782674
vn 4.233878 2.351307 1.806353
vn 4.372617 2.351306 1.78613
vn 4.221129 2.534479 1.768854
vn 4.501719 2.832423 1.827153
vn 4.473927 2.981155 1.936129
vn 4.370558 2.981151 1.925017
vn 4.517596 2.642253 1.76804
vn 4.625953 2.832427 1.875547
vn 4.656587 2.642249 1.822554
vn 4.51776 2.452644 1.77347
vn 4.655332 2.452642 1.827838
vn 4.512197 2.360306 1.799016
vn 4.643352 2.36031 1.851075
vn 4.511858 2.351305 1.802503
vn 4.642125 2.351305 1.854359
vn 4.370011 2.534477 1.746609
vn 4.519591 2.534477 1.763659
vn 4.659636 2.534479 1.818834
vn 4.65918 2.517762 1.819809
vn 4.370118 2.517764 1.747682
vn 4.221521 2.517761 1.76986
vn 4.282207 2.110894 1.977871
vn 4.374905 2.110897 1.964308
vn 4.519395 2.517758 1.764718
vn 4.467961 2.110889 1.975214
vn 4.55501 2.110891 2.009812
vn 4.237426 2.832424 1.83277
vn 4.3692 2.832424 1.812565
vn 4.370558 2.981151 1.925017
vn 4.267832 2.98115 1.941041
vn 4.375187 3.112168 2.144588
vn 4.304678 3.076402 2.069736
vn 4.172755 2.981149 1.983106
vn 4.216897 3.049128 2.057569
vn 4.115365 2.832428 1.886397
vn 4.084785 2.642261 1.833373
vn 4.221611 2.642262 1.773641
vn 4.011335 2.832425 1.969789
vn 4.091809 2.981148 2.048341
vn 4.221969 3.09788 2.173473
vn 3.932439 2.832422 2.07726
vn 4.030506 2.981151 2.13231
vn 4.249485 3.121079 2.252453
vn 3.884049 2.832424 2.201487
vn 3.993023 2.981154 2.229283
vn 4.501719 2.832423 1.827153
vn 4.57091 2.981149 1.973612
vn 4.473927 2.981155 1.936129
vn 4.473927 2.981155 1.936129
vn 4.57091 2.981149 1.973612
vn 4.426542 3.132186 2.237314
vn 4.409339 3.126578 2.200588
vn 4.370558 2.981151 1.925017
vn 4.375187 3.112168 2.144588
vn 4.273495 3.130009 2.297699
vn 4.249485 3.121079 2.252453
vn 4.221969 3.09788 2.173473
vn 4.304678 3.076402 2.069736
vn 4.216897 3.049128 2.057569
vn 3.993023 2.981154 2.229283
vn 4.030506 2.981151 2.13231
vn 4.290962 3.133579 2.32559
vn 3.98191 2.98115 2.332653
vn 4.437336 3.134457 2.262664
vn 4.303676 3.134974 2.345875
vn 4.446463 3.135215 2.282368
vn 4.313645 3.135215 2.36395
vn 4.456432 3.134974 2.300449
vn 4.322769 3.134457 2.383652
vn 4.469148 3.133579 2.320726
vn 4.33357 3.132186 2.409007
vn 4.489478 3.129432 2.349302
vn 4.778196 2.981152 2.313669
vn 4.767088 2.98115 2.417041
vn 4.537142 3.112167 2.408226
vn 4.729603 2.98115 2.514011
vn 4.351623 3.127386 2.442163
vn 4.384107 3.12108 2.471587
vn 4.442115 3.09788 2.531835
vn 4.572034 3.076409 2.504934
vn 4.543216 3.04913 2.588743
vn 4.389545 2.981154 2.7213
vn 4.286179 2.981151 2.710194
vn 4.189205 2.981152 2.672707
vn 4.57091 2.981149 1.973612
vn 4.437336 3.134457 2.262664
vn 4.426542 3.132186 2.237314
vn 4.654868 2.981156 2.034922
vn 4.625953 2.832427 1.875547
vn 4.446463 3.135215 2.282368
vn 4.733421 2.832431 1.954443
vn 4.72011 2.981148 2.115861
vn 4.456432 3.134974 2.300449
vn 4.816817 2.832421 2.058463
vn 4.762173 2.981152 2.210943
vn 4.469148 3.133579 2.320726
vn 4.870442 2.832422 2.180525
vn 4.778196 2.981152 2.313669
vn 4.890651 2.83242 2.312311
vn 4.767088 2.98115 2.417041
vn 4.876063 2.832418 2.444826
vn 4.876063 2.832418 2.444826
vn 4.729603 2.98115 2.514011
vn 4.767088 2.98115 2.417041
vn 4.82767 2.832425 2.569055
vn 4.572034 3.076409 2.504934
vn 4.537142 3.112167 2.408226
vn 4.668295 2.981152 2.597976
vn 4.543216 3.04913 2.588743
vn 4.587341 2.98115 2.66322
vn 4.442115 3.09788 2.531835
vn 4.492267 2.981149 2.705282
vn 4.644749 2.832427 2.75992
vn 4.384107 3.12108 2.471587
vn 4.522689 2.832427 2.813545
vn 4.389545 2.981154 2.7213
vn 4.390903 2.832429 2.833752
vn 4.286179 2.981151 2.710194
vn 4.258388 2.832423 2.819166
vn 3.982283 2.636695 2.735109
vn 4.102447 2.636692 2.824018
vn 4.102448 2.636696 2.824018
vn 3.982275 2.636695 2.735102
vn 3.889219 2.63678 2.618105
vn 3.889218 2.636771 2.618105
vn 3.829607 2.636777 2.481021
vn 3.829603 2.636749 2.481019
vn 3.807499 2.63673 2.333146
vn 3.807496 2.636705 2.333166
vn 4.102448 2.636696 2.824018
vn 4.102447 2.636692 2.824018
vn 4.241529 2.636666 2.878803
vn 4.241537 2.636667 2.878805
vn 4.390068 2.636677 2.895721
vn 4.39007 2.636687 2.89572
vn 4.537911 2.636714 2.873616
vn 4.537918 2.63671 2.873615
vn 4.675029 2.636599 2.814004
vn 4.675025 2.636598 2.814007
vn 4.791981 2.6367 2.720953
vn 4.791976 2.636707 2.720957
vn 3.824408 2.636711 2.18467
vn 3.807496 2.636705 2.333166
vn 3.807499 2.63673 2.333146
vn 3.824402 2.63669 2.184684
vn 4.094447 2.416598 1.84328
vn 4.0958 2.420464 1.841315
vn 4.083706 2.445088 1.84194
vn 4.086501 2.444142 1.840462
vn 4.119773 2.414351 1.829757
vn 4.12526 2.410854 1.827963
vn 4.164735 2.370434 1.823328
vn 4.170082 2.363977 1.823585
vn 4.174466 2.302989 1.850525
vn 4.17626 2.297725 1.85268
vn 4.123811 2.26653 1.899261
vn 4.124382 2.266934 1.898634
vn 4.056916 2.299604 1.923837
vn 4.060761 2.30288 1.918629
vn 4.035949 2.366216 1.903467
vn 4.042145 2.368336 1.897485
vn 4.062846 2.410599 1.865513
vn 4.068118 2.41106 1.861751
vn 4.095133 2.41756 1.84258
vn 4.096694 2.417635 1.841635
vn 4.091624 2.412776 1.846159
vn 4.0882 2.415216 1.847481
vn 4.142399 2.429027 1.814372
vn 4.0958 2.420464 1.841315
vn 4.094447 2.416598 1.84328
vn 4.153344 2.43146 1.808773
vn 4.133364 2.522407 1.802758
vn 4.141026 2.527946 1.798793
vn 4.083602 2.571956 1.827809
vn 4.084741 2.572694 1.827143
vn 4.032779 2.531058 1.863047
vn 4.033546 2.522657 1.863132
vn 4.046047 2.451388 1.865686
vn 4.051172 2.443592 1.863948
vn 4.0882 2.415216 1.847481
vn 4.091624 2.412776 1.846159
vn 4.422168 3.048376 2.633184
vn 4.412976 3.05936 2.616459
vn 4.557804 3.031 2.611004
vn 4.555396 3.031604 2.611498
vn 4.64074 3.048837 2.494868
vn 4.619349 3.061257 2.490373
vn 4.38279 3.091644 2.55558
vn 4.412976 3.05936 2.616459
vn 4.422168 3.048376 2.633184
vn 4.371546 3.105464 2.521038
vn 4.328858 3.136285 2.370367
vn 4.339882 3.139099 2.324364
vn 4.407936 3.131833 2.22748
vn 4.438984 3.122756 2.193925
vn 4.575644 3.105264 2.288663
vn 4.601783 3.09409 2.275495
vn 4.658155 3.064584 2.390658
vn 4.675926 3.054248 2.391097
vn 4.650468 3.0318 2.524595
vn 4.6574 3.026173 2.528152
vn 4.619349 3.061257 2.490373
vn 4.64074 3.048837 2.494868
vn 4.598751 3.096834 2.349352
vn 4.558543 3.111202 2.356524
vn 4.452581 3.134301 2.280037
vn 4.410807 3.139504 2.308927
vn 4.303882 3.13528 2.337229
vn 4.279355 3.129207 2.375813
vn 4.247865 3.104492 2.47418
vn 4.240949 3.09341 2.504287
vn 4.303641 3.063274 2.601314
vn 4.304329 3.053783 2.61791
vn 4.427987 3.031045 2.657987
vn 4.304329 3.053783 2.61791
vn 4.427987 3.031045 2.657987
vn 4.429638 3.026027 2.664655
vn 4.562468 3.017741 2.628782
vn 4.561809 3.017963 2.628845
vn 4.6574 3.026173 2.528152
vn 4.650468 3.0318 2.524595
vn 4.791976 2.636707 2.720957
vn 4.791981 2.6367 2.720953
vn 4.880914 2.6367 2.600761
vn 4.880916 2.636697 2.600759
vn 4.93569 2.636738 2.461675
vn 4.935691 2.636731 2.461673
vn 4.952611 2.636708 2.313137
vn 4.952613 2.636696 2.31312
vn 4.952613 2.636696 2.31312
vn 4.952611 2.636708 2.313137
vn 4.930511 2.636706 2.165299
vn 4.930512 2.636697 2.165298
vn 4.870897 2.636667 2.028199
vn 4.870896 2.636672 2.028199
vn 4.870896 2.636672 2.028199
vn 4.870897 2.636667 2.028199
vn 4.777833 2.636738 1.911225
vn 4.777833 2.636735 1.911225
vn 4.657647 2.636658 1.822289
vn 4.657664 2.636648 1.822296
vn 4.657664 2.636648 1.822296
vn 4.657647 2.636658 1.822289
vn 4.518583 2.636732 1.767526
vn 4.518581 2.636727 1.767525
vn 4.370012 2.636673 1.750598
vn 4.370019 2.636675 1.750598
vn 4.222203 2.636749 1.772706
vn 4.222194 2.63674 1.772707
vn 4.222194 2.63674 1.772707
vn 4.222203 2.636749 1.772706
vn 4.085086 2.636609 1.832313
vn 4.085078 2.636607 1.832317
vn 3.968116 2.636749 1.925387
vn 3.968118 2.636747 1.925384
vn 3.87919 2.636637 2.045547
vn 3.879189 2.636632 2.045549
vn 3.824402 2.63669 2.184684
vn 3.824408 2.636711 2.18467
vn 4.405866 3.131207 2.223268
vn 4.405206 3.131209 2.223113
vn 4.378463 3.131207 2.220003
vn 4.379144 3.131208 2.220002
vn 4.351819 3.131207 2.22393
vn 4.430836 3.131207 2.233355
vn 4.430244 3.131206 2.233016
vn 4.352471 3.131207 2.223749
vn 4.327127 3.131215 2.234655
vn 4.452351 3.131208 2.249568
vn 4.451863 3.131209 2.2491
vn 4.327683 3.131208 2.234277
vn 4.305994 3.131205 2.25132
vn 4.468935 3.131207 2.270782
vn 4.468585 3.13121 2.270216
vn 4.306461 3.131207 2.250857
vn 4.289913 3.131203 2.272932
vn 4.479465 3.131207 2.295573
vn 4.479291 3.131206 2.294935
vn 4.290255 3.131207 2.272371
vn 4.280015 3.13121 2.298001
vn 4.483216 3.131207 2.322246
vn 4.483186 3.131212 2.321582
vn 4.280174 3.131208 2.297346
vn 4.276917 3.131211 2.324726
vn 4.479934 3.131208 2.348974
vn 4.480099 3.131208 2.348329
vn 4.276893 3.131208 2.324076
vn 4.280839 3.13121 2.351393
vn 4.46985 3.131208 2.373942
vn 4.470137 3.131219 2.373314
vn 4.280644 3.131208 2.350742
vn 4.291543 3.131213 2.3761
vn 4.453649 3.131207 2.39546
vn 4.454108 3.131209 2.394974
vn 4.29117 3.131207 2.375536
vn 4.308253 3.131211 2.397211
vn 4.432425 3.131207 2.412045
vn 4.433 3.131208 2.411702
vn 4.307761 3.131207 2.396762
vn 4.329854 3.131216 2.413239
vn 4.407638 3.131207 2.422573
vn 4.408301 3.131202 2.422413
vn 4.329268 3.131208 2.412959
vn 4.35492 3.131196 2.42328
vn 4.380965 3.131209 2.426315
vn 4.381621 3.131217 2.426262
vn 4.354246 3.131205 2.42306
vn 4.578275 2.991689 2.655418
vn 4.65751 2.991691 2.592795
vn 4.485513 2.991695 2.695396
vn 4.385581 2.991681 2.710023
vn 4.717843 2.99169 2.511799
vn 4.28527 2.991687 2.698266
vn 4.191404 2.991685 2.660949
vn 4.755158 2.991691 2.417935
vn 4.110406 2.991683 2.600616
vn 4.766912 2.991686 2.317632
vn 4.047791 2.991685 2.521381
vn 4.752299 2.991686 2.217689
vn 4.00781 2.991688 2.428624
vn 4.71232 2.991686 2.124944
vn 3.993196 2.991686 2.32869
vn 4.649691 2.991688 2.045699
vn 4.004948 2.991689 2.228386
vn 4.568687 2.991685 1.985361
vn 4.042267 2.991697 2.134532
vn 4.474833 2.991692 1.948057
vn 4.102593 2.991687 2.053522
vn 4.374537 2.991698 1.936314
vn 4.181837 2.991689 1.9909
vn 4.27458 2.991688 1.950918
vn 4.292148 2.110891 2.671108
vn 4.385204 2.110891 2.682003
vn 4.38083 1.994663 2.423938
vn 4.354722 1.994664 2.420712
vn 4.406884 1.994664 2.420306
vn 4.205085 2.11089 2.636498
vn 4.477899 2.110888 2.668441
vn 4.330338 1.994665 2.410833
vn 4.431121 1.994664 2.410052
vn 4.129955 2.110894 2.580548
vn 4.563935 2.110888 2.631349
vn 4.309344 1.994664 2.394975
vn 4.451861 1.994663 2.393868
vn 4.07186 2.110892 2.507044
vn 4.637429 2.110886 2.573258
vn 4.293161 1.994664 2.374219
vn 4.467721 1.994664 2.372876
vn 4.034774 2.110887 2.421008
vn 4.693405 2.110896 2.498121
vn 4.282907 1.994664 2.349992
vn 4.477602 1.994664 2.348492
vn 4.021216 2.110886 2.328308
vn 4.728003 2.110892 2.411067
vn 4.27927 1.994664 2.323936
vn 4.480835 1.994664 2.322381
vn 4.032114 2.110885 2.235252
vn 4.738895 2.110888 2.318011
vn 4.282499 1.994665 2.297829
vn 4.477202 1.994664 2.296327
vn 4.066702 2.110897 2.148198
vn 4.725341 2.110893 2.225315
vn 4.292387 1.994663 2.273444
vn 4.466944 1.994664 2.272095
vn 4.122683 2.110888 2.073053
vn 4.688243 2.110887 2.139281
vn 4.308241 1.994664 2.252447
vn 4.450765 1.994664 2.251343
vn 4.196174 2.110891 2.014966
vn 4.630149 2.110886 2.065782
vn 4.328984 1.994665 2.236267
vn 4.429769 1.994664 2.235488
vn 4.282207 2.110894 1.977871
vn 4.55501 2.110891 2.009812
vn 4.353216 1.994664 2.226013
vn 4.405381 1.994665 2.225602
vn 4.374905 2.110897 1.964308
vn 4.467961 2.110889 1.975214
vn 4.379281 1.994662 2.222387
vt 0.7419152 0.5729457
vt 0.7334528 0.5614485
vt 0.7334644 0.5952579
vt 0.7419198 0.6027158
vt 0.7334459 0.6379425
vt 0.7419009 0.6411212
vt 0.7334459 0.6777683
vt 0.7419009 0.6761189
vt 0.7334459 0.7122878
vt 0.7419009 0.7045081
vt 0.4647011 0.9895808
vt 0.4899442 0.9685088
vt 0.4808967 0.9614656
vt 0.5111737 0.9604282
vt 0.500825 0.9788072
vt 0.5175765 0.9669855
vt 0.1997222 0.6831113
vt 0.1986537 0.6994894
vt 0.204936 0.6894885
vt 0.2980578 0.9821843
vt 0.312607 0.9435416
vt 0.2983223 0.9426709
vt 0.2577758 0.9442456
vt 0.2617515 0.9557639
vt 0.28451 0.9560065
vt 0.8889104 0.5714573
vt 0.8904275 0.6011723
vt 0.9065826 0.5850176
vt 0.1652849 0.04079712
vt 0.1526648 0.02209333
vt 0.1360159 0.02209333
vt 0.4060765 0.0632342
vt 0.3959716 0.04540761
vt 0.3773629 0.04540761
vt 0.3364905 0.9817138
vt 0.3361851 0.9426187
vt 0.3232499 0.9433095
vt 0.2128197 0.9754414
vt 0.2411546 0.9644971
vt 0.2165918 0.9646518
vt 0.7501073 0.4870948
vt 0.7223914 0.5039274
vt 0.7405652 0.5039274
vt 0.6952773 0.5209324
vt 0.7108963 0.5209324
vt 0.7012276 0.5039274
vt 0.678516 0.5209324
vt 0.678516 0.5039274
vt 0.655804 0.5039274
vt 0.6346402 0.5039274
vt 0.646135 0.5209324
vt 0.8629351 0.7663208
vt 0.8456879 0.7795553
vt 0.8611153 0.7949827
vt 0.4456818 0.9944437
vt 0.4540875 0.9948691
vt 0.4540875 0.9610436
vt 0.4456818 0.9675469
vt 0.4288707 0.9944437
vt 0.4288707 0.9675469
vt 0.3471452 0.9840972
vt 0.355464 0.9441842
vt 0.3471452 0.9506214
vt 0.355464 0.9845166
vt 0.4428399 0.9213289
vt 0.4515379 0.9331466
vt 0.4515426 0.9025475
vt 0.4428518 0.8947173
vt 0.4515232 0.8630728
vt 0.4428328 0.8598054
vt 0.4515232 0.8271006
vt 0.4428328 0.8287954
vt 0.4515232 0.7979209
vt 0.4428328 0.8059175
vt 0.2339741 0.8174061
vt 0.2266398 0.8088676
vt 0.2113138 0.827359
vt 0.2240156 0.8310804
vt 0.2107971 0.8451843
vt 0.2266398 0.8088676
vt 0.2193059 0.80033
vt 0.1986121 0.8236372
vt 0.2113138 0.827359
vt 0.2240156 0.8310804
vt 0.2107971 0.8451843
vt 0.2240889 0.8428549
vt 0.2219616 0.8614783
vt 0.2331131 0.8556342
vt 0.2480518 0.8802646
vt 0.2565861 0.872131
vt 0.2113138 0.827359
vt 0.1986121 0.8236372
vt 0.1975048 0.8475137
vt 0.2107971 0.8451843
vt 0.2108109 0.8673236
vt 0.2219616 0.8614783
vt 0.2395179 0.8883962
vt 0.2480518 0.8802646
vt 0.2426895 0.9023718
vt 0.2588126 0.8898668
vt 0.248005 0.907374
vt 0.2646519 0.8956254
vt 0.1576173 0.933684
vt 0.171532 0.9504516
vt 0.1731322 0.944379
vt 0.1519921 0.9527671
vt 0.1602813 0.9616425
vt 0.1354134 0.9527671
vt 0.1354134 0.9771786
vt 0.1297884 0.933684
vt 0.1584174 0.9270668
vt 0.1289881 0.9270664
vt 0.1519921 0.9771786
vt 0.1354134 0.9865631
vt 0.1519921 0.9865631
vt 0.06192807 0.9853553
vt 0.07537779 0.9849545
vt 0.08153834 0.959612
vt 0.07077753 0.9534845
vt 0.04847872 0.9857547
vt 0.06192807 0.9853553
vt 0.07077753 0.9534845
vt 0.06001746 0.9473558
vt 0.09863989 0.9374346
vt 0.09165981 0.9284685
vt 0.4167463 0.9331466
vt 0.4254445 0.9213289
vt 0.4254328 0.8947173
vt 0.416742 0.9025475
vt 0.4254518 0.8598054
vt 0.416761 0.8630728
vt 0.4254518 0.8287954
vt 0.416761 0.8271006
vt 0.4254518 0.8059175
vt 0.416761 0.7979209
vt 0.7165175 0.5952579
vt 0.7080619 0.6027158
vt 0.7080804 0.6411212
vt 0.7165357 0.6379425
vt 0.7080804 0.6761189
vt 0.7165357 0.6777683
vt 0.7080804 0.7045081
vt 0.7165357 0.7122878
vt 0.1467593 0.8088521
vt 0.1394226 0.8173935
vt 0.1493845 0.8310726
vt 0.1620906 0.8273498
vt 0.1493111 0.8428511
vt 0.1626076 0.8451813
vt 0.1402839 0.8556347
vt 0.1514392 0.861481
vt 0.1168027 0.8721373
vt 0.12534 0.8802736
vt 0.1540958 0.8003116
vt 0.1467593 0.8088521
vt 0.1620906 0.8273498
vt 0.1747968 0.8236268
vt 0.1626076 0.8451813
vt 0.1759044 0.8475115
vt 0.1514392 0.861481
vt 0.1625937 0.8673283
vt 0.12534 0.8802736
vt 0.1338769 0.8884081
vt 0.1145755 0.8898792
vt 0.1307041 0.9023885
vt 0.1087341 0.8956398
vt 0.1253868 0.9073925
vt 0.1145755 0.8898792
vt 0.09208147 0.8838878
vt 0.1087341 0.8956398
vt 0.0984469 0.8773692
vt 0.355464 0.9845166
vt 0.3721012 0.9845166
vt 0.3721012 0.9441842
vt 0.355464 0.9441842
vt 0.4254445 0.9213289
vt 0.4428399 0.9213289
vt 0.4428518 0.8947173
vt 0.4254328 0.8947173
vt 0.4428328 0.8598054
vt 0.4254518 0.8598054
vt 0.4428328 0.8287954
vt 0.4254518 0.8287954
vt 0.4428328 0.8059175
vt 0.4254518 0.8059175
vt 0.7334528 0.5614485
vt 0.7165285 0.5614485
vt 0.7165175 0.5952579
vt 0.7334644 0.5952579
vt 0.7165357 0.6379425
vt 0.7334459 0.6379425
vt 0.7165357 0.6777683
vt 0.7334459 0.6777683
vt 0.7334459 0.6777683
vt 0.7165357 0.6777683
vt 0.7165357 0.7122878
vt 0.7334459 0.7122878
vt 0.7165357 0.7342389
vt 0.7334459 0.7342389
vt 0.4254518 0.8059175
vt 0.4428328 0.8059175
vt 0.4428328 0.7950595
vt 0.4254518 0.7950595
vt 0.5388854 0.9754415
vt 0.5388854 0.9609951
vt 0.5282151 0.9609951
vt 0.5282151 0.9754415
vt 0.04673996 0.7797109
vt 0.03058887 0.7797109
vt 0.03058887 0.8039017
vt 0.04673996 0.8039017
vt 0.04673996 0.8039017
vt 0.03058887 0.8039017
vt 0.03058887 0.8239726
vt 0.04673996 0.8239726
vt 0.03058887 0.8453226
vt 0.04673996 0.8453226
vt 0.02510862 0.8594821
vt 0.05222059 0.8594821
vt 0.02432914 0.8645503
vt 0.05300007 0.8645503
vt 0.1271238 0.9616425
vt 0.1354134 0.9527671
vt 0.1297884 0.933684
vt 0.1158739 0.9504516
vt 0.204936 0.6894885
vt 0.2270483 0.7062593
vt 0.2307085 0.6921757
vt 0.1986537 0.6994894
vt 0.2227317 0.7228718
vt 0.1912446 0.7112867
vt 0.2184151 0.7394846
vt 0.1916815 0.6912307
vt 0.1997222 0.6831113
vt 0.1950962 0.6755951
vt 0.1838351 0.7230839
vt 0.2147553 0.7535681
vt 0.1821964 0.7008084
vt 0.1862058 0.6807818
vt 0.1775539 0.7330847
vt 0.21231 0.7629785
vt 0.1733557 0.7397672
vt 0.1727117 0.7103861
vt 0.1646709 0.7185057
vt 0.1757191 0.6869
vt 0.1652316 0.6930181
vt 0.1549908 0.631142
vt 0.16064 0.6299585
vt 0.1380242 0.5958064
vt 0.1662892 0.6287751
vt 0.1710788 0.6277719
vt 0.1429812 0.5928501
vt 0.1479389 0.589894
vt 0.1289194 0.5746241
vt 0.1359037 0.5741673
vt 0.1219358 0.5750806
vt 0.1270495 0.5722002
vt 0.1343034 0.5720761
vt 0.1197959 0.5723243
vt 0.1136467 0.57243
vt 0.1160145 0.5754676
vt 0.1338219 0.5983126
vt 0.1602289 0.4276436
vt 0.1567224 0.455069
vt 0.1653161 0.446332
vt 0.1528291 0.4332243
vt 0.1401639 0.3621425
vt 0.1436818 0.3610631
vt 0.1401639 0.3257377
vt 0.1436818 0.3230409
vt 0.3220194 0.8649704
vt 0.3255863 0.906297
vt 0.3255863 0.8638758
vt 0.3220194 0.9090316
vt 0.3293684 0.9234556
vt 0.316681 0.8657017
vt 0.3249136 0.9238781
vt 0.3298713 0.9257371
vt 0.3252984 0.9258522
vt 0.316681 0.9108586
vt 0.3182465 0.9241604
vt 0.3184547 0.925929
vt 0.310383 0.9242595
vt 0.3103838 0.9115
vt 0.3103838 0.8659586
vt 0.3040863 0.8657017
vt 0.2971379 0.8165739
vt 0.3103848 0.8179016
vt 0.3236313 0.8165739
vt 0.3257683 0.8105118
vt 0.338809 0.8045925
vt 0.3392976 0.7976347
vt 0.3103853 0.8125905
vt 0.3260333 0.8049257
vt 0.310386 0.8074856
vt 0.3273232 0.5956328
vt 0.3685161 0.5819011
vt 0.366083 0.5725378
vt 0.3315005 0.6022822
vt 0.3721576 0.5959143
vt 0.3377502 0.6122331
vt 0.3186818 0.6167884
vt 0.3377502 0.6122331
vt 0.3764527 0.6124441
vt 0.3721576 0.5959143
vt 0.3451228 0.6239714
vt 0.3795806 0.6301476
vt 0.3266817 0.6248675
vt 0.3186818 0.6167884
vt 0.351925 0.6365833
vt 0.3843896 0.642987
vt 0.3361201 0.6343974
vt 0.3192397 0.6421488
vt 0.3587458 0.6456608
vt 0.386823 0.6523501
vt 0.3450838 0.6447058
vt 0.353558 0.6520061
vt 0.3296748 0.6482363
vt 0.3397246 0.6549369
vt 0.3489551 0.6594848
vt 0.3250577 0.7070692
vt 0.3202549 0.705803
vt 0.314671 0.7048935
vt 0.30905 0.7037159
vt 0.3023375 0.7437673
vt 0.2971004 0.7418166
vt 0.2908382 0.7590742
vt 0.2921681 0.738875
vt 0.2831088 0.7599516
vt 0.2893088 0.7611098
vt 0.2812479 0.7623634
vt 0.2761601 0.7594973
vt 0.2879868 0.7363813
vt 0.2740309 0.7622398
vt 0.2702684 0.7591122
vt 0.2679124 0.7621348
vt 0.10455 0.4332243
vt 0.1136949 0.3610631
vt 0.09714942 0.4276436
vt 0.117213 0.3621425
vt 0.1156249 0.4369532
vt 0.1006575 0.455069
vt 0.1224777 0.3628639
vt 0.117213 0.3257377
vt 0.1135191 0.4609067
vt 0.1001774 0.4707564
vt 0.1132594 0.4779473
vt 0.1286894 0.4382627
vt 0.1224777 0.3275395
vt 0.1143569 0.3011559
vt 0.12869 0.4629566
vt 0.1286885 0.3631173
vt 0.120932 0.3014344
vt 0.1139774 0.2978872
vt 0.1207264 0.2979628
vt 0.1286885 0.3281721
vt 0.1286877 0.3015319
vt 0.1286877 0.2979894
vt 0.1417536 0.4369532
vt 0.1286906 0.4804721
vt 0.113535 0.502923
vt 0.1286885 0.5064788
vt 0.1441226 0.4779469
vt 0.1438612 0.4609067
vt 0.1567224 0.455069
vt 0.1572043 0.4707564
vt 0.1528291 0.4332243
vt 0.134899 0.3628639
vt 0.1401639 0.3621425
vt 0.134899 0.3275395
vt 0.1401639 0.3257377
vt 0.136443 0.3014344
vt 0.1430183 0.3011559
vt 0.1366483 0.2979628
vt 0.1433978 0.2978872
vt 0.10455 0.4332243
vt 0.09714942 0.4276436
vt 0.09206399 0.446332
vt 0.1006575 0.455069
vt 0.117213 0.3621425
vt 0.1136949 0.3230409
vt 0.1136949 0.3610631
vt 0.117213 0.3257377
vt 0.2912587 0.9219952
vt 0.2907715 0.9242272
vt 0.2954673 0.9258522
vt 0.2958522 0.9238781
vt 0.2949231 0.9052107
vt 0.3023106 0.925929
vt 0.2987482 0.9090316
vt 0.2949231 0.8635821
vt 0.2987482 0.8649704
vt 0.3025191 0.9241601
vt 0.310383 0.9259559
vt 0.3040863 0.9108586
vt 0.310383 0.9242595
vt 0.3184547 0.925929
vt 0.3103838 0.9115
vt 0.3040863 0.8657017
vt 0.2859084 0.8127931
vt 0.2971379 0.8165739
vt 0.2950026 0.8105118
vt 0.2819616 0.8045925
vt 0.2947394 0.8049257
vt 0.2814747 0.7976347
vt 0.310386 0.8074856
vt 0.3103853 0.8125905
vt 0.3103848 0.8179016
vt 0.3103838 0.8659586
vt 0.2617515 0.9557639
vt 0.2853232 0.9693487
vt 0.28451 0.9560065
vt 0.2631483 0.9693506
vt 0.2845093 0.9826909
vt 0.2617515 0.982938
vt 0.2091324 0.6828059
vt 0.2307085 0.6921757
vt 0.2331534 0.6827655
vt 0.204936 0.6894885
vt 0.3236313 0.8165739
vt 0.316681 0.8657017
vt 0.3220194 0.8649704
vt 0.3348613 0.8127931
vt 0.338809 0.8045925
vt 0.091321 0.1337958
vt 0.06097237 0.09557209
vt 0.06632104 0.1337958
vt 0.09671277 0.1788128
vt 0.07673705 0.1788128
vt 0.09760928 0.1957699
vt 0.1181492 0.1957699
vt 0.0974336 0.2401655
vt 0.1181492 0.1788128
vt 0.1181492 0.1337958
vt 0.08855218 0.09557209
vt 0.1181492 0.09557209
vt 0.08852274 0.07818353
vt 0.1395864 0.1788128
vt 0.1449778 0.1337958
vt 0.1386897 0.1957699
vt 0.1477464 0.09557209
vt 0.1181492 0.2401655
vt 0.1388654 0.2401655
vt 0.1181492 0.07818353
vt 0.1477758 0.07818353
vt 0.1181492 0.2561972
vt 0.099095 0.2561972
vt 0.1372036 0.2561972
vt 0.1549597 0.2561972
vt 0.08986992 0.05950052
vt 0.06351778 0.05950052
vt 0.1181492 0.05950052
vt 0.07101411 0.04079712
vt 0.0514904 0.04079712
vt 0.09375075 0.04079712
vt 0.1464287 0.05950052
vt 0.1753834 0.07818353
vt 0.1181492 0.04079712
vt 0.100283 0.02209333
vt 0.1181492 0.02209333
vt 0.1425486 0.04079712
vt 0.1360159 0.02209333
vt 0.1727814 0.05950052
vt 0.1652849 0.04079712
vt 0.1954107 0.05950052
vt 0.1848088 0.04079712
vt 0.091321 0.1337958
vt 0.08855218 0.09557209
vt 0.06097237 0.09557209
vt 0.06091561 0.07818353
vt 0.08852274 0.07818353
vt 0.06351778 0.05950052
vt 0.0408885 0.05950052
vt 0.0514904 0.04079712
vt 0.03720874 0.07818353
vt 0.02352457 0.05950052
vt 0.01901719 0.07818353
vt 0.03728899 0.09557209
vt 0.06632104 0.1337958
vt 0.01911591 0.09557209
vt 0.04485305 0.1337958
vt 0.02837967 0.1337958
vt 0.07673705 0.1788128
vt 0.05958325 0.1788128
vt 0.04642075 0.1788128
vt 0.07846887 0.1957699
vt 0.09760928 0.1957699
vt 0.06203264 0.1957699
vt 0.04942066 0.1957699
vt 0.0488328 0.2401655
vt 0.07812944 0.2401655
vt 0.0974336 0.2401655
vt 0.099095 0.2561972
vt 0.0813393 0.2561972
vt 0.06155292 0.2401655
vt 0.06609205 0.2561972
vt 0.05439256 0.2561972
vt 0.1753834 0.07818353
vt 0.1727814 0.05950052
vt 0.1464287 0.05950052
vt 0.1990906 0.07818353
vt 0.1954107 0.05950052
vt 0.2172818 0.07818353
vt 0.2127748 0.05950052
vt 0.2171829 0.09557209
vt 0.1990098 0.09557209
vt 0.2079191 0.1337958
vt 0.1753262 0.09557209
vt 0.1477758 0.07818353
vt 0.1477464 0.09557209
vt 0.1914461 0.1337958
vt 0.1898778 0.1788128
vt 0.1699779 0.1337958
vt 0.1449778 0.1337958
vt 0.1767155 0.1788128
vt 0.1868787 0.1957699
vt 0.1595619 0.1788128
vt 0.1395864 0.1788128
vt 0.1742665 0.1957699
vt 0.1578301 0.1957699
vt 0.1386897 0.1957699
vt 0.1388654 0.2401655
vt 0.1581693 0.2401655
vt 0.1549597 0.2561972
vt 0.1702067 0.2561972
vt 0.1747461 0.2401655
vt 0.1874656 0.2401655
vt 0.1819064 0.2561972
vt 0.3324375 0.1931154
vt 0.3120058 0.1769532
vt 0.3128601 0.1931154
vt 0.3324375 0.1769532
vt 0.3068664 0.1340465
vt 0.3520149 0.1931154
vt 0.3324375 0.2354297
vt 0.3324375 0.1340465
vt 0.3042279 0.09761477
vt 0.3324375 0.09761477
vt 0.3528684 0.1769532
vt 0.3580082 0.1340465
vt 0.360647 0.09761477
vt 0.3324375 0.08104137
vt 0.3719092 0.1769532
vt 0.3818362 0.1340465
vt 0.3702585 0.1931154
vt 0.3869337 0.09761477
vt 0.3521821 0.2354297
vt 0.3705814 0.2354297
vt 0.3675222 0.25071
vt 0.3505986 0.25071
vt 0.3324375 0.25071
vt 0.3606756 0.08104137
vt 0.3869884 0.08104137
vt 0.3593911 0.0632342
vt 0.3845084 0.0632342
vt 0.3324375 0.0632342
vt 0.3054836 0.0632342
vt 0.3041994 0.08104137
vt 0.3041994 0.08104137
vt 0.3054836 0.0632342
vt 0.2803666 0.0632342
vt 0.2778866 0.08104137
vt 0.3042279 0.09761477
vt 0.2779413 0.09761477
vt 0.3324375 0.09761477
vt 0.3324375 0.08104137
vt 0.3068664 0.1340465
vt 0.2830385 0.1340465
vt 0.3120058 0.1769532
vt 0.2929658 0.1769532
vt 0.3128601 0.1931154
vt 0.2946165 0.1931154
vt 0.2942936 0.2354297
vt 0.3126925 0.2354297
vt 0.3324375 0.1931154
vt 0.3324375 0.2354297
vt 0.3324375 0.25071
vt 0.3142764 0.25071
vt 0.2973529 0.25071
vt 0.4479816 0.2001071
vt 0.452489 0.2187901
vt 0.4698529 0.2187901
vt 0.4661731 0.2001071
vt 0.4924822 0.2187901
vt 0.4480803 0.1827185
vt 0.4898797 0.2001071
vt 0.4662534 0.1827185
vt 0.4573441 0.1444948
vt 0.4899368 0.1827185
vt 0.5174872 0.2001071
vt 0.4738174 0.1444948
vt 0.4753852 0.09947774
vt 0.5175166 0.1827185
vt 0.5471137 0.2001071
vt 0.4885477 0.09947774
vt 0.4783847 0.08252059
vt 0.4952853 0.1444948
vt 0.5471137 0.1827185
vt 0.5767403 0.2001071
vt 0.5767109 0.1827185
vt 0.5202854 0.1444948
vt 0.5471137 0.1444948
vt 0.5739423 0.1444948
vt 0.5057015 0.09947774
vt 0.490997 0.08252059
vt 0.5256772 0.09947774
vt 0.5471137 0.09947774
vt 0.5685505 0.09947774
vt 0.5471137 0.08252059
vt 0.5265737 0.08252059
vt 0.5471137 0.03812503
vt 0.5074333 0.08252059
vt 0.4905173 0.03812503
vt 0.4777972 0.03812503
vt 0.483357 0.02209326
vt 0.4950565 0.02209326
vt 0.5070938 0.03812503
vt 0.5103037 0.02209326
vt 0.5263981 0.03812503
vt 0.5280594 0.02209326
vt 0.5471137 0.02209326
vt 0.5174872 0.2001071
vt 0.5471137 0.2187901
vt 0.5471137 0.2001071
vt 0.5188344 0.2187901
vt 0.4898797 0.2001071
vt 0.4924822 0.2187901
vt 0.5471137 0.2374935
vt 0.5715131 0.2374935
vt 0.5227148 0.2374935
vt 0.4999785 0.2374935
vt 0.4698529 0.2187901
vt 0.4804548 0.2374935
vt 0.5292475 0.2561973
vt 0.512599 0.2561973
vt 0.5471137 0.2561973
vt 0.5649804 0.2561973
vt 0.5816293 0.2561973
vt 0.5942494 0.2374935
vt 0.7612084 0.2150564
vt 0.7844635 0.2328831
vt 0.788162 0.2150564
vt 0.7612084 0.2328831
vt 0.7782368 0.2507101
vt 0.7941054 0.2507101
vt 0.7612084 0.2507101
vt 0.7342544 0.2150564
vt 0.7329702 0.1972493
vt 0.7379526 0.2328831
vt 0.7441788 0.2507101
vt 0.7162829 0.2328831
vt 0.728311 0.2507101
vt 0.7091374 0.2150564
vt 0.6875687 0.2150564
vt 0.6976739 0.2328831
vt 0.7066574 0.1972493
vt 0.7067121 0.1806758
vt 0.7329988 0.1806758
vt 0.7118093 0.144244
vt 0.7356373 0.144244
vt 0.7217367 0.1013373
vt 0.7407763 0.1013373
vt 0.7612084 0.144244
vt 0.7612084 0.1013373
vt 0.7233873 0.08517508
vt 0.741631 0.08517508
vt 0.7612084 0.08517508
vt 0.7612084 0.04286073
vt 0.7414634 0.04286073
vt 0.7230645 0.04286073
vt 0.7261238 0.02758051
vt 0.7430472 0.02758051
vt 0.7612084 0.02758051
vt 0.788162 0.2150564
vt 0.7844635 0.2328831
vt 0.8061339 0.2328831
vt 0.7941054 0.2507101
vt 0.7859086 0.5850176
vt 0.8150039 0.5912428
vt 0.8035811 0.5714573
vt 0.8020633 0.6011723
vt 0.7723486 0.6026897
vt 0.7921336 0.6141129
vt 0.8889104 0.5714573
vt 0.8774873 0.5912428
vt 0.8904275 0.6011723
vt 0.8774873 0.6994667
vt 0.8624173 0.7057088
vt 0.8624173 0.5850002
vt 0.8462458 0.7078378
vt 0.8462458 0.5828713
vt 0.8300735 0.7057088
vt 0.8300732 0.5850008
vt 0.8150039 0.6994667
vt 0.8150039 0.5912428
vt 0.8020633 0.6895372
vt 0.8035811 0.7192522
vt 0.8020633 0.6011723
vt 0.7859086 0.7056916
vt 0.7921336 0.6765961
vt 0.7723486 0.6880196
vt 0.7921336 0.6141129
vt 0.7858915 0.6615266
vt 0.7858915 0.6291827
vt 0.7837627 0.6453549
vt 0.8132794 0.2150564
vt 0.8247426 0.2328831
vt 0.8348475 0.2150564
vt 0.8061339 0.2328831
vt 0.788162 0.2150564
vt 0.7894466 0.1972493
vt 0.8157594 0.1972493
vt 0.7612084 0.1972493
vt 0.7612084 0.2150564
vt 0.7329702 0.1972493
vt 0.7329988 0.1806758
vt 0.7612084 0.1806758
vt 0.7356373 0.144244
vt 0.7612084 0.144244
vt 0.789418 0.1806758
vt 0.8157047 0.1806758
vt 0.7867792 0.144244
vt 0.7612084 0.1013373
vt 0.8106071 0.144244
vt 0.7816394 0.1013373
vt 0.800679 0.1013373
vt 0.7612084 0.08517508
vt 0.7807858 0.08517508
vt 0.7990295 0.08517508
vt 0.7993523 0.04286073
vt 0.7809531 0.04286073
vt 0.7612084 0.04286073
vt 0.7612084 0.02758051
vt 0.7793695 0.02758051
vt 0.7962931 0.02758051
vt 0.9065826 0.5850176
vt 0.900358 0.6141129
vt 0.9201429 0.6026897
vt 0.8904275 0.6895368
vt 0.9065826 0.7056916
vt 0.8889104 0.7192522
vt 0.9201429 0.6880196
vt 0.900358 0.6765961
vt 0.9066 0.6291827
vt 0.9066 0.6615266
vt 0.9087284 0.6453549
vt 0.09375075 0.04079712
vt 0.100283 0.02209333
vt 0.08363455 0.02209333
vt 0.07101411 0.04079712
vt 0.4060765 0.0632342
vt 0.3773629 0.04540761
vt 0.3845084 0.0632342
vt 0.3556925 0.04540761
vt 0.3593911 0.0632342
vt 0.3494659 0.02758063
vt 0.3653345 0.02758063
vt 0.3324375 0.02758063
vt 0.3324375 0.04540761
vt 0.3324375 0.0632342
vt 0.3154083 0.02758063
vt 0.3091817 0.04540761
vt 0.2995401 0.02758063
vt 0.3054836 0.0632342
vt 0.2875121 0.04540761
vt 0.2803666 0.0632342
vt 0.2689031 0.04540761
vt 0.2587989 0.0632342
vt 0.6164301 0.03812503
vt 0.610871 0.02209326
vt 0.5991712 0.02209326
vt 0.6037105 0.03812503
vt 0.5839242 0.02209326
vt 0.6032311 0.08252059
vt 0.6158432 0.08252059
vt 0.6188422 0.09947774
vt 0.5871334 0.03812503
vt 0.5661681 0.02209326
vt 0.60568 0.09947774
vt 0.6368834 0.1444948
vt 0.5867946 0.08252059
vt 0.5678298 0.03812503
vt 0.5471137 0.02209326
vt 0.5471137 0.03812503
vt 0.5471137 0.08252059
vt 0.5676542 0.08252059
vt 0.5685505 0.09947774
vt 0.5885264 0.09947774
vt 0.6204107 0.1444948
vt 0.6461474 0.1827185
vt 0.5989425 0.1444948
vt 0.5739423 0.1444948
vt 0.6279743 0.1827185
vt 0.6462463 0.2001071
vt 0.6042907 0.1827185
vt 0.5767109 0.1827185
vt 0.6280551 0.2001071
vt 0.641739 0.2187901
vt 0.6243752 0.2187901
vt 0.6043479 0.2001071
vt 0.5767403 0.2001071
vt 0.6017459 0.2187901
vt 0.6137733 0.2374935
vt 0.5942494 0.2374935
vt 0.5753931 0.2187901
vt 0.5471137 0.2001071
vt 0.5715131 0.2374935
vt 0.5471137 0.2187901
vt 0.4901132 0.6106651
vt 0.5240678 0.5944882
vt 0.521017 0.5814139
vt 0.4967278 0.6213939
vt 0.5278479 0.6099044
vt 0.4880712 0.6313332
vt 0.4796406 0.6226589
vt 0.5033207 0.6319096
vt 0.5318596 0.6252264
vt 0.5091175 0.6408687
vt 0.5355209 0.6380851
vt 0.5034838 0.6475876
vt 0.4964471 0.6400703
vt 0.4988224 0.6550774
vt 0.4817254 0.6447366
vt 0.4724568 0.6392576
vt 0.4620711 0.7009386
vt 0.4665016 0.7016486
vt 0.4910006 0.6502905
vt 0.4709231 0.7023667
vt 0.474671 0.7029854
vt 0.4487372 0.739157
vt 0.4525394 0.741399
vt 0.4345815 0.7575933
vt 0.4404081 0.7571831
vt 0.4328286 0.7598761
vt 0.4389063 0.7591375
vt 0.4796406 0.6226589
vt 0.4845363 0.6015599
vt 0.4724481 0.6153177
vt 0.4901132 0.6106651
vt 0.521017 0.5814139
vt 0.5190557 0.5726969
vt 0.4808374 0.5954895
vt 0.07558648 0.6203488
vt 0.08045454 0.6025333
vt 0.07273051 0.594654
vt 0.0690046 0.6153411
vt 0.05631508 0.6859092
vt 0.05902522 0.6865515
vt 0.05637769 0.7228951
vt 0.05228818 0.7214121
vt 0.05224073 0.6854804
vt 0.05390963 0.7477328
vt 0.05934333 0.7477213
vt 0.0474205 0.7477279
vt 0.04742128 0.7208869
vt 0.0541103 0.7509922
vt 0.05971063 0.7507957
vt 0.0474205 0.7510517
vt 0.04742128 0.6853296
vt 0.04255457 0.7214123
vt 0.04260182 0.6854804
vt 0.05910572 0.6119955
vt 0.04742225 0.6108222
vt 0.03573839 0.6119955
vt 0.0337121 0.589384
vt 0.04742283 0.5875307
vt 0.03353322 0.5733722
vt 0.06113337 0.589384
vt 0.04742342 0.5710867
vt 0.03384899 0.5489084
vt 0.04742128 0.5456283
vt 0.06131361 0.5733722
vt 0.07311551 0.5798876
vt 0.3881032 0.8601326
vt 0.3908881 0.8608134
vt 0.3908606 0.8178632
vt 0.3882033 0.8159155
vt 0.3947042 0.8004947
vt 0.391106 0.800999
vt 0.3840332 0.8145494
vt 0.3856212 0.8013405
vt 0.3839321 0.8596708
vt 0.379007 0.8595071
vt 0.3790081 0.9079489
vt 0.3908772 0.9092468
vt 0.4009972 0.9128494
vt 0.4049187 0.921091
vt 0.3930179 0.9154385
vt 0.4053252 0.9284843
vt 0.3790087 0.9134104
vt 0.3931614 0.9220877
vt 0.3790092 0.9199139
vt 0.391106 0.800999
vt 0.3947042 0.8004947
vt 0.3951806 0.7983441
vt 0.3914654 0.7991515
vt 0.3856212 0.8013405
vt 0.3858179 0.7997045
vt 0.3790063 0.8014529
vt 0.3790063 0.7998919
vt 0.379007 0.8140582
vt 0.3840332 0.8145494
vt 0.379007 0.8595071
vt 0.3723915 0.8013403
vt 0.3721946 0.7997045
vt 0.3739807 0.8145494
vt 0.3668666 0.8010152
vt 0.366506 0.7991685
vt 0.3697783 0.8159257
vt 0.3698929 0.8601398
vt 0.3740818 0.8596708
vt 0.367139 0.9092468
vt 0.3790081 0.9079489
vt 0.3790087 0.9134104
vt 0.3649992 0.9154381
vt 0.3790092 0.9199139
vt 0.3648574 0.9220881
vt 0.4345815 0.7575933
vt 0.426739 0.760441
vt 0.4328286 0.7598761
vt 0.4287441 0.7578393
vt 0.4215122 0.760795
vt 0.4487372 0.739157
vt 0.4237343 0.7579306
vt 0.4449331 0.7368294
vt 0.4665016 0.7016486
vt 0.4416809 0.7348
vt 0.4620711 0.7009386
vt 0.6267863 0.7379189
vt 0.6651734 0.7608125
vt 0.6671432 0.7520567
vt 0.6305016 0.7318218
vt 0.6702079 0.7389246
vt 0.6361038 0.7226763
vt 0.6183596 0.7180028
vt 0.6255838 0.7106296
vt 0.6361038 0.7226763
vt 0.6702079 0.7389246
vt 0.6740054 0.7234473
vt 0.6427371 0.7119131
vt 0.6255838 0.7106296
vt 0.6768644 0.7069172
vt 0.6340473 0.7019132
vt 0.6183684 0.6939576
vt 0.6488041 0.700487
vt 0.6817129 0.6951559
vt 0.6551825 0.6923422
vt 0.6843645 0.6865289
vt 0.6419947 0.6923691
vt 0.6495235 0.6855865
vt 0.6276953 0.6884447
vt 0.636613 0.6822624
vt 0.6448398 0.6780667
vt 0.6205839 0.6299551
vt 0.6168031 0.6308225
vt 0.6124247 0.6312827
vt 0.6079372 0.6320044
vt 0.5986979 0.5923263
vt 0.594602 0.5935875
vt 0.5907236 0.5959551
vt 0.5869894 0.5768117
vt 0.03852708 0.6859092
vt 0.03581753 0.6865515
vt 0.03578116 0.7250732
vt 0.02583912 0.6153411
vt 0.01925801 0.6203488
vt 0.01439151 0.6025333
vt 0.02211496 0.5946543
vt 0.03573839 0.6119955
vt 0.04260182 0.6854804
vt 0.0337121 0.589384
vt 0.02173171 0.5798876
vt 0.03353322 0.5733722
vt 0.03846447 0.7228954
vt 0.04255457 0.7214123
vt 0.03549767 0.7477213
vt 0.04093137 0.7477328
vt 0.04742128 0.7208869
vt 0.0474205 0.7477279
vt 0.03512998 0.7507958
vt 0.03149254 0.7504157
vt 0.04073051 0.7509922
vt 0.0474205 0.7510517
vt 0.05390963 0.7477328
vt 0.6041517 0.6326054
vt 0.5907236 0.5959551
vt 0.5874571 0.5979931
vt 0.5744631 0.5748523
vt 0.5694312 0.5747608
vt 0.5724491 0.5722393
vt 0.5786475 0.572749
vt 0.5804057 0.5750448
vt 0.594602 0.5935875
vt 0.5855392 0.5748905
vt 0.5869894 0.5768117
vt 0.3632278 0.801919
vt 0.366506 0.7991685
vt 0.3627673 0.7998143
vt 0.3668666 0.8010152
vt 0.3669442 0.8189159
vt 0.3697783 0.8159257
vt 0.366891 0.8610901
vt 0.3698929 0.8601398
vt 0.3570078 0.912848
vt 0.3740818 0.8596708
vt 0.367139 0.9092468
vt 0.3649992 0.9154381
vt 0.3530926 0.9210863
vt 0.3648574 0.9220881
vt 0.3526835 0.9284874
vt 0.2165918 0.9646518
vt 0.2411546 0.9644971
vt 0.242103 0.952111
vt 0.217889 0.952109
vt 0.2411546 0.9397249
vt 0.2165918 0.939566
vt 0.2385782 0.9292456
vt 0.2128282 0.9287854
vt 0.9049901 0.3570368
vt 0.8853395 0.3570368
vt 0.8853395 0.3750246
vt 0.9059417 0.3750246
vt 0.8853395 0.4201983
vt 0.9233015 0.3570368
vt 0.9051641 0.3130607
vt 0.9113519 0.4201983
vt 0.8853395 0.4574606
vt 0.9251398 0.3750246
vt 0.9355916 0.4201983
vt 0.9140506 0.4574606
vt 0.9390258 0.3570368
vt 0.9236371 0.3130607
vt 0.9416248 0.3750246
vt 0.9408045 0.4574606
vt 0.9564064 0.4201983
vt 0.9140781 0.4735449
vt 0.8853395 0.4735449
vt 0.8853395 0.4907502
vt 0.8578424 0.4907502
vt 0.912837 0.4907502
vt 0.8853395 0.5084131
vt 0.9408572 0.4735449
vt 0.9091719 0.5084131
vt 0.8853395 0.526257
vt 0.9384605 0.4907502
vt 0.9313801 0.5084131
vt 0.9637788 0.4574606
vt 0.9638533 0.4735449
vt 0.9604637 0.4907502
vt 0.9814993 0.4735449
vt 0.9773473 0.4907502
vt 0.9814076 0.4574606
vt 0.9723786 0.4201983
vt 0.9542746 0.3750246
vt 0.9510913 0.3570368
vt 0.9395006 0.3130607
vt 0.9516729 0.3130607
vt 0.9469948 0.2997361
vt 0.9356807 0.2997361
vt 0.9209363 0.2997361
vt 0.903766 0.2997361
vt 0.8853395 0.3130607
vt 0.8853395 0.2997361
vt 0.9113519 0.4201983
vt 0.8853395 0.4574606
vt 0.9140506 0.4574606
vt 0.8853395 0.4735449
vt 0.856602 0.4735449
vt 0.8578424 0.4907502
vt 0.8322194 0.4907502
vt 0.8566293 0.4574606
vt 0.8853395 0.4201983
vt 0.8298222 0.4735449
vt 0.8102161 0.4907502
vt 0.8593276 0.4201983
vt 0.8853395 0.3750246
vt 0.8298749 0.4574606
vt 0.8068259 0.4735449
vt 0.793332 0.4907502
vt 0.7891806 0.4735449
vt 0.8069004 0.4574606
vt 0.7892718 0.4574606
vt 0.8647379 0.3750246
vt 0.8853395 0.3570368
vt 0.8350877 0.4201983
vt 0.8142726 0.4201983
vt 0.7983011 0.4201983
vt 0.8455402 0.3750246
vt 0.8290546 0.3750246
vt 0.8164045 0.3750246
vt 0.8656892 0.3570368
vt 0.847378 0.3570368
vt 0.8316537 0.3570368
vt 0.8195881 0.3570368
vt 0.8190067 0.3130607
vt 0.8311791 0.3130607
vt 0.8470426 0.3130607
vt 0.8349984 0.2997361
vt 0.8236846 0.2997361
vt 0.8497432 0.2997361
vt 0.8669138 0.2997361
vt 0.8655156 0.3130607
vt 0.8853395 0.2997361
vt 0.8853395 0.3130607
vt 0.9049901 0.3570368
vt 0.9051641 0.3130607
vt 0.6511551 0.4553702
vt 0.6256586 0.4553702
vt 0.625609 0.4706984
vt 0.6511291 0.4706984
vt 0.6278926 0.4870948
vt 0.6523116 0.4870948
vt 0.678516 0.4706984
vt 0.678516 0.4870948
vt 0.6346402 0.5039274
vt 0.6164667 0.5039274
vt 0.6069235 0.4870948
vt 0.655804 0.5039274
vt 0.678516 0.5039274
vt 0.7047208 0.4870948
vt 0.6617546 0.5209324
vt 0.646135 0.5209324
vt 0.678516 0.5209324
vt 0.7012276 0.5039274
vt 0.729139 0.4870948
vt 0.7223914 0.5039274
vt 0.7501073 0.4870948
vt 0.6537266 0.4198597
vt 0.6306266 0.4198597
vt 0.6256586 0.4553702
vt 0.6511551 0.4553702
vt 0.678516 0.4198597
vt 0.678516 0.4553702
vt 0.6511291 0.4706984
vt 0.678516 0.4706984
vt 0.7058769 0.4553702
vt 0.7033058 0.4198597
vt 0.7059029 0.4706984
vt 0.678516 0.4870948
vt 0.7047208 0.4870948
vt 0.731423 0.4706984
vt 0.729139 0.4870948
vt 0.7313731 0.4553702
vt 0.7264051 0.4198597
vt 0.7164445 0.3768097
vt 0.6981492 0.3768097
vt 0.7146924 0.3596676
vt 0.6972429 0.3596676
vt 0.678516 0.3768097
vt 0.678516 0.3596676
vt 0.678516 0.3177589
vt 0.6974076 0.3177589
vt 0.715013 0.3177589
vt 0.7124385 0.3050606
vt 0.6960755 0.3050606
vt 0.3755315 0.3524483
vt 0.3965666 0.335243
vt 0.3796829 0.335243
vt 0.3931769 0.3524483
vt 0.4185703 0.335243
vt 0.3756227 0.3685326
vt 0.4161731 0.3524483
vt 0.3932513 0.3685326
vt 0.4162258 0.3685326
vt 0.384652 0.4057949
vt 0.4006235 0.4057949
vt 0.4027553 0.4509685
vt 0.4154055 0.4509685
vt 0.405939 0.4689562
vt 0.4180045 0.4689562
vt 0.431891 0.4509685
vt 0.4337288 0.4689562
vt 0.4333934 0.5129323
vt 0.4175296 0.5129323
vt 0.4053576 0.5129323
vt 0.4100356 0.5262569
vt 0.4213492 0.5262569
vt 0.7033058 0.4198597
vt 0.678516 0.4198597
vt 0.678516 0.4553702
vt 0.6981492 0.3768097
vt 0.678516 0.3768097
vt 0.6537266 0.4198597
vt 0.6588827 0.3768097
vt 0.6306266 0.4198597
vt 0.6405875 0.3768097
vt 0.678516 0.3596676
vt 0.659789 0.3596676
vt 0.6423385 0.3596676
vt 0.642019 0.3177589
vt 0.6596236 0.3177589
vt 0.678516 0.3177589
vt 0.6609565 0.3050606
vt 0.6445931 0.3050606
vt 0.678516 0.3050606
vt 0.6960755 0.3050606
vt 0.6974076 0.3177589
vt 0.4006235 0.4057949
vt 0.4162258 0.3685326
vt 0.3932513 0.3685326
vt 0.4214385 0.4057949
vt 0.4154055 0.4509685
vt 0.431891 0.4509685
vt 0.4429797 0.3685326
vt 0.4456781 0.4057949
vt 0.4429528 0.3524483
vt 0.4161731 0.3524483
vt 0.4441932 0.335243
vt 0.4185703 0.335243
vt 0.4716903 0.335243
vt 0.4716903 0.3524483
vt 0.4716903 0.3685326
vt 0.5004289 0.3524483
vt 0.5004013 0.3685326
vt 0.4716903 0.4057949
vt 0.4977026 0.4057949
vt 0.4510888 0.4509685
vt 0.4337288 0.4689562
vt 0.4716903 0.4509685
vt 0.4922925 0.4509685
vt 0.45204 0.4689562
vt 0.4716903 0.4689562
vt 0.4913409 0.4689562
vt 0.4915149 0.5129323
vt 0.4518664 0.5129323
vt 0.4333934 0.5129323
vt 0.4716903 0.5129323
vt 0.4716903 0.5262569
vt 0.4901168 0.5262569
vt 0.4532647 0.5262569
vt 0.436094 0.5262569
vt 0.4213492 0.5262569
vt 0.4175296 0.5129323
vt 0.264867 0.3706229
vt 0.2922536 0.3552948
vt 0.264867 0.3552948
vt 0.2375062 0.3706229
vt 0.2400776 0.4061334
vt 0.264867 0.4061334
vt 0.2374801 0.3552948
vt 0.264867 0.3388984
vt 0.2386619 0.3388984
vt 0.2119586 0.3552948
vt 0.2142437 0.3388984
vt 0.2120096 0.3706229
vt 0.2169776 0.4061334
vt 0.2269375 0.4491834
vt 0.2452338 0.4491834
vt 0.264867 0.4491834
vt 0.2286896 0.4663254
vt 0.2461397 0.4663254
vt 0.264867 0.4663254
vt 0.264867 0.5082341
vt 0.2459747 0.5082341
vt 0.2283701 0.5082341
vt 0.2309438 0.5209323
vt 0.2473065 0.5209323
vt 0.264867 0.3552948
vt 0.2910718 0.3388984
vt 0.264867 0.3388984
vt 0.2922536 0.3552948
vt 0.3154893 0.3388984
vt 0.3177739 0.3552948
vt 0.2922279 0.3706229
vt 0.264867 0.3706229
vt 0.317724 0.3706229
vt 0.264867 0.4061334
vt 0.2896568 0.4061334
vt 0.312756 0.4061334
vt 0.264867 0.4491834
vt 0.2845002 0.4491834
vt 0.3027955 0.4491834
vt 0.264867 0.4663254
vt 0.283594 0.4663254
vt 0.3010434 0.4663254
vt 0.3013639 0.5082341
vt 0.2837586 0.5082341
vt 0.264867 0.5082341
vt 0.2824265 0.5209323
vt 0.2987895 0.5209323
vt 0.264867 0.5209323
vt 0.2473065 0.5209323
vt 0.2459747 0.5082341
vt 0.5004289 0.3524483
vt 0.5248112 0.335243
vt 0.4991876 0.335243
vt 0.527208 0.3524483
vt 0.5004013 0.3685326
vt 0.5271553 0.3685326
vt 0.4977026 0.4057949
vt 0.5219424 0.4057949
vt 0.4922925 0.4509685
vt 0.5114902 0.4509685
vt 0.4913409 0.4689562
vt 0.5468144 0.335243
vt 0.536801 0.3175801
vt 0.5177309 0.3175801
vt 0.550204 0.3524483
vt 0.5636978 0.335243
vt 0.5678499 0.3524483
vt 0.5501295 0.3685326
vt 0.5677584 0.3685326
vt 0.5427572 0.4057949
vt 0.5587293 0.4057949
vt 0.5279756 0.4509685
vt 0.5406253 0.4509685
vt 0.5096523 0.4689562
vt 0.5253766 0.4689562
vt 0.5374421 0.4689562
vt 0.5380237 0.5129323
vt 0.5099879 0.5129323
vt 0.4915149 0.5129323
vt 0.4901168 0.5262569
vt 0.5072871 0.5262569
vt 0.5258513 0.5129323
vt 0.5220314 0.5262569
vt 0.5333455 0.5262569
vt 0.4991876 0.335243
vt 0.5248112 0.335243
vt 0.5177309 0.3175801
vt 0.4955227 0.3175801
vt 0.5056689 0.2997362
vt 0.489279 0.2997362
vt 0.4716903 0.3175801
vt 0.4716903 0.2997362
vt 0.4716903 0.335243
vt 0.4716903 0.3524483
vt 0.5004289 0.3524483
vt 0.4441932 0.335243
vt 0.4478584 0.3175801
vt 0.4541021 0.2997362
vt 0.4185703 0.335243
vt 0.4256507 0.3175801
vt 0.4377126 0.2997362
vt 0.3965666 0.335243
vt 0.4065804 0.3175801
vt 0.1932746 0.3388984
vt 0.2209913 0.3220658
vt 0.2028178 0.3220658
vt 0.8456879 0.8973283
vt 0.8629351 0.9105628
vt 0.8738439 0.8916677
vt 0.8611153 0.8819005
vt 0.8324535 0.8800811
vt 0.8513481 0.869172
vt 0.8611153 0.7949827
vt 0.8513481 0.8077116
vt 0.8452079 0.8225345
vt 0.8452079 0.8543488
vt 0.8431146 0.8384414
vt 0.8456879 0.7795553
vt 0.8324535 0.7968027
vt 0.8738439 0.7852157
vt 0.8629351 0.7663208
vt 0.8886673 0.8978078
vt 0.8886673 0.7790756
vt 0.9045743 0.8999019
vt 0.9045743 0.7769815
vt 0.9204813 0.8978078
vt 0.9204813 0.7790756
vt 0.935304 0.8916677
vt 0.935304 0.7852157
vt 0.9480327 0.8819005
vt 0.9462132 0.9105628
vt 0.9634607 0.8973283
vt 0.9577999 0.869172
vt 0.9766948 0.8800811
vt 0.9480327 0.7949827
vt 0.9577999 0.8077116
vt 0.9639403 0.8225345
vt 0.9639403 0.8543488
vt 0.9660341 0.8384414
vt 0.9766948 0.7968031
vt 0.9634607 0.7795553
vt 0.9462132 0.7663208
vt 0.2209913 0.3220658
vt 0.2481057 0.3050607
vt 0.2324861 0.3050607
vt 0.2421551 0.3220658
vt 0.2142437 0.3388984
vt 0.264867 0.3050607
vt 0.2386619 0.3388984
vt 0.264867 0.3220658
vt 0.2816284 0.3050607
vt 0.264867 0.3388984
vt 0.2875786 0.3220658
vt 0.2972472 0.3050607
vt 0.2910718 0.3388984
vt 0.3087424 0.3220658
vt 0.3154893 0.3388984
vt 0.3269162 0.3220658
vt 0.3364583 0.3388984
vt 0.9604637 0.4907502
vt 0.9313801 0.5084131
vt 0.9504504 0.5084131
vt 0.9384605 0.4907502
vt 0.9029282 0.526257
vt 0.9193181 0.526257
vt 0.9091719 0.5084131
vt 0.8853395 0.526257
vt 0.8853395 0.5084131
vt 0.8677513 0.526257
vt 0.8615079 0.5084131
vt 0.8853395 0.4907502
vt 0.8513618 0.526257
vt 0.8578424 0.4907502
vt 0.8393003 0.5084131
vt 0.8322194 0.4907502
vt 0.8202295 0.5084131
vt 0.8102161 0.4907502
vt 0.1859247 0.9413154
vt 0.1895429 0.9297945
vt 0.1859247 0.9295625
vt 0.1895429 0.9414361
vt 0.1859247 0.9539282
vt 0.1895429 0.9539282
vt 0.1859247 0.9665413
vt 0.1895429 0.9664209
vt 0.1859247 0.9782942
vt 0.1895429 0.9780614
vt 0.07696609 0.7810344
vt 0.07307804 0.7814667
vt 0.07307804 0.7897087
vt 0.07696609 0.7893558
vt 0.07307804 0.8004502
vt 0.07696609 0.8002005
vt 0.07307804 0.812959
vt 0.07696609 0.8128299
vt 0.07307804 0.8263822
vt 0.07696609 0.8263822
vt 0.07307804 0.839806
vt 0.07696609 0.8399351
vt 0.06225238 0.7893556
vt 0.06614044 0.7814665
vt 0.06225238 0.7810342
vt 0.06614044 0.7897086
vt 0.01137434 0.6077724
vt 0.01463125 0.6065004
vt 0.01174417 0.5888364
vt 0.008244202 0.5888308
vt 0.01449475 0.5722975
vt 0.01122656 0.5711448
vt 0.02228393 0.5582648
vt 0.01971904 0.5561516
vt 0.03384899 0.5489084
vt 0.03242878 0.5461333
vt 0.04742128 0.5456283
vt 0.04742128 0.5426153
vt 0.06099337 0.5489088
vt 0.06241377 0.5461333
vt 0.07255863 0.5582648
vt 0.07512371 0.5561516
vt 0.08034799 0.5722975
vt 0.08361599 0.5711448
vt 0.08309954 0.5888438
vt 0.08659796 0.5888308
vt 0.08034799 0.605289
vt 0.08361638 0.6065165
vt 0.01806107 0.8939707
vt 0.03129616 0.8894843
vt 0.03017448 0.8866124
vt 0.02021388 0.8961806
vt 0.009227272 0.905178
vt 0.01208494 0.9063781
vt 0.006125277 0.9183981
vt 0.009216985 0.9183981
vt 0.009227272 0.9316183
vt 0.01208494 0.9304181
vt 0.01806107 0.9428257
vt 0.0201945 0.9405875
vt 0.03128193 0.9503144
vt 0.03236433 0.9474324
vt 0.3709309 0.7977926
vt 0.3721946 0.7997045
vt 0.3790063 0.7998919
vt 0.3790063 0.7977656
vt 0.3858179 0.7997045
vt 0.387081 0.7977926
vt 0.387506 0.9496256
vt 0.3947337 0.9480919
vt 0.3936073 0.9456283
vt 0.3896637 0.9516972
vt 0.3833191 0.9547833
vt 0.3863313 0.9559954
vt 0.3819972 0.9626642
vt 0.385142 0.9627246
vt 0.3834292 0.9697198
vt 0.3862503 0.9687768
vt 0.387506 0.9757017
vt 0.3895741 0.973903
vt 0.3936073 0.979699
vt 0.3946918 0.9773704
vt 0.4065597 0.9488269
vt 0.4054446 0.9512672
vt 0.4104309 0.9548221
vt 0.4126042 0.9527865
vt 0.4137108 0.9599369
vt 0.4166429 0.958712
vt 0.4149182 0.9658412
vt 0.4180608 0.9657019
vt 0.4138478 0.9717572
vt 0.4166429 0.9726914
vt 0.4105552 0.9768351
vt 0.4126042 0.9786168
vt 0.4054861 0.9802698
vt 0.1433978 0.2978872
vt 0.1354493 0.2958643
vt 0.1366483 0.2979628
vt 0.1286877 0.2958042
vt 0.1286877 0.2979894
vt 0.1219258 0.2958643
vt 0.1207264 0.2979628
vt 0.07696609 0.8399351
vt 0.07307804 0.839806
vt 0.07307804 0.8523146
vt 0.07696609 0.8525645
vt 0.07307804 0.863056
vt 0.07696609 0.8634092
vt 0.07307804 0.8712983
vt 0.07696609 0.8717309
vt 0.2012367 0.9295639
vt 0.1976184 0.9297959
vt 0.1976184 0.9414368
vt 0.2012367 0.9413161
vt 0.1976184 0.9539282
vt 0.2012367 0.9539282
vt 0.2012367 0.9539282
vt 0.1976184 0.9539282
vt 0.1976184 0.9664203
vt 0.2012367 0.9665406
vt 0.1976184 0.9780612
vt 0.2012367 0.9782928
vt 0.06225238 0.8717311
vt 0.06614044 0.8712985
vt 0.06614044 0.8630562
vt 0.06225238 0.8634094
vt 0.06614044 0.8523147
vt 0.06225238 0.8525646
vt 0.06614044 0.8398061
vt 0.06225238 0.8399352
vt 0.06225238 0.8399352
vt 0.06614044 0.8398061
vt 0.06614044 0.8263822
vt 0.06225238 0.8263822
vt 0.06614044 0.8129589
vt 0.06225238 0.8128297
vt 0.06614044 0.8004501
vt 0.06225238 0.8002004
vt 0.06614044 0.7897086
vt 0.06225238 0.7893556
vt 0.7541609 0.8381937
vt 0.7526048 0.8397503
vt 0.7602153 0.8496686
vt 0.7621212 0.848568
vt 0.7649993 0.8612189
vt 0.7437865 0.8302335
vt 0.742686 0.83214
vt 0.7671257 0.860649
vt 0.766631 0.8736134
vt 0.7317058 0.8252293
vt 0.7311363 0.8273555
vt 0.7688323 0.8736134
vt 0.7649993 0.8860084
vt 0.7187414 0.8235223
vt 0.7187414 0.8257234
vt 0.7671257 0.8865783
vt 0.7602153 0.8975587
vt 0.7057763 0.8252293
vt 0.7063462 0.8273555
vt 0.7621212 0.8986592
vt 0.7526048 0.907477
vt 0.6936952 0.8302335
vt 0.6947963 0.83214
vt 0.7541609 0.9090337
vt 0.742686 0.9150877
vt 0.6833218 0.8381937
vt 0.6848776 0.8397503
vt 0.7437865 0.9169941
vt 0.7311363 0.9198719
vt 0.6753609 0.848568
vt 0.6772674 0.8496686
vt 0.7317058 0.9219981
vt 0.7187414 0.9215036
vt 0.670357 0.860649
vt 0.6724827 0.8612189
vt 0.7187414 0.9237052
vt 0.7063462 0.9198719
vt 0.6686502 0.8736134
vt 0.6708517 0.8736134
vt 0.7057763 0.9219981
vt 0.6947963 0.9150877
vt 0.670357 0.8865783
vt 0.6724827 0.8860084
vt 0.6936952 0.9169941
vt 0.6848776 0.907477
vt 0.6753609 0.8986592
vt 0.6772674 0.8975587
vt 0.6833218 0.9090337
vt 0.6533446 0.8736134
vt 0.6555736 0.8566877
vt 0.6555736 0.8905393
vt 0.6621062 0.906312
vt 0.6621066 0.8409154
vt 0.6724988 0.9198558
vt 0.686043 0.9302486
vt 0.6724988 0.8273714
vt 0.7018155 0.9367816
vt 0.686043 0.8169788
vt 0.7187414 0.93901
vt 0.7018155 0.8104453
vt 0.7356673 0.9367816
vt 0.7187414 0.8082172
vt 0.7514397 0.9302486
vt 0.7356673 0.8104453
vt 0.7649836 0.9198558
vt 0.7514397 0.8169788
vt 0.7753762 0.906312
vt 0.7649836 0.8273714
vt 0.7819098 0.8905393
vt 0.7753762 0.8409154
vt 0.7841374 0.8736134
vt 0.7819098 0.8566877
vt 0.5876237 0.9159041
vt 0.5976695 0.9028121
vt 0.5839887 0.8949132
vt 0.5764533 0.9047331
vt 0.5887247 0.8834776
vt 0.5745317 0.9259495
vt 0.6039847 0.8875662
vt 0.5666333 0.912268
vt 0.5903411 0.8712059
vt 0.5592862 0.9322645
vt 0.6061385 0.8712059
vt 0.5551974 0.9170049
vt 0.5887247 0.8589338
vt 0.5429259 0.9344184
vt 0.6039847 0.854845
vt 0.5429259 0.9186203
vt 0.5839887 0.8474984
vt 0.5265657 0.9322645
vt 0.5976695 0.8395995
vt 0.5306537 0.9170049
vt 0.5764533 0.8376784
vt 0.5113198 0.9259495
vt 0.5876237 0.8265079
vt 0.5192188 0.912268
vt 0.5666333 0.8301433
vt 0.4982281 0.9159041
vt 0.5745317 0.816462
vt 0.5093982 0.9047331
vt 0.5551974 0.8254066
vt 0.4881816 0.9028121
vt 0.5592862 0.8101469
vt 0.5018628 0.8949132
vt 0.5429259 0.8237906
vt 0.4818672 0.8875662
vt 0.5429259 0.8079932
vt 0.4971267 0.8834776
vt 0.5306537 0.8254066
vt 0.4797133 0.8712059
vt 0.5265646 0.8101469
vt 0.4955107 0.8712059
vt 0.5192178 0.8301433
vt 0.4818672 0.854845
vt 0.5113194 0.816462
vt 0.4971267 0.8589338
vt 0.5093982 0.8376784
vt 0.4881816 0.8395995
vt 0.4982281 0.8265079
vt 0.5018628 0.8474984
usemtl WhiteCountertop1
f 3/3/3 2/2/2 1/1/1
f 5/5/5 3/3/3 4/4/4
f 6/6/6 5/5/5 4/4/4
f 7/7/7 5/5/5 6/6/6
f 8/8/8 7/7/7 6/6/6
f 9/9/9 7/7/7 8/8/8
f 10/10/10 9/9/9 8/8/8
f 13/13/13 12/12/12 11/11/11
f 16/16/16 15/15/15 14/14/14
f 19/19/19 18/18/18 17/17/17
f 22/22/22 21/21/21 20/20/20
f 25/25/25 24/24/24 23/23/23
f 28/28/28 27/27/27 26/26/26
f 31/31/31 30/30/30 29/29/29
f 34/34/34 33/33/33 32/32/32
f 37/37/37 36/36/36 35/35/35
f 40/40/40 39/39/39 38/38/38
f 43/43/43 42/42/42 41/41/41
f 45/45/45 44/44/44 42/42/42
f 44/44/44 46/46/46 42/42/42
f 44/44/44 47/47/47 46/46/46
f 47/47/47 48/48/48 46/46/46
f 51/51/51 50/50/50 49/49/49
f 54/54/54 53/53/53 52/52/52
f 57/57/57 56/56/56 55/55/55
f 58/58/58 57/57/57 55/55/55
f 58/58/58 55/55/55 59/59/59
f 60/60/60 58/58/58 59/59/59
f 63/63/63 62/62/62 61/61/61
f 62/62/62 64/64/64 61/61/61
f 67/67/67 66/66/66 65/65/65
f 68/68/68 67/67/67 65/65/65
f 69/69/69 67/67/67 68/68/68
f 70/70/70 69/69/69 68/68/68
f 71/71/71 69/69/69 70/70/70
f 72/72/72 71/71/71 70/70/70
f 73/73/73 71/71/71 72/72/72
f 74/74/74 73/73/73 72/72/72
f 77/77/77 76/76/76 75/75/75
f 78/78/78 77/77/77 75/75/75
f 79/79/79 77/77/77 78/78/78
f 82/82/82 81/81/81 80/80/80
f 83/83/83 82/82/82 80/80/80
f 86/86/86 85/85/85 84/84/84
f 87/87/87 85/85/85 86/86/86
f 88/88/88 87/87/87 86/86/86
f 89/89/89 87/87/87 88/88/88
f 90/90/90 89/89/89 88/88/88
f 93/93/93 92/92/92 91/91/91
f 94/94/94 93/93/93 91/91/91
f 95/95/95 93/93/93 94/94/94
f 96/96/96 95/95/95 94/94/94
f 97/97/97 95/95/95 96/96/96
f 98/98/98 97/97/97 96/96/96
f 99/99/99 97/97/97 98/98/98
f 100/100/100 99/99/99 98/98/98
f 101/101/101 99/99/99 100/100/100
f 102/102/102 101/101/101 100/100/100
f 105/105/105 104/104/104 103/103/103
f 103/103/103 104/104/104 106/106/106
f 104/104/104 107/107/107 106/106/106
f 103/103/103 106/106/106 108/108/108
f 108/108/108 106/106/106 109/109/109
f 110/110/110 103/103/103 108/108/108
f 111/111/111 103/103/103 110/110/110
f 112/112/112 111/111/111 110/110/110
f 106/106/106 113/113/113 109/109/109
f 109/109/109 113/113/113 114/114/114
f 113/113/113 115/115/115 114/114/114
f 118/118/118 117/117/117 116/116/116
f 119/119/119 118/118/118 116/116/116
f 122/122/122 121/121/121 120/120/120
f 123/123/123 122/122/122 120/120/120
f 124/124/124 122/122/122 123/123/123
f 125/125/125 124/124/124 123/123/123
f 128/128/128 127/127/127 126/126/126
f 129/129/129 128/128/128 126/126/126
f 130/130/130 128/128/128 129/129/129
f 131/131/131 130/130/130 129/129/129
f 132/132/132 130/130/130 131/131/131
f 133/133/133 132/132/132 131/131/131
f 134/134/134 132/132/132 133/133/133
f 135/135/135 134/134/134 133/133/133
f 138/138/138 137/137/137 136/136/136
f 139/139/139 138/138/138 136/136/136
f 140/140/140 138/138/138 139/139/139
f 141/141/141 140/140/140 139/139/139
f 142/142/142 140/140/140 141/141/141
f 143/143/143 142/142/142 141/141/141
f 146/146/146 145/145/145 144/144/144
f 147/147/147 146/146/146 144/144/144
f 148/148/148 146/146/146 147/147/147
f 149/149/149 148/148/148 147/147/147
f 150/150/150 148/148/148 149/149/149
f 151/151/151 150/150/150 149/149/149
f 152/152/152 150/150/150 151/151/151
f 153/153/153 152/152/152 151/151/151
f 156/156/156 155/155/155 154/154/154
f 157/157/157 156/156/156 154/154/154
f 158/158/158 156/156/156 157/157/157
f 159/159/159 158/158/158 157/157/157
f 160/160/160 158/158/158 159/159/159
f 161/161/161 160/160/160 159/159/159
f 162/162/162 160/160/160 161/161/161
f 163/163/163 162/162/162 161/161/161
f 164/164/164 162/162/162 163/163/163
f 165/165/165 164/164/164 163/163/163
f 166/166/166 164/164/164 165/165/165
f 167/167/167 166/166/166 165/165/165
f 170/170/170 169/169/169 168/168/168
f 169/169/169 171/171/171 168/168/168
f 174/174/174 173/173/173 172/172/172
f 175/175/175 174/174/174 172/172/172
f 178/178/178 177/177/177 176/176/176
f 179/179/179 178/178/178 176/176/176
f 180/180/180 178/178/178 179/179/179
f 181/181/181 180/180/180 179/179/179
f 182/182/182 180/180/180 181/181/181
f 183/183/183 182/182/182 181/181/181
f 184/184/184 182/182/182 183/183/183
f 185/185/185 184/184/184 183/183/183
f 188/188/188 187/187/187 186/186/186
f 189/189/189 188/188/188 186/186/186
f 190/190/190 188/188/188 189/189/189
f 191/191/191 190/190/190 189/189/189
f 192/192/192 190/190/190 191/191/191
f 193/193/193 192/192/192 191/191/191
f 196/196/196 195/195/195 194/194/194
f 197/197/197 196/196/196 194/194/194
f 198/198/198 196/196/196 197/197/197
f 199/199/199 198/198/198 197/197/197
f 202/202/202 201/201/201 200/200/200
f 203/203/203 202/202/202 200/200/200
f 206/206/206 205/205/205 204/204/204
f 207/207/207 206/206/206 204/204/204
f 210/210/210 209/209/209 208/208/208
f 211/211/211 210/210/210 208/208/208
f 214/214/214 213/213/213 212/212/212
f 215/215/215 214/214/214 212/212/212
f 216/216/216 214/214/214 215/215/215
f 217/217/217 216/216/216 215/215/215
f 218/218/218 216/216/216 217/217/217
f 219/219/219 218/218/218 217/217/217
f 220/220/220 218/218/218 219/219/219
f 221/221/221 220/220/220 219/219/219
f 224/224/224 223/223/223 222/222/222
f 225/225/225 224/224/224 222/222/222
f 228/228/228 227/227/227 226/226/226
f 227/227/227 229/229/229 226/226/226
f 227/227/227 230/230/230 229/229/229
f 230/230/230 231/231/231 229/229/229
f 230/230/230 232/232/232 231/231/231
f 229/229/229 231/231/231 233/233/233
f 229/229/229 233/233/233 234/234/234
f 234/234/234 233/233/233 235/235/235
f 232/232/232 236/236/236 231/231/231
f 232/232/232 237/237/237 236/236/236
f 231/231/231 238/238/238 233/233/233
f 231/231/231 236/236/236 238/238/238
f 233/233/233 239/239/239 235/235/235
f 233/233/233 238/238/238 239/239/239
f 237/237/237 240/240/240 236/236/236
f 237/237/237 241/241/241 240/240/240
f 241/241/241 242/242/242 240/240/240
f 236/236/236 240/240/240 243/243/243
f 236/236/236 243/243/243 238/238/238
f 240/240/240 244/244/244 243/243/243
f 238/238/238 243/243/243 245/245/245
f 238/238/238 245/245/245 239/239/239
f 243/243/243 246/246/246 245/245/245
f 246/246/246 247/247/247 245/245/245
f 247/247/247 248/248/248 245/245/245
f 245/245/245 248/248/248 239/239/239
f 247/247/247 249/249/249 248/248/248
f 239/239/239 250/250/250 235/235/235
f 248/248/248 250/250/250 239/239/239
f 250/250/250 251/251/251 235/235/235
f 248/248/248 252/252/252 250/250/250
f 249/249/249 252/252/252 248/248/248
f 252/252/252 253/253/253 250/250/250
f 252/252/252 254/254/254 253/253/253
f 254/254/254 255/255/255 253/253/253
f 249/249/249 256/256/256 252/252/252
f 256/256/256 254/254/254 252/252/252
f 254/254/254 257/257/257 255/255/255
f 257/257/257 258/258/258 255/255/255
f 259/259/259 257/257/257 254/254/254
f 256/256/256 259/259/259 254/254/254
f 260/260/260 259/259/259 256/256/256
f 261/261/261 260/260/260 256/256/256
f 261/261/261 256/256/256 249/249/249
f 262/262/262 261/261/261 249/249/249
f 265/265/265 264/264/264 263/263/263
f 264/264/264 266/266/266 263/263/263
f 266/266/266 267/267/267 263/263/263
f 267/267/267 268/268/268 263/263/263
f 267/267/267 269/269/269 268/268/268
f 269/269/269 270/270/270 268/268/268
f 273/273/273 272/272/272 271/271/271
f 272/272/272 274/274/274 271/271/271
f 272/272/272 275/275/275 274/274/274
f 271/271/271 274/274/274 276/276/276
f 275/275/275 277/277/277 274/274/274
f 275/275/275 278/278/278 277/277/277
f 278/278/278 279/279/279 277/277/277
f 274/274/274 277/277/277 280/280/280
f 274/274/274 280/280/280 276/276/276
f 277/277/277 279/279/279 281/281/281
f 277/277/277 281/281/281 280/280/280
f 279/279/279 282/282/282 281/281/281
f 281/281/281 282/282/282 283/283/283
f 281/281/281 283/283/283 284/284/284
f 280/280/280 281/281/281 284/284/284
f 280/280/280 284/284/284 285/285/285
f 276/276/276 280/280/280 285/285/285
f 285/285/285 284/284/284 286/286/286
f 285/285/285 286/286/286 287/287/287
f 276/276/276 285/285/285 288/288/288
f 289/289/289 276/276/276 288/288/288
f 290/290/290 289/289/289 288/288/288
f 290/290/290 291/291/291 289/289/289
f 292/292/292 291/291/291 290/290/290
f 293/293/293 290/290/290 288/288/288
f 294/294/294 292/292/292 290/290/290
f 294/294/294 290/290/290 293/293/293
f 295/295/295 294/294/294 293/293/293
f 298/298/298 297/297/297 296/296/296
f 297/297/297 299/299/299 296/296/296
f 297/297/297 300/300/300 299/299/299
f 300/300/300 301/301/301 299/299/299
f 299/299/299 301/301/301 302/302/302
f 305/305/305 304/304/304 303/303/303
f 304/304/304 306/306/306 303/303/303
f 304/304/304 307/307/307 306/306/306
f 303/303/303 306/306/306 308/308/308
f 303/303/303 308/308/308 309/309/309
f 307/307/307 310/310/310 306/306/306
f 307/307/307 311/311/311 310/310/310
f 306/306/306 312/312/312 308/308/308
f 306/306/306 310/310/310 312/312/312
f 308/308/308 312/312/312 313/313/313
f 311/311/311 314/314/314 310/310/310
f 311/311/311 315/315/315 314/314/314
f 310/310/310 314/314/314 316/316/316
f 310/310/310 316/316/316 312/312/312
f 314/314/314 317/317/317 316/316/316
f 312/312/312 318/318/318 313/313/313
f 312/312/312 316/316/316 318/318/318
f 316/316/316 317/317/317 319/319/319
f 316/316/316 319/319/319 318/318/318
f 317/317/317 320/320/320 319/319/319
f 320/320/320 321/321/321 319/319/319
f 321/321/321 322/322/322 319/319/319
f 319/319/319 322/322/322 318/318/318
f 318/318/318 323/323/323 313/313/313
f 322/322/322 323/323/323 318/318/318
f 323/323/323 324/324/324 313/313/313
f 322/322/322 325/325/325 323/323/323
f 323/323/323 326/326/326 324/324/324
f 325/325/325 326/326/326 323/323/323
f 325/325/325 327/327/327 326/326/326
f 326/326/326 328/328/328 324/324/324
f 327/327/327 329/329/329 326/326/326
f 326/326/326 329/329/329 328/328/328
f 327/327/327 330/330/330 329/329/329
f 330/330/330 331/331/331 329/329/329
f 329/329/329 332/332/332 328/328/328
f 329/329/329 331/331/331 332/332/332
f 328/328/328 332/332/332 333/333/333
f 331/331/331 334/334/334 332/332/332
f 332/332/332 335/335/335 333/333/333
f 332/332/332 334/334/334 335/335/335
f 334/334/334 336/336/336 335/335/335
f 339/339/339 338/338/338 337/337/337
f 338/338/338 340/340/340 337/337/337
f 337/337/337 340/340/340 341/341/341
f 342/342/342 337/337/337 341/341/341
f 340/340/340 343/343/343 341/341/341
f 340/340/340 344/344/344 343/343/343
f 345/345/345 342/342/342 341/341/341
f 346/346/346 342/342/342 345/345/345
f 347/347/347 346/346/346 345/345/345
f 345/345/345 341/341/341 348/348/348
f 341/341/341 343/343/343 348/348/348
f 344/344/344 349/349/349 343/343/343
f 344/344/344 350/350/350 349/349/349
f 347/347/347 345/345/345 351/351/351
f 351/351/351 345/345/345 348/348/348
f 343/343/343 352/352/352 348/348/348
f 343/343/343 349/349/349 352/352/352
f 350/350/350 353/353/353 349/349/349
f 350/350/350 354/354/354 353/353/353
f 354/354/354 355/355/355 353/353/353
f 349/349/349 353/353/353 356/356/356
f 349/349/349 356/356/356 352/352/352
f 353/353/353 355/355/355 357/357/357
f 353/353/353 357/357/357 356/356/356
f 355/355/355 358/358/358 357/357/357
f 348/348/348 352/352/352 359/359/359
f 351/351/351 348/348/348 359/359/359
f 360/360/360 347/347/347 351/351/351
f 361/361/361 347/347/347 360/360/360
f 362/362/362 361/361/361 360/360/360
f 362/362/362 360/360/360 363/363/363
f 360/360/360 351/351/351 364/364/364
f 363/363/363 360/360/360 364/364/364
f 364/364/364 351/351/351 359/359/359
f 363/363/363 364/364/364 365/365/365
f 366/366/366 363/363/363 365/365/365
f 365/365/365 364/364/364 367/367/367
f 364/364/364 359/359/359 367/367/367
f 352/352/352 368/368/368 359/359/359
f 359/359/359 368/368/368 367/367/367
f 352/352/352 356/356/356 368/368/368
f 368/368/368 369/369/369 367/367/367
f 356/356/356 370/370/370 368/368/368
f 368/368/368 370/370/370 369/369/369
f 356/356/356 357/357/357 370/370/370
f 370/370/370 371/371/371 369/369/369
f 357/357/357 372/372/372 370/370/370
f 370/370/370 372/372/372 371/371/371
f 357/357/357 358/358/358 372/372/372
f 372/372/372 373/373/373 371/371/371
f 358/358/358 374/374/374 372/372/372
f 372/372/372 374/374/374 373/373/373
f 374/374/374 375/375/375 373/373/373
f 378/378/378 377/377/377 376/376/376
f 379/379/379 378/378/378 376/376/376
f 382/382/382 381/381/381 380/380/380
f 381/381/381 383/383/383 380/380/380
f 386/386/386 385/385/385 384/384/384
f 387/387/387 386/386/386 384/384/384
f 387/387/387 384/384/384 388/388/388
f 389/389/389 386/386/386 387/387/387
f 390/390/390 387/387/387 388/388/388
f 390/390/390 388/388/388 391/391/391
f 392/392/392 390/390/390 391/391/391
f 393/393/393 389/389/389 387/387/387
f 393/393/393 387/387/387 390/390/390
f 394/394/394 389/389/389 393/393/393
f 395/395/395 390/390/390 392/392/392
f 395/395/395 393/393/393 390/390/390
f 396/396/396 394/394/394 393/393/393
f 396/396/396 393/393/393 395/395/395
f 397/397/397 394/394/394 396/396/396
f 398/398/398 396/396/396 395/395/395
f 398/398/398 395/395/395 399/399/399
f 399/399/399 395/395/395 392/392/392
f 399/399/399 392/392/392 400/400/400
f 401/401/401 399/399/399 400/400/400
f 402/402/402 401/401/401 400/400/400
f 403/403/403 402/402/402 400/400/400
f 404/404/404 402/402/402 403/403/403
f 405/405/405 404/404/404 403/403/403
f 404/404/404 406/406/406 402/402/402
f 406/406/406 407/407/407 402/402/402
f 402/402/402 407/407/407 401/401/401
f 407/407/407 408/408/408 401/401/401
f 408/408/408 409/409/409 401/401/401
f 412/412/412 411/411/411 410/410/410
f 411/411/411 413/413/413 410/410/410
f 411/411/411 414/414/414 413/413/413
f 414/414/414 415/415/415 413/413/413
f 418/418/418 417/417/417 416/416/416
f 417/417/417 419/419/419 416/416/416
f 422/422/422 421/421/421 420/420/420
f 423/423/423 422/422/422 420/420/420
f 424/424/424 423/423/423 420/420/420
f 427/427/427 426/426/426 425/425/425
f 427/427/427 425/425/425 428/428/428
f 429/429/429 427/427/427 428/428/428
f 429/429/429 428/428/428 430/430/430
f 430/430/430 428/428/428 431/431/431
f 432/432/432 430/430/430 431/431/431
f 428/428/428 425/425/425 433/433/433
f 428/428/428 433/433/433 431/431/431
f 425/425/425 434/434/434 433/433/433
f 425/425/425 435/435/435 434/434/434
f 435/435/435 436/436/436 434/434/434
f 435/435/435 437/437/437 436/436/436
f 433/433/433 434/434/434 438/438/438
f 434/434/434 439/439/439 438/438/438
f 434/434/434 436/436/436 439/439/439
f 433/433/433 438/438/438 440/440/440
f 431/431/431 433/433/433 440/440/440
f 436/436/436 441/441/441 439/439/439
f 442/442/442 431/431/431 440/440/440
f 442/442/442 432/432/432 431/431/431
f 443/443/443 442/442/442 440/440/440
f 436/436/436 444/444/444 441/441/441
f 437/437/437 444/444/444 436/436/436
f 444/444/444 445/445/445 441/441/441
f 442/442/442 446/446/446 432/432/432
f 446/446/446 447/447/447 432/432/432
f 448/448/448 446/446/446 442/442/442
f 443/443/443 448/448/448 442/442/442
f 449/449/449 448/448/448 443/443/443
f 437/437/437 450/450/450 444/444/444
f 451/451/451 450/450/450 437/437/437
f 444/444/444 452/452/452 445/445/445
f 450/450/450 452/452/452 444/444/444
f 451/451/451 453/453/453 450/450/450
f 454/454/454 453/453/453 451/451/451
f 453/453/453 455/455/455 450/450/450
f 450/450/450 455/455/455 452/452/452
f 452/452/452 456/456/456 445/445/445
f 445/445/445 456/456/456 457/457/457
f 455/455/455 458/458/458 452/452/452
f 452/452/452 458/458/458 456/456/456
f 455/455/455 459/459/459 458/458/458
f 459/459/459 460/460/460 458/458/458
f 458/458/458 461/461/461 456/456/456
f 458/458/458 460/460/460 461/461/461
f 460/460/460 462/462/462 461/461/461
f 456/456/456 461/461/461 463/463/463
f 461/461/461 462/462/462 464/464/464
f 461/461/461 464/464/464 463/463/463
f 463/463/463 464/464/464 465/465/465
f 464/464/464 466/466/466 465/465/465
f 469/469/469 468/468/468 467/467/467
f 469/469/469 470/470/470 468/468/468
f 470/470/470 471/471/471 468/468/468
f 470/470/470 472/472/472 471/471/471
f 473/473/473 472/472/472 470/470/470
f 473/473/473 474/474/474 472/472/472
f 475/475/475 473/473/473 470/470/470
f 475/475/475 470/470/470 469/469/469
f 476/476/476 473/473/473 475/475/475
f 477/477/477 476/476/476 475/475/475
f 478/478/478 475/475/475 469/469/469
f 477/477/477 475/475/475 478/478/478
f 478/478/478 469/469/469 479/479/479
f 480/480/480 477/477/477 478/478/478
f 481/481/481 478/478/478 479/479/479
f 480/480/480 478/478/478 481/481/481
f 482/482/482 480/480/480 481/481/481
f 481/481/481 479/479/479 483/483/483
f 482/482/482 481/481/481 484/484/484
f 484/484/484 481/481/481 483/483/483
f 485/485/485 482/482/482 484/484/484
f 484/484/484 483/483/483 486/486/486
f 486/486/486 483/483/483 487/487/487
f 485/485/485 484/484/484 488/488/488
f 488/488/488 484/484/484 486/486/486
f 489/489/489 485/485/485 488/488/488
f 490/490/490 489/489/489 488/488/488
f 491/491/491 486/486/486 487/487/487
f 492/492/492 491/491/491 487/487/487
f 492/492/492 493/493/493 491/491/491
f 493/493/493 494/494/494 491/491/491
f 495/495/495 488/488/488 486/486/486
f 491/491/491 495/495/495 486/486/486
f 491/491/491 494/494/494 495/495/495
f 495/495/495 490/490/490 488/488/488
f 494/494/494 496/496/496 495/495/495
f 495/495/495 496/496/496 490/490/490
f 496/496/496 497/497/497 490/490/490
f 500/500/500 499/499/499 498/498/498
f 498/498/498 499/499/499 501/501/501
f 499/499/499 502/502/502 501/501/501
f 501/501/501 502/502/502 503/503/503
f 502/502/502 504/504/504 503/503/503
f 501/501/501 503/503/503 505/505/505
f 506/506/506 501/501/501 505/505/505
f 498/498/498 501/501/501 506/506/506
f 506/506/506 505/505/505 507/507/507
f 508/508/508 498/498/498 506/506/506
f 509/509/509 498/498/498 508/508/508
f 510/510/510 509/509/509 508/508/508
f 511/511/511 506/506/506 507/507/507
f 508/508/508 506/506/506 511/511/511
f 511/511/511 507/507/507 512/512/512
f 510/510/510 508/508/508 513/513/513
f 513/513/513 508/508/508 511/511/511
f 514/514/514 510/510/510 513/513/513
f 515/515/515 511/511/511 512/512/512
f 513/513/513 511/511/511 515/515/515
f 515/515/515 512/512/512 516/516/516
f 514/514/514 513/513/513 517/517/517
f 517/517/517 513/513/513 515/515/515
f 518/518/518 514/514/514 517/517/517
f 519/519/519 515/515/515 516/516/516
f 517/517/517 515/515/515 519/519/519
f 518/518/518 517/517/517 520/520/520
f 520/520/520 517/517/517 519/519/519
f 521/521/521 518/518/518 520/520/520
f 522/522/522 521/521/521 520/520/520
f 523/523/523 522/522/522 520/520/520
f 523/523/523 520/520/520 519/519/519
f 523/523/523 524/524/524 522/522/522
f 525/525/525 524/524/524 523/523/523
f 526/526/526 519/519/519 516/516/516
f 526/526/526 523/523/523 519/519/519
f 526/526/526 525/525/525 523/523/523
f 527/527/527 526/526/526 516/516/516
f 528/528/528 525/525/525 526/526/526
f 527/527/527 528/528/528 526/526/526
f 531/531/531 530/530/530 529/529/529
f 530/530/530 532/532/532 529/529/529
f 530/530/530 533/533/533 532/532/532
f 529/529/529 532/532/532 534/534/534
f 535/535/535 529/529/529 534/534/534
f 533/533/533 536/536/536 532/532/532
f 533/533/533 537/537/537 536/536/536
f 537/537/537 538/538/538 536/536/536
f 532/532/532 536/536/536 539/539/539
f 532/532/532 539/539/539 534/534/534
f 536/536/536 538/538/538 540/540/540
f 536/536/536 540/540/540 539/539/539
f 538/538/538 541/541/541 540/540/540
f 538/538/538 542/542/542 541/541/541
f 539/539/539 540/540/540 543/543/543
f 540/540/540 544/544/544 543/543/543
f 540/540/540 541/541/541 544/544/544
f 539/539/539 543/543/543 545/545/545
f 534/534/534 539/539/539 545/545/545
f 541/541/541 546/546/546 544/544/544
f 547/547/547 534/534/534 545/545/545
f 547/547/547 535/535/535 534/534/534
f 548/548/548 547/547/547 545/545/545
f 548/548/548 549/549/549 547/547/547
f 549/549/549 550/550/550 547/547/547
f 547/547/547 550/550/550 535/535/535
f 550/550/550 551/551/551 535/535/535
f 541/541/541 552/552/552 546/546/546
f 552/552/552 553/553/553 546/546/546
f 542/542/542 552/552/552 541/541/541
f 552/552/552 554/554/554 553/553/553
f 554/554/554 555/555/555 553/553/553
f 556/556/556 554/554/554 552/552/552
f 542/542/542 556/556/556 552/552/552
f 557/557/557 556/556/556 542/542/542
f 558/558/558 557/557/557 542/542/542
f 561/561/561 560/560/560 559/559/559
f 562/562/562 561/561/561 559/559/559
f 562/562/562 559/559/559 563/563/563
f 564/564/564 562/562/562 563/563/563
f 563/563/563 559/559/559 565/565/565
f 559/559/559 566/566/566 565/565/565
f 564/564/564 563/563/563 567/567/567
f 568/568/568 564/564/564 567/567/567
f 568/568/568 567/567/567 569/569/569
f 570/570/570 568/568/568 569/569/569
f 570/570/570 569/569/569 571/571/571
f 572/572/572 570/570/570 571/571/571
f 573/573/573 572/572/572 571/571/571
f 574/574/574 573/573/573 571/571/571
f 574/574/574 571/571/571 575/575/575
f 576/576/576 574/574/574 575/575/575
f 576/576/576 577/577/577 574/574/574
f 577/577/577 578/578/578 574/574/574
f 574/574/574 578/578/578 573/573/573
f 578/578/578 579/579/579 573/573/573
f 582/582/582 581/581/581 580/580/580
f 583/583/583 582/582/582 580/580/580
f 584/584/584 582/582/582 583/583/583
f 583/583/583 580/580/580 585/585/585
f 586/586/586 584/584/584 583/583/583
f 587/587/587 583/583/583 585/585/585
f 586/586/586 583/583/583 587/587/587
f 587/587/587 585/585/585 588/588/588
f 589/589/589 586/586/586 587/587/587
f 590/590/590 586/586/586 589/589/589
f 591/591/591 587/587/587 588/588/588
f 589/589/589 587/587/587 591/591/591
f 591/591/591 588/588/588 592/592/592
f 593/593/593 590/590/590 589/589/589
f 594/594/594 590/590/590 593/593/593
f 595/595/595 591/591/591 592/592/592
f 595/595/595 592/592/592 596/596/596
f 597/597/597 589/589/589 591/591/591
f 593/593/593 589/589/589 597/597/597
f 597/597/597 591/591/591 595/595/595
f 598/598/598 594/594/594 593/593/593
f 599/599/599 594/594/594 598/598/598
f 600/600/600 599/599/599 598/598/598
f 601/601/601 593/593/593 597/597/597
f 598/598/598 593/593/593 601/601/601
f 600/600/600 598/598/598 602/602/602
f 602/602/602 598/598/598 601/601/601
f 603/603/603 600/600/600 602/602/602
f 604/604/604 597/597/597 595/595/595
f 601/601/601 597/597/597 604/604/604
f 605/605/605 595/595/595 596/596/596
f 604/604/604 595/595/595 605/605/605
f 602/602/602 601/601/601 606/606/606
f 606/606/606 601/601/601 604/604/604
f 603/603/603 602/602/602 607/607/607
f 607/607/607 602/602/602 606/606/606
f 608/608/608 603/603/603 607/607/607
f 608/608/608 607/607/607 609/609/609
f 609/609/609 607/607/607 610/610/610
f 607/607/607 606/606/606 610/610/610
f 611/611/611 609/609/609 610/610/610
f 606/606/606 604/604/604 612/612/612
f 610/610/610 606/606/606 612/612/612
f 612/612/612 604/604/604 605/605/605
f 613/613/613 605/605/605 596/596/596
f 614/614/614 613/613/613 596/596/596
f 614/614/614 615/615/615 613/613/613
f 615/615/615 616/616/616 613/613/613
f 613/613/613 617/617/617 605/605/605
f 613/613/613 616/616/616 617/617/617
f 617/617/617 612/612/612 605/605/605
f 616/616/616 618/618/618 617/617/617
f 619/619/619 610/610/610 612/612/612
f 617/617/617 619/619/619 612/612/612
f 617/617/617 618/618/618 619/619/619
f 619/619/619 611/611/611 610/610/610
f 618/618/618 620/620/620 619/619/619
f 619/619/619 620/620/620 611/611/611
f 620/620/620 621/621/621 611/611/611
f 624/624/624 623/623/623 622/622/622
f 623/623/623 625/625/625 622/622/622
f 622/622/622 625/625/625 626/626/626
f 625/625/625 627/627/627 626/626/626
f 623/623/623 628/628/628 625/625/625
f 629/629/629 628/628/628 623/623/623
f 625/625/625 630/630/630 627/627/627
f 628/628/628 630/630/630 625/625/625
f 630/630/630 631/631/631 627/627/627
f 627/627/627 631/631/631 632/632/632
f 631/631/631 633/633/633 632/632/632
f 630/630/630 634/634/634 631/631/631
f 634/634/634 635/635/635 631/631/631
f 636/636/636 634/634/634 630/630/630
f 628/628/628 636/636/636 630/630/630
f 637/637/637 636/636/636 628/628/628
f 629/629/629 637/637/637 628/628/628
f 638/638/638 637/637/637 629/629/629
f 639/639/639 638/638/638 629/629/629
f 642/642/642 641/641/641 640/640/640
f 641/641/641 643/643/643 640/640/640
f 641/641/641 644/644/644 643/643/643
f 645/645/645 644/644/644 641/641/641
f 644/644/644 646/646/646 643/643/643
f 640/640/640 643/643/643 647/647/647
f 640/640/640 647/647/647 648/648/648
f 643/643/643 646/646/646 649/649/649
f 643/643/643 649/649/649 647/647/647
f 646/646/646 650/650/650 649/649/649
f 649/649/649 650/650/650 651/651/651
f 650/650/650 652/652/652 651/651/651
f 647/647/647 649/649/649 653/653/653
f 649/649/649 651/651/651 653/653/653
f 653/653/653 651/651/651 654/654/654
f 651/651/651 655/655/655 654/654/654
f 647/647/647 653/653/653 656/656/656
f 648/648/648 647/647/647 656/656/656
f 648/648/648 656/656/656 657/657/657
f 658/658/658 648/648/648 657/657/657
f 658/658/658 657/657/657 659/659/659
f 660/660/660 658/658/658 659/659/659
f 660/660/660 659/659/659 661/661/661
f 662/662/662 660/660/660 661/661/661
f 663/663/663 660/660/660 662/662/662
f 664/664/664 663/663/663 662/662/662
f 662/662/662 661/661/661 665/665/665
f 664/664/664 662/662/662 666/666/666
f 666/666/666 662/662/662 665/665/665
f 667/667/667 664/664/664 666/666/666
f 668/668/668 667/667/667 666/666/666
f 669/669/669 666/666/666 665/665/665
f 669/669/669 668/668/668 666/666/666
f 670/670/670 669/669/669 665/665/665
f 670/670/670 671/671/671 669/669/669
f 671/671/671 672/672/672 669/669/669
f 669/669/669 672/672/672 668/668/668
f 672/672/672 673/673/673 668/668/668
f 676/676/676 675/675/675 674/674/674
f 676/676/676 677/677/677 675/675/675
f 680/680/680 679/679/679 678/678/678
f 679/679/679 681/681/681 678/678/678
f 678/678/678 681/681/681 682/682/682
f 681/681/681 683/683/683 682/682/682
f 686/686/686 685/685/685 684/684/684
f 687/687/687 685/685/685 686/686/686
f 687/687/687 688/688/688 685/685/685
f 688/688/688 689/689/689 685/685/685
f 688/688/688 690/690/690 689/689/689
f 690/690/690 691/691/691 689/689/689
f 690/690/690 692/692/692 691/691/691
f 692/692/692 693/693/693 691/691/691
f 692/692/692 694/694/694 693/693/693
f 694/694/694 695/695/695 693/693/693
f 694/694/694 696/696/696 695/695/695
f 696/696/696 694/694/694 697/697/697
f 696/696/696 698/698/698 695/695/695
f 699/699/699 696/696/696 697/697/697
f 696/696/696 700/700/700 698/698/698
f 700/700/700 696/696/696 699/699/699
f 701/701/701 700/700/700 699/699/699
f 700/700/700 702/702/702 698/698/698
f 700/700/700 703/703/703 702/702/702
f 703/703/703 704/704/704 702/702/702
f 703/703/703 705/705/705 704/704/704
f 708/708/708 707/707/707 706/706/706
f 707/707/707 709/709/709 706/706/706
f 706/706/706 709/709/709 710/710/710
f 706/706/706 710/710/710 711/711/711
f 712/712/712 706/706/706 711/711/711
f 711/711/711 710/710/710 713/713/713
f 710/710/710 714/714/714 713/713/713
f 713/713/713 714/714/714 715/715/715
f 713/713/713 715/715/715 716/716/716
f 717/717/717 713/713/713 716/716/716
f 711/711/711 713/713/713 717/717/717
f 717/717/717 716/716/716 718/718/718
f 719/719/719 717/717/717 718/718/718
f 712/712/712 711/711/711 720/720/720
f 720/720/720 711/711/711 717/717/717
f 720/720/720 717/717/717 719/719/719
f 721/721/721 712/712/712 720/720/720
f 722/722/722 720/720/720 719/719/719
f 721/721/721 720/720/720 722/722/722
f 722/722/722 719/719/719 723/723/723
f 724/724/724 721/721/721 722/722/722
f 725/725/725 722/722/722 723/723/723
f 724/724/724 722/722/722 725/725/725
f 726/726/726 724/724/724 725/725/725
f 725/725/725 723/723/723 727/727/727
f 726/726/726 725/725/725 728/728/728
f 728/728/728 725/725/725 727/727/727
f 729/729/729 726/726/726 728/728/728
f 730/730/730 729/729/729 728/728/728
f 731/731/731 728/728/728 727/727/727
f 731/731/731 730/730/730 728/728/728
f 732/732/732 731/731/731 727/727/727
f 732/732/732 733/733/733 731/731/731
f 733/733/733 734/734/734 731/731/731
f 731/731/731 734/734/734 730/730/730
f 734/734/734 735/735/735 730/730/730
f 738/738/738 737/737/737 736/736/736
f 737/737/737 686/686/686 736/736/736
f 739/739/739 686/686/686 737/737/737
f 739/739/739 687/687/687 686/686/686
f 687/687/687 739/739/739 740/740/740
f 741/741/741 687/687/687 740/740/740
f 740/740/740 739/739/739 742/742/742
f 739/739/739 743/743/743 742/742/742
f 743/743/743 739/739/739 737/737/737
f 743/743/743 737/737/737 744/744/744
f 745/745/745 743/743/743 744/744/744
f 744/744/744 746/746/746 745/745/745
f 749/749/749 748/748/748 747/747/747
f 750/750/750 749/749/749 747/747/747
f 753/753/753 752/752/752 751/751/751
f 754/754/754 752/752/752 753/753/753
f 755/755/755 754/754/754 753/753/753
f 754/754/754 756/756/756 752/752/752
f 756/756/756 757/757/757 752/752/752
f 758/758/758 756/756/756 754/754/754
f 759/759/759 754/754/754 755/755/755
f 759/759/759 758/758/758 754/754/754
f 760/760/760 759/759/759 755/755/755
f 761/761/761 758/758/758 759/759/759
f 762/762/762 759/759/759 760/760/760
f 762/762/762 761/761/761 759/759/759
f 763/763/763 761/761/761 762/762/762
f 764/764/764 762/762/762 760/760/760
f 765/765/765 763/763/763 762/762/762
f 765/765/765 762/762/762 764/764/764
f 766/766/766 765/765/765 764/764/764
f 767/767/767 765/765/765 766/766/766
f 768/768/768 767/767/767 766/766/766
f 771/771/771 770/770/770 769/769/769
f 772/772/772 771/771/771 769/769/769
f 773/773/773 771/771/771 772/772/772
f 772/772/772 769/769/769 774/774/774
f 769/769/769 775/775/775 774/774/774
f 775/775/775 776/776/776 774/774/774
f 777/777/777 773/773/773 772/772/772
f 778/778/778 773/773/773 777/777/777
f 776/776/776 779/779/779 774/774/774
f 776/776/776 780/780/780 779/779/779
f 772/772/772 774/774/774 781/781/781
f 777/777/777 772/772/772 781/781/781
f 774/774/774 779/779/779 781/781/781
f 782/782/782 778/778/778 777/777/777
f 783/783/783 778/778/778 782/782/782
f 784/784/784 783/783/783 782/782/782
f 784/784/784 782/782/782 785/785/785
f 782/782/782 777/777/777 786/786/786
f 782/782/782 786/786/786 785/785/785
f 777/777/777 781/781/781 786/786/786
f 786/786/786 787/787/787 785/785/785
f 781/781/781 788/788/788 786/786/786
f 779/779/779 788/788/788 781/781/781
f 788/788/788 787/787/787 786/786/786
f 780/780/780 789/789/789 779/779/779
f 779/779/779 789/789/789 788/788/788
f 780/780/780 790/790/790 789/789/789
f 788/788/788 791/791/791 787/787/787
f 789/789/789 791/791/791 788/788/788
f 791/791/791 792/792/792 787/787/787
f 790/790/790 793/793/793 789/789/789
f 789/789/789 793/793/793 791/791/791
f 790/790/790 794/794/794 793/793/793
f 791/791/791 795/795/795 792/792/792
f 793/793/793 795/795/795 791/791/791
f 795/795/795 796/796/796 792/792/792
f 794/794/794 797/797/797 793/793/793
f 793/793/793 797/797/797 795/795/795
f 794/794/794 798/798/798 797/797/797
f 798/798/798 799/799/799 797/797/797
f 795/795/795 800/800/800 796/796/796
f 797/797/797 800/800/800 795/795/795
f 797/797/797 799/799/799 800/800/800
f 800/800/800 801/801/801 796/796/796
f 799/799/799 802/802/802 800/800/800
f 800/800/800 802/802/802 801/801/801
f 799/799/799 803/803/803 802/802/802
f 803/803/803 804/804/804 802/802/802
f 802/802/802 805/805/805 801/801/801
f 802/802/802 804/804/804 805/805/805
f 801/801/801 805/805/805 806/806/806
f 804/804/804 807/807/807 805/805/805
f 805/805/805 808/808/808 806/806/806
f 805/805/805 807/807/807 808/808/808
f 811/811/811 810/810/810 809/809/809
f 809/809/809 810/810/810 812/812/812
f 810/810/810 813/813/813 812/812/812
f 809/809/809 812/812/812 814/814/814
f 815/815/815 809/809/809 814/814/814
f 812/812/812 813/813/813 816/816/816
f 813/813/813 817/817/817 816/816/816
f 816/816/816 817/817/817 818/818/818
f 817/817/817 819/819/819 818/818/818
f 816/816/816 818/818/818 820/820/820
f 812/812/812 816/816/816 821/821/821
f 821/821/821 816/816/816 820/820/820
f 814/814/814 812/812/812 821/821/821
f 821/821/821 820/820/820 822/822/822
f 815/815/815 814/814/814 823/823/823
f 824/824/824 815/815/815 823/823/823
f 825/825/825 824/824/824 823/823/823
f 826/826/826 825/825/825 823/823/823
f 814/814/814 821/821/821 827/827/827
f 823/823/823 814/814/814 827/827/827
f 827/827/827 821/821/821 822/822/822
f 826/826/826 823/823/823 827/827/827
f 828/828/828 827/827/827 822/822/822
f 828/828/828 826/826/826 827/827/827
f 829/829/829 828/828/828 822/822/822
f 830/830/830 826/826/826 828/828/828
f 831/831/831 830/830/830 828/828/828
f 832/832/832 830/830/830 831/831/831
f 833/833/833 832/832/832 831/831/831
f 834/834/834 832/832/832 833/833/833
f 835/835/835 834/834/834 833/833/833
f 838/838/838 837/837/837 836/836/836
f 837/837/837 839/839/839 836/836/836
f 837/837/837 840/840/840 839/839/839
f 841/841/841 840/840/840 837/837/837
f 842/842/842 841/841/841 837/837/837
f 845/845/845 844/844/844 843/843/843
f 846/846/846 845/845/845 843/843/843
f 847/847/847 846/846/846 843/843/843
f 848/848/848 847/847/847 843/843/843
f 849/849/849 847/847/847 848/848/848
f 849/849/849 850/850/850 847/847/847
f 847/847/847 851/851/851 846/846/846
f 850/850/850 851/851/851 847/847/847
f 852/852/852 850/850/850 849/849/849
f 853/853/853 852/852/852 849/849/849
f 852/852/852 854/854/854 850/850/850
f 854/854/854 855/855/855 850/850/850
f 850/850/850 855/855/855 851/851/851
f 856/856/856 852/852/852 853/853/853
f 857/857/857 856/856/856 853/853/853
f 856/856/856 858/858/858 852/852/852
f 855/855/855 859/859/859 851/851/851
f 855/855/855 860/860/860 859/859/859
f 860/860/860 861/861/861 859/859/859
f 851/851/851 862/862/862 846/846/846
f 851/851/851 859/859/859 862/862/862
f 859/859/859 861/861/861 863/863/863
f 859/859/859 863/863/863 862/862/862
f 861/861/861 864/864/864 863/863/863
f 864/864/864 865/865/865 863/863/863
f 865/865/865 866/866/866 863/863/863
f 863/863/863 866/866/866 862/862/862
f 865/865/865 867/867/867 866/866/866
f 862/862/862 868/868/868 846/846/846
f 866/866/866 868/868/868 862/862/862
f 868/868/868 845/845/845 846/846/846
f 867/867/867 869/869/869 866/866/866
f 866/866/866 869/869/869 868/868/868
f 867/867/867 870/870/870 869/869/869
f 870/870/870 871/871/871 869/869/869
f 869/869/869 871/871/871 872/872/872
f 869/869/869 872/872/872 868/868/868
f 868/868/868 872/872/872 845/845/845
f 872/872/872 873/873/873 845/845/845
f 876/876/876 875/875/875 874/874/874
f 877/877/877 876/876/876 874/874/874
f 878/878/878 876/876/876 877/877/877
f 879/879/879 878/878/878 877/877/877
f 879/879/879 877/877/877 880/880/880
f 881/881/881 879/879/879 880/880/880
f 880/880/880 877/877/877 882/882/882
f 877/877/877 874/874/874 882/882/882
f 880/880/880 882/882/882 883/883/883
f 883/883/883 882/882/882 884/884/884
f 882/882/882 874/874/874 885/885/885
f 882/882/882 885/885/885 884/884/884
f 874/874/874 886/886/886 885/885/885
f 886/886/886 887/887/887 885/885/885
f 885/885/885 888/888/888 884/884/884
f 887/887/887 888/888/888 885/885/885
f 887/887/887 889/889/889 888/888/888
f 888/888/888 890/890/890 884/884/884
f 889/889/889 891/891/891 888/888/888
f 888/888/888 891/891/891 890/890/890
f 891/891/891 892/892/892 890/890/890
f 895/895/895 894/894/894 893/893/893
f 896/896/896 895/895/895 893/893/893
f 896/896/896 893/893/893 897/897/897
f 898/898/898 896/896/896 897/897/897
f 898/898/898 897/897/897 899/899/899
f 900/900/900 898/898/898 899/899/899
f 899/899/899 897/897/897 901/901/901
f 897/897/897 902/902/902 901/901/901
f 901/901/901 902/902/902 903/903/903
f 900/900/900 899/899/899 904/904/904
f 905/905/905 900/900/900 904/904/904
f 899/899/899 901/901/901 906/906/906
f 904/904/904 899/899/899 906/906/906
f 905/905/905 904/904/904 907/907/907
f 908/908/908 905/905/905 907/907/907
f 907/907/907 904/904/904 909/909/909
f 904/904/904 906/906/906 909/909/909
f 909/909/909 906/906/906 910/910/910
f 906/906/906 911/911/911 910/910/910
f 906/906/906 901/901/901 911/911/911
f 901/901/901 903/903/903 911/911/911
f 911/911/911 903/903/903 912/912/912
f 903/903/903 913/913/913 912/912/912
f 913/913/913 914/914/914 912/912/912
f 914/914/914 915/915/915 912/912/912
f 914/914/914 916/916/916 915/915/915
f 916/916/916 917/917/917 915/915/915
f 920/920/920 919/919/919 918/918/918
f 919/919/919 921/921/921 918/918/918
f 919/919/919 922/922/922 921/921/921
f 918/918/918 921/921/921 923/923/923
f 922/922/922 924/924/924 921/921/921
f 921/921/921 925/925/925 923/923/923
f 921/921/921 924/924/924 925/925/925
f 923/923/923 925/925/925 926/926/926
f 924/924/924 927/927/927 925/925/925
f 925/925/925 928/928/928 926/926/926
f 925/925/925 927/927/927 928/928/928
f 931/931/931 930/930/930 929/929/929
f 932/932/932 931/931/931 929/929/929
f 933/933/933 931/931/931 932/932/932
f 934/934/934 933/933/933 932/932/932
f 934/934/934 932/932/932 935/935/935
f 936/936/936 934/934/934 935/935/935
f 939/939/939 938/938/938 937/937/937
f 940/940/940 939/939/939 937/937/937
f 940/940/940 937/937/937 941/941/941
f 942/942/942 939/939/939 940/940/940
f 943/943/943 940/940/940 941/941/941
f 943/943/943 941/941/941 944/944/944
f 945/945/945 942/942/942 940/940/940
f 945/945/945 940/940/940 943/943/943
f 946/946/946 942/942/942 945/945/945
f 947/947/947 946/946/946 945/945/945
f 948/948/948 946/946/946 947/947/947
f 947/947/947 945/945/945 949/949/949
f 949/949/949 945/945/945 943/943/943
f 950/950/950 947/947/947 949/949/949
f 951/951/951 943/943/943 944/944/944
f 949/949/949 943/943/943 951/951/951
f 950/950/950 949/949/949 952/952/952
f 952/952/952 949/949/949 951/951/951
f 953/953/953 950/950/950 952/952/952
f 954/954/954 953/953/953 952/952/952
f 955/955/955 954/954/954 952/952/952
f 955/955/955 952/952/952 951/951/951
f 956/956/956 951/951/951 944/944/944
f 956/956/956 955/955/955 951/951/951
f 957/957/957 956/956/956 944/944/944
f 958/958/958 955/955/955 956/956/956
f 959/959/959 956/956/956 957/957/957
f 959/959/959 958/958/958 956/956/956
f 960/960/960 959/959/959 957/957/957
f 961/961/961 958/958/958 959/959/959
f 964/964/964 963/963/963 962/962/962
f 962/962/962 963/963/963 965/965/965
f 963/963/963 966/966/966 965/965/965
f 966/966/966 967/967/967 965/965/965
f 967/967/967 968/968/968 965/965/965
f 962/962/962 965/965/965 969/969/969
f 965/965/965 968/968/968 969/969/969
f 970/970/970 962/962/962 969/969/969
f 968/968/968 971/971/971 969/969/969
f 968/968/968 972/972/972 971/971/971
f 972/972/972 973/973/973 971/971/971
f 974/974/974 962/962/962 970/970/970
f 975/975/975 974/974/974 970/970/970
f 976/976/976 974/974/974 975/975/975
f 977/977/977 976/976/976 975/975/975
f 977/977/977 975/975/975 978/978/978
f 979/979/979 977/977/977 978/978/978
f 980/980/980 976/976/976 977/977/977
f 980/980/980 981/981/981 976/976/976
f 982/982/982 980/980/980 977/977/977
f 982/982/982 977/977/977 979/979/979
f 983/983/983 982/982/982 979/979/979
f 983/983/983 979/979/979 984/984/984
f 987/987/987 986/986/986 985/985/985
f 988/988/988 986/986/986 987/987/987
f 989/989/989 988/988/988 987/987/987
f 990/990/990 988/988/988 989/989/989
f 990/990/990 991/991/991 988/988/988
f 988/988/988 992/992/992 986/986/986
f 991/991/991 992/992/992 988/988/988
f 992/992/992 993/993/993 986/986/986
f 991/991/991 994/994/994 992/992/992
f 992/992/992 995/995/995 993/993/993
f 994/994/994 995/995/995 992/992/992
f 998/998/998 997/997/997 996/996/996
f 997/997/997 999/999/999 996/996/996
f 996/996/996 999/999/999 1000/1000/1000
f 999/999/999 1001/1001/1001 1000/1000/1000
f 1000/1000/1000 1001/1001/1001 1002/1002/1002
f 1001/1001/1001 1003/1003/1003 1002/1002/1002
f 1003/1003/1003 1005/1005/1005 1004/1004/1004
f 1005/1005/1005 1006/1006/1006 1004/1004/1004
f 1006/1006/1006 1007/1007/1007 1004/1004/1004
f 1007/1007/1007 1008/1008/1008 1004/1004/1004
f 1007/1007/1007 1009/1009/1009 1008/1008/1008
f 1009/1009/1009 1010/1010/1010 1008/1008/1008
f 1013/1013/1013 1012/1012/1012 1011/1011/1011
f 1014/1014/1014 1013/1013/1013 1011/1011/1011
f 1015/1015/1015 1013/1013/1013 1014/1014/1014
f 1016/1016/1016 1015/1015/1015 1014/1014/1014
f 1017/1017/1017 1015/1015/1015 1016/1016/1016
f 1018/1018/1018 1017/1017/1017 1016/1016/1016
f 1021/1021/1021 1020/1020/1020 1019/1019/1019
f 1022/1022/1022 1021/1021/1021 1019/1019/1019
f 1023/1023/1023 1021/1021/1021 1022/1022/1022
f 1022/1022/1022 1019/1019/1019 1024/1024/1024
f 1019/1019/1019 1025/1025/1025 1024/1024/1024
f 1026/1026/1026 1023/1023/1023 1022/1022/1022
f 1027/1027/1027 1023/1023/1023 1026/1026/1026
f 1026/1026/1026 1022/1022/1022 1028/1028/1028
f 1028/1028/1028 1022/1022/1022 1024/1024/1024
f 1029/1029/1029 1026/1026/1026 1028/1028/1028
f 1030/1030/1030 1026/1026/1026 1029/1029/1029
f 1028/1028/1028 1024/1024/1024 1031/1031/1031
f 1025/1025/1025 1032/1032/1032 1024/1024/1024
f 1024/1024/1024 1032/1032/1032 1031/1031/1031
f 1029/1029/1029 1028/1028/1028 1033/1033/1033
f 1033/1033/1033 1028/1028/1028 1031/1031/1031
f 1034/1034/1034 1030/1030/1030 1029/1029/1029
f 1035/1035/1035 1029/1029/1029 1033/1033/1033
f 1034/1034/1034 1029/1029/1029 1035/1035/1035
f 1036/1036/1036 1030/1030/1030 1034/1034/1034
f 1036/1036/1036 1037/1037/1037 1030/1030/1030
f 1038/1038/1038 1037/1037/1037 1036/1036/1036
f 1038/1038/1038 1039/1039/1039 1037/1037/1037
f 1040/1040/1040 1038/1038/1038 1036/1036/1036
f 1041/1041/1041 1038/1038/1038 1040/1040/1040
f 1042/1042/1042 1036/1036/1036 1034/1034/1034
f 1040/1040/1040 1036/1036/1036 1042/1042/1042
f 1043/1043/1043 1041/1041/1041 1040/1040/1040
f 1044/1044/1044 1041/1041/1041 1043/1043/1043
f 1043/1043/1043 1040/1040/1040 1045/1045/1045
f 1045/1045/1045 1040/1040/1040 1042/1042/1042
f 1046/1046/1046 1043/1043/1043 1045/1045/1045
f 1042/1042/1042 1034/1034/1034 1047/1047/1047
f 1047/1047/1047 1034/1034/1034 1035/1035/1035
f 1045/1045/1045 1042/1042/1042 1048/1048/1048
f 1048/1048/1048 1042/1042/1042 1047/1047/1047
f 1049/1049/1049 1045/1045/1045 1048/1048/1048
f 1049/1049/1049 1048/1048/1048 1050/1050/1050
f 1051/1051/1051 1049/1049/1049 1050/1050/1050
f 1050/1050/1050 1048/1048/1048 1052/1052/1052
f 1048/1048/1048 1047/1047/1047 1052/1052/1052
f 1052/1052/1052 1047/1047/1047 1053/1053/1053
f 1047/1047/1047 1035/1035/1035 1053/1053/1053
f 1053/1053/1053 1035/1035/1035 1054/1054/1054
f 1035/1035/1035 1033/1033/1033 1054/1054/1054
f 1054/1054/1054 1033/1033/1033 1055/1055/1055
f 1033/1033/1033 1031/1031/1031 1055/1055/1055
f 1031/1031/1031 1056/1056/1056 1055/1055/1055
f 1056/1056/1056 1057/1057/1057 1055/1055/1055
f 1058/1058/1058 1057/1057/1057 1056/1056/1056
f 1059/1059/1059 1058/1058/1058 1056/1056/1056
f 1032/1032/1032 1056/1056/1056 1031/1031/1031
f 1059/1059/1059 1056/1056/1056 1032/1032/1032
f 1060/1060/1060 1059/1059/1059 1032/1032/1032
f 1060/1060/1060 1032/1032/1032 1025/1025/1025
f 1061/1061/1061 1060/1060/1060 1025/1025/1025
f 1061/1061/1061 1025/1025/1025 1062/1062/1062
f 1063/1063/1063 1061/1061/1061 1062/1062/1062
f 1066/1066/1066 1065/1065/1065 1064/1064/1064
f 1067/1067/1067 1065/1065/1065 1066/1066/1066
f 1067/1067/1067 1068/1068/1068 1065/1065/1065
f 1069/1069/1069 1068/1068/1068 1067/1067/1067
f 1069/1069/1069 1070/1070/1070 1068/1068/1068
f 1068/1068/1068 1071/1071/1071 1065/1065/1065
f 1065/1065/1065 1071/1071/1071 1072/1072/1072
f 1070/1070/1070 1073/1073/1073 1068/1068/1068
f 1068/1068/1068 1073/1073/1073 1071/1071/1071
f 1070/1070/1070 1074/1074/1074 1073/1073/1073
f 1071/1071/1071 1075/1075/1075 1072/1072/1072
f 1072/1072/1072 1075/1075/1075 1076/1076/1076
f 1073/1073/1073 1077/1077/1077 1071/1071/1071
f 1071/1071/1071 1077/1077/1077 1075/1075/1075
f 1074/1074/1074 1078/1078/1078 1073/1073/1073
f 1073/1073/1073 1078/1078/1078 1077/1077/1077
f 1074/1074/1074 1079/1079/1079 1078/1078/1078
f 1079/1079/1079 1080/1080/1080 1078/1078/1078
f 1078/1078/1078 1080/1080/1080 1081/1081/1081
f 1078/1078/1078 1081/1081/1081 1077/1077/1077
f 1080/1080/1080 1082/1082/1082 1081/1081/1081
f 1075/1075/1075 1083/1083/1083 1076/1076/1076
f 1076/1076/1076 1083/1083/1083 1084/1084/1084
f 1077/1077/1077 1085/1085/1085 1075/1075/1075
f 1077/1077/1077 1081/1081/1081 1085/1085/1085
f 1075/1075/1075 1085/1085/1085 1083/1083/1083
f 1081/1081/1081 1082/1082/1082 1086/1086/1086
f 1081/1081/1081 1086/1086/1086 1085/1085/1085
f 1082/1082/1082 1087/1087/1087 1086/1086/1086
f 1085/1085/1085 1088/1088/1088 1083/1083/1083
f 1085/1085/1085 1086/1086/1086 1088/1088/1088
f 1086/1086/1086 1087/1087/1087 1089/1089/1089
f 1086/1086/1086 1089/1089/1089 1088/1088/1088
f 1087/1087/1087 1090/1090/1090 1089/1089/1089
f 1083/1083/1083 1088/1088/1088 1091/1091/1091
f 1083/1083/1083 1091/1091/1091 1084/1084/1084
f 1088/1088/1088 1089/1089/1089 1092/1092/1092
f 1088/1088/1088 1092/1092/1092 1091/1091/1091
f 1089/1089/1089 1090/1090/1090 1093/1093/1093
f 1089/1089/1089 1093/1093/1093 1092/1092/1092
f 1090/1090/1090 1094/1094/1094 1093/1093/1093
f 1094/1094/1094 1095/1095/1095 1093/1093/1093
f 1093/1093/1093 1096/1096/1096 1092/1092/1092
f 1095/1095/1095 1096/1096/1096 1093/1093/1093
f 1092/1092/1092 1097/1097/1097 1091/1091/1091
f 1096/1096/1096 1097/1097/1097 1092/1092/1092
f 1098/1098/1098 1096/1096/1096 1095/1095/1095
f 1099/1099/1099 1098/1098/1098 1095/1095/1095
f 1098/1098/1098 1100/1100/1100 1096/1096/1096
f 1100/1100/1100 1097/1097/1097 1096/1096/1096
f 1100/1100/1100 1101/1101/1101 1097/1097/1097
f 1097/1097/1097 1102/1102/1102 1091/1091/1091
f 1101/1101/1101 1102/1102/1102 1097/1097/1097
f 1101/1101/1101 1103/1103/1103 1102/1102/1102
f 1091/1091/1091 1102/1102/1102 1084/1084/1084
f 1103/1103/1103 1104/1104/1104 1102/1102/1102
f 1102/1102/1102 1104/1104/1104 1084/1084/1084
f 1084/1084/1084 1104/1104/1104 1105/1105/1105
f 1104/1104/1104 1106/1106/1106 1105/1105/1105
f 1109/1109/1109 1108/1108/1108 1107/1107/1107
f 1110/1110/1110 1109/1109/1109 1107/1107/1107
f 1111/1111/1111 1109/1109/1109 1110/1110/1110
f 1112/1112/1112 1111/1111/1111 1110/1110/1110
f 1112/1112/1112 1110/1110/1110 1113/1113/1113
f 1114/1114/1114 1112/1112/1112 1113/1113/1113
f 1115/1115/1115 1111/1111/1111 1112/1112/1112
f 1115/1115/1115 1116/1116/1116 1111/1111/1111
f 1116/1116/1116 1117/1117/1117 1111/1111/1111
f 1118/1118/1118 1115/1115/1115 1112/1112/1112
f 1118/1118/1118 1112/1112/1112 1114/1114/1114
f 1119/1119/1119 1118/1118/1118 1114/1114/1114
f 1119/1119/1119 1114/1114/1114 1120/1120/1120
f 1121/1121/1121 1118/1118/1118 1119/1119/1119
f 1121/1121/1121 1122/1122/1122 1118/1118/1118
f 1123/1123/1123 1121/1121/1121 1119/1119/1119
f 1124/1124/1124 1119/1119/1119 1120/1120/1120
f 1124/1124/1124 1120/1120/1120 1125/1125/1125
f 1126/1126/1126 1124/1124/1124 1125/1125/1125
f 1126/1126/1126 1125/1125/1125 1127/1127/1127
f 1130/1130/1130 1129/1129/1129 1128/1128/1128
f 1131/1131/1131 1130/1130/1130 1128/1128/1128
f 1131/1131/1131 1128/1128/1128 1132/1132/1132
f 1133/1133/1133 1131/1131/1131 1132/1132/1132
f 1134/1134/1134 1131/1131/1131 1133/1133/1133
f 1135/1135/1135 1134/1134/1134 1133/1133/1133
f 1135/1135/1135 1133/1133/1133 1136/1136/1136
f 1136/1136/1136 1133/1133/1133 1137/1137/1137
f 1138/1138/1138 1135/1135/1135 1136/1136/1136
f 1139/1139/1139 1135/1135/1135 1138/1138/1138
f 1140/1140/1140 1139/1139/1139 1138/1138/1138
f 1140/1140/1140 1138/1138/1138 1141/1141/1141
f 1142/1142/1142 1140/1140/1140 1141/1141/1141
f 1141/1141/1141 1138/1138/1138 1143/1143/1143
f 1138/1138/1138 1136/1136/1136 1143/1143/1143
f 1143/1143/1143 1136/1136/1136 1144/1144/1144
f 1136/1136/1136 1137/1137/1137 1144/1144/1144
f 1144/1144/1144 1137/1137/1137 1145/1145/1145
f 1137/1137/1137 1146/1146/1146 1145/1145/1145
f 1145/1145/1145 1146/1146/1146 1147/1147/1147
f 1146/1146/1146 1148/1148/1148 1147/1147/1147
f 1146/1146/1146 1149/1149/1149 1148/1148/1148
f 1149/1149/1149 1150/1150/1150 1148/1148/1148
f 1150/1150/1150 1151/1151/1151 1148/1148/1148
f 1151/1151/1151 1152/1152/1152 1148/1148/1148
f 1148/1148/1148 1152/1152/1152 1147/1147/1147
f 1152/1152/1152 1153/1153/1153 1147/1147/1147
f 1154/1154/1154 1153/1153/1153 1152/1152/1152
f 1155/1155/1155 1154/1154/1154 1152/1152/1152
f 1158/1158/1158 1157/1157/1157 1156/1156/1156
f 1157/1157/1157 1159/1159/1159 1156/1156/1156
f 1157/1157/1157 1160/1160/1160 1159/1159/1159
f 1156/1156/1156 1159/1159/1159 1161/1161/1161
f 1160/1160/1160 1162/1162/1162 1159/1159/1159
f 1159/1159/1159 1163/1163/1163 1161/1161/1161
f 1159/1159/1159 1162/1162/1162 1163/1163/1163
f 1162/1162/1162 1164/1164/1164 1163/1163/1163
f 1161/1161/1161 1163/1163/1163 1165/1165/1165
f 1163/1163/1163 1166/1166/1166 1165/1165/1165
f 1165/1165/1165 1166/1166/1166 1167/1167/1167
f 1166/1166/1166 1168/1168/1168 1167/1167/1167
f 1167/1167/1167 1168/1168/1168 1169/1169/1169
f 1168/1168/1168 1170/1170/1170 1169/1169/1169
f 1168/1168/1168 1171/1171/1171 1170/1170/1170
f 1171/1171/1171 1172/1172/1172 1170/1170/1170
f 1172/1172/1172 1173/1173/1173 1170/1170/1170
f 1173/1173/1173 1174/1174/1174 1170/1170/1170
f 1170/1170/1170 1174/1174/1174 1169/1169/1169
f 1174/1174/1174 1175/1175/1175 1169/1169/1169
f 1176/1176/1176 1175/1175/1175 1174/1174/1174
f 1177/1177/1177 1176/1176/1176 1174/1174/1174
f 1180/1180/1180 1179/1179/1179 1178/1178/1178
f 1178/1178/1178 1179/1179/1179 1181/1181/1181
f 1179/1179/1179 1182/1182/1182 1181/1181/1181
f 1179/1179/1179 1183/1183/1183 1182/1182/1182
f 1183/1183/1183 1184/1184/1184 1182/1182/1182
f 1183/1183/1183 1185/1185/1185 1184/1184/1184
f 1185/1185/1185 1186/1186/1186 1184/1184/1184
f 1182/1182/1182 1184/1184/1184 1187/1187/1187
f 1184/1184/1184 1186/1186/1186 1188/1188/1188
f 1184/1184/1184 1188/1188/1188 1187/1187/1187
f 1186/1186/1186 1189/1189/1189 1188/1188/1188
f 1189/1189/1189 1190/1190/1190 1188/1188/1188
f 1188/1188/1188 1191/1191/1191 1187/1187/1187
f 1190/1190/1190 1191/1191/1191 1188/1188/1188
f 1191/1191/1191 1192/1192/1192 1187/1187/1187
f 1193/1193/1193 1191/1191/1191 1190/1190/1190
f 1194/1194/1194 1193/1193/1193 1190/1190/1190
f 1193/1193/1193 1195/1195/1195 1191/1191/1191
f 1195/1195/1195 1192/1192/1192 1191/1191/1191
f 1195/1195/1195 1196/1196/1196 1192/1192/1192
f 1196/1196/1196 1197/1197/1197 1192/1192/1192
f 1200/1200/1200 1199/1199/1199 1198/1198/1198
f 1199/1199/1199 1201/1201/1201 1198/1198/1198
f 1198/1198/1198 1201/1201/1201 1202/1202/1202
f 1201/1201/1201 1203/1203/1203 1202/1202/1202
f 1199/1199/1199 1204/1204/1204 1201/1201/1201
f 1201/1201/1201 1205/1205/1205 1203/1203/1203
f 1204/1204/1204 1205/1205/1205 1201/1201/1201
f 1206/1206/1206 1204/1204/1204 1199/1199/1199
f 1207/1207/1207 1206/1206/1206 1199/1199/1199
f 1208/1208/1208 1206/1206/1206 1207/1207/1207
f 1209/1209/1209 1208/1208/1208 1207/1207/1207
f 1208/1208/1208 1210/1210/1210 1206/1206/1206
f 1210/1210/1210 1211/1211/1211 1206/1206/1206
f 1206/1206/1206 1211/1211/1211 1204/1204/1204
f 1211/1211/1211 1212/1212/1212 1204/1204/1204
f 1204/1204/1204 1212/1212/1212 1205/1205/1205
f 1211/1211/1211 1213/1213/1213 1212/1212/1212
f 1213/1213/1213 1214/1214/1214 1212/1212/1212
f 1212/1212/1212 1214/1214/1214 1215/1215/1215
f 1212/1212/1212 1215/1215/1215 1205/1205/1205
f 1214/1214/1214 1216/1216/1216 1215/1215/1215
f 1205/1205/1205 1217/1217/1217 1203/1203/1203
f 1205/1205/1205 1215/1215/1215 1217/1217/1217
f 1203/1203/1203 1217/1217/1217 1218/1218/1218
f 1215/1215/1215 1216/1216/1216 1219/1219/1219
f 1215/1215/1215 1219/1219/1219 1217/1217/1217
f 1216/1216/1216 1220/1220/1220 1219/1219/1219
f 1217/1217/1217 1221/1221/1221 1218/1218/1218
f 1217/1217/1217 1219/1219/1219 1221/1221/1221
f 1219/1219/1219 1220/1220/1220 1222/1222/1222
f 1219/1219/1219 1222/1222/1222 1221/1221/1221
f 1220/1220/1220 1223/1223/1223 1222/1222/1222
f 1223/1223/1223 1224/1224/1224 1222/1222/1222
f 1221/1221/1221 1225/1225/1225 1218/1218/1218
f 1225/1225/1225 1226/1226/1226 1218/1218/1218
f 1222/1222/1222 1227/1227/1227 1221/1221/1221
f 1224/1224/1224 1227/1227/1227 1222/1222/1222
f 1227/1227/1227 1225/1225/1225 1221/1221/1221
f 1228/1228/1228 1227/1227/1227 1224/1224/1224
f 1229/1229/1229 1228/1228/1228 1224/1224/1224
f 1228/1228/1228 1230/1230/1230 1227/1227/1227
f 1230/1230/1230 1225/1225/1225 1227/1227/1227
f 1230/1230/1230 1231/1231/1231 1225/1225/1225
f 1231/1231/1231 1226/1226/1226 1225/1225/1225
f 1231/1231/1231 1232/1232/1232 1226/1226/1226
f 1232/1232/1232 1233/1233/1233 1226/1226/1226
f 1236/1236/1236 1235/1235/1235 1234/1234/1234
f 1236/1236/1236 1234/1234/1234 1237/1237/1237
f 1237/1237/1237 1234/1234/1234 1238/1238/1238
f 1234/1234/1234 1239/1239/1239 1238/1238/1238
f 1240/1240/1240 1236/1236/1236 1237/1237/1237
f 1241/1241/1241 1236/1236/1236 1240/1240/1240
f 1242/1242/1242 1241/1241/1241 1240/1240/1240
f 1242/1242/1242 1240/1240/1240 1243/1243/1243
f 1244/1244/1244 1242/1242/1242 1243/1243/1243
f 1243/1243/1243 1240/1240/1240 1245/1245/1245
f 1240/1240/1240 1237/1237/1237 1245/1245/1245
f 1245/1245/1245 1237/1237/1237 1246/1246/1246
f 1237/1237/1237 1238/1238/1238 1246/1246/1246
f 1246/1246/1246 1238/1238/1238 1247/1247/1247
f 1238/1238/1238 1239/1239/1239 1248/1248/1248
f 1238/1238/1238 1248/1248/1248 1247/1247/1247
f 1239/1239/1239 1249/1249/1249 1248/1248/1248
f 1247/1247/1247 1248/1248/1248 1250/1250/1250
f 1248/1248/1248 1249/1249/1249 1251/1251/1251
f 1248/1248/1248 1251/1251/1251 1250/1250/1250
f 1249/1249/1249 1252/1252/1252 1251/1251/1251
f 1252/1252/1252 1253/1253/1253 1251/1251/1251
f 1253/1253/1253 1254/1254/1254 1251/1251/1251
f 1251/1251/1251 1254/1254/1254 1250/1250/1250
f 1254/1254/1254 1255/1255/1255 1250/1250/1250
f 1256/1256/1256 1255/1255/1255 1254/1254/1254
f 1257/1257/1257 1256/1256/1256 1254/1254/1254
f 1260/1260/1260 1259/1259/1259 1258/1258/1258
f 1259/1259/1259 1261/1261/1261 1258/1258/1258
f 1259/1259/1259 1262/1262/1262 1261/1261/1261
f 1262/1262/1262 1263/1263/1263 1261/1261/1261
f 1261/1261/1261 1263/1263/1263 1264/1264/1264
f 1261/1261/1261 1264/1264/1264 1265/1265/1265
f 1263/1263/1263 1266/1266/1266 1264/1264/1264
f 1265/1265/1265 1264/1264/1264 1267/1267/1267
f 1264/1264/1264 1266/1266/1266 1268/1268/1268
f 1264/1264/1264 1268/1268/1268 1267/1267/1267
f 1266/1266/1266 1269/1269/1269 1268/1268/1268
f 1267/1267/1267 1268/1268/1268 1270/1270/1270
f 1268/1268/1268 1269/1269/1269 1271/1271/1271
f 1268/1268/1268 1271/1271/1271 1270/1270/1270
f 1269/1269/1269 1272/1272/1272 1271/1271/1271
f 1270/1270/1270 1271/1271/1271 1273/1273/1273
f 1271/1271/1271 1272/1272/1272 1274/1274/1274
f 1271/1271/1271 1274/1274/1274 1273/1273/1273
f 1272/1272/1272 1275/1275/1275 1274/1274/1274
f 1275/1275/1275 1276/1276/1276 1274/1274/1274
f 1274/1274/1274 1277/1277/1277 1273/1273/1273
f 1276/1276/1276 1277/1277/1277 1274/1274/1274
f 1277/1277/1277 1278/1278/1278 1273/1273/1273
f 1279/1279/1279 1277/1277/1277 1276/1276/1276
f 1280/1280/1280 1279/1279/1279 1276/1276/1276
f 1279/1279/1279 1281/1281/1281 1277/1277/1277
f 1281/1281/1281 1278/1278/1278 1277/1277/1277
f 1281/1281/1281 1282/1282/1282 1278/1278/1278
f 1282/1282/1282 1283/1283/1283 1278/1278/1278
f 1286/1286/1286 1285/1285/1285 1284/1284/1284
f 1285/1285/1285 1287/1287/1287 1284/1284/1284
f 1284/1284/1284 1287/1287/1287 1288/1288/1288
f 1287/1287/1287 1289/1289/1289 1288/1288/1288
f 1288/1288/1288 1289/1289/1289 1290/1290/1290
f 1289/1289/1289 1291/1291/1291 1290/1290/1290
f 1290/1290/1290 1291/1291/1291 1292/1292/1292
f 1291/1291/1291 1293/1293/1293 1292/1292/1292
f 1292/1292/1292 1293/1293/1293 1294/1294/1294
f 1285/1285/1285 1295/1295/1295 1287/1287/1287
f 1296/1296/1296 1295/1295/1295 1285/1285/1285
f 1297/1297/1297 1296/1296/1296 1285/1285/1285
f 1295/1295/1295 1298/1298/1298 1287/1287/1287
f 1287/1287/1287 1298/1298/1298 1289/1289/1289
f 1295/1295/1295 1299/1299/1299 1298/1298/1298
f 1299/1299/1299 1300/1300/1300 1298/1298/1298
f 1298/1298/1298 1301/1301/1301 1289/1289/1289
f 1298/1298/1298 1300/1300/1300 1301/1301/1301
f 1289/1289/1289 1301/1301/1301 1291/1291/1291
f 1300/1300/1300 1302/1302/1302 1301/1301/1301
f 1301/1301/1301 1303/1303/1303 1291/1291/1291
f 1301/1301/1301 1302/1302/1302 1303/1303/1303
f 1291/1291/1291 1303/1303/1303 1293/1293/1293
f 1302/1302/1302 1304/1304/1304 1303/1303/1303
f 1303/1303/1303 1304/1304/1304 1305/1305/1305
f 1303/1303/1303 1305/1305/1305 1293/1293/1293
f 1304/1304/1304 1306/1306/1306 1305/1305/1305
f 1293/1293/1293 1305/1305/1305 1307/1307/1307
f 1293/1293/1293 1307/1307/1307 1294/1294/1294
f 1305/1305/1305 1306/1306/1306 1308/1308/1308
f 1305/1305/1305 1308/1308/1308 1307/1307/1307
f 1306/1306/1306 1309/1309/1309 1308/1308/1308
f 1309/1309/1309 1310/1310/1310 1308/1308/1308
f 1307/1307/1307 1311/1311/1311 1294/1294/1294
f 1311/1311/1311 1312/1312/1312 1294/1294/1294
f 1313/1313/1313 1312/1312/1312 1311/1311/1311
f 1314/1314/1314 1313/1313/1313 1311/1311/1311
f 1308/1308/1308 1315/1315/1315 1307/1307/1307
f 1315/1315/1315 1311/1311/1311 1307/1307/1307
f 1314/1314/1314 1311/1311/1311 1315/1315/1315
f 1310/1310/1310 1315/1315/1315 1308/1308/1308
f 1316/1316/1316 1314/1314/1314 1315/1315/1315
f 1316/1316/1316 1315/1315/1315 1310/1310/1310
f 1317/1317/1317 1316/1316/1316 1310/1310/1310
f 1320/1320/1320 1319/1319/1319 1318/1318/1318
f 1321/1321/1321 1320/1320/1320 1318/1318/1318
f 1322/1322/1322 1320/1320/1320 1321/1321/1321
f 1323/1323/1323 1322/1322/1322 1321/1321/1321
f 1323/1323/1323 1321/1321/1321 1324/1324/1324
f 1325/1325/1325 1323/1323/1323 1324/1324/1324
f 1321/1321/1321 1318/1318/1318 1326/1326/1326
f 1324/1324/1324 1321/1321/1321 1326/1326/1326
f 1326/1326/1326 1318/1318/1318 1327/1327/1327
f 1318/1318/1318 1328/1328/1328 1327/1327/1327
f 1324/1324/1324 1326/1326/1326 1329/1329/1329
f 1325/1325/1325 1324/1324/1324 1330/1330/1330
f 1330/1330/1330 1324/1324/1324 1329/1329/1329
f 1331/1331/1331 1325/1325/1325 1330/1330/1330
f 1330/1330/1330 1329/1329/1329 1332/1332/1332
f 1331/1331/1331 1330/1330/1330 1333/1333/1333
f 1333/1333/1333 1330/1330/1330 1332/1332/1332
f 1334/1334/1334 1331/1331/1331 1333/1333/1333
f 1333/1333/1333 1332/1332/1332 1335/1335/1335
f 1336/1336/1336 1333/1333/1333 1335/1335/1335
f 1339/1339/1339 1338/1338/1338 1337/1337/1337
f 1338/1338/1338 1244/1244/1244 1337/1337/1337
f 1342/1342/1342 1341/1341/1341 1340/1340/1340
f 1343/1343/1343 1342/1342/1342 1340/1340/1340
f 1343/1343/1343 1340/1340/1340 1344/1344/1344
f 1345/1345/1345 1343/1343/1343 1344/1344/1344
f 1342/1342/1342 1343/1343/1343 1346/1346/1346
f 1343/1343/1343 1345/1345/1345 1347/1347/1347
f 1343/1343/1343 1347/1347/1347 1346/1346/1346
f 1345/1345/1345 1348/1348/1348 1347/1347/1347
f 1345/1345/1345 1349/1349/1349 1348/1348/1348
f 1349/1349/1349 1350/1350/1350 1348/1348/1348
f 1346/1346/1346 1347/1347/1347 1351/1351/1351
f 1347/1347/1347 1352/1352/1352 1351/1351/1351
f 1342/1342/1342 1346/1346/1346 1353/1353/1353
f 1353/1353/1353 1346/1346/1346 1354/1354/1354
f 1355/1355/1355 1342/1342/1342 1353/1353/1353
f 1355/1355/1355 1353/1353/1353 1356/1356/1356
f 1357/1357/1357 1355/1355/1355 1356/1356/1356
f 1357/1357/1357 1356/1356/1356 1358/1358/1358
f 1359/1359/1359 1357/1357/1357 1358/1358/1358
f 1359/1359/1359 1358/1358/1358 1360/1360/1360
f 1361/1361/1361 1359/1359/1359 1360/1360/1360
f 1361/1361/1361 1360/1360/1360 1362/1362/1362
f 1363/1363/1363 1361/1361/1361 1362/1362/1362
f 1361/1361/1361 1363/1363/1363 1364/1364/1364
f 1363/1363/1363 1365/1365/1365 1364/1364/1364
f 1363/1363/1363 1366/1366/1366 1365/1365/1365
f 1366/1366/1366 1367/1367/1367 1365/1365/1365
f 1363/1363/1363 1362/1362/1362 1368/1368/1368
f 1366/1366/1366 1363/1363/1363 1369/1369/1369
f 1363/1363/1363 1368/1368/1368 1369/1369/1369
f 1366/1366/1366 1369/1369/1369 1370/1370/1370
f 1371/1371/1371 1366/1366/1366 1370/1370/1370
f 1370/1370/1370 1372/1372/1372 1371/1371/1371
f 1369/1369/1369 1368/1368/1368 1373/1373/1373
f 1368/1368/1368 1374/1374/1374 1373/1373/1373
f 1368/1368/1368 1362/1362/1362 1374/1374/1374
f 1362/1362/1362 1375/1375/1375 1374/1374/1374
f 1378/1378/1378 1377/1377/1377 1376/1376/1376
f 1377/1377/1377 1379/1379/1379 1376/1376/1376
f 1376/1376/1376 1379/1379/1379 1380/1380/1380
f 1377/1377/1377 1381/1381/1381 1379/1379/1379
f 1379/1379/1379 1382/1382/1382 1380/1380/1380
f 1381/1381/1381 1383/1383/1383 1379/1379/1379
f 1379/1379/1379 1383/1383/1383 1382/1382/1382
f 1381/1381/1381 1384/1384/1384 1383/1383/1383
f 1383/1383/1383 1385/1385/1385 1382/1382/1382
f 1384/1384/1384 1386/1386/1386 1383/1383/1383
f 1383/1383/1383 1386/1386/1386 1385/1385/1385
f 1384/1384/1384 1387/1387/1387 1386/1386/1386
f 1386/1386/1386 1388/1388/1388 1385/1385/1385
f 1387/1387/1387 1389/1389/1389 1386/1386/1386
f 1386/1386/1386 1389/1389/1389 1388/1388/1388
f 1389/1389/1389 1390/1390/1390 1388/1388/1388
f 1389/1389/1389 1391/1391/1391 1390/1390/1390
f 1391/1391/1391 1392/1392/1392 1390/1390/1390
f 1395/1395/1395 1394/1394/1394 1393/1393/1393
f 1394/1394/1394 1396/1396/1396 1393/1393/1393
f 1398/1398/1398 1397/1397/1397 1394/1394/1394
f 1397/1397/1397 1399/1399/1399 1394/1394/1394
f 1397/1397/1397 1400/1400/1400 1399/1399/1399
f 1400/1400/1400 1402/1402/1402 1401/1401/1401
f 1402/1402/1402 1403/1403/1403 1401/1401/1401
f 1401/1401/1401 1403/1403/1403 1404/1404/1404
f 1402/1402/1402 1405/1405/1405 1403/1403/1403
f 1403/1403/1403 1406/1406/1406 1404/1404/1404
f 1405/1405/1405 1407/1407/1407 1403/1403/1403
f 1403/1403/1403 1407/1407/1407 1406/1406/1406
f 1407/1407/1407 1408/1408/1408 1406/1406/1406
f 1407/1407/1407 1409/1409/1409 1408/1408/1408
f 1409/1409/1409 1410/1410/1410 1408/1408/1408
f 1413/1413/1413 1412/1412/1412 1411/1411/1411
f 1412/1412/1412 1414/1414/1414 1411/1411/1411
f 1411/1411/1411 1414/1414/1414 1415/1415/1415
f 1414/1414/1414 1416/1416/1416 1415/1415/1415
f 1415/1415/1415 1416/1416/1416 1417/1417/1417
f 1416/1416/1416 1418/1418/1418 1417/1417/1417
f 1417/1417/1417 1418/1418/1418 1419/1419/1419
f 1418/1418/1418 1420/1420/1420 1419/1419/1419
f 1423/1423/1423 1422/1422/1422 1421/1421/1421
f 1424/1424/1424 1423/1423/1423 1421/1421/1421
f 1425/1425/1425 1423/1423/1423 1424/1424/1424
f 1426/1426/1426 1425/1425/1425 1424/1424/1424
f 1427/1427/1427 1425/1425/1425 1426/1426/1426
f 1428/1428/1428 1427/1427/1427 1426/1426/1426
f 1429/1429/1429 1427/1427/1427 1428/1428/1428
f 1430/1430/1430 1429/1429/1429 1428/1428/1428
f 1431/1431/1431 1429/1429/1429 1430/1430/1430
f 1432/1432/1432 1431/1431/1431 1430/1430/1430
f 1435/1435/1435 1434/1434/1434 1433/1433/1433
f 1434/1434/1434 1436/1436/1436 1433/1433/1433
f 1439/1439/1439 1438/1438/1438 1437/1437/1437
f 1440/1440/1440 1439/1439/1439 1437/1437/1437
f 1441/1441/1441 1439/1439/1439 1440/1440/1440
f 1442/1442/1442 1441/1441/1441 1440/1440/1440
f 1443/1443/1443 1441/1441/1441 1442/1442/1442
f 1444/1444/1444 1443/1443/1443 1442/1442/1442
f 1445/1445/1445 1443/1443/1443 1444/1444/1444
f 1446/1446/1446 1445/1445/1445 1444/1444/1444
f 1447/1447/1447 1445/1445/1445 1446/1446/1446
f 1448/1448/1448 1447/1447/1447 1446/1446/1446
f 1449/1449/1449 1447/1447/1447 1448/1448/1448
f 1450/1450/1450 1449/1449/1449 1448/1448/1448
f 1451/1451/1451 1449/1449/1449 1450/1450/1450
f 1452/1452/1452 1451/1451/1451 1450/1450/1450
f 1453/1453/1453 1451/1451/1451 1452/1452/1452
f 1454/1454/1454 1453/1453/1453 1452/1452/1452
f 1455/1455/1455 1453/1453/1453 1454/1454/1454
f 1456/1456/1456 1455/1455/1455 1454/1454/1454
f 1457/1457/1457 1455/1455/1455 1456/1456/1456
f 1458/1458/1458 1457/1457/1457 1456/1456/1456
f 1461/1461/1461 1460/1460/1460 1459/1459/1459
f 1460/1460/1460 1462/1462/1462 1459/1459/1459
f 1459/1459/1459 1462/1462/1462 1463/1463/1463
f 1462/1462/1462 1464/1464/1464 1463/1463/1463
f 1463/1463/1463 1464/1464/1464 1465/1465/1465
f 1464/1464/1464 1466/1466/1466 1465/1465/1465
f 1465/1465/1465 1466/1466/1466 1467/1467/1467
f 1466/1466/1466 1468/1468/1468 1467/1467/1467
f 1467/1467/1467 1468/1468/1468 1469/1469/1469
f 1468/1468/1468 1470/1470/1470 1469/1469/1469
f 1469/1469/1469 1470/1470/1470 1471/1471/1471
f 1470/1470/1470 1472/1472/1472 1471/1471/1471
f 1475/1475/1475 1474/1474/1474 1473/1473/1473
f 1476/1476/1476 1475/1475/1475 1473/1473/1473
f 1477/1477/1477 1475/1475/1475 1476/1476/1476
f 1478/1478/1478 1477/1477/1477 1476/1476/1476
f 1481/1481/1481 1480/1480/1480 1479/1479/1479
f 1480/1480/1480 1482/1482/1482 1479/1479/1479
f 1479/1479/1479 1482/1482/1482 1483/1483/1483
f 1482/1482/1482 1484/1484/1484 1483/1483/1483
f 1483/1483/1483 1484/1484/1484 1485/1485/1485
f 1484/1484/1484 1486/1486/1486 1485/1485/1485
f 1485/1485/1485 1486/1486/1486 1487/1487/1487
f 1486/1486/1486 1488/1488/1488 1487/1487/1487
f 1487/1487/1487 1488/1488/1488 1489/1489/1489
f 1488/1488/1488 1490/1490/1490 1489/1489/1489
f 1489/1489/1489 1490/1490/1490 1491/1491/1491
f 1490/1490/1490 1492/1492/1492 1491/1491/1491
f 1495/1495/1495 1494/1494/1494 1493/1493/1493
f 1496/1496/1496 1495/1495/1495 1493/1493/1493
f 1497/1497/1497 1495/1495/1495 1496/1496/1496
f 1498/1498/1498 1497/1497/1497 1496/1496/1496
f 1499/1499/1499 1497/1497/1497 1498/1498/1498
f 1500/1500/1500 1499/1499/1499 1498/1498/1498
f 1501/1501/1501 1499/1499/1499 1500/1500/1500
f 1502/1502/1502 1501/1501/1501 1500/1500/1500
f 1503/1503/1503 1501/1501/1501 1502/1502/1502
f 1504/1504/1504 1503/1503/1503 1502/1502/1502
f 1505/1505/1505 1503/1503/1503 1504/1504/1504
f 1508/1508/1508 1507/1507/1507 1506/1506/1506
f 1509/1509/1509 1507/1507/1507 1508/1508/1508
f 1510/1510/1510 1509/1509/1509 1508/1508/1508
f 1511/1511/1511 1509/1509/1509 1510/1510/1510
f 1512/1512/1512 1511/1511/1511 1510/1510/1510
f 1515/1515/1515 1514/1514/1514 1513/1513/1513
f 1516/1516/1516 1515/1515/1515 1513/1513/1513
f 1517/1517/1517 1515/1515/1515 1516/1516/1516
f 1518/1518/1518 1517/1517/1517 1516/1516/1516
f 1519/1519/1519 1517/1517/1517 1518/1518/1518
f 1520/1520/1520 1519/1519/1519 1518/1518/1518
f 1523/1523/1523 1522/1522/1522 1521/1521/1521
f 1524/1524/1524 1523/1523/1523 1521/1521/1521
f 1525/1525/1525 1523/1523/1523 1524/1524/1524
f 1526/1526/1526 1525/1525/1525 1524/1524/1524
f 1529/1529/1529 1528/1528/1528 1527/1527/1527
f 1530/1530/1530 1529/1529/1529 1527/1527/1527
f 1531/1531/1531 1529/1529/1529 1530/1530/1530
f 1532/1532/1532 1531/1531/1531 1530/1530/1530
f 1535/1535/1535 1534/1534/1534 1533/1533/1533
f 1536/1536/1536 1535/1535/1535 1533/1533/1533
f 1537/1537/1537 1535/1535/1535 1536/1536/1536
f 1538/1538/1538 1537/1537/1537 1536/1536/1536
f 1539/1539/1539 1537/1537/1537 1538/1538/1538
f 1540/1540/1540 1539/1539/1539 1538/1538/1538
f 1543/1543/1543 1542/1542/1542 1541/1541/1541
f 1544/1544/1544 1543/1543/1543 1541/1541/1541
f 1545/1545/1545 1543/1543/1543 1544/1544/1544
f 1546/1546/1546 1545/1545/1545 1544/1544/1544
f 1547/1547/1547 1545/1545/1545 1546/1546/1546
f 1548/1548/1548 1547/1547/1547 1546/1546/1546
f 1549/1549/1549 1547/1547/1547 1548/1548/1548
f 1550/1550/1550 1549/1549/1549 1548/1548/1548
f 1553/1553/1553 1552/1552/1552 1551/1551/1551
f 1554/1554/1554 1553/1553/1553 1551/1551/1551
f 1555/1555/1555 1553/1553/1553 1554/1554/1554
f 1551/1551/1551 1552/1552/1552 1556/1556/1556
f 1552/1552/1552 1557/1557/1557 1556/1556/1556
f 1558/1558/1558 1555/1555/1555 1554/1554/1554
f 1559/1559/1559 1555/1555/1555 1558/1558/1558
f 1556/1556/1556 1557/1557/1557 1560/1560/1560
f 1557/1557/1557 1561/1561/1561 1560/1560/1560
f 1562/1562/1562 1559/1559/1559 1558/1558/1558
f 1563/1563/1563 1559/1559/1559 1562/1562/1562
f 1560/1560/1560 1561/1561/1561 1564/1564/1564
f 1561/1561/1561 1565/1565/1565 1564/1564/1564
f 1566/1566/1566 1563/1563/1563 1562/1562/1562
f 1567/1567/1567 1563/1563/1563 1566/1566/1566
f 1564/1564/1564 1565/1565/1565 1568/1568/1568
f 1565/1565/1565 1569/1569/1569 1568/1568/1568
f 1570/1570/1570 1567/1567/1567 1566/1566/1566
f 1571/1571/1571 1567/1567/1567 1570/1570/1570
f 1568/1568/1568 1569/1569/1569 1572/1572/1572
f 1569/1569/1569 1573/1573/1573 1572/1572/1572
f 1574/1574/1574 1571/1571/1571 1570/1570/1570
f 1575/1575/1575 1571/1571/1571 1574/1574/1574
f 1572/1572/1572 1573/1573/1573 1576/1576/1576
f 1573/1573/1573 1577/1577/1577 1576/1576/1576
f 1578/1578/1578 1575/1575/1575 1574/1574/1574
f 1579/1579/1579 1575/1575/1575 1578/1578/1578
f 1576/1576/1576 1577/1577/1577 1580/1580/1580
f 1577/1577/1577 1581/1581/1581 1580/1580/1580
f 1582/1582/1582 1579/1579/1579 1578/1578/1578
f 1583/1583/1583 1579/1579/1579 1582/1582/1582
f 1580/1580/1580 1581/1581/1581 1584/1584/1584
f 1581/1581/1581 1585/1585/1585 1584/1584/1584
f 1586/1586/1586 1583/1583/1583 1582/1582/1582
f 1587/1587/1587 1583/1583/1583 1586/1586/1586
f 1584/1584/1584 1585/1585/1585 1588/1588/1588
f 1585/1585/1585 1589/1589/1589 1588/1588/1588
f 1590/1590/1590 1587/1587/1587 1586/1586/1586
f 1591/1591/1591 1587/1587/1587 1590/1590/1590
f 1588/1588/1588 1589/1589/1589 1592/1592/1592
f 1589/1589/1589 1593/1593/1593 1592/1592/1592
f 1594/1594/1594 1591/1591/1591 1590/1590/1590
f 1595/1595/1595 1591/1591/1591 1594/1594/1594
f 1592/1592/1592 1593/1593/1593 1596/1596/1596
f 1593/1593/1593 1597/1597/1597 1596/1596/1596
f 1597/1597/1597 1595/1595/1595 1598/1598/1598
f 1598/1598/1598 1595/1595/1595 1594/1594/1594
f 1596/1596/1596 1597/1597/1597 1598/1598/1598
f 1584/1584/1584 1588/1588/1588 1599/1599/1599
f 1600/1600/1600 1584/1584/1584 1599/1599/1599
f 1599/1599/1599 1588/1588/1588 1601/1601/1601
f 1588/1588/1588 1592/1592/1592 1601/1601/1601
f 1580/1580/1580 1584/1584/1584 1600/1600/1600
f 1601/1601/1601 1592/1592/1592 1602/1602/1602
f 1592/1592/1592 1596/1596/1596 1602/1602/1602
f 1603/1603/1603 1580/1580/1580 1600/1600/1600
f 1602/1602/1602 1596/1596/1596 1604/1604/1604
f 1596/1596/1596 1598/1598/1598 1604/1604/1604
f 1576/1576/1576 1580/1580/1580 1603/1603/1603
f 1604/1604/1604 1598/1598/1598 1605/1605/1605
f 1606/1606/1606 1576/1576/1576 1603/1603/1603
f 1598/1598/1598 1594/1594/1594 1605/1605/1605
f 1572/1572/1572 1576/1576/1576 1606/1606/1606
f 1605/1605/1605 1594/1594/1594 1607/1607/1607
f 1608/1608/1608 1572/1572/1572 1606/1606/1606
f 1594/1594/1594 1590/1590/1590 1607/1607/1607
f 1568/1568/1568 1572/1572/1572 1608/1608/1608
f 1607/1607/1607 1590/1590/1590 1609/1609/1609
f 1610/1610/1610 1568/1568/1568 1608/1608/1608
f 1590/1590/1590 1586/1586/1586 1609/1609/1609
f 1564/1564/1564 1568/1568/1568 1610/1610/1610
f 1609/1609/1609 1586/1586/1586 1611/1611/1611
f 1612/1612/1612 1564/1564/1564 1610/1610/1610
f 1586/1586/1586 1582/1582/1582 1611/1611/1611
f 1560/1560/1560 1564/1564/1564 1612/1612/1612
f 1611/1611/1611 1582/1582/1582 1613/1613/1613
f 1614/1614/1614 1560/1560/1560 1612/1612/1612
f 1582/1582/1582 1578/1578/1578 1613/1613/1613
f 1556/1556/1556 1560/1560/1560 1614/1614/1614
f 1613/1613/1613 1578/1578/1578 1615/1615/1615
f 1616/1616/1616 1556/1556/1556 1614/1614/1614
f 1578/1578/1578 1574/1574/1574 1615/1615/1615
f 1551/1551/1551 1556/1556/1556 1616/1616/1616
f 1615/1615/1615 1574/1574/1574 1617/1617/1617
f 1618/1618/1618 1551/1551/1551 1616/1616/1616
f 1574/1574/1574 1570/1570/1570 1617/1617/1617
f 1554/1554/1554 1551/1551/1551 1618/1618/1618
f 1617/1617/1617 1570/1570/1570 1619/1619/1619
f 1620/1620/1620 1554/1554/1554 1618/1618/1618
f 1570/1570/1570 1566/1566/1566 1619/1619/1619
f 1558/1558/1558 1554/1554/1554 1620/1620/1620
f 1619/1619/1619 1566/1566/1566 1621/1621/1621
f 1622/1622/1622 1558/1558/1558 1620/1620/1620
f 1566/1566/1566 1562/1562/1562 1621/1621/1621
f 1562/1562/1562 1558/1558/1558 1622/1622/1622
f 1621/1621/1621 1562/1562/1562 1622/1622/1622
f 1625/1625/1625 1624/1624/1624 1623/1623/1623
f 1626/1626/1626 1625/1625/1625 1623/1623/1623
f 1625/1625/1625 1627/1627/1627 1624/1624/1624
f 1626/1626/1626 1623/1623/1623 1628/1628/1628
f 1627/1627/1627 1629/1629/1629 1624/1624/1624
f 1630/1630/1630 1626/1626/1626 1628/1628/1628
f 1627/1627/1627 1631/1631/1631 1629/1629/1629
f 1630/1630/1630 1628/1628/1628 1632/1632/1632
f 1631/1631/1631 1633/1633/1633 1629/1629/1629
f 1634/1634/1634 1630/1630/1630 1632/1632/1632
f 1631/1631/1631 1635/1635/1635 1633/1633/1633
f 1634/1634/1634 1632/1632/1632 1636/1636/1636
f 1635/1635/1635 1637/1637/1637 1633/1633/1633
f 1638/1638/1638 1634/1634/1634 1636/1636/1636
f 1635/1635/1635 1639/1639/1639 1637/1637/1637
f 1638/1638/1638 1636/1636/1636 1640/1640/1640
f 1639/1639/1639 1641/1641/1641 1637/1637/1637
f 1642/1642/1642 1638/1638/1638 1640/1640/1640
f 1639/1639/1639 1643/1643/1643 1641/1641/1641
f 1642/1642/1642 1640/1640/1640 1644/1644/1644
f 1643/1643/1643 1645/1645/1645 1641/1641/1641
f 1646/1646/1646 1642/1642/1642 1644/1644/1644
f 1643/1643/1643 1647/1647/1647 1645/1645/1645
f 1646/1646/1646 1644/1644/1644 1648/1648/1648
f 1647/1647/1647 1649/1649/1649 1645/1645/1645
f 1650/1650/1650 1646/1646/1646 1648/1648/1648
f 1647/1647/1647 1651/1651/1651 1649/1649/1649
f 1650/1650/1650 1648/1648/1648 1652/1652/1652
f 1651/1651/1651 1653/1653/1653 1649/1649/1649
f 1654/1654/1654 1650/1650/1650 1652/1652/1652
f 1651/1651/1651 1655/1655/1655 1653/1653/1653
f 1654/1654/1654 1652/1652/1652 1656/1656/1656
f 1655/1655/1655 1657/1657/1657 1653/1653/1653
f 1658/1658/1658 1654/1654/1654 1656/1656/1656
f 1655/1655/1655 1659/1659/1659 1657/1657/1657
f 1658/1658/1658 1656/1656/1656 1660/1660/1660
f 1659/1659/1659 1661/1661/1661 1657/1657/1657
f 1662/1662/1662 1658/1658/1658 1660/1660/1660
f 1659/1659/1659 1663/1663/1663 1661/1661/1661
f 1662/1662/1662 1660/1660/1660 1664/1664/1664
f 1663/1663/1663 1665/1665/1665 1661/1661/1661
f 1666/1666/1666 1662/1662/1662 1664/1664/1664
f 1663/1663/1663 1667/1667/1667 1665/1665/1665
f 1666/1666/1666 1664/1664/1664 1668/1668/1668
f 1667/1667/1667 1669/1669/1669 1665/1665/1665
f 1670/1670/1670 1666/1666/1666 1668/1668/1668
f 1670/1670/1670 1668/1668/1668 1669/1669/1669
f 1667/1667/1667 1670/1670/1670 1669/1669/1669
g Kettle_132e967c
v 4.3047 2.53355 2.22595
v 4.30801 2.52373 2.21743
v 4.29912 2.55261 2.20266
v 4.29715 2.55898 2.2134
v 4.29235 2.58907 2.19139
v 4.29077 2.59178 2.20277
v 4.29094 2.62309 2.18905
v 4.28945 2.62168 2.20058
v 4.29665 2.65257 2.19853
v 4.29445 2.64593 2.20889
v 4.3047 2.53355 2.22595
v 4.29912 2.55261 2.20266
v 4.29715 2.55898 2.2134
v 4.32843 2.60217 2.26087
v 4.32538 2.61148 2.28202
v 4.33088 2.5964 2.26629
v 4.40439 2.57684 2.41051
v 4.39808 2.56164 2.41546
v 4.40153 2.57092 2.40657
v 4.42631 2.52425 2.42587
v 4.41949 2.49964 2.38871
v 4.40788 2.50271 2.39477
v 4.44369 2.57092 2.38121
v 4.43201 2.57712 2.38369
v 4.42031 2.57716 2.36471
v 4.29521 2.48342 2.32164
v 4.31923 2.46694 2.30547
v 4.29765 2.48342 2.3001
v 4.30558 2.48342 2.27992
v 4.32504 2.46694 2.29069
v 4.33447 2.46694 2.27792
v 4.40148 2.4999 2.22673
v 4.39829 2.48342 2.23955
v 4.41847 2.48342 2.24748
v 4.42641 2.52646 2.4237
v 4.40821 2.50513 2.39291
v 4.41868 2.50227 2.38735
v 4.44233 2.56892 2.38325
v 4.41932 2.57433 2.36537
v 4.4316 2.57436 2.38548
v 4.40084 2.50176 2.22932
v 4.41753 2.4862 2.24918
v 4.39782 2.4862 2.24143
v 4.41981 2.47048 2.27706
v 4.40724 2.47048 2.26777
v 4.43456 2.4862 2.26176
v 4.42954 2.47048 2.28928
v 4.44775 2.4862 2.27833
v 4.45621 2.4862 2.29774
v 4.45935 2.4862 2.31868
v 4.4381 2.47048 2.31907
v 4.45935 2.4862 2.31868
v 4.45696 2.4862 2.33973
v 4.43634 2.47048 2.3346
v 4.3257 2.53775 2.24683
v 4.3197 2.52547 2.25087
v 4.3047 2.53355 2.22595
v 4.31378 2.54337 2.22701
v 4.33809 2.53775 2.23938
v 4.32617 2.54337 2.21956
v 4.3197 2.52547 2.25087
v 4.30801 2.52373 2.21743
v 4.3047 2.53355 2.22595
v 4.32608 2.5132 2.24746
v 4.31378 2.54337 2.22701
v 4.3047 2.53355 2.22595
v 4.29715 2.55898 2.2134
v 4.30743 2.56549 2.21648
v 4.29077 2.59178 2.20277
v 4.30157 2.5945 2.20672
v 4.28945 2.62168 2.20058
v 4.30034 2.62027 2.20466
v 4.29445 2.64593 2.20889
v 4.30463 2.63928 2.21179
v 4.30463 2.63928 2.21179
v 4.29445 2.64593 2.20889
v 4.30309 2.65981 2.22324
v 4.31102 2.6483 2.22241
v 4.31141 2.66028 2.23708
v 4.29445 2.64593 2.20889
v 4.29665 2.65257 2.19853
v 4.30754 2.67132 2.21663
v 4.30309 2.65981 2.22324
v 4.31102 2.6483 2.22241
v 4.31141 2.66028 2.23708
v 4.31652 2.64824 2.23155
v 4.31903 2.65017 2.24973
v 4.32248 2.64006 2.24147
v 4.3278 2.62653 2.26432
v 4.33019 2.61879 2.25428
v 4.30309 2.65981 2.22324
v 4.30754 2.67132 2.21663
v 4.31869 2.67233 2.23517
v 4.31141 2.66028 2.23708
v 4.32794 2.66027 2.25055
v 4.31903 2.65017 2.24973
v 4.33779 2.63426 2.26691
v 4.3278 2.62653 2.26432
v 4.34012 2.63138 2.28029
v 4.32389 2.61678 2.27683
v 4.34185 2.62657 2.28453
v 4.32538 2.61148 2.28202
v 4.32843 2.60217 2.26087
v 4.32389 2.61678 2.27683
v 4.32538 2.61148 2.28202
v 4.33019 2.61879 2.25428
v 4.3278 2.62653 2.26432
v 4.34257 2.61879 2.24683
v 4.33486 2.64006 2.23403
v 4.34921 2.60217 2.24837
v 4.33088 2.5964 2.26629
v 4.35285 2.5964 2.25307
v 4.32248 2.64006 2.24147
v 4.32889 2.64824 2.2241
v 4.31652 2.64824 2.23155
v 4.34447 2.52547 2.23597
v 4.33809 2.53775 2.23938
v 4.32617 2.54337 2.21956
v 4.32948 2.53355 2.21104
v 4.33847 2.5132 2.24001
v 4.34447 2.52547 2.23597
v 4.32948 2.53355 2.21104
v 4.3204 2.52373 2.20998
v 4.32193 2.55898 2.19849
v 4.31152 2.55261 2.1952
v 4.32948 2.53355 2.21104
v 4.32617 2.54337 2.21956
v 4.31983 2.56549 2.20902
v 4.32193 2.55898 2.19849
v 4.31395 2.5945 2.19927
v 4.31553 2.59178 2.18788
v 4.31271 2.62027 2.19721
v 4.31421 2.62168 2.18568
v 4.317 2.63928 2.20435
v 4.31921 2.64593 2.19399
v 4.31152 2.55261 2.1952
v 4.32193 2.55898 2.19849
v 4.31553 2.59178 2.18788
v 4.30473 2.58907 2.18394
v 4.31421 2.62168 2.18568
v 4.30332 2.62309 2.1816
v 4.31921 2.64593 2.19399
v 4.30903 2.65257 2.19109
v 4.31921 2.64593 2.19399
v 4.317 2.63928 2.20435
v 4.32339 2.6483 2.21496
v 4.32784 2.65981 2.20835
v 4.32889 2.64824 2.2241
v 4.33617 2.66028 2.22219
v 4.33486 2.64006 2.23403
v 4.34378 2.65017 2.23484
v 4.34257 2.61879 2.24683
v 4.35255 2.62653 2.24943
v 4.30903 2.65257 2.19109
v 4.31921 2.64593 2.19399
v 4.32784 2.65981 2.20835
v 4.31992 2.67132 2.20918
v 4.33617 2.66028 2.22219
v 4.33107 2.67233 2.22772
v 4.34378 2.65017 2.23484
v 4.34032 2.66027 2.2431
v 4.35255 2.62653 2.24943
v 4.35016 2.63426 2.25946
v 4.36544 2.61678 2.25183
v 4.36089 2.63138 2.26779
v 4.36932 2.61148 2.25558
v 4.36383 2.62657 2.27131
v 4.36544 2.61678 2.25183
v 4.35285 2.5964 2.25307
v 4.36932 2.61148 2.25558
v 4.34921 2.60217 2.24837
v 4.32608 2.5132 2.24746
v 4.33847 2.5132 2.24001
v 4.3204 2.52373 2.20998
v 4.30801 2.52373 2.21743
v 4.32617 2.54337 2.21956
v 4.31378 2.54337 2.22701
v 4.30743 2.56549 2.21648
v 4.31983 2.56549 2.20902
v 4.30157 2.5945 2.20672
v 4.31395 2.5945 2.19927
v 4.30034 2.62027 2.20466
v 4.31271 2.62027 2.19721
v 4.30463 2.63928 2.21179
v 4.317 2.63928 2.20435
v 4.30801 2.52373 2.21743
v 4.3204 2.52373 2.20998
v 4.31152 2.55261 2.1952
v 4.29912 2.55261 2.20266
v 4.30473 2.58907 2.18394
v 4.29235 2.58907 2.19139
v 4.30332 2.62309 2.1816
v 4.29094 2.62309 2.18905
v 4.29094 2.62309 2.18905
v 4.30332 2.62309 2.1816
v 4.30903 2.65257 2.19109
v 4.29665 2.65257 2.19853
v 4.31992 2.67132 2.20918
v 4.30754 2.67132 2.21663
v 4.317 2.63928 2.20435
v 4.30463 2.63928 2.21179
v 4.31102 2.6483 2.22241
v 4.32339 2.6483 2.21496
v 4.32339 2.6483 2.21496
v 4.31102 2.6483 2.22241
v 4.31652 2.64824 2.23155
v 4.32889 2.64824 2.2241
v 4.30754 2.67132 2.21663
v 4.31992 2.67132 2.20918
v 4.33107 2.67233 2.22772
v 4.31869 2.67233 2.23517
v 4.31869 2.67233 2.23517
v 4.33107 2.67233 2.22772
v 4.34032 2.66027 2.2431
v 4.32794 2.66027 2.25055
v 4.35016 2.63426 2.25946
v 4.33779 2.63426 2.26691
v 4.36089 2.63138 2.26779
v 4.34012 2.63138 2.28029
v 4.36383 2.62657 2.27131
v 4.34185 2.62657 2.28453
v 4.35255 2.62653 2.24943
v 4.34257 2.61879 2.24683
v 4.34921 2.60217 2.24837
v 4.36544 2.61678 2.25183
v 4.40153 2.57092 2.40657
v 4.38499 2.55535 2.39257
v 4.38958 2.56842 2.38585
v 4.39808 2.56164 2.41546
v 4.38483 2.53993 2.39735
v 4.39936 2.55069 2.42271
v 4.38912 2.52451 2.39944
v 4.40188 2.5693 2.42072
v 4.40439 2.57684 2.41051
v 4.40948 2.58381 2.41245
v 4.40517 2.53974 2.42724
v 4.39722 2.51144 2.39853
v 4.40419 2.56041 2.42961
v 4.40826 2.579 2.42282
v 4.41464 2.53045 2.42835
v 4.40788 2.50271 2.39477
v 4.42631 2.52425 2.42587
v 4.41096 2.55152 2.43581
v 4.42116 2.54399 2.43838
v 4.41136 2.57332 2.43231
v 4.4183 2.56764 2.4395
v 4.43543 2.62508 2.44028
v 4.43181 2.62617 2.43634
v 4.44355 2.65787 2.45378
v 4.43002 2.62727 2.4313
v 4.43033 2.6282 2.42592
v 4.44026 2.66062 2.45038
v 4.4388 2.66336 2.44589
v 4.44401 2.67753 2.46336
v 4.4418 2.67796 2.45712
v 4.44849 2.67711 2.46823
v 4.4445 2.67978 2.46509
v 4.4422 2.6799 2.45862
v 4.44915 2.67967 2.47015
v 4.45542 2.67957 2.47304
v 4.45457 2.67675 2.47099
v 4.44816 2.65555 2.45556
v 4.4183 2.56764 2.4395
v 4.42116 2.54399 2.43838
v 4.41096 2.55152 2.43581
v 4.42802 2.56283 2.44328
v 4.44032 2.62414 2.44253
v 4.43543 2.62508 2.44028
v 4.44816 2.65555 2.45556
v 4.44355 2.65787 2.45378
v 4.43033 2.6282 2.42592
v 4.4388 2.66336 2.44589
v 4.43002 2.62727 2.4313
v 4.43939 2.66569 2.44099
v 4.4418 2.67796 2.45712
v 4.43269 2.62883 2.42104
v 4.44222 2.67832 2.45046
v 4.4422 2.6799 2.45862
v 4.44259 2.68 2.45172
v 4.44194 2.66724 2.43641
v 4.44519 2.67856 2.44439
v 4.44562 2.68006 2.44545
v 4.45025 2.67864 2.43984
v 4.44606 2.66779 2.43287
v 4.43674 2.62904 2.41738
v 4.44187 2.62883 2.41551
v 4.43413 2.58703 2.39119
v 4.42348 2.58816 2.39534
v 4.41482 2.58703 2.4028
v 4.41132 2.58187 2.40051
v 4.40439 2.57684 2.41051
v 4.40153 2.57092 2.40657
v 4.42163 2.58364 2.39227
v 4.4092 2.57712 2.39742
v 4.4199 2.5793 2.38938
v 4.44913 2.52425 2.41215
v 4.43861 2.51144 2.37363
v 4.43028 2.50271 2.38129
v 4.45679 2.53045 2.40299
v 4.4432 2.52451 2.3669
v 4.46024 2.53974 2.39411
v 4.4626 2.54399 2.41345
v 4.46024 2.53974 2.39411
v 4.44336 2.53993 2.36213
v 4.4432 2.52451 2.3669
v 4.45897 2.55069 2.38685
v 4.43952 2.55645 2.36104
v 4.4651 2.55152 2.40324
v 4.4626 2.54399 2.41345
v 4.45325 2.56245 2.38288
v 4.43098 2.56842 2.36094
v 4.46279 2.56041 2.39435
v 4.46492 2.56764 2.41145
v 4.44369 2.57092 2.38121
v 4.42031 2.57716 2.36471
v 4.4561 2.57003 2.38862
v 4.44583 2.57684 2.38557
v 4.46182 2.57332 2.40195
v 4.45499 2.57957 2.39512
v 4.44516 2.58381 2.39098
v 4.44729 2.6282 2.41572
v 4.45239 2.62702 2.41788
v 4.4558 2.62617 2.42191
v 4.45759 2.62508 2.42695
v 4.46101 2.66244 2.4322
v 4.46425 2.66062 2.43595
v 4.46921 2.67672 2.43979
v 4.46571 2.65787 2.44044
v 4.47397 2.67753 2.44534
v 4.4703 2.67861 2.44079
v 4.47526 2.67978 2.44659
v 4.47617 2.67711 2.45158
v 4.46512 2.65555 2.44535
v 4.47756 2.67967 2.45306
v 4.47575 2.67675 2.45824
v 4.47717 2.67957 2.45996
v 4.46371 2.56283 2.42181
v 4.45759 2.62508 2.42695
v 4.46492 2.56764 2.41145
v 4.45728 2.62414 2.43232
v 4.45836 2.55961 2.43146
v 4.4626 2.54399 2.41345
v 4.45492 2.62352 2.43721
v 4.46512 2.65555 2.44535
v 4.45566 2.53895 2.42344
v 4.45679 2.53045 2.40299
v 4.44913 2.52425 2.41215
v 4.4497 2.55848 2.43893
v 4.46257 2.65399 2.44992
v 4.47575 2.67675 2.45824
v 4.44535 2.53718 2.43169
v 4.45087 2.6233 2.44086
v 4.47279 2.67651 2.46431
v 4.47717 2.67957 2.45996
v 4.47414 2.6795 2.46623
v 4.45845 2.65345 2.45347
v 4.46772 2.67643 2.46887
v 4.46895 2.67948 2.47091
v 4.43905 2.55961 2.44308
v 4.43843 2.52207 2.42018
v 4.43028 2.50271 2.38129
v 4.41949 2.49964 2.38871
v 4.42631 2.52425 2.42587
v 4.43323 2.53895 2.43694
v 4.42116 2.54399 2.43838
v 4.41464 2.53045 2.42835
v 4.42802 2.56283 2.44328
v 4.44574 2.62352 2.44273
v 4.44032 2.62414 2.44253
v 4.45339 2.65399 2.45545
v 4.44816 2.65555 2.45556
v 4.46132 2.67651 2.47121
v 4.45457 2.67675 2.47099
v 4.46238 2.6795 2.47331
v 4.45542 2.67957 2.47304
v 4.46371 2.56283 2.42181
v 4.46492 2.56764 2.41145
v 4.4651 2.55152 2.40324
v 4.4626 2.54399 2.41345
v 4.45728 2.62414 2.43232
v 4.46571 2.65787 2.44044
v 4.45759 2.62508 2.42695
v 4.46512 2.65555 2.44535
v 4.46921 2.67672 2.43979
v 4.4703 2.67861 2.44079
v 4.46434 2.68 2.43864
v 4.4634 2.67832 2.43771
v 4.46101 2.66244 2.4322
v 4.45739 2.68006 2.43837
v 4.45636 2.66569 2.43078
v 4.45239 2.62702 2.41788
v 4.44729 2.6282 2.41572
v 4.45665 2.67856 2.43749
v 4.45081 2.68008 2.44076
v 4.45112 2.66724 2.43089
v 4.45025 2.67864 2.43984
v 4.44562 2.68006 2.44545
v 4.44606 2.66779 2.43287
v 4.44187 2.62883 2.41551
v 4.44516 2.58381 2.39098
v 4.43413 2.58703 2.39119
v 4.43375 2.58187 2.38702
v 4.44583 2.57684 2.38557
v 4.43201 2.57712 2.38369
v 4.44369 2.57092 2.38121
v 4.4199 2.5793 2.38938
v 4.42163 2.58364 2.39227
v 4.42348 2.58816 2.39534
v 4.43674 2.62904 2.41738
v 4.43201 2.57712 2.38369
v 4.4087 2.58023 2.37077
v 4.42031 2.57716 2.36471
v 4.4199 2.5793 2.38938
v 4.39791 2.57716 2.37819
v 4.4092 2.57712 2.39742
v 4.4092 2.57712 2.39742
v 4.38958 2.56842 2.38585
v 4.39791 2.57716 2.37819
v 4.40153 2.57092 2.40657
v 4.41482 2.58703 2.4028
v 4.43269 2.62883 2.42104
v 4.43033 2.6282 2.42592
v 4.40948 2.58381 2.41245
v 4.40439 2.57684 2.41051
v 4.35302 2.56535 2.23238
v 4.37643 2.53168 2.21942
v 4.3766 2.56535 2.22884
v 4.35809 2.60501 2.25001
v 4.37693 2.60501 2.24719
v 4.35893 2.61995 2.25295
v 4.3422 2.61995 2.26023
v 4.35877 2.65906 2.25237
v 4.34063 2.60501 2.25762
v 4.33117 2.56535 2.24189
v 4.35042 2.53168 2.22332
v 4.32631 2.53168 2.23382
v 4.35039 2.51636 2.22322
v 4.32573 2.60501 2.26949
v 4.31252 2.56535 2.25675
v 4.32792 2.61995 2.27161
v 4.30573 2.53168 2.2502
v 4.34189 2.65906 2.25972
v 4.32749 2.65906 2.27119
v 4.32626 2.51636 2.23373
v 4.30566 2.51636 2.25013
v 4.34481 2.67319 2.26457
v 4.36033 2.67319 2.25781
v 4.33156 2.67319 2.27512
v 4.3215 2.67319 2.28873
v 4.35166 2.4999 2.22763
v 4.37651 2.4999 2.2239
v 4.32862 2.4999 2.23766
v 4.37675 2.48342 2.23711
v 4.39829 2.48342 2.23955
v 4.35531 2.48342 2.24032
v 4.30896 2.4999 2.25332
v 4.29001 2.51636 2.2713
v 4.33543 2.48342 2.24898
v 4.36145 2.46694 2.2617
v 4.34689 2.46694 2.26803
v 4.31847 2.48342 2.26249
v 4.33447 2.46694 2.27792
v 4.29403 2.4999 2.27352
v 4.30558 2.48342 2.27992
v 4.28483 2.4999 2.29691
v 4.29765 2.48342 2.3001
v 4.35302 2.56535 2.23238
v 4.35042 2.53168 2.22332
v 4.37643 2.53168 2.21942
v 4.37643 2.51636 2.21932
v 4.35039 2.51636 2.22322
v 4.37651 2.4999 2.2239
v 4.40148 2.4999 2.22673
v 4.39829 2.48342 2.23955
v 4.40259 2.51636 2.22228
v 4.42486 2.4999 2.23593
v 4.42709 2.51636 2.23192
v 4.40256 2.53168 2.22238
v 4.3766 2.56535 2.22884
v 4.42704 2.53168 2.232
v 4.40029 2.56535 2.23152
v 4.42247 2.56535 2.24025
v 4.37693 2.60501 2.24719
v 4.39586 2.60501 2.24933
v 4.41358 2.60501 2.25631
v 4.37698 2.61995 2.25024
v 4.35893 2.61995 2.25295
v 4.39512 2.61995 2.2523
v 4.41211 2.61995 2.25898
v 4.4124 2.65906 2.25845
v 4.37697 2.65906 2.24964
v 4.35877 2.65906 2.25237
v 4.36033 2.67319 2.25781
v 4.37708 2.67319 2.2553
v 4.39526 2.65906 2.25172
v 4.3939 2.67319 2.2572
v 4.40966 2.67319 2.2634
v 4.29001 2.51636 2.2713
v 4.29403 2.4999 2.27352
v 4.30896 2.4999 2.25332
v 4.28038 2.51636 2.2958
v 4.28483 2.4999 2.29691
v 4.27741 2.51636 2.32196
v 4.282 2.4999 2.32188
v 4.27752 2.53168 2.32196
v 4.28048 2.53168 2.29583
v 4.28694 2.56535 2.32179
v 4.2901 2.53168 2.27135
v 4.30566 2.51636 2.25013
v 4.30573 2.53168 2.2502
v 4.28962 2.56535 2.2981
v 4.30529 2.60501 2.32146
v 4.29835 2.56535 2.27592
v 4.31252 2.56535 2.25675
v 4.30743 2.60501 2.30253
v 4.30834 2.61995 2.3214
v 4.3144 2.60501 2.28481
v 4.32573 2.60501 2.26949
v 4.31039 2.61995 2.30327
v 4.31707 2.61995 2.28628
v 4.32792 2.61995 2.27161
v 4.32749 2.65906 2.27119
v 4.31655 2.65906 2.28599
v 4.3215 2.67319 2.28873
v 4.3153 2.67319 2.30449
v 4.30981 2.65906 2.30312
v 4.30774 2.65906 2.32141
v 4.3134 2.67319 2.32131
v 4.43815 2.61995 2.2841
v 4.44837 2.60501 2.29999
v 4.44544 2.61995 2.30084
v 4.44077 2.60501 2.28253
v 4.46601 2.56535 2.29492
v 4.42678 2.61995 2.26982
v 4.43867 2.65906 2.28379
v 4.4565 2.56535 2.27307
v 4.47507 2.53168 2.29232
v 4.46457 2.53168 2.26821
v 4.4289 2.60501 2.26763
v 4.44164 2.56535 2.25442
v 4.44819 2.53168 2.24764
v 4.46466 2.51636 2.26816
v 4.41358 2.60501 2.25631
v 4.42247 2.56535 2.24025
v 4.41211 2.61995 2.25898
v 4.42704 2.53168 2.232
v 4.4272 2.65906 2.26939
v 4.4124 2.65906 2.25845
v 4.40966 2.67319 2.2634
v 4.42327 2.67319 2.27346
v 4.43382 2.67319 2.28671
v 4.44826 2.51636 2.24756
v 4.42709 2.51636 2.23192
v 4.44507 2.4999 2.25086
v 4.42486 2.4999 2.23593
v 4.46073 2.4999 2.27052
v 4.47076 2.4999 2.29356
v 4.47517 2.51636 2.29229
v 4.47517 2.51636 2.29229
v 4.47076 2.4999 2.29356
v 4.47449 2.4999 2.31841
v 4.47907 2.51636 2.31833
v 4.47507 2.53168 2.29232
v 4.47897 2.53168 2.31833
v 4.46457 2.53168 2.26821
v 4.46466 2.51636 2.26816
v 4.46601 2.56535 2.29492
v 4.46955 2.56535 2.3185
v 4.44837 2.60501 2.29999
v 4.4512 2.60501 2.31883
v 4.44544 2.61995 2.30084
v 4.44815 2.61995 2.31889
v 4.44875 2.65906 2.31888
v 4.44602 2.65906 2.30067
v 4.43815 2.61995 2.2841
v 4.43867 2.65906 2.28379
v 4.43382 2.67319 2.28671
v 4.44058 2.67319 2.30223
v 4.44309 2.67319 2.31898
v 4.47907 2.51636 2.31833
v 4.47449 2.4999 2.31841
v 4.47166 2.4999 2.34338
v 4.47611 2.51636 2.34449
v 4.46246 2.4999 2.36677
v 4.47897 2.53168 2.31833
v 4.46647 2.51636 2.36899
v 4.47601 2.53168 2.34446
v 4.46955 2.56535 2.3185
v 4.46639 2.53168 2.36894
v 4.45083 2.51636 2.39016
v 4.46686 2.56535 2.34219
v 4.4512 2.60501 2.31883
v 4.45075 2.53168 2.39009
v 4.43023 2.51636 2.40656
v 4.44905 2.60501 2.33776
v 4.44815 2.61995 2.31889
v 4.45814 2.56535 2.36437
v 4.43018 2.53168 2.40647
v 4.4061 2.51636 2.41707
v 4.40607 2.53168 2.41697
v 4.44397 2.56535 2.38355
v 4.42532 2.56535 2.3984
v 4.40346 2.56535 2.40792
v 4.44208 2.60501 2.35549
v 4.44609 2.61995 2.33702
v 4.43076 2.60501 2.3708
v 4.41586 2.60501 2.38267
v 4.3984 2.60501 2.39028
v 4.41429 2.61995 2.38006
v 4.42856 2.61995 2.36869
v 4.4146 2.65906 2.38057
v 4.43941 2.61995 2.35401
v 4.44667 2.65906 2.33717
v 4.44875 2.65906 2.31888
v 4.44309 2.67319 2.31898
v 4.44119 2.67319 2.3358
v 4.43994 2.65906 2.3543
v 4.43499 2.67319 2.35156
v 4.429 2.65906 2.3691
v 4.42492 2.67319 2.36517
v 4.41168 2.67319 2.37572
v 4.45083 2.51636 2.39016
v 4.42787 2.4999 2.40263
v 4.43023 2.51636 2.40656
v 4.44753 2.4999 2.38697
v 4.46647 2.51636 2.36899
v 4.46246 2.4999 2.36677
v 4.42106 2.48342 2.39131
v 4.40118 2.48342 2.39997
v 4.43802 2.48342 2.3778
v 4.45091 2.48342 2.36037
v 4.47166 2.4999 2.34338
v 4.45884 2.48342 2.34019
v 4.42201 2.46694 2.36237
v 4.43145 2.46694 2.3496
v 4.4096 2.46694 2.37226
v 4.39504 2.46694 2.3786
v 4.37934 2.46694 2.38095
v 4.37974 2.48342 2.40318
v 4.29576 2.4999 2.36977
v 4.29842 2.48342 2.34308
v 4.28573 2.4999 2.34673
v 4.30708 2.48342 2.36296
v 4.31979 2.46694 2.33694
v 4.31744 2.46694 2.32124
v 4.32613 2.46694 2.3515
v 4.31141 2.4999 2.38943
v 4.30823 2.51636 2.39273
v 4.32059 2.48342 2.37992
v 4.33602 2.46694 2.36392
v 4.33802 2.48342 2.39281
v 4.34879 2.46694 2.37335
v 4.33162 2.4999 2.40436
v 4.35501 2.4999 2.41356
v 4.3582 2.48342 2.40074
v 4.3294 2.51636 2.40837
v 4.32945 2.53168 2.40829
v 4.3083 2.53168 2.39265
v 4.33402 2.56535 2.40004
v 4.31484 2.56535 2.38587
v 4.3429 2.60501 2.38399
v 4.32758 2.60501 2.37266
v 4.29999 2.56535 2.36722
v 4.31572 2.60501 2.35776
v 4.34438 2.61995 2.38132
v 4.3297 2.61995 2.37047
v 4.31833 2.61995 2.35619
v 4.31782 2.65906 2.3565
v 4.32929 2.65906 2.3709
v 4.34409 2.65906 2.38184
v 4.34683 2.67319 2.37689
v 4.33322 2.67319 2.36683
v 4.32267 2.67319 2.35358
v 4.28573 2.4999 2.34673
v 4.29842 2.48342 2.34308
v 4.29521 2.48342 2.32164
v 4.31744 2.46694 2.32124
v 4.3582 2.48342 2.40074
v 4.34879 2.46694 2.37335
v 4.33802 2.48342 2.39281
v 4.36356 2.46694 2.37916
v 4.37974 2.48342 2.40318
v 4.37934 2.46694 2.38095
v 4.29521 2.48342 2.32164
v 4.31744 2.46694 2.32124
v 4.31923 2.46694 2.30547
v 4.4077 2.46694 2.26694
v 4.42047 2.46694 2.27638
v 4.31979 2.46694 2.33694
v 4.43036 2.46694 2.28879
v 4.32613 2.46694 2.3515
v 4.43669 2.46694 2.30335
v 4.33602 2.46694 2.36392
v 4.43905 2.46694 2.31905
v 4.34879 2.46694 2.37335
v 4.43726 2.46694 2.33482
v 4.46128 2.48342 2.31865
v 4.36356 2.46694 2.37916
v 4.45884 2.48342 2.34019
v 4.43145 2.46694 2.3496
v 4.45091 2.48342 2.36037
v 4.37934 2.46694 2.38095
v 4.42201 2.46694 2.36237
v 4.39504 2.46694 2.3786
v 4.4096 2.46694 2.37226
v 4.282 2.4999 2.32188
v 4.29765 2.48342 2.3001
v 4.28483 2.4999 2.29691
v 4.29521 2.48342 2.32164
v 4.28573 2.4999 2.34673
v 4.28132 2.51636 2.348
v 4.27741 2.51636 2.32196
v 4.29183 2.51636 2.37213
v 4.29576 2.4999 2.36977
v 4.30823 2.51636 2.39273
v 4.3083 2.53168 2.39265
v 4.29192 2.53168 2.37208
v 4.31484 2.56535 2.38587
v 4.29999 2.56535 2.36722
v 4.28142 2.53168 2.34797
v 4.27752 2.53168 2.32196
v 4.29047 2.56535 2.34537
v 4.31572 2.60501 2.35776
v 4.28694 2.56535 2.32179
v 4.30811 2.60501 2.3403
v 4.30529 2.60501 2.32146
v 4.31833 2.61995 2.35619
v 4.31105 2.61995 2.33945
v 4.30834 2.61995 2.3214
v 4.30774 2.65906 2.32141
v 4.31047 2.65906 2.33962
v 4.31782 2.65906 2.3565
v 4.32267 2.67319 2.35358
v 4.31591 2.67319 2.33806
v 4.3134 2.67319 2.32131
v 4.29765 2.48342 2.3001
v 4.32504 2.46694 2.29069
v 4.30558 2.48342 2.27992
v 4.39292 2.46694 2.26113
v 4.39829 2.48342 2.23955
v 4.41847 2.48342 2.24748
v 4.37675 2.48342 2.23711
v 4.37715 2.46694 2.25934
v 4.33447 2.46694 2.27792
v 4.36145 2.46694 2.2617
v 4.34689 2.46694 2.26803
v 4.35531 2.48342 2.24032
v 4.36145 2.46694 2.2617
v 4.37715 2.46694 2.25934
v 4.37675 2.48342 2.23711
v 4.40148 2.4999 2.22673
v 4.41847 2.48342 2.24748
v 4.42486 2.4999 2.23593
v 4.4359 2.48342 2.26037
v 4.44507 2.4999 2.25086
v 4.42047 2.46694 2.27638
v 4.4077 2.46694 2.26694
v 4.43036 2.46694 2.28879
v 4.44941 2.48342 2.27733
v 4.46073 2.4999 2.27052
v 4.43669 2.46694 2.30335
v 4.45807 2.48342 2.29721
v 4.43905 2.46694 2.31905
v 4.47076 2.4999 2.29356
v 4.46128 2.48342 2.31865
v 4.47449 2.4999 2.31841
v 4.45884 2.48342 2.34019
v 4.47166 2.4999 2.34338
v 4.34409 2.65906 2.38184
v 4.34683 2.67319 2.37689
v 4.36259 2.67319 2.38309
v 4.36122 2.65906 2.38857
v 4.37941 2.67319 2.38499
v 4.36137 2.61995 2.38799
v 4.34438 2.61995 2.38132
v 4.3429 2.60501 2.38399
v 4.37951 2.65906 2.39065
v 4.39616 2.67319 2.38248
v 4.36063 2.60501 2.39096
v 4.33402 2.56535 2.40004
v 4.3795 2.61995 2.39005
v 4.39772 2.65906 2.38792
v 4.41168 2.67319 2.37572
v 4.4146 2.65906 2.38057
v 4.41429 2.61995 2.38006
v 4.39755 2.61995 2.38734
v 4.3984 2.60501 2.39028
v 4.37956 2.60501 2.3931
v 4.3562 2.56535 2.40877
v 4.32945 2.53168 2.40829
v 4.37989 2.56535 2.41145
v 4.40346 2.56535 2.40792
v 4.35393 2.53168 2.41791
v 4.3294 2.51636 2.40837
v 4.38006 2.53168 2.42087
v 4.40607 2.53168 2.41697
v 4.3539 2.51636 2.41801
v 4.33162 2.4999 2.40436
v 4.35501 2.4999 2.41356
v 4.38006 2.51636 2.42098
v 4.4061 2.51636 2.41707
v 4.37998 2.4999 2.41639
v 4.3582 2.48342 2.40074
v 4.37974 2.48342 2.40318
v 4.40483 2.4999 2.41266
v 4.43023 2.51636 2.40656
v 4.40118 2.48342 2.39997
v 4.42787 2.4999 2.40263
v 4.4072 2.54066 2.42513
v 4.39134 2.52552 2.39759
v 4.39863 2.51328 2.39654
v 4.40194 2.5507 2.42107
v 4.38746 2.53994 2.3958
v 4.4066 2.56 2.42772
v 4.41269 2.55188 2.43326
v 4.40081 2.56054 2.41455
v 4.38758 2.55428 2.39135
v 4.40397 2.56892 2.40632
v 4.39161 2.56632 2.38492
v 4.40698 2.57521 2.41066
v 4.40459 2.56817 2.41978
v 4.41209 2.58222 2.41268
v 4.41363 2.57254 2.43042
v 4.41979 2.56741 2.43684
v 4.43717 2.62513 2.43772
v 4.43433 2.6258 2.43459
v 4.41091 2.57774 2.42193
v 4.43291 2.62647 2.43062
v 4.43314 2.62705 2.42639
v 4.44291 2.6609 2.44883
v 4.4418 2.66299 2.44535
v 4.4467 2.67815 2.46201
v 4.44485 2.67776 2.45676
v 4.44717 2.68028 2.46364
v 4.44523 2.67959 2.45817
v 4.41269 2.55188 2.43326
v 4.41581 2.53214 2.42604
v 4.42193 2.54501 2.43556
v 4.4072 2.54066 2.42513
v 4.39863 2.51328 2.39654
v 4.40821 2.50513 2.39291
v 4.42641 2.52646 2.4237
v 4.41979 2.56741 2.43684
v 4.41269 2.55188 2.43326
v 4.42193 2.54501 2.43556
v 4.42854 2.56305 2.44026
v 4.44102 2.62457 2.43953
v 4.43717 2.62513 2.43772
v 4.44899 2.65682 2.45288
v 4.4531 2.65553 2.4528
v 4.44528 2.6242 2.43972
v 4.46112 2.67847 2.46888
v 4.45543 2.67846 2.4686
v 4.46655 2.67847 2.46692
v 4.45711 2.65507 2.45124
v 4.46212 2.68132 2.47087
v 4.45623 2.68114 2.47055
v 4.46772 2.68137 2.46886
v 4.44931 2.62407 2.43827
v 4.46037 2.65553 2.44843
v 4.45248 2.6242 2.43539
v 4.43851 2.56013 2.44008
v 4.44814 2.55911 2.43633
v 4.45597 2.56013 2.42958
v 4.45341 2.54042 2.4219
v 4.44399 2.5388 2.42943
v 4.44716 2.52646 2.41122
v 4.43292 2.54042 2.43422
v 4.43741 2.52446 2.4185
v 4.42849 2.50513 2.38071
v 4.41868 2.50227 2.38735
v 4.42641 2.52646 2.4237
v 4.41581 2.53214 2.42604
v 4.43314 2.62705 2.42639
v 4.43291 2.62647 2.43062
v 4.4418 2.66299 2.44535
v 4.4422 2.66465 2.44163
v 4.44485 2.67776 2.45676
v 4.44505 2.67734 2.45114
v 4.44415 2.66581 2.43798
v 4.44735 2.67704 2.44593
v 4.43497 2.62744 2.42255
v 4.43813 2.62758 2.41969
v 4.42476 2.58638 2.39747
v 4.41698 2.58528 2.40411
v 4.41209 2.58222 2.41268
v 4.40698 2.57521 2.41066
v 4.41342 2.58001 2.40173
v 4.40397 2.56892 2.40632
v 4.42286 2.58174 2.39431
v 4.41097 2.57436 2.39789
v 4.42064 2.57621 2.39062
v 4.44505 2.67734 2.45114
v 4.44485 2.67776 2.45676
v 4.44523 2.67959 2.45817
v 4.4454 2.67891 2.45232
v 4.44735 2.67704 2.44593
v 4.44775 2.67844 2.44691
v 4.45156 2.67695 2.44201
v 4.45207 2.67828 2.44286
v 4.44742 2.66623 2.43513
v 4.44415 2.66581 2.43798
v 4.43813 2.62758 2.41969
v 4.45699 2.67704 2.44013
v 4.45768 2.67844 2.44094
v 4.45147 2.66581 2.43358
v 4.46272 2.67732 2.44053
v 4.4636 2.67889 2.44139
v 4.45564 2.66464 2.43356
v 4.44641 2.62704 2.41841
v 4.44214 2.62744 2.41823
v 4.43427 2.58528 2.3937
v 4.42476 2.58638 2.39747
v 4.42286 2.58174 2.39431
v 4.43384 2.58001 2.38945
v 4.42064 2.57621 2.39062
v 4.4316 2.57436 2.38548
v 4.4467 2.67815 2.46201
v 4.45099 2.68081 2.46799
v 4.44717 2.68028 2.46364
v 4.45037 2.67838 2.46618
v 4.45623 2.68114 2.47055
v 4.44291 2.6609 2.44883
v 4.45543 2.67846 2.4686
v 4.44541 2.65872 2.45148
v 4.43433 2.6258 2.43459
v 4.44899 2.65682 2.45288
v 4.43717 2.62513 2.43772
v 4.44716 2.52646 2.41122
v 4.42849 2.50513 2.38071
v 4.43619 2.51328 2.37394
v 4.4542 2.53214 2.40295
v 4.44053 2.52552 2.368
v 4.45742 2.54066 2.39491
v 4.45974 2.54501 2.41281
v 4.46204 2.55188 2.40357
v 4.45742 2.54066 2.39491
v 4.44053 2.52552 2.368
v 4.44076 2.53994 2.36373
v 4.45631 2.55068 2.38837
v 4.46204 2.55188 2.40357
v 4.43723 2.55534 2.36274
v 4.46 2.56 2.3956
v 4.46187 2.56741 2.41152
v 4.45118 2.56133 2.38486
v 4.42923 2.5663 2.36228
v 4.44233 2.56892 2.38325
v 4.41932 2.57433 2.36537
v 4.454 2.56889 2.39057
v 4.44475 2.57521 2.38795
v 4.45909 2.57255 2.40306
v 4.45296 2.57831 2.39705
v 4.44415 2.58222 2.3934
v 4.44641 2.62704 2.41841
v 4.45041 2.62623 2.42012
v 4.45307 2.6258 2.42328
v 4.45451 2.62513 2.42729
v 4.45907 2.6621 2.43459
v 4.46163 2.66092 2.43751
v 4.46281 2.65872 2.44102
v 4.4674 2.67655 2.44231
v 4.4543 2.62457 2.43153
v 4.45451 2.62513 2.42729
v 4.46281 2.65872 2.44102
v 4.46079 2.56305 2.42086
v 4.46187 2.56741 2.41152
v 4.46204 2.55188 2.40357
v 4.45974 2.54501 2.41281
v 4.45597 2.56013 2.42958
v 4.45248 2.6242 2.43539
v 4.45341 2.54042 2.4219
v 4.4542 2.53214 2.40295
v 4.44716 2.52646 2.41122
v 4.46237 2.65682 2.44483
v 4.46037 2.65553 2.44843
v 4.47324 2.67846 2.45789
v 4.47082 2.67847 2.46305
v 4.45711 2.65507 2.45124
v 4.46655 2.67847 2.46692
v 4.47459 2.68114 2.4595
v 4.47479 2.68081 2.45368
v 4.47211 2.68132 2.46486
v 4.46772 2.68137 2.46886
v 4.46112 2.67847 2.46888
v 4.4543 2.62457 2.43153
v 4.46281 2.65872 2.44102
v 4.46237 2.65682 2.44483
v 4.47347 2.67838 2.45228
v 4.47324 2.67846 2.45789
v 4.47479 2.68081 2.45368
v 4.47272 2.68034 2.44818
v 4.47149 2.6782 2.44701
v 4.46163 2.66092 2.43751
v 4.46843 2.67834 2.44327
v 4.4674 2.67655 2.44231
v 4.4674 2.67655 2.44231
v 4.4636 2.67889 2.44139
v 4.46843 2.67834 2.44327
v 4.46272 2.67732 2.44053
v 4.45907 2.6621 2.43459
v 4.45564 2.66464 2.43356
v 4.45041 2.62623 2.42012
v 4.44641 2.62704 2.41841
v 4.44415 2.58222 2.3934
v 4.44214 2.62744 2.41823
v 4.43427 2.58528 2.3937
v 4.43384 2.58001 2.38945
v 4.44475 2.57521 2.38795
v 4.4316 2.57436 2.38548
v 4.44233 2.56892 2.38325
v 4.4316 2.57436 2.38548
v 4.41932 2.57433 2.36537
v 4.40867 2.57717 2.37071
v 4.42064 2.57621 2.39062
v 4.39895 2.57433 2.37762
v 4.41097 2.57436 2.39789
v 4.39161 2.56632 2.38492
v 4.40397 2.56892 2.40632
v 4.33011 2.61955 2.27371
v 4.34376 2.61955 2.26283
v 4.34209 2.60371 2.26006
v 4.32777 2.60371 2.27146
v 4.3326 2.56391 2.24428
v 4.31973 2.61955 2.28775
v 4.32968 2.65829 2.2733
v 4.31452 2.56391 2.25868
v 4.32787 2.53109 2.23641
v 4.31689 2.60371 2.28618
v 4.30078 2.56391 2.27726
v 4.30791 2.53109 2.2523
v 4.31334 2.61955 2.304
v 4.31921 2.65829 2.28747
v 4.31019 2.60371 2.30322
v 4.29275 2.53109 2.27282
v 4.29232 2.56391 2.29877
v 4.30784 2.51692 2.25224
v 4.32782 2.51692 2.23633
v 4.33 2.50176 2.23995
v 4.3524 2.50176 2.23019
v 4.31088 2.50176 2.25517
v 4.33643 2.4862 2.25064
v 4.29267 2.51692 2.27277
v 4.31986 2.4862 2.26383
v 4.34738 2.47048 2.26885
v 4.29636 2.50176 2.27482
v 4.30727 2.4862 2.28086
v 4.28341 2.53109 2.29656
v 4.28332 2.51692 2.29653
v 4.28742 2.50176 2.29755
v 4.28044 2.51692 2.32191
v 4.28467 2.50176 2.32183
v 4.28054 2.53109 2.32191
v 4.28972 2.56391 2.32174
v 4.30813 2.60371 2.32141
v 4.31137 2.61955 2.32135
v 4.31276 2.65829 2.30386
v 4.31078 2.65829 2.32136
v 4.31554 2.67003 2.32128
v 4.31738 2.67003 2.30501
v 4.32337 2.67003 2.28977
v 4.3331 2.67003 2.2766
v 4.34346 2.65829 2.26233
v 4.34591 2.67003 2.2664
v 4.31452 2.56391 2.25868
v 4.32787 2.53109 2.23641
v 4.30791 2.53109 2.2523
v 4.32782 2.51692 2.23633
v 4.35123 2.51692 2.22613
v 4.3524 2.50176 2.23019
v 4.37656 2.50176 2.22657
v 4.35126 2.53109 2.22622
v 4.3326 2.56391 2.24428
v 4.37648 2.51692 2.22234
v 4.40084 2.50176 2.22932
v 4.35379 2.56391 2.23505
v 4.34209 2.60371 2.26006
v 4.37648 2.53109 2.22244
v 4.40186 2.51692 2.22522
v 4.42357 2.50176 2.23826
v 4.42562 2.51692 2.23457
v 4.40183 2.53109 2.22531
v 4.42557 2.53109 2.23465
v 4.35888 2.60371 2.25275
v 4.34376 2.61955 2.26283
v 4.37665 2.56391 2.23162
v 4.39962 2.56391 2.23422
v 4.42113 2.56391 2.24268
v 4.37698 2.60371 2.25003
v 4.39517 2.60371 2.2521
v 4.41221 2.60371 2.2588
v 4.35977 2.61955 2.25586
v 4.37704 2.61955 2.25327
v 4.39439 2.61955 2.25524
v 4.41064 2.61955 2.26163
v 4.41092 2.65829 2.26111
v 4.39453 2.65829 2.25466
v 4.37703 2.65829 2.25268
v 4.39338 2.67003 2.25928
v 4.40862 2.67003 2.26527
v 4.37711 2.67003 2.25744
v 4.36092 2.67003 2.25987
v 4.35961 2.65829 2.25529
v 4.34591 2.67003 2.2664
v 4.34346 2.65829 2.26233
v 4.33011 2.61955 2.27371
v 4.32968 2.65829 2.2733
v 4.47217 2.53109 2.29316
v 4.47595 2.53109 2.31839
v 4.47604 2.51692 2.31838
v 4.47226 2.51692 2.29313
v 4.47182 2.50176 2.31846
v 4.4682 2.50176 2.2943
v 4.46206 2.51692 2.26972
v 4.45844 2.50176 2.2719
v 4.45935 2.4862 2.31868
v 4.45696 2.4862 2.33973
v 4.46907 2.50176 2.34274
v 4.45621 2.4862 2.29774
v 4.44775 2.4862 2.27833
v 4.44322 2.50176 2.25278
v 4.43578 2.47048 2.30361
v 4.4381 2.47048 2.31907
v 4.42954 2.47048 2.28928
v 4.43456 2.4862 2.26176
v 4.42357 2.50176 2.23826
v 4.41753 2.4862 2.24918
v 4.40084 2.50176 2.22932
v 4.46334 2.56391 2.29569
v 4.46677 2.56391 2.31855
v 4.47595 2.53109 2.31839
v 4.47217 2.53109 2.29316
v 4.45411 2.56391 2.2745
v 4.46198 2.53109 2.26977
v 4.47226 2.51692 2.29313
v 4.46206 2.51692 2.26972
v 4.44609 2.53109 2.24981
v 4.43971 2.56391 2.25642
v 4.44615 2.51692 2.24974
v 4.45844 2.50176 2.2719
v 4.44322 2.50176 2.25278
v 4.42562 2.51692 2.23457
v 4.42357 2.50176 2.23826
v 4.42557 2.53109 2.23465
v 4.42113 2.56391 2.24268
v 4.41221 2.60371 2.2588
v 4.42693 2.60371 2.26968
v 4.41064 2.61955 2.26163
v 4.42468 2.61955 2.27201
v 4.43833 2.60371 2.284
v 4.43556 2.61955 2.28566
v 4.43606 2.65829 2.28536
v 4.42509 2.65829 2.27158
v 4.41092 2.65829 2.26111
v 4.40862 2.67003 2.26527
v 4.42179 2.67003 2.27501
v 4.47604 2.51692 2.31838
v 4.46907 2.50176 2.34274
v 4.47182 2.50176 2.31846
v 4.47317 2.51692 2.34376
v 4.46013 2.50176 2.36547
v 4.47595 2.53109 2.31839
v 4.46382 2.51692 2.36752
v 4.47308 2.53109 2.34373
v 4.46374 2.53109 2.36748
v 4.46677 2.56391 2.31855
v 4.46416 2.56391 2.34152
v 4.44836 2.60371 2.31888
v 4.44629 2.60371 2.33707
v 4.44512 2.61955 2.31894
v 4.44315 2.61955 2.33629
v 4.43959 2.60371 2.35411
v 4.43676 2.61955 2.35254
v 4.43728 2.65829 2.35283
v 4.44372 2.65829 2.33643
v 4.44571 2.65829 2.31893
v 4.44095 2.67003 2.31902
v 4.43911 2.67003 2.33528
v 4.43971 2.56391 2.25642
v 4.45411 2.56391 2.2745
v 4.46198 2.53109 2.26977
v 4.42693 2.60371 2.26968
v 4.43833 2.60371 2.284
v 4.46334 2.56391 2.29569
v 4.44564 2.60371 2.30078
v 4.46677 2.56391 2.31855
v 4.44836 2.60371 2.31888
v 4.43556 2.61955 2.28566
v 4.44253 2.61955 2.30167
v 4.44512 2.61955 2.31894
v 4.44571 2.65829 2.31893
v 4.4431 2.65829 2.30151
v 4.43606 2.65829 2.28536
v 4.43852 2.67003 2.30282
v 4.44095 2.67003 2.31902
v 4.43199 2.67003 2.28781
v 4.42179 2.67003 2.27501
v 4.42509 2.65829 2.27158
v 4.46416 2.56391 2.34152
v 4.46374 2.53109 2.36748
v 4.47308 2.53109 2.34373
v 4.45571 2.56391 2.36303
v 4.44629 2.60371 2.33707
v 4.43959 2.60371 2.35411
v 4.44858 2.53109 2.38799
v 4.44197 2.56391 2.38161
v 4.44864 2.51692 2.38806
v 4.46382 2.51692 2.36752
v 4.44561 2.50176 2.38512
v 4.46013 2.50176 2.36547
v 4.42649 2.50176 2.40034
v 4.42867 2.51692 2.40396
v 4.42862 2.53109 2.40388
v 4.40526 2.51692 2.41416
v 4.40523 2.53109 2.41407
v 4.42389 2.56391 2.39601
v 4.4027 2.56391 2.40524
v 4.42871 2.60371 2.36883
v 4.43676 2.61955 2.35254
v 4.41439 2.60371 2.38023
v 4.39761 2.60371 2.38754
v 4.42638 2.61955 2.36658
v 4.41272 2.61955 2.37746
v 4.39672 2.61955 2.38443
v 4.39688 2.65829 2.385
v 4.42681 2.65829 2.36699
v 4.43728 2.65829 2.35283
v 4.41303 2.65829 2.37796
v 4.41058 2.67003 2.37389
v 4.39556 2.67003 2.38042
v 4.42338 2.67003 2.36369
v 4.43312 2.67003 2.35052
v 4.43911 2.67003 2.33528
v 4.44372 2.65829 2.33643
v 4.29451 2.53109 2.37052
v 4.28423 2.51692 2.34716
v 4.29443 2.51692 2.37057
v 4.3104 2.53109 2.39048
v 4.31678 2.56391 2.38387
v 4.30238 2.56391 2.36579
v 4.31033 2.51692 2.39055
v 4.29805 2.50176 2.36839
v 4.31327 2.50176 2.38751
v 4.33087 2.51692 2.40572
v 4.33292 2.50176 2.40203
v 4.33091 2.53109 2.40564
v 4.33536 2.56391 2.39761
v 4.34428 2.60371 2.3815
v 4.32956 2.60371 2.37061
v 4.31816 2.60371 2.35629
v 4.34585 2.61955 2.37866
v 4.33181 2.61955 2.36828
v 4.32093 2.61955 2.35463
v 4.32042 2.65829 2.35493
v 4.3314 2.65829 2.36871
v 4.34556 2.65829 2.37918
v 4.34787 2.67003 2.37502
v 4.3347 2.67003 2.36529
v 4.29443 2.51692 2.37057
v 4.28829 2.50176 2.34599
v 4.29805 2.50176 2.36839
v 4.28423 2.51692 2.34716
v 4.28467 2.50176 2.32183
v 4.28044 2.51692 2.32191
v 4.28432 2.53109 2.34713
v 4.29451 2.53109 2.37052
v 4.28054 2.53109 2.32191
v 4.30238 2.56391 2.36579
v 4.29315 2.56391 2.3446
v 4.28972 2.56391 2.32174
v 4.31816 2.60371 2.35629
v 4.31085 2.60371 2.33951
v 4.30813 2.60371 2.32141
v 4.32093 2.61955 2.35463
v 4.31396 2.61955 2.33862
v 4.31137 2.61955 2.32135
v 4.31078 2.65829 2.32136
v 4.31339 2.65829 2.33878
v 4.32042 2.65829 2.35493
v 4.31797 2.67003 2.33747
v 4.31554 2.67003 2.32128
v 4.3245 2.67003 2.35248
v 4.3347 2.67003 2.36529
v 4.3314 2.65829 2.36871
v 4.40526 2.51692 2.41416
v 4.37993 2.50176 2.41372
v 4.40409 2.50176 2.4101
v 4.38001 2.51692 2.41795
v 4.40523 2.53109 2.41407
v 4.38 2.53109 2.41785
v 4.4027 2.56391 2.40524
v 4.37984 2.56391 2.40867
v 4.39761 2.60371 2.38754
v 4.37951 2.60371 2.39026
v 4.39672 2.61955 2.38443
v 4.35565 2.50176 2.41097
v 4.35866 2.4862 2.39886
v 4.3797 2.4862 2.40125
v 4.35463 2.51692 2.41507
v 4.33292 2.50176 2.40203
v 4.33087 2.51692 2.40572
v 4.35466 2.53109 2.41498
v 4.33091 2.53109 2.40564
v 4.35687 2.56391 2.40607
v 4.33536 2.56391 2.39761
v 4.36132 2.60371 2.3882
v 4.34428 2.60371 2.3815
v 4.37945 2.61955 2.38702
v 4.3621 2.61955 2.38505
v 4.34585 2.61955 2.37866
v 4.34556 2.65829 2.37918
v 4.37946 2.65829 2.38761
v 4.39688 2.65829 2.385
v 4.39556 2.67003 2.38042
v 4.37937 2.67003 2.38285
v 4.36196 2.65829 2.38563
v 4.36311 2.67003 2.38101
v 4.34787 2.67003 2.37502
v 4.40409 2.50176 2.4101
v 4.37993 2.50176 2.41372
v 4.3797 2.4862 2.40125
v 4.40065 2.4862 2.39811
v 4.37932 2.47048 2.38
v 4.39478 2.47048 2.37768
v 4.42006 2.4862 2.38965
v 4.40911 2.47048 2.37144
v 4.42649 2.50176 2.40034
v 4.42867 2.51692 2.40396
v 4.40526 2.51692 2.41416
v 4.44561 2.50176 2.38512
v 4.43663 2.4862 2.37646
v 4.42133 2.47048 2.36171
v 4.46013 2.50176 2.36547
v 4.44921 2.4862 2.35943
v 4.43062 2.47048 2.34914
v 4.46907 2.50176 2.34274
v 4.45696 2.4862 2.33973
v 4.35565 2.50176 2.41097
v 4.33896 2.4862 2.39111
v 4.35866 2.4862 2.39886
v 4.35866 2.4862 2.39886
v 4.33896 2.4862 2.39111
v 4.34925 2.47048 2.37252
v 4.36379 2.47048 2.37824
v 4.3797 2.4862 2.40125
v 4.37932 2.47048 2.38
v 4.43634 2.47048 2.3346
v 4.43062 2.47048 2.34914
v 4.42133 2.47048 2.36171
v 4.39478 2.47048 2.37768
v 4.40911 2.47048 2.37144
v 4.45696 2.4862 2.33973
v 4.44921 2.4862 2.35943
v 4.4381 2.47048 2.31907
v 4.45935 2.4862 2.31868
v 4.33668 2.47048 2.36323
v 4.43578 2.47048 2.30361
v 4.32695 2.47048 2.35101
v 4.42954 2.47048 2.28928
v 4.32071 2.47048 2.33668
v 4.41981 2.47048 2.27706
v 4.31839 2.47048 2.32122
v 4.40724 2.47048 2.26777
v 4.32015 2.47048 2.3057
v 4.29714 2.4862 2.32161
v 4.29952 2.4862 2.30057
v 4.32587 2.47048 2.29115
v 4.30727 2.4862 2.28086
v 4.39269 2.47048 2.26205
v 4.37717 2.47048 2.26029
v 4.36171 2.47048 2.26261
v 4.33516 2.47048 2.27858
v 4.34738 2.47048 2.26885
v 4.37678 2.4862 2.23904
v 4.39782 2.4862 2.24143
v 4.41753 2.4862 2.24918
v 4.33896 2.4862 2.39111
v 4.33668 2.47048 2.36323
v 4.34925 2.47048 2.37252
v 4.32193 2.4862 2.37853
v 4.33292 2.50176 2.40203
v 4.32695 2.47048 2.35101
v 4.31327 2.50176 2.38751
v 4.30874 2.4862 2.36196
v 4.32071 2.47048 2.33668
v 4.29805 2.50176 2.36839
v 4.30028 2.4862 2.34255
v 4.31839 2.47048 2.32122
v 4.28829 2.50176 2.34599
v 4.29714 2.4862 2.32161
v 4.28467 2.50176 2.32183
v 4.29952 2.4862 2.30057
v 4.28742 2.50176 2.29755
v 4.28742 2.50176 2.29755
v 4.30727 2.4862 2.28086
v 4.29952 2.4862 2.30057
v 4.29636 2.50176 2.27482
v 4.33516 2.47048 2.27858
v 4.32587 2.47048 2.29115
v 4.31986 2.4862 2.26383
v 4.34738 2.47048 2.26885
v 4.33643 2.4862 2.25064
v 4.36171 2.47048 2.26261
v 4.35584 2.4862 2.24218
v 4.33 2.50176 2.23995
v 4.37717 2.47048 2.26029
v 4.3524 2.50176 2.23019
v 4.37678 2.4862 2.23904
v 4.37656 2.50176 2.22657
v 4.39782 2.4862 2.24143
v 4.40084 2.50176 2.22932
v 4.41122 2.67634 2.28596
v 4.40103 2.67281 2.27899
v 4.40125 2.67634 2.27859
v 4.4109 2.67281 2.28629
v 4.41894 2.67634 2.29566
v 4.41855 2.67281 2.29589
v 4.42389 2.67634 2.30703
v 4.42346 2.67281 2.30715
v 4.42573 2.67634 2.31929
v 4.42528 2.67281 2.3193
v 4.40125 2.67634 2.27859
v 4.40103 2.67281 2.27899
v 4.3896 2.67281 2.27449
v 4.38971 2.67634 2.27405
v 4.3774 2.67281 2.27311
v 4.37739 2.67634 2.27266
v 4.36525 2.67281 2.27493
v 4.36513 2.67634 2.2745
v 4.35399 2.67281 2.27983
v 4.35376 2.67634 2.27945
v 4.34439 2.67281 2.28749
v 4.34406 2.67634 2.28717
v 4.42434 2.67634 2.33161
v 4.42528 2.67281 2.3193
v 4.42573 2.67634 2.31929
v 4.4239 2.67281 2.3315
v 4.43952 2.55645 2.36104
v 4.43723 2.55534 2.36274
v 4.44076 2.53994 2.36373
v 4.44336 2.53993 2.36213
v 4.44053 2.52552 2.368
v 4.4432 2.52451 2.3669
v 4.43619 2.51328 2.37394
v 4.43861 2.51144 2.37363
v 4.42849 2.50513 2.38071
v 4.43028 2.50271 2.38129
v 4.41868 2.50227 2.38735
v 4.41949 2.49964 2.38871
v 4.40821 2.50513 2.39291
v 4.40788 2.50271 2.39477
v 4.39863 2.51328 2.39654
v 4.39722 2.51144 2.39853
v 4.39134 2.52552 2.39759
v 4.38912 2.52451 2.39944
v 4.38746 2.53994 2.3958
v 4.38483 2.53993 2.39735
v 4.38758 2.55428 2.39135
v 4.38499 2.55535 2.39257
v 4.43098 2.56842 2.36094
v 4.43723 2.55534 2.36274
v 4.43952 2.55645 2.36104
v 4.42923 2.5663 2.36228
v 4.42031 2.57716 2.36471
v 4.41932 2.57433 2.36537
v 4.4087 2.58023 2.37077
v 4.40867 2.57717 2.37071
v 4.39791 2.57716 2.37819
v 4.39895 2.57433 2.37762
v 4.38958 2.56842 2.38585
v 4.39161 2.56632 2.38492
v 4.38499 2.55535 2.39257
v 4.38758 2.55428 2.39135
v 4.45739 2.68006 2.43837
v 4.45768 2.67844 2.44094
v 4.45207 2.67828 2.44286
v 4.45081 2.68008 2.44076
v 4.44775 2.67844 2.44691
v 4.44562 2.68006 2.44545
v 4.46434 2.68 2.43864
v 4.45768 2.67844 2.44094
v 4.45739 2.68006 2.43837
v 4.4636 2.67889 2.44139
v 4.4703 2.67861 2.44079
v 4.46843 2.67834 2.44327
v 4.47526 2.67978 2.44659
v 4.47272 2.68034 2.44818
v 4.47756 2.67967 2.45306
v 4.47479 2.68081 2.45368
v 4.47717 2.67957 2.45996
v 4.47459 2.68114 2.4595
v 4.47414 2.6795 2.46623
v 4.47211 2.68132 2.46486
v 4.44562 2.68006 2.44545
v 4.44775 2.67844 2.44691
v 4.4454 2.67891 2.45232
v 4.44259 2.68 2.45172
v 4.44523 2.67959 2.45817
v 4.4422 2.6799 2.45862
v 4.44717 2.68028 2.46364
v 4.4445 2.67978 2.46509
v 4.45099 2.68081 2.46799
v 4.44915 2.67967 2.47015
v 4.45623 2.68114 2.47055
v 4.45542 2.67957 2.47304
v 4.46212 2.68132 2.47087
v 4.45542 2.67957 2.47304
v 4.46212 2.68132 2.47087
v 4.46238 2.6795 2.47331
v 4.46772 2.68137 2.46886
v 4.46895 2.67948 2.47091
v 4.47211 2.68132 2.46486
v 4.47414 2.6795 2.46623
v 4.34406 2.67634 2.28717
v 4.34439 2.67281 2.28749
v 4.33709 2.67281 2.29736
v 4.33669 2.67634 2.29714
v 4.33259 2.67281 2.30879
v 4.33215 2.67634 2.30868
v 4.33121 2.67281 2.32099
v 4.33075 2.67634 2.321
v 4.33075 2.67634 2.321
v 4.33121 2.67281 2.32099
v 4.33303 2.67281 2.33314
v 4.33259 2.67634 2.33326
v 4.33793 2.67281 2.3444
v 4.33755 2.67634 2.34463
v 4.33755 2.67634 2.34463
v 4.33793 2.67281 2.3444
v 4.34558 2.67281 2.354
v 4.34527 2.67634 2.35433
v 4.35546 2.67281 2.3613
v 4.35524 2.67634 2.3617
v 4.35524 2.67634 2.3617
v 4.35546 2.67281 2.3613
v 4.36689 2.67281 2.3658
v 4.36678 2.67634 2.36624
v 4.37909 2.67281 2.36718
v 4.3791 2.67634 2.36763
v 4.39124 2.67281 2.36536
v 4.39136 2.67634 2.36579
v 4.39136 2.67634 2.36579
v 4.39124 2.67281 2.36536
v 4.4025 2.67281 2.36046
v 4.40273 2.67634 2.36084
v 4.4121 2.67281 2.35281
v 4.41243 2.67634 2.35312
v 4.4194 2.67281 2.34293
v 4.4198 2.67634 2.34315
v 4.4239 2.67281 2.3315
v 4.42434 2.67634 2.33161
v 4.39024 2.67594 2.27193
v 4.38971 2.67634 2.27405
v 4.37739 2.67634 2.27266
v 4.37735 2.67594 2.27047
v 4.36513 2.67634 2.2745
v 4.4023 2.67594 2.27668
v 4.40125 2.67634 2.27859
v 4.36452 2.67594 2.2724
v 4.35376 2.67634 2.27945
v 4.41273 2.67594 2.28439
v 4.41122 2.67634 2.28596
v 4.35263 2.67594 2.27758
v 4.34406 2.67634 2.28717
v 4.42081 2.67594 2.29453
v 4.41894 2.67634 2.29566
v 4.34249 2.67594 2.28565
v 4.33669 2.67634 2.29714
v 4.42599 2.67594 2.30643
v 4.42389 2.67634 2.30703
v 4.33478 2.67594 2.29608
v 4.33215 2.67634 2.30868
v 4.42792 2.67594 2.31925
v 4.42573 2.67634 2.31929
v 4.33003 2.67594 2.30815
v 4.33075 2.67634 2.321
v 4.42645 2.67594 2.33214
v 4.42434 2.67634 2.33161
v 4.32857 2.67594 2.32104
v 4.33259 2.67634 2.33326
v 4.42171 2.67594 2.34421
v 4.4198 2.67634 2.34315
v 4.3305 2.67594 2.33387
v 4.33755 2.67634 2.34463
v 4.414 2.67594 2.35464
v 4.41243 2.67634 2.35312
v 4.33567 2.67594 2.34576
v 4.34527 2.67634 2.35433
v 4.40385 2.67594 2.36271
v 4.40273 2.67634 2.36084
v 4.34375 2.67594 2.3559
v 4.35524 2.67634 2.3617
v 4.39196 2.67594 2.36789
v 4.39136 2.67634 2.36579
v 4.35418 2.67594 2.36361
v 4.36678 2.67634 2.36624
v 4.37914 2.67594 2.36982
v 4.3791 2.67634 2.36763
v 4.36625 2.67594 2.36836
v 4.41168 2.67319 2.37572
v 4.42492 2.67319 2.36517
v 4.39616 2.67319 2.38248
v 4.37941 2.67319 2.38499
v 4.43499 2.67319 2.35156
v 4.36259 2.67319 2.38309
v 4.34683 2.67319 2.37689
v 4.44119 2.67319 2.3358
v 4.33322 2.67319 2.36683
v 4.44309 2.67319 2.31898
v 4.32267 2.67319 2.35358
v 4.44058 2.67319 2.30223
v 4.31591 2.67319 2.33806
v 4.43382 2.67319 2.28671
v 4.3134 2.67319 2.32131
v 4.42327 2.67319 2.27346
v 4.3153 2.67319 2.30449
v 4.40966 2.67319 2.2634
v 4.3215 2.67319 2.28873
v 4.3939 2.67319 2.2572
v 4.33156 2.67319 2.27512
v 4.37708 2.67319 2.2553
v 4.34481 2.67319 2.26457
v 4.36033 2.67319 2.25781
v 4.39338 2.67003 2.25928
v 4.37711 2.67003 2.25744
v 4.3774 2.67281 2.27311
v 4.3896 2.67281 2.27449
v 4.36525 2.67281 2.27493
v 4.40862 2.67003 2.26527
v 4.36092 2.67003 2.25987
v 4.40103 2.67281 2.27899
v 4.35399 2.67281 2.27983
v 4.42179 2.67003 2.27501
v 4.34591 2.67003 2.2664
v 4.4109 2.67281 2.28629
v 4.34439 2.67281 2.28749
v 4.43199 2.67003 2.28781
v 4.3331 2.67003 2.2766
v 4.41855 2.67281 2.29589
v 4.33709 2.67281 2.29736
v 4.43852 2.67003 2.30282
v 4.32337 2.67003 2.28977
v 4.42346 2.67281 2.30715
v 4.33259 2.67281 2.30879
v 4.44095 2.67003 2.31902
v 4.31738 2.67003 2.30501
v 4.42528 2.67281 2.3193
v 4.33121 2.67281 2.32099
v 4.43911 2.67003 2.33528
v 4.31554 2.67003 2.32128
v 4.4239 2.67281 2.3315
v 4.33303 2.67281 2.33314
v 4.43312 2.67003 2.35052
v 4.31797 2.67003 2.33747
v 4.4194 2.67281 2.34293
v 4.33793 2.67281 2.3444
v 4.42338 2.67003 2.36369
v 4.3245 2.67003 2.35248
v 4.4121 2.67281 2.35281
v 4.34558 2.67281 2.354
v 4.41058 2.67003 2.37389
v 4.3347 2.67003 2.36529
v 4.4025 2.67281 2.36046
v 4.35546 2.67281 2.3613
v 4.39556 2.67003 2.38042
v 4.34787 2.67003 2.37502
v 4.39124 2.67281 2.36536
v 4.36689 2.67281 2.3658
v 4.37937 2.67003 2.38285
v 4.36311 2.67003 2.38101
v 4.37909 2.67281 2.36718
vn 3.86124 2.322242 2.401443
vn 4.022007 2.137596 2.16811
vn 3.936848 2.339285 2.028564
vn 3.819514 2.42692 2.299301
vn 3.926099 2.444357 1.986787
vn 3.811131 2.486005 2.262262
vn 3.928267 2.63508 1.970955
vn 3.808594 2.612399 2.257272
vn 3.966291 2.865029 2.056698
vn 3.835047 2.753428 2.332866
vn 3.86124 2.322242 2.401443
vn 3.936848 2.339285 2.028564
vn 3.819514 2.42692 2.299301
vn 3.924627 2.36385 2.029562
vn 3.830156 2.387245 2.321317
vn 3.969432 2.206626 2.129216
vn 3.892221 2.871642 2.309549
vn 3.873173 2.741131 2.534647
vn 3.95194 2.932757 2.439099
vn 4.361468 2.131288 2.705892
vn 4.536623 2.069005 2.577405
vn 4.314316 2.10632 2.67003
vn 4.680059 2.951815 2.019401
vn 4.522276 3.088783 2.131287
vn 4.573042 3.089334 2.184528
vn 3.981391 2.145645 2.332686
vn 4.270983 1.996794 2.297124
vn 3.992511 2.145644 2.229173
vn 4.03004 2.145648 2.132067
vn 4.246872 2.006016 2.251058
vn 4.219849 2.029609 2.171495
vn 4.501879 2.295263 1.826442
vn 4.474037 2.145642 1.935618
vn 4.571139 2.145642 1.973149
vn 4.398808 2.996095 1.941663
vn 4.446527 3.01966 1.976009
vn 4.223525 3.057309 2.068919
vn 4.085235 2.169643 2.625762
vn 4.186805 2.037375 2.462977
vn 4.247937 2.036278 2.518826
vn 4.258388 2.832423 2.819166
vn 4.189205 2.981152 2.672707
vn 4.286179 2.981151 2.710194
vn 4.322769 3.134457 2.383652
vn 4.33357 3.132186 2.409007
vn 4.105238 2.981154 2.611398
vn 4.313645 3.135215 2.36395
vn 4.039998 2.981149 2.530454
vn 3.997933 2.98115 2.435374
vn 3.98191 2.98115 2.332653
vn 4.290962 3.133579 2.32559
vn 3.98191 2.98115 2.332653
vn 3.993023 2.981154 2.229283
vn 4.273495 3.130009 2.297699
vn 4.171362 3.031935 2.587775
vn 4.000659 2.855006 2.645979
vn 4.056888 2.811941 2.731816
vn 4.28233 2.94602 2.744103
vn 4.694005 3.044855 2.270932
vn 4.798079 2.948558 2.423403
vn 3.915976 2.269098 2.500638
vn 4.022007 2.137596 2.16811
vn 3.86124 2.322242 2.401443
vn 4.091942 2.062829 2.32104
vn 4.28233 2.94602 2.744103
vn 4.056888 2.811941 2.731816
vn 4.139722 2.70704 2.828005
vn 4.40716 2.778406 2.858196
vn 4.164162 2.646394 2.852116
vn 4.433574 2.688201 2.884258
vn 4.171485 2.513031 2.859183
vn 4.427331 2.493039 2.894284
vn 4.117055 2.360204 2.795365
vn 4.347247 2.262577 2.815006
vn 4.347247 2.262577 2.815006
vn 4.117055 2.360204 2.795365
vn 4.012729 2.278122 2.665454
vn 4.194647 2.112581 2.63291
vn 3.909536 2.27938 2.50042
vn 3.835047 2.753428 2.332866
vn 3.966291 2.865029 2.056698
vn 4.069294 3.045759 2.261118
vn 3.897257 2.838375 2.479656
vn 4.194647 2.112581 2.63291
vn 3.909536 2.27938 2.50042
vn 4.020186 2.11187 2.3364
vn 3.850277 2.339221 2.373415
vn 3.944438 2.228819 2.144847
vn 3.846104 2.690938 2.501767
vn 3.921672 2.37019 2.029926
vn 3.897257 2.838375 2.479656
vn 4.069294 3.045759 2.261118
vn 4.245172 3.067395 2.569891
vn 4.005443 2.842451 2.662262
vn 4.373691 2.933157 2.766316
vn 4.093153 2.778523 2.775526
vn 4.338021 2.996305 2.702558
vn 3.846104 2.690938 2.501767
vn 4.269845 3.058908 2.59777
vn 3.834374 2.723645 2.422193
vn 4.313131 2.933004 2.761409
vn 4.058917 2.849805 2.70791
vn 3.924627 2.36385 2.029562
vn 3.834374 2.723645 2.422193
vn 3.830156 2.387245 2.321317
vn 3.921672 2.37019 2.029926
vn 3.846104 2.690938 2.501767
vn 4.308349 2.356368 1.7889
vn 4.423692 2.225676 1.856748
vn 4.306711 2.352767 1.790531
vn 3.969432 2.206626 2.129216
vn 4.394379 2.2089 1.867489
vn 3.944438 2.228819 2.144847
vn 4.567461 2.108407 2.0208
vn 4.020186 2.11187 2.3364
vn 4.838234 2.860862 2.136688
vn 4.694005 3.044855 2.270932
vn 4.798079 2.948558 2.423403
vn 4.887558 2.819387 2.222587
vn 4.494311 2.053081 2.077988
vn 4.759455 2.271308 2.000334
vn 4.698489 2.316239 1.909677
vn 4.417639 2.136501 1.936001
vn 4.624507 2.42118 1.819751
vn 4.331347 2.336953 1.794202
vn 4.887558 2.819387 2.222587
vn 4.798079 2.948558 2.423403
vn 4.838786 2.78165 2.597305
vn 4.937551 2.711815 2.343855
vn 4.851167 2.690248 2.631757
vn 4.947773 2.650314 2.381727
vn 4.860494 2.496966 2.636417
vn 4.952082 2.51973 2.388216
vn 4.82763 2.267734 2.537025
vn 4.925616 2.374637 2.310588
vn 4.331347 2.336953 1.794202
vn 4.624507 2.42118 1.819751
vn 4.595277 2.483483 1.793381
vn 4.294209 2.443081 1.764995
vn 4.587687 2.605972 1.786142
vn 4.279712 2.632475 1.758838
vn 4.63471 2.74479 1.837886
vn 4.337955 2.860524 1.830078
vn 4.925616 2.374637 2.310588
vn 4.82763 2.267734 2.537025
vn 4.747666 2.117961 2.321826
vn 4.865897 2.290818 2.171089
vn 4.567461 2.108407 2.0208
vn 4.766607 2.279765 2.001285
vn 4.423692 2.225676 1.856748
vn 4.677402 2.337943 1.882479
vn 4.308349 2.356368 1.7889
vn 4.774789 2.647418 1.910345
vn 4.337955 2.860524 1.830078
vn 4.63471 2.74479 1.837886
vn 4.729051 2.834003 1.951444
vn 4.470703 3.04056 2.011399
vn 4.847147 2.847467 2.137901
vn 4.663489 3.065968 2.310073
vn 4.912632 2.781775 2.279602
vn 4.776626 2.933495 2.520411
vn 4.774789 2.647418 1.910345
vn 4.770574 2.975398 2.427461
vn 4.70176 2.696828 1.862759
vn 4.690505 3.049897 2.31759
vn 4.875739 2.839022 2.215808
vn 4.799346 2.929792 2.475149
vn 4.70176 2.696828 1.862759
vn 4.394379 2.2089 1.867489
vn 4.617697 2.386165 1.827644
vn 4.306711 2.352767 1.790531
vn 4.091942 2.062829 2.32104
vn 4.494311 2.053081 2.077988
vn 4.417639 2.136501 1.936001
vn 4.022007 2.137596 2.16811
vn 4.798079 2.948558 2.423403
vn 4.28233 2.94602 2.744103
vn 4.40716 2.778406 2.858196
vn 4.838786 2.78165 2.597305
vn 4.433574 2.688201 2.884258
vn 4.851167 2.690248 2.631757
vn 4.427331 2.493039 2.894284
vn 4.860494 2.496966 2.636417
vn 4.347247 2.262577 2.815006
vn 4.82763 2.267734 2.537025
vn 4.022007 2.137596 2.16811
vn 4.417639 2.136501 1.936001
vn 4.331347 2.336953 1.794202
vn 3.936848 2.339285 2.028564
vn 4.294209 2.443081 1.764995
vn 3.926099 2.444357 1.986787
vn 4.279712 2.632475 1.758838
vn 3.928267 2.63508 1.970955
vn 3.928267 2.63508 1.970955
vn 4.279712 2.632475 1.758838
vn 4.337955 2.860524 1.830078
vn 3.966291 2.865029 2.056698
vn 4.470703 3.04056 2.011399
vn 4.069294 3.045759 2.261118
vn 4.82763 2.267734 2.537025
vn 4.347247 2.262577 2.815006
vn 4.194647 2.112581 2.63291
vn 4.747666 2.117961 2.321826
vn 4.747666 2.117961 2.321826
vn 4.194647 2.112581 2.63291
vn 4.020186 2.11187 2.3364
vn 4.567461 2.108407 2.0208
vn 4.069294 3.045759 2.261118
vn 4.470703 3.04056 2.011399
vn 4.663489 3.065968 2.310073
vn 4.245172 3.067395 2.569891
vn 4.245172 3.067395 2.569891
vn 4.663489 3.065968 2.310073
vn 4.776626 2.933495 2.520411
vn 4.373691 2.933157 2.766316
vn 4.770574 2.975398 2.427461
vn 4.338021 2.996305 2.702558
vn 4.690505 3.049897 2.31759
vn 4.269845 3.058908 2.59777
vn 4.799346 2.929792 2.475149
vn 4.313131 2.933004 2.761409
vn 4.774789 2.647418 1.910345
vn 4.308349 2.356368 1.7889
vn 4.306711 2.352767 1.790531
vn 4.70176 2.696828 1.862759
vn 3.95194 2.932757 2.439099
vn 3.89048 2.747829 2.567176
vn 3.994489 2.94534 2.519637
vn 3.873173 2.741131 2.534647
vn 3.883166 2.550988 2.616908
vn 3.892466 2.545622 2.63184
vn 3.958118 2.371396 2.667448
vn 3.87908 2.772003 2.51998
vn 3.892221 2.871642 2.309549
vn 3.871541 2.83258 2.276743
vn 3.996568 2.366477 2.707337
vn 4.107523 2.215883 2.69527
vn 3.942529 2.634468 2.69305
vn 3.872554 2.774205 2.499887
vn 4.163542 2.222999 2.736383
vn 4.314316 2.10632 2.67003
vn 4.361468 2.131288 2.705892
vn 4.073666 2.490405 2.807068
vn 4.250717 2.369227 2.851363
vn 3.956956 2.697911 2.69216
vn 4.103776 2.617652 2.827177
vn 4.042753 2.5902 2.790952
vn 3.902107 2.664828 2.630668
vn 4.01321 2.42893 2.7483
vn 3.839504 2.736666 2.42819
vn 3.862005 2.794786 2.216844
vn 3.875472 2.536942 2.602523
vn 3.816158 2.647996 2.413471
vn 3.914037 2.425701 2.63504
vn 3.81591 2.588712 2.443248
vn 4.085122 2.312953 2.751821
vn 3.92625 2.414192 2.647516
vn 3.817739 2.579479 2.45304
vn 4.102226 2.305564 2.758814
vn 4.287375 2.244932 2.795898
vn 4.273494 2.247254 2.794528
vn 4.206735 2.339836 2.826573
vn 4.103776 2.617652 2.827177
vn 4.250717 2.369227 2.851363
vn 4.073666 2.490405 2.807068
vn 4.288773 2.548546 2.893061
vn 4.239574 2.525247 2.881874
vn 4.042753 2.5902 2.790952
vn 4.206735 2.339836 2.826573
vn 4.01321 2.42893 2.7483
vn 3.862005 2.794786 2.216844
vn 3.816158 2.647996 2.413471
vn 3.839504 2.736666 2.42819
vn 3.843268 2.744167 2.211684
vn 3.81591 2.588712 2.443248
vn 3.962642 2.831716 2.028249
vn 3.846241 2.7602 2.225446
vn 3.817739 2.579479 2.45304
vn 3.844923 2.757002 2.226265
vn 3.949583 2.809365 2.027515
vn 3.97689 2.873654 2.050435
vn 3.97757 2.872807 2.048474
vn 4.141963 2.907068 1.925207
vn 4.116197 2.83322 1.886382
vn 4.124657 2.843577 1.887883
vn 4.325507 2.829285 1.813719
vn 4.349162 2.866706 1.833025
vn 4.130997 2.87673 1.907262
vn 3.962101 2.866211 2.064698
vn 3.982221 2.914876 2.096553
vn 3.892221 2.871642 2.309549
vn 3.95194 2.932757 2.439099
vn 4.145092 2.920447 1.935262
vn 4.123695 3.079655 2.352066
vn 4.331729 3.134523 2.255855
vn 4.726281 2.128977 2.481129
vn 4.843481 2.223368 2.267327
vn 4.72429 2.112547 2.431751
vn 4.844267 2.219903 2.318505
vn 4.887877 2.376232 2.121887
vn 4.896486 2.363812 2.15916
vn 4.907403 2.368924 2.455499
vn 4.896486 2.363812 2.15916
vn 4.873258 2.5512 2.023258
vn 4.887877 2.376232 2.121887
vn 4.880271 2.548807 2.035218
vn 4.817759 2.74241 1.99208
vn 4.950932 2.490054 2.277457
vn 4.907403 2.368924 2.455499
vn 4.806243 2.747018 1.979811
vn 4.715134 2.946183 2.050505
vn 4.910123 2.633602 2.105452
vn 4.954025 2.625516 2.322067
vn 4.680059 2.951815 2.019401
vn 4.573042 3.089334 2.184528
vn 4.786339 2.773119 1.97077
vn 4.589695 2.871273 1.882202
vn 4.907003 2.702713 2.13295
vn 4.775019 2.7774 1.960623
vn 4.577427 2.835235 1.853749
vn 4.536415 2.789476 1.815557
vn 4.733204 2.73225 1.898869
vn 4.885384 2.653732 2.059021
vn 4.952445 2.58367 2.250489
vn 4.723163 2.652212 1.867443
vn 4.869711 2.524941 2.019664
vn 4.752441 2.588396 1.882678
vn 4.925952 2.424803 2.195923
vn 4.881312 2.427955 2.070581
vn 4.757564 2.579187 1.886625
vn 4.883619 2.409437 2.086246
vn 4.902812 2.325768 2.262274
vn 4.904213 2.334963 2.403917
vn 4.897993 2.312076 2.278055
vn 4.852107 2.256121 2.450568
vn 4.844434 2.249186 2.461402
vn 4.924681 2.555714 2.514627
vn 4.952445 2.58367 2.250489
vn 4.954025 2.625516 2.322067
vn 4.937692 2.520261 2.466457
vn 4.826425 2.507187 2.685036
vn 4.907403 2.368924 2.455499
vn 4.83839 2.478262 2.663829
vn 4.904213 2.334963 2.403917
vn 4.795199 2.290416 2.617445
vn 4.844267 2.219903 2.318505
vn 4.726281 2.128977 2.481129
vn 4.674033 2.488446 2.814412
vn 4.800969 2.277933 2.596684
vn 4.852107 2.256121 2.450568
vn 4.634648 2.263501 2.74592
vn 4.670756 2.464435 2.812119
vn 4.750562 2.219065 2.601841
vn 4.844434 2.249186 2.461402
vn 4.745099 2.217267 2.606781
vn 4.632716 2.259619 2.744307
vn 4.614637 2.206235 2.711639
vn 4.61459 2.206963 2.712335
vn 4.487111 2.502937 2.887293
vn 4.55795 2.099125 2.617044
vn 4.72429 2.112547 2.431751
vn 4.536623 2.069005 2.577405
vn 4.361468 2.131288 2.705892
vn 4.446083 2.290549 2.827801
vn 4.250717 2.369227 2.851363
vn 4.163542 2.222999 2.736383
vn 4.288773 2.548546 2.893061
vn 4.460558 2.480938 2.888928
vn 4.239574 2.525247 2.881874
vn 4.424437 2.281145 2.824993
vn 4.206735 2.339836 2.826573
vn 4.453411 2.21471 2.777629
vn 4.273494 2.247254 2.794528
vn 4.460429 2.215291 2.776886
vn 4.287375 2.244932 2.795898
vn 4.924681 2.555714 2.514627
vn 4.954025 2.625516 2.322067
vn 4.950932 2.490054 2.277457
vn 4.907403 2.368924 2.455499
vn 4.937692 2.520261 2.466457
vn 4.925952 2.424803 2.195923
vn 4.952445 2.58367 2.250489
vn 4.904213 2.334963 2.403917
vn 4.752441 2.588396 1.882678
vn 4.757564 2.579187 1.886625
vn 4.532974 2.761734 1.803051
vn 4.532214 2.758532 1.801617
vn 4.723163 2.652212 1.867443
vn 4.32618 2.870818 1.837597
vn 4.52634 2.75008 1.79686
vn 4.733204 2.73225 1.898869
vn 4.536415 2.789476 1.815557
vn 4.328513 2.865244 1.833858
vn 4.141895 2.908844 1.92679
vn 4.318839 2.812266 1.80593
vn 4.141963 2.907068 1.925207
vn 3.97757 2.872807 2.048474
vn 4.116197 2.83322 1.886382
vn 4.325507 2.829285 1.813719
vn 4.577427 2.835235 1.853749
vn 4.349162 2.866706 1.833025
vn 4.362832 2.915061 1.865781
vn 4.589695 2.871273 1.882202
vn 4.522276 3.088783 2.131287
vn 4.680059 2.951815 2.019401
vn 4.331729 3.134523 2.255855
vn 4.145092 2.920447 1.935262
vn 4.130997 2.87673 1.907262
vn 4.124657 2.843577 1.887883
vn 4.522276 3.088783 2.131287
vn 4.383939 3.140244 2.339893
vn 4.573042 3.089334 2.184528
vn 4.331729 3.134523 2.255855
vn 4.179415 3.08902 2.451756
vn 4.123695 3.079655 2.352066
vn 4.123695 3.079655 2.352066
vn 3.994489 2.94534 2.519637
vn 4.179415 3.08902 2.451756
vn 3.95194 2.932757 2.439099
vn 3.962101 2.866211 2.064698
vn 3.962642 2.831716 2.028249
vn 3.862005 2.794786 2.216844
vn 3.871541 2.83258 2.276743
vn 3.892221 2.871642 2.309549
vn 4.232366 2.765375 1.802942
vn 4.370772 2.671983 1.756236
vn 4.372029 2.765374 1.782444
vn 4.234001 2.776238 1.806831
vn 4.372608 2.776235 1.786622
vn 4.221096 2.590005 1.768773
vn 4.083025 2.590009 1.828806
vn 4.221725 2.615445 1.770412
vn 4.10534 2.776243 1.862229
vn 4.102744 2.765374 1.858899
vn 4.224361 2.671979 1.777954
vn 4.088549 2.671979 1.836832
vn 4.221601 2.483903 1.773663
vn 3.995399 2.776241 1.949039
vn 3.99203 2.765373 1.946494
vn 3.965207 2.590009 1.922518
vn 3.972613 2.67198 1.928849
vn 4.084062 2.615448 1.830223
vn 3.966571 2.615446 1.923622
vn 4.084776 2.483906 1.8334
vn 3.968079 2.483901 1.926511
vn 4.181837 2.991689 1.9909
vn 4.27458 2.991688 1.950918
vn 4.102593 2.991687 2.053522
vn 4.042267 2.991697 2.134532
vn 4.237199 2.295259 1.832079
vn 4.369168 2.295267 1.811834
vn 4.114965 2.295265 1.885782
vn 4.370532 2.145646 1.924495
vn 4.474037 2.145642 1.935618
vn 4.267675 2.145648 1.940542
vn 4.010799 2.295263 1.969294
vn 3.879459 2.483911 2.046646
vn 4.172479 2.145646 1.982665
vn 4.303999 2.051082 2.067552
vn 4.216188 2.077996 2.056499
vn 4.091428 2.145642 2.047994
vn 4.219849 2.029609 2.171495
vn 3.931794 2.295267 2.076918
vn 4.03004 2.145648 2.132067
vn 3.883336 2.295265 2.201328
vn 3.992511 2.145644 2.229173
vn 4.232366 2.765375 1.802942
vn 4.224361 2.671979 1.777954
vn 4.370772 2.671983 1.756236
vn 4.369221 2.483909 1.751376
vn 4.221601 2.483903 1.773663
vn 4.369168 2.295267 1.811834
vn 4.501879 2.295263 1.826442
vn 4.474037 2.145642 1.935618
vn 4.517574 2.483906 1.768054
vn 4.62629 2.295261 1.8749
vn 4.656562 2.483899 1.822564
vn 4.517812 2.671979 1.773149
vn 4.372029 2.765374 1.782444
vn 4.655477 2.671978 1.827547
vn 4.512245 2.765377 1.79879
vn 4.643464 2.765374 1.850874
vn 4.372608 2.776235 1.786622
vn 4.511721 2.776234 1.802975
vn 4.641876 2.776241 1.854785
vn 4.369995 2.590001 1.746522
vn 4.221096 2.590005 1.768773
vn 4.519585 2.590006 1.763568
vn 4.65966 2.590006 1.818747
vn 4.658949 2.615446 1.820352
vn 4.370186 2.615448 1.748268
vn 4.221725 2.615445 1.770412
vn 4.27458 2.991688 1.950918
vn 4.374537 2.991698 1.936314
vn 4.519308 2.61545 1.765301
vn 4.474833 2.991692 1.948057
vn 4.568687 2.991685 1.985361
vn 3.879459 2.483911 2.046646
vn 3.931794 2.295267 2.076918
vn 4.010799 2.295263 1.969294
vn 3.824948 2.483911 2.185637
vn 3.883336 2.295265 2.201328
vn 3.80827 2.483913 2.333989
vn 3.86873 2.295264 2.334043
vn 3.813129 2.671976 2.332439
vn 3.830045 2.671979 2.185392
vn 3.839338 2.765375 2.331182
vn 3.884442 2.67198 2.047737
vn 3.968079 2.483901 1.926511
vn 3.972613 2.67198 1.928849
vn 3.855686 2.765374 2.190961
vn 3.843517 2.776237 2.330606
vn 3.907769 2.765375 2.059749
vn 3.99203 2.765373 1.946494
vn 3.859875 2.776242 2.191485
vn 3.803416 2.590003 2.333222
vn 3.911678 2.776236 2.061337
vn 3.995399 2.776241 1.949039
vn 3.820461 2.590008 2.183632
vn 3.875643 2.590001 2.043548
vn 3.965207 2.590009 1.922518
vn 3.966571 2.615446 1.923622
vn 3.877246 2.615452 2.044265
vn 4.042267 2.991697 2.134532
vn 4.004948 2.991689 2.228386
vn 3.822197 2.615453 2.1839
vn 3.805162 2.615452 2.333017
vn 3.993196 2.991686 2.32869
vn 4.874408 2.590007 2.026131
vn 4.896379 2.776243 2.177101
vn 4.934437 2.590002 2.16419
vn 4.840984 2.776243 2.048446
vn 4.900269 2.765372 2.175459
vn 4.780685 2.590002 1.908302
vn 4.872992 2.615449 2.027169
vn 4.844317 2.765373 2.045854
vn 4.925258 2.671981 2.167462
vn 4.866385 2.671978 2.031659
vn 4.754176 2.776242 1.938507
vn 4.756727 2.765373 1.935144
vn 4.774366 2.671981 1.91572
vn 4.869816 2.483904 2.027886
vn 4.641876 2.776241 1.854785
vn 4.643464 2.765374 1.850874
vn 4.65966 2.590006 1.818747
vn 4.655477 2.671978 1.827547
vn 4.779587 2.615446 1.909673
vn 4.658949 2.615446 1.820352
vn 4.568687 2.991685 1.985361
vn 4.649691 2.991688 2.045699
vn 4.71232 2.991686 2.124944
vn 4.776704 2.483912 1.911185
vn 4.656562 2.483899 1.822564
vn 4.733919 2.295265 1.953902
vn 4.62629 2.295261 1.8749
vn 4.817431 2.295264 2.058072
vn 4.871141 2.295271 2.180306
vn 4.929552 2.483912 2.164707
vn 4.929552 2.483912 2.164707
vn 4.871141 2.295271 2.180306
vn 4.89138 2.295268 2.312279
vn 4.951838 2.483907 2.312329
vn 4.925258 2.671981 2.167462
vn 4.946979 2.671978 2.313879
vn 4.866385 2.671978 2.031659
vn 4.869816 2.483904 2.027886
vn 4.900269 2.765372 2.175459
vn 4.920771 2.765372 2.315137
vn 4.896379 2.776243 2.177101
vn 4.916589 2.776241 2.315714
vn 4.934437 2.590002 2.16419
vn 4.956692 2.590007 2.313098
vn 4.954946 2.615448 2.3133
vn 4.932803 2.615448 2.164835
vn 4.874408 2.590007 2.026131
vn 4.872992 2.615449 2.027169
vn 4.71232 2.991686 2.124944
vn 4.752299 2.991686 2.217689
vn 4.766912 2.991686 2.317632
vn 4.951838 2.483907 2.312329
vn 4.89138 2.295268 2.312279
vn 4.876775 2.29527 2.444988
vn 4.935159 2.483899 2.460678
vn 4.828313 2.295253 2.569387
vn 4.946979 2.671978 2.313879
vn 4.880651 2.483909 2.599668
vn 4.930065 2.671978 2.460921
vn 4.920771 2.765372 2.315137
vn 4.875669 2.671984 2.598577
vn 4.792024 2.483896 2.719812
vn 4.904422 2.765375 2.455358
vn 4.916589 2.776241 2.315714
vn 4.787489 2.671977 2.717478
vn 4.675328 2.483904 2.812922
vn 4.900231 2.776243 2.454843
vn 4.956692 2.590007 2.313098
vn 4.852342 2.765375 2.586564
vn 4.671555 2.671971 2.809491
vn 4.538519 2.483894 2.872651
vn 4.535747 2.671977 2.868366
vn 4.768074 2.765377 2.699827
vn 4.657365 2.765373 2.78742
vn 4.527746 2.765378 2.843375
vn 4.848432 2.776241 2.584976
vn 4.939645 2.590007 2.462693
vn 4.764708 2.776246 2.697278
vn 4.65477 2.776244 2.784088
vn 4.526107 2.776245 2.839485
vn 4.677084 2.590003 2.817513
vn 4.794913 2.590002 2.723789
vn 4.676046 2.615448 2.816097
vn 4.88447 2.589999 2.602762
vn 4.93791 2.615449 2.462424
vn 4.954946 2.615448 2.3133
vn 4.766912 2.991686 2.317632
vn 4.755158 2.991691 2.417935
vn 4.882858 2.615449 2.602062
vn 4.717843 2.99169 2.511799
vn 4.793543 2.61545 2.722691
vn 4.65751 2.991691 2.592795
vn 4.578275 2.991689 2.655418
vn 4.792024 2.483896 2.719812
vn 4.645139 2.295266 2.76054
vn 4.675328 2.483904 2.812922
vn 4.749308 2.295262 2.677026
vn 4.880651 2.483909 2.599668
vn 4.828313 2.295253 2.569387
vn 4.587633 2.145643 2.663649
vn 4.492427 2.145644 2.705775
vn 4.668686 2.145646 2.598324
vn 4.730065 2.145642 2.514245
vn 4.876775 2.29527 2.444988
vn 4.7676 2.145648 2.417148
vn 4.540262 2.029611 2.474828
vn 4.513236 2.006017 2.395264
vn 4.543913 2.077996 2.589823
vn 4.456106 2.051078 2.578762
vn 4.385033 2.015135 2.504789
vn 4.389576 2.145644 2.721823
vn 3.942674 2.295268 2.588248
vn 3.997435 2.145648 2.435537
vn 3.888972 2.295262 2.466016
vn 4.039558 2.145648 2.530738
vn 4.301676 1.99162 2.346479
vn 4.288699 1.993078 2.325663
vn 4.311902 1.991368 2.365043
vn 4.026193 2.295262 2.692419
vn 3.983402 2.483904 2.735132
vn 4.104889 2.145645 2.611791
vn 4.321299 1.992161 2.385235
vn 4.188967 2.145644 2.673172
vn 4.332433 1.994531 2.411131
vn 4.133818 2.295266 2.771423
vn 4.258223 2.295269 2.819879
vn 4.28607 2.145645 2.710704
vn 4.103545 2.483911 2.823757
vn 4.104629 2.67198 2.818771
vn 3.985739 2.671978 2.730598
vn 4.116645 2.765374 2.795446
vn 4.003384 2.765375 2.711177
vn 4.118243 2.776239 2.791541
vn 4.005933 2.776241 2.707814
vn 3.915792 2.765374 2.600466
vn 3.919124 2.776238 2.597879
vn 4.100449 2.590007 2.827573
vn 3.979417 2.590008 2.738011
vn 3.885702 2.590007 2.620191
vn 3.887118 2.615451 2.619152
vn 3.980518 2.615449 2.736644
vn 4.101161 2.615453 2.825968
vn 4.191404 2.991685 2.660949
vn 4.110406 2.991683 2.600616
vn 4.047791 2.991685 2.521381
vn 3.888972 2.295262 2.466016
vn 3.997435 2.145648 2.435537
vn 3.981391 2.145645 2.332686
vn 4.288699 1.993078 2.325663
vn 4.28607 2.145645 2.710704
vn 4.332433 1.994531 2.411131
vn 4.188967 2.145644 2.673172
vn 4.350141 2.00035 2.448443
vn 4.389576 2.145644 2.721823
vn 4.385033 2.015135 2.504789
vn 3.981391 2.145645 2.332686
vn 4.288699 1.993078 2.325663
vn 4.270983 1.996794 2.297124
vn 4.427675 1.994531 2.235193
vn 4.438812 1.992161 2.26109
vn 4.301676 1.99162 2.346479
vn 4.448205 1.991368 2.281275
vn 4.311902 1.991368 2.365043
vn 4.458428 1.991619 2.299833
vn 4.321299 1.992161 2.385235
vn 4.471408 1.993078 2.320653
vn 4.332433 1.994531 2.411131
vn 4.489124 1.996793 2.349195
vn 4.778717 2.145645 2.313639
vn 4.350141 2.00035 2.448443
vn 4.7676 2.145648 2.417148
vn 4.513236 2.006017 2.395264
vn 4.730065 2.145642 2.514245
vn 4.385033 2.015135 2.504789
vn 4.540262 2.029611 2.474828
vn 4.456106 2.051078 2.578762
vn 4.543913 2.077996 2.589823
vn 3.86873 2.295264 2.334043
vn 3.992511 2.145644 2.229173
vn 3.883336 2.295265 2.201328
vn 3.981391 2.145645 2.332686
vn 3.888972 2.295262 2.466016
vn 3.830559 2.483906 2.481617
vn 3.80827 2.483913 2.333989
vn 3.890291 2.483911 2.618433
vn 3.942674 2.295268 2.588248
vn 3.983402 2.483904 2.735132
vn 3.985739 2.671978 2.730598
vn 3.893724 2.671979 2.614661
vn 4.003384 2.765375 2.711177
vn 3.915792 2.765374 2.600466
vn 3.834849 2.671977 2.478857
vn 3.813129 2.671976 2.332439
vn 3.859838 2.765375 2.470856
vn 3.919124 2.776238 2.597879
vn 3.839338 2.765375 2.331182
vn 3.863726 2.776239 2.469214
vn 3.843517 2.776237 2.330606
vn 3.885702 2.590007 2.620191
vn 3.825667 2.590004 2.482117
vn 3.803416 2.590003 2.333222
vn 3.805162 2.615452 2.333017
vn 3.827304 2.615453 2.481478
vn 3.887118 2.615451 2.619152
vn 4.047791 2.991685 2.521381
vn 4.00781 2.991688 2.428624
vn 3.993196 2.991686 2.32869
vn 3.992511 2.145644 2.229173
vn 4.246872 2.006016 2.251058
vn 4.03004 2.145648 2.132067
vn 4.409968 2.000349 2.197883
vn 4.474037 2.145642 1.935618
vn 4.571139 2.145642 1.973149
vn 4.370532 2.145646 1.924495
vn 4.37508 2.015133 2.141537
vn 4.219849 2.029609 2.171495
vn 4.303999 2.051082 2.067552
vn 4.216188 2.077996 2.056499
vn 4.267675 2.145648 1.940542
vn 4.303999 2.051082 2.067552
vn 4.37508 2.015133 2.141537
vn 4.370532 2.145646 1.924495
vn 4.501879 2.295263 1.826442
vn 4.571139 2.145642 1.973149
vn 4.62629 2.295261 1.8749
vn 4.655222 2.145647 2.03453
vn 4.733919 2.295265 1.953902
vn 4.438812 1.992161 2.26109
vn 4.427675 1.994531 2.235193
vn 4.448205 1.991368 2.281275
vn 4.720545 2.145643 2.115583
vn 4.817431 2.295264 2.058072
vn 4.458428 1.991619 2.299833
vn 4.76267 2.145645 2.210782
vn 4.471408 1.993078 2.320653
vn 4.871141 2.295271 2.180306
vn 4.778717 2.145645 2.313639
vn 4.89138 2.295268 2.312279
vn 4.7676 2.145648 2.417148
vn 4.876775 2.29527 2.444988
vn 4.101161 2.615453 2.825968
vn 4.191404 2.991685 2.660949
vn 4.28527 2.991687 2.698266
vn 4.24079 2.615449 2.881016
vn 4.385581 2.991681 2.710023
vn 4.240529 2.590007 2.882753
vn 4.100449 2.590007 2.827573
vn 4.118243 2.776239 2.791541
vn 4.389917 2.615448 2.898052
vn 4.485513 2.991695 2.695396
vn 4.248387 2.77624 2.843342
vn 4.116645 2.765374 2.795446
vn 4.390124 2.590003 2.899797
vn 4.538369 2.615448 2.875911
vn 4.578275 2.991689 2.655418
vn 4.676046 2.615448 2.816097
vn 4.677084 2.590003 2.817513
vn 4.539015 2.590005 2.877545
vn 4.526107 2.776245 2.839485
vn 4.387505 2.776242 2.859694
vn 4.247857 2.765376 2.847528
vn 4.104629 2.67198 2.818771
vn 4.388077 2.765376 2.863875
vn 4.527746 2.765378 2.843375
vn 4.24229 2.671975 2.87317
vn 4.103545 2.483911 2.823757
vn 4.389327 2.671983 2.890084
vn 4.535747 2.671977 2.868366
vn 4.24253 2.483914 2.878265
vn 4.133818 2.295266 2.771423
vn 4.258223 2.295269 2.819879
vn 4.390886 2.483916 2.894945
vn 4.538519 2.483894 2.872651
vn 4.390946 2.295257 2.83448
vn 4.28607 2.145645 2.710704
vn 4.389576 2.145644 2.721823
vn 4.522911 2.295261 2.814241
vn 4.675328 2.483904 2.812922
vn 4.492427 2.145644 2.705775
vn 4.645139 2.295266 2.76054
vn 4.763615 2.760653 1.939484
vn 4.802538 2.753875 1.978974
vn 4.653638 2.90944 1.950912
vn 4.867642 2.581012 2.014499
vn 4.876871 2.575371 2.029294
vn 4.81665 2.492086 1.952125
vn 4.685089 2.636382 1.83847
vn 4.886726 2.383152 2.11288
vn 4.869429 2.378986 2.078355
vn 4.807184 2.190604 2.213147
vn 4.765134 2.181318 2.12504
vn 4.86802 2.254947 2.338448
vn 4.88104 2.354114 2.126563
vn 4.888714 2.293856 2.368757
vn 4.803153 2.428221 1.954222
vn 4.65604 2.508034 1.81905
vn 4.720675 2.53521 1.857832
vn 4.86024 2.459703 2.019757
vn 4.887457 2.352301 2.145907
vn 4.920853 2.387751 2.222636
vn 4.896706 2.33002 2.432956
vn 4.886693 2.587188 2.047347
vn 4.943818 2.479139 2.23126
vn 4.835054 2.711111 2.000026
vn 4.942469 2.545177 2.193933
vn 4.819853 2.724736 1.985817
vn 4.939741 2.55647 2.181601
vn 4.685089 2.636382 1.83847
vn 4.596478 2.904506 1.910886
vn 4.508345 2.757303 1.794785
vn 4.763615 2.760653 1.939484
vn 4.653638 2.90944 1.950912
vn 4.446527 3.01966 1.976009
vn 4.398808 2.996095 1.941663
vn 4.65604 2.508034 1.81905
vn 4.685089 2.636382 1.83847
vn 4.508345 2.757303 1.794785
vn 4.471129 2.576403 1.753192
vn 4.523649 2.601275 1.765253
vn 4.720675 2.53521 1.857832
vn 4.558208 2.784506 1.820571
vn 4.338481 2.844301 1.820607
vn 4.301536 2.646509 1.75728
vn 4.301257 2.912246 1.870108
vn 4.475474 2.882017 1.851406
vn 4.145442 2.92009 1.934722
vn 4.127123 2.866355 1.901941
vn 4.294052 2.911754 1.871041
vn 4.460792 2.884614 1.850428
vn 4.145478 2.919425 1.93409
vn 4.089971 2.663353 1.834136
vn 3.956982 2.847512 2.052085
vn 3.921418 2.649197 1.983186
vn 4.27263 2.62158 1.758909
vn 4.085801 2.635947 1.831785
vn 3.933564 2.617466 1.96118
vn 3.965278 2.835839 2.028312
vn 4.125518 2.86271 1.900303
vn 4.034986 2.998526 2.16597
vn 4.313535 2.835777 1.818598
vn 4.202944 3.028166 2.030371
vn 4.035419 3.013539 2.21495
vn 4.223525 3.057309 2.068919
vn 4.398808 2.996095 1.941663
vn 4.596478 2.904506 1.910886
vn 4.896706 2.33002 2.432956
vn 4.920853 2.387751 2.222636
vn 4.943818 2.479139 2.23126
vn 4.917715 2.383168 2.43207
vn 4.942469 2.545177 2.193933
vn 4.913808 2.366053 2.421103
vn 4.813042 2.317942 2.615953
vn 4.78161 2.25205 2.597574
vn 4.795849 2.293764 2.619605
vn 4.634852 2.282268 2.758495
vn 4.629346 2.249434 2.738815
vn 4.798434 2.260042 2.580875
vn 4.888714 2.293856 2.368757
vn 4.86802 2.254947 2.338448
vn 4.776357 2.211022 2.551816
vn 4.807184 2.190604 2.213147
vn 4.613813 2.205027 2.711024
vn 4.637174 2.046434 2.30806
vn 4.43631 1.994273 2.404078
vn 4.913808 2.366053 2.421103
vn 4.942469 2.545177 2.193933
vn 4.939741 2.55647 2.181601
vn 4.91556 2.369959 2.419308
vn 4.78161 2.25205 2.597574
vn 4.781009 2.252925 2.599437
vn 4.618068 2.219319 2.721234
vn 4.618236 2.217415 2.719481
vn 4.644117 2.29334 2.759974
vn 4.813042 2.317942 2.615953
vn 4.634852 2.282268 2.758495
vn 4.432431 2.261131 2.812419
vn 4.435273 2.255202 2.808394
vn 4.437628 2.314733 2.841144
vn 4.22879 2.367226 2.84476
vn 4.227346 2.364572 2.843333
vn 4.232414 2.376348 2.849127
vn 4.226232 2.33581 2.831086
vn 4.435333 2.296453 2.832228
vn 4.410629 2.259646 2.813347
vn 4.629346 2.249434 2.738815
vn 4.613813 2.205027 2.711024
vn 4.399261 2.211727 2.780835
vn 4.43631 1.994273 2.404078
vn 4.247937 2.036278 2.518826
vn 4.835054 2.711111 2.000026
vn 4.641132 2.828598 1.881902
vn 4.819853 2.724736 1.985817
vn 4.66039 2.820361 1.888894
vn 4.460792 2.884614 1.850428
vn 4.886693 2.587188 2.047347
vn 4.475474 2.882017 1.851406
vn 4.751285 2.694765 1.901025
vn 4.86024 2.459703 2.019757
vn 4.558208 2.784506 1.820571
vn 4.720675 2.53521 1.857832
vn 4.034986 2.998526 2.16597
vn 4.035419 3.013539 2.21495
vn 3.916223 2.902278 2.379599
vn 3.916791 2.907666 2.32853
vn 3.872149 2.7494 2.524842
vn 3.864148 2.763241 2.487896
vn 3.853013 2.757505 2.189793
vn 3.80913 2.636622 2.367668
vn 3.864148 2.763241 2.487896
vn 3.872149 2.7494 2.524842
vn 3.886836 2.57514 2.623035
vn 3.879988 2.577063 2.611385
vn 3.80913 2.636622 2.367668
vn 3.941736 2.385217 2.654144
vn 3.849598 2.49317 2.540076
vn 3.806122 2.500432 2.324501
vn 3.95478 2.377034 2.666433
vn 4.043787 2.181447 2.596219
vn 4.085235 2.169643 2.625762
vn 4.186805 2.037375 2.462977
vn 3.974238 2.353429 2.676238
vn 4.172678 2.255866 2.765772
vn 3.853135 2.423752 2.513574
vn 3.984977 2.349354 2.685843
vn 4.182372 2.291354 2.792609
vn 4.226232 2.33581 2.831086
vn 4.030049 2.391943 2.749209
vn 3.875699 2.471579 2.588818
vn 3.808085 2.541729 2.398829
vn 4.036041 2.473842 2.778146
vn 3.891644 2.600821 2.628724
vn 3.834844 2.698663 2.45626
vn 4.001168 2.543935 2.758372
vn 3.821988 2.606299 2.181617
vn 3.808085 2.541729 2.398829
vn 3.834844 2.698663 2.45626
vn 3.835369 2.569496 2.13182
vn 3.806122 2.500432 2.324501
vn 3.80913 2.636622 2.367668
vn 3.853013 2.757505 2.189793
vn 3.933564 2.617466 1.96118
vn 3.921418 2.649197 1.983186
vn 3.965278 2.835839 2.028312
vn 3.916791 2.907666 2.32853
vn 4.034986 2.998526 2.16597
vn 3.854278 2.789339 2.247457
vn 3.956982 2.847512 2.052085
vn 3.912844 2.873444 2.186174
vn 4.013331 2.908116 2.04059
vn 4.127123 2.866355 1.901941
vn 4.145442 2.92009 1.934722
vn 3.920922 2.88017 2.17474
vn 3.864373 2.82101 2.3534
vn 4.018884 2.909788 2.03553
vn 4.145478 2.919425 1.93409
vn 4.301257 2.912246 1.870108
vn 3.821988 2.606299 2.181617
vn 3.834844 2.698663 2.45626
vn 3.854278 2.789339 2.247457
vn 3.858842 2.806878 2.370777
vn 3.912844 2.873444 2.186174
vn 3.864373 2.82101 2.3534
vn 3.872237 2.728065 2.542838
vn 3.874303 2.708165 2.560898
vn 3.891644 2.600821 2.628724
vn 3.994964 2.554569 2.753236
vn 4.001168 2.543935 2.758372
vn 4.001168 2.543935 2.758372
vn 4.227346 2.364572 2.843333
vn 3.994964 2.554569 2.753236
vn 4.22879 2.367226 2.84476
vn 4.036041 2.473842 2.778146
vn 4.232414 2.376348 2.849127
vn 4.030049 2.391943 2.749209
vn 4.226232 2.33581 2.831086
vn 4.182372 2.291354 2.792609
vn 4.435333 2.296453 2.832228
vn 4.410629 2.259646 2.813347
vn 4.399261 2.211727 2.780835
vn 4.172678 2.255866 2.765772
vn 4.247937 2.036278 2.518826
vn 4.085235 2.169643 2.625762
vn 4.247937 2.036278 2.518826
vn 4.186805 2.037375 2.462977
vn 4.377488 1.986026 2.307169
vn 4.43631 1.994273 2.404078
vn 4.580926 2.037536 2.193875
vn 4.637174 2.046434 2.30806
vn 4.765134 2.181318 2.12504
vn 4.807184 2.190604 2.213147
vn 4.794828 2.534485 2.723752
vn 4.677015 2.534485 2.817453
vn 4.655007 2.351305 2.784523
vn 4.76505 2.351306 2.697638
vn 4.657241 2.360311 2.787226
vn 4.884377 2.534483 2.602748
vn 4.794008 2.517765 2.723054
vn 4.767904 2.36031 2.699673
vn 4.671376 2.452639 2.809218
vn 4.848855 2.351309 2.585233
vn 4.852132 2.360306 2.586467
vn 4.787247 2.452635 2.717259
vn 4.939557 2.534485 2.462689
vn 4.883405 2.517761 2.602286
vn 4.900712 2.351308 2.45496
vn 4.875372 2.452644 2.598445
vn 4.904197 2.360305 2.455302
vn 4.792034 2.642245 2.719834
vn 4.675323 2.642244 2.812949
vn 4.644749 2.832427 2.75992
vn 4.522689 2.832427 2.813545
vn 4.748775 2.832428 2.676524
vn 4.587341 2.98115 2.66322
vn 4.880659 2.642256 2.599693
vn 4.668295 2.981152 2.597976
vn 4.543216 3.04913 2.588743
vn 4.82767 2.832425 2.569055
vn 4.729603 2.98115 2.514011
vn 4.929747 2.452653 2.46086
vn 4.935173 2.642265 2.460699
vn 4.876063 2.832418 2.444826
vn 4.951858 2.642249 2.312345
vn 4.890651 2.83242 2.312311
vn 4.946655 2.452648 2.313898
vn 4.92054 2.36031 2.315142
vn 4.917082 2.351303 2.315722
vn 4.956605 2.534482 2.313129
vn 4.938494 2.517758 2.462508
vn 4.955532 2.517762 2.313214
vn 4.738895 2.110888 2.318011
vn 4.728003 2.110892 2.411067
vn 4.693405 2.110896 2.498121
vn 4.637429 2.110886 2.573258
vn 4.67641 2.517765 2.816563
vn 4.563935 2.110888 2.631349
vn 4.767904 2.36031 2.699673
vn 4.671376 2.452639 2.809218
vn 4.787247 2.452635 2.717259
vn 4.675323 2.642244 2.812949
vn 4.538499 2.642244 2.87268
vn 4.522689 2.832427 2.813545
vn 4.390903 2.832429 2.833752
vn 4.535649 2.45264 2.868055
vn 4.657241 2.360311 2.787226
vn 4.390869 2.642252 2.894963
vn 4.258388 2.832423 2.819166
vn 4.52769 2.36031 2.843153
vn 4.655007 2.351305 2.784523
vn 4.389321 2.452648 2.889761
vn 4.242513 2.642269 2.878278
vn 4.134159 2.832422 2.770777
vn 4.103522 2.642249 2.823766
vn 4.242349 2.452657 2.872852
vn 4.10477 2.452642 2.818478
vn 4.526241 2.351308 2.839963
vn 4.677015 2.534485 2.817453
vn 4.388082 2.360308 2.863645
vn 4.247908 2.360304 2.847301
vn 4.116756 2.360309 2.795243
vn 4.387496 2.351305 2.860188
vn 4.248253 2.351305 2.843817
vn 4.11798 2.351306 2.791959
vn 4.538964 2.534482 2.877469
vn 4.390094 2.534482 2.89971
vn 4.240525 2.534482 2.882662
vn 4.100462 2.534477 2.827481
vn 4.100917 2.517759 2.826504
vn 4.240719 2.517759 2.881603
vn 4.389993 2.517762 2.898637
vn 4.292148 2.110891 2.671108
vn 4.205085 2.11089 2.636498
vn 4.385204 2.110891 2.682003
vn 4.477899 2.110888 2.668441
vn 4.538596 2.517765 2.876457
vn 4.563935 2.110888 2.631349
vn 4.67641 2.517765 2.816563
vn 4.794828 2.534485 2.723752
vn 4.794008 2.517765 2.723054
vn 3.835157 2.452647 2.478756
vn 3.813452 2.452655 2.332429
vn 3.808251 2.642256 2.333982
vn 3.830534 2.642244 2.481604
vn 3.869457 2.83242 2.334013
vn 3.889668 2.832427 2.465792
vn 3.890267 2.642246 2.618432
vn 3.943292 2.832421 2.587857
vn 3.98191 2.98115 2.332653
vn 3.993023 2.981154 2.229283
vn 3.884049 2.832424 2.201487
vn 3.997933 2.98115 2.435374
vn 4.039998 2.981149 2.530454
vn 4.026689 2.832436 2.691875
vn 4.303676 3.134974 2.345875
vn 4.290962 3.133579 2.32559
vn 4.313645 3.135215 2.36395
vn 4.105238 2.981154 2.611398
vn 4.134159 2.832422 2.770777
vn 4.189205 2.981152 2.672707
vn 4.258388 2.832423 2.819166
vn 3.860062 2.360306 2.470793
vn 3.839569 2.360307 2.331181
vn 3.813452 2.452655 2.332429
vn 3.835157 2.452647 2.478756
vn 3.91599 2.360307 2.600348
vn 3.893994 2.452647 2.614481
vn 3.830534 2.642244 2.481604
vn 3.890267 2.642246 2.618432
vn 3.985957 2.452644 2.730356
vn 4.003545 2.360309 2.711012
vn 3.98338 2.642259 2.735137
vn 3.943292 2.832421 2.587857
vn 4.026689 2.832436 2.691875
vn 4.103522 2.642249 2.823766
vn 4.134159 2.832422 2.770777
vn 4.10477 2.452642 2.818478
vn 4.116756 2.360309 2.795243
vn 4.11798 2.351306 2.791959
vn 4.005574 2.351304 2.708153
vn 4.100462 2.534477 2.827481
vn 3.979469 2.534477 2.73794
vn 3.918693 2.351306 2.598117
vn 3.885762 2.534481 2.620123
vn 3.886648 2.517764 2.61951
vn 3.980159 2.51776 2.737113
vn 4.100917 2.517759 2.826504
vn 4.205085 2.11089 2.636498
vn 4.129955 2.110894 2.580548
vn 3.808251 2.642256 2.333982
vn 3.884049 2.832424 2.201487
vn 3.869457 2.83242 2.334013
vn 3.824934 2.642254 2.185616
vn 3.932439 2.832422 2.07726
vn 3.813452 2.452655 2.332429
vn 3.87945 2.642267 2.046629
vn 3.830361 2.452645 2.185464
vn 3.884731 2.452653 2.04788
vn 3.839569 2.360307 2.331181
vn 3.855909 2.36031 2.191019
vn 3.843025 2.351306 2.330599
vn 3.859401 2.351301 2.191349
vn 3.803504 2.534478 2.333191
vn 3.820553 2.534479 2.183625
vn 3.911256 2.351303 2.061085
vn 3.875725 2.534478 2.043583
vn 3.876699 2.517763 2.04404
vn 3.821613 2.517763 2.183815
vn 3.804577 2.517761 2.333111
vn 4.021216 2.110886 2.328308
vn 4.032114 2.110885 2.235252
vn 4.003545 2.360309 2.711012
vn 3.91599 2.360307 2.600348
vn 3.893994 2.452647 2.614481
vn 4.005574 2.351304 2.708153
vn 3.918693 2.351306 2.598117
vn 3.860062 2.360306 2.470793
vn 3.863251 2.351303 2.469341
vn 3.839569 2.360307 2.331181
vn 3.843025 2.351306 2.330599
vn 3.885762 2.534481 2.620123
vn 3.825746 2.534474 2.482075
vn 3.803504 2.534478 2.333191
vn 3.804577 2.517761 2.333111
vn 3.82676 2.517765 2.481712
vn 3.886648 2.517764 2.61951
vn 4.034774 2.110887 2.421008
vn 4.021216 2.110886 2.328308
vn 4.07186 2.110892 2.507044
vn 4.129955 2.110894 2.580548
vn 3.980159 2.51776 2.737113
vn 3.855909 2.36031 2.191019
vn 3.884731 2.452653 2.04788
vn 3.830361 2.452645 2.185464
vn 3.907971 2.360309 2.05986
vn 3.859401 2.351301 2.191349
vn 3.911256 2.351303 2.061085
vn 3.97286 2.452646 1.929059
vn 3.992203 2.360306 1.94665
vn 3.968079 2.642263 1.926484
vn 3.87945 2.642267 2.046629
vn 4.011335 2.832425 1.969789
vn 3.932439 2.832422 2.07726
vn 4.115365 2.832428 1.886397
vn 4.084785 2.642261 1.833373
vn 4.088732 2.452644 1.837101
vn 4.221611 2.642262 1.773641
vn 4.224459 2.452644 1.778263
vn 4.102861 2.360306 1.859099
vn 4.232414 2.360307 1.803169
vn 3.995061 2.351309 1.948677
vn 3.875725 2.534478 2.043583
vn 4.105105 2.351305 1.861794
vn 4.233878 2.351307 1.806353
vn 3.96528 2.534483 1.922568
vn 4.083087 2.534481 1.82887
vn 4.221129 2.534479 1.768854
vn 4.221521 2.517761 1.76986
vn 3.966105 2.517756 1.923261
vn 3.876699 2.517763 2.04404
vn 4.083706 2.517759 1.829752
vn 4.196174 2.110891 2.014966
vn 4.282207 2.110894 1.977871
vn 4.122683 2.110888 2.073053
vn 4.066702 2.110897 2.148198
vn 4.032114 2.110885 2.235252
vn 3.821613 2.517763 2.183815
vn 4.866114 2.452647 2.031838
vn 4.929573 2.642254 2.164714
vn 4.869839 2.642264 2.027889
vn 4.774152 2.452645 1.915963
vn 4.756568 2.360308 1.935312
vn 4.844119 2.360307 2.045973
vn 4.776731 2.642256 1.911186
vn 4.816817 2.832421 2.058463
vn 4.733421 2.832431 1.954443
vn 4.656587 2.642249 1.822554
vn 4.625953 2.832427 1.875547
vn 4.655332 2.452642 1.827838
vn 4.643352 2.36031 1.851075
vn 4.642125 2.351305 1.854359
vn 4.75453 2.351304 1.938163
vn 4.841414 2.351304 2.048202
vn 4.659636 2.534479 1.818834
vn 4.780641 2.534479 1.908381
vn 4.874345 2.534482 2.026196
vn 4.87346 2.51776 2.026809
vn 4.779949 2.517763 1.909206
vn 4.65918 2.517762 1.819809
vn 4.55501 2.110891 2.009812
vn 4.630149 2.110886 2.065782
vn 4.869839 2.642264 2.027889
vn 4.870442 2.832422 2.180525
vn 4.816817 2.832421 2.058463
vn 4.929573 2.642254 2.164714
vn 4.890651 2.83242 2.312311
vn 4.951858 2.642249 2.312345
vn 4.924952 2.452646 2.167568
vn 4.866114 2.452647 2.031838
vn 4.946655 2.452648 2.313898
vn 4.844119 2.360307 2.045973
vn 4.900048 2.360309 2.175529
vn 4.92054 2.36031 2.315142
vn 4.841414 2.351304 2.048202
vn 4.896859 2.351303 2.176986
vn 4.917082 2.351303 2.315722
vn 4.874345 2.534482 2.026196
vn 4.934364 2.534483 2.164253
vn 4.956605 2.534482 2.313129
vn 4.955532 2.517762 2.313214
vn 4.933349 2.517762 2.164608
vn 4.87346 2.51776 2.026809
vn 4.725341 2.110893 2.225315
vn 4.738895 2.110888 2.318011
vn 4.688243 2.110887 2.139281
vn 4.630149 2.110886 2.065782
vn 4.779949 2.517763 1.909206
vn 4.221611 2.642262 1.773641
vn 4.3692 2.832424 1.812565
vn 4.237426 2.832424 1.83277
vn 4.369227 2.642262 1.751358
vn 4.224459 2.452644 1.778263
vn 4.370792 2.45265 1.756558
vn 4.232414 2.360307 1.803169
vn 4.372032 2.360309 1.782674
vn 4.233878 2.351307 1.806353
vn 4.372617 2.351306 1.78613
vn 4.221129 2.534479 1.768854
vn 4.501719 2.832423 1.827153
vn 4.473927 2.981155 1.936129
vn 4.370558 2.981151 1.925017
vn 4.517596 2.642253 1.76804
vn 4.625953 2.832427 1.875547
vn 4.656587 2.642249 1.822554
vn 4.51776 2.452644 1.77347
vn 4.655332 2.452642 1.827838
vn 4.512197 2.360306 1.799016
vn 4.643352 2.36031 1.851075
vn 4.511858 2.351305 1.802503
vn 4.642125 2.351305 1.854359
vn 4.370011 2.534477 1.746609
vn 4.519591 2.534477 1.763659
vn 4.659636 2.534479 1.818834
vn 4.65918 2.517762 1.819809
vn 4.370118 2.517764 1.747682
vn 4.221521 2.517761 1.76986
vn 4.282207 2.110894 1.977871
vn 4.374905 2.110897 1.964308
vn 4.519395 2.517758 1.764718
vn 4.467961 2.110889 1.975214
vn 4.55501 2.110891 2.009812
vn 4.237426 2.832424 1.83277
vn 4.3692 2.832424 1.812565
vn 4.370558 2.981151 1.925017
vn 4.267832 2.98115 1.941041
vn 4.375187 3.112168 2.144588
vn 4.304678 3.076402 2.069736
vn 4.172755 2.981149 1.983106
vn 4.216897 3.049128 2.057569
vn 4.115365 2.832428 1.886397
vn 4.084785 2.642261 1.833373
vn 4.221611 2.642262 1.773641
vn 4.011335 2.832425 1.969789
vn 4.091809 2.981148 2.048341
vn 4.221969 3.09788 2.173473
vn 3.932439 2.832422 2.07726
vn 4.030506 2.981151 2.13231
vn 4.249485 3.121079 2.252453
vn 3.884049 2.832424 2.201487
vn 3.993023 2.981154 2.229283
vn 4.501719 2.832423 1.827153
vn 4.57091 2.981149 1.973612
vn 4.473927 2.981155 1.936129
vn 4.473927 2.981155 1.936129
vn 4.57091 2.981149 1.973612
vn 4.426542 3.132186 2.237314
vn 4.409339 3.126578 2.200588
vn 4.370558 2.981151 1.925017
vn 4.375187 3.112168 2.144588
vn 4.273495 3.130009 2.297699
vn 4.249485 3.121079 2.252453
vn 4.221969 3.09788 2.173473
vn 4.304678 3.076402 2.069736
vn 4.216897 3.049128 2.057569
vn 3.993023 2.981154 2.229283
vn 4.030506 2.981151 2.13231
vn 4.290962 3.133579 2.32559
vn 3.98191 2.98115 2.332653
vn 4.437336 3.134457 2.262664
vn 4.303676 3.134974 2.345875
vn 4.446463 3.135215 2.282368
vn 4.313645 3.135215 2.36395
vn 4.456432 3.134974 2.300449
vn 4.322769 3.134457 2.383652
vn 4.469148 3.133579 2.320726
vn 4.33357 3.132186 2.409007
vn 4.489478 3.129432 2.349302
vn 4.778196 2.981152 2.313669
vn 4.767088 2.98115 2.417041
vn 4.537142 3.112167 2.408226
vn 4.729603 2.98115 2.514011
vn 4.351623 3.127386 2.442163
vn 4.384107 3.12108 2.471587
vn 4.442115 3.09788 2.531835
vn 4.572034 3.076409 2.504934
vn 4.543216 3.04913 2.588743
vn 4.389545 2.981154 2.7213
vn 4.286179 2.981151 2.710194
vn 4.189205 2.981152 2.672707
vn 4.57091 2.981149 1.973612
vn 4.437336 3.134457 2.262664
vn 4.426542 3.132186 2.237314
vn 4.654868 2.981156 2.034922
vn 4.625953 2.832427 1.875547
vn 4.446463 3.135215 2.282368
vn 4.733421 2.832431 1.954443
vn 4.72011 2.981148 2.115861
vn 4.456432 3.134974 2.300449
vn 4.816817 2.832421 2.058463
vn 4.762173 2.981152 2.210943
vn 4.469148 3.133579 2.320726
vn 4.870442 2.832422 2.180525
vn 4.778196 2.981152 2.313669
vn 4.890651 2.83242 2.312311
vn 4.767088 2.98115 2.417041
vn 4.876063 2.832418 2.444826
vn 4.876063 2.832418 2.444826
vn 4.729603 2.98115 2.514011
vn 4.767088 2.98115 2.417041
vn 4.82767 2.832425 2.569055
vn 4.572034 3.076409 2.504934
vn 4.537142 3.112167 2.408226
vn 4.668295 2.981152 2.597976
vn 4.543216 3.04913 2.588743
vn 4.587341 2.98115 2.66322
vn 4.442115 3.09788 2.531835
vn 4.492267 2.981149 2.705282
vn 4.644749 2.832427 2.75992
vn 4.384107 3.12108 2.471587
vn 4.522689 2.832427 2.813545
vn 4.389545 2.981154 2.7213
vn 4.390903 2.832429 2.833752
vn 4.286179 2.981151 2.710194
vn 4.258388 2.832423 2.819166
vn 3.982283 2.636695 2.735109
vn 4.102447 2.636692 2.824018
vn 4.102448 2.636696 2.824018
vn 3.982275 2.636695 2.735102
vn 3.889219 2.63678 2.618105
vn 3.889218 2.636771 2.618105
vn 3.829607 2.636777 2.481021
vn 3.829603 2.636749 2.481019
vn 3.807499 2.63673 2.333146
vn 3.807496 2.636705 2.333166
vn 4.102448 2.636696 2.824018
vn 4.102447 2.636692 2.824018
vn 4.241529 2.636666 2.878803
vn 4.241537 2.636667 2.878805
vn 4.390068 2.636677 2.895721
vn 4.39007 2.636687 2.89572
vn 4.537911 2.636714 2.873616
vn 4.537918 2.63671 2.873615
vn 4.675029 2.636599 2.814004
vn 4.675025 2.636598 2.814007
vn 4.791981 2.6367 2.720953
vn 4.791976 2.636707 2.720957
vn 3.824408 2.636711 2.18467
vn 3.807496 2.636705 2.333166
vn 3.807499 2.63673 2.333146
vn 3.824402 2.63669 2.184684
vn 4.094447 2.416598 1.84328
vn 4.0958 2.420464 1.841315
vn 4.083706 2.445088 1.84194
vn 4.086501 2.444142 1.840462
vn 4.119773 2.414351 1.829757
vn 4.12526 2.410854 1.827963
vn 4.164735 2.370434 1.823328
vn 4.170082 2.363977 1.823585
vn 4.174466 2.302989 1.850525
vn 4.17626 2.297725 1.85268
vn 4.123811 2.26653 1.899261
vn 4.124382 2.266934 1.898634
vn 4.056916 2.299604 1.923837
vn 4.060761 2.30288 1.918629
vn 4.035949 2.366216 1.903467
vn 4.042145 2.368336 1.897485
vn 4.062846 2.410599 1.865513
vn 4.068118 2.41106 1.861751
vn 4.095133 2.41756 1.84258
vn 4.096694 2.417635 1.841635
vn 4.091624 2.412776 1.846159
vn 4.0882 2.415216 1.847481
vn 4.142399 2.429027 1.814372
vn 4.0958 2.420464 1.841315
vn 4.094447 2.416598 1.84328
vn 4.153344 2.43146 1.808773
vn 4.133364 2.522407 1.802758
vn 4.141026 2.527946 1.798793
vn 4.083602 2.571956 1.827809
vn 4.084741 2.572694 1.827143
vn 4.032779 2.531058 1.863047
vn 4.033546 2.522657 1.863132
vn 4.046047 2.451388 1.865686
vn 4.051172 2.443592 1.863948
vn 4.0882 2.415216 1.847481
vn 4.091624 2.412776 1.846159
vn 4.422168 3.048376 2.633184
vn 4.412976 3.05936 2.616459
vn 4.557804 3.031 2.611004
vn 4.555396 3.031604 2.611498
vn 4.64074 3.048837 2.494868
vn 4.619349 3.061257 2.490373
vn 4.38279 3.091644 2.55558
vn 4.412976 3.05936 2.616459
vn 4.422168 3.048376 2.633184
vn 4.371546 3.105464 2.521038
vn 4.328858 3.136285 2.370367
vn 4.339882 3.139099 2.324364
vn 4.407936 3.131833 2.22748
vn 4.438984 3.122756 2.193925
vn 4.575644 3.105264 2.288663
vn 4.601783 3.09409 2.275495
vn 4.658155 3.064584 2.390658
vn 4.675926 3.054248 2.391097
vn 4.650468 3.0318 2.524595
vn 4.6574 3.026173 2.528152
vn 4.619349 3.061257 2.490373
vn 4.64074 3.048837 2.494868
vn 4.598751 3.096834 2.349352
vn 4.558543 3.111202 2.356524
vn 4.452581 3.134301 2.280037
vn 4.410807 3.139504 2.308927
vn 4.303882 3.13528 2.337229
vn 4.279355 3.129207 2.375813
vn 4.247865 3.104492 2.47418
vn 4.240949 3.09341 2.504287
vn 4.303641 3.063274 2.601314
vn 4.304329 3.053783 2.61791
vn 4.427987 3.031045 2.657987
vn 4.304329 3.053783 2.61791
vn 4.427987 3.031045 2.657987
vn 4.429638 3.026027 2.664655
vn 4.562468 3.017741 2.628782
vn 4.561809 3.017963 2.628845
vn 4.6574 3.026173 2.528152
vn 4.650468 3.0318 2.524595
vn 4.791976 2.636707 2.720957
vn 4.791981 2.6367 2.720953
vn 4.880914 2.6367 2.600761
vn 4.880916 2.636697 2.600759
vn 4.93569 2.636738 2.461675
vn 4.935691 2.636731 2.461673
vn 4.952611 2.636708 2.313137
vn 4.952613 2.636696 2.31312
vn 4.952613 2.636696 2.31312
vn 4.952611 2.636708 2.313137
vn 4.930511 2.636706 2.165299
vn 4.930512 2.636697 2.165298
vn 4.870897 2.636667 2.028199
vn 4.870896 2.636672 2.028199
vn 4.870896 2.636672 2.028199
vn 4.870897 2.636667 2.028199
vn 4.777833 2.636738 1.911225
vn 4.777833 2.636735 1.911225
vn 4.657647 2.636658 1.822289
vn 4.657664 2.636648 1.822296
vn 4.657664 2.636648 1.822296
vn 4.657647 2.636658 1.822289
vn 4.518583 2.636732 1.767526
vn 4.518581 2.636727 1.767525
vn 4.370012 2.636673 1.750598
vn 4.370019 2.636675 1.750598
vn 4.222203 2.636749 1.772706
vn 4.222194 2.63674 1.772707
vn 4.222194 2.63674 1.772707
vn 4.222203 2.636749 1.772706
vn 4.085086 2.636609 1.832313
vn 4.085078 2.636607 1.832317
vn 3.968116 2.636749 1.925387
vn 3.968118 2.636747 1.925384
vn 3.87919 2.636637 2.045547
vn 3.879189 2.636632 2.045549
vn 3.824402 2.63669 2.184684
vn 3.824408 2.636711 2.18467
vn 4.405866 3.131207 2.223268
vn 4.405206 3.131209 2.223113
vn 4.378463 3.131207 2.220003
vn 4.379144 3.131208 2.220002
vn 4.351819 3.131207 2.22393
vn 4.430836 3.131207 2.233355
vn 4.430244 3.131206 2.233016
vn 4.352471 3.131207 2.223749
vn 4.327127 3.131215 2.234655
vn 4.452351 3.131208 2.249568
vn 4.451863 3.131209 2.2491
vn 4.327683 3.131208 2.234277
vn 4.305994 3.131205 2.25132
vn 4.468935 3.131207 2.270782
vn 4.468585 3.13121 2.270216
vn 4.306461 3.131207 2.250857
vn 4.289913 3.131203 2.272932
vn 4.479465 3.131207 2.295573
vn 4.479291 3.131206 2.294935
vn 4.290255 3.131207 2.272371
vn 4.280015 3.13121 2.298001
vn 4.483216 3.131207 2.322246
vn 4.483186 3.131212 2.321582
vn 4.280174 3.131208 2.297346
vn 4.276917 3.131211 2.324726
vn 4.479934 3.131208 2.348974
vn 4.480099 3.131208 2.348329
vn 4.276893 3.131208 2.324076
vn 4.280839 3.13121 2.351393
vn 4.46985 3.131208 2.373942
vn 4.470137 3.131219 2.373314
vn 4.280644 3.131208 2.350742
vn 4.291543 3.131213 2.3761
vn 4.453649 3.131207 2.39546
vn 4.454108 3.131209 2.394974
vn 4.29117 3.131207 2.375536
vn 4.308253 3.131211 2.397211
vn 4.432425 3.131207 2.412045
vn 4.433 3.131208 2.411702
vn 4.307761 3.131207 2.396762
vn 4.329854 3.131216 2.413239
vn 4.407638 3.131207 2.422573
vn 4.408301 3.131202 2.422413
vn 4.329268 3.131208 2.412959
vn 4.35492 3.131196 2.42328
vn 4.380965 3.131209 2.426315
vn 4.381621 3.131217 2.426262
vn 4.354246 3.131205 2.42306
vn 4.578275 2.991689 2.655418
vn 4.65751 2.991691 2.592795
vn 4.485513 2.991695 2.695396
vn 4.385581 2.991681 2.710023
vn 4.717843 2.99169 2.511799
vn 4.28527 2.991687 2.698266
vn 4.191404 2.991685 2.660949
vn 4.755158 2.991691 2.417935
vn 4.110406 2.991683 2.600616
vn 4.766912 2.991686 2.317632
vn 4.047791 2.991685 2.521381
vn 4.752299 2.991686 2.217689
vn 4.00781 2.991688 2.428624
vn 4.71232 2.991686 2.124944
vn 3.993196 2.991686 2.32869
vn 4.649691 2.991688 2.045699
vn 4.004948 2.991689 2.228386
vn 4.568687 2.991685 1.985361
vn 4.042267 2.991697 2.134532
vn 4.474833 2.991692 1.948057
vn 4.102593 2.991687 2.053522
vn 4.374537 2.991698 1.936314
vn 4.181837 2.991689 1.9909
vn 4.27458 2.991688 1.950918
vn 4.292148 2.110891 2.671108
vn 4.385204 2.110891 2.682003
vn 4.38083 1.994663 2.423938
vn 4.354722 1.994664 2.420712
vn 4.406884 1.994664 2.420306
vn 4.205085 2.11089 2.636498
vn 4.477899 2.110888 2.668441
vn 4.330338 1.994665 2.410833
vn 4.431121 1.994664 2.410052
vn 4.129955 2.110894 2.580548
vn 4.563935 2.110888 2.631349
vn 4.309344 1.994664 2.394975
vn 4.451861 1.994663 2.393868
vn 4.07186 2.110892 2.507044
vn 4.637429 2.110886 2.573258
vn 4.293161 1.994664 2.374219
vn 4.467721 1.994664 2.372876
vn 4.034774 2.110887 2.421008
vn 4.693405 2.110896 2.498121
vn 4.282907 1.994664 2.349992
vn 4.477602 1.994664 2.348492
vn 4.021216 2.110886 2.328308
vn 4.728003 2.110892 2.411067
vn 4.27927 1.994664 2.323936
vn 4.480835 1.994664 2.322381
vn 4.032114 2.110885 2.235252
vn 4.738895 2.110888 2.318011
vn 4.282499 1.994665 2.297829
vn 4.477202 1.994664 2.296327
vn 4.066702 2.110897 2.148198
vn 4.725341 2.110893 2.225315
vn 4.292387 1.994663 2.273444
vn 4.466944 1.994664 2.272095
vn 4.122683 2.110888 2.073053
vn 4.688243 2.110887 2.139281
vn 4.308241 1.994664 2.252447
vn 4.450765 1.994664 2.251343
vn 4.196174 2.110891 2.014966
vn 4.630149 2.110886 2.065782
vn 4.328984 1.994665 2.236267
vn 4.429769 1.994664 2.235488
vn 4.282207 2.110894 1.977871
vn 4.55501 2.110891 2.009812
vn 4.353216 1.994664 2.226013
vn 4.405381 1.994665 2.225602
vn 4.374905 2.110897 1.964308
vn 4.467961 2.110889 1.975214
vn 4.379281 1.994662 2.222387
vt 0.7419152 0.5729457
vt 0.7334528 0.5614485
vt 0.7334644 0.5952579
vt 0.7419198 0.6027158
vt 0.7334459 0.6379425
vt 0.7419009 0.6411212
vt 0.7334459 0.6777683
vt 0.7419009 0.6761189
vt 0.7334459 0.7122878
vt 0.7419009 0.7045081
vt 0.4647011 0.9895808
vt 0.4899442 0.9685088
vt 0.4808967 0.9614656
vt 0.5111737 0.9604282
vt 0.500825 0.9788072
vt 0.5175765 0.9669855
vt 0.1997222 0.6831113
vt 0.1986537 0.6994894
vt 0.204936 0.6894885
vt 0.2980578 0.9821843
vt 0.312607 0.9435416
vt 0.2983223 0.9426709
vt 0.2577758 0.9442456
vt 0.2617515 0.9557639
vt 0.28451 0.9560065
vt 0.8889104 0.5714573
vt 0.8904275 0.6011723
vt 0.9065826 0.5850176
vt 0.1652849 0.04079712
vt 0.1526648 0.02209333
vt 0.1360159 0.02209333
vt 0.4060765 0.0632342
vt 0.3959716 0.04540761
vt 0.3773629 0.04540761
vt 0.3364905 0.9817138
vt 0.3361851 0.9426187
vt 0.3232499 0.9433095
vt 0.2128197 0.9754414
vt 0.2411546 0.9644971
vt 0.2165918 0.9646518
vt 0.7501073 0.4870948
vt 0.7223914 0.5039274
vt 0.7405652 0.5039274
vt 0.6952773 0.5209324
vt 0.7108963 0.5209324
vt 0.7012276 0.5039274
vt 0.678516 0.5209324
vt 0.678516 0.5039274
vt 0.655804 0.5039274
vt 0.6346402 0.5039274
vt 0.646135 0.5209324
vt 0.8629351 0.7663208
vt 0.8456879 0.7795553
vt 0.8611153 0.7949827
vt 0.4456818 0.9944437
vt 0.4540875 0.9948691
vt 0.4540875 0.9610436
vt 0.4456818 0.9675469
vt 0.4288707 0.9944437
vt 0.4288707 0.9675469
vt 0.3471452 0.9840972
vt 0.355464 0.9441842
vt 0.3471452 0.9506214
vt 0.355464 0.9845166
vt 0.4428399 0.9213289
vt 0.4515379 0.9331466
vt 0.4515426 0.9025475
vt 0.4428518 0.8947173
vt 0.4515232 0.8630728
vt 0.4428328 0.8598054
vt 0.4515232 0.8271006
vt 0.4428328 0.8287954
vt 0.4515232 0.7979209
vt 0.4428328 0.8059175
vt 0.2339741 0.8174061
vt 0.2266398 0.8088676
vt 0.2113138 0.827359
vt 0.2240156 0.8310804
vt 0.2107971 0.8451843
vt 0.2266398 0.8088676
vt 0.2193059 0.80033
vt 0.1986121 0.8236372
vt 0.2113138 0.827359
vt 0.2240156 0.8310804
vt 0.2107971 0.8451843
vt 0.2240889 0.8428549
vt 0.2219616 0.8614783
vt 0.2331131 0.8556342
vt 0.2480518 0.8802646
vt 0.2565861 0.872131
vt 0.2113138 0.827359
vt 0.1986121 0.8236372
vt 0.1975048 0.8475137
vt 0.2107971 0.8451843
vt 0.2108109 0.8673236
vt 0.2219616 0.8614783
vt 0.2395179 0.8883962
vt 0.2480518 0.8802646
vt 0.2426895 0.9023718
vt 0.2588126 0.8898668
vt 0.248005 0.907374
vt 0.2646519 0.8956254
vt 0.1576173 0.933684
vt 0.171532 0.9504516
vt 0.1731322 0.944379
vt 0.1519921 0.9527671
vt 0.1602813 0.9616425
vt 0.1354134 0.9527671
vt 0.1354134 0.9771786
vt 0.1297884 0.933684
vt 0.1584174 0.9270668
vt 0.1289881 0.9270664
vt 0.1519921 0.9771786
vt 0.1354134 0.9865631
vt 0.1519921 0.9865631
vt 0.06192807 0.9853553
vt 0.07537779 0.9849545
vt 0.08153834 0.959612
vt 0.07077753 0.9534845
vt 0.04847872 0.9857547
vt 0.06192807 0.9853553
vt 0.07077753 0.9534845
vt 0.06001746 0.9473558
vt 0.09863989 0.9374346
vt 0.09165981 0.9284685
vt 0.4167463 0.9331466
vt 0.4254445 0.9213289
vt 0.4254328 0.8947173
vt 0.416742 0.9025475
vt 0.4254518 0.8598054
vt 0.416761 0.8630728
vt 0.4254518 0.8287954
vt 0.416761 0.8271006
vt 0.4254518 0.8059175
vt 0.416761 0.7979209
vt 0.7165175 0.5952579
vt 0.7080619 0.6027158
vt 0.7080804 0.6411212
vt 0.7165357 0.6379425
vt 0.7080804 0.6761189
vt 0.7165357 0.6777683
vt 0.7080804 0.7045081
vt 0.7165357 0.7122878
vt 0.1467593 0.8088521
vt 0.1394226 0.8173935
vt 0.1493845 0.8310726
vt 0.1620906 0.8273498
vt 0.1493111 0.8428511
vt 0.1626076 0.8451813
vt 0.1402839 0.8556347
vt 0.1514392 0.861481
vt 0.1168027 0.8721373
vt 0.12534 0.8802736
vt 0.1540958 0.8003116
vt 0.1467593 0.8088521
vt 0.1620906 0.8273498
vt 0.1747968 0.8236268
vt 0.1626076 0.8451813
vt 0.1759044 0.8475115
vt 0.1514392 0.861481
vt 0.1625937 0.8673283
vt 0.12534 0.8802736
vt 0.1338769 0.8884081
vt 0.1145755 0.8898792
vt 0.1307041 0.9023885
vt 0.1087341 0.8956398
vt 0.1253868 0.9073925
vt 0.1145755 0.8898792
vt 0.09208147 0.8838878
vt 0.1087341 0.8956398
vt 0.0984469 0.8773692
vt 0.355464 0.9845166
vt 0.3721012 0.9845166
vt 0.3721012 0.9441842
vt 0.355464 0.9441842
vt 0.4254445 0.9213289
vt 0.4428399 0.9213289
vt 0.4428518 0.8947173
vt 0.4254328 0.8947173
vt 0.4428328 0.8598054
vt 0.4254518 0.8598054
vt 0.4428328 0.8287954
vt 0.4254518 0.8287954
vt 0.4428328 0.8059175
vt 0.4254518 0.8059175
vt 0.7334528 0.5614485
vt 0.7165285 0.5614485
vt 0.7165175 0.5952579
vt 0.7334644 0.5952579
vt 0.7165357 0.6379425
vt 0.7334459 0.6379425
vt 0.7165357 0.6777683
vt 0.7334459 0.6777683
vt 0.7334459 0.6777683
vt 0.7165357 0.6777683
vt 0.7165357 0.7122878
vt 0.7334459 0.7122878
vt 0.7165357 0.7342389
vt 0.7334459 0.7342389
vt 0.4254518 0.8059175
vt 0.4428328 0.8059175
vt 0.4428328 0.7950595
vt 0.4254518 0.7950595
vt 0.5388854 0.9754415
vt 0.5388854 0.9609951
vt 0.5282151 0.9609951
vt 0.5282151 0.9754415
vt 0.04673996 0.7797109
vt 0.03058887 0.7797109
vt 0.03058887 0.8039017
vt 0.04673996 0.8039017
vt 0.04673996 0.8039017
vt 0.03058887 0.8039017
vt 0.03058887 0.8239726
vt 0.04673996 0.8239726
vt 0.03058887 0.8453226
vt 0.04673996 0.8453226
vt 0.02510862 0.8594821
vt 0.05222059 0.8594821
vt 0.02432914 0.8645503
vt 0.05300007 0.8645503
vt 0.1271238 0.9616425
vt 0.1354134 0.9527671
vt 0.1297884 0.933684
vt 0.1158739 0.9504516
vt 0.204936 0.6894885
vt 0.2270483 0.7062593
vt 0.2307085 0.6921757
vt 0.1986537 0.6994894
vt 0.2227317 0.7228718
vt 0.1912446 0.7112867
vt 0.2184151 0.7394846
vt 0.1916815 0.6912307
vt 0.1997222 0.6831113
vt 0.1950962 0.6755951
vt 0.1838351 0.7230839
vt 0.2147553 0.7535681
vt 0.1821964 0.7008084
vt 0.1862058 0.6807818
vt 0.1775539 0.7330847
vt 0.21231 0.7629785
vt 0.1733557 0.7397672
vt 0.1727117 0.7103861
vt 0.1646709 0.7185057
vt 0.1757191 0.6869
vt 0.1652316 0.6930181
vt 0.1549908 0.631142
vt 0.16064 0.6299585
vt 0.1380242 0.5958064
vt 0.1662892 0.6287751
vt 0.1710788 0.6277719
vt 0.1429812 0.5928501
vt 0.1479389 0.589894
vt 0.1289194 0.5746241
vt 0.1359037 0.5741673
vt 0.1219358 0.5750806
vt 0.1270495 0.5722002
vt 0.1343034 0.5720761
vt 0.1197959 0.5723243
vt 0.1136467 0.57243
vt 0.1160145 0.5754676
vt 0.1338219 0.5983126
vt 0.1602289 0.4276436
vt 0.1567224 0.455069
vt 0.1653161 0.446332
vt 0.1528291 0.4332243
vt 0.1401639 0.3621425
vt 0.1436818 0.3610631
vt 0.1401639 0.3257377
vt 0.1436818 0.3230409
vt 0.3220194 0.8649704
vt 0.3255863 0.906297
vt 0.3255863 0.8638758
vt 0.3220194 0.9090316
vt 0.3293684 0.9234556
vt 0.316681 0.8657017
vt 0.3249136 0.9238781
vt 0.3298713 0.9257371
vt 0.3252984 0.9258522
vt 0.316681 0.9108586
vt 0.3182465 0.9241604
vt 0.3184547 0.925929
vt 0.310383 0.9242595
vt 0.3103838 0.9115
vt 0.3103838 0.8659586
vt 0.3040863 0.8657017
vt 0.2971379 0.8165739
vt 0.3103848 0.8179016
vt 0.3236313 0.8165739
vt 0.3257683 0.8105118
vt 0.338809 0.8045925
vt 0.3392976 0.7976347
vt 0.3103853 0.8125905
vt 0.3260333 0.8049257
vt 0.310386 0.8074856
vt 0.3273232 0.5956328
vt 0.3685161 0.5819011
vt 0.366083 0.5725378
vt 0.3315005 0.6022822
vt 0.3721576 0.5959143
vt 0.3377502 0.6122331
vt 0.3186818 0.6167884
vt 0.3377502 0.6122331
vt 0.3764527 0.6124441
vt 0.3721576 0.5959143
vt 0.3451228 0.6239714
vt 0.3795806 0.6301476
vt 0.3266817 0.6248675
vt 0.3186818 0.6167884
vt 0.351925 0.6365833
vt 0.3843896 0.642987
vt 0.3361201 0.6343974
vt 0.3192397 0.6421488
vt 0.3587458 0.6456608
vt 0.386823 0.6523501
vt 0.3450838 0.6447058
vt 0.353558 0.6520061
vt 0.3296748 0.6482363
vt 0.3397246 0.6549369
vt 0.3489551 0.6594848
vt 0.3250577 0.7070692
vt 0.3202549 0.705803
vt 0.314671 0.7048935
vt 0.30905 0.7037159
vt 0.3023375 0.7437673
vt 0.2971004 0.7418166
vt 0.2908382 0.7590742
vt 0.2921681 0.738875
vt 0.2831088 0.7599516
vt 0.2893088 0.7611098
vt 0.2812479 0.7623634
vt 0.2761601 0.7594973
vt 0.2879868 0.7363813
vt 0.2740309 0.7622398
vt 0.2702684 0.7591122
vt 0.2679124 0.7621348
vt 0.10455 0.4332243
vt 0.1136949 0.3610631
vt 0.09714942 0.4276436
vt 0.117213 0.3621425
vt 0.1156249 0.4369532
vt 0.1006575 0.455069
vt 0.1224777 0.3628639
vt 0.117213 0.3257377
vt 0.1135191 0.4609067
vt 0.1001774 0.4707564
vt 0.1132594 0.4779473
vt 0.1286894 0.4382627
vt 0.1224777 0.3275395
vt 0.1143569 0.3011559
vt 0.12869 0.4629566
vt 0.1286885 0.3631173
vt 0.120932 0.3014344
vt 0.1139774 0.2978872
vt 0.1207264 0.2979628
vt 0.1286885 0.3281721
vt 0.1286877 0.3015319
vt 0.1286877 0.2979894
vt 0.1417536 0.4369532
vt 0.1286906 0.4804721
vt 0.113535 0.502923
vt 0.1286885 0.5064788
vt 0.1441226 0.4779469
vt 0.1438612 0.4609067
vt 0.1567224 0.455069
vt 0.1572043 0.4707564
vt 0.1528291 0.4332243
vt 0.134899 0.3628639
vt 0.1401639 0.3621425
vt 0.134899 0.3275395
vt 0.1401639 0.3257377
vt 0.136443 0.3014344
vt 0.1430183 0.3011559
vt 0.1366483 0.2979628
vt 0.1433978 0.2978872
vt 0.10455 0.4332243
vt 0.09714942 0.4276436
vt 0.09206399 0.446332
vt 0.1006575 0.455069
vt 0.117213 0.3621425
vt 0.1136949 0.3230409
vt 0.1136949 0.3610631
vt 0.117213 0.3257377
vt 0.2912587 0.9219952
vt 0.2907715 0.9242272
vt 0.2954673 0.9258522
vt 0.2958522 0.9238781
vt 0.2949231 0.9052107
vt 0.3023106 0.925929
vt 0.2987482 0.9090316
vt 0.2949231 0.8635821
vt 0.2987482 0.8649704
vt 0.3025191 0.9241601
vt 0.310383 0.9259559
vt 0.3040863 0.9108586
vt 0.310383 0.9242595
vt 0.3184547 0.925929
vt 0.3103838 0.9115
vt 0.3040863 0.8657017
vt 0.2859084 0.8127931
vt 0.2971379 0.8165739
vt 0.2950026 0.8105118
vt 0.2819616 0.8045925
vt 0.2947394 0.8049257
vt 0.2814747 0.7976347
vt 0.310386 0.8074856
vt 0.3103853 0.8125905
vt 0.3103848 0.8179016
vt 0.3103838 0.8659586
vt 0.2617515 0.9557639
vt 0.2853232 0.9693487
vt 0.28451 0.9560065
vt 0.2631483 0.9693506
vt 0.2845093 0.9826909
vt 0.2617515 0.982938
vt 0.2091324 0.6828059
vt 0.2307085 0.6921757
vt 0.2331534 0.6827655
vt 0.204936 0.6894885
vt 0.3236313 0.8165739
vt 0.316681 0.8657017
vt 0.3220194 0.8649704
vt 0.3348613 0.8127931
vt 0.338809 0.8045925
vt 0.091321 0.1337958
vt 0.06097237 0.09557209
vt 0.06632104 0.1337958
vt 0.09671277 0.1788128
vt 0.07673705 0.1788128
vt 0.09760928 0.1957699
vt 0.1181492 0.1957699
vt 0.0974336 0.2401655
vt 0.1181492 0.1788128
vt 0.1181492 0.1337958
vt 0.08855218 0.09557209
vt 0.1181492 0.09557209
vt 0.08852274 0.07818353
vt 0.1395864 0.1788128
vt 0.1449778 0.1337958
vt 0.1386897 0.1957699
vt 0.1477464 0.09557209
vt 0.1181492 0.2401655
vt 0.1388654 0.2401655
vt 0.1181492 0.07818353
vt 0.1477758 0.07818353
vt 0.1181492 0.2561972
vt 0.099095 0.2561972
vt 0.1372036 0.2561972
vt 0.1549597 0.2561972
vt 0.08986992 0.05950052
vt 0.06351778 0.05950052
vt 0.1181492 0.05950052
vt 0.07101411 0.04079712
vt 0.0514904 0.04079712
vt 0.09375075 0.04079712
vt 0.1464287 0.05950052
vt 0.1753834 0.07818353
vt 0.1181492 0.04079712
vt 0.100283 0.02209333
vt 0.1181492 0.02209333
vt 0.1425486 0.04079712
vt 0.1360159 0.02209333
vt 0.1727814 0.05950052
vt 0.1652849 0.04079712
vt 0.1954107 0.05950052
vt 0.1848088 0.04079712
vt 0.091321 0.1337958
vt 0.08855218 0.09557209
vt 0.06097237 0.09557209
vt 0.06091561 0.07818353
vt 0.08852274 0.07818353
vt 0.06351778 0.05950052
vt 0.0408885 0.05950052
vt 0.0514904 0.04079712
vt 0.03720874 0.07818353
vt 0.02352457 0.05950052
vt 0.01901719 0.07818353
vt 0.03728899 0.09557209
vt 0.06632104 0.1337958
vt 0.01911591 0.09557209
vt 0.04485305 0.1337958
vt 0.02837967 0.1337958
vt 0.07673705 0.1788128
vt 0.05958325 0.1788128
vt 0.04642075 0.1788128
vt 0.07846887 0.1957699
vt 0.09760928 0.1957699
vt 0.06203264 0.1957699
vt 0.04942066 0.1957699
vt 0.0488328 0.2401655
vt 0.07812944 0.2401655
vt 0.0974336 0.2401655
vt 0.099095 0.2561972
vt 0.0813393 0.2561972
vt 0.06155292 0.2401655
vt 0.06609205 0.2561972
vt 0.05439256 0.2561972
vt 0.1753834 0.07818353
vt 0.1727814 0.05950052
vt 0.1464287 0.05950052
vt 0.1990906 0.07818353
vt 0.1954107 0.05950052
vt 0.2172818 0.07818353
vt 0.2127748 0.05950052
vt 0.2171829 0.09557209
vt 0.1990098 0.09557209
vt 0.2079191 0.1337958
vt 0.1753262 0.09557209
vt 0.1477758 0.07818353
vt 0.1477464 0.09557209
vt 0.1914461 0.1337958
vt 0.1898778 0.1788128
vt 0.1699779 0.1337958
vt 0.1449778 0.1337958
vt 0.1767155 0.1788128
vt 0.1868787 0.1957699
vt 0.1595619 0.1788128
vt 0.1395864 0.1788128
vt 0.1742665 0.1957699
vt 0.1578301 0.1957699
vt 0.1386897 0.1957699
vt 0.1388654 0.2401655
vt 0.1581693 0.2401655
vt 0.1549597 0.2561972
vt 0.1702067 0.2561972
vt 0.1747461 0.2401655
vt 0.1874656 0.2401655
vt 0.1819064 0.2561972
vt 0.3324375 0.1931154
vt 0.3120058 0.1769532
vt 0.3128601 0.1931154
vt 0.3324375 0.1769532
vt 0.3068664 0.1340465
vt 0.3520149 0.1931154
vt 0.3324375 0.2354297
vt 0.3324375 0.1340465
vt 0.3042279 0.09761477
vt 0.3324375 0.09761477
vt 0.3528684 0.1769532
vt 0.3580082 0.1340465
vt 0.360647 0.09761477
vt 0.3324375 0.08104137
vt 0.3719092 0.1769532
vt 0.3818362 0.1340465
vt 0.3702585 0.1931154
vt 0.3869337 0.09761477
vt 0.3521821 0.2354297
vt 0.3705814 0.2354297
vt 0.3675222 0.25071
vt 0.3505986 0.25071
vt 0.3324375 0.25071
vt 0.3606756 0.08104137
vt 0.3869884 0.08104137
vt 0.3593911 0.0632342
vt 0.3845084 0.0632342
vt 0.3324375 0.0632342
vt 0.3054836 0.0632342
vt 0.3041994 0.08104137
vt 0.3041994 0.08104137
vt 0.3054836 0.0632342
vt 0.2803666 0.0632342
vt 0.2778866 0.08104137
vt 0.3042279 0.09761477
vt 0.2779413 0.09761477
vt 0.3324375 0.09761477
vt 0.3324375 0.08104137
vt 0.3068664 0.1340465
vt 0.2830385 0.1340465
vt 0.3120058 0.1769532
vt 0.2929658 0.1769532
vt 0.3128601 0.1931154
vt 0.2946165 0.1931154
vt 0.2942936 0.2354297
vt 0.3126925 0.2354297
vt 0.3324375 0.1931154
vt 0.3324375 0.2354297
vt 0.3324375 0.25071
vt 0.3142764 0.25071
vt 0.2973529 0.25071
vt 0.4479816 0.2001071
vt 0.452489 0.2187901
vt 0.4698529 0.2187901
vt 0.4661731 0.2001071
vt 0.4924822 0.2187901
vt 0.4480803 0.1827185
vt 0.4898797 0.2001071
vt 0.4662534 0.1827185
vt 0.4573441 0.1444948
vt 0.4899368 0.1827185
vt 0.5174872 0.2001071
vt 0.4738174 0.1444948
vt 0.4753852 0.09947774
vt 0.5175166 0.1827185
vt 0.5471137 0.2001071
vt 0.4885477 0.09947774
vt 0.4783847 0.08252059
vt 0.4952853 0.1444948
vt 0.5471137 0.1827185
vt 0.5767403 0.2001071
vt 0.5767109 0.1827185
vt 0.5202854 0.1444948
vt 0.5471137 0.1444948
vt 0.5739423 0.1444948
vt 0.5057015 0.09947774
vt 0.490997 0.08252059
vt 0.5256772 0.09947774
vt 0.5471137 0.09947774
vt 0.5685505 0.09947774
vt 0.5471137 0.08252059
vt 0.5265737 0.08252059
vt 0.5471137 0.03812503
vt 0.5074333 0.08252059
vt 0.4905173 0.03812503
vt 0.4777972 0.03812503
vt 0.483357 0.02209326
vt 0.4950565 0.02209326
vt 0.5070938 0.03812503
vt 0.5103037 0.02209326
vt 0.5263981 0.03812503
vt 0.5280594 0.02209326
vt 0.5471137 0.02209326
vt 0.5174872 0.2001071
vt 0.5471137 0.2187901
vt 0.5471137 0.2001071
vt 0.5188344 0.2187901
vt 0.4898797 0.2001071
vt 0.4924822 0.2187901
vt 0.5471137 0.2374935
vt 0.5715131 0.2374935
vt 0.5227148 0.2374935
vt 0.4999785 0.2374935
vt 0.4698529 0.2187901
vt 0.4804548 0.2374935
vt 0.5292475 0.2561973
vt 0.512599 0.2561973
vt 0.5471137 0.2561973
vt 0.5649804 0.2561973
vt 0.5816293 0.2561973
vt 0.5942494 0.2374935
vt 0.7612084 0.2150564
vt 0.7844635 0.2328831
vt 0.788162 0.2150564
vt 0.7612084 0.2328831
vt 0.7782368 0.2507101
vt 0.7941054 0.2507101
vt 0.7612084 0.2507101
vt 0.7342544 0.2150564
vt 0.7329702 0.1972493
vt 0.7379526 0.2328831
vt 0.7441788 0.2507101
vt 0.7162829 0.2328831
vt 0.728311 0.2507101
vt 0.7091374 0.2150564
vt 0.6875687 0.2150564
vt 0.6976739 0.2328831
vt 0.7066574 0.1972493
vt 0.7067121 0.1806758
vt 0.7329988 0.1806758
vt 0.7118093 0.144244
vt 0.7356373 0.144244
vt 0.7217367 0.1013373
vt 0.7407763 0.1013373
vt 0.7612084 0.144244
vt 0.7612084 0.1013373
vt 0.7233873 0.08517508
vt 0.741631 0.08517508
vt 0.7612084 0.08517508
vt 0.7612084 0.04286073
vt 0.7414634 0.04286073
vt 0.7230645 0.04286073
vt 0.7261238 0.02758051
vt 0.7430472 0.02758051
vt 0.7612084 0.02758051
vt 0.788162 0.2150564
vt 0.7844635 0.2328831
vt 0.8061339 0.2328831
vt 0.7941054 0.2507101
vt 0.7859086 0.5850176
vt 0.8150039 0.5912428
vt 0.8035811 0.5714573
vt 0.8020633 0.6011723
vt 0.7723486 0.6026897
vt 0.7921336 0.6141129
vt 0.8889104 0.5714573
vt 0.8774873 0.5912428
vt 0.8904275 0.6011723
vt 0.8774873 0.6994667
vt 0.8624173 0.7057088
vt 0.8624173 0.5850002
vt 0.8462458 0.7078378
vt 0.8462458 0.5828713
vt 0.8300735 0.7057088
vt 0.8300732 0.5850008
vt 0.8150039 0.6994667
vt 0.8150039 0.5912428
vt 0.8020633 0.6895372
vt 0.8035811 0.7192522
vt 0.8020633 0.6011723
vt 0.7859086 0.7056916
vt 0.7921336 0.6765961
vt 0.7723486 0.6880196
vt 0.7921336 0.6141129
vt 0.7858915 0.6615266
vt 0.7858915 0.6291827
vt 0.7837627 0.6453549
vt 0.8132794 0.2150564
vt 0.8247426 0.2328831
vt 0.8348475 0.2150564
vt 0.8061339 0.2328831
vt 0.788162 0.2150564
vt 0.7894466 0.1972493
vt 0.8157594 0.1972493
vt 0.7612084 0.1972493
vt 0.7612084 0.2150564
vt 0.7329702 0.1972493
vt 0.7329988 0.1806758
vt 0.7612084 0.1806758
vt 0.7356373 0.144244
vt 0.7612084 0.144244
vt 0.789418 0.1806758
vt 0.8157047 0.1806758
vt 0.7867792 0.144244
vt 0.7612084 0.1013373
vt 0.8106071 0.144244
vt 0.7816394 0.1013373
vt 0.800679 0.1013373
vt 0.7612084 0.08517508
vt 0.7807858 0.08517508
vt 0.7990295 0.08517508
vt 0.7993523 0.04286073
vt 0.7809531 0.04286073
vt 0.7612084 0.04286073
vt 0.7612084 0.02758051
vt 0.7793695 0.02758051
vt 0.7962931 0.02758051
vt 0.9065826 0.5850176
vt 0.900358 0.6141129
vt 0.9201429 0.6026897
vt 0.8904275 0.6895368
vt 0.9065826 0.7056916
vt 0.8889104 0.7192522
vt 0.9201429 0.6880196
vt 0.900358 0.6765961
vt 0.9066 0.6291827
vt 0.9066 0.6615266
vt 0.9087284 0.6453549
vt 0.09375075 0.04079712
vt 0.100283 0.02209333
vt 0.08363455 0.02209333
vt 0.07101411 0.04079712
vt 0.4060765 0.0632342
vt 0.3773629 0.04540761
vt 0.3845084 0.0632342
vt 0.3556925 0.04540761
vt 0.3593911 0.0632342
vt 0.3494659 0.02758063
vt 0.3653345 0.02758063
vt 0.3324375 0.02758063
vt 0.3324375 0.04540761
vt 0.3324375 0.0632342
vt 0.3154083 0.02758063
vt 0.3091817 0.04540761
vt 0.2995401 0.02758063
vt 0.3054836 0.0632342
vt 0.2875121 0.04540761
vt 0.2803666 0.0632342
vt 0.2689031 0.04540761
vt 0.2587989 0.0632342
vt 0.6164301 0.03812503
vt 0.610871 0.02209326
vt 0.5991712 0.02209326
vt 0.6037105 0.03812503
vt 0.5839242 0.02209326
vt 0.6032311 0.08252059
vt 0.6158432 0.08252059
vt 0.6188422 0.09947774
vt 0.5871334 0.03812503
vt 0.5661681 0.02209326
vt 0.60568 0.09947774
vt 0.6368834 0.1444948
vt 0.5867946 0.08252059
vt 0.5678298 0.03812503
vt 0.5471137 0.02209326
vt 0.5471137 0.03812503
vt 0.5471137 0.08252059
vt 0.5676542 0.08252059
vt 0.5685505 0.09947774
vt 0.5885264 0.09947774
vt 0.6204107 0.1444948
vt 0.6461474 0.1827185
vt 0.5989425 0.1444948
vt 0.5739423 0.1444948
vt 0.6279743 0.1827185
vt 0.6462463 0.2001071
vt 0.6042907 0.1827185
vt 0.5767109 0.1827185
vt 0.6280551 0.2001071
vt 0.641739 0.2187901
vt 0.6243752 0.2187901
vt 0.6043479 0.2001071
vt 0.5767403 0.2001071
vt 0.6017459 0.2187901
vt 0.6137733 0.2374935
vt 0.5942494 0.2374935
vt 0.5753931 0.2187901
vt 0.5471137 0.2001071
vt 0.5715131 0.2374935
vt 0.5471137 0.2187901
vt 0.4901132 0.6106651
vt 0.5240678 0.5944882
vt 0.521017 0.5814139
vt 0.4967278 0.6213939
vt 0.5278479 0.6099044
vt 0.4880712 0.6313332
vt 0.4796406 0.6226589
vt 0.5033207 0.6319096
vt 0.5318596 0.6252264
vt 0.5091175 0.6408687
vt 0.5355209 0.6380851
vt 0.5034838 0.6475876
vt 0.4964471 0.6400703
vt 0.4988224 0.6550774
vt 0.4817254 0.6447366
vt 0.4724568 0.6392576
vt 0.4620711 0.7009386
vt 0.4665016 0.7016486
vt 0.4910006 0.6502905
vt 0.4709231 0.7023667
vt 0.474671 0.7029854
vt 0.4487372 0.739157
vt 0.4525394 0.741399
vt 0.4345815 0.7575933
vt 0.4404081 0.7571831
vt 0.4328286 0.7598761
vt 0.4389063 0.7591375
vt 0.4796406 0.6226589
vt 0.4845363 0.6015599
vt 0.4724481 0.6153177
vt 0.4901132 0.6106651
vt 0.521017 0.5814139
vt 0.5190557 0.5726969
vt 0.4808374 0.5954895
vt 0.07558648 0.6203488
vt 0.08045454 0.6025333
vt 0.07273051 0.594654
vt 0.0690046 0.6153411
vt 0.05631508 0.6859092
vt 0.05902522 0.6865515
vt 0.05637769 0.7228951
vt 0.05228818 0.7214121
vt 0.05224073 0.6854804
vt 0.05390963 0.7477328
vt 0.05934333 0.7477213
vt 0.0474205 0.7477279
vt 0.04742128 0.7208869
vt 0.0541103 0.7509922
vt 0.05971063 0.7507957
vt 0.0474205 0.7510517
vt 0.04742128 0.6853296
vt 0.04255457 0.7214123
vt 0.04260182 0.6854804
vt 0.05910572 0.6119955
vt 0.04742225 0.6108222
vt 0.03573839 0.6119955
vt 0.0337121 0.589384
vt 0.04742283 0.5875307
vt 0.03353322 0.5733722
vt 0.06113337 0.589384
vt 0.04742342 0.5710867
vt 0.03384899 0.5489084
vt 0.04742128 0.5456283
vt 0.06131361 0.5733722
vt 0.07311551 0.5798876
vt 0.3881032 0.8601326
vt 0.3908881 0.8608134
vt 0.3908606 0.8178632
vt 0.3882033 0.8159155
vt 0.3947042 0.8004947
vt 0.391106 0.800999
vt 0.3840332 0.8145494
vt 0.3856212 0.8013405
vt 0.3839321 0.8596708
vt 0.379007 0.8595071
vt 0.3790081 0.9079489
vt 0.3908772 0.9092468
vt 0.4009972 0.9128494
vt 0.4049187 0.921091
vt 0.3930179 0.9154385
vt 0.4053252 0.9284843
vt 0.3790087 0.9134104
vt 0.3931614 0.9220877
vt 0.3790092 0.9199139
vt 0.391106 0.800999
vt 0.3947042 0.8004947
vt 0.3951806 0.7983441
vt 0.3914654 0.7991515
vt 0.3856212 0.8013405
vt 0.3858179 0.7997045
vt 0.3790063 0.8014529
vt 0.3790063 0.7998919
vt 0.379007 0.8140582
vt 0.3840332 0.8145494
vt 0.379007 0.8595071
vt 0.3723915 0.8013403
vt 0.3721946 0.7997045
vt 0.3739807 0.8145494
vt 0.3668666 0.8010152
vt 0.366506 0.7991685
vt 0.3697783 0.8159257
vt 0.3698929 0.8601398
vt 0.3740818 0.8596708
vt 0.367139 0.9092468
vt 0.3790081 0.9079489
vt 0.3790087 0.9134104
vt 0.3649992 0.9154381
vt 0.3790092 0.9199139
vt 0.3648574 0.9220881
vt 0.4345815 0.7575933
vt 0.426739 0.760441
vt 0.4328286 0.7598761
vt 0.4287441 0.7578393
vt 0.4215122 0.760795
vt 0.4487372 0.739157
vt 0.4237343 0.7579306
vt 0.4449331 0.7368294
vt 0.4665016 0.7016486
vt 0.4416809 0.7348
vt 0.4620711 0.7009386
vt 0.6267863 0.7379189
vt 0.6651734 0.7608125
vt 0.6671432 0.7520567
vt 0.6305016 0.7318218
vt 0.6702079 0.7389246
vt 0.6361038 0.7226763
vt 0.6183596 0.7180028
vt 0.6255838 0.7106296
vt 0.6361038 0.7226763
vt 0.6702079 0.7389246
vt 0.6740054 0.7234473
vt 0.6427371 0.7119131
vt 0.6255838 0.7106296
vt 0.6768644 0.7069172
vt 0.6340473 0.7019132
vt 0.6183684 0.6939576
vt 0.6488041 0.700487
vt 0.6817129 0.6951559
vt 0.6551825 0.6923422
vt 0.6843645 0.6865289
vt 0.6419947 0.6923691
vt 0.6495235 0.6855865
vt 0.6276953 0.6884447
vt 0.636613 0.6822624
vt 0.6448398 0.6780667
vt 0.6205839 0.6299551
vt 0.6168031 0.6308225
vt 0.6124247 0.6312827
vt 0.6079372 0.6320044
vt 0.5986979 0.5923263
vt 0.594602 0.5935875
vt 0.5907236 0.5959551
vt 0.5869894 0.5768117
vt 0.03852708 0.6859092
vt 0.03581753 0.6865515
vt 0.03578116 0.7250732
vt 0.02583912 0.6153411
vt 0.01925801 0.6203488
vt 0.01439151 0.6025333
vt 0.02211496 0.5946543
vt 0.03573839 0.6119955
vt 0.04260182 0.6854804
vt 0.0337121 0.589384
vt 0.02173171 0.5798876
vt 0.03353322 0.5733722
vt 0.03846447 0.7228954
vt 0.04255457 0.7214123
vt 0.03549767 0.7477213
vt 0.04093137 0.7477328
vt 0.04742128 0.7208869
vt 0.0474205 0.7477279
vt 0.03512998 0.7507958
vt 0.03149254 0.7504157
vt 0.04073051 0.7509922
vt 0.0474205 0.7510517
vt 0.05390963 0.7477328
vt 0.6041517 0.6326054
vt 0.5907236 0.5959551
vt 0.5874571 0.5979931
vt 0.5744631 0.5748523
vt 0.5694312 0.5747608
vt 0.5724491 0.5722393
vt 0.5786475 0.572749
vt 0.5804057 0.5750448
vt 0.594602 0.5935875
vt 0.5855392 0.5748905
vt 0.5869894 0.5768117
vt 0.3632278 0.801919
vt 0.366506 0.7991685
vt 0.3627673 0.7998143
vt 0.3668666 0.8010152
vt 0.3669442 0.8189159
vt 0.3697783 0.8159257
vt 0.366891 0.8610901
vt 0.3698929 0.8601398
vt 0.3570078 0.912848
vt 0.3740818 0.8596708
vt 0.367139 0.9092468
vt 0.3649992 0.9154381
vt 0.3530926 0.9210863
vt 0.3648574 0.9220881
vt 0.3526835 0.9284874
vt 0.2165918 0.9646518
vt 0.2411546 0.9644971
vt 0.242103 0.952111
vt 0.217889 0.952109
vt 0.2411546 0.9397249
vt 0.2165918 0.939566
vt 0.2385782 0.9292456
vt 0.2128282 0.9287854
vt 0.9049901 0.3570368
vt 0.8853395 0.3570368
vt 0.8853395 0.3750246
vt 0.9059417 0.3750246
vt 0.8853395 0.4201983
vt 0.9233015 0.3570368
vt 0.9051641 0.3130607
vt 0.9113519 0.4201983
vt 0.8853395 0.4574606
vt 0.9251398 0.3750246
vt 0.9355916 0.4201983
vt 0.9140506 0.4574606
vt 0.9390258 0.3570368
vt 0.9236371 0.3130607
vt 0.9416248 0.3750246
vt 0.9408045 0.4574606
vt 0.9564064 0.4201983
vt 0.9140781 0.4735449
vt 0.8853395 0.4735449
vt 0.8853395 0.4907502
vt 0.8578424 0.4907502
vt 0.912837 0.4907502
vt 0.8853395 0.5084131
vt 0.9408572 0.4735449
vt 0.9091719 0.5084131
vt 0.8853395 0.526257
vt 0.9384605 0.4907502
vt 0.9313801 0.5084131
vt 0.9637788 0.4574606
vt 0.9638533 0.4735449
vt 0.9604637 0.4907502
vt 0.9814993 0.4735449
vt 0.9773473 0.4907502
vt 0.9814076 0.4574606
vt 0.9723786 0.4201983
vt 0.9542746 0.3750246
vt 0.9510913 0.3570368
vt 0.9395006 0.3130607
vt 0.9516729 0.3130607
vt 0.9469948 0.2997361
vt 0.9356807 0.2997361
vt 0.9209363 0.2997361
vt 0.903766 0.2997361
vt 0.8853395 0.3130607
vt 0.8853395 0.2997361
vt 0.9113519 0.4201983
vt 0.8853395 0.4574606
vt 0.9140506 0.4574606
vt 0.8853395 0.4735449
vt 0.856602 0.4735449
vt 0.8578424 0.4907502
vt 0.8322194 0.4907502
vt 0.8566293 0.4574606
vt 0.8853395 0.4201983
vt 0.8298222 0.4735449
vt 0.8102161 0.4907502
vt 0.8593276 0.4201983
vt 0.8853395 0.3750246
vt 0.8298749 0.4574606
vt 0.8068259 0.4735449
vt 0.793332 0.4907502
vt 0.7891806 0.4735449
vt 0.8069004 0.4574606
vt 0.7892718 0.4574606
vt 0.8647379 0.3750246
vt 0.8853395 0.3570368
vt 0.8350877 0.4201983
vt 0.8142726 0.4201983
vt 0.7983011 0.4201983
vt 0.8455402 0.3750246
vt 0.8290546 0.3750246
vt 0.8164045 0.3750246
vt 0.8656892 0.3570368
vt 0.847378 0.3570368
vt 0.8316537 0.3570368
vt 0.8195881 0.3570368
vt 0.8190067 0.3130607
vt 0.8311791 0.3130607
vt 0.8470426 0.3130607
vt 0.8349984 0.2997361
vt 0.8236846 0.2997361
vt 0.8497432 0.2997361
vt 0.8669138 0.2997361
vt 0.8655156 0.3130607
vt 0.8853395 0.2997361
vt 0.8853395 0.3130607
vt 0.9049901 0.3570368
vt 0.9051641 0.3130607
vt 0.6511551 0.4553702
vt 0.6256586 0.4553702
vt 0.625609 0.4706984
vt 0.6511291 0.4706984
vt 0.6278926 0.4870948
vt 0.6523116 0.4870948
vt 0.678516 0.4706984
vt 0.678516 0.4870948
vt 0.6346402 0.5039274
vt 0.6164667 0.5039274
vt 0.6069235 0.4870948
vt 0.655804 0.5039274
vt 0.678516 0.5039274
vt 0.7047208 0.4870948
vt 0.6617546 0.5209324
vt 0.646135 0.5209324
vt 0.678516 0.5209324
vt 0.7012276 0.5039274
vt 0.729139 0.4870948
vt 0.7223914 0.5039274
vt 0.7501073 0.4870948
vt 0.6537266 0.4198597
vt 0.6306266 0.4198597
vt 0.6256586 0.4553702
vt 0.6511551 0.4553702
vt 0.678516 0.4198597
vt 0.678516 0.4553702
vt 0.6511291 0.4706984
vt 0.678516 0.4706984
vt 0.7058769 0.4553702
vt 0.7033058 0.4198597
vt 0.7059029 0.4706984
vt 0.678516 0.4870948
vt 0.7047208 0.4870948
vt 0.731423 0.4706984
vt 0.729139 0.4870948
vt 0.7313731 0.4553702
vt 0.7264051 0.4198597
vt 0.7164445 0.3768097
vt 0.6981492 0.3768097
vt 0.7146924 0.3596676
vt 0.6972429 0.3596676
vt 0.678516 0.3768097
vt 0.678516 0.3596676
vt 0.678516 0.3177589
vt 0.6974076 0.3177589
vt 0.715013 0.3177589
vt 0.7124385 0.3050606
vt 0.6960755 0.3050606
vt 0.3755315 0.3524483
vt 0.3965666 0.335243
vt 0.3796829 0.335243
vt 0.3931769 0.3524483
vt 0.4185703 0.335243
vt 0.3756227 0.3685326
vt 0.4161731 0.3524483
vt 0.3932513 0.3685326
vt 0.4162258 0.3685326
vt 0.384652 0.4057949
vt 0.4006235 0.4057949
vt 0.4027553 0.4509685
vt 0.4154055 0.4509685
vt 0.405939 0.4689562
vt 0.4180045 0.4689562
vt 0.431891 0.4509685
vt 0.4337288 0.4689562
vt 0.4333934 0.5129323
vt 0.4175296 0.5129323
vt 0.4053576 0.5129323
vt 0.4100356 0.5262569
vt 0.4213492 0.5262569
vt 0.7033058 0.4198597
vt 0.678516 0.4198597
vt 0.678516 0.4553702
vt 0.6981492 0.3768097
vt 0.678516 0.3768097
vt 0.6537266 0.4198597
vt 0.6588827 0.3768097
vt 0.6306266 0.4198597
vt 0.6405875 0.3768097
vt 0.678516 0.3596676
vt 0.659789 0.3596676
vt 0.6423385 0.3596676
vt 0.642019 0.3177589
vt 0.6596236 0.3177589
vt 0.678516 0.3177589
vt 0.6609565 0.3050606
vt 0.6445931 0.3050606
vt 0.678516 0.3050606
vt 0.6960755 0.3050606
vt 0.6974076 0.3177589
vt 0.4006235 0.4057949
vt 0.4162258 0.3685326
vt 0.3932513 0.3685326
vt 0.4214385 0.4057949
vt 0.4154055 0.4509685
vt 0.431891 0.4509685
vt 0.4429797 0.3685326
vt 0.4456781 0.4057949
vt 0.4429528 0.3524483
vt 0.4161731 0.3524483
vt 0.4441932 0.335243
vt 0.4185703 0.335243
vt 0.4716903 0.335243
vt 0.4716903 0.3524483
vt 0.4716903 0.3685326
vt 0.5004289 0.3524483
vt 0.5004013 0.3685326
vt 0.4716903 0.4057949
vt 0.4977026 0.4057949
vt 0.4510888 0.4509685
vt 0.4337288 0.4689562
vt 0.4716903 0.4509685
vt 0.4922925 0.4509685
vt 0.45204 0.4689562
vt 0.4716903 0.4689562
vt 0.4913409 0.4689562
vt 0.4915149 0.5129323
vt 0.4518664 0.5129323
vt 0.4333934 0.5129323
vt 0.4716903 0.5129323
vt 0.4716903 0.5262569
vt 0.4901168 0.5262569
vt 0.4532647 0.5262569
vt 0.436094 0.5262569
vt 0.4213492 0.5262569
vt 0.4175296 0.5129323
vt 0.264867 0.3706229
vt 0.2922536 0.3552948
vt 0.264867 0.3552948
vt 0.2375062 0.3706229
vt 0.2400776 0.4061334
vt 0.264867 0.4061334
vt 0.2374801 0.3552948
vt 0.264867 0.3388984
vt 0.2386619 0.3388984
vt 0.2119586 0.3552948
vt 0.2142437 0.3388984
vt 0.2120096 0.3706229
vt 0.2169776 0.4061334
vt 0.2269375 0.4491834
vt 0.2452338 0.4491834
vt 0.264867 0.4491834
vt 0.2286896 0.4663254
vt 0.2461397 0.4663254
vt 0.264867 0.4663254
vt 0.264867 0.5082341
vt 0.2459747 0.5082341
vt 0.2283701 0.5082341
vt 0.2309438 0.5209323
vt 0.2473065 0.5209323
vt 0.264867 0.3552948
vt 0.2910718 0.3388984
vt 0.264867 0.3388984
vt 0.2922536 0.3552948
vt 0.3154893 0.3388984
vt 0.3177739 0.3552948
vt 0.2922279 0.3706229
vt 0.264867 0.3706229
vt 0.317724 0.3706229
vt 0.264867 0.4061334
vt 0.2896568 0.4061334
vt 0.312756 0.4061334
vt 0.264867 0.4491834
vt 0.2845002 0.4491834
vt 0.3027955 0.4491834
vt 0.264867 0.4663254
vt 0.283594 0.4663254
vt 0.3010434 0.4663254
vt 0.3013639 0.5082341
vt 0.2837586 0.5082341
vt 0.264867 0.5082341
vt 0.2824265 0.5209323
vt 0.2987895 0.5209323
vt 0.264867 0.5209323
vt 0.2473065 0.5209323
vt 0.2459747 0.5082341
vt 0.5004289 0.3524483
vt 0.5248112 0.335243
vt 0.4991876 0.335243
vt 0.527208 0.3524483
vt 0.5004013 0.3685326
vt 0.5271553 0.3685326
vt 0.4977026 0.4057949
vt 0.5219424 0.4057949
vt 0.4922925 0.4509685
vt 0.5114902 0.4509685
vt 0.4913409 0.4689562
vt 0.5468144 0.335243
vt 0.536801 0.3175801
vt 0.5177309 0.3175801
vt 0.550204 0.3524483
vt 0.5636978 0.335243
vt 0.5678499 0.3524483
vt 0.5501295 0.3685326
vt 0.5677584 0.3685326
vt 0.5427572 0.4057949
vt 0.5587293 0.4057949
vt 0.5279756 0.4509685
vt 0.5406253 0.4509685
vt 0.5096523 0.4689562
vt 0.5253766 0.4689562
vt 0.5374421 0.4689562
vt 0.5380237 0.5129323
vt 0.5099879 0.5129323
vt 0.4915149 0.5129323
vt 0.4901168 0.5262569
vt 0.5072871 0.5262569
vt 0.5258513 0.5129323
vt 0.5220314 0.5262569
vt 0.5333455 0.5262569
vt 0.4991876 0.335243
vt 0.5248112 0.335243
vt 0.5177309 0.3175801
vt 0.4955227 0.3175801
vt 0.5056689 0.2997362
vt 0.489279 0.2997362
vt 0.4716903 0.3175801
vt 0.4716903 0.2997362
vt 0.4716903 0.335243
vt 0.4716903 0.3524483
vt 0.5004289 0.3524483
vt 0.4441932 0.335243
vt 0.4478584 0.3175801
vt 0.4541021 0.2997362
vt 0.4185703 0.335243
vt 0.4256507 0.3175801
vt 0.4377126 0.2997362
vt 0.3965666 0.335243
vt 0.4065804 0.3175801
vt 0.1932746 0.3388984
vt 0.2209913 0.3220658
vt 0.2028178 0.3220658
vt 0.8456879 0.8973283
vt 0.8629351 0.9105628
vt 0.8738439 0.8916677
vt 0.8611153 0.8819005
vt 0.8324535 0.8800811
vt 0.8513481 0.869172
vt 0.8611153 0.7949827
vt 0.8513481 0.8077116
vt 0.8452079 0.8225345
vt 0.8452079 0.8543488
vt 0.8431146 0.8384414
vt 0.8456879 0.7795553
vt 0.8324535 0.7968027
vt 0.8738439 0.7852157
vt 0.8629351 0.7663208
vt 0.8886673 0.8978078
vt 0.8886673 0.7790756
vt 0.9045743 0.8999019
vt 0.9045743 0.7769815
vt 0.9204813 0.8978078
vt 0.9204813 0.7790756
vt 0.935304 0.8916677
vt 0.935304 0.7852157
vt 0.9480327 0.8819005
vt 0.9462132 0.9105628
vt 0.9634607 0.8973283
vt 0.9577999 0.869172
vt 0.9766948 0.8800811
vt 0.9480327 0.7949827
vt 0.9577999 0.8077116
vt 0.9639403 0.8225345
vt 0.9639403 0.8543488
vt 0.9660341 0.8384414
vt 0.9766948 0.7968031
vt 0.9634607 0.7795553
vt 0.9462132 0.7663208
vt 0.2209913 0.3220658
vt 0.2481057 0.3050607
vt 0.2324861 0.3050607
vt 0.2421551 0.3220658
vt 0.2142437 0.3388984
vt 0.264867 0.3050607
vt 0.2386619 0.3388984
vt 0.264867 0.3220658
vt 0.2816284 0.3050607
vt 0.264867 0.3388984
vt 0.2875786 0.3220658
vt 0.2972472 0.3050607
vt 0.2910718 0.3388984
vt 0.3087424 0.3220658
vt 0.3154893 0.3388984
vt 0.3269162 0.3220658
vt 0.3364583 0.3388984
vt 0.9604637 0.4907502
vt 0.9313801 0.5084131
vt 0.9504504 0.5084131
vt 0.9384605 0.4907502
vt 0.9029282 0.526257
vt 0.9193181 0.526257
vt 0.9091719 0.5084131
vt 0.8853395 0.526257
vt 0.8853395 0.5084131
vt 0.8677513 0.526257
vt 0.8615079 0.5084131
vt 0.8853395 0.4907502
vt 0.8513618 0.526257
vt 0.8578424 0.4907502
vt 0.8393003 0.5084131
vt 0.8322194 0.4907502
vt 0.8202295 0.5084131
vt 0.8102161 0.4907502
vt 0.1859247 0.9413154
vt 0.1895429 0.9297945
vt 0.1859247 0.9295625
vt 0.1895429 0.9414361
vt 0.1859247 0.9539282
vt 0.1895429 0.9539282
vt 0.1859247 0.9665413
vt 0.1895429 0.9664209
vt 0.1859247 0.9782942
vt 0.1895429 0.9780614
vt 0.07696609 0.7810344
vt 0.07307804 0.7814667
vt 0.07307804 0.7897087
vt 0.07696609 0.7893558
vt 0.07307804 0.8004502
vt 0.07696609 0.8002005
vt 0.07307804 0.812959
vt 0.07696609 0.8128299
vt 0.07307804 0.8263822
vt 0.07696609 0.8263822
vt 0.07307804 0.839806
vt 0.07696609 0.8399351
vt 0.06225238 0.7893556
vt 0.06614044 0.7814665
vt 0.06225238 0.7810342
vt 0.06614044 0.7897086
vt 0.01137434 0.6077724
vt 0.01463125 0.6065004
vt 0.01174417 0.5888364
vt 0.008244202 0.5888308
vt 0.01449475 0.5722975
vt 0.01122656 0.5711448
vt 0.02228393 0.5582648
vt 0.01971904 0.5561516
vt 0.03384899 0.5489084
vt 0.03242878 0.5461333
vt 0.04742128 0.5456283
vt 0.04742128 0.5426153
vt 0.06099337 0.5489088
vt 0.06241377 0.5461333
vt 0.07255863 0.5582648
vt 0.07512371 0.5561516
vt 0.08034799 0.5722975
vt 0.08361599 0.5711448
vt 0.08309954 0.5888438
vt 0.08659796 0.5888308
vt 0.08034799 0.605289
vt 0.08361638 0.6065165
vt 0.01806107 0.8939707
vt 0.03129616 0.8894843
vt 0.03017448 0.8866124
vt 0.02021388 0.8961806
vt 0.009227272 0.905178
vt 0.01208494 0.9063781
vt 0.006125277 0.9183981
vt 0.009216985 0.9183981
vt 0.009227272 0.9316183
vt 0.01208494 0.9304181
vt 0.01806107 0.9428257
vt 0.0201945 0.9405875
vt 0.03128193 0.9503144
vt 0.03236433 0.9474324
vt 0.3709309 0.7977926
vt 0.3721946 0.7997045
vt 0.3790063 0.7998919
vt 0.3790063 0.7977656
vt 0.3858179 0.7997045
vt 0.387081 0.7977926
vt 0.387506 0.9496256
vt 0.3947337 0.9480919
vt 0.3936073 0.9456283
vt 0.3896637 0.9516972
vt 0.3833191 0.9547833
vt 0.3863313 0.9559954
vt 0.3819972 0.9626642
vt 0.385142 0.9627246
vt 0.3834292 0.9697198
vt 0.3862503 0.9687768
vt 0.387506 0.9757017
vt 0.3895741 0.973903
vt 0.3936073 0.979699
vt 0.3946918 0.9773704
vt 0.4065597 0.9488269
vt 0.4054446 0.9512672
vt 0.4104309 0.9548221
vt 0.4126042 0.9527865
vt 0.4137108 0.9599369
vt 0.4166429 0.958712
vt 0.4149182 0.9658412
vt 0.4180608 0.9657019
vt 0.4138478 0.9717572
vt 0.4166429 0.9726914
vt 0.4105552 0.9768351
vt 0.4126042 0.9786168
vt 0.4054861 0.9802698
vt 0.1433978 0.2978872
vt 0.1354493 0.2958643
vt 0.1366483 0.2979628
vt 0.1286877 0.2958042
vt 0.1286877 0.2979894
vt 0.1219258 0.2958643
vt 0.1207264 0.2979628
vt 0.07696609 0.8399351
vt 0.07307804 0.839806
vt 0.07307804 0.8523146
vt 0.07696609 0.8525645
vt 0.07307804 0.863056
vt 0.07696609 0.8634092
vt 0.07307804 0.8712983
vt 0.07696609 0.8717309
vt 0.2012367 0.9295639
vt 0.1976184 0.9297959
vt 0.1976184 0.9414368
vt 0.2012367 0.9413161
vt 0.1976184 0.9539282
vt 0.2012367 0.9539282
vt 0.2012367 0.9539282
vt 0.1976184 0.9539282
vt 0.1976184 0.9664203
vt 0.2012367 0.9665406
vt 0.1976184 0.9780612
vt 0.2012367 0.9782928
vt 0.06225238 0.8717311
vt 0.06614044 0.8712985
vt 0.06614044 0.8630562
vt 0.06225238 0.8634094
vt 0.06614044 0.8523147
vt 0.06225238 0.8525646
vt 0.06614044 0.8398061
vt 0.06225238 0.8399352
vt 0.06225238 0.8399352
vt 0.06614044 0.8398061
vt 0.06614044 0.8263822
vt 0.06225238 0.8263822
vt 0.06614044 0.8129589
vt 0.06225238 0.8128297
vt 0.06614044 0.8004501
vt 0.06225238 0.8002004
vt 0.06614044 0.7897086
vt 0.06225238 0.7893556
vt 0.7541609 0.8381937
vt 0.7526048 0.8397503
vt 0.7602153 0.8496686
vt 0.7621212 0.848568
vt 0.7649993 0.8612189
vt 0.7437865 0.8302335
vt 0.742686 0.83214
vt 0.7671257 0.860649
vt 0.766631 0.8736134
vt 0.7317058 0.8252293
vt 0.7311363 0.8273555
vt 0.7688323 0.8736134
vt 0.7649993 0.8860084
vt 0.7187414 0.8235223
vt 0.7187414 0.8257234
vt 0.7671257 0.8865783
vt 0.7602153 0.8975587
vt 0.7057763 0.8252293
vt 0.7063462 0.8273555
vt 0.7621212 0.8986592
vt 0.7526048 0.907477
vt 0.6936952 0.8302335
vt 0.6947963 0.83214
vt 0.7541609 0.9090337
vt 0.742686 0.9150877
vt 0.6833218 0.8381937
vt 0.6848776 0.8397503
vt 0.7437865 0.9169941
vt 0.7311363 0.9198719
vt 0.6753609 0.848568
vt 0.6772674 0.8496686
vt 0.7317058 0.9219981
vt 0.7187414 0.9215036
vt 0.670357 0.860649
vt 0.6724827 0.8612189
vt 0.7187414 0.9237052
vt 0.7063462 0.9198719
vt 0.6686502 0.8736134
vt 0.6708517 0.8736134
vt 0.7057763 0.9219981
vt 0.6947963 0.9150877
vt 0.670357 0.8865783
vt 0.6724827 0.8860084
vt 0.6936952 0.9169941
vt 0.6848776 0.907477
vt 0.6753609 0.8986592
vt 0.6772674 0.8975587
vt 0.6833218 0.9090337
vt 0.6533446 0.8736134
vt 0.6555736 0.8566877
vt 0.6555736 0.8905393
vt 0.6621062 0.906312
vt 0.6621066 0.8409154
vt 0.6724988 0.9198558
vt 0.686043 0.9302486
vt 0.6724988 0.8273714
vt 0.7018155 0.9367816
vt 0.686043 0.8169788
vt 0.7187414 0.93901
vt 0.7018155 0.8104453
vt 0.7356673 0.9367816
vt 0.7187414 0.8082172
vt 0.7514397 0.9302486
vt 0.7356673 0.8104453
vt 0.7649836 0.9198558
vt 0.7514397 0.8169788
vt 0.7753762 0.906312
vt 0.7649836 0.8273714
vt 0.7819098 0.8905393
vt 0.7753762 0.8409154
vt 0.7841374 0.8736134
vt 0.7819098 0.8566877
vt 0.5876237 0.9159041
vt 0.5976695 0.9028121
vt 0.5839887 0.8949132
vt 0.5764533 0.9047331
vt 0.5887247 0.8834776
vt 0.5745317 0.9259495
vt 0.6039847 0.8875662
vt 0.5666333 0.912268
vt 0.5903411 0.8712059
vt 0.5592862 0.9322645
vt 0.6061385 0.8712059
vt 0.5551974 0.9170049
vt 0.5887247 0.8589338
vt 0.5429259 0.9344184
vt 0.6039847 0.854845
vt 0.5429259 0.9186203
vt 0.5839887 0.8474984
vt 0.5265657 0.9322645
vt 0.5976695 0.8395995
vt 0.5306537 0.9170049
vt 0.5764533 0.8376784
vt 0.5113198 0.9259495
vt 0.5876237 0.8265079
vt 0.5192188 0.912268
vt 0.5666333 0.8301433
vt 0.4982281 0.9159041
vt 0.5745317 0.816462
vt 0.5093982 0.9047331
vt 0.5551974 0.8254066
vt 0.4881816 0.9028121
vt 0.5592862 0.8101469
vt 0.5018628 0.8949132
vt 0.5429259 0.8237906
vt 0.4818672 0.8875662
vt 0.5429259 0.8079932
vt 0.4971267 0.8834776
vt 0.5306537 0.8254066
vt 0.4797133 0.8712059
vt 0.5265646 0.8101469
vt 0.4955107 0.8712059
vt 0.5192178 0.8301433
vt 0.4818672 0.854845
vt 0.5113194 0.816462
vt 0.4971267 0.8589338
vt 0.5093982 0.8376784
vt 0.4881816 0.8395995
vt 0.4982281 0.8265079
vt 0.5018628 0.8474984
usemtl WhiteCountertop1
f 1673/1673/1673 1672/1672/1672 1671/1671/1671
f 1675/1675/1675 1673/1673/1673 1674/1674/1674
f 1676/1676/1676 1675/1675/1675 1674/1674/1674
f 1677/1677/1677 1675/1675/1675 1676/1676/1676
f 1678/1678/1678 1677/1677/1677 1676/1676/1676
f 1679/1679/1679 1677/1677/1677 1678/1678/1678
f 1680/1680/1680 1679/1679/1679 1678/1678/1678
f 1683/1683/1683 1682/1682/1682 1681/1681/1681
f 1686/1686/1686 1685/1685/1685 1684/1684/1684
f 1689/1689/1689 1688/1688/1688 1687/1687/1687
f 1692/1692/1692 1691/1691/1691 1690/1690/1690
f 1695/1695/1695 1694/1694/1694 1693/1693/1693
f 1698/1698/1698 1697/1697/1697 1696/1696/1696
f 1701/1701/1701 1700/1700/1700 1699/1699/1699
f 1704/1704/1704 1703/1703/1703 1702/1702/1702
f 1707/1707/1707 1706/1706/1706 1705/1705/1705
f 1710/1710/1710 1709/1709/1709 1708/1708/1708
f 1713/1713/1713 1712/1712/1712 1711/1711/1711
f 1715/1715/1715 1714/1714/1714 1712/1712/1712
f 1714/1714/1714 1716/1716/1716 1712/1712/1712
f 1714/1714/1714 1717/1717/1717 1716/1716/1716
f 1717/1717/1717 1718/1718/1718 1716/1716/1716
f 1721/1721/1721 1720/1720/1720 1719/1719/1719
f 1724/1724/1724 1723/1723/1723 1722/1722/1722
f 1727/1727/1727 1726/1726/1726 1725/1725/1725
f 1728/1728/1728 1727/1727/1727 1725/1725/1725
f 1728/1728/1728 1725/1725/1725 1729/1729/1729
f 1730/1730/1730 1728/1728/1728 1729/1729/1729
f 1733/1733/1733 1732/1732/1732 1731/1731/1731
f 1732/1732/1732 1734/1734/1734 1731/1731/1731
f 1737/1737/1737 1736/1736/1736 1735/1735/1735
f 1738/1738/1738 1737/1737/1737 1735/1735/1735
f 1739/1739/1739 1737/1737/1737 1738/1738/1738
f 1740/1740/1740 1739/1739/1739 1738/1738/1738
f 1741/1741/1741 1739/1739/1739 1740/1740/1740
f 1742/1742/1742 1741/1741/1741 1740/1740/1740
f 1743/1743/1743 1741/1741/1741 1742/1742/1742
f 1744/1744/1744 1743/1743/1743 1742/1742/1742
f 1747/1747/1747 1746/1746/1746 1745/1745/1745
f 1748/1748/1748 1747/1747/1747 1745/1745/1745
f 1749/1749/1749 1747/1747/1747 1748/1748/1748
f 1752/1752/1752 1751/1751/1751 1750/1750/1750
f 1753/1753/1753 1752/1752/1752 1750/1750/1750
f 1756/1756/1756 1755/1755/1755 1754/1754/1754
f 1757/1757/1757 1755/1755/1755 1756/1756/1756
f 1758/1758/1758 1757/1757/1757 1756/1756/1756
f 1759/1759/1759 1757/1757/1757 1758/1758/1758
f 1760/1760/1760 1759/1759/1759 1758/1758/1758
f 1763/1763/1763 1762/1762/1762 1761/1761/1761
f 1764/1764/1764 1763/1763/1763 1761/1761/1761
f 1765/1765/1765 1763/1763/1763 1764/1764/1764
f 1766/1766/1766 1765/1765/1765 1764/1764/1764
f 1767/1767/1767 1765/1765/1765 1766/1766/1766
f 1768/1768/1768 1767/1767/1767 1766/1766/1766
f 1769/1769/1769 1767/1767/1767 1768/1768/1768
f 1770/1770/1770 1769/1769/1769 1768/1768/1768
f 1771/1771/1771 1769/1769/1769 1770/1770/1770
f 1772/1772/1772 1771/1771/1771 1770/1770/1770
f 1775/1775/1775 1774/1774/1774 1773/1773/1773
f 1773/1773/1773 1774/1774/1774 1776/1776/1776
f 1774/1774/1774 1777/1777/1777 1776/1776/1776
f 1773/1773/1773 1776/1776/1776 1778/1778/1778
f 1778/1778/1778 1776/1776/1776 1779/1779/1779
f 1780/1780/1780 1773/1773/1773 1778/1778/1778
f 1781/1781/1781 1773/1773/1773 1780/1780/1780
f 1782/1782/1782 1781/1781/1781 1780/1780/1780
f 1776/1776/1776 1783/1783/1783 1779/1779/1779
f 1779/1779/1779 1783/1783/1783 1784/1784/1784
f 1783/1783/1783 1785/1785/1785 1784/1784/1784
f 1788/1788/1788 1787/1787/1787 1786/1786/1786
f 1789/1789/1789 1788/1788/1788 1786/1786/1786
f 1792/1792/1792 1791/1791/1791 1790/1790/1790
f 1793/1793/1793 1792/1792/1792 1790/1790/1790
f 1794/1794/1794 1792/1792/1792 1793/1793/1793
f 1795/1795/1795 1794/1794/1794 1793/1793/1793
f 1798/1798/1798 1797/1797/1797 1796/1796/1796
f 1799/1799/1799 1798/1798/1798 1796/1796/1796
f 1800/1800/1800 1798/1798/1798 1799/1799/1799
f 1801/1801/1801 1800/1800/1800 1799/1799/1799
f 1802/1802/1802 1800/1800/1800 1801/1801/1801
f 1803/1803/1803 1802/1802/1802 1801/1801/1801
f 1804/1804/1804 1802/1802/1802 1803/1803/1803
f 1805/1805/1805 1804/1804/1804 1803/1803/1803
f 1808/1808/1808 1807/1807/1807 1806/1806/1806
f 1809/1809/1809 1808/1808/1808 1806/1806/1806
f 1810/1810/1810 1808/1808/1808 1809/1809/1809
f 1811/1811/1811 1810/1810/1810 1809/1809/1809
f 1812/1812/1812 1810/1810/1810 1811/1811/1811
f 1813/1813/1813 1812/1812/1812 1811/1811/1811
f 1816/1816/1816 1815/1815/1815 1814/1814/1814
f 1817/1817/1817 1816/1816/1816 1814/1814/1814
f 1818/1818/1818 1816/1816/1816 1817/1817/1817
f 1819/1819/1819 1818/1818/1818 1817/1817/1817
f 1820/1820/1820 1818/1818/1818 1819/1819/1819
f 1821/1821/1821 1820/1820/1820 1819/1819/1819
f 1822/1822/1822 1820/1820/1820 1821/1821/1821
f 1823/1823/1823 1822/1822/1822 1821/1821/1821
f 1826/1826/1826 1825/1825/1825 1824/1824/1824
f 1827/1827/1827 1826/1826/1826 1824/1824/1824
f 1828/1828/1828 1826/1826/1826 1827/1827/1827
f 1829/1829/1829 1828/1828/1828 1827/1827/1827
f 1830/1830/1830 1828/1828/1828 1829/1829/1829
f 1831/1831/1831 1830/1830/1830 1829/1829/1829
f 1832/1832/1832 1830/1830/1830 1831/1831/1831
f 1833/1833/1833 1832/1832/1832 1831/1831/1831
f 1834/1834/1834 1832/1832/1832 1833/1833/1833
f 1835/1835/1835 1834/1834/1834 1833/1833/1833
f 1836/1836/1836 1834/1834/1834 1835/1835/1835
f 1837/1837/1837 1836/1836/1836 1835/1835/1835
f 1840/1840/1840 1839/1839/1839 1838/1838/1838
f 1839/1839/1839 1841/1841/1841 1838/1838/1838
f 1844/1844/1844 1843/1843/1843 1842/1842/1842
f 1845/1845/1845 1844/1844/1844 1842/1842/1842
f 1848/1848/1848 1847/1847/1847 1846/1846/1846
f 1849/1849/1849 1848/1848/1848 1846/1846/1846
f 1850/1850/1850 1848/1848/1848 1849/1849/1849
f 1851/1851/1851 1850/1850/1850 1849/1849/1849
f 1852/1852/1852 1850/1850/1850 1851/1851/1851
f 1853/1853/1853 1852/1852/1852 1851/1851/1851
f 1854/1854/1854 1852/1852/1852 1853/1853/1853
f 1855/1855/1855 1854/1854/1854 1853/1853/1853
f 1858/1858/1858 1857/1857/1857 1856/1856/1856
f 1859/1859/1859 1858/1858/1858 1856/1856/1856
f 1860/1860/1860 1858/1858/1858 1859/1859/1859
f 1861/1861/1861 1860/1860/1860 1859/1859/1859
f 1862/1862/1862 1860/1860/1860 1861/1861/1861
f 1863/1863/1863 1862/1862/1862 1861/1861/1861
f 1866/1866/1866 1865/1865/1865 1864/1864/1864
f 1867/1867/1867 1866/1866/1866 1864/1864/1864
f 1868/1868/1868 1866/1866/1866 1867/1867/1867
f 1869/1869/1869 1868/1868/1868 1867/1867/1867
f 1872/1872/1872 1871/1871/1871 1870/1870/1870
f 1873/1873/1873 1872/1872/1872 1870/1870/1870
f 1876/1876/1876 1875/1875/1875 1874/1874/1874
f 1877/1877/1877 1876/1876/1876 1874/1874/1874
f 1880/1880/1880 1879/1879/1879 1878/1878/1878
f 1881/1881/1881 1880/1880/1880 1878/1878/1878
f 1884/1884/1884 1883/1883/1883 1882/1882/1882
f 1885/1885/1885 1884/1884/1884 1882/1882/1882
f 1886/1886/1886 1884/1884/1884 1885/1885/1885
f 1887/1887/1887 1886/1886/1886 1885/1885/1885
f 1888/1888/1888 1886/1886/1886 1887/1887/1887
f 1889/1889/1889 1888/1888/1888 1887/1887/1887
f 1890/1890/1890 1888/1888/1888 1889/1889/1889
f 1891/1891/1891 1890/1890/1890 1889/1889/1889
f 1894/1894/1894 1893/1893/1893 1892/1892/1892
f 1895/1895/1895 1894/1894/1894 1892/1892/1892
f 1898/1898/1898 1897/1897/1897 1896/1896/1896
f 1897/1897/1897 1899/1899/1899 1896/1896/1896
f 1897/1897/1897 1900/1900/1900 1899/1899/1899
f 1900/1900/1900 1901/1901/1901 1899/1899/1899
f 1900/1900/1900 1902/1902/1902 1901/1901/1901
f 1899/1899/1899 1901/1901/1901 1903/1903/1903
f 1899/1899/1899 1903/1903/1903 1904/1904/1904
f 1904/1904/1904 1903/1903/1903 1905/1905/1905
f 1902/1902/1902 1906/1906/1906 1901/1901/1901
f 1902/1902/1902 1907/1907/1907 1906/1906/1906
f 1901/1901/1901 1908/1908/1908 1903/1903/1903
f 1901/1901/1901 1906/1906/1906 1908/1908/1908
f 1903/1903/1903 1909/1909/1909 1905/1905/1905
f 1903/1903/1903 1908/1908/1908 1909/1909/1909
f 1907/1907/1907 1910/1910/1910 1906/1906/1906
f 1907/1907/1907 1911/1911/1911 1910/1910/1910
f 1911/1911/1911 1912/1912/1912 1910/1910/1910
f 1906/1906/1906 1910/1910/1910 1913/1913/1913
f 1906/1906/1906 1913/1913/1913 1908/1908/1908
f 1910/1910/1910 1914/1914/1914 1913/1913/1913
f 1908/1908/1908 1913/1913/1913 1915/1915/1915
f 1908/1908/1908 1915/1915/1915 1909/1909/1909
f 1913/1913/1913 1916/1916/1916 1915/1915/1915
f 1916/1916/1916 1917/1917/1917 1915/1915/1915
f 1917/1917/1917 1918/1918/1918 1915/1915/1915
f 1915/1915/1915 1918/1918/1918 1909/1909/1909
f 1917/1917/1917 1919/1919/1919 1918/1918/1918
f 1909/1909/1909 1920/1920/1920 1905/1905/1905
f 1918/1918/1918 1920/1920/1920 1909/1909/1909
f 1920/1920/1920 1921/1921/1921 1905/1905/1905
f 1918/1918/1918 1922/1922/1922 1920/1920/1920
f 1919/1919/1919 1922/1922/1922 1918/1918/1918
f 1922/1922/1922 1923/1923/1923 1920/1920/1920
f 1922/1922/1922 1924/1924/1924 1923/1923/1923
f 1924/1924/1924 1925/1925/1925 1923/1923/1923
f 1919/1919/1919 1926/1926/1926 1922/1922/1922
f 1926/1926/1926 1924/1924/1924 1922/1922/1922
f 1924/1924/1924 1927/1927/1927 1925/1925/1925
f 1927/1927/1927 1928/1928/1928 1925/1925/1925
f 1929/1929/1929 1927/1927/1927 1924/1924/1924
f 1926/1926/1926 1929/1929/1929 1924/1924/1924
f 1930/1930/1930 1929/1929/1929 1926/1926/1926
f 1931/1931/1931 1930/1930/1930 1926/1926/1926
f 1931/1931/1931 1926/1926/1926 1919/1919/1919
f 1932/1932/1932 1931/1931/1931 1919/1919/1919
f 1935/1935/1935 1934/1934/1934 1933/1933/1933
f 1934/1934/1934 1936/1936/1936 1933/1933/1933
f 1936/1936/1936 1937/1937/1937 1933/1933/1933
f 1937/1937/1937 1938/1938/1938 1933/1933/1933
f 1937/1937/1937 1939/1939/1939 1938/1938/1938
f 1939/1939/1939 1940/1940/1940 1938/1938/1938
f 1943/1943/1943 1942/1942/1942 1941/1941/1941
f 1942/1942/1942 1944/1944/1944 1941/1941/1941
f 1942/1942/1942 1945/1945/1945 1944/1944/1944
f 1941/1941/1941 1944/1944/1944 1946/1946/1946
f 1945/1945/1945 1947/1947/1947 1944/1944/1944
f 1945/1945/1945 1948/1948/1948 1947/1947/1947
f 1948/1948/1948 1949/1949/1949 1947/1947/1947
f 1944/1944/1944 1947/1947/1947 1950/1950/1950
f 1944/1944/1944 1950/1950/1950 1946/1946/1946
f 1947/1947/1947 1949/1949/1949 1951/1951/1951
f 1947/1947/1947 1951/1951/1951 1950/1950/1950
f 1949/1949/1949 1952/1952/1952 1951/1951/1951
f 1951/1951/1951 1952/1952/1952 1953/1953/1953
f 1951/1951/1951 1953/1953/1953 1954/1954/1954
f 1950/1950/1950 1951/1951/1951 1954/1954/1954
f 1950/1950/1950 1954/1954/1954 1955/1955/1955
f 1946/1946/1946 1950/1950/1950 1955/1955/1955
f 1955/1955/1955 1954/1954/1954 1956/1956/1956
f 1955/1955/1955 1956/1956/1956 1957/1957/1957
f 1946/1946/1946 1955/1955/1955 1958/1958/1958
f 1959/1959/1959 1946/1946/1946 1958/1958/1958
f 1960/1960/1960 1959/1959/1959 1958/1958/1958
f 1960/1960/1960 1961/1961/1961 1959/1959/1959
f 1962/1962/1962 1961/1961/1961 1960/1960/1960
f 1963/1963/1963 1960/1960/1960 1958/1958/1958
f 1964/1964/1964 1962/1962/1962 1960/1960/1960
f 1964/1964/1964 1960/1960/1960 1963/1963/1963
f 1965/1965/1965 1964/1964/1964 1963/1963/1963
f 1968/1968/1968 1967/1967/1967 1966/1966/1966
f 1967/1967/1967 1969/1969/1969 1966/1966/1966
f 1967/1967/1967 1970/1970/1970 1969/1969/1969
f 1970/1970/1970 1971/1971/1971 1969/1969/1969
f 1969/1969/1969 1971/1971/1971 1972/1972/1972
f 1975/1975/1975 1974/1974/1974 1973/1973/1973
f 1974/1974/1974 1976/1976/1976 1973/1973/1973
f 1974/1974/1974 1977/1977/1977 1976/1976/1976
f 1973/1973/1973 1976/1976/1976 1978/1978/1978
f 1973/1973/1973 1978/1978/1978 1979/1979/1979
f 1977/1977/1977 1980/1980/1980 1976/1976/1976
f 1977/1977/1977 1981/1981/1981 1980/1980/1980
f 1976/1976/1976 1982/1982/1982 1978/1978/1978
f 1976/1976/1976 1980/1980/1980 1982/1982/1982
f 1978/1978/1978 1982/1982/1982 1983/1983/1983
f 1981/1981/1981 1984/1984/1984 1980/1980/1980
f 1981/1981/1981 1985/1985/1985 1984/1984/1984
f 1980/1980/1980 1984/1984/1984 1986/1986/1986
f 1980/1980/1980 1986/1986/1986 1982/1982/1982
f 1984/1984/1984 1987/1987/1987 1986/1986/1986
f 1982/1982/1982 1988/1988/1988 1983/1983/1983
f 1982/1982/1982 1986/1986/1986 1988/1988/1988
f 1986/1986/1986 1987/1987/1987 1989/1989/1989
f 1986/1986/1986 1989/1989/1989 1988/1988/1988
f 1987/1987/1987 1990/1990/1990 1989/1989/1989
f 1990/1990/1990 1991/1991/1991 1989/1989/1989
f 1991/1991/1991 1992/1992/1992 1989/1989/1989
f 1989/1989/1989 1992/1992/1992 1988/1988/1988
f 1988/1988/1988 1993/1993/1993 1983/1983/1983
f 1992/1992/1992 1993/1993/1993 1988/1988/1988
f 1993/1993/1993 1994/1994/1994 1983/1983/1983
f 1992/1992/1992 1995/1995/1995 1993/1993/1993
f 1993/1993/1993 1996/1996/1996 1994/1994/1994
f 1995/1995/1995 1996/1996/1996 1993/1993/1993
f 1995/1995/1995 1997/1997/1997 1996/1996/1996
f 1996/1996/1996 1998/1998/1998 1994/1994/1994
f 1997/1997/1997 1999/1999/1999 1996/1996/1996
f 1996/1996/1996 1999/1999/1999 1998/1998/1998
f 1997/1997/1997 2000/2000/2000 1999/1999/1999
f 2000/2000/2000 2001/2001/2001 1999/1999/1999
f 1999/1999/1999 2002/2002/2002 1998/1998/1998
f 1999/1999/1999 2001/2001/2001 2002/2002/2002
f 1998/1998/1998 2002/2002/2002 2003/2003/2003
f 2001/2001/2001 2004/2004/2004 2002/2002/2002
f 2002/2002/2002 2005/2005/2005 2003/2003/2003
f 2002/2002/2002 2004/2004/2004 2005/2005/2005
f 2004/2004/2004 2006/2006/2006 2005/2005/2005
f 2009/2009/2009 2008/2008/2008 2007/2007/2007
f 2008/2008/2008 2010/2010/2010 2007/2007/2007
f 2007/2007/2007 2010/2010/2010 2011/2011/2011
f 2012/2012/2012 2007/2007/2007 2011/2011/2011
f 2010/2010/2010 2013/2013/2013 2011/2011/2011
f 2010/2010/2010 2014/2014/2014 2013/2013/2013
f 2015/2015/2015 2012/2012/2012 2011/2011/2011
f 2016/2016/2016 2012/2012/2012 2015/2015/2015
f 2017/2017/2017 2016/2016/2016 2015/2015/2015
f 2015/2015/2015 2011/2011/2011 2018/2018/2018
f 2011/2011/2011 2013/2013/2013 2018/2018/2018
f 2014/2014/2014 2019/2019/2019 2013/2013/2013
f 2014/2014/2014 2020/2020/2020 2019/2019/2019
f 2017/2017/2017 2015/2015/2015 2021/2021/2021
f 2021/2021/2021 2015/2015/2015 2018/2018/2018
f 2013/2013/2013 2022/2022/2022 2018/2018/2018
f 2013/2013/2013 2019/2019/2019 2022/2022/2022
f 2020/2020/2020 2023/2023/2023 2019/2019/2019
f 2020/2020/2020 2024/2024/2024 2023/2023/2023
f 2024/2024/2024 2025/2025/2025 2023/2023/2023
f 2019/2019/2019 2023/2023/2023 2026/2026/2026
f 2019/2019/2019 2026/2026/2026 2022/2022/2022
f 2023/2023/2023 2025/2025/2025 2027/2027/2027
f 2023/2023/2023 2027/2027/2027 2026/2026/2026
f 2025/2025/2025 2028/2028/2028 2027/2027/2027
f 2018/2018/2018 2022/2022/2022 2029/2029/2029
f 2021/2021/2021 2018/2018/2018 2029/2029/2029
f 2030/2030/2030 2017/2017/2017 2021/2021/2021
f 2031/2031/2031 2017/2017/2017 2030/2030/2030
f 2032/2032/2032 2031/2031/2031 2030/2030/2030
f 2032/2032/2032 2030/2030/2030 2033/2033/2033
f 2030/2030/2030 2021/2021/2021 2034/2034/2034
f 2033/2033/2033 2030/2030/2030 2034/2034/2034
f 2034/2034/2034 2021/2021/2021 2029/2029/2029
f 2033/2033/2033 2034/2034/2034 2035/2035/2035
f 2036/2036/2036 2033/2033/2033 2035/2035/2035
f 2035/2035/2035 2034/2034/2034 2037/2037/2037
f 2034/2034/2034 2029/2029/2029 2037/2037/2037
f 2022/2022/2022 2038/2038/2038 2029/2029/2029
f 2029/2029/2029 2038/2038/2038 2037/2037/2037
f 2022/2022/2022 2026/2026/2026 2038/2038/2038
f 2038/2038/2038 2039/2039/2039 2037/2037/2037
f 2026/2026/2026 2040/2040/2040 2038/2038/2038
f 2038/2038/2038 2040/2040/2040 2039/2039/2039
f 2026/2026/2026 2027/2027/2027 2040/2040/2040
f 2040/2040/2040 2041/2041/2041 2039/2039/2039
f 2027/2027/2027 2042/2042/2042 2040/2040/2040
f 2040/2040/2040 2042/2042/2042 2041/2041/2041
f 2027/2027/2027 2028/2028/2028 2042/2042/2042
f 2042/2042/2042 2043/2043/2043 2041/2041/2041
f 2028/2028/2028 2044/2044/2044 2042/2042/2042
f 2042/2042/2042 2044/2044/2044 2043/2043/2043
f 2044/2044/2044 2045/2045/2045 2043/2043/2043
f 2048/2048/2048 2047/2047/2047 2046/2046/2046
f 2049/2049/2049 2048/2048/2048 2046/2046/2046
f 2052/2052/2052 2051/2051/2051 2050/2050/2050
f 2051/2051/2051 2053/2053/2053 2050/2050/2050
f 2056/2056/2056 2055/2055/2055 2054/2054/2054
f 2057/2057/2057 2056/2056/2056 2054/2054/2054
f 2057/2057/2057 2054/2054/2054 2058/2058/2058
f 2059/2059/2059 2056/2056/2056 2057/2057/2057
f 2060/2060/2060 2057/2057/2057 2058/2058/2058
f 2060/2060/2060 2058/2058/2058 2061/2061/2061
f 2062/2062/2062 2060/2060/2060 2061/2061/2061
f 2063/2063/2063 2059/2059/2059 2057/2057/2057
f 2063/2063/2063 2057/2057/2057 2060/2060/2060
f 2064/2064/2064 2059/2059/2059 2063/2063/2063
f 2065/2065/2065 2060/2060/2060 2062/2062/2062
f 2065/2065/2065 2063/2063/2063 2060/2060/2060
f 2066/2066/2066 2064/2064/2064 2063/2063/2063
f 2066/2066/2066 2063/2063/2063 2065/2065/2065
f 2067/2067/2067 2064/2064/2064 2066/2066/2066
f 2068/2068/2068 2066/2066/2066 2065/2065/2065
f 2068/2068/2068 2065/2065/2065 2069/2069/2069
f 2069/2069/2069 2065/2065/2065 2062/2062/2062
f 2069/2069/2069 2062/2062/2062 2070/2070/2070
f 2071/2071/2071 2069/2069/2069 2070/2070/2070
f 2072/2072/2072 2071/2071/2071 2070/2070/2070
f 2073/2073/2073 2072/2072/2072 2070/2070/2070
f 2074/2074/2074 2072/2072/2072 2073/2073/2073
f 2075/2075/2075 2074/2074/2074 2073/2073/2073
f 2074/2074/2074 2076/2076/2076 2072/2072/2072
f 2076/2076/2076 2077/2077/2077 2072/2072/2072
f 2072/2072/2072 2077/2077/2077 2071/2071/2071
f 2077/2077/2077 2078/2078/2078 2071/2071/2071
f 2078/2078/2078 2079/2079/2079 2071/2071/2071
f 2082/2082/2082 2081/2081/2081 2080/2080/2080
f 2081/2081/2081 2083/2083/2083 2080/2080/2080
f 2081/2081/2081 2084/2084/2084 2083/2083/2083
f 2084/2084/2084 2085/2085/2085 2083/2083/2083
f 2088/2088/2088 2087/2087/2087 2086/2086/2086
f 2087/2087/2087 2089/2089/2089 2086/2086/2086
f 2092/2092/2092 2091/2091/2091 2090/2090/2090
f 2093/2093/2093 2092/2092/2092 2090/2090/2090
f 2094/2094/2094 2093/2093/2093 2090/2090/2090
f 2097/2097/2097 2096/2096/2096 2095/2095/2095
f 2097/2097/2097 2095/2095/2095 2098/2098/2098
f 2099/2099/2099 2097/2097/2097 2098/2098/2098
f 2099/2099/2099 2098/2098/2098 2100/2100/2100
f 2100/2100/2100 2098/2098/2098 2101/2101/2101
f 2102/2102/2102 2100/2100/2100 2101/2101/2101
f 2098/2098/2098 2095/2095/2095 2103/2103/2103
f 2098/2098/2098 2103/2103/2103 2101/2101/2101
f 2095/2095/2095 2104/2104/2104 2103/2103/2103
f 2095/2095/2095 2105/2105/2105 2104/2104/2104
f 2105/2105/2105 2106/2106/2106 2104/2104/2104
f 2105/2105/2105 2107/2107/2107 2106/2106/2106
f 2103/2103/2103 2104/2104/2104 2108/2108/2108
f 2104/2104/2104 2109/2109/2109 2108/2108/2108
f 2104/2104/2104 2106/2106/2106 2109/2109/2109
f 2103/2103/2103 2108/2108/2108 2110/2110/2110
f 2101/2101/2101 2103/2103/2103 2110/2110/2110
f 2106/2106/2106 2111/2111/2111 2109/2109/2109
f 2112/2112/2112 2101/2101/2101 2110/2110/2110
f 2112/2112/2112 2102/2102/2102 2101/2101/2101
f 2113/2113/2113 2112/2112/2112 2110/2110/2110
f 2106/2106/2106 2114/2114/2114 2111/2111/2111
f 2107/2107/2107 2114/2114/2114 2106/2106/2106
f 2114/2114/2114 2115/2115/2115 2111/2111/2111
f 2112/2112/2112 2116/2116/2116 2102/2102/2102
f 2116/2116/2116 2117/2117/2117 2102/2102/2102
f 2118/2118/2118 2116/2116/2116 2112/2112/2112
f 2113/2113/2113 2118/2118/2118 2112/2112/2112
f 2119/2119/2119 2118/2118/2118 2113/2113/2113
f 2107/2107/2107 2120/2120/2120 2114/2114/2114
f 2121/2121/2121 2120/2120/2120 2107/2107/2107
f 2114/2114/2114 2122/2122/2122 2115/2115/2115
f 2120/2120/2120 2122/2122/2122 2114/2114/2114
f 2121/2121/2121 2123/2123/2123 2120/2120/2120
f 2124/2124/2124 2123/2123/2123 2121/2121/2121
f 2123/2123/2123 2125/2125/2125 2120/2120/2120
f 2120/2120/2120 2125/2125/2125 2122/2122/2122
f 2122/2122/2122 2126/2126/2126 2115/2115/2115
f 2115/2115/2115 2126/2126/2126 2127/2127/2127
f 2125/2125/2125 2128/2128/2128 2122/2122/2122
f 2122/2122/2122 2128/2128/2128 2126/2126/2126
f 2125/2125/2125 2129/2129/2129 2128/2128/2128
f 2129/2129/2129 2130/2130/2130 2128/2128/2128
f 2128/2128/2128 2131/2131/2131 2126/2126/2126
f 2128/2128/2128 2130/2130/2130 2131/2131/2131
f 2130/2130/2130 2132/2132/2132 2131/2131/2131
f 2126/2126/2126 2131/2131/2131 2133/2133/2133
f 2131/2131/2131 2132/2132/2132 2134/2134/2134
f 2131/2131/2131 2134/2134/2134 2133/2133/2133
f 2133/2133/2133 2134/2134/2134 2135/2135/2135
f 2134/2134/2134 2136/2136/2136 2135/2135/2135
f 2139/2139/2139 2138/2138/2138 2137/2137/2137
f 2139/2139/2139 2140/2140/2140 2138/2138/2138
f 2140/2140/2140 2141/2141/2141 2138/2138/2138
f 2140/2140/2140 2142/2142/2142 2141/2141/2141
f 2143/2143/2143 2142/2142/2142 2140/2140/2140
f 2143/2143/2143 2144/2144/2144 2142/2142/2142
f 2145/2145/2145 2143/2143/2143 2140/2140/2140
f 2145/2145/2145 2140/2140/2140 2139/2139/2139
f 2146/2146/2146 2143/2143/2143 2145/2145/2145
f 2147/2147/2147 2146/2146/2146 2145/2145/2145
f 2148/2148/2148 2145/2145/2145 2139/2139/2139
f 2147/2147/2147 2145/2145/2145 2148/2148/2148
f 2148/2148/2148 2139/2139/2139 2149/2149/2149
f 2150/2150/2150 2147/2147/2147 2148/2148/2148
f 2151/2151/2151 2148/2148/2148 2149/2149/2149
f 2150/2150/2150 2148/2148/2148 2151/2151/2151
f 2152/2152/2152 2150/2150/2150 2151/2151/2151
f 2151/2151/2151 2149/2149/2149 2153/2153/2153
f 2152/2152/2152 2151/2151/2151 2154/2154/2154
f 2154/2154/2154 2151/2151/2151 2153/2153/2153
f 2155/2155/2155 2152/2152/2152 2154/2154/2154
f 2154/2154/2154 2153/2153/2153 2156/2156/2156
f 2156/2156/2156 2153/2153/2153 2157/2157/2157
f 2155/2155/2155 2154/2154/2154 2158/2158/2158
f 2158/2158/2158 2154/2154/2154 2156/2156/2156
f 2159/2159/2159 2155/2155/2155 2158/2158/2158
f 2160/2160/2160 2159/2159/2159 2158/2158/2158
f 2161/2161/2161 2156/2156/2156 2157/2157/2157
f 2162/2162/2162 2161/2161/2161 2157/2157/2157
f 2162/2162/2162 2163/2163/2163 2161/2161/2161
f 2163/2163/2163 2164/2164/2164 2161/2161/2161
f 2165/2165/2165 2158/2158/2158 2156/2156/2156
f 2161/2161/2161 2165/2165/2165 2156/2156/2156
f 2161/2161/2161 2164/2164/2164 2165/2165/2165
f 2165/2165/2165 2160/2160/2160 2158/2158/2158
f 2164/2164/2164 2166/2166/2166 2165/2165/2165
f 2165/2165/2165 2166/2166/2166 2160/2160/2160
f 2166/2166/2166 2167/2167/2167 2160/2160/2160
f 2170/2170/2170 2169/2169/2169 2168/2168/2168
f 2168/2168/2168 2169/2169/2169 2171/2171/2171
f 2169/2169/2169 2172/2172/2172 2171/2171/2171
f 2171/2171/2171 2172/2172/2172 2173/2173/2173
f 2172/2172/2172 2174/2174/2174 2173/2173/2173
f 2171/2171/2171 2173/2173/2173 2175/2175/2175
f 2176/2176/2176 2171/2171/2171 2175/2175/2175
f 2168/2168/2168 2171/2171/2171 2176/2176/2176
f 2176/2176/2176 2175/2175/2175 2177/2177/2177
f 2178/2178/2178 2168/2168/2168 2176/2176/2176
f 2179/2179/2179 2168/2168/2168 2178/2178/2178
f 2180/2180/2180 2179/2179/2179 2178/2178/2178
f 2181/2181/2181 2176/2176/2176 2177/2177/2177
f 2178/2178/2178 2176/2176/2176 2181/2181/2181
f 2181/2181/2181 2177/2177/2177 2182/2182/2182
f 2180/2180/2180 2178/2178/2178 2183/2183/2183
f 2183/2183/2183 2178/2178/2178 2181/2181/2181
f 2184/2184/2184 2180/2180/2180 2183/2183/2183
f 2185/2185/2185 2181/2181/2181 2182/2182/2182
f 2183/2183/2183 2181/2181/2181 2185/2185/2185
f 2185/2185/2185 2182/2182/2182 2186/2186/2186
f 2184/2184/2184 2183/2183/2183 2187/2187/2187
f 2187/2187/2187 2183/2183/2183 2185/2185/2185
f 2188/2188/2188 2184/2184/2184 2187/2187/2187
f 2189/2189/2189 2185/2185/2185 2186/2186/2186
f 2187/2187/2187 2185/2185/2185 2189/2189/2189
f 2188/2188/2188 2187/2187/2187 2190/2190/2190
f 2190/2190/2190 2187/2187/2187 2189/2189/2189
f 2191/2191/2191 2188/2188/2188 2190/2190/2190
f 2192/2192/2192 2191/2191/2191 2190/2190/2190
f 2193/2193/2193 2192/2192/2192 2190/2190/2190
f 2193/2193/2193 2190/2190/2190 2189/2189/2189
f 2193/2193/2193 2194/2194/2194 2192/2192/2192
f 2195/2195/2195 2194/2194/2194 2193/2193/2193
f 2196/2196/2196 2189/2189/2189 2186/2186/2186
f 2196/2196/2196 2193/2193/2193 2189/2189/2189
f 2196/2196/2196 2195/2195/2195 2193/2193/2193
f 2197/2197/2197 2196/2196/2196 2186/2186/2186
f 2198/2198/2198 2195/2195/2195 2196/2196/2196
f 2197/2197/2197 2198/2198/2198 2196/2196/2196
f 2201/2201/2201 2200/2200/2200 2199/2199/2199
f 2200/2200/2200 2202/2202/2202 2199/2199/2199
f 2200/2200/2200 2203/2203/2203 2202/2202/2202
f 2199/2199/2199 2202/2202/2202 2204/2204/2204
f 2205/2205/2205 2199/2199/2199 2204/2204/2204
f 2203/2203/2203 2206/2206/2206 2202/2202/2202
f 2203/2203/2203 2207/2207/2207 2206/2206/2206
f 2207/2207/2207 2208/2208/2208 2206/2206/2206
f 2202/2202/2202 2206/2206/2206 2209/2209/2209
f 2202/2202/2202 2209/2209/2209 2204/2204/2204
f 2206/2206/2206 2208/2208/2208 2210/2210/2210
f 2206/2206/2206 2210/2210/2210 2209/2209/2209
f 2208/2208/2208 2211/2211/2211 2210/2210/2210
f 2208/2208/2208 2212/2212/2212 2211/2211/2211
f 2209/2209/2209 2210/2210/2210 2213/2213/2213
f 2210/2210/2210 2214/2214/2214 2213/2213/2213
f 2210/2210/2210 2211/2211/2211 2214/2214/2214
f 2209/2209/2209 2213/2213/2213 2215/2215/2215
f 2204/2204/2204 2209/2209/2209 2215/2215/2215
f 2211/2211/2211 2216/2216/2216 2214/2214/2214
f 2217/2217/2217 2204/2204/2204 2215/2215/2215
f 2217/2217/2217 2205/2205/2205 2204/2204/2204
f 2218/2218/2218 2217/2217/2217 2215/2215/2215
f 2218/2218/2218 2219/2219/2219 2217/2217/2217
f 2219/2219/2219 2220/2220/2220 2217/2217/2217
f 2217/2217/2217 2220/2220/2220 2205/2205/2205
f 2220/2220/2220 2221/2221/2221 2205/2205/2205
f 2211/2211/2211 2222/2222/2222 2216/2216/2216
f 2222/2222/2222 2223/2223/2223 2216/2216/2216
f 2212/2212/2212 2222/2222/2222 2211/2211/2211
f 2222/2222/2222 2224/2224/2224 2223/2223/2223
f 2224/2224/2224 2225/2225/2225 2223/2223/2223
f 2226/2226/2226 2224/2224/2224 2222/2222/2222
f 2212/2212/2212 2226/2226/2226 2222/2222/2222
f 2227/2227/2227 2226/2226/2226 2212/2212/2212
f 2228/2228/2228 2227/2227/2227 2212/2212/2212
f 2231/2231/2231 2230/2230/2230 2229/2229/2229
f 2232/2232/2232 2231/2231/2231 2229/2229/2229
f 2232/2232/2232 2229/2229/2229 2233/2233/2233
f 2234/2234/2234 2232/2232/2232 2233/2233/2233
f 2233/2233/2233 2229/2229/2229 2235/2235/2235
f 2229/2229/2229 2236/2236/2236 2235/2235/2235
f 2234/2234/2234 2233/2233/2233 2237/2237/2237
f 2238/2238/2238 2234/2234/2234 2237/2237/2237
f 2238/2238/2238 2237/2237/2237 2239/2239/2239
f 2240/2240/2240 2238/2238/2238 2239/2239/2239
f 2240/2240/2240 2239/2239/2239 2241/2241/2241
f 2242/2242/2242 2240/2240/2240 2241/2241/2241
f 2243/2243/2243 2242/2242/2242 2241/2241/2241
f 2244/2244/2244 2243/2243/2243 2241/2241/2241
f 2244/2244/2244 2241/2241/2241 2245/2245/2245
f 2246/2246/2246 2244/2244/2244 2245/2245/2245
f 2246/2246/2246 2247/2247/2247 2244/2244/2244
f 2247/2247/2247 2248/2248/2248 2244/2244/2244
f 2244/2244/2244 2248/2248/2248 2243/2243/2243
f 2248/2248/2248 2249/2249/2249 2243/2243/2243
f 2252/2252/2252 2251/2251/2251 2250/2250/2250
f 2253/2253/2253 2252/2252/2252 2250/2250/2250
f 2254/2254/2254 2252/2252/2252 2253/2253/2253
f 2253/2253/2253 2250/2250/2250 2255/2255/2255
f 2256/2256/2256 2254/2254/2254 2253/2253/2253
f 2257/2257/2257 2253/2253/2253 2255/2255/2255
f 2256/2256/2256 2253/2253/2253 2257/2257/2257
f 2257/2257/2257 2255/2255/2255 2258/2258/2258
f 2259/2259/2259 2256/2256/2256 2257/2257/2257
f 2260/2260/2260 2256/2256/2256 2259/2259/2259
f 2261/2261/2261 2257/2257/2257 2258/2258/2258
f 2259/2259/2259 2257/2257/2257 2261/2261/2261
f 2261/2261/2261 2258/2258/2258 2262/2262/2262
f 2263/2263/2263 2260/2260/2260 2259/2259/2259
f 2264/2264/2264 2260/2260/2260 2263/2263/2263
f 2265/2265/2265 2261/2261/2261 2262/2262/2262
f 2265/2265/2265 2262/2262/2262 2266/2266/2266
f 2267/2267/2267 2259/2259/2259 2261/2261/2261
f 2263/2263/2263 2259/2259/2259 2267/2267/2267
f 2267/2267/2267 2261/2261/2261 2265/2265/2265
f 2268/2268/2268 2264/2264/2264 2263/2263/2263
f 2269/2269/2269 2264/2264/2264 2268/2268/2268
f 2270/2270/2270 2269/2269/2269 2268/2268/2268
f 2271/2271/2271 2263/2263/2263 2267/2267/2267
f 2268/2268/2268 2263/2263/2263 2271/2271/2271
f 2270/2270/2270 2268/2268/2268 2272/2272/2272
f 2272/2272/2272 2268/2268/2268 2271/2271/2271
f 2273/2273/2273 2270/2270/2270 2272/2272/2272
f 2274/2274/2274 2267/2267/2267 2265/2265/2265
f 2271/2271/2271 2267/2267/2267 2274/2274/2274
f 2275/2275/2275 2265/2265/2265 2266/2266/2266
f 2274/2274/2274 2265/2265/2265 2275/2275/2275
f 2272/2272/2272 2271/2271/2271 2276/2276/2276
f 2276/2276/2276 2271/2271/2271 2274/2274/2274
f 2273/2273/2273 2272/2272/2272 2277/2277/2277
f 2277/2277/2277 2272/2272/2272 2276/2276/2276
f 2278/2278/2278 2273/2273/2273 2277/2277/2277
f 2278/2278/2278 2277/2277/2277 2279/2279/2279
f 2279/2279/2279 2277/2277/2277 2280/2280/2280
f 2277/2277/2277 2276/2276/2276 2280/2280/2280
f 2281/2281/2281 2279/2279/2279 2280/2280/2280
f 2276/2276/2276 2274/2274/2274 2282/2282/2282
f 2280/2280/2280 2276/2276/2276 2282/2282/2282
f 2282/2282/2282 2274/2274/2274 2275/2275/2275
f 2283/2283/2283 2275/2275/2275 2266/2266/2266
f 2284/2284/2284 2283/2283/2283 2266/2266/2266
f 2284/2284/2284 2285/2285/2285 2283/2283/2283
f 2285/2285/2285 2286/2286/2286 2283/2283/2283
f 2283/2283/2283 2287/2287/2287 2275/2275/2275
f 2283/2283/2283 2286/2286/2286 2287/2287/2287
f 2287/2287/2287 2282/2282/2282 2275/2275/2275
f 2286/2286/2286 2288/2288/2288 2287/2287/2287
f 2289/2289/2289 2280/2280/2280 2282/2282/2282
f 2287/2287/2287 2289/2289/2289 2282/2282/2282
f 2287/2287/2287 2288/2288/2288 2289/2289/2289
f 2289/2289/2289 2281/2281/2281 2280/2280/2280
f 2288/2288/2288 2290/2290/2290 2289/2289/2289
f 2289/2289/2289 2290/2290/2290 2281/2281/2281
f 2290/2290/2290 2291/2291/2291 2281/2281/2281
f 2294/2294/2294 2293/2293/2293 2292/2292/2292
f 2293/2293/2293 2295/2295/2295 2292/2292/2292
f 2292/2292/2292 2295/2295/2295 2296/2296/2296
f 2295/2295/2295 2297/2297/2297 2296/2296/2296
f 2293/2293/2293 2298/2298/2298 2295/2295/2295
f 2299/2299/2299 2298/2298/2298 2293/2293/2293
f 2295/2295/2295 2300/2300/2300 2297/2297/2297
f 2298/2298/2298 2300/2300/2300 2295/2295/2295
f 2300/2300/2300 2301/2301/2301 2297/2297/2297
f 2297/2297/2297 2301/2301/2301 2302/2302/2302
f 2301/2301/2301 2303/2303/2303 2302/2302/2302
f 2300/2300/2300 2304/2304/2304 2301/2301/2301
f 2304/2304/2304 2305/2305/2305 2301/2301/2301
f 2306/2306/2306 2304/2304/2304 2300/2300/2300
f 2298/2298/2298 2306/2306/2306 2300/2300/2300
f 2307/2307/2307 2306/2306/2306 2298/2298/2298
f 2299/2299/2299 2307/2307/2307 2298/2298/2298
f 2308/2308/2308 2307/2307/2307 2299/2299/2299
f 2309/2309/2309 2308/2308/2308 2299/2299/2299
f 2312/2312/2312 2311/2311/2311 2310/2310/2310
f 2311/2311/2311 2313/2313/2313 2310/2310/2310
f 2311/2311/2311 2314/2314/2314 2313/2313/2313
f 2315/2315/2315 2314/2314/2314 2311/2311/2311
f 2314/2314/2314 2316/2316/2316 2313/2313/2313
f 2310/2310/2310 2313/2313/2313 2317/2317/2317
f 2310/2310/2310 2317/2317/2317 2318/2318/2318
f 2313/2313/2313 2316/2316/2316 2319/2319/2319
f 2313/2313/2313 2319/2319/2319 2317/2317/2317
f 2316/2316/2316 2320/2320/2320 2319/2319/2319
f 2319/2319/2319 2320/2320/2320 2321/2321/2321
f 2320/2320/2320 2322/2322/2322 2321/2321/2321
f 2317/2317/2317 2319/2319/2319 2323/2323/2323
f 2319/2319/2319 2321/2321/2321 2323/2323/2323
f 2323/2323/2323 2321/2321/2321 2324/2324/2324
f 2321/2321/2321 2325/2325/2325 2324/2324/2324
f 2317/2317/2317 2323/2323/2323 2326/2326/2326
f 2318/2318/2318 2317/2317/2317 2326/2326/2326
f 2318/2318/2318 2326/2326/2326 2327/2327/2327
f 2328/2328/2328 2318/2318/2318 2327/2327/2327
f 2328/2328/2328 2327/2327/2327 2329/2329/2329
f 2330/2330/2330 2328/2328/2328 2329/2329/2329
f 2330/2330/2330 2329/2329/2329 2331/2331/2331
f 2332/2332/2332 2330/2330/2330 2331/2331/2331
f 2333/2333/2333 2330/2330/2330 2332/2332/2332
f 2334/2334/2334 2333/2333/2333 2332/2332/2332
f 2332/2332/2332 2331/2331/2331 2335/2335/2335
f 2334/2334/2334 2332/2332/2332 2336/2336/2336
f 2336/2336/2336 2332/2332/2332 2335/2335/2335
f 2337/2337/2337 2334/2334/2334 2336/2336/2336
f 2338/2338/2338 2337/2337/2337 2336/2336/2336
f 2339/2339/2339 2336/2336/2336 2335/2335/2335
f 2339/2339/2339 2338/2338/2338 2336/2336/2336
f 2340/2340/2340 2339/2339/2339 2335/2335/2335
f 2340/2340/2340 2341/2341/2341 2339/2339/2339
f 2341/2341/2341 2342/2342/2342 2339/2339/2339
f 2339/2339/2339 2342/2342/2342 2338/2338/2338
f 2342/2342/2342 2343/2343/2343 2338/2338/2338
f 2346/2346/2346 2345/2345/2345 2344/2344/2344
f 2346/2346/2346 2347/2347/2347 2345/2345/2345
f 2350/2350/2350 2349/2349/2349 2348/2348/2348
f 2349/2349/2349 2351/2351/2351 2348/2348/2348
f 2348/2348/2348 2351/2351/2351 2352/2352/2352
f 2351/2351/2351 2353/2353/2353 2352/2352/2352
f 2356/2356/2356 2355/2355/2355 2354/2354/2354
f 2357/2357/2357 2355/2355/2355 2356/2356/2356
f 2357/2357/2357 2358/2358/2358 2355/2355/2355
f 2358/2358/2358 2359/2359/2359 2355/2355/2355
f 2358/2358/2358 2360/2360/2360 2359/2359/2359
f 2360/2360/2360 2361/2361/2361 2359/2359/2359
f 2360/2360/2360 2362/2362/2362 2361/2361/2361
f 2362/2362/2362 2363/2363/2363 2361/2361/2361
f 2362/2362/2362 2364/2364/2364 2363/2363/2363
f 2364/2364/2364 2365/2365/2365 2363/2363/2363
f 2364/2364/2364 2366/2366/2366 2365/2365/2365
f 2366/2366/2366 2364/2364/2364 2367/2367/2367
f 2366/2366/2366 2368/2368/2368 2365/2365/2365
f 2369/2369/2369 2366/2366/2366 2367/2367/2367
f 2366/2366/2366 2370/2370/2370 2368/2368/2368
f 2370/2370/2370 2366/2366/2366 2369/2369/2369
f 2371/2371/2371 2370/2370/2370 2369/2369/2369
f 2370/2370/2370 2372/2372/2372 2368/2368/2368
f 2370/2370/2370 2373/2373/2373 2372/2372/2372
f 2373/2373/2373 2374/2374/2374 2372/2372/2372
f 2373/2373/2373 2375/2375/2375 2374/2374/2374
f 2378/2378/2378 2377/2377/2377 2376/2376/2376
f 2377/2377/2377 2379/2379/2379 2376/2376/2376
f 2376/2376/2376 2379/2379/2379 2380/2380/2380
f 2376/2376/2376 2380/2380/2380 2381/2381/2381
f 2382/2382/2382 2376/2376/2376 2381/2381/2381
f 2381/2381/2381 2380/2380/2380 2383/2383/2383
f 2380/2380/2380 2384/2384/2384 2383/2383/2383
f 2383/2383/2383 2384/2384/2384 2385/2385/2385
f 2383/2383/2383 2385/2385/2385 2386/2386/2386
f 2387/2387/2387 2383/2383/2383 2386/2386/2386
f 2381/2381/2381 2383/2383/2383 2387/2387/2387
f 2387/2387/2387 2386/2386/2386 2388/2388/2388
f 2389/2389/2389 2387/2387/2387 2388/2388/2388
f 2382/2382/2382 2381/2381/2381 2390/2390/2390
f 2390/2390/2390 2381/2381/2381 2387/2387/2387
f 2390/2390/2390 2387/2387/2387 2389/2389/2389
f 2391/2391/2391 2382/2382/2382 2390/2390/2390
f 2392/2392/2392 2390/2390/2390 2389/2389/2389
f 2391/2391/2391 2390/2390/2390 2392/2392/2392
f 2392/2392/2392 2389/2389/2389 2393/2393/2393
f 2394/2394/2394 2391/2391/2391 2392/2392/2392
f 2395/2395/2395 2392/2392/2392 2393/2393/2393
f 2394/2394/2394 2392/2392/2392 2395/2395/2395
f 2396/2396/2396 2394/2394/2394 2395/2395/2395
f 2395/2395/2395 2393/2393/2393 2397/2397/2397
f 2396/2396/2396 2395/2395/2395 2398/2398/2398
f 2398/2398/2398 2395/2395/2395 2397/2397/2397
f 2399/2399/2399 2396/2396/2396 2398/2398/2398
f 2400/2400/2400 2399/2399/2399 2398/2398/2398
f 2401/2401/2401 2398/2398/2398 2397/2397/2397
f 2401/2401/2401 2400/2400/2400 2398/2398/2398
f 2402/2402/2402 2401/2401/2401 2397/2397/2397
f 2402/2402/2402 2403/2403/2403 2401/2401/2401
f 2403/2403/2403 2404/2404/2404 2401/2401/2401
f 2401/2401/2401 2404/2404/2404 2400/2400/2400
f 2404/2404/2404 2405/2405/2405 2400/2400/2400
f 2408/2408/2408 2407/2407/2407 2406/2406/2406
f 2407/2407/2407 2356/2356/2356 2406/2406/2406
f 2409/2409/2409 2356/2356/2356 2407/2407/2407
f 2409/2409/2409 2357/2357/2357 2356/2356/2356
f 2357/2357/2357 2409/2409/2409 2410/2410/2410
f 2411/2411/2411 2357/2357/2357 2410/2410/2410
f 2410/2410/2410 2409/2409/2409 2412/2412/2412
f 2409/2409/2409 2413/2413/2413 2412/2412/2412
f 2413/2413/2413 2409/2409/2409 2407/2407/2407
f 2413/2413/2413 2407/2407/2407 2414/2414/2414
f 2415/2415/2415 2413/2413/2413 2414/2414/2414
f 2414/2414/2414 2416/2416/2416 2415/2415/2415
f 2419/2419/2419 2418/2418/2418 2417/2417/2417
f 2420/2420/2420 2419/2419/2419 2417/2417/2417
f 2423/2423/2423 2422/2422/2422 2421/2421/2421
f 2424/2424/2424 2422/2422/2422 2423/2423/2423
f 2425/2425/2425 2424/2424/2424 2423/2423/2423
f 2424/2424/2424 2426/2426/2426 2422/2422/2422
f 2426/2426/2426 2427/2427/2427 2422/2422/2422
f 2428/2428/2428 2426/2426/2426 2424/2424/2424
f 2429/2429/2429 2424/2424/2424 2425/2425/2425
f 2429/2429/2429 2428/2428/2428 2424/2424/2424
f 2430/2430/2430 2429/2429/2429 2425/2425/2425
f 2431/2431/2431 2428/2428/2428 2429/2429/2429
f 2432/2432/2432 2429/2429/2429 2430/2430/2430
f 2432/2432/2432 2431/2431/2431 2429/2429/2429
f 2433/2433/2433 2431/2431/2431 2432/2432/2432
f 2434/2434/2434 2432/2432/2432 2430/2430/2430
f 2435/2435/2435 2433/2433/2433 2432/2432/2432
f 2435/2435/2435 2432/2432/2432 2434/2434/2434
f 2436/2436/2436 2435/2435/2435 2434/2434/2434
f 2437/2437/2437 2435/2435/2435 2436/2436/2436
f 2438/2438/2438 2437/2437/2437 2436/2436/2436
f 2441/2441/2441 2440/2440/2440 2439/2439/2439
f 2442/2442/2442 2441/2441/2441 2439/2439/2439
f 2443/2443/2443 2441/2441/2441 2442/2442/2442
f 2442/2442/2442 2439/2439/2439 2444/2444/2444
f 2439/2439/2439 2445/2445/2445 2444/2444/2444
f 2445/2445/2445 2446/2446/2446 2444/2444/2444
f 2447/2447/2447 2443/2443/2443 2442/2442/2442
f 2448/2448/2448 2443/2443/2443 2447/2447/2447
f 2446/2446/2446 2449/2449/2449 2444/2444/2444
f 2446/2446/2446 2450/2450/2450 2449/2449/2449
f 2442/2442/2442 2444/2444/2444 2451/2451/2451
f 2447/2447/2447 2442/2442/2442 2451/2451/2451
f 2444/2444/2444 2449/2449/2449 2451/2451/2451
f 2452/2452/2452 2448/2448/2448 2447/2447/2447
f 2453/2453/2453 2448/2448/2448 2452/2452/2452
f 2454/2454/2454 2453/2453/2453 2452/2452/2452
f 2454/2454/2454 2452/2452/2452 2455/2455/2455
f 2452/2452/2452 2447/2447/2447 2456/2456/2456
f 2452/2452/2452 2456/2456/2456 2455/2455/2455
f 2447/2447/2447 2451/2451/2451 2456/2456/2456
f 2456/2456/2456 2457/2457/2457 2455/2455/2455
f 2451/2451/2451 2458/2458/2458 2456/2456/2456
f 2449/2449/2449 2458/2458/2458 2451/2451/2451
f 2458/2458/2458 2457/2457/2457 2456/2456/2456
f 2450/2450/2450 2459/2459/2459 2449/2449/2449
f 2449/2449/2449 2459/2459/2459 2458/2458/2458
f 2450/2450/2450 2460/2460/2460 2459/2459/2459
f 2458/2458/2458 2461/2461/2461 2457/2457/2457
f 2459/2459/2459 2461/2461/2461 2458/2458/2458
f 2461/2461/2461 2462/2462/2462 2457/2457/2457
f 2460/2460/2460 2463/2463/2463 2459/2459/2459
f 2459/2459/2459 2463/2463/2463 2461/2461/2461
f 2460/2460/2460 2464/2464/2464 2463/2463/2463
f 2461/2461/2461 2465/2465/2465 2462/2462/2462
f 2463/2463/2463 2465/2465/2465 2461/2461/2461
f 2465/2465/2465 2466/2466/2466 2462/2462/2462
f 2464/2464/2464 2467/2467/2467 2463/2463/2463
f 2463/2463/2463 2467/2467/2467 2465/2465/2465
f 2464/2464/2464 2468/2468/2468 2467/2467/2467
f 2468/2468/2468 2469/2469/2469 2467/2467/2467
f 2465/2465/2465 2470/2470/2470 2466/2466/2466
f 2467/2467/2467 2470/2470/2470 2465/2465/2465
f 2467/2467/2467 2469/2469/2469 2470/2470/2470
f 2470/2470/2470 2471/2471/2471 2466/2466/2466
f 2469/2469/2469 2472/2472/2472 2470/2470/2470
f 2470/2470/2470 2472/2472/2472 2471/2471/2471
f 2469/2469/2469 2473/2473/2473 2472/2472/2472
f 2473/2473/2473 2474/2474/2474 2472/2472/2472
f 2472/2472/2472 2475/2475/2475 2471/2471/2471
f 2472/2472/2472 2474/2474/2474 2475/2475/2475
f 2471/2471/2471 2475/2475/2475 2476/2476/2476
f 2474/2474/2474 2477/2477/2477 2475/2475/2475
f 2475/2475/2475 2478/2478/2478 2476/2476/2476
f 2475/2475/2475 2477/2477/2477 2478/2478/2478
f 2481/2481/2481 2480/2480/2480 2479/2479/2479
f 2479/2479/2479 2480/2480/2480 2482/2482/2482
f 2480/2480/2480 2483/2483/2483 2482/2482/2482
f 2479/2479/2479 2482/2482/2482 2484/2484/2484
f 2485/2485/2485 2479/2479/2479 2484/2484/2484
f 2482/2482/2482 2483/2483/2483 2486/2486/2486
f 2483/2483/2483 2487/2487/2487 2486/2486/2486
f 2486/2486/2486 2487/2487/2487 2488/2488/2488
f 2487/2487/2487 2489/2489/2489 2488/2488/2488
f 2486/2486/2486 2488/2488/2488 2490/2490/2490
f 2482/2482/2482 2486/2486/2486 2491/2491/2491
f 2491/2491/2491 2486/2486/2486 2490/2490/2490
f 2484/2484/2484 2482/2482/2482 2491/2491/2491
f 2491/2491/2491 2490/2490/2490 2492/2492/2492
f 2485/2485/2485 2484/2484/2484 2493/2493/2493
f 2494/2494/2494 2485/2485/2485 2493/2493/2493
f 2495/2495/2495 2494/2494/2494 2493/2493/2493
f 2496/2496/2496 2495/2495/2495 2493/2493/2493
f 2484/2484/2484 2491/2491/2491 2497/2497/2497
f 2493/2493/2493 2484/2484/2484 2497/2497/2497
f 2497/2497/2497 2491/2491/2491 2492/2492/2492
f 2496/2496/2496 2493/2493/2493 2497/2497/2497
f 2498/2498/2498 2497/2497/2497 2492/2492/2492
f 2498/2498/2498 2496/2496/2496 2497/2497/2497
f 2499/2499/2499 2498/2498/2498 2492/2492/2492
f 2500/2500/2500 2496/2496/2496 2498/2498/2498
f 2501/2501/2501 2500/2500/2500 2498/2498/2498
f 2502/2502/2502 2500/2500/2500 2501/2501/2501
f 2503/2503/2503 2502/2502/2502 2501/2501/2501
f 2504/2504/2504 2502/2502/2502 2503/2503/2503
f 2505/2505/2505 2504/2504/2504 2503/2503/2503
f 2508/2508/2508 2507/2507/2507 2506/2506/2506
f 2507/2507/2507 2509/2509/2509 2506/2506/2506
f 2507/2507/2507 2510/2510/2510 2509/2509/2509
f 2511/2511/2511 2510/2510/2510 2507/2507/2507
f 2512/2512/2512 2511/2511/2511 2507/2507/2507
f 2515/2515/2515 2514/2514/2514 2513/2513/2513
f 2516/2516/2516 2515/2515/2515 2513/2513/2513
f 2517/2517/2517 2516/2516/2516 2513/2513/2513
f 2518/2518/2518 2517/2517/2517 2513/2513/2513
f 2519/2519/2519 2517/2517/2517 2518/2518/2518
f 2519/2519/2519 2520/2520/2520 2517/2517/2517
f 2517/2517/2517 2521/2521/2521 2516/2516/2516
f 2520/2520/2520 2521/2521/2521 2517/2517/2517
f 2522/2522/2522 2520/2520/2520 2519/2519/2519
f 2523/2523/2523 2522/2522/2522 2519/2519/2519
f 2522/2522/2522 2524/2524/2524 2520/2520/2520
f 2524/2524/2524 2525/2525/2525 2520/2520/2520
f 2520/2520/2520 2525/2525/2525 2521/2521/2521
f 2526/2526/2526 2522/2522/2522 2523/2523/2523
f 2527/2527/2527 2526/2526/2526 2523/2523/2523
f 2526/2526/2526 2528/2528/2528 2522/2522/2522
f 2525/2525/2525 2529/2529/2529 2521/2521/2521
f 2525/2525/2525 2530/2530/2530 2529/2529/2529
f 2530/2530/2530 2531/2531/2531 2529/2529/2529
f 2521/2521/2521 2532/2532/2532 2516/2516/2516
f 2521/2521/2521 2529/2529/2529 2532/2532/2532
f 2529/2529/2529 2531/2531/2531 2533/2533/2533
f 2529/2529/2529 2533/2533/2533 2532/2532/2532
f 2531/2531/2531 2534/2534/2534 2533/2533/2533
f 2534/2534/2534 2535/2535/2535 2533/2533/2533
f 2535/2535/2535 2536/2536/2536 2533/2533/2533
f 2533/2533/2533 2536/2536/2536 2532/2532/2532
f 2535/2535/2535 2537/2537/2537 2536/2536/2536
f 2532/2532/2532 2538/2538/2538 2516/2516/2516
f 2536/2536/2536 2538/2538/2538 2532/2532/2532
f 2538/2538/2538 2515/2515/2515 2516/2516/2516
f 2537/2537/2537 2539/2539/2539 2536/2536/2536
f 2536/2536/2536 2539/2539/2539 2538/2538/2538
f 2537/2537/2537 2540/2540/2540 2539/2539/2539
f 2540/2540/2540 2541/2541/2541 2539/2539/2539
f 2539/2539/2539 2541/2541/2541 2542/2542/2542
f 2539/2539/2539 2542/2542/2542 2538/2538/2538
f 2538/2538/2538 2542/2542/2542 2515/2515/2515
f 2542/2542/2542 2543/2543/2543 2515/2515/2515
f 2546/2546/2546 2545/2545/2545 2544/2544/2544
f 2547/2547/2547 2546/2546/2546 2544/2544/2544
f 2548/2548/2548 2546/2546/2546 2547/2547/2547
f 2549/2549/2549 2548/2548/2548 2547/2547/2547
f 2549/2549/2549 2547/2547/2547 2550/2550/2550
f 2551/2551/2551 2549/2549/2549 2550/2550/2550
f 2550/2550/2550 2547/2547/2547 2552/2552/2552
f 2547/2547/2547 2544/2544/2544 2552/2552/2552
f 2550/2550/2550 2552/2552/2552 2553/2553/2553
f 2553/2553/2553 2552/2552/2552 2554/2554/2554
f 2552/2552/2552 2544/2544/2544 2555/2555/2555
f 2552/2552/2552 2555/2555/2555 2554/2554/2554
f 2544/2544/2544 2556/2556/2556 2555/2555/2555
f 2556/2556/2556 2557/2557/2557 2555/2555/2555
f 2555/2555/2555 2558/2558/2558 2554/2554/2554
f 2557/2557/2557 2558/2558/2558 2555/2555/2555
f 2557/2557/2557 2559/2559/2559 2558/2558/2558
f 2558/2558/2558 2560/2560/2560 2554/2554/2554
f 2559/2559/2559 2561/2561/2561 2558/2558/2558
f 2558/2558/2558 2561/2561/2561 2560/2560/2560
f 2561/2561/2561 2562/2562/2562 2560/2560/2560
f 2565/2565/2565 2564/2564/2564 2563/2563/2563
f 2566/2566/2566 2565/2565/2565 2563/2563/2563
f 2566/2566/2566 2563/2563/2563 2567/2567/2567
f 2568/2568/2568 2566/2566/2566 2567/2567/2567
f 2568/2568/2568 2567/2567/2567 2569/2569/2569
f 2570/2570/2570 2568/2568/2568 2569/2569/2569
f 2569/2569/2569 2567/2567/2567 2571/2571/2571
f 2567/2567/2567 2572/2572/2572 2571/2571/2571
f 2571/2571/2571 2572/2572/2572 2573/2573/2573
f 2570/2570/2570 2569/2569/2569 2574/2574/2574
f 2575/2575/2575 2570/2570/2570 2574/2574/2574
f 2569/2569/2569 2571/2571/2571 2576/2576/2576
f 2574/2574/2574 2569/2569/2569 2576/2576/2576
f 2575/2575/2575 2574/2574/2574 2577/2577/2577
f 2578/2578/2578 2575/2575/2575 2577/2577/2577
f 2577/2577/2577 2574/2574/2574 2579/2579/2579
f 2574/2574/2574 2576/2576/2576 2579/2579/2579
f 2579/2579/2579 2576/2576/2576 2580/2580/2580
f 2576/2576/2576 2581/2581/2581 2580/2580/2580
f 2576/2576/2576 2571/2571/2571 2581/2581/2581
f 2571/2571/2571 2573/2573/2573 2581/2581/2581
f 2581/2581/2581 2573/2573/2573 2582/2582/2582
f 2573/2573/2573 2583/2583/2583 2582/2582/2582
f 2583/2583/2583 2584/2584/2584 2582/2582/2582
f 2584/2584/2584 2585/2585/2585 2582/2582/2582
f 2584/2584/2584 2586/2586/2586 2585/2585/2585
f 2586/2586/2586 2587/2587/2587 2585/2585/2585
f 2590/2590/2590 2589/2589/2589 2588/2588/2588
f 2589/2589/2589 2591/2591/2591 2588/2588/2588
f 2589/2589/2589 2592/2592/2592 2591/2591/2591
f 2588/2588/2588 2591/2591/2591 2593/2593/2593
f 2592/2592/2592 2594/2594/2594 2591/2591/2591
f 2591/2591/2591 2595/2595/2595 2593/2593/2593
f 2591/2591/2591 2594/2594/2594 2595/2595/2595
f 2593/2593/2593 2595/2595/2595 2596/2596/2596
f 2594/2594/2594 2597/2597/2597 2595/2595/2595
f 2595/2595/2595 2598/2598/2598 2596/2596/2596
f 2595/2595/2595 2597/2597/2597 2598/2598/2598
f 2601/2601/2601 2600/2600/2600 2599/2599/2599
f 2602/2602/2602 2601/2601/2601 2599/2599/2599
f 2603/2603/2603 2601/2601/2601 2602/2602/2602
f 2604/2604/2604 2603/2603/2603 2602/2602/2602
f 2604/2604/2604 2602/2602/2602 2605/2605/2605
f 2606/2606/2606 2604/2604/2604 2605/2605/2605
f 2609/2609/2609 2608/2608/2608 2607/2607/2607
f 2610/2610/2610 2609/2609/2609 2607/2607/2607
f 2610/2610/2610 2607/2607/2607 2611/2611/2611
f 2612/2612/2612 2609/2609/2609 2610/2610/2610
f 2613/2613/2613 2610/2610/2610 2611/2611/2611
f 2613/2613/2613 2611/2611/2611 2614/2614/2614
f 2615/2615/2615 2612/2612/2612 2610/2610/2610
f 2615/2615/2615 2610/2610/2610 2613/2613/2613
f 2616/2616/2616 2612/2612/2612 2615/2615/2615
f 2617/2617/2617 2616/2616/2616 2615/2615/2615
f 2618/2618/2618 2616/2616/2616 2617/2617/2617
f 2617/2617/2617 2615/2615/2615 2619/2619/2619
f 2619/2619/2619 2615/2615/2615 2613/2613/2613
f 2620/2620/2620 2617/2617/2617 2619/2619/2619
f 2621/2621/2621 2613/2613/2613 2614/2614/2614
f 2619/2619/2619 2613/2613/2613 2621/2621/2621
f 2620/2620/2620 2619/2619/2619 2622/2622/2622
f 2622/2622/2622 2619/2619/2619 2621/2621/2621
f 2623/2623/2623 2620/2620/2620 2622/2622/2622
f 2624/2624/2624 2623/2623/2623 2622/2622/2622
f 2625/2625/2625 2624/2624/2624 2622/2622/2622
f 2625/2625/2625 2622/2622/2622 2621/2621/2621
f 2626/2626/2626 2621/2621/2621 2614/2614/2614
f 2626/2626/2626 2625/2625/2625 2621/2621/2621
f 2627/2627/2627 2626/2626/2626 2614/2614/2614
f 2628/2628/2628 2625/2625/2625 2626/2626/2626
f 2629/2629/2629 2626/2626/2626 2627/2627/2627
f 2629/2629/2629 2628/2628/2628 2626/2626/2626
f 2630/2630/2630 2629/2629/2629 2627/2627/2627
f 2631/2631/2631 2628/2628/2628 2629/2629/2629
f 2634/2634/2634 2633/2633/2633 2632/2632/2632
f 2632/2632/2632 2633/2633/2633 2635/2635/2635
f 2633/2633/2633 2636/2636/2636 2635/2635/2635
f 2636/2636/2636 2637/2637/2637 2635/2635/2635
f 2637/2637/2637 2638/2638/2638 2635/2635/2635
f 2632/2632/2632 2635/2635/2635 2639/2639/2639
f 2635/2635/2635 2638/2638/2638 2639/2639/2639
f 2640/2640/2640 2632/2632/2632 2639/2639/2639
f 2638/2638/2638 2641/2641/2641 2639/2639/2639
f 2638/2638/2638 2642/2642/2642 2641/2641/2641
f 2642/2642/2642 2643/2643/2643 2641/2641/2641
f 2644/2644/2644 2632/2632/2632 2640/2640/2640
f 2645/2645/2645 2644/2644/2644 2640/2640/2640
f 2646/2646/2646 2644/2644/2644 2645/2645/2645
f 2647/2647/2647 2646/2646/2646 2645/2645/2645
f 2647/2647/2647 2645/2645/2645 2648/2648/2648
f 2649/2649/2649 2647/2647/2647 2648/2648/2648
f 2650/2650/2650 2646/2646/2646 2647/2647/2647
f 2650/2650/2650 2651/2651/2651 2646/2646/2646
f 2652/2652/2652 2650/2650/2650 2647/2647/2647
f 2652/2652/2652 2647/2647/2647 2649/2649/2649
f 2653/2653/2653 2652/2652/2652 2649/2649/2649
f 2653/2653/2653 2649/2649/2649 2654/2654/2654
f 2657/2657/2657 2656/2656/2656 2655/2655/2655
f 2658/2658/2658 2656/2656/2656 2657/2657/2657
f 2659/2659/2659 2658/2658/2658 2657/2657/2657
f 2660/2660/2660 2658/2658/2658 2659/2659/2659
f 2660/2660/2660 2661/2661/2661 2658/2658/2658
f 2658/2658/2658 2662/2662/2662 2656/2656/2656
f 2661/2661/2661 2662/2662/2662 2658/2658/2658
f 2662/2662/2662 2663/2663/2663 2656/2656/2656
f 2661/2661/2661 2664/2664/2664 2662/2662/2662
f 2662/2662/2662 2665/2665/2665 2663/2663/2663
f 2664/2664/2664 2665/2665/2665 2662/2662/2662
f 2668/2668/2668 2667/2667/2667 2666/2666/2666
f 2667/2667/2667 2669/2669/2669 2666/2666/2666
f 2666/2666/2666 2669/2669/2669 2670/2670/2670
f 2669/2669/2669 2671/2671/2671 2670/2670/2670
f 2670/2670/2670 2671/2671/2671 2672/2672/2672
f 2671/2671/2671 2673/2673/2673 2672/2672/2672
f 2673/2673/2673 2675/2675/2675 2674/2674/2674
f 2675/2675/2675 2676/2676/2676 2674/2674/2674
f 2676/2676/2676 2677/2677/2677 2674/2674/2674
f 2677/2677/2677 2678/2678/2678 2674/2674/2674
f 2677/2677/2677 2679/2679/2679 2678/2678/2678
f 2679/2679/2679 2680/2680/2680 2678/2678/2678
f 2683/2683/2683 2682/2682/2682 2681/2681/2681
f 2684/2684/2684 2683/2683/2683 2681/2681/2681
f 2685/2685/2685 2683/2683/2683 2684/2684/2684
f 2686/2686/2686 2685/2685/2685 2684/2684/2684
f 2687/2687/2687 2685/2685/2685 2686/2686/2686
f 2688/2688/2688 2687/2687/2687 2686/2686/2686
f 2691/2691/2691 2690/2690/2690 2689/2689/2689
f 2692/2692/2692 2691/2691/2691 2689/2689/2689
f 2693/2693/2693 2691/2691/2691 2692/2692/2692
f 2692/2692/2692 2689/2689/2689 2694/2694/2694
f 2689/2689/2689 2695/2695/2695 2694/2694/2694
f 2696/2696/2696 2693/2693/2693 2692/2692/2692
f 2697/2697/2697 2693/2693/2693 2696/2696/2696
f 2696/2696/2696 2692/2692/2692 2698/2698/2698
f 2698/2698/2698 2692/2692/2692 2694/2694/2694
f 2699/2699/2699 2696/2696/2696 2698/2698/2698
f 2700/2700/2700 2696/2696/2696 2699/2699/2699
f 2698/2698/2698 2694/2694/2694 2701/2701/2701
f 2695/2695/2695 2702/2702/2702 2694/2694/2694
f 2694/2694/2694 2702/2702/2702 2701/2701/2701
f 2699/2699/2699 2698/2698/2698 2703/2703/2703
f 2703/2703/2703 2698/2698/2698 2701/2701/2701
f 2704/2704/2704 2700/2700/2700 2699/2699/2699
f 2705/2705/2705 2699/2699/2699 2703/2703/2703
f 2704/2704/2704 2699/2699/2699 2705/2705/2705
f 2706/2706/2706 2700/2700/2700 2704/2704/2704
f 2706/2706/2706 2707/2707/2707 2700/2700/2700
f 2708/2708/2708 2707/2707/2707 2706/2706/2706
f 2708/2708/2708 2709/2709/2709 2707/2707/2707
f 2710/2710/2710 2708/2708/2708 2706/2706/2706
f 2711/2711/2711 2708/2708/2708 2710/2710/2710
f 2712/2712/2712 2706/2706/2706 2704/2704/2704
f 2710/2710/2710 2706/2706/2706 2712/2712/2712
f 2713/2713/2713 2711/2711/2711 2710/2710/2710
f 2714/2714/2714 2711/2711/2711 2713/2713/2713
f 2713/2713/2713 2710/2710/2710 2715/2715/2715
f 2715/2715/2715 2710/2710/2710 2712/2712/2712
f 2716/2716/2716 2713/2713/2713 2715/2715/2715
f 2712/2712/2712 2704/2704/2704 2717/2717/2717
f 2717/2717/2717 2704/2704/2704 2705/2705/2705
f 2715/2715/2715 2712/2712/2712 2718/2718/2718
f 2718/2718/2718 2712/2712/2712 2717/2717/2717
f 2719/2719/2719 2715/2715/2715 2718/2718/2718
f 2719/2719/2719 2718/2718/2718 2720/2720/2720
f 2721/2721/2721 2719/2719/2719 2720/2720/2720
f 2720/2720/2720 2718/2718/2718 2722/2722/2722
f 2718/2718/2718 2717/2717/2717 2722/2722/2722
f 2722/2722/2722 2717/2717/2717 2723/2723/2723
f 2717/2717/2717 2705/2705/2705 2723/2723/2723
f 2723/2723/2723 2705/2705/2705 2724/2724/2724
f 2705/2705/2705 2703/2703/2703 2724/2724/2724
f 2724/2724/2724 2703/2703/2703 2725/2725/2725
f 2703/2703/2703 2701/2701/2701 2725/2725/2725
f 2701/2701/2701 2726/2726/2726 2725/2725/2725
f 2726/2726/2726 2727/2727/2727 2725/2725/2725
f 2728/2728/2728 2727/2727/2727 2726/2726/2726
f 2729/2729/2729 2728/2728/2728 2726/2726/2726
f 2702/2702/2702 2726/2726/2726 2701/2701/2701
f 2729/2729/2729 2726/2726/2726 2702/2702/2702
f 2730/2730/2730 2729/2729/2729 2702/2702/2702
f 2730/2730/2730 2702/2702/2702 2695/2695/2695
f 2731/2731/2731 2730/2730/2730 2695/2695/2695
f 2731/2731/2731 2695/2695/2695 2732/2732/2732
f 2733/2733/2733 2731/2731/2731 2732/2732/2732
f 2736/2736/2736 2735/2735/2735 2734/2734/2734
f 2737/2737/2737 2735/2735/2735 2736/2736/2736
f 2737/2737/2737 2738/2738/2738 2735/2735/2735
f 2739/2739/2739 2738/2738/2738 2737/2737/2737
f 2739/2739/2739 2740/2740/2740 2738/2738/2738
f 2738/2738/2738 2741/2741/2741 2735/2735/2735
f 2735/2735/2735 2741/2741/2741 2742/2742/2742
f 2740/2740/2740 2743/2743/2743 2738/2738/2738
f 2738/2738/2738 2743/2743/2743 2741/2741/2741
f 2740/2740/2740 2744/2744/2744 2743/2743/2743
f 2741/2741/2741 2745/2745/2745 2742/2742/2742
f 2742/2742/2742 2745/2745/2745 2746/2746/2746
f 2743/2743/2743 2747/2747/2747 2741/2741/2741
f 2741/2741/2741 2747/2747/2747 2745/2745/2745
f 2744/2744/2744 2748/2748/2748 2743/2743/2743
f 2743/2743/2743 2748/2748/2748 2747/2747/2747
f 2744/2744/2744 2749/2749/2749 2748/2748/2748
f 2749/2749/2749 2750/2750/2750 2748/2748/2748
f 2748/2748/2748 2750/2750/2750 2751/2751/2751
f 2748/2748/2748 2751/2751/2751 2747/2747/2747
f 2750/2750/2750 2752/2752/2752 2751/2751/2751
f 2745/2745/2745 2753/2753/2753 2746/2746/2746
f 2746/2746/2746 2753/2753/2753 2754/2754/2754
f 2747/2747/2747 2755/2755/2755 2745/2745/2745
f 2747/2747/2747 2751/2751/2751 2755/2755/2755
f 2745/2745/2745 2755/2755/2755 2753/2753/2753
f 2751/2751/2751 2752/2752/2752 2756/2756/2756
f 2751/2751/2751 2756/2756/2756 2755/2755/2755
f 2752/2752/2752 2757/2757/2757 2756/2756/2756
f 2755/2755/2755 2758/2758/2758 2753/2753/2753
f 2755/2755/2755 2756/2756/2756 2758/2758/2758
f 2756/2756/2756 2757/2757/2757 2759/2759/2759
f 2756/2756/2756 2759/2759/2759 2758/2758/2758
f 2757/2757/2757 2760/2760/2760 2759/2759/2759
f 2753/2753/2753 2758/2758/2758 2761/2761/2761
f 2753/2753/2753 2761/2761/2761 2754/2754/2754
f 2758/2758/2758 2759/2759/2759 2762/2762/2762
f 2758/2758/2758 2762/2762/2762 2761/2761/2761
f 2759/2759/2759 2760/2760/2760 2763/2763/2763
f 2759/2759/2759 2763/2763/2763 2762/2762/2762
f 2760/2760/2760 2764/2764/2764 2763/2763/2763
f 2764/2764/2764 2765/2765/2765 2763/2763/2763
f 2763/2763/2763 2766/2766/2766 2762/2762/2762
f 2765/2765/2765 2766/2766/2766 2763/2763/2763
f 2762/2762/2762 2767/2767/2767 2761/2761/2761
f 2766/2766/2766 2767/2767/2767 2762/2762/2762
f 2768/2768/2768 2766/2766/2766 2765/2765/2765
f 2769/2769/2769 2768/2768/2768 2765/2765/2765
f 2768/2768/2768 2770/2770/2770 2766/2766/2766
f 2770/2770/2770 2767/2767/2767 2766/2766/2766
f 2770/2770/2770 2771/2771/2771 2767/2767/2767
f 2767/2767/2767 2772/2772/2772 2761/2761/2761
f 2771/2771/2771 2772/2772/2772 2767/2767/2767
f 2771/2771/2771 2773/2773/2773 2772/2772/2772
f 2761/2761/2761 2772/2772/2772 2754/2754/2754
f 2773/2773/2773 2774/2774/2774 2772/2772/2772
f 2772/2772/2772 2774/2774/2774 2754/2754/2754
f 2754/2754/2754 2774/2774/2774 2775/2775/2775
f 2774/2774/2774 2776/2776/2776 2775/2775/2775
f 2779/2779/2779 2778/2778/2778 2777/2777/2777
f 2780/2780/2780 2779/2779/2779 2777/2777/2777
f 2781/2781/2781 2779/2779/2779 2780/2780/2780
f 2782/2782/2782 2781/2781/2781 2780/2780/2780
f 2782/2782/2782 2780/2780/2780 2783/2783/2783
f 2784/2784/2784 2782/2782/2782 2783/2783/2783
f 2785/2785/2785 2781/2781/2781 2782/2782/2782
f 2785/2785/2785 2786/2786/2786 2781/2781/2781
f 2786/2786/2786 2787/2787/2787 2781/2781/2781
f 2788/2788/2788 2785/2785/2785 2782/2782/2782
f 2788/2788/2788 2782/2782/2782 2784/2784/2784
f 2789/2789/2789 2788/2788/2788 2784/2784/2784
f 2789/2789/2789 2784/2784/2784 2790/2790/2790
f 2791/2791/2791 2788/2788/2788 2789/2789/2789
f 2791/2791/2791 2792/2792/2792 2788/2788/2788
f 2793/2793/2793 2791/2791/2791 2789/2789/2789
f 2794/2794/2794 2789/2789/2789 2790/2790/2790
f 2794/2794/2794 2790/2790/2790 2795/2795/2795
f 2796/2796/2796 2794/2794/2794 2795/2795/2795
f 2796/2796/2796 2795/2795/2795 2797/2797/2797
f 2800/2800/2800 2799/2799/2799 2798/2798/2798
f 2801/2801/2801 2800/2800/2800 2798/2798/2798
f 2801/2801/2801 2798/2798/2798 2802/2802/2802
f 2803/2803/2803 2801/2801/2801 2802/2802/2802
f 2804/2804/2804 2801/2801/2801 2803/2803/2803
f 2805/2805/2805 2804/2804/2804 2803/2803/2803
f 2805/2805/2805 2803/2803/2803 2806/2806/2806
f 2806/2806/2806 2803/2803/2803 2807/2807/2807
f 2808/2808/2808 2805/2805/2805 2806/2806/2806
f 2809/2809/2809 2805/2805/2805 2808/2808/2808
f 2810/2810/2810 2809/2809/2809 2808/2808/2808
f 2810/2810/2810 2808/2808/2808 2811/2811/2811
f 2812/2812/2812 2810/2810/2810 2811/2811/2811
f 2811/2811/2811 2808/2808/2808 2813/2813/2813
f 2808/2808/2808 2806/2806/2806 2813/2813/2813
f 2813/2813/2813 2806/2806/2806 2814/2814/2814
f 2806/2806/2806 2807/2807/2807 2814/2814/2814
f 2814/2814/2814 2807/2807/2807 2815/2815/2815
f 2807/2807/2807 2816/2816/2816 2815/2815/2815
f 2815/2815/2815 2816/2816/2816 2817/2817/2817
f 2816/2816/2816 2818/2818/2818 2817/2817/2817
f 2816/2816/2816 2819/2819/2819 2818/2818/2818
f 2819/2819/2819 2820/2820/2820 2818/2818/2818
f 2820/2820/2820 2821/2821/2821 2818/2818/2818
f 2821/2821/2821 2822/2822/2822 2818/2818/2818
f 2818/2818/2818 2822/2822/2822 2817/2817/2817
f 2822/2822/2822 2823/2823/2823 2817/2817/2817
f 2824/2824/2824 2823/2823/2823 2822/2822/2822
f 2825/2825/2825 2824/2824/2824 2822/2822/2822
f 2828/2828/2828 2827/2827/2827 2826/2826/2826
f 2827/2827/2827 2829/2829/2829 2826/2826/2826
f 2827/2827/2827 2830/2830/2830 2829/2829/2829
f 2826/2826/2826 2829/2829/2829 2831/2831/2831
f 2830/2830/2830 2832/2832/2832 2829/2829/2829
f 2829/2829/2829 2833/2833/2833 2831/2831/2831
f 2829/2829/2829 2832/2832/2832 2833/2833/2833
f 2832/2832/2832 2834/2834/2834 2833/2833/2833
f 2831/2831/2831 2833/2833/2833 2835/2835/2835
f 2833/2833/2833 2836/2836/2836 2835/2835/2835
f 2835/2835/2835 2836/2836/2836 2837/2837/2837
f 2836/2836/2836 2838/2838/2838 2837/2837/2837
f 2837/2837/2837 2838/2838/2838 2839/2839/2839
f 2838/2838/2838 2840/2840/2840 2839/2839/2839
f 2838/2838/2838 2841/2841/2841 2840/2840/2840
f 2841/2841/2841 2842/2842/2842 2840/2840/2840
f 2842/2842/2842 2843/2843/2843 2840/2840/2840
f 2843/2843/2843 2844/2844/2844 2840/2840/2840
f 2840/2840/2840 2844/2844/2844 2839/2839/2839
f 2844/2844/2844 2845/2845/2845 2839/2839/2839
f 2846/2846/2846 2845/2845/2845 2844/2844/2844
f 2847/2847/2847 2846/2846/2846 2844/2844/2844
f 2850/2850/2850 2849/2849/2849 2848/2848/2848
f 2848/2848/2848 2849/2849/2849 2851/2851/2851
f 2849/2849/2849 2852/2852/2852 2851/2851/2851
f 2849/2849/2849 2853/2853/2853 2852/2852/2852
f 2853/2853/2853 2854/2854/2854 2852/2852/2852
f 2853/2853/2853 2855/2855/2855 2854/2854/2854
f 2855/2855/2855 2856/2856/2856 2854/2854/2854
f 2852/2852/2852 2854/2854/2854 2857/2857/2857
f 2854/2854/2854 2856/2856/2856 2858/2858/2858
f 2854/2854/2854 2858/2858/2858 2857/2857/2857
f 2856/2856/2856 2859/2859/2859 2858/2858/2858
f 2859/2859/2859 2860/2860/2860 2858/2858/2858
f 2858/2858/2858 2861/2861/2861 2857/2857/2857
f 2860/2860/2860 2861/2861/2861 2858/2858/2858
f 2861/2861/2861 2862/2862/2862 2857/2857/2857
f 2863/2863/2863 2861/2861/2861 2860/2860/2860
f 2864/2864/2864 2863/2863/2863 2860/2860/2860
f 2863/2863/2863 2865/2865/2865 2861/2861/2861
f 2865/2865/2865 2862/2862/2862 2861/2861/2861
f 2865/2865/2865 2866/2866/2866 2862/2862/2862
f 2866/2866/2866 2867/2867/2867 2862/2862/2862
f 2870/2870/2870 2869/2869/2869 2868/2868/2868
f 2869/2869/2869 2871/2871/2871 2868/2868/2868
f 2868/2868/2868 2871/2871/2871 2872/2872/2872
f 2871/2871/2871 2873/2873/2873 2872/2872/2872
f 2869/2869/2869 2874/2874/2874 2871/2871/2871
f 2871/2871/2871 2875/2875/2875 2873/2873/2873
f 2874/2874/2874 2875/2875/2875 2871/2871/2871
f 2876/2876/2876 2874/2874/2874 2869/2869/2869
f 2877/2877/2877 2876/2876/2876 2869/2869/2869
f 2878/2878/2878 2876/2876/2876 2877/2877/2877
f 2879/2879/2879 2878/2878/2878 2877/2877/2877
f 2878/2878/2878 2880/2880/2880 2876/2876/2876
f 2880/2880/2880 2881/2881/2881 2876/2876/2876
f 2876/2876/2876 2881/2881/2881 2874/2874/2874
f 2881/2881/2881 2882/2882/2882 2874/2874/2874
f 2874/2874/2874 2882/2882/2882 2875/2875/2875
f 2881/2881/2881 2883/2883/2883 2882/2882/2882
f 2883/2883/2883 2884/2884/2884 2882/2882/2882
f 2882/2882/2882 2884/2884/2884 2885/2885/2885
f 2882/2882/2882 2885/2885/2885 2875/2875/2875
f 2884/2884/2884 2886/2886/2886 2885/2885/2885
f 2875/2875/2875 2887/2887/2887 2873/2873/2873
f 2875/2875/2875 2885/2885/2885 2887/2887/2887
f 2873/2873/2873 2887/2887/2887 2888/2888/2888
f 2885/2885/2885 2886/2886/2886 2889/2889/2889
f 2885/2885/2885 2889/2889/2889 2887/2887/2887
f 2886/2886/2886 2890/2890/2890 2889/2889/2889
f 2887/2887/2887 2891/2891/2891 2888/2888/2888
f 2887/2887/2887 2889/2889/2889 2891/2891/2891
f 2889/2889/2889 2890/2890/2890 2892/2892/2892
f 2889/2889/2889 2892/2892/2892 2891/2891/2891
f 2890/2890/2890 2893/2893/2893 2892/2892/2892
f 2893/2893/2893 2894/2894/2894 2892/2892/2892
f 2891/2891/2891 2895/2895/2895 2888/2888/2888
f 2895/2895/2895 2896/2896/2896 2888/2888/2888
f 2892/2892/2892 2897/2897/2897 2891/2891/2891
f 2894/2894/2894 2897/2897/2897 2892/2892/2892
f 2897/2897/2897 2895/2895/2895 2891/2891/2891
f 2898/2898/2898 2897/2897/2897 2894/2894/2894
f 2899/2899/2899 2898/2898/2898 2894/2894/2894
f 2898/2898/2898 2900/2900/2900 2897/2897/2897
f 2900/2900/2900 2895/2895/2895 2897/2897/2897
f 2900/2900/2900 2901/2901/2901 2895/2895/2895
f 2901/2901/2901 2896/2896/2896 2895/2895/2895
f 2901/2901/2901 2902/2902/2902 2896/2896/2896
f 2902/2902/2902 2903/2903/2903 2896/2896/2896
f 2906/2906/2906 2905/2905/2905 2904/2904/2904
f 2906/2906/2906 2904/2904/2904 2907/2907/2907
f 2907/2907/2907 2904/2904/2904 2908/2908/2908
f 2904/2904/2904 2909/2909/2909 2908/2908/2908
f 2910/2910/2910 2906/2906/2906 2907/2907/2907
f 2911/2911/2911 2906/2906/2906 2910/2910/2910
f 2912/2912/2912 2911/2911/2911 2910/2910/2910
f 2912/2912/2912 2910/2910/2910 2913/2913/2913
f 2914/2914/2914 2912/2912/2912 2913/2913/2913
f 2913/2913/2913 2910/2910/2910 2915/2915/2915
f 2910/2910/2910 2907/2907/2907 2915/2915/2915
f 2915/2915/2915 2907/2907/2907 2916/2916/2916
f 2907/2907/2907 2908/2908/2908 2916/2916/2916
f 2916/2916/2916 2908/2908/2908 2917/2917/2917
f 2908/2908/2908 2909/2909/2909 2918/2918/2918
f 2908/2908/2908 2918/2918/2918 2917/2917/2917
f 2909/2909/2909 2919/2919/2919 2918/2918/2918
f 2917/2917/2917 2918/2918/2918 2920/2920/2920
f 2918/2918/2918 2919/2919/2919 2921/2921/2921
f 2918/2918/2918 2921/2921/2921 2920/2920/2920
f 2919/2919/2919 2922/2922/2922 2921/2921/2921
f 2922/2922/2922 2923/2923/2923 2921/2921/2921
f 2923/2923/2923 2924/2924/2924 2921/2921/2921
f 2921/2921/2921 2924/2924/2924 2920/2920/2920
f 2924/2924/2924 2925/2925/2925 2920/2920/2920
f 2926/2926/2926 2925/2925/2925 2924/2924/2924
f 2927/2927/2927 2926/2926/2926 2924/2924/2924
f 2930/2930/2930 2929/2929/2929 2928/2928/2928
f 2929/2929/2929 2931/2931/2931 2928/2928/2928
f 2929/2929/2929 2932/2932/2932 2931/2931/2931
f 2932/2932/2932 2933/2933/2933 2931/2931/2931
f 2931/2931/2931 2933/2933/2933 2934/2934/2934
f 2931/2931/2931 2934/2934/2934 2935/2935/2935
f 2933/2933/2933 2936/2936/2936 2934/2934/2934
f 2935/2935/2935 2934/2934/2934 2937/2937/2937
f 2934/2934/2934 2936/2936/2936 2938/2938/2938
f 2934/2934/2934 2938/2938/2938 2937/2937/2937
f 2936/2936/2936 2939/2939/2939 2938/2938/2938
f 2937/2937/2937 2938/2938/2938 2940/2940/2940
f 2938/2938/2938 2939/2939/2939 2941/2941/2941
f 2938/2938/2938 2941/2941/2941 2940/2940/2940
f 2939/2939/2939 2942/2942/2942 2941/2941/2941
f 2940/2940/2940 2941/2941/2941 2943/2943/2943
f 2941/2941/2941 2942/2942/2942 2944/2944/2944
f 2941/2941/2941 2944/2944/2944 2943/2943/2943
f 2942/2942/2942 2945/2945/2945 2944/2944/2944
f 2945/2945/2945 2946/2946/2946 2944/2944/2944
f 2944/2944/2944 2947/2947/2947 2943/2943/2943
f 2946/2946/2946 2947/2947/2947 2944/2944/2944
f 2947/2947/2947 2948/2948/2948 2943/2943/2943
f 2949/2949/2949 2947/2947/2947 2946/2946/2946
f 2950/2950/2950 2949/2949/2949 2946/2946/2946
f 2949/2949/2949 2951/2951/2951 2947/2947/2947
f 2951/2951/2951 2948/2948/2948 2947/2947/2947
f 2951/2951/2951 2952/2952/2952 2948/2948/2948
f 2952/2952/2952 2953/2953/2953 2948/2948/2948
f 2956/2956/2956 2955/2955/2955 2954/2954/2954
f 2955/2955/2955 2957/2957/2957 2954/2954/2954
f 2954/2954/2954 2957/2957/2957 2958/2958/2958
f 2957/2957/2957 2959/2959/2959 2958/2958/2958
f 2958/2958/2958 2959/2959/2959 2960/2960/2960
f 2959/2959/2959 2961/2961/2961 2960/2960/2960
f 2960/2960/2960 2961/2961/2961 2962/2962/2962
f 2961/2961/2961 2963/2963/2963 2962/2962/2962
f 2962/2962/2962 2963/2963/2963 2964/2964/2964
f 2955/2955/2955 2965/2965/2965 2957/2957/2957
f 2966/2966/2966 2965/2965/2965 2955/2955/2955
f 2967/2967/2967 2966/2966/2966 2955/2955/2955
f 2965/2965/2965 2968/2968/2968 2957/2957/2957
f 2957/2957/2957 2968/2968/2968 2959/2959/2959
f 2965/2965/2965 2969/2969/2969 2968/2968/2968
f 2969/2969/2969 2970/2970/2970 2968/2968/2968
f 2968/2968/2968 2971/2971/2971 2959/2959/2959
f 2968/2968/2968 2970/2970/2970 2971/2971/2971
f 2959/2959/2959 2971/2971/2971 2961/2961/2961
f 2970/2970/2970 2972/2972/2972 2971/2971/2971
f 2971/2971/2971 2973/2973/2973 2961/2961/2961
f 2971/2971/2971 2972/2972/2972 2973/2973/2973
f 2961/2961/2961 2973/2973/2973 2963/2963/2963
f 2972/2972/2972 2974/2974/2974 2973/2973/2973
f 2973/2973/2973 2974/2974/2974 2975/2975/2975
f 2973/2973/2973 2975/2975/2975 2963/2963/2963
f 2974/2974/2974 2976/2976/2976 2975/2975/2975
f 2963/2963/2963 2975/2975/2975 2977/2977/2977
f 2963/2963/2963 2977/2977/2977 2964/2964/2964
f 2975/2975/2975 2976/2976/2976 2978/2978/2978
f 2975/2975/2975 2978/2978/2978 2977/2977/2977
f 2976/2976/2976 2979/2979/2979 2978/2978/2978
f 2979/2979/2979 2980/2980/2980 2978/2978/2978
f 2977/2977/2977 2981/2981/2981 2964/2964/2964
f 2981/2981/2981 2982/2982/2982 2964/2964/2964
f 2983/2983/2983 2982/2982/2982 2981/2981/2981
f 2984/2984/2984 2983/2983/2983 2981/2981/2981
f 2978/2978/2978 2985/2985/2985 2977/2977/2977
f 2985/2985/2985 2981/2981/2981 2977/2977/2977
f 2984/2984/2984 2981/2981/2981 2985/2985/2985
f 2980/2980/2980 2985/2985/2985 2978/2978/2978
f 2986/2986/2986 2984/2984/2984 2985/2985/2985
f 2986/2986/2986 2985/2985/2985 2980/2980/2980
f 2987/2987/2987 2986/2986/2986 2980/2980/2980
f 2990/2990/2990 2989/2989/2989 2988/2988/2988
f 2991/2991/2991 2990/2990/2990 2988/2988/2988
f 2992/2992/2992 2990/2990/2990 2991/2991/2991
f 2993/2993/2993 2992/2992/2992 2991/2991/2991
f 2993/2993/2993 2991/2991/2991 2994/2994/2994
f 2995/2995/2995 2993/2993/2993 2994/2994/2994
f 2991/2991/2991 2988/2988/2988 2996/2996/2996
f 2994/2994/2994 2991/2991/2991 2996/2996/2996
f 2996/2996/2996 2988/2988/2988 2997/2997/2997
f 2988/2988/2988 2998/2998/2998 2997/2997/2997
f 2994/2994/2994 2996/2996/2996 2999/2999/2999
f 2995/2995/2995 2994/2994/2994 3000/3000/3000
f 3000/3000/3000 2994/2994/2994 2999/2999/2999
f 3001/3001/3001 2995/2995/2995 3000/3000/3000
f 3000/3000/3000 2999/2999/2999 3002/3002/3002
f 3001/3001/3001 3000/3000/3000 3003/3003/3003
f 3003/3003/3003 3000/3000/3000 3002/3002/3002
f 3004/3004/3004 3001/3001/3001 3003/3003/3003
f 3003/3003/3003 3002/3002/3002 3005/3005/3005
f 3006/3006/3006 3003/3003/3003 3005/3005/3005
f 3009/3009/3009 3008/3008/3008 3007/3007/3007
f 3008/3008/3008 2914/2914/2914 3007/3007/3007
f 3012/3012/3012 3011/3011/3011 3010/3010/3010
f 3013/3013/3013 3012/3012/3012 3010/3010/3010
f 3013/3013/3013 3010/3010/3010 3014/3014/3014
f 3015/3015/3015 3013/3013/3013 3014/3014/3014
f 3012/3012/3012 3013/3013/3013 3016/3016/3016
f 3013/3013/3013 3015/3015/3015 3017/3017/3017
f 3013/3013/3013 3017/3017/3017 3016/3016/3016
f 3015/3015/3015 3018/3018/3018 3017/3017/3017
f 3015/3015/3015 3019/3019/3019 3018/3018/3018
f 3019/3019/3019 3020/3020/3020 3018/3018/3018
f 3016/3016/3016 3017/3017/3017 3021/3021/3021
f 3017/3017/3017 3022/3022/3022 3021/3021/3021
f 3012/3012/3012 3016/3016/3016 3023/3023/3023
f 3023/3023/3023 3016/3016/3016 3024/3024/3024
f 3025/3025/3025 3012/3012/3012 3023/3023/3023
f 3025/3025/3025 3023/3023/3023 3026/3026/3026
f 3027/3027/3027 3025/3025/3025 3026/3026/3026
f 3027/3027/3027 3026/3026/3026 3028/3028/3028
f 3029/3029/3029 3027/3027/3027 3028/3028/3028
f 3029/3029/3029 3028/3028/3028 3030/3030/3030
f 3031/3031/3031 3029/3029/3029 3030/3030/3030
f 3031/3031/3031 3030/3030/3030 3032/3032/3032
f 3033/3033/3033 3031/3031/3031 3032/3032/3032
f 3031/3031/3031 3033/3033/3033 3034/3034/3034
f 3033/3033/3033 3035/3035/3035 3034/3034/3034
f 3033/3033/3033 3036/3036/3036 3035/3035/3035
f 3036/3036/3036 3037/3037/3037 3035/3035/3035
f 3033/3033/3033 3032/3032/3032 3038/3038/3038
f 3036/3036/3036 3033/3033/3033 3039/3039/3039
f 3033/3033/3033 3038/3038/3038 3039/3039/3039
f 3036/3036/3036 3039/3039/3039 3040/3040/3040
f 3041/3041/3041 3036/3036/3036 3040/3040/3040
f 3040/3040/3040 3042/3042/3042 3041/3041/3041
f 3039/3039/3039 3038/3038/3038 3043/3043/3043
f 3038/3038/3038 3044/3044/3044 3043/3043/3043
f 3038/3038/3038 3032/3032/3032 3044/3044/3044
f 3032/3032/3032 3045/3045/3045 3044/3044/3044
f 3048/3048/3048 3047/3047/3047 3046/3046/3046
f 3047/3047/3047 3049/3049/3049 3046/3046/3046
f 3046/3046/3046 3049/3049/3049 3050/3050/3050
f 3047/3047/3047 3051/3051/3051 3049/3049/3049
f 3049/3049/3049 3052/3052/3052 3050/3050/3050
f 3051/3051/3051 3053/3053/3053 3049/3049/3049
f 3049/3049/3049 3053/3053/3053 3052/3052/3052
f 3051/3051/3051 3054/3054/3054 3053/3053/3053
f 3053/3053/3053 3055/3055/3055 3052/3052/3052
f 3054/3054/3054 3056/3056/3056 3053/3053/3053
f 3053/3053/3053 3056/3056/3056 3055/3055/3055
f 3054/3054/3054 3057/3057/3057 3056/3056/3056
f 3056/3056/3056 3058/3058/3058 3055/3055/3055
f 3057/3057/3057 3059/3059/3059 3056/3056/3056
f 3056/3056/3056 3059/3059/3059 3058/3058/3058
f 3059/3059/3059 3060/3060/3060 3058/3058/3058
f 3059/3059/3059 3061/3061/3061 3060/3060/3060
f 3061/3061/3061 3062/3062/3062 3060/3060/3060
f 3065/3065/3065 3064/3064/3064 3063/3063/3063
f 3064/3064/3064 3066/3066/3066 3063/3063/3063
f 3068/3068/3068 3067/3067/3067 3064/3064/3064
f 3067/3067/3067 3069/3069/3069 3064/3064/3064
f 3067/3067/3067 3070/3070/3070 3069/3069/3069
f 3070/3070/3070 3072/3072/3072 3071/3071/3071
f 3072/3072/3072 3073/3073/3073 3071/3071/3071
f 3071/3071/3071 3073/3073/3073 3074/3074/3074
f 3072/3072/3072 3075/3075/3075 3073/3073/3073
f 3073/3073/3073 3076/3076/3076 3074/3074/3074
f 3075/3075/3075 3077/3077/3077 3073/3073/3073
f 3073/3073/3073 3077/3077/3077 3076/3076/3076
f 3077/3077/3077 3078/3078/3078 3076/3076/3076
f 3077/3077/3077 3079/3079/3079 3078/3078/3078
f 3079/3079/3079 3080/3080/3080 3078/3078/3078
f 3083/3083/3083 3082/3082/3082 3081/3081/3081
f 3082/3082/3082 3084/3084/3084 3081/3081/3081
f 3081/3081/3081 3084/3084/3084 3085/3085/3085
f 3084/3084/3084 3086/3086/3086 3085/3085/3085
f 3085/3085/3085 3086/3086/3086 3087/3087/3087
f 3086/3086/3086 3088/3088/3088 3087/3087/3087
f 3087/3087/3087 3088/3088/3088 3089/3089/3089
f 3088/3088/3088 3090/3090/3090 3089/3089/3089
f 3093/3093/3093 3092/3092/3092 3091/3091/3091
f 3094/3094/3094 3093/3093/3093 3091/3091/3091
f 3095/3095/3095 3093/3093/3093 3094/3094/3094
f 3096/3096/3096 3095/3095/3095 3094/3094/3094
f 3097/3097/3097 3095/3095/3095 3096/3096/3096
f 3098/3098/3098 3097/3097/3097 3096/3096/3096
f 3099/3099/3099 3097/3097/3097 3098/3098/3098
f 3100/3100/3100 3099/3099/3099 3098/3098/3098
f 3101/3101/3101 3099/3099/3099 3100/3100/3100
f 3102/3102/3102 3101/3101/3101 3100/3100/3100
f 3105/3105/3105 3104/3104/3104 3103/3103/3103
f 3104/3104/3104 3106/3106/3106 3103/3103/3103
f 3109/3109/3109 3108/3108/3108 3107/3107/3107
f 3110/3110/3110 3109/3109/3109 3107/3107/3107
f 3111/3111/3111 3109/3109/3109 3110/3110/3110
f 3112/3112/3112 3111/3111/3111 3110/3110/3110
f 3113/3113/3113 3111/3111/3111 3112/3112/3112
f 3114/3114/3114 3113/3113/3113 3112/3112/3112
f 3115/3115/3115 3113/3113/3113 3114/3114/3114
f 3116/3116/3116 3115/3115/3115 3114/3114/3114
f 3117/3117/3117 3115/3115/3115 3116/3116/3116
f 3118/3118/3118 3117/3117/3117 3116/3116/3116
f 3119/3119/3119 3117/3117/3117 3118/3118/3118
f 3120/3120/3120 3119/3119/3119 3118/3118/3118
f 3121/3121/3121 3119/3119/3119 3120/3120/3120
f 3122/3122/3122 3121/3121/3121 3120/3120/3120
f 3123/3123/3123 3121/3121/3121 3122/3122/3122
f 3124/3124/3124 3123/3123/3123 3122/3122/3122
f 3125/3125/3125 3123/3123/3123 3124/3124/3124
f 3126/3126/3126 3125/3125/3125 3124/3124/3124
f 3127/3127/3127 3125/3125/3125 3126/3126/3126
f 3128/3128/3128 3127/3127/3127 3126/3126/3126
f 3131/3131/3131 3130/3130/3130 3129/3129/3129
f 3130/3130/3130 3132/3132/3132 3129/3129/3129
f 3129/3129/3129 3132/3132/3132 3133/3133/3133
f 3132/3132/3132 3134/3134/3134 3133/3133/3133
f 3133/3133/3133 3134/3134/3134 3135/3135/3135
f 3134/3134/3134 3136/3136/3136 3135/3135/3135
f 3135/3135/3135 3136/3136/3136 3137/3137/3137
f 3136/3136/3136 3138/3138/3138 3137/3137/3137
f 3137/3137/3137 3138/3138/3138 3139/3139/3139
f 3138/3138/3138 3140/3140/3140 3139/3139/3139
f 3139/3139/3139 3140/3140/3140 3141/3141/3141
f 3140/3140/3140 3142/3142/3142 3141/3141/3141
f 3145/3145/3145 3144/3144/3144 3143/3143/3143
f 3146/3146/3146 3145/3145/3145 3143/3143/3143
f 3147/3147/3147 3145/3145/3145 3146/3146/3146
f 3148/3148/3148 3147/3147/3147 3146/3146/3146
f 3151/3151/3151 3150/3150/3150 3149/3149/3149
f 3150/3150/3150 3152/3152/3152 3149/3149/3149
f 3149/3149/3149 3152/3152/3152 3153/3153/3153
f 3152/3152/3152 3154/3154/3154 3153/3153/3153
f 3153/3153/3153 3154/3154/3154 3155/3155/3155
f 3154/3154/3154 3156/3156/3156 3155/3155/3155
f 3155/3155/3155 3156/3156/3156 3157/3157/3157
f 3156/3156/3156 3158/3158/3158 3157/3157/3157
f 3157/3157/3157 3158/3158/3158 3159/3159/3159
f 3158/3158/3158 3160/3160/3160 3159/3159/3159
f 3159/3159/3159 3160/3160/3160 3161/3161/3161
f 3160/3160/3160 3162/3162/3162 3161/3161/3161
f 3165/3165/3165 3164/3164/3164 3163/3163/3163
f 3166/3166/3166 3165/3165/3165 3163/3163/3163
f 3167/3167/3167 3165/3165/3165 3166/3166/3166
f 3168/3168/3168 3167/3167/3167 3166/3166/3166
f 3169/3169/3169 3167/3167/3167 3168/3168/3168
f 3170/3170/3170 3169/3169/3169 3168/3168/3168
f 3171/3171/3171 3169/3169/3169 3170/3170/3170
f 3172/3172/3172 3171/3171/3171 3170/3170/3170
f 3173/3173/3173 3171/3171/3171 3172/3172/3172
f 3174/3174/3174 3173/3173/3173 3172/3172/3172
f 3175/3175/3175 3173/3173/3173 3174/3174/3174
f 3178/3178/3178 3177/3177/3177 3176/3176/3176
f 3179/3179/3179 3177/3177/3177 3178/3178/3178
f 3180/3180/3180 3179/3179/3179 3178/3178/3178
f 3181/3181/3181 3179/3179/3179 3180/3180/3180
f 3182/3182/3182 3181/3181/3181 3180/3180/3180
f 3185/3185/3185 3184/3184/3184 3183/3183/3183
f 3186/3186/3186 3185/3185/3185 3183/3183/3183
f 3187/3187/3187 3185/3185/3185 3186/3186/3186
f 3188/3188/3188 3187/3187/3187 3186/3186/3186
f 3189/3189/3189 3187/3187/3187 3188/3188/3188
f 3190/3190/3190 3189/3189/3189 3188/3188/3188
f 3193/3193/3193 3192/3192/3192 3191/3191/3191
f 3194/3194/3194 3193/3193/3193 3191/3191/3191
f 3195/3195/3195 3193/3193/3193 3194/3194/3194
f 3196/3196/3196 3195/3195/3195 3194/3194/3194
f 3199/3199/3199 3198/3198/3198 3197/3197/3197
f 3200/3200/3200 3199/3199/3199 3197/3197/3197
f 3201/3201/3201 3199/3199/3199 3200/3200/3200
f 3202/3202/3202 3201/3201/3201 3200/3200/3200
f 3205/3205/3205 3204/3204/3204 3203/3203/3203
f 3206/3206/3206 3205/3205/3205 3203/3203/3203
f 3207/3207/3207 3205/3205/3205 3206/3206/3206
f 3208/3208/3208 3207/3207/3207 3206/3206/3206
f 3209/3209/3209 3207/3207/3207 3208/3208/3208
f 3210/3210/3210 3209/3209/3209 3208/3208/3208
f 3213/3213/3213 3212/3212/3212 3211/3211/3211
f 3214/3214/3214 3213/3213/3213 3211/3211/3211
f 3215/3215/3215 3213/3213/3213 3214/3214/3214
f 3216/3216/3216 3215/3215/3215 3214/3214/3214
f 3217/3217/3217 3215/3215/3215 3216/3216/3216
f 3218/3218/3218 3217/3217/3217 3216/3216/3216
f 3219/3219/3219 3217/3217/3217 3218/3218/3218
f 3220/3220/3220 3219/3219/3219 3218/3218/3218
f 3223/3223/3223 3222/3222/3222 3221/3221/3221
f 3224/3224/3224 3223/3223/3223 3221/3221/3221
f 3225/3225/3225 3223/3223/3223 3224/3224/3224
f 3221/3221/3221 3222/3222/3222 3226/3226/3226
f 3222/3222/3222 3227/3227/3227 3226/3226/3226
f 3228/3228/3228 3225/3225/3225 3224/3224/3224
f 3229/3229/3229 3225/3225/3225 3228/3228/3228
f 3226/3226/3226 3227/3227/3227 3230/3230/3230
f 3227/3227/3227 3231/3231/3231 3230/3230/3230
f 3232/3232/3232 3229/3229/3229 3228/3228/3228
f 3233/3233/3233 3229/3229/3229 3232/3232/3232
f 3230/3230/3230 3231/3231/3231 3234/3234/3234
f 3231/3231/3231 3235/3235/3235 3234/3234/3234
f 3236/3236/3236 3233/3233/3233 3232/3232/3232
f 3237/3237/3237 3233/3233/3233 3236/3236/3236
f 3234/3234/3234 3235/3235/3235 3238/3238/3238
f 3235/3235/3235 3239/3239/3239 3238/3238/3238
f 3240/3240/3240 3237/3237/3237 3236/3236/3236
f 3241/3241/3241 3237/3237/3237 3240/3240/3240
f 3238/3238/3238 3239/3239/3239 3242/3242/3242
f 3239/3239/3239 3243/3243/3243 3242/3242/3242
f 3244/3244/3244 3241/3241/3241 3240/3240/3240
f 3245/3245/3245 3241/3241/3241 3244/3244/3244
f 3242/3242/3242 3243/3243/3243 3246/3246/3246
f 3243/3243/3243 3247/3247/3247 3246/3246/3246
f 3248/3248/3248 3245/3245/3245 3244/3244/3244
f 3249/3249/3249 3245/3245/3245 3248/3248/3248
f 3246/3246/3246 3247/3247/3247 3250/3250/3250
f 3247/3247/3247 3251/3251/3251 3250/3250/3250
f 3252/3252/3252 3249/3249/3249 3248/3248/3248
f 3253/3253/3253 3249/3249/3249 3252/3252/3252
f 3250/3250/3250 3251/3251/3251 3254/3254/3254
f 3251/3251/3251 3255/3255/3255 3254/3254/3254
f 3256/3256/3256 3253/3253/3253 3252/3252/3252
f 3257/3257/3257 3253/3253/3253 3256/3256/3256
f 3254/3254/3254 3255/3255/3255 3258/3258/3258
f 3255/3255/3255 3259/3259/3259 3258/3258/3258
f 3260/3260/3260 3257/3257/3257 3256/3256/3256
f 3261/3261/3261 3257/3257/3257 3260/3260/3260
f 3258/3258/3258 3259/3259/3259 3262/3262/3262
f 3259/3259/3259 3263/3263/3263 3262/3262/3262
f 3264/3264/3264 3261/3261/3261 3260/3260/3260
f 3265/3265/3265 3261/3261/3261 3264/3264/3264
f 3262/3262/3262 3263/3263/3263 3266/3266/3266
f 3263/3263/3263 3267/3267/3267 3266/3266/3266
f 3267/3267/3267 3265/3265/3265 3268/3268/3268
f 3268/3268/3268 3265/3265/3265 3264/3264/3264
f 3266/3266/3266 3267/3267/3267 3268/3268/3268
f 3254/3254/3254 3258/3258/3258 3269/3269/3269
f 3270/3270/3270 3254/3254/3254 3269/3269/3269
f 3269/3269/3269 3258/3258/3258 3271/3271/3271
f 3258/3258/3258 3262/3262/3262 3271/3271/3271
f 3250/3250/3250 3254/3254/3254 3270/3270/3270
f 3271/3271/3271 3262/3262/3262 3272/3272/3272
f 3262/3262/3262 3266/3266/3266 3272/3272/3272
f 3273/3273/3273 3250/3250/3250 3270/3270/3270
f 3272/3272/3272 3266/3266/3266 3274/3274/3274
f 3266/3266/3266 3268/3268/3268 3274/3274/3274
f 3246/3246/3246 3250/3250/3250 3273/3273/3273
f 3274/3274/3274 3268/3268/3268 3275/3275/3275
f 3276/3276/3276 3246/3246/3246 3273/3273/3273
f 3268/3268/3268 3264/3264/3264 3275/3275/3275
f 3242/3242/3242 3246/3246/3246 3276/3276/3276
f 3275/3275/3275 3264/3264/3264 3277/3277/3277
f 3278/3278/3278 3242/3242/3242 3276/3276/3276
f 3264/3264/3264 3260/3260/3260 3277/3277/3277
f 3238/3238/3238 3242/3242/3242 3278/3278/3278
f 3277/3277/3277 3260/3260/3260 3279/3279/3279
f 3280/3280/3280 3238/3238/3238 3278/3278/3278
f 3260/3260/3260 3256/3256/3256 3279/3279/3279
f 3234/3234/3234 3238/3238/3238 3280/3280/3280
f 3279/3279/3279 3256/3256/3256 3281/3281/3281
f 3282/3282/3282 3234/3234/3234 3280/3280/3280
f 3256/3256/3256 3252/3252/3252 3281/3281/3281
f 3230/3230/3230 3234/3234/3234 3282/3282/3282
f 3281/3281/3281 3252/3252/3252 3283/3283/3283
f 3284/3284/3284 3230/3230/3230 3282/3282/3282
f 3252/3252/3252 3248/3248/3248 3283/3283/3283
f 3226/3226/3226 3230/3230/3230 3284/3284/3284
f 3283/3283/3283 3248/3248/3248 3285/3285/3285
f 3286/3286/3286 3226/3226/3226 3284/3284/3284
f 3248/3248/3248 3244/3244/3244 3285/3285/3285
f 3221/3221/3221 3226/3226/3226 3286/3286/3286
f 3285/3285/3285 3244/3244/3244 3287/3287/3287
f 3288/3288/3288 3221/3221/3221 3286/3286/3286
f 3244/3244/3244 3240/3240/3240 3287/3287/3287
f 3224/3224/3224 3221/3221/3221 3288/3288/3288
f 3287/3287/3287 3240/3240/3240 3289/3289/3289
f 3290/3290/3290 3224/3224/3224 3288/3288/3288
f 3240/3240/3240 3236/3236/3236 3289/3289/3289
f 3228/3228/3228 3224/3224/3224 3290/3290/3290
f 3289/3289/3289 3236/3236/3236 3291/3291/3291
f 3292/3292/3292 3228/3228/3228 3290/3290/3290
f 3236/3236/3236 3232/3232/3232 3291/3291/3291
f 3232/3232/3232 3228/3228/3228 3292/3292/3292
f 3291/3291/3291 3232/3232/3232 3292/3292/3292
f 3295/3295/3295 3294/3294/3294 3293/3293/3293
f 3296/3296/3296 3295/3295/3295 3293/3293/3293
f 3295/3295/3295 3297/3297/3297 3294/3294/3294
f 3296/3296/3296 3293/3293/3293 3298/3298/3298
f 3297/3297/3297 3299/3299/3299 3294/3294/3294
f 3300/3300/3300 3296/3296/3296 3298/3298/3298
f 3297/3297/3297 3301/3301/3301 3299/3299/3299
f 3300/3300/3300 3298/3298/3298 3302/3302/3302
f 3301/3301/3301 3303/3303/3303 3299/3299/3299
f 3304/3304/3304 3300/3300/3300 3302/3302/3302
f 3301/3301/3301 3305/3305/3305 3303/3303/3303
f 3304/3304/3304 3302/3302/3302 3306/3306/3306
f 3305/3305/3305 3307/3307/3307 3303/3303/3303
f 3308/3308/3308 3304/3304/3304 3306/3306/3306
f 3305/3305/3305 3309/3309/3309 3307/3307/3307
f 3308/3308/3308 3306/3306/3306 3310/3310/3310
f 3309/3309/3309 3311/3311/3311 3307/3307/3307
f 3312/3312/3312 3308/3308/3308 3310/3310/3310
f 3309/3309/3309 3313/3313/3313 3311/3311/3311
f 3312/3312/3312 3310/3310/3310 3314/3314/3314
f 3313/3313/3313 3315/3315/3315 3311/3311/3311
f 3316/3316/3316 3312/3312/3312 3314/3314/3314
f 3313/3313/3313 3317/3317/3317 3315/3315/3315
f 3316/3316/3316 3314/3314/3314 3318/3318/3318
f 3317/3317/3317 3319/3319/3319 3315/3315/3315
f 3320/3320/3320 3316/3316/3316 3318/3318/3318
f 3317/3317/3317 3321/3321/3321 3319/3319/3319
f 3320/3320/3320 3318/3318/3318 3322/3322/3322
f 3321/3321/3321 3323/3323/3323 3319/3319/3319
f 3324/3324/3324 3320/3320/3320 3322/3322/3322
f 3321/3321/3321 3325/3325/3325 3323/3323/3323
f 3324/3324/3324 3322/3322/3322 3326/3326/3326
f 3325/3325/3325 3327/3327/3327 3323/3323/3323
f 3328/3328/3328 3324/3324/3324 3326/3326/3326
f 3325/3325/3325 3329/3329/3329 3327/3327/3327
f 3328/3328/3328 3326/3326/3326 3330/3330/3330
f 3329/3329/3329 3331/3331/3331 3327/3327/3327
f 3332/3332/3332 3328/3328/3328 3330/3330/3330
f 3329/3329/3329 3333/3333/3333 3331/3331/3331
f 3332/3332/3332 3330/3330/3330 3334/3334/3334
f 3333/3333/3333 3335/3335/3335 3331/3331/3331
f 3336/3336/3336 3332/3332/3332 3334/3334/3334
f 3333/3333/3333 3337/3337/3337 3335/3335/3335
f 3336/3336/3336 3334/3334/3334 3338/3338/3338
f 3337/3337/3337 3339/3339/3339 3335/3335/3335
f 3340/3340/3340 3336/3336/3336 3338/3338/3338
f 3340/3340/3340 3338/3338/3338 3339/3339/3339
f 3337/3337/3337 3340/3340/3340 3339/3339/3339
