mtllib Books_dcd801ae.mtl
g Books_dcd801ae
v 1.64591 1.34794 -2.4511
v 1.64024 1.35011 -2.4511
v 1.64591 1.35011 -2.44905
v 1.64591 1.5719 -2.44905
v 1.64024 1.5719 -2.4511
v 1.64591 1.57407 -2.4511
v 1.64577 1.34794 -2.58418
v 1.64577 1.35011 -2.58623
v 1.6401 1.35011 -2.58417
v 1.64577 1.57407 -2.58418
v 1.6401 1.5719 -2.58417
v 1.64577 1.5719 -2.58622
v 1.67283 1.34794 -2.45113
v 1.67283 1.35011 -2.44908
v 1.6785 1.35011 -2.45114
v 1.67283 1.57407 -2.45113
v 1.6785 1.5719 -2.45114
v 1.67283 1.5719 -2.44908
v 1.67269 1.34794 -2.58421
v 1.67836 1.35011 -2.58421
v 1.67269 1.35011 -2.58625
v 1.67269 1.57407 -2.5842
v 1.67269 1.5719 -2.58625
v 1.67836 1.5719 -2.58421
v 1.67283 1.35011 -2.44908
v 1.64591 1.35011 -2.44905
v 1.64591 1.5719 -2.44905
v 1.67283 1.5719 -2.44908
v 1.64577 1.35011 -2.58623
v 1.67269 1.35011 -2.58625
v 1.67269 1.5719 -2.58625
v 1.64577 1.5719 -2.58622
v 1.64591 1.35011 -2.44905
v 1.64024 1.35011 -2.4511
v 1.64024 1.5719 -2.4511
v 1.64591 1.5719 -2.44905
v 1.64577 1.5719 -2.58622
v 1.6401 1.5719 -2.58417
v 1.6401 1.35011 -2.58417
v 1.64577 1.35011 -2.58623
v 1.67269 1.34794 -2.58421
v 1.67269 1.35011 -2.58625
v 1.64577 1.35011 -2.58623
v 1.64577 1.34794 -2.58418
v 1.64577 1.57407 -2.58418
v 1.64577 1.5719 -2.58622
v 1.67269 1.5719 -2.58625
v 1.67269 1.57407 -2.5842
v 1.67836 1.5719 -2.58421
v 1.67269 1.5719 -2.58625
v 1.67269 1.35011 -2.58625
v 1.67836 1.35011 -2.58421
v 1.67283 1.5719 -2.44908
v 1.6785 1.5719 -2.45114
v 1.6785 1.35011 -2.45114
v 1.67283 1.35011 -2.44908
v 1.64591 1.34794 -2.4511
v 1.64591 1.35011 -2.44905
v 1.67283 1.35011 -2.44908
v 1.67283 1.34794 -2.45113
v 1.67283 1.57407 -2.45113
v 1.67283 1.5719 -2.44908
v 1.64591 1.5719 -2.44905
v 1.64591 1.57407 -2.4511
v 1.41787 1.34794 -2.45086
v 1.4122 1.35011 -2.45086
v 1.41787 1.35011 -2.44881
v 1.41788 1.5719 -2.44881
v 1.4122 1.5719 -2.45086
v 1.41787 1.57407 -2.45086
v 1.41773 1.34794 -2.58394
v 1.41773 1.35011 -2.58599
v 1.41206 1.35011 -2.58393
v 1.41773 1.57407 -2.58394
v 1.41206 1.5719 -2.58393
v 1.41773 1.5719 -2.58598
v 1.4448 1.34794 -2.45089
v 1.4448 1.35011 -2.44884
v 1.45047 1.35011 -2.4509
v 1.4448 1.57407 -2.45089
v 1.45047 1.5719 -2.4509
v 1.4448 1.5719 -2.44884
v 1.44466 1.34794 -2.58397
v 1.45033 1.35011 -2.58397
v 1.44465 1.35011 -2.58601
v 1.44466 1.57407 -2.58397
v 1.44465 1.5719 -2.58601
v 1.45033 1.5719 -2.58397
v 1.67836 1.35011 -2.58421
v 1.6785 1.35011 -2.45114
v 1.6785 1.5719 -2.45114
v 1.67836 1.5719 -2.58421
v 1.67269 1.57407 -2.5842
v 1.67283 1.57407 -2.45113
v 1.64591 1.57407 -2.4511
v 1.64577 1.57407 -2.58418
v 1.64024 1.35011 -2.4511
v 1.6401 1.35011 -2.58417
v 1.6401 1.5719 -2.58417
v 1.64024 1.5719 -2.4511
v 1.64577 1.34794 -2.58418
v 1.6401 1.35011 -2.58417
v 1.64024 1.35011 -2.4511
v 1.64591 1.34794 -2.4511
v 1.64591 1.57407 -2.4511
v 1.64024 1.5719 -2.4511
v 1.6401 1.5719 -2.58417
v 1.64577 1.57407 -2.58418
v 1.67283 1.34794 -2.45113
v 1.6785 1.35011 -2.45114
v 1.67836 1.35011 -2.58421
v 1.67269 1.34794 -2.58421
v 1.67269 1.57407 -2.5842
v 1.67836 1.5719 -2.58421
v 1.6785 1.5719 -2.45114
v 1.67283 1.57407 -2.45113
v 1.64577 1.34794 -2.58418
v 1.64591 1.34794 -2.4511
v 1.67283 1.34794 -2.45113
v 1.67269 1.34794 -2.58421
v 1.75418 1.35011 -2.58429
v 1.75432 1.35011 -2.45122
v 1.75432 1.5719 -2.45122
v 1.75418 1.5719 -2.58429
v 1.74851 1.57407 -2.58428
v 1.74865 1.57407 -2.45121
v 1.72173 1.57407 -2.45118
v 1.72159 1.57407 -2.58426
v 1.71606 1.35011 -2.45118
v 1.71592 1.35011 -2.58425
v 1.71592 1.5719 -2.58425
v 1.71606 1.5719 -2.45118
v 1.72159 1.34794 -2.58426
v 1.71592 1.35011 -2.58425
v 1.71606 1.35011 -2.45118
v 1.72173 1.34794 -2.45118
v 1.72173 1.57407 -2.45118
v 1.71606 1.5719 -2.45118
v 1.71592 1.5719 -2.58425
v 1.72159 1.57407 -2.58426
v 1.74865 1.34794 -2.45121
v 1.75432 1.35011 -2.45122
v 1.75418 1.35011 -2.58429
v 1.74851 1.34794 -2.58429
v 1.74851 1.57407 -2.58428
v 1.75418 1.5719 -2.58429
v 1.75432 1.5719 -2.45122
v 1.74865 1.57407 -2.45121
v 1.72159 1.34794 -2.58426
v 1.72173 1.34794 -2.45118
v 1.74865 1.34794 -2.45121
v 1.74851 1.34794 -2.58429
v 1.71709 1.35011 -2.58425
v 1.71723 1.35011 -2.45118
v 1.71723 1.5719 -2.45118
v 1.71709 1.5719 -2.58425
v 1.71142 1.57407 -2.58425
v 1.71156 1.57407 -2.45117
v 1.68464 1.57407 -2.45114
v 1.6845 1.57407 -2.58422
v 1.67897 1.35011 -2.45114
v 1.67883 1.35011 -2.58421
v 1.67883 1.5719 -2.58421
v 1.67897 1.5719 -2.45114
v 1.6845 1.34794 -2.58422
v 1.67883 1.35011 -2.58421
v 1.67897 1.35011 -2.45114
v 1.68464 1.34794 -2.45114
v 1.68464 1.57407 -2.45114
v 1.67897 1.5719 -2.45114
v 1.67883 1.5719 -2.58421
v 1.6845 1.57407 -2.58422
v 1.71156 1.34794 -2.45117
v 1.71723 1.35011 -2.45118
v 1.71709 1.35011 -2.58425
v 1.71142 1.34794 -2.58425
v 1.71142 1.57407 -2.58425
v 1.71709 1.5719 -2.58425
v 1.71723 1.5719 -2.45118
v 1.71156 1.57407 -2.45117
v 1.6845 1.34794 -2.58422
v 1.68464 1.34794 -2.45114
v 1.71156 1.34794 -2.45117
v 1.71142 1.34794 -2.58425
v 1.64356 1.35011 -2.58417
v 1.6437 1.35011 -2.4511
v 1.6437 1.5719 -2.4511
v 1.64356 1.5719 -2.58417
v 1.63789 1.57407 -2.58417
v 1.63803 1.57407 -2.45109
v 1.61111 1.57407 -2.45107
v 1.61097 1.57407 -2.58414
v 1.60543 1.35011 -2.45106
v 1.60529 1.35011 -2.58413
v 1.60529 1.5719 -2.58413
v 1.60543 1.5719 -2.45106
v 1.61097 1.34794 -2.58414
v 1.60529 1.35011 -2.58413
v 1.60543 1.35011 -2.45106
v 1.61111 1.34794 -2.45107
v 1.61111 1.57407 -2.45107
v 1.60543 1.5719 -2.45106
v 1.60529 1.5719 -2.58413
v 1.61097 1.57407 -2.58414
v 1.63803 1.34794 -2.45109
v 1.6437 1.35011 -2.4511
v 1.64356 1.35011 -2.58417
v 1.63789 1.34794 -2.58417
v 1.63789 1.57407 -2.58417
v 1.64356 1.5719 -2.58417
v 1.6437 1.5719 -2.4511
v 1.63803 1.57407 -2.45109
v 1.61097 1.34794 -2.58414
v 1.61111 1.34794 -2.45107
v 1.63803 1.34794 -2.45109
v 1.63789 1.34794 -2.58417
v 1.48886 1.35011 -2.58401
v 1.489 1.35011 -2.45094
v 1.489 1.5719 -2.45094
v 1.48886 1.5719 -2.58401
v 1.48319 1.57407 -2.58401
v 1.48333 1.57407 -2.45093
v 1.45641 1.57407 -2.4509
v 1.45627 1.57407 -2.58398
v 1.45073 1.35011 -2.4509
v 1.4506 1.35011 -2.58397
v 1.4506 1.5719 -2.58397
v 1.45073 1.5719 -2.4509
v 1.45627 1.34794 -2.58398
v 1.4506 1.35011 -2.58397
v 1.45073 1.35011 -2.4509
v 1.45641 1.34794 -2.4509
v 1.45641 1.57407 -2.4509
v 1.45073 1.5719 -2.4509
v 1.4506 1.5719 -2.58397
v 1.45627 1.57407 -2.58398
v 1.48333 1.34794 -2.45093
v 1.489 1.35011 -2.45094
v 1.48886 1.35011 -2.58401
v 1.48319 1.34794 -2.58401
v 1.48319 1.57407 -2.58401
v 1.48886 1.5719 -2.58401
v 1.489 1.5719 -2.45094
v 1.48333 1.57407 -2.45093
v 1.45627 1.34794 -2.58398
v 1.45641 1.34794 -2.4509
v 1.48333 1.34794 -2.45093
v 1.48319 1.34794 -2.58401
v 1.52898 1.35011 -2.58405
v 1.52911 1.35011 -2.45098
v 1.52911 1.5719 -2.45098
v 1.52898 1.5719 -2.58405
v 1.5233 1.57407 -2.58405
v 1.52344 1.57407 -2.45097
v 1.49652 1.57407 -2.45094
v 1.49638 1.57407 -2.58402
v 1.49085 1.35011 -2.45094
v 1.49071 1.35011 -2.58401
v 1.49071 1.5719 -2.58401
v 1.49085 1.5719 -2.45094
v 1.49638 1.34794 -2.58402
v 1.49071 1.35011 -2.58401
v 1.49085 1.35011 -2.45094
v 1.49652 1.34794 -2.45095
v 1.49652 1.57407 -2.45094
v 1.49085 1.5719 -2.45094
v 1.49071 1.5719 -2.58401
v 1.49638 1.57407 -2.58402
v 1.52344 1.34794 -2.45097
v 1.52911 1.35011 -2.45098
v 1.52898 1.35011 -2.58405
v 1.5233 1.34794 -2.58405
v 1.5233 1.57407 -2.58405
v 1.52898 1.5719 -2.58405
v 1.52911 1.5719 -2.45098
v 1.52344 1.57407 -2.45097
v 1.49638 1.34794 -2.58402
v 1.49652 1.34794 -2.45095
v 1.52344 1.34794 -2.45097
v 1.5233 1.34794 -2.58405
v 1.6062 1.35011 -2.58414
v 1.60634 1.35011 -2.45106
v 1.60634 1.5719 -2.45106
v 1.6062 1.5719 -2.58413
v 1.60053 1.57407 -2.58413
v 1.60067 1.57407 -2.45105
v 1.57374 1.57407 -2.45103
v 1.5736 1.57407 -2.5841
v 1.56807 1.35011 -2.45102
v 1.56793 1.35011 -2.5841
v 1.56793 1.5719 -2.58409
v 1.56807 1.5719 -2.45102
v 1.5736 1.34794 -2.5841
v 1.56793 1.35011 -2.5841
v 1.56807 1.35011 -2.45102
v 1.57374 1.34794 -2.45103
v 1.57374 1.57407 -2.45103
v 1.56807 1.5719 -2.45102
v 1.56793 1.5719 -2.58409
v 1.5736 1.57407 -2.5841
v 1.60067 1.34794 -2.45105
v 1.60634 1.35011 -2.45106
v 1.6062 1.35011 -2.58414
v 1.60053 1.34794 -2.58413
v 1.60053 1.57407 -2.58413
v 1.6062 1.5719 -2.58413
v 1.60634 1.5719 -2.45106
v 1.60067 1.57407 -2.45105
v 1.5736 1.34794 -2.5841
v 1.57374 1.34794 -2.45103
v 1.60067 1.34794 -2.45105
v 1.60053 1.34794 -2.58413
v 1.56723 1.35011 -2.58409
v 1.56737 1.35011 -2.45102
v 1.56737 1.5719 -2.45102
v 1.56723 1.5719 -2.58409
v 1.56156 1.57407 -2.58409
v 1.5617 1.57407 -2.45101
v 1.53477 1.57407 -2.45098
v 1.53463 1.57407 -2.58406
v 1.5291 1.35011 -2.45098
v 1.52896 1.35011 -2.58405
v 1.52896 1.5719 -2.58405
v 1.5291 1.5719 -2.45098
v 1.53463 1.34794 -2.58406
v 1.52896 1.35011 -2.58405
v 1.5291 1.35011 -2.45098
v 1.53477 1.34794 -2.45099
v 1.53477 1.57407 -2.45098
v 1.5291 1.5719 -2.45098
v 1.52896 1.5719 -2.58405
v 1.53463 1.57407 -2.58406
v 1.5617 1.34794 -2.45101
v 1.56737 1.35011 -2.45102
v 1.56723 1.35011 -2.58409
v 1.56156 1.34794 -2.58409
v 1.56156 1.57407 -2.58409
v 1.56723 1.5719 -2.58409
v 1.56737 1.5719 -2.45102
v 1.5617 1.57407 -2.45101
v 1.53463 1.34794 -2.58406
v 1.53477 1.34794 -2.45099
v 1.5617 1.34794 -2.45101
v 1.56156 1.34794 -2.58409
v 1.3706 1.35011 -2.58389
v 1.37074 1.35011 -2.45081
v 1.37074 1.5719 -2.45081
v 1.3706 1.5719 -2.58389
v 1.36493 1.57407 -2.58388
v 1.36507 1.57407 -2.45081
v 1.33815 1.57407 -2.45078
v 1.33801 1.57407 -2.58385
v 1.33248 1.35011 -2.45077
v 1.33234 1.35011 -2.58385
v 1.33234 1.5719 -2.58385
v 1.33248 1.5719 -2.45077
v 1.33801 1.34794 -2.58385
v 1.33234 1.35011 -2.58385
v 1.33248 1.35011 -2.45077
v 1.33815 1.34794 -2.45078
v 1.33815 1.57407 -2.45078
v 1.33248 1.5719 -2.45077
v 1.33234 1.5719 -2.58385
v 1.33801 1.57407 -2.58385
v 1.36507 1.34794 -2.45081
v 1.37074 1.35011 -2.45081
v 1.3706 1.35011 -2.58389
v 1.36493 1.34794 -2.58388
v 1.36493 1.57407 -2.58388
v 1.3706 1.5719 -2.58389
v 1.37074 1.5719 -2.45081
v 1.36507 1.57407 -2.45081
v 1.33801 1.34794 -2.58385
v 1.33815 1.34794 -2.45078
v 1.36507 1.34794 -2.45081
v 1.36493 1.34794 -2.58388
v 1.4448 1.35011 -2.44884
v 1.41787 1.35011 -2.44881
v 1.41788 1.5719 -2.44881
v 1.4448 1.5719 -2.44884
v 1.45033 1.35011 -2.58397
v 1.45047 1.35011 -2.4509
v 1.45047 1.5719 -2.4509
v 1.45033 1.5719 -2.58397
v 1.44466 1.57407 -2.58397
v 1.4448 1.57407 -2.45089
v 1.41787 1.57407 -2.45086
v 1.41773 1.57407 -2.58394
v 1.4122 1.35011 -2.45086
v 1.41206 1.35011 -2.58393
v 1.41206 1.5719 -2.58393
v 1.4122 1.5719 -2.45086
v 1.41773 1.35011 -2.58599
v 1.44465 1.35011 -2.58601
v 1.44465 1.5719 -2.58601
v 1.41773 1.5719 -2.58598
v 1.41773 1.34794 -2.58394
v 1.41206 1.35011 -2.58393
v 1.4122 1.35011 -2.45086
v 1.41787 1.34794 -2.45086
v 1.41787 1.35011 -2.44881
v 1.4122 1.35011 -2.45086
v 1.4122 1.5719 -2.45086
v 1.41788 1.5719 -2.44881
v 1.41787 1.57407 -2.45086
v 1.4122 1.5719 -2.45086
v 1.41206 1.5719 -2.58393
v 1.41773 1.57407 -2.58394
v 1.41773 1.5719 -2.58598
v 1.41206 1.5719 -2.58393
v 1.41206 1.35011 -2.58393
v 1.41773 1.35011 -2.58599
v 1.44466 1.34794 -2.58397
v 1.44465 1.35011 -2.58601
v 1.41773 1.35011 -2.58599
v 1.41773 1.34794 -2.58394
v 1.41773 1.57407 -2.58394
v 1.41773 1.5719 -2.58598
v 1.44465 1.5719 -2.58601
v 1.44466 1.57407 -2.58397
v 1.45033 1.5719 -2.58397
v 1.44465 1.5719 -2.58601
v 1.44465 1.35011 -2.58601
v 1.45033 1.35011 -2.58397
v 1.4448 1.34794 -2.45089
v 1.45047 1.35011 -2.4509
v 1.45033 1.35011 -2.58397
v 1.44466 1.34794 -2.58397
v 1.44466 1.57407 -2.58397
v 1.45033 1.5719 -2.58397
v 1.45047 1.5719 -2.4509
v 1.4448 1.57407 -2.45089
v 1.4448 1.5719 -2.44884
v 1.45047 1.5719 -2.4509
v 1.45047 1.35011 -2.4509
v 1.4448 1.35011 -2.44884
v 1.41787 1.34794 -2.45086
v 1.41787 1.35011 -2.44881
v 1.4448 1.35011 -2.44884
v 1.4448 1.34794 -2.45089
v 1.4448 1.57407 -2.45089
v 1.4448 1.5719 -2.44884
v 1.41788 1.5719 -2.44881
v 1.41787 1.57407 -2.45086
v 1.41773 1.34794 -2.58394
v 1.41787 1.34794 -2.45086
v 1.4448 1.34794 -2.45089
v 1.44466 1.34794 -2.58397
v 1.40901 1.35011 -2.58393
v 1.40915 1.35011 -2.45085
v 1.40915 1.5719 -2.45085
v 1.40901 1.5719 -2.58393
v 1.40334 1.57407 -2.58392
v 1.40348 1.57407 -2.45085
v 1.37656 1.57407 -2.45082
v 1.37642 1.57407 -2.58389
v 1.37089 1.35011 -2.45081
v 1.37075 1.35011 -2.58389
v 1.37075 1.5719 -2.58389
v 1.37089 1.5719 -2.45081
v 1.37642 1.34794 -2.58389
v 1.37075 1.35011 -2.58389
v 1.37089 1.35011 -2.45081
v 1.37656 1.34794 -2.45082
v 1.37656 1.57407 -2.45082
v 1.37089 1.5719 -2.45081
v 1.37075 1.5719 -2.58389
v 1.37642 1.57407 -2.58389
v 1.40348 1.34794 -2.45085
v 1.40915 1.35011 -2.45085
v 1.40901 1.35011 -2.58393
v 1.40334 1.34794 -2.58392
v 1.40334 1.57407 -2.58392
v 1.40901 1.5719 -2.58393
v 1.40915 1.5719 -2.45085
v 1.40348 1.57407 -2.45085
v 1.37642 1.34794 -2.58389
v 1.37656 1.34794 -2.45082
v 1.40348 1.34794 -2.45085
v 1.40334 1.34794 -2.58392
v 1.72173 1.34794 -2.45118
v 1.71606 1.35011 -2.45118
v 1.72173 1.35011 -2.44913
v 1.72173 1.5719 -2.44913
v 1.71606 1.5719 -2.45118
v 1.72173 1.57407 -2.45118
v 1.72159 1.34794 -2.58426
v 1.72159 1.35011 -2.5863
v 1.71592 1.35011 -2.58425
v 1.72159 1.57407 -2.58426
v 1.71592 1.5719 -2.58425
v 1.72159 1.5719 -2.5863
v 1.74865 1.34794 -2.45121
v 1.74865 1.35011 -2.44916
v 1.75432 1.35011 -2.45122
v 1.74865 1.57407 -2.45121
v 1.75432 1.5719 -2.45122
v 1.74865 1.5719 -2.44916
v 1.74851 1.34794 -2.58429
v 1.75418 1.35011 -2.58429
v 1.74851 1.35011 -2.58633
v 1.74851 1.57407 -2.58428
v 1.74851 1.5719 -2.58633
v 1.75418 1.5719 -2.58429
v 1.49652 1.34794 -2.45095
v 1.49085 1.35011 -2.45094
v 1.49652 1.35011 -2.4489
v 1.49652 1.5719 -2.4489
v 1.49085 1.5719 -2.45094
v 1.49652 1.57407 -2.45094
v 1.49638 1.34794 -2.58402
v 1.49638 1.35011 -2.58607
v 1.49071 1.35011 -2.58401
v 1.49638 1.57407 -2.58402
v 1.49071 1.5719 -2.58401
v 1.49638 1.5719 -2.58607
v 1.52344 1.34794 -2.45097
v 1.52344 1.35011 -2.44893
v 1.52911 1.35011 -2.45098
v 1.52344 1.57407 -2.45097
v 1.52911 1.5719 -2.45098
v 1.52344 1.5719 -2.44893
v 1.5233 1.34794 -2.58405
v 1.52898 1.35011 -2.58405
v 1.5233 1.35011 -2.5861
v 1.5233 1.57407 -2.58405
v 1.5233 1.5719 -2.5861
v 1.52898 1.5719 -2.58405
v 1.74865 1.35011 -2.44916
v 1.72173 1.35011 -2.44913
v 1.72173 1.5719 -2.44913
v 1.74865 1.5719 -2.44916
v 1.72159 1.35011 -2.5863
v 1.74851 1.35011 -2.58633
v 1.74851 1.5719 -2.58633
v 1.72159 1.5719 -2.5863
v 1.72173 1.35011 -2.44913
v 1.71606 1.35011 -2.45118
v 1.71606 1.5719 -2.45118
v 1.72173 1.5719 -2.44913
v 1.72159 1.5719 -2.5863
v 1.71592 1.5719 -2.58425
v 1.71592 1.35011 -2.58425
v 1.72159 1.35011 -2.5863
v 1.74851 1.34794 -2.58429
v 1.74851 1.35011 -2.58633
v 1.72159 1.35011 -2.5863
v 1.72159 1.34794 -2.58426
v 1.72159 1.57407 -2.58426
v 1.72159 1.5719 -2.5863
v 1.74851 1.5719 -2.58633
v 1.74851 1.57407 -2.58428
v 1.75418 1.5719 -2.58429
v 1.74851 1.5719 -2.58633
v 1.74851 1.35011 -2.58633
v 1.75418 1.35011 -2.58429
v 1.74865 1.5719 -2.44916
v 1.75432 1.5719 -2.45122
v 1.75432 1.35011 -2.45122
v 1.74865 1.35011 -2.44916
v 1.72173 1.34794 -2.45118
v 1.72173 1.35011 -2.44913
v 1.74865 1.35011 -2.44916
v 1.74865 1.34794 -2.45121
v 1.74865 1.57407 -2.45121
v 1.74865 1.5719 -2.44916
v 1.72173 1.5719 -2.44913
v 1.72173 1.57407 -2.45118
v 1.52344 1.35011 -2.44893
v 1.49652 1.35011 -2.4489
v 1.49652 1.5719 -2.4489
v 1.52344 1.5719 -2.44893
v 1.49638 1.35011 -2.58607
v 1.5233 1.35011 -2.5861
v 1.5233 1.5719 -2.5861
v 1.49638 1.5719 -2.58607
v 1.49652 1.35011 -2.4489
v 1.49085 1.35011 -2.45094
v 1.49085 1.5719 -2.45094
v 1.49652 1.5719 -2.4489
v 1.49638 1.5719 -2.58607
v 1.49071 1.5719 -2.58401
v 1.49071 1.35011 -2.58401
v 1.49638 1.35011 -2.58607
v 1.5233 1.34794 -2.58405
v 1.5233 1.35011 -2.5861
v 1.49638 1.35011 -2.58607
v 1.49638 1.34794 -2.58402
v 1.49638 1.57407 -2.58402
v 1.49638 1.5719 -2.58607
v 1.5233 1.5719 -2.5861
v 1.5233 1.57407 -2.58405
v 1.52898 1.5719 -2.58405
v 1.5233 1.5719 -2.5861
v 1.5233 1.35011 -2.5861
v 1.52898 1.35011 -2.58405
v 1.52344 1.5719 -2.44893
v 1.52911 1.5719 -2.45098
v 1.52911 1.35011 -2.45098
v 1.52344 1.35011 -2.44893
v 1.49652 1.34794 -2.45095
v 1.49652 1.35011 -2.4489
v 1.52344 1.35011 -2.44893
v 1.52344 1.34794 -2.45097
v 1.52344 1.57407 -2.45097
v 1.52344 1.5719 -2.44893
v 1.49652 1.5719 -2.4489
v 1.49652 1.57407 -2.45094
v 1.29726 1.34794 -2.45074
v 1.29158 1.35011 -2.45073
v 1.29726 1.35011 -2.44869
v 1.29726 1.5719 -2.44869
v 1.29158 1.5719 -2.45073
v 1.29726 1.57407 -2.45074
v 1.29712 1.34794 -2.58381
v 1.29712 1.35011 -2.58586
v 1.29144 1.35011 -2.5838
v 1.29712 1.57407 -2.58381
v 1.29144 1.5719 -2.5838
v 1.29712 1.5719 -2.58586
v 1.32418 1.34794 -2.45076
v 1.32418 1.35011 -2.44872
v 1.32985 1.35011 -2.45077
v 1.32418 1.57407 -2.45076
v 1.32985 1.5719 -2.45077
v 1.32418 1.5719 -2.44872
v 1.32404 1.34794 -2.58384
v 1.32971 1.35011 -2.58385
v 1.32404 1.35011 -2.58589
v 1.32404 1.57407 -2.58384
v 1.32404 1.5719 -2.58589
v 1.32971 1.5719 -2.58384
v 1.33815 1.34794 -2.45078
v 1.33248 1.35011 -2.45077
v 1.33815 1.35011 -2.44873
v 1.33815 1.5719 -2.44873
v 1.33248 1.5719 -2.45077
v 1.33815 1.57407 -2.45078
v 1.33801 1.34794 -2.58385
v 1.33801 1.35011 -2.5859
v 1.33234 1.35011 -2.58385
v 1.33801 1.57407 -2.58385
v 1.33234 1.5719 -2.58385
v 1.33801 1.5719 -2.5859
v 1.36507 1.34794 -2.45081
v 1.36507 1.35011 -2.44876
v 1.37074 1.35011 -2.45081
v 1.36507 1.57407 -2.45081
v 1.37074 1.5719 -2.45081
v 1.36507 1.5719 -2.44876
v 1.36493 1.34794 -2.58388
v 1.3706 1.35011 -2.58389
v 1.36493 1.35011 -2.58593
v 1.36493 1.57407 -2.58388
v 1.36493 1.5719 -2.58593
v 1.3706 1.5719 -2.58389
v 1.32418 1.35011 -2.44872
v 1.29726 1.35011 -2.44869
v 1.29726 1.5719 -2.44869
v 1.32418 1.5719 -2.44872
v 1.32971 1.35011 -2.58385
v 1.32985 1.35011 -2.45077
v 1.32985 1.5719 -2.45077
v 1.32971 1.5719 -2.58384
v 1.32404 1.57407 -2.58384
v 1.32418 1.57407 -2.45076
v 1.29726 1.57407 -2.45074
v 1.29712 1.57407 -2.58381
v 1.29158 1.35011 -2.45073
v 1.29144 1.35011 -2.5838
v 1.29144 1.5719 -2.5838
v 1.29158 1.5719 -2.45073
v 1.29712 1.35011 -2.58586
v 1.32404 1.35011 -2.58589
v 1.32404 1.5719 -2.58589
v 1.29712 1.5719 -2.58586
v 1.29712 1.34794 -2.58381
v 1.29144 1.35011 -2.5838
v 1.29158 1.35011 -2.45073
v 1.29726 1.34794 -2.45074
v 1.29726 1.35011 -2.44869
v 1.29158 1.35011 -2.45073
v 1.29158 1.5719 -2.45073
v 1.29726 1.5719 -2.44869
v 1.29726 1.57407 -2.45074
v 1.29158 1.5719 -2.45073
v 1.29144 1.5719 -2.5838
v 1.29712 1.57407 -2.58381
v 1.29712 1.5719 -2.58586
v 1.29144 1.5719 -2.5838
v 1.29144 1.35011 -2.5838
v 1.29712 1.35011 -2.58586
v 1.32404 1.34794 -2.58384
v 1.32404 1.35011 -2.58589
v 1.29712 1.35011 -2.58586
v 1.29712 1.34794 -2.58381
v 1.29712 1.57407 -2.58381
v 1.29712 1.5719 -2.58586
v 1.32404 1.5719 -2.58589
v 1.32404 1.57407 -2.58384
v 1.32971 1.5719 -2.58384
v 1.32404 1.5719 -2.58589
v 1.32404 1.35011 -2.58589
v 1.32971 1.35011 -2.58385
v 1.32418 1.34794 -2.45076
v 1.32985 1.35011 -2.45077
v 1.32971 1.35011 -2.58385
v 1.32404 1.34794 -2.58384
v 1.32404 1.57407 -2.58384
v 1.32971 1.5719 -2.58384
v 1.32985 1.5719 -2.45077
v 1.32418 1.57407 -2.45076
v 1.32418 1.5719 -2.44872
v 1.32985 1.5719 -2.45077
v 1.32985 1.35011 -2.45077
v 1.32418 1.35011 -2.44872
v 1.29726 1.34794 -2.45074
v 1.29726 1.35011 -2.44869
v 1.32418 1.35011 -2.44872
v 1.32418 1.34794 -2.45076
v 1.32418 1.57407 -2.45076
v 1.32418 1.5719 -2.44872
v 1.29726 1.5719 -2.44869
v 1.29726 1.57407 -2.45074
v 1.29712 1.34794 -2.58381
v 1.29726 1.34794 -2.45074
v 1.32418 1.34794 -2.45076
v 1.32404 1.34794 -2.58384
v 1.36507 1.35011 -2.44876
v 1.33815 1.35011 -2.44873
v 1.33815 1.5719 -2.44873
v 1.36507 1.5719 -2.44876
v 1.33801 1.35011 -2.5859
v 1.36493 1.35011 -2.58593
v 1.36493 1.5719 -2.58593
v 1.33801 1.5719 -2.5859
v 1.33815 1.35011 -2.44873
v 1.33248 1.35011 -2.45077
v 1.33248 1.5719 -2.45077
v 1.33815 1.5719 -2.44873
v 1.33801 1.5719 -2.5859
v 1.33234 1.5719 -2.58385
v 1.33234 1.35011 -2.58385
v 1.33801 1.35011 -2.5859
v 1.36493 1.34794 -2.58388
v 1.36493 1.35011 -2.58593
v 1.33801 1.35011 -2.5859
v 1.33801 1.34794 -2.58385
v 1.33801 1.57407 -2.58385
v 1.33801 1.5719 -2.5859
v 1.36493 1.5719 -2.58593
v 1.36493 1.57407 -2.58388
v 1.3706 1.5719 -2.58389
v 1.36493 1.5719 -2.58593
v 1.36493 1.35011 -2.58593
v 1.3706 1.35011 -2.58389
v 1.36507 1.5719 -2.44876
v 1.37074 1.5719 -2.45081
v 1.37074 1.35011 -2.45081
v 1.36507 1.35011 -2.44876
v 1.33815 1.34794 -2.45078
v 1.33815 1.35011 -2.44873
v 1.36507 1.35011 -2.44876
v 1.36507 1.34794 -2.45081
v 1.36507 1.57407 -2.45081
v 1.36507 1.5719 -2.44876
v 1.33815 1.5719 -2.44873
v 1.33815 1.57407 -2.45078
v 1.68464 1.34794 -2.45114
v 1.67897 1.35011 -2.45114
v 1.68464 1.35011 -2.44909
v 1.68464 1.5719 -2.44909
v 1.67897 1.5719 -2.45114
v 1.68464 1.57407 -2.45114
v 1.6845 1.34794 -2.58422
v 1.6845 1.35011 -2.58627
v 1.67883 1.35011 -2.58421
v 1.6845 1.57407 -2.58422
v 1.67883 1.5719 -2.58421
v 1.6845 1.5719 -2.58627
v 1.71156 1.34794 -2.45117
v 1.71156 1.35011 -2.44912
v 1.71723 1.35011 -2.45118
v 1.71156 1.57407 -2.45117
v 1.71723 1.5719 -2.45118
v 1.71156 1.5719 -2.44912
v 1.71142 1.34794 -2.58425
v 1.71709 1.35011 -2.58425
v 1.71142 1.35011 -2.58629
v 1.71142 1.57407 -2.58425
v 1.71142 1.5719 -2.58629
v 1.71709 1.5719 -2.58425
v 1.71156 1.35011 -2.44912
v 1.68464 1.35011 -2.44909
v 1.68464 1.5719 -2.44909
v 1.71156 1.5719 -2.44912
v 1.6845 1.35011 -2.58627
v 1.71142 1.35011 -2.58629
v 1.71142 1.5719 -2.58629
v 1.6845 1.5719 -2.58627
v 1.68464 1.35011 -2.44909
v 1.67897 1.35011 -2.45114
v 1.67897 1.5719 -2.45114
v 1.68464 1.5719 -2.44909
v 1.6845 1.5719 -2.58627
v 1.67883 1.5719 -2.58421
v 1.67883 1.35011 -2.58421
v 1.6845 1.35011 -2.58627
v 1.71142 1.34794 -2.58425
v 1.71142 1.35011 -2.58629
v 1.6845 1.35011 -2.58627
v 1.6845 1.34794 -2.58422
v 1.6845 1.57407 -2.58422
v 1.6845 1.5719 -2.58627
v 1.71142 1.5719 -2.58629
v 1.71142 1.57407 -2.58425
v 1.71709 1.5719 -2.58425
v 1.71142 1.5719 -2.58629
v 1.71142 1.35011 -2.58629
v 1.71709 1.35011 -2.58425
v 1.71156 1.5719 -2.44912
v 1.71723 1.5719 -2.45118
v 1.71723 1.35011 -2.45118
v 1.71156 1.35011 -2.44912
v 1.68464 1.34794 -2.45114
v 1.68464 1.35011 -2.44909
v 1.71156 1.35011 -2.44912
v 1.71156 1.34794 -2.45117
v 1.71156 1.57407 -2.45117
v 1.71156 1.5719 -2.44912
v 1.68464 1.5719 -2.44909
v 1.68464 1.57407 -2.45114
v 1.61111 1.34794 -2.45107
v 1.60543 1.35011 -2.45106
v 1.61111 1.35011 -2.44902
v 1.61111 1.5719 -2.44902
v 1.60543 1.5719 -2.45106
v 1.61111 1.57407 -2.45107
v 1.61097 1.34794 -2.58414
v 1.61096 1.35011 -2.58619
v 1.60529 1.35011 -2.58413
v 1.61097 1.57407 -2.58414
v 1.60529 1.5719 -2.58413
v 1.61096 1.5719 -2.58619
v 1.63803 1.34794 -2.45109
v 1.63803 1.35011 -2.44905
v 1.6437 1.35011 -2.4511
v 1.63803 1.57407 -2.45109
v 1.6437 1.5719 -2.4511
v 1.63803 1.5719 -2.44905
v 1.63789 1.34794 -2.58417
v 1.64356 1.35011 -2.58417
v 1.63789 1.35011 -2.58622
v 1.63789 1.57407 -2.58417
v 1.63789 1.5719 -2.58622
v 1.64356 1.5719 -2.58417
v 1.57374 1.34794 -2.45103
v 1.56807 1.35011 -2.45102
v 1.57375 1.35011 -2.44898
v 1.57375 1.5719 -2.44898
v 1.56807 1.5719 -2.45102
v 1.57374 1.57407 -2.45103
v 1.5736 1.34794 -2.5841
v 1.5736 1.35011 -2.58615
v 1.56793 1.35011 -2.5841
v 1.5736 1.57407 -2.5841
v 1.56793 1.5719 -2.58409
v 1.5736 1.5719 -2.58615
v 1.60067 1.34794 -2.45105
v 1.60067 1.35011 -2.44901
v 1.60634 1.35011 -2.45106
v 1.60067 1.57407 -2.45105
v 1.60634 1.5719 -2.45106
v 1.60067 1.5719 -2.44901
v 1.60053 1.34794 -2.58413
v 1.6062 1.35011 -2.58414
v 1.60052 1.35011 -2.58618
v 1.60053 1.57407 -2.58413
v 1.60052 1.5719 -2.58618
v 1.6062 1.5719 -2.58413
v 1.53477 1.34794 -2.45099
v 1.5291 1.35011 -2.45098
v 1.53478 1.35011 -2.44894
v 1.53478 1.5719 -2.44894
v 1.5291 1.5719 -2.45098
v 1.53477 1.57407 -2.45098
v 1.53463 1.34794 -2.58406
v 1.53463 1.35011 -2.58611
v 1.52896 1.35011 -2.58405
v 1.53463 1.57407 -2.58406
v 1.52896 1.5719 -2.58405
v 1.53463 1.5719 -2.58611
v 1.5617 1.34794 -2.45101
v 1.5617 1.35011 -2.44897
v 1.56737 1.35011 -2.45102
v 1.5617 1.57407 -2.45101
v 1.56737 1.5719 -2.45102
v 1.5617 1.5719 -2.44897
v 1.56156 1.34794 -2.58409
v 1.56723 1.35011 -2.58409
v 1.56155 1.35011 -2.58614
v 1.56156 1.57407 -2.58409
v 1.56155 1.5719 -2.58614
v 1.56723 1.5719 -2.58409
v 1.63803 1.35011 -2.44905
v 1.61111 1.35011 -2.44902
v 1.61111 1.5719 -2.44902
v 1.63803 1.5719 -2.44905
v 1.61096 1.35011 -2.58619
v 1.63789 1.35011 -2.58622
v 1.63789 1.5719 -2.58622
v 1.61096 1.5719 -2.58619
v 1.61111 1.35011 -2.44902
v 1.60543 1.35011 -2.45106
v 1.60543 1.5719 -2.45106
v 1.61111 1.5719 -2.44902
v 1.61096 1.5719 -2.58619
v 1.60529 1.5719 -2.58413
v 1.60529 1.35011 -2.58413
v 1.61096 1.35011 -2.58619
v 1.63789 1.34794 -2.58417
v 1.63789 1.35011 -2.58622
v 1.61096 1.35011 -2.58619
v 1.61097 1.34794 -2.58414
v 1.61097 1.57407 -2.58414
v 1.61096 1.5719 -2.58619
v 1.63789 1.5719 -2.58622
v 1.63789 1.57407 -2.58417
v 1.64356 1.5719 -2.58417
v 1.63789 1.5719 -2.58622
v 1.63789 1.35011 -2.58622
v 1.64356 1.35011 -2.58417
v 1.63803 1.5719 -2.44905
v 1.6437 1.5719 -2.4511
v 1.6437 1.35011 -2.4511
v 1.63803 1.35011 -2.44905
v 1.61111 1.34794 -2.45107
v 1.61111 1.35011 -2.44902
v 1.63803 1.35011 -2.44905
v 1.63803 1.34794 -2.45109
v 1.63803 1.57407 -2.45109
v 1.63803 1.5719 -2.44905
v 1.61111 1.5719 -2.44902
v 1.61111 1.57407 -2.45107
v 1.60067 1.35011 -2.44901
v 1.57375 1.35011 -2.44898
v 1.57375 1.5719 -2.44898
v 1.60067 1.5719 -2.44901
v 1.5736 1.35011 -2.58615
v 1.60052 1.35011 -2.58618
v 1.60052 1.5719 -2.58618
v 1.5736 1.5719 -2.58615
v 1.57375 1.35011 -2.44898
v 1.56807 1.35011 -2.45102
v 1.56807 1.5719 -2.45102
v 1.57375 1.5719 -2.44898
v 1.5736 1.5719 -2.58615
v 1.56793 1.5719 -2.58409
v 1.56793 1.35011 -2.5841
v 1.5736 1.35011 -2.58615
v 1.60053 1.34794 -2.58413
v 1.60052 1.35011 -2.58618
v 1.5736 1.35011 -2.58615
v 1.5736 1.34794 -2.5841
v 1.5736 1.57407 -2.5841
v 1.5736 1.5719 -2.58615
v 1.60052 1.5719 -2.58618
v 1.60053 1.57407 -2.58413
v 1.6062 1.5719 -2.58413
v 1.60052 1.5719 -2.58618
v 1.60052 1.35011 -2.58618
v 1.6062 1.35011 -2.58414
v 1.60067 1.5719 -2.44901
v 1.60634 1.5719 -2.45106
v 1.60634 1.35011 -2.45106
v 1.60067 1.35011 -2.44901
v 1.57374 1.34794 -2.45103
v 1.57375 1.35011 -2.44898
v 1.60067 1.35011 -2.44901
v 1.60067 1.34794 -2.45105
v 1.60067 1.57407 -2.45105
v 1.60067 1.5719 -2.44901
v 1.57375 1.5719 -2.44898
v 1.57374 1.57407 -2.45103
v 1.5617 1.35011 -2.44897
v 1.53478 1.35011 -2.44894
v 1.53478 1.5719 -2.44894
v 1.5617 1.5719 -2.44897
v 1.53463 1.35011 -2.58611
v 1.56155 1.35011 -2.58614
v 1.56155 1.5719 -2.58614
v 1.53463 1.5719 -2.58611
v 1.53478 1.35011 -2.44894
v 1.5291 1.35011 -2.45098
v 1.5291 1.5719 -2.45098
v 1.53478 1.5719 -2.44894
v 1.53463 1.5719 -2.58611
v 1.52896 1.5719 -2.58405
v 1.52896 1.35011 -2.58405
v 1.53463 1.35011 -2.58611
v 1.56156 1.34794 -2.58409
v 1.56155 1.35011 -2.58614
v 1.53463 1.35011 -2.58611
v 1.53463 1.34794 -2.58406
v 1.53463 1.57407 -2.58406
v 1.53463 1.5719 -2.58611
v 1.56155 1.5719 -2.58614
v 1.56156 1.57407 -2.58409
v 1.56723 1.5719 -2.58409
v 1.56155 1.5719 -2.58614
v 1.56155 1.35011 -2.58614
v 1.56723 1.35011 -2.58409
v 1.5617 1.5719 -2.44897
v 1.56737 1.5719 -2.45102
v 1.56737 1.35011 -2.45102
v 1.5617 1.35011 -2.44897
v 1.53477 1.34794 -2.45099
v 1.53478 1.35011 -2.44894
v 1.5617 1.35011 -2.44897
v 1.5617 1.34794 -2.45101
v 1.5617 1.57407 -2.45101
v 1.5617 1.5719 -2.44897
v 1.53478 1.5719 -2.44894
v 1.53477 1.57407 -2.45098
v 1.45641 1.34794 -2.4509
v 1.45073 1.35011 -2.4509
v 1.45641 1.35011 -2.44886
v 1.45641 1.5719 -2.44885
v 1.45073 1.5719 -2.4509
v 1.45641 1.57407 -2.4509
v 1.45627 1.34794 -2.58398
v 1.45627 1.35011 -2.58603
v 1.4506 1.35011 -2.58397
v 1.45627 1.57407 -2.58398
v 1.4506 1.5719 -2.58397
v 1.45627 1.5719 -2.58603
v 1.48333 1.34794 -2.45093
v 1.48333 1.35011 -2.44888
v 1.489 1.35011 -2.45094
v 1.48333 1.57407 -2.45093
v 1.489 1.5719 -2.45094
v 1.48333 1.5719 -2.44888
v 1.48319 1.34794 -2.58401
v 1.48886 1.35011 -2.58401
v 1.48319 1.35011 -2.58605
v 1.48319 1.57407 -2.58401
v 1.48319 1.5719 -2.58605
v 1.48886 1.5719 -2.58401
v 1.48333 1.35011 -2.44888
v 1.45641 1.35011 -2.44886
v 1.45641 1.5719 -2.44885
v 1.48333 1.5719 -2.44888
v 1.45627 1.35011 -2.58603
v 1.48319 1.35011 -2.58605
v 1.48319 1.5719 -2.58605
v 1.45627 1.5719 -2.58603
v 1.45641 1.35011 -2.44886
v 1.45073 1.35011 -2.4509
v 1.45073 1.5719 -2.4509
v 1.45641 1.5719 -2.44885
v 1.45627 1.5719 -2.58603
v 1.4506 1.5719 -2.58397
v 1.4506 1.35011 -2.58397
v 1.45627 1.35011 -2.58603
v 1.48319 1.34794 -2.58401
v 1.48319 1.35011 -2.58605
v 1.45627 1.35011 -2.58603
v 1.45627 1.34794 -2.58398
v 1.45627 1.57407 -2.58398
v 1.45627 1.5719 -2.58603
v 1.48319 1.5719 -2.58605
v 1.48319 1.57407 -2.58401
v 1.48886 1.5719 -2.58401
v 1.48319 1.5719 -2.58605
v 1.48319 1.35011 -2.58605
v 1.48886 1.35011 -2.58401
v 1.48333 1.5719 -2.44888
v 1.489 1.5719 -2.45094
v 1.489 1.35011 -2.45094
v 1.48333 1.35011 -2.44888
v 1.45641 1.34794 -2.4509
v 1.45641 1.35011 -2.44886
v 1.48333 1.35011 -2.44888
v 1.48333 1.34794 -2.45093
v 1.48333 1.57407 -2.45093
v 1.48333 1.5719 -2.44888
v 1.45641 1.5719 -2.44885
v 1.45641 1.57407 -2.4509
v 1.37656 1.34794 -2.45082
v 1.37089 1.35011 -2.45081
v 1.37656 1.35011 -2.44877
v 1.37656 1.5719 -2.44877
v 1.37089 1.5719 -2.45081
v 1.37656 1.57407 -2.45082
v 1.37642 1.34794 -2.58389
v 1.37642 1.35011 -2.58594
v 1.37075 1.35011 -2.58389
v 1.37642 1.57407 -2.58389
v 1.37075 1.5719 -2.58389
v 1.37642 1.5719 -2.58594
v 1.40348 1.34794 -2.45085
v 1.40348 1.35011 -2.4488
v 1.40915 1.35011 -2.45085
v 1.40348 1.57407 -2.45085
v 1.40915 1.5719 -2.45085
v 1.40348 1.5719 -2.4488
v 1.40334 1.34794 -2.58392
v 1.40901 1.35011 -2.58393
v 1.40334 1.35011 -2.58597
v 1.40334 1.57407 -2.58392
v 1.40334 1.5719 -2.58597
v 1.40901 1.5719 -2.58393
v 1.40348 1.35011 -2.4488
v 1.37656 1.35011 -2.44877
v 1.37656 1.5719 -2.44877
v 1.40348 1.5719 -2.4488
v 1.37642 1.35011 -2.58594
v 1.40334 1.35011 -2.58597
v 1.40334 1.5719 -2.58597
v 1.37642 1.5719 -2.58594
v 1.37656 1.35011 -2.44877
v 1.37089 1.35011 -2.45081
v 1.37089 1.5719 -2.45081
v 1.37656 1.5719 -2.44877
v 1.37642 1.5719 -2.58594
v 1.37075 1.5719 -2.58389
v 1.37075 1.35011 -2.58389
v 1.37642 1.35011 -2.58594
v 1.40334 1.34794 -2.58392
v 1.40334 1.35011 -2.58597
v 1.37642 1.35011 -2.58594
v 1.37642 1.34794 -2.58389
v 1.37642 1.57407 -2.58389
v 1.37642 1.5719 -2.58594
v 1.40334 1.5719 -2.58597
v 1.40334 1.57407 -2.58392
v 1.40901 1.5719 -2.58393
v 1.40334 1.5719 -2.58597
v 1.40334 1.35011 -2.58597
v 1.40901 1.35011 -2.58393
v 1.40348 1.5719 -2.4488
v 1.40915 1.5719 -2.45085
v 1.40915 1.35011 -2.45085
v 1.40348 1.35011 -2.4488
v 1.37656 1.34794 -2.45082
v 1.37656 1.35011 -2.44877
v 1.40348 1.35011 -2.4488
v 1.40348 1.34794 -2.45085
v 1.40348 1.57407 -2.45085
v 1.40348 1.5719 -2.4488
v 1.37656 1.5719 -2.44877
v 1.37656 1.57407 -2.45082
vn 1.380001 1.077941 -2.111067
vn 1.380001 1.077941 -2.111067
vn 1.380001 1.077941 -2.111067
vn 1.38 1.844056 -2.111061
vn 1.38 1.844056 -2.111061
vn 1.38 1.844056 -2.111061
vn 1.379148 1.077943 -2.923664
vn 1.379148 1.077943 -2.923664
vn 1.379148 1.077943 -2.923664
vn 1.379147 1.844064 -2.923661
vn 1.379147 1.844064 -2.923661
vn 1.379147 1.844064 -2.923661
vn 1.673402 1.077942 -2.111377
vn 1.673402 1.077942 -2.111377
vn 1.673402 1.077942 -2.111377
vn 1.673404 1.844056 -2.111373
vn 1.673404 1.844056 -2.111373
vn 1.673404 1.844056 -2.111373
vn 1.672539 1.077943 -2.923973
vn 1.672539 1.077943 -2.923973
vn 1.672539 1.077943 -2.923973
vn 1.67255 1.844062 -2.923967
vn 1.67255 1.844062 -2.923967
vn 1.67255 1.844062 -2.923967
vn 1.526877 1.461 -1.940169
vn 1.526877 1.461 -1.940169
vn 1.526877 1.461 -1.940169
vn 1.526877 1.461 -1.940169
vn 1.525664 1.461003 -3.094869
vn 1.525664 1.461003 -3.094869
vn 1.525664 1.461003 -3.094869
vn 1.525664 1.461003 -3.094869
vn 1.330774 1.461 -1.974274
vn 1.330774 1.461 -1.974274
vn 1.330774 1.461 -1.974274
vn 1.330774 1.461 -1.974274
vn 1.329633 1.461003 -3.060351
vn 1.329633 1.461003 -3.060351
vn 1.329633 1.461003 -3.060351
vn 1.329633 1.461003 -3.060351
vn 1.525829 1.064945 -2.937604
vn 1.525829 1.064945 -2.937604
vn 1.525829 1.064945 -2.937604
vn 1.525829 1.064945 -2.937604
vn 1.525829 1.857061 -2.937602
vn 1.525829 1.857061 -2.937602
vn 1.525829 1.857061 -2.937602
vn 1.525829 1.857061 -2.937602
vn 1.721773 1.461003 -3.060761
vn 1.721773 1.461003 -3.060761
vn 1.721773 1.461003 -3.060761
vn 1.721773 1.461003 -3.060761
vn 1.722919 1.461 -1.97469
vn 1.722919 1.461 -1.97469
vn 1.722919 1.461 -1.97469
vn 1.722919 1.461 -1.97469
vn 1.526711 1.064943 -2.097435
vn 1.526711 1.064943 -2.097435
vn 1.526711 1.064943 -2.097435
vn 1.526711 1.064943 -2.097435
vn 1.526712 1.857054 -2.097429
vn 1.526712 1.857054 -2.097429
vn 1.526712 1.857054 -2.097429
vn 1.526712 1.857054 -2.097429
vn 1.380001 1.077941 -2.111067
vn 1.380001 1.077941 -2.111067
vn 1.380001 1.077941 -2.111067
vn 1.38 1.844055 -2.11106
vn 1.38 1.844055 -2.11106
vn 1.38 1.844055 -2.11106
vn 1.379148 1.077943 -2.923664
vn 1.379148 1.077943 -2.923664
vn 1.379148 1.077943 -2.923664
vn 1.379148 1.844062 -2.923663
vn 1.379148 1.844062 -2.923663
vn 1.379148 1.844062 -2.923663
vn 1.673393 1.077941 -2.111375
vn 1.673393 1.077941 -2.111375
vn 1.673393 1.077941 -2.111375
vn 1.673394 1.844055 -2.111368
vn 1.673394 1.844055 -2.111368
vn 1.673394 1.844055 -2.111368
vn 1.672549 1.077945 -2.923971
vn 1.672549 1.077945 -2.923971
vn 1.672549 1.077945 -2.923971
vn 1.672549 1.84406 -2.923969
vn 1.672549 1.84406 -2.923969
vn 1.672549 1.84406 -2.923969
vn 2.10362 1.461001 -2.518125
vn 2.10362 1.461001 -2.518125
vn 2.10362 1.461001 -2.518125
vn 2.10362 1.461001 -2.518125
vn 1.526271 2.038352 -2.517518
vn 1.526271 2.038352 -2.517518
vn 1.526271 2.038352 -2.517518
vn 1.526271 2.038352 -2.517518
vn 0.9489203 1.461002 -2.516912
vn 0.9489203 1.461002 -2.516912
vn 0.9489203 1.461002 -2.516912
vn 0.9489203 1.461002 -2.516912
vn 1.319792 0.9218355 -2.517303
vn 1.319792 0.9218355 -2.517303
vn 1.319792 0.9218355 -2.517303
vn 1.319792 0.9218355 -2.517303
vn 1.31979 2.000167 -2.517301
vn 1.31979 2.000167 -2.517301
vn 1.31979 2.000167 -2.517301
vn 1.31979 2.000167 -2.517301
vn 1.732754 0.9218379 -2.517737
vn 1.732754 0.9218379 -2.517737
vn 1.732754 0.9218379 -2.517737
vn 1.732754 0.9218379 -2.517737
vn 1.732763 2.000162 -2.517734
vn 1.732763 2.000162 -2.517734
vn 1.732763 2.000162 -2.517734
vn 1.732763 2.000162 -2.517734
vn 1.52627 0.8836514 -2.51752
vn 1.52627 0.8836514 -2.51752
vn 1.52627 0.8836514 -2.51752
vn 1.52627 0.8836514 -2.51752
vn 2.10362 1.461001 -2.518125
vn 2.10362 1.461001 -2.518125
vn 2.10362 1.461001 -2.518125
vn 2.10362 1.461001 -2.518125
vn 1.526271 2.038352 -2.517518
vn 1.526271 2.038352 -2.517518
vn 1.526271 2.038352 -2.517518
vn 1.526271 2.038352 -2.517518
vn 0.9489203 1.461002 -2.516912
vn 0.9489203 1.461002 -2.516912
vn 0.9489203 1.461002 -2.516912
vn 0.9489203 1.461002 -2.516912
vn 1.319792 0.9218355 -2.517303
vn 1.319792 0.9218355 -2.517303
vn 1.319792 0.9218355 -2.517303
vn 1.319792 0.9218355 -2.517303
vn 1.31979 2.000167 -2.517301
vn 1.31979 2.000167 -2.517301
vn 1.31979 2.000167 -2.517301
vn 1.31979 2.000167 -2.517301
vn 1.732748 0.9218354 -2.517737
vn 1.732748 0.9218354 -2.517737
vn 1.732748 0.9218354 -2.517737
vn 1.732748 0.9218354 -2.517737
vn 1.732751 2.000167 -2.517735
vn 1.732751 2.000167 -2.517735
vn 1.732751 2.000167 -2.517735
vn 1.732751 2.000167 -2.517735
vn 1.52627 0.8836514 -2.51752
vn 1.52627 0.8836514 -2.51752
vn 1.52627 0.8836514 -2.51752
vn 1.52627 0.8836514 -2.51752
vn 2.10362 1.461001 -2.518127
vn 2.10362 1.461001 -2.518127
vn 2.10362 1.461001 -2.518127
vn 2.10362 1.461001 -2.518127
vn 1.526271 2.038352 -2.517518
vn 1.526271 2.038352 -2.517518
vn 1.526271 2.038352 -2.517518
vn 1.526271 2.038352 -2.517518
vn 0.9489203 1.461002 -2.516911
vn 0.9489203 1.461002 -2.516911
vn 0.9489203 1.461002 -2.516911
vn 0.9489203 1.461002 -2.516911
vn 1.319786 0.921838 -2.517303
vn 1.319786 0.921838 -2.517303
vn 1.319786 0.921838 -2.517303
vn 1.319786 0.921838 -2.517303
vn 1.319784 2.000165 -2.5173
vn 1.319784 2.000165 -2.5173
vn 1.319784 2.000165 -2.5173
vn 1.319784 2.000165 -2.5173
vn 1.732741 0.9218329 -2.517737
vn 1.732741 0.9218329 -2.517737
vn 1.732741 0.9218329 -2.517737
vn 1.732741 0.9218329 -2.517737
vn 1.732744 2.00017 -2.517735
vn 1.732744 2.00017 -2.517735
vn 1.732744 2.00017 -2.517735
vn 1.732744 2.00017 -2.517735
vn 1.52627 0.8836514 -2.51752
vn 1.52627 0.8836514 -2.51752
vn 1.52627 0.8836514 -2.51752
vn 1.52627 0.8836514 -2.51752
vn 2.10362 1.461001 -2.518125
vn 2.10362 1.461001 -2.518125
vn 2.10362 1.461001 -2.518125
vn 2.10362 1.461001 -2.518125
vn 1.526271 2.038352 -2.517518
vn 1.526271 2.038352 -2.517518
vn 1.526271 2.038352 -2.517518
vn 1.526271 2.038352 -2.517518
vn 0.9489203 1.461002 -2.516912
vn 0.9489203 1.461002 -2.516912
vn 0.9489203 1.461002 -2.516912
vn 0.9489203 1.461002 -2.516912
vn 1.319792 0.9218356 -2.517303
vn 1.319792 0.9218356 -2.517303
vn 1.319792 0.9218356 -2.517303
vn 1.319792 0.9218356 -2.517303
vn 1.31979 2.000167 -2.517301
vn 1.31979 2.000167 -2.517301
vn 1.31979 2.000167 -2.517301
vn 1.31979 2.000167 -2.517301
vn 1.732754 0.9218379 -2.517737
vn 1.732754 0.9218379 -2.517737
vn 1.732754 0.9218379 -2.517737
vn 1.732754 0.9218379 -2.517737
vn 1.732757 2.000165 -2.517735
vn 1.732757 2.000165 -2.517735
vn 1.732757 2.000165 -2.517735
vn 1.732757 2.000165 -2.517735
vn 1.52627 0.8836514 -2.51752
vn 1.52627 0.8836514 -2.51752
vn 1.52627 0.8836514 -2.51752
vn 1.52627 0.8836514 -2.51752
vn 2.10362 1.461001 -2.518125
vn 2.10362 1.461001 -2.518125
vn 2.10362 1.461001 -2.518125
vn 2.10362 1.461001 -2.518125
vn 1.526271 2.038352 -2.517518
vn 1.526271 2.038352 -2.517518
vn 1.526271 2.038352 -2.517518
vn 1.526271 2.038352 -2.517518
vn 0.9489203 1.461002 -2.516912
vn 0.9489203 1.461002 -2.516912
vn 0.9489203 1.461002 -2.516912
vn 0.9489203 1.461002 -2.516912
vn 1.319792 0.9218355 -2.517303
vn 1.319792 0.9218355 -2.517303
vn 1.319792 0.9218355 -2.517303
vn 1.319792 0.9218355 -2.517303
vn 1.31979 2.000167 -2.517301
vn 1.31979 2.000167 -2.517301
vn 1.31979 2.000167 -2.517301
vn 1.31979 2.000167 -2.517301
vn 1.732748 0.9218354 -2.517737
vn 1.732748 0.9218354 -2.517737
vn 1.732748 0.9218354 -2.517737
vn 1.732748 0.9218354 -2.517737
vn 1.732751 2.000167 -2.517735
vn 1.732751 2.000167 -2.517735
vn 1.732751 2.000167 -2.517735
vn 1.732751 2.000167 -2.517735
vn 1.52627 0.8836514 -2.51752
vn 1.52627 0.8836514 -2.51752
vn 1.52627 0.8836514 -2.51752
vn 1.52627 0.8836514 -2.51752
vn 2.10362 1.461001 -2.518125
vn 2.10362 1.461001 -2.518125
vn 2.10362 1.461001 -2.518125
vn 2.10362 1.461001 -2.518125
vn 1.526271 2.038352 -2.517518
vn 1.526271 2.038352 -2.517518
vn 1.526271 2.038352 -2.517518
vn 1.526271 2.038352 -2.517518
vn 0.9489203 1.461002 -2.516912
vn 0.9489203 1.461002 -2.516912
vn 0.9489203 1.461002 -2.516912
vn 0.9489203 1.461002 -2.516912
vn 1.319792 0.9218355 -2.517303
vn 1.319792 0.9218355 -2.517303
vn 1.319792 0.9218355 -2.517303
vn 1.319792 0.9218355 -2.517303
vn 1.31979 2.000167 -2.517301
vn 1.31979 2.000167 -2.517301
vn 1.31979 2.000167 -2.517301
vn 1.31979 2.000167 -2.517301
vn 1.732748 0.9218354 -2.517737
vn 1.732748 0.9218354 -2.517737
vn 1.732748 0.9218354 -2.517737
vn 1.732748 0.9218354 -2.517737
vn 1.732751 2.000167 -2.517735
vn 1.732751 2.000167 -2.517735
vn 1.732751 2.000167 -2.517735
vn 1.732751 2.000167 -2.517735
vn 1.52627 0.8836514 -2.51752
vn 1.52627 0.8836514 -2.51752
vn 1.52627 0.8836514 -2.51752
vn 1.52627 0.8836514 -2.51752
vn 2.10362 1.461001 -2.518125
vn 2.10362 1.461001 -2.518125
vn 2.10362 1.461001 -2.518125
vn 2.10362 1.461001 -2.518125
vn 1.526271 2.038352 -2.517518
vn 1.526271 2.038352 -2.517518
vn 1.526271 2.038352 -2.517518
vn 1.526271 2.038352 -2.517518
vn 0.9489203 1.461002 -2.516912
vn 0.9489203 1.461002 -2.516912
vn 0.9489203 1.461002 -2.516912
vn 0.9489203 1.461002 -2.516912
vn 1.319792 0.9218356 -2.517303
vn 1.319792 0.9218356 -2.517303
vn 1.319792 0.9218356 -2.517303
vn 1.319792 0.9218356 -2.517303
vn 1.31979 2.000167 -2.517301
vn 1.31979 2.000167 -2.517301
vn 1.31979 2.000167 -2.517301
vn 1.31979 2.000167 -2.517301
vn 1.732748 0.9218354 -2.517737
vn 1.732748 0.9218354 -2.517737
vn 1.732748 0.9218354 -2.517737
vn 1.732748 0.9218354 -2.517737
vn 1.732751 2.000167 -2.517735
vn 1.732751 2.000167 -2.517735
vn 1.732751 2.000167 -2.517735
vn 1.732751 2.000167 -2.517735
vn 1.52627 0.8836514 -2.51752
vn 1.52627 0.8836514 -2.51752
vn 1.52627 0.8836514 -2.51752
vn 1.52627 0.8836514 -2.51752
vn 2.10362 1.461001 -2.518125
vn 2.10362 1.461001 -2.518125
vn 2.10362 1.461001 -2.518125
vn 2.10362 1.461001 -2.518125
vn 1.526271 2.038352 -2.517518
vn 1.526271 2.038352 -2.517518
vn 1.526271 2.038352 -2.517518
vn 1.526271 2.038352 -2.517518
vn 0.9489203 1.461002 -2.516912
vn 0.9489203 1.461002 -2.516912
vn 0.9489203 1.461002 -2.516912
vn 0.9489203 1.461002 -2.516912
vn 1.319792 0.9218355 -2.517303
vn 1.319792 0.9218355 -2.517303
vn 1.319792 0.9218355 -2.517303
vn 1.319792 0.9218355 -2.517303
vn 1.31979 2.000167 -2.517301
vn 1.31979 2.000167 -2.517301
vn 1.31979 2.000167 -2.517301
vn 1.31979 2.000167 -2.517301
vn 1.732748 0.9218354 -2.517737
vn 1.732748 0.9218354 -2.517737
vn 1.732748 0.9218354 -2.517737
vn 1.732748 0.9218354 -2.517737
vn 1.732751 2.000167 -2.517735
vn 1.732751 2.000167 -2.517735
vn 1.732751 2.000167 -2.517735
vn 1.732751 2.000167 -2.517735
vn 1.52627 0.8836514 -2.51752
vn 1.52627 0.8836514 -2.51752
vn 1.52627 0.8836514 -2.51752
vn 1.52627 0.8836514 -2.51752
vn 2.10362 1.461001 -2.518125
vn 2.10362 1.461001 -2.518125
vn 2.10362 1.461001 -2.518125
vn 2.10362 1.461001 -2.518125
vn 1.526271 2.038352 -2.517518
vn 1.526271 2.038352 -2.517518
vn 1.526271 2.038352 -2.517518
vn 1.526271 2.038352 -2.517518
vn 0.9489203 1.461002 -2.516912
vn 0.9489203 1.461002 -2.516912
vn 0.9489203 1.461002 -2.516912
vn 0.9489203 1.461002 -2.516912
vn 1.319779 0.9218404 -2.517303
vn 1.319779 0.9218404 -2.517303
vn 1.319779 0.9218404 -2.517303
vn 1.319779 0.9218404 -2.517303
vn 1.319778 2.000162 -2.517301
vn 1.319778 2.000162 -2.517301
vn 1.319778 2.000162 -2.517301
vn 1.319778 2.000162 -2.517301
vn 1.732748 0.9218355 -2.517737
vn 1.732748 0.9218355 -2.517737
vn 1.732748 0.9218355 -2.517737
vn 1.732748 0.9218355 -2.517737
vn 1.732751 2.000167 -2.517735
vn 1.732751 2.000167 -2.517735
vn 1.732751 2.000167 -2.517735
vn 1.732751 2.000167 -2.517735
vn 1.52627 0.8836514 -2.51752
vn 1.52627 0.8836514 -2.51752
vn 1.52627 0.8836514 -2.51752
vn 1.52627 0.8836514 -2.51752
vn 1.526877 1.461 -1.940169
vn 1.526877 1.461 -1.940169
vn 1.526877 1.461 -1.940169
vn 1.526877 1.461 -1.940169
vn 2.10362 1.461001 -2.518127
vn 2.10362 1.461001 -2.518127
vn 2.10362 1.461001 -2.518127
vn 2.10362 1.461001 -2.518127
vn 1.526271 2.038352 -2.517518
vn 1.526271 2.038352 -2.517518
vn 1.526271 2.038352 -2.517518
vn 1.526271 2.038352 -2.517518
vn 0.9489203 1.461002 -2.516912
vn 0.9489203 1.461002 -2.516912
vn 0.9489203 1.461002 -2.516912
vn 0.9489203 1.461002 -2.516912
vn 1.525664 1.461003 -3.094869
vn 1.525664 1.461003 -3.094869
vn 1.525664 1.461003 -3.094869
vn 1.525664 1.461003 -3.094869
vn 1.319792 0.9218355 -2.517303
vn 1.319792 0.9218355 -2.517303
vn 1.319792 0.9218355 -2.517303
vn 1.319792 0.9218355 -2.517303
vn 1.330775 1.461 -1.974274
vn 1.330775 1.461 -1.974274
vn 1.330775 1.461 -1.974274
vn 1.330775 1.461 -1.974274
vn 1.31979 2.000167 -2.517301
vn 1.31979 2.000167 -2.517301
vn 1.31979 2.000167 -2.517301
vn 1.31979 2.000167 -2.517301
vn 1.329634 1.461003 -3.060351
vn 1.329634 1.461003 -3.060351
vn 1.329634 1.461003 -3.060351
vn 1.329634 1.461003 -3.060351
vn 1.525829 1.064945 -2.937605
vn 1.525829 1.064945 -2.937605
vn 1.525829 1.064945 -2.937605
vn 1.525829 1.064945 -2.937605
vn 1.525829 1.85706 -2.937603
vn 1.525829 1.85706 -2.937603
vn 1.525829 1.85706 -2.937603
vn 1.525829 1.85706 -2.937603
vn 1.721778 1.461003 -3.060759
vn 1.721778 1.461003 -3.060759
vn 1.721778 1.461003 -3.060759
vn 1.721778 1.461003 -3.060759
vn 1.732754 0.9218379 -2.517737
vn 1.732754 0.9218379 -2.517737
vn 1.732754 0.9218379 -2.517737
vn 1.732754 0.9218379 -2.517737
vn 1.732757 2.000165 -2.517735
vn 1.732757 2.000165 -2.517735
vn 1.732757 2.000165 -2.517735
vn 1.732757 2.000165 -2.517735
vn 1.722906 1.461 -1.974686
vn 1.722906 1.461 -1.974686
vn 1.722906 1.461 -1.974686
vn 1.722906 1.461 -1.974686
vn 1.526711 1.064943 -2.097435
vn 1.526711 1.064943 -2.097435
vn 1.526711 1.064943 -2.097435
vn 1.526711 1.064943 -2.097435
vn 1.526712 1.857053 -2.097428
vn 1.526712 1.857053 -2.097428
vn 1.526712 1.857053 -2.097428
vn 1.526712 1.857053 -2.097428
vn 1.52627 0.8836514 -2.51752
vn 1.52627 0.8836514 -2.51752
vn 1.52627 0.8836514 -2.51752
vn 1.52627 0.8836514 -2.51752
vn 2.10362 1.461001 -2.518125
vn 2.10362 1.461001 -2.518125
vn 2.10362 1.461001 -2.518125
vn 2.10362 1.461001 -2.518125
vn 1.526271 2.038352 -2.517518
vn 1.526271 2.038352 -2.517518
vn 1.526271 2.038352 -2.517518
vn 1.526271 2.038352 -2.517518
vn 0.9489203 1.461002 -2.516912
vn 0.9489203 1.461002 -2.516912
vn 0.9489203 1.461002 -2.516912
vn 0.9489203 1.461002 -2.516912
vn 1.319792 0.9218355 -2.517303
vn 1.319792 0.9218355 -2.517303
vn 1.319792 0.9218355 -2.517303
vn 1.319792 0.9218355 -2.517303
vn 1.31979 2.000167 -2.517301
vn 1.31979 2.000167 -2.517301
vn 1.31979 2.000167 -2.517301
vn 1.31979 2.000167 -2.517301
vn 1.732748 0.9218354 -2.517737
vn 1.732748 0.9218354 -2.517737
vn 1.732748 0.9218354 -2.517737
vn 1.732748 0.9218354 -2.517737
vn 1.732751 2.000167 -2.517735
vn 1.732751 2.000167 -2.517735
vn 1.732751 2.000167 -2.517735
vn 1.732751 2.000167 -2.517735
vn 1.52627 0.8836514 -2.51752
vn 1.52627 0.8836514 -2.51752
vn 1.52627 0.8836514 -2.51752
vn 1.52627 0.8836514 -2.51752
vn 1.380001 1.077941 -2.111067
vn 1.380001 1.077941 -2.111067
vn 1.380001 1.077941 -2.111067
vn 1.38 1.844055 -2.11106
vn 1.38 1.844055 -2.11106
vn 1.38 1.844055 -2.11106
vn 1.379147 1.077943 -2.923664
vn 1.379147 1.077943 -2.923664
vn 1.379147 1.077943 -2.923664
vn 1.379147 1.844062 -2.923662
vn 1.379147 1.844062 -2.923662
vn 1.379147 1.844062 -2.923662
vn 1.673393 1.077941 -2.111375
vn 1.673393 1.077941 -2.111375
vn 1.673393 1.077941 -2.111375
vn 1.673394 1.844055 -2.111368
vn 1.673394 1.844055 -2.111368
vn 1.673394 1.844055 -2.111368
vn 1.67254 1.077943 -2.923972
vn 1.67254 1.077943 -2.923972
vn 1.67254 1.077943 -2.923972
vn 1.672541 1.844062 -2.92397
vn 1.672541 1.844062 -2.92397
vn 1.672541 1.844062 -2.92397
vn 1.380001 1.07794 -2.111068
vn 1.380001 1.07794 -2.111068
vn 1.380001 1.07794 -2.111068
vn 1.379999 1.844055 -2.111061
vn 1.379999 1.844055 -2.111061
vn 1.379999 1.844055 -2.111061
vn 1.379147 1.077942 -2.923664
vn 1.379147 1.077942 -2.923664
vn 1.379147 1.077942 -2.923664
vn 1.379148 1.844062 -2.923663
vn 1.379148 1.844062 -2.923663
vn 1.379148 1.844062 -2.923663
vn 1.673392 1.07794 -2.111376
vn 1.673392 1.07794 -2.111376
vn 1.673392 1.07794 -2.111376
vn 1.673395 1.844055 -2.111369
vn 1.673395 1.844055 -2.111369
vn 1.673395 1.844055 -2.111369
vn 1.672539 1.077942 -2.923972
vn 1.672539 1.077942 -2.923972
vn 1.672539 1.077942 -2.923972
vn 1.672539 1.844062 -2.923971
vn 1.672539 1.844062 -2.923971
vn 1.672539 1.844062 -2.923971
vn 1.526877 1.461 -1.940169
vn 1.526877 1.461 -1.940169
vn 1.526877 1.461 -1.940169
vn 1.526877 1.461 -1.940169
vn 1.525664 1.461003 -3.094869
vn 1.525664 1.461003 -3.094869
vn 1.525664 1.461003 -3.094869
vn 1.525664 1.461003 -3.094869
vn 1.330775 1.461 -1.974274
vn 1.330775 1.461 -1.974274
vn 1.330775 1.461 -1.974274
vn 1.330775 1.461 -1.974274
vn 1.329634 1.461003 -3.060351
vn 1.329634 1.461003 -3.060351
vn 1.329634 1.461003 -3.060351
vn 1.329634 1.461003 -3.060351
vn 1.525829 1.064945 -2.937604
vn 1.525829 1.064945 -2.937604
vn 1.525829 1.064945 -2.937604
vn 1.525829 1.064945 -2.937604
vn 1.525829 1.857061 -2.937602
vn 1.525829 1.857061 -2.937602
vn 1.525829 1.857061 -2.937602
vn 1.525829 1.857061 -2.937602
vn 1.721766 1.461003 -3.060763
vn 1.721766 1.461003 -3.060763
vn 1.721766 1.461003 -3.060763
vn 1.721766 1.461003 -3.060763
vn 1.722906 1.461 -1.974686
vn 1.722906 1.461 -1.974686
vn 1.722906 1.461 -1.974686
vn 1.722906 1.461 -1.974686
vn 1.526711 1.064944 -2.097434
vn 1.526711 1.064944 -2.097434
vn 1.526711 1.064944 -2.097434
vn 1.526711 1.064944 -2.097434
vn 1.526712 1.857053 -2.097428
vn 1.526712 1.857053 -2.097428
vn 1.526712 1.857053 -2.097428
vn 1.526712 1.857053 -2.097428
vn 1.526877 1.461 -1.940169
vn 1.526877 1.461 -1.940169
vn 1.526877 1.461 -1.940169
vn 1.526877 1.461 -1.940169
vn 1.525664 1.461003 -3.094869
vn 1.525664 1.461003 -3.094869
vn 1.525664 1.461003 -3.094869
vn 1.525664 1.461003 -3.094869
vn 1.330774 1.461 -1.974274
vn 1.330774 1.461 -1.974274
vn 1.330774 1.461 -1.974274
vn 1.330774 1.461 -1.974274
vn 1.329633 1.461003 -3.060351
vn 1.329633 1.461003 -3.060351
vn 1.329633 1.461003 -3.060351
vn 1.329633 1.461003 -3.060351
vn 1.525829 1.064945 -2.937604
vn 1.525829 1.064945 -2.937604
vn 1.525829 1.064945 -2.937604
vn 1.525829 1.064945 -2.937604
vn 1.525829 1.85706 -2.937603
vn 1.525829 1.85706 -2.937603
vn 1.525829 1.85706 -2.937603
vn 1.525829 1.85706 -2.937603
vn 1.721767 1.461003 -3.060763
vn 1.721767 1.461003 -3.060763
vn 1.721767 1.461003 -3.060763
vn 1.721767 1.461003 -3.060763
vn 1.722907 1.461 -1.974686
vn 1.722907 1.461 -1.974686
vn 1.722907 1.461 -1.974686
vn 1.722907 1.461 -1.974686
vn 1.526711 1.064943 -2.097435
vn 1.526711 1.064943 -2.097435
vn 1.526711 1.064943 -2.097435
vn 1.526711 1.064943 -2.097435
vn 1.526712 1.857054 -2.097429
vn 1.526712 1.857054 -2.097429
vn 1.526712 1.857054 -2.097429
vn 1.526712 1.857054 -2.097429
vn 1.38001 1.077939 -2.111065
vn 1.38001 1.077939 -2.111065
vn 1.38001 1.077939 -2.111065
vn 1.38001 1.844059 -2.111061
vn 1.38001 1.844059 -2.111061
vn 1.38001 1.844059 -2.111061
vn 1.379157 1.077941 -2.923666
vn 1.379157 1.077941 -2.923666
vn 1.379157 1.077941 -2.923666
vn 1.379157 1.844061 -2.923667
vn 1.379157 1.844061 -2.923667
vn 1.379157 1.844061 -2.923667
vn 1.673384 1.077939 -2.111373
vn 1.673384 1.077939 -2.111373
vn 1.673384 1.077939 -2.111373
vn 1.673384 1.844059 -2.111369
vn 1.673384 1.844059 -2.111369
vn 1.673384 1.844059 -2.111369
vn 1.67253 1.077941 -2.923974
vn 1.67253 1.077941 -2.923974
vn 1.67253 1.077941 -2.923974
vn 1.67253 1.844061 -2.923975
vn 1.67253 1.844061 -2.923975
vn 1.67253 1.844061 -2.923975
vn 1.379992 1.077943 -2.111068
vn 1.379992 1.077943 -2.111068
vn 1.379992 1.077943 -2.111068
vn 1.37999 1.844054 -2.111063
vn 1.37999 1.844054 -2.111063
vn 1.37999 1.844054 -2.111063
vn 1.379137 1.077945 -2.923662
vn 1.379137 1.077945 -2.923662
vn 1.379137 1.077945 -2.923662
vn 1.379139 1.844061 -2.923661
vn 1.379139 1.844061 -2.923661
vn 1.379139 1.844061 -2.923661
vn 1.673393 1.077941 -2.111375
vn 1.673393 1.077941 -2.111375
vn 1.673393 1.077941 -2.111375
vn 1.673394 1.844055 -2.111368
vn 1.673394 1.844055 -2.111368
vn 1.673394 1.844055 -2.111368
vn 1.672539 1.077943 -2.923973
vn 1.672539 1.077943 -2.923973
vn 1.672539 1.077943 -2.923973
vn 1.672539 1.844062 -2.923971
vn 1.672539 1.844062 -2.923971
vn 1.672539 1.844062 -2.923971
vn 1.526877 1.461 -1.940169
vn 1.526877 1.461 -1.940169
vn 1.526877 1.461 -1.940169
vn 1.526877 1.461 -1.940169
vn 2.10362 1.461001 -2.518125
vn 2.10362 1.461001 -2.518125
vn 2.10362 1.461001 -2.518125
vn 2.10362 1.461001 -2.518125
vn 1.526271 2.038352 -2.517517
vn 1.526271 2.038352 -2.517517
vn 1.526271 2.038352 -2.517517
vn 1.526271 2.038352 -2.517517
vn 0.9489203 1.461002 -2.516912
vn 0.9489203 1.461002 -2.516912
vn 0.9489203 1.461002 -2.516912
vn 0.9489203 1.461002 -2.516912
vn 1.525664 1.461003 -3.094869
vn 1.525664 1.461003 -3.094869
vn 1.525664 1.461003 -3.094869
vn 1.525664 1.461003 -3.094869
vn 1.319804 0.9218309 -2.517303
vn 1.319804 0.9218309 -2.517303
vn 1.319804 0.9218309 -2.517303
vn 1.319804 0.9218309 -2.517303
vn 1.330786 1.461 -1.97427
vn 1.330786 1.461 -1.97427
vn 1.330786 1.461 -1.97427
vn 1.330786 1.461 -1.97427
vn 1.319803 2.000172 -2.517301
vn 1.319803 2.000172 -2.517301
vn 1.319803 2.000172 -2.517301
vn 1.319803 2.000172 -2.517301
vn 1.329646 1.461003 -3.060356
vn 1.329646 1.461003 -3.060356
vn 1.329646 1.461003 -3.060356
vn 1.329646 1.461003 -3.060356
vn 1.525829 1.064945 -2.937604
vn 1.525829 1.064945 -2.937604
vn 1.525829 1.064945 -2.937604
vn 1.525829 1.064945 -2.937604
vn 1.52583 1.857058 -2.937605
vn 1.52583 1.857058 -2.937605
vn 1.52583 1.857058 -2.937605
vn 1.52583 1.857058 -2.937605
vn 1.721754 1.461003 -3.060768
vn 1.721754 1.461003 -3.060768
vn 1.721754 1.461003 -3.060768
vn 1.721754 1.461003 -3.060768
vn 1.732735 0.9218305 -2.517737
vn 1.732735 0.9218305 -2.517737
vn 1.732735 0.9218305 -2.517737
vn 1.732735 0.9218305 -2.517737
vn 1.732738 2.000172 -2.517734
vn 1.732738 2.000172 -2.517734
vn 1.732738 2.000172 -2.517734
vn 1.732738 2.000172 -2.517734
vn 1.722895 1.461 -1.974682
vn 1.722895 1.461 -1.974682
vn 1.722895 1.461 -1.974682
vn 1.722895 1.461 -1.974682
vn 1.526711 1.064942 -2.097436
vn 1.526711 1.064942 -2.097436
vn 1.526711 1.064942 -2.097436
vn 1.526711 1.064942 -2.097436
vn 1.526712 1.857057 -2.097431
vn 1.526712 1.857057 -2.097431
vn 1.526712 1.857057 -2.097431
vn 1.526712 1.857057 -2.097431
vn 1.52627 0.8836514 -2.51752
vn 1.52627 0.8836514 -2.51752
vn 1.52627 0.8836514 -2.51752
vn 1.52627 0.8836514 -2.51752
vn 1.526877 1.461 -1.940169
vn 1.526877 1.461 -1.940169
vn 1.526877 1.461 -1.940169
vn 1.526877 1.461 -1.940169
vn 1.525664 1.461003 -3.094869
vn 1.525664 1.461003 -3.094869
vn 1.525664 1.461003 -3.094869
vn 1.525664 1.461003 -3.094869
vn 1.330763 1.461 -1.974278
vn 1.330763 1.461 -1.974278
vn 1.330763 1.461 -1.974278
vn 1.330763 1.461 -1.974278
vn 1.329621 1.461003 -3.060347
vn 1.329621 1.461003 -3.060347
vn 1.329621 1.461003 -3.060347
vn 1.329621 1.461003 -3.060347
vn 1.525829 1.064945 -2.937605
vn 1.525829 1.064945 -2.937605
vn 1.525829 1.064945 -2.937605
vn 1.525829 1.064945 -2.937605
vn 1.525829 1.85706 -2.937603
vn 1.525829 1.85706 -2.937603
vn 1.525829 1.85706 -2.937603
vn 1.525829 1.85706 -2.937603
vn 1.721766 1.461003 -3.060763
vn 1.721766 1.461003 -3.060763
vn 1.721766 1.461003 -3.060763
vn 1.721766 1.461003 -3.060763
vn 1.722906 1.461 -1.974686
vn 1.722906 1.461 -1.974686
vn 1.722906 1.461 -1.974686
vn 1.722906 1.461 -1.974686
vn 1.526711 1.064943 -2.097435
vn 1.526711 1.064943 -2.097435
vn 1.526711 1.064943 -2.097435
vn 1.526711 1.064943 -2.097435
vn 1.526712 1.857053 -2.097428
vn 1.526712 1.857053 -2.097428
vn 1.526712 1.857053 -2.097428
vn 1.526712 1.857053 -2.097428
vn 1.379992 1.077943 -2.111068
vn 1.379992 1.077943 -2.111068
vn 1.379992 1.077943 -2.111068
vn 1.37999 1.844055 -2.111064
vn 1.37999 1.844055 -2.111064
vn 1.37999 1.844055 -2.111064
vn 1.379148 1.077943 -2.923664
vn 1.379148 1.077943 -2.923664
vn 1.379148 1.077943 -2.923664
vn 1.379147 1.844063 -2.923662
vn 1.379147 1.844063 -2.923662
vn 1.379147 1.844063 -2.923662
vn 1.673383 1.077939 -2.111373
vn 1.673383 1.077939 -2.111373
vn 1.673383 1.077939 -2.111373
vn 1.673385 1.844058 -2.111368
vn 1.673385 1.844058 -2.111368
vn 1.673385 1.844058 -2.111368
vn 1.67254 1.077943 -2.923972
vn 1.67254 1.077943 -2.923972
vn 1.67254 1.077943 -2.923972
vn 1.672541 1.844062 -2.92397
vn 1.672541 1.844062 -2.92397
vn 1.672541 1.844062 -2.92397
vn 1.526877 1.461 -1.940169
vn 1.526877 1.461 -1.940169
vn 1.526877 1.461 -1.940169
vn 1.526877 1.461 -1.940169
vn 1.525664 1.461003 -3.094869
vn 1.525664 1.461003 -3.094869
vn 1.525664 1.461003 -3.094869
vn 1.525664 1.461003 -3.094869
vn 1.330762 1.461 -1.974278
vn 1.330762 1.461 -1.974278
vn 1.330762 1.461 -1.974278
vn 1.330762 1.461 -1.974278
vn 1.329633 1.461003 -3.060351
vn 1.329633 1.461003 -3.060351
vn 1.329633 1.461003 -3.060351
vn 1.329633 1.461003 -3.060351
vn 1.525829 1.064945 -2.937604
vn 1.525829 1.064945 -2.937604
vn 1.525829 1.064945 -2.937604
vn 1.525829 1.064945 -2.937604
vn 1.525829 1.857062 -2.937602
vn 1.525829 1.857062 -2.937602
vn 1.525829 1.857062 -2.937602
vn 1.525829 1.857062 -2.937602
vn 1.721766 1.461003 -3.060763
vn 1.721766 1.461003 -3.060763
vn 1.721766 1.461003 -3.060763
vn 1.721766 1.461003 -3.060763
vn 1.722894 1.461 -1.974681
vn 1.722894 1.461 -1.974681
vn 1.722894 1.461 -1.974681
vn 1.722894 1.461 -1.974681
vn 1.526711 1.064944 -2.097434
vn 1.526711 1.064944 -2.097434
vn 1.526711 1.064944 -2.097434
vn 1.526711 1.064944 -2.097434
vn 1.526712 1.857054 -2.097428
vn 1.526712 1.857054 -2.097428
vn 1.526712 1.857054 -2.097428
vn 1.526712 1.857054 -2.097428
vn 1.380001 1.077941 -2.111067
vn 1.380001 1.077941 -2.111067
vn 1.380001 1.077941 -2.111067
vn 1.38 1.844056 -2.111061
vn 1.38 1.844056 -2.111061
vn 1.38 1.844056 -2.111061
vn 1.379148 1.077943 -2.923664
vn 1.379148 1.077943 -2.923664
vn 1.379148 1.077943 -2.923664
vn 1.379147 1.844064 -2.923661
vn 1.379147 1.844064 -2.923661
vn 1.379147 1.844064 -2.923661
vn 1.673402 1.077942 -2.111377
vn 1.673402 1.077942 -2.111377
vn 1.673402 1.077942 -2.111377
vn 1.673404 1.844056 -2.111373
vn 1.673404 1.844056 -2.111373
vn 1.673404 1.844056 -2.111373
vn 1.672539 1.077943 -2.923973
vn 1.672539 1.077943 -2.923973
vn 1.672539 1.077943 -2.923973
vn 1.67254 1.844064 -2.923969
vn 1.67254 1.844064 -2.923969
vn 1.67254 1.844064 -2.923969
vn 1.380001 1.07794 -2.111068
vn 1.380001 1.07794 -2.111068
vn 1.380001 1.07794 -2.111068
vn 1.379999 1.844055 -2.111061
vn 1.379999 1.844055 -2.111061
vn 1.379999 1.844055 -2.111061
vn 1.379147 1.077942 -2.923664
vn 1.379147 1.077942 -2.923664
vn 1.379147 1.077942 -2.923664
vn 1.379148 1.844062 -2.923663
vn 1.379148 1.844062 -2.923663
vn 1.379148 1.844062 -2.923663
vn 1.673393 1.077941 -2.111375
vn 1.673393 1.077941 -2.111375
vn 1.673393 1.077941 -2.111375
vn 1.673394 1.844056 -2.11137
vn 1.673394 1.844056 -2.11137
vn 1.673394 1.844056 -2.11137
vn 1.672539 1.077943 -2.923973
vn 1.672539 1.077943 -2.923973
vn 1.672539 1.077943 -2.923973
vn 1.67254 1.844064 -2.923969
vn 1.67254 1.844064 -2.923969
vn 1.67254 1.844064 -2.923969
vn 1.380001 1.07794 -2.111067
vn 1.380001 1.07794 -2.111067
vn 1.380001 1.07794 -2.111067
vn 1.379999 1.844055 -2.111061
vn 1.379999 1.844055 -2.111061
vn 1.379999 1.844055 -2.111061
vn 1.379147 1.077942 -2.923664
vn 1.379147 1.077942 -2.923664
vn 1.379147 1.077942 -2.923664
vn 1.379148 1.844062 -2.923663
vn 1.379148 1.844062 -2.923663
vn 1.379148 1.844062 -2.923663
vn 1.673392 1.07794 -2.111376
vn 1.673392 1.07794 -2.111376
vn 1.673392 1.07794 -2.111376
vn 1.673395 1.844055 -2.111369
vn 1.673395 1.844055 -2.111369
vn 1.673395 1.844055 -2.111369
vn 1.672539 1.077942 -2.923972
vn 1.672539 1.077942 -2.923972
vn 1.672539 1.077942 -2.923972
vn 1.672539 1.844062 -2.923971
vn 1.672539 1.844062 -2.923971
vn 1.672539 1.844062 -2.923971
vn 1.526877 1.461 -1.940169
vn 1.526877 1.461 -1.940169
vn 1.526877 1.461 -1.940169
vn 1.526877 1.461 -1.940169
vn 1.525664 1.461003 -3.094869
vn 1.525664 1.461003 -3.094869
vn 1.525664 1.461003 -3.094869
vn 1.525664 1.461003 -3.094869
vn 1.330774 1.461 -1.974274
vn 1.330774 1.461 -1.974274
vn 1.330774 1.461 -1.974274
vn 1.330774 1.461 -1.974274
vn 1.329633 1.461003 -3.060351
vn 1.329633 1.461003 -3.060351
vn 1.329633 1.461003 -3.060351
vn 1.329633 1.461003 -3.060351
vn 1.525829 1.064945 -2.937604
vn 1.525829 1.064945 -2.937604
vn 1.525829 1.064945 -2.937604
vn 1.525829 1.064945 -2.937604
vn 1.525829 1.857062 -2.937601
vn 1.525829 1.857062 -2.937601
vn 1.525829 1.857062 -2.937601
vn 1.525829 1.857062 -2.937601
vn 1.721767 1.461003 -3.060763
vn 1.721767 1.461003 -3.060763
vn 1.721767 1.461003 -3.060763
vn 1.721767 1.461003 -3.060763
vn 1.722919 1.461 -1.97469
vn 1.722919 1.461 -1.97469
vn 1.722919 1.461 -1.97469
vn 1.722919 1.461 -1.97469
vn 1.526711 1.064943 -2.097435
vn 1.526711 1.064943 -2.097435
vn 1.526711 1.064943 -2.097435
vn 1.526711 1.064943 -2.097435
vn 1.526712 1.857054 -2.097429
vn 1.526712 1.857054 -2.097429
vn 1.526712 1.857054 -2.097429
vn 1.526712 1.857054 -2.097429
vn 1.526877 1.461 -1.940169
vn 1.526877 1.461 -1.940169
vn 1.526877 1.461 -1.940169
vn 1.526877 1.461 -1.940169
vn 1.525664 1.461003 -3.094869
vn 1.525664 1.461003 -3.094869
vn 1.525664 1.461003 -3.094869
vn 1.525664 1.461003 -3.094869
vn 1.330774 1.461 -1.974274
vn 1.330774 1.461 -1.974274
vn 1.330774 1.461 -1.974274
vn 1.330774 1.461 -1.974274
vn 1.329633 1.461003 -3.060351
vn 1.329633 1.461003 -3.060351
vn 1.329633 1.461003 -3.060351
vn 1.329633 1.461003 -3.060351
vn 1.525829 1.064944 -2.937604
vn 1.525829 1.064944 -2.937604
vn 1.525829 1.064944 -2.937604
vn 1.525829 1.064944 -2.937604
vn 1.525829 1.857061 -2.937602
vn 1.525829 1.857061 -2.937602
vn 1.525829 1.857061 -2.937602
vn 1.525829 1.857061 -2.937602
vn 1.721767 1.461003 -3.060763
vn 1.721767 1.461003 -3.060763
vn 1.721767 1.461003 -3.060763
vn 1.721767 1.461003 -3.060763
vn 1.722907 1.461 -1.974686
vn 1.722907 1.461 -1.974686
vn 1.722907 1.461 -1.974686
vn 1.722907 1.461 -1.974686
vn 1.526711 1.064943 -2.097434
vn 1.526711 1.064943 -2.097434
vn 1.526711 1.064943 -2.097434
vn 1.526711 1.064943 -2.097434
vn 1.526712 1.857054 -2.097428
vn 1.526712 1.857054 -2.097428
vn 1.526712 1.857054 -2.097428
vn 1.526712 1.857054 -2.097428
vn 1.526877 1.461 -1.940169
vn 1.526877 1.461 -1.940169
vn 1.526877 1.461 -1.940169
vn 1.526877 1.461 -1.940169
vn 1.525664 1.461003 -3.094869
vn 1.525664 1.461003 -3.094869
vn 1.525664 1.461003 -3.094869
vn 1.525664 1.461003 -3.094869
vn 1.330774 1.461 -1.974274
vn 1.330774 1.461 -1.974274
vn 1.330774 1.461 -1.974274
vn 1.330774 1.461 -1.974274
vn 1.329633 1.461003 -3.060351
vn 1.329633 1.461003 -3.060351
vn 1.329633 1.461003 -3.060351
vn 1.329633 1.461003 -3.060351
vn 1.525829 1.064944 -2.937604
vn 1.525829 1.064944 -2.937604
vn 1.525829 1.064944 -2.937604
vn 1.525829 1.064944 -2.937604
vn 1.525829 1.857061 -2.937603
vn 1.525829 1.857061 -2.937603
vn 1.525829 1.857061 -2.937603
vn 1.525829 1.857061 -2.937603
vn 1.721767 1.461003 -3.060763
vn 1.721767 1.461003 -3.060763
vn 1.721767 1.461003 -3.060763
vn 1.721767 1.461003 -3.060763
vn 1.722907 1.461 -1.974686
vn 1.722907 1.461 -1.974686
vn 1.722907 1.461 -1.974686
vn 1.722907 1.461 -1.974686
vn 1.526711 1.064943 -2.097435
vn 1.526711 1.064943 -2.097435
vn 1.526711 1.064943 -2.097435
vn 1.526711 1.064943 -2.097435
vn 1.526712 1.857053 -2.097428
vn 1.526712 1.857053 -2.097428
vn 1.526712 1.857053 -2.097428
vn 1.526712 1.857053 -2.097428
vn 1.380001 1.077941 -2.111067
vn 1.380001 1.077941 -2.111067
vn 1.380001 1.077941 -2.111067
vn 1.38 1.844055 -2.11106
vn 1.38 1.844055 -2.11106
vn 1.38 1.844055 -2.11106
vn 1.379148 1.077943 -2.923664
vn 1.379148 1.077943 -2.923664
vn 1.379148 1.077943 -2.923664
vn 1.379148 1.844062 -2.923663
vn 1.379148 1.844062 -2.923663
vn 1.379148 1.844062 -2.923663
vn 1.673392 1.07794 -2.111376
vn 1.673392 1.07794 -2.111376
vn 1.673392 1.07794 -2.111376
vn 1.673395 1.844055 -2.111369
vn 1.673395 1.844055 -2.111369
vn 1.673395 1.844055 -2.111369
vn 1.672539 1.077942 -2.923972
vn 1.672539 1.077942 -2.923972
vn 1.672539 1.077942 -2.923972
vn 1.672539 1.844062 -2.923971
vn 1.672539 1.844062 -2.923971
vn 1.672539 1.844062 -2.923971
vn 1.526877 1.461 -1.940169
vn 1.526877 1.461 -1.940169
vn 1.526877 1.461 -1.940169
vn 1.526877 1.461 -1.940169
vn 1.525664 1.461003 -3.094869
vn 1.525664 1.461003 -3.094869
vn 1.525664 1.461003 -3.094869
vn 1.525664 1.461003 -3.094869
vn 1.330775 1.461 -1.974274
vn 1.330775 1.461 -1.974274
vn 1.330775 1.461 -1.974274
vn 1.330775 1.461 -1.974274
vn 1.329634 1.461003 -3.060351
vn 1.329634 1.461003 -3.060351
vn 1.329634 1.461003 -3.060351
vn 1.329634 1.461003 -3.060351
vn 1.525829 1.064944 -2.937604
vn 1.525829 1.064944 -2.937604
vn 1.525829 1.064944 -2.937604
vn 1.525829 1.064944 -2.937604
vn 1.525829 1.857061 -2.937603
vn 1.525829 1.857061 -2.937603
vn 1.525829 1.857061 -2.937603
vn 1.525829 1.857061 -2.937603
vn 1.721767 1.461003 -3.060763
vn 1.721767 1.461003 -3.060763
vn 1.721767 1.461003 -3.060763
vn 1.721767 1.461003 -3.060763
vn 1.722907 1.461 -1.974686
vn 1.722907 1.461 -1.974686
vn 1.722907 1.461 -1.974686
vn 1.722907 1.461 -1.974686
vn 1.526711 1.064943 -2.097434
vn 1.526711 1.064943 -2.097434
vn 1.526711 1.064943 -2.097434
vn 1.526711 1.064943 -2.097434
vn 1.526712 1.857053 -2.097428
vn 1.526712 1.857053 -2.097428
vn 1.526712 1.857053 -2.097428
vn 1.526712 1.857053 -2.097428
vn 1.380001 1.077941 -2.111067
vn 1.380001 1.077941 -2.111067
vn 1.380001 1.077941 -2.111067
vn 1.38 1.844055 -2.11106
vn 1.38 1.844055 -2.11106
vn 1.38 1.844055 -2.11106
vn 1.379148 1.077943 -2.923664
vn 1.379148 1.077943 -2.923664
vn 1.379148 1.077943 -2.923664
vn 1.379148 1.844062 -2.923663
vn 1.379148 1.844062 -2.923663
vn 1.379148 1.844062 -2.923663
vn 1.673393 1.077941 -2.111375
vn 1.673393 1.077941 -2.111375
vn 1.673393 1.077941 -2.111375
vn 1.673394 1.844055 -2.111368
vn 1.673394 1.844055 -2.111368
vn 1.673394 1.844055 -2.111368
vn 1.672539 1.077943 -2.923973
vn 1.672539 1.077943 -2.923973
vn 1.672539 1.077943 -2.923973
vn 1.672539 1.844062 -2.923971
vn 1.672539 1.844062 -2.923971
vn 1.672539 1.844062 -2.923971
vn 1.526877 1.461 -1.940169
vn 1.526877 1.461 -1.940169
vn 1.526877 1.461 -1.940169
vn 1.526877 1.461 -1.940169
vn 1.525664 1.461003 -3.094869
vn 1.525664 1.461003 -3.094869
vn 1.525664 1.461003 -3.094869
vn 1.525664 1.461003 -3.094869
vn 1.330775 1.461 -1.974274
vn 1.330775 1.461 -1.974274
vn 1.330775 1.461 -1.974274
vn 1.330775 1.461 -1.974274
vn 1.329634 1.461003 -3.060351
vn 1.329634 1.461003 -3.060351
vn 1.329634 1.461003 -3.060351
vn 1.329634 1.461003 -3.060351
vn 1.525829 1.064945 -2.937605
vn 1.525829 1.064945 -2.937605
vn 1.525829 1.064945 -2.937605
vn 1.525829 1.064945 -2.937605
vn 1.525829 1.85706 -2.937603
vn 1.525829 1.85706 -2.937603
vn 1.525829 1.85706 -2.937603
vn 1.525829 1.85706 -2.937603
vn 1.721766 1.461003 -3.060763
vn 1.721766 1.461003 -3.060763
vn 1.721766 1.461003 -3.060763
vn 1.721766 1.461003 -3.060763
vn 1.722906 1.461 -1.974686
vn 1.722906 1.461 -1.974686
vn 1.722906 1.461 -1.974686
vn 1.722906 1.461 -1.974686
vn 1.526711 1.064943 -2.097435
vn 1.526711 1.064943 -2.097435
vn 1.526711 1.064943 -2.097435
vn 1.526711 1.064943 -2.097435
vn 1.526712 1.857053 -2.097428
vn 1.526712 1.857053 -2.097428
vn 1.526712 1.857053 -2.097428
vn 1.526712 1.857053 -2.097428
vt 0.6519186 -0.2377463
vt 0.646775 -0.2377463
vt 0.6519186 -0.2428895
vt 0.6519186 -0.2428895
vt 0.646775 -0.2377463
vt 0.6519186 -0.2377463
vt 0.6519186 0.09646237
vt 0.6519186 0.1016056
vt 0.646775 0.09646237
vt 0.6519186 0.09646237
vt 0.646775 0.09646237
vt 0.6519186 0.1016056
vt 0.6763304 -0.2377463
vt 0.6763304 -0.2428895
vt 0.681474 -0.2377463
vt 0.6763304 -0.2377463
vt 0.681474 -0.2377463
vt 0.6763304 -0.2428895
vt 0.6763304 0.09646237
vt 0.681474 0.09646237
vt 0.6763304 0.1016056
vt 0.6763304 0.09646237
vt 0.6763304 0.1016056
vt 0.681474 0.09646237
vt 0.6763304 0.02173388
vt 0.6519186 0.02173388
vt 0.6519186 0.5468718
vt 0.6763304 0.5468718
vt 0.6519186 0.02173388
vt 0.6763304 0.02173388
vt 0.6763304 0.5468718
vt 0.6519186 0.5468718
vt 0.6519186 0.02173388
vt 0.646775 0.02173388
vt 0.646775 0.5468718
vt 0.6519186 0.5468718
vt 0.6519186 0.5468718
vt 0.646775 0.5468718
vt 0.646775 0.02173388
vt 0.6519186 0.02173388
vt 0.6763304 0.09646237
vt 0.6763304 0.1016056
vt 0.6519186 0.1016056
vt 0.6519186 0.09646237
vt 0.6519186 0.09646237
vt 0.6519186 0.1016056
vt 0.6763304 0.1016056
vt 0.6763304 0.09646237
vt 0.681474 0.5468718
vt 0.6763304 0.5468718
vt 0.6763304 0.02173388
vt 0.681474 0.02173388
vt 0.6763304 0.5468718
vt 0.681474 0.5468718
vt 0.681474 0.02173388
vt 0.6763304 0.02173388
vt 0.6519186 -0.2377463
vt 0.6519186 -0.2428895
vt 0.6763304 -0.2428895
vt 0.6763304 -0.2377463
vt 0.6763304 -0.2377463
vt 0.6763304 -0.2428895
vt 0.6519186 -0.2428895
vt 0.6519186 -0.2377463
vt -0.5150846 0.03959742
vt -0.5202286 0.03959742
vt -0.5150846 0.0344542
vt -0.5150846 0.0344542
vt -0.5202286 0.03959742
vt -0.5150846 0.03959742
vt -0.5150846 0.3738061
vt -0.5150846 0.3789493
vt -0.5202286 0.3738061
vt -0.5150846 0.3738061
vt -0.5202286 0.3738061
vt -0.5150846 0.3789493
vt -0.4906729 0.03959742
vt -0.4906729 0.0344542
vt -0.4855289 0.03959742
vt -0.4906729 0.03959742
vt -0.4855289 0.03959742
vt -0.4906729 0.0344542
vt -0.4906729 0.3738061
vt -0.4855289 0.3738061
vt -0.4906729 0.3789493
vt -0.4906729 0.3738061
vt -0.4906729 0.3789493
vt -0.4855289 0.3738061
vt 1.811266 0.02173388
vt 1.477057 0.02173388
vt 1.477057 0.5468718
vt 1.811266 0.5468718
vt 0.6763304 0.09646237
vt 0.6763304 -0.2377463
vt 0.6519186 -0.2377463
vt 0.6519186 0.09646237
vt 1.477057 0.02173388
vt 1.811266 0.02173388
vt 1.811266 0.5468718
vt 1.477057 0.5468718
vt 0.6519186 0.09646237
vt 0.646775 0.09646237
vt 0.646775 -0.2377463
vt 0.6519186 -0.2377463
vt 0.6519186 -0.2377463
vt 0.646775 -0.2377463
vt 0.646775 0.09646237
vt 0.6519186 0.09646237
vt 0.6763304 -0.2377463
vt 0.681474 -0.2377463
vt 0.681474 0.09646237
vt 0.6763304 0.09646237
vt 0.6763304 0.09646237
vt 0.681474 0.09646237
vt 0.681474 -0.2377463
vt 0.6763304 -0.2377463
vt 0.6519186 0.09646237
vt 0.6519186 -0.2377463
vt 0.6763304 -0.2377463
vt 0.6763304 0.09646237
vt 1.303454 -0.2165473
vt 0.9692451 -0.2165473
vt 0.9692451 0.3085907
vt 1.303454 0.3085907
vt 0.2059792 -0.1418188
vt 0.2059792 -0.4760275
vt 0.1815675 -0.4760275
vt 0.1815675 -0.1418188
vt 0.9692451 -0.2165473
vt 1.303454 -0.2165473
vt 1.303454 0.3085907
vt 0.9692451 0.3085907
vt 0.1815675 -0.1418188
vt 0.1764239 -0.1418188
vt 0.1764239 -0.4760275
vt 0.1815675 -0.4760275
vt 0.1815675 -0.4760275
vt 0.1764239 -0.4760275
vt 0.1764239 -0.1418188
vt 0.1815675 -0.1418188
vt 0.2059792 -0.4760275
vt 0.2111228 -0.4760275
vt 0.2111228 -0.1418188
vt 0.2059792 -0.1418188
vt 0.2059792 -0.1418188
vt 0.2111228 -0.1418188
vt 0.2111228 -0.4760275
vt 0.2059792 -0.4760275
vt 0.1815675 -0.1418188
vt 0.1815675 -0.4760275
vt 0.2059792 -0.4760275
vt 0.2059792 -0.1418188
vt 0.8151725 0.96314
vt 0.4809639 0.96314
vt 0.4809639 1.488278
vt 0.8151725 1.488278
vt -0.3628981 1.037868
vt -0.3628981 0.7036598
vt -0.3873098 0.7036598
vt -0.3873098 1.037868
vt 0.4809639 0.96314
vt 0.8151725 0.96314
vt 0.8151725 1.488278
vt 0.4809639 1.488278
vt -0.3873098 1.037868
vt -0.3924538 1.037868
vt -0.3924538 0.7036598
vt -0.3873098 0.7036598
vt -0.3873098 0.7036598
vt -0.3924538 0.7036598
vt -0.3924538 1.037868
vt -0.3873098 1.037868
vt -0.3628981 0.7036598
vt -0.3577545 0.7036598
vt -0.3577545 1.037868
vt -0.3628981 1.037868
vt -0.3628981 1.037868
vt -0.3577545 1.037868
vt -0.3577545 0.7036598
vt -0.3628981 0.7036598
vt -0.3873098 1.037868
vt -0.3873098 0.7036598
vt -0.3628981 0.7036598
vt -0.3628981 1.037868
vt 2.014391 -0.1735786
vt 1.680182 -0.1735786
vt 1.680182 0.3515593
vt 2.014391 0.3515593
vt 0.7960218 -0.09885013
vt 0.7960218 -0.4330588
vt 0.77161 -0.4330588
vt 0.77161 -0.09885013
vt 1.680182 -0.1735786
vt 2.014391 -0.1735786
vt 2.014391 0.3515593
vt 1.680182 0.3515593
vt 0.77161 -0.09885013
vt 0.766466 -0.09885013
vt 0.766466 -0.4330588
vt 0.77161 -0.4330588
vt 0.77161 -0.4330588
vt 0.766466 -0.4330588
vt 0.766466 -0.09885013
vt 0.77161 -0.09885013
vt 0.7960218 -0.4330588
vt 0.8011657 -0.4330588
vt 0.8011657 -0.09885013
vt 0.7960218 -0.09885013
vt 0.7960218 -0.09885013
vt 0.8011657 -0.09885013
vt 0.8011657 -0.4330588
vt 0.7960218 -0.4330588
vt 0.77161 -0.09885013
vt 0.77161 -0.4330588
vt 0.7960218 -0.4330588
vt 0.7960218 -0.09885013
vt 0.86986 -0.07592237
vt 0.5356514 -0.07592237
vt 0.5356514 0.4492156
vt 0.86986 0.4492156
vt -0.3859707 -0.001193881
vt -0.3859707 -0.3354025
vt -0.4103824 -0.3354025
vt -0.4103824 -0.001193881
vt 0.5356514 -0.07592237
vt 0.86986 -0.07592237
vt 0.86986 0.4492156
vt 0.5356514 0.4492156
vt -0.4103824 -0.001193881
vt -0.4155264 -0.001193881
vt -0.4155264 -0.3354025
vt -0.4103824 -0.3354025
vt -0.4103824 -0.3354025
vt -0.4155264 -0.3354025
vt -0.4155264 -0.001193881
vt -0.4103824 -0.001193881
vt -0.3859707 -0.3354025
vt -0.3808267 -0.3354025
vt -0.3808267 -0.001193881
vt -0.3859707 -0.001193881
vt -0.3859707 -0.001193881
vt -0.3808267 -0.001193881
vt -0.3808267 -0.3354025
vt -0.3859707 -0.3354025
vt -0.4103824 -0.001193881
vt -0.4103824 -0.3354025
vt -0.3859707 -0.3354025
vt -0.3859707 -0.001193881
vt 2.037829 0.4397026
vt 1.70362 0.4397026
vt 1.70362 0.9648405
vt 2.037829 0.9648405
vt 0.6655955 0.5144311
vt 0.6655955 0.1802224
vt 0.6411838 0.1802224
vt 0.6411838 0.5144311
vt 1.70362 0.4397026
vt 2.037829 0.4397026
vt 2.037829 0.9648405
vt 1.70362 0.9648405
vt 0.6411838 0.5144311
vt 0.6360399 0.5144311
vt 0.6360399 0.1802224
vt 0.6411838 0.1802224
vt 0.6411838 0.1802224
vt 0.6360399 0.1802224
vt 0.6360399 0.5144311
vt 0.6411838 0.5144311
vt 0.6655955 0.1802224
vt 0.6707395 0.1802224
vt 0.6707395 0.5144311
vt 0.6655955 0.5144311
vt 0.6655955 0.5144311
vt 0.6707395 0.5144311
vt 0.6707395 0.1802224
vt 0.6655955 0.1802224
vt 0.6411838 0.5144311
vt 0.6411838 0.1802224
vt 0.6655955 0.1802224
vt 0.6655955 0.5144311
vt 0.9675162 0.00610888
vt 0.6333076 0.00610888
vt 0.6333076 0.5312468
vt 0.9675162 0.5312468
vt -0.3672556 0.08083737
vt -0.3672556 -0.2533713
vt -0.3916673 -0.2533713
vt -0.3916673 0.08083737
vt 0.6333076 0.00610888
vt 0.9675162 0.00610888
vt 0.9675162 0.5312468
vt 0.6333076 0.5312468
vt -0.3916673 0.08083737
vt -0.3968113 0.08083737
vt -0.3968113 -0.2533713
vt -0.3916673 -0.2533713
vt -0.3916673 -0.2533713
vt -0.3968113 -0.2533713
vt -0.3968113 0.08083737
vt -0.3916673 0.08083737
vt -0.3672556 -0.2533713
vt -0.3621116 -0.2533713
vt -0.3621116 0.08083737
vt -0.3672556 0.08083737
vt -0.3672556 0.08083737
vt -0.3621116 0.08083737
vt -0.3621116 -0.2533713
vt -0.3672556 -0.2533713
vt -0.3916673 0.08083737
vt -0.3916673 -0.2533713
vt -0.3672556 -0.2533713
vt -0.3672556 0.08083737
vt 1.740954 1.142828
vt 1.406745 1.142828
vt 1.406745 1.667965
vt 1.740954 1.667965
vt 0.4464806 1.217556
vt 0.4464806 0.8833473
vt 0.4220689 0.8833473
vt 0.4220689 1.217556
vt 1.406745 1.142828
vt 1.740954 1.142828
vt 1.740954 1.667965
vt 1.406745 1.667965
vt 0.4220689 1.217556
vt 0.4169249 1.217556
vt 0.4169249 0.8833473
vt 0.4220689 0.8833473
vt 0.4220689 0.8833473
vt 0.4169249 0.8833473
vt 0.4169249 1.217556
vt 0.4220689 1.217556
vt 0.4464806 0.8833473
vt 0.4516246 0.8833473
vt 0.4516246 1.217556
vt 0.4464806 1.217556
vt 0.4464806 1.217556
vt 0.4516246 1.217556
vt 0.4516246 0.8833473
vt 0.4464806 0.8833473
vt 0.4220689 1.217556
vt 0.4220689 0.8833473
vt 0.4464806 0.8833473
vt 0.4464806 1.217556
vt 1.80736 0.5295463
vt 1.473151 0.5295463
vt 1.473151 1.054684
vt 1.80736 1.054684
vt 0.4011884 0.6042748
vt 0.4011884 0.2700661
vt 0.3767766 0.2700661
vt 0.3767766 0.6042748
vt 1.473151 0.5295463
vt 1.80736 0.5295463
vt 1.80736 1.054684
vt 1.473151 1.054684
vt 0.3767766 0.6042748
vt 0.3716326 0.6042748
vt 0.3716326 0.2700661
vt 0.3767766 0.2700661
vt 0.3767766 0.2700661
vt 0.3716326 0.2700661
vt 0.3716326 0.6042748
vt 0.3767766 0.6042748
vt 0.4011884 0.2700661
vt 0.4063324 0.2700661
vt 0.4063324 0.6042748
vt 0.4011884 0.6042748
vt 0.4011884 0.6042748
vt 0.4063324 0.6042748
vt 0.4063324 0.2700661
vt 0.4011884 0.2700661
vt 0.3767766 0.6042748
vt 0.3767766 0.2700661
vt 0.4011884 0.2700661
vt 0.4011884 0.6042748
vt -0.4906729 0.2990776
vt -0.5150846 0.2990776
vt -0.5150846 0.8242155
vt -0.4906729 0.8242155
vt 0.9557974 0.2990776
vt 0.6215888 0.2990776
vt 0.6215888 0.8242155
vt 0.9557974 0.8242155
vt -0.4906729 0.3738061
vt -0.4906729 0.03959742
vt -0.5150846 0.03959742
vt -0.5150846 0.3738061
vt 0.6215888 0.2990776
vt 0.9557974 0.2990776
vt 0.9557974 0.8242155
vt 0.6215888 0.8242155
vt -0.5150846 0.2990776
vt -0.4906729 0.2990776
vt -0.4906729 0.8242155
vt -0.5150846 0.8242155
vt -0.5150846 0.3738061
vt -0.5202286 0.3738061
vt -0.5202286 0.03959742
vt -0.5150846 0.03959742
vt -0.5150846 0.2990776
vt -0.5202286 0.2990776
vt -0.5202286 0.8242155
vt -0.5150846 0.8242155
vt -0.5150846 0.03959742
vt -0.5202286 0.03959742
vt -0.5202286 0.3738061
vt -0.5150846 0.3738061
vt -0.5150846 0.8242155
vt -0.5202286 0.8242155
vt -0.5202286 0.2990776
vt -0.5150846 0.2990776
vt -0.4906729 0.3738061
vt -0.4906729 0.3789493
vt -0.5150846 0.3789493
vt -0.5150846 0.3738061
vt -0.5150846 0.3738061
vt -0.5150846 0.3789493
vt -0.4906729 0.3789493
vt -0.4906729 0.3738061
vt -0.4855289 0.8242155
vt -0.4906729 0.8242155
vt -0.4906729 0.2990776
vt -0.4855289 0.2990776
vt -0.4906729 0.03959742
vt -0.4855289 0.03959742
vt -0.4855289 0.3738061
vt -0.4906729 0.3738061
vt -0.4906729 0.3738061
vt -0.4855289 0.3738061
vt -0.4855289 0.03959742
vt -0.4906729 0.03959742
vt -0.4906729 0.8242155
vt -0.4855289 0.8242155
vt -0.4855289 0.2990776
vt -0.4906729 0.2990776
vt -0.5150846 0.03959742
vt -0.5150846 0.0344542
vt -0.4906729 0.0344542
vt -0.4906729 0.03959742
vt -0.4906729 0.03959742
vt -0.4906729 0.0344542
vt -0.5150846 0.0344542
vt -0.5150846 0.03959742
vt -0.5150846 0.3738061
vt -0.5150846 0.03959742
vt -0.4906729 0.03959742
vt -0.4906729 0.3738061
vt 2.02611 0.4709526
vt 1.691901 0.4709526
vt 1.691901 0.9960905
vt 2.02611 0.9960905
vt 0.5421783 0.5456811
vt 0.5421783 0.2114724
vt 0.5177665 0.2114724
vt 0.5177665 0.5456811
vt 1.691901 0.4709526
vt 2.02611 0.4709526
vt 2.02611 0.9960905
vt 1.691901 0.9960905
vt 0.5177665 0.5456811
vt 0.5126225 0.5456811
vt 0.5126225 0.2114724
vt 0.5177665 0.2114724
vt 0.5177665 0.2114724
vt 0.5126225 0.2114724
vt 0.5126225 0.5456811
vt 0.5177665 0.5456811
vt 0.5421783 0.2114724
vt 0.5473222 0.2114724
vt 0.5473222 0.5456811
vt 0.5421783 0.5456811
vt 0.5421783 0.5456811
vt 0.5473222 0.5456811
vt 0.5473222 0.2114724
vt 0.5421783 0.2114724
vt 0.5177665 0.5456811
vt 0.5177665 0.2114724
vt 0.5421783 0.2114724
vt 0.5421783 0.5456811
vt 0.1815675 -0.4760275
vt 0.1764239 -0.4760275
vt 0.1815675 -0.4811707
vt 0.1815675 -0.4811707
vt 0.1764239 -0.4760275
vt 0.1815675 -0.4760275
vt 0.1815675 -0.1418188
vt 0.1815675 -0.1366756
vt 0.1764239 -0.1418188
vt 0.1815675 -0.1418188
vt 0.1764239 -0.1418188
vt 0.1815675 -0.1366756
vt 0.2059792 -0.4760275
vt 0.2059792 -0.4811707
vt 0.2111228 -0.4760275
vt 0.2059792 -0.4760275
vt 0.2111228 -0.4760275
vt 0.2059792 -0.4811707
vt 0.2059792 -0.1418188
vt 0.2111228 -0.1418188
vt 0.2059792 -0.1366756
vt 0.2059792 -0.1418188
vt 0.2059792 -0.1366756
vt 0.2111228 -0.1418188
vt 0.6411838 0.1802224
vt 0.6360399 0.1802224
vt 0.6411838 0.1750792
vt 0.6411838 0.1750792
vt 0.6360399 0.1802224
vt 0.6411838 0.1802224
vt 0.6411838 0.5144311
vt 0.6411838 0.5195743
vt 0.6360399 0.5144311
vt 0.6411838 0.5144311
vt 0.6360399 0.5144311
vt 0.6411838 0.5195743
vt 0.6655955 0.1802224
vt 0.6655955 0.1750792
vt 0.6707395 0.1802224
vt 0.6655955 0.1802224
vt 0.6707395 0.1802224
vt 0.6655955 0.1750792
vt 0.6655955 0.5144311
vt 0.6707395 0.5144311
vt 0.6655955 0.5195743
vt 0.6655955 0.5144311
vt 0.6655955 0.5195743
vt 0.6707395 0.5144311
vt 0.2059792 -0.2165473
vt 0.1815675 -0.2165473
vt 0.1815675 0.3085907
vt 0.2059792 0.3085907
vt 0.1815675 -0.2165473
vt 0.2059792 -0.2165473
vt 0.2059792 0.3085907
vt 0.1815675 0.3085907
vt 0.1815675 -0.2165473
vt 0.1764239 -0.2165473
vt 0.1764239 0.3085907
vt 0.1815675 0.3085907
vt 0.1815675 0.3085907
vt 0.1764239 0.3085907
vt 0.1764239 -0.2165473
vt 0.1815675 -0.2165473
vt 0.2059792 -0.1418188
vt 0.2059792 -0.1366756
vt 0.1815675 -0.1366756
vt 0.1815675 -0.1418188
vt 0.1815675 -0.1418188
vt 0.1815675 -0.1366756
vt 0.2059792 -0.1366756
vt 0.2059792 -0.1418188
vt 0.2111228 0.3085907
vt 0.2059792 0.3085907
vt 0.2059792 -0.2165473
vt 0.2111228 -0.2165473
vt 0.2059792 0.3085907
vt 0.2111228 0.3085907
vt 0.2111228 -0.2165473
vt 0.2059792 -0.2165473
vt 0.1815675 -0.4760275
vt 0.1815675 -0.4811707
vt 0.2059792 -0.4811707
vt 0.2059792 -0.4760275
vt 0.2059792 -0.4760275
vt 0.2059792 -0.4811707
vt 0.1815675 -0.4811707
vt 0.1815675 -0.4760275
vt 0.6655955 0.4397026
vt 0.6411838 0.4397026
vt 0.6411838 0.9648405
vt 0.6655955 0.9648405
vt 0.6411838 0.4397026
vt 0.6655955 0.4397026
vt 0.6655955 0.9648405
vt 0.6411838 0.9648405
vt 0.6411838 0.4397026
vt 0.6360399 0.4397026
vt 0.6360399 0.9648405
vt 0.6411838 0.9648405
vt 0.6411838 0.9648405
vt 0.6360399 0.9648405
vt 0.6360399 0.4397026
vt 0.6411838 0.4397026
vt 0.6655955 0.5144311
vt 0.6655955 0.5195743
vt 0.6411838 0.5195743
vt 0.6411838 0.5144311
vt 0.6411838 0.5144311
vt 0.6411838 0.5195743
vt 0.6655955 0.5195743
vt 0.6655955 0.5144311
vt 0.6707395 0.9648405
vt 0.6655955 0.9648405
vt 0.6655955 0.4397026
vt 0.6707395 0.4397026
vt 0.6655955 0.9648405
vt 0.6707395 0.9648405
vt 0.6707395 0.4397026
vt 0.6655955 0.4397026
vt 0.6411838 0.1802224
vt 0.6411838 0.1750792
vt 0.6655955 0.1750792
vt 0.6655955 0.1802224
vt 0.6655955 0.1802224
vt 0.6655955 0.1750792
vt 0.6411838 0.1750792
vt 0.6411838 0.1802224
vt -0.2025354 0.041619
vt -0.2048273 0.041619
vt -0.2025354 0.03932744
vt -0.2025354 0.03932744
vt -0.2048273 0.041619
vt -0.2025354 0.041619
vt -0.2025354 0.1905337
vt -0.2025354 0.1928254
vt -0.2048273 0.1905337
vt -0.2025354 0.1905337
vt -0.2048273 0.1905337
vt -0.2025354 0.1928254
vt -0.1916583 0.041619
vt -0.1916583 0.03932744
vt -0.1893664 0.041619
vt -0.1916583 0.041619
vt -0.1893664 0.041619
vt -0.1916583 0.03932744
vt -0.1916583 0.1905337
vt -0.1893664 0.1905337
vt -0.1916583 0.1928254
vt -0.1916583 0.1905337
vt -0.1916583 0.1928254
vt -0.1893664 0.1905337
vt 0.3767766 0.2700661
vt 0.3716326 0.2700661
vt 0.3767766 0.2649229
vt 0.3767766 0.2649229
vt 0.3716326 0.2700661
vt 0.3767766 0.2700661
vt 0.3767766 0.6042748
vt 0.3767766 0.609418
vt 0.3716326 0.6042748
vt 0.3767766 0.6042748
vt 0.3716326 0.6042748
vt 0.3767766 0.609418
vt 0.4011884 0.2700661
vt 0.4011884 0.2649229
vt 0.4063324 0.2700661
vt 0.4011884 0.2700661
vt 0.4063324 0.2700661
vt 0.4011884 0.2649229
vt 0.4011884 0.6042748
vt 0.4063324 0.6042748
vt 0.4011884 0.609418
vt 0.4011884 0.6042748
vt 0.4011884 0.609418
vt 0.4063324 0.6042748
vt -0.1916583 0.1572366
vt -0.2025354 0.1572366
vt -0.2025354 0.3912243
vt -0.1916583 0.3912243
vt 0.2793913 0.1572366
vt 0.1304767 0.1572366
vt 0.1304767 0.3912243
vt 0.2793913 0.3912243
vt -0.1916583 0.1905337
vt -0.1916583 0.041619
vt -0.2025354 0.041619
vt -0.2025354 0.1905337
vt 0.1304767 0.1572366
vt 0.2793913 0.1572366
vt 0.2793913 0.3912243
vt 0.1304767 0.3912243
vt -0.2025354 0.1572366
vt -0.1916583 0.1572366
vt -0.1916583 0.3912243
vt -0.2025354 0.3912243
vt -0.2025354 0.1905337
vt -0.2048273 0.1905337
vt -0.2048273 0.041619
vt -0.2025354 0.041619
vt -0.2025354 0.1572366
vt -0.2048273 0.1572366
vt -0.2048273 0.3912243
vt -0.2025354 0.3912243
vt -0.2025354 0.041619
vt -0.2048273 0.041619
vt -0.2048273 0.1905337
vt -0.2025354 0.1905337
vt -0.2025354 0.3912243
vt -0.2048273 0.3912243
vt -0.2048273 0.1572366
vt -0.2025354 0.1572366
vt -0.1916583 0.1905337
vt -0.1916583 0.1928254
vt -0.2025354 0.1928254
vt -0.2025354 0.1905337
vt -0.2025354 0.1905337
vt -0.2025354 0.1928254
vt -0.1916583 0.1928254
vt -0.1916583 0.1905337
vt -0.1893664 0.3912243
vt -0.1916583 0.3912243
vt -0.1916583 0.1572366
vt -0.1893664 0.1572366
vt -0.1916583 0.041619
vt -0.1893664 0.041619
vt -0.1893664 0.1905337
vt -0.1916583 0.1905337
vt -0.1916583 0.1905337
vt -0.1893664 0.1905337
vt -0.1893664 0.041619
vt -0.1916583 0.041619
vt -0.1916583 0.3912243
vt -0.1893664 0.3912243
vt -0.1893664 0.1572366
vt -0.1916583 0.1572366
vt -0.2025354 0.041619
vt -0.2025354 0.03932744
vt -0.1916583 0.03932744
vt -0.1916583 0.041619
vt -0.1916583 0.041619
vt -0.1916583 0.03932744
vt -0.2025354 0.03932744
vt -0.2025354 0.041619
vt -0.2025354 0.1905337
vt -0.2025354 0.041619
vt -0.1916583 0.041619
vt -0.1916583 0.1905337
vt 0.4011884 0.5295463
vt 0.3767766 0.5295463
vt 0.3767766 1.054684
vt 0.4011884 1.054684
vt 0.3767766 0.5295463
vt 0.4011884 0.5295463
vt 0.4011884 1.054684
vt 0.3767766 1.054684
vt 0.3767766 0.5295463
vt 0.3716326 0.5295463
vt 0.3716326 1.054684
vt 0.3767766 1.054684
vt 0.3767766 1.054684
vt 0.3716326 1.054684
vt 0.3716326 0.5295463
vt 0.3767766 0.5295463
vt 0.4011884 0.6042748
vt 0.4011884 0.609418
vt 0.3767766 0.609418
vt 0.3767766 0.6042748
vt 0.3767766 0.6042748
vt 0.3767766 0.609418
vt 0.4011884 0.609418
vt 0.4011884 0.6042748
vt 0.4063324 1.054684
vt 0.4011884 1.054684
vt 0.4011884 0.5295463
vt 0.4063324 0.5295463
vt 0.4011884 1.054684
vt 0.4063324 1.054684
vt 0.4063324 0.5295463
vt 0.4011884 0.5295463
vt 0.3767766 0.2700661
vt 0.3767766 0.2649229
vt 0.4011884 0.2649229
vt 0.4011884 0.2700661
vt 0.4011884 0.2700661
vt 0.4011884 0.2649229
vt 0.3767766 0.2649229
vt 0.3767766 0.2700661
vt -0.3873098 0.7036598
vt -0.3924538 0.7036598
vt -0.3873098 0.6985166
vt -0.3873098 0.6985166
vt -0.3924538 0.7036598
vt -0.3873098 0.7036598
vt -0.3873098 1.037868
vt -0.3873098 1.043012
vt -0.3924538 1.037868
vt -0.3873098 1.037868
vt -0.3924538 1.037868
vt -0.3873098 1.043012
vt -0.3628981 0.7036598
vt -0.3628981 0.6985166
vt -0.3577545 0.7036598
vt -0.3628981 0.7036598
vt -0.3577545 0.7036598
vt -0.3628981 0.6985166
vt -0.3628981 1.037868
vt -0.3577545 1.037868
vt -0.3628981 1.043012
vt -0.3628981 1.037868
vt -0.3628981 1.043012
vt -0.3577545 1.037868
vt -0.3628981 0.96314
vt -0.3873098 0.96314
vt -0.3873098 1.488278
vt -0.3628981 1.488278
vt -0.3873098 0.96314
vt -0.3628981 0.96314
vt -0.3628981 1.488278
vt -0.3873098 1.488278
vt -0.3873098 0.96314
vt -0.3924538 0.96314
vt -0.3924538 1.488278
vt -0.3873098 1.488278
vt -0.3873098 1.488278
vt -0.3924538 1.488278
vt -0.3924538 0.96314
vt -0.3873098 0.96314
vt -0.3628981 1.037868
vt -0.3628981 1.043012
vt -0.3873098 1.043012
vt -0.3873098 1.037868
vt -0.3873098 1.037868
vt -0.3873098 1.043012
vt -0.3628981 1.043012
vt -0.3628981 1.037868
vt -0.3577545 1.488278
vt -0.3628981 1.488278
vt -0.3628981 0.96314
vt -0.3577545 0.96314
vt -0.3628981 1.488278
vt -0.3577545 1.488278
vt -0.3577545 0.96314
vt -0.3628981 0.96314
vt -0.3873098 0.7036598
vt -0.3873098 0.6985166
vt -0.3628981 0.6985166
vt -0.3628981 0.7036598
vt -0.3628981 0.7036598
vt -0.3628981 0.6985166
vt -0.3873098 0.6985166
vt -0.3873098 0.7036598
vt 0.77161 -0.4330588
vt 0.766466 -0.4330588
vt 0.77161 -0.438202
vt 0.77161 -0.438202
vt 0.766466 -0.4330588
vt 0.77161 -0.4330588
vt 0.77161 -0.09885013
vt 0.77161 -0.09370691
vt 0.766466 -0.09885013
vt 0.77161 -0.09885013
vt 0.766466 -0.09885013
vt 0.77161 -0.09370691
vt 0.7960218 -0.4330588
vt 0.7960218 -0.438202
vt 0.8011657 -0.4330588
vt 0.7960218 -0.4330588
vt 0.8011657 -0.4330588
vt 0.7960218 -0.438202
vt 0.7960218 -0.09885013
vt 0.8011657 -0.09885013
vt 0.7960218 -0.09370691
vt 0.7960218 -0.09885013
vt 0.7960218 -0.09370691
vt 0.8011657 -0.09885013
vt -0.3916673 -0.2533713
vt -0.3968113 -0.2533713
vt -0.3916673 -0.2585145
vt -0.3916673 -0.2585145
vt -0.3968113 -0.2533713
vt -0.3916673 -0.2533713
vt -0.3916673 0.08083737
vt -0.3916673 0.08598059
vt -0.3968113 0.08083737
vt -0.3916673 0.08083737
vt -0.3968113 0.08083737
vt -0.3916673 0.08598059
vt -0.3672556 -0.2533713
vt -0.3672556 -0.2585145
vt -0.3621116 -0.2533713
vt -0.3672556 -0.2533713
vt -0.3621116 -0.2533713
vt -0.3672556 -0.2585145
vt -0.3672556 0.08083737
vt -0.3621116 0.08083737
vt -0.3672556 0.08598059
vt -0.3672556 0.08083737
vt -0.3672556 0.08598059
vt -0.3621116 0.08083737
vt 0.4220689 0.8833473
vt 0.4169249 0.8833473
vt 0.4220689 0.8782041
vt 0.4220689 0.8782041
vt 0.4169249 0.8833473
vt 0.4220689 0.8833473
vt 0.4220689 1.217556
vt 0.4220689 1.222699
vt 0.4169249 1.217556
vt 0.4220689 1.217556
vt 0.4169249 1.217556
vt 0.4220689 1.222699
vt 0.4464806 0.8833473
vt 0.4464806 0.8782041
vt 0.4516246 0.8833473
vt 0.4464806 0.8833473
vt 0.4516246 0.8833473
vt 0.4464806 0.8782041
vt 0.4464806 1.217556
vt 0.4516246 1.217556
vt 0.4464806 1.222699
vt 0.4464806 1.217556
vt 0.4464806 1.222699
vt 0.4516246 1.217556
vt 0.7960218 -0.1735786
vt 0.77161 -0.1735786
vt 0.77161 0.3515593
vt 0.7960218 0.3515593
vt 0.77161 -0.1735786
vt 0.7960218 -0.1735786
vt 0.7960218 0.3515593
vt 0.77161 0.3515593
vt 0.77161 -0.1735786
vt 0.766466 -0.1735786
vt 0.766466 0.3515593
vt 0.77161 0.3515593
vt 0.77161 0.3515593
vt 0.766466 0.3515593
vt 0.766466 -0.1735786
vt 0.77161 -0.1735786
vt 0.7960218 -0.09885013
vt 0.7960218 -0.09370691
vt 0.77161 -0.09370691
vt 0.77161 -0.09885013
vt 0.77161 -0.09885013
vt 0.77161 -0.09370691
vt 0.7960218 -0.09370691
vt 0.7960218 -0.09885013
vt 0.8011657 0.3515593
vt 0.7960218 0.3515593
vt 0.7960218 -0.1735786
vt 0.8011657 -0.1735786
vt 0.7960218 0.3515593
vt 0.8011657 0.3515593
vt 0.8011657 -0.1735786
vt 0.7960218 -0.1735786
vt 0.77161 -0.4330588
vt 0.77161 -0.438202
vt 0.7960218 -0.438202
vt 0.7960218 -0.4330588
vt 0.7960218 -0.4330588
vt 0.7960218 -0.438202
vt 0.77161 -0.438202
vt 0.77161 -0.4330588
vt -0.3672556 0.00610888
vt -0.3916673 0.00610888
vt -0.3916673 0.5312468
vt -0.3672556 0.5312468
vt -0.3916673 0.00610888
vt -0.3672556 0.00610888
vt -0.3672556 0.5312468
vt -0.3916673 0.5312468
vt -0.3916673 0.00610888
vt -0.3968113 0.00610888
vt -0.3968113 0.5312468
vt -0.3916673 0.5312468
vt -0.3916673 0.5312468
vt -0.3968113 0.5312468
vt -0.3968113 0.00610888
vt -0.3916673 0.00610888
vt -0.3672556 0.08083737
vt -0.3672556 0.08598059
vt -0.3916673 0.08598059
vt -0.3916673 0.08083737
vt -0.3916673 0.08083737
vt -0.3916673 0.08598059
vt -0.3672556 0.08598059
vt -0.3672556 0.08083737
vt -0.3621116 0.5312468
vt -0.3672556 0.5312468
vt -0.3672556 0.00610888
vt -0.3621116 0.00610888
vt -0.3672556 0.5312468
vt -0.3621116 0.5312468
vt -0.3621116 0.00610888
vt -0.3672556 0.00610888
vt -0.3916673 -0.2533713
vt -0.3916673 -0.2585145
vt -0.3672556 -0.2585145
vt -0.3672556 -0.2533713
vt -0.3672556 -0.2533713
vt -0.3672556 -0.2585145
vt -0.3916673 -0.2585145
vt -0.3916673 -0.2533713
vt 0.4464806 1.142828
vt 0.4220689 1.142828
vt 0.4220689 1.667965
vt 0.4464806 1.667965
vt 0.4220689 1.142828
vt 0.4464806 1.142828
vt 0.4464806 1.667965
vt 0.4220689 1.667965
vt 0.4220689 1.142828
vt 0.4169249 1.142828
vt 0.4169249 1.667965
vt 0.4220689 1.667965
vt 0.4220689 1.667965
vt 0.4169249 1.667965
vt 0.4169249 1.142828
vt 0.4220689 1.142828
vt 0.4464806 1.217556
vt 0.4464806 1.222699
vt 0.4220689 1.222699
vt 0.4220689 1.217556
vt 0.4220689 1.217556
vt 0.4220689 1.222699
vt 0.4464806 1.222699
vt 0.4464806 1.217556
vt 0.4516246 1.667965
vt 0.4464806 1.667965
vt 0.4464806 1.142828
vt 0.4516246 1.142828
vt 0.4464806 1.667965
vt 0.4516246 1.667965
vt 0.4516246 1.142828
vt 0.4464806 1.142828
vt 0.4220689 0.8833473
vt 0.4220689 0.8782041
vt 0.4464806 0.8782041
vt 0.4464806 0.8833473
vt 0.4464806 0.8833473
vt 0.4464806 0.8782041
vt 0.4220689 0.8782041
vt 0.4220689 0.8833473
vt -0.4103824 -0.3354025
vt -0.4155264 -0.3354025
vt -0.4103824 -0.3405458
vt -0.4103824 -0.3405458
vt -0.4155264 -0.3354025
vt -0.4103824 -0.3354025
vt -0.4103824 -0.001193881
vt -0.4103824 0.003949344
vt -0.4155264 -0.001193881
vt -0.4103824 -0.001193881
vt -0.4155264 -0.001193881
vt -0.4103824 0.003949344
vt -0.3859707 -0.3354025
vt -0.3859707 -0.3405458
vt -0.3808267 -0.3354025
vt -0.3859707 -0.3354025
vt -0.3808267 -0.3354025
vt -0.3859707 -0.3405458
vt -0.3859707 -0.001193881
vt -0.3808267 -0.001193881
vt -0.3859707 0.003949344
vt -0.3859707 -0.001193881
vt -0.3859707 0.003949344
vt -0.3808267 -0.001193881
vt -0.3859707 -0.07592237
vt -0.4103824 -0.07592237
vt -0.4103824 0.4492156
vt -0.3859707 0.4492156
vt -0.4103824 -0.07592237
vt -0.3859707 -0.07592237
vt -0.3859707 0.4492156
vt -0.4103824 0.4492156
vt -0.4103824 -0.07592237
vt -0.4155264 -0.07592237
vt -0.4155264 0.4492156
vt -0.4103824 0.4492156
vt -0.4103824 0.4492156
vt -0.4155264 0.4492156
vt -0.4155264 -0.07592237
vt -0.4103824 -0.07592237
vt -0.3859707 -0.001193881
vt -0.3859707 0.003949344
vt -0.4103824 0.003949344
vt -0.4103824 -0.001193881
vt -0.4103824 -0.001193881
vt -0.4103824 0.003949344
vt -0.3859707 0.003949344
vt -0.3859707 -0.001193881
vt -0.3808267 0.4492156
vt -0.3859707 0.4492156
vt -0.3859707 -0.07592237
vt -0.3808267 -0.07592237
vt -0.3859707 0.4492156
vt -0.3808267 0.4492156
vt -0.3808267 -0.07592237
vt -0.3859707 -0.07592237
vt -0.4103824 -0.3354025
vt -0.4103824 -0.3405458
vt -0.3859707 -0.3405458
vt -0.3859707 -0.3354025
vt -0.3859707 -0.3354025
vt -0.3859707 -0.3405458
vt -0.4103824 -0.3405458
vt -0.4103824 -0.3354025
vt 0.5177665 0.2114724
vt 0.5126225 0.2114724
vt 0.5177665 0.2063292
vt 0.5177665 0.2063292
vt 0.5126225 0.2114724
vt 0.5177665 0.2114724
vt 0.5177665 0.5456811
vt 0.5177665 0.5508243
vt 0.5126225 0.5456811
vt 0.5177665 0.5456811
vt 0.5126225 0.5456811
vt 0.5177665 0.5508243
vt 0.5421783 0.2114724
vt 0.5421783 0.2063292
vt 0.5473222 0.2114724
vt 0.5421783 0.2114724
vt 0.5473222 0.2114724
vt 0.5421783 0.2063292
vt 0.5421783 0.5456811
vt 0.5473222 0.5456811
vt 0.5421783 0.5508243
vt 0.5421783 0.5456811
vt 0.5421783 0.5508243
vt 0.5473222 0.5456811
vt 0.5421783 0.4709526
vt 0.5177665 0.4709526
vt 0.5177665 0.9960905
vt 0.5421783 0.9960905
vt 0.5177665 0.4709526
vt 0.5421783 0.4709526
vt 0.5421783 0.9960905
vt 0.5177665 0.9960905
vt 0.5177665 0.4709526
vt 0.5126225 0.4709526
vt 0.5126225 0.9960905
vt 0.5177665 0.9960905
vt 0.5177665 0.9960905
vt 0.5126225 0.9960905
vt 0.5126225 0.4709526
vt 0.5177665 0.4709526
vt 0.5421783 0.5456811
vt 0.5421783 0.5508243
vt 0.5177665 0.5508243
vt 0.5177665 0.5456811
vt 0.5177665 0.5456811
vt 0.5177665 0.5508243
vt 0.5421783 0.5508243
vt 0.5421783 0.5456811
vt 0.5473222 0.9960905
vt 0.5421783 0.9960905
vt 0.5421783 0.4709526
vt 0.5473222 0.4709526
vt 0.5421783 0.9960905
vt 0.5473222 0.9960905
vt 0.5473222 0.4709526
vt 0.5421783 0.4709526
vt 0.5177665 0.2114724
vt 0.5177665 0.2063292
vt 0.5421783 0.2063292
vt 0.5421783 0.2114724
vt 0.5421783 0.2114724
vt 0.5421783 0.2063292
vt 0.5177665 0.2063292
vt 0.5177665 0.2114724
usemtl Leather 1
f 3/3/3 2/2/2 1/1/1
f 6/6/6 5/5/5 4/4/4
f 9/9/9 8/8/8 7/7/7
f 12/12/12 11/11/11 10/10/10
f 15/15/15 14/14/14 13/13/13
f 18/18/18 17/17/17 16/16/16
f 21/21/21 20/20/20 19/19/19
f 24/24/24 23/23/23 22/22/22
f 27/27/27 26/26/26 25/25/25
f 28/28/28 27/27/27 25/25/25
f 31/31/31 30/30/30 29/29/29
f 32/32/32 31/31/31 29/29/29
f 35/35/35 34/34/34 33/33/33
f 36/36/36 35/35/35 33/33/33
f 39/39/39 38/38/38 37/37/37
f 40/40/40 39/39/39 37/37/37
f 43/43/43 42/42/42 41/41/41
f 44/44/44 43/43/43 41/41/41
f 47/47/47 46/46/46 45/45/45
f 48/48/48 47/47/47 45/45/45
f 51/51/51 50/50/50 49/49/49
f 52/52/52 51/51/51 49/49/49
f 55/55/55 54/54/54 53/53/53
f 56/56/56 55/55/55 53/53/53
f 59/59/59 58/58/58 57/57/57
f 60/60/60 59/59/59 57/57/57
f 63/63/63 62/62/62 61/61/61
f 64/64/64 63/63/63 61/61/61
usemtl PaperClutter1
f 67/67/67 66/66/66 65/65/65
f 70/70/70 69/69/69 68/68/68
f 73/73/73 72/72/72 71/71/71
f 76/76/76 75/75/75 74/74/74
f 79/79/79 78/78/78 77/77/77
f 82/82/82 81/81/81 80/80/80
f 85/85/85 84/84/84 83/83/83
f 88/88/88 87/87/87 86/86/86
f 91/91/91 90/90/90 89/89/89
f 92/92/92 91/91/91 89/89/89
f 95/95/95 94/94/94 93/93/93
f 96/96/96 95/95/95 93/93/93
f 99/99/99 98/98/98 97/97/97
f 100/100/100 99/99/99 97/97/97
f 103/103/103 102/102/102 101/101/101
f 104/104/104 103/103/103 101/101/101
f 107/107/107 106/106/106 105/105/105
f 108/108/108 107/107/107 105/105/105
f 111/111/111 110/110/110 109/109/109
f 112/112/112 111/111/111 109/109/109
f 115/115/115 114/114/114 113/113/113
f 116/116/116 115/115/115 113/113/113
f 119/119/119 118/118/118 117/117/117
f 120/120/120 119/119/119 117/117/117
f 123/123/123 122/122/122 121/121/121
f 124/124/124 123/123/123 121/121/121
f 127/127/127 126/126/126 125/125/125
f 128/128/128 127/127/127 125/125/125
f 131/131/131 130/130/130 129/129/129
f 132/132/132 131/131/131 129/129/129
f 135/135/135 134/134/134 133/133/133
f 136/136/136 135/135/135 133/133/133
f 139/139/139 138/138/138 137/137/137
f 140/140/140 139/139/139 137/137/137
f 143/143/143 142/142/142 141/141/141
f 144/144/144 143/143/143 141/141/141
f 147/147/147 146/146/146 145/145/145
f 148/148/148 147/147/147 145/145/145
f 151/151/151 150/150/150 149/149/149
f 152/152/152 151/151/151 149/149/149
f 155/155/155 154/154/154 153/153/153
f 156/156/156 155/155/155 153/153/153
f 159/159/159 158/158/158 157/157/157
f 160/160/160 159/159/159 157/157/157
f 163/163/163 162/162/162 161/161/161
f 164/164/164 163/163/163 161/161/161
f 167/167/167 166/166/166 165/165/165
f 168/168/168 167/167/167 165/165/165
f 171/171/171 170/170/170 169/169/169
f 172/172/172 171/171/171 169/169/169
f 175/175/175 174/174/174 173/173/173
f 176/176/176 175/175/175 173/173/173
f 179/179/179 178/178/178 177/177/177
f 180/180/180 179/179/179 177/177/177
f 183/183/183 182/182/182 181/181/181
f 184/184/184 183/183/183 181/181/181
f 187/187/187 186/186/186 185/185/185
f 188/188/188 187/187/187 185/185/185
f 191/191/191 190/190/190 189/189/189
f 192/192/192 191/191/191 189/189/189
f 195/195/195 194/194/194 193/193/193
f 196/196/196 195/195/195 193/193/193
f 199/199/199 198/198/198 197/197/197
f 200/200/200 199/199/199 197/197/197
f 203/203/203 202/202/202 201/201/201
f 204/204/204 203/203/203 201/201/201
f 207/207/207 206/206/206 205/205/205
f 208/208/208 207/207/207 205/205/205
f 211/211/211 210/210/210 209/209/209
f 212/212/212 211/211/211 209/209/209
f 215/215/215 214/214/214 213/213/213
f 216/216/216 215/215/215 213/213/213
f 219/219/219 218/218/218 217/217/217
f 220/220/220 219/219/219 217/217/217
f 223/223/223 222/222/222 221/221/221
f 224/224/224 223/223/223 221/221/221
f 227/227/227 226/226/226 225/225/225
f 228/228/228 227/227/227 225/225/225
f 231/231/231 230/230/230 229/229/229
f 232/232/232 231/231/231 229/229/229
f 235/235/235 234/234/234 233/233/233
f 236/236/236 235/235/235 233/233/233
f 239/239/239 238/238/238 237/237/237
f 240/240/240 239/239/239 237/237/237
f 243/243/243 242/242/242 241/241/241
f 244/244/244 243/243/243 241/241/241
f 247/247/247 246/246/246 245/245/245
f 248/248/248 247/247/247 245/245/245
f 251/251/251 250/250/250 249/249/249
f 252/252/252 251/251/251 249/249/249
f 255/255/255 254/254/254 253/253/253
f 256/256/256 255/255/255 253/253/253
f 259/259/259 258/258/258 257/257/257
f 260/260/260 259/259/259 257/257/257
f 263/263/263 262/262/262 261/261/261
f 264/264/264 263/263/263 261/261/261
f 267/267/267 266/266/266 265/265/265
f 268/268/268 267/267/267 265/265/265
f 271/271/271 270/270/270 269/269/269
f 272/272/272 271/271/271 269/269/269
f 275/275/275 274/274/274 273/273/273
f 276/276/276 275/275/275 273/273/273
f 279/279/279 278/278/278 277/277/277
f 280/280/280 279/279/279 277/277/277
f 283/283/283 282/282/282 281/281/281
f 284/284/284 283/283/283 281/281/281
f 287/287/287 286/286/286 285/285/285
f 288/288/288 287/287/287 285/285/285
f 291/291/291 290/290/290 289/289/289
f 292/292/292 291/291/291 289/289/289
f 295/295/295 294/294/294 293/293/293
f 296/296/296 295/295/295 293/293/293
f 299/299/299 298/298/298 297/297/297
f 300/300/300 299/299/299 297/297/297
f 303/303/303 302/302/302 301/301/301
f 304/304/304 303/303/303 301/301/301
f 307/307/307 306/306/306 305/305/305
f 308/308/308 307/307/307 305/305/305
f 311/311/311 310/310/310 309/309/309
f 312/312/312 311/311/311 309/309/309
f 315/315/315 314/314/314 313/313/313
f 316/316/316 315/315/315 313/313/313
f 319/319/319 318/318/318 317/317/317
f 320/320/320 319/319/319 317/317/317
f 323/323/323 322/322/322 321/321/321
f 324/324/324 323/323/323 321/321/321
f 327/327/327 326/326/326 325/325/325
f 328/328/328 327/327/327 325/325/325
f 331/331/331 330/330/330 329/329/329
f 332/332/332 331/331/331 329/329/329
f 335/335/335 334/334/334 333/333/333
f 336/336/336 335/335/335 333/333/333
f 339/339/339 338/338/338 337/337/337
f 340/340/340 339/339/339 337/337/337
f 343/343/343 342/342/342 341/341/341
f 344/344/344 343/343/343 341/341/341
f 347/347/347 346/346/346 345/345/345
f 348/348/348 347/347/347 345/345/345
f 351/351/351 350/350/350 349/349/349
f 352/352/352 351/351/351 349/349/349
f 355/355/355 354/354/354 353/353/353
f 356/356/356 355/355/355 353/353/353
f 359/359/359 358/358/358 357/357/357
f 360/360/360 359/359/359 357/357/357
f 363/363/363 362/362/362 361/361/361
f 364/364/364 363/363/363 361/361/361
f 367/367/367 366/366/366 365/365/365
f 368/368/368 367/367/367 365/365/365
f 371/371/371 370/370/370 369/369/369
f 372/372/372 371/371/371 369/369/369
f 375/375/375 374/374/374 373/373/373
f 376/376/376 375/375/375 373/373/373
f 379/379/379 378/378/378 377/377/377
f 380/380/380 379/379/379 377/377/377
f 383/383/383 382/382/382 381/381/381
f 384/384/384 383/383/383 381/381/381
f 387/387/387 386/386/386 385/385/385
f 388/388/388 387/387/387 385/385/385
f 391/391/391 390/390/390 389/389/389
f 392/392/392 391/391/391 389/389/389
f 395/395/395 394/394/394 393/393/393
f 396/396/396 395/395/395 393/393/393
f 399/399/399 398/398/398 397/397/397
f 400/400/400 399/399/399 397/397/397
f 403/403/403 402/402/402 401/401/401
f 404/404/404 403/403/403 401/401/401
f 407/407/407 406/406/406 405/405/405
f 408/408/408 407/407/407 405/405/405
f 411/411/411 410/410/410 409/409/409
f 412/412/412 411/411/411 409/409/409
f 415/415/415 414/414/414 413/413/413
f 416/416/416 415/415/415 413/413/413
f 419/419/419 418/418/418 417/417/417
f 420/420/420 419/419/419 417/417/417
f 423/423/423 422/422/422 421/421/421
f 424/424/424 423/423/423 421/421/421
f 427/427/427 426/426/426 425/425/425
f 428/428/428 427/427/427 425/425/425
f 431/431/431 430/430/430 429/429/429
f 432/432/432 431/431/431 429/429/429
f 435/435/435 434/434/434 433/433/433
f 436/436/436 435/435/435 433/433/433
f 439/439/439 438/438/438 437/437/437
f 440/440/440 439/439/439 437/437/437
f 443/443/443 442/442/442 441/441/441
f 444/444/444 443/443/443 441/441/441
f 447/447/447 446/446/446 445/445/445
f 448/448/448 447/447/447 445/445/445
f 451/451/451 450/450/450 449/449/449
f 452/452/452 451/451/451 449/449/449
f 455/455/455 454/454/454 453/453/453
f 456/456/456 455/455/455 453/453/453
f 459/459/459 458/458/458 457/457/457
f 460/460/460 459/459/459 457/457/457
f 463/463/463 462/462/462 461/461/461
f 464/464/464 463/463/463 461/461/461
f 467/467/467 466/466/466 465/465/465
f 468/468/468 467/467/467 465/465/465
f 471/471/471 470/470/470 469/469/469
f 472/472/472 471/471/471 469/469/469
f 475/475/475 474/474/474 473/473/473
f 476/476/476 475/475/475 473/473/473
f 479/479/479 478/478/478 477/477/477
f 480/480/480 479/479/479 477/477/477
usemtl Leather3
f 483/483/483 482/482/482 481/481/481
f 486/486/486 485/485/485 484/484/484
f 489/489/489 488/488/488 487/487/487
f 492/492/492 491/491/491 490/490/490
f 495/495/495 494/494/494 493/493/493
f 498/498/498 497/497/497 496/496/496
f 501/501/501 500/500/500 499/499/499
f 504/504/504 503/503/503 502/502/502
f 507/507/507 506/506/506 505/505/505
f 510/510/510 509/509/509 508/508/508
f 513/513/513 512/512/512 511/511/511
f 516/516/516 515/515/515 514/514/514
f 519/519/519 518/518/518 517/517/517
f 522/522/522 521/521/521 520/520/520
f 525/525/525 524/524/524 523/523/523
f 528/528/528 527/527/527 526/526/526
f 531/531/531 530/530/530 529/529/529
f 532/532/532 531/531/531 529/529/529
f 535/535/535 534/534/534 533/533/533
f 536/536/536 535/535/535 533/533/533
f 539/539/539 538/538/538 537/537/537
f 540/540/540 539/539/539 537/537/537
f 543/543/543 542/542/542 541/541/541
f 544/544/544 543/543/543 541/541/541
f 547/547/547 546/546/546 545/545/545
f 548/548/548 547/547/547 545/545/545
f 551/551/551 550/550/550 549/549/549
f 552/552/552 551/551/551 549/549/549
f 555/555/555 554/554/554 553/553/553
f 556/556/556 555/555/555 553/553/553
f 559/559/559 558/558/558 557/557/557
f 560/560/560 559/559/559 557/557/557
f 563/563/563 562/562/562 561/561/561
f 564/564/564 563/563/563 561/561/561
f 567/567/567 566/566/566 565/565/565
f 568/568/568 567/567/567 565/565/565
f 571/571/571 570/570/570 569/569/569
f 572/572/572 571/571/571 569/569/569
f 575/575/575 574/574/574 573/573/573
f 576/576/576 575/575/575 573/573/573
f 579/579/579 578/578/578 577/577/577
f 580/580/580 579/579/579 577/577/577
f 583/583/583 582/582/582 581/581/581
f 584/584/584 583/583/583 581/581/581
f 587/587/587 586/586/586 585/585/585
f 588/588/588 587/587/587 585/585/585
f 591/591/591 590/590/590 589/589/589
f 592/592/592 591/591/591 589/589/589
f 595/595/595 594/594/594 593/593/593
f 596/596/596 595/595/595 593/593/593
f 599/599/599 598/598/598 597/597/597
f 600/600/600 599/599/599 597/597/597
f 603/603/603 602/602/602 601/601/601
f 604/604/604 603/603/603 601/601/601
f 607/607/607 606/606/606 605/605/605
f 608/608/608 607/607/607 605/605/605
usemtl Europe_1812_map_en
f 611/611/611 610/610/610 609/609/609
f 614/614/614 613/613/613 612/612/612
f 617/617/617 616/616/616 615/615/615
f 620/620/620 619/619/619 618/618/618
f 623/623/623 622/622/622 621/621/621
f 626/626/626 625/625/625 624/624/624
f 629/629/629 628/628/628 627/627/627
f 632/632/632 631/631/631 630/630/630
f 635/635/635 634/634/634 633/633/633
f 638/638/638 637/637/637 636/636/636
f 641/641/641 640/640/640 639/639/639
f 644/644/644 643/643/643 642/642/642
f 647/647/647 646/646/646 645/645/645
f 650/650/650 649/649/649 648/648/648
f 653/653/653 652/652/652 651/651/651
f 656/656/656 655/655/655 654/654/654
f 659/659/659 658/658/658 657/657/657
f 660/660/660 659/659/659 657/657/657
f 663/663/663 662/662/662 661/661/661
f 664/664/664 663/663/663 661/661/661
f 667/667/667 666/666/666 665/665/665
f 668/668/668 667/667/667 665/665/665
f 671/671/671 670/670/670 669/669/669
f 672/672/672 671/671/671 669/669/669
f 675/675/675 674/674/674 673/673/673
f 676/676/676 675/675/675 673/673/673
f 679/679/679 678/678/678 677/677/677
f 680/680/680 679/679/679 677/677/677
f 683/683/683 682/682/682 681/681/681
f 684/684/684 683/683/683 681/681/681
f 687/687/687 686/686/686 685/685/685
f 688/688/688 687/687/687 685/685/685
f 691/691/691 690/690/690 689/689/689
f 692/692/692 691/691/691 689/689/689
f 695/695/695 694/694/694 693/693/693
f 696/696/696 695/695/695 693/693/693
f 699/699/699 698/698/698 697/697/697
f 700/700/700 699/699/699 697/697/697
f 703/703/703 702/702/702 701/701/701
f 704/704/704 703/703/703 701/701/701
f 707/707/707 706/706/706 705/705/705
f 708/708/708 707/707/707 705/705/705
f 711/711/711 710/710/710 709/709/709
f 712/712/712 711/711/711 709/709/709
f 715/715/715 714/714/714 713/713/713
f 716/716/716 715/715/715 713/713/713
f 719/719/719 718/718/718 717/717/717
f 720/720/720 719/719/719 717/717/717
f 723/723/723 722/722/722 721/721/721
f 724/724/724 723/723/723 721/721/721
f 727/727/727 726/726/726 725/725/725
f 728/728/728 727/727/727 725/725/725
f 731/731/731 730/730/730 729/729/729
f 732/732/732 731/731/731 729/729/729
f 735/735/735 734/734/734 733/733/733
f 736/736/736 735/735/735 733/733/733
f 739/739/739 738/738/738 737/737/737
f 740/740/740 739/739/739 737/737/737
f 743/743/743 742/742/742 741/741/741
f 744/744/744 743/743/743 741/741/741
f 747/747/747 746/746/746 745/745/745
f 748/748/748 747/747/747 745/745/745
f 751/751/751 750/750/750 749/749/749
f 752/752/752 751/751/751 749/749/749
f 755/755/755 754/754/754 753/753/753
f 756/756/756 755/755/755 753/753/753
f 759/759/759 758/758/758 757/757/757
f 760/760/760 759/759/759 757/757/757
f 763/763/763 762/762/762 761/761/761
f 764/764/764 763/763/763 761/761/761
f 767/767/767 766/766/766 765/765/765
f 768/768/768 767/767/767 765/765/765
usemtl Leather2
f 771/771/771 770/770/770 769/769/769
f 774/774/774 773/773/773 772/772/772
f 777/777/777 776/776/776 775/775/775
f 780/780/780 779/779/779 778/778/778
f 783/783/783 782/782/782 781/781/781
f 786/786/786 785/785/785 784/784/784
f 789/789/789 788/788/788 787/787/787
f 792/792/792 791/791/791 790/790/790
f 795/795/795 794/794/794 793/793/793
f 796/796/796 795/795/795 793/793/793
f 799/799/799 798/798/798 797/797/797
f 800/800/800 799/799/799 797/797/797
f 803/803/803 802/802/802 801/801/801
f 804/804/804 803/803/803 801/801/801
f 807/807/807 806/806/806 805/805/805
f 808/808/808 807/807/807 805/805/805
f 811/811/811 810/810/810 809/809/809
f 812/812/812 811/811/811 809/809/809
f 815/815/815 814/814/814 813/813/813
f 816/816/816 815/815/815 813/813/813
f 819/819/819 818/818/818 817/817/817
f 820/820/820 819/819/819 817/817/817
f 823/823/823 822/822/822 821/821/821
f 824/824/824 823/823/823 821/821/821
f 827/827/827 826/826/826 825/825/825
f 828/828/828 827/827/827 825/825/825
f 831/831/831 830/830/830 829/829/829
f 832/832/832 831/831/831 829/829/829
usemtl Leather
f 835/835/835 834/834/834 833/833/833
f 838/838/838 837/837/837 836/836/836
f 841/841/841 840/840/840 839/839/839
f 844/844/844 843/843/843 842/842/842
f 847/847/847 846/846/846 845/845/845
f 850/850/850 849/849/849 848/848/848
f 853/853/853 852/852/852 851/851/851
f 856/856/856 855/855/855 854/854/854
f 859/859/859 858/858/858 857/857/857
f 862/862/862 861/861/861 860/860/860
f 865/865/865 864/864/864 863/863/863
f 868/868/868 867/867/867 866/866/866
f 871/871/871 870/870/870 869/869/869
f 874/874/874 873/873/873 872/872/872
f 877/877/877 876/876/876 875/875/875
f 880/880/880 879/879/879 878/878/878
f 883/883/883 882/882/882 881/881/881
f 886/886/886 885/885/885 884/884/884
f 889/889/889 888/888/888 887/887/887
f 892/892/892 891/891/891 890/890/890
f 895/895/895 894/894/894 893/893/893
f 898/898/898 897/897/897 896/896/896
f 901/901/901 900/900/900 899/899/899
f 904/904/904 903/903/903 902/902/902
f 907/907/907 906/906/906 905/905/905
f 908/908/908 907/907/907 905/905/905
f 911/911/911 910/910/910 909/909/909
f 912/912/912 911/911/911 909/909/909
f 915/915/915 914/914/914 913/913/913
f 916/916/916 915/915/915 913/913/913
f 919/919/919 918/918/918 917/917/917
f 920/920/920 919/919/919 917/917/917
f 923/923/923 922/922/922 921/921/921
f 924/924/924 923/923/923 921/921/921
f 927/927/927 926/926/926 925/925/925
f 928/928/928 927/927/927 925/925/925
f 931/931/931 930/930/930 929/929/929
f 932/932/932 931/931/931 929/929/929
f 935/935/935 934/934/934 933/933/933
f 936/936/936 935/935/935 933/933/933
f 939/939/939 938/938/938 937/937/937
f 940/940/940 939/939/939 937/937/937
f 943/943/943 942/942/942 941/941/941
f 944/944/944 943/943/943 941/941/941
f 947/947/947 946/946/946 945/945/945
f 948/948/948 947/947/947 945/945/945
f 951/951/951 950/950/950 949/949/949
f 952/952/952 951/951/951 949/949/949
f 955/955/955 954/954/954 953/953/953
f 956/956/956 955/955/955 953/953/953
f 959/959/959 958/958/958 957/957/957
f 960/960/960 959/959/959 957/957/957
f 963/963/963 962/962/962 961/961/961
f 964/964/964 963/963/963 961/961/961
f 967/967/967 966/966/966 965/965/965
f 968/968/968 967/967/967 965/965/965
f 971/971/971 970/970/970 969/969/969
f 972/972/972 971/971/971 969/969/969
f 975/975/975 974/974/974 973/973/973
f 976/976/976 975/975/975 973/973/973
f 979/979/979 978/978/978 977/977/977
f 980/980/980 979/979/979 977/977/977
f 983/983/983 982/982/982 981/981/981
f 984/984/984 983/983/983 981/981/981
f 987/987/987 986/986/986 985/985/985
f 988/988/988 987/987/987 985/985/985
f 991/991/991 990/990/990 989/989/989
f 992/992/992 991/991/991 989/989/989
f 995/995/995 994/994/994 993/993/993
f 996/996/996 995/995/995 993/993/993
f 999/999/999 998/998/998 997/997/997
f 1000/1000/1000 999/999/999 997/997/997
f 1003/1003/1003 1002/1002/1002 1001/1001/1001
f 1004/1004/1004 1003/1003/1003 1001/1001/1001
f 1007/1007/1007 1006/1006/1006 1005/1005/1005
f 1008/1008/1008 1007/1007/1007 1005/1005/1005
f 1011/1011/1011 1010/1010/1010 1009/1009/1009
f 1012/1012/1012 1011/1011/1011 1009/1009/1009
f 1015/1015/1015 1014/1014/1014 1013/1013/1013
f 1016/1016/1016 1015/1015/1015 1013/1013/1013
f 1019/1019/1019 1018/1018/1018 1017/1017/1017
f 1020/1020/1020 1019/1019/1019 1017/1017/1017
f 1023/1023/1023 1022/1022/1022 1021/1021/1021
f 1024/1024/1024 1023/1023/1023 1021/1021/1021
usemtl Space_Tourists_movie_poster
f 1027/1027/1027 1026/1026/1026 1025/1025/1025
f 1030/1030/1030 1029/1029/1029 1028/1028/1028
f 1033/1033/1033 1032/1032/1032 1031/1031/1031
f 1036/1036/1036 1035/1035/1035 1034/1034/1034
f 1039/1039/1039 1038/1038/1038 1037/1037/1037
f 1042/1042/1042 1041/1041/1041 1040/1040/1040
f 1045/1045/1045 1044/1044/1044 1043/1043/1043
f 1048/1048/1048 1047/1047/1047 1046/1046/1046
f 1051/1051/1051 1050/1050/1050 1049/1049/1049
f 1052/1052/1052 1051/1051/1051 1049/1049/1049
f 1055/1055/1055 1054/1054/1054 1053/1053/1053
f 1056/1056/1056 1055/1055/1055 1053/1053/1053
f 1059/1059/1059 1058/1058/1058 1057/1057/1057
f 1060/1060/1060 1059/1059/1059 1057/1057/1057
f 1063/1063/1063 1062/1062/1062 1061/1061/1061
f 1064/1064/1064 1063/1063/1063 1061/1061/1061
f 1067/1067/1067 1066/1066/1066 1065/1065/1065
f 1068/1068/1068 1067/1067/1067 1065/1065/1065
f 1071/1071/1071 1070/1070/1070 1069/1069/1069
f 1072/1072/1072 1071/1071/1071 1069/1069/1069
f 1075/1075/1075 1074/1074/1074 1073/1073/1073
f 1076/1076/1076 1075/1075/1075 1073/1073/1073
f 1079/1079/1079 1078/1078/1078 1077/1077/1077
f 1080/1080/1080 1079/1079/1079 1077/1077/1077
f 1083/1083/1083 1082/1082/1082 1081/1081/1081
f 1084/1084/1084 1083/1083/1083 1081/1081/1081
f 1087/1087/1087 1086/1086/1086 1085/1085/1085
f 1088/1088/1088 1087/1087/1087 1085/1085/1085
usemtl aert_van_der_neer_-_moonlit_landscape_with_a_view_of_the_new_amstel_river_and_castle_kostverloren
f 1091/1091/1091 1090/1090/1090 1089/1089/1089
f 1094/1094/1094 1093/1093/1093 1092/1092/1092
f 1097/1097/1097 1096/1096/1096 1095/1095/1095
f 1100/1100/1100 1099/1099/1099 1098/1098/1098
f 1103/1103/1103 1102/1102/1102 1101/1101/1101
f 1106/1106/1106 1105/1105/1105 1104/1104/1104
f 1109/1109/1109 1108/1108/1108 1107/1107/1107
f 1112/1112/1112 1111/1111/1111 1110/1110/1110
f 1115/1115/1115 1114/1114/1114 1113/1113/1113
f 1116/1116/1116 1115/1115/1115 1113/1113/1113
f 1119/1119/1119 1118/1118/1118 1117/1117/1117
f 1120/1120/1120 1119/1119/1119 1117/1117/1117
f 1123/1123/1123 1122/1122/1122 1121/1121/1121
f 1124/1124/1124 1123/1123/1123 1121/1121/1121
f 1127/1127/1127 1126/1126/1126 1125/1125/1125
f 1128/1128/1128 1127/1127/1127 1125/1125/1125
f 1131/1131/1131 1130/1130/1130 1129/1129/1129
f 1132/1132/1132 1131/1131/1131 1129/1129/1129
f 1135/1135/1135 1134/1134/1134 1133/1133/1133
f 1136/1136/1136 1135/1135/1135 1133/1133/1133
f 1139/1139/1139 1138/1138/1138 1137/1137/1137
f 1140/1140/1140 1139/1139/1139 1137/1137/1137
f 1143/1143/1143 1142/1142/1142 1141/1141/1141
f 1144/1144/1144 1143/1143/1143 1141/1141/1141
f 1147/1147/1147 1146/1146/1146 1145/1145/1145
f 1148/1148/1148 1147/1147/1147 1145/1145/1145
f 1151/1151/1151 1150/1150/1150 1149/1149/1149
f 1152/1152/1152 1151/1151/1151 1149/1149/1149
g Books_dcd801ae
v 1.64591 1.34794 -2.4511
v 1.64024 1.35011 -2.4511
v 1.64591 1.35011 -2.44905
v 1.64591 1.5719 -2.44905
v 1.64024 1.5719 -2.4511
v 1.64591 1.57407 -2.4511
v 1.64577 1.34794 -2.58418
v 1.64577 1.35011 -2.58623
v 1.6401 1.35011 -2.58417
v 1.64577 1.57407 -2.58418
v 1.6401 1.5719 -2.58417
v 1.64577 1.5719 -2.58622
v 1.67283 1.34794 -2.45113
v 1.67283 1.35011 -2.44908
v 1.6785 1.35011 -2.45114
v 1.67283 1.57407 -2.45113
v 1.6785 1.5719 -2.45114
v 1.67283 1.5719 -2.44908
v 1.67269 1.34794 -2.58421
v 1.67836 1.35011 -2.58421
v 1.67269 1.35011 -2.58625
v 1.67269 1.57407 -2.5842
v 1.67269 1.5719 -2.58625
v 1.67836 1.5719 -2.58421
v 1.67283 1.35011 -2.44908
v 1.64591 1.35011 -2.44905
v 1.64591 1.5719 -2.44905
v 1.67283 1.5719 -2.44908
v 1.64577 1.35011 -2.58623
v 1.67269 1.35011 -2.58625
v 1.67269 1.5719 -2.58625
v 1.64577 1.5719 -2.58622
v 1.64591 1.35011 -2.44905
v 1.64024 1.35011 -2.4511
v 1.64024 1.5719 -2.4511
v 1.64591 1.5719 -2.44905
v 1.64577 1.5719 -2.58622
v 1.6401 1.5719 -2.58417
v 1.6401 1.35011 -2.58417
v 1.64577 1.35011 -2.58623
v 1.67269 1.34794 -2.58421
v 1.67269 1.35011 -2.58625
v 1.64577 1.35011 -2.58623
v 1.64577 1.34794 -2.58418
v 1.64577 1.57407 -2.58418
v 1.64577 1.5719 -2.58622
v 1.67269 1.5719 -2.58625
v 1.67269 1.57407 -2.5842
v 1.67836 1.5719 -2.58421
v 1.67269 1.5719 -2.58625
v 1.67269 1.35011 -2.58625
v 1.67836 1.35011 -2.58421
v 1.67283 1.5719 -2.44908
v 1.6785 1.5719 -2.45114
v 1.6785 1.35011 -2.45114
v 1.67283 1.35011 -2.44908
v 1.64591 1.34794 -2.4511
v 1.64591 1.35011 -2.44905
v 1.67283 1.35011 -2.44908
v 1.67283 1.34794 -2.45113
v 1.67283 1.57407 -2.45113
v 1.67283 1.5719 -2.44908
v 1.64591 1.5719 -2.44905
v 1.64591 1.57407 -2.4511
v 1.41787 1.34794 -2.45086
v 1.4122 1.35011 -2.45086
v 1.41787 1.35011 -2.44881
v 1.41788 1.5719 -2.44881
v 1.4122 1.5719 -2.45086
v 1.41787 1.57407 -2.45086
v 1.41773 1.34794 -2.58394
v 1.41773 1.35011 -2.58599
v 1.41206 1.35011 -2.58393
v 1.41773 1.57407 -2.58394
v 1.41206 1.5719 -2.58393
v 1.41773 1.5719 -2.58598
v 1.4448 1.34794 -2.45089
v 1.4448 1.35011 -2.44884
v 1.45047 1.35011 -2.4509
v 1.4448 1.57407 -2.45089
v 1.45047 1.5719 -2.4509
v 1.4448 1.5719 -2.44884
v 1.44466 1.34794 -2.58397
v 1.45033 1.35011 -2.58397
v 1.44465 1.35011 -2.58601
v 1.44466 1.57407 -2.58397
v 1.44465 1.5719 -2.58601
v 1.45033 1.5719 -2.58397
v 1.67836 1.35011 -2.58421
v 1.6785 1.35011 -2.45114
v 1.6785 1.5719 -2.45114
v 1.67836 1.5719 -2.58421
v 1.67269 1.57407 -2.5842
v 1.67283 1.57407 -2.45113
v 1.64591 1.57407 -2.4511
v 1.64577 1.57407 -2.58418
v 1.64024 1.35011 -2.4511
v 1.6401 1.35011 -2.58417
v 1.6401 1.5719 -2.58417
v 1.64024 1.5719 -2.4511
v 1.64577 1.34794 -2.58418
v 1.6401 1.35011 -2.58417
v 1.64024 1.35011 -2.4511
v 1.64591 1.34794 -2.4511
v 1.64591 1.57407 -2.4511
v 1.64024 1.5719 -2.4511
v 1.6401 1.5719 -2.58417
v 1.64577 1.57407 -2.58418
v 1.67283 1.34794 -2.45113
v 1.6785 1.35011 -2.45114
v 1.67836 1.35011 -2.58421
v 1.67269 1.34794 -2.58421
v 1.67269 1.57407 -2.5842
v 1.67836 1.5719 -2.58421
v 1.6785 1.5719 -2.45114
v 1.67283 1.57407 -2.45113
v 1.64577 1.34794 -2.58418
v 1.64591 1.34794 -2.4511
v 1.67283 1.34794 -2.45113
v 1.67269 1.34794 -2.58421
v 1.75418 1.35011 -2.58429
v 1.75432 1.35011 -2.45122
v 1.75432 1.5719 -2.45122
v 1.75418 1.5719 -2.58429
v 1.74851 1.57407 -2.58428
v 1.74865 1.57407 -2.45121
v 1.72173 1.57407 -2.45118
v 1.72159 1.57407 -2.58426
v 1.71606 1.35011 -2.45118
v 1.71592 1.35011 -2.58425
v 1.71592 1.5719 -2.58425
v 1.71606 1.5719 -2.45118
v 1.72159 1.34794 -2.58426
v 1.71592 1.35011 -2.58425
v 1.71606 1.35011 -2.45118
v 1.72173 1.34794 -2.45118
v 1.72173 1.57407 -2.45118
v 1.71606 1.5719 -2.45118
v 1.71592 1.5719 -2.58425
v 1.72159 1.57407 -2.58426
v 1.74865 1.34794 -2.45121
v 1.75432 1.35011 -2.45122
v 1.75418 1.35011 -2.58429
v 1.74851 1.34794 -2.58429
v 1.74851 1.57407 -2.58428
v 1.75418 1.5719 -2.58429
v 1.75432 1.5719 -2.45122
v 1.74865 1.57407 -2.45121
v 1.72159 1.34794 -2.58426
v 1.72173 1.34794 -2.45118
v 1.74865 1.34794 -2.45121
v 1.74851 1.34794 -2.58429
v 1.71709 1.35011 -2.58425
v 1.71723 1.35011 -2.45118
v 1.71723 1.5719 -2.45118
v 1.71709 1.5719 -2.58425
v 1.71142 1.57407 -2.58425
v 1.71156 1.57407 -2.45117
v 1.68464 1.57407 -2.45114
v 1.6845 1.57407 -2.58422
v 1.67897 1.35011 -2.45114
v 1.67883 1.35011 -2.58421
v 1.67883 1.5719 -2.58421
v 1.67897 1.5719 -2.45114
v 1.6845 1.34794 -2.58422
v 1.67883 1.35011 -2.58421
v 1.67897 1.35011 -2.45114
v 1.68464 1.34794 -2.45114
v 1.68464 1.57407 -2.45114
v 1.67897 1.5719 -2.45114
v 1.67883 1.5719 -2.58421
v 1.6845 1.57407 -2.58422
v 1.71156 1.34794 -2.45117
v 1.71723 1.35011 -2.45118
v 1.71709 1.35011 -2.58425
v 1.71142 1.34794 -2.58425
v 1.71142 1.57407 -2.58425
v 1.71709 1.5719 -2.58425
v 1.71723 1.5719 -2.45118
v 1.71156 1.57407 -2.45117
v 1.6845 1.34794 -2.58422
v 1.68464 1.34794 -2.45114
v 1.71156 1.34794 -2.45117
v 1.71142 1.34794 -2.58425
v 1.64356 1.35011 -2.58417
v 1.6437 1.35011 -2.4511
v 1.6437 1.5719 -2.4511
v 1.64356 1.5719 -2.58417
v 1.63789 1.57407 -2.58417
v 1.63803 1.57407 -2.45109
v 1.61111 1.57407 -2.45107
v 1.61097 1.57407 -2.58414
v 1.60543 1.35011 -2.45106
v 1.60529 1.35011 -2.58413
v 1.60529 1.5719 -2.58413
v 1.60543 1.5719 -2.45106
v 1.61097 1.34794 -2.58414
v 1.60529 1.35011 -2.58413
v 1.60543 1.35011 -2.45106
v 1.61111 1.34794 -2.45107
v 1.61111 1.57407 -2.45107
v 1.60543 1.5719 -2.45106
v 1.60529 1.5719 -2.58413
v 1.61097 1.57407 -2.58414
v 1.63803 1.34794 -2.45109
v 1.6437 1.35011 -2.4511
v 1.64356 1.35011 -2.58417
v 1.63789 1.34794 -2.58417
v 1.63789 1.57407 -2.58417
v 1.64356 1.5719 -2.58417
v 1.6437 1.5719 -2.4511
v 1.63803 1.57407 -2.45109
v 1.61097 1.34794 -2.58414
v 1.61111 1.34794 -2.45107
v 1.63803 1.34794 -2.45109
v 1.63789 1.34794 -2.58417
v 1.48886 1.35011 -2.58401
v 1.489 1.35011 -2.45094
v 1.489 1.5719 -2.45094
v 1.48886 1.5719 -2.58401
v 1.48319 1.57407 -2.58401
v 1.48333 1.57407 -2.45093
v 1.45641 1.57407 -2.4509
v 1.45627 1.57407 -2.58398
v 1.45073 1.35011 -2.4509
v 1.4506 1.35011 -2.58397
v 1.4506 1.5719 -2.58397
v 1.45073 1.5719 -2.4509
v 1.45627 1.34794 -2.58398
v 1.4506 1.35011 -2.58397
v 1.45073 1.35011 -2.4509
v 1.45641 1.34794 -2.4509
v 1.45641 1.57407 -2.4509
v 1.45073 1.5719 -2.4509
v 1.4506 1.5719 -2.58397
v 1.45627 1.57407 -2.58398
v 1.48333 1.34794 -2.45093
v 1.489 1.35011 -2.45094
v 1.48886 1.35011 -2.58401
v 1.48319 1.34794 -2.58401
v 1.48319 1.57407 -2.58401
v 1.48886 1.5719 -2.58401
v 1.489 1.5719 -2.45094
v 1.48333 1.57407 -2.45093
v 1.45627 1.34794 -2.58398
v 1.45641 1.34794 -2.4509
v 1.48333 1.34794 -2.45093
v 1.48319 1.34794 -2.58401
v 1.52898 1.35011 -2.58405
v 1.52911 1.35011 -2.45098
v 1.52911 1.5719 -2.45098
v 1.52898 1.5719 -2.58405
v 1.5233 1.57407 -2.58405
v 1.52344 1.57407 -2.45097
v 1.49652 1.57407 -2.45094
v 1.49638 1.57407 -2.58402
v 1.49085 1.35011 -2.45094
v 1.49071 1.35011 -2.58401
v 1.49071 1.5719 -2.58401
v 1.49085 1.5719 -2.45094
v 1.49638 1.34794 -2.58402
v 1.49071 1.35011 -2.58401
v 1.49085 1.35011 -2.45094
v 1.49652 1.34794 -2.45095
v 1.49652 1.57407 -2.45094
v 1.49085 1.5719 -2.45094
v 1.49071 1.5719 -2.58401
v 1.49638 1.57407 -2.58402
v 1.52344 1.34794 -2.45097
v 1.52911 1.35011 -2.45098
v 1.52898 1.35011 -2.58405
v 1.5233 1.34794 -2.58405
v 1.5233 1.57407 -2.58405
v 1.52898 1.5719 -2.58405
v 1.52911 1.5719 -2.45098
v 1.52344 1.57407 -2.45097
v 1.49638 1.34794 -2.58402
v 1.49652 1.34794 -2.45095
v 1.52344 1.34794 -2.45097
v 1.5233 1.34794 -2.58405
v 1.6062 1.35011 -2.58414
v 1.60634 1.35011 -2.45106
v 1.60634 1.5719 -2.45106
v 1.6062 1.5719 -2.58413
v 1.60053 1.57407 -2.58413
v 1.60067 1.57407 -2.45105
v 1.57374 1.57407 -2.45103
v 1.5736 1.57407 -2.5841
v 1.56807 1.35011 -2.45102
v 1.56793 1.35011 -2.5841
v 1.56793 1.5719 -2.58409
v 1.56807 1.5719 -2.45102
v 1.5736 1.34794 -2.5841
v 1.56793 1.35011 -2.5841
v 1.56807 1.35011 -2.45102
v 1.57374 1.34794 -2.45103
v 1.57374 1.57407 -2.45103
v 1.56807 1.5719 -2.45102
v 1.56793 1.5719 -2.58409
v 1.5736 1.57407 -2.5841
v 1.60067 1.34794 -2.45105
v 1.60634 1.35011 -2.45106
v 1.6062 1.35011 -2.58414
v 1.60053 1.34794 -2.58413
v 1.60053 1.57407 -2.58413
v 1.6062 1.5719 -2.58413
v 1.60634 1.5719 -2.45106
v 1.60067 1.57407 -2.45105
v 1.5736 1.34794 -2.5841
v 1.57374 1.34794 -2.45103
v 1.60067 1.34794 -2.45105
v 1.60053 1.34794 -2.58413
v 1.56723 1.35011 -2.58409
v 1.56737 1.35011 -2.45102
v 1.56737 1.5719 -2.45102
v 1.56723 1.5719 -2.58409
v 1.56156 1.57407 -2.58409
v 1.5617 1.57407 -2.45101
v 1.53477 1.57407 -2.45098
v 1.53463 1.57407 -2.58406
v 1.5291 1.35011 -2.45098
v 1.52896 1.35011 -2.58405
v 1.52896 1.5719 -2.58405
v 1.5291 1.5719 -2.45098
v 1.53463 1.34794 -2.58406
v 1.52896 1.35011 -2.58405
v 1.5291 1.35011 -2.45098
v 1.53477 1.34794 -2.45099
v 1.53477 1.57407 -2.45098
v 1.5291 1.5719 -2.45098
v 1.52896 1.5719 -2.58405
v 1.53463 1.57407 -2.58406
v 1.5617 1.34794 -2.45101
v 1.56737 1.35011 -2.45102
v 1.56723 1.35011 -2.58409
v 1.56156 1.34794 -2.58409
v 1.56156 1.57407 -2.58409
v 1.56723 1.5719 -2.58409
v 1.56737 1.5719 -2.45102
v 1.5617 1.57407 -2.45101
v 1.53463 1.34794 -2.58406
v 1.53477 1.34794 -2.45099
v 1.5617 1.34794 -2.45101
v 1.56156 1.34794 -2.58409
v 1.3706 1.35011 -2.58389
v 1.37074 1.35011 -2.45081
v 1.37074 1.5719 -2.45081
v 1.3706 1.5719 -2.58389
v 1.36493 1.57407 -2.58388
v 1.36507 1.57407 -2.45081
v 1.33815 1.57407 -2.45078
v 1.33801 1.57407 -2.58385
v 1.33248 1.35011 -2.45077
v 1.33234 1.35011 -2.58385
v 1.33234 1.5719 -2.58385
v 1.33248 1.5719 -2.45077
v 1.33801 1.34794 -2.58385
v 1.33234 1.35011 -2.58385
v 1.33248 1.35011 -2.45077
v 1.33815 1.34794 -2.45078
v 1.33815 1.57407 -2.45078
v 1.33248 1.5719 -2.45077
v 1.33234 1.5719 -2.58385
v 1.33801 1.57407 -2.58385
v 1.36507 1.34794 -2.45081
v 1.37074 1.35011 -2.45081
v 1.3706 1.35011 -2.58389
v 1.36493 1.34794 -2.58388
v 1.36493 1.57407 -2.58388
v 1.3706 1.5719 -2.58389
v 1.37074 1.5719 -2.45081
v 1.36507 1.57407 -2.45081
v 1.33801 1.34794 -2.58385
v 1.33815 1.34794 -2.45078
v 1.36507 1.34794 -2.45081
v 1.36493 1.34794 -2.58388
v 1.4448 1.35011 -2.44884
v 1.41787 1.35011 -2.44881
v 1.41788 1.5719 -2.44881
v 1.4448 1.5719 -2.44884
v 1.45033 1.35011 -2.58397
v 1.45047 1.35011 -2.4509
v 1.45047 1.5719 -2.4509
v 1.45033 1.5719 -2.58397
v 1.44466 1.57407 -2.58397
v 1.4448 1.57407 -2.45089
v 1.41787 1.57407 -2.45086
v 1.41773 1.57407 -2.58394
v 1.4122 1.35011 -2.45086
v 1.41206 1.35011 -2.58393
v 1.41206 1.5719 -2.58393
v 1.4122 1.5719 -2.45086
v 1.41773 1.35011 -2.58599
v 1.44465 1.35011 -2.58601
v 1.44465 1.5719 -2.58601
v 1.41773 1.5719 -2.58598
v 1.41773 1.34794 -2.58394
v 1.41206 1.35011 -2.58393
v 1.4122 1.35011 -2.45086
v 1.41787 1.34794 -2.45086
v 1.41787 1.35011 -2.44881
v 1.4122 1.35011 -2.45086
v 1.4122 1.5719 -2.45086
v 1.41788 1.5719 -2.44881
v 1.41787 1.57407 -2.45086
v 1.4122 1.5719 -2.45086
v 1.41206 1.5719 -2.58393
v 1.41773 1.57407 -2.58394
v 1.41773 1.5719 -2.58598
v 1.41206 1.5719 -2.58393
v 1.41206 1.35011 -2.58393
v 1.41773 1.35011 -2.58599
v 1.44466 1.34794 -2.58397
v 1.44465 1.35011 -2.58601
v 1.41773 1.35011 -2.58599
v 1.41773 1.34794 -2.58394
v 1.41773 1.57407 -2.58394
v 1.41773 1.5719 -2.58598
v 1.44465 1.5719 -2.58601
v 1.44466 1.57407 -2.58397
v 1.45033 1.5719 -2.58397
v 1.44465 1.5719 -2.58601
v 1.44465 1.35011 -2.58601
v 1.45033 1.35011 -2.58397
v 1.4448 1.34794 -2.45089
v 1.45047 1.35011 -2.4509
v 1.45033 1.35011 -2.58397
v 1.44466 1.34794 -2.58397
v 1.44466 1.57407 -2.58397
v 1.45033 1.5719 -2.58397
v 1.45047 1.5719 -2.4509
v 1.4448 1.57407 -2.45089
v 1.4448 1.5719 -2.44884
v 1.45047 1.5719 -2.4509
v 1.45047 1.35011 -2.4509
v 1.4448 1.35011 -2.44884
v 1.41787 1.34794 -2.45086
v 1.41787 1.35011 -2.44881
v 1.4448 1.35011 -2.44884
v 1.4448 1.34794 -2.45089
v 1.4448 1.57407 -2.45089
v 1.4448 1.5719 -2.44884
v 1.41788 1.5719 -2.44881
v 1.41787 1.57407 -2.45086
v 1.41773 1.34794 -2.58394
v 1.41787 1.34794 -2.45086
v 1.4448 1.34794 -2.45089
v 1.44466 1.34794 -2.58397
v 1.40901 1.35011 -2.58393
v 1.40915 1.35011 -2.45085
v 1.40915 1.5719 -2.45085
v 1.40901 1.5719 -2.58393
v 1.40334 1.57407 -2.58392
v 1.40348 1.57407 -2.45085
v 1.37656 1.57407 -2.45082
v 1.37642 1.57407 -2.58389
v 1.37089 1.35011 -2.45081
v 1.37075 1.35011 -2.58389
v 1.37075 1.5719 -2.58389
v 1.37089 1.5719 -2.45081
v 1.37642 1.34794 -2.58389
v 1.37075 1.35011 -2.58389
v 1.37089 1.35011 -2.45081
v 1.37656 1.34794 -2.45082
v 1.37656 1.57407 -2.45082
v 1.37089 1.5719 -2.45081
v 1.37075 1.5719 -2.58389
v 1.37642 1.57407 -2.58389
v 1.40348 1.34794 -2.45085
v 1.40915 1.35011 -2.45085
v 1.40901 1.35011 -2.58393
v 1.40334 1.34794 -2.58392
v 1.40334 1.57407 -2.58392
v 1.40901 1.5719 -2.58393
v 1.40915 1.5719 -2.45085
v 1.40348 1.57407 -2.45085
v 1.37642 1.34794 -2.58389
v 1.37656 1.34794 -2.45082
v 1.40348 1.34794 -2.45085
v 1.40334 1.34794 -2.58392
v 1.72173 1.34794 -2.45118
v 1.71606 1.35011 -2.45118
v 1.72173 1.35011 -2.44913
v 1.72173 1.5719 -2.44913
v 1.71606 1.5719 -2.45118
v 1.72173 1.57407 -2.45118
v 1.72159 1.34794 -2.58426
v 1.72159 1.35011 -2.5863
v 1.71592 1.35011 -2.58425
v 1.72159 1.57407 -2.58426
v 1.71592 1.5719 -2.58425
v 1.72159 1.5719 -2.5863
v 1.74865 1.34794 -2.45121
v 1.74865 1.35011 -2.44916
v 1.75432 1.35011 -2.45122
v 1.74865 1.57407 -2.45121
v 1.75432 1.5719 -2.45122
v 1.74865 1.5719 -2.44916
v 1.74851 1.34794 -2.58429
v 1.75418 1.35011 -2.58429
v 1.74851 1.35011 -2.58633
v 1.74851 1.57407 -2.58428
v 1.74851 1.5719 -2.58633
v 1.75418 1.5719 -2.58429
v 1.49652 1.34794 -2.45095
v 1.49085 1.35011 -2.45094
v 1.49652 1.35011 -2.4489
v 1.49652 1.5719 -2.4489
v 1.49085 1.5719 -2.45094
v 1.49652 1.57407 -2.45094
v 1.49638 1.34794 -2.58402
v 1.49638 1.35011 -2.58607
v 1.49071 1.35011 -2.58401
v 1.49638 1.57407 -2.58402
v 1.49071 1.5719 -2.58401
v 1.49638 1.5719 -2.58607
v 1.52344 1.34794 -2.45097
v 1.52344 1.35011 -2.44893
v 1.52911 1.35011 -2.45098
v 1.52344 1.57407 -2.45097
v 1.52911 1.5719 -2.45098
v 1.52344 1.5719 -2.44893
v 1.5233 1.34794 -2.58405
v 1.52898 1.35011 -2.58405
v 1.5233 1.35011 -2.5861
v 1.5233 1.57407 -2.58405
v 1.5233 1.5719 -2.5861
v 1.52898 1.5719 -2.58405
v 1.74865 1.35011 -2.44916
v 1.72173 1.35011 -2.44913
v 1.72173 1.5719 -2.44913
v 1.74865 1.5719 -2.44916
v 1.72159 1.35011 -2.5863
v 1.74851 1.35011 -2.58633
v 1.74851 1.5719 -2.58633
v 1.72159 1.5719 -2.5863
v 1.72173 1.35011 -2.44913
v 1.71606 1.35011 -2.45118
v 1.71606 1.5719 -2.45118
v 1.72173 1.5719 -2.44913
v 1.72159 1.5719 -2.5863
v 1.71592 1.5719 -2.58425
v 1.71592 1.35011 -2.58425
v 1.72159 1.35011 -2.5863
v 1.74851 1.34794 -2.58429
v 1.74851 1.35011 -2.58633
v 1.72159 1.35011 -2.5863
v 1.72159 1.34794 -2.58426
v 1.72159 1.57407 -2.58426
v 1.72159 1.5719 -2.5863
v 1.74851 1.5719 -2.58633
v 1.74851 1.57407 -2.58428
v 1.75418 1.5719 -2.58429
v 1.74851 1.5719 -2.58633
v 1.74851 1.35011 -2.58633
v 1.75418 1.35011 -2.58429
v 1.74865 1.5719 -2.44916
v 1.75432 1.5719 -2.45122
v 1.75432 1.35011 -2.45122
v 1.74865 1.35011 -2.44916
v 1.72173 1.34794 -2.45118
v 1.72173 1.35011 -2.44913
v 1.74865 1.35011 -2.44916
v 1.74865 1.34794 -2.45121
v 1.74865 1.57407 -2.45121
v 1.74865 1.5719 -2.44916
v 1.72173 1.5719 -2.44913
v 1.72173 1.57407 -2.45118
v 1.52344 1.35011 -2.44893
v 1.49652 1.35011 -2.4489
v 1.49652 1.5719 -2.4489
v 1.52344 1.5719 -2.44893
v 1.49638 1.35011 -2.58607
v 1.5233 1.35011 -2.5861
v 1.5233 1.5719 -2.5861
v 1.49638 1.5719 -2.58607
v 1.49652 1.35011 -2.4489
v 1.49085 1.35011 -2.45094
v 1.49085 1.5719 -2.45094
v 1.49652 1.5719 -2.4489
v 1.49638 1.5719 -2.58607
v 1.49071 1.5719 -2.58401
v 1.49071 1.35011 -2.58401
v 1.49638 1.35011 -2.58607
v 1.5233 1.34794 -2.58405
v 1.5233 1.35011 -2.5861
v 1.49638 1.35011 -2.58607
v 1.49638 1.34794 -2.58402
v 1.49638 1.57407 -2.58402
v 1.49638 1.5719 -2.58607
v 1.5233 1.5719 -2.5861
v 1.5233 1.57407 -2.58405
v 1.52898 1.5719 -2.58405
v 1.5233 1.5719 -2.5861
v 1.5233 1.35011 -2.5861
v 1.52898 1.35011 -2.58405
v 1.52344 1.5719 -2.44893
v 1.52911 1.5719 -2.45098
v 1.52911 1.35011 -2.45098
v 1.52344 1.35011 -2.44893
v 1.49652 1.34794 -2.45095
v 1.49652 1.35011 -2.4489
v 1.52344 1.35011 -2.44893
v 1.52344 1.34794 -2.45097
v 1.52344 1.57407 -2.45097
v 1.52344 1.5719 -2.44893
v 1.49652 1.5719 -2.4489
v 1.49652 1.57407 -2.45094
v 1.29726 1.34794 -2.45074
v 1.29158 1.35011 -2.45073
v 1.29726 1.35011 -2.44869
v 1.29726 1.5719 -2.44869
v 1.29158 1.5719 -2.45073
v 1.29726 1.57407 -2.45074
v 1.29712 1.34794 -2.58381
v 1.29712 1.35011 -2.58586
v 1.29144 1.35011 -2.5838
v 1.29712 1.57407 -2.58381
v 1.29144 1.5719 -2.5838
v 1.29712 1.5719 -2.58586
v 1.32418 1.34794 -2.45076
v 1.32418 1.35011 -2.44872
v 1.32985 1.35011 -2.45077
v 1.32418 1.57407 -2.45076
v 1.32985 1.5719 -2.45077
v 1.32418 1.5719 -2.44872
v 1.32404 1.34794 -2.58384
v 1.32971 1.35011 -2.58385
v 1.32404 1.35011 -2.58589
v 1.32404 1.57407 -2.58384
v 1.32404 1.5719 -2.58589
v 1.32971 1.5719 -2.58384
v 1.33815 1.34794 -2.45078
v 1.33248 1.35011 -2.45077
v 1.33815 1.35011 -2.44873
v 1.33815 1.5719 -2.44873
v 1.33248 1.5719 -2.45077
v 1.33815 1.57407 -2.45078
v 1.33801 1.34794 -2.58385
v 1.33801 1.35011 -2.5859
v 1.33234 1.35011 -2.58385
v 1.33801 1.57407 -2.58385
v 1.33234 1.5719 -2.58385
v 1.33801 1.5719 -2.5859
v 1.36507 1.34794 -2.45081
v 1.36507 1.35011 -2.44876
v 1.37074 1.35011 -2.45081
v 1.36507 1.57407 -2.45081
v 1.37074 1.5719 -2.45081
v 1.36507 1.5719 -2.44876
v 1.36493 1.34794 -2.58388
v 1.3706 1.35011 -2.58389
v 1.36493 1.35011 -2.58593
v 1.36493 1.57407 -2.58388
v 1.36493 1.5719 -2.58593
v 1.3706 1.5719 -2.58389
v 1.32418 1.35011 -2.44872
v 1.29726 1.35011 -2.44869
v 1.29726 1.5719 -2.44869
v 1.32418 1.5719 -2.44872
v 1.32971 1.35011 -2.58385
v 1.32985 1.35011 -2.45077
v 1.32985 1.5719 -2.45077
v 1.32971 1.5719 -2.58384
v 1.32404 1.57407 -2.58384
v 1.32418 1.57407 -2.45076
v 1.29726 1.57407 -2.45074
v 1.29712 1.57407 -2.58381
v 1.29158 1.35011 -2.45073
v 1.29144 1.35011 -2.5838
v 1.29144 1.5719 -2.5838
v 1.29158 1.5719 -2.45073
v 1.29712 1.35011 -2.58586
v 1.32404 1.35011 -2.58589
v 1.32404 1.5719 -2.58589
v 1.29712 1.5719 -2.58586
v 1.29712 1.34794 -2.58381
v 1.29144 1.35011 -2.5838
v 1.29158 1.35011 -2.45073
v 1.29726 1.34794 -2.45074
v 1.29726 1.35011 -2.44869
v 1.29158 1.35011 -2.45073
v 1.29158 1.5719 -2.45073
v 1.29726 1.5719 -2.44869
v 1.29726 1.57407 -2.45074
v 1.29158 1.5719 -2.45073
v 1.29144 1.5719 -2.5838
v 1.29712 1.57407 -2.58381
v 1.29712 1.5719 -2.58586
v 1.29144 1.5719 -2.5838
v 1.29144 1.35011 -2.5838
v 1.29712 1.35011 -2.58586
v 1.32404 1.34794 -2.58384
v 1.32404 1.35011 -2.58589
v 1.29712 1.35011 -2.58586
v 1.29712 1.34794 -2.58381
v 1.29712 1.57407 -2.58381
v 1.29712 1.5719 -2.58586
v 1.32404 1.5719 -2.58589
v 1.32404 1.57407 -2.58384
v 1.32971 1.5719 -2.58384
v 1.32404 1.5719 -2.58589
v 1.32404 1.35011 -2.58589
v 1.32971 1.35011 -2.58385
v 1.32418 1.34794 -2.45076
v 1.32985 1.35011 -2.45077
v 1.32971 1.35011 -2.58385
v 1.32404 1.34794 -2.58384
v 1.32404 1.57407 -2.58384
v 1.32971 1.5719 -2.58384
v 1.32985 1.5719 -2.45077
v 1.32418 1.57407 -2.45076
v 1.32418 1.5719 -2.44872
v 1.32985 1.5719 -2.45077
v 1.32985 1.35011 -2.45077
v 1.32418 1.35011 -2.44872
v 1.29726 1.34794 -2.45074
v 1.29726 1.35011 -2.44869
v 1.32418 1.35011 -2.44872
v 1.32418 1.34794 -2.45076
v 1.32418 1.57407 -2.45076
v 1.32418 1.5719 -2.44872
v 1.29726 1.5719 -2.44869
v 1.29726 1.57407 -2.45074
v 1.29712 1.34794 -2.58381
v 1.29726 1.34794 -2.45074
v 1.32418 1.34794 -2.45076
v 1.32404 1.34794 -2.58384
v 1.36507 1.35011 -2.44876
v 1.33815 1.35011 -2.44873
v 1.33815 1.5719 -2.44873
v 1.36507 1.5719 -2.44876
v 1.33801 1.35011 -2.5859
v 1.36493 1.35011 -2.58593
v 1.36493 1.5719 -2.58593
v 1.33801 1.5719 -2.5859
v 1.33815 1.35011 -2.44873
v 1.33248 1.35011 -2.45077
v 1.33248 1.5719 -2.45077
v 1.33815 1.5719 -2.44873
v 1.33801 1.5719 -2.5859
v 1.33234 1.5719 -2.58385
v 1.33234 1.35011 -2.58385
v 1.33801 1.35011 -2.5859
v 1.36493 1.34794 -2.58388
v 1.36493 1.35011 -2.58593
v 1.33801 1.35011 -2.5859
v 1.33801 1.34794 -2.58385
v 1.33801 1.57407 -2.58385
v 1.33801 1.5719 -2.5859
v 1.36493 1.5719 -2.58593
v 1.36493 1.57407 -2.58388
v 1.3706 1.5719 -2.58389
v 1.36493 1.5719 -2.58593
v 1.36493 1.35011 -2.58593
v 1.3706 1.35011 -2.58389
v 1.36507 1.5719 -2.44876
v 1.37074 1.5719 -2.45081
v 1.37074 1.35011 -2.45081
v 1.36507 1.35011 -2.44876
v 1.33815 1.34794 -2.45078
v 1.33815 1.35011 -2.44873
v 1.36507 1.35011 -2.44876
v 1.36507 1.34794 -2.45081
v 1.36507 1.57407 -2.45081
v 1.36507 1.5719 -2.44876
v 1.33815 1.5719 -2.44873
v 1.33815 1.57407 -2.45078
v 1.68464 1.34794 -2.45114
v 1.67897 1.35011 -2.45114
v 1.68464 1.35011 -2.44909
v 1.68464 1.5719 -2.44909
v 1.67897 1.5719 -2.45114
v 1.68464 1.57407 -2.45114
v 1.6845 1.34794 -2.58422
v 1.6845 1.35011 -2.58627
v 1.67883 1.35011 -2.58421
v 1.6845 1.57407 -2.58422
v 1.67883 1.5719 -2.58421
v 1.6845 1.5719 -2.58627
v 1.71156 1.34794 -2.45117
v 1.71156 1.35011 -2.44912
v 1.71723 1.35011 -2.45118
v 1.71156 1.57407 -2.45117
v 1.71723 1.5719 -2.45118
v 1.71156 1.5719 -2.44912
v 1.71142 1.34794 -2.58425
v 1.71709 1.35011 -2.58425
v 1.71142 1.35011 -2.58629
v 1.71142 1.57407 -2.58425
v 1.71142 1.5719 -2.58629
v 1.71709 1.5719 -2.58425
v 1.71156 1.35011 -2.44912
v 1.68464 1.35011 -2.44909
v 1.68464 1.5719 -2.44909
v 1.71156 1.5719 -2.44912
v 1.6845 1.35011 -2.58627
v 1.71142 1.35011 -2.58629
v 1.71142 1.5719 -2.58629
v 1.6845 1.5719 -2.58627
v 1.68464 1.35011 -2.44909
v 1.67897 1.35011 -2.45114
v 1.67897 1.5719 -2.45114
v 1.68464 1.5719 -2.44909
v 1.6845 1.5719 -2.58627
v 1.67883 1.5719 -2.58421
v 1.67883 1.35011 -2.58421
v 1.6845 1.35011 -2.58627
v 1.71142 1.34794 -2.58425
v 1.71142 1.35011 -2.58629
v 1.6845 1.35011 -2.58627
v 1.6845 1.34794 -2.58422
v 1.6845 1.57407 -2.58422
v 1.6845 1.5719 -2.58627
v 1.71142 1.5719 -2.58629
v 1.71142 1.57407 -2.58425
v 1.71709 1.5719 -2.58425
v 1.71142 1.5719 -2.58629
v 1.71142 1.35011 -2.58629
v 1.71709 1.35011 -2.58425
v 1.71156 1.5719 -2.44912
v 1.71723 1.5719 -2.45118
v 1.71723 1.35011 -2.45118
v 1.71156 1.35011 -2.44912
v 1.68464 1.34794 -2.45114
v 1.68464 1.35011 -2.44909
v 1.71156 1.35011 -2.44912
v 1.71156 1.34794 -2.45117
v 1.71156 1.57407 -2.45117
v 1.71156 1.5719 -2.44912
v 1.68464 1.5719 -2.44909
v 1.68464 1.57407 -2.45114
v 1.61111 1.34794 -2.45107
v 1.60543 1.35011 -2.45106
v 1.61111 1.35011 -2.44902
v 1.61111 1.5719 -2.44902
v 1.60543 1.5719 -2.45106
v 1.61111 1.57407 -2.45107
v 1.61097 1.34794 -2.58414
v 1.61096 1.35011 -2.58619
v 1.60529 1.35011 -2.58413
v 1.61097 1.57407 -2.58414
v 1.60529 1.5719 -2.58413
v 1.61096 1.5719 -2.58619
v 1.63803 1.34794 -2.45109
v 1.63803 1.35011 -2.44905
v 1.6437 1.35011 -2.4511
v 1.63803 1.57407 -2.45109
v 1.6437 1.5719 -2.4511
v 1.63803 1.5719 -2.44905
v 1.63789 1.34794 -2.58417
v 1.64356 1.35011 -2.58417
v 1.63789 1.35011 -2.58622
v 1.63789 1.57407 -2.58417
v 1.63789 1.5719 -2.58622
v 1.64356 1.5719 -2.58417
v 1.57374 1.34794 -2.45103
v 1.56807 1.35011 -2.45102
v 1.57375 1.35011 -2.44898
v 1.57375 1.5719 -2.44898
v 1.56807 1.5719 -2.45102
v 1.57374 1.57407 -2.45103
v 1.5736 1.34794 -2.5841
v 1.5736 1.35011 -2.58615
v 1.56793 1.35011 -2.5841
v 1.5736 1.57407 -2.5841
v 1.56793 1.5719 -2.58409
v 1.5736 1.5719 -2.58615
v 1.60067 1.34794 -2.45105
v 1.60067 1.35011 -2.44901
v 1.60634 1.35011 -2.45106
v 1.60067 1.57407 -2.45105
v 1.60634 1.5719 -2.45106
v 1.60067 1.5719 -2.44901
v 1.60053 1.34794 -2.58413
v 1.6062 1.35011 -2.58414
v 1.60052 1.35011 -2.58618
v 1.60053 1.57407 -2.58413
v 1.60052 1.5719 -2.58618
v 1.6062 1.5719 -2.58413
v 1.53477 1.34794 -2.45099
v 1.5291 1.35011 -2.45098
v 1.53478 1.35011 -2.44894
v 1.53478 1.5719 -2.44894
v 1.5291 1.5719 -2.45098
v 1.53477 1.57407 -2.45098
v 1.53463 1.34794 -2.58406
v 1.53463 1.35011 -2.58611
v 1.52896 1.35011 -2.58405
v 1.53463 1.57407 -2.58406
v 1.52896 1.5719 -2.58405
v 1.53463 1.5719 -2.58611
v 1.5617 1.34794 -2.45101
v 1.5617 1.35011 -2.44897
v 1.56737 1.35011 -2.45102
v 1.5617 1.57407 -2.45101
v 1.56737 1.5719 -2.45102
v 1.5617 1.5719 -2.44897
v 1.56156 1.34794 -2.58409
v 1.56723 1.35011 -2.58409
v 1.56155 1.35011 -2.58614
v 1.56156 1.57407 -2.58409
v 1.56155 1.5719 -2.58614
v 1.56723 1.5719 -2.58409
v 1.63803 1.35011 -2.44905
v 1.61111 1.35011 -2.44902
v 1.61111 1.5719 -2.44902
v 1.63803 1.5719 -2.44905
v 1.61096 1.35011 -2.58619
v 1.63789 1.35011 -2.58622
v 1.63789 1.5719 -2.58622
v 1.61096 1.5719 -2.58619
v 1.61111 1.35011 -2.44902
v 1.60543 1.35011 -2.45106
v 1.60543 1.5719 -2.45106
v 1.61111 1.5719 -2.44902
v 1.61096 1.5719 -2.58619
v 1.60529 1.5719 -2.58413
v 1.60529 1.35011 -2.58413
v 1.61096 1.35011 -2.58619
v 1.63789 1.34794 -2.58417
v 1.63789 1.35011 -2.58622
v 1.61096 1.35011 -2.58619
v 1.61097 1.34794 -2.58414
v 1.61097 1.57407 -2.58414
v 1.61096 1.5719 -2.58619
v 1.63789 1.5719 -2.58622
v 1.63789 1.57407 -2.58417
v 1.64356 1.5719 -2.58417
v 1.63789 1.5719 -2.58622
v 1.63789 1.35011 -2.58622
v 1.64356 1.35011 -2.58417
v 1.63803 1.5719 -2.44905
v 1.6437 1.5719 -2.4511
v 1.6437 1.35011 -2.4511
v 1.63803 1.35011 -2.44905
v 1.61111 1.34794 -2.45107
v 1.61111 1.35011 -2.44902
v 1.63803 1.35011 -2.44905
v 1.63803 1.34794 -2.45109
v 1.63803 1.57407 -2.45109
v 1.63803 1.5719 -2.44905
v 1.61111 1.5719 -2.44902
v 1.61111 1.57407 -2.45107
v 1.60067 1.35011 -2.44901
v 1.57375 1.35011 -2.44898
v 1.57375 1.5719 -2.44898
v 1.60067 1.5719 -2.44901
v 1.5736 1.35011 -2.58615
v 1.60052 1.35011 -2.58618
v 1.60052 1.5719 -2.58618
v 1.5736 1.5719 -2.58615
v 1.57375 1.35011 -2.44898
v 1.56807 1.35011 -2.45102
v 1.56807 1.5719 -2.45102
v 1.57375 1.5719 -2.44898
v 1.5736 1.5719 -2.58615
v 1.56793 1.5719 -2.58409
v 1.56793 1.35011 -2.5841
v 1.5736 1.35011 -2.58615
v 1.60053 1.34794 -2.58413
v 1.60052 1.35011 -2.58618
v 1.5736 1.35011 -2.58615
v 1.5736 1.34794 -2.5841
v 1.5736 1.57407 -2.5841
v 1.5736 1.5719 -2.58615
v 1.60052 1.5719 -2.58618
v 1.60053 1.57407 -2.58413
v 1.6062 1.5719 -2.58413
v 1.60052 1.5719 -2.58618
v 1.60052 1.35011 -2.58618
v 1.6062 1.35011 -2.58414
v 1.60067 1.5719 -2.44901
v 1.60634 1.5719 -2.45106
v 1.60634 1.35011 -2.45106
v 1.60067 1.35011 -2.44901
v 1.57374 1.34794 -2.45103
v 1.57375 1.35011 -2.44898
v 1.60067 1.35011 -2.44901
v 1.60067 1.34794 -2.45105
v 1.60067 1.57407 -2.45105
v 1.60067 1.5719 -2.44901
v 1.57375 1.5719 -2.44898
v 1.57374 1.57407 -2.45103
v 1.5617 1.35011 -2.44897
v 1.53478 1.35011 -2.44894
v 1.53478 1.5719 -2.44894
v 1.5617 1.5719 -2.44897
v 1.53463 1.35011 -2.58611
v 1.56155 1.35011 -2.58614
v 1.56155 1.5719 -2.58614
v 1.53463 1.5719 -2.58611
v 1.53478 1.35011 -2.44894
v 1.5291 1.35011 -2.45098
v 1.5291 1.5719 -2.45098
v 1.53478 1.5719 -2.44894
v 1.53463 1.5719 -2.58611
v 1.52896 1.5719 -2.58405
v 1.52896 1.35011 -2.58405
v 1.53463 1.35011 -2.58611
v 1.56156 1.34794 -2.58409
v 1.56155 1.35011 -2.58614
v 1.53463 1.35011 -2.58611
v 1.53463 1.34794 -2.58406
v 1.53463 1.57407 -2.58406
v 1.53463 1.5719 -2.58611
v 1.56155 1.5719 -2.58614
v 1.56156 1.57407 -2.58409
v 1.56723 1.5719 -2.58409
v 1.56155 1.5719 -2.58614
v 1.56155 1.35011 -2.58614
v 1.56723 1.35011 -2.58409
v 1.5617 1.5719 -2.44897
v 1.56737 1.5719 -2.45102
v 1.56737 1.35011 -2.45102
v 1.5617 1.35011 -2.44897
v 1.53477 1.34794 -2.45099
v 1.53478 1.35011 -2.44894
v 1.5617 1.35011 -2.44897
v 1.5617 1.34794 -2.45101
v 1.5617 1.57407 -2.45101
v 1.5617 1.5719 -2.44897
v 1.53478 1.5719 -2.44894
v 1.53477 1.57407 -2.45098
v 1.45641 1.34794 -2.4509
v 1.45073 1.35011 -2.4509
v 1.45641 1.35011 -2.44886
v 1.45641 1.5719 -2.44885
v 1.45073 1.5719 -2.4509
v 1.45641 1.57407 -2.4509
v 1.45627 1.34794 -2.58398
v 1.45627 1.35011 -2.58603
v 1.4506 1.35011 -2.58397
v 1.45627 1.57407 -2.58398
v 1.4506 1.5719 -2.58397
v 1.45627 1.5719 -2.58603
v 1.48333 1.34794 -2.45093
v 1.48333 1.35011 -2.44888
v 1.489 1.35011 -2.45094
v 1.48333 1.57407 -2.45093
v 1.489 1.5719 -2.45094
v 1.48333 1.5719 -2.44888
v 1.48319 1.34794 -2.58401
v 1.48886 1.35011 -2.58401
v 1.48319 1.35011 -2.58605
v 1.48319 1.57407 -2.58401
v 1.48319 1.5719 -2.58605
v 1.48886 1.5719 -2.58401
v 1.48333 1.35011 -2.44888
v 1.45641 1.35011 -2.44886
v 1.45641 1.5719 -2.44885
v 1.48333 1.5719 -2.44888
v 1.45627 1.35011 -2.58603
v 1.48319 1.35011 -2.58605
v 1.48319 1.5719 -2.58605
v 1.45627 1.5719 -2.58603
v 1.45641 1.35011 -2.44886
v 1.45073 1.35011 -2.4509
v 1.45073 1.5719 -2.4509
v 1.45641 1.5719 -2.44885
v 1.45627 1.5719 -2.58603
v 1.4506 1.5719 -2.58397
v 1.4506 1.35011 -2.58397
v 1.45627 1.35011 -2.58603
v 1.48319 1.34794 -2.58401
v 1.48319 1.35011 -2.58605
v 1.45627 1.35011 -2.58603
v 1.45627 1.34794 -2.58398
v 1.45627 1.57407 -2.58398
v 1.45627 1.5719 -2.58603
v 1.48319 1.5719 -2.58605
v 1.48319 1.57407 -2.58401
v 1.48886 1.5719 -2.58401
v 1.48319 1.5719 -2.58605
v 1.48319 1.35011 -2.58605
v 1.48886 1.35011 -2.58401
v 1.48333 1.5719 -2.44888
v 1.489 1.5719 -2.45094
v 1.489 1.35011 -2.45094
v 1.48333 1.35011 -2.44888
v 1.45641 1.34794 -2.4509
v 1.45641 1.35011 -2.44886
v 1.48333 1.35011 -2.44888
v 1.48333 1.34794 -2.45093
v 1.48333 1.57407 -2.45093
v 1.48333 1.5719 -2.44888
v 1.45641 1.5719 -2.44885
v 1.45641 1.57407 -2.4509
v 1.37656 1.34794 -2.45082
v 1.37089 1.35011 -2.45081
v 1.37656 1.35011 -2.44877
v 1.37656 1.5719 -2.44877
v 1.37089 1.5719 -2.45081
v 1.37656 1.57407 -2.45082
v 1.37642 1.34794 -2.58389
v 1.37642 1.35011 -2.58594
v 1.37075 1.35011 -2.58389
v 1.37642 1.57407 -2.58389
v 1.37075 1.5719 -2.58389
v 1.37642 1.5719 -2.58594
v 1.40348 1.34794 -2.45085
v 1.40348 1.35011 -2.4488
v 1.40915 1.35011 -2.45085
v 1.40348 1.57407 -2.45085
v 1.40915 1.5719 -2.45085
v 1.40348 1.5719 -2.4488
v 1.40334 1.34794 -2.58392
v 1.40901 1.35011 -2.58393
v 1.40334 1.35011 -2.58597
v 1.40334 1.57407 -2.58392
v 1.40334 1.5719 -2.58597
v 1.40901 1.5719 -2.58393
v 1.40348 1.35011 -2.4488
v 1.37656 1.35011 -2.44877
v 1.37656 1.5719 -2.44877
v 1.40348 1.5719 -2.4488
v 1.37642 1.35011 -2.58594
v 1.40334 1.35011 -2.58597
v 1.40334 1.5719 -2.58597
v 1.37642 1.5719 -2.58594
v 1.37656 1.35011 -2.44877
v 1.37089 1.35011 -2.45081
v 1.37089 1.5719 -2.45081
v 1.37656 1.5719 -2.44877
v 1.37642 1.5719 -2.58594
v 1.37075 1.5719 -2.58389
v 1.37075 1.35011 -2.58389
v 1.37642 1.35011 -2.58594
v 1.40334 1.34794 -2.58392
v 1.40334 1.35011 -2.58597
v 1.37642 1.35011 -2.58594
v 1.37642 1.34794 -2.58389
v 1.37642 1.57407 -2.58389
v 1.37642 1.5719 -2.58594
v 1.40334 1.5719 -2.58597
v 1.40334 1.57407 -2.58392
v 1.40901 1.5719 -2.58393
v 1.40334 1.5719 -2.58597
v 1.40334 1.35011 -2.58597
v 1.40901 1.35011 -2.58393
v 1.40348 1.5719 -2.4488
v 1.40915 1.5719 -2.45085
v 1.40915 1.35011 -2.45085
v 1.40348 1.35011 -2.4488
v 1.37656 1.34794 -2.45082
v 1.37656 1.35011 -2.44877
v 1.40348 1.35011 -2.4488
v 1.40348 1.34794 -2.45085
v 1.40348 1.57407 -2.45085
v 1.40348 1.5719 -2.4488
v 1.37656 1.5719 -2.44877
v 1.37656 1.57407 -2.45082
vn 1.380001 1.077941 -2.111067
vn 1.380001 1.077941 -2.111067
vn 1.380001 1.077941 -2.111067
vn 1.38 1.844056 -2.111061
vn 1.38 1.844056 -2.111061
vn 1.38 1.844056 -2.111061
vn 1.379148 1.077943 -2.923664
vn 1.379148 1.077943 -2.923664
vn 1.379148 1.077943 -2.923664
vn 1.379147 1.844064 -2.923661
vn 1.379147 1.844064 -2.923661
vn 1.379147 1.844064 -2.923661
vn 1.673402 1.077942 -2.111377
vn 1.673402 1.077942 -2.111377
vn 1.673402 1.077942 -2.111377
vn 1.673404 1.844056 -2.111373
vn 1.673404 1.844056 -2.111373
vn 1.673404 1.844056 -2.111373
vn 1.672539 1.077943 -2.923973
vn 1.672539 1.077943 -2.923973
vn 1.672539 1.077943 -2.923973
vn 1.67255 1.844062 -2.923967
vn 1.67255 1.844062 -2.923967
vn 1.67255 1.844062 -2.923967
vn 1.526877 1.461 -1.940169
vn 1.526877 1.461 -1.940169
vn 1.526877 1.461 -1.940169
vn 1.526877 1.461 -1.940169
vn 1.525664 1.461003 -3.094869
vn 1.525664 1.461003 -3.094869
vn 1.525664 1.461003 -3.094869
vn 1.525664 1.461003 -3.094869
vn 1.330774 1.461 -1.974274
vn 1.330774 1.461 -1.974274
vn 1.330774 1.461 -1.974274
vn 1.330774 1.461 -1.974274
vn 1.329633 1.461003 -3.060351
vn 1.329633 1.461003 -3.060351
vn 1.329633 1.461003 -3.060351
vn 1.329633 1.461003 -3.060351
vn 1.525829 1.064945 -2.937604
vn 1.525829 1.064945 -2.937604
vn 1.525829 1.064945 -2.937604
vn 1.525829 1.064945 -2.937604
vn 1.525829 1.857061 -2.937602
vn 1.525829 1.857061 -2.937602
vn 1.525829 1.857061 -2.937602
vn 1.525829 1.857061 -2.937602
vn 1.721773 1.461003 -3.060761
vn 1.721773 1.461003 -3.060761
vn 1.721773 1.461003 -3.060761
vn 1.721773 1.461003 -3.060761
vn 1.722919 1.461 -1.97469
vn 1.722919 1.461 -1.97469
vn 1.722919 1.461 -1.97469
vn 1.722919 1.461 -1.97469
vn 1.526711 1.064943 -2.097435
vn 1.526711 1.064943 -2.097435
vn 1.526711 1.064943 -2.097435
vn 1.526711 1.064943 -2.097435
vn 1.526712 1.857054 -2.097429
vn 1.526712 1.857054 -2.097429
vn 1.526712 1.857054 -2.097429
vn 1.526712 1.857054 -2.097429
vn 1.380001 1.077941 -2.111067
vn 1.380001 1.077941 -2.111067
vn 1.380001 1.077941 -2.111067
vn 1.38 1.844055 -2.11106
vn 1.38 1.844055 -2.11106
vn 1.38 1.844055 -2.11106
vn 1.379148 1.077943 -2.923664
vn 1.379148 1.077943 -2.923664
vn 1.379148 1.077943 -2.923664
vn 1.379148 1.844062 -2.923663
vn 1.379148 1.844062 -2.923663
vn 1.379148 1.844062 -2.923663
vn 1.673393 1.077941 -2.111375
vn 1.673393 1.077941 -2.111375
vn 1.673393 1.077941 -2.111375
vn 1.673394 1.844055 -2.111368
vn 1.673394 1.844055 -2.111368
vn 1.673394 1.844055 -2.111368
vn 1.672549 1.077945 -2.923971
vn 1.672549 1.077945 -2.923971
vn 1.672549 1.077945 -2.923971
vn 1.672549 1.84406 -2.923969
vn 1.672549 1.84406 -2.923969
vn 1.672549 1.84406 -2.923969
vn 2.10362 1.461001 -2.518125
vn 2.10362 1.461001 -2.518125
vn 2.10362 1.461001 -2.518125
vn 2.10362 1.461001 -2.518125
vn 1.526271 2.038352 -2.517518
vn 1.526271 2.038352 -2.517518
vn 1.526271 2.038352 -2.517518
vn 1.526271 2.038352 -2.517518
vn 0.9489203 1.461002 -2.516912
vn 0.9489203 1.461002 -2.516912
vn 0.9489203 1.461002 -2.516912
vn 0.9489203 1.461002 -2.516912
vn 1.319792 0.9218355 -2.517303
vn 1.319792 0.9218355 -2.517303
vn 1.319792 0.9218355 -2.517303
vn 1.319792 0.9218355 -2.517303
vn 1.31979 2.000167 -2.517301
vn 1.31979 2.000167 -2.517301
vn 1.31979 2.000167 -2.517301
vn 1.31979 2.000167 -2.517301
vn 1.732754 0.9218379 -2.517737
vn 1.732754 0.9218379 -2.517737
vn 1.732754 0.9218379 -2.517737
vn 1.732754 0.9218379 -2.517737
vn 1.732763 2.000162 -2.517734
vn 1.732763 2.000162 -2.517734
vn 1.732763 2.000162 -2.517734
vn 1.732763 2.000162 -2.517734
vn 1.52627 0.8836514 -2.51752
vn 1.52627 0.8836514 -2.51752
vn 1.52627 0.8836514 -2.51752
vn 1.52627 0.8836514 -2.51752
vn 2.10362 1.461001 -2.518125
vn 2.10362 1.461001 -2.518125
vn 2.10362 1.461001 -2.518125
vn 2.10362 1.461001 -2.518125
vn 1.526271 2.038352 -2.517518
vn 1.526271 2.038352 -2.517518
vn 1.526271 2.038352 -2.517518
vn 1.526271 2.038352 -2.517518
vn 0.9489203 1.461002 -2.516912
vn 0.9489203 1.461002 -2.516912
vn 0.9489203 1.461002 -2.516912
vn 0.9489203 1.461002 -2.516912
vn 1.319792 0.9218355 -2.517303
vn 1.319792 0.9218355 -2.517303
vn 1.319792 0.9218355 -2.517303
vn 1.319792 0.9218355 -2.517303
vn 1.31979 2.000167 -2.517301
vn 1.31979 2.000167 -2.517301
vn 1.31979 2.000167 -2.517301
vn 1.31979 2.000167 -2.517301
vn 1.732748 0.9218354 -2.517737
vn 1.732748 0.9218354 -2.517737
vn 1.732748 0.9218354 -2.517737
vn 1.732748 0.9218354 -2.517737
vn 1.732751 2.000167 -2.517735
vn 1.732751 2.000167 -2.517735
vn 1.732751 2.000167 -2.517735
vn 1.732751 2.000167 -2.517735
vn 1.52627 0.8836514 -2.51752
vn 1.52627 0.8836514 -2.51752
vn 1.52627 0.8836514 -2.51752
vn 1.52627 0.8836514 -2.51752
vn 2.10362 1.461001 -2.518127
vn 2.10362 1.461001 -2.518127
vn 2.10362 1.461001 -2.518127
vn 2.10362 1.461001 -2.518127
vn 1.526271 2.038352 -2.517518
vn 1.526271 2.038352 -2.517518
vn 1.526271 2.038352 -2.517518
vn 1.526271 2.038352 -2.517518
vn 0.9489203 1.461002 -2.516911
vn 0.9489203 1.461002 -2.516911
vn 0.9489203 1.461002 -2.516911
vn 0.9489203 1.461002 -2.516911
vn 1.319786 0.921838 -2.517303
vn 1.319786 0.921838 -2.517303
vn 1.319786 0.921838 -2.517303
vn 1.319786 0.921838 -2.517303
vn 1.319784 2.000165 -2.5173
vn 1.319784 2.000165 -2.5173
vn 1.319784 2.000165 -2.5173
vn 1.319784 2.000165 -2.5173
vn 1.732741 0.9218329 -2.517737
vn 1.732741 0.9218329 -2.517737
vn 1.732741 0.9218329 -2.517737
vn 1.732741 0.9218329 -2.517737
vn 1.732744 2.00017 -2.517735
vn 1.732744 2.00017 -2.517735
vn 1.732744 2.00017 -2.517735
vn 1.732744 2.00017 -2.517735
vn 1.52627 0.8836514 -2.51752
vn 1.52627 0.8836514 -2.51752
vn 1.52627 0.8836514 -2.51752
vn 1.52627 0.8836514 -2.51752
vn 2.10362 1.461001 -2.518125
vn 2.10362 1.461001 -2.518125
vn 2.10362 1.461001 -2.518125
vn 2.10362 1.461001 -2.518125
vn 1.526271 2.038352 -2.517518
vn 1.526271 2.038352 -2.517518
vn 1.526271 2.038352 -2.517518
vn 1.526271 2.038352 -2.517518
vn 0.9489203 1.461002 -2.516912
vn 0.9489203 1.461002 -2.516912
vn 0.9489203 1.461002 -2.516912
vn 0.9489203 1.461002 -2.516912
vn 1.319792 0.9218356 -2.517303
vn 1.319792 0.9218356 -2.517303
vn 1.319792 0.9218356 -2.517303
vn 1.319792 0.9218356 -2.517303
vn 1.31979 2.000167 -2.517301
vn 1.31979 2.000167 -2.517301
vn 1.31979 2.000167 -2.517301
vn 1.31979 2.000167 -2.517301
vn 1.732754 0.9218379 -2.517737
vn 1.732754 0.9218379 -2.517737
vn 1.732754 0.9218379 -2.517737
vn 1.732754 0.9218379 -2.517737
vn 1.732757 2.000165 -2.517735
vn 1.732757 2.000165 -2.517735
vn 1.732757 2.000165 -2.517735
vn 1.732757 2.000165 -2.517735
vn 1.52627 0.8836514 -2.51752
vn 1.52627 0.8836514 -2.51752
vn 1.52627 0.8836514 -2.51752
vn 1.52627 0.8836514 -2.51752
vn 2.10362 1.461001 -2.518125
vn 2.10362 1.461001 -2.518125
vn 2.10362 1.461001 -2.518125
vn 2.10362 1.461001 -2.518125
vn 1.526271 2.038352 -2.517518
vn 1.526271 2.038352 -2.517518
vn 1.526271 2.038352 -2.517518
vn 1.526271 2.038352 -2.517518
vn 0.9489203 1.461002 -2.516912
vn 0.9489203 1.461002 -2.516912
vn 0.9489203 1.461002 -2.516912
vn 0.9489203 1.461002 -2.516912
vn 1.319792 0.9218355 -2.517303
vn 1.319792 0.9218355 -2.517303
vn 1.319792 0.9218355 -2.517303
vn 1.319792 0.9218355 -2.517303
vn 1.31979 2.000167 -2.517301
vn 1.31979 2.000167 -2.517301
vn 1.31979 2.000167 -2.517301
vn 1.31979 2.000167 -2.517301
vn 1.732748 0.9218354 -2.517737
vn 1.732748 0.9218354 -2.517737
vn 1.732748 0.9218354 -2.517737
vn 1.732748 0.9218354 -2.517737
vn 1.732751 2.000167 -2.517735
vn 1.732751 2.000167 -2.517735
vn 1.732751 2.000167 -2.517735
vn 1.732751 2.000167 -2.517735
vn 1.52627 0.8836514 -2.51752
vn 1.52627 0.8836514 -2.51752
vn 1.52627 0.8836514 -2.51752
vn 1.52627 0.8836514 -2.51752
vn 2.10362 1.461001 -2.518125
vn 2.10362 1.461001 -2.518125
vn 2.10362 1.461001 -2.518125
vn 2.10362 1.461001 -2.518125
vn 1.526271 2.038352 -2.517518
vn 1.526271 2.038352 -2.517518
vn 1.526271 2.038352 -2.517518
vn 1.526271 2.038352 -2.517518
vn 0.9489203 1.461002 -2.516912
vn 0.9489203 1.461002 -2.516912
vn 0.9489203 1.461002 -2.516912
vn 0.9489203 1.461002 -2.516912
vn 1.319792 0.9218355 -2.517303
vn 1.319792 0.9218355 -2.517303
vn 1.319792 0.9218355 -2.517303
vn 1.319792 0.9218355 -2.517303
vn 1.31979 2.000167 -2.517301
vn 1.31979 2.000167 -2.517301
vn 1.31979 2.000167 -2.517301
vn 1.31979 2.000167 -2.517301
vn 1.732748 0.9218354 -2.517737
vn 1.732748 0.9218354 -2.517737
vn 1.732748 0.9218354 -2.517737
vn 1.732748 0.9218354 -2.517737
vn 1.732751 2.000167 -2.517735
vn 1.732751 2.000167 -2.517735
vn 1.732751 2.000167 -2.517735
vn 1.732751 2.000167 -2.517735
vn 1.52627 0.8836514 -2.51752
vn 1.52627 0.8836514 -2.51752
vn 1.52627 0.8836514 -2.51752
vn 1.52627 0.8836514 -2.51752
vn 2.10362 1.461001 -2.518125
vn 2.10362 1.461001 -2.518125
vn 2.10362 1.461001 -2.518125
vn 2.10362 1.461001 -2.518125
vn 1.526271 2.038352 -2.517518
vn 1.526271 2.038352 -2.517518
vn 1.526271 2.038352 -2.517518
vn 1.526271 2.038352 -2.517518
vn 0.9489203 1.461002 -2.516912
vn 0.9489203 1.461002 -2.516912
vn 0.9489203 1.461002 -2.516912
vn 0.9489203 1.461002 -2.516912
vn 1.319792 0.9218356 -2.517303
vn 1.319792 0.9218356 -2.517303
vn 1.319792 0.9218356 -2.517303
vn 1.319792 0.9218356 -2.517303
vn 1.31979 2.000167 -2.517301
vn 1.31979 2.000167 -2.517301
vn 1.31979 2.000167 -2.517301
vn 1.31979 2.000167 -2.517301
vn 1.732748 0.9218354 -2.517737
vn 1.732748 0.9218354 -2.517737
vn 1.732748 0.9218354 -2.517737
vn 1.732748 0.9218354 -2.517737
vn 1.732751 2.000167 -2.517735
vn 1.732751 2.000167 -2.517735
vn 1.732751 2.000167 -2.517735
vn 1.732751 2.000167 -2.517735
vn 1.52627 0.8836514 -2.51752
vn 1.52627 0.8836514 -2.51752
vn 1.52627 0.8836514 -2.51752
vn 1.52627 0.8836514 -2.51752
vn 2.10362 1.461001 -2.518125
vn 2.10362 1.461001 -2.518125
vn 2.10362 1.461001 -2.518125
vn 2.10362 1.461001 -2.518125
vn 1.526271 2.038352 -2.517518
vn 1.526271 2.038352 -2.517518
vn 1.526271 2.038352 -2.517518
vn 1.526271 2.038352 -2.517518
vn 0.9489203 1.461002 -2.516912
vn 0.9489203 1.461002 -2.516912
vn 0.9489203 1.461002 -2.516912
vn 0.9489203 1.461002 -2.516912
vn 1.319792 0.9218355 -2.517303
vn 1.319792 0.9218355 -2.517303
vn 1.319792 0.9218355 -2.517303
vn 1.319792 0.9218355 -2.517303
vn 1.31979 2.000167 -2.517301
vn 1.31979 2.000167 -2.517301
vn 1.31979 2.000167 -2.517301
vn 1.31979 2.000167 -2.517301
vn 1.732748 0.9218354 -2.517737
vn 1.732748 0.9218354 -2.517737
vn 1.732748 0.9218354 -2.517737
vn 1.732748 0.9218354 -2.517737
vn 1.732751 2.000167 -2.517735
vn 1.732751 2.000167 -2.517735
vn 1.732751 2.000167 -2.517735
vn 1.732751 2.000167 -2.517735
vn 1.52627 0.8836514 -2.51752
vn 1.52627 0.8836514 -2.51752
vn 1.52627 0.8836514 -2.51752
vn 1.52627 0.8836514 -2.51752
vn 2.10362 1.461001 -2.518125
vn 2.10362 1.461001 -2.518125
vn 2.10362 1.461001 -2.518125
vn 2.10362 1.461001 -2.518125
vn 1.526271 2.038352 -2.517518
vn 1.526271 2.038352 -2.517518
vn 1.526271 2.038352 -2.517518
vn 1.526271 2.038352 -2.517518
vn 0.9489203 1.461002 -2.516912
vn 0.9489203 1.461002 -2.516912
vn 0.9489203 1.461002 -2.516912
vn 0.9489203 1.461002 -2.516912
vn 1.319779 0.9218404 -2.517303
vn 1.319779 0.9218404 -2.517303
vn 1.319779 0.9218404 -2.517303
vn 1.319779 0.9218404 -2.517303
vn 1.319778 2.000162 -2.517301
vn 1.319778 2.000162 -2.517301
vn 1.319778 2.000162 -2.517301
vn 1.319778 2.000162 -2.517301
vn 1.732748 0.9218355 -2.517737
vn 1.732748 0.9218355 -2.517737
vn 1.732748 0.9218355 -2.517737
vn 1.732748 0.9218355 -2.517737
vn 1.732751 2.000167 -2.517735
vn 1.732751 2.000167 -2.517735
vn 1.732751 2.000167 -2.517735
vn 1.732751 2.000167 -2.517735
vn 1.52627 0.8836514 -2.51752
vn 1.52627 0.8836514 -2.51752
vn 1.52627 0.8836514 -2.51752
vn 1.52627 0.8836514 -2.51752
vn 1.526877 1.461 -1.940169
vn 1.526877 1.461 -1.940169
vn 1.526877 1.461 -1.940169
vn 1.526877 1.461 -1.940169
vn 2.10362 1.461001 -2.518127
vn 2.10362 1.461001 -2.518127
vn 2.10362 1.461001 -2.518127
vn 2.10362 1.461001 -2.518127
vn 1.526271 2.038352 -2.517518
vn 1.526271 2.038352 -2.517518
vn 1.526271 2.038352 -2.517518
vn 1.526271 2.038352 -2.517518
vn 0.9489203 1.461002 -2.516912
vn 0.9489203 1.461002 -2.516912
vn 0.9489203 1.461002 -2.516912
vn 0.9489203 1.461002 -2.516912
vn 1.525664 1.461003 -3.094869
vn 1.525664 1.461003 -3.094869
vn 1.525664 1.461003 -3.094869
vn 1.525664 1.461003 -3.094869
vn 1.319792 0.9218355 -2.517303
vn 1.319792 0.9218355 -2.517303
vn 1.319792 0.9218355 -2.517303
vn 1.319792 0.9218355 -2.517303
vn 1.330775 1.461 -1.974274
vn 1.330775 1.461 -1.974274
vn 1.330775 1.461 -1.974274
vn 1.330775 1.461 -1.974274
vn 1.31979 2.000167 -2.517301
vn 1.31979 2.000167 -2.517301
vn 1.31979 2.000167 -2.517301
vn 1.31979 2.000167 -2.517301
vn 1.329634 1.461003 -3.060351
vn 1.329634 1.461003 -3.060351
vn 1.329634 1.461003 -3.060351
vn 1.329634 1.461003 -3.060351
vn 1.525829 1.064945 -2.937605
vn 1.525829 1.064945 -2.937605
vn 1.525829 1.064945 -2.937605
vn 1.525829 1.064945 -2.937605
vn 1.525829 1.85706 -2.937603
vn 1.525829 1.85706 -2.937603
vn 1.525829 1.85706 -2.937603
vn 1.525829 1.85706 -2.937603
vn 1.721778 1.461003 -3.060759
vn 1.721778 1.461003 -3.060759
vn 1.721778 1.461003 -3.060759
vn 1.721778 1.461003 -3.060759
vn 1.732754 0.9218379 -2.517737
vn 1.732754 0.9218379 -2.517737
vn 1.732754 0.9218379 -2.517737
vn 1.732754 0.9218379 -2.517737
vn 1.732757 2.000165 -2.517735
vn 1.732757 2.000165 -2.517735
vn 1.732757 2.000165 -2.517735
vn 1.732757 2.000165 -2.517735
vn 1.722906 1.461 -1.974686
vn 1.722906 1.461 -1.974686
vn 1.722906 1.461 -1.974686
vn 1.722906 1.461 -1.974686
vn 1.526711 1.064943 -2.097435
vn 1.526711 1.064943 -2.097435
vn 1.526711 1.064943 -2.097435
vn 1.526711 1.064943 -2.097435
vn 1.526712 1.857053 -2.097428
vn 1.526712 1.857053 -2.097428
vn 1.526712 1.857053 -2.097428
vn 1.526712 1.857053 -2.097428
vn 1.52627 0.8836514 -2.51752
vn 1.52627 0.8836514 -2.51752
vn 1.52627 0.8836514 -2.51752
vn 1.52627 0.8836514 -2.51752
vn 2.10362 1.461001 -2.518125
vn 2.10362 1.461001 -2.518125
vn 2.10362 1.461001 -2.518125
vn 2.10362 1.461001 -2.518125
vn 1.526271 2.038352 -2.517518
vn 1.526271 2.038352 -2.517518
vn 1.526271 2.038352 -2.517518
vn 1.526271 2.038352 -2.517518
vn 0.9489203 1.461002 -2.516912
vn 0.9489203 1.461002 -2.516912
vn 0.9489203 1.461002 -2.516912
vn 0.9489203 1.461002 -2.516912
vn 1.319792 0.9218355 -2.517303
vn 1.319792 0.9218355 -2.517303
vn 1.319792 0.9218355 -2.517303
vn 1.319792 0.9218355 -2.517303
vn 1.31979 2.000167 -2.517301
vn 1.31979 2.000167 -2.517301
vn 1.31979 2.000167 -2.517301
vn 1.31979 2.000167 -2.517301
vn 1.732748 0.9218354 -2.517737
vn 1.732748 0.9218354 -2.517737
vn 1.732748 0.9218354 -2.517737
vn 1.732748 0.9218354 -2.517737
vn 1.732751 2.000167 -2.517735
vn 1.732751 2.000167 -2.517735
vn 1.732751 2.000167 -2.517735
vn 1.732751 2.000167 -2.517735
vn 1.52627 0.8836514 -2.51752
vn 1.52627 0.8836514 -2.51752
vn 1.52627 0.8836514 -2.51752
vn 1.52627 0.8836514 -2.51752
vn 1.380001 1.077941 -2.111067
vn 1.380001 1.077941 -2.111067
vn 1.380001 1.077941 -2.111067
vn 1.38 1.844055 -2.11106
vn 1.38 1.844055 -2.11106
vn 1.38 1.844055 -2.11106
vn 1.379147 1.077943 -2.923664
vn 1.379147 1.077943 -2.923664
vn 1.379147 1.077943 -2.923664
vn 1.379147 1.844062 -2.923662
vn 1.379147 1.844062 -2.923662
vn 1.379147 1.844062 -2.923662
vn 1.673393 1.077941 -2.111375
vn 1.673393 1.077941 -2.111375
vn 1.673393 1.077941 -2.111375
vn 1.673394 1.844055 -2.111368
vn 1.673394 1.844055 -2.111368
vn 1.673394 1.844055 -2.111368
vn 1.67254 1.077943 -2.923972
vn 1.67254 1.077943 -2.923972
vn 1.67254 1.077943 -2.923972
vn 1.672541 1.844062 -2.92397
vn 1.672541 1.844062 -2.92397
vn 1.672541 1.844062 -2.92397
vn 1.380001 1.07794 -2.111068
vn 1.380001 1.07794 -2.111068
vn 1.380001 1.07794 -2.111068
vn 1.379999 1.844055 -2.111061
vn 1.379999 1.844055 -2.111061
vn 1.379999 1.844055 -2.111061
vn 1.379147 1.077942 -2.923664
vn 1.379147 1.077942 -2.923664
vn 1.379147 1.077942 -2.923664
vn 1.379148 1.844062 -2.923663
vn 1.379148 1.844062 -2.923663
vn 1.379148 1.844062 -2.923663
vn 1.673392 1.07794 -2.111376
vn 1.673392 1.07794 -2.111376
vn 1.673392 1.07794 -2.111376
vn 1.673395 1.844055 -2.111369
vn 1.673395 1.844055 -2.111369
vn 1.673395 1.844055 -2.111369
vn 1.672539 1.077942 -2.923972
vn 1.672539 1.077942 -2.923972
vn 1.672539 1.077942 -2.923972
vn 1.672539 1.844062 -2.923971
vn 1.672539 1.844062 -2.923971
vn 1.672539 1.844062 -2.923971
vn 1.526877 1.461 -1.940169
vn 1.526877 1.461 -1.940169
vn 1.526877 1.461 -1.940169
vn 1.526877 1.461 -1.940169
vn 1.525664 1.461003 -3.094869
vn 1.525664 1.461003 -3.094869
vn 1.525664 1.461003 -3.094869
vn 1.525664 1.461003 -3.094869
vn 1.330775 1.461 -1.974274
vn 1.330775 1.461 -1.974274
vn 1.330775 1.461 -1.974274
vn 1.330775 1.461 -1.974274
vn 1.329634 1.461003 -3.060351
vn 1.329634 1.461003 -3.060351
vn 1.329634 1.461003 -3.060351
vn 1.329634 1.461003 -3.060351
vn 1.525829 1.064945 -2.937604
vn 1.525829 1.064945 -2.937604
vn 1.525829 1.064945 -2.937604
vn 1.525829 1.064945 -2.937604
vn 1.525829 1.857061 -2.937602
vn 1.525829 1.857061 -2.937602
vn 1.525829 1.857061 -2.937602
vn 1.525829 1.857061 -2.937602
vn 1.721766 1.461003 -3.060763
vn 1.721766 1.461003 -3.060763
vn 1.721766 1.461003 -3.060763
vn 1.721766 1.461003 -3.060763
vn 1.722906 1.461 -1.974686
vn 1.722906 1.461 -1.974686
vn 1.722906 1.461 -1.974686
vn 1.722906 1.461 -1.974686
vn 1.526711 1.064944 -2.097434
vn 1.526711 1.064944 -2.097434
vn 1.526711 1.064944 -2.097434
vn 1.526711 1.064944 -2.097434
vn 1.526712 1.857053 -2.097428
vn 1.526712 1.857053 -2.097428
vn 1.526712 1.857053 -2.097428
vn 1.526712 1.857053 -2.097428
vn 1.526877 1.461 -1.940169
vn 1.526877 1.461 -1.940169
vn 1.526877 1.461 -1.940169
vn 1.526877 1.461 -1.940169
vn 1.525664 1.461003 -3.094869
vn 1.525664 1.461003 -3.094869
vn 1.525664 1.461003 -3.094869
vn 1.525664 1.461003 -3.094869
vn 1.330774 1.461 -1.974274
vn 1.330774 1.461 -1.974274
vn 1.330774 1.461 -1.974274
vn 1.330774 1.461 -1.974274
vn 1.329633 1.461003 -3.060351
vn 1.329633 1.461003 -3.060351
vn 1.329633 1.461003 -3.060351
vn 1.329633 1.461003 -3.060351
vn 1.525829 1.064945 -2.937604
vn 1.525829 1.064945 -2.937604
vn 1.525829 1.064945 -2.937604
vn 1.525829 1.064945 -2.937604
vn 1.525829 1.85706 -2.937603
vn 1.525829 1.85706 -2.937603
vn 1.525829 1.85706 -2.937603
vn 1.525829 1.85706 -2.937603
vn 1.721767 1.461003 -3.060763
vn 1.721767 1.461003 -3.060763
vn 1.721767 1.461003 -3.060763
vn 1.721767 1.461003 -3.060763
vn 1.722907 1.461 -1.974686
vn 1.722907 1.461 -1.974686
vn 1.722907 1.461 -1.974686
vn 1.722907 1.461 -1.974686
vn 1.526711 1.064943 -2.097435
vn 1.526711 1.064943 -2.097435
vn 1.526711 1.064943 -2.097435
vn 1.526711 1.064943 -2.097435
vn 1.526712 1.857054 -2.097429
vn 1.526712 1.857054 -2.097429
vn 1.526712 1.857054 -2.097429
vn 1.526712 1.857054 -2.097429
vn 1.38001 1.077939 -2.111065
vn 1.38001 1.077939 -2.111065
vn 1.38001 1.077939 -2.111065
vn 1.38001 1.844059 -2.111061
vn 1.38001 1.844059 -2.111061
vn 1.38001 1.844059 -2.111061
vn 1.379157 1.077941 -2.923666
vn 1.379157 1.077941 -2.923666
vn 1.379157 1.077941 -2.923666
vn 1.379157 1.844061 -2.923667
vn 1.379157 1.844061 -2.923667
vn 1.379157 1.844061 -2.923667
vn 1.673384 1.077939 -2.111373
vn 1.673384 1.077939 -2.111373
vn 1.673384 1.077939 -2.111373
vn 1.673384 1.844059 -2.111369
vn 1.673384 1.844059 -2.111369
vn 1.673384 1.844059 -2.111369
vn 1.67253 1.077941 -2.923974
vn 1.67253 1.077941 -2.923974
vn 1.67253 1.077941 -2.923974
vn 1.67253 1.844061 -2.923975
vn 1.67253 1.844061 -2.923975
vn 1.67253 1.844061 -2.923975
vn 1.379992 1.077943 -2.111068
vn 1.379992 1.077943 -2.111068
vn 1.379992 1.077943 -2.111068
vn 1.37999 1.844054 -2.111063
vn 1.37999 1.844054 -2.111063
vn 1.37999 1.844054 -2.111063
vn 1.379137 1.077945 -2.923662
vn 1.379137 1.077945 -2.923662
vn 1.379137 1.077945 -2.923662
vn 1.379139 1.844061 -2.923661
vn 1.379139 1.844061 -2.923661
vn 1.379139 1.844061 -2.923661
vn 1.673393 1.077941 -2.111375
vn 1.673393 1.077941 -2.111375
vn 1.673393 1.077941 -2.111375
vn 1.673394 1.844055 -2.111368
vn 1.673394 1.844055 -2.111368
vn 1.673394 1.844055 -2.111368
vn 1.672539 1.077943 -2.923973
vn 1.672539 1.077943 -2.923973
vn 1.672539 1.077943 -2.923973
vn 1.672539 1.844062 -2.923971
vn 1.672539 1.844062 -2.923971
vn 1.672539 1.844062 -2.923971
vn 1.526877 1.461 -1.940169
vn 1.526877 1.461 -1.940169
vn 1.526877 1.461 -1.940169
vn 1.526877 1.461 -1.940169
vn 2.10362 1.461001 -2.518125
vn 2.10362 1.461001 -2.518125
vn 2.10362 1.461001 -2.518125
vn 2.10362 1.461001 -2.518125
vn 1.526271 2.038352 -2.517517
vn 1.526271 2.038352 -2.517517
vn 1.526271 2.038352 -2.517517
vn 1.526271 2.038352 -2.517517
vn 0.9489203 1.461002 -2.516912
vn 0.9489203 1.461002 -2.516912
vn 0.9489203 1.461002 -2.516912
vn 0.9489203 1.461002 -2.516912
vn 1.525664 1.461003 -3.094869
vn 1.525664 1.461003 -3.094869
vn 1.525664 1.461003 -3.094869
vn 1.525664 1.461003 -3.094869
vn 1.319804 0.9218309 -2.517303
vn 1.319804 0.9218309 -2.517303
vn 1.319804 0.9218309 -2.517303
vn 1.319804 0.9218309 -2.517303
vn 1.330786 1.461 -1.97427
vn 1.330786 1.461 -1.97427
vn 1.330786 1.461 -1.97427
vn 1.330786 1.461 -1.97427
vn 1.319803 2.000172 -2.517301
vn 1.319803 2.000172 -2.517301
vn 1.319803 2.000172 -2.517301
vn 1.319803 2.000172 -2.517301
vn 1.329646 1.461003 -3.060356
vn 1.329646 1.461003 -3.060356
vn 1.329646 1.461003 -3.060356
vn 1.329646 1.461003 -3.060356
vn 1.525829 1.064945 -2.937604
vn 1.525829 1.064945 -2.937604
vn 1.525829 1.064945 -2.937604
vn 1.525829 1.064945 -2.937604
vn 1.52583 1.857058 -2.937605
vn 1.52583 1.857058 -2.937605
vn 1.52583 1.857058 -2.937605
vn 1.52583 1.857058 -2.937605
vn 1.721754 1.461003 -3.060768
vn 1.721754 1.461003 -3.060768
vn 1.721754 1.461003 -3.060768
vn 1.721754 1.461003 -3.060768
vn 1.732735 0.9218305 -2.517737
vn 1.732735 0.9218305 -2.517737
vn 1.732735 0.9218305 -2.517737
vn 1.732735 0.9218305 -2.517737
vn 1.732738 2.000172 -2.517734
vn 1.732738 2.000172 -2.517734
vn 1.732738 2.000172 -2.517734
vn 1.732738 2.000172 -2.517734
vn 1.722895 1.461 -1.974682
vn 1.722895 1.461 -1.974682
vn 1.722895 1.461 -1.974682
vn 1.722895 1.461 -1.974682
vn 1.526711 1.064942 -2.097436
vn 1.526711 1.064942 -2.097436
vn 1.526711 1.064942 -2.097436
vn 1.526711 1.064942 -2.097436
vn 1.526712 1.857057 -2.097431
vn 1.526712 1.857057 -2.097431
vn 1.526712 1.857057 -2.097431
vn 1.526712 1.857057 -2.097431
vn 1.52627 0.8836514 -2.51752
vn 1.52627 0.8836514 -2.51752
vn 1.52627 0.8836514 -2.51752
vn 1.52627 0.8836514 -2.51752
vn 1.526877 1.461 -1.940169
vn 1.526877 1.461 -1.940169
vn 1.526877 1.461 -1.940169
vn 1.526877 1.461 -1.940169
vn 1.525664 1.461003 -3.094869
vn 1.525664 1.461003 -3.094869
vn 1.525664 1.461003 -3.094869
vn 1.525664 1.461003 -3.094869
vn 1.330763 1.461 -1.974278
vn 1.330763 1.461 -1.974278
vn 1.330763 1.461 -1.974278
vn 1.330763 1.461 -1.974278
vn 1.329621 1.461003 -3.060347
vn 1.329621 1.461003 -3.060347
vn 1.329621 1.461003 -3.060347
vn 1.329621 1.461003 -3.060347
vn 1.525829 1.064945 -2.937605
vn 1.525829 1.064945 -2.937605
vn 1.525829 1.064945 -2.937605
vn 1.525829 1.064945 -2.937605
vn 1.525829 1.85706 -2.937603
vn 1.525829 1.85706 -2.937603
vn 1.525829 1.85706 -2.937603
vn 1.525829 1.85706 -2.937603
vn 1.721766 1.461003 -3.060763
vn 1.721766 1.461003 -3.060763
vn 1.721766 1.461003 -3.060763
vn 1.721766 1.461003 -3.060763
vn 1.722906 1.461 -1.974686
vn 1.722906 1.461 -1.974686
vn 1.722906 1.461 -1.974686
vn 1.722906 1.461 -1.974686
vn 1.526711 1.064943 -2.097435
vn 1.526711 1.064943 -2.097435
vn 1.526711 1.064943 -2.097435
vn 1.526711 1.064943 -2.097435
vn 1.526712 1.857053 -2.097428
vn 1.526712 1.857053 -2.097428
vn 1.526712 1.857053 -2.097428
vn 1.526712 1.857053 -2.097428
vn 1.379992 1.077943 -2.111068
vn 1.379992 1.077943 -2.111068
vn 1.379992 1.077943 -2.111068
vn 1.37999 1.844055 -2.111064
vn 1.37999 1.844055 -2.111064
vn 1.37999 1.844055 -2.111064
vn 1.379148 1.077943 -2.923664
vn 1.379148 1.077943 -2.923664
vn 1.379148 1.077943 -2.923664
vn 1.379147 1.844063 -2.923662
vn 1.379147 1.844063 -2.923662
vn 1.379147 1.844063 -2.923662
vn 1.673383 1.077939 -2.111373
vn 1.673383 1.077939 -2.111373
vn 1.673383 1.077939 -2.111373
vn 1.673385 1.844058 -2.111368
vn 1.673385 1.844058 -2.111368
vn 1.673385 1.844058 -2.111368
vn 1.67254 1.077943 -2.923972
vn 1.67254 1.077943 -2.923972
vn 1.67254 1.077943 -2.923972
vn 1.672541 1.844062 -2.92397
vn 1.672541 1.844062 -2.92397
vn 1.672541 1.844062 -2.92397
vn 1.526877 1.461 -1.940169
vn 1.526877 1.461 -1.940169
vn 1.526877 1.461 -1.940169
vn 1.526877 1.461 -1.940169
vn 1.525664 1.461003 -3.094869
vn 1.525664 1.461003 -3.094869
vn 1.525664 1.461003 -3.094869
vn 1.525664 1.461003 -3.094869
vn 1.330762 1.461 -1.974278
vn 1.330762 1.461 -1.974278
vn 1.330762 1.461 -1.974278
vn 1.330762 1.461 -1.974278
vn 1.329633 1.461003 -3.060351
vn 1.329633 1.461003 -3.060351
vn 1.329633 1.461003 -3.060351
vn 1.329633 1.461003 -3.060351
vn 1.525829 1.064945 -2.937604
vn 1.525829 1.064945 -2.937604
vn 1.525829 1.064945 -2.937604
vn 1.525829 1.064945 -2.937604
vn 1.525829 1.857062 -2.937602
vn 1.525829 1.857062 -2.937602
vn 1.525829 1.857062 -2.937602
vn 1.525829 1.857062 -2.937602
vn 1.721766 1.461003 -3.060763
vn 1.721766 1.461003 -3.060763
vn 1.721766 1.461003 -3.060763
vn 1.721766 1.461003 -3.060763
vn 1.722894 1.461 -1.974681
vn 1.722894 1.461 -1.974681
vn 1.722894 1.461 -1.974681
vn 1.722894 1.461 -1.974681
vn 1.526711 1.064944 -2.097434
vn 1.526711 1.064944 -2.097434
vn 1.526711 1.064944 -2.097434
vn 1.526711 1.064944 -2.097434
vn 1.526712 1.857054 -2.097428
vn 1.526712 1.857054 -2.097428
vn 1.526712 1.857054 -2.097428
vn 1.526712 1.857054 -2.097428
vn 1.380001 1.077941 -2.111067
vn 1.380001 1.077941 -2.111067
vn 1.380001 1.077941 -2.111067
vn 1.38 1.844056 -2.111061
vn 1.38 1.844056 -2.111061
vn 1.38 1.844056 -2.111061
vn 1.379148 1.077943 -2.923664
vn 1.379148 1.077943 -2.923664
vn 1.379148 1.077943 -2.923664
vn 1.379147 1.844064 -2.923661
vn 1.379147 1.844064 -2.923661
vn 1.379147 1.844064 -2.923661
vn 1.673402 1.077942 -2.111377
vn 1.673402 1.077942 -2.111377
vn 1.673402 1.077942 -2.111377
vn 1.673404 1.844056 -2.111373
vn 1.673404 1.844056 -2.111373
vn 1.673404 1.844056 -2.111373
vn 1.672539 1.077943 -2.923973
vn 1.672539 1.077943 -2.923973
vn 1.672539 1.077943 -2.923973
vn 1.67254 1.844064 -2.923969
vn 1.67254 1.844064 -2.923969
vn 1.67254 1.844064 -2.923969
vn 1.380001 1.07794 -2.111068
vn 1.380001 1.07794 -2.111068
vn 1.380001 1.07794 -2.111068
vn 1.379999 1.844055 -2.111061
vn 1.379999 1.844055 -2.111061
vn 1.379999 1.844055 -2.111061
vn 1.379147 1.077942 -2.923664
vn 1.379147 1.077942 -2.923664
vn 1.379147 1.077942 -2.923664
vn 1.379148 1.844062 -2.923663
vn 1.379148 1.844062 -2.923663
vn 1.379148 1.844062 -2.923663
vn 1.673393 1.077941 -2.111375
vn 1.673393 1.077941 -2.111375
vn 1.673393 1.077941 -2.111375
vn 1.673394 1.844056 -2.11137
vn 1.673394 1.844056 -2.11137
vn 1.673394 1.844056 -2.11137
vn 1.672539 1.077943 -2.923973
vn 1.672539 1.077943 -2.923973
vn 1.672539 1.077943 -2.923973
vn 1.67254 1.844064 -2.923969
vn 1.67254 1.844064 -2.923969
vn 1.67254 1.844064 -2.923969
vn 1.380001 1.07794 -2.111067
vn 1.380001 1.07794 -2.111067
vn 1.380001 1.07794 -2.111067
vn 1.379999 1.844055 -2.111061
vn 1.379999 1.844055 -2.111061
vn 1.379999 1.844055 -2.111061
vn 1.379147 1.077942 -2.923664
vn 1.379147 1.077942 -2.923664
vn 1.379147 1.077942 -2.923664
vn 1.379148 1.844062 -2.923663
vn 1.379148 1.844062 -2.923663
vn 1.379148 1.844062 -2.923663
vn 1.673392 1.07794 -2.111376
vn 1.673392 1.07794 -2.111376
vn 1.673392 1.07794 -2.111376
vn 1.673395 1.844055 -2.111369
vn 1.673395 1.844055 -2.111369
vn 1.673395 1.844055 -2.111369
vn 1.672539 1.077942 -2.923972
vn 1.672539 1.077942 -2.923972
vn 1.672539 1.077942 -2.923972
vn 1.672539 1.844062 -2.923971
vn 1.672539 1.844062 -2.923971
vn 1.672539 1.844062 -2.923971
vn 1.526877 1.461 -1.940169
vn 1.526877 1.461 -1.940169
vn 1.526877 1.461 -1.940169
vn 1.526877 1.461 -1.940169
vn 1.525664 1.461003 -3.094869
vn 1.525664 1.461003 -3.094869
vn 1.525664 1.461003 -3.094869
vn 1.525664 1.461003 -3.094869
vn 1.330774 1.461 -1.974274
vn 1.330774 1.461 -1.974274
vn 1.330774 1.461 -1.974274
vn 1.330774 1.461 -1.974274
vn 1.329633 1.461003 -3.060351
vn 1.329633 1.461003 -3.060351
vn 1.329633 1.461003 -3.060351
vn 1.329633 1.461003 -3.060351
vn 1.525829 1.064945 -2.937604
vn 1.525829 1.064945 -2.937604
vn 1.525829 1.064945 -2.937604
vn 1.525829 1.064945 -2.937604
vn 1.525829 1.857062 -2.937601
vn 1.525829 1.857062 -2.937601
vn 1.525829 1.857062 -2.937601
vn 1.525829 1.857062 -2.937601
vn 1.721767 1.461003 -3.060763
vn 1.721767 1.461003 -3.060763
vn 1.721767 1.461003 -3.060763
vn 1.721767 1.461003 -3.060763
vn 1.722919 1.461 -1.97469
vn 1.722919 1.461 -1.97469
vn 1.722919 1.461 -1.97469
vn 1.722919 1.461 -1.97469
vn 1.526711 1.064943 -2.097435
vn 1.526711 1.064943 -2.097435
vn 1.526711 1.064943 -2.097435
vn 1.526711 1.064943 -2.097435
vn 1.526712 1.857054 -2.097429
vn 1.526712 1.857054 -2.097429
vn 1.526712 1.857054 -2.097429
vn 1.526712 1.857054 -2.097429
vn 1.526877 1.461 -1.940169
vn 1.526877 1.461 -1.940169
vn 1.526877 1.461 -1.940169
vn 1.526877 1.461 -1.940169
vn 1.525664 1.461003 -3.094869
vn 1.525664 1.461003 -3.094869
vn 1.525664 1.461003 -3.094869
vn 1.525664 1.461003 -3.094869
vn 1.330774 1.461 -1.974274
vn 1.330774 1.461 -1.974274
vn 1.330774 1.461 -1.974274
vn 1.330774 1.461 -1.974274
vn 1.329633 1.461003 -3.060351
vn 1.329633 1.461003 -3.060351
vn 1.329633 1.461003 -3.060351
vn 1.329633 1.461003 -3.060351
vn 1.525829 1.064944 -2.937604
vn 1.525829 1.064944 -2.937604
vn 1.525829 1.064944 -2.937604
vn 1.525829 1.064944 -2.937604
vn 1.525829 1.857061 -2.937602
vn 1.525829 1.857061 -2.937602
vn 1.525829 1.857061 -2.937602
vn 1.525829 1.857061 -2.937602
vn 1.721767 1.461003 -3.060763
vn 1.721767 1.461003 -3.060763
vn 1.721767 1.461003 -3.060763
vn 1.721767 1.461003 -3.060763
vn 1.722907 1.461 -1.974686
vn 1.722907 1.461 -1.974686
vn 1.722907 1.461 -1.974686
vn 1.722907 1.461 -1.974686
vn 1.526711 1.064943 -2.097434
vn 1.526711 1.064943 -2.097434
vn 1.526711 1.064943 -2.097434
vn 1.526711 1.064943 -2.097434
vn 1.526712 1.857054 -2.097428
vn 1.526712 1.857054 -2.097428
vn 1.526712 1.857054 -2.097428
vn 1.526712 1.857054 -2.097428
vn 1.526877 1.461 -1.940169
vn 1.526877 1.461 -1.940169
vn 1.526877 1.461 -1.940169
vn 1.526877 1.461 -1.940169
vn 1.525664 1.461003 -3.094869
vn 1.525664 1.461003 -3.094869
vn 1.525664 1.461003 -3.094869
vn 1.525664 1.461003 -3.094869
vn 1.330774 1.461 -1.974274
vn 1.330774 1.461 -1.974274
vn 1.330774 1.461 -1.974274
vn 1.330774 1.461 -1.974274
vn 1.329633 1.461003 -3.060351
vn 1.329633 1.461003 -3.060351
vn 1.329633 1.461003 -3.060351
vn 1.329633 1.461003 -3.060351
vn 1.525829 1.064944 -2.937604
vn 1.525829 1.064944 -2.937604
vn 1.525829 1.064944 -2.937604
vn 1.525829 1.064944 -2.937604
vn 1.525829 1.857061 -2.937603
vn 1.525829 1.857061 -2.937603
vn 1.525829 1.857061 -2.937603
vn 1.525829 1.857061 -2.937603
vn 1.721767 1.461003 -3.060763
vn 1.721767 1.461003 -3.060763
vn 1.721767 1.461003 -3.060763
vn 1.721767 1.461003 -3.060763
vn 1.722907 1.461 -1.974686
vn 1.722907 1.461 -1.974686
vn 1.722907 1.461 -1.974686
vn 1.722907 1.461 -1.974686
vn 1.526711 1.064943 -2.097435
vn 1.526711 1.064943 -2.097435
vn 1.526711 1.064943 -2.097435
vn 1.526711 1.064943 -2.097435
vn 1.526712 1.857053 -2.097428
vn 1.526712 1.857053 -2.097428
vn 1.526712 1.857053 -2.097428
vn 1.526712 1.857053 -2.097428
vn 1.380001 1.077941 -2.111067
vn 1.380001 1.077941 -2.111067
vn 1.380001 1.077941 -2.111067
vn 1.38 1.844055 -2.11106
vn 1.38 1.844055 -2.11106
vn 1.38 1.844055 -2.11106
vn 1.379148 1.077943 -2.923664
vn 1.379148 1.077943 -2.923664
vn 1.379148 1.077943 -2.923664
vn 1.379148 1.844062 -2.923663
vn 1.379148 1.844062 -2.923663
vn 1.379148 1.844062 -2.923663
vn 1.673392 1.07794 -2.111376
vn 1.673392 1.07794 -2.111376
vn 1.673392 1.07794 -2.111376
vn 1.673395 1.844055 -2.111369
vn 1.673395 1.844055 -2.111369
vn 1.673395 1.844055 -2.111369
vn 1.672539 1.077942 -2.923972
vn 1.672539 1.077942 -2.923972
vn 1.672539 1.077942 -2.923972
vn 1.672539 1.844062 -2.923971
vn 1.672539 1.844062 -2.923971
vn 1.672539 1.844062 -2.923971
vn 1.526877 1.461 -1.940169
vn 1.526877 1.461 -1.940169
vn 1.526877 1.461 -1.940169
vn 1.526877 1.461 -1.940169
vn 1.525664 1.461003 -3.094869
vn 1.525664 1.461003 -3.094869
vn 1.525664 1.461003 -3.094869
vn 1.525664 1.461003 -3.094869
vn 1.330775 1.461 -1.974274
vn 1.330775 1.461 -1.974274
vn 1.330775 1.461 -1.974274
vn 1.330775 1.461 -1.974274
vn 1.329634 1.461003 -3.060351
vn 1.329634 1.461003 -3.060351
vn 1.329634 1.461003 -3.060351
vn 1.329634 1.461003 -3.060351
vn 1.525829 1.064944 -2.937604
vn 1.525829 1.064944 -2.937604
vn 1.525829 1.064944 -2.937604
vn 1.525829 1.064944 -2.937604
vn 1.525829 1.857061 -2.937603
vn 1.525829 1.857061 -2.937603
vn 1.525829 1.857061 -2.937603
vn 1.525829 1.857061 -2.937603
vn 1.721767 1.461003 -3.060763
vn 1.721767 1.461003 -3.060763
vn 1.721767 1.461003 -3.060763
vn 1.721767 1.461003 -3.060763
vn 1.722907 1.461 -1.974686
vn 1.722907 1.461 -1.974686
vn 1.722907 1.461 -1.974686
vn 1.722907 1.461 -1.974686
vn 1.526711 1.064943 -2.097434
vn 1.526711 1.064943 -2.097434
vn 1.526711 1.064943 -2.097434
vn 1.526711 1.064943 -2.097434
vn 1.526712 1.857053 -2.097428
vn 1.526712 1.857053 -2.097428
vn 1.526712 1.857053 -2.097428
vn 1.526712 1.857053 -2.097428
vn 1.380001 1.077941 -2.111067
vn 1.380001 1.077941 -2.111067
vn 1.380001 1.077941 -2.111067
vn 1.38 1.844055 -2.11106
vn 1.38 1.844055 -2.11106
vn 1.38 1.844055 -2.11106
vn 1.379148 1.077943 -2.923664
vn 1.379148 1.077943 -2.923664
vn 1.379148 1.077943 -2.923664
vn 1.379148 1.844062 -2.923663
vn 1.379148 1.844062 -2.923663
vn 1.379148 1.844062 -2.923663
vn 1.673393 1.077941 -2.111375
vn 1.673393 1.077941 -2.111375
vn 1.673393 1.077941 -2.111375
vn 1.673394 1.844055 -2.111368
vn 1.673394 1.844055 -2.111368
vn 1.673394 1.844055 -2.111368
vn 1.672539 1.077943 -2.923973
vn 1.672539 1.077943 -2.923973
vn 1.672539 1.077943 -2.923973
vn 1.672539 1.844062 -2.923971
vn 1.672539 1.844062 -2.923971
vn 1.672539 1.844062 -2.923971
vn 1.526877 1.461 -1.940169
vn 1.526877 1.461 -1.940169
vn 1.526877 1.461 -1.940169
vn 1.526877 1.461 -1.940169
vn 1.525664 1.461003 -3.094869
vn 1.525664 1.461003 -3.094869
vn 1.525664 1.461003 -3.094869
vn 1.525664 1.461003 -3.094869
vn 1.330775 1.461 -1.974274
vn 1.330775 1.461 -1.974274
vn 1.330775 1.461 -1.974274
vn 1.330775 1.461 -1.974274
vn 1.329634 1.461003 -3.060351
vn 1.329634 1.461003 -3.060351
vn 1.329634 1.461003 -3.060351
vn 1.329634 1.461003 -3.060351
vn 1.525829 1.064945 -2.937605
vn 1.525829 1.064945 -2.937605
vn 1.525829 1.064945 -2.937605
vn 1.525829 1.064945 -2.937605
vn 1.525829 1.85706 -2.937603
vn 1.525829 1.85706 -2.937603
vn 1.525829 1.85706 -2.937603
vn 1.525829 1.85706 -2.937603
vn 1.721766 1.461003 -3.060763
vn 1.721766 1.461003 -3.060763
vn 1.721766 1.461003 -3.060763
vn 1.721766 1.461003 -3.060763
vn 1.722906 1.461 -1.974686
vn 1.722906 1.461 -1.974686
vn 1.722906 1.461 -1.974686
vn 1.722906 1.461 -1.974686
vn 1.526711 1.064943 -2.097435
vn 1.526711 1.064943 -2.097435
vn 1.526711 1.064943 -2.097435
vn 1.526711 1.064943 -2.097435
vn 1.526712 1.857053 -2.097428
vn 1.526712 1.857053 -2.097428
vn 1.526712 1.857053 -2.097428
vn 1.526712 1.857053 -2.097428
vt 0.6519186 -0.2377463
vt 0.646775 -0.2377463
vt 0.6519186 -0.2428895
vt 0.6519186 -0.2428895
vt 0.646775 -0.2377463
vt 0.6519186 -0.2377463
vt 0.6519186 0.09646237
vt 0.6519186 0.1016056
vt 0.646775 0.09646237
vt 0.6519186 0.09646237
vt 0.646775 0.09646237
vt 0.6519186 0.1016056
vt 0.6763304 -0.2377463
vt 0.6763304 -0.2428895
vt 0.681474 -0.2377463
vt 0.6763304 -0.2377463
vt 0.681474 -0.2377463
vt 0.6763304 -0.2428895
vt 0.6763304 0.09646237
vt 0.681474 0.09646237
vt 0.6763304 0.1016056
vt 0.6763304 0.09646237
vt 0.6763304 0.1016056
vt 0.681474 0.09646237
vt 0.6763304 0.02173388
vt 0.6519186 0.02173388
vt 0.6519186 0.5468718
vt 0.6763304 0.5468718
vt 0.6519186 0.02173388
vt 0.6763304 0.02173388
vt 0.6763304 0.5468718
vt 0.6519186 0.5468718
vt 0.6519186 0.02173388
vt 0.646775 0.02173388
vt 0.646775 0.5468718
vt 0.6519186 0.5468718
vt 0.6519186 0.5468718
vt 0.646775 0.5468718
vt 0.646775 0.02173388
vt 0.6519186 0.02173388
vt 0.6763304 0.09646237
vt 0.6763304 0.1016056
vt 0.6519186 0.1016056
vt 0.6519186 0.09646237
vt 0.6519186 0.09646237
vt 0.6519186 0.1016056
vt 0.6763304 0.1016056
vt 0.6763304 0.09646237
vt 0.681474 0.5468718
vt 0.6763304 0.5468718
vt 0.6763304 0.02173388
vt 0.681474 0.02173388
vt 0.6763304 0.5468718
vt 0.681474 0.5468718
vt 0.681474 0.02173388
vt 0.6763304 0.02173388
vt 0.6519186 -0.2377463
vt 0.6519186 -0.2428895
vt 0.6763304 -0.2428895
vt 0.6763304 -0.2377463
vt 0.6763304 -0.2377463
vt 0.6763304 -0.2428895
vt 0.6519186 -0.2428895
vt 0.6519186 -0.2377463
vt -0.5150846 0.03959742
vt -0.5202286 0.03959742
vt -0.5150846 0.0344542
vt -0.5150846 0.0344542
vt -0.5202286 0.03959742
vt -0.5150846 0.03959742
vt -0.5150846 0.3738061
vt -0.5150846 0.3789493
vt -0.5202286 0.3738061
vt -0.5150846 0.3738061
vt -0.5202286 0.3738061
vt -0.5150846 0.3789493
vt -0.4906729 0.03959742
vt -0.4906729 0.0344542
vt -0.4855289 0.03959742
vt -0.4906729 0.03959742
vt -0.4855289 0.03959742
vt -0.4906729 0.0344542
vt -0.4906729 0.3738061
vt -0.4855289 0.3738061
vt -0.4906729 0.3789493
vt -0.4906729 0.3738061
vt -0.4906729 0.3789493
vt -0.4855289 0.3738061
vt 1.811266 0.02173388
vt 1.477057 0.02173388
vt 1.477057 0.5468718
vt 1.811266 0.5468718
vt 0.6763304 0.09646237
vt 0.6763304 -0.2377463
vt 0.6519186 -0.2377463
vt 0.6519186 0.09646237
vt 1.477057 0.02173388
vt 1.811266 0.02173388
vt 1.811266 0.5468718
vt 1.477057 0.5468718
vt 0.6519186 0.09646237
vt 0.646775 0.09646237
vt 0.646775 -0.2377463
vt 0.6519186 -0.2377463
vt 0.6519186 -0.2377463
vt 0.646775 -0.2377463
vt 0.646775 0.09646237
vt 0.6519186 0.09646237
vt 0.6763304 -0.2377463
vt 0.681474 -0.2377463
vt 0.681474 0.09646237
vt 0.6763304 0.09646237
vt 0.6763304 0.09646237
vt 0.681474 0.09646237
vt 0.681474 -0.2377463
vt 0.6763304 -0.2377463
vt 0.6519186 0.09646237
vt 0.6519186 -0.2377463
vt 0.6763304 -0.2377463
vt 0.6763304 0.09646237
vt 1.303454 -0.2165473
vt 0.9692451 -0.2165473
vt 0.9692451 0.3085907
vt 1.303454 0.3085907
vt 0.2059792 -0.1418188
vt 0.2059792 -0.4760275
vt 0.1815675 -0.4760275
vt 0.1815675 -0.1418188
vt 0.9692451 -0.2165473
vt 1.303454 -0.2165473
vt 1.303454 0.3085907
vt 0.9692451 0.3085907
vt 0.1815675 -0.1418188
vt 0.1764239 -0.1418188
vt 0.1764239 -0.4760275
vt 0.1815675 -0.4760275
vt 0.1815675 -0.4760275
vt 0.1764239 -0.4760275
vt 0.1764239 -0.1418188
vt 0.1815675 -0.1418188
vt 0.2059792 -0.4760275
vt 0.2111228 -0.4760275
vt 0.2111228 -0.1418188
vt 0.2059792 -0.1418188
vt 0.2059792 -0.1418188
vt 0.2111228 -0.1418188
vt 0.2111228 -0.4760275
vt 0.2059792 -0.4760275
vt 0.1815675 -0.1418188
vt 0.1815675 -0.4760275
vt 0.2059792 -0.4760275
vt 0.2059792 -0.1418188
vt 0.8151725 0.96314
vt 0.4809639 0.96314
vt 0.4809639 1.488278
vt 0.8151725 1.488278
vt -0.3628981 1.037868
vt -0.3628981 0.7036598
vt -0.3873098 0.7036598
vt -0.3873098 1.037868
vt 0.4809639 0.96314
vt 0.8151725 0.96314
vt 0.8151725 1.488278
vt 0.4809639 1.488278
vt -0.3873098 1.037868
vt -0.3924538 1.037868
vt -0.3924538 0.7036598
vt -0.3873098 0.7036598
vt -0.3873098 0.7036598
vt -0.3924538 0.7036598
vt -0.3924538 1.037868
vt -0.3873098 1.037868
vt -0.3628981 0.7036598
vt -0.3577545 0.7036598
vt -0.3577545 1.037868
vt -0.3628981 1.037868
vt -0.3628981 1.037868
vt -0.3577545 1.037868
vt -0.3577545 0.7036598
vt -0.3628981 0.7036598
vt -0.3873098 1.037868
vt -0.3873098 0.7036598
vt -0.3628981 0.7036598
vt -0.3628981 1.037868
vt 2.014391 -0.1735786
vt 1.680182 -0.1735786
vt 1.680182 0.3515593
vt 2.014391 0.3515593
vt 0.7960218 -0.09885013
vt 0.7960218 -0.4330588
vt 0.77161 -0.4330588
vt 0.77161 -0.09885013
vt 1.680182 -0.1735786
vt 2.014391 -0.1735786
vt 2.014391 0.3515593
vt 1.680182 0.3515593
vt 0.77161 -0.09885013
vt 0.766466 -0.09885013
vt 0.766466 -0.4330588
vt 0.77161 -0.4330588
vt 0.77161 -0.4330588
vt 0.766466 -0.4330588
vt 0.766466 -0.09885013
vt 0.77161 -0.09885013
vt 0.7960218 -0.4330588
vt 0.8011657 -0.4330588
vt 0.8011657 -0.09885013
vt 0.7960218 -0.09885013
vt 0.7960218 -0.09885013
vt 0.8011657 -0.09885013
vt 0.8011657 -0.4330588
vt 0.7960218 -0.4330588
vt 0.77161 -0.09885013
vt 0.77161 -0.4330588
vt 0.7960218 -0.4330588
vt 0.7960218 -0.09885013
vt 0.86986 -0.07592237
vt 0.5356514 -0.07592237
vt 0.5356514 0.4492156
vt 0.86986 0.4492156
vt -0.3859707 -0.001193881
vt -0.3859707 -0.3354025
vt -0.4103824 -0.3354025
vt -0.4103824 -0.001193881
vt 0.5356514 -0.07592237
vt 0.86986 -0.07592237
vt 0.86986 0.4492156
vt 0.5356514 0.4492156
vt -0.4103824 -0.001193881
vt -0.4155264 -0.001193881
vt -0.4155264 -0.3354025
vt -0.4103824 -0.3354025
vt -0.4103824 -0.3354025
vt -0.4155264 -0.3354025
vt -0.4155264 -0.001193881
vt -0.4103824 -0.001193881
vt -0.3859707 -0.3354025
vt -0.3808267 -0.3354025
vt -0.3808267 -0.001193881
vt -0.3859707 -0.001193881
vt -0.3859707 -0.001193881
vt -0.3808267 -0.001193881
vt -0.3808267 -0.3354025
vt -0.3859707 -0.3354025
vt -0.4103824 -0.001193881
vt -0.4103824 -0.3354025
vt -0.3859707 -0.3354025
vt -0.3859707 -0.001193881
vt 2.037829 0.4397026
vt 1.70362 0.4397026
vt 1.70362 0.9648405
vt 2.037829 0.9648405
vt 0.6655955 0.5144311
vt 0.6655955 0.1802224
vt 0.6411838 0.1802224
vt 0.6411838 0.5144311
vt 1.70362 0.4397026
vt 2.037829 0.4397026
vt 2.037829 0.9648405
vt 1.70362 0.9648405
vt 0.6411838 0.5144311
vt 0.6360399 0.5144311
vt 0.6360399 0.1802224
vt 0.6411838 0.1802224
vt 0.6411838 0.1802224
vt 0.6360399 0.1802224
vt 0.6360399 0.5144311
vt 0.6411838 0.5144311
vt 0.6655955 0.1802224
vt 0.6707395 0.1802224
vt 0.6707395 0.5144311
vt 0.6655955 0.5144311
vt 0.6655955 0.5144311
vt 0.6707395 0.5144311
vt 0.6707395 0.1802224
vt 0.6655955 0.1802224
vt 0.6411838 0.5144311
vt 0.6411838 0.1802224
vt 0.6655955 0.1802224
vt 0.6655955 0.5144311
vt 0.9675162 0.00610888
vt 0.6333076 0.00610888
vt 0.6333076 0.5312468
vt 0.9675162 0.5312468
vt -0.3672556 0.08083737
vt -0.3672556 -0.2533713
vt -0.3916673 -0.2533713
vt -0.3916673 0.08083737
vt 0.6333076 0.00610888
vt 0.9675162 0.00610888
vt 0.9675162 0.5312468
vt 0.6333076 0.5312468
vt -0.3916673 0.08083737
vt -0.3968113 0.08083737
vt -0.3968113 -0.2533713
vt -0.3916673 -0.2533713
vt -0.3916673 -0.2533713
vt -0.3968113 -0.2533713
vt -0.3968113 0.08083737
vt -0.3916673 0.08083737
vt -0.3672556 -0.2533713
vt -0.3621116 -0.2533713
vt -0.3621116 0.08083737
vt -0.3672556 0.08083737
vt -0.3672556 0.08083737
vt -0.3621116 0.08083737
vt -0.3621116 -0.2533713
vt -0.3672556 -0.2533713
vt -0.3916673 0.08083737
vt -0.3916673 -0.2533713
vt -0.3672556 -0.2533713
vt -0.3672556 0.08083737
vt 1.740954 1.142828
vt 1.406745 1.142828
vt 1.406745 1.667965
vt 1.740954 1.667965
vt 0.4464806 1.217556
vt 0.4464806 0.8833473
vt 0.4220689 0.8833473
vt 0.4220689 1.217556
vt 1.406745 1.142828
vt 1.740954 1.142828
vt 1.740954 1.667965
vt 1.406745 1.667965
vt 0.4220689 1.217556
vt 0.4169249 1.217556
vt 0.4169249 0.8833473
vt 0.4220689 0.8833473
vt 0.4220689 0.8833473
vt 0.4169249 0.8833473
vt 0.4169249 1.217556
vt 0.4220689 1.217556
vt 0.4464806 0.8833473
vt 0.4516246 0.8833473
vt 0.4516246 1.217556
vt 0.4464806 1.217556
vt 0.4464806 1.217556
vt 0.4516246 1.217556
vt 0.4516246 0.8833473
vt 0.4464806 0.8833473
vt 0.4220689 1.217556
vt 0.4220689 0.8833473
vt 0.4464806 0.8833473
vt 0.4464806 1.217556
vt 1.80736 0.5295463
vt 1.473151 0.5295463
vt 1.473151 1.054684
vt 1.80736 1.054684
vt 0.4011884 0.6042748
vt 0.4011884 0.2700661
vt 0.3767766 0.2700661
vt 0.3767766 0.6042748
vt 1.473151 0.5295463
vt 1.80736 0.5295463
vt 1.80736 1.054684
vt 1.473151 1.054684
vt 0.3767766 0.6042748
vt 0.3716326 0.6042748
vt 0.3716326 0.2700661
vt 0.3767766 0.2700661
vt 0.3767766 0.2700661
vt 0.3716326 0.2700661
vt 0.3716326 0.6042748
vt 0.3767766 0.6042748
vt 0.4011884 0.2700661
vt 0.4063324 0.2700661
vt 0.4063324 0.6042748
vt 0.4011884 0.6042748
vt 0.4011884 0.6042748
vt 0.4063324 0.6042748
vt 0.4063324 0.2700661
vt 0.4011884 0.2700661
vt 0.3767766 0.6042748
vt 0.3767766 0.2700661
vt 0.4011884 0.2700661
vt 0.4011884 0.6042748
vt -0.4906729 0.2990776
vt -0.5150846 0.2990776
vt -0.5150846 0.8242155
vt -0.4906729 0.8242155
vt 0.9557974 0.2990776
vt 0.6215888 0.2990776
vt 0.6215888 0.8242155
vt 0.9557974 0.8242155
vt -0.4906729 0.3738061
vt -0.4906729 0.03959742
vt -0.5150846 0.03959742
vt -0.5150846 0.3738061
vt 0.6215888 0.2990776
vt 0.9557974 0.2990776
vt 0.9557974 0.8242155
vt 0.6215888 0.8242155
vt -0.5150846 0.2990776
vt -0.4906729 0.2990776
vt -0.4906729 0.8242155
vt -0.5150846 0.8242155
vt -0.5150846 0.3738061
vt -0.5202286 0.3738061
vt -0.5202286 0.03959742
vt -0.5150846 0.03959742
vt -0.5150846 0.2990776
vt -0.5202286 0.2990776
vt -0.5202286 0.8242155
vt -0.5150846 0.8242155
vt -0.5150846 0.03959742
vt -0.5202286 0.03959742
vt -0.5202286 0.3738061
vt -0.5150846 0.3738061
vt -0.5150846 0.8242155
vt -0.5202286 0.8242155
vt -0.5202286 0.2990776
vt -0.5150846 0.2990776
vt -0.4906729 0.3738061
vt -0.4906729 0.3789493
vt -0.5150846 0.3789493
vt -0.5150846 0.3738061
vt -0.5150846 0.3738061
vt -0.5150846 0.3789493
vt -0.4906729 0.3789493
vt -0.4906729 0.3738061
vt -0.4855289 0.8242155
vt -0.4906729 0.8242155
vt -0.4906729 0.2990776
vt -0.4855289 0.2990776
vt -0.4906729 0.03959742
vt -0.4855289 0.03959742
vt -0.4855289 0.3738061
vt -0.4906729 0.3738061
vt -0.4906729 0.3738061
vt -0.4855289 0.3738061
vt -0.4855289 0.03959742
vt -0.4906729 0.03959742
vt -0.4906729 0.8242155
vt -0.4855289 0.8242155
vt -0.4855289 0.2990776
vt -0.4906729 0.2990776
vt -0.5150846 0.03959742
vt -0.5150846 0.0344542
vt -0.4906729 0.0344542
vt -0.4906729 0.03959742
vt -0.4906729 0.03959742
vt -0.4906729 0.0344542
vt -0.5150846 0.0344542
vt -0.5150846 0.03959742
vt -0.5150846 0.3738061
vt -0.5150846 0.03959742
vt -0.4906729 0.03959742
vt -0.4906729 0.3738061
vt 2.02611 0.4709526
vt 1.691901 0.4709526
vt 1.691901 0.9960905
vt 2.02611 0.9960905
vt 0.5421783 0.5456811
vt 0.5421783 0.2114724
vt 0.5177665 0.2114724
vt 0.5177665 0.5456811
vt 1.691901 0.4709526
vt 2.02611 0.4709526
vt 2.02611 0.9960905
vt 1.691901 0.9960905
vt 0.5177665 0.5456811
vt 0.5126225 0.5456811
vt 0.5126225 0.2114724
vt 0.5177665 0.2114724
vt 0.5177665 0.2114724
vt 0.5126225 0.2114724
vt 0.5126225 0.5456811
vt 0.5177665 0.5456811
vt 0.5421783 0.2114724
vt 0.5473222 0.2114724
vt 0.5473222 0.5456811
vt 0.5421783 0.5456811
vt 0.5421783 0.5456811
vt 0.5473222 0.5456811
vt 0.5473222 0.2114724
vt 0.5421783 0.2114724
vt 0.5177665 0.5456811
vt 0.5177665 0.2114724
vt 0.5421783 0.2114724
vt 0.5421783 0.5456811
vt 0.1815675 -0.4760275
vt 0.1764239 -0.4760275
vt 0.1815675 -0.4811707
vt 0.1815675 -0.4811707
vt 0.1764239 -0.4760275
vt 0.1815675 -0.4760275
vt 0.1815675 -0.1418188
vt 0.1815675 -0.1366756
vt 0.1764239 -0.1418188
vt 0.1815675 -0.1418188
vt 0.1764239 -0.1418188
vt 0.1815675 -0.1366756
vt 0.2059792 -0.4760275
vt 0.2059792 -0.4811707
vt 0.2111228 -0.4760275
vt 0.2059792 -0.4760275
vt 0.2111228 -0.4760275
vt 0.2059792 -0.4811707
vt 0.2059792 -0.1418188
vt 0.2111228 -0.1418188
vt 0.2059792 -0.1366756
vt 0.2059792 -0.1418188
vt 0.2059792 -0.1366756
vt 0.2111228 -0.1418188
vt 0.6411838 0.1802224
vt 0.6360399 0.1802224
vt 0.6411838 0.1750792
vt 0.6411838 0.1750792
vt 0.6360399 0.1802224
vt 0.6411838 0.1802224
vt 0.6411838 0.5144311
vt 0.6411838 0.5195743
vt 0.6360399 0.5144311
vt 0.6411838 0.5144311
vt 0.6360399 0.5144311
vt 0.6411838 0.5195743
vt 0.6655955 0.1802224
vt 0.6655955 0.1750792
vt 0.6707395 0.1802224
vt 0.6655955 0.1802224
vt 0.6707395 0.1802224
vt 0.6655955 0.1750792
vt 0.6655955 0.5144311
vt 0.6707395 0.5144311
vt 0.6655955 0.5195743
vt 0.6655955 0.5144311
vt 0.6655955 0.5195743
vt 0.6707395 0.5144311
vt 0.2059792 -0.2165473
vt 0.1815675 -0.2165473
vt 0.1815675 0.3085907
vt 0.2059792 0.3085907
vt 0.1815675 -0.2165473
vt 0.2059792 -0.2165473
vt 0.2059792 0.3085907
vt 0.1815675 0.3085907
vt 0.1815675 -0.2165473
vt 0.1764239 -0.2165473
vt 0.1764239 0.3085907
vt 0.1815675 0.3085907
vt 0.1815675 0.3085907
vt 0.1764239 0.3085907
vt 0.1764239 -0.2165473
vt 0.1815675 -0.2165473
vt 0.2059792 -0.1418188
vt 0.2059792 -0.1366756
vt 0.1815675 -0.1366756
vt 0.1815675 -0.1418188
vt 0.1815675 -0.1418188
vt 0.1815675 -0.1366756
vt 0.2059792 -0.1366756
vt 0.2059792 -0.1418188
vt 0.2111228 0.3085907
vt 0.2059792 0.3085907
vt 0.2059792 -0.2165473
vt 0.2111228 -0.2165473
vt 0.2059792 0.3085907
vt 0.2111228 0.3085907
vt 0.2111228 -0.2165473
vt 0.2059792 -0.2165473
vt 0.1815675 -0.4760275
vt 0.1815675 -0.4811707
vt 0.2059792 -0.4811707
vt 0.2059792 -0.4760275
vt 0.2059792 -0.4760275
vt 0.2059792 -0.4811707
vt 0.1815675 -0.4811707
vt 0.1815675 -0.4760275
vt 0.6655955 0.4397026
vt 0.6411838 0.4397026
vt 0.6411838 0.9648405
vt 0.6655955 0.9648405
vt 0.6411838 0.4397026
vt 0.6655955 0.4397026
vt 0.6655955 0.9648405
vt 0.6411838 0.9648405
vt 0.6411838 0.4397026
vt 0.6360399 0.4397026
vt 0.6360399 0.9648405
vt 0.6411838 0.9648405
vt 0.6411838 0.9648405
vt 0.6360399 0.9648405
vt 0.6360399 0.4397026
vt 0.6411838 0.4397026
vt 0.6655955 0.5144311
vt 0.6655955 0.5195743
vt 0.6411838 0.5195743
vt 0.6411838 0.5144311
vt 0.6411838 0.5144311
vt 0.6411838 0.5195743
vt 0.6655955 0.5195743
vt 0.6655955 0.5144311
vt 0.6707395 0.9648405
vt 0.6655955 0.9648405
vt 0.6655955 0.4397026
vt 0.6707395 0.4397026
vt 0.6655955 0.9648405
vt 0.6707395 0.9648405
vt 0.6707395 0.4397026
vt 0.6655955 0.4397026
vt 0.6411838 0.1802224
vt 0.6411838 0.1750792
vt 0.6655955 0.1750792
vt 0.6655955 0.1802224
vt 0.6655955 0.1802224
vt 0.6655955 0.1750792
vt 0.6411838 0.1750792
vt 0.6411838 0.1802224
vt -0.2025354 0.041619
vt -0.2048273 0.041619
vt -0.2025354 0.03932744
vt -0.2025354 0.03932744
vt -0.2048273 0.041619
vt -0.2025354 0.041619
vt -0.2025354 0.1905337
vt -0.2025354 0.1928254
vt -0.2048273 0.1905337
vt -0.2025354 0.1905337
vt -0.2048273 0.1905337
vt -0.2025354 0.1928254
vt -0.1916583 0.041619
vt -0.1916583 0.03932744
vt -0.1893664 0.041619
vt -0.1916583 0.041619
vt -0.1893664 0.041619
vt -0.1916583 0.03932744
vt -0.1916583 0.1905337
vt -0.1893664 0.1905337
vt -0.1916583 0.1928254
vt -0.1916583 0.1905337
vt -0.1916583 0.1928254
vt -0.1893664 0.1905337
vt 0.3767766 0.2700661
vt 0.3716326 0.2700661
vt 0.3767766 0.2649229
vt 0.3767766 0.2649229
vt 0.3716326 0.2700661
vt 0.3767766 0.2700661
vt 0.3767766 0.6042748
vt 0.3767766 0.609418
vt 0.3716326 0.6042748
vt 0.3767766 0.6042748
vt 0.3716326 0.6042748
vt 0.3767766 0.609418
vt 0.4011884 0.2700661
vt 0.4011884 0.2649229
vt 0.4063324 0.2700661
vt 0.4011884 0.2700661
vt 0.4063324 0.2700661
vt 0.4011884 0.2649229
vt 0.4011884 0.6042748
vt 0.4063324 0.6042748
vt 0.4011884 0.609418
vt 0.4011884 0.6042748
vt 0.4011884 0.609418
vt 0.4063324 0.6042748
vt -0.1916583 0.1572366
vt -0.2025354 0.1572366
vt -0.2025354 0.3912243
vt -0.1916583 0.3912243
vt 0.2793913 0.1572366
vt 0.1304767 0.1572366
vt 0.1304767 0.3912243
vt 0.2793913 0.3912243
vt -0.1916583 0.1905337
vt -0.1916583 0.041619
vt -0.2025354 0.041619
vt -0.2025354 0.1905337
vt 0.1304767 0.1572366
vt 0.2793913 0.1572366
vt 0.2793913 0.3912243
vt 0.1304767 0.3912243
vt -0.2025354 0.1572366
vt -0.1916583 0.1572366
vt -0.1916583 0.3912243
vt -0.2025354 0.3912243
vt -0.2025354 0.1905337
vt -0.2048273 0.1905337
vt -0.2048273 0.041619
vt -0.2025354 0.041619
vt -0.2025354 0.1572366
vt -0.2048273 0.1572366
vt -0.2048273 0.3912243
vt -0.2025354 0.3912243
vt -0.2025354 0.041619
vt -0.2048273 0.041619
vt -0.2048273 0.1905337
vt -0.2025354 0.1905337
vt -0.2025354 0.3912243
vt -0.2048273 0.3912243
vt -0.2048273 0.1572366
vt -0.2025354 0.1572366
vt -0.1916583 0.1905337
vt -0.1916583 0.1928254
vt -0.2025354 0.1928254
vt -0.2025354 0.1905337
vt -0.2025354 0.1905337
vt -0.2025354 0.1928254
vt -0.1916583 0.1928254
vt -0.1916583 0.1905337
vt -0.1893664 0.3912243
vt -0.1916583 0.3912243
vt -0.1916583 0.1572366
vt -0.1893664 0.1572366
vt -0.1916583 0.041619
vt -0.1893664 0.041619
vt -0.1893664 0.1905337
vt -0.1916583 0.1905337
vt -0.1916583 0.1905337
vt -0.1893664 0.1905337
vt -0.1893664 0.041619
vt -0.1916583 0.041619
vt -0.1916583 0.3912243
vt -0.1893664 0.3912243
vt -0.1893664 0.1572366
vt -0.1916583 0.1572366
vt -0.2025354 0.041619
vt -0.2025354 0.03932744
vt -0.1916583 0.03932744
vt -0.1916583 0.041619
vt -0.1916583 0.041619
vt -0.1916583 0.03932744
vt -0.2025354 0.03932744
vt -0.2025354 0.041619
vt -0.2025354 0.1905337
vt -0.2025354 0.041619
vt -0.1916583 0.041619
vt -0.1916583 0.1905337
vt 0.4011884 0.5295463
vt 0.3767766 0.5295463
vt 0.3767766 1.054684
vt 0.4011884 1.054684
vt 0.3767766 0.5295463
vt 0.4011884 0.5295463
vt 0.4011884 1.054684
vt 0.3767766 1.054684
vt 0.3767766 0.5295463
vt 0.3716326 0.5295463
vt 0.3716326 1.054684
vt 0.3767766 1.054684
vt 0.3767766 1.054684
vt 0.3716326 1.054684
vt 0.3716326 0.5295463
vt 0.3767766 0.5295463
vt 0.4011884 0.6042748
vt 0.4011884 0.609418
vt 0.3767766 0.609418
vt 0.3767766 0.6042748
vt 0.3767766 0.6042748
vt 0.3767766 0.609418
vt 0.4011884 0.609418
vt 0.4011884 0.6042748
vt 0.4063324 1.054684
vt 0.4011884 1.054684
vt 0.4011884 0.5295463
vt 0.4063324 0.5295463
vt 0.4011884 1.054684
vt 0.4063324 1.054684
vt 0.4063324 0.5295463
vt 0.4011884 0.5295463
vt 0.3767766 0.2700661
vt 0.3767766 0.2649229
vt 0.4011884 0.2649229
vt 0.4011884 0.2700661
vt 0.4011884 0.2700661
vt 0.4011884 0.2649229
vt 0.3767766 0.2649229
vt 0.3767766 0.2700661
vt -0.3873098 0.7036598
vt -0.3924538 0.7036598
vt -0.3873098 0.6985166
vt -0.3873098 0.6985166
vt -0.3924538 0.7036598
vt -0.3873098 0.7036598
vt -0.3873098 1.037868
vt -0.3873098 1.043012
vt -0.3924538 1.037868
vt -0.3873098 1.037868
vt -0.3924538 1.037868
vt -0.3873098 1.043012
vt -0.3628981 0.7036598
vt -0.3628981 0.6985166
vt -0.3577545 0.7036598
vt -0.3628981 0.7036598
vt -0.3577545 0.7036598
vt -0.3628981 0.6985166
vt -0.3628981 1.037868
vt -0.3577545 1.037868
vt -0.3628981 1.043012
vt -0.3628981 1.037868
vt -0.3628981 1.043012
vt -0.3577545 1.037868
vt -0.3628981 0.96314
vt -0.3873098 0.96314
vt -0.3873098 1.488278
vt -0.3628981 1.488278
vt -0.3873098 0.96314
vt -0.3628981 0.96314
vt -0.3628981 1.488278
vt -0.3873098 1.488278
vt -0.3873098 0.96314
vt -0.3924538 0.96314
vt -0.3924538 1.488278
vt -0.3873098 1.488278
vt -0.3873098 1.488278
vt -0.3924538 1.488278
vt -0.3924538 0.96314
vt -0.3873098 0.96314
vt -0.3628981 1.037868
vt -0.3628981 1.043012
vt -0.3873098 1.043012
vt -0.3873098 1.037868
vt -0.3873098 1.037868
vt -0.3873098 1.043012
vt -0.3628981 1.043012
vt -0.3628981 1.037868
vt -0.3577545 1.488278
vt -0.3628981 1.488278
vt -0.3628981 0.96314
vt -0.3577545 0.96314
vt -0.3628981 1.488278
vt -0.3577545 1.488278
vt -0.3577545 0.96314
vt -0.3628981 0.96314
vt -0.3873098 0.7036598
vt -0.3873098 0.6985166
vt -0.3628981 0.6985166
vt -0.3628981 0.7036598
vt -0.3628981 0.7036598
vt -0.3628981 0.6985166
vt -0.3873098 0.6985166
vt -0.3873098 0.7036598
vt 0.77161 -0.4330588
vt 0.766466 -0.4330588
vt 0.77161 -0.438202
vt 0.77161 -0.438202
vt 0.766466 -0.4330588
vt 0.77161 -0.4330588
vt 0.77161 -0.09885013
vt 0.77161 -0.09370691
vt 0.766466 -0.09885013
vt 0.77161 -0.09885013
vt 0.766466 -0.09885013
vt 0.77161 -0.09370691
vt 0.7960218 -0.4330588
vt 0.7960218 -0.438202
vt 0.8011657 -0.4330588
vt 0.7960218 -0.4330588
vt 0.8011657 -0.4330588
vt 0.7960218 -0.438202
vt 0.7960218 -0.09885013
vt 0.8011657 -0.09885013
vt 0.7960218 -0.09370691
vt 0.7960218 -0.09885013
vt 0.7960218 -0.09370691
vt 0.8011657 -0.09885013
vt -0.3916673 -0.2533713
vt -0.3968113 -0.2533713
vt -0.3916673 -0.2585145
vt -0.3916673 -0.2585145
vt -0.3968113 -0.2533713
vt -0.3916673 -0.2533713
vt -0.3916673 0.08083737
vt -0.3916673 0.08598059
vt -0.3968113 0.08083737
vt -0.3916673 0.08083737
vt -0.3968113 0.08083737
vt -0.3916673 0.08598059
vt -0.3672556 -0.2533713
vt -0.3672556 -0.2585145
vt -0.3621116 -0.2533713
vt -0.3672556 -0.2533713
vt -0.3621116 -0.2533713
vt -0.3672556 -0.2585145
vt -0.3672556 0.08083737
vt -0.3621116 0.08083737
vt -0.3672556 0.08598059
vt -0.3672556 0.08083737
vt -0.3672556 0.08598059
vt -0.3621116 0.08083737
vt 0.4220689 0.8833473
vt 0.4169249 0.8833473
vt 0.4220689 0.8782041
vt 0.4220689 0.8782041
vt 0.4169249 0.8833473
vt 0.4220689 0.8833473
vt 0.4220689 1.217556
vt 0.4220689 1.222699
vt 0.4169249 1.217556
vt 0.4220689 1.217556
vt 0.4169249 1.217556
vt 0.4220689 1.222699
vt 0.4464806 0.8833473
vt 0.4464806 0.8782041
vt 0.4516246 0.8833473
vt 0.4464806 0.8833473
vt 0.4516246 0.8833473
vt 0.4464806 0.8782041
vt 0.4464806 1.217556
vt 0.4516246 1.217556
vt 0.4464806 1.222699
vt 0.4464806 1.217556
vt 0.4464806 1.222699
vt 0.4516246 1.217556
vt 0.7960218 -0.1735786
vt 0.77161 -0.1735786
vt 0.77161 0.3515593
vt 0.7960218 0.3515593
vt 0.77161 -0.1735786
vt 0.7960218 -0.1735786
vt 0.7960218 0.3515593
vt 0.77161 0.3515593
vt 0.77161 -0.1735786
vt 0.766466 -0.1735786
vt 0.766466 0.3515593
vt 0.77161 0.3515593
vt 0.77161 0.3515593
vt 0.766466 0.3515593
vt 0.766466 -0.1735786
vt 0.77161 -0.1735786
vt 0.7960218 -0.09885013
vt 0.7960218 -0.09370691
vt 0.77161 -0.09370691
vt 0.77161 -0.09885013
vt 0.77161 -0.09885013
vt 0.77161 -0.09370691
vt 0.7960218 -0.09370691
vt 0.7960218 -0.09885013
vt 0.8011657 0.3515593
vt 0.7960218 0.3515593
vt 0.7960218 -0.1735786
vt 0.8011657 -0.1735786
vt 0.7960218 0.3515593
vt 0.8011657 0.3515593
vt 0.8011657 -0.1735786
vt 0.7960218 -0.1735786
vt 0.77161 -0.4330588
vt 0.77161 -0.438202
vt 0.7960218 -0.438202
vt 0.7960218 -0.4330588
vt 0.7960218 -0.4330588
vt 0.7960218 -0.438202
vt 0.77161 -0.438202
vt 0.77161 -0.4330588
vt -0.3672556 0.00610888
vt -0.3916673 0.00610888
vt -0.3916673 0.5312468
vt -0.3672556 0.5312468
vt -0.3916673 0.00610888
vt -0.3672556 0.00610888
vt -0.3672556 0.5312468
vt -0.3916673 0.5312468
vt -0.3916673 0.00610888
vt -0.3968113 0.00610888
vt -0.3968113 0.5312468
vt -0.3916673 0.5312468
vt -0.3916673 0.5312468
vt -0.3968113 0.5312468
vt -0.3968113 0.00610888
vt -0.3916673 0.00610888
vt -0.3672556 0.08083737
vt -0.3672556 0.08598059
vt -0.3916673 0.08598059
vt -0.3916673 0.08083737
vt -0.3916673 0.08083737
vt -0.3916673 0.08598059
vt -0.3672556 0.08598059
vt -0.3672556 0.08083737
vt -0.3621116 0.5312468
vt -0.3672556 0.5312468
vt -0.3672556 0.00610888
vt -0.3621116 0.00610888
vt -0.3672556 0.5312468
vt -0.3621116 0.5312468
vt -0.3621116 0.00610888
vt -0.3672556 0.00610888
vt -0.3916673 -0.2533713
vt -0.3916673 -0.2585145
vt -0.3672556 -0.2585145
vt -0.3672556 -0.2533713
vt -0.3672556 -0.2533713
vt -0.3672556 -0.2585145
vt -0.3916673 -0.2585145
vt -0.3916673 -0.2533713
vt 0.4464806 1.142828
vt 0.4220689 1.142828
vt 0.4220689 1.667965
vt 0.4464806 1.667965
vt 0.4220689 1.142828
vt 0.4464806 1.142828
vt 0.4464806 1.667965
vt 0.4220689 1.667965
vt 0.4220689 1.142828
vt 0.4169249 1.142828
vt 0.4169249 1.667965
vt 0.4220689 1.667965
vt 0.4220689 1.667965
vt 0.4169249 1.667965
vt 0.4169249 1.142828
vt 0.4220689 1.142828
vt 0.4464806 1.217556
vt 0.4464806 1.222699
vt 0.4220689 1.222699
vt 0.4220689 1.217556
vt 0.4220689 1.217556
vt 0.4220689 1.222699
vt 0.4464806 1.222699
vt 0.4464806 1.217556
vt 0.4516246 1.667965
vt 0.4464806 1.667965
vt 0.4464806 1.142828
vt 0.4516246 1.142828
vt 0.4464806 1.667965
vt 0.4516246 1.667965
vt 0.4516246 1.142828
vt 0.4464806 1.142828
vt 0.4220689 0.8833473
vt 0.4220689 0.8782041
vt 0.4464806 0.8782041
vt 0.4464806 0.8833473
vt 0.4464806 0.8833473
vt 0.4464806 0.8782041
vt 0.4220689 0.8782041
vt 0.4220689 0.8833473
vt -0.4103824 -0.3354025
vt -0.4155264 -0.3354025
vt -0.4103824 -0.3405458
vt -0.4103824 -0.3405458
vt -0.4155264 -0.3354025
vt -0.4103824 -0.3354025
vt -0.4103824 -0.001193881
vt -0.4103824 0.003949344
vt -0.4155264 -0.001193881
vt -0.4103824 -0.001193881
vt -0.4155264 -0.001193881
vt -0.4103824 0.003949344
vt -0.3859707 -0.3354025
vt -0.3859707 -0.3405458
vt -0.3808267 -0.3354025
vt -0.3859707 -0.3354025
vt -0.3808267 -0.3354025
vt -0.3859707 -0.3405458
vt -0.3859707 -0.001193881
vt -0.3808267 -0.001193881
vt -0.3859707 0.003949344
vt -0.3859707 -0.001193881
vt -0.3859707 0.003949344
vt -0.3808267 -0.001193881
vt -0.3859707 -0.07592237
vt -0.4103824 -0.07592237
vt -0.4103824 0.4492156
vt -0.3859707 0.4492156
vt -0.4103824 -0.07592237
vt -0.3859707 -0.07592237
vt -0.3859707 0.4492156
vt -0.4103824 0.4492156
vt -0.4103824 -0.07592237
vt -0.4155264 -0.07592237
vt -0.4155264 0.4492156
vt -0.4103824 0.4492156
vt -0.4103824 0.4492156
vt -0.4155264 0.4492156
vt -0.4155264 -0.07592237
vt -0.4103824 -0.07592237
vt -0.3859707 -0.001193881
vt -0.3859707 0.003949344
vt -0.4103824 0.003949344
vt -0.4103824 -0.001193881
vt -0.4103824 -0.001193881
vt -0.4103824 0.003949344
vt -0.3859707 0.003949344
vt -0.3859707 -0.001193881
vt -0.3808267 0.4492156
vt -0.3859707 0.4492156
vt -0.3859707 -0.07592237
vt -0.3808267 -0.07592237
vt -0.3859707 0.4492156
vt -0.3808267 0.4492156
vt -0.3808267 -0.07592237
vt -0.3859707 -0.07592237
vt -0.4103824 -0.3354025
vt -0.4103824 -0.3405458
vt -0.3859707 -0.3405458
vt -0.3859707 -0.3354025
vt -0.3859707 -0.3354025
vt -0.3859707 -0.3405458
vt -0.4103824 -0.3405458
vt -0.4103824 -0.3354025
vt 0.5177665 0.2114724
vt 0.5126225 0.2114724
vt 0.5177665 0.2063292
vt 0.5177665 0.2063292
vt 0.5126225 0.2114724
vt 0.5177665 0.2114724
vt 0.5177665 0.5456811
vt 0.5177665 0.5508243
vt 0.5126225 0.5456811
vt 0.5177665 0.5456811
vt 0.5126225 0.5456811
vt 0.5177665 0.5508243
vt 0.5421783 0.2114724
vt 0.5421783 0.2063292
vt 0.5473222 0.2114724
vt 0.5421783 0.2114724
vt 0.5473222 0.2114724
vt 0.5421783 0.2063292
vt 0.5421783 0.5456811
vt 0.5473222 0.5456811
vt 0.5421783 0.5508243
vt 0.5421783 0.5456811
vt 0.5421783 0.5508243
vt 0.5473222 0.5456811
vt 0.5421783 0.4709526
vt 0.5177665 0.4709526
vt 0.5177665 0.9960905
vt 0.5421783 0.9960905
vt 0.5177665 0.4709526
vt 0.5421783 0.4709526
vt 0.5421783 0.9960905
vt 0.5177665 0.9960905
vt 0.5177665 0.4709526
vt 0.5126225 0.4709526
vt 0.5126225 0.9960905
vt 0.5177665 0.9960905
vt 0.5177665 0.9960905
vt 0.5126225 0.9960905
vt 0.5126225 0.4709526
vt 0.5177665 0.4709526
vt 0.5421783 0.5456811
vt 0.5421783 0.5508243
vt 0.5177665 0.5508243
vt 0.5177665 0.5456811
vt 0.5177665 0.5456811
vt 0.5177665 0.5508243
vt 0.5421783 0.5508243
vt 0.5421783 0.5456811
vt 0.5473222 0.9960905
vt 0.5421783 0.9960905
vt 0.5421783 0.4709526
vt 0.5473222 0.4709526
vt 0.5421783 0.9960905
vt 0.5473222 0.9960905
vt 0.5473222 0.4709526
vt 0.5421783 0.4709526
vt 0.5177665 0.2114724
vt 0.5177665 0.2063292
vt 0.5421783 0.2063292
vt 0.5421783 0.2114724
vt 0.5421783 0.2114724
vt 0.5421783 0.2063292
vt 0.5177665 0.2063292
vt 0.5177665 0.2114724
usemtl Leather 1
f 1155/1155/1155 1154/1154/1154 1153/1153/1153
f 1158/1158/1158 1157/1157/1157 1156/1156/1156
f 1161/1161/1161 1160/1160/1160 1159/1159/1159
f 1164/1164/1164 1163/1163/1163 1162/1162/1162
f 1167/1167/1167 1166/1166/1166 1165/1165/1165
f 1170/1170/1170 1169/1169/1169 1168/1168/1168
f 1173/1173/1173 1172/1172/1172 1171/1171/1171
f 1176/1176/1176 1175/1175/1175 1174/1174/1174
f 1179/1179/1179 1178/1178/1178 1177/1177/1177
f 1180/1180/1180 1179/1179/1179 1177/1177/1177
f 1183/1183/1183 1182/1182/1182 1181/1181/1181
f 1184/1184/1184 1183/1183/1183 1181/1181/1181
f 1187/1187/1187 1186/1186/1186 1185/1185/1185
f 1188/1188/1188 1187/1187/1187 1185/1185/1185
f 1191/1191/1191 1190/1190/1190 1189/1189/1189
f 1192/1192/1192 1191/1191/1191 1189/1189/1189
f 1195/1195/1195 1194/1194/1194 1193/1193/1193
f 1196/1196/1196 1195/1195/1195 1193/1193/1193
f 1199/1199/1199 1198/1198/1198 1197/1197/1197
f 1200/1200/1200 1199/1199/1199 1197/1197/1197
f 1203/1203/1203 1202/1202/1202 1201/1201/1201
f 1204/1204/1204 1203/1203/1203 1201/1201/1201
f 1207/1207/1207 1206/1206/1206 1205/1205/1205
f 1208/1208/1208 1207/1207/1207 1205/1205/1205
f 1211/1211/1211 1210/1210/1210 1209/1209/1209
f 1212/1212/1212 1211/1211/1211 1209/1209/1209
f 1215/1215/1215 1214/1214/1214 1213/1213/1213
f 1216/1216/1216 1215/1215/1215 1213/1213/1213
usemtl PaperClutter1
f 1219/1219/1219 1218/1218/1218 1217/1217/1217
f 1222/1222/1222 1221/1221/1221 1220/1220/1220
f 1225/1225/1225 1224/1224/1224 1223/1223/1223
f 1228/1228/1228 1227/1227/1227 1226/1226/1226
f 1231/1231/1231 1230/1230/1230 1229/1229/1229
f 1234/1234/1234 1233/1233/1233 1232/1232/1232
f 1237/1237/1237 1236/1236/1236 1235/1235/1235
f 1240/1240/1240 1239/1239/1239 1238/1238/1238
f 1243/1243/1243 1242/1242/1242 1241/1241/1241
f 1244/1244/1244 1243/1243/1243 1241/1241/1241
f 1247/1247/1247 1246/1246/1246 1245/1245/1245
f 1248/1248/1248 1247/1247/1247 1245/1245/1245
f 1251/1251/1251 1250/1250/1250 1249/1249/1249
f 1252/1252/1252 1251/1251/1251 1249/1249/1249
f 1255/1255/1255 1254/1254/1254 1253/1253/1253
f 1256/1256/1256 1255/1255/1255 1253/1253/1253
f 1259/1259/1259 1258/1258/1258 1257/1257/1257
f 1260/1260/1260 1259/1259/1259 1257/1257/1257
f 1263/1263/1263 1262/1262/1262 1261/1261/1261
f 1264/1264/1264 1263/1263/1263 1261/1261/1261
f 1267/1267/1267 1266/1266/1266 1265/1265/1265
f 1268/1268/1268 1267/1267/1267 1265/1265/1265
f 1271/1271/1271 1270/1270/1270 1269/1269/1269
f 1272/1272/1272 1271/1271/1271 1269/1269/1269
f 1275/1275/1275 1274/1274/1274 1273/1273/1273
f 1276/1276/1276 1275/1275/1275 1273/1273/1273
f 1279/1279/1279 1278/1278/1278 1277/1277/1277
f 1280/1280/1280 1279/1279/1279 1277/1277/1277
f 1283/1283/1283 1282/1282/1282 1281/1281/1281
f 1284/1284/1284 1283/1283/1283 1281/1281/1281
f 1287/1287/1287 1286/1286/1286 1285/1285/1285
f 1288/1288/1288 1287/1287/1287 1285/1285/1285
f 1291/1291/1291 1290/1290/1290 1289/1289/1289
f 1292/1292/1292 1291/1291/1291 1289/1289/1289
f 1295/1295/1295 1294/1294/1294 1293/1293/1293
f 1296/1296/1296 1295/1295/1295 1293/1293/1293
f 1299/1299/1299 1298/1298/1298 1297/1297/1297
f 1300/1300/1300 1299/1299/1299 1297/1297/1297
f 1303/1303/1303 1302/1302/1302 1301/1301/1301
f 1304/1304/1304 1303/1303/1303 1301/1301/1301
f 1307/1307/1307 1306/1306/1306 1305/1305/1305
f 1308/1308/1308 1307/1307/1307 1305/1305/1305
f 1311/1311/1311 1310/1310/1310 1309/1309/1309
f 1312/1312/1312 1311/1311/1311 1309/1309/1309
f 1315/1315/1315 1314/1314/1314 1313/1313/1313
f 1316/1316/1316 1315/1315/1315 1313/1313/1313
f 1319/1319/1319 1318/1318/1318 1317/1317/1317
f 1320/1320/1320 1319/1319/1319 1317/1317/1317
f 1323/1323/1323 1322/1322/1322 1321/1321/1321
f 1324/1324/1324 1323/1323/1323 1321/1321/1321
f 1327/1327/1327 1326/1326/1326 1325/1325/1325
f 1328/1328/1328 1327/1327/1327 1325/1325/1325
f 1331/1331/1331 1330/1330/1330 1329/1329/1329
f 1332/1332/1332 1331/1331/1331 1329/1329/1329
f 1335/1335/1335 1334/1334/1334 1333/1333/1333
f 1336/1336/1336 1335/1335/1335 1333/1333/1333
f 1339/1339/1339 1338/1338/1338 1337/1337/1337
f 1340/1340/1340 1339/1339/1339 1337/1337/1337
f 1343/1343/1343 1342/1342/1342 1341/1341/1341
f 1344/1344/1344 1343/1343/1343 1341/1341/1341
f 1347/1347/1347 1346/1346/1346 1345/1345/1345
f 1348/1348/1348 1347/1347/1347 1345/1345/1345
f 1351/1351/1351 1350/1350/1350 1349/1349/1349
f 1352/1352/1352 1351/1351/1351 1349/1349/1349
f 1355/1355/1355 1354/1354/1354 1353/1353/1353
f 1356/1356/1356 1355/1355/1355 1353/1353/1353
f 1359/1359/1359 1358/1358/1358 1357/1357/1357
f 1360/1360/1360 1359/1359/1359 1357/1357/1357
f 1363/1363/1363 1362/1362/1362 1361/1361/1361
f 1364/1364/1364 1363/1363/1363 1361/1361/1361
f 1367/1367/1367 1366/1366/1366 1365/1365/1365
f 1368/1368/1368 1367/1367/1367 1365/1365/1365
f 1371/1371/1371 1370/1370/1370 1369/1369/1369
f 1372/1372/1372 1371/1371/1371 1369/1369/1369
f 1375/1375/1375 1374/1374/1374 1373/1373/1373
f 1376/1376/1376 1375/1375/1375 1373/1373/1373
f 1379/1379/1379 1378/1378/1378 1377/1377/1377
f 1380/1380/1380 1379/1379/1379 1377/1377/1377
f 1383/1383/1383 1382/1382/1382 1381/1381/1381
f 1384/1384/1384 1383/1383/1383 1381/1381/1381
f 1387/1387/1387 1386/1386/1386 1385/1385/1385
f 1388/1388/1388 1387/1387/1387 1385/1385/1385
f 1391/1391/1391 1390/1390/1390 1389/1389/1389
f 1392/1392/1392 1391/1391/1391 1389/1389/1389
f 1395/1395/1395 1394/1394/1394 1393/1393/1393
f 1396/1396/1396 1395/1395/1395 1393/1393/1393
f 1399/1399/1399 1398/1398/1398 1397/1397/1397
f 1400/1400/1400 1399/1399/1399 1397/1397/1397
f 1403/1403/1403 1402/1402/1402 1401/1401/1401
f 1404/1404/1404 1403/1403/1403 1401/1401/1401
f 1407/1407/1407 1406/1406/1406 1405/1405/1405
f 1408/1408/1408 1407/1407/1407 1405/1405/1405
f 1411/1411/1411 1410/1410/1410 1409/1409/1409
f 1412/1412/1412 1411/1411/1411 1409/1409/1409
f 1415/1415/1415 1414/1414/1414 1413/1413/1413
f 1416/1416/1416 1415/1415/1415 1413/1413/1413
f 1419/1419/1419 1418/1418/1418 1417/1417/1417
f 1420/1420/1420 1419/1419/1419 1417/1417/1417
f 1423/1423/1423 1422/1422/1422 1421/1421/1421
f 1424/1424/1424 1423/1423/1423 1421/1421/1421
f 1427/1427/1427 1426/1426/1426 1425/1425/1425
f 1428/1428/1428 1427/1427/1427 1425/1425/1425
f 1431/1431/1431 1430/1430/1430 1429/1429/1429
f 1432/1432/1432 1431/1431/1431 1429/1429/1429
f 1435/1435/1435 1434/1434/1434 1433/1433/1433
f 1436/1436/1436 1435/1435/1435 1433/1433/1433
f 1439/1439/1439 1438/1438/1438 1437/1437/1437
f 1440/1440/1440 1439/1439/1439 1437/1437/1437
f 1443/1443/1443 1442/1442/1442 1441/1441/1441
f 1444/1444/1444 1443/1443/1443 1441/1441/1441
f 1447/1447/1447 1446/1446/1446 1445/1445/1445
f 1448/1448/1448 1447/1447/1447 1445/1445/1445
f 1451/1451/1451 1450/1450/1450 1449/1449/1449
f 1452/1452/1452 1451/1451/1451 1449/1449/1449
f 1455/1455/1455 1454/1454/1454 1453/1453/1453
f 1456/1456/1456 1455/1455/1455 1453/1453/1453
f 1459/1459/1459 1458/1458/1458 1457/1457/1457
f 1460/1460/1460 1459/1459/1459 1457/1457/1457
f 1463/1463/1463 1462/1462/1462 1461/1461/1461
f 1464/1464/1464 1463/1463/1463 1461/1461/1461
f 1467/1467/1467 1466/1466/1466 1465/1465/1465
f 1468/1468/1468 1467/1467/1467 1465/1465/1465
f 1471/1471/1471 1470/1470/1470 1469/1469/1469
f 1472/1472/1472 1471/1471/1471 1469/1469/1469
f 1475/1475/1475 1474/1474/1474 1473/1473/1473
f 1476/1476/1476 1475/1475/1475 1473/1473/1473
f 1479/1479/1479 1478/1478/1478 1477/1477/1477
f 1480/1480/1480 1479/1479/1479 1477/1477/1477
f 1483/1483/1483 1482/1482/1482 1481/1481/1481
f 1484/1484/1484 1483/1483/1483 1481/1481/1481
f 1487/1487/1487 1486/1486/1486 1485/1485/1485
f 1488/1488/1488 1487/1487/1487 1485/1485/1485
f 1491/1491/1491 1490/1490/1490 1489/1489/1489
f 1492/1492/1492 1491/1491/1491 1489/1489/1489
f 1495/1495/1495 1494/1494/1494 1493/1493/1493
f 1496/1496/1496 1495/1495/1495 1493/1493/1493
f 1499/1499/1499 1498/1498/1498 1497/1497/1497
f 1500/1500/1500 1499/1499/1499 1497/1497/1497
f 1503/1503/1503 1502/1502/1502 1501/1501/1501
f 1504/1504/1504 1503/1503/1503 1501/1501/1501
f 1507/1507/1507 1506/1506/1506 1505/1505/1505
f 1508/1508/1508 1507/1507/1507 1505/1505/1505
f 1511/1511/1511 1510/1510/1510 1509/1509/1509
f 1512/1512/1512 1511/1511/1511 1509/1509/1509
f 1515/1515/1515 1514/1514/1514 1513/1513/1513
f 1516/1516/1516 1515/1515/1515 1513/1513/1513
f 1519/1519/1519 1518/1518/1518 1517/1517/1517
f 1520/1520/1520 1519/1519/1519 1517/1517/1517
f 1523/1523/1523 1522/1522/1522 1521/1521/1521
f 1524/1524/1524 1523/1523/1523 1521/1521/1521
f 1527/1527/1527 1526/1526/1526 1525/1525/1525
f 1528/1528/1528 1527/1527/1527 1525/1525/1525
f 1531/1531/1531 1530/1530/1530 1529/1529/1529
f 1532/1532/1532 1531/1531/1531 1529/1529/1529
f 1535/1535/1535 1534/1534/1534 1533/1533/1533
f 1536/1536/1536 1535/1535/1535 1533/1533/1533
f 1539/1539/1539 1538/1538/1538 1537/1537/1537
f 1540/1540/1540 1539/1539/1539 1537/1537/1537
f 1543/1543/1543 1542/1542/1542 1541/1541/1541
f 1544/1544/1544 1543/1543/1543 1541/1541/1541
f 1547/1547/1547 1546/1546/1546 1545/1545/1545
f 1548/1548/1548 1547/1547/1547 1545/1545/1545
f 1551/1551/1551 1550/1550/1550 1549/1549/1549
f 1552/1552/1552 1551/1551/1551 1549/1549/1549
f 1555/1555/1555 1554/1554/1554 1553/1553/1553
f 1556/1556/1556 1555/1555/1555 1553/1553/1553
f 1559/1559/1559 1558/1558/1558 1557/1557/1557
f 1560/1560/1560 1559/1559/1559 1557/1557/1557
f 1563/1563/1563 1562/1562/1562 1561/1561/1561
f 1564/1564/1564 1563/1563/1563 1561/1561/1561
f 1567/1567/1567 1566/1566/1566 1565/1565/1565
f 1568/1568/1568 1567/1567/1567 1565/1565/1565
f 1571/1571/1571 1570/1570/1570 1569/1569/1569
f 1572/1572/1572 1571/1571/1571 1569/1569/1569
f 1575/1575/1575 1574/1574/1574 1573/1573/1573
f 1576/1576/1576 1575/1575/1575 1573/1573/1573
f 1579/1579/1579 1578/1578/1578 1577/1577/1577
f 1580/1580/1580 1579/1579/1579 1577/1577/1577
f 1583/1583/1583 1582/1582/1582 1581/1581/1581
f 1584/1584/1584 1583/1583/1583 1581/1581/1581
f 1587/1587/1587 1586/1586/1586 1585/1585/1585
f 1588/1588/1588 1587/1587/1587 1585/1585/1585
f 1591/1591/1591 1590/1590/1590 1589/1589/1589
f 1592/1592/1592 1591/1591/1591 1589/1589/1589
f 1595/1595/1595 1594/1594/1594 1593/1593/1593
f 1596/1596/1596 1595/1595/1595 1593/1593/1593
f 1599/1599/1599 1598/1598/1598 1597/1597/1597
f 1600/1600/1600 1599/1599/1599 1597/1597/1597
f 1603/1603/1603 1602/1602/1602 1601/1601/1601
f 1604/1604/1604 1603/1603/1603 1601/1601/1601
f 1607/1607/1607 1606/1606/1606 1605/1605/1605
f 1608/1608/1608 1607/1607/1607 1605/1605/1605
f 1611/1611/1611 1610/1610/1610 1609/1609/1609
f 1612/1612/1612 1611/1611/1611 1609/1609/1609
f 1615/1615/1615 1614/1614/1614 1613/1613/1613
f 1616/1616/1616 1615/1615/1615 1613/1613/1613
f 1619/1619/1619 1618/1618/1618 1617/1617/1617
f 1620/1620/1620 1619/1619/1619 1617/1617/1617
f 1623/1623/1623 1622/1622/1622 1621/1621/1621
f 1624/1624/1624 1623/1623/1623 1621/1621/1621
f 1627/1627/1627 1626/1626/1626 1625/1625/1625
f 1628/1628/1628 1627/1627/1627 1625/1625/1625
f 1631/1631/1631 1630/1630/1630 1629/1629/1629
f 1632/1632/1632 1631/1631/1631 1629/1629/1629
usemtl Leather3
f 1635/1635/1635 1634/1634/1634 1633/1633/1633
f 1638/1638/1638 1637/1637/1637 1636/1636/1636
f 1641/1641/1641 1640/1640/1640 1639/1639/1639
f 1644/1644/1644 1643/1643/1643 1642/1642/1642
f 1647/1647/1647 1646/1646/1646 1645/1645/1645
f 1650/1650/1650 1649/1649/1649 1648/1648/1648
f 1653/1653/1653 1652/1652/1652 1651/1651/1651
f 1656/1656/1656 1655/1655/1655 1654/1654/1654
f 1659/1659/1659 1658/1658/1658 1657/1657/1657
f 1662/1662/1662 1661/1661/1661 1660/1660/1660
f 1665/1665/1665 1664/1664/1664 1663/1663/1663
f 1668/1668/1668 1667/1667/1667 1666/1666/1666
f 1671/1671/1671 1670/1670/1670 1669/1669/1669
f 1674/1674/1674 1673/1673/1673 1672/1672/1672
f 1677/1677/1677 1676/1676/1676 1675/1675/1675
f 1680/1680/1680 1679/1679/1679 1678/1678/1678
f 1683/1683/1683 1682/1682/1682 1681/1681/1681
f 1684/1684/1684 1683/1683/1683 1681/1681/1681
f 1687/1687/1687 1686/1686/1686 1685/1685/1685
f 1688/1688/1688 1687/1687/1687 1685/1685/1685
f 1691/1691/1691 1690/1690/1690 1689/1689/1689
f 1692/1692/1692 1691/1691/1691 1689/1689/1689
f 1695/1695/1695 1694/1694/1694 1693/1693/1693
f 1696/1696/1696 1695/1695/1695 1693/1693/1693
f 1699/1699/1699 1698/1698/1698 1697/1697/1697
f 1700/1700/1700 1699/1699/1699 1697/1697/1697
f 1703/1703/1703 1702/1702/1702 1701/1701/1701
f 1704/1704/1704 1703/1703/1703 1701/1701/1701
f 1707/1707/1707 1706/1706/1706 1705/1705/1705
f 1708/1708/1708 1707/1707/1707 1705/1705/1705
f 1711/1711/1711 1710/1710/1710 1709/1709/1709
f 1712/1712/1712 1711/1711/1711 1709/1709/1709
f 1715/1715/1715 1714/1714/1714 1713/1713/1713
f 1716/1716/1716 1715/1715/1715 1713/1713/1713
f 1719/1719/1719 1718/1718/1718 1717/1717/1717
f 1720/1720/1720 1719/1719/1719 1717/1717/1717
f 1723/1723/1723 1722/1722/1722 1721/1721/1721
f 1724/1724/1724 1723/1723/1723 1721/1721/1721
f 1727/1727/1727 1726/1726/1726 1725/1725/1725
f 1728/1728/1728 1727/1727/1727 1725/1725/1725
f 1731/1731/1731 1730/1730/1730 1729/1729/1729
f 1732/1732/1732 1731/1731/1731 1729/1729/1729
f 1735/1735/1735 1734/1734/1734 1733/1733/1733
f 1736/1736/1736 1735/1735/1735 1733/1733/1733
f 1739/1739/1739 1738/1738/1738 1737/1737/1737
f 1740/1740/1740 1739/1739/1739 1737/1737/1737
f 1743/1743/1743 1742/1742/1742 1741/1741/1741
f 1744/1744/1744 1743/1743/1743 1741/1741/1741
f 1747/1747/1747 1746/1746/1746 1745/1745/1745
f 1748/1748/1748 1747/1747/1747 1745/1745/1745
f 1751/1751/1751 1750/1750/1750 1749/1749/1749
f 1752/1752/1752 1751/1751/1751 1749/1749/1749
f 1755/1755/1755 1754/1754/1754 1753/1753/1753
f 1756/1756/1756 1755/1755/1755 1753/1753/1753
f 1759/1759/1759 1758/1758/1758 1757/1757/1757
f 1760/1760/1760 1759/1759/1759 1757/1757/1757
usemtl Europe_1812_map_en
f 1763/1763/1763 1762/1762/1762 1761/1761/1761
f 1766/1766/1766 1765/1765/1765 1764/1764/1764
f 1769/1769/1769 1768/1768/1768 1767/1767/1767
f 1772/1772/1772 1771/1771/1771 1770/1770/1770
f 1775/1775/1775 1774/1774/1774 1773/1773/1773
f 1778/1778/1778 1777/1777/1777 1776/1776/1776
f 1781/1781/1781 1780/1780/1780 1779/1779/1779
f 1784/1784/1784 1783/1783/1783 1782/1782/1782
f 1787/1787/1787 1786/1786/1786 1785/1785/1785
f 1790/1790/1790 1789/1789/1789 1788/1788/1788
f 1793/1793/1793 1792/1792/1792 1791/1791/1791
f 1796/1796/1796 1795/1795/1795 1794/1794/1794
f 1799/1799/1799 1798/1798/1798 1797/1797/1797
f 1802/1802/1802 1801/1801/1801 1800/1800/1800
f 1805/1805/1805 1804/1804/1804 1803/1803/1803
f 1808/1808/1808 1807/1807/1807 1806/1806/1806
f 1811/1811/1811 1810/1810/1810 1809/1809/1809
f 1812/1812/1812 1811/1811/1811 1809/1809/1809
f 1815/1815/1815 1814/1814/1814 1813/1813/1813
f 1816/1816/1816 1815/1815/1815 1813/1813/1813
f 1819/1819/1819 1818/1818/1818 1817/1817/1817
f 1820/1820/1820 1819/1819/1819 1817/1817/1817
f 1823/1823/1823 1822/1822/1822 1821/1821/1821
f 1824/1824/1824 1823/1823/1823 1821/1821/1821
f 1827/1827/1827 1826/1826/1826 1825/1825/1825
f 1828/1828/1828 1827/1827/1827 1825/1825/1825
f 1831/1831/1831 1830/1830/1830 1829/1829/1829
f 1832/1832/1832 1831/1831/1831 1829/1829/1829
f 1835/1835/1835 1834/1834/1834 1833/1833/1833
f 1836/1836/1836 1835/1835/1835 1833/1833/1833
f 1839/1839/1839 1838/1838/1838 1837/1837/1837
f 1840/1840/1840 1839/1839/1839 1837/1837/1837
f 1843/1843/1843 1842/1842/1842 1841/1841/1841
f 1844/1844/1844 1843/1843/1843 1841/1841/1841
f 1847/1847/1847 1846/1846/1846 1845/1845/1845
f 1848/1848/1848 1847/1847/1847 1845/1845/1845
f 1851/1851/1851 1850/1850/1850 1849/1849/1849
f 1852/1852/1852 1851/1851/1851 1849/1849/1849
f 1855/1855/1855 1854/1854/1854 1853/1853/1853
f 1856/1856/1856 1855/1855/1855 1853/1853/1853
f 1859/1859/1859 1858/1858/1858 1857/1857/1857
f 1860/1860/1860 1859/1859/1859 1857/1857/1857
f 1863/1863/1863 1862/1862/1862 1861/1861/1861
f 1864/1864/1864 1863/1863/1863 1861/1861/1861
f 1867/1867/1867 1866/1866/1866 1865/1865/1865
f 1868/1868/1868 1867/1867/1867 1865/1865/1865
f 1871/1871/1871 1870/1870/1870 1869/1869/1869
f 1872/1872/1872 1871/1871/1871 1869/1869/1869
f 1875/1875/1875 1874/1874/1874 1873/1873/1873
f 1876/1876/1876 1875/1875/1875 1873/1873/1873
f 1879/1879/1879 1878/1878/1878 1877/1877/1877
f 1880/1880/1880 1879/1879/1879 1877/1877/1877
f 1883/1883/1883 1882/1882/1882 1881/1881/1881
f 1884/1884/1884 1883/1883/1883 1881/1881/1881
f 1887/1887/1887 1886/1886/1886 1885/1885/1885
f 1888/1888/1888 1887/1887/1887 1885/1885/1885
f 1891/1891/1891 1890/1890/1890 1889/1889/1889
f 1892/1892/1892 1891/1891/1891 1889/1889/1889
f 1895/1895/1895 1894/1894/1894 1893/1893/1893
f 1896/1896/1896 1895/1895/1895 1893/1893/1893
f 1899/1899/1899 1898/1898/1898 1897/1897/1897
f 1900/1900/1900 1899/1899/1899 1897/1897/1897
f 1903/1903/1903 1902/1902/1902 1901/1901/1901
f 1904/1904/1904 1903/1903/1903 1901/1901/1901
f 1907/1907/1907 1906/1906/1906 1905/1905/1905
f 1908/1908/1908 1907/1907/1907 1905/1905/1905
f 1911/1911/1911 1910/1910/1910 1909/1909/1909
f 1912/1912/1912 1911/1911/1911 1909/1909/1909
f 1915/1915/1915 1914/1914/1914 1913/1913/1913
f 1916/1916/1916 1915/1915/1915 1913/1913/1913
f 1919/1919/1919 1918/1918/1918 1917/1917/1917
f 1920/1920/1920 1919/1919/1919 1917/1917/1917
usemtl Leather2
f 1923/1923/1923 1922/1922/1922 1921/1921/1921
f 1926/1926/1926 1925/1925/1925 1924/1924/1924
f 1929/1929/1929 1928/1928/1928 1927/1927/1927
f 1932/1932/1932 1931/1931/1931 1930/1930/1930
f 1935/1935/1935 1934/1934/1934 1933/1933/1933
f 1938/1938/1938 1937/1937/1937 1936/1936/1936
f 1941/1941/1941 1940/1940/1940 1939/1939/1939
f 1944/1944/1944 1943/1943/1943 1942/1942/1942
f 1947/1947/1947 1946/1946/1946 1945/1945/1945
f 1948/1948/1948 1947/1947/1947 1945/1945/1945
f 1951/1951/1951 1950/1950/1950 1949/1949/1949
f 1952/1952/1952 1951/1951/1951 1949/1949/1949
f 1955/1955/1955 1954/1954/1954 1953/1953/1953
f 1956/1956/1956 1955/1955/1955 1953/1953/1953
f 1959/1959/1959 1958/1958/1958 1957/1957/1957
f 1960/1960/1960 1959/1959/1959 1957/1957/1957
f 1963/1963/1963 1962/1962/1962 1961/1961/1961
f 1964/1964/1964 1963/1963/1963 1961/1961/1961
f 1967/1967/1967 1966/1966/1966 1965/1965/1965
f 1968/1968/1968 1967/1967/1967 1965/1965/1965
f 1971/1971/1971 1970/1970/1970 1969/1969/1969
f 1972/1972/1972 1971/1971/1971 1969/1969/1969
f 1975/1975/1975 1974/1974/1974 1973/1973/1973
f 1976/1976/1976 1975/1975/1975 1973/1973/1973
f 1979/1979/1979 1978/1978/1978 1977/1977/1977
f 1980/1980/1980 1979/1979/1979 1977/1977/1977
f 1983/1983/1983 1982/1982/1982 1981/1981/1981
f 1984/1984/1984 1983/1983/1983 1981/1981/1981
usemtl Leather
f 1987/1987/1987 1986/1986/1986 1985/1985/1985
f 1990/1990/1990 1989/1989/1989 1988/1988/1988
f 1993/1993/1993 1992/1992/1992 1991/1991/1991
f 1996/1996/1996 1995/1995/1995 1994/1994/1994
f 1999/1999/1999 1998/1998/1998 1997/1997/1997
f 2002/2002/2002 2001/2001/2001 2000/2000/2000
f 2005/2005/2005 2004/2004/2004 2003/2003/2003
f 2008/2008/2008 2007/2007/2007 2006/2006/2006
f 2011/2011/2011 2010/2010/2010 2009/2009/2009
f 2014/2014/2014 2013/2013/2013 2012/2012/2012
f 2017/2017/2017 2016/2016/2016 2015/2015/2015
f 2020/2020/2020 2019/2019/2019 2018/2018/2018
f 2023/2023/2023 2022/2022/2022 2021/2021/2021
f 2026/2026/2026 2025/2025/2025 2024/2024/2024
f 2029/2029/2029 2028/2028/2028 2027/2027/2027
f 2032/2032/2032 2031/2031/2031 2030/2030/2030
f 2035/2035/2035 2034/2034/2034 2033/2033/2033
f 2038/2038/2038 2037/2037/2037 2036/2036/2036
f 2041/2041/2041 2040/2040/2040 2039/2039/2039
f 2044/2044/2044 2043/2043/2043 2042/2042/2042
f 2047/2047/2047 2046/2046/2046 2045/2045/2045
f 2050/2050/2050 2049/2049/2049 2048/2048/2048
f 2053/2053/2053 2052/2052/2052 2051/2051/2051
f 2056/2056/2056 2055/2055/2055 2054/2054/2054
f 2059/2059/2059 2058/2058/2058 2057/2057/2057
f 2060/2060/2060 2059/2059/2059 2057/2057/2057
f 2063/2063/2063 2062/2062/2062 2061/2061/2061
f 2064/2064/2064 2063/2063/2063 2061/2061/2061
f 2067/2067/2067 2066/2066/2066 2065/2065/2065
f 2068/2068/2068 2067/2067/2067 2065/2065/2065
f 2071/2071/2071 2070/2070/2070 2069/2069/2069
f 2072/2072/2072 2071/2071/2071 2069/2069/2069
f 2075/2075/2075 2074/2074/2074 2073/2073/2073
f 2076/2076/2076 2075/2075/2075 2073/2073/2073
f 2079/2079/2079 2078/2078/2078 2077/2077/2077
f 2080/2080/2080 2079/2079/2079 2077/2077/2077
f 2083/2083/2083 2082/2082/2082 2081/2081/2081
f 2084/2084/2084 2083/2083/2083 2081/2081/2081
f 2087/2087/2087 2086/2086/2086 2085/2085/2085
f 2088/2088/2088 2087/2087/2087 2085/2085/2085
f 2091/2091/2091 2090/2090/2090 2089/2089/2089
f 2092/2092/2092 2091/2091/2091 2089/2089/2089
f 2095/2095/2095 2094/2094/2094 2093/2093/2093
f 2096/2096/2096 2095/2095/2095 2093/2093/2093
f 2099/2099/2099 2098/2098/2098 2097/2097/2097
f 2100/2100/2100 2099/2099/2099 2097/2097/2097
f 2103/2103/2103 2102/2102/2102 2101/2101/2101
f 2104/2104/2104 2103/2103/2103 2101/2101/2101
f 2107/2107/2107 2106/2106/2106 2105/2105/2105
f 2108/2108/2108 2107/2107/2107 2105/2105/2105
f 2111/2111/2111 2110/2110/2110 2109/2109/2109
f 2112/2112/2112 2111/2111/2111 2109/2109/2109
f 2115/2115/2115 2114/2114/2114 2113/2113/2113
f 2116/2116/2116 2115/2115/2115 2113/2113/2113
f 2119/2119/2119 2118/2118/2118 2117/2117/2117
f 2120/2120/2120 2119/2119/2119 2117/2117/2117
f 2123/2123/2123 2122/2122/2122 2121/2121/2121
f 2124/2124/2124 2123/2123/2123 2121/2121/2121
f 2127/2127/2127 2126/2126/2126 2125/2125/2125
f 2128/2128/2128 2127/2127/2127 2125/2125/2125
f 2131/2131/2131 2130/2130/2130 2129/2129/2129
f 2132/2132/2132 2131/2131/2131 2129/2129/2129
f 2135/2135/2135 2134/2134/2134 2133/2133/2133
f 2136/2136/2136 2135/2135/2135 2133/2133/2133
f 2139/2139/2139 2138/2138/2138 2137/2137/2137
f 2140/2140/2140 2139/2139/2139 2137/2137/2137
f 2143/2143/2143 2142/2142/2142 2141/2141/2141
f 2144/2144/2144 2143/2143/2143 2141/2141/2141
f 2147/2147/2147 2146/2146/2146 2145/2145/2145
f 2148/2148/2148 2147/2147/2147 2145/2145/2145
f 2151/2151/2151 2150/2150/2150 2149/2149/2149
f 2152/2152/2152 2151/2151/2151 2149/2149/2149
f 2155/2155/2155 2154/2154/2154 2153/2153/2153
f 2156/2156/2156 2155/2155/2155 2153/2153/2153
f 2159/2159/2159 2158/2158/2158 2157/2157/2157
f 2160/2160/2160 2159/2159/2159 2157/2157/2157
f 2163/2163/2163 2162/2162/2162 2161/2161/2161
f 2164/2164/2164 2163/2163/2163 2161/2161/2161
f 2167/2167/2167 2166/2166/2166 2165/2165/2165
f 2168/2168/2168 2167/2167/2167 2165/2165/2165
f 2171/2171/2171 2170/2170/2170 2169/2169/2169
f 2172/2172/2172 2171/2171/2171 2169/2169/2169
f 2175/2175/2175 2174/2174/2174 2173/2173/2173
f 2176/2176/2176 2175/2175/2175 2173/2173/2173
usemtl Space_Tourists_movie_poster
f 2179/2179/2179 2178/2178/2178 2177/2177/2177
f 2182/2182/2182 2181/2181/2181 2180/2180/2180
f 2185/2185/2185 2184/2184/2184 2183/2183/2183
f 2188/2188/2188 2187/2187/2187 2186/2186/2186
f 2191/2191/2191 2190/2190/2190 2189/2189/2189
f 2194/2194/2194 2193/2193/2193 2192/2192/2192
f 2197/2197/2197 2196/2196/2196 2195/2195/2195
f 2200/2200/2200 2199/2199/2199 2198/2198/2198
f 2203/2203/2203 2202/2202/2202 2201/2201/2201
f 2204/2204/2204 2203/2203/2203 2201/2201/2201
f 2207/2207/2207 2206/2206/2206 2205/2205/2205
f 2208/2208/2208 2207/2207/2207 2205/2205/2205
f 2211/2211/2211 2210/2210/2210 2209/2209/2209
f 2212/2212/2212 2211/2211/2211 2209/2209/2209
f 2215/2215/2215 2214/2214/2214 2213/2213/2213
f 2216/2216/2216 2215/2215/2215 2213/2213/2213
f 2219/2219/2219 2218/2218/2218 2217/2217/2217
f 2220/2220/2220 2219/2219/2219 2217/2217/2217
f 2223/2223/2223 2222/2222/2222 2221/2221/2221
f 2224/2224/2224 2223/2223/2223 2221/2221/2221
f 2227/2227/2227 2226/2226/2226 2225/2225/2225
f 2228/2228/2228 2227/2227/2227 2225/2225/2225
f 2231/2231/2231 2230/2230/2230 2229/2229/2229
f 2232/2232/2232 2231/2231/2231 2229/2229/2229
f 2235/2235/2235 2234/2234/2234 2233/2233/2233
f 2236/2236/2236 2235/2235/2235 2233/2233/2233
f 2239/2239/2239 2238/2238/2238 2237/2237/2237
f 2240/2240/2240 2239/2239/2239 2237/2237/2237
usemtl aert_van_der_neer_-_moonlit_landscape_with_a_view_of_the_new_amstel_river_and_castle_kostverloren
f 2243/2243/2243 2242/2242/2242 2241/2241/2241
f 2246/2246/2246 2245/2245/2245 2244/2244/2244
f 2249/2249/2249 2248/2248/2248 2247/2247/2247
f 2252/2252/2252 2251/2251/2251 2250/2250/2250
f 2255/2255/2255 2254/2254/2254 2253/2253/2253
f 2258/2258/2258 2257/2257/2257 2256/2256/2256
f 2261/2261/2261 2260/2260/2260 2259/2259/2259
f 2264/2264/2264 2263/2263/2263 2262/2262/2262
f 2267/2267/2267 2266/2266/2266 2265/2265/2265
f 2268/2268/2268 2267/2267/2267 2265/2265/2265
f 2271/2271/2271 2270/2270/2270 2269/2269/2269
f 2272/2272/2272 2271/2271/2271 2269/2269/2269
f 2275/2275/2275 2274/2274/2274 2273/2273/2273
f 2276/2276/2276 2275/2275/2275 2273/2273/2273
f 2279/2279/2279 2278/2278/2278 2277/2277/2277
f 2280/2280/2280 2279/2279/2279 2277/2277/2277
f 2283/2283/2283 2282/2282/2282 2281/2281/2281
f 2284/2284/2284 2283/2283/2283 2281/2281/2281
f 2287/2287/2287 2286/2286/2286 2285/2285/2285
f 2288/2288/2288 2287/2287/2287 2285/2285/2285
f 2291/2291/2291 2290/2290/2290 2289/2289/2289
f 2292/2292/2292 2291/2291/2291 2289/2289/2289
f 2295/2295/2295 2294/2294/2294 2293/2293/2293
f 2296/2296/2296 2295/2295/2295 2293/2293/2293
f 2299/2299/2299 2298/2298/2298 2297/2297/2297
f 2300/2300/2300 2299/2299/2299 2297/2297/2297
f 2303/2303/2303 2302/2302/2302 2301/2301/2301
f 2304/2304/2304 2303/2303/2303 2301/2301/2301
