mtllib Sink_4b96491e.mtl
g sink_23_0d0bd9e2
v 2.71556 0.77346 0.42546
v 2.75502 0.77346 0.38119
v 2.76826 0.79494 0.38778
v 2.73756 0.75765 0.37252
v 2.77982 0.77346 0.32964
v 2.76045 0.75772 0.32518
v 2.66414 0.77346 0.45943
v 2.71556 0.77346 0.42546
v 2.72638 0.79494 0.43477
v 2.66724 0.77196 0.09715
v 2.67037 0.77346 0.09401
v 2.66612 0.75812 0.11224
v 2.6732 0.79508 0.07918
v 2.66851 0.787 0.09123
v 2.65942 0.79526 0.08195
v 2.54 0.70666 0.18579
v 2.54 0.71349 0.18131
v 2.57736 0.71694 0.17649
v 2.6732 0.79508 0.07918
v 2.72638 0.79494 0.11388
v 2.71556 0.77346 0.12319
v 2.41277 0.77196 0.09715
v 2.41389 0.75812 0.11224
v 2.40964 0.77346 0.09401
v 2.40681 0.79508 0.07918
v 2.42068 0.79531 0.08197
v 2.41151 0.7871 0.09117
v 2.40681 0.79508 0.07918
v 2.36445 0.77346 0.12319
v 2.35363 0.79494 0.11388
v 2.34209 0.75797 0.17596
v 2.32499 0.77346 0.16746
v 2.36006 0.73736 0.23282
v 2.31936 0.75789 0.22343
v 2.35377 0.73729 0.27433
v 2.31168 0.75781 0.27433
v 2.40485 0.81041 0.0728
v 2.40681 0.79508 0.07918
v 2.35363 0.79494 0.11388
v 2.32499 0.77346 0.16746
v 2.36445 0.77346 0.12319
v 2.31936 0.75789 0.22343
v 2.34209 0.75797 0.17596
v 2.31168 0.75781 0.27433
v 2.30019 0.77346 0.21901
v 2.29173 0.77346 0.27433
v 2.68822 0.80115 0.05332
v 2.68822 0.78886 0.05332
v 2.74962 0.78886 0.09388
v 2.74442 0.77589 0.09835
v 2.79036 0.77589 0.1499
v 2.79672 0.78886 0.14673
v 2.74962 0.80115 0.09388
v 2.81924 0.77589 0.20992
v 2.79672 0.80115 0.14673
v 2.82634 0.78886 0.20828
v 2.82909 0.77589 0.27433
v 2.82634 0.80115 0.20828
v 2.83644 0.78886 0.27433
v 2.81924 0.77589 0.33874
v 2.83644 0.80115 0.27433
v 2.82634 0.78886 0.34037
v 2.79036 0.77589 0.39876
v 2.82634 0.80115 0.34037
v 2.79672 0.78886 0.40192
v 2.74442 0.77589 0.4503
v 2.79672 0.80115 0.40192
v 2.74962 0.78886 0.45477
v 2.74962 0.80115 0.45477
v 2.68822 0.78886 0.49533
v 2.68822 0.80115 0.49533
v 2.68822 0.80115 0.05332
v 2.74962 0.78886 0.09388
v 2.74962 0.80115 0.09388
v 2.75502 0.77346 0.16746
v 2.71556 0.77346 0.12319
v 2.72638 0.79494 0.11388
v 2.76826 0.79494 0.16088
v 2.7946 0.79494 0.2156
v 2.77982 0.77346 0.21901
v 2.73114 0.81041 0.10978
v 2.67516 0.81041 0.0728
v 2.6732 0.79508 0.07918
v 2.7741 0.81041 0.15798
v 2.80111 0.81041 0.2141
v 2.80358 0.79494 0.27433
v 2.81032 0.81041 0.27433
v 2.71556 0.77346 0.12319
v 2.75502 0.77346 0.16746
v 2.73792 0.75797 0.17596
v 2.70166 0.75803 0.13517
v 2.67037 0.77346 0.09401
v 2.6732 0.79508 0.07918
v 2.70138 0.73743 0.19412
v 2.67181 0.73749 0.16086
v 2.71995 0.73736 0.23282
v 2.76066 0.75789 0.22343
v 2.67143 0.72516 0.20901
v 2.64552 0.72438 0.18349
v 2.68944 0.72607 0.23985
v 2.72624 0.73729 0.27433
v 2.76833 0.75781 0.27433
v 2.62907 0.70666 0.23006
v 2.61272 0.70666 0.21172
v 2.56065 0.69037 0.23298
v 2.69788 0.72704 0.27433
v 2.71984 0.73721 0.31581
v 2.76045 0.75772 0.32518
v 2.69556 0.72801 0.31021
v 2.63934 0.70666 0.29724
v 2.63934 0.70666 0.25141
v 2.64284 0.70666 0.27433
v 2.56739 0.69018 0.24568
v 2.56483 0.69025 0.23894
v 2.55982 0.6877 0.24057
v 2.55618 0.6877 0.23583
v 2.56211 0.68771 0.24608
v 2.56816 0.69013 0.25281
v 2.56707 0.6901 0.2599
v 2.56291 0.68772 0.25201
v 2.56214 0.68773 0.25794
v 2.55661 0.6837 0.24242
v 2.55853 0.6837 0.24704
v 2.55356 0.6837 0.23845
v 2.55918 0.6837 0.25201
v 2.54959 0.6837 0.2354
v 2.55853 0.6837 0.25697
v 2.55147 0.68774 0.23215
v 2.55477 0.69053 0.22816
v 2.54497 0.6837 0.23348
v 2.55986 0.68774 0.26347
v 2.55661 0.6837 0.26159
v 2.54594 0.68775 0.22984
v 2.54794 0.69059 0.22517
v 2.54 0.69065 0.22396
v 2.54 0.6837 0.23283
v 2.54 0.68778 0.22902
v 2.56422 0.69009 0.2665
v 2.55623 0.68774 0.26823
v 2.55356 0.6837 0.26557
v 2.62907 0.70666 0.31859
v 2.68203 0.72891 0.34492
v 2.61272 0.70666 0.33693
v 2.55977 0.69009 0.27218
v 2.55147 0.68774 0.27187
v 2.55398 0.69009 0.27656
v 2.54594 0.68775 0.27416
v 2.54725 0.6901 0.27932
v 2.54 0.68775 0.27495
v 2.56662 0.70666 0.35985
v 2.59143 0.70666 0.351
v 2.62424 0.73029 0.39993
v 2.54 0.6901 0.28027
v 2.53407 0.68775 0.27416
v 2.53276 0.6901 0.27933
v 2.52854 0.68774 0.27187
v 2.76066 0.75789 0.22343
v 2.73792 0.75797 0.17596
v 2.75502 0.77346 0.16746
v 2.77982 0.77346 0.21901
v 2.76833 0.75781 0.27433
v 2.78828 0.77346 0.27433
v 2.76045 0.75772 0.32518
v 2.77982 0.77346 0.32964
v 2.80358 0.79494 0.27433
v 2.7946 0.79494 0.2156
v 2.77982 0.77346 0.32964
v 2.78828 0.77346 0.27433
v 2.80358 0.79494 0.27433
v 2.7946 0.79494 0.33305
v 2.81032 0.81041 0.27433
v 2.80111 0.81041 0.33456
v 2.76826 0.79494 0.38778
v 2.75502 0.77346 0.38119
v 2.7741 0.81041 0.39068
v 2.72638 0.79494 0.43477
v 2.71556 0.77346 0.42546
v 2.66414 0.77346 0.45943
v 2.72638 0.79494 0.43477
v 2.67179 0.79494 0.47083
v 2.60426 0.77346 0.48078
v 2.60822 0.79494 0.4935
v 2.599 0.75749 0.46386
v 2.65399 0.75753 0.44428
v 2.71556 0.77346 0.42546
v 2.70125 0.75758 0.41314
v 2.75502 0.77346 0.38119
v 2.73756 0.75765 0.37252
v 2.58815 0.73701 0.42901
v 2.63303 0.73704 0.41303
v 2.67158 0.73709 0.3876
v 2.70119 0.73715 0.35444
v 2.76045 0.75772 0.32518
v 2.71984 0.73721 0.31581
v 2.69556 0.72801 0.31021
v 2.65776 0.72969 0.3757
v 2.68203 0.72891 0.34492
v 2.63934 0.70666 0.29724
v 2.61272 0.70666 0.33693
v 2.59143 0.70666 0.351
v 2.55398 0.69009 0.27656
v 2.62424 0.73029 0.39993
v 2.58392 0.73066 0.41543
v 2.56662 0.70666 0.35985
v 2.54 0.70666 0.36286
v 2.54 0.6901 0.28027
v 2.54 0.73079 0.42077
v 2.51339 0.70666 0.35985
v 2.54 0.737 0.43446
v 2.54 0.75748 0.47053
v 2.48101 0.75749 0.46386
v 2.49186 0.73701 0.42901
v 2.53276 0.6901 0.27933
v 2.52602 0.6901 0.27657
v 2.48858 0.70666 0.351
v 2.52854 0.68774 0.27187
v 2.52378 0.68774 0.26823
v 2.52022 0.6901 0.27221
v 2.46729 0.70666 0.33693
v 2.52015 0.68774 0.26347
v 2.52645 0.6837 0.26557
v 2.5234 0.6837 0.26159
v 2.53042 0.6837 0.26861
v 2.53504 0.6837 0.27053
v 2.53407 0.68775 0.27416
v 2.54 0.6837 0.27118
v 2.54 0.68775 0.27495
v 2.54497 0.6837 0.27053
v 2.54594 0.68775 0.27416
v 2.54959 0.6837 0.26861
v 2.55147 0.68774 0.27187
v 2.55356 0.6837 0.26557
v 2.55623 0.68774 0.26823
v 2.54 0.75748 0.47053
v 2.599 0.75749 0.46386
v 2.60426 0.77346 0.48078
v 2.54 0.77346 0.48807
v 2.60822 0.79494 0.4935
v 2.54 0.79494 0.50123
v 2.47179 0.79494 0.4935
v 2.47575 0.77346 0.48078
v 2.48101 0.75749 0.46386
v 2.40822 0.79494 0.47083
v 2.41587 0.77346 0.45943
v 2.35363 0.79494 0.43477
v 2.42602 0.75753 0.44428
v 2.36445 0.77346 0.42546
v 2.37876 0.75758 0.41314
v 2.44698 0.73704 0.41303
v 2.32499 0.77346 0.38119
v 2.65377 0.79566 0.10678
v 2.63961 0.78237 0.14201
v 2.63178 0.79498 0.13649
v 2.6637 0.78558 0.10998
v 2.63964 0.74348 0.14204
v 2.61023 0.73252 0.16167
v 2.61033 0.78044 0.16175
v 2.66386 0.76432 0.11087
v 2.64153 0.73607 0.1439
v 2.66612 0.75812 0.11224
v 2.66724 0.77196 0.09715
v 2.66851 0.787 0.09123
v 2.67037 0.77346 0.09401
v 2.6732 0.79508 0.07918
v 2.63178 0.79498 0.13649
v 2.63961 0.78237 0.14201
v 2.61033 0.78044 0.16175
v 2.60522 0.79492 0.15511
v 2.63964 0.74348 0.14204
v 2.64153 0.73607 0.1439
v 2.61206 0.72469 0.16358
v 2.61023 0.73252 0.16167
v 2.57736 0.71694 0.17649
v 2.57699 0.72541 0.17437
v 2.61033 0.78044 0.16175
v 2.54 0.71349 0.18131
v 2.5766 0.77916 0.17466
v 2.60522 0.79492 0.15511
v 2.57386 0.79492 0.16754
v 2.54 0.72242 0.17937
v 2.54006 0.77867 0.17978
v 2.53995 0.79486 0.1721
v 2.50598 0.79511 0.16772
v 2.50358 0.77896 0.17448
v 2.47462 0.79511 0.15511
v 2.46984 0.78025 0.16175
v 2.50302 0.72541 0.17437
v 2.50265 0.71694 0.17649
v 2.46978 0.73252 0.16167
v 2.46795 0.72469 0.16358
v 2.44037 0.74348 0.14204
v 2.43848 0.73607 0.1439
v 2.60827 0.79626 0.05501
v 2.54 0.79511 0.05618
v 2.54 0.79628 0.04729
v 2.60617 0.79515 0.06358
v 2.6732 0.79508 0.07918
v 2.60617 0.79515 0.06358
v 2.6732 0.79508 0.07918
v 2.65942 0.79526 0.08195
v 2.60033 0.79511 0.08749
v 2.65377 0.79566 0.10678
v 2.63178 0.79498 0.13649
v 2.54 0.79511 0.06598
v 2.54 0.79511 0.05618
v 2.58996 0.79511 0.10394
v 2.57447 0.79511 0.11305
v 2.47384 0.79515 0.06358
v 2.60522 0.79492 0.15511
v 2.57386 0.79492 0.16754
v 2.47174 0.79626 0.05501
v 2.54 0.79628 0.04729
v 2.40681 0.79508 0.07918
v 2.42068 0.79531 0.08197
v 2.47968 0.79511 0.08749
v 2.4262 0.79562 0.10681
v 2.44862 0.79432 0.13589
v 2.55845 0.79511 0.11915
v 2.54 0.79511 0.12057
v 2.53995 0.79486 0.1721
v 2.50598 0.79511 0.16772
v 2.49005 0.79511 0.10394
v 2.50554 0.79511 0.11305
v 2.47462 0.79511 0.15511
v 2.52156 0.79511 0.11915
v 2.67037 0.77346 0.09401
v 2.70166 0.75803 0.13517
v 2.66612 0.75812 0.11224
v 2.67181 0.73749 0.16086
v 2.64153 0.73607 0.1439
v 2.61206 0.72469 0.16358
v 2.64552 0.72438 0.18349
v 2.61272 0.70666 0.21172
v 2.58812 0.70666 0.19791
v 2.56849 0.70666 0.1901
v 2.57736 0.71694 0.17649
v 2.54 0.70666 0.18579
v 2.55477 0.69053 0.22816
v 2.56065 0.69037 0.23298
v 2.55618 0.6877 0.23583
v 2.54794 0.69059 0.22517
v 2.55147 0.68774 0.23215
v 2.54 0.69065 0.22396
v 2.51152 0.70666 0.1901
v 2.50265 0.71694 0.17649
v 2.54 0.71349 0.18131
v 2.46795 0.72469 0.16358
v 2.49189 0.70666 0.19791
v 2.5252 0.69054 0.22813
v 2.46729 0.70666 0.21172
v 2.43449 0.72438 0.18349
v 2.4082 0.73749 0.16086
v 2.40858 0.72516 0.20901
v 2.45094 0.70666 0.23006
v 2.44067 0.70666 0.25141
v 2.5125 0.69021 0.24569
v 2.43716 0.70666 0.27433
v 2.39057 0.72607 0.23985
v 2.38213 0.72704 0.27433
v 2.44067 0.70666 0.29724
v 2.6637 0.78558 0.10998
v 2.65377 0.79566 0.10678
v 2.65942 0.79526 0.08195
v 2.66851 0.787 0.09123
v 2.80111 0.81041 0.2141
v 2.82039 0.81403 0.27433
v 2.81032 0.81041 0.27433
v 2.81084 0.81403 0.21185
v 2.7741 0.81041 0.15798
v 2.78283 0.81403 0.15364
v 2.73114 0.81041 0.10978
v 2.73827 0.81403 0.10365
v 2.67516 0.81041 0.0728
v 2.6802 0.81403 0.06528
v 2.60998 0.81039 0.04952
v 2.61258 0.81403 0.04116
v 2.54 0.8104 0.04161
v 2.54 0.81403 0.03294
v 2.81032 0.81041 0.27433
v 2.82039 0.81403 0.27433
v 2.81084 0.81403 0.3368
v 2.80111 0.81041 0.33456
v 2.78283 0.81403 0.39502
v 2.7741 0.81041 0.39068
v 2.73827 0.81403 0.44501
v 2.73115 0.81041 0.43888
v 2.6802 0.81403 0.48337
v 2.73115 0.81041 0.43888
v 2.6802 0.81403 0.48337
v 2.67516 0.81041 0.47585
v 2.61257 0.81403 0.50748
v 2.60997 0.81041 0.4991
v 2.54 0.81403 0.51571
v 2.54 0.81041 0.50703
v 2.47004 0.81041 0.4991
v 2.46743 0.81403 0.50748
v 2.40485 0.81041 0.47585
v 2.39981 0.81403 0.48337
v 2.34886 0.81041 0.43888
v 2.34174 0.81403 0.44501
v 2.30591 0.81041 0.39068
v 2.29718 0.81403 0.39502
v 2.2789 0.81041 0.33456
v 2.26917 0.81403 0.3368
v 2.26969 0.81041 0.27433
v 2.25961 0.81403 0.27433
v 2.2789 0.81041 0.2141
v 2.25096 0.81167 0.27433
v 2.26081 0.81167 0.33873
v 2.26081 0.81167 0.20993
v 2.26917 0.81403 0.21185
v 2.28968 0.81167 0.14991
v 2.30591 0.81041 0.15798
v 2.29718 0.81403 0.15364
v 2.34887 0.81041 0.10978
v 2.34174 0.81403 0.10365
v 2.40485 0.81041 0.0728
v 2.39981 0.81403 0.06528
v 2.72638 0.79494 0.43477
v 2.7741 0.81041 0.39068
v 2.73115 0.81041 0.43888
v 2.67179 0.79494 0.47083
v 2.67516 0.81041 0.47585
v 2.60822 0.79494 0.4935
v 2.67179 0.79494 0.47083
v 2.67516 0.81041 0.47585
v 2.60997 0.81041 0.4991
v 2.54 0.79494 0.50123
v 2.54 0.81041 0.50703
v 2.47004 0.81041 0.4991
v 2.47179 0.79494 0.4935
v 2.54 0.8104 0.04161
v 2.60998 0.81039 0.04952
v 2.60827 0.79626 0.05501
v 2.54 0.79628 0.04729
v 2.47174 0.79626 0.05501
v 2.47003 0.81039 0.04952
v 2.40485 0.81041 0.0728
v 2.40681 0.79508 0.07918
v 2.60827 0.79626 0.05501
v 2.60998 0.81039 0.04952
v 2.67516 0.81041 0.0728
v 2.6732 0.79508 0.07918
v 2.31936 0.75789 0.22343
v 2.30019 0.77346 0.21901
v 2.32499 0.77346 0.16746
v 2.28541 0.79494 0.2156
v 2.31175 0.79494 0.16088
v 2.35363 0.79494 0.11388
v 2.34887 0.81041 0.10978
v 2.40485 0.81041 0.0728
v 2.30591 0.81041 0.15798
v 2.2789 0.81041 0.2141
v 2.27643 0.79494 0.27433
v 2.26969 0.81041 0.27433
v 2.28541 0.79494 0.33305
v 2.2789 0.81041 0.33456
v 2.31175 0.79494 0.38778
v 2.30591 0.81041 0.39068
v 2.43449 0.72438 0.18349
v 2.46729 0.70666 0.21172
v 2.45094 0.70666 0.23006
v 2.5193 0.69038 0.23295
v 2.5252 0.69054 0.22813
v 2.51504 0.69028 0.23892
v 2.5125 0.69021 0.24569
v 2.52383 0.6877 0.23583
v 2.52854 0.68774 0.23215
v 2.52019 0.6877 0.24057
v 2.52645 0.6837 0.23845
v 2.5234 0.6837 0.24242
v 2.53042 0.6837 0.2354
v 2.52148 0.6837 0.24704
v 2.53407 0.68775 0.22984
v 2.53504 0.6837 0.23348
v 2.5179 0.68771 0.24608
v 2.52083 0.6837 0.25201
v 2.53202 0.69062 0.2251
v 2.51152 0.70666 0.1901
v 2.54 0.68778 0.22902
v 2.54 0.69065 0.22396
v 2.54594 0.68775 0.22984
v 2.51176 0.69016 0.25284
v 2.43716 0.70666 0.27433
v 2.5171 0.68772 0.25201
v 2.52148 0.6837 0.25697
v 2.51287 0.69012 0.25994
v 2.44067 0.70666 0.29724
v 2.51787 0.68773 0.25794
v 2.5234 0.6837 0.26159
v 2.52015 0.68774 0.26347
v 2.51574 0.6901 0.26654
v 2.52022 0.6901 0.27221
v 2.46729 0.70666 0.33693
v 2.45094 0.70666 0.31859
v 2.39798 0.72891 0.34492
v 2.38445 0.72801 0.31021
v 2.38213 0.72704 0.27433
v 2.42225 0.72969 0.3757
v 2.37882 0.73715 0.35444
v 2.36017 0.73721 0.31581
v 2.48858 0.70666 0.351
v 2.52602 0.6901 0.27657
v 2.45577 0.73029 0.39993
v 2.51339 0.70666 0.35985
v 2.49608 0.73066 0.41543
v 2.54 0.70666 0.36286
v 2.54 0.73079 0.42077
v 2.44698 0.73704 0.41303
v 2.49186 0.73701 0.42901
v 2.54 0.737 0.43446
v 2.42602 0.75753 0.44428
v 2.48101 0.75749 0.46386
v 2.40843 0.73709 0.3876
v 2.37876 0.75758 0.41314
v 2.34245 0.75765 0.37252
v 2.32499 0.77346 0.38119
v 2.31956 0.75772 0.32518
v 2.31168 0.75781 0.27433
v 2.35377 0.73729 0.27433
v 2.36006 0.73736 0.23282
v 2.39057 0.72607 0.23985
v 2.37863 0.73743 0.19412
v 2.34209 0.75797 0.17596
v 2.40858 0.72516 0.20901
v 2.44067 0.70666 0.25141
v 2.4082 0.73749 0.16086
v 2.37835 0.75803 0.13517
v 2.36445 0.77346 0.12319
v 2.40964 0.77346 0.09401
v 2.40681 0.79508 0.07918
v 2.41389 0.75812 0.11224
v 2.43848 0.73607 0.1439
v 2.46795 0.72469 0.16358
v 2.30019 0.77346 0.32964
v 2.27643 0.79494 0.27433
v 2.29173 0.77346 0.27433
v 2.28541 0.79494 0.33305
v 2.31175 0.79494 0.38778
v 2.32499 0.77346 0.38119
v 2.36445 0.77346 0.42546
v 2.35363 0.79494 0.43477
v 2.30591 0.81041 0.39068
v 2.34886 0.81041 0.43888
v 2.40822 0.79494 0.47083
v 2.40485 0.81041 0.47585
v 2.31956 0.75772 0.32518
v 2.29173 0.77346 0.27433
v 2.31168 0.75781 0.27433
v 2.30019 0.77346 0.32964
v 2.34245 0.75765 0.37252
v 2.32499 0.77346 0.38119
v 2.30019 0.77346 0.21901
v 2.29173 0.77346 0.27433
v 2.27643 0.79494 0.27433
v 2.28541 0.79494 0.2156
v 2.4262 0.79562 0.10681
v 2.44862 0.79432 0.13589
v 2.44 0.78303 0.14261
v 2.41615 0.78549 0.11004
v 2.44037 0.74348 0.14204
v 2.46978 0.73252 0.16167
v 2.46984 0.78025 0.16175
v 2.41615 0.76432 0.11087
v 2.43848 0.73607 0.1439
v 2.41389 0.75812 0.11224
v 2.41277 0.77196 0.09715
v 2.41151 0.7871 0.09117
v 2.40964 0.77346 0.09401
v 2.40681 0.79508 0.07918
v 2.44862 0.79432 0.13589
v 2.47462 0.79511 0.15511
v 2.46984 0.78025 0.16175
v 2.44 0.78303 0.14261
v 2.41615 0.78549 0.11004
v 2.41151 0.7871 0.09117
v 2.42068 0.79531 0.08197
v 2.4262 0.79562 0.10681
v 2.39981 0.81403 0.06528
v 2.47003 0.81039 0.04952
v 2.40485 0.81041 0.0728
v 2.46743 0.81403 0.04116
v 2.54 0.8104 0.04161
v 2.54 0.81403 0.03294
v 2.47179 0.79494 0.4935
v 2.47004 0.81041 0.4991
v 2.40485 0.81041 0.47585
v 2.40822 0.79494 0.47083
v 2.73827 0.81403 0.10365
v 2.79033 0.81167 0.14991
v 2.78283 0.81403 0.15364
v 2.74439 0.81167 0.09838
v 2.6802 0.81403 0.06528
v 2.68453 0.81167 0.05883
v 2.74962 0.80115 0.09388
v 2.61258 0.81403 0.04116
v 2.61482 0.81167 0.03397
v 2.54 0.81403 0.03294
v 2.54 0.81167 0.02549
v 2.78283 0.81403 0.15364
v 2.79033 0.81167 0.14991
v 2.8192 0.81167 0.20993
v 2.81084 0.81403 0.21185
v 2.82905 0.81167 0.27433
v 2.82039 0.81403 0.27433
v 2.8192 0.81167 0.33873
v 2.81084 0.81403 0.3368
v 2.79033 0.81167 0.39875
v 2.78283 0.81403 0.39502
v 2.74439 0.81167 0.45028
v 2.73827 0.81403 0.44501
v 2.68453 0.81167 0.48982
v 2.6802 0.81403 0.48337
v 2.68822 0.80115 0.49533
v 2.74962 0.80115 0.45477
v 2.61482 0.81167 0.51468
v 2.61257 0.81403 0.50748
v 2.61257 0.81403 0.50748
v 2.61482 0.81167 0.51468
v 2.54 0.81167 0.52316
v 2.54 0.81403 0.51571
v 2.46519 0.81167 0.51468
v 2.46743 0.81403 0.50748
v 2.39548 0.81167 0.48982
v 2.39179 0.80115 0.49533
v 2.33039 0.80115 0.45477
v 2.39981 0.81403 0.48337
v 2.33562 0.81167 0.45028
v 2.34174 0.81403 0.44501
v 2.28968 0.81167 0.39875
v 2.29718 0.81403 0.39502
v 2.26081 0.81167 0.33873
v 2.26917 0.81403 0.3368
v 2.29718 0.81403 0.15364
v 2.28968 0.81167 0.14991
v 2.33562 0.81167 0.09838
v 2.34174 0.81403 0.10365
v 2.39548 0.81167 0.05883
v 2.39981 0.81403 0.06528
v 2.39179 0.80115 0.05332
v 2.33039 0.80115 0.09388
v 2.46328 0.80115 0.02782
v 2.46519 0.81167 0.03397
v 2.46743 0.81403 0.04116
v 2.54 0.80115 0.01913
v 2.54 0.81167 0.02549
v 2.54 0.81403 0.03294
v 2.61673 0.80115 0.02782
v 2.61482 0.81167 0.03397
v 2.68453 0.81167 0.05883
v 2.68822 0.80115 0.05332
v 2.74962 0.80115 0.09388
v 2.61482 0.81167 0.03397
v 2.61673 0.80115 0.02782
v 2.74439 0.81167 0.09838
v 2.74962 0.80115 0.09388
v 2.79672 0.80115 0.14673
v 2.79033 0.81167 0.14991
v 2.79033 0.81167 0.14991
v 2.79672 0.80115 0.14673
v 2.82634 0.80115 0.20828
v 2.8192 0.81167 0.20993
v 2.83644 0.80115 0.27433
v 2.82905 0.81167 0.27433
v 2.82634 0.80115 0.34037
v 2.8192 0.81167 0.33873
v 2.79672 0.80115 0.40192
v 2.79033 0.81167 0.39875
v 2.74962 0.80115 0.45477
v 2.74439 0.81167 0.45028
v 2.68453 0.81167 0.48982
v 2.68822 0.80115 0.49533
v 2.61673 0.80115 0.52082
v 2.61482 0.81167 0.51468
v 2.54 0.80115 0.52952
v 2.54 0.81167 0.52316
v 2.46328 0.80115 0.52082
v 2.46519 0.81167 0.51468
v 2.39179 0.80115 0.49533
v 2.28968 0.81167 0.14991
v 2.33039 0.80115 0.09388
v 2.33562 0.81167 0.09838
v 2.28329 0.80115 0.14673
v 2.26081 0.81167 0.20993
v 2.25367 0.80115 0.20828
v 2.25096 0.81167 0.27433
v 2.24357 0.80115 0.27433
v 2.25367 0.80115 0.20828
v 2.26081 0.81167 0.20993
v 2.26081 0.81167 0.33873
v 2.24357 0.80115 0.27433
v 2.25096 0.81167 0.27433
v 2.25367 0.80115 0.34037
v 2.28968 0.81167 0.39875
v 2.28329 0.80115 0.40192
v 2.33562 0.81167 0.45028
v 2.33039 0.80115 0.45477
v 2.61673 0.80115 0.02782
v 2.68822 0.78886 0.05332
v 2.68822 0.80115 0.05332
v 2.61673 0.78886 0.02782
v 2.54 0.80115 0.01913
v 2.54 0.78886 0.01913
v 2.46328 0.80115 0.02782
v 2.46328 0.78886 0.02782
v 2.39179 0.80115 0.05332
v 2.39179 0.78886 0.05332
v 2.68455 0.77589 0.0588
v 2.74442 0.77589 0.09835
v 2.74962 0.78886 0.09388
v 2.61483 0.77589 0.03394
v 2.54 0.77589 0.02546
v 2.46518 0.77589 0.03394
v 2.39546 0.77589 0.0588
v 2.33039 0.78886 0.09388
v 2.33559 0.77589 0.09835
v 2.61673 0.80115 0.52082
v 2.54 0.78886 0.52952
v 2.54 0.80115 0.52952
v 2.46328 0.78886 0.52082
v 2.46519 0.77589 0.51471
v 2.54 0.77589 0.52319
v 2.33039 0.80115 0.09388
v 2.39179 0.78886 0.05332
v 2.39179 0.80115 0.05332
v 2.33039 0.78886 0.09388
v 2.28329 0.80115 0.14673
v 2.28329 0.78886 0.14673
v 2.33559 0.77589 0.09835
v 2.25367 0.80115 0.20828
v 2.28965 0.77589 0.1499
v 2.25367 0.78886 0.20828
v 2.24357 0.80115 0.27433
v 2.26078 0.77589 0.20992
v 2.24357 0.78886 0.27433
v 2.25367 0.80115 0.34037
v 2.25092 0.77589 0.27433
v 2.25367 0.78886 0.34037
v 2.28329 0.80115 0.40192
v 2.26078 0.77589 0.33874
v 2.28329 0.78886 0.40192
v 2.33039 0.80115 0.45477
v 2.28965 0.77589 0.39876
v 2.33039 0.78886 0.45477
v 2.33559 0.77589 0.4503
v 2.39179 0.80115 0.49533
v 2.39179 0.78886 0.49533
v 2.46328 0.80115 0.52082
v 2.39179 0.78886 0.49533
v 2.39179 0.80115 0.49533
v 2.46328 0.78886 0.52082
v 2.54 0.80115 0.52952
v 2.39546 0.77589 0.48985
v 2.46519 0.77589 0.51471
v 2.33559 0.77589 0.4503
v 2.33039 0.78886 0.45477
v 2.74962 0.78886 0.45477
v 2.74442 0.77589 0.4503
v 2.68455 0.77589 0.48985
v 2.68822 0.78886 0.49533
v 2.61482 0.77589 0.51471
v 2.61673 0.78886 0.52082
v 2.68822 0.80115 0.49533
v 2.54 0.77589 0.52319
v 2.61673 0.80115 0.52082
v 2.54 0.78886 0.52952
v 2.54 0.68778 0.22902
v 2.54 0.6837 0.23283
v 2.53504 0.6837 0.23348
v 2.53407 0.68775 0.22984
v 2.54 0.6837 0.25201
v 2.55356 0.6837 0.23845
v 2.55661 0.6837 0.24242
v 2.54959 0.6837 0.2354
v 2.54497 0.6837 0.23348
v 2.54 0.6837 0.23283
v 2.53504 0.6837 0.23348
v 2.53042 0.6837 0.2354
v 2.52645 0.6837 0.23845
v 2.5234 0.6837 0.24242
v 2.52148 0.6837 0.24704
v 2.52083 0.6837 0.25201
v 2.52148 0.6837 0.25697
v 2.5234 0.6837 0.26159
v 2.52645 0.6837 0.26557
v 2.53042 0.6837 0.26861
v 2.53504 0.6837 0.27053
v 2.54 0.6837 0.27118
v 2.54497 0.6837 0.27053
v 2.54959 0.6837 0.26861
v 2.55356 0.6837 0.26557
v 2.55661 0.6837 0.26159
v 2.54 0.6837 0.25201
v 2.55661 0.6837 0.24242
v 2.55853 0.6837 0.24704
v 2.55918 0.6837 0.25201
v 2.55853 0.6837 0.25697
v 2.55661 0.6837 0.26159
v 2.54 0.66101 0.25201
v 2.48852 0.66623 0.19755
v 2.46719 0.66623 0.21164
v 2.45083 0.66623 0.23
v 2.43347 0.68371 0.18261
v 2.40953 0.68371 0.20948
v 2.46467 0.68371 0.162
v 2.51335 0.66623 0.1887
v 2.54 0.66101 0.25201
v 2.54 0.66623 0.18568
v 2.50101 0.68371 0.14904
v 2.56666 0.66623 0.1887
v 2.59149 0.66623 0.19755
v 2.54 0.68371 0.14463
v 2.579 0.68371 0.14904
v 2.3982 0.70679 0.15225
v 2.43973 0.70679 0.12481
v 2.4881 0.70679 0.10756
v 2.36633 0.70679 0.18801
v 2.54 0.70679 0.10168
v 2.61534 0.68371 0.162
v 2.59191 0.70679 0.10756
v 2.61282 0.66623 0.21164
v 2.54 0.66101 0.25201
v 2.37215 0.73685 0.12982
v 2.42131 0.73685 0.09735
v 2.47856 0.73685 0.07693
v 2.33442 0.73685 0.17215
v 2.54 0.73685 0.06997
v 2.64028 0.70679 0.12481
v 2.64654 0.68371 0.18261
v 2.60145 0.73685 0.07693
v 2.62918 0.66623 0.23
v 2.63947 0.66623 0.25138
v 2.64298 0.66623 0.27432
v 2.67048 0.68371 0.20948
v 2.68181 0.70679 0.15225
v 2.68553 0.68371 0.24076
v 2.6587 0.73685 0.09735
v 2.71368 0.70679 0.18801
v 2.70786 0.73685 0.12982
v 2.54 0.76704 0.0446
v 2.60907 0.76704 0.05242
v 2.67343 0.76704 0.07538
v 2.47094 0.76704 0.05242
v 2.40658 0.76704 0.07538
v 2.35131 0.76704 0.11188
v 2.3089 0.76704 0.15946
v 2.54 0.77589 0.02546
v 2.61483 0.77589 0.03394
v 2.46518 0.77589 0.03394
v 2.39546 0.77589 0.0588
v 2.33559 0.77589 0.09835
v 2.28965 0.77589 0.1499
v 2.68455 0.77589 0.0588
v 2.26078 0.77589 0.20992
v 2.7287 0.76704 0.11188
v 2.74442 0.77589 0.09835
v 2.28224 0.76704 0.21487
v 2.25092 0.77589 0.27433
v 2.77111 0.76704 0.15946
v 2.79036 0.77589 0.1499
v 2.74559 0.73685 0.17215
v 2.27315 0.76704 0.27433
v 2.26078 0.77589 0.33874
v 2.31071 0.73685 0.22143
v 2.79777 0.76704 0.21487
v 2.81924 0.77589 0.20992
v 2.73371 0.70679 0.22964
v 2.7693 0.73685 0.22143
v 2.28224 0.76704 0.33378
v 2.28965 0.77589 0.39876
v 2.30262 0.73685 0.27433
v 2.80686 0.76704 0.27433
v 2.82909 0.77589 0.27433
v 2.69067 0.68371 0.27432
v 2.77739 0.73685 0.27433
v 2.74055 0.70679 0.27432
v 2.79777 0.76704 0.33378
v 2.81924 0.77589 0.33874
v 2.63947 0.66623 0.29727
v 2.54 0.66101 0.25201
v 2.68553 0.68371 0.3079
v 2.7693 0.73685 0.32722
v 2.73371 0.70679 0.31901
v 2.77111 0.76704 0.38919
v 2.79036 0.77589 0.39876
v 2.62918 0.66623 0.31865
v 2.67048 0.68371 0.33918
v 2.74559 0.73685 0.3765
v 2.71368 0.70679 0.36064
v 2.7287 0.76704 0.43677
v 2.74442 0.77589 0.4503
v 2.61282 0.66623 0.33701
v 2.64654 0.68371 0.36604
v 2.70786 0.73685 0.41883
v 2.68181 0.70679 0.3964
v 2.67343 0.76704 0.47327
v 2.68455 0.77589 0.48985
v 2.59149 0.66623 0.3511
v 2.61534 0.68371 0.38665
v 2.56666 0.66623 0.35995
v 2.54 0.66623 0.36297
v 2.6587 0.73685 0.4513
v 2.64027 0.70679 0.42384
v 2.579 0.68371 0.3996
v 2.60907 0.76704 0.49623
v 2.61482 0.77589 0.51471
v 2.60144 0.73685 0.47172
v 2.59191 0.70679 0.44108
v 2.54 0.68371 0.40402
v 2.54 0.76704 0.50406
v 2.54 0.77589 0.52319
v 2.54 0.73685 0.47869
v 2.54 0.70679 0.44697
v 2.51335 0.66623 0.35995
v 2.54 0.66101 0.25201
v 2.47094 0.76704 0.49623
v 2.46519 0.77589 0.51471
v 2.50101 0.68371 0.3996
v 2.47857 0.73685 0.47172
v 2.4881 0.70679 0.44108
v 2.40658 0.76704 0.47327
v 2.39546 0.77589 0.48985
v 2.48852 0.66623 0.3511
v 2.46467 0.68371 0.38665
v 2.42131 0.73685 0.4513
v 2.43973 0.70679 0.42384
v 2.35131 0.76704 0.43677
v 2.33559 0.77589 0.4503
v 2.46719 0.66623 0.33701
v 2.43347 0.68371 0.36604
v 2.37215 0.73685 0.41883
v 2.3982 0.70679 0.3964
v 2.3089 0.76704 0.38919
v 2.45083 0.66623 0.31865
v 2.40953 0.68371 0.33918
v 2.33442 0.73685 0.3765
v 2.31071 0.73685 0.32722
v 2.36633 0.70679 0.36064
v 2.44054 0.66623 0.29727
v 2.3463 0.70679 0.31901
v 2.39448 0.68371 0.3079
v 2.33946 0.70679 0.27432
v 2.43703 0.66623 0.27432
v 2.38934 0.68371 0.27432
v 2.44054 0.66623 0.25138
v 2.39448 0.68371 0.24076
v 2.3463 0.70679 0.22964
v 2.54745 0.77453 0.18096
v 2.54801 0.77486 0.18159
v 2.54925 0.77023 0.18159
v 2.54417 0.77744 0.17944
v 2.5443 0.77768 0.18096
v 2.54721 0.7744 0.17944
v 2.54991 0.77023 0.17793
v 2.54801 0.76561 0.1773
v 2.54858 0.76528 0.17793
v 2.54881 0.76515 0.17944
v 2.54496 0.76166 0.17793
v 2.55018 0.77023 0.17944
v 2.54509 0.76142 0.17944
v 2.54991 0.77023 0.18096
v 2.54858 0.76528 0.18096
v 2.54496 0.76166 0.18096
v 2.54925 0.77023 0.18159
v 2.54801 0.76561 0.18159
v 2.53076 0.77023 0.1773
v 2.53256 0.77453 0.17793
v 2.532 0.77486 0.1773
v 2.5328 0.7744 0.17944
v 2.53584 0.77744 0.17944
v 2.53571 0.77768 0.17793
v 2.54 0.77856 0.17944
v 2.5443 0.77768 0.18096
v 2.54417 0.77744 0.17944
v 2.54 0.77883 0.18096
v 2.54463 0.77824 0.18159
v 2.54 0.77948 0.18159
v 2.53571 0.77768 0.18096
v 2.53538 0.77824 0.18159
v 2.53584 0.77744 0.17944
v 2.53571 0.77768 0.18096
v 2.54 0.77883 0.18096
v 2.54 0.77856 0.17944
v 2.5328 0.7744 0.17944
v 2.53571 0.77768 0.18096
v 2.53584 0.77744 0.17944
v 2.53256 0.77453 0.18096
v 2.53168 0.77023 0.17944
v 2.53141 0.77023 0.18096
v 2.532 0.77486 0.18159
v 2.53076 0.77023 0.18159
v 2.5328 0.76607 0.17944
v 2.53256 0.76594 0.18096
v 2.53256 0.76594 0.17793
v 2.53141 0.77023 0.17793
v 2.53256 0.77453 0.17793
v 2.53076 0.77023 0.1773
v 2.53584 0.76303 0.17944
v 2.53571 0.76279 0.18096
v 2.53256 0.76594 0.18096
v 2.5328 0.76607 0.17944
v 2.532 0.76561 0.18159
v 2.53076 0.77023 0.18159
v 2.53141 0.77023 0.18096
v 2.54 0.76191 0.17944
v 2.53571 0.76279 0.18096
v 2.53584 0.76303 0.17944
v 2.54 0.76164 0.18096
v 2.53538 0.76223 0.18159
v 2.54 0.76099 0.18159
v 2.5443 0.76279 0.18096
v 2.54463 0.76223 0.18159
v 2.54417 0.76303 0.17944
v 2.5443 0.76279 0.18096
v 2.54 0.76164 0.18096
v 2.54 0.76191 0.17944
v 2.5443 0.76279 0.17793
v 2.54 0.76164 0.17793
v 2.54463 0.76223 0.1773
v 2.53584 0.76303 0.17944
v 2.54721 0.76607 0.17944
v 2.54745 0.76594 0.18096
v 2.5443 0.76279 0.18096
v 2.54833 0.77023 0.17944
v 2.5486 0.77023 0.18096
v 2.54801 0.76561 0.18159
v 2.54925 0.77023 0.18159
v 2.54745 0.77453 0.18096
v 2.54721 0.7744 0.17944
v 2.54745 0.77453 0.17793
v 2.5486 0.77023 0.17793
v 2.54801 0.77486 0.1773
v 2.54745 0.76594 0.17793
v 2.54925 0.77023 0.1773
v 2.54801 0.76561 0.1773
v 2.54721 0.76607 0.17944
v 2.5443 0.76279 0.18096
v 2.54417 0.76303 0.17944
v 2.54745 0.76594 0.17793
v 2.5443 0.76279 0.17793
v 2.5443 0.77768 0.18096
v 2.54463 0.77824 0.18159
v 2.54801 0.77486 0.18159
v 2.54745 0.77453 0.18096
v 2.53256 0.77453 0.18096
v 2.532 0.77486 0.18159
v 2.53538 0.77824 0.18159
v 2.53571 0.77768 0.18096
v 2.53571 0.76279 0.18096
v 2.53538 0.76223 0.18159
v 2.532 0.76561 0.18159
v 2.53256 0.76594 0.18096
v 2.54745 0.76594 0.18096
v 2.54801 0.76561 0.18159
v 2.54463 0.76223 0.18159
v 2.5443 0.76279 0.18096
v 2.54463 0.77824 0.18159
v 2.54496 0.77881 0.18096
v 2.54858 0.77519 0.18096
v 2.54801 0.77486 0.18159
v 2.54 0.77948 0.18159
v 2.54496 0.77881 0.18096
v 2.54463 0.77824 0.18159
v 2.54 0.78014 0.18096
v 2.54509 0.77904 0.17944
v 2.54 0.78041 0.17944
v 2.53505 0.77881 0.18096
v 2.53492 0.77904 0.17944
v 2.53538 0.77824 0.18159
v 2.53505 0.77881 0.18096
v 2.54 0.78014 0.18096
v 2.54 0.77948 0.18159
v 2.532 0.77486 0.18159
v 2.53143 0.77519 0.18096
v 2.53505 0.77881 0.18096
v 2.53538 0.77824 0.18159
v 2.53076 0.77023 0.18159
v 2.53143 0.77519 0.18096
v 2.532 0.77486 0.18159
v 2.5301 0.77023 0.18096
v 2.532 0.76561 0.18159
v 2.53143 0.76528 0.18096
v 2.53538 0.76223 0.18159
v 2.53505 0.76166 0.18096
v 2.53143 0.76528 0.18096
v 2.532 0.76561 0.18159
v 2.54 0.76099 0.18159
v 2.53505 0.76166 0.18096
v 2.53538 0.76223 0.18159
v 2.54 0.76033 0.18096
v 2.53492 0.76142 0.17944
v 2.54 0.76006 0.17944
v 2.53505 0.76166 0.17793
v 2.54 0.76033 0.17793
v 2.54509 0.76142 0.17944
v 2.53538 0.76223 0.1773
v 2.54 0.76099 0.1773
v 2.54463 0.76223 0.18159
v 2.54 0.76033 0.18096
v 2.54 0.76099 0.18159
v 2.54496 0.76166 0.18096
v 2.54 0.76006 0.17944
v 2.54509 0.76142 0.17944
v 2.54496 0.76166 0.17793
v 2.54 0.76033 0.17793
v 2.54 0.76099 0.1773
v 2.54463 0.76223 0.1773
v 2.54801 0.76561 0.18159
v 2.54858 0.76528 0.18096
v 2.54496 0.76166 0.18096
v 2.54463 0.76223 0.18159
v 2.54801 0.77486 0.18159
v 2.54991 0.77023 0.18096
v 2.54925 0.77023 0.18159
v 2.54858 0.77519 0.18096
v 2.55018 0.77023 0.17944
v 2.54881 0.77532 0.17944
v 2.54496 0.77881 0.18096
v 2.54509 0.77904 0.17944
v 2.54991 0.77023 0.17793
v 2.54858 0.76528 0.17793
v 2.54858 0.77519 0.17793
v 2.54496 0.77881 0.17793
v 2.54925 0.77023 0.1773
v 2.54801 0.77486 0.1773
v 2.54801 0.76561 0.1773
v 2.53143 0.77519 0.18096
v 2.53492 0.77904 0.17944
v 2.53505 0.77881 0.18096
v 2.5312 0.77532 0.17944
v 2.5301 0.77023 0.18096
v 2.53505 0.77881 0.17793
v 2.52983 0.77023 0.17944
v 2.53143 0.77519 0.17793
v 2.5301 0.77023 0.17793
v 2.532 0.77486 0.1773
v 2.53076 0.77023 0.1773
v 2.53143 0.76528 0.18096
v 2.52983 0.77023 0.17944
v 2.5301 0.77023 0.18096
v 2.5312 0.76515 0.17944
v 2.53505 0.76166 0.18096
v 2.5301 0.77023 0.17793
v 2.53492 0.76142 0.17944
v 2.53143 0.76528 0.17793
v 2.53505 0.76166 0.17793
v 2.53076 0.77023 0.1773
v 2.532 0.76561 0.1773
v 2.54 0.78041 0.17944
v 2.54496 0.77881 0.17793
v 2.54509 0.77904 0.17944
v 2.54 0.78014 0.17793
v 2.54463 0.77824 0.1773
v 2.54 0.77948 0.1773
v 2.53492 0.77904 0.17944
v 2.54 0.78014 0.17793
v 2.54 0.78041 0.17944
v 2.53505 0.77881 0.17793
v 2.54 0.77948 0.1773
v 2.53538 0.77824 0.1773
v 2.54496 0.77881 0.17793
v 2.54463 0.77824 0.1773
v 2.54801 0.77486 0.1773
v 2.54858 0.77519 0.17793
v 2.53143 0.77519 0.17793
v 2.532 0.77486 0.1773
v 2.53538 0.77824 0.1773
v 2.53505 0.77881 0.17793
v 2.53505 0.76166 0.17793
v 2.53538 0.76223 0.1773
v 2.532 0.76561 0.1773
v 2.53143 0.76528 0.17793
v 2.54858 0.76528 0.17793
v 2.54801 0.76561 0.1773
v 2.54463 0.76223 0.1773
v 2.54496 0.76166 0.17793
v 2.54463 0.77824 0.1773
v 2.5443 0.77768 0.17793
v 2.54745 0.77453 0.17793
v 2.54801 0.77486 0.1773
v 2.54 0.77948 0.1773
v 2.5443 0.77768 0.17793
v 2.54463 0.77824 0.1773
v 2.54 0.77883 0.17793
v 2.53538 0.77824 0.1773
v 2.54417 0.77744 0.17944
v 2.53571 0.77768 0.17793
v 2.54 0.77856 0.17944
v 2.53584 0.77744 0.17944
v 2.532 0.77486 0.1773
v 2.53256 0.77453 0.17793
v 2.53571 0.77768 0.17793
v 2.53538 0.77824 0.1773
v 2.532 0.76561 0.1773
v 2.53141 0.77023 0.17793
v 2.53076 0.77023 0.1773
v 2.53256 0.76594 0.17793
v 2.53571 0.76279 0.17793
v 2.5328 0.76607 0.17944
v 2.53584 0.76303 0.17944
v 2.53538 0.76223 0.1773
v 2.53571 0.76279 0.17793
v 2.53256 0.76594 0.17793
v 2.532 0.76561 0.1773
v 2.54 0.76099 0.1773
v 2.53571 0.76279 0.17793
v 2.53538 0.76223 0.1773
v 2.54 0.76164 0.17793
v 2.54463 0.76223 0.1773
v 2.53584 0.76303 0.17944
v 2.54801 0.76561 0.1773
v 2.54745 0.76594 0.17793
v 2.5443 0.76279 0.17793
v 2.54463 0.76223 0.1773
v 2.5443 0.77768 0.17793
v 2.54417 0.77744 0.17944
v 2.54721 0.7744 0.17944
v 2.54745 0.77453 0.17793
v 2.56621 0.69812 0.23771
v 2.55419 0.7026 0.22826
v 2.55514 0.69812 0.22663
v 2.56458 0.7026 0.23865
v 2.57027 0.69812 0.25284
v 2.56838 0.7026 0.25284
v 2.55514 0.69812 0.22663
v 2.55419 0.7026 0.22826
v 2.54 0.7026 0.22446
v 2.54 0.69812 0.22258
v 2.52582 0.7026 0.22826
v 2.52487 0.69812 0.22663
v 2.52487 0.69812 0.22663
v 2.52582 0.7026 0.22826
v 2.51543 0.7026 0.23865
v 2.5138 0.69812 0.23771
v 2.5138 0.69812 0.23771
v 2.51543 0.7026 0.23865
v 2.51163 0.7026 0.25284
v 2.50974 0.69812 0.25284
v 2.51543 0.7026 0.26703
v 2.5138 0.69812 0.26797
v 2.52582 0.7026 0.27742
v 2.52487 0.69812 0.27905
v 2.52487 0.69812 0.27905
v 2.52582 0.7026 0.27742
v 2.54 0.7026 0.28122
v 2.54 0.69812 0.2831
v 2.55419 0.7026 0.27742
v 2.55514 0.69812 0.27905
v 2.55514 0.69812 0.27905
v 2.55419 0.7026 0.27742
v 2.56458 0.7026 0.26703
v 2.56621 0.69812 0.26797
v 2.56838 0.7026 0.25284
v 2.57027 0.69812 0.25284
v 2.56417 0.70598 0.25284
v 2.56093 0.70598 0.26492
v 2.56093 0.70598 0.24076
v 2.56458 0.7026 0.23865
v 2.56458 0.7026 0.23865
v 2.56093 0.70598 0.24076
v 2.55209 0.70598 0.23191
v 2.55419 0.7026 0.22826
v 2.54 0.70598 0.22868
v 2.54 0.7026 0.22446
v 2.52792 0.70598 0.23191
v 2.52582 0.7026 0.22826
v 2.52582 0.7026 0.22826
v 2.51908 0.70598 0.24076
v 2.51543 0.7026 0.23865
v 2.52792 0.70598 0.23191
v 2.53239 0.70824 0.23965
v 2.54 0.70824 0.2376
v 2.54 0.70598 0.22868
v 2.52681 0.70824 0.24522
v 2.51584 0.70598 0.25284
v 2.54762 0.70824 0.23965
v 2.55209 0.70598 0.23191
v 2.54 0.70824 0.25284
v 2.52477 0.70824 0.25284
v 2.5532 0.70824 0.24522
v 2.56093 0.70598 0.24076
v 2.51908 0.70598 0.26492
v 2.55524 0.70824 0.25284
v 2.56417 0.70598 0.25284
v 2.5532 0.70824 0.26046
v 2.56093 0.70598 0.26492
v 2.52681 0.70824 0.26046
v 2.52792 0.70598 0.27377
v 2.51543 0.7026 0.26703
v 2.52582 0.7026 0.27742
v 2.53239 0.70824 0.26604
v 2.54 0.70598 0.27701
v 2.54 0.7026 0.28122
v 2.54762 0.70824 0.26604
v 2.54 0.70824 0.26808
v 2.55209 0.70598 0.27377
v 2.55419 0.7026 0.27742
v 2.56458 0.7026 0.26703
v 2.51543 0.7026 0.23865
v 2.51908 0.70598 0.24076
v 2.51584 0.70598 0.25284
v 2.51163 0.7026 0.25284
v 2.51908 0.70598 0.26492
v 2.51543 0.7026 0.26703
v 2.55186 0.69812 0.23231
v 2.55186 0.68607 0.23231
v 2.56053 0.68607 0.24099
v 2.56053 0.69812 0.24099
v 2.56371 0.68607 0.25284
v 2.56371 0.69812 0.25284
v 2.54 0.69812 0.22914
v 2.55186 0.68607 0.23231
v 2.55186 0.69812 0.23231
v 2.54 0.68607 0.22914
v 2.52815 0.69812 0.23231
v 2.52815 0.68607 0.23231
v 2.51948 0.69812 0.24099
v 2.52815 0.68607 0.23231
v 2.52815 0.69812 0.23231
v 2.51948 0.68607 0.24099
v 2.5163 0.69812 0.25284
v 2.5163 0.68607 0.25284
v 2.51948 0.69812 0.26469
v 2.5163 0.68607 0.25284
v 2.5163 0.69812 0.25284
v 2.51948 0.68607 0.26469
v 2.52815 0.69812 0.27337
v 2.52815 0.68607 0.27337
v 2.54 0.69812 0.27655
v 2.52815 0.68607 0.27337
v 2.52815 0.69812 0.27337
v 2.54 0.68607 0.27655
v 2.55186 0.69812 0.27337
v 2.55186 0.68607 0.27337
v 2.56053 0.69812 0.26469
v 2.55186 0.68607 0.27337
v 2.55186 0.69812 0.27337
v 2.56053 0.68607 0.26469
v 2.56371 0.69812 0.25284
v 2.56371 0.68607 0.25284
v 2.55186 0.68607 0.23231
v 2.54 0.68607 0.25284
v 2.56053 0.68607 0.24099
v 2.54 0.68607 0.22914
v 2.56371 0.68607 0.25284
v 2.52815 0.68607 0.23231
v 2.56053 0.68607 0.26469
v 2.51948 0.68607 0.24099
v 2.55186 0.68607 0.27337
v 2.5163 0.68607 0.25284
v 2.54 0.68607 0.27655
v 2.51948 0.68607 0.26469
v 2.52815 0.68607 0.27337
v 2.55514 0.69812 0.22663
v 2.55186 0.69812 0.23231
v 2.56053 0.69812 0.24099
v 2.56621 0.69812 0.23771
v 2.54 0.69812 0.22258
v 2.56371 0.69812 0.25284
v 2.54 0.69812 0.22914
v 2.57027 0.69812 0.25284
v 2.52487 0.69812 0.22663
v 2.56053 0.69812 0.26469
v 2.52815 0.69812 0.23231
v 2.56621 0.69812 0.26797
v 2.5138 0.69812 0.23771
v 2.55186 0.69812 0.27337
v 2.51948 0.69812 0.24099
v 2.55514 0.69812 0.27905
v 2.50974 0.69812 0.25284
v 2.54 0.69812 0.27655
v 2.5163 0.69812 0.25284
v 2.54 0.69812 0.2831
v 2.5138 0.69812 0.26797
v 2.52815 0.69812 0.27337
v 2.51948 0.69812 0.26469
v 2.52487 0.69812 0.27905
v 2.54 0.77023 0.18072
v 2.5444 0.77785 0.18072
v 2.54762 0.77463 0.18072
v 2.54 0.77903 0.18072
v 2.5488 0.77023 0.18072
v 2.53561 0.77785 0.18072
v 2.54762 0.76584 0.18072
v 2.53239 0.77463 0.18072
v 2.5444 0.76262 0.18072
v 2.53121 0.77023 0.18072
v 2.54 0.76144 0.18072
v 2.53239 0.76584 0.18072
v 2.53561 0.76262 0.18072
vn 2.253767 1.036145 -0.08067134
vn 2.181285 1.044007 0.0112458
vn 2.121817 0.9445642 -0.02737001
vn 2.284232 1.149588 0.08112575
vn 2.132729 1.050052 0.1251049
vn 2.252457 1.153667 0.1629429
vn 2.341963 1.028733 -0.146606
vn 2.253767 1.036145 -0.08067134
vn 2.208256 0.9365171 -0.1318874
vn 3.074171 0.7444415 0.4545633
vn 2.331578 1.024946 0.6487833
vn 2.420008 1.136593 0.5565435
vn 2.304678 0.9438905 0.696893
vn 2.993621 0.963928 0.4411976
vn 2.569297 1.237013 0.2781458
vn 2.539995 1.159017 0.5440835
vn 2.54 0.9787204 0.7340655
vn 2.54537 1.07467 0.6547178
vn 2.304678 0.9438905 0.696893
vn 2.208475 0.9375204 0.6353549
vn 2.251618 1.034288 0.5849048
vn 2.004513 0.7423632 0.4519165
vn 2.659993 1.136592 0.5565441
vn 2.748336 1.024954 0.6488211
vn 2.775246 0.9440401 0.6968383
vn 2.510856 1.237034 0.2778517
vn 2.087266 0.9657939 0.4403239
vn 2.775246 0.9440401 0.6968383
vn 2.828382 1.034287 0.5849057
vn 2.871524 0.9375211 0.6353551
vn 2.794876 1.150136 0.4226386
vn 2.89917 1.043442 0.4929747
vn 2.765116 1.187783 0.3237981
vn 2.827008 1.153939 0.3412791
vn 2.775748 1.188025 0.2532058
vn 2.838384 1.155267 0.2522025
vn 2.733122 1.037053 0.6452193
vn 2.775246 0.9440401 0.6968383
vn 2.871524 0.9375211 0.6353551
vn 2.89917 1.043442 0.4929747
vn 2.828382 1.034287 0.5849057
vn 2.827008 1.153939 0.3412791
vn 2.794876 1.150136 0.4226386
vn 2.838384 1.155267 0.2522025
vn 2.947557 1.049757 0.3788791
vn 2.964569 1.052248 0.2519386
vn 2.788675 0.8167291 -0.2452349
vn 2.790286 0.5193152 -0.2486152
vn 2.905626 0.5146985 -0.1701926
vn 2.783897 0.2206579 -0.03074759
vn 2.844011 0.2143537 0.04848613
vn 3.003604 0.5096433 -0.05702347
vn 2.903106 0.8216288 -0.1671484
vn 2.883727 0.2095823 0.1451958
vn 3.000164 0.8270077 -0.05463278
vn 3.071222 0.5056379 0.08768575
vn 2.897694 0.2078024 0.2519999
vn 3.067051 0.8312586 0.08902109
vn 3.095621 0.504097 0.252
vn 2.883727 0.2095822 0.3588029
vn 3.091172 0.8328787 0.2519999
vn 3.07122 0.5056328 0.4163145
vn 2.844008 0.2143515 0.4555127
vn 3.067064 0.8312279 0.414969
vn 3.003603 0.5096394 0.5610236
vn 2.783889 0.2206522 0.5347456
vn 3.000176 0.8269657 0.5586379
vn 2.905622 0.5146943 0.6741953
vn 2.903103 0.8216119 0.6711576
vn 2.790264 0.519319 0.7526274
vn 2.788661 0.816697 0.7492522
vn 2.788675 0.8167291 -0.2452349
vn 2.905626 0.5146985 -0.1701926
vn 2.903106 0.8216288 -0.1671484
vn 2.18083 1.043442 0.4929735
vn 2.251618 1.034288 0.5849048
vn 2.208475 0.9375204 0.6353549
vn 2.12178 0.9444981 0.5313824
vn 2.06308 0.9508551 0.3998662
vn 2.132441 1.049756 0.3788786
vn 2.255232 1.039643 0.5819541
vn 2.346876 1.03705 0.6452209
vn 2.304678 0.9438905 0.696893
vn 2.182841 1.046685 0.490783
vn 2.135899 1.053839 0.3773507
vn 2.042099 0.9532803 0.2520011
vn 2.11943 1.056543 0.2519999
vn 2.251618 1.034288 0.5849048
vn 2.18083 1.043442 0.4929735
vn 2.285125 1.150137 0.4226384
vn 2.331666 1.14491 0.4881378
vn 2.331578 1.024946 0.6487833
vn 2.304678 0.9438905 0.696893
vn 2.341132 1.185814 0.3874835
vn 2.378762 1.183465 0.4373808
vn 2.314885 1.187784 0.3237975
vn 2.252991 1.153939 0.3412777
vn 2.369777 1.200406 0.3677526
vn 2.405322 1.198384 0.4145223
vn 2.348994 1.202426 0.3128912
vn 2.304252 1.188024 0.2532048
vn 2.241616 1.155267 0.2522019
vn 2.38049 1.205725 0.3576607
vn 2.41009 1.199922 0.413306
vn 2.424499 1.207037 0.3997725
vn 2.341511 1.203156 0.2534738
vn 2.310797 1.186157 0.1812223
vn 2.252457 1.153667 0.1629429
vn 2.34799 1.202384 0.1939586
vn 2.377009 1.212474 0.2005854
vn 2.367724 1.209519 0.3047402
vn 2.366766 1.211748 0.2513099
vn 2.404561 1.220495 0.2962189
vn 2.406975 1.215414 0.3428979
vn 2.255621 1.135154 0.4182523
vn 2.305809 1.131623 0.4907519
vn 2.226172 1.138012 0.337468
vn 2.411063 1.223763 0.2545653
vn 2.423941 1.225603 0.2190288
vn 2.218332 1.14044 0.2527659
vn 2.231387 1.141947 0.1696528
vn 2.173275 1.053442 0.4637439
vn 2.131197 1.053669 0.3616594
vn 2.240566 1.053615 0.551209
vn 2.117031 1.053976 0.2520752
vn 2.328445 1.05417 0.6180539
vn 2.131601 1.054175 0.1426541
vn 2.372139 1.127813 0.5473661
vn 2.446866 1.19898 0.4397147
vn 2.430542 1.054718 0.6598461
vn 2.26477 1.143035 0.09317756
vn 2.173958 1.054385 0.04082498
vn 2.452729 1.124988 0.5843138
vn 2.487748 1.193494 0.4689179
vn 2.539901 1.192016 0.4786175
vn 2.54 1.055023 0.6739945
vn 2.539963 1.124905 0.5956938
vn 2.441548 1.226471 0.1896814
vn 2.315998 1.143586 0.02779585
vn 2.241262 1.054529 -0.04670441
vn 2.397254 1.212035 0.1554741
vn 2.367881 1.200332 0.1387318
vn 2.425743 1.21092 0.1183331
vn 2.462782 1.226738 0.1664971
vn 2.381827 1.143699 -0.02243879
vn 2.486832 1.226706 0.1496118
vn 2.458219 1.14382 -0.05382657
vn 2.512898 1.226595 0.1393
vn 2.539985 1.143904 -0.06444442
vn 2.499206 1.208689 0.0739384
vn 2.460427 1.209654 0.09081529
vn 2.440831 1.194826 0.05571347
vn 2.539998 1.226542 0.1358289
vn 2.621693 1.143934 -0.053671
vn 2.567093 1.226595 0.1392969
vn 2.697901 1.143974 -0.02211031
vn 2.252991 1.153939 0.3412777
vn 2.285125 1.150137 0.4226384
vn 2.18083 1.043442 0.4929735
vn 2.132441 1.049756 0.3788786
vn 2.241616 1.155267 0.2522019
vn 2.115431 1.052248 0.2519397
vn 2.252457 1.153667 0.1629429
vn 2.132729 1.050052 0.1251049
vn 2.042099 0.9532803 0.2520011
vn 2.06308 0.9508551 0.3998662
vn 2.132729 1.050052 0.1251049
vn 2.115431 1.052248 0.2519397
vn 2.042099 0.9532803 0.2520011
vn 2.063085 0.9508729 0.104151
vn 2.11943 1.056543 0.2519999
vn 2.1359 1.053837 0.1266368
vn 2.121817 0.9445642 -0.02737001
vn 2.181285 1.044007 0.0112458
vn 2.182863 1.046721 0.01324157
vn 2.208256 0.9365171 -0.1318874
vn 2.253767 1.036145 -0.08067134
vn 2.341963 1.028733 -0.146606
vn 2.208256 0.9365171 -0.1318874
vn 2.311724 0.9290587 -0.2055674
vn 2.43904 1.02358 -0.1858086
vn 2.424062 0.9239502 -0.2487483
vn 2.465755 1.13527 -0.06876266
vn 2.395481 1.138995 -0.03777313
vn 2.253767 1.036145 -0.08067134
vn 2.333429 1.144206 0.01289016
vn 2.181285 1.044007 0.0112458
vn 2.284232 1.149588 0.08112575
vn 2.479068 1.169816 -0.01394638
vn 2.421903 1.173102 0.01296507
vn 2.372338 1.177685 0.05639988
vn 2.334199 1.182428 0.113828
vn 2.252457 1.153667 0.1629429
vn 2.310797 1.186157 0.1812223
vn 2.34799 1.202384 0.1939586
vn 2.399608 1.197566 0.09162521
vn 2.367881 1.200332 0.1387318
vn 2.377009 1.212474 0.2005854
vn 2.425743 1.21092 0.1183331
vn 2.460427 1.209654 0.09081529
vn 2.486832 1.226706 0.1496118
vn 2.440831 1.194826 0.05571347
vn 2.488698 1.192833 0.03324236
vn 2.499206 1.208689 0.0739384
vn 2.540001 1.208336 0.06826979
vn 2.539998 1.226542 0.1358289
vn 2.54 1.192106 0.02559429
vn 2.580794 1.208689 0.07393873
vn 2.54 1.168624 -0.0230467
vn 2.54 1.133926 -0.07917124
vn 2.614246 1.135271 -0.06876171
vn 2.60093 1.169816 -0.01394504
vn 2.567093 1.226595 0.1392969
vn 2.59315 1.226706 0.1496005
vn 2.619572 1.209653 0.09081301
vn 2.697901 1.143974 -0.02211031
vn 2.763417 1.144067 0.02824908
vn 2.6172 1.226738 0.1664792
vn 2.654259 1.210919 0.1183304
vn 2.814217 1.143759 0.09362689
vn 2.838725 1.054545 -0.04669639
vn 2.906021 1.054395 0.04080722
vn 2.751176 1.054522 -0.1138937
vn 2.649318 1.05454 -0.1560553
vn 2.621693 1.143934 -0.053671
vn 2.540001 1.054568 -0.1704184
vn 2.539985 1.143904 -0.06444442
vn 2.43068 1.05454 -0.1560547
vn 2.458219 1.14382 -0.05382657
vn 2.328829 1.054514 -0.1139049
vn 2.381827 1.143699 -0.02243879
vn 2.241262 1.054529 -0.04670441
vn 2.315998 1.143586 0.02779585
vn 2.54 1.133926 -0.07917124
vn 2.465755 1.13527 -0.06876266
vn 2.43904 1.02358 -0.1858086
vn 2.54 1.021744 -0.1987743
vn 2.424062 0.9239502 -0.2487483
vn 2.54 0.9221532 -0.26291
vn 2.655937 0.9239523 -0.2487473
vn 2.64096 1.023579 -0.1858092
vn 2.614246 1.135271 -0.06876171
vn 2.768274 0.9290621 -0.2055663
vn 2.738036 1.028733 -0.146607
vn 2.871743 0.9365183 -0.1318876
vn 2.684519 1.138995 -0.0377737
vn 2.826233 1.036145 -0.08067074
vn 2.746572 1.144206 0.01288968
vn 2.658097 1.173102 0.01296455
vn 2.898715 1.044008 0.01124747
vn 2.641493 1.225583 0.3174138
vn 2.922679 0.7638468 0.671896
vn 2.645207 1.214846 0.3765783
vn 3.00873 0.8229158 0.5476489
vn 2.900987 0.7012848 0.700775
vn 2.786819 0.6876193 0.7732532
vn 2.799986 0.733012 0.7624457
vn 3.000964 0.704399 0.5969084
vn 2.466191 1.173433 0.5075356
vn 2.420008 1.136593 0.5565435
vn 3.074171 0.7444415 0.4545633
vn 2.993621 0.963928 0.4411976
vn 2.331578 1.024946 0.6487833
vn 2.304678 0.9438905 0.696893
vn 2.645207 1.214846 0.3765783
vn 2.922679 0.7638468 0.671896
vn 2.799986 0.733012 0.7624457
vn 2.62387 1.206308 0.4221114
vn 2.900987 0.7012848 0.700775
vn 2.466191 1.173433 0.5075356
vn 2.483558 1.167869 0.5226135
vn 2.786819 0.6876193 0.7732532
vn 2.54537 1.07467 0.6547178
vn 2.672431 0.6810679 0.8135983
vn 2.799986 0.733012 0.7624457
vn 2.54 0.9787204 0.7340655
vn 2.679741 0.7200244 0.8090653
vn 2.62387 1.206308 0.4221114
vn 2.588778 1.200217 0.452498
vn 2.539444 0.6793956 0.8290569
vn 2.539616 0.7150515 0.8268144
vn 2.540548 1.197694 0.4648212
vn 2.490929 1.199137 0.4553078
vn 2.400416 0.7189837 0.809214
vn 2.453537 1.20677 0.419309
vn 2.282609 0.7329466 0.7637686
vn 2.407458 0.6822758 0.8135277
vn 2.534631 1.074672 0.6547153
vn 2.29521 0.6871248 0.7742342
vn 2.596442 1.167868 0.5226142
vn 2.179805 0.696552 0.7018101
vn 2.61381 1.173432 0.507537
vn 2.442018 1.038366 0.6778258
vn 2.54 1.237638 0.2806644
vn 2.54 1.044791 0.6833213
vn 2.536473 1.238076 0.2694509
vn 2.304678 0.9438905 0.696893
vn 2.536473 1.238076 0.2694509
vn 2.304678 0.9438905 0.696893
vn 2.569297 1.237013 0.2781458
vn 2.537703 1.238346 0.252373
vn 2.641493 1.225583 0.3174138
vn 2.645207 1.214846 0.3765783
vn 2.54 1.23835 0.2523555
vn 2.54 1.237638 0.2806644
vn 2.538545 1.238344 0.2541735
vn 2.540383 1.238349 0.2531837
vn 2.543615 1.238073 0.2695056
vn 2.62387 1.206308 0.4221114
vn 2.588778 1.200217 0.452498
vn 2.637915 1.038706 0.6775398
vn 2.54 1.044791 0.6833213
vn 2.775246 0.9440401 0.6968383
vn 2.510856 1.237034 0.2778517
vn 2.542424 1.238336 0.2552232
vn 2.442404 1.226172 0.3182496
vn 2.438577 1.216491 0.3723206
vn 2.540122 1.238348 0.2534694
vn 2.540679 1.238348 0.2533476
vn 2.540548 1.197694 0.4648212
vn 2.490929 1.199137 0.4553078
vn 2.53875 1.23834 0.2551435
vn 2.537671 1.238345 0.2512981
vn 2.453537 1.20677 0.419309
vn 2.540847 1.238349 0.2526114
vn 2.331578 1.024946 0.6487833
vn 2.331666 1.14491 0.4881378
vn 2.420008 1.136593 0.5565435
vn 2.378762 1.183465 0.4373808
vn 2.466191 1.173433 0.5075356
vn 2.483558 1.167869 0.5226135
vn 2.405322 1.198384 0.4145223
vn 2.41009 1.199922 0.413306
vn 2.4477 1.191933 0.4591819
vn 2.49229 1.171206 0.5179838
vn 2.54537 1.07467 0.6547178
vn 2.539995 1.159017 0.5440835
vn 2.446866 1.19898 0.4397147
vn 2.424499 1.207037 0.3997725
vn 2.305809 1.131623 0.4907519
vn 2.487748 1.193494 0.4689179
vn 2.372139 1.127813 0.5473661
vn 2.539901 1.192016 0.4786175
vn 2.587705 1.171195 0.5180042
vn 2.534631 1.074672 0.6547153
vn 2.54 0.9787204 0.7340655
vn 2.596442 1.167868 0.5226142
vn 2.632297 1.191929 0.4591926
vn 2.633154 1.198974 0.4397223
vn 2.669911 1.199919 0.4133153
vn 2.674679 1.198384 0.414522
vn 2.701239 1.183464 0.4373818
vn 2.710224 1.200406 0.3677523
vn 2.69952 1.20572 0.3576712
vn 2.712288 1.209514 0.3047446
vn 2.675441 1.220499 0.2961641
vn 2.713244 1.211744 0.2513108
vn 2.731006 1.202426 0.3128903
vn 2.738488 1.203156 0.2534747
vn 2.702998 1.212472 0.2005814
vn 3.00873 0.8229158 0.5476489
vn 2.641493 1.225583 0.3174138
vn 2.569297 1.237013 0.2781458
vn 2.993621 0.963928 0.4411976
vn 2.135899 1.053839 0.3773507
vn 2.52116 1.238043 0.252
vn 2.11943 1.056543 0.2519999
vn 2.521143 1.238024 0.2565737
vn 2.182841 1.046685 0.490783
vn 2.521569 1.237972 0.2618742
vn 2.255232 1.039643 0.5819541
vn 2.523358 1.237894 0.2678203
vn 2.346876 1.03705 0.6452209
vn 2.52709 1.2378 0.2736376
vn 2.439399 1.035676 0.6795869
vn 2.532884 1.23772 0.2780098
vn 2.54 1.034359 0.692382
vn 2.54 1.237689 0.2796153
vn 2.11943 1.056543 0.2519999
vn 2.52116 1.238043 0.252
vn 2.521138 1.238024 0.2474274
vn 2.1359 1.053837 0.1266368
vn 2.521545 1.237971 0.2421199
vn 2.182863 1.046721 0.01324157
vn 2.523336 1.237892 0.2361627
vn 2.254004 1.037578 -0.07925391
vn 2.527171 1.237807 0.2304854
vn 2.254004 1.037578 -0.07925391
vn 2.527171 1.237807 0.2304854
vn 2.341566 1.028996 -0.1461663
vn 2.532981 1.237739 0.2263788
vn 2.438665 1.023047 -0.1861625
vn 2.54 1.237713 0.2248784
vn 2.54 1.020941 -0.199415
vn 2.641336 1.023047 -0.1861625
vn 2.547018 1.237739 0.2263795
vn 2.738437 1.028994 -0.1461667
vn 2.552828 1.237807 0.230487
vn 2.825997 1.037576 -0.07925507
vn 2.556665 1.237892 0.2361621
vn 2.897138 1.04672 0.01324089
vn 2.558458 1.237971 0.2421174
vn 2.944099 1.053838 0.1266366
vn 2.558864 1.238024 0.2474262
vn 2.960568 1.056545 0.252
vn 2.558841 1.238043 0.252
vn 2.944099 1.053841 0.3773507
vn 2.164945 1.099939 0.2519999
vn 2.179964 1.098003 0.3648533
vn 2.179971 1.098014 0.139166
vn 2.558856 1.238024 0.2565739
vn 2.22247 1.0929 0.03759152
vn 2.897159 1.046685 0.4907842
vn 2.558429 1.237972 0.2618726
vn 2.824767 1.039645 0.5819527
vn 2.556641 1.237894 0.2678187
vn 2.733122 1.037053 0.6452193
vn 2.55291 1.2378 0.2736361
vn 2.208256 0.9365171 -0.1318874
vn 2.182863 1.046721 0.01324157
vn 2.254004 1.037578 -0.07925391
vn 2.311724 0.9290587 -0.2055674
vn 2.341566 1.028996 -0.1461663
vn 2.424062 0.9239502 -0.2487483
vn 2.311724 0.9290587 -0.2055674
vn 2.341566 1.028996 -0.1461663
vn 2.438665 1.023047 -0.1861625
vn 2.54 0.9221532 -0.26291
vn 2.54 1.020941 -0.199415
vn 2.641336 1.023047 -0.1861625
vn 2.655937 0.9239523 -0.2487473
vn 2.54 1.034359 0.692382
vn 2.439399 1.035676 0.6795869
vn 2.442018 1.038366 0.6778258
vn 2.54 1.044791 0.6833213
vn 2.637915 1.038706 0.6775398
vn 2.640601 1.035675 0.6795878
vn 2.733122 1.037053 0.6452193
vn 2.775246 0.9440401 0.6968383
vn 2.442018 1.038366 0.6778258
vn 2.439399 1.035676 0.6795869
vn 2.346876 1.03705 0.6452209
vn 2.304678 0.9438905 0.696893
vn 2.827008 1.153939 0.3412791
vn 2.947557 1.049757 0.3788791
vn 2.89917 1.043442 0.4929747
vn 3.016922 0.9508514 0.3998686
vn 2.95822 0.9444946 0.5313843
vn 2.871524 0.9375211 0.6353551
vn 2.824767 1.039645 0.5819527
vn 2.733122 1.037053 0.6452193
vn 2.897159 1.046685 0.4907842
vn 2.944099 1.053841 0.3773507
vn 3.037904 0.953276 0.252
vn 2.960568 1.056545 0.252
vn 3.016915 0.9508715 0.1041499
vn 2.944099 1.053838 0.1266366
vn 2.958183 0.9445646 -0.02736896
vn 2.897138 1.04672 0.01324089
vn 2.674679 1.198384 0.414522
vn 2.669911 1.199919 0.4133153
vn 2.69952 1.20572 0.3576712
vn 2.655474 1.207013 0.3998797
vn 2.633154 1.198974 0.4397223
vn 2.673011 1.215417 0.3429022
vn 2.675441 1.220499 0.2961641
vn 2.773221 1.132476 0.4900157
vn 2.707416 1.128445 0.5466198
vn 2.822629 1.136478 0.4174548
vn 2.839421 1.053639 0.5511914
vn 2.906693 1.053468 0.4637508
vn 2.751556 1.054173 0.6180495
vn 2.948794 1.053676 0.3616632
vn 2.62701 1.125509 0.583653
vn 2.649456 1.054715 0.6598499
vn 2.851775 1.139463 0.3368671
vn 2.962974 1.053971 0.2520813
vn 2.592227 1.193502 0.468904
vn 2.587705 1.171195 0.5180042
vn 2.539963 1.124905 0.5956938
vn 2.539901 1.192016 0.4786175
vn 2.452729 1.124988 0.5843138
vn 2.668928 1.223765 0.2545161
vn 2.713244 1.211744 0.2513108
vn 2.85981 1.141681 0.2526762
vn 2.948398 1.054176 0.1426514
vn 2.656043 1.225604 0.2189889
vn 2.702998 1.212472 0.2005814
vn 2.847141 1.142937 0.1699373
vn 2.906021 1.054395 0.04080722
vn 2.814217 1.143759 0.09362689
vn 2.638435 1.22647 0.1896541
vn 2.6172 1.226738 0.1664792
vn 2.654259 1.210919 0.1183304
vn 2.68275 1.212033 0.1554706
vn 2.71212 1.200332 0.1387323
vn 2.73201 1.202384 0.193959
vn 2.738488 1.203156 0.2534747
vn 2.680393 1.197567 0.09162685
vn 2.745802 1.182428 0.113827
vn 2.769203 1.186157 0.1812222
vn 2.619572 1.209653 0.09081301
vn 2.59315 1.226706 0.1496005
vn 2.639169 1.194826 0.05571373
vn 2.580794 1.208689 0.07393873
vn 2.591301 1.192834 0.03324308
vn 2.540001 1.208336 0.06826979
vn 2.54 1.192106 0.02559429
vn 2.658097 1.173102 0.01296455
vn 2.60093 1.169816 -0.01394504
vn 2.54 1.168624 -0.0230467
vn 2.684519 1.138995 -0.0377737
vn 2.614246 1.135271 -0.06876171
vn 2.707664 1.177684 0.05639917
vn 2.746572 1.144206 0.01288968
vn 2.795768 1.149588 0.08112551
vn 2.898715 1.044008 0.01124747
vn 2.827543 1.153668 0.1629424
vn 2.838384 1.155267 0.2522025
vn 2.775748 1.188025 0.2532058
vn 2.765116 1.187783 0.3237981
vn 2.731006 1.202426 0.3128903
vn 2.738869 1.185813 0.387484
vn 2.794876 1.150136 0.4226386
vn 2.710224 1.200406 0.3677523
vn 2.712288 1.209514 0.3047446
vn 2.701239 1.183464 0.4373818
vn 2.748335 1.144909 0.4881396
vn 2.828382 1.034287 0.5849057
vn 2.748336 1.024954 0.6488211
vn 2.775246 0.9440401 0.6968383
vn 2.659993 1.136592 0.5565441
vn 2.61381 1.173432 0.507537
vn 2.596442 1.167868 0.5226142
vn 2.947272 1.050051 0.1251042
vn 3.037904 0.953276 0.252
vn 2.964569 1.052248 0.2519386
vn 3.016915 0.9508715 0.1041499
vn 2.958183 0.9445646 -0.02736896
vn 2.898715 1.044008 0.01124747
vn 2.826233 1.036145 -0.08067074
vn 2.871743 0.9365183 -0.1318876
vn 2.897138 1.04672 0.01324089
vn 2.825997 1.037576 -0.07925507
vn 2.768274 0.9290621 -0.2055663
vn 2.738437 1.028994 -0.1461667
vn 2.827543 1.153668 0.1629424
vn 2.964569 1.052248 0.2519386
vn 2.838384 1.155267 0.2522025
vn 2.947272 1.050051 0.1251042
vn 2.795768 1.149588 0.08112551
vn 2.898715 1.044008 0.01124747
vn 2.947557 1.049757 0.3788791
vn 2.964569 1.052248 0.2519386
vn 3.037904 0.953276 0.252
vn 3.016922 0.9508514 0.3998686
vn 2.442404 1.226172 0.3182496
vn 2.438577 1.216491 0.3723206
vn 2.15846 0.7676343 0.671988
vn 2.06976 0.8240302 0.5446241
vn 2.179805 0.696552 0.7018101
vn 2.29521 0.6871248 0.7742342
vn 2.282609 0.7329466 0.7637686
vn 2.075598 0.6973897 0.5930862
vn 2.61381 1.173432 0.507537
vn 2.659993 1.136592 0.5565441
vn 2.004513 0.7423632 0.4519165
vn 2.087266 0.9657939 0.4403239
vn 2.748336 1.024954 0.6488211
vn 2.775246 0.9440401 0.6968383
vn 2.438577 1.216491 0.3723206
vn 2.453537 1.20677 0.419309
vn 2.282609 0.7329466 0.7637686
vn 2.15846 0.7676343 0.671988
vn 2.06976 0.8240302 0.5446241
vn 2.087266 0.9657939 0.4403239
vn 2.510856 1.237034 0.2778517
vn 2.442404 1.226172 0.3182496
vn 2.55291 1.2378 0.2736361
vn 2.640601 1.035675 0.6795878
vn 2.733122 1.037053 0.6452193
vn 2.547116 1.23772 0.2780091
vn 2.54 1.034359 0.692382
vn 2.54 1.237689 0.2796153
vn 2.655937 0.9239523 -0.2487473
vn 2.641336 1.023047 -0.1861625
vn 2.738437 1.028994 -0.1461667
vn 2.768274 0.9290621 -0.2055663
vn 2.523358 1.237894 0.2678203
vn 2.857527 1.092902 0.03759232
vn 2.521569 1.237972 0.2618742
vn 2.793829 1.086223 -0.04479894
vn 2.52709 1.2378 0.2736376
vn 2.715959 1.079865 -0.1042632
vn 2.903106 0.8216288 -0.1671484
vn 2.532884 1.23772 0.2780098
vn 2.629831 1.075415 -0.1398218
vn 2.54 1.237689 0.2796153
vn 2.54 1.073832 -0.1516123
vn 2.521569 1.237972 0.2618742
vn 2.857527 1.092902 0.03759232
vn 2.90002 1.098022 0.1391678
vn 2.521143 1.238024 0.2565737
vn 2.915047 1.099945 0.2519999
vn 2.52116 1.238043 0.252
vn 2.90003 1.098008 0.3648525
vn 2.521138 1.238024 0.2474274
vn 2.857559 1.092861 0.4664416
vn 2.521545 1.237971 0.2421199
vn 2.793866 1.086167 0.5488473
vn 2.523336 1.237892 0.2361627
vn 2.715964 1.079828 0.6083047
vn 2.527171 1.237807 0.2304854
vn 2.788661 0.816697 0.7492522
vn 2.903103 0.8216119 0.6711576
vn 2.629825 1.075405 0.6438338
vn 2.532981 1.237739 0.2263788
vn 2.532981 1.237739 0.2263788
vn 2.629825 1.075405 0.6438338
vn 2.54 1.073825 0.6556194
vn 2.54 1.237713 0.2248784
vn 2.450175 1.075402 0.6438363
vn 2.547018 1.237739 0.2263795
vn 2.364035 1.079826 0.6083068
vn 2.29134 0.8166911 0.7492545
vn 2.176897 0.8216043 0.6711609
vn 2.552828 1.237807 0.230487
vn 2.286133 1.086166 0.5488474
vn 2.556665 1.237892 0.2361621
vn 2.22244 1.092861 0.4664413
vn 2.558458 1.237971 0.2421174
vn 2.179964 1.098003 0.3648533
vn 2.558864 1.238024 0.2474262
vn 2.558429 1.237972 0.2618726
vn 2.22247 1.0929 0.03759152
vn 2.28617 1.086222 -0.04479849
vn 2.556641 1.237894 0.2678187
vn 2.364039 1.079864 -0.1042647
vn 2.55291 1.2378 0.2736361
vn 2.291325 0.8167261 -0.2452356
vn 2.176893 0.8216249 -0.1671496
vn 2.414109 0.813408 -0.2904542
vn 2.450169 1.075416 -0.1398206
vn 2.547116 1.23772 0.2780091
vn 2.54 0.8122417 -0.3051887
vn 2.54 1.073832 -0.1516123
vn 2.54 1.237689 0.2796153
vn 2.665891 0.8134083 -0.2904542
vn 2.629831 1.075415 -0.1398218
vn 2.715959 1.079865 -0.1042632
vn 2.788675 0.8167291 -0.2452349
vn 2.903106 0.8216288 -0.1671484
vn 2.629831 1.075415 -0.1398218
vn 2.665891 0.8134083 -0.2904542
vn 2.793829 1.086223 -0.04479894
vn 2.903106 0.8216288 -0.1671484
vn 3.000164 0.8270077 -0.05463278
vn 2.857527 1.092902 0.03759232
vn 2.857527 1.092902 0.03759232
vn 3.000164 0.8270077 -0.05463278
vn 3.067051 0.8312586 0.08902109
vn 2.90002 1.098022 0.1391678
vn 3.091172 0.8328787 0.2519999
vn 2.915047 1.099945 0.2519999
vn 3.067064 0.8312279 0.414969
vn 2.90003 1.098008 0.3648525
vn 3.000176 0.8269657 0.5586379
vn 2.857559 1.092861 0.4664416
vn 2.903103 0.8216119 0.6711576
vn 2.793866 1.086167 0.5488473
vn 2.715964 1.079828 0.6083047
vn 2.788661 0.816697 0.7492522
vn 2.665885 0.8133481 0.7944723
vn 2.629825 1.075405 0.6438338
vn 2.54 0.8121819 0.8092049
vn 2.54 1.073825 0.6556194
vn 2.414114 0.8133453 0.7944731
vn 2.450175 1.075402 0.6438363
vn 2.29134 0.8166911 0.7492545
vn 2.22247 1.0929 0.03759152
vn 2.176893 0.8216249 -0.1671496
vn 2.28617 1.086222 -0.04479849
vn 2.079834 0.827003 -0.05463246
vn 2.179971 1.098014 0.139166
vn 2.012948 0.8312564 0.08902125
vn 2.164945 1.099939 0.2519999
vn 1.988829 0.8328831 0.252
vn 2.012948 0.8312564 0.08902125
vn 2.179971 1.098014 0.139166
vn 2.179964 1.098003 0.3648533
vn 1.988829 0.8328831 0.252
vn 2.164945 1.099939 0.2519999
vn 2.012936 0.8312293 0.4149684
vn 2.22244 1.092861 0.4664413
vn 2.079822 0.826959 0.5586377
vn 2.286133 1.086166 0.5488474
vn 2.176897 0.8216043 0.6711609
vn 2.665891 0.8134083 -0.2904542
vn 2.790286 0.5193152 -0.2486152
vn 2.788675 0.8167291 -0.2452349
vn 2.666666 0.5224314 -0.2939741
vn 2.54 0.8122417 -0.3051887
vn 2.54 0.5235167 -0.308742
vn 2.414109 0.813408 -0.2904542
vn 2.413334 0.5224303 -0.2939738
vn 2.291325 0.8167261 -0.2452356
vn 2.289713 0.5193165 -0.2486152
vn 2.709626 0.226718 -0.08852807
vn 2.783897 0.2206579 -0.03074759
vn 2.905626 0.5146985 -0.1701926
vn 2.626783 0.2310012 -0.1233706
vn 2.54 0.2325307 -0.134972
vn 2.453217 0.2310012 -0.1233706
vn 2.370373 0.2267179 -0.08852768
vn 2.174373 0.5147058 -0.1701948
vn 2.296102 0.2206586 -0.03074783
vn 2.665885 0.8133481 0.7944723
vn 2.54 0.5235455 0.8127491
vn 2.54 0.8121819 0.8092049
vn 2.413341 0.522453 0.7979811
vn 2.453208 0.2310286 0.6273999
vn 2.54 0.2325784 0.6390249
vn 2.176893 0.8216249 -0.1671496
vn 2.289713 0.5193165 -0.2486152
vn 2.291325 0.8167261 -0.2452356
vn 2.174373 0.5147058 -0.1701948
vn 2.079834 0.827003 -0.05463246
vn 2.076393 0.5096506 -0.05702311
vn 2.296102 0.2206586 -0.03074783
vn 2.012948 0.8312564 0.08902125
vn 2.235986 0.2143563 0.04848592
vn 2.008777 0.50564 0.08768602
vn 1.988829 0.8328831 0.252
vn 2.196273 0.2095821 0.145197
vn 1.984378 0.504101 0.252
vn 2.012936 0.8312293 0.4149684
vn 2.182308 0.2078006 0.252
vn 2.008777 0.5056406 0.4163146
vn 2.079822 0.826959 0.5586377
vn 2.196272 0.2095826 0.3588021
vn 2.076394 0.5096484 0.5610233
vn 2.176897 0.8216043 0.6711609
vn 2.235988 0.2143544 0.4555128
vn 2.174379 0.514703 0.6741988
vn 2.296109 0.2206537 0.5347466
vn 2.29134 0.8166911 0.7492545
vn 2.289737 0.5193235 0.7526292
vn 2.414114 0.8133453 0.7944731
vn 2.289737 0.5193235 0.7526292
vn 2.29134 0.8166911 0.7492545
vn 2.413341 0.522453 0.7979811
vn 2.54 0.8121819 0.8092049
vn 2.370383 0.2267205 0.5925362
vn 2.453208 0.2310286 0.6273999
vn 2.296109 0.2206537 0.5347466
vn 2.174379 0.514703 0.6741988
vn 2.905622 0.5146943 0.6741953
vn 2.783889 0.2206522 0.5347456
vn 2.709617 0.226721 0.5925367
vn 2.790264 0.519319 0.7526274
vn 2.626791 0.2310286 0.6274002
vn 2.666659 0.522451 0.7979807
vn 2.788661 0.816697 0.7492522
vn 2.54 0.2325784 0.6390249
vn 2.665885 0.8133481 0.7944723
vn 2.54 0.5235455 0.8127491
vn 2.539963 1.124905 0.5956938
vn 2.54 1.055023 0.6739945
vn 2.649456 1.054715 0.6598499
vn 2.62701 1.125509 0.583653
vn 2.54 1.23835 0.252
vn 2.54 1.23835 0.252
vn 2.54 1.23835 0.252
vn 2.54 1.23835 0.252
vn 2.54 1.23835 0.252
vn 2.54 1.23835 0.252
vn 2.54 1.23835 0.252
vn 2.54 1.23835 0.252
vn 2.54 1.23835 0.252
vn 2.54 1.23835 0.252
vn 2.54 1.23835 0.2520003
vn 2.54 1.23835 0.2520003
vn 2.54 1.23835 0.2519999
vn 2.54 1.23835 0.2519999
vn 2.54 1.23835 0.252
vn 2.54 1.23835 0.252
vn 2.54 1.23835 0.252
vn 2.54 1.23835 0.252
vn 2.54 1.23835 0.252
vn 2.54 1.23835 0.252
vn 2.54 1.23835 0.252
vn 2.54 1.23835 0.252
vn 2.54 1.23835 0.252
vn 2.54 1.23835 0.252
vn 2.54 1.23835 0.252
vn 2.54 1.23835 0.252
vn 2.54 1.23835 0.252
vn 2.54 1.23835 0.252
vn 2.514863 0.0849368 0.2228002
vn 2.483518 0.0976916 0.138745
vn 2.461452 0.09660608 0.1591395
vn 2.446863 0.09459794 0.1899713
vn 2.38231 0.1370629 0.06772514
vn 2.345186 0.1336436 0.1205615
vn 2.429428 0.1403946 0.02822077
vn 2.510512 0.09928256 0.1218566
vn 2.549986 0.0853616 0.2087098
vn 2.54 0.09932649 0.1183728
vn 2.483117 0.1427797 0.003916591
vn 2.569488 0.09928244 0.1218572
vn 2.596482 0.09769166 0.1387444
vn 2.54 0.143643 -0.004271418
vn 2.596884 0.1427794 0.003917456
vn 2.324729 0.1876214 0.001192153
vn 2.389834 0.1930318 -0.05096722
vn 2.463024 0.1968689 -0.0826495
vn 2.272568 0.1819954 0.07208928
vn 2.54 0.1982499 -0.09324726
vn 2.650572 0.1403947 0.02822047
vn 2.616976 0.1968687 -0.08264929
vn 2.618547 0.09660614 0.159139
vn 2.570215 0.08451766 0.242596
vn 2.273799 0.2525841 -0.05730084
vn 2.355211 0.2598462 -0.1198361
vn 2.445604 0.2649274 -0.1573277
vn 2.207613 0.2449139 0.02900974
vn 2.54 0.2667446 -0.1697771
vn 2.690166 0.193032 -0.05096734
vn 2.69769 0.1370634 0.06772384
vn 2.634397 0.2649274 -0.1573276
vn 2.633137 0.094598 0.1899712
vn 2.642046 0.09365946 0.2196786
vn 2.640901 0.09253573 0.2527668
vn 2.734815 0.133644 0.1205615
vn 2.755271 0.187622 0.001191169
vn 2.758706 0.1310841 0.1835147
vn 2.724788 0.2598454 -0.1198358
vn 2.807434 0.1819967 0.07208872
vn 2.806201 0.2525841 -0.05730072
vn 2.54 0.2188359 -0.1192468
vn 2.623512 0.2171288 -0.1076351
vn 2.702661 0.2123921 -0.07300109
vn 2.456488 0.2171291 -0.1076354
vn 2.377339 0.2123924 -0.07300133
vn 2.307437 0.2057011 -0.01623648
vn 2.252062 0.1987479 0.06030189
vn 2.54 0.2325307 -0.134972
vn 2.626783 0.2310012 -0.1233706
vn 2.453217 0.2310012 -0.1233706
vn 2.370373 0.2267179 -0.08852768
vn 2.296102 0.2206586 -0.03074783
vn 2.235986 0.2143563 0.04848592
vn 2.709626 0.226718 -0.08852807
vn 2.196273 0.2095821 0.145197
vn 2.772564 0.2057019 -0.01623625
vn 2.783897 0.2206579 -0.03074759
vn 2.216329 0.1934827 0.1520118
vn 2.182308 0.2078006 0.252
vn 2.827939 0.1987492 0.06030019
vn 2.844011 0.2143537 0.04848613
vn 2.872387 0.2449145 0.02900951
vn 2.203968 0.1915152 0.252
vn 2.196272 0.2095826 0.3588021
vn 2.16378 0.2390158 0.1348611
vn 2.863669 0.1934814 0.1520098
vn 2.883727 0.2095823 0.1451958
vn 2.841538 0.1777368 0.1578459
vn 2.916216 0.2390135 0.1348599
vn 2.216329 0.1934825 0.3519883
vn 2.235988 0.2143544 0.4555128
vn 2.14836 0.2367927 0.2520003
vn 2.876031 0.1915148 0.252
vn 2.897694 0.2078024 0.2519999
vn 2.766968 0.130134 0.2519999
vn 2.931634 0.2367874 0.2520003
vn 2.853449 0.1761467 0.2519996
vn 2.86367 0.1934821 0.3519901
vn 2.883727 0.2095822 0.3588029
vn 2.634683 0.09225661 0.2819886
vn 2.55756 0.08427745 0.2723973
vn 2.758705 0.131084 0.3204853
vn 2.916215 0.2390121 0.3691381
vn 2.841538 0.177737 0.3461527
vn 2.827941 0.1987508 0.4436995
vn 2.844008 0.2143515 0.4555127
vn 2.620945 0.09204888 0.3074601
vn 2.734811 0.1336441 0.3834449
vn 2.872389 0.2449143 0.4749877
vn 2.807434 0.1819963 0.4319107
vn 2.772568 0.205707 0.5202423
vn 2.783889 0.2206522 0.5347456
vn 2.603901 0.09219176 0.3275462
vn 2.697686 0.1370627 0.4362774
vn 2.806196 0.2525869 0.5613083
vn 2.755265 0.1876166 0.5028039
vn 2.702648 0.2123969 0.5770142
vn 2.709617 0.226721 0.5925367
vn 2.58374 0.09230626 0.3414848
vn 2.65056 0.1403954 0.4757869
vn 2.562207 0.09246057 0.3499955
vn 2.54 0.09248352 0.35261
vn 2.724764 0.2598447 0.6238468
vn 2.690144 0.1930315 0.5549777
vn 2.596888 0.1427816 0.5000861
vn 2.623527 0.2171392 0.6116444
vn 2.626791 0.2310286 0.6274002
vn 2.634407 0.264916 0.6613142
vn 2.616983 0.1968683 0.586647
vn 2.54 0.1436429 0.5082712
vn 2.54 0.2188428 0.623255
vn 2.54 0.2325784 0.6390249
vn 2.54 0.2667237 0.6737577
vn 2.54 0.1982458 0.5972418
vn 2.517794 0.09246039 0.3499942
vn 2.513473 0.08431858 0.2602561
vn 2.456474 0.2171396 0.6116452
vn 2.453208 0.2310286 0.6273999
vn 2.483112 0.1427817 0.5000864
vn 2.445592 0.2649174 0.6613153
vn 2.463017 0.1968687 0.5866477
vn 2.377352 0.2123964 0.5770137
vn 2.370383 0.2267205 0.5925362
vn 2.49626 0.09230614 0.3414841
vn 2.42944 0.1403951 0.4757864
vn 2.355235 0.2598459 0.6238477
vn 2.389855 0.1930315 0.5549775
vn 2.307433 0.2057075 0.5202437
vn 2.296109 0.2206537 0.5347466
vn 2.476099 0.09219176 0.3275462
vn 2.382314 0.1370625 0.436277
vn 2.273804 0.2525871 0.5613086
vn 2.324736 0.1876156 0.5028028
vn 2.252058 0.1987512 0.4436992
vn 2.459056 0.09204876 0.30746
vn 2.34519 0.133644 0.3834458
vn 2.207611 0.2449148 0.4749886
vn 2.163781 0.2390147 0.3691375
vn 2.272568 0.1819953 0.4319114
vn 2.445315 0.0922569 0.2819888
vn 2.238461 0.1777373 0.3461526
vn 2.321296 0.1310833 0.3204848
vn 2.22655 0.1761473 0.2519996
vn 2.439101 0.09253538 0.2527667
vn 2.313033 0.1301336 0.2519999
vn 2.437953 0.09365976 0.2196785
vn 2.321296 0.1310833 0.1835156
vn 2.238462 0.177737 0.1578465
vn 2.087056 0.3994616 0.4964856
vn 2.613338 0.7033381 0.8231063
vn 2.624685 0.6609992 0.8231057
vn 2.251312 0.1610071 0.2520008
vn 2.278492 0.2080272 0.4964638
vn 2.039987 0.3723473 0.2520015
vn 3.076736 0.6610019 0.03928395
vn 2.613318 0.618654 -0.3191083
vn 3.004813 0.3926152 0.03927495
vn 3.040007 0.3723366 0.2520001
vn 2.808342 0.1961701 0.03925821
vn 3.11735 0.6610025 0.2519995
vn 2.828682 0.1610039 0.2520002
vn 3.076744 0.6610002 0.4646946
vn 3.004837 0.3926347 0.4646971
vn 2.808355 0.1961698 0.4647243
vn 2.624685 0.6609992 0.8231057
vn 2.613327 0.6186618 0.8231077
vn 2.455372 0.6609999 -0.3191143
vn 2.992975 0.3994773 0.007556841
vn 2.466692 0.7033287 -0.3191108
vn 3.040004 0.3723324 0.2519996
vn 2.82867 0.1609971 0.2519996
vn 2.801528 0.2080224 0.007566959
vn 2.539999 0.08364975 0.252
vn 2.278492 0.2080272 0.4964638
vn 2.251312 0.1610071 0.2520008
vn 2.54 0.1379421 0.4964254
vn 2.582326 0.7343068 0.8231112
vn 2.540013 0.7456381 0.8231127
vn 2.801517 0.2080069 0.4964164
vn 2.497697 0.734314 0.8231119
vn 2.82867 0.1609971 0.2519996
vn 2.801517 0.2080069 0.4964164
vn 2.54 0.1379421 0.4964254
vn 2.539999 0.08364975 0.252
vn 3.040004 0.3723324 0.2519996
vn 2.801517 0.2080069 0.4964164
vn 2.82867 0.1609971 0.2519996
vn 2.992967 0.399457 0.4964367
vn 3.11735 0.660997 0.2520006
vn 3.063046 0.6609975 0.4964511
vn 2.466671 0.7033294 0.8231081
vn 2.455317 0.660996 0.8231061
vn 3.040008 0.9496607 0.2520015
vn 2.992968 0.9225421 0.4964358
vn 2.992985 0.9225131 0.007564589
vn 3.063044 0.660997 0.00754568
vn 2.992975 0.3994773 0.007556841
vn 2.455372 0.6609999 -0.3191143
vn 2.828673 1.161001 0.252001
vn 2.801518 1.113991 0.4964195
vn 2.992968 0.9225421 0.4964358
vn 3.040008 0.9496607 0.2520015
vn 2.466708 0.6186844 0.8231139
vn 2.455317 0.660996 0.8231061
vn 3.063046 0.6609975 0.4964511
vn 2.540002 1.23835 0.252
vn 2.801518 1.113991 0.4964195
vn 2.828673 1.161001 0.252001
vn 2.540003 1.184059 0.4964221
vn 2.497705 0.5877042 0.8231149
vn 2.539994 0.5763617 0.8231127
vn 2.278491 1.113976 0.4964568
vn 2.582313 0.5876881 0.8231115
vn 2.251315 1.160994 0.2519994
vn 2.278491 1.113976 0.4964568
vn 2.540003 1.184059 0.4964221
vn 2.540002 1.23835 0.252
vn 2.27848 1.113961 0.007527679
vn 2.539996 1.184052 0.00756304
vn 2.582347 0.5877019 -0.3191107
vn 2.828673 1.161001 0.252001
vn 2.039991 0.9496596 0.2519996
vn 2.087057 0.9225396 0.4964859
vn 2.278491 1.113976 0.4964568
vn 1.96265 0.661003 0.2520006
vn 2.016975 0.6610025 0.4964961
vn 2.613327 0.6186618 0.8231077
vn 2.624685 0.6609992 0.8231057
vn 2.087056 0.3994616 0.4964856
vn 2.039987 0.3723473 0.2520015
vn 2.087039 0.3994904 0.007515177
vn 2.016976 0.6610031 0.007500961
vn 2.613308 0.7033391 -0.3191099
vn 2.087049 0.9225196 0.007508457
vn 2.624609 0.661 -0.319117
vn 2.613318 0.618654 -0.3191083
vn 2.039991 0.9496596 0.2519996
vn 2.278491 1.113976 0.4964568
vn 2.251315 1.160994 0.2519994
vn 2.087049 0.9225196 0.007508457
vn 2.27848 1.113961 0.007527679
vn 2.278492 0.2080272 0.4964638
vn 2.582326 0.7343068 0.8231112
vn 2.613338 0.7033381 0.8231063
vn 2.087056 0.3994616 0.4964856
vn 2.992967 0.399457 0.4964367
vn 2.466671 0.7033294 0.8231081
vn 2.497697 0.734314 0.8231119
vn 2.801517 0.2080069 0.4964164
vn 2.801518 1.113991 0.4964195
vn 2.497705 0.5877042 0.8231149
vn 2.466708 0.6186844 0.8231139
vn 2.992968 0.9225421 0.4964358
vn 2.087057 0.9225396 0.4964859
vn 2.613327 0.6186618 0.8231077
vn 2.582313 0.5876881 0.8231115
vn 2.278491 1.113976 0.4964568
vn 2.582326 0.7343068 0.8231112
vn 2.808347 1.125834 0.4647265
vn 3.004823 0.9293814 0.4647069
vn 2.613338 0.7033381 0.8231063
vn 2.540013 0.7456381 0.8231127
vn 2.808347 1.125834 0.4647265
vn 2.582326 0.7343068 0.8231112
vn 2.540005 1.197725 0.464742
vn 2.828673 1.161001 0.2519998
vn 2.540001 1.23835 0.2519999
vn 2.271637 1.125815 0.4647467
vn 2.251339 1.161008 0.2520004
vn 2.497697 0.734314 0.8231119
vn 2.271637 1.125815 0.4647467
vn 2.540005 1.197725 0.464742
vn 2.540013 0.7456381 0.8231127
vn 2.466671 0.7033294 0.8231081
vn 2.075187 0.929372 0.4647414
vn 2.271637 1.125815 0.4647467
vn 2.497697 0.734314 0.8231119
vn 2.455317 0.660996 0.8231061
vn 2.075187 0.929372 0.4647414
vn 2.466671 0.7033294 0.8231081
vn 2.003271 0.6609973 0.464734
vn 2.466708 0.6186844 0.8231139
vn 2.075183 0.3926322 0.464737
vn 2.497705 0.5877042 0.8231149
vn 2.27163 0.1961879 0.4647447
vn 2.075183 0.3926322 0.464737
vn 2.466708 0.6186844 0.8231139
vn 2.539994 0.5763617 0.8231127
vn 2.27163 0.1961879 0.4647447
vn 2.497705 0.5877042 0.8231149
vn 2.539994 0.1242757 0.4647447
vn 2.251342 0.1609899 0.2520007
vn 2.539997 0.08364975 0.2520001
vn 2.27164 0.1961868 0.0392447
vn 2.539997 0.12428 0.03924443
vn 2.828682 0.1610039 0.2520002
vn 2.497662 0.5877194 -0.3191136
vn 2.539988 0.5763865 -0.3191163
vn 2.582313 0.5876881 0.8231115
vn 2.539994 0.1242757 0.4647447
vn 2.539994 0.5763617 0.8231127
vn 2.808355 0.1961698 0.4647243
vn 2.539997 0.08364975 0.2520001
vn 2.828682 0.1610039 0.2520002
vn 2.808342 0.1961701 0.03925821
vn 2.539997 0.12428 0.03924443
vn 2.539988 0.5763865 -0.3191163
vn 2.582347 0.5877019 -0.3191107
vn 2.613327 0.6186618 0.8231077
vn 3.004837 0.3926347 0.4646971
vn 2.808355 0.1961698 0.4647243
vn 2.582313 0.5876881 0.8231115
vn 2.613338 0.7033381 0.8231063
vn 3.076744 0.6610002 0.4646946
vn 2.624685 0.6609992 0.8231057
vn 3.004823 0.9293814 0.4647069
vn 3.11735 0.6610025 0.2519995
vn 3.039996 0.9496825 0.2519994
vn 2.808347 1.125834 0.4647265
vn 2.828673 1.161001 0.2519998
vn 3.076736 0.6610019 0.03928395
vn 3.004813 0.3926152 0.03927495
vn 3.004814 0.9293873 0.0392803
vn 2.808335 1.125836 0.03926377
vn 2.624609 0.661 -0.319117
vn 2.613308 0.7033391 -0.3191099
vn 2.613318 0.618654 -0.3191083
vn 2.075187 0.929372 0.4647414
vn 2.251339 1.161008 0.2520004
vn 2.271637 1.125815 0.4647467
vn 2.040001 0.9496767 0.2520004
vn 2.003271 0.6609973 0.464734
vn 2.271639 1.125811 0.03924192
vn 1.96265 0.6609973 0.2519999
vn 2.075195 0.9293747 0.03924568
vn 2.003276 0.6609983 0.03925417
vn 2.466692 0.7033287 -0.3191108
vn 2.455372 0.6609999 -0.3191143
vn 2.075183 0.3926322 0.464737
vn 1.96265 0.6609973 0.2519999
vn 2.003271 0.6609973 0.464734
vn 2.040001 0.3723224 0.2520005
vn 2.27163 0.1961879 0.4647447
vn 2.003276 0.6609983 0.03925417
vn 2.251342 0.1609899 0.2520007
vn 2.075197 0.3926187 0.03924882
vn 2.27164 0.1961868 0.0392447
vn 2.455372 0.6609999 -0.3191143
vn 2.466697 0.6186802 -0.319112
vn 2.540001 1.23835 0.2519999
vn 2.808335 1.125836 0.03926377
vn 2.828673 1.161001 0.2519998
vn 2.539997 1.197721 0.03924754
vn 2.58232 0.7342901 -0.3191138
vn 2.53999 0.7456139 -0.3191163
vn 2.251339 1.161008 0.2520004
vn 2.539997 1.197721 0.03924754
vn 2.540001 1.23835 0.2519999
vn 2.271639 1.125811 0.03924192
vn 2.53999 0.7456139 -0.3191163
vn 2.497676 0.7342888 -0.3191136
vn 2.808335 1.125836 0.03926377
vn 2.58232 0.7342901 -0.3191138
vn 2.613308 0.7033391 -0.3191099
vn 3.004814 0.9293873 0.0392803
vn 2.075195 0.9293747 0.03924568
vn 2.466692 0.7033287 -0.3191108
vn 2.497676 0.7342888 -0.3191136
vn 2.271639 1.125811 0.03924192
vn 2.27164 0.1961868 0.0392447
vn 2.497662 0.5877194 -0.3191136
vn 2.466697 0.6186802 -0.319112
vn 2.075197 0.3926187 0.03924882
vn 3.004813 0.3926152 0.03927495
vn 2.613318 0.618654 -0.3191083
vn 2.582347 0.5877019 -0.3191107
vn 2.808342 0.1961701 0.03925821
vn 2.58232 0.7342901 -0.3191138
vn 2.278474 0.2080425 0.007526755
vn 2.087039 0.3994904 0.007515177
vn 2.613308 0.7033391 -0.3191099
vn 2.53999 0.7456139 -0.3191163
vn 2.278474 0.2080425 0.007526755
vn 2.58232 0.7342901 -0.3191138
vn 2.540001 0.1379489 0.007560119
vn 2.497676 0.7342888 -0.3191136
vn 2.251312 0.1610071 0.2520008
vn 2.801528 0.2080224 0.007566959
vn 2.539999 0.08364975 0.252
vn 2.82867 0.1609971 0.2519996
vn 2.466692 0.7033287 -0.3191108
vn 2.992975 0.3994773 0.007556841
vn 2.801528 0.2080224 0.007566959
vn 2.497676 0.7342888 -0.3191136
vn 2.466697 0.6186802 -0.319112
vn 3.063044 0.660997 0.00754568
vn 2.455372 0.6609999 -0.3191143
vn 2.992985 0.9225131 0.007564589
vn 2.801529 1.113978 0.007568002
vn 3.040008 0.9496607 0.2520015
vn 2.828673 1.161001 0.252001
vn 2.497662 0.5877194 -0.3191136
vn 2.801529 1.113978 0.007568002
vn 2.992985 0.9225131 0.007564589
vn 2.466697 0.6186802 -0.319112
vn 2.539988 0.5763865 -0.3191163
vn 2.801529 1.113978 0.007568002
vn 2.497662 0.5877194 -0.3191136
vn 2.539996 1.184052 0.00756304
vn 2.582347 0.5877019 -0.3191107
vn 2.828673 1.161001 0.252001
vn 2.613318 0.618654 -0.3191083
vn 2.087049 0.9225196 0.007508457
vn 2.27848 1.113961 0.007527679
vn 2.582347 0.5877019 -0.3191107
vn 2.278474 0.2080425 0.007526755
vn 2.251312 0.1610071 0.2520008
vn 2.039987 0.3723473 0.2520015
vn 2.087039 0.3994904 0.007515177
vn 3.001043 0.8844252 -0.01418418
vn 2.774937 0.9965023 -0.1549105
vn 2.806187 0.8844168 -0.2090454
vn 2.946906 0.9965169 0.01707566
vn 3.07237 0.8844186 0.2519991
vn 3.009849 0.9965223 0.2519993
vn 2.806187 0.8844168 -0.2090454
vn 2.774937 0.9965023 -0.1549105
vn 2.54 0.9965006 -0.2178645
vn 2.54 0.8844193 -0.2803694
vn 2.305061 0.9964988 -0.1549123
vn 2.27381 0.8844084 -0.2090474
vn 2.27381 0.8844084 -0.2090474
vn 2.305061 0.9964988 -0.1549123
vn 2.133085 0.9965011 0.0170683
vn 2.078955 0.8844128 -0.01419169
vn 2.078955 0.8844128 -0.01419169
vn 2.133085 0.9965011 0.0170683
vn 2.07014 0.9965066 0.2520001
vn 2.007634 0.8844278 0.2519998
vn 2.133085 0.9965035 0.4869278
vn 2.078954 0.8844178 0.5181845
vn 2.305063 0.9964976 0.6589144
vn 2.273814 0.8844116 0.7130485
vn 2.273814 0.8844116 0.7130485
vn 2.305063 0.9964976 0.6589144
vn 2.54 0.9964966 0.7218674
vn 2.54 0.8844166 0.7843705
vn 2.774934 0.9965042 0.6589106
vn 2.806183 0.8844213 0.7130453
vn 2.806183 0.8844213 0.7130453
vn 2.774934 0.9965042 0.6589106
vn 2.94691 0.9965124 0.4869234
vn 3.001049 0.8844144 0.5181819
vn 3.009849 0.9965223 0.2519993
vn 3.07237 0.8844186 0.2519991
vn 2.800195 1.176395 0.2519994
vn 2.765338 1.176394 0.3820969
vn 2.765335 1.176395 0.1219013
vn 2.946906 0.9965169 0.01707566
vn 2.946906 0.9965169 0.01707566
vn 2.765335 1.176395 0.1219013
vn 2.670101 1.176392 0.02666102
vn 2.774937 0.9965023 -0.1549105
vn 2.54 1.176394 -0.008197486
vn 2.54 0.9965006 -0.2178645
vn 2.409899 1.176393 0.02666137
vn 2.305061 0.9964988 -0.1549123
vn 2.305061 0.9964988 -0.1549123
vn 2.314664 1.176394 0.1219009
vn 2.133085 0.9965011 0.0170683
vn 2.409899 1.176393 0.02666137
vn 2.50287 1.233555 0.1876898
vn 2.54 1.233555 0.177742
vn 2.54 1.176394 -0.008197486
vn 2.475689 1.233555 0.2148709
vn 2.279806 1.176395 0.252
vn 2.57713 1.233555 0.1876901
vn 2.670101 1.176392 0.02666102
vn 2.54 1.23835 0.252
vn 2.46574 1.233555 0.2519998
vn 2.604311 1.233555 0.2148717
vn 2.765335 1.176395 0.1219013
vn 2.314663 1.176394 0.3820976
vn 2.614261 1.233554 0.2519996
vn 2.800195 1.176395 0.2519994
vn 2.604312 1.233555 0.2891287
vn 2.765338 1.176394 0.3820969
vn 2.475689 1.233555 0.2891297
vn 2.409899 1.176392 0.4773393
vn 2.133085 0.9965035 0.4869278
vn 2.305063 0.9964976 0.6589144
vn 2.50287 1.233555 0.3163103
vn 2.54 1.176393 0.5121996
vn 2.54 0.9964966 0.7218674
vn 2.57713 1.233555 0.3163097
vn 2.54 1.233555 0.3262586
vn 2.670099 1.176393 0.4773387
vn 2.774934 0.9965042 0.6589106
vn 2.94691 0.9965124 0.4869234
vn 2.133085 0.9965011 0.0170683
vn 2.314664 1.176394 0.1219009
vn 2.279806 1.176395 0.252
vn 2.07014 0.9965066 0.2520001
vn 2.314663 1.176394 0.3820976
vn 2.133085 0.9965035 0.4869278
vn 2.828678 0.661 -0.2479981
vn 2.828678 0.661 -0.2479981
vn 3.039999 0.661 -0.03667694
vn 3.039999 0.661 -0.03667694
vn 3.11735 0.661 0.252
vn 3.11735 0.661 0.252
vn 2.54 0.661 -0.3253503
vn 2.828678 0.661 -0.2479981
vn 2.828678 0.661 -0.2479981
vn 2.54 0.661 -0.3253503
vn 2.251325 0.661 -0.2479999
vn 2.251325 0.661 -0.2479999
vn 2.040001 0.661 -0.03667694
vn 2.251325 0.661 -0.2479999
vn 2.251325 0.661 -0.2479999
vn 2.040001 0.661 -0.03667694
vn 1.96265 0.661 0.252
vn 1.96265 0.661 0.252
vn 2.039999 0.661 0.5406729
vn 1.96265 0.661 0.252
vn 1.96265 0.661 0.252
vn 2.039999 0.661 0.5406729
vn 2.25132 0.661 0.7519974
vn 2.25132 0.661 0.7519974
vn 2.54 0.661 0.8293502
vn 2.25132 0.661 0.7519974
vn 2.25132 0.661 0.7519974
vn 2.54 0.661 0.8293502
vn 2.828683 0.661 0.7519954
vn 2.828683 0.661 0.7519954
vn 3.040001 0.661 0.540673
vn 2.828683 0.661 0.7519954
vn 2.828683 0.661 0.7519954
vn 3.040001 0.661 0.540673
vn 3.11735 0.661 0.252
vn 3.11735 0.661 0.252
vn 2.54 0.08364975 0.252
vn 2.54 0.08364975 0.252
vn 2.54 0.08364975 0.252
vn 2.54 0.08364975 0.252
vn 2.54 0.08364975 0.252
vn 2.54 0.08364975 0.252
vn 2.54 0.08364975 0.252
vn 2.54 0.08364975 0.252
vn 2.54 0.08364975 0.252
vn 2.54 0.08364975 0.252
vn 2.54 0.08364975 0.252
vn 2.54 0.08364975 0.252
vn 2.54 0.08364975 0.252
vn 2.54 0.08364975 0.2519999
vn 2.54 0.08364975 0.2519999
vn 2.54 0.08364975 0.2519999
vn 2.54 0.08364975 0.2519999
vn 2.54 0.08364975 0.252
vn 2.54 0.08364975 0.252
vn 2.54 0.08364975 0.252
vn 2.54 0.08364975 0.252
vn 2.54 0.08364975 0.2520001
vn 2.54 0.08364975 0.252
vn 2.54 0.08364975 0.2520001
vn 2.54 0.08364975 0.252
vn 2.54 0.08364975 0.2520002
vn 2.54 0.08364975 0.2519999
vn 2.54 0.08364975 0.2520002
vn 2.54 0.08364975 0.2519999
vn 2.54 0.08364975 0.252
vn 2.54 0.08364975 0.252
vn 2.54 0.08364975 0.252
vn 2.54 0.08364975 0.252
vn 2.54 0.08364975 0.252
vn 2.54 0.08364975 0.2519999
vn 2.54 0.08364975 0.252
vn 2.54 0.08364975 0.2519999
vn 2.54 0.661 0.8293502
vn 2.54 0.661 0.8293502
vn 2.54 0.661 0.8293502
vn 2.539994 0.661 0.8293502
vn 2.54 0.661 0.8293502
vn 2.539989 0.661 0.8293502
vn 2.540006 0.661 0.8293502
vn 2.539994 0.661 0.8293502
vn 2.540011 0.661 0.8293502
vn 2.54 0.661 0.8293502
vn 2.540006 0.661 0.8293502
vn 2.54 0.661 0.8293502
vn 2.54 0.661 0.8293502
vt -9.530529 0.4276684
vt -9.592763 0.4276684
vt -9.583506 0.4578694
vt -9.604961 0.4054316
vt -9.665236 0.4276684
vt -9.671513 0.4055412
vt -9.611032 0.5811222
vt -9.546505 0.6237524
vt -9.532933 0.6120709
vt -9.566829 0.1069973
vt -9.56232 0.1091431
vt -9.58845 0.08715516
vt -9.524242 0.3005999
vt -9.529803 0.28631
vt -9.540573 0.2973183
vt -9.76682 0.9245184
vt -9.76682 0.9301432
vt -9.719946 0.9361923
vt -9.599666 1.058312
vt -9.532929 1.014767
vt -9.546505 1.003076
vt -9.633801 0.04469758
vt -9.612082 0.02476484
vt -9.63833 0.04685289
vt -9.840015 0.3005999
vt -9.823571 0.2972868
vt -9.834437 0.2863863
vt -9.933972 1.058312
vt -9.987132 1.003076
vt -10.00071 1.014767
vt -10.01519 0.9368608
vt -10.03665 0.9475276
vt -9.992635 0.8655059
vt -10.04372 0.8772876
vt -10.00053 0.8134162
vt -10.05335 0.8134162
vt -9.459677 0.4264639
vt -9.468647 0.4049156
vt -9.51743 0.4047154
vt -9.59276 0.3745182
vt -9.530528 0.3745211
vt -9.671451 0.3526276
vt -9.604711 0.3527353
vt -9.743008 0.3525093
vt -9.665234 0.3745182
vt -9.743008 0.3745182
vt -9.4642 0.5932835
vt -9.4642 0.5768192
vt -9.518537 0.5768192
vt -9.524532 0.5594366
vt -9.593586 0.5594366
vt -9.589346 0.5768192
vt -9.518537 0.5932835
vt -9.674001 0.5594366
vt -9.589346 0.5932835
vt -9.671805 0.5768192
vt -9.760295 0.5594366
vt -9.671805 0.5932835
vt -9.760295 0.5768192
vt -9.846589 0.5594366
vt -9.760295 0.5932835
vt -9.848786 0.5768192
vt -9.927004 0.5594366
vt -9.848786 0.5932835
vt -9.931244 0.5768192
vt -9.996058 0.5594366
vt -9.931244 0.5932835
vt -10.00206 0.5768192
vt -10.00206 0.5932835
vt -10.05639 0.5768192
vt -10.05639 0.5932835
vt -9.4642 0.5932835
vt -9.518537 0.5768192
vt -9.518537 0.5932835
vt -9.893256 0.4276684
vt -9.955488 0.4276712
vt -9.968585 0.4578655
vt -9.902504 0.4578693
vt -9.825573 0.4578694
vt -9.820783 0.4276684
vt -9.974339 0.4796198
vt -10.02634 0.4796121
vt -10.01737 0.4580648
vt -9.906584 0.479615
vt -9.827679 0.479615
vt -9.74301 0.4578694
vt -9.74301 0.479615
vt -9.546505 1.003076
vt -9.496989 0.9475277
vt -9.518449 0.9368609
vt -9.563953 0.9880512
vt -9.603215 1.039702
vt -9.599666 1.058312
vt -9.564301 0.9140738
vt -9.601413 0.9558056
vt -9.541002 0.865506
vt -9.489918 0.8772877
vt -9.601892 0.8953884
vt -9.634411 0.9274033
vt -9.579288 0.856675
vt -9.533107 0.8134163
vt -9.480285 0.8134163
vt -9.655053 0.8689659
vt -9.675563 0.8919752
vt -9.740912 0.8653057
vt -9.568695 0.8134163
vt -9.541139 0.7613581
vt -9.490175 0.7495955
vt -9.571606 0.7683848
vt -9.642158 0.7846592
vt -9.642158 0.8421724
vt -9.637762 0.8134163
vt -9.73245 0.8493651
vt -9.735662 0.857827
vt -9.741958 0.8557795
vt -9.746515 0.8617294
vt -9.739075 0.8488587
vt -9.731493 0.840411
vt -9.732856 0.831518
vt -9.738071 0.8414257
vt -9.739042 0.8339842
vt -9.745979 0.8534601
vt -9.743574 0.8476561
vt -9.749803 0.8584431
vt -9.742754 0.8414257
vt -9.754786 0.8622683
vt -9.743574 0.8351982
vt -9.752432 0.8663443
vt -9.74829 0.8713501
vt -9.76059 0.8646715
vt -9.741897 0.8270367
vt -9.745979 0.8293942
vt -9.759365 0.8692415
vt -9.756856 0.875099
vt -9.76682 0.8766173
vt -9.76682 0.8654907
vt -9.76682 0.8702715
vt -9.736424 0.8232315
vt -9.746463 0.8210686
vt -9.749803 0.8244084
vt -9.655051 0.7578629
vt -9.588588 0.7248304
vt -9.675563 0.7348536
vt -9.742014 0.8161047
vt -9.752426 0.8164986
vt -9.749276 0.8106163
vt -9.759367 0.8136185
vt -9.75773 0.8071459
vt -9.76682 0.8126324
vt -9.733417 0.7060927
vt -9.70229 0.7171991
vt -9.66111 0.655794
vt -9.76682 0.8059528
vt -9.77427 0.8136185
vt -9.775909 0.8071373
vt -9.781211 0.8164986
vt -9.814567 0.4057768
vt -9.881305 0.4058865
vt -9.893256 0.4276684
vt -9.820783 0.4276684
vt -9.74301 0.4056595
vt -9.74301 0.4276684
vt -9.671513 0.4055412
vt -9.665236 0.4276684
vt -9.74301 0.4578694
vt -9.825573 0.4578694
vt -9.665236 0.4276684
vt -9.74301 0.4276684
vt -9.74301 0.4578694
vt -9.660446 0.4578694
vt -9.74301 0.479615
vt -9.658329 0.479615
vt -9.583506 0.4578694
vt -9.592763 0.4276684
vt -9.579424 0.479615
vt -9.517443 0.4578694
vt -9.530529 0.4276684
vt -9.611032 0.5811222
vt -9.532933 0.6120709
vt -9.601438 0.56682
vt -9.686178 0.5543316
vt -9.681211 0.5383728
vt -9.692788 0.5755671
vt -9.623776 0.600128
vt -9.546505 0.6237524
vt -9.564467 0.6392162
vt -9.496989 0.6793039
vt -9.518894 0.6901911
vt -9.706399 0.6192959
vt -9.650083 0.6393536
vt -9.601698 0.6712683
vt -9.564538 0.7128752
vt -9.490175 0.7495955
vt -9.541139 0.7613581
vt -9.571606 0.7683848
vt -9.619046 0.6862
vt -9.588588 0.7248304
vt -9.642158 0.7846592
vt -9.675563 0.7348536
vt -9.70229 0.7171991
vt -9.749276 0.8106163
vt -9.66111 0.655794
vt -9.711702 0.6363371
vt -9.733417 0.7060927
vt -9.76682 0.7023132
vt -9.76682 0.8059528
vt -9.76682 0.6296385
vt -9.800221 0.7060927
vt -9.76682 0.6124523
vt -9.76682 0.5671929
vt -9.840851 0.5755671
vt -9.827238 0.6192959
vt -9.775909 0.8071373
vt -9.784374 0.8105934
vt -9.831349 0.7171991
vt -9.781211 0.8164986
vt -9.787174 0.8210686
vt -9.791652 0.8160704
vt -9.858076 0.7348535
vt -9.791742 0.8270367
vt -9.783834 0.8244084
vt -9.787659 0.8293942
vt -9.778852 0.8205851
vt -9.773048 0.8181809
vt -9.77427 0.8136185
vt -9.76682 0.8173626
vt -9.76682 0.8126324
vt -9.76059 0.8181809
vt -9.759367 0.8136185
vt -9.754786 0.8205851
vt -9.752426 0.8164986
vt -9.749803 0.8244084
vt -9.746463 0.8210686
vt -9.76682 0.5671929
vt -9.692788 0.5755671
vt -9.686178 0.5543316
vt -9.76682 0.5451868
vt -9.681211 0.5383728
vt -9.76682 0.5286711
vt -9.852427 0.5383728
vt -9.847459 0.5543316
vt -9.840851 0.5755671
vt -9.932199 0.56682
vt -9.922606 0.5811222
vt -10.00071 0.6120709
vt -9.909863 0.600128
vt -9.987134 0.6237524
vt -9.969172 0.6392162
vt -9.883554 0.6393536
vt -10.03665 0.6793039
vt -9.580631 0.1409634
vt -9.631118 0.1219099
vt -9.623216 0.1399887
vt -9.585216 0.1265181
vt -9.631165 0.06617433
vt -9.659307 0.05045778
vt -9.65942 0.1191481
vt -9.586485 0.09604341
vt -9.633833 0.05555516
vt -9.58845 0.08715516
vt -9.566829 0.1069973
vt -9.558342 0.1285599
vt -9.56232 0.1091431
vt -9.541062 0.1401394
vt -9.573337 0.232662
vt -9.564063 0.2261265
vt -9.598763 0.2027214
vt -9.604824 0.2105902
vt -9.53326 0.1532286
vt -9.530971 0.1442564
vt -9.566659 0.1304663
vt -9.568871 0.1399506
vt -9.608678 0.121084
vt -9.609117 0.1313408
vt -9.568743 0.1979826
vt -9.653909 0.1169136
vt -9.609595 0.1964319
vt -9.574934 0.2155178
vt -9.612911 0.2155121
vt -9.653909 0.1277197
vt -9.653841 0.1958426
vt -9.653975 0.2154463
vt -9.695107 0.2157505
vt -9.698018 0.1961935
vt -9.733082 0.2157505
vt -9.738872 0.1977471
vt -9.698699 0.1313408
vt -9.699139 0.121084
vt -9.738945 0.1399506
vt -9.741158 0.1304663
vt -9.774556 0.1532286
vt -9.776846 0.1442564
vt -9.601214 0.3292521
vt -9.68213 0.3278559
vt -9.68213 0.3384016
vt -9.6037 0.3190926
vt -9.524242 0.3005999
vt -9.6037 0.3190926
vt -9.524242 0.3005999
vt -9.540573 0.2973183
vt -9.610624 0.2907436
vt -9.547279 0.2678774
vt -9.573337 0.232662
vt -9.68213 0.3162468
vt -9.68213 0.3278559
vt -9.62291 0.2712544
vt -9.641281 0.260455
vt -9.760558 0.3190926
vt -9.604824 0.2105902
vt -9.641998 0.1958626
vt -9.763044 0.3292521
vt -9.68213 0.3384016
vt -9.840015 0.3005999
vt -9.823571 0.2972868
vt -9.753633 0.2907436
vt -9.81703 0.2678517
vt -9.790448 0.2333696
vt -9.660264 0.2532204
vt -9.68213 0.2515391
vt -9.682195 0.1904543
vt -9.722458 0.1956509
vt -9.741348 0.2712544
vt -9.722979 0.260455
vt -9.759631 0.2105902
vt -9.703996 0.2532204
vt -9.603215 1.039702
vt -9.563953 0.9880512
vt -9.608552 1.016824
vt -9.601413 0.9558056
vt -9.639416 0.9770907
vt -9.6764 0.9523895
vt -9.634411 0.9274033
vt -9.675563 0.8919752
vt -9.70644 0.9093159
vt -9.731069 0.9191197
vt -9.719946 0.9361923
vt -9.76682 0.9245184
vt -9.74829 0.8713501
vt -9.740912 0.8653057
vt -9.746515 0.8617294
vt -9.756856 0.875099
vt -9.752432 0.8663443
vt -9.76682 0.8766173
vt -9.802569 0.9191197
vt -9.813693 0.9361923
vt -9.76682 0.9301432
vt -9.857238 0.9523895
vt -9.827199 0.9093159
vt -9.785393 0.8713921
vt -9.858076 0.8919752
vt -9.899228 0.9274032
vt -9.932225 0.9558055
vt -9.931745 0.8953884
vt -9.878585 0.8689659
vt -9.891479 0.8421724
vt -9.801341 0.8493555
vt -9.895877 0.8134162
vt -9.95435 0.8566749
vt -9.964943 0.8134162
vt -9.891479 0.7846591
vt -9.585216 0.1265181
vt -9.580631 0.1409634
vt -9.545031 0.140394
vt -9.558342 0.1285599
vt -8.965906 0.7407454
vt -8.94109 0.6632527
vt -8.954056 0.6632527
vt -8.953384 0.7436389
vt -9.000654 0.8129624
vt -8.989426 0.8185414
vt -9.055937 0.8749741
vt -9.046762 0.8828696
vt -9.127967 0.9225653
vt -9.121481 0.9322346
vt -9.211842 0.9525126
vt -9.208496 0.963269
vt -9.301877 0.9626902
vt -9.301877 0.9738473
vt -8.954056 0.6632527
vt -8.94109 0.6632527
vt -8.953384 0.5828665
vt -8.965906 0.5857514
vt -8.989426 0.5079544
vt -9.000654 0.5135325
vt -9.046762 0.4436253
vt -9.055929 0.4515189
vt -9.121483 0.3942717
vt -9.055929 0.4515189
vt -9.121483 0.3942717
vt -9.127967 0.4039391
vt -9.208499 0.3632439
vt -9.211855 0.3740271
vt -9.301877 0.352661
vt -9.301877 0.3638247
vt -9.3919 0.3740271
vt -9.395255 0.3632439
vt -9.475788 0.4039391
vt -9.48227 0.3942717
vt -9.547824 0.4515188
vt -9.556991 0.4436253
vt -9.6031 0.5135325
vt -9.614329 0.5079544
vt -9.637847 0.5857514
vt -9.65037 0.5828665
vt -9.649697 0.6632527
vt -9.662663 0.6632527
vt -9.637847 0.7407454
vt -9.673801 0.6632527
vt -9.661128 0.5803793
vt -9.661128 0.7461165
vt -9.650371 0.7436388
vt -9.623974 0.8233421
vt -9.603099 0.8129624
vt -9.614329 0.8185413
vt -9.547816 0.8749741
vt -9.556991 0.8828695
vt -9.475786 0.9225653
vt -9.482272 0.9322346
vt -9.517443 0.4578694
vt -9.579424 0.479615
vt -9.511665 0.479615
vt -9.466747 0.4578694
vt -9.45968 0.479615
vt -9.599893 0.3623665
vt -9.521636 0.3623665
vt -9.517484 0.3433226
vt -9.597747 0.3433226
vt -9.683876 0.3623665
vt -9.683876 0.3433226
vt -9.770008 0.3433226
vt -9.767859 0.3623665
vt -9.683875 0.3424786
vt -9.597165 0.3424671
vt -9.599285 0.3249529
vt -9.683875 0.3249767
vt -9.768465 0.3249529
vt -9.770583 0.3424671
vt -9.85136 0.3424872
vt -9.848932 0.3234947
vt -9.599285 0.3249529
vt -9.597165 0.3424671
vt -9.516389 0.3424872
vt -9.518817 0.3234947
vt -9.671451 0.3526276
vt -9.665234 0.3745182
vt -9.59276 0.3745182
vt -9.660443 0.4047201
vt -9.583512 0.4047201
vt -9.51743 0.4047154
vt -9.511676 0.4264706
vt -9.459677 0.4264639
vt -9.579432 0.4264658
vt -9.658338 0.4264658
vt -9.743008 0.4047201
vt -9.743008 0.4264658
vt -9.825572 0.4047201
vt -9.827688 0.4264658
vt -9.902513 0.4047201
vt -9.906596 0.4264658
vt -9.899228 0.9274032
vt -9.858076 0.8919752
vt -9.878585 0.8689659
vt -9.792804 0.865341
vt -9.785393 0.8713921
vt -9.798144 0.8578508
vt -9.801341 0.8493555
vt -9.787122 0.8617294
vt -9.781207 0.8663443
vt -9.791681 0.8557795
vt -9.783834 0.8584431
vt -9.787659 0.8534601
vt -9.778852 0.8622683
vt -9.790064 0.8476561
vt -9.774273 0.8692415
vt -9.773048 0.8646715
vt -9.794562 0.8488587
vt -9.790883 0.8414257
vt -9.776834 0.8751867
vt -9.802569 0.9191197
vt -9.76682 0.8702715
vt -9.76682 0.8766173
vt -9.759365 0.8692415
vt -9.802266 0.8403767
vt -9.895877 0.8134162
vt -9.795567 0.8414257
vt -9.790064 0.8351982
vt -9.800867 0.8314741
vt -9.891479 0.7846591
vt -9.794597 0.8339842
vt -9.787659 0.8293942
vt -9.791742 0.8270367
vt -9.797267 0.8231886
vt -9.791652 0.8160704
vt -9.858076 0.7348535
vt -9.878585 0.7578628
vt -9.94505 0.7248304
vt -9.962033 0.7683847
vt -9.964943 0.8134162
vt -9.914593 0.6862
vt -9.969099 0.7128752
vt -9.992499 0.761358
vt -9.831349 0.7171991
vt -9.784374 0.8105934
vt -9.872529 0.655794
vt -9.800221 0.7060927
vt -9.821936 0.6363371
vt -9.76682 0.7023132
vt -9.76682 0.6296385
vt -9.883554 0.6393536
vt -9.827238 0.6192959
vt -9.76682 0.6124523
vt -9.909863 0.600128
vt -9.840851 0.5755671
vt -9.931942 0.6712683
vt -9.969172 0.6392162
vt -10.01474 0.6901911
vt -10.03665 0.6793039
vt -10.04346 0.7495954
vt -10.05335 0.8134162
vt -10.00053 0.8134162
vt -9.992635 0.8655059
vt -9.95435 0.8566749
vt -9.969337 0.9140737
vt -10.01519 0.9368608
vt -9.931745 0.8953884
vt -9.891479 0.8421724
vt -9.932225 0.9558055
vt -9.969684 0.9880512
vt -9.987132 1.003076
vt -9.930422 1.039702
vt -9.933972 1.058312
vt -9.925087 1.016824
vt -9.894223 0.9770907
vt -9.857238 0.9523895
vt -9.820782 0.3745182
vt -9.743008 0.4047201
vt -9.743008 0.3745182
vt -9.825572 0.4047201
vt -9.902513 0.4047201
vt -9.893255 0.3745182
vt -9.95549 0.3745182
vt -9.968577 0.4047201
vt -9.906596 0.4264658
vt -9.974354 0.4264658
vt -10.01927 0.4047201
vt -10.02634 0.4264658
vt -9.814507 0.352392
vt -9.743008 0.3745182
vt -9.743008 0.3525093
vt -9.820782 0.3745182
vt -9.881059 0.3522833
vt -9.893255 0.3745182
vt -9.665234 0.3745182
vt -9.743008 0.3745182
vt -9.743008 0.4047201
vt -9.660443 0.4047201
vt -9.619904 0.07876569
vt -9.578022 0.07688218
vt -9.568353 0.06062871
vt -9.615248 0.06417924
vt -9.569176 0.003690541
vt -9.540908 -0.01209754
vt -9.540797 0.05662328
vt -9.614056 0.03369409
vt -9.566495 -0.00697726
vt -9.612082 0.02476484
vt -9.633801 0.04469758
vt -9.642418 0.06648809
vt -9.63833 0.04685289
vt -9.659682 0.07798558
vt -9.790448 0.2333696
vt -9.759631 0.2105902
vt -9.765298 0.2027243
vt -9.800667 0.2254093
vt -9.615248 0.06417924
vt -9.642418 0.06648809
vt -9.655659 0.07831651
vt -9.619904 0.07876569
vt -9.482272 0.9322346
vt -9.391912 0.9525126
vt -9.475786 0.9225653
vt -9.395258 0.9632691
vt -9.301877 0.9626902
vt -9.301877 0.9738473
vt -9.767859 0.3623665
vt -9.770008 0.3433226
vt -9.850268 0.3433226
vt -9.84612 0.3623665
vt -9.046762 0.8828696
vt -8.97978 0.8233422
vt -8.989426 0.8185414
vt -9.038887 0.889654
vt -9.121481 0.9322346
vt -9.115914 0.9405383
vt -9.032164 0.895439
vt -9.208496 0.963269
vt -9.205613 0.9725254
vt -9.301877 0.9738473
vt -9.301876 0.9834365
vt -8.989426 0.8185414
vt -8.97978 0.8233422
vt -8.942625 0.7461165
vt -8.953384 0.7436389
vt -8.929952 0.6632527
vt -8.94109 0.6632527
vt -8.942625 0.5803793
vt -8.953384 0.5828665
vt -8.97978 0.5031574
vt -8.989426 0.5079544
vt -9.038886 0.4368513
vt -9.046762 0.4436253
vt -9.115915 0.385968
vt -9.121483 0.3942717
vt -9.11116 0.3788832
vt -9.032164 0.4310645
vt -9.205615 0.3539818
vt -9.208499 0.3632439
vt -9.208499 0.3632439
vt -9.205615 0.3539818
vt -9.301877 0.3430727
vt -9.301877 0.352661
vt -9.398138 0.3539818
vt -9.395255 0.3632439
vt -9.487839 0.385968
vt -9.492591 0.3788832
vt -9.57159 0.4310644
vt -9.48227 0.3942717
vt -9.564868 0.4368513
vt -9.556991 0.4436253
vt -9.623974 0.5031574
vt -9.614329 0.5079544
vt -9.661128 0.5803793
vt -9.65037 0.5828665
vt -9.614329 0.8185413
vt -9.623974 0.8233421
vt -9.564867 0.889654
vt -9.556991 0.8828695
vt -9.487841 0.9405382
vt -9.482272 0.9322346
vt -9.492595 0.947625
vt -9.57159 0.895439
vt -9.400602 0.9804362
vt -9.398141 0.9725254
vt -9.395258 0.9632691
vt -9.301877 0.9916219
vt -9.301876 0.9834365
vt -9.301877 0.9738473
vt -9.203152 0.9804361
vt -9.205613 0.9725254
vt -9.115914 0.9405383
vt -9.11116 0.947625
vt -9.032164 0.895439
vt -9.205613 0.9725254
vt -9.203152 0.9804361
vt -9.524561 0.607375
vt -9.518537 0.5932835
vt -9.589346 0.5932835
vt -9.593606 0.607375
vt -9.593606 0.607375
vt -9.589346 0.5932835
vt -9.671805 0.5932835
vt -9.674015 0.607375
vt -9.760295 0.5932835
vt -9.760295 0.607375
vt -9.848786 0.5932835
vt -9.846584 0.607375
vt -9.931244 0.5932835
vt -9.926991 0.607375
vt -10.00206 0.5932835
vt -9.99603 0.607375
vt -9.115915 0.385968
vt -9.11116 0.3788832
vt -9.203156 0.3460787
vt -9.205615 0.3539818
vt -9.301877 0.3348883
vt -9.301877 0.3430727
vt -9.400597 0.3460787
vt -9.398138 0.3539818
vt -9.492591 0.3788832
vt -9.926983 0.5693625
vt -10.00205 0.5552719
vt -9.996028 0.5693625
vt -9.931243 0.5552719
vt -9.846574 0.5693625
vt -9.848784 0.5552719
vt -9.760294 0.5693625
vt -9.760294 0.5552719
vt -9.848784 0.5552719
vt -9.846574 0.5693625
vt -9.674004 0.5693625
vt -9.760294 0.5552719
vt -9.760294 0.5693625
vt -9.671803 0.5552719
vt -9.593598 0.5693625
vt -9.589344 0.5552719
vt -9.524559 0.5693625
vt -9.518534 0.5552719
vt -9.654282 0.4962834
vt -9.564957 0.5116366
vt -9.564957 0.4962834
vt -9.654282 0.5116366
vt -9.750144 0.4962834
vt -9.750144 0.5116366
vt -9.846005 0.4962834
vt -9.846005 0.5116366
vt -9.935333 0.4962833
vt -9.935333 0.5116366
vt -9.569551 0.5278471
vt -9.494746 0.5278471
vt -9.48825 0.5116366
vt -9.656663 0.5278471
vt -9.750144 0.5278471
vt -9.84363 0.5278471
vt -9.930739 0.5278471
vt -10.01204 0.5116366
vt -10.00554 0.5278471
vt -9.654289 0.4992045
vt -9.750145 0.4838503
vt -9.750145 0.4992045
vt -9.846001 0.4838503
vt -9.843623 0.4676397
vt -9.750145 0.4676397
vt -10.00205 0.5552719
vt -10.05639 0.5388086
vt -10.05639 0.5552719
vt -10.00205 0.5388086
vt -9.931243 0.5552719
vt -9.931243 0.5388086
vt -9.996057 0.5214241
vt -9.848784 0.5552719
vt -9.927003 0.5214241
vt -9.848784 0.5388086
vt -9.760294 0.5552719
vt -9.846588 0.5214241
vt -9.760294 0.5388086
vt -9.671803 0.5552719
vt -9.760294 0.5214241
vt -9.671803 0.5388086
vt -9.589344 0.5552719
vt -9.673999 0.5214241
vt -9.589344 0.5388086
vt -9.518534 0.5552719
vt -9.593584 0.5214241
vt -9.518534 0.5388086
vt -9.52453 0.5214241
vt -9.4642 0.5552719
vt -9.4642 0.5388086
vt -9.846001 0.4992045
vt -9.935326 0.4838503
vt -9.935327 0.4992044
vt -9.846001 0.4838503
vt -9.750145 0.4992045
vt -9.930734 0.4676397
vt -9.843623 0.4676397
vt -10.00554 0.4676397
vt -10.01203 0.4838503
vt -9.488256 0.4838503
vt -9.494755 0.4676397
vt -9.569556 0.4676397
vt -9.564962 0.4838503
vt -9.656666 0.4676397
vt -9.654289 0.4838503
vt -9.564962 0.4992045
vt -9.750145 0.4676397
vt -9.654289 0.4992045
vt -9.750145 0.4838503
vt -9.76682 0.8702715
vt -9.76682 0.8654907
vt -9.773048 0.8646715
vt -9.774273 0.8692415
vt -9.76682 0.8414257
vt -9.749803 0.8584431
vt -9.745979 0.8534601
vt -9.754786 0.8622683
vt -9.76059 0.8646715
vt -9.76682 0.8654907
vt -9.773048 0.8646715
vt -9.778852 0.8622683
vt -9.783834 0.8584431
vt -9.787659 0.8534601
vt -9.790064 0.8476561
vt -9.790883 0.8414257
vt -9.790064 0.8351982
vt -9.787659 0.8293942
vt -9.783834 0.8244084
vt -9.778852 0.8205851
vt -9.773048 0.8181809
vt -9.76682 0.8173626
vt -9.76059 0.8181809
vt -9.754786 0.8205851
vt -9.749803 0.8244084
vt -9.745979 0.8293942
vt -9.76682 0.8414257
vt -9.745979 0.8534601
vt -9.743574 0.8476561
vt -9.742754 0.8414257
vt -9.743574 0.8351982
vt -9.745979 0.8293942
vt -9.301909 0.1785048
vt -9.36813 0.1084688
vt -9.395559 0.1265886
vt -9.416609 0.1502035
vt -9.438931 0.08925229
vt -9.469728 0.123803
vt -9.3988 0.06274205
vt -9.336188 0.09707719
vt -9.301909 0.1785048
vt -9.301909 0.09319383
vt -9.352065 0.04607278
vt -9.267631 0.09707719
vt -9.235687 0.1084688
vt -9.301909 0.0403946
vt -9.251753 0.04607278
vt -9.484296 0.05019933
vt -9.430878 0.01491147
vt -9.368669 -0.007277668
vt -9.525288 0.09618837
vt -9.301909 -0.0148403
vt -9.205019 0.06274205
vt -9.235149 -0.007277668
vt -9.208258 0.1265886
vt -9.301909 0.1785048
vt -9.517805 0.02135545
vt -9.454573 -0.02041739
vt -9.380935 -0.04668254
vt -9.566327 0.07579023
vt -9.301909 -0.05563086
vt -9.172941 0.01491147
vt -9.164886 0.08925232
vt -9.222883 -0.04668254
vt -9.187208 0.1502035
vt -9.17398 0.1777027
vt -9.169466 0.2072123
vt -9.134089 0.123803
vt -9.119521 0.05019936
vt -9.114733 0.1640414
vt -9.149246 -0.02041736
vt -9.078529 0.0961884
vt -9.086012 0.02135548
vt -9.301909 -0.08826083
vt -9.213074 -0.07819764
vt -9.130293 -0.04867667
vt -9.390745 -0.07819766
vt -9.473524 -0.04867667
vt -9.544607 -0.001719654
vt -9.599154 0.05947572
vt -9.301909 -0.1128761
vt -9.205674 -0.1019737
vt -9.398144 -0.1019737
vt -9.487817 -0.06999224
vt -9.564823 -0.0191223
vt -9.623911 0.04717046
vt -9.116 -0.06999224
vt -9.661055 0.1243694
vt -9.05921 -0.001719624
vt -9.038995 -0.01912227
vt -9.633442 0.130739
vt -9.673726 0.2072132
vt -9.004665 0.05947575
vt -8.979908 0.04717049
vt -9.037491 0.07579026
vt -9.645137 0.2072132
vt -9.661055 0.290057
vt -9.596829 0.1391838
vt -8.970375 0.1307391
vt -8.942761 0.1243695
vt -9.052763 0.1497429
vt -9.006988 0.1391838
vt -9.633442 0.2836874
vt -9.623911 0.367256
vt -9.607233 0.2072132
vt -8.95868 0.2072133
vt -8.930091 0.2072133
vt -9.108129 0.2072123
vt -8.996586 0.2072133
vt -9.043972 0.2072123
vt -8.970375 0.2836874
vt -8.942761 0.290057
vt -9.17398 0.2367237
vt -9.301909 0.1785048
vt -9.114733 0.2503918
vt -9.006988 0.2752426
vt -9.052763 0.2646864
vt -9.004665 0.3549508
vt -8.979908 0.367256
vt -9.187208 0.2642201
vt -9.134089 0.2906244
vt -9.037491 0.3386362
vt -9.078529 0.3182371
vt -9.05921 0.4161452
vt -9.038995 0.4335488
vt -9.208258 0.287834
vt -9.164886 0.3251742
vt -9.086012 0.3930777
vt -9.119521 0.3642262
vt -9.130296 0.4631022
vt -9.116 0.4844168
vt -9.235687 0.3059548
vt -9.205019 0.3516825
vt -9.26763 0.3173426
vt -9.301909 0.3212317
vt -9.149246 0.4348438
vt -9.172941 0.399514
vt -9.251755 0.3683479
vt -9.213075 0.4926212
vt -9.205676 0.5163944
vt -9.222886 0.4611014
vt -9.23515 0.4216955
vt -9.301909 0.3740328
vt -9.301909 0.502693
vt -9.301909 0.5272997
vt -9.301909 0.470063
vt -9.301909 0.4292648
vt -9.336185 0.3173426
vt -9.301909 0.1785048
vt -9.390742 0.4926212
vt -9.398141 0.5163944
vt -9.352063 0.3683479
vt -9.380932 0.4611014
vt -9.368668 0.4216955
vt -9.473522 0.4631022
vt -9.487817 0.4844168
vt -9.36813 0.3059548
vt -9.398799 0.3516825
vt -9.454571 0.4348438
vt -9.430877 0.399514
vt -9.544607 0.4161451
vt -9.564823 0.4335487
vt -9.395559 0.287834
vt -9.438931 0.3251742
vt -9.517805 0.3930777
vt -9.484296 0.3642262
vt -9.599154 0.3549507
vt -9.416609 0.2642201
vt -9.469728 0.2906244
vt -9.566327 0.3386362
vt -9.596829 0.2752426
vt -9.525288 0.3182371
vt -9.429839 0.2367237
vt -9.551055 0.2646864
vt -9.489085 0.2503918
vt -9.559845 0.2072123
vt -9.434351 0.2072123
vt -9.495688 0.2072123
vt -9.429839 0.1777027
vt -9.489085 0.1640413
vt -9.551055 0.1497429
vt -19.8902 0.7844346
vt -19.88854 0.7852967
vt -19.88854 0.7731063
vt -19.89419 0.79211
vt -19.8902 0.7927288
vt -19.89419 0.7840785
vt -19.93307 0.7844883
vt -19.93142 0.7722983
vt -19.93307 0.7714365
vt -19.93707 0.7710789
vt -19.93307 0.7618812
vt -19.93707 0.7844883
vt -19.93707 0.761264
vt -19.94107 0.7844883
vt -19.94107 0.7714365
vt -19.94107 0.7618812
vt -19.94273 0.7844883
vt -19.94273 0.7722983
vt -19.84567 0.7730969
vt -19.84732 0.7844187
vt -19.84567 0.7852803
vt -19.85132 0.7840628
vt -19.85132 0.7920897
vt -19.84732 0.792708
vt -19.72269 0.8042319
vt -19.71884 0.7933255
vt -19.72269 0.7936683
vt -19.71884 0.8042319
vt -19.71724 0.7924942
vt -19.71724 0.8042319
vt -19.71884 0.8151397
vt -19.71724 0.8159696
vt -19.72269 0.8147954
vt -19.71884 0.8151397
vt -19.71884 0.8042319
vt -19.72269 0.8042319
vt -19.85132 0.7840628
vt -19.85532 0.792708
vt -19.85132 0.7920897
vt -19.85532 0.7844187
vt -19.85132 0.7730969
vt -19.85532 0.7730969
vt -19.85697 0.7852803
vt -19.85697 0.7730969
vt -19.85132 0.762131
vt -19.85532 0.7617736
vt -19.84732 0.7617736
vt -19.84732 0.7730969
vt -19.84732 0.7844187
vt -19.84567 0.7730969
vt -19.85132 0.7541027
vt -19.85532 0.7534844
vt -19.85532 0.7617736
vt -19.85132 0.762131
vt -19.85697 0.7609121
vt -19.85697 0.7730969
vt -19.85532 0.7730969
vt -19.67982 0.8941243
vt -19.68369 0.9050984
vt -19.67982 0.9047506
vt -19.68369 0.8941243
vt -19.68529 0.9059319
vt -19.68529 0.8941243
vt -19.68369 0.8831502
vt -19.68529 0.8823137
vt -19.67982 0.8834952
vt -19.68369 0.8831502
vt -19.68369 0.8941243
vt -19.67982 0.8941243
vt -19.67594 0.8831502
vt -19.67594 0.8941243
vt -19.67434 0.8823137
vt -19.67982 0.9047506
vt -19.89419 0.762134
vt -19.8902 0.7617764
vt -19.8902 0.7534822
vt -19.89419 0.7731063
vt -19.8902 0.7731063
vt -19.88854 0.7609143
vt -19.88854 0.7731063
vt -19.8902 0.7844346
vt -19.89419 0.7840785
vt -19.89819 0.7844346
vt -19.89819 0.7731063
vt -19.89985 0.7852967
vt -19.89819 0.7617764
vt -19.89985 0.7731063
vt -19.89985 0.7609143
vt -19.89419 0.762134
vt -19.8902 0.7534822
vt -19.89419 0.754101
vt -19.89819 0.7617764
vt -19.89819 0.7534822
vt -19.64307 0.8763041
vt -19.64214 0.8779168
vt -19.63251 0.8682824
vt -19.63412 0.867352
vt -19.59689 0.8675373
vt -19.59845 0.8684394
vt -19.58911 0.8777805
vt -19.58821 0.8762169
vt -19.54521 0.8706008
vt -19.54613 0.8690064
vt -19.55566 0.8785392
vt -19.55407 0.8794599
vt -19.50558 0.8793377
vt -19.50401 0.8784356
vt -19.51336 0.8690963
vt -19.51426 0.8706583
vt -19.64214 0.8779168
vt -19.64121 0.8795278
vt -19.6309 0.8692145
vt -19.63251 0.8682824
vt -19.81388 0.7534828
vt -19.81228 0.7409378
vt -19.81388 0.7417648
vt -19.81228 0.7534828
vt -19.80844 0.7405927
vt -19.80844 0.7534828
vt -19.81228 0.766025
vt -19.80844 0.7663701
vt -19.81388 0.765198
vt -19.81228 0.766025
vt -19.81228 0.7534828
vt -19.81388 0.7534828
vt -19.59845 0.8684394
vt -19.60001 0.869343
vt -19.59002 0.8793425
vt -19.58911 0.8777805
vt -19.9745 0.7844883
vt -19.97616 0.7975118
vt -19.9745 0.7966503
vt -19.97616 0.7844883
vt -19.9745 0.7723249
vt -19.97616 0.7714649
vt -19.54613 0.8690064
vt -19.54705 0.8674105
vt -19.55726 0.8776184
vt -19.55566 0.8785392
vt -19.76013 0.8080801
vt -19.76172 0.8206242
vt -19.76013 0.8197958
vt -19.76172 0.8080801
vt -19.76557 0.8209679
vt -19.76557 0.8080801
vt -19.76941 0.8206242
vt -19.76941 0.8080801
vt -19.76557 0.7951937
vt -19.771 0.8197958
vt -19.771 0.8080801
vt -19.76013 0.7963644
vt -19.76172 0.8080801
vt -19.76013 0.8080801
vt -19.76172 0.7955374
vt -19.76557 0.8080801
vt -19.76557 0.7951937
vt -19.76941 0.7955374
vt -19.76941 0.8080801
vt -19.771 0.8080801
vt -19.771 0.7963644
vt -19.50401 0.8784356
vt -19.50245 0.8775335
vt -19.51245 0.8675327
vt -19.51336 0.8690963
vt -19.94273 0.7966769
vt -19.94107 0.7844883
vt -19.94273 0.7844883
vt -19.94107 0.7975402
vt -19.93707 0.7844883
vt -19.93707 0.7978962
vt -19.94107 0.807094
vt -19.93707 0.8077126
vt -19.93307 0.7844883
vt -19.93307 0.7714365
vt -19.93307 0.7975402
vt -19.93307 0.807094
vt -19.93142 0.7844883
vt -19.93142 0.7966769
vt -19.93142 0.7722983
vt -19.97616 0.7975118
vt -19.98014 0.807662
vt -19.97616 0.8070447
vt -19.98014 0.797867
vt -19.97616 0.7844883
vt -19.98413 0.8070447
vt -19.98014 0.7844883
vt -19.98413 0.7975118
vt -19.98413 0.7844883
vt -19.98579 0.7966503
vt -19.98579 0.7844883
vt -19.97616 0.7714649
vt -19.98014 0.7844883
vt -19.97616 0.7844883
vt -19.98014 0.7711082
vt -19.97616 0.7619305
vt -19.98413 0.7844883
vt -19.98014 0.7613146
vt -19.98413 0.7714649
vt -19.98413 0.7619305
vt -19.98579 0.7844883
vt -19.98579 0.7723249
vt -19.80844 0.7534828
vt -19.8046 0.7409378
vt -19.80844 0.7405927
vt -19.8046 0.7534828
vt -19.80301 0.7417648
vt -19.80301 0.7534828
vt -19.80844 0.7663701
vt -19.8046 0.7534828
vt -19.80844 0.7534828
vt -19.8046 0.766025
vt -19.80301 0.7534828
vt -19.80301 0.765198
vt -19.47139 0.8990653
vt -19.46983 0.89996
vt -19.46048 0.8906155
vt -19.46138 0.889056
vt -19.41851 0.9008743
vt -19.41761 0.8993145
vt -19.42695 0.8899686
vt -19.42851 0.8908696
vt -19.38386 0.900943
vt -19.38477 0.8993622
vt -19.37534 0.8899335
vt -19.37377 0.8908431
vt -19.33088 0.8908427
vt -19.33246 0.889933
vt -19.3419 0.8993626
vt -19.34099 0.9009435
vt -19.46983 0.89996
vt -19.46826 0.9008671
vt -19.45958 0.8921812
vt -19.46048 0.8906155
vt -19.72813 0.8042319
vt -19.72654 0.7933255
vt -19.72813 0.7924942
vt -19.72654 0.8042319
vt -19.72813 0.8159696
vt -19.72269 0.7936683
vt -19.72654 0.8151397
vt -19.72269 0.8042319
vt -19.72269 0.8147954
vt -19.41761 0.8993145
vt -19.41671 0.8977486
vt -19.42539 0.8890675
vt -19.42695 0.8899686
vt -19.84567 0.7609121
vt -19.84732 0.7730969
vt -19.84567 0.7730969
vt -19.84732 0.7617736
vt -19.84732 0.7534844
vt -19.85132 0.762131
vt -19.85132 0.7541027
vt -19.38477 0.8993622
vt -19.38568 0.8977876
vt -19.37692 0.8890175
vt -19.37534 0.8899335
vt -19.67434 0.8941243
vt -19.67594 0.9050984
vt -19.67434 0.9059319
vt -19.67594 0.8941243
vt -19.67434 0.8823137
vt -19.67982 0.9047506
vt -19.33246 0.889933
vt -19.33404 0.889017
vt -19.34281 0.8977878
vt -19.3419 0.8993626
vt -19.89819 0.7927288
vt -19.89419 0.79211
vt -19.89419 0.7840785
vt -19.89819 0.7844346
vt -19.04821 0.1783641
vt -19.03585 0.1523291
vt -19.04821 0.1478379
vt -19.03585 0.1809571
vt -19.04821 0.2200624
vt -19.03585 0.2200624
vt -19.70057 0.5982579
vt -19.71168 0.6005891
vt -19.71168 0.6357461
vt -19.70057 0.6357461
vt -19.71168 0.670903
vt -19.70057 0.6732342
vt -19.04558 0.7326767
vt -19.03322 0.728186
vt -19.03322 0.6995607
vt -19.04558 0.7021534
vt -19.04558 0.7021534
vt -19.03322 0.6995607
vt -19.03322 0.6604591
vt -19.04558 0.6604591
vt -19.03322 0.6213575
vt -19.04558 0.6187632
vt -19.03322 0.5927322
vt -19.04558 0.5882399
vt -19.75515 0.6732441
vt -19.74404 0.6709133
vt -19.74404 0.6357602
vt -19.75515 0.6357602
vt -19.74404 0.600607
vt -19.75515 0.5982763
vt -19.04821 0.2922869
vt -19.03585 0.2877958
vt -19.03585 0.2591677
vt -19.04821 0.2617607
vt -19.03585 0.2200624
vt -19.04821 0.2200624
vt -19.02652 0.2200624
vt -19.02652 0.2533615
vt -19.02652 0.1867664
vt -19.03585 0.1809571
vt -19.22278 0.2726626
vt -19.23166 0.267536
vt -19.25317 0.2890468
vt -19.24804 0.2979259
vt -19.28255 0.2969186
vt -19.28255 0.3071718
vt -19.31194 0.2890468
vt -19.31706 0.2979259
vt -19.31706 0.2979259
vt -19.33345 0.267536
vt -19.34233 0.2726626
vt -19.31194 0.2890468
vt -19.30108 0.2702458
vt -19.28255 0.2752081
vt -19.28255 0.2969186
vt -19.31464 0.2566808
vt -19.34132 0.2381535
vt -19.26402 0.2702458
vt -19.25317 0.2890468
vt -19.28255 0.2381535
vt -19.31961 0.2381535
vt -19.25046 0.2566808
vt -19.23166 0.267536
vt -19.33345 0.2087682
vt -19.2455 0.2381535
vt -19.22379 0.2381535
vt -19.25046 0.2196234
vt -19.23166 0.2087682
vt -19.31464 0.2196234
vt -19.31194 0.1872602
vt -19.34233 0.2036443
vt -19.31706 0.1783811
vt -19.30108 0.2060612
vt -19.28255 0.1793856
vt -19.28255 0.1691325
vt -19.26402 0.2060612
vt -19.28255 0.2010961
vt -19.25317 0.1872602
vt -19.24804 0.1783811
vt -19.22278 0.2036443
vt -19.03322 0.6995607
vt -19.0239 0.693752
vt -19.0239 0.6604591
vt -19.03322 0.6604591
vt -19.0239 0.6271647
vt -19.03322 0.6213575
vt -19.50924 0.6280935
vt -19.54012 0.6280935
vt -19.54012 0.6503313
vt -19.50924 0.6503313
vt -19.54012 0.6807057
vt -19.50924 0.6807057
vt -19.83896 0.6084592
vt -19.81021 0.5801892
vt -19.83896 0.5801892
vt -19.81021 0.6084592
vt -19.83896 0.6367293
vt -19.81021 0.6367293
vt -19.61571 0.7110792
vt -19.64659 0.7333117
vt -19.61571 0.7333117
vt -19.64659 0.7110792
vt -19.61571 0.6807086
vt -19.64659 0.6807086
vt -19.61571 0.6503381
vt -19.64659 0.6807086
vt -19.61571 0.6807086
vt -19.64659 0.6503381
vt -19.61571 0.6281042
vt -19.64659 0.6281042
vt -19.91669 0.6084639
vt -19.94544 0.6367354
vt -19.91669 0.6367354
vt -19.94544 0.6084639
vt -19.91669 0.5801924
vt -19.94544 0.5801924
vt -19.50924 0.7110829
vt -19.54012 0.7333177
vt -19.50924 0.7333177
vt -19.54012 0.7110829
vt -19.50924 0.6807057
vt -19.54012 0.6807057
vt -19.24322 0.6276888
vt -19.271 0.6758049
vt -19.22288 0.6480249
vt -19.271 0.620245
vt -19.21544 0.6758049
vt -19.29878 0.6276888
vt -19.22288 0.7035848
vt -19.31912 0.6480249
vt -19.24322 0.7239222
vt -19.32656 0.6758049
vt -19.271 0.7313647
vt -19.31912 0.7035848
vt -19.29878 0.7239222
vt -19.71059 0.1924027
vt -19.71827 0.2057099
vt -19.69794 0.2260453
vt -19.68463 0.218363
vt -19.74605 0.1828991
vt -19.69049 0.2538242
vt -19.74605 0.1982663
vt -19.67513 0.2538242
vt -19.78151 0.1924027
vt -19.69794 0.2816032
vt -19.77383 0.2057099
vt -19.68463 0.2892869
vt -19.80747 0.218363
vt -19.71827 0.3019399
vt -19.79416 0.2260453
vt -19.71059 0.3152471
vt -19.81697 0.2538242
vt -19.74605 0.3093821
vt -19.80161 0.2538242
vt -19.74605 0.3247494
vt -19.80747 0.2892869
vt -19.77383 0.3019399
vt -19.79416 0.2816032
vt -19.78151 0.3152471
vt -29.86881 0.7688709
vt -29.85096 0.7585633
vt -29.8585 0.7510173
vt -29.8482 0.7688709
vt -29.86881 0.7482556
vt -29.85096 0.779178
vt -29.87911 0.7510173
vt -29.8585 0.7867239
vt -29.88666 0.7585633
vt -29.86881 0.7894857
vt -29.88943 0.7688709
vt -29.87911 0.7867239
vt -29.88666 0.779178
usemtl Sink1_Primary_Mat
f 3/3/3 2/2/2 1/1/1
f 2/2/2 5/5/5 4/4/4
f 5/5/5 6/6/6 4/4/4
f 9/9/9 8/8/8 7/7/7
f 12/12/12 11/11/11 10/10/10
f 15/15/15 14/14/14 13/13/13
f 18/18/18 17/17/17 16/16/16
f 21/21/21 20/20/20 19/19/19
f 24/24/24 23/23/23 22/22/22
f 27/27/27 26/26/26 25/25/25
f 30/30/30 29/29/29 28/28/28
f 32/32/32 31/31/31 29/29/29
f 31/31/31 34/34/34 33/33/33
f 33/33/33 34/34/34 35/35/35
f 34/34/34 36/36/36 35/35/35
f 39/39/39 38/38/38 37/37/37
f 41/41/41 39/39/39 40/40/40
f 43/43/43 40/40/40 42/42/42
f 42/42/42 45/45/45 44/44/44
f 45/45/45 46/46/46 44/44/44
f 49/49/49 48/48/48 47/47/47
f 51/51/51 50/50/50 49/49/49
f 52/52/52 51/51/51 49/49/49
f 52/52/52 49/49/49 53/53/53
f 54/54/54 51/51/51 52/52/52
f 55/55/55 52/52/52 53/53/53
f 56/56/56 54/54/54 52/52/52
f 56/56/56 52/52/52 55/55/55
f 57/57/57 54/54/54 56/56/56
f 58/58/58 56/56/56 55/55/55
f 59/59/59 57/57/57 56/56/56
f 59/59/59 56/56/56 58/58/58
f 60/60/60 57/57/57 59/59/59
f 61/61/61 59/59/59 58/58/58
f 62/62/62 60/60/60 59/59/59
f 62/62/62 59/59/59 61/61/61
f 63/63/63 60/60/60 62/62/62
f 64/64/64 62/62/62 61/61/61
f 65/65/65 63/63/63 62/62/62
f 65/65/65 62/62/62 64/64/64
f 66/66/66 63/63/63 65/65/65
f 67/67/67 65/65/65 64/64/64
f 68/68/68 66/66/66 65/65/65
f 68/68/68 65/65/65 67/67/67
f 69/69/69 68/68/68 67/67/67
f 70/70/70 68/68/68 69/69/69
f 71/71/71 70/70/70 69/69/69
f 74/74/74 73/73/73 72/72/72
f 77/77/77 76/76/76 75/75/75
f 78/78/78 77/77/77 75/75/75
f 79/79/79 78/78/78 75/75/75
f 80/80/80 79/79/79 75/75/75
f 81/81/81 77/77/77 78/78/78
f 77/77/77 81/81/81 82/82/82
f 83/83/83 77/77/77 82/82/82
f 84/84/84 81/81/81 78/78/78
f 84/84/84 78/78/78 79/79/79
f 85/85/85 84/84/84 79/79/79
f 85/85/85 79/79/79 86/86/86
f 87/87/87 85/85/85 86/86/86
f 90/90/90 89/89/89 88/88/88
f 91/91/91 90/90/90 88/88/88
f 91/91/91 88/88/88 92/92/92
f 92/92/92 88/88/88 93/93/93
f 94/94/94 90/90/90 91/91/91
f 95/95/95 94/94/94 91/91/91
f 90/90/90 94/94/94 96/96/96
f 97/97/97 90/90/90 96/96/96
f 98/98/98 94/94/94 95/95/95
f 99/99/99 98/98/98 95/95/95
f 100/100/100 96/96/96 94/94/94
f 98/98/98 100/100/100 94/94/94
f 97/97/97 96/96/96 101/101/101
f 102/102/102 97/97/97 101/101/101
f 103/103/103 98/98/98 99/99/99
f 104/104/104 103/103/103 99/99/99
f 103/103/103 104/104/104 105/105/105
f 106/106/106 101/101/101 96/96/96
f 100/100/100 106/106/106 96/96/96
f 102/102/102 101/101/101 107/107/107
f 107/107/107 101/101/101 106/106/106
f 108/108/108 102/102/102 107/107/107
f 109/109/109 107/107/107 106/106/106
f 109/109/109 106/106/106 110/110/110
f 111/111/111 100/100/100 98/98/98
f 103/103/103 111/111/111 98/98/98
f 112/112/112 106/106/106 100/100/100
f 111/111/111 112/112/112 100/100/100
f 106/106/106 112/112/112 110/110/110
f 113/113/113 111/111/111 103/103/103
f 112/112/112 111/111/111 113/113/113
f 114/114/114 103/103/103 105/105/105
f 114/114/114 113/113/113 103/103/103
f 115/115/115 114/114/114 105/105/105
f 116/116/116 115/115/115 105/105/105
f 117/117/117 113/113/113 114/114/114
f 115/115/115 117/117/117 114/114/114
f 118/118/118 112/112/112 113/113/113
f 119/119/119 110/110/110 112/112/112
f 118/118/118 119/119/119 112/112/112
f 120/120/120 118/118/118 113/113/113
f 117/117/117 120/120/120 113/113/113
f 121/121/121 119/119/119 118/118/118
f 120/120/120 121/121/121 118/118/118
f 115/115/115 122/122/122 117/117/117
f 122/122/122 123/123/123 117/117/117
f 117/117/117 123/123/123 120/120/120
f 124/124/124 122/122/122 115/115/115
f 116/116/116 124/124/124 115/115/115
f 123/123/123 125/125/125 120/120/120
f 120/120/120 125/125/125 121/121/121
f 126/126/126 124/124/124 116/116/116
f 125/125/125 127/127/127 121/121/121
f 128/128/128 126/126/126 116/116/116
f 129/129/129 128/128/128 116/116/116
f 130/130/130 126/126/126 128/128/128
f 121/121/121 127/127/127 131/131/131
f 121/121/121 131/131/131 119/119/119
f 127/127/127 132/132/132 131/131/131
f 133/133/133 130/130/130 128/128/128
f 134/134/134 133/133/133 128/128/128
f 134/134/134 135/135/135 133/133/133
f 136/136/136 130/130/130 133/133/133
f 137/137/137 136/136/136 133/133/133
f 131/131/131 138/138/138 119/119/119
f 119/119/119 138/138/138 110/110/110
f 131/131/131 132/132/132 139/139/139
f 131/131/131 139/139/139 138/138/138
f 132/132/132 140/140/140 139/139/139
f 138/138/138 141/141/141 110/110/110
f 141/141/141 142/142/142 110/110/110
f 142/142/142 141/141/141 143/143/143
f 143/143/143 141/141/141 138/138/138
f 139/139/139 144/144/144 138/138/138
f 144/144/144 143/143/143 138/138/138
f 139/139/139 145/145/145 144/144/144
f 143/143/143 144/144/144 146/146/146
f 145/145/145 146/146/146 144/144/144
f 145/145/145 147/147/147 146/146/146
f 147/147/147 148/148/148 146/146/146
f 147/147/147 149/149/149 148/148/148
f 148/148/148 150/150/150 146/146/146
f 150/150/150 151/151/151 146/146/146
f 152/152/152 151/151/151 150/150/150
f 150/150/150 148/148/148 153/153/153
f 149/149/149 153/153/153 148/148/148
f 149/149/149 154/154/154 153/153/153
f 154/154/154 155/155/155 153/153/153
f 155/155/155 154/154/154 156/156/156
f 159/159/159 158/158/158 157/157/157
f 160/160/160 159/159/159 157/157/157
f 160/160/160 157/157/157 161/161/161
f 162/162/162 160/160/160 161/161/161
f 162/162/162 161/161/161 163/163/163
f 164/164/164 162/162/162 163/163/163
f 162/162/162 165/165/165 160/160/160
f 165/165/165 166/166/166 160/160/160
f 169/169/169 168/168/168 167/167/167
f 170/170/170 169/169/169 167/167/167
f 171/171/171 169/169/169 170/170/170
f 172/172/172 171/171/171 170/170/170
f 173/173/173 170/170/170 167/167/167
f 172/172/172 170/170/170 173/173/173
f 174/174/174 173/173/173 167/167/167
f 175/175/175 172/172/172 173/173/173
f 175/175/175 173/173/173 176/176/176
f 176/176/176 173/173/173 177/177/177
f 180/180/180 179/179/179 178/178/178
f 180/180/180 178/178/178 181/181/181
f 182/182/182 180/180/180 181/181/181
f 181/181/181 178/178/178 183/183/183
f 178/178/178 184/184/184 183/183/183
f 178/178/178 185/185/185 184/184/184
f 185/185/185 186/186/186 184/184/184
f 185/185/185 187/187/187 186/186/186
f 187/187/187 188/188/188 186/186/186
f 183/183/183 184/184/184 189/189/189
f 184/184/184 186/186/186 190/190/190
f 184/184/184 190/190/190 189/189/189
f 186/186/186 188/188/188 191/191/191
f 186/186/186 191/191/191 190/190/190
f 188/188/188 192/192/192 191/191/191
f 188/188/188 193/193/193 192/192/192
f 193/193/193 194/194/194 192/192/192
f 192/192/192 194/194/194 195/195/195
f 196/196/196 191/191/191 192/192/192
f 190/190/190 191/191/191 196/196/196
f 197/197/197 192/192/192 195/195/195
f 197/197/197 196/196/196 192/192/192
f 197/197/197 195/195/195 198/198/198
f 196/196/196 197/197/197 199/199/199
f 196/196/196 199/199/199 200/200/200
f 200/200/200 199/199/199 201/201/201
f 202/202/202 196/196/196 200/200/200
f 202/202/202 190/190/190 196/196/196
f 190/190/190 202/202/202 203/203/203
f 203/203/203 202/202/202 204/204/204
f 189/189/189 190/190/190 203/203/203
f 203/203/203 204/204/204 205/205/205
f 205/205/205 204/204/204 206/206/206
f 207/207/207 203/203/203 205/205/205
f 189/189/189 203/203/203 207/207/207
f 208/208/208 205/205/205 206/206/206
f 209/209/209 189/189/189 207/207/207
f 183/183/183 189/189/189 209/209/209
f 210/210/210 183/183/183 209/209/209
f 211/211/211 210/210/210 209/209/209
f 212/212/212 211/211/211 209/209/209
f 213/213/213 208/208/208 206/206/206
f 208/208/208 213/213/213 214/214/214
f 215/215/215 208/208/208 214/214/214
f 214/214/214 213/213/213 216/216/216
f 214/214/214 216/216/216 217/217/217
f 218/218/218 214/214/214 217/217/217
f 218/218/218 219/219/219 214/214/214
f 218/218/218 217/217/217 220/220/220
f 217/217/217 221/221/221 220/220/220
f 221/221/221 222/222/222 220/220/220
f 223/223/223 221/221/221 217/217/217
f 216/216/216 223/223/223 217/217/217
f 224/224/224 223/223/223 216/216/216
f 225/225/225 224/224/224 216/216/216
f 226/226/226 224/224/224 225/225/225
f 227/227/227 226/226/226 225/225/225
f 228/228/228 226/226/226 227/227/227
f 229/229/229 228/228/228 227/227/227
f 230/230/230 228/228/228 229/229/229
f 231/231/231 230/230/230 229/229/229
f 232/232/232 230/230/230 231/231/231
f 233/233/233 232/232/232 231/231/231
f 236/236/236 235/235/235 234/234/234
f 237/237/237 236/236/236 234/234/234
f 238/238/238 236/236/236 237/237/237
f 239/239/239 238/238/238 237/237/237
f 240/240/240 239/239/239 237/237/237
f 241/241/241 237/237/237 234/234/234
f 241/241/241 240/240/240 237/237/237
f 242/242/242 241/241/241 234/234/234
f 243/243/243 240/240/240 241/241/241
f 244/244/244 241/241/241 242/242/242
f 244/244/244 243/243/243 241/241/241
f 245/245/245 243/243/243 244/244/244
f 246/246/246 244/244/244 242/242/242
f 247/247/247 245/245/245 244/244/244
f 247/247/247 244/244/244 246/246/246
f 248/248/248 247/247/247 246/246/246
f 248/248/248 246/246/246 249/249/249
f 250/250/250 247/247/247 248/248/248
f 253/253/253 252/252/252 251/251/251
f 252/252/252 254/254/254 251/251/251
f 252/252/252 255/255/255 254/254/254
f 256/256/256 255/255/255 252/252/252
f 257/257/257 256/256/256 252/252/252
f 255/255/255 258/258/258 254/254/254
f 255/255/255 259/259/259 258/258/258
f 259/259/259 260/260/260 258/258/258
f 258/258/258 260/260/260 261/261/261
f 262/262/262 254/254/254 258/258/258
f 261/261/261 262/262/262 258/258/258
f 262/262/262 261/261/261 263/263/263
f 264/264/264 262/262/262 263/263/263
f 267/267/267 266/266/266 265/265/265
f 268/268/268 267/267/267 265/265/265
f 271/271/271 270/270/270 269/269/269
f 272/272/272 271/271/271 269/269/269
f 271/271/271 272/272/272 273/273/273
f 272/272/272 274/274/274 273/273/273
f 274/274/274 272/272/272 275/275/275
f 276/276/276 273/273/273 274/274/274
f 277/277/277 274/274/274 275/275/275
f 277/277/277 275/275/275 278/278/278
f 279/279/279 277/277/277 278/278/278
f 280/280/280 276/276/276 274/274/274
f 280/280/280 274/274/274 277/277/277
f 281/281/281 277/277/277 279/279/279
f 281/281/281 280/280/280 277/277/277
f 282/282/282 281/281/281 279/279/279
f 281/281/281 282/282/282 283/283/283
f 284/284/284 281/281/281 283/283/283
f 280/280/280 281/281/281 284/284/284
f 284/284/284 283/283/283 285/285/285
f 286/286/286 284/284/284 285/285/285
f 276/276/276 280/280/280 287/287/287
f 287/287/287 280/280/280 284/284/284
f 287/287/287 284/284/284 286/286/286
f 288/288/288 276/276/276 287/287/287
f 289/289/289 287/287/287 286/286/286
f 287/287/287 289/289/289 288/288/288
f 289/289/289 290/290/290 288/288/288
f 290/290/290 289/289/289 291/291/291
f 292/292/292 290/290/290 291/291/291
f 295/295/295 294/294/294 293/293/293
f 294/294/294 296/296/296 293/293/293
f 297/297/297 293/293/293 296/296/296
f 300/300/300 299/299/299 298/298/298
f 298/298/298 301/301/301 300/300/300
f 301/301/301 302/302/302 300/300/300
f 302/302/302 301/301/301 303/303/303
f 304/304/304 301/301/301 298/298/298
f 305/305/305 304/304/304 298/298/298
f 306/306/306 301/301/301 304/304/304
f 301/301/301 306/306/306 303/303/303
f 307/307/307 306/306/306 304/304/304
f 303/303/303 306/306/306 307/307/307
f 304/304/304 305/305/305 308/308/308
f 309/309/309 303/303/303 307/307/307
f 309/309/309 307/307/307 310/310/310
f 308/308/308 305/305/305 311/311/311
f 305/305/305 312/312/312 311/311/311
f 311/311/311 313/313/313 308/308/308
f 313/313/313 314/314/314 308/308/308
f 315/315/315 308/308/308 314/314/314
f 315/315/315 304/304/304 308/308/308
f 316/316/316 315/315/315 314/314/314
f 315/315/315 316/316/316 317/317/317
f 307/307/307 318/318/318 310/310/310
f 318/318/318 307/307/307 304/304/304
f 310/310/310 318/318/318 319/319/319
f 319/319/319 318/318/318 304/304/304
f 320/320/320 310/310/310 319/319/319
f 321/321/321 320/320/320 319/319/319
f 322/322/322 315/315/315 317/317/317
f 315/315/315 322/322/322 304/304/304
f 322/322/322 317/317/317 323/323/323
f 322/322/322 323/323/323 304/304/304
f 317/317/317 324/324/324 323/323/323
f 323/323/323 324/324/324 321/321/321
f 325/325/325 319/319/319 304/304/304
f 325/325/325 321/321/321 319/319/319
f 323/323/323 325/325/325 304/304/304
f 325/325/325 323/323/323 321/321/321
f 328/328/328 327/327/327 326/326/326
f 327/327/327 328/328/328 329/329/329
f 328/328/328 330/330/330 329/329/329
f 330/330/330 331/331/331 329/329/329
f 331/331/331 332/332/332 329/329/329
f 333/333/333 332/332/332 331/331/331
f 334/334/334 333/333/333 331/331/331
f 335/335/335 334/334/334 331/331/331
f 336/336/336 335/335/335 331/331/331
f 335/335/335 336/336/336 337/337/337
f 333/333/333 334/334/334 338/338/338
f 338/338/338 334/334/334 335/335/335
f 339/339/339 333/333/333 338/338/338
f 339/339/339 338/338/338 340/340/340
f 341/341/341 338/338/338 335/335/335
f 338/338/338 341/341/341 342/342/342
f 341/341/341 335/335/335 343/343/343
f 335/335/335 337/337/337 343/343/343
f 337/337/337 344/344/344 343/343/343
f 345/345/345 344/344/344 337/337/337
f 346/346/346 345/345/345 337/337/337
f 344/344/344 345/345/345 347/347/347
f 348/348/348 344/344/344 347/347/347
f 348/348/348 349/349/349 344/344/344
f 348/348/348 350/350/350 349/349/349
f 350/350/350 348/348/348 347/347/347
f 351/351/351 350/350/350 347/347/347
f 351/351/351 347/347/347 352/352/352
f 353/353/353 351/351/351 352/352/352
f 353/353/353 354/354/354 351/351/351
f 355/355/355 354/354/354 353/353/353
f 355/355/355 356/356/356 354/354/354
f 355/355/355 357/357/357 356/356/356
f 357/357/357 355/355/355 358/358/358
f 359/359/359 357/357/357 358/358/358
f 357/357/357 359/359/359 360/360/360
f 363/363/363 362/362/362 361/361/361
f 364/364/364 363/363/363 361/361/361
f 367/367/367 366/366/366 365/365/365
f 366/366/366 368/368/368 365/365/365
f 365/365/365 368/368/368 369/369/369
f 368/368/368 370/370/370 369/369/369
f 369/369/369 370/370/370 371/371/371
f 370/370/370 372/372/372 371/371/371
f 373/373/373 371/371/371 372/372/372
f 374/374/374 373/373/373 372/372/372
f 375/375/375 373/373/373 374/374/374
f 376/376/376 375/375/375 374/374/374
f 377/377/377 375/375/375 376/376/376
f 378/378/378 377/377/377 376/376/376
f 381/381/381 380/380/380 379/379/379
f 382/382/382 381/381/381 379/379/379
f 383/383/383 381/381/381 382/382/382
f 384/384/384 383/383/383 382/382/382
f 385/385/385 383/383/383 384/384/384
f 386/386/386 385/385/385 384/384/384
f 387/387/387 385/385/385 386/386/386
f 390/390/390 389/389/389 388/388/388
f 391/391/391 389/389/389 390/390/390
f 392/392/392 391/391/391 390/390/390
f 393/393/393 391/391/391 392/392/392
f 394/394/394 393/393/393 392/392/392
f 393/393/393 394/394/394 395/395/395
f 396/396/396 393/393/393 395/395/395
f 396/396/396 395/395/395 397/397/397
f 398/398/398 396/396/396 397/397/397
f 398/398/398 397/397/397 399/399/399
f 400/400/400 398/398/398 399/399/399
f 400/400/400 399/399/399 401/401/401
f 402/402/402 400/400/400 401/401/401
f 402/402/402 401/401/401 403/403/403
f 404/404/404 402/402/402 403/403/403
f 404/404/404 403/403/403 405/405/405
f 406/406/406 404/404/404 405/405/405
f 406/406/406 405/405/405 407/407/407
f 406/406/406 408/408/408 404/404/404
f 408/408/408 409/409/409 404/404/404
f 410/410/410 408/408/408 406/406/406
f 411/411/411 406/406/406 407/407/407
f 411/411/411 410/410/410 406/406/406
f 412/412/412 410/410/410 411/411/411
f 411/411/411 407/407/407 413/413/413
f 414/414/414 412/412/412 411/411/411
f 414/414/414 411/411/411 413/413/413
f 414/414/414 413/413/413 415/415/415
f 416/416/416 414/414/414 415/415/415
f 415/415/415 417/417/417 416/416/416
f 417/417/417 418/418/418 416/416/416
f 421/421/421 420/420/420 419/419/419
f 421/421/421 419/419/419 422/422/422
f 423/423/423 421/421/421 422/422/422
f 426/426/426 425/425/425 424/424/424
f 427/427/427 426/426/426 424/424/424
f 427/427/427 424/424/424 428/428/428
f 429/429/429 427/427/427 428/428/428
f 430/430/430 429/429/429 428/428/428
f 431/431/431 430/430/430 428/428/428
f 434/434/434 433/433/433 432/432/432
f 435/435/435 434/434/434 432/432/432
f 436/436/436 435/435/435 432/432/432
f 437/437/437 436/436/436 432/432/432
f 437/437/437 438/438/438 436/436/436
f 438/438/438 439/439/439 436/436/436
f 442/442/442 441/441/441 440/440/440
f 443/443/443 442/442/442 440/440/440
f 446/446/446 445/445/445 444/444/444
f 447/447/447 445/445/445 446/446/446
f 448/448/448 447/447/447 446/446/446
f 449/449/449 448/448/448 446/446/446
f 449/449/449 450/450/450 448/448/448
f 450/450/450 449/449/449 451/451/451
f 450/450/450 452/452/452 448/448/448
f 448/448/448 452/452/452 447/447/447
f 452/452/452 453/453/453 447/447/447
f 447/447/447 453/453/453 454/454/454
f 453/453/453 455/455/455 454/454/454
f 454/454/454 455/455/455 456/456/456
f 455/455/455 457/457/457 456/456/456
f 456/456/456 457/457/457 458/458/458
f 457/457/457 459/459/459 458/458/458
f 462/462/462 461/461/461 460/460/460
f 461/461/461 462/462/462 463/463/463
f 461/461/461 463/463/463 464/464/464
f 462/462/462 465/465/465 463/463/463
f 466/466/466 465/465/465 462/462/462
f 463/463/463 465/465/465 467/467/467
f 468/468/468 464/464/464 463/463/463
f 467/467/467 468/468/468 463/463/463
f 465/465/465 466/466/466 469/469/469
f 465/465/465 469/469/469 467/467/467
f 467/467/467 470/470/470 468/468/468
f 471/471/471 470/470/470 467/467/467
f 469/469/469 471/471/471 467/467/467
f 470/470/470 472/472/472 468/468/468
f 473/473/473 471/471/471 469/469/469
f 468/468/468 472/472/472 474/474/474
f 468/468/468 474/474/474 464/464/464
f 472/472/472 475/475/475 474/474/474
f 476/476/476 473/473/473 469/469/469
f 466/466/466 476/476/476 469/469/469
f 477/477/477 473/473/473 476/476/476
f 474/474/474 478/478/478 464/464/464
f 464/464/464 478/478/478 479/479/479
f 478/478/478 474/474/474 480/480/480
f 479/479/479 478/478/478 481/481/481
f 481/481/481 478/478/478 480/480/480
f 481/481/481 480/480/480 482/482/482
f 466/466/466 483/483/483 476/476/476
f 484/484/484 483/483/483 466/466/466
f 485/485/485 477/477/477 476/476/476
f 483/483/483 485/485/485 476/476/476
f 486/486/486 477/477/477 485/485/485
f 487/487/487 483/483/483 484/484/484
f 483/483/483 487/487/487 485/485/485
f 488/488/488 487/487/487 484/484/484
f 489/489/489 486/486/486 485/485/485
f 487/487/487 489/489/489 485/485/485
f 490/490/490 486/486/486 489/489/489
f 491/491/491 490/490/490 489/489/489
f 487/487/487 492/492/492 489/489/489
f 492/492/492 491/491/491 489/489/489
f 492/492/492 487/487/487 488/488/488
f 492/492/492 493/493/493 491/491/491
f 494/494/494 493/493/493 492/492/492
f 495/495/495 492/492/492 488/488/488
f 495/495/495 494/494/494 492/492/492
f 496/496/496 495/495/495 488/488/488
f 495/495/495 496/496/496 494/494/494
f 497/497/497 496/496/496 488/488/488
f 498/498/498 497/497/497 488/488/488
f 496/496/496 499/499/499 494/494/494
f 500/500/500 496/496/496 497/497/497
f 499/499/499 496/496/496 500/500/500
f 501/501/501 497/497/497 498/498/498
f 501/501/501 500/500/500 497/497/497
f 494/494/494 499/499/499 502/502/502
f 494/494/494 502/502/502 503/503/503
f 499/499/499 504/504/504 502/502/502
f 502/502/502 504/504/504 505/505/505
f 504/504/504 506/506/506 505/505/505
f 505/505/505 506/506/506 507/507/507
f 506/506/506 508/508/508 507/507/507
f 509/509/509 504/504/504 499/499/499
f 504/504/504 509/509/509 506/506/506
f 506/506/506 510/510/510 508/508/508
f 509/509/509 510/510/510 506/506/506
f 510/510/510 511/511/511 508/508/508
f 509/509/509 512/512/512 510/510/510
f 512/512/512 513/513/513 510/510/510
f 514/514/514 509/509/509 499/499/499
f 514/514/514 515/515/515 509/509/509
f 514/514/514 499/499/499 500/500/500
f 516/516/516 515/515/515 514/514/514
f 500/500/500 516/516/516 514/514/514
f 516/516/516 517/517/517 515/515/515
f 518/518/518 516/516/516 500/500/500
f 501/501/501 518/518/518 500/500/500
f 519/519/519 518/518/518 501/501/501
f 520/520/520 519/519/519 501/501/501
f 520/520/520 501/501/501 498/498/498
f 520/520/520 498/498/498 521/521/521
f 498/498/498 522/522/522 521/521/521
f 521/521/521 522/522/522 523/523/523
f 523/523/523 524/524/524 521/521/521
f 522/522/522 525/525/525 523/523/523
f 522/522/522 526/526/526 525/525/525
f 523/523/523 525/525/525 527/527/527
f 524/524/524 523/523/523 528/528/528
f 523/523/523 527/527/527 528/528/528
f 524/524/524 528/528/528 529/529/529
f 529/529/529 528/528/528 530/530/530
f 529/529/529 530/530/530 531/531/531
f 528/528/528 532/532/532 530/530/530
f 532/532/532 528/528/528 527/527/527
f 533/533/533 532/532/532 527/527/527
f 534/534/534 533/533/533 527/527/527
f 537/537/537 536/536/536 535/535/535
f 536/536/536 538/538/538 535/535/535
f 538/538/538 539/539/539 535/535/535
f 539/539/539 540/540/540 535/535/535
f 540/540/540 539/539/539 541/541/541
f 539/539/539 542/542/542 541/541/541
f 539/539/539 543/543/543 542/542/542
f 543/543/543 544/544/544 542/542/542
f 542/542/542 544/544/544 545/545/545
f 544/544/544 546/546/546 545/545/545
f 549/549/549 548/548/548 547/547/547
f 548/548/548 550/550/550 547/547/547
f 547/547/547 550/550/550 551/551/551
f 550/550/550 552/552/552 551/551/551
f 555/555/555 554/554/554 553/553/553
f 556/556/556 555/555/555 553/553/553
f 559/559/559 558/558/558 557/557/557
f 560/560/560 559/559/559 557/557/557
f 561/561/561 559/559/559 560/560/560
f 561/561/561 562/562/562 559/559/559
f 562/562/562 563/563/563 559/559/559
f 564/564/564 561/561/561 560/560/560
f 565/565/565 561/561/561 564/564/564
f 566/566/566 565/565/565 564/564/564
f 566/566/566 564/564/564 567/567/567
f 560/560/560 568/568/568 564/564/564
f 568/568/568 567/567/567 564/564/564
f 567/567/567 568/568/568 569/569/569
f 568/568/568 570/570/570 569/569/569
f 573/573/573 572/572/572 571/571/571
f 574/574/574 573/573/573 571/571/571
f 577/577/577 576/576/576 575/575/575
f 578/578/578 577/577/577 575/575/575
f 581/581/581 580/580/580 579/579/579
f 580/580/580 582/582/582 579/579/579
f 580/580/580 583/583/583 582/582/582
f 583/583/583 584/584/584 582/582/582
f 587/587/587 586/586/586 585/585/585
f 588/588/588 587/587/587 585/585/585
f 591/591/591 590/590/590 589/589/589
f 590/590/590 592/592/592 589/589/589
f 589/589/589 592/592/592 593/593/593
f 592/592/592 594/594/594 593/593/593
f 592/592/592 595/595/595 594/594/594
f 593/593/593 594/594/594 596/596/596
f 594/594/594 597/597/597 596/596/596
f 596/596/596 597/597/597 598/598/598
f 597/597/597 599/599/599 598/598/598
f 602/602/602 601/601/601 600/600/600
f 603/603/603 602/602/602 600/600/600
f 604/604/604 602/602/602 603/603/603
f 605/605/605 604/604/604 603/603/603
f 606/606/606 604/604/604 605/605/605
f 607/607/607 606/606/606 605/605/605
f 608/608/608 606/606/606 607/607/607
f 609/609/609 608/608/608 607/607/607
f 610/610/610 608/608/608 609/609/609
f 611/611/611 610/610/610 609/609/609
f 612/612/612 610/610/610 611/611/611
f 613/613/613 612/612/612 611/611/611
f 612/612/612 614/614/614 610/610/610
f 614/614/614 615/615/615 610/610/610
f 616/616/616 612/612/612 613/613/613
f 617/617/617 616/616/616 613/613/613
f 620/620/620 619/619/619 618/618/618
f 621/621/621 620/620/620 618/618/618
f 622/622/622 620/620/620 621/621/621
f 623/623/623 622/622/622 621/621/621
f 624/624/624 622/622/622 623/623/623
f 624/624/624 625/625/625 622/622/622
f 626/626/626 625/625/625 624/624/624
f 627/627/627 624/624/624 623/623/623
f 628/628/628 626/626/626 624/624/624
f 628/628/628 624/624/624 627/627/627
f 629/629/629 628/628/628 627/627/627
f 630/630/630 628/628/628 629/629/629
f 631/631/631 630/630/630 629/629/629
f 632/632/632 630/630/630 631/631/631
f 633/633/633 632/632/632 631/631/631
f 636/636/636 635/635/635 634/634/634
f 637/637/637 636/636/636 634/634/634
f 638/638/638 636/636/636 637/637/637
f 639/639/639 638/638/638 637/637/637
f 638/638/638 640/640/640 636/636/636
f 640/640/640 641/641/641 636/636/636
f 642/642/642 640/640/640 638/638/638
f 643/643/643 638/638/638 639/639/639
f 643/643/643 642/642/642 638/638/638
f 644/644/644 643/643/643 639/639/639
f 645/645/645 642/642/642 643/643/643
f 646/646/646 643/643/643 644/644/644
f 646/646/646 645/645/645 643/643/643
f 647/647/647 646/646/646 644/644/644
f 648/648/648 645/645/645 646/646/646
f 649/649/649 648/648/648 646/646/646
f 652/652/652 651/651/651 650/650/650
f 650/650/650 651/651/651 653/653/653
f 651/651/651 654/654/654 653/653/653
f 657/657/657 656/656/656 655/655/655
f 658/658/658 657/657/657 655/655/655
f 661/661/661 660/660/660 659/659/659
f 662/662/662 661/661/661 659/659/659
f 663/663/663 661/661/661 662/662/662
f 664/664/664 663/663/663 662/662/662
f 665/665/665 663/663/663 664/664/664
f 666/666/666 665/665/665 664/664/664
f 667/667/667 665/665/665 666/666/666
f 668/668/668 667/667/667 666/666/666
f 669/669/669 667/667/667 668/668/668
f 670/670/670 669/669/669 668/668/668
f 673/673/673 672/672/672 671/671/671
f 674/674/674 673/673/673 671/671/671
f 675/675/675 673/673/673 674/674/674
f 676/676/676 675/675/675 674/674/674
f 677/677/677 675/675/675 676/676/676
f 678/678/678 677/677/677 676/676/676
f 679/679/679 677/677/677 678/678/678
f 682/682/682 681/681/681 680/680/680
f 681/681/681 683/683/683 680/680/680
f 680/680/680 683/683/683 684/684/684
f 683/683/683 685/685/685 684/684/684
f 688/688/688 687/687/687 686/686/686
f 689/689/689 688/688/688 686/686/686
f 692/692/692 691/691/691 690/690/690
f 691/691/691 693/693/693 690/690/690
f 690/690/690 693/693/693 694/694/694
f 693/693/693 695/695/695 694/694/694
f 694/694/694 695/695/695 696/696/696
f 695/695/695 697/697/697 696/696/696
f 700/700/700 699/699/699 698/698/698
f 699/699/699 701/701/701 698/698/698
f 698/698/698 701/701/701 702/702/702
f 701/701/701 703/703/703 702/702/702
f 702/702/702 703/703/703 704/704/704
f 703/703/703 705/705/705 704/704/704
f 704/704/704 705/705/705 706/706/706
f 705/705/705 707/707/707 706/706/706
f 699/699/699 708/708/708 701/701/701
f 709/709/709 708/708/708 699/699/699
f 710/710/710 709/709/709 699/699/699
f 708/708/708 711/711/711 701/701/701
f 701/701/701 711/711/711 703/703/703
f 711/711/711 712/712/712 703/703/703
f 703/703/703 712/712/712 705/705/705
f 712/712/712 713/713/713 705/705/705
f 705/705/705 713/713/713 707/707/707
f 713/713/713 714/714/714 707/707/707
f 707/707/707 714/714/714 715/715/715
f 714/714/714 716/716/716 715/715/715
f 719/719/719 718/718/718 717/717/717
f 720/720/720 718/718/718 719/719/719
f 720/720/720 721/721/721 718/718/718
f 721/721/721 722/722/722 718/718/718
f 725/725/725 724/724/724 723/723/723
f 724/724/724 726/726/726 723/723/723
f 723/723/723 726/726/726 727/727/727
f 726/726/726 728/728/728 727/727/727
f 726/726/726 729/729/729 728/728/728
f 727/727/727 728/728/728 730/730/730
f 729/729/729 731/731/731 728/728/728
f 728/728/728 732/732/732 730/730/730
f 728/728/728 731/731/731 732/732/732
f 730/730/730 732/732/732 733/733/733
f 731/731/731 734/734/734 732/732/732
f 732/732/732 735/735/735 733/733/733
f 732/732/732 734/734/734 735/735/735
f 733/733/733 735/735/735 736/736/736
f 734/734/734 737/737/737 735/735/735
f 735/735/735 738/738/738 736/736/736
f 735/735/735 737/737/737 738/738/738
f 736/736/736 738/738/738 739/739/739
f 737/737/737 740/740/740 738/738/738
f 738/738/738 741/741/741 739/739/739
f 738/738/738 740/740/740 741/741/741
f 739/739/739 741/741/741 742/742/742
f 740/740/740 743/743/743 741/741/741
f 741/741/741 744/744/744 742/742/742
f 741/741/741 743/743/743 744/744/744
f 743/743/743 745/745/745 744/744/744
f 742/742/742 744/744/744 746/746/746
f 744/744/744 747/747/747 746/746/746
f 750/750/750 749/749/749 748/748/748
f 749/749/749 751/751/751 748/748/748
f 748/748/748 751/751/751 752/752/752
f 749/749/749 753/753/753 751/751/751
f 753/753/753 754/754/754 751/751/751
f 755/755/755 753/753/753 749/749/749
f 756/756/756 755/755/755 749/749/749
f 759/759/759 758/758/758 757/757/757
f 760/760/760 759/759/759 757/757/757
f 761/761/761 759/759/759 760/760/760
f 762/762/762 761/761/761 760/760/760
f 762/762/762 760/760/760 763/763/763
f 764/764/764 761/761/761 762/762/762
f 765/765/765 762/762/762 763/763/763
f 766/766/766 764/764/764 762/762/762
f 766/766/766 762/762/762 765/765/765
f 769/769/769 768/768/768 767/767/767
f 770/770/770 769/769/769 767/767/767
f 773/773/773 772/772/772 771/771/771
f 772/772/772 774/774/774 771/771/771
f 774/774/774 775/775/775 771/771/771
f 775/775/775 776/776/776 771/771/771
f 776/776/776 777/777/777 771/771/771
f 777/777/777 778/778/778 771/771/771
f 778/778/778 779/779/779 771/771/771
f 779/779/779 780/780/780 771/771/771
f 780/780/780 781/781/781 771/771/771
f 781/781/781 782/782/782 771/771/771
f 782/782/782 783/783/783 771/771/771
f 783/783/783 784/784/784 771/771/771
f 784/784/784 785/785/785 771/771/771
f 785/785/785 786/786/786 771/771/771
f 786/786/786 787/787/787 771/771/771
f 787/787/787 788/788/788 771/771/771
f 788/788/788 789/789/789 771/771/771
f 789/789/789 790/790/790 771/771/771
f 790/790/790 791/791/791 771/771/771
f 791/791/791 792/792/792 771/771/771
f 795/795/795 794/794/794 793/793/793
f 796/796/796 795/795/795 793/793/793
f 797/797/797 796/796/796 793/793/793
f 798/798/798 797/797/797 793/793/793
f 801/801/801 800/800/800 799/799/799
f 802/802/802 801/801/801 799/799/799
f 800/800/800 801/801/801 803/803/803
f 801/801/801 802/802/802 804/804/804
f 803/803/803 801/801/801 804/804/804
f 805/805/805 800/800/800 803/803/803
f 806/806/806 800/800/800 805/805/805
f 800/800/800 806/806/806 807/807/807
f 806/806/806 808/808/808 807/807/807
f 809/809/809 806/806/806 805/805/805
f 808/808/808 806/806/806 809/809/809
f 808/808/808 810/810/810 807/807/807
f 810/810/810 811/811/811 807/807/807
f 810/810/810 808/808/808 812/812/812
f 812/812/812 808/808/808 809/809/809
f 811/811/811 810/810/810 813/813/813
f 813/813/813 810/810/810 812/812/812
f 805/805/805 803/803/803 814/814/814
f 809/809/809 805/805/805 815/815/815
f 815/815/815 805/805/805 814/814/814
f 812/812/812 809/809/809 816/816/816
f 816/816/816 809/809/809 815/815/815
f 803/803/803 804/804/804 817/817/817
f 814/814/814 803/803/803 817/817/817
f 813/813/813 812/812/812 818/818/818
f 818/818/818 812/812/812 816/816/816
f 819/819/819 811/811/811 813/813/813
f 820/820/820 813/813/813 818/818/818
f 819/819/819 813/813/813 820/820/820
f 821/821/821 811/811/811 819/819/819
f 811/811/811 821/821/821 822/822/822
f 815/815/815 814/814/814 823/823/823
f 816/816/816 815/815/815 824/824/824
f 824/824/824 815/815/815 823/823/823
f 818/818/818 816/816/816 825/825/825
f 825/825/825 816/816/816 824/824/824
f 814/814/814 817/817/817 826/826/826
f 823/823/823 814/814/814 826/826/826
f 820/820/820 818/818/818 827/827/827
f 827/827/827 818/818/818 825/825/825
f 828/828/828 819/819/819 820/820/820
f 829/829/829 821/821/821 819/819/819
f 829/829/829 819/819/819 828/828/828
f 830/830/830 820/820/820 827/827/827
f 828/828/828 820/820/820 830/830/830
f 831/831/831 821/821/821 829/829/829
f 821/821/821 831/831/831 822/822/822
f 831/831/831 832/832/832 822/822/822
f 832/832/832 833/833/833 822/822/822
f 834/834/834 831/831/831 829/829/829
f 832/832/832 831/831/831 834/834/834
f 835/835/835 829/829/829 828/828/828
f 834/834/834 829/829/829 835/835/835
f 836/836/836 832/832/832 834/834/834
f 833/833/833 832/832/832 836/836/836
f 837/837/837 828/828/828 830/830/830
f 835/835/835 828/828/828 837/837/837
f 838/838/838 834/834/834 835/835/835
f 836/836/836 834/834/834 838/838/838
f 839/839/839 835/835/835 837/837/837
f 838/838/838 835/835/835 839/839/839
f 830/830/830 827/827/827 840/840/840
f 837/837/837 830/830/830 841/841/841
f 841/841/841 830/830/830 840/840/840
f 839/839/839 837/837/837 842/842/842
f 842/842/842 837/837/837 841/841/841
f 840/840/840 827/827/827 843/843/843
f 827/827/827 825/825/825 843/843/843
f 843/843/843 825/825/825 844/844/844
f 825/825/825 824/824/824 844/844/844
f 844/844/844 824/824/824 845/845/845
f 824/824/824 823/823/823 845/845/845
f 845/845/845 823/823/823 846/846/846
f 823/823/823 826/826/826 846/846/846
f 841/841/841 840/840/840 847/847/847
f 848/848/848 841/841/841 847/847/847
f 842/842/842 841/841/841 848/848/848
f 847/847/847 840/840/840 849/849/849
f 840/840/840 843/843/843 849/849/849
f 849/849/849 843/843/843 850/850/850
f 843/843/843 844/844/844 850/850/850
f 850/850/850 844/844/844 851/851/851
f 844/844/844 845/845/845 851/851/851
f 851/851/851 845/845/845 852/852/852
f 845/845/845 846/846/846 852/852/852
f 853/853/853 842/842/842 848/848/848
f 852/852/852 846/846/846 854/854/854
f 855/855/855 842/842/842 853/853/853
f 856/856/856 855/855/855 853/853/853
f 855/855/855 839/839/839 842/842/842
f 846/846/846 857/857/857 854/854/854
f 854/854/854 857/857/857 858/858/858
f 846/846/846 826/826/826 857/857/857
f 859/859/859 855/855/855 856/856/856
f 860/860/860 859/859/859 856/856/856
f 861/861/861 839/839/839 855/855/855
f 859/859/859 861/861/861 855/855/855
f 861/861/861 838/838/838 839/839/839
f 857/857/857 862/862/862 858/858/858
f 858/858/858 862/862/862 863/863/863
f 826/826/826 864/864/864 857/857/857
f 857/857/857 864/864/864 862/862/862
f 826/826/826 817/817/817 864/864/864
f 865/865/865 859/859/859 860/860/860
f 866/866/866 865/865/865 860/860/860
f 867/867/867 838/838/838 861/861/861
f 867/867/867 836/836/836 838/838/838
f 868/868/868 861/861/861 859/859/859
f 865/865/865 868/868/868 859/859/859
f 868/868/868 867/867/867 861/861/861
f 862/862/862 869/869/869 863/863/863
f 863/863/863 869/869/869 870/870/870
f 864/864/864 871/871/871 862/862/862
f 862/862/862 871/871/871 869/869/869
f 872/872/872 865/865/865 866/866/866
f 873/873/873 872/872/872 866/866/866
f 874/874/874 836/836/836 867/867/867
f 874/874/874 833/833/833 836/836/836
f 875/875/875 868/868/868 865/865/865
f 872/872/872 875/875/875 865/865/865
f 876/876/876 867/867/867 868/868/868
f 876/876/876 874/874/874 867/867/867
f 875/875/875 876/876/876 868/868/868
f 877/877/877 872/872/872 873/873/873
f 878/878/878 877/877/877 873/873/873
f 879/879/879 833/833/833 874/874/874
f 833/833/833 879/879/879 880/880/880
f 881/881/881 874/874/874 876/876/876
f 881/881/881 879/879/879 874/874/874
f 882/882/882 875/875/875 872/872/872
f 877/877/877 882/882/882 872/872/872
f 883/883/883 876/876/876 875/875/875
f 883/883/883 881/881/881 876/876/876
f 882/882/882 883/883/883 875/875/875
f 884/884/884 877/877/877 878/878/878
f 885/885/885 884/884/884 878/878/878
f 886/886/886 879/879/879 881/881/881
f 879/879/879 886/886/886 880/880/880
f 887/887/887 881/881/881 883/883/883
f 887/887/887 886/886/886 881/881/881
f 888/888/888 882/882/882 877/877/877
f 884/884/884 888/888/888 877/877/877
f 889/889/889 883/883/883 882/882/882
f 889/889/889 887/887/887 883/883/883
f 888/888/888 889/889/889 882/882/882
f 890/890/890 884/884/884 885/885/885
f 891/891/891 890/890/890 885/885/885
f 892/892/892 886/886/886 887/887/887
f 886/886/886 892/892/892 880/880/880
f 893/893/893 887/887/887 889/889/889
f 893/893/893 892/892/892 887/887/887
f 894/894/894 888/888/888 884/884/884
f 890/890/890 894/894/894 884/884/884
f 895/895/895 889/889/889 888/888/888
f 895/895/895 893/893/893 889/889/889
f 894/894/894 895/895/895 888/888/888
f 896/896/896 890/890/890 891/891/891
f 897/897/897 896/896/896 891/891/891
f 892/892/892 898/898/898 880/880/880
f 898/898/898 892/892/892 893/893/893
f 899/899/899 893/893/893 895/895/895
f 899/899/899 898/898/898 893/893/893
f 898/898/898 900/900/900 880/880/880
f 900/900/900 898/898/898 899/899/899
f 900/900/900 901/901/901 880/880/880
f 902/902/902 894/894/894 890/890/890
f 896/896/896 902/902/902 890/890/890
f 903/903/903 895/895/895 894/894/894
f 903/903/903 899/899/899 895/895/895
f 902/902/902 903/903/903 894/894/894
f 904/904/904 900/900/900 899/899/899
f 904/904/904 899/899/899 903/903/903
f 901/901/901 900/900/900 904/904/904
f 905/905/905 896/896/896 897/897/897
f 906/906/906 905/905/905 897/897/897
f 907/907/907 902/902/902 896/896/896
f 905/905/905 907/907/907 896/896/896
f 908/908/908 903/903/903 902/902/902
f 908/908/908 904/904/904 903/903/903
f 907/907/907 908/908/908 902/902/902
f 909/909/909 901/901/901 904/904/904
f 909/909/909 904/904/904 908/908/908
f 910/910/910 905/905/905 906/906/906
f 911/911/911 910/910/910 906/906/906
f 912/912/912 907/907/907 905/905/905
f 910/910/910 912/912/912 905/905/905
f 913/913/913 908/908/908 907/907/907
f 913/913/913 909/909/909 908/908/908
f 912/912/912 913/913/913 907/907/907
f 914/914/914 901/901/901 909/909/909
f 901/901/901 914/914/914 915/915/915
f 916/916/916 910/910/910 911/911/911
f 917/917/917 916/916/916 911/911/911
f 918/918/918 909/909/909 913/913/913
f 918/918/918 914/914/914 909/909/909
f 919/919/919 912/912/912 910/910/910
f 916/916/916 919/919/919 910/910/910
f 920/920/920 913/913/913 912/912/912
f 920/920/920 918/918/918 913/913/913
f 919/919/919 920/920/920 912/912/912
f 921/921/921 916/916/916 917/917/917
f 922/922/922 921/921/921 917/917/917
f 923/923/923 914/914/914 918/918/918
f 914/914/914 923/923/923 915/915/915
f 924/924/924 918/918/918 920/920/920
f 924/924/924 923/923/923 918/918/918
f 925/925/925 919/919/919 916/916/916
f 921/921/921 925/925/925 916/916/916
f 926/926/926 920/920/920 919/919/919
f 926/926/926 924/924/924 920/920/920
f 925/925/925 926/926/926 919/919/919
f 927/927/927 921/921/921 922/922/922
f 928/928/928 927/927/927 922/922/922
f 929/929/929 923/923/923 924/924/924
f 923/923/923 929/929/929 915/915/915
f 930/930/930 924/924/924 926/926/926
f 930/930/930 929/929/929 924/924/924
f 931/931/931 925/925/925 921/921/921
f 927/927/927 931/931/931 921/921/921
f 932/932/932 926/926/926 925/925/925
f 932/932/932 930/930/930 926/926/926
f 931/931/931 932/932/932 925/925/925
f 933/933/933 927/927/927 928/928/928
f 870/870/870 933/933/933 928/928/928
f 869/869/869 933/933/933 870/870/870
f 934/934/934 929/929/929 930/930/930
f 929/929/929 934/934/934 915/915/915
f 935/935/935 930/930/930 932/932/932
f 935/935/935 934/934/934 930/930/930
f 936/936/936 931/931/931 927/927/927
f 933/933/933 936/936/936 927/927/927
f 869/869/869 937/937/937 933/933/933
f 937/937/937 936/936/936 933/933/933
f 871/871/871 937/937/937 869/869/869
f 938/938/938 932/932/932 931/931/931
f 936/936/936 938/938/938 931/931/931
f 938/938/938 935/935/935 932/932/932
f 939/939/939 934/934/934 935/935/935
f 934/934/934 939/939/939 915/915/915
f 937/937/937 940/940/940 936/936/936
f 940/940/940 938/938/938 936/936/936
f 941/941/941 935/935/935 938/938/938
f 941/941/941 939/939/939 935/935/935
f 940/940/940 941/941/941 938/938/938
f 871/871/871 942/942/942 937/937/937
f 942/942/942 940/940/940 937/937/937
f 939/939/939 943/943/943 915/915/915
f 943/943/943 939/939/939 941/941/941
f 944/944/944 941/941/941 940/940/940
f 944/944/944 943/943/943 941/941/941
f 942/942/942 944/944/944 940/940/940
f 943/943/943 945/945/945 915/915/915
f 945/945/945 943/943/943 944/944/944
f 945/945/945 802/802/802 915/915/915
f 946/946/946 945/945/945 944/944/944
f 802/802/802 945/945/945 946/946/946
f 946/946/946 944/944/944 942/942/942
f 804/804/804 802/802/802 946/946/946
f 947/947/947 942/942/942 871/871/871
f 947/947/947 946/946/946 942/942/942
f 804/804/804 946/946/946 947/947/947
f 864/864/864 947/947/947 871/871/871
f 817/817/817 804/804/804 947/947/947
f 817/817/817 947/947/947 864/864/864
usemtl Sink1_Secondary_Mat
f 950/950/950 949/949/949 948/948/948
f 948/948/948 952/952/952 951/951/951
f 953/953/953 948/948/948 951/951/951
f 956/956/956 955/955/955 954/954/954
f 958/958/958 956/956/956 957/957/957
f 957/957/957 956/956/956 959/959/959
f 960/960/960 958/958/958 957/957/957
f 957/957/957 959/959/959 961/961/961
f 960/960/960 957/957/957 962/962/962
f 962/962/962 957/957/957 961/961/961
f 963/963/963 960/960/960 962/962/962
f 962/962/962 961/961/961 964/964/964
f 965/965/965 962/962/962 964/964/964
f 968/968/968 967/967/967 966/966/966
f 970/970/970 969/969/969 967/967/967
f 971/971/971 970/970/970 967/967/967
f 974/974/974 973/973/973 972/972/972
f 973/973/973 975/975/975 972/972/972
f 973/973/973 976/976/976 975/975/975
f 976/976/976 977/977/977 975/975/975
f 975/975/975 977/977/977 978/978/978
f 977/977/977 979/979/979 978/978/978
f 982/982/982 981/981/981 980/980/980
f 983/983/983 982/982/982 980/980/980
f 986/986/986 985/985/985 984/984/984
f 985/985/985 987/987/987 984/984/984
f 984/984/984 987/987/987 988/988/988
f 987/987/987 989/989/989 988/988/988
f 987/987/987 990/990/990 989/989/989
f 990/990/990 991/991/991 989/989/989
f 988/988/988 989/989/989 992/992/992
f 989/989/989 993/993/993 992/992/992
f 988/988/988 992/992/992 994/994/994
f 995/995/995 988/988/988 994/994/994
f 984/984/984 988/988/988 995/995/995
f 996/996/996 984/984/984 995/995/995
f 996/996/996 995/995/995 997/997/997
f 1000/1000/1000 999/999/999 998/998/998
f 1001/1001/1001 1000/1000/1000 998/998/998
f 1003/1003/1003 1002/1002/1002 1000/1000/1000
f 1004/1004/1004 1003/1003/1003 1000/1000/1000
f 1007/1007/1007 1006/1006/1006 1005/1005/1005
f 1006/1006/1006 1008/1008/1008 1005/1005/1005
f 1006/1006/1006 1009/1009/1009 1008/1008/1008
f 1009/1009/1009 1010/1010/1010 1008/1008/1008
f 1008/1008/1008 1010/1010/1010 1011/1011/1011
f 1010/1010/1010 1012/1012/1012 1011/1011/1011
f 1015/1015/1015 1014/1014/1014 1013/1013/1013
f 1016/1016/1016 1015/1015/1015 1013/1013/1013
f 1016/1016/1016 1013/1013/1013 1017/1017/1017
f 1018/1018/1018 1016/1016/1016 1017/1017/1017
f 1018/1018/1018 1017/1017/1017 1019/1019/1019
f 1020/1020/1020 1016/1016/1016 1018/1018/1018
f 1023/1023/1023 1022/1022/1022 1021/1021/1021
f 1021/1021/1021 1022/1022/1022 1024/1024/1024
f 1022/1022/1022 1025/1025/1025 1024/1024/1024
f 1022/1022/1022 1026/1026/1026 1025/1025/1025
f 1026/1026/1026 1027/1027/1027 1025/1025/1025
f 1025/1025/1025 1027/1027/1027 1028/1028/1028
f 1025/1025/1025 1028/1028/1028 1029/1029/1029
f 1024/1024/1024 1025/1025/1025 1029/1029/1029
f 1024/1024/1024 1029/1029/1029 1030/1030/1030
f 1021/1021/1021 1024/1024/1024 1031/1031/1031
f 1031/1031/1031 1024/1024/1024 1030/1030/1030
f 1031/1031/1031 1030/1030/1030 1032/1032/1032
f 1033/1033/1033 1021/1021/1021 1031/1031/1031
f 1034/1034/1034 1031/1031/1031 1032/1032/1032
f 1033/1033/1033 1031/1031/1031 1034/1034/1034
f 1035/1035/1035 1033/1033/1033 1034/1034/1034
f 1038/1038/1038 1037/1037/1037 1036/1036/1036
f 1038/1038/1038 1036/1036/1036 1039/1039/1039
f 1040/1040/1040 1038/1038/1038 1039/1039/1039
f 1043/1043/1043 1042/1042/1042 1041/1041/1041
f 1044/1044/1044 1043/1043/1043 1041/1041/1041
f 1047/1047/1047 1046/1046/1046 1045/1045/1045
f 1048/1048/1048 1047/1047/1047 1045/1045/1045
f 1051/1051/1051 1050/1050/1050 1049/1049/1049
f 1052/1052/1052 1051/1051/1051 1049/1049/1049
f 1055/1055/1055 1054/1054/1054 1053/1053/1053
f 1056/1056/1056 1055/1055/1055 1053/1053/1053
f 1059/1059/1059 1058/1058/1058 1057/1057/1057
f 1060/1060/1060 1059/1059/1059 1057/1057/1057
f 1063/1063/1063 1062/1062/1062 1061/1061/1061
f 1062/1062/1062 1064/1064/1064 1061/1061/1061
f 1062/1062/1062 1065/1065/1065 1064/1064/1064
f 1065/1065/1065 1066/1066/1066 1064/1064/1064
f 1064/1064/1064 1066/1066/1066 1067/1067/1067
f 1066/1066/1066 1068/1068/1068 1067/1067/1067
f 1071/1071/1071 1070/1070/1070 1069/1069/1069
f 1072/1072/1072 1071/1071/1071 1069/1069/1069
f 1075/1075/1075 1074/1074/1074 1073/1073/1073
f 1076/1076/1076 1075/1075/1075 1073/1073/1073
f 1079/1079/1079 1078/1078/1078 1077/1077/1077
f 1078/1078/1078 1080/1080/1080 1077/1077/1077
f 1077/1077/1077 1080/1080/1080 1081/1081/1081
f 1080/1080/1080 1082/1082/1082 1081/1081/1081
f 1085/1085/1085 1084/1084/1084 1083/1083/1083
f 1086/1086/1086 1085/1085/1085 1083/1083/1083
f 1089/1089/1089 1088/1088/1088 1087/1087/1087
f 1088/1088/1088 1090/1090/1090 1087/1087/1087
f 1088/1088/1088 1091/1091/1091 1090/1090/1090
f 1091/1091/1091 1092/1092/1092 1090/1090/1090
f 1091/1091/1091 1093/1093/1093 1092/1092/1092
f 1093/1093/1093 1094/1094/1094 1092/1092/1092
f 1092/1092/1092 1094/1094/1094 1095/1095/1095
f 1093/1093/1093 1096/1096/1096 1094/1094/1094
f 1096/1096/1096 1097/1097/1097 1094/1094/1094
f 1100/1100/1100 1099/1099/1099 1098/1098/1098
f 1099/1099/1099 1101/1101/1101 1098/1098/1098
f 1099/1099/1099 1102/1102/1102 1101/1101/1101
f 1102/1102/1102 1103/1103/1103 1101/1101/1101
f 1105/1105/1105 1104/1104/1104 1103/1103/1103
f 1105/1105/1105 1106/1106/1106 1104/1104/1104
f 1106/1106/1106 1107/1107/1107 1104/1104/1104
f 1110/1110/1110 1109/1109/1109 1108/1108/1108
f 1111/1111/1111 1110/1110/1110 1108/1108/1108
f 1114/1114/1114 1113/1113/1113 1112/1112/1112
f 1113/1113/1113 1115/1115/1115 1112/1112/1112
f 1113/1113/1113 1116/1116/1116 1115/1115/1115
f 1116/1116/1116 1117/1117/1117 1115/1115/1115
f 1115/1115/1115 1117/1117/1117 1118/1118/1118
f 1117/1117/1117 1119/1119/1119 1118/1118/1118
f 1116/1116/1116 1120/1120/1120 1117/1117/1117
f 1121/1121/1121 1120/1120/1120 1116/1116/1116
f 1117/1117/1117 1122/1122/1122 1119/1119/1119
f 1120/1120/1120 1122/1122/1122 1117/1117/1117
f 1122/1122/1122 1123/1123/1123 1119/1119/1119
f 1120/1120/1120 1124/1124/1124 1122/1122/1122
f 1124/1124/1124 1125/1125/1125 1122/1122/1122
f 1126/1126/1126 1124/1124/1124 1120/1120/1120
f 1129/1129/1129 1128/1128/1128 1127/1127/1127
f 1128/1128/1128 1130/1130/1130 1127/1127/1127
f 1127/1127/1127 1130/1130/1130 1131/1131/1131
f 1128/1128/1128 1132/1132/1132 1130/1130/1130
f 1130/1130/1130 1133/1133/1133 1131/1131/1131
f 1132/1132/1132 1134/1134/1134 1130/1130/1130
f 1130/1130/1130 1134/1134/1134 1133/1133/1133
f 1134/1134/1134 1135/1135/1135 1133/1133/1133
f 1134/1134/1134 1136/1136/1136 1135/1135/1135
f 1136/1136/1136 1137/1137/1137 1135/1135/1135
f 1140/1140/1140 1139/1139/1139 1138/1138/1138
f 1139/1139/1139 1141/1141/1141 1138/1138/1138
f 1138/1138/1138 1141/1141/1141 1142/1142/1142
f 1139/1139/1139 1143/1143/1143 1141/1141/1141
f 1141/1141/1141 1144/1144/1144 1142/1142/1142
f 1143/1143/1143 1145/1145/1145 1141/1141/1141
f 1141/1141/1141 1145/1145/1145 1144/1144/1144
f 1145/1145/1145 1146/1146/1146 1144/1144/1144
f 1143/1143/1143 1147/1147/1147 1145/1145/1145
f 1147/1147/1147 1148/1148/1148 1145/1145/1145
f 1151/1151/1151 1150/1150/1150 1149/1149/1149
f 1150/1150/1150 1152/1152/1152 1149/1149/1149
f 1150/1150/1150 1153/1153/1153 1152/1152/1152
f 1153/1153/1153 1154/1154/1154 1152/1152/1152
f 1157/1157/1157 1156/1156/1156 1155/1155/1155
f 1156/1156/1156 1158/1158/1158 1155/1155/1155
f 1156/1156/1156 1159/1159/1159 1158/1158/1158
f 1159/1159/1159 1160/1160/1160 1158/1158/1158
f 1163/1163/1163 1162/1162/1162 1161/1161/1161
f 1164/1164/1164 1163/1163/1163 1161/1161/1161
f 1167/1167/1167 1166/1166/1166 1165/1165/1165
f 1168/1168/1168 1167/1167/1167 1165/1165/1165
f 1171/1171/1171 1170/1170/1170 1169/1169/1169
f 1172/1172/1172 1171/1171/1171 1169/1169/1169
f 1175/1175/1175 1174/1174/1174 1173/1173/1173
f 1176/1176/1176 1175/1175/1175 1173/1173/1173
f 1179/1179/1179 1178/1178/1178 1177/1177/1177
f 1180/1180/1180 1179/1179/1179 1177/1177/1177
f 1183/1183/1183 1182/1182/1182 1181/1181/1181
f 1182/1182/1182 1184/1184/1184 1181/1181/1181
f 1181/1181/1181 1184/1184/1184 1185/1185/1185
f 1182/1182/1182 1186/1186/1186 1184/1184/1184
f 1184/1184/1184 1187/1187/1187 1185/1185/1185
f 1186/1186/1186 1188/1188/1188 1184/1184/1184
f 1184/1184/1184 1188/1188/1188 1187/1187/1187
f 1188/1188/1188 1189/1189/1189 1187/1187/1187
f 1192/1192/1192 1191/1191/1191 1190/1190/1190
f 1193/1193/1193 1192/1192/1192 1190/1190/1190
f 1196/1196/1196 1195/1195/1195 1194/1194/1194
f 1195/1195/1195 1197/1197/1197 1194/1194/1194
f 1197/1197/1197 1199/1199/1199 1198/1198/1198
f 1199/1199/1199 1200/1200/1200 1198/1198/1198
f 1203/1203/1203 1202/1202/1202 1201/1201/1201
f 1204/1204/1204 1203/1203/1203 1201/1201/1201
f 1207/1207/1207 1206/1206/1206 1205/1205/1205
f 1206/1206/1206 1208/1208/1208 1205/1205/1205
f 1205/1205/1205 1208/1208/1208 1209/1209/1209
f 1206/1206/1206 1210/1210/1210 1208/1208/1208
f 1213/1213/1213 1212/1212/1212 1211/1211/1211
f 1214/1214/1214 1213/1213/1213 1211/1211/1211
f 1217/1217/1217 1216/1216/1216 1215/1215/1215
f 1218/1218/1218 1217/1217/1217 1215/1215/1215
f 1221/1221/1221 1220/1220/1220 1219/1219/1219
f 1220/1220/1220 1222/1222/1222 1219/1219/1219
f 1219/1219/1219 1222/1222/1222 1223/1223/1223
f 1222/1222/1222 1224/1224/1224 1223/1223/1223
f 1227/1227/1227 1226/1226/1226 1225/1225/1225
f 1228/1228/1228 1227/1227/1227 1225/1225/1225
f 1229/1229/1229 1227/1227/1227 1228/1228/1228
f 1230/1230/1230 1229/1229/1229 1228/1228/1228
f 1233/1233/1233 1232/1232/1232 1231/1231/1231
f 1234/1234/1234 1233/1233/1233 1231/1231/1231
f 1237/1237/1237 1236/1236/1236 1235/1235/1235
f 1238/1238/1238 1237/1237/1237 1235/1235/1235
f 1239/1239/1239 1237/1237/1237 1238/1238/1238
f 1240/1240/1240 1239/1239/1239 1238/1238/1238
f 1241/1241/1241 1239/1239/1239 1240/1240/1240
f 1242/1242/1242 1241/1241/1241 1240/1240/1240
f 1245/1245/1245 1244/1244/1244 1243/1243/1243
f 1246/1246/1246 1245/1245/1245 1243/1243/1243
f 1247/1247/1247 1245/1245/1245 1246/1246/1246
f 1248/1248/1248 1247/1247/1247 1246/1246/1246
f 1251/1251/1251 1250/1250/1250 1249/1249/1249
f 1252/1252/1252 1251/1251/1251 1249/1249/1249
f 1253/1253/1253 1251/1251/1251 1252/1252/1252
f 1254/1254/1254 1253/1253/1253 1252/1252/1252
f 1253/1253/1253 1255/1255/1255 1251/1251/1251
f 1255/1255/1255 1256/1256/1256 1251/1251/1251
f 1257/1257/1257 1255/1255/1255 1253/1253/1253
f 1258/1258/1258 1257/1257/1257 1253/1253/1253
f 1261/1261/1261 1260/1260/1260 1259/1259/1259
f 1262/1262/1262 1261/1261/1261 1259/1259/1259
f 1263/1263/1263 1261/1261/1261 1262/1262/1262
f 1264/1264/1264 1263/1263/1263 1262/1262/1262
f 1265/1265/1265 1263/1263/1263 1264/1264/1264
f 1266/1266/1266 1265/1265/1265 1264/1264/1264
f 1269/1269/1269 1268/1268/1268 1267/1267/1267
f 1268/1268/1268 1270/1270/1270 1267/1267/1267
f 1270/1270/1270 1268/1268/1268 1271/1271/1271
f 1270/1270/1270 1271/1271/1271 1272/1272/1272
f 1273/1273/1273 1270/1270/1270 1272/1272/1272
f 1268/1268/1268 1274/1274/1274 1271/1271/1271
f 1268/1268/1268 1275/1275/1275 1274/1274/1274
f 1273/1273/1273 1272/1272/1272 1276/1276/1276
f 1277/1277/1277 1273/1273/1273 1276/1276/1276
f 1272/1272/1272 1271/1271/1271 1278/1278/1278
f 1271/1271/1271 1274/1274/1274 1278/1278/1278
f 1276/1276/1276 1272/1272/1272 1278/1278/1278
f 1274/1274/1274 1279/1279/1279 1278/1278/1278
f 1275/1275/1275 1279/1279/1279 1274/1274/1274
f 1280/1280/1280 1276/1276/1276 1278/1278/1278
f 1277/1277/1277 1276/1276/1276 1280/1280/1280
f 1281/1281/1281 1277/1277/1277 1280/1280/1280
f 1275/1275/1275 1282/1282/1282 1279/1279/1279
f 1280/1280/1280 1283/1283/1283 1281/1281/1281
f 1283/1283/1283 1280/1280/1280 1278/1278/1278
f 1283/1283/1283 1284/1284/1284 1281/1281/1281
f 1284/1284/1284 1283/1283/1283 1285/1285/1285
f 1285/1285/1285 1283/1283/1283 1278/1278/1278
f 1286/1286/1286 1284/1284/1284 1285/1285/1285
f 1282/1282/1282 1287/1287/1287 1279/1279/1279
f 1279/1279/1279 1287/1287/1287 1278/1278/1278
f 1282/1282/1282 1288/1288/1288 1287/1287/1287
f 1288/1288/1288 1282/1282/1282 1289/1289/1289
f 1290/1290/1290 1288/1288/1288 1289/1289/1289
f 1288/1288/1288 1291/1291/1291 1287/1287/1287
f 1287/1287/1287 1291/1291/1291 1278/1278/1278
f 1292/1292/1292 1288/1288/1288 1290/1290/1290
f 1288/1288/1288 1292/1292/1292 1291/1291/1291
f 1293/1293/1293 1292/1292/1292 1290/1290/1290
f 1294/1294/1294 1285/1285/1285 1278/1278/1278
f 1286/1286/1286 1285/1285/1285 1294/1294/1294
f 1291/1291/1291 1295/1295/1295 1278/1278/1278
f 1292/1292/1292 1295/1295/1295 1291/1291/1291
f 1295/1295/1295 1294/1294/1294 1278/1278/1278
f 1296/1296/1296 1292/1292/1292 1293/1293/1293
f 1292/1292/1292 1296/1296/1296 1295/1295/1295
f 1296/1296/1296 1294/1294/1294 1295/1295/1295
f 1296/1296/1296 1286/1286/1286 1294/1294/1294
f 1297/1297/1297 1296/1296/1296 1293/1293/1293
f 1286/1286/1286 1296/1296/1296 1297/1297/1297
f 1298/1298/1298 1286/1286/1286 1297/1297/1297
f 1301/1301/1301 1300/1300/1300 1299/1299/1299
f 1302/1302/1302 1301/1301/1301 1299/1299/1299
f 1303/1303/1303 1301/1301/1301 1302/1302/1302
f 1304/1304/1304 1303/1303/1303 1302/1302/1302
f 1307/1307/1307 1306/1306/1306 1305/1305/1305
f 1308/1308/1308 1307/1307/1307 1305/1305/1305
f 1309/1309/1309 1307/1307/1307 1308/1308/1308
f 1310/1310/1310 1309/1309/1309 1308/1308/1308
f 1313/1313/1313 1312/1312/1312 1311/1311/1311
f 1312/1312/1312 1314/1314/1314 1311/1311/1311
f 1311/1311/1311 1314/1314/1314 1315/1315/1315
f 1314/1314/1314 1316/1316/1316 1315/1315/1315
f 1319/1319/1319 1318/1318/1318 1317/1317/1317
f 1318/1318/1318 1320/1320/1320 1317/1317/1317
f 1317/1317/1317 1320/1320/1320 1321/1321/1321
f 1320/1320/1320 1322/1322/1322 1321/1321/1321
f 1325/1325/1325 1324/1324/1324 1323/1323/1323
f 1324/1324/1324 1326/1326/1326 1323/1323/1323
f 1323/1323/1323 1326/1326/1326 1327/1327/1327
f 1326/1326/1326 1328/1328/1328 1327/1327/1327
f 1331/1331/1331 1330/1330/1330 1329/1329/1329
f 1330/1330/1330 1332/1332/1332 1329/1329/1329
f 1329/1329/1329 1332/1332/1332 1333/1333/1333
f 1332/1332/1332 1334/1334/1334 1333/1333/1333
f 1337/1337/1337 1336/1336/1336 1335/1335/1335
f 1336/1336/1336 1338/1338/1338 1335/1335/1335
f 1335/1335/1335 1338/1338/1338 1339/1339/1339
f 1338/1338/1338 1340/1340/1340 1339/1339/1339
f 1343/1343/1343 1342/1342/1342 1341/1341/1341
f 1342/1342/1342 1344/1344/1344 1341/1341/1341
f 1342/1342/1342 1343/1343/1343 1345/1345/1345
f 1344/1344/1344 1342/1342/1342 1346/1346/1346
f 1347/1347/1347 1342/1342/1342 1345/1345/1345
f 1342/1342/1342 1348/1348/1348 1346/1346/1346
f 1342/1342/1342 1347/1347/1347 1349/1349/1349
f 1348/1348/1348 1342/1342/1342 1350/1350/1350
f 1351/1351/1351 1342/1342/1342 1349/1349/1349
f 1342/1342/1342 1352/1352/1352 1350/1350/1350
f 1342/1342/1342 1351/1351/1351 1353/1353/1353
f 1352/1352/1352 1342/1342/1342 1353/1353/1353
f 1356/1356/1356 1355/1355/1355 1354/1354/1354
f 1357/1357/1357 1356/1356/1356 1354/1354/1354
f 1354/1354/1354 1355/1355/1355 1358/1358/1358
f 1359/1359/1359 1356/1356/1356 1357/1357/1357
f 1355/1355/1355 1360/1360/1360 1358/1358/1358
f 1361/1361/1361 1359/1359/1359 1357/1357/1357
f 1358/1358/1358 1360/1360/1360 1362/1362/1362
f 1363/1363/1363 1359/1359/1359 1361/1361/1361
f 1360/1360/1360 1364/1364/1364 1362/1362/1362
f 1365/1365/1365 1363/1363/1363 1361/1361/1361
f 1362/1362/1362 1364/1364/1364 1366/1366/1366
f 1367/1367/1367 1363/1363/1363 1365/1365/1365
f 1364/1364/1364 1368/1368/1368 1366/1366/1366
f 1369/1369/1369 1367/1367/1367 1365/1365/1365
f 1366/1366/1366 1368/1368/1368 1370/1370/1370
f 1371/1371/1371 1367/1367/1367 1369/1369/1369
f 1368/1368/1368 1372/1372/1372 1370/1370/1370
f 1373/1373/1373 1371/1371/1371 1369/1369/1369
f 1370/1370/1370 1372/1372/1372 1374/1374/1374
f 1375/1375/1375 1371/1371/1371 1373/1373/1373
f 1372/1372/1372 1376/1376/1376 1374/1374/1374
f 1377/1377/1377 1375/1375/1375 1373/1373/1373
f 1374/1374/1374 1376/1376/1376 1377/1377/1377
f 1376/1376/1376 1375/1375/1375 1377/1377/1377
usemtl Sink_Hole_Mat
f 1380/1380/1380 1379/1379/1379 1378/1378/1378
f 1379/1379/1379 1381/1381/1381 1378/1378/1378
f 1382/1382/1382 1380/1380/1380 1378/1378/1378
f 1381/1381/1381 1383/1383/1383 1378/1378/1378
f 1384/1384/1384 1382/1382/1382 1378/1378/1378
f 1383/1383/1383 1385/1385/1385 1378/1378/1378
f 1386/1386/1386 1384/1384/1384 1378/1378/1378
f 1385/1385/1385 1387/1387/1387 1378/1378/1378
f 1388/1388/1388 1386/1386/1386 1378/1378/1378
f 1387/1387/1387 1389/1389/1389 1378/1378/1378
f 1390/1390/1390 1388/1388/1388 1378/1378/1378
f 1389/1389/1389 1390/1390/1390 1378/1378/1378
