mtllib Window_d8d5ee5d.mtl
g FP204:polySurface1_d9c0e12c
v 0.71487 0.83388 -0.08062
v 0.71149 0.41353 -0.07313
v 0.71195 0.41628 -0.07941
v 0.71487 0.83388 -0.08062
v 0.71144 0.83388 -0.07327
v 0.71483 1.17461 -0.08073
v 0.7114 1.17024 -0.07338
v 0.71479 1.50805 -0.08084
v 0.71136 1.50659 -0.07349
v 0.71475 1.84149 -0.08095
v 0.71132 1.84295 -0.0736
v 0.71471 2.17493 -0.08106
v 0.71128 2.17931 -0.0737
v 0.71467 2.50837 -0.08117
v 0.71124 2.51566 -0.07381
v 1.12077 0.47956 -0.19149
v 1.12074 0.75764 -0.19158
v 1.11477 0.75763 -0.20798
v 1.11477 0.47955 -0.20798
v 1.10896 0.47955 -0.22393
v 1.10893 0.75762 -0.22402
v 1.10888 1.22107 -0.22417
v 1.11477 1.5066 -0.20798
v 1.10884 1.50659 -0.22426
v 1.11477 1.22108 -0.20798
v 1.12069 1.22108 -0.19173
v 1.12065 1.5066 -0.19182
v 1.27332 2.12848 -0.24762
v 1.27335 1.84296 -0.24752
v 1.26751 1.84295 -0.26357
v 1.26751 2.12848 -0.26357
v 1.26151 2.12847 -0.28006
v 1.26154 1.84295 -0.27997
v 1.12061 1.84296 -0.19193
v 1.12058 2.12848 -0.19202
v 1.11477 2.12848 -0.20798
v 1.11477 1.84295 -0.20798
v 1.1088 1.84295 -0.22437
v 1.10877 2.12847 -0.22447
v 1.12058 2.12848 -0.19202
v 1.27332 2.12848 -0.24762
v 1.26751 2.12848 -0.26357
v 1.11477 2.12848 -0.20798
v 1.10877 2.12847 -0.22447
v 1.26151 2.12847 -0.28006
v 0.76574 1.81753 -0.0995
v 0.92444 1.81754 -0.13871
v 0.91848 1.81753 -0.15509
v 0.77171 1.81754 -0.08311
v 0.77755 1.81754 -0.06706
v 0.93029 1.81754 -0.12265
v 1.27351 0.45414 -0.24707
v 1.27355 0.17607 -0.24698
v 1.26751 0.17606 -0.26357
v 1.26751 0.45414 -0.26357
v 1.2617 0.45413 -0.27951
v 1.26174 0.17605 -0.27942
v 0.77758 1.53202 -0.06696
v 0.77755 1.81754 -0.06706
v 0.77171 1.81754 -0.08311
v 0.77171 1.53201 -0.08311
v 0.76578 1.53201 -0.09941
v 0.76574 1.81753 -0.0995
v 1.32995 -0.00681 -0.26744
v 1.32005 0.41353 -0.29463
v 1.3201 -0.00682 -0.2945
v 1.3299 0.41354 -0.26758
v 1.32001 0.83388 -0.29477
v 1.32985 0.83389 -0.26772
v 1.31997 1.17024 -0.29488
v 1.32981 1.17025 -0.26783
v 1.31993 1.50659 -0.29499
v 1.32977 1.5066 -0.26794
v 1.31989 1.84295 -0.2951
v 1.32973 1.84296 -0.26804
v 1.31985 2.17931 -0.29521
v 1.32969 2.17932 -0.26815
v 1.31981 2.51566 -0.29531
v 1.32965 2.51567 -0.26826
v 0.72133 0.41354 -0.04608
v 0.72138 -0.00681 -0.04594
v 0.71154 -0.00682 -0.073
v 0.71149 0.41353 -0.07313
v 0.72128 0.83389 -0.04622
v 0.71144 0.83388 -0.07327
v 0.72124 1.17025 -0.04633
v 0.7114 1.17024 -0.07338
v 0.72121 1.5066 -0.04644
v 0.71136 1.50659 -0.07349
v 0.72117 1.84296 -0.04654
v 0.71132 1.84295 -0.0736
v 0.72113 2.17932 -0.04665
v 0.71128 2.17931 -0.0737
v 0.72109 2.51567 -0.04676
v 0.71124 2.51566 -0.07381
v 1.32965 2.51567 -0.26826
v 1.11695 2.51566 -0.22148
v 1.31981 2.51566 -0.29531
v 1.1268 2.51567 -0.19443
v 0.9141 2.51566 -0.14765
v 0.92394 2.51567 -0.1206
v 0.71124 2.51566 -0.07381
v 0.72109 2.51567 -0.04676
v 0.72138 -0.00681 -0.04594
v 0.91439 -0.00682 -0.14683
v 0.71154 -0.00682 -0.073
v 0.92424 -0.00681 -0.11978
v 1.11725 -0.00682 -0.22066
v 1.12709 -0.00681 -0.19361
v 1.3201 -0.00682 -0.2945
v 1.32995 -0.00681 -0.26744
v 1.26158 1.50659 -0.27986
v 1.26751 1.22108 -0.26357
v 1.26161 1.22107 -0.27976
v 1.26751 1.5066 -0.26357
v 1.27339 1.5066 -0.24741
v 1.27342 1.22108 -0.24732
v 0.91851 1.53201 -0.155
v 0.77171 1.53201 -0.08311
v 0.76578 1.53201 -0.09941
v 0.92444 1.53201 -0.13871
v 0.93032 1.53202 -0.12256
v 0.77758 1.53202 -0.06696
v 1.27355 0.17607 -0.24698
v 1.12081 0.17607 -0.19139
v 1.11477 0.17606 -0.20798
v 1.26751 0.17606 -0.26357
v 1.26174 0.17605 -0.27942
v 1.109 0.17605 -0.22383
v 1.10897 0.45413 -0.22392
v 1.26751 0.45414 -0.26357
v 1.2617 0.45413 -0.27951
v 1.11477 0.45414 -0.20798
v 1.12078 0.45414 -0.19148
v 1.27351 0.45414 -0.24707
v 0.91848 1.81753 -0.15509
v 0.92444 1.53201 -0.13871
v 0.91851 1.53201 -0.155
v 0.92444 1.81754 -0.13871
v 0.93029 1.81754 -0.12265
v 0.93032 1.53202 -0.12256
v 0.93025 2.1539 -0.12276
v 0.77751 2.1539 -0.06717
v 0.77171 2.15389 -0.08311
v 0.92444 2.15389 -0.13871
v 0.91844 2.15389 -0.1552
v 0.7657 2.15389 -0.09961
v 1.26154 1.84295 -0.27997
v 1.11477 1.84295 -0.20798
v 1.1088 1.84295 -0.22437
v 1.26751 1.84295 -0.26357
v 1.27335 1.84296 -0.24752
v 1.12061 1.84296 -0.19193
v 1.109 0.17605 -0.22383
v 1.11477 0.45414 -0.20798
v 1.10897 0.45413 -0.22392
v 1.11477 0.17606 -0.20798
v 1.12081 0.17607 -0.19139
v 1.12078 0.45414 -0.19148
v 1.2617 0.47955 -0.27952
v 1.11477 0.47955 -0.20798
v 1.10896 0.47955 -0.22393
v 1.26751 0.47955 -0.26357
v 1.27351 0.47956 -0.24708
v 1.12077 0.47956 -0.19149
v 0.91841 2.43941 -0.15529
v 0.92444 2.15389 -0.13871
v 0.91844 2.15389 -0.1552
v 0.92444 2.43942 -0.13871
v 0.93022 2.43942 -0.12285
v 0.93025 2.1539 -0.12276
v 1.10893 0.75762 -0.22402
v 1.26751 0.75763 -0.26357
v 1.26167 0.75762 -0.27961
v 1.11477 0.75763 -0.20798
v 1.12074 0.75764 -0.19158
v 1.27348 0.75764 -0.24717
v 1.10888 1.19565 -0.22416
v 1.26751 1.19566 -0.26357
v 1.26162 1.19565 -0.27976
v 1.11477 1.19566 -0.20798
v 1.12069 1.19566 -0.19172
v 1.27343 1.19566 -0.24731
v 0.7657 2.15389 -0.09961
v 0.77171 2.43942 -0.08311
v 0.76567 2.43941 -0.0997
v 0.77171 2.15389 -0.08311
v 0.77751 2.1539 -0.06717
v 0.77748 2.43942 -0.06726
v 0.9372 2.43941 -0.16213
v 1.09598 2.43942 -0.20114
v 1.08994 2.43941 -0.21773
v 0.94324 2.43942 -0.14555
v 0.94901 2.43942 -0.12969
v 1.10175 2.43942 -0.18528
v 1.26161 1.22107 -0.27976
v 1.11477 1.22108 -0.20798
v 1.10888 1.22107 -0.22417
v 1.26751 1.22108 -0.26357
v 1.27342 1.22108 -0.24732
v 1.12069 1.22108 -0.19173
v 0.76585 0.91013 -0.09921
v 0.77171 1.19566 -0.08311
v 0.76582 1.19565 -0.0993
v 0.77171 0.91014 -0.08311
v 0.77766 0.91014 -0.06676
v 0.77762 1.19566 -0.06686
v 0.93724 2.15389 -0.16204
v 0.94324 2.43942 -0.14555
v 0.9372 2.43941 -0.16213
v 0.94324 2.15389 -0.14555
v 0.94904 2.1539 -0.1296
v 0.94901 2.43942 -0.12969
v 1.10884 1.50659 -0.22426
v 1.26751 1.5066 -0.26357
v 1.26158 1.50659 -0.27986
v 1.11477 1.5066 -0.20798
v 1.12065 1.5066 -0.19182
v 1.27339 1.5066 -0.24741
v 0.91859 0.91013 -0.1548
v 0.77171 0.91014 -0.08311
v 0.76585 0.91013 -0.09921
v 0.92444 0.91014 -0.13871
v 0.9304 0.91014 -0.12236
v 0.77766 0.91014 -0.06676
v 1.08994 2.43941 -0.21773
v 1.09598 2.15389 -0.20114
v 1.08997 2.15389 -0.21763
v 1.09598 2.43942 -0.20114
v 1.10175 2.43942 -0.18528
v 1.10178 2.1539 -0.18519
v 0.93727 1.84295 -0.16194
v 0.94324 2.12848 -0.14555
v 0.93724 2.12847 -0.16203
v 0.94324 1.84295 -0.14555
v 0.94908 1.84296 -0.1295
v 0.94905 2.12848 -0.12959
v 0.91855 1.19565 -0.15489
v 0.92444 0.91014 -0.13871
v 0.91859 0.91013 -0.1548
v 0.92444 1.19566 -0.13871
v 0.93036 1.19566 -0.12245
v 0.9304 0.91014 -0.12236
v 1.08997 2.15389 -0.21763
v 0.94324 2.15389 -0.14555
v 0.93724 2.15389 -0.16204
v 1.09598 2.15389 -0.20114
v 1.10178 2.1539 -0.18519
v 0.94904 2.1539 -0.1296
v 0.76587 0.75762 -0.09916
v 0.92444 0.75763 -0.13871
v 0.91861 0.75762 -0.15475
v 0.77171 0.75763 -0.08311
v 0.77768 0.75764 -0.06671
v 0.93041 0.75764 -0.12231
v 1.08998 2.12847 -0.21763
v 1.09598 1.84295 -0.20114
v 1.09001 1.84295 -0.21753
v 1.09598 2.12848 -0.20114
v 1.10178 2.12848 -0.18518
v 1.10182 1.84296 -0.18509
v 0.76582 1.19565 -0.0993
v 0.92444 1.19566 -0.13871
v 0.91855 1.19565 -0.15489
v 0.77171 1.19566 -0.08311
v 0.77762 1.19566 -0.06686
v 0.93036 1.19566 -0.12245
v 0.7659 0.47955 -0.09907
v 0.77171 0.75763 -0.08311
v 0.76587 0.75762 -0.09916
v 0.77171 0.47955 -0.08311
v 0.77771 0.47956 -0.06662
v 0.77768 0.75764 -0.06671
v 1.09001 1.84295 -0.21753
v 0.94324 1.84295 -0.14555
v 0.93727 1.84295 -0.16194
v 1.09598 1.84295 -0.20114
v 1.10182 1.84296 -0.18509
v 0.94908 1.84296 -0.1295
v 0.93731 1.53201 -0.16184
v 0.94324 1.81754 -0.14555
v 0.93727 1.81753 -0.16193
v 0.94324 1.53201 -0.14555
v 0.94912 1.53202 -0.1294
v 0.94908 1.81754 -0.12949
v 0.91861 0.75762 -0.15475
v 0.92444 0.47955 -0.13871
v 0.91864 0.47955 -0.15466
v 0.92444 0.75763 -0.13871
v 0.93041 0.75764 -0.12231
v 0.93045 0.47956 -0.12222
v 0.93724 2.12847 -0.16203
v 1.09598 2.12848 -0.20114
v 1.08998 2.12847 -0.21763
v 0.94324 2.12848 -0.14555
v 0.94905 2.12848 -0.12959
v 1.10178 2.12848 -0.18518
v 0.91867 0.17605 -0.15456
v 0.77171 0.17606 -0.08311
v 0.76594 0.17605 -0.09897
v 0.92444 0.17606 -0.13871
v 0.93048 0.17607 -0.12212
v 0.77775 0.17607 -0.06652
v 1.09001 1.81753 -0.21752
v 1.09598 1.53201 -0.20114
v 1.09005 1.53201 -0.21743
v 1.09598 1.81754 -0.20114
v 1.10182 1.81754 -0.18508
v 1.10185 1.53202 -0.18499
v 0.91864 0.47955 -0.15466
v 0.77171 0.47955 -0.08311
v 0.7659 0.47955 -0.09907
v 0.92444 0.47955 -0.13871
v 0.93045 0.47956 -0.12222
v 0.77771 0.47956 -0.06662
v 0.76594 0.17605 -0.09897
v 0.77171 0.45414 -0.08311
v 0.7659 0.45413 -0.09906
v 0.77171 0.17606 -0.08311
v 0.77775 0.17607 -0.06652
v 0.77771 0.45414 -0.06662
v 1.09005 1.53201 -0.21743
v 0.94324 1.53201 -0.14555
v 0.93731 1.53201 -0.16184
v 1.09598 1.53201 -0.20114
v 1.10185 1.53202 -0.18499
v 0.94912 1.53202 -0.1294
v 0.93735 1.22107 -0.16174
v 0.94324 1.5066 -0.14555
v 0.93731 1.50659 -0.16183
v 0.94324 1.22108 -0.14555
v 0.94915 1.22108 -0.1293
v 0.94912 1.5066 -0.12939
v 0.91864 0.45413 -0.15465
v 0.92444 0.17606 -0.13871
v 0.91867 0.17605 -0.15456
v 0.92444 0.45414 -0.13871
v 0.93045 0.45414 -0.12221
v 0.93048 0.17607 -0.12212
v 0.93727 1.81753 -0.16193
v 1.09598 1.81754 -0.20114
v 1.09001 1.81753 -0.21752
v 0.94324 1.81754 -0.14555
v 0.94908 1.81754 -0.12949
v 1.10182 1.81754 -0.18508
v 1.09005 1.50659 -0.21742
v 1.09598 1.22108 -0.20114
v 1.09008 1.22107 -0.21733
v 1.09598 1.5066 -0.20114
v 1.10186 1.5066 -0.18498
v 1.10189 1.22108 -0.18489
v 1.26147 2.43941 -0.28016
v 1.26751 2.15389 -0.26357
v 1.2615 2.15389 -0.28007
v 1.26751 2.43942 -0.26357
v 1.27328 2.43942 -0.24772
v 1.27331 2.1539 -0.24762
v 0.7659 0.45413 -0.09906
v 0.92444 0.45414 -0.13871
v 0.91864 0.45413 -0.15465
v 0.77171 0.45414 -0.08311
v 0.77771 0.45414 -0.06662
v 0.93045 0.45414 -0.12221
v 1.09008 1.22107 -0.21733
v 0.94324 1.22108 -0.14555
v 0.93735 1.22107 -0.16174
v 1.09598 1.22108 -0.20114
v 1.10189 1.22108 -0.18489
v 0.94915 1.22108 -0.1293
v 1.09012 0.91013 -0.21723
v 0.94324 0.91014 -0.14555
v 0.93738 0.91013 -0.16164
v 1.09598 0.91014 -0.20114
v 1.10193 0.91014 -0.18479
v 0.94919 0.91014 -0.1292
v 1.10873 2.43941 -0.22457
v 1.26751 2.43942 -0.26357
v 1.26147 2.43941 -0.28016
v 1.11477 2.43942 -0.20798
v 1.12054 2.43942 -0.19212
v 1.27328 2.43942 -0.24772
v 0.93731 1.50659 -0.16183
v 1.09598 1.5066 -0.20114
v 1.09005 1.50659 -0.21742
v 0.94324 1.5066 -0.14555
v 0.94912 1.5066 -0.12939
v 1.10186 1.5066 -0.18498
v 0.93738 0.91013 -0.16164
v 0.94324 1.19566 -0.14555
v 0.93735 1.19565 -0.16173
v 0.94324 0.91014 -0.14555
v 0.94919 0.91014 -0.1292
v 0.94916 1.19566 -0.12929
v 1.10877 2.15389 -0.22447
v 1.11477 2.43942 -0.20798
v 1.10873 2.43941 -0.22457
v 1.11477 2.15389 -0.20798
v 1.12057 2.1539 -0.19203
v 1.12054 2.43942 -0.19212
v 0.76574 1.84295 -0.09951
v 0.77171 2.12848 -0.08311
v 0.76571 2.12847 -0.0996
v 0.77171 1.84295 -0.08311
v 0.77755 1.84296 -0.06707
v 0.77751 2.12848 -0.06716
v 1.09009 1.19565 -0.21732
v 1.09598 0.91014 -0.20114
v 1.09012 0.91013 -0.21723
v 1.09598 1.19566 -0.20114
v 1.10189 1.19566 -0.18488
v 1.10193 0.91014 -0.18479
v 1.2615 2.15389 -0.28007
v 1.11477 2.15389 -0.20798
v 1.10877 2.15389 -0.22447
v 1.26751 2.15389 -0.26357
v 1.27331 2.1539 -0.24762
v 1.12057 2.1539 -0.19203
v 0.9374 0.75762 -0.16159
v 1.09598 0.75763 -0.20114
v 1.09014 0.75762 -0.21718
v 0.94324 0.75763 -0.14555
v 0.94921 0.75764 -0.12915
v 1.10195 0.75764 -0.18474
v 0.91844 2.12847 -0.15519
v 0.92444 1.84295 -0.13871
v 0.91848 1.84295 -0.1551
v 0.92444 2.12848 -0.13871
v 0.93025 2.12848 -0.12275
v 0.93029 1.84296 -0.12266
v 0.93735 1.19565 -0.16173
v 1.09598 1.19566 -0.20114
v 1.09009 1.19565 -0.21732
v 0.94324 1.19566 -0.14555
v 0.94916 1.19566 -0.12929
v 1.10189 1.19566 -0.18488
v 0.93743 0.47955 -0.1615
v 0.94324 0.75763 -0.14555
v 0.9374 0.75762 -0.16159
v 0.94324 0.47955 -0.14555
v 0.94924 0.47956 -0.12906
v 0.94921 0.75764 -0.12915
v 0.91848 1.84295 -0.1551
v 0.77171 1.84295 -0.08311
v 0.76574 1.84295 -0.09951
v 0.92444 1.84295 -0.13871
v 0.93029 1.84296 -0.12266
v 0.77755 1.84296 -0.06707
v 1.26154 1.81753 -0.27996
v 1.26751 1.53201 -0.26357
v 1.26158 1.53201 -0.27986
v 1.26751 1.81754 -0.26357
v 1.27335 1.81754 -0.24751
v 1.27339 1.53202 -0.24742
v 1.09014 0.75762 -0.21718
v 1.09598 0.47955 -0.20114
v 1.09017 0.47955 -0.21709
v 1.09598 0.75763 -0.20114
v 1.10195 0.75764 -0.18474
v 1.10198 0.47956 -0.18465
v 0.76571 2.12847 -0.0996
v 0.92444 2.12848 -0.13871
v 0.91844 2.12847 -0.15519
v 0.77171 2.12848 -0.08311
v 0.77751 2.12848 -0.06716
v 0.93025 2.12848 -0.12275
v 1.09021 0.17605 -0.21699
v 0.94324 0.17606 -0.14555
v 0.93747 0.17605 -0.1614
v 1.09598 0.17606 -0.20114
v 1.10201 0.17607 -0.18455
v 0.94928 0.17607 -0.12896
v 1.10884 1.53201 -0.22427
v 1.11477 1.81754 -0.20798
v 1.10881 1.81753 -0.22437
v 1.11477 1.53201 -0.20798
v 1.12065 1.53202 -0.19183
v 1.12061 1.81754 -0.19192
v 1.09017 0.47955 -0.21709
v 0.94324 0.47955 -0.14555
v 0.93743 0.47955 -0.1615
v 1.09598 0.47955 -0.20114
v 1.10198 0.47956 -0.18465
v 0.94924 0.47956 -0.12906
v 0.93747 0.17605 -0.1614
v 0.94324 0.45414 -0.14555
v 0.93744 0.45413 -0.16149
v 0.94324 0.17606 -0.14555
v 0.94928 0.17607 -0.12896
v 0.94924 0.45414 -0.12905
v 1.26158 1.53201 -0.27986
v 1.11477 1.53201 -0.20798
v 1.10884 1.53201 -0.22427
v 1.26751 1.53201 -0.26357
v 1.27339 1.53202 -0.24742
v 1.12065 1.53202 -0.19183
v 0.76581 1.22107 -0.09931
v 0.77171 1.5066 -0.08311
v 0.76578 1.50659 -0.0994
v 0.77171 1.22108 -0.08311
v 0.77762 1.22108 -0.06686
v 0.77759 1.5066 -0.06696
v 1.09017 0.45413 -0.21708
v 1.09598 0.17606 -0.20114
v 1.09021 0.17605 -0.21699
v 1.09598 0.45414 -0.20114
v 1.10198 0.45414 -0.18464
v 1.10201 0.17607 -0.18455
v 1.10881 1.81753 -0.22437
v 1.26751 1.81754 -0.26357
v 1.26154 1.81753 -0.27996
v 1.11477 1.81754 -0.20798
v 1.12061 1.81754 -0.19192
v 1.27335 1.81754 -0.24751
v 0.91852 1.50659 -0.15499
v 0.92444 1.22108 -0.13871
v 0.91855 1.22107 -0.1549
v 0.92444 1.5066 -0.13871
v 0.93033 1.5066 -0.12255
v 0.93036 1.22108 -0.12246
v 0.93744 0.45413 -0.16149
v 1.09598 0.45414 -0.20114
v 1.09017 0.45413 -0.21708
v 0.94324 0.45414 -0.14555
v 0.94924 0.45414 -0.12905
v 1.10198 0.45414 -0.18464
v 0.91855 1.22107 -0.1549
v 0.77171 1.22108 -0.08311
v 0.76581 1.22107 -0.09931
v 0.92444 1.22108 -0.13871
v 0.93036 1.22108 -0.12246
v 0.77762 1.22108 -0.06686
v 1.26165 0.91013 -0.27966
v 1.11477 0.91014 -0.20798
v 1.10891 0.91013 -0.22407
v 1.26751 0.91014 -0.26357
v 1.27346 0.91014 -0.24722
v 1.12072 0.91014 -0.19163
v 0.76578 1.50659 -0.0994
v 0.92444 1.5066 -0.13871
v 0.91852 1.50659 -0.15499
v 0.77171 1.5066 -0.08311
v 0.77759 1.5066 -0.06696
v 0.93033 1.5066 -0.12255
v 1.10891 0.91013 -0.22407
v 1.11477 1.19566 -0.20798
v 1.10888 1.19565 -0.22416
v 1.11477 0.91014 -0.20798
v 1.12072 0.91014 -0.19163
v 1.12069 1.19566 -0.19172
v 0.76567 2.43941 -0.0997
v 0.92444 2.43942 -0.13871
v 0.91841 2.43941 -0.15529
v 0.77171 2.43942 -0.08311
v 0.77748 2.43942 -0.06726
v 0.93022 2.43942 -0.12285
v 1.26162 1.19565 -0.27976
v 1.26751 0.91014 -0.26357
v 1.26165 0.91013 -0.27966
v 1.26751 1.19566 -0.26357
v 1.27343 1.19566 -0.24731
v 1.27346 0.91014 -0.24722
v 1.26167 0.75762 -0.27961
v 1.26751 0.47955 -0.26357
v 1.2617 0.47955 -0.27952
v 1.26751 0.75763 -0.26357
v 1.27348 0.75764 -0.24717
v 1.27351 0.47956 -0.24708
v 1.31249 2.17493 -0.29863
v 1.31981 2.51566 -0.29531
v 1.31245 2.50837 -0.29874
v 1.31985 2.17931 -0.29521
v 1.31253 1.84149 -0.29852
v 1.31989 1.84295 -0.2951
v 1.31257 1.50805 -0.29842
v 1.31993 1.50659 -0.29499
v 1.31261 1.17461 -0.29831
v 1.31997 1.17024 -0.29488
v 1.31265 0.83388 -0.2982
v 1.32001 0.83388 -0.29477
v 1.11695 2.51566 -0.22148
v 1.31245 2.50837 -0.29874
v 1.31981 2.51566 -0.29531
v 1.11319 2.50837 -0.22622
v 0.9141 2.51566 -0.14765
v 0.91393 2.50837 -0.15369
v 0.71124 2.51566 -0.07381
v 0.71467 2.50837 -0.08117
v 0.91439 -0.00682 -0.14683
v 0.712 0.00196 -0.07927
v 0.71154 -0.00682 -0.073
v 0.91324 0.00196 -0.15252
v 1.11725 -0.00682 -0.22066
v 1.11448 0.00196 -0.22576
v 1.3201 -0.00682 -0.2945
v 1.31571 0.00196 -0.29901
v 0.71195 0.41628 -0.07941
v 0.71149 0.41353 -0.07313
v 0.71154 -0.00682 -0.073
v 0.712 0.00196 -0.07927
v 1.31567 0.41628 -0.29914
v 1.32005 0.41353 -0.29463
v 1.32001 0.83388 -0.29477
v 1.31265 0.83388 -0.2982
v 1.31571 0.00196 -0.29901
v 1.3201 -0.00682 -0.2945
v 1.32005 0.41353 -0.29463
v 1.31567 0.41628 -0.29914
v 0.76812 2.14119 -0.06374
v 0.76815 1.83025 -0.06364
v 0.72117 1.84296 -0.04654
v 0.77751 2.12848 -0.06716
v 0.72113 2.17932 -0.04665
v 0.72121 1.5066 -0.04644
v 0.76819 1.51931 -0.06354
v 0.72124 1.17025 -0.04633
v 0.76823 1.20837 -0.06344
v 0.72128 0.83389 -0.04622
v 0.77755 1.84296 -0.06707
v 0.93025 2.12848 -0.12275
v 0.76808 2.45213 -0.06384
v 0.72109 2.51567 -0.04676
v 0.93961 2.45213 -0.12628
v 0.92394 2.51567 -0.1206
v 1.11114 2.45213 -0.18871
v 1.1268 2.51567 -0.19443
v 0.93968 1.83025 -0.12607
v 0.93029 1.84296 -0.12266
v 0.93965 2.14119 -0.12617
v 0.94905 2.12848 -0.12959
v 0.94908 1.84296 -0.1295
v 1.10178 2.12848 -0.18518
v 1.28267 2.45213 -0.25114
v 1.32965 2.51567 -0.26826
v 1.28271 2.14119 -0.25104
v 1.32969 2.17932 -0.26815
v 1.28275 1.83025 -0.25094
v 1.32973 1.84296 -0.26804
v 1.28278 1.51931 -0.25084
v 1.32977 1.5066 -0.26794
v 1.28282 1.20837 -0.25074
v 1.32981 1.17025 -0.26783
v 1.11118 2.14119 -0.18861
v 1.10182 1.84296 -0.18509
v 1.11122 1.83025 -0.18851
v 1.12058 2.12848 -0.19202
v 1.27332 2.12848 -0.24762
v 1.12061 1.84296 -0.19193
v 1.27335 1.84296 -0.24752
v 1.28286 0.89743 -0.25064
v 1.32985 0.83389 -0.26772
v 1.11133 0.89743 -0.1882
v 1.12072 0.91014 -0.19163
v 1.27346 0.91014 -0.24722
v 1.12069 1.19566 -0.19172
v 1.27343 1.19566 -0.24731
v 1.11129 1.20837 -0.1883
v 1.12069 1.22108 -0.19173
v 1.12065 1.5066 -0.19182
v 1.27342 1.22108 -0.24732
v 1.27339 1.5066 -0.24741
v 1.11125 1.51931 -0.18841
v 1.12065 1.53202 -0.19183
v 1.12061 1.81754 -0.19192
v 1.27339 1.53202 -0.24742
v 1.27335 1.81754 -0.24751
v 1.10185 1.53202 -0.18499
v 1.10182 1.81754 -0.18508
v 0.94912 1.53202 -0.1294
v 0.94908 1.81754 -0.12949
v 0.93972 1.51931 -0.12597
v 1.10186 1.5066 -0.18498
v 0.94912 1.5066 -0.12939
v 1.10189 1.22108 -0.18489
v 0.94915 1.22108 -0.1293
v 0.93976 1.20837 -0.12587
v 1.10189 1.19566 -0.18488
v 0.94916 1.19566 -0.12929
v 1.10193 0.91014 -0.18479
v 0.93979 0.89743 -0.12577
v 0.94919 0.91014 -0.1292
v 1.127 0.83389 -0.19388
v 0.93036 1.22108 -0.12246
v 0.93033 1.5066 -0.12255
v 0.77762 1.22108 -0.06686
v 0.77759 1.5066 -0.06696
v 0.77758 1.53202 -0.06696
v 0.93032 1.53202 -0.12256
v 0.77755 1.81754 -0.06706
v 0.93029 1.81754 -0.12265
v 0.93036 1.19566 -0.12245
v 0.9304 0.91014 -0.12236
v 0.77762 1.19566 -0.06686
v 0.77766 0.91014 -0.06676
v 0.76826 0.89743 -0.06334
v 0.92414 0.83389 -0.12005
v 0.93981 0.77034 -0.12573
v 1.11134 0.77034 -0.18816
v 0.76828 0.77034 -0.0633
v 0.72133 0.41354 -0.04608
v 0.76831 0.46685 -0.0632
v 0.72138 -0.00681 -0.04594
v 1.28287 0.77034 -0.25059
v 1.28291 0.46685 -0.2505
v 1.3299 0.41354 -0.26758
v 0.76835 0.16336 -0.0631
v 0.92424 -0.00681 -0.11978
v 0.93988 0.16336 -0.12553
v 1.12709 -0.00681 -0.19361
v 1.11141 0.16336 -0.18797
v 1.32995 -0.00681 -0.26744
v 1.28294 0.16336 -0.2504
v 1.27348 0.75764 -0.24717
v 1.27351 0.47956 -0.24708
v 1.12074 0.75764 -0.19158
v 1.12077 0.47956 -0.19149
v 1.11138 0.46685 -0.18806
v 1.10198 0.47956 -0.18465
v 0.94924 0.47956 -0.12906
v 1.10195 0.75764 -0.18474
v 0.94921 0.75764 -0.12915
v 0.93985 0.46685 -0.12563
v 0.93045 0.47956 -0.12222
v 0.77771 0.47956 -0.06662
v 0.93041 0.75764 -0.12231
v 0.77768 0.75764 -0.06671
v 1.27351 0.45414 -0.24707
v 1.27355 0.17607 -0.24698
v 1.12081 0.17607 -0.19139
v 1.12078 0.45414 -0.19148
v 1.10201 0.17607 -0.18455
v 1.10198 0.45414 -0.18464
v 0.94928 0.17607 -0.12896
v 0.94924 0.45414 -0.12905
v 0.93045 0.45414 -0.12221
v 0.93048 0.17607 -0.12212
v 0.77771 0.45414 -0.06662
v 0.77775 0.17607 -0.06652
v 0.77751 2.1539 -0.06717
v 0.77748 2.43942 -0.06726
v 0.93022 2.43942 -0.12285
v 0.93025 2.1539 -0.12276
v 0.94901 2.43942 -0.12969
v 1.10175 2.43942 -0.18528
v 0.94904 2.1539 -0.1296
v 1.10178 2.1539 -0.18519
v 1.12054 2.43942 -0.19212
v 1.27328 2.43942 -0.24772
v 1.12057 2.1539 -0.19203
v 1.27331 2.1539 -0.24762
v 0.75654 0.16335 -0.09554
v 0.712 0.00196 -0.07927
v 0.91324 0.00196 -0.15252
v 0.92807 0.16335 -0.15798
v 1.11448 0.00196 -0.22576
v 0.75651 0.46684 -0.09564
v 0.71195 0.41628 -0.07941
v 1.0996 0.16335 -0.22041
v 1.31571 0.00196 -0.29901
v 0.75647 0.77033 -0.09574
v 0.71487 0.83388 -0.08062
v 0.928 0.77033 -0.15817
v 0.91861 0.75762 -0.15475
v 0.76587 0.75762 -0.09916
v 0.91864 0.47955 -0.15466
v 0.7659 0.47955 -0.09907
v 0.92804 0.46684 -0.15807
v 0.91864 0.45413 -0.15465
v 0.91867 0.17605 -0.15456
v 0.7659 0.45413 -0.09906
v 0.76594 0.17605 -0.09897
v 0.93744 0.45413 -0.16149
v 0.93747 0.17605 -0.1614
v 1.09017 0.45413 -0.21708
v 1.09021 0.17605 -0.21699
v 1.09957 0.46684 -0.22051
v 0.93743 0.47955 -0.1615
v 1.09017 0.47955 -0.21709
v 0.9374 0.75762 -0.16159
v 1.09953 0.77033 -0.22061
v 1.09014 0.75762 -0.21718
v 0.91233 0.83388 -0.15249
v 1.10897 0.45413 -0.22392
v 1.109 0.17605 -0.22383
v 1.2617 0.45413 -0.27951
v 1.2711 0.46684 -0.28294
v 1.26174 0.17605 -0.27942
v 1.27114 0.16335 -0.28284
v 1.31567 0.41628 -0.29914
v 1.31265 0.83388 -0.2982
v 1.10893 0.75762 -0.22402
v 1.10896 0.47955 -0.22393
v 1.2617 0.47955 -0.27952
v 1.26167 0.75762 -0.27961
v 1.27106 0.77033 -0.28304
v 1.11519 0.83388 -0.22633
v 1.09952 0.89742 -0.22065
v 0.92799 0.89742 -0.15821
v 1.27105 0.89742 -0.28308
v 1.31261 1.17461 -0.29831
v 1.27101 1.20836 -0.28318
v 1.31257 1.50805 -0.29842
v 1.27098 1.5193 -0.28328
v 1.31253 1.84149 -0.29852
v 1.27094 1.83024 -0.28338
v 1.31249 2.17493 -0.29863
v 1.2709 2.14118 -0.28348
v 1.31245 2.50837 -0.29874
v 0.75645 0.89742 -0.09578
v 0.75642 1.20836 -0.09588
v 0.71483 1.17461 -0.08073
v 0.75638 1.5193 -0.09598
v 0.71479 1.50805 -0.08084
v 0.75634 1.83024 -0.09608
v 0.71475 1.84149 -0.08095
v 0.75631 2.14118 -0.09619
v 0.71471 2.17493 -0.08106
v 1.27087 2.45212 -0.28358
v 1.11319 2.50837 -0.22622
v 1.09933 2.45212 -0.22115
v 0.91393 2.50837 -0.15369
v 0.9278 2.45212 -0.15872
v 0.71467 2.50837 -0.08117
v 0.75627 2.45212 -0.09629
v 1.2615 2.15389 -0.28007
v 1.26147 2.43941 -0.28016
v 1.10877 2.15389 -0.22447
v 1.10873 2.43941 -0.22457
v 1.09937 2.14118 -0.22105
v 1.26151 2.12847 -0.28006
v 1.10877 2.12847 -0.22447
v 1.26154 1.84295 -0.27997
v 1.1088 1.84295 -0.22437
v 1.09941 1.83024 -0.22095
v 1.26154 1.81753 -0.27996
v 1.10881 1.81753 -0.22437
v 1.26158 1.53201 -0.27986
v 1.10884 1.53201 -0.22427
v 1.09944 1.5193 -0.22085
v 1.26158 1.50659 -0.27986
v 1.10884 1.50659 -0.22426
v 1.26161 1.22107 -0.27976
v 1.10888 1.22107 -0.22417
v 1.09948 1.20836 -0.22075
v 1.26162 1.19565 -0.27976
v 1.10888 1.19565 -0.22416
v 1.26165 0.91013 -0.27966
v 1.10891 0.91013 -0.22407
v 1.09012 0.91013 -0.21723
v 0.93738 0.91013 -0.16164
v 1.09009 1.19565 -0.21732
v 0.93735 1.19565 -0.16173
v 0.92795 1.20836 -0.15831
v 0.93735 1.22107 -0.16174
v 0.93731 1.50659 -0.16183
v 1.09008 1.22107 -0.21733
v 1.09005 1.50659 -0.21742
v 0.92791 1.5193 -0.15842
v 0.93731 1.53201 -0.16184
v 0.93727 1.81753 -0.16193
v 1.09005 1.53201 -0.21743
v 1.09001 1.81753 -0.21752
v 0.92788 1.83024 -0.15852
v 0.93727 1.84295 -0.16194
v 0.93724 2.12847 -0.16203
v 1.09001 1.84295 -0.21753
v 1.08998 2.12847 -0.21763
v 0.92784 2.14118 -0.15862
v 0.93724 2.15389 -0.16204
v 0.9372 2.43941 -0.16213
v 1.08997 2.15389 -0.21763
v 1.08994 2.43941 -0.21773
v 0.91844 2.15389 -0.1552
v 0.91841 2.43941 -0.15529
v 0.76567 2.43941 -0.0997
v 0.7657 2.15389 -0.09961
v 0.91844 2.12847 -0.15519
v 0.91848 1.84295 -0.1551
v 0.76571 2.12847 -0.0996
v 0.76574 1.84295 -0.09951
v 0.91848 1.81753 -0.15509
v 0.91851 1.53201 -0.155
v 0.76574 1.81753 -0.0995
v 0.76578 1.53201 -0.09941
v 0.91852 1.50659 -0.15499
v 0.91855 1.22107 -0.1549
v 0.76578 1.50659 -0.0994
v 0.76581 1.22107 -0.09931
v 0.91855 1.19565 -0.15489
v 0.91859 0.91013 -0.1548
v 0.76582 1.19565 -0.0993
v 0.76585 0.91013 -0.09921
vn 0.7647644 0.8355171 -0.4530398
vn 0.7647644 0.8355171 -0.4530398
vn 0.7647644 0.8355171 -0.4530398
vn 0.7967407 0.8337325 -0.5387759
vn 0.7967407 0.8337325 -0.5387759
vn 0.7967407 0.8337325 -0.5387759
vn 0.7967407 0.8337325 -0.5387759
vn 0.7967402 0.8337325 -0.5387748
vn 0.7967402 0.8337325 -0.5387748
vn 0.7967399 0.8337325 -0.5387741
vn 0.7967399 0.8337325 -0.5387741
vn 0.7967393 0.8337325 -0.538773
vn 0.7967393 0.8337325 -0.538773
vn 0.7967393 0.8337325 -0.538773
vn 0.7967393 0.8337325 -0.538773
vn 1.862535 0.8338736 -0.4922403
vn 1.862535 0.8338736 -0.4922403
vn 1.862535 0.8338736 -0.4922403
vn 1.862535 0.8338736 -0.4922403
vn 1.862535 0.8338736 -0.4922403
vn 1.862535 0.8338736 -0.4922403
vn 1.862535 0.8338736 -0.4922403
vn 1.862535 0.8338736 -0.4922403
vn 1.862535 0.8338736 -0.4922403
vn 1.862535 0.8338736 -0.4922403
vn 1.862535 0.8338736 -0.4922403
vn 1.862535 0.8338736 -0.4922403
vn 0.7774648 0.8338736 -0.09730667
vn 0.7774648 0.8338736 -0.09730667
vn 0.7774648 0.8338736 -0.09730667
vn 0.7774648 0.8338736 -0.09730667
vn 0.7774648 0.8338736 -0.09730667
vn 0.7774648 0.8338736 -0.09730667
vn 1.862535 0.8338736 -0.4922403
vn 1.862535 0.8338736 -0.4922403
vn 1.862535 0.8338736 -0.4922403
vn 1.862535 0.8338736 -0.4922403
vn 1.862535 0.8338736 -0.4922403
vn 1.862535 0.8338736 -0.4922403
vn 1.320068 0.2565304 -0.2945861
vn 1.320068 0.2565304 -0.2945861
vn 1.320068 0.2565304 -0.2945861
vn 1.320068 0.2565304 -0.2945861
vn 1.320068 0.2565304 -0.2945861
vn 1.320068 0.2565304 -0.2945861
vn 1.320068 0.2565304 -0.2945861
vn 1.320068 0.2565304 -0.2945861
vn 1.320068 0.2565304 -0.2945861
vn 1.320068 0.2565304 -0.2945861
vn 1.320068 0.2565304 -0.2945861
vn 1.320068 0.2565304 -0.2945861
vn 0.7774648 0.8338736 -0.09730667
vn 0.7774648 0.8338736 -0.09730667
vn 0.7774648 0.8338736 -0.09730667
vn 0.7774648 0.8338736 -0.09730667
vn 0.7774648 0.8338736 -0.09730667
vn 0.7774648 0.8338736 -0.09730667
vn 1.862535 0.8338736 -0.4922403
vn 1.862535 0.8338736 -0.4922403
vn 1.862535 0.8338736 -0.4922403
vn 1.862535 0.8338736 -0.4922403
vn 1.862535 0.8338736 -0.4922403
vn 1.862535 0.8338736 -0.4922403
vn 1.862535 0.8338736 -0.4922411
vn 1.862535 0.8338736 -0.4922411
vn 1.862535 0.8338736 -0.4922411
vn 1.862535 0.8338736 -0.4922411
vn 1.862535 0.8338736 -0.4922403
vn 1.862535 0.8338736 -0.4922403
vn 1.862535 0.8338736 -0.4922403
vn 1.862535 0.8338736 -0.4922403
vn 1.862535 0.8338736 -0.4922403
vn 1.862535 0.8338736 -0.4922403
vn 1.862535 0.8338736 -0.4922403
vn 1.862535 0.8338736 -0.4922403
vn 1.862535 0.8338736 -0.4922403
vn 1.862535 0.8338736 -0.4922403
vn 1.862535 0.8338736 -0.4922403
vn 1.862535 0.8338736 -0.4922403
vn 0.7774649 0.8338736 -0.09730642
vn 0.7774647 0.8338736 -0.09730715
vn 0.7774647 0.8338736 -0.09730715
vn 0.7774649 0.8338736 -0.09730642
vn 0.7774649 0.8338736 -0.09730642
vn 0.7774649 0.8338736 -0.09730642
vn 0.7774648 0.8338736 -0.09730667
vn 0.7774648 0.8338736 -0.09730667
vn 0.7774648 0.8338736 -0.09730667
vn 0.7774648 0.8338736 -0.09730667
vn 0.7774648 0.8338736 -0.09730667
vn 0.7774648 0.8338736 -0.09730667
vn 0.7774648 0.8338736 -0.09730667
vn 0.7774648 0.8338736 -0.09730667
vn 0.7774648 0.8338736 -0.09730667
vn 0.7774648 0.8338736 -0.09730667
vn 1.319932 1.411217 -0.2949609
vn 1.319932 1.411217 -0.2949609
vn 1.319932 1.411217 -0.2949609
vn 1.319932 1.411217 -0.2949609
vn 1.319932 1.411217 -0.2949609
vn 1.319932 1.411217 -0.2949609
vn 1.319932 1.411217 -0.2949609
vn 1.319932 1.411217 -0.2949609
vn 1.320068 0.2565304 -0.2945873
vn 1.320068 0.2565304 -0.2945873
vn 1.320068 0.2565304 -0.2945873
vn 1.320068 0.2565304 -0.2945873
vn 1.320068 0.2565304 -0.2945873
vn 1.320068 0.2565304 -0.2945873
vn 1.320068 0.2565304 -0.2945873
vn 1.320068 0.2565304 -0.2945873
vn 0.7774648 0.8338736 -0.09730667
vn 0.7774648 0.8338736 -0.09730667
vn 0.7774648 0.8338736 -0.09730667
vn 0.7774648 0.8338736 -0.09730667
vn 0.7774648 0.8338736 -0.09730667
vn 0.7774648 0.8338736 -0.09730667
vn 1.319932 1.411217 -0.2949609
vn 1.319932 1.411217 -0.2949609
vn 1.319932 1.411217 -0.2949609
vn 1.319932 1.411217 -0.2949609
vn 1.319932 1.411217 -0.2949609
vn 1.319932 1.411217 -0.2949609
vn 1.319932 1.411217 -0.2949609
vn 1.319932 1.411217 -0.2949609
vn 1.319932 1.411217 -0.2949609
vn 1.319932 1.411217 -0.2949609
vn 1.319932 1.411217 -0.2949609
vn 1.319932 1.411217 -0.2949609
vn 1.320069 0.2565304 -0.2945862
vn 1.320069 0.2565304 -0.2945862
vn 1.320069 0.2565304 -0.2945862
vn 1.320069 0.2565304 -0.2945862
vn 1.320069 0.2565304 -0.2945862
vn 1.320069 0.2565304 -0.2945862
vn 0.7774648 0.8338736 -0.09730667
vn 0.7774648 0.8338736 -0.09730667
vn 0.7774648 0.8338736 -0.09730667
vn 0.7774648 0.8338736 -0.09730667
vn 0.7774648 0.8338736 -0.09730667
vn 0.7774648 0.8338736 -0.09730667
vn 1.319932 1.411217 -0.2949609
vn 1.319932 1.411217 -0.2949609
vn 1.319932 1.411217 -0.2949609
vn 1.319932 1.411217 -0.2949609
vn 1.319932 1.411217 -0.2949609
vn 1.319932 1.411217 -0.2949609
vn 1.319932 1.411217 -0.2949609
vn 1.319932 1.411217 -0.2949609
vn 1.319932 1.411217 -0.2949609
vn 1.319932 1.411217 -0.2949609
vn 1.319932 1.411217 -0.2949609
vn 1.319932 1.411217 -0.2949609
vn 1.862535 0.8338736 -0.4922403
vn 1.862535 0.8338736 -0.4922403
vn 1.862535 0.8338736 -0.4922403
vn 1.862535 0.8338736 -0.4922403
vn 1.862535 0.8338736 -0.4922403
vn 1.862535 0.8338736 -0.4922403
vn 1.319932 1.411217 -0.2949608
vn 1.319932 1.411217 -0.2949608
vn 1.319932 1.411217 -0.2949608
vn 1.319932 1.411217 -0.2949608
vn 1.319932 1.411217 -0.2949608
vn 1.319932 1.411217 -0.2949608
vn 0.7774648 0.8338736 -0.09730667
vn 0.7774648 0.8338736 -0.09730667
vn 0.7774648 0.8338736 -0.09730667
vn 0.7774648 0.8338736 -0.09730667
vn 0.7774648 0.8338736 -0.09730667
vn 0.7774648 0.8338736 -0.09730667
vn 1.320068 0.2565304 -0.2945861
vn 1.320068 0.2565304 -0.2945861
vn 1.320068 0.2565304 -0.2945861
vn 1.320068 0.2565304 -0.2945861
vn 1.320068 0.2565304 -0.2945861
vn 1.320068 0.2565304 -0.2945861
vn 1.320068 0.2565304 -0.2945861
vn 1.320068 0.2565304 -0.2945861
vn 1.320068 0.2565304 -0.2945861
vn 1.320068 0.2565304 -0.2945861
vn 1.320068 0.2565304 -0.2945861
vn 1.320068 0.2565304 -0.2945861
vn 1.862535 0.8338736 -0.4922403
vn 1.862535 0.8338736 -0.4922403
vn 1.862535 0.8338736 -0.4922403
vn 1.862535 0.8338736 -0.4922403
vn 1.862535 0.8338736 -0.4922403
vn 1.862535 0.8338736 -0.4922403
vn 1.320068 0.2565304 -0.2945861
vn 1.320068 0.2565304 -0.2945861
vn 1.320068 0.2565304 -0.2945861
vn 1.320068 0.2565304 -0.2945861
vn 1.320068 0.2565304 -0.2945861
vn 1.320068 0.2565304 -0.2945861
vn 1.319932 1.411217 -0.2949607
vn 1.319932 1.411217 -0.2949607
vn 1.319932 1.411217 -0.2949607
vn 1.319932 1.411217 -0.2949607
vn 1.319932 1.411217 -0.2949607
vn 1.319932 1.411217 -0.2949607
vn 1.862535 0.8338736 -0.4922403
vn 1.862535 0.8338736 -0.4922403
vn 1.862535 0.8338736 -0.4922403
vn 1.862535 0.8338736 -0.4922403
vn 1.862535 0.8338736 -0.4922403
vn 1.862535 0.8338736 -0.4922403
vn 1.862535 0.8338736 -0.4922403
vn 1.862535 0.8338736 -0.4922403
vn 1.862535 0.8338736 -0.4922403
vn 1.862535 0.8338736 -0.4922403
vn 1.862535 0.8338736 -0.4922403
vn 1.862535 0.8338736 -0.4922403
vn 1.320068 0.2565304 -0.2945861
vn 1.320068 0.2565304 -0.2945861
vn 1.320068 0.2565304 -0.2945861
vn 1.320068 0.2565304 -0.2945861
vn 1.320068 0.2565304 -0.2945861
vn 1.320068 0.2565304 -0.2945861
vn 1.319932 1.411217 -0.2949609
vn 1.319932 1.411217 -0.2949609
vn 1.319932 1.411217 -0.2949609
vn 1.319932 1.411217 -0.2949609
vn 1.319932 1.411217 -0.2949609
vn 1.319932 1.411217 -0.2949609
vn 0.7774648 0.8338736 -0.09730667
vn 0.7774648 0.8338736 -0.09730667
vn 0.7774648 0.8338736 -0.09730667
vn 0.7774648 0.8338736 -0.09730667
vn 0.7774648 0.8338736 -0.09730667
vn 0.7774648 0.8338736 -0.09730667
vn 1.862535 0.8338736 -0.4922403
vn 1.862535 0.8338736 -0.4922403
vn 1.862535 0.8338736 -0.4922403
vn 1.862535 0.8338736 -0.4922403
vn 1.862535 0.8338736 -0.4922403
vn 1.862535 0.8338736 -0.4922403
vn 0.7774648 0.8338736 -0.09730667
vn 0.7774648 0.8338736 -0.09730667
vn 0.7774648 0.8338736 -0.09730667
vn 0.7774648 0.8338736 -0.09730667
vn 0.7774648 0.8338736 -0.09730667
vn 0.7774648 0.8338736 -0.09730667
vn 1.319932 1.411217 -0.2949609
vn 1.319932 1.411217 -0.2949609
vn 1.319932 1.411217 -0.2949609
vn 1.319932 1.411217 -0.2949609
vn 1.319932 1.411217 -0.2949609
vn 1.319932 1.411217 -0.2949609
vn 1.320068 0.2565304 -0.2945861
vn 1.320068 0.2565304 -0.2945861
vn 1.320068 0.2565304 -0.2945861
vn 1.320068 0.2565304 -0.2945861
vn 1.320068 0.2565304 -0.2945861
vn 1.320068 0.2565304 -0.2945861
vn 0.7774648 0.8338736 -0.09730667
vn 0.7774648 0.8338736 -0.09730667
vn 0.7774648 0.8338736 -0.09730667
vn 0.7774648 0.8338736 -0.09730667
vn 0.7774648 0.8338736 -0.09730667
vn 0.7774648 0.8338736 -0.09730667
vn 1.320068 0.2565304 -0.2945861
vn 1.320068 0.2565304 -0.2945861
vn 1.320068 0.2565304 -0.2945861
vn 1.320068 0.2565304 -0.2945861
vn 1.320068 0.2565304 -0.2945861
vn 1.320068 0.2565304 -0.2945861
vn 1.862535 0.8338736 -0.4922403
vn 1.862535 0.8338736 -0.4922403
vn 1.862535 0.8338736 -0.4922403
vn 1.862535 0.8338736 -0.4922403
vn 1.862535 0.8338736 -0.4922403
vn 1.862535 0.8338736 -0.4922403
vn 1.319932 1.411217 -0.2949609
vn 1.319932 1.411217 -0.2949609
vn 1.319932 1.411217 -0.2949609
vn 1.319932 1.411217 -0.2949609
vn 1.319932 1.411217 -0.2949609
vn 1.319932 1.411217 -0.2949609
vn 1.862535 0.8338736 -0.4922403
vn 1.862535 0.8338736 -0.4922403
vn 1.862535 0.8338736 -0.4922403
vn 1.862535 0.8338736 -0.4922403
vn 1.862535 0.8338736 -0.4922403
vn 1.862535 0.8338736 -0.4922403
vn 0.7774648 0.8338736 -0.09730667
vn 0.7774648 0.8338736 -0.09730667
vn 0.7774648 0.8338736 -0.09730667
vn 0.7774648 0.8338736 -0.09730667
vn 0.7774648 0.8338736 -0.09730667
vn 0.7774648 0.8338736 -0.09730667
vn 1.320068 0.2565304 -0.2945861
vn 1.320068 0.2565304 -0.2945861
vn 1.320068 0.2565304 -0.2945861
vn 1.320068 0.2565304 -0.2945861
vn 1.320068 0.2565304 -0.2945861
vn 1.320068 0.2565304 -0.2945861
vn 1.319932 1.411217 -0.2949609
vn 1.319932 1.411217 -0.2949609
vn 1.319932 1.411217 -0.2949609
vn 1.319932 1.411217 -0.2949609
vn 1.319932 1.411217 -0.2949609
vn 1.319932 1.411217 -0.2949609
vn 0.7774648 0.8338736 -0.09730667
vn 0.7774648 0.8338736 -0.09730667
vn 0.7774648 0.8338736 -0.09730667
vn 0.7774648 0.8338736 -0.09730667
vn 0.7774648 0.8338736 -0.09730667
vn 0.7774648 0.8338736 -0.09730667
vn 1.319932 1.411217 -0.2949609
vn 1.319932 1.411217 -0.2949609
vn 1.319932 1.411217 -0.2949609
vn 1.319932 1.411217 -0.2949609
vn 1.319932 1.411217 -0.2949609
vn 1.319932 1.411217 -0.2949609
vn 1.862535 0.8338736 -0.4922403
vn 1.862535 0.8338736 -0.4922403
vn 1.862535 0.8338736 -0.4922403
vn 1.862535 0.8338736 -0.4922403
vn 1.862535 0.8338736 -0.4922403
vn 1.862535 0.8338736 -0.4922403
vn 1.319932 1.411217 -0.2949609
vn 1.319932 1.411217 -0.2949609
vn 1.319932 1.411217 -0.2949609
vn 1.319932 1.411217 -0.2949609
vn 1.319932 1.411217 -0.2949609
vn 1.319932 1.411217 -0.2949609
vn 1.862535 0.8338736 -0.4922403
vn 1.862535 0.8338736 -0.4922403
vn 1.862535 0.8338736 -0.4922403
vn 1.862535 0.8338736 -0.4922403
vn 1.862535 0.8338736 -0.4922403
vn 1.862535 0.8338736 -0.4922403
vn 0.7774648 0.8338736 -0.09730667
vn 0.7774648 0.8338736 -0.09730667
vn 0.7774648 0.8338736 -0.09730667
vn 0.7774648 0.8338736 -0.09730667
vn 0.7774648 0.8338736 -0.09730667
vn 0.7774648 0.8338736 -0.09730667
vn 1.320068 0.2565304 -0.2945861
vn 1.320068 0.2565304 -0.2945861
vn 1.320068 0.2565304 -0.2945861
vn 1.320068 0.2565304 -0.2945861
vn 1.320068 0.2565304 -0.2945861
vn 1.320068 0.2565304 -0.2945861
vn 0.7774648 0.8338736 -0.09730667
vn 0.7774648 0.8338736 -0.09730667
vn 0.7774648 0.8338736 -0.09730667
vn 0.7774648 0.8338736 -0.09730667
vn 0.7774648 0.8338736 -0.09730667
vn 0.7774648 0.8338736 -0.09730667
vn 0.7774648 0.8338736 -0.09730667
vn 0.7774648 0.8338736 -0.09730667
vn 0.7774648 0.8338736 -0.09730667
vn 0.7774648 0.8338736 -0.09730667
vn 0.7774648 0.8338736 -0.09730667
vn 0.7774648 0.8338736 -0.09730667
vn 1.320068 0.2565304 -0.2945861
vn 1.320068 0.2565304 -0.2945861
vn 1.320068 0.2565304 -0.2945861
vn 1.320068 0.2565304 -0.2945861
vn 1.320068 0.2565304 -0.2945861
vn 1.320068 0.2565304 -0.2945861
vn 1.319932 1.411217 -0.2949609
vn 1.319932 1.411217 -0.2949609
vn 1.319932 1.411217 -0.2949609
vn 1.319932 1.411217 -0.2949609
vn 1.319932 1.411217 -0.2949609
vn 1.319932 1.411217 -0.2949609
vn 1.319932 1.411217 -0.2949609
vn 1.319932 1.411217 -0.2949609
vn 1.319932 1.411217 -0.2949609
vn 1.319932 1.411217 -0.2949609
vn 1.319932 1.411217 -0.2949609
vn 1.319932 1.411217 -0.2949609
vn 1.320068 0.2565304 -0.2945861
vn 1.320068 0.2565304 -0.2945861
vn 1.320068 0.2565304 -0.2945861
vn 1.320068 0.2565304 -0.2945861
vn 1.320068 0.2565304 -0.2945861
vn 1.320068 0.2565304 -0.2945861
vn 1.320068 0.2565304 -0.2945861
vn 1.320068 0.2565304 -0.2945861
vn 1.320068 0.2565304 -0.2945861
vn 1.320068 0.2565304 -0.2945861
vn 1.320068 0.2565304 -0.2945861
vn 1.320068 0.2565304 -0.2945861
vn 1.862535 0.8338736 -0.4922403
vn 1.862535 0.8338736 -0.4922403
vn 1.862535 0.8338736 -0.4922403
vn 1.862535 0.8338736 -0.4922403
vn 1.862535 0.8338736 -0.4922403
vn 1.862535 0.8338736 -0.4922403
vn 1.862535 0.8338736 -0.4922403
vn 1.862535 0.8338736 -0.4922403
vn 1.862535 0.8338736 -0.4922403
vn 1.862535 0.8338736 -0.4922403
vn 1.862535 0.8338736 -0.4922403
vn 1.862535 0.8338736 -0.4922403
vn 1.862535 0.8338736 -0.4922403
vn 1.862535 0.8338736 -0.4922403
vn 1.862535 0.8338736 -0.4922403
vn 1.862535 0.8338736 -0.4922403
vn 1.862535 0.8338736 -0.4922403
vn 1.862535 0.8338736 -0.4922403
vn 0.7774648 0.8338736 -0.09730667
vn 0.7774648 0.8338736 -0.09730667
vn 0.7774648 0.8338736 -0.09730667
vn 0.7774648 0.8338736 -0.09730667
vn 0.7774648 0.8338736 -0.09730667
vn 0.7774648 0.8338736 -0.09730667
vn 1.319932 1.411217 -0.2949609
vn 1.319932 1.411217 -0.2949609
vn 1.319932 1.411217 -0.2949609
vn 1.319932 1.411217 -0.2949609
vn 1.319932 1.411217 -0.2949609
vn 1.319932 1.411217 -0.2949609
vn 1.320068 0.2565304 -0.2945861
vn 1.320068 0.2565304 -0.2945861
vn 1.320068 0.2565304 -0.2945861
vn 1.320068 0.2565304 -0.2945861
vn 1.320068 0.2565304 -0.2945861
vn 1.320068 0.2565304 -0.2945861
vn 0.7774648 0.8338736 -0.09730667
vn 0.7774648 0.8338736 -0.09730667
vn 0.7774648 0.8338736 -0.09730667
vn 0.7774648 0.8338736 -0.09730667
vn 0.7774648 0.8338736 -0.09730667
vn 0.7774648 0.8338736 -0.09730667
vn 1.320068 0.2565304 -0.2945861
vn 1.320068 0.2565304 -0.2945861
vn 1.320068 0.2565304 -0.2945861
vn 1.320068 0.2565304 -0.2945861
vn 1.320068 0.2565304 -0.2945861
vn 1.320068 0.2565304 -0.2945861
vn 1.862535 0.8338736 -0.4922403
vn 1.862535 0.8338736 -0.4922403
vn 1.862535 0.8338736 -0.4922403
vn 1.862535 0.8338736 -0.4922403
vn 1.862535 0.8338736 -0.4922403
vn 1.862535 0.8338736 -0.4922403
vn 1.319932 1.411217 -0.2949609
vn 1.319932 1.411217 -0.2949609
vn 1.319932 1.411217 -0.2949609
vn 1.319932 1.411217 -0.2949609
vn 1.319932 1.411217 -0.2949609
vn 1.319932 1.411217 -0.2949609
vn 0.7774648 0.8338736 -0.09730667
vn 0.7774648 0.8338736 -0.09730667
vn 0.7774648 0.8338736 -0.09730667
vn 0.7774648 0.8338736 -0.09730667
vn 0.7774648 0.8338736 -0.09730667
vn 0.7774648 0.8338736 -0.09730667
vn 0.7774648 0.8338736 -0.09730667
vn 0.7774648 0.8338736 -0.09730667
vn 0.7774648 0.8338736 -0.09730667
vn 0.7774648 0.8338736 -0.09730667
vn 0.7774648 0.8338736 -0.09730667
vn 0.7774648 0.8338736 -0.09730667
vn 1.320068 0.2565304 -0.2945861
vn 1.320068 0.2565304 -0.2945861
vn 1.320068 0.2565304 -0.2945861
vn 1.320068 0.2565304 -0.2945861
vn 1.320068 0.2565304 -0.2945861
vn 1.320068 0.2565304 -0.2945861
vn 1.319932 1.411217 -0.2949609
vn 1.319932 1.411217 -0.2949609
vn 1.319932 1.411217 -0.2949609
vn 1.319932 1.411217 -0.2949609
vn 1.319932 1.411217 -0.2949609
vn 1.319932 1.411217 -0.2949609
vn 1.862535 0.8338736 -0.4922403
vn 1.862535 0.8338736 -0.4922403
vn 1.862535 0.8338736 -0.4922403
vn 1.862535 0.8338736 -0.4922403
vn 1.862535 0.8338736 -0.4922403
vn 1.862535 0.8338736 -0.4922403
vn 1.319932 1.411217 -0.2949609
vn 1.319932 1.411217 -0.2949609
vn 1.319932 1.411217 -0.2949609
vn 1.319932 1.411217 -0.2949609
vn 1.319932 1.411217 -0.2949609
vn 1.319932 1.411217 -0.2949609
vn 1.862535 0.8338736 -0.4922403
vn 1.862535 0.8338736 -0.4922403
vn 1.862535 0.8338736 -0.4922403
vn 1.862535 0.8338736 -0.4922403
vn 1.862535 0.8338736 -0.4922403
vn 1.862535 0.8338736 -0.4922403
vn 1.319932 1.411217 -0.2949609
vn 1.319932 1.411217 -0.2949609
vn 1.319932 1.411217 -0.2949609
vn 1.319932 1.411217 -0.2949609
vn 1.319932 1.411217 -0.2949609
vn 1.319932 1.411217 -0.2949609
vn 1.862535 0.8338736 -0.4922403
vn 1.862535 0.8338736 -0.4922403
vn 1.862535 0.8338736 -0.4922403
vn 1.862535 0.8338736 -0.4922403
vn 1.862535 0.8338736 -0.4922403
vn 1.862535 0.8338736 -0.4922403
vn 0.7774648 0.8338736 -0.09730667
vn 0.7774648 0.8338736 -0.09730667
vn 0.7774648 0.8338736 -0.09730667
vn 0.7774648 0.8338736 -0.09730667
vn 0.7774648 0.8338736 -0.09730667
vn 0.7774648 0.8338736 -0.09730667
vn 1.320068 0.2565304 -0.2945861
vn 1.320068 0.2565304 -0.2945861
vn 1.320068 0.2565304 -0.2945861
vn 1.320068 0.2565304 -0.2945861
vn 1.320068 0.2565304 -0.2945861
vn 1.320068 0.2565304 -0.2945861
vn 0.7774648 0.8338736 -0.09730667
vn 0.7774648 0.8338736 -0.09730667
vn 0.7774648 0.8338736 -0.09730667
vn 0.7774648 0.8338736 -0.09730667
vn 0.7774648 0.8338736 -0.09730667
vn 0.7774648 0.8338736 -0.09730667
vn 1.320068 0.2565304 -0.2945861
vn 1.320068 0.2565304 -0.2945861
vn 1.320068 0.2565304 -0.2945861
vn 1.320068 0.2565304 -0.2945861
vn 1.320068 0.2565304 -0.2945861
vn 1.320068 0.2565304 -0.2945861
vn 1.319932 1.411217 -0.2949609
vn 1.319932 1.411217 -0.2949609
vn 1.319932 1.411217 -0.2949609
vn 1.319932 1.411217 -0.2949609
vn 1.319932 1.411217 -0.2949609
vn 1.319932 1.411217 -0.2949609
vn 1.319932 1.411217 -0.2949609
vn 1.319932 1.411217 -0.2949609
vn 1.319932 1.411217 -0.2949609
vn 1.319932 1.411217 -0.2949609
vn 1.319932 1.411217 -0.2949609
vn 1.319932 1.411217 -0.2949609
vn 1.320068 0.2565304 -0.2945861
vn 1.320068 0.2565304 -0.2945861
vn 1.320068 0.2565304 -0.2945861
vn 1.320068 0.2565304 -0.2945861
vn 1.320068 0.2565304 -0.2945861
vn 1.320068 0.2565304 -0.2945861
vn 1.862535 0.8338736 -0.4922403
vn 1.862535 0.8338736 -0.4922403
vn 1.862535 0.8338736 -0.4922403
vn 1.862535 0.8338736 -0.4922403
vn 1.862535 0.8338736 -0.4922403
vn 1.862535 0.8338736 -0.4922403
vn 1.320068 0.2565304 -0.2945861
vn 1.320068 0.2565304 -0.2945861
vn 1.320068 0.2565304 -0.2945861
vn 1.320068 0.2565304 -0.2945861
vn 1.320068 0.2565304 -0.2945861
vn 1.320068 0.2565304 -0.2945861
vn 0.7774648 0.8338736 -0.09730667
vn 0.7774648 0.8338736 -0.09730667
vn 0.7774648 0.8338736 -0.09730667
vn 0.7774648 0.8338736 -0.09730667
vn 0.7774648 0.8338736 -0.09730667
vn 0.7774648 0.8338736 -0.09730667
vn 0.7774648 0.8338736 -0.09730667
vn 0.7774648 0.8338736 -0.09730667
vn 0.7774648 0.8338736 -0.09730667
vn 0.7774648 0.8338736 -0.09730667
vn 0.7774648 0.8338736 -0.09730667
vn 0.7774648 0.8338736 -0.09730667
vn 1.563998 0.8337325 -0.818035
vn 1.563998 0.8337325 -0.818035
vn 1.563998 0.8337325 -0.818035
vn 1.563998 0.8337325 -0.818035
vn 1.563999 0.8337325 -0.8180345
vn 1.563999 0.8337325 -0.8180345
vn 1.564 0.8337325 -0.8180341
vn 1.564 0.8337325 -0.8180341
vn 1.564 0.8337325 -0.818034
vn 1.564 0.8337325 -0.818034
vn 1.564 0.8337325 -0.818034
vn 1.564 0.8337325 -0.818034
vn 1.164771 1.190728 -0.7212614
vn 1.164771 1.190728 -0.7212614
vn 1.164771 1.190728 -0.7212614
vn 1.164771 1.190728 -0.7212614
vn 1.164771 1.190728 -0.7212614
vn 1.164771 1.190728 -0.7212614
vn 1.164771 1.190728 -0.7212614
vn 1.164771 1.190728 -0.7212614
vn 1.154685 0.5181082 -0.7489729
vn 1.154685 0.5181082 -0.7489729
vn 1.154685 0.5181082 -0.7489729
vn 1.154685 0.5181082 -0.7489729
vn 1.154685 0.5181081 -0.7489728
vn 1.154685 0.5181081 -0.7489728
vn 1.154685 0.5181081 -0.7489728
vn 1.154685 0.5181081 -0.7489728
vn 0.74422 0.8337917 -0.3373762
vn 0.74422 0.8337917 -0.3373762
vn 0.74422 0.8337917 -0.3373762
vn 0.74422 0.8337917 -0.3373762
vn 1.643604 0.8355171 -0.7729113
vn 1.643604 0.8355171 -0.7729113
vn 1.643604 0.8355171 -0.7729113
vn 1.643604 0.8355171 -0.7729113
vn 1.733687 0.8337917 -0.6975156
vn 1.733687 0.8337917 -0.6975156
vn 1.643604 0.8355171 -0.7729113
vn 1.643604 0.8355171 -0.7729113
vn 1.517467 0.834073 0.2477618
vn 1.517467 0.834073 0.2477618
vn 1.517467 0.834073 0.2477618
vn 1.517467 0.834073 0.2477618
vn 1.517467 0.834073 0.2477618
vn 1.517467 0.834073 0.2477618
vn 1.517467 0.834073 0.2477618
vn 1.517467 0.834073 0.2477618
vn 1.517467 0.834073 0.2477618
vn 1.517467 0.834073 0.2477618
vn 1.517467 0.834073 0.2477618
vn 1.517467 0.834073 0.2477618
vn 1.517467 0.834073 0.2477618
vn 1.517467 0.834073 0.2477618
vn 1.517467 0.834073 0.2477618
vn 1.517467 0.834073 0.2477618
vn 1.517467 0.834073 0.2477618
vn 1.517467 0.834073 0.2477618
vn 1.517467 0.834073 0.2477618
vn 1.517467 0.834073 0.2477618
vn 1.517467 0.834073 0.2477618
vn 1.517467 0.834073 0.2477618
vn 1.517467 0.834073 0.2477618
vn 1.517467 0.834073 0.2477618
vn 1.517467 0.834073 0.2477618
vn 1.517467 0.834073 0.2477618
vn 1.517467 0.834073 0.2477618
vn 1.517467 0.834073 0.2477618
vn 1.517467 0.834073 0.2477618
vn 1.517467 0.834073 0.2477618
vn 1.517467 0.834073 0.2477618
vn 1.517467 0.834073 0.2477618
vn 1.517467 0.834073 0.2477618
vn 1.517467 0.834073 0.2477618
vn 1.517467 0.834073 0.2477618
vn 1.517467 0.834073 0.2477618
vn 1.517467 0.834073 0.2477618
vn 1.517467 0.834073 0.2477618
vn 1.517467 0.834073 0.2477618
vn 1.517467 0.834073 0.2477618
vn 1.517467 0.834073 0.2477618
vn 1.517467 0.834073 0.2477618
vn 1.517467 0.834073 0.2477618
vn 1.517467 0.834073 0.2477618
vn 1.517467 0.834073 0.2477618
vn 1.517467 0.834073 0.2477618
vn 1.517467 0.834073 0.2477618
vn 1.517467 0.834073 0.2477618
vn 1.517467 0.834073 0.2477618
vn 1.517467 0.834073 0.2477618
vn 1.517467 0.834073 0.2477618
vn 1.517467 0.834073 0.2477618
vn 1.517467 0.834073 0.2477618
vn 1.517467 0.834073 0.2477618
vn 1.517467 0.834073 0.2477618
vn 1.517467 0.834073 0.2477618
vn 1.517467 0.834073 0.2477618
vn 1.517467 0.834073 0.2477618
vn 1.517467 0.834073 0.2477618
vn 1.517467 0.834073 0.2477618
vn 1.517467 0.834073 0.2477618
vn 1.517467 0.834073 0.2477618
vn 1.517467 0.834073 0.2477618
vn 1.517467 0.834073 0.2477618
vn 1.517467 0.834073 0.2477618
vn 1.517467 0.834073 0.2477618
vn 1.517467 0.834073 0.2477618
vn 1.517467 0.834073 0.2477618
vn 1.517467 0.834073 0.2477618
vn 1.517467 0.834073 0.2477618
vn 1.517467 0.834073 0.2477618
vn 1.517467 0.834073 0.2477618
vn 1.517467 0.834073 0.2477618
vn 1.517467 0.834073 0.2477618
vn 1.517467 0.834073 0.2477618
vn 1.517467 0.834073 0.2477618
vn 1.517467 0.834073 0.2477618
vn 1.517467 0.834073 0.2477618
vn 1.517467 0.834073 0.2477618
vn 1.517467 0.834073 0.2477618
vn 1.517467 0.834073 0.2477618
vn 1.517467 0.834073 0.2477618
vn 1.517467 0.834073 0.2477618
vn 1.517467 0.834073 0.2477618
vn 1.517467 0.834073 0.2477618
vn 1.517467 0.834073 0.2477618
vn 1.517467 0.834073 0.2477618
vn 1.517467 0.834073 0.2477618
vn 1.517467 0.834073 0.2477618
vn 1.517467 0.834073 0.2477618
vn 1.517467 0.834073 0.2477618
vn 1.517467 0.834073 0.2477618
vn 1.517467 0.834073 0.2477618
vn 1.517467 0.834073 0.2477618
vn 1.517467 0.834073 0.2477618
vn 1.517467 0.834073 0.2477618
vn 1.517467 0.834073 0.2477618
vn 1.517467 0.834073 0.2477618
vn 1.517467 0.834073 0.2477618
vn 1.517467 0.834073 0.2477618
vn 1.517467 0.834073 0.2477618
vn 1.517467 0.834073 0.2477618
vn 1.517467 0.834073 0.2477618
vn 1.517467 0.834073 0.2477618
vn 1.517467 0.834073 0.2477618
vn 1.517467 0.834073 0.2477618
vn 1.517467 0.834073 0.2477618
vn 1.517467 0.834073 0.2477618
vn 1.517467 0.834073 0.2477618
vn 1.517467 0.834073 0.2477618
vn 1.517467 0.834073 0.2477618
vn 1.517467 0.834073 0.2477618
vn 1.517467 0.834073 0.2477618
vn 1.517467 0.834073 0.2477618
vn 1.517467 0.834073 0.2477618
vn 1.517467 0.834073 0.2477618
vn 1.517467 0.834073 0.2477618
vn 1.517467 0.834073 0.2477618
vn 1.517467 0.834073 0.2477618
vn 1.517467 0.834073 0.2477618
vn 1.517467 0.834073 0.2477618
vn 1.517467 0.834073 0.2477618
vn 1.517467 0.834073 0.2477618
vn 1.517467 0.834073 0.2477618
vn 1.517467 0.834073 0.2477618
vn 1.517467 0.834073 0.2477618
vn 1.517467 0.834073 0.2477618
vn 1.517467 0.834073 0.2477618
vn 1.517467 0.834073 0.2477618
vn 1.517467 0.834073 0.2477618
vn 1.517467 0.834073 0.2477618
vn 1.517467 0.834073 0.2477618
vn 1.517467 0.834073 0.2477618
vn 1.517467 0.834073 0.2477618
vn 1.517467 0.834073 0.2477618
vn 1.517467 0.834073 0.2477618
vn 1.517467 0.834073 0.2477618
vn 1.517467 0.834073 0.2477618
vn 1.517467 0.834073 0.2477618
vn 1.517467 0.834073 0.2477618
vn 1.517467 0.834073 0.2477618
vn 1.517467 0.834073 0.2477618
vn 1.122533 0.8336741 -0.8373088
vn 1.122533 0.8336741 -0.8373088
vn 1.122533 0.8336741 -0.8373088
vn 1.122533 0.8336741 -0.8373088
vn 1.122533 0.8336741 -0.8373088
vn 1.122533 0.8336741 -0.8373088
vn 1.122533 0.8336741 -0.8373088
vn 1.122533 0.8336741 -0.8373088
vn 1.122533 0.8336741 -0.8373088
vn 1.122533 0.8336741 -0.8373088
vn 1.122533 0.8336741 -0.8373088
vn 1.122533 0.8336741 -0.8373088
vn 1.122533 0.8336741 -0.8373088
vn 1.122533 0.8336741 -0.8373088
vn 1.122533 0.8336741 -0.8373088
vn 1.122533 0.8336741 -0.8373088
vn 1.122533 0.8336741 -0.8373088
vn 1.122533 0.8336741 -0.8373088
vn 1.122533 0.8336741 -0.8373088
vn 1.122533 0.8336741 -0.8373088
vn 1.122533 0.8336741 -0.8373088
vn 1.122533 0.8336741 -0.8373088
vn 1.122533 0.8336741 -0.8373088
vn 1.122533 0.8336741 -0.8373088
vn 1.122533 0.8336741 -0.8373088
vn 1.122533 0.8336741 -0.8373088
vn 1.122533 0.8336741 -0.8373088
vn 1.122533 0.8336741 -0.8373088
vn 1.122533 0.8336741 -0.8373088
vn 1.122533 0.8336741 -0.8373088
vn 1.122533 0.8336741 -0.8373088
vn 1.122533 0.8336741 -0.8373088
vn 1.122533 0.8336741 -0.8373088
vn 1.122533 0.8336743 -0.8373088
vn 1.122533 0.8336741 -0.8373088
vn 1.122533 0.8336741 -0.8373088
vn 1.122533 0.8336743 -0.8373088
vn 1.122533 0.8336741 -0.8373088
vn 1.122533 0.8336741 -0.8373088
vn 1.122533 0.8336741 -0.8373088
vn 1.122533 0.8336741 -0.8373088
vn 1.122533 0.8336741 -0.8373088
vn 1.122533 0.8336741 -0.8373088
vn 1.122533 0.8336741 -0.8373088
vn 1.122533 0.8336741 -0.8373088
vn 1.122533 0.8336741 -0.8373088
vn 1.122533 0.8336741 -0.8373088
vn 1.122533 0.8336741 -0.8373088
vn 1.122533 0.8336741 -0.8373088
vn 1.122533 0.8336741 -0.8373088
vn 1.122533 0.8336741 -0.8373088
vn 1.122533 0.8336741 -0.8373088
vn 1.122533 0.8336741 -0.8373088
vn 1.122533 0.8336741 -0.8373088
vn 1.122533 0.8336741 -0.8373088
vn 1.122533 0.8336741 -0.8373088
vn 1.122533 0.8336741 -0.8373088
vn 1.122533 0.8336741 -0.8373088
vn 1.122533 0.8336741 -0.8373088
vn 1.122533 0.8336741 -0.8373088
vn 1.122533 0.8336741 -0.8373088
vn 1.122533 0.8336741 -0.8373088
vn 1.122533 0.8336741 -0.8373088
vn 1.122533 0.8336741 -0.8373088
vn 1.122533 0.8336741 -0.8373088
vn 1.122533 0.8336741 -0.8373088
vn 1.122533 0.8336741 -0.8373088
vn 1.122533 0.8336741 -0.8373088
vn 1.122533 0.8336741 -0.8373088
vn 1.122533 0.8336741 -0.8373088
vn 1.122533 0.8336741 -0.8373088
vn 1.122533 0.8336741 -0.8373088
vn 1.122533 0.8336741 -0.8373088
vn 1.122533 0.8336741 -0.8373088
vn 1.122533 0.8336741 -0.8373088
vn 1.122533 0.8336741 -0.8373088
vn 1.122533 0.8336741 -0.8373088
vn 1.122533 0.8336741 -0.8373088
vn 1.122533 0.8336741 -0.8373088
vn 1.122533 0.8336741 -0.8373088
vn 1.122533 0.8336741 -0.8373088
vn 1.122533 0.8336741 -0.8373088
vn 1.122533 0.8336741 -0.8373088
vn 1.122533 0.8336741 -0.8373088
vn 1.122533 0.8336741 -0.8373088
vn 1.122533 0.8336741 -0.8373088
vn 1.122533 0.8336741 -0.8373088
vn 1.122533 0.8336741 -0.8373088
vn 1.122533 0.8336741 -0.8373088
vn 1.122533 0.8336741 -0.8373088
vn 1.122533 0.8336741 -0.8373088
vn 1.122533 0.8336741 -0.8373088
vn 1.122533 0.8336741 -0.8373088
vn 1.122533 0.8336741 -0.8373088
vn 1.122533 0.8336741 -0.8373088
vn 1.122533 0.8336741 -0.8373088
vn 1.122533 0.8336743 -0.8373088
vn 1.122533 0.8336743 -0.8373088
vn 1.122533 0.8336741 -0.8373088
vn 1.122533 0.8336741 -0.8373088
vn 1.122533 0.8336741 -0.8373088
vn 1.122533 0.8336741 -0.8373088
vn 1.122533 0.8336741 -0.8373088
vn 1.122533 0.8336741 -0.8373088
vn 1.122533 0.8336741 -0.8373088
vn 1.122533 0.8336741 -0.8373088
vn 1.122533 0.8336741 -0.8373088
vn 1.122533 0.8336741 -0.8373088
vn 1.122533 0.8336741 -0.8373088
vn 1.122533 0.8336741 -0.8373088
vn 1.122533 0.8336741 -0.8373088
vn 1.122533 0.8336741 -0.8373088
vn 1.122533 0.8336741 -0.8373088
vn 1.122533 0.8336741 -0.8373088
vn 1.122533 0.8336741 -0.8373088
vn 1.122533 0.8336741 -0.8373088
vn 1.122533 0.8336741 -0.8373088
vn 1.122533 0.8336741 -0.8373088
vn 1.122533 0.8336741 -0.8373088
vn 1.122533 0.8336741 -0.8373088
vn 1.122533 0.8336741 -0.8373088
vn 1.122533 0.8336741 -0.8373088
vn 1.122533 0.8336741 -0.8373088
vn 1.122533 0.8336741 -0.8373088
vn 1.122533 0.8336741 -0.8373088
vn 1.122533 0.8336741 -0.8373088
vn 1.122533 0.8336741 -0.8373088
vn 1.122533 0.8336741 -0.8373088
vn 1.122533 0.8336741 -0.8373088
vn 1.122533 0.8336741 -0.8373088
vn 1.122533 0.8336741 -0.8373088
vn 1.122533 0.8336741 -0.8373088
vn 1.122533 0.8336741 -0.8373088
vn 1.122533 0.8336741 -0.8373088
vn 1.122533 0.8336741 -0.8373088
vn 1.122533 0.8336741 -0.8373088
vn 1.122533 0.8336741 -0.8373088
vn 1.122533 0.8336741 -0.8373088
vn 1.122533 0.8336741 -0.8373088
vn 1.122533 0.8336741 -0.8373088
vn 1.122533 0.8336741 -0.8373088
vn 1.122533 0.8336741 -0.8373088
vt 0.008628346 0.007808685
vt 0.01467162 -0.4240527
vt 0.008776613 -0.4212261
vt 0.008628346 0.007808685
vt 0.01452236 0.007810831
vt 0.008507391 0.3578716
vt 0.01440294 0.3533798
vt 0.008388955 0.7004446
vt 0.01428354 0.6989486
vt 0.008270595 1.043017
vt 0.01416412 1.044517
vt 0.008152209 1.385589
vt 0.01404467 1.390086
vt 0.008033823 1.728162
vt 0.01392529 1.735655
vt 0.7414665 0.01406188
vt 0.7415624 0.2921373
vt 0.7590147 0.2921312
vt 0.7590147 0.01405598
vt 0.7759905 0.01404995
vt 0.7760864 0.2921253
vt 0.6658872 -0.09120831
vt 0.6486551 0.1943185
vt 0.6659858 0.1943126
vt 0.6486551 -0.09120233
vt 0.6313631 -0.09119637
vt 0.6314618 0.1943246
vt 0.6839334 0.1943251
vt 0.6840321 -0.09119666
vt 0.6669552 -0.09120281
vt 0.666955 0.1943191
vt 0.6494093 0.194313
vt 0.6495081 -0.09120877
vt 0.6674555 -0.09119655
vt 0.6675542 0.194325
vt 0.6845326 0.194319
vt 0.6845324 -0.09120272
vt 0.7019795 -0.09120868
vt 0.7020782 0.1943129
vt 0.2817875 0.8228147
vt 0.2817875 0.9853489
vt 0.2987657 0.9853489
vt 0.2987657 0.8228147
vt 0.3163112 0.8228147
vt 0.3163112 0.9853489
vt 0.5636503 0.05176691
vt 0.5462123 0.2143036
vt 0.5636503 0.2143036
vt 0.5462123 0.05176691
vt 0.5291262 0.05176672
vt 0.5291262 0.2143036
vt 0.6874884 0.2921374
vt 0.6875848 0.01406175
vt 0.6699316 0.01405579
vt 0.6699316 0.2921314
vt 0.6529645 0.2921254
vt 0.6530605 0.01404981
vt 0.8479174 -0.09119673
vt 0.848016 0.1943248
vt 0.8651018 0.1943186
vt 0.8651018 -0.09120269
vt 0.8824413 -0.09120865
vt 0.8825399 0.1943129
vt -0.01019273 -0.8558999
vt 0.01953188 -0.4240487
vt 0.01938265 -0.85591
vt -0.01004348 -0.4240385
vt 0.01968113 0.007812798
vt -0.009894271 0.007822841
vt 0.01980056 0.3533802
vt -0.009774873 0.3533906
vt 0.01991996 0.6989474
vt -0.0096554 0.6989576
vt 0.02003938 1.044515
vt -0.009536002 1.044525
vt 0.02015883 1.390082
vt -0.009416603 1.390092
vt 0.0202782 1.735649
vt -0.009297202 1.735659
vt 0.04424711 -0.4240424
vt 0.04439636 -0.8559058
vt 0.01482085 -0.855916
vt 0.01467162 -0.4240527
vt 0.0440979 0.007820874
vt 0.01452236 0.007810831
vt 0.04397851 0.3533902
vt 0.01440294 0.3533798
vt 0.04385903 0.6989588
vt 0.01428354 0.6989486
vt 0.04373963 1.044528
vt 0.01416412 1.044517
vt 0.04362023 1.390096
vt 0.01404467 1.390086
vt 0.04350083 1.735665
vt 0.01392529 1.735655
vt 0.5224061 0.4543113
vt 0.4921882 0.2277113
vt 0.4921882 0.4543113
vt 0.5224061 0.2277113
vt 0.4921882 0.001111589
vt 0.5224061 0.001111589
vt 0.4921882 -0.2254888
vt 0.5224061 -0.2254888
vt 0.5039245 -0.230902
vt 0.5346238 -0.0006930232
vt 0.5346238 -0.230902
vt 0.5039245 -0.0006930232
vt 0.5346238 0.2295157
vt 0.5039245 0.2295157
vt 0.5346238 0.4597246
vt 0.5039245 0.4597246
vt 0.6855016 0.1943126
vt 0.7028323 -0.09120242
vt 0.6856002 -0.09120838
vt 0.7028323 0.1943186
vt 0.7200256 0.1943247
vt 0.7201243 -0.09119646
vt 0.5114591 0.3400098
vt 0.5287986 0.1774729
vt 0.5114591 0.1774729
vt 0.5287986 0.3400098
vt 0.5459833 0.3400098
vt 0.5459833 0.1774728
vt 0.2986443 0.9853498
vt 0.2986443 0.8228138
vt 0.2809914 0.8228138
vt 0.2809914 0.9853498
vt 0.2641205 0.9853498
vt 0.2641205 0.8228138
vt 0.2809774 0.8283962
vt 0.2640103 0.9909323
vt 0.2809774 0.9909323
vt 0.2640103 0.8283962
vt 0.2464534 0.8283962
vt 0.2464534 0.9909323
vt 0.8659635 0.1943131
vt 0.8834015 -0.09120294
vt 0.866062 -0.0912089
vt 0.8834015 0.1943189
vt 0.9004874 0.194325
vt 0.9005859 -0.09119697
vt 0.5283161 0.3400094
vt 0.5283161 0.1774732
vt 0.5113465 0.1774734
vt 0.5113465 0.3400094
vt 0.4937922 0.3400094
vt 0.4937922 0.1774734
vt 0.2287864 0.9909322
vt 0.2462333 0.8283963
vt 0.2287864 0.8283963
vt 0.2462333 0.9909322
vt 0.2633103 0.9909322
vt 0.2633103 0.8283963
vt 0.6697879 0.0140503
vt 0.652917 0.2921309
vt 0.6698841 0.292125
vt 0.652917 0.01405627
vt 0.6352641 0.01406224
vt 0.6353601 0.2921368
vt 0.2111192 0.9909332
vt 0.2280951 0.8283954
vt 0.2111192 0.8283954
vt 0.2280951 0.9909332
vt 0.2456434 0.9909332
vt 0.2456434 0.8283954
vt 0.5230861 0.1943129
vt 0.5407391 -0.09120321
vt 0.5231848 -0.09120917
vt 0.5407392 0.1943191
vt 0.5576102 0.1943256
vt 0.5577087 -0.09119724
vt 0.2279762 0.8283962
vt 0.2109043 0.9909322
vt 0.2279762 0.9909322
vt 0.2109043 0.8283962
vt 0.1934523 0.8283962
vt 0.1934523 0.9909322
vt 0.2103092 0.8283963
vt 0.193086 0.9909323
vt 0.2103092 0.9909323
vt 0.193086 0.8283963
vt 0.1757853 0.8283963
vt 0.1757853 0.9909323
vt 0.5756564 -0.0912089
vt 0.5581018 0.1943188
vt 0.5757549 0.1943126
vt 0.558102 -0.09120294
vt 0.5411323 -0.09119698
vt 0.5412309 0.1943253
vt 0.1926422 0.8283962
vt 0.1749893 0.9909322
vt 0.1926422 0.9909322
vt 0.1749893 0.8283962
vt 0.1581183 0.8283962
vt 0.1581183 0.9909322
vt 0.1404511 0.9909332
vt 0.1576833 0.8283953
vt 0.1404511 0.8283953
vt 0.1576833 0.9909332
vt 0.1749754 0.9909332
vt 0.1749754 0.8283953
vt 0.8821965 0.01161924
vt 0.865072 0.2971467
vt 0.8822953 0.2971407
vt 0.8650718 0.0116251
vt 0.8476726 0.01163116
vt 0.8477713 0.2971526
vt 0.5937026 -0.0912088
vt 0.5761482 0.1943187
vt 0.5938011 0.1943125
vt 0.5761482 -0.09120284
vt 0.5591784 -0.09119688
vt 0.5592771 0.1943252
vt 0.1573082 0.8283958
vt 0.1399775 0.9909327
vt 0.1573082 0.9909327
vt 0.1399775 0.8283958
vt 0.1227842 0.8283958
vt 0.1227842 0.9909327
vt 0.4761249 0.9853507
vt 0.4932496 0.8228129
vt 0.4761249 0.8228129
vt 0.4932496 0.9853507
vt 0.5106493 0.9853507
vt 0.5106493 0.8228127
vt 0.5772246 0.1943131
vt 0.5948778 -0.09120344
vt 0.5773233 -0.0912094
vt 0.5948778 0.1943193
vt 0.6117486 0.1943258
vt 0.6118473 -0.09119746
vt 0.7380718 -0.09120935
vt 0.720625 0.1943197
vt 0.7381706 0.1943135
vt 0.7206248 -0.09120339
vt 0.7035478 -0.09119724
vt 0.7036465 0.1943257
vt 0.8299712 0.2971407
vt 0.8471946 0.01162548
vt 0.8300699 0.01161961
vt 0.8471944 0.2971466
vt 0.8644952 0.2971526
vt 0.8645939 0.01163155
vt 0.1051172 0.9909327
vt 0.1226716 0.8283957
vt 0.1051172 0.8283957
vt 0.1226716 0.9909327
vt 0.1396412 0.9909327
vt 0.1396412 0.8283957
vt 0.4929821 0.8228129
vt 0.4759102 0.9853507
vt 0.4929821 0.9853507
vt 0.4759102 0.8228129
vt 0.4584578 0.8228127
vt 0.4584578 0.9853507
vt 0.721594 0.1943134
vt 0.7391397 -0.09120326
vt 0.7216927 -0.09120923
vt 0.7391396 0.1943196
vt 0.756118 0.1943255
vt 0.7562167 -0.0911971
vt 0.4753151 0.8228129
vt 0.4580917 0.9853507
vt 0.4753151 0.9853507
vt 0.4580917 0.8228129
vt 0.4407908 0.8228129
vt 0.4407908 0.9853507
vt 0.7582902 0.01405017
vt 0.7413144 0.292131
vt 0.7583862 0.2921252
vt 0.7413144 0.01405621
vt 0.7237662 0.01406211
vt 0.7238622 0.292137
vt 0.08745033 0.9909322
vt 0.1048972 0.8283963
vt 0.08745033 0.8283963
vt 0.1048972 0.9909322
vt 0.1219741 0.9909322
vt 0.1219741 0.8283963
vt 0.9185337 -0.09120843
vt 0.9011942 0.1943184
vt 0.918632 0.1943126
vt 0.9011942 -0.09120247
vt 0.8840097 -0.09119649
vt 0.8841082 0.1943246
vt 0.7060658 0.2921258
vt 0.7231377 0.01405551
vt 0.706162 0.01404949
vt 0.7231377 0.2921317
vt 0.74059 0.2921377
vt 0.7406859 0.01406141
vt 0.1043074 0.8283953
vt 0.08676165 0.9909331
vt 0.1043074 0.9909331
vt 0.08676165 0.8283953
vt 0.06978299 0.8283953
vt 0.06978299 0.9909331
vt 0.4231236 0.9853507
vt 0.4399948 0.8228129
vt 0.4231236 0.8228129
vt 0.4399948 0.9853507
vt 0.4576481 0.9853507
vt 0.4576481 0.8228127
vt 0.9007764 0.1943133
vt 0.9182146 -0.09120317
vt 0.900875 -0.09120913
vt 0.9182146 0.1943191
vt 0.9353005 0.1943253
vt 0.9353991 -0.09119719
vt 0.405457 0.9853489
vt 0.4224327 0.8228147
vt 0.405457 0.8228147
vt 0.4224327 0.9853489
vt 0.4399807 0.9853489
vt 0.4399807 0.8228145
vt 0.6520876 0.01404956
vt 0.6352166 0.2921319
vt 0.6521838 0.292126
vt 0.6352166 0.01405552
vt 0.6175636 0.01406148
vt 0.6176596 0.2921379
vt 0.05211614 0.9909324
vt 0.06945559 0.828396
vt 0.05211614 0.828396
vt 0.06945559 0.9909324
vt 0.08664012 0.9909324
vt 0.08664012 0.828396
vt 0.7741644 -0.09120855
vt 0.7569323 0.1943188
vt 0.7742628 0.1943128
vt 0.7569323 -0.09120257
vt 0.7396402 -0.09119661
vt 0.7397389 0.1943249
vt 0.5998631 0.2921253
vt 0.6168301 0.01405616
vt 0.5999594 0.0140502
vt 0.6168301 0.2921312
vt 0.6343873 0.2921372
vt 0.6344834 0.01406214
vt 0.06897307 0.828396
vt 0.05153509 0.9909324
vt 0.06897307 0.9909324
vt 0.05153509 0.828396
vt 0.0344492 0.828396
vt 0.0344492 0.9909324
vt 0.7576864 0.1943131
vt 0.775017 -0.09120287
vt 0.757785 -0.09120883
vt 0.775017 0.1943191
vt 0.7922105 0.1943251
vt 0.7923092 -0.09119691
vt 0.5952707 0.1943131
vt 0.6129239 -0.09120344
vt 0.5953695 -0.0912094
vt 0.6129239 0.1943193
vt 0.6297947 0.1943258
vt 0.6298935 -0.09119746
vt 0.4223141 0.822812
vt 0.4053467 0.9853517
vt 0.4223141 0.9853517
vt 0.4053467 0.822812
vt 0.3877894 0.8228118
vt 0.3877894 0.9853517
vt 0.01678205 0.9909359
vt 0.03401404 0.8283993
vt 0.01678205 0.8283993
vt 0.03401404 0.9909359
vt 0.05130617 0.9909359
vt 0.05130617 0.8283993
vt -0.0008849278 0.9909361
vt 0.01623971 0.8283991
vt -0.0008849278 0.8283991
vt 0.01623971 0.9909361
vt 0.03363907 0.9909361
vt 0.03363907 0.8283991
vt 0.02509958 0.8885249
vt 0.0074465 1.051062
vt 0.02509958 1.051062
vt 0.0074465 0.8885249
vt -0.009424452 0.8885249
vt -0.009424452 1.051062
vt 0.04332623 0.8885248
vt 0.0259956 1.051062
vt 0.04332623 1.051062
vt 0.0259956 0.8885248
vt 0.008802189 0.8885248
vt 0.008802189 1.051062
vt 0.846794 0.01161963
vt 0.8296695 0.2971466
vt 0.8468927 0.2971407
vt 0.8296694 0.0116255
vt 0.81227 0.01163155
vt 0.8123687 0.2971526
vt 0.6478411 -0.09120904
vt 0.6302865 0.1943189
vt 0.6479397 0.1943128
vt 0.6302865 -0.09120308
vt 0.613317 -0.0911971
vt 0.6134156 0.1943255
vt 0.8102567 -0.09120893
vt 0.7928097 0.1943193
vt 0.8103554 0.1943131
vt 0.7928095 -0.09120296
vt 0.7757325 -0.09119681
vt 0.7758312 0.1943252
vt 0.7945686 0.2971413
vt 0.8117921 0.01162481
vt 0.7946674 0.01161894
vt 0.8117918 0.2971473
vt 0.8290926 0.2971533
vt 0.8291914 0.01163086
vt 0.02684835 1.051062
vt 0.04440282 0.8885248
vt 0.02684835 0.8885248
vt 0.04440282 1.051062
vt 0.06137242 1.051062
vt 0.06137242 0.8885248
vt 0.0794186 0.8885211
vt 0.06234674 1.051059
vt 0.0794186 1.051059
vt 0.06234674 0.8885211
vt 0.04489451 0.8885211
vt 0.04489451 1.051059
vt 0.7937787 0.194313
vt 0.8113245 -0.09120281
vt 0.7938774 -0.09120877
vt 0.8113243 0.1943191
vt 0.8283027 0.1943251
vt 0.8284014 -0.09119666
vt 0.09746478 0.8885214
vt 0.08024153 1.051058
vt 0.09746478 1.051058
vt 0.08024153 0.8885214
vt 0.06294072 0.8885214
vt 0.06294072 1.051058
vt 0.7228895 0.01404972
vt 0.7059137 0.2921314
vt 0.7229855 0.2921256
vt 0.7059137 0.01405574
vt 0.6883654 0.01406164
vt 0.6884614 0.2921375
vt 0.3701228 0.9853498
vt 0.3875697 0.8228139
vt 0.3701228 0.8228139
vt 0.3875697 0.9853498
vt 0.4046466 0.9853498
vt 0.4046466 0.8228137
vt 0.8830752 0.2971405
vt 0.9005132 0.01162539
vt 0.8831738 0.01161943
vt 0.9005132 0.2971464
vt 0.9175993 0.2971525
vt 0.9176978 0.01163137
vt 0.6706651 0.2921256
vt 0.6877369 0.01405573
vt 0.6707612 0.01404969
vt 0.6877369 0.2921315
vt 0.7051892 0.2921375
vt 0.7052852 0.01406163
vt 0.3869796 0.8228137
vt 0.369434 0.9853499
vt 0.3869796 0.9853499
vt 0.369434 0.8228137
vt 0.3524557 0.8228136
vt 0.3524557 0.9853499
vt 0.08098696 1.051058
vt 0.09785783 0.8885218
vt 0.08098696 0.8885218
vt 0.09785783 1.051058
vt 0.1155109 1.051058
vt 0.1155109 0.8885218
vt 0.8998979 0.01162008
vt 0.8825585 0.2971457
vt 0.8999964 0.2971399
vt 0.8825585 0.01162603
vt 0.865374 0.011632
vt 0.8654725 0.2971519
vt 0.09903309 1.051058
vt 0.1160089 0.8885214
vt 0.09903309 0.8885214
vt 0.1160089 1.051058
vt 0.1335571 1.051058
vt 0.1335571 0.8885214
vt 0.6166869 0.01404989
vt 0.5998158 0.2921315
vt 0.6167829 0.2921256
vt 0.5998158 0.01405585
vt 0.5821628 0.01406182
vt 0.5822589 0.2921375
vt 0.1170793 1.051058
vt 0.1344187 0.8885219
vt 0.1170793 0.8885219
vt 0.1344187 1.051058
vt 0.1516032 1.051058
vt 0.1516032 0.8885219
vt 0.846349 -0.09120856
vt 0.829117 0.1943188
vt 0.8464475 0.1943128
vt 0.829117 -0.0912026
vt 0.8118248 -0.09119663
vt 0.8119235 0.1943249
vt 0.5644622 0.2921255
vt 0.5814294 0.01405594
vt 0.5645586 0.01404998
vt 0.5814294 0.2921315
vt 0.5989865 0.2921374
vt 0.5990825 0.01406191
vt 0.1696494 0.8885218
vt 0.1522113 1.051058
vt 0.1696494 1.051058
vt 0.1522113 0.8885218
vt 0.1351255 0.8885218
vt 0.1351255 1.051058
vt 0.8298711 0.1943133
vt 0.8472017 -0.09120309
vt 0.8299696 -0.09120905
vt 0.8472017 0.1943193
vt 0.8643951 0.1943254
vt 0.8644938 -0.09119713
vt 0.1876956 0.8885217
vt 0.1707286 1.051058
vt 0.1876956 1.051058
vt 0.1707286 0.8885217
vt 0.1531717 0.8885217
vt 0.1531717 1.051058
vt 0.3347891 0.9853472
vt 0.3520205 0.8228164
vt 0.3347891 0.8228164
vt 0.3520205 0.9853472
vt 0.3693121 0.9853472
vt 0.3693121 0.8228163
vt 0.1712177 1.051059
vt 0.1883424 0.888521
vt 0.1712177 0.888521
vt 0.1883424 1.051059
vt 0.2057419 1.051059
vt 0.2057419 0.888521
vt 0.3516455 0.8228138
vt 0.3343149 0.9853498
vt 0.3516455 0.9853498
vt 0.3343149 0.8228138
vt 0.3171216 0.8228136
vt 0.3171216 0.9853498
vt 0.8113912 0.0116194
vt 0.7942669 0.2971469
vt 0.81149 0.2971409
vt 0.7942666 0.01162528
vt 0.7768673 0.01163132
vt 0.7769661 0.2971528
vt 0.3339786 0.8228129
vt 0.3163255 0.9853507
vt 0.3339786 0.9853507
vt 0.3163255 0.8228129
vt 0.2994543 0.8228127
vt 0.2994543 0.9853507
vt 0.7591659 0.2971413
vt 0.7763894 0.01162481
vt 0.7592647 0.01161894
vt 0.7763892 0.2971473
vt 0.7936901 0.2971533
vt 0.7937889 0.01163086
vt 0.5467619 0.2921257
vt 0.5638337 0.01405574
vt 0.546858 0.01404981
vt 0.5638337 0.2921316
vt 0.581286 0.2921376
vt 0.581382 0.0140617
vt 0.02605126 1.385585
vt 0.0202782 1.735649
vt 0.02616964 1.728156
vt 0.02015883 1.390082
vt 0.02593287 1.043015
vt 0.02003938 1.044515
vt 0.02581451 0.7004434
vt 0.01991996 0.6989474
vt 0.02569608 0.357872
vt 0.01980056 0.3533802
vt 0.02557512 0.007810682
vt 0.01968113 0.007812798
vt 0.4921882 0.2277113
vt 0.4861688 0.4482892
vt 0.4921882 0.4543113
vt 0.4861688 0.225704
vt 0.4921882 0.001111589
vt 0.4861688 0.00311882
vt 0.4921882 -0.2254888
vt 0.4861688 -0.2194664
vt 0.5346238 -0.0006930232
vt 0.5407449 -0.2281484
vt 0.5346238 -0.230902
vt 0.5407449 0.0002249926
vt 0.5346238 0.2295157
vt 0.5407449 0.228598
vt 0.5346238 0.4597246
vt 0.5407449 0.4569709
vt 0.008776613 -0.4212261
vt 0.01467162 -0.4240527
vt 0.01482085 -0.855916
vt 0.008923721 -0.8468892
vt 0.02542686 -0.421222
vt 0.01953188 -0.4240487
vt 0.01968113 0.007812798
vt 0.02557512 0.007810682
vt 0.02527975 -0.8468834
vt 0.01938265 -0.85591
vt 0.01953188 -0.4240487
vt 0.02542686 -0.421222
vt 0.4243416 -0.4468882
vt 0.4243416 -0.1359482
vt 0.4743418 -0.1486572
vt 0.4143416 -0.4341793
vt 0.4743418 -0.4850141
vt 0.4743418 0.1876997
vt 0.4243416 0.1749908
vt 0.4743418 0.5240565
vt 0.4243416 0.4859306
vt 0.4743418 0.8604143
vt 0.4143416 -0.1486572
vt 0.2518048 -0.4341793
vt 0.4243416 -0.7578275
vt 0.4743418 -0.821371
vt 0.2418049 -0.7578275
vt 0.2584713 -0.821371
vt 0.05926812 -0.7578275
vt 0.04260156 -0.821371
vt 0.2418049 -0.1359482
vt 0.2518048 -0.1486572
vt 0.2418049 -0.4468882
vt 0.2318049 -0.4341793
vt 0.2318049 -0.1486572
vt 0.06926827 -0.4341793
vt -0.1232686 -0.7578275
vt -0.1732686 -0.821371
vt -0.1232686 -0.4468882
vt -0.1732686 -0.4850141
vt -0.1232686 -0.1359482
vt -0.1732686 -0.1486572
vt -0.1232686 0.1749908
vt -0.1732686 0.1876997
vt -0.1232686 0.4859306
vt -0.1732686 0.5240565
vt 0.05926812 -0.4468882
vt 0.06926827 -0.1486572
vt 0.05926812 -0.1359482
vt 0.04926826 -0.4341793
vt -0.1132684 -0.4341793
vt 0.04926826 -0.1486572
vt -0.1132684 -0.1486572
vt -0.1232686 0.7968701
vt -0.1732686 0.8604143
vt 0.05926812 0.7968701
vt 0.04926826 0.7841612
vt -0.1132684 0.7841612
vt 0.04926826 0.4986396
vt -0.1132684 0.4986396
vt 0.05926812 0.4859306
vt 0.04926826 0.4732217
vt 0.04926826 0.1876995
vt -0.1132684 0.4732217
vt -0.1132684 0.1876995
vt 0.05926812 0.1749908
vt 0.04926826 0.1622827
vt 0.04926826 -0.123239
vt -0.1132684 0.1622827
vt -0.1132684 -0.123239
vt 0.06926827 0.1622827
vt 0.06926827 -0.123239
vt 0.2318049 0.1622827
vt 0.2318049 -0.123239
vt 0.2418049 0.1749908
vt 0.06926827 0.1876995
vt 0.2318049 0.1876995
vt 0.06926827 0.4732217
vt 0.2318049 0.4732217
vt 0.2418049 0.4859306
vt 0.06926827 0.4986396
vt 0.2318049 0.4986396
vt 0.06926827 0.7841612
vt 0.2418049 0.7968701
vt 0.2318049 0.7841612
vt 0.04260156 0.8604143
vt 0.2518048 0.4732217
vt 0.2518048 0.1876995
vt 0.4143416 0.4732217
vt 0.4143416 0.1876995
vt 0.4143416 0.1622827
vt 0.2518048 0.1622827
vt 0.4143416 -0.123239
vt 0.2518048 -0.123239
vt 0.2518048 0.4986396
vt 0.2518048 0.7841612
vt 0.4143416 0.4986396
vt 0.4143416 0.7841612
vt 0.4243416 0.7968701
vt 0.2584713 0.8604143
vt 0.2418049 0.9239582
vt 0.05926812 0.9239582
vt 0.4243416 0.9239582
vt 0.4743418 1.280765
vt 0.4243416 1.227451
vt 0.4743418 1.701116
vt -0.1232686 0.9239582
vt -0.1232686 1.227451
vt -0.1732686 1.280765
vt 0.4243416 1.530944
vt 0.2584715 1.701116
vt 0.2418049 1.530944
vt 0.04260156 1.701116
vt 0.05926812 1.530944
vt -0.1732686 1.701116
vt -0.1232686 1.530944
vt -0.1132684 0.9366668
vt -0.1132684 1.214742
vt 0.04926826 0.9366668
vt 0.04926826 1.214743
vt 0.05926812 1.227451
vt 0.06926827 1.214743
vt 0.2318049 1.214743
vt 0.06926827 0.9366668
vt 0.2318049 0.9366668
vt 0.2418049 1.227451
vt 0.2518048 1.214743
vt 0.4143416 1.214743
vt 0.2518048 0.9366668
vt 0.4143416 0.9366668
vt -0.1132684 1.24016
vt -0.1132684 1.518236
vt 0.04926826 1.518236
vt 0.04926826 1.24016
vt 0.06926827 1.518236
vt 0.06926827 1.24016
vt 0.2318049 1.518236
vt 0.2318049 1.24016
vt 0.2518048 1.24016
vt 0.2518048 1.518236
vt 0.4143416 1.24016
vt 0.4143416 1.518236
vt 0.4143416 -0.4595959
vt 0.4143416 -0.7451186
vt 0.2518048 -0.7451186
vt 0.2518048 -0.4595959
vt 0.2318049 -0.7451186
vt 0.06926827 -0.7451186
vt 0.2318049 -0.4595959
vt 0.06926827 -0.4595959
vt 0.04926826 -0.7451186
vt -0.1132684 -0.7451186
vt 0.04926826 -0.4595959
vt -0.1132684 -0.4595959
vt 0.6544362 -0.6547388
vt 0.7018542 -0.8161225
vt 0.4877053 -0.8161225
vt 0.4718994 -0.6547388
vt 0.2735566 -0.8161225
vt 0.6544362 -0.3512456
vt 0.7018542 -0.4018062
vt 0.2893627 -0.6547388
vt 0.05940813 -0.8161225
vt 0.6544362 -0.04775238
vt 0.6986992 0.01579183
vt 0.4718994 -0.04775238
vt 0.4818994 -0.06046093
vt 0.644436 -0.06046093
vt 0.4818994 -0.3385368
vt 0.644436 -0.3385368
vt 0.4718994 -0.3512456
vt 0.4818994 -0.3639543
vt 0.4818994 -0.64203
vt 0.644436 -0.3639543
vt 0.644436 -0.64203
vt 0.4618994 -0.3639543
vt 0.4618994 -0.64203
vt 0.2993628 -0.3639543
vt 0.2993628 -0.64203
vt 0.2893627 -0.3512456
vt 0.4618994 -0.3385368
vt 0.2993628 -0.3385368
vt 0.4618994 -0.06046093
vt 0.2893627 -0.04775238
vt 0.2993628 -0.06046093
vt 0.4885659 0.01579174
vt 0.2793627 -0.3639543
vt 0.2793627 -0.64203
vt 0.1168261 -0.3639543
vt 0.1068259 -0.3512454
vt 0.1168261 -0.64203
vt 0.1068259 -0.6547388
vt 0.05940813 -0.4018061
vt 0.06256285 0.01579183
vt 0.2793627 -0.06046093
vt 0.2793627 -0.3385368
vt 0.1168261 -0.3385366
vt 0.1168261 -0.06046093
vt 0.1068259 -0.04775238
vt 0.272696 0.01579174
vt 0.2893627 0.07933584
vt 0.4718994 0.07933584
vt 0.1068259 0.07933584
vt 0.06256285 0.3565231
vt 0.1068259 0.3902751
vt 0.06256285 0.6899641
vt 0.1068259 0.7012149
vt 0.06256285 1.023405
vt 0.1068259 1.012154
vt 0.06256285 1.356845
vt 0.1068259 1.323094
vt 0.06256285 1.690286
vt 0.6544362 0.07933584
vt 0.6544362 0.3902751
vt 0.6986992 0.3565231
vt 0.6544362 0.7012149
vt 0.6986992 0.6899641
vt 0.6544362 1.012154
vt 0.6986992 1.023405
vt 0.6544362 1.323094
vt 0.6986992 1.356845
vt 0.1068259 1.634032
vt 0.2746082 1.690286
vt 0.2893627 1.634032
vt 0.4866537 1.690286
vt 0.4718994 1.634032
vt 0.6986992 1.690286
vt 0.6544362 1.634032
vt 0.1168261 1.335802
vt 0.1168261 1.621323
vt 0.2793627 1.335802
vt 0.2793627 1.621323
vt 0.2893627 1.323094
vt 0.1168261 1.310385
vt 0.2793627 1.310385
vt 0.1168261 1.024863
vt 0.2793627 1.024863
vt 0.2893627 1.012154
vt 0.1168261 0.9994447
vt 0.2793627 0.9994447
vt 0.1168261 0.7139231
vt 0.2793627 0.7139231
vt 0.2893627 0.7012149
vt 0.1168261 0.6885061
vt 0.2793627 0.6885061
vt 0.1168261 0.4029841
vt 0.2793627 0.4029841
vt 0.2893627 0.3902751
vt 0.1168261 0.3775662
vt 0.2793627 0.3775662
vt 0.1168261 0.09204456
vt 0.2793627 0.09204456
vt 0.2993628 0.09204456
vt 0.4618994 0.09204456
vt 0.2993628 0.3775662
vt 0.4618994 0.3775662
vt 0.4718994 0.3902751
vt 0.4618994 0.4029841
vt 0.4618994 0.6885061
vt 0.2993628 0.4029841
vt 0.2993628 0.6885061
vt 0.4718994 0.7012149
vt 0.4618994 0.7139231
vt 0.4618994 0.9994447
vt 0.2993628 0.7139231
vt 0.2993628 0.9994447
vt 0.4718994 1.012154
vt 0.4618994 1.024863
vt 0.4618994 1.310385
vt 0.2993628 1.024863
vt 0.2993628 1.310385
vt 0.4718994 1.323094
vt 0.4618994 1.335802
vt 0.4618994 1.621323
vt 0.2993628 1.335802
vt 0.2993628 1.621323
vt 0.4818994 1.335802
vt 0.4818994 1.621323
vt 0.644436 1.621323
vt 0.644436 1.335802
vt 0.4818994 1.310385
vt 0.4818994 1.024863
vt 0.644436 1.310385
vt 0.644436 1.024863
vt 0.4818994 0.9994447
vt 0.4818994 0.7139231
vt 0.644436 0.9994447
vt 0.644436 0.7139231
vt 0.4818994 0.6885061
vt 0.4818994 0.4029841
vt 0.644436 0.6885061
vt 0.644436 0.4029841
vt 0.4818994 0.3775662
vt 0.4818994 0.09204456
vt 0.644436 0.3775662
vt 0.644436 0.09204456
usemtl White
f 3/3/3 2/2/2 1/1/1
f 2/2/2 5/5/5 4/4/4
f 4/4/4 5/5/5 6/6/6
f 5/5/5 7/7/7 6/6/6
f 6/6/6 7/7/7 8/8/8
f 7/7/7 9/9/9 8/8/8
f 8/8/8 9/9/9 10/10/10
f 9/9/9 11/11/11 10/10/10
f 10/10/10 11/11/11 12/12/12
f 11/11/11 13/13/13 12/12/12
f 12/12/12 13/13/13 14/14/14
f 13/13/13 15/15/15 14/14/14
f 18/18/18 17/17/17 16/16/16
f 19/19/19 18/18/18 16/16/16
f 18/18/18 19/19/19 20/20/20
f 21/21/21 18/18/18 20/20/20
f 24/24/24 23/23/23 22/22/22
f 23/23/23 25/25/25 22/22/22
f 25/25/25 23/23/23 26/26/26
f 23/23/23 27/27/27 26/26/26
f 30/30/30 29/29/29 28/28/28
f 31/31/31 30/30/30 28/28/28
f 30/30/30 31/31/31 32/32/32
f 33/33/33 30/30/30 32/32/32
f 36/36/36 35/35/35 34/34/34
f 37/37/37 36/36/36 34/34/34
f 36/36/36 37/37/37 38/38/38
f 39/39/39 36/36/36 38/38/38
f 42/42/42 41/41/41 40/40/40
f 43/43/43 42/42/42 40/40/40
f 42/42/42 43/43/43 44/44/44
f 45/45/45 42/42/42 44/44/44
f 48/48/48 47/47/47 46/46/46
f 47/47/47 49/49/49 46/46/46
f 49/49/49 47/47/47 50/50/50
f 47/47/47 51/51/51 50/50/50
f 54/54/54 53/53/53 52/52/52
f 55/55/55 54/54/54 52/52/52
f 54/54/54 55/55/55 56/56/56
f 57/57/57 54/54/54 56/56/56
f 60/60/60 59/59/59 58/58/58
f 61/61/61 60/60/60 58/58/58
f 60/60/60 61/61/61 62/62/62
f 63/63/63 60/60/60 62/62/62
f 66/66/66 65/65/65 64/64/64
f 65/65/65 67/67/67 64/64/64
f 65/65/65 68/68/68 67/67/67
f 68/68/68 69/69/69 67/67/67
f 68/68/68 70/70/70 69/69/69
f 70/70/70 71/71/71 69/69/69
f 70/70/70 72/72/72 71/71/71
f 72/72/72 73/73/73 71/71/71
f 72/72/72 74/74/74 73/73/73
f 74/74/74 75/75/75 73/73/73
f 74/74/74 76/76/76 75/75/75
f 76/76/76 77/77/77 75/75/75
f 76/76/76 78/78/78 77/77/77
f 78/78/78 79/79/79 77/77/77
f 82/82/82 81/81/81 80/80/80
f 83/83/83 82/82/82 80/80/80
f 83/83/83 80/80/80 84/84/84
f 85/85/85 83/83/83 84/84/84
f 85/85/85 84/84/84 86/86/86
f 87/87/87 85/85/85 86/86/86
f 87/87/87 86/86/86 88/88/88
f 89/89/89 87/87/87 88/88/88
f 89/89/89 88/88/88 90/90/90
f 91/91/91 89/89/89 90/90/90
f 91/91/91 90/90/90 92/92/92
f 93/93/93 91/91/91 92/92/92
f 93/93/93 92/92/92 94/94/94
f 95/95/95 93/93/93 94/94/94
f 98/98/98 97/97/97 96/96/96
f 97/97/97 99/99/99 96/96/96
f 97/97/97 100/100/100 99/99/99
f 100/100/100 101/101/101 99/99/99
f 100/100/100 102/102/102 101/101/101
f 102/102/102 103/103/103 101/101/101
f 106/106/106 105/105/105 104/104/104
f 105/105/105 107/107/107 104/104/104
f 105/105/105 108/108/108 107/107/107
f 108/108/108 109/109/109 107/107/107
f 108/108/108 110/110/110 109/109/109
f 110/110/110 111/111/111 109/109/109
f 114/114/114 113/113/113 112/112/112
f 113/113/113 115/115/115 112/112/112
f 115/115/115 113/113/113 116/116/116
f 113/113/113 117/117/117 116/116/116
f 120/120/120 119/119/119 118/118/118
f 119/119/119 121/121/121 118/118/118
f 121/121/121 119/119/119 122/122/122
f 119/119/119 123/123/123 122/122/122
f 126/126/126 125/125/125 124/124/124
f 127/127/127 126/126/126 124/124/124
f 126/126/126 127/127/127 128/128/128
f 129/129/129 126/126/126 128/128/128
f 132/132/132 131/131/131 130/130/130
f 131/131/131 133/133/133 130/130/130
f 133/133/133 131/131/131 134/134/134
f 131/131/131 135/135/135 134/134/134
f 138/138/138 137/137/137 136/136/136
f 137/137/137 139/139/139 136/136/136
f 139/139/139 137/137/137 140/140/140
f 137/137/137 141/141/141 140/140/140
f 144/144/144 143/143/143 142/142/142
f 145/145/145 144/144/144 142/142/142
f 144/144/144 145/145/145 146/146/146
f 147/147/147 144/144/144 146/146/146
f 150/150/150 149/149/149 148/148/148
f 149/149/149 151/151/151 148/148/148
f 151/151/151 149/149/149 152/152/152
f 149/149/149 153/153/153 152/152/152
f 156/156/156 155/155/155 154/154/154
f 155/155/155 157/157/157 154/154/154
f 157/157/157 155/155/155 158/158/158
f 155/155/155 159/159/159 158/158/158
f 162/162/162 161/161/161 160/160/160
f 161/161/161 163/163/163 160/160/160
f 163/163/163 161/161/161 164/164/164
f 161/161/161 165/165/165 164/164/164
f 168/168/168 167/167/167 166/166/166
f 167/167/167 169/169/169 166/166/166
f 169/169/169 167/167/167 170/170/170
f 167/167/167 171/171/171 170/170/170
f 174/174/174 173/173/173 172/172/172
f 173/173/173 175/175/175 172/172/172
f 175/175/175 173/173/173 176/176/176
f 173/173/173 177/177/177 176/176/176
f 180/180/180 179/179/179 178/178/178
f 179/179/179 181/181/181 178/178/178
f 181/181/181 179/179/179 182/182/182
f 179/179/179 183/183/183 182/182/182
f 186/186/186 185/185/185 184/184/184
f 185/185/185 187/187/187 184/184/184
f 187/187/187 185/185/185 188/188/188
f 185/185/185 189/189/189 188/188/188
f 192/192/192 191/191/191 190/190/190
f 191/191/191 193/193/193 190/190/190
f 193/193/193 191/191/191 194/194/194
f 191/191/191 195/195/195 194/194/194
f 198/198/198 197/197/197 196/196/196
f 197/197/197 199/199/199 196/196/196
f 199/199/199 197/197/197 200/200/200
f 197/197/197 201/201/201 200/200/200
f 204/204/204 203/203/203 202/202/202
f 203/203/203 205/205/205 202/202/202
f 205/205/205 203/203/203 206/206/206
f 203/203/203 207/207/207 206/206/206
f 210/210/210 209/209/209 208/208/208
f 209/209/209 211/211/211 208/208/208
f 211/211/211 209/209/209 212/212/212
f 209/209/209 213/213/213 212/212/212
f 216/216/216 215/215/215 214/214/214
f 215/215/215 217/217/217 214/214/214
f 217/217/217 215/215/215 218/218/218
f 215/215/215 219/219/219 218/218/218
f 222/222/222 221/221/221 220/220/220
f 221/221/221 223/223/223 220/220/220
f 223/223/223 221/221/221 224/224/224
f 221/221/221 225/225/225 224/224/224
f 228/228/228 227/227/227 226/226/226
f 227/227/227 229/229/229 226/226/226
f 229/229/229 227/227/227 230/230/230
f 227/227/227 231/231/231 230/230/230
f 234/234/234 233/233/233 232/232/232
f 233/233/233 235/235/235 232/232/232
f 235/235/235 233/233/233 236/236/236
f 233/233/233 237/237/237 236/236/236
f 240/240/240 239/239/239 238/238/238
f 239/239/239 241/241/241 238/238/238
f 241/241/241 239/239/239 242/242/242
f 239/239/239 243/243/243 242/242/242
f 246/246/246 245/245/245 244/244/244
f 245/245/245 247/247/247 244/244/244
f 247/247/247 245/245/245 248/248/248
f 245/245/245 249/249/249 248/248/248
f 252/252/252 251/251/251 250/250/250
f 251/251/251 253/253/253 250/250/250
f 253/253/253 251/251/251 254/254/254
f 251/251/251 255/255/255 254/254/254
f 258/258/258 257/257/257 256/256/256
f 257/257/257 259/259/259 256/256/256
f 259/259/259 257/257/257 260/260/260
f 257/257/257 261/261/261 260/260/260
f 264/264/264 263/263/263 262/262/262
f 263/263/263 265/265/265 262/262/262
f 265/265/265 263/263/263 266/266/266
f 263/263/263 267/267/267 266/266/266
f 270/270/270 269/269/269 268/268/268
f 269/269/269 271/271/271 268/268/268
f 271/271/271 269/269/269 272/272/272
f 269/269/269 273/273/273 272/272/272
f 276/276/276 275/275/275 274/274/274
f 275/275/275 277/277/277 274/274/274
f 277/277/277 275/275/275 278/278/278
f 275/275/275 279/279/279 278/278/278
f 282/282/282 281/281/281 280/280/280
f 281/281/281 283/283/283 280/280/280
f 283/283/283 281/281/281 284/284/284
f 281/281/281 285/285/285 284/284/284
f 288/288/288 287/287/287 286/286/286
f 287/287/287 289/289/289 286/286/286
f 289/289/289 287/287/287 290/290/290
f 287/287/287 291/291/291 290/290/290
f 294/294/294 293/293/293 292/292/292
f 293/293/293 295/295/295 292/292/292
f 295/295/295 293/293/293 296/296/296
f 293/293/293 297/297/297 296/296/296
f 300/300/300 299/299/299 298/298/298
f 299/299/299 301/301/301 298/298/298
f 301/301/301 299/299/299 302/302/302
f 299/299/299 303/303/303 302/302/302
f 306/306/306 305/305/305 304/304/304
f 305/305/305 307/307/307 304/304/304
f 307/307/307 305/305/305 308/308/308
f 305/305/305 309/309/309 308/308/308
f 312/312/312 311/311/311 310/310/310
f 311/311/311 313/313/313 310/310/310
f 313/313/313 311/311/311 314/314/314
f 311/311/311 315/315/315 314/314/314
f 318/318/318 317/317/317 316/316/316
f 317/317/317 319/319/319 316/316/316
f 319/319/319 317/317/317 320/320/320
f 317/317/317 321/321/321 320/320/320
f 324/324/324 323/323/323 322/322/322
f 323/323/323 325/325/325 322/322/322
f 325/325/325 323/323/323 326/326/326
f 323/323/323 327/327/327 326/326/326
f 330/330/330 329/329/329 328/328/328
f 329/329/329 331/331/331 328/328/328
f 331/331/331 329/329/329 332/332/332
f 329/329/329 333/333/333 332/332/332
f 336/336/336 335/335/335 334/334/334
f 335/335/335 337/337/337 334/334/334
f 337/337/337 335/335/335 338/338/338
f 335/335/335 339/339/339 338/338/338
f 342/342/342 341/341/341 340/340/340
f 341/341/341 343/343/343 340/340/340
f 343/343/343 341/341/341 344/344/344
f 341/341/341 345/345/345 344/344/344
f 348/348/348 347/347/347 346/346/346
f 347/347/347 349/349/349 346/346/346
f 349/349/349 347/347/347 350/350/350
f 347/347/347 351/351/351 350/350/350
f 354/354/354 353/353/353 352/352/352
f 353/353/353 355/355/355 352/352/352
f 355/355/355 353/353/353 356/356/356
f 353/353/353 357/357/357 356/356/356
f 360/360/360 359/359/359 358/358/358
f 359/359/359 361/361/361 358/358/358
f 361/361/361 359/359/359 362/362/362
f 359/359/359 363/363/363 362/362/362
f 366/366/366 365/365/365 364/364/364
f 365/365/365 367/367/367 364/364/364
f 367/367/367 365/365/365 368/368/368
f 365/365/365 369/369/369 368/368/368
f 372/372/372 371/371/371 370/370/370
f 371/371/371 373/373/373 370/370/370
f 373/373/373 371/371/371 374/374/374
f 371/371/371 375/375/375 374/374/374
f 378/378/378 377/377/377 376/376/376
f 377/377/377 379/379/379 376/376/376
f 379/379/379 377/377/377 380/380/380
f 377/377/377 381/381/381 380/380/380
f 384/384/384 383/383/383 382/382/382
f 383/383/383 385/385/385 382/382/382
f 385/385/385 383/383/383 386/386/386
f 383/383/383 387/387/387 386/386/386
f 390/390/390 389/389/389 388/388/388
f 389/389/389 391/391/391 388/388/388
f 391/391/391 389/389/389 392/392/392
f 389/389/389 393/393/393 392/392/392
f 396/396/396 395/395/395 394/394/394
f 395/395/395 397/397/397 394/394/394
f 397/397/397 395/395/395 398/398/398
f 395/395/395 399/399/399 398/398/398
f 402/402/402 401/401/401 400/400/400
f 401/401/401 403/403/403 400/400/400
f 403/403/403 401/401/401 404/404/404
f 401/401/401 405/405/405 404/404/404
f 408/408/408 407/407/407 406/406/406
f 407/407/407 409/409/409 406/406/406
f 409/409/409 407/407/407 410/410/410
f 407/407/407 411/411/411 410/410/410
f 414/414/414 413/413/413 412/412/412
f 413/413/413 415/415/415 412/412/412
f 415/415/415 413/413/413 416/416/416
f 413/413/413 417/417/417 416/416/416
f 420/420/420 419/419/419 418/418/418
f 419/419/419 421/421/421 418/418/418
f 421/421/421 419/419/419 422/422/422
f 419/419/419 423/423/423 422/422/422
f 426/426/426 425/425/425 424/424/424
f 425/425/425 427/427/427 424/424/424
f 427/427/427 425/425/425 428/428/428
f 425/425/425 429/429/429 428/428/428
f 432/432/432 431/431/431 430/430/430
f 431/431/431 433/433/433 430/430/430
f 433/433/433 431/431/431 434/434/434
f 431/431/431 435/435/435 434/434/434
f 438/438/438 437/437/437 436/436/436
f 437/437/437 439/439/439 436/436/436
f 439/439/439 437/437/437 440/440/440
f 437/437/437 441/441/441 440/440/440
f 444/444/444 443/443/443 442/442/442
f 443/443/443 445/445/445 442/442/442
f 445/445/445 443/443/443 446/446/446
f 443/443/443 447/447/447 446/446/446
f 450/450/450 449/449/449 448/448/448
f 449/449/449 451/451/451 448/448/448
f 451/451/451 449/449/449 452/452/452
f 449/449/449 453/453/453 452/452/452
f 456/456/456 455/455/455 454/454/454
f 455/455/455 457/457/457 454/454/454
f 457/457/457 455/455/455 458/458/458
f 455/455/455 459/459/459 458/458/458
f 462/462/462 461/461/461 460/460/460
f 461/461/461 463/463/463 460/460/460
f 463/463/463 461/461/461 464/464/464
f 461/461/461 465/465/465 464/464/464
f 468/468/468 467/467/467 466/466/466
f 467/467/467 469/469/469 466/466/466
f 469/469/469 467/467/467 470/470/470
f 467/467/467 471/471/471 470/470/470
f 474/474/474 473/473/473 472/472/472
f 473/473/473 475/475/475 472/472/472
f 475/475/475 473/473/473 476/476/476
f 473/473/473 477/477/477 476/476/476
f 480/480/480 479/479/479 478/478/478
f 479/479/479 481/481/481 478/478/478
f 481/481/481 479/479/479 482/482/482
f 479/479/479 483/483/483 482/482/482
f 486/486/486 485/485/485 484/484/484
f 485/485/485 487/487/487 484/484/484
f 487/487/487 485/485/485 488/488/488
f 485/485/485 489/489/489 488/488/488
f 492/492/492 491/491/491 490/490/490
f 491/491/491 493/493/493 490/490/490
f 493/493/493 491/491/491 494/494/494
f 491/491/491 495/495/495 494/494/494
f 498/498/498 497/497/497 496/496/496
f 497/497/497 499/499/499 496/496/496
f 499/499/499 497/497/497 500/500/500
f 497/497/497 501/501/501 500/500/500
f 504/504/504 503/503/503 502/502/502
f 503/503/503 505/505/505 502/502/502
f 505/505/505 503/503/503 506/506/506
f 503/503/503 507/507/507 506/506/506
f 510/510/510 509/509/509 508/508/508
f 509/509/509 511/511/511 508/508/508
f 511/511/511 509/509/509 512/512/512
f 509/509/509 513/513/513 512/512/512
f 516/516/516 515/515/515 514/514/514
f 515/515/515 517/517/517 514/514/514
f 517/517/517 515/515/515 518/518/518
f 515/515/515 519/519/519 518/518/518
f 522/522/522 521/521/521 520/520/520
f 521/521/521 523/523/523 520/520/520
f 523/523/523 521/521/521 524/524/524
f 521/521/521 525/525/525 524/524/524
f 528/528/528 527/527/527 526/526/526
f 527/527/527 529/529/529 526/526/526
f 529/529/529 527/527/527 530/530/530
f 527/527/527 531/531/531 530/530/530
f 534/534/534 533/533/533 532/532/532
f 533/533/533 535/535/535 532/532/532
f 535/535/535 533/533/533 536/536/536
f 533/533/533 537/537/537 536/536/536
f 540/540/540 539/539/539 538/538/538
f 539/539/539 541/541/541 538/538/538
f 541/541/541 539/539/539 542/542/542
f 539/539/539 543/543/543 542/542/542
f 546/546/546 545/545/545 544/544/544
f 545/545/545 547/547/547 544/544/544
f 547/547/547 545/545/545 548/548/548
f 545/545/545 549/549/549 548/548/548
f 552/552/552 551/551/551 550/550/550
f 551/551/551 553/553/553 550/550/550
f 553/553/553 551/551/551 554/554/554
f 551/551/551 555/555/555 554/554/554
f 558/558/558 557/557/557 556/556/556
f 557/557/557 559/559/559 556/556/556
f 559/559/559 557/557/557 560/560/560
f 557/557/557 561/561/561 560/560/560
f 564/564/564 563/563/563 562/562/562
f 563/563/563 565/565/565 562/562/562
f 565/565/565 563/563/563 566/566/566
f 563/563/563 567/567/567 566/566/566
f 570/570/570 569/569/569 568/568/568
f 569/569/569 571/571/571 568/568/568
f 568/568/568 571/571/571 572/572/572
f 571/571/571 573/573/573 572/572/572
f 572/572/572 573/573/573 574/574/574
f 573/573/573 575/575/575 574/574/574
f 574/574/574 575/575/575 576/576/576
f 575/575/575 577/577/577 576/576/576
f 576/576/576 577/577/577 578/578/578
f 577/577/577 579/579/579 578/578/578
f 582/582/582 581/581/581 580/580/580
f 581/581/581 583/583/583 580/580/580
f 580/580/580 583/583/583 584/584/584
f 583/583/583 585/585/585 584/584/584
f 584/584/584 585/585/585 586/586/586
f 585/585/585 587/587/587 586/586/586
f 590/590/590 589/589/589 588/588/588
f 589/589/589 591/591/591 588/588/588
f 588/588/588 591/591/591 592/592/592
f 591/591/591 593/593/593 592/592/592
f 592/592/592 593/593/593 594/594/594
f 593/593/593 595/595/595 594/594/594
f 598/598/598 597/597/597 596/596/596
f 599/599/599 598/598/598 596/596/596
f 602/602/602 601/601/601 600/600/600
f 603/603/603 602/602/602 600/600/600
f 606/606/606 605/605/605 604/604/604
f 607/607/607 606/606/606 604/604/604
f 610/610/610 609/609/609 608/608/608
f 608/608/608 609/609/609 611/611/611
f 612/612/612 610/610/610 608/608/608
f 610/610/610 613/613/613 609/609/609
f 613/613/613 614/614/614 609/609/609
f 613/613/613 615/615/615 614/614/614
f 615/615/615 616/616/616 614/614/614
f 615/615/615 617/617/617 616/616/616
f 609/609/609 618/618/618 611/611/611
f 608/608/608 611/611/611 619/619/619
f 612/612/612 608/608/608 620/620/620
f 621/621/621 612/612/612 620/620/620
f 621/621/621 620/620/620 622/622/622
f 623/623/623 621/621/621 622/622/622
f 623/623/623 622/622/622 624/624/624
f 625/625/625 623/623/623 624/624/624
f 609/609/609 626/626/626 618/618/618
f 626/626/626 627/627/627 618/618/618
f 628/628/628 619/619/619 627/627/627
f 626/626/626 628/628/628 627/627/627
f 628/628/628 608/608/608 619/619/619
f 628/628/628 626/626/626 629/629/629
f 626/626/626 630/630/630 629/629/629
f 628/628/628 629/629/629 631/631/631
f 625/625/625 624/624/624 632/632/632
f 633/633/633 625/625/625 632/632/632
f 633/633/633 632/632/632 634/634/634
f 635/635/635 633/633/633 634/634/634
f 635/635/635 634/634/634 636/636/636
f 637/637/637 635/635/635 636/636/636
f 637/637/637 636/636/636 638/638/638
f 639/639/639 637/637/637 638/638/638
f 639/639/639 638/638/638 640/640/640
f 641/641/641 639/639/639 640/640/640
f 642/642/642 628/628/628 631/631/631
f 642/642/642 631/631/631 643/643/643
f 644/644/644 642/642/642 643/643/643
f 644/644/644 643/643/643 630/630/630
f 642/642/642 644/644/644 645/645/645
f 642/642/642 645/645/645 646/646/646
f 634/634/634 642/642/642 646/646/646
f 644/644/644 647/647/647 645/645/645
f 644/644/644 636/636/636 647/647/647
f 634/634/634 646/646/646 648/648/648
f 636/636/636 648/648/648 647/647/647
f 636/636/636 634/634/634 648/648/648
f 626/626/626 644/644/644 630/630/630
f 641/641/641 640/640/640 649/649/649
f 650/650/650 641/641/641 649/649/649
f 650/650/650 649/649/649 651/651/651
f 651/651/651 649/649/649 652/652/652
f 649/649/649 653/653/653 652/652/652
f 649/649/649 640/640/640 653/653/653
f 651/651/651 652/652/652 654/654/654
f 640/640/640 655/655/655 653/653/653
f 656/656/656 654/654/654 655/655/655
f 656/656/656 651/651/651 654/654/654
f 640/640/640 656/656/656 655/655/655
f 656/656/656 640/640/640 657/657/657
f 656/656/656 657/657/657 658/658/658
f 640/640/640 659/659/659 657/657/657
f 640/640/640 638/638/638 659/659/659
f 638/638/638 660/660/660 659/659/659
f 661/661/661 658/658/658 660/660/660
f 661/661/661 656/656/656 658/658/658
f 638/638/638 661/661/661 660/660/660
f 661/661/661 638/638/638 662/662/662
f 661/661/661 662/662/662 663/663/663
f 638/638/638 664/664/664 662/662/662
f 638/638/638 636/636/636 664/664/664
f 636/636/636 665/665/665 664/664/664
f 636/636/636 644/644/644 665/665/665
f 644/644/644 663/663/663 665/665/665
f 644/644/644 661/661/661 663/663/663
f 661/661/661 644/644/644 666/666/666
f 644/644/644 667/667/667 666/666/666
f 644/644/644 626/626/626 667/667/667
f 661/661/661 666/666/666 668/668/668
f 626/626/626 669/669/669 667/667/667
f 670/670/670 668/668/668 669/669/669
f 670/670/670 661/661/661 668/668/668
f 626/626/626 670/670/670 669/669/669
f 661/661/661 670/670/670 671/671/671
f 670/670/670 672/672/672 671/671/671
f 661/661/661 671/671/671 673/673/673
f 656/656/656 661/661/661 673/673/673
f 656/656/656 673/673/673 674/674/674
f 675/675/675 674/674/674 672/672/672
f 670/670/670 675/675/675 672/672/672
f 675/675/675 656/656/656 674/674/674
f 656/656/656 675/675/675 676/676/676
f 675/675/675 677/677/677 676/676/676
f 656/656/656 676/676/676 678/678/678
f 675/675/675 679/679/679 677/677/677
f 679/679/679 680/680/680 677/677/677
f 651/651/651 656/656/656 678/678/678
f 651/651/651 678/678/678 680/680/680
f 679/679/679 651/651/651 680/680/680
f 681/681/681 651/651/651 679/679/679
f 681/681/681 650/650/650 651/651/651
f 675/675/675 670/670/670 682/682/682
f 670/670/670 683/683/683 682/682/682
f 675/675/675 682/682/682 684/684/684
f 670/670/670 614/614/614 683/683/683
f 614/614/614 685/685/685 683/683/683
f 616/616/616 684/684/684 685/685/685
f 616/616/616 675/675/675 684/684/684
f 614/614/614 616/616/616 685/685/685
f 614/614/614 670/670/670 686/686/686
f 670/670/670 687/687/687 686/686/686
f 614/614/614 686/686/686 688/688/688
f 670/670/670 626/626/626 687/687/687
f 609/609/609 614/614/614 688/688/688
f 626/626/626 689/689/689 687/687/687
f 609/609/609 688/688/688 689/689/689
f 626/626/626 609/609/609 689/689/689
f 675/675/675 616/616/616 690/690/690
f 675/675/675 690/690/690 691/691/691
f 679/679/679 675/675/675 691/691/691
f 616/616/616 692/692/692 690/690/690
f 679/679/679 691/691/691 693/693/693
f 694/694/694 693/693/693 692/692/692
f 616/616/616 694/694/694 692/692/692
f 694/694/694 679/679/679 693/693/693
f 617/617/617 694/694/694 616/616/616
f 695/695/695 679/679/679 694/694/694
f 617/617/617 695/695/695 694/694/694
f 695/695/695 617/617/617 696/696/696
f 695/695/695 696/696/696 697/697/697
f 681/681/681 695/695/695 697/697/697
f 695/695/695 681/681/681 679/679/679
f 617/617/617 698/698/698 696/696/696
f 617/617/617 699/699/699 698/698/698
f 699/699/699 700/700/700 698/698/698
f 699/699/699 701/701/701 700/700/700
f 681/681/681 697/697/697 702/702/702
f 650/650/650 681/681/681 702/702/702
f 650/650/650 702/702/702 703/703/703
f 704/704/704 650/650/650 703/703/703
f 701/701/701 705/705/705 700/700/700
f 701/701/701 706/706/706 705/705/705
f 706/706/706 707/707/707 705/705/705
f 706/706/706 708/708/708 707/707/707
f 708/708/708 709/709/709 707/707/707
f 708/708/708 710/710/710 709/709/709
f 710/710/710 704/704/704 711/711/711
f 704/704/704 703/703/703 711/711/711
f 710/710/710 711/711/711 709/709/709
f 702/702/702 697/697/697 712/712/712
f 702/702/702 712/712/712 713/713/713
f 703/703/703 702/702/702 713/713/713
f 697/697/697 714/714/714 712/712/712
f 703/703/703 713/713/713 715/715/715
f 716/716/716 715/715/715 714/714/714
f 697/697/697 716/716/716 714/714/714
f 716/716/716 703/703/703 715/715/715
f 716/716/716 697/697/697 717/717/717
f 716/716/716 717/717/717 718/718/718
f 697/697/697 719/719/719 717/717/717
f 697/697/697 696/696/696 719/719/719
f 696/696/696 720/720/720 719/719/719
f 721/721/721 718/718/718 720/720/720
f 721/721/721 716/716/716 718/718/718
f 696/696/696 721/721/721 720/720/720
f 721/721/721 696/696/696 722/722/722
f 721/721/721 722/722/722 723/723/723
f 696/696/696 724/724/724 722/722/722
f 696/696/696 698/698/698 724/724/724
f 698/698/698 725/725/725 724/724/724
f 698/698/698 700/700/700 725/725/725
f 700/700/700 723/723/723 725/725/725
f 700/700/700 721/721/721 723/723/723
f 703/703/703 716/716/716 726/726/726
f 703/703/703 726/726/726 727/727/727
f 711/711/711 703/703/703 727/727/727
f 711/711/711 727/727/727 728/728/728
f 709/709/709 711/711/711 728/728/728
f 716/716/716 729/729/729 726/726/726
f 709/709/709 728/728/728 729/729/729
f 716/716/716 709/709/709 729/729/729
f 709/709/709 716/716/716 730/730/730
f 716/716/716 731/731/731 730/730/730
f 716/716/716 721/721/721 731/731/731
f 709/709/709 730/730/730 732/732/732
f 707/707/707 709/709/709 732/732/732
f 721/721/721 733/733/733 731/731/731
f 707/707/707 732/732/732 733/733/733
f 721/721/721 707/707/707 733/733/733
f 721/721/721 700/700/700 734/734/734
f 721/721/721 734/734/734 735/735/735
f 707/707/707 721/721/721 735/735/735
f 700/700/700 736/736/736 734/734/734
f 707/707/707 735/735/735 737/737/737
f 700/700/700 705/705/705 736/736/736
f 705/705/705 707/707/707 737/737/737
f 705/705/705 737/737/737 736/736/736
f 608/608/608 628/628/628 738/738/738
f 608/608/608 738/738/738 739/739/739
f 620/620/620 608/608/608 739/739/739
f 620/620/620 739/739/739 740/740/740
f 622/622/622 620/620/620 740/740/740
f 628/628/628 741/741/741 738/738/738
f 622/622/622 740/740/740 741/741/741
f 628/628/628 622/622/622 741/741/741
f 622/622/622 628/628/628 742/742/742
f 622/622/622 742/742/742 743/743/743
f 628/628/628 744/744/744 742/742/742
f 624/624/624 622/622/622 743/743/743
f 628/628/628 642/642/642 744/744/744
f 624/624/624 743/743/743 745/745/745
f 642/642/642 745/745/745 744/744/744
f 642/642/642 624/624/624 745/745/745
f 624/624/624 642/642/642 746/746/746
f 624/624/624 746/746/746 747/747/747
f 642/642/642 748/748/748 746/746/746
f 632/632/632 624/624/624 747/747/747
f 642/642/642 634/634/634 748/748/748
f 632/632/632 747/747/747 749/749/749
f 634/634/634 749/749/749 748/748/748
f 634/634/634 632/632/632 749/749/749
f 752/752/752 751/751/751 750/750/750
f 753/753/753 752/752/752 750/750/750
f 754/754/754 752/752/752 753/753/753
f 750/750/750 751/751/751 755/755/755
f 751/751/751 756/756/756 755/755/755
f 757/757/757 754/754/754 753/753/753
f 758/758/758 754/754/754 757/757/757
f 755/755/755 756/756/756 759/759/759
f 756/756/756 760/760/760 759/759/759
f 759/759/759 760/760/760 761/761/761
f 759/759/759 761/761/761 762/762/762
f 763/763/763 759/759/759 762/762/762
f 755/755/755 759/759/759 763/763/763
f 762/762/762 761/761/761 764/764/764
f 765/765/765 755/755/755 763/763/763
f 764/764/764 766/766/766 765/765/765
f 761/761/761 766/766/766 764/764/764
f 766/766/766 755/755/755 765/765/765
f 755/755/755 766/766/766 767/767/767
f 767/767/767 766/766/766 768/768/768
f 766/766/766 753/753/753 768/768/768
f 769/769/769 755/755/755 767/767/767
f 750/750/750 755/755/755 769/769/769
f 770/770/770 750/750/750 769/769/769
f 768/768/768 753/753/753 770/770/770
f 753/753/753 750/750/750 770/770/770
f 753/753/753 766/766/766 771/771/771
f 772/772/772 753/753/753 771/771/771
f 757/757/757 753/753/753 772/772/772
f 771/771/771 766/766/766 773/773/773
f 774/774/774 757/757/757 772/772/772
f 773/773/773 775/775/775 774/774/774
f 766/766/766 775/775/775 773/773/773
f 775/775/775 757/757/757 774/774/774
f 775/775/775 766/766/766 776/776/776
f 777/777/777 775/775/775 776/776/776
f 776/776/776 766/766/766 778/778/778
f 779/779/779 775/775/775 777/777/777
f 780/780/780 779/779/779 777/777/777
f 766/766/766 761/761/761 778/778/778
f 778/778/778 761/761/761 780/780/780
f 761/761/761 779/779/779 780/780/780
f 761/761/761 781/781/781 779/779/779
f 760/760/760 781/781/781 761/761/761
f 757/757/757 775/775/775 782/782/782
f 783/783/783 757/757/757 782/782/782
f 782/782/782 775/775/775 784/784/784
f 775/775/775 785/785/785 784/784/784
f 784/784/784 785/785/785 786/786/786
f 787/787/787 757/757/757 783/783/783
f 786/786/786 787/787/787 783/783/783
f 785/785/785 787/787/787 786/786/786
f 787/787/787 758/758/758 757/757/757
f 788/788/788 758/758/758 787/787/787
f 785/785/785 788/788/788 787/787/787
f 789/789/789 788/788/788 785/785/785
f 775/775/775 779/779/779 790/790/790
f 791/791/791 775/775/775 790/790/790
f 785/785/785 775/775/775 791/791/791
f 792/792/792 785/785/785 791/791/791
f 790/790/790 779/779/779 793/793/793
f 794/794/794 785/785/785 792/792/792
f 793/793/793 794/794/794 792/792/792
f 779/779/779 794/794/794 793/793/793
f 794/794/794 789/789/789 785/785/785
f 779/779/779 795/795/795 794/794/794
f 795/795/795 789/789/789 794/794/794
f 789/789/789 795/795/795 796/796/796
f 796/796/796 795/795/795 797/797/797
f 795/795/795 781/781/781 797/797/797
f 781/781/781 795/795/795 779/779/779
f 798/798/798 789/789/789 796/796/796
f 799/799/799 789/789/789 798/798/798
f 800/800/800 799/799/799 798/798/798
f 801/801/801 799/799/799 800/800/800
f 802/802/802 801/801/801 800/800/800
f 803/803/803 801/801/801 802/802/802
f 804/804/804 803/803/803 802/802/802
f 805/805/805 803/803/803 804/804/804
f 806/806/806 805/805/805 804/804/804
f 807/807/807 805/805/805 806/806/806
f 797/797/797 781/781/781 808/808/808
f 781/781/781 760/760/760 808/808/808
f 808/808/808 760/760/760 809/809/809
f 760/760/760 810/810/810 809/809/809
f 809/809/809 810/810/810 811/811/811
f 810/810/810 812/812/812 811/811/811
f 811/811/811 812/812/812 813/813/813
f 812/812/812 814/814/814 813/813/813
f 813/813/813 814/814/814 815/815/815
f 814/814/814 816/816/816 815/815/815
f 817/817/817 807/807/807 806/806/806
f 818/818/818 807/807/807 817/817/817
f 819/819/819 818/818/818 817/817/817
f 820/820/820 818/818/818 819/819/819
f 821/821/821 820/820/820 819/819/819
f 822/822/822 820/820/820 821/821/821
f 816/816/816 822/822/822 823/823/823
f 815/815/815 816/816/816 823/823/823
f 823/823/823 822/822/822 821/821/821
f 817/817/817 806/806/806 824/824/824
f 825/825/825 817/817/817 824/824/824
f 819/819/819 817/817/817 825/825/825
f 824/824/824 806/806/806 826/826/826
f 827/827/827 819/819/819 825/825/825
f 826/826/826 828/828/828 827/827/827
f 806/806/806 828/828/828 826/826/826
f 828/828/828 819/819/819 827/827/827
f 828/828/828 806/806/806 829/829/829
f 830/830/830 828/828/828 829/829/829
f 829/829/829 806/806/806 831/831/831
f 806/806/806 804/804/804 831/831/831
f 831/831/831 804/804/804 832/832/832
f 832/832/832 833/833/833 830/830/830
f 833/833/833 828/828/828 830/830/830
f 804/804/804 833/833/833 832/832/832
f 833/833/833 804/804/804 834/834/834
f 835/835/835 833/833/833 834/834/834
f 834/834/834 804/804/804 836/836/836
f 804/804/804 802/802/802 836/836/836
f 836/836/836 802/802/802 837/837/837
f 837/837/837 838/838/838 835/835/835
f 838/838/838 833/833/833 835/835/835
f 802/802/802 838/838/838 837/837/837
f 838/838/838 802/802/802 839/839/839
f 840/840/840 838/838/838 839/839/839
f 839/839/839 802/802/802 841/841/841
f 802/802/802 800/800/800 841/841/841
f 841/841/841 800/800/800 842/842/842
f 842/842/842 843/843/843 840/840/840
f 843/843/843 838/838/838 840/840/840
f 800/800/800 843/843/843 842/842/842
f 843/843/843 800/800/800 844/844/844
f 845/845/845 843/843/843 844/844/844
f 844/844/844 800/800/800 846/846/846
f 800/800/800 798/798/798 846/846/846
f 846/846/846 798/798/798 847/847/847
f 798/798/798 796/796/796 847/847/847
f 847/847/847 796/796/796 845/845/845
f 796/796/796 843/843/843 845/845/845
f 843/843/843 796/796/796 848/848/848
f 848/848/848 796/796/796 849/849/849
f 796/796/796 797/797/797 849/849/849
f 850/850/850 843/843/843 848/848/848
f 849/849/849 797/797/797 851/851/851
f 851/851/851 852/852/852 850/850/850
f 852/852/852 843/843/843 850/850/850
f 797/797/797 852/852/852 851/851/851
f 843/843/843 852/852/852 853/853/853
f 853/853/853 852/852/852 854/854/854
f 855/855/855 843/843/843 853/853/853
f 838/838/838 843/843/843 855/855/855
f 856/856/856 838/838/838 855/855/855
f 854/854/854 857/857/857 856/856/856
f 852/852/852 857/857/857 854/854/854
f 857/857/857 838/838/838 856/856/856
f 838/838/838 857/857/857 858/858/858
f 858/858/858 857/857/857 859/859/859
f 860/860/860 838/838/838 858/858/858
f 833/833/833 838/838/838 860/860/860
f 861/861/861 833/833/833 860/860/860
f 859/859/859 862/862/862 861/861/861
f 857/857/857 862/862/862 859/859/859
f 862/862/862 833/833/833 861/861/861
f 833/833/833 862/862/862 863/863/863
f 863/863/863 862/862/862 864/864/864
f 865/865/865 833/833/833 863/863/863
f 828/828/828 833/833/833 865/865/865
f 866/866/866 828/828/828 865/865/865
f 864/864/864 867/867/867 866/866/866
f 862/862/862 867/867/867 864/864/864
f 867/867/867 828/828/828 866/866/866
f 828/828/828 867/867/867 868/868/868
f 868/868/868 867/867/867 869/869/869
f 870/870/870 828/828/828 868/868/868
f 819/819/819 828/828/828 870/870/870
f 871/871/871 819/819/819 870/870/870
f 821/821/821 819/819/819 871/871/871
f 869/869/869 821/821/821 871/871/871
f 867/867/867 821/821/821 869/869/869
f 821/821/821 867/867/867 872/872/872
f 873/873/873 821/821/821 872/872/872
f 823/823/823 821/821/821 873/873/873
f 874/874/874 823/823/823 873/873/873
f 815/815/815 823/823/823 874/874/874
f 872/872/872 867/867/867 875/875/875
f 875/875/875 815/815/815 874/874/874
f 867/867/867 815/815/815 875/875/875
f 815/815/815 867/867/867 876/876/876
f 876/876/876 867/867/867 877/877/877
f 878/878/878 815/815/815 876/876/876
f 867/867/867 862/862/862 877/877/877
f 813/813/813 815/815/815 878/878/878
f 877/877/877 862/862/862 879/879/879
f 879/879/879 813/813/813 878/878/878
f 862/862/862 813/813/813 879/879/879
f 813/813/813 862/862/862 880/880/880
f 880/880/880 862/862/862 881/881/881
f 882/882/882 813/813/813 880/880/880
f 862/862/862 857/857/857 881/881/881
f 811/811/811 813/813/813 882/882/882
f 881/881/881 857/857/857 883/883/883
f 883/883/883 811/811/811 882/882/882
f 857/857/857 811/811/811 883/883/883
f 811/811/811 857/857/857 884/884/884
f 884/884/884 857/857/857 885/885/885
f 886/886/886 811/811/811 884/884/884
f 857/857/857 852/852/852 885/885/885
f 809/809/809 811/811/811 886/886/886
f 885/885/885 852/852/852 887/887/887
f 887/887/887 809/809/809 886/886/886
f 852/852/852 809/809/809 887/887/887
f 809/809/809 852/852/852 888/888/888
f 888/888/888 852/852/852 889/889/889
f 890/890/890 809/809/809 888/888/888
f 852/852/852 797/797/797 889/889/889
f 808/808/808 809/809/809 890/890/890
f 889/889/889 797/797/797 891/891/891
f 891/891/891 808/808/808 890/890/890
f 797/797/797 808/808/808 891/891/891
g FP204:polySurface43_00ea8d38
v 1.11826 1.84296 -0.1984
v 1.11822 2.12848 -0.19849
v 1.27096 2.12848 -0.25408
v 1.271 1.84296 -0.25399
v 1.1183 1.53202 -0.1983
v 1.11826 1.81754 -0.19839
v 1.271 1.81754 -0.25398
v 1.27103 1.53202 -0.25389
v 1.11833 1.22108 -0.19819
v 1.1183 1.5066 -0.19829
v 1.27104 1.5066 -0.25388
v 1.27107 1.22108 -0.25379
v 1.11837 0.91014 -0.19809
v 1.11834 1.19566 -0.19819
v 1.27107 1.19566 -0.25378
v 1.27111 0.91014 -0.25369
v 0.7752 1.84296 -0.07353
v 0.77516 2.12848 -0.07362
v 0.9279 2.12848 -0.12922
v 0.92793 1.84296 -0.12912
v 0.77523 1.53202 -0.07343
v 0.7752 1.81754 -0.07352
v 0.92794 1.81754 -0.12912
v 0.92797 1.53202 -0.12902
v 0.77527 1.22108 -0.07333
v 0.77523 1.5066 -0.07342
v 0.92797 1.5066 -0.12901
v 0.92801 1.22108 -0.12892
v 0.77531 0.91014 -0.07323
v 0.77527 1.19566 -0.07332
v 0.92801 1.19566 -0.12891
v 0.92804 0.91014 -0.12882
v 0.94673 1.84296 -0.13596
v 0.94669 2.12848 -0.13606
v 1.09943 2.12848 -0.19165
v 1.09946 1.84296 -0.19156
v 0.94676 1.53202 -0.13586
v 0.94673 1.81754 -0.13596
v 1.09947 1.81754 -0.19155
v 1.0995 1.53202 -0.19146
v 0.9468 1.22108 -0.13576
v 0.94677 1.5066 -0.13585
v 1.0995 1.5066 -0.19145
v 1.09954 1.22108 -0.19135
v 0.94684 0.91014 -0.13566
v 0.9468 1.19566 -0.13575
v 1.09954 1.19566 -0.19135
v 1.09957 0.91014 -0.19125
v 1.11846 0.17606 -0.19786
v 1.11842 0.45414 -0.19795
v 1.27116 0.45414 -0.25354
v 1.27119 0.17606 -0.25345
v 0.77539 0.17606 -0.07299
v 0.77536 0.45414 -0.07308
v 0.9281 0.45414 -0.12867
v 0.92813 0.17606 -0.12858
v 0.94692 0.17606 -0.13542
v 0.94689 0.45414 -0.13551
v 1.09963 0.45414 -0.19111
v 1.09966 0.17606 -0.19102
v 0.94669 2.1539 -0.13607
v 0.94666 2.43942 -0.13616
v 1.09939 2.43942 -0.19175
v 1.09943 2.1539 -0.19166
v 0.77516 2.1539 -0.07363
v 0.77512 2.43942 -0.07373
v 0.92786 2.43942 -0.12932
v 0.9279 2.1539 -0.12922
v 0.94689 0.47956 -0.13552
v 0.94686 0.75763 -0.13561
v 1.09959 0.75763 -0.1912
v 1.09963 0.47956 -0.19111
v 0.77536 0.47956 -0.07309
v 0.77532 0.75763 -0.07318
v 0.92806 0.75763 -0.12877
v 0.92809 0.47956 -0.12868
v 1.11842 0.47956 -0.19795
v 1.11839 0.75763 -0.19804
v 1.27112 0.75763 -0.25364
v 1.27116 0.47956 -0.25355
v 1.11822 2.1539 -0.1985
v 1.11819 2.43942 -0.19859
v 1.27093 2.43942 -0.25418
v 1.27096 2.1539 -0.25409
v 1.11116 1.84295 -0.21791
v 1.26389 1.84295 -0.2735
v 1.26386 2.12847 -0.27359
v 1.11112 2.12847 -0.218
v 1.11119 1.53201 -0.21781
v 1.26393 1.53201 -0.2734
v 1.2639 1.81753 -0.27349
v 1.11116 1.81753 -0.2179
v 1.11123 1.22107 -0.21771
v 1.26397 1.22107 -0.2733
v 1.26393 1.50659 -0.27339
v 1.1112 1.50659 -0.2178
v 1.11127 0.91013 -0.2176
v 1.264 0.91013 -0.2732
v 1.26397 1.19565 -0.27329
v 1.11123 1.19565 -0.2177
v 0.76809 1.84295 -0.09304
v 0.92083 1.84295 -0.14863
v 0.9208 2.12847 -0.14873
v 0.76806 2.12847 -0.09314
v 0.76813 1.53201 -0.09294
v 0.92087 1.53201 -0.14853
v 0.92083 1.81753 -0.14863
v 0.7681 1.81753 -0.09303
v 0.76817 1.22107 -0.09284
v 0.9209 1.22107 -0.14843
v 0.92087 1.50659 -0.14853
v 0.76813 1.50659 -0.09293
v 0.7682 0.91013 -0.09274
v 0.92094 0.91013 -0.14833
v 0.92091 1.19565 -0.14842
v 0.76817 1.19565 -0.09283
v 0.93963 1.84295 -0.15548
v 1.09236 1.84295 -0.21107
v 1.09233 2.12847 -0.21116
v 0.93959 2.12847 -0.15557
v 0.93966 1.53201 -0.15537
v 1.0924 1.53201 -0.21097
v 1.09237 1.81753 -0.21106
v 0.93963 1.81753 -0.15547
v 0.9397 1.22107 -0.15527
v 1.09244 1.22107 -0.21087
v 1.0924 1.50659 -0.21096
v 0.93967 1.50659 -0.15537
v 0.93974 0.91013 -0.15517
v 1.09247 0.91013 -0.21076
v 1.09244 1.19565 -0.21086
v 0.9397 1.19565 -0.15526
v 1.11135 0.17606 -0.21737
v 1.26409 0.17606 -0.27296
v 1.26406 0.45413 -0.27305
v 1.11132 0.45413 -0.21746
v 0.76829 0.17606 -0.0925
v 0.92103 0.17606 -0.14809
v 0.921 0.45413 -0.14818
v 0.76826 0.45413 -0.09259
v 0.93982 0.17606 -0.15493
v 1.09256 0.17606 -0.21053
v 1.09253 0.45413 -0.21062
v 0.93979 0.45413 -0.15502
v 0.93959 2.15389 -0.15558
v 1.09233 2.15389 -0.21117
v 1.09229 2.43941 -0.21126
v 0.93955 2.43941 -0.15567
v 0.76806 2.15389 -0.09314
v 0.92079 2.15389 -0.14874
v 0.92076 2.43941 -0.14883
v 0.76802 2.43941 -0.09324
v 0.93979 0.47955 -0.15503
v 1.09252 0.47955 -0.21062
v 1.09249 0.75763 -0.21071
v 0.93975 0.75763 -0.15512
v 0.76825 0.47955 -0.0926
v 0.92099 0.47955 -0.14819
v 0.92096 0.75763 -0.14828
v 0.76822 0.75763 -0.09269
v 1.11132 0.47955 -0.21746
v 1.26406 0.47955 -0.27306
v 1.26402 0.75763 -0.27315
v 1.11129 0.75763 -0.21756
v 1.11112 2.15389 -0.21801
v 1.26386 2.15389 -0.2736
v 1.26382 2.43941 -0.27369
v 1.11109 2.43941 -0.2181
v 1.11822 2.12848 -0.19849
v 1.26751 2.12848 -0.26357
v 1.27096 2.12848 -0.25408
v 1.11477 2.12848 -0.20798
v 1.26386 2.12847 -0.27359
v 1.11112 2.12847 -0.218
v 1.11826 1.84296 -0.1984
v 1.11477 2.12848 -0.20798
v 1.11822 2.12848 -0.19849
v 1.11477 1.84295 -0.20798
v 1.11112 2.12847 -0.218
v 1.11116 1.84295 -0.21791
v 1.271 1.84296 -0.25399
v 1.11477 1.84295 -0.20798
v 1.11826 1.84296 -0.1984
v 1.26751 1.84295 -0.26357
v 1.11116 1.84295 -0.21791
v 1.26389 1.84295 -0.2735
v 1.27096 2.12848 -0.25408
v 1.26751 1.84295 -0.26357
v 1.271 1.84296 -0.25399
v 1.26751 2.12848 -0.26357
v 1.26389 1.84295 -0.2735
v 1.26386 2.12847 -0.27359
v 1.11826 1.81754 -0.19839
v 1.26751 1.81754 -0.26357
v 1.271 1.81754 -0.25398
v 1.11477 1.81754 -0.20798
v 1.2639 1.81753 -0.27349
v 1.11116 1.81753 -0.2179
v 1.1183 1.53202 -0.1983
v 1.11477 1.81754 -0.20798
v 1.11826 1.81754 -0.19839
v 1.11477 1.53201 -0.20798
v 1.11116 1.81753 -0.2179
v 1.11119 1.53201 -0.21781
v 1.27103 1.53202 -0.25389
v 1.11477 1.53201 -0.20798
v 1.1183 1.53202 -0.1983
v 1.26751 1.53201 -0.26357
v 1.11119 1.53201 -0.21781
v 1.26393 1.53201 -0.2734
v 1.271 1.81754 -0.25398
v 1.26751 1.53201 -0.26357
v 1.27103 1.53202 -0.25389
v 1.26751 1.81754 -0.26357
v 1.26393 1.53201 -0.2734
v 1.2639 1.81753 -0.27349
v 1.1183 1.5066 -0.19829
v 1.26751 1.5066 -0.26357
v 1.27104 1.5066 -0.25388
v 1.11477 1.5066 -0.20798
v 1.26393 1.50659 -0.27339
v 1.1112 1.50659 -0.2178
v 1.11833 1.22108 -0.19819
v 1.11477 1.5066 -0.20798
v 1.1183 1.5066 -0.19829
v 1.11477 1.22108 -0.20798
v 1.1112 1.50659 -0.2178
v 1.11123 1.22107 -0.21771
v 1.27107 1.22108 -0.25379
v 1.11477 1.22108 -0.20798
v 1.11833 1.22108 -0.19819
v 1.26751 1.22108 -0.26357
v 1.11123 1.22107 -0.21771
v 1.26397 1.22107 -0.2733
v 1.27104 1.5066 -0.25388
v 1.26751 1.22108 -0.26357
v 1.27107 1.22108 -0.25379
v 1.26751 1.5066 -0.26357
v 1.26397 1.22107 -0.2733
v 1.26393 1.50659 -0.27339
v 1.11834 1.19566 -0.19819
v 1.26751 1.19566 -0.26357
v 1.27107 1.19566 -0.25378
v 1.11477 1.19566 -0.20798
v 1.26397 1.19565 -0.27329
v 1.11123 1.19565 -0.2177
v 1.11837 0.91014 -0.19809
v 1.11477 1.19566 -0.20798
v 1.11834 1.19566 -0.19819
v 1.11477 0.91014 -0.20798
v 1.11123 1.19565 -0.2177
v 1.11127 0.91013 -0.2176
v 1.27111 0.91014 -0.25369
v 1.11477 0.91014 -0.20798
v 1.11837 0.91014 -0.19809
v 1.26751 0.91014 -0.26357
v 1.11127 0.91013 -0.2176
v 1.264 0.91013 -0.2732
v 1.27107 1.19566 -0.25378
v 1.26751 0.91014 -0.26357
v 1.27111 0.91014 -0.25369
v 1.26751 1.19566 -0.26357
v 1.264 0.91013 -0.2732
v 1.26397 1.19565 -0.27329
v 0.77516 2.12848 -0.07362
v 0.92445 2.12848 -0.13871
v 0.9279 2.12848 -0.12922
v 0.77171 2.12848 -0.08311
v 0.9208 2.12847 -0.14873
v 0.76806 2.12847 -0.09314
v 0.7752 1.84296 -0.07353
v 0.77171 2.12848 -0.08311
v 0.77516 2.12848 -0.07362
v 0.77171 1.84295 -0.08311
v 0.76806 2.12847 -0.09314
v 0.76809 1.84295 -0.09304
v 0.92793 1.84296 -0.12912
v 0.77171 1.84295 -0.08311
v 0.7752 1.84296 -0.07353
v 0.92445 1.84295 -0.13871
v 0.76809 1.84295 -0.09304
v 0.92083 1.84295 -0.14863
v 0.9279 2.12848 -0.12922
v 0.92445 1.84295 -0.13871
v 0.92793 1.84296 -0.12912
v 0.92445 2.12848 -0.13871
v 0.92083 1.84295 -0.14863
v 0.9208 2.12847 -0.14873
v 0.7752 1.81754 -0.07352
v 0.92445 1.81754 -0.13871
v 0.92794 1.81754 -0.12912
v 0.77171 1.81754 -0.08311
v 0.92083 1.81753 -0.14863
v 0.7681 1.81753 -0.09303
v 0.77523 1.53202 -0.07343
v 0.77171 1.81754 -0.08311
v 0.7752 1.81754 -0.07352
v 0.77171 1.53201 -0.08311
v 0.7681 1.81753 -0.09303
v 0.76813 1.53201 -0.09294
v 0.92797 1.53202 -0.12902
v 0.77171 1.53201 -0.08311
v 0.77523 1.53202 -0.07343
v 0.92445 1.53201 -0.13871
v 0.76813 1.53201 -0.09294
v 0.92087 1.53201 -0.14853
v 0.92794 1.81754 -0.12912
v 0.92445 1.53201 -0.13871
v 0.92797 1.53202 -0.12902
v 0.92445 1.81754 -0.13871
v 0.92087 1.53201 -0.14853
v 0.92083 1.81753 -0.14863
v 0.77523 1.5066 -0.07342
v 0.92445 1.5066 -0.13871
v 0.92797 1.5066 -0.12901
v 0.77171 1.5066 -0.08311
v 0.92087 1.50659 -0.14853
v 0.76813 1.50659 -0.09293
v 0.77527 1.22108 -0.07333
v 0.77171 1.5066 -0.08311
v 0.77523 1.5066 -0.07342
v 0.77171 1.22108 -0.08311
v 0.76813 1.50659 -0.09293
v 0.76817 1.22107 -0.09284
v 0.92801 1.22108 -0.12892
v 0.77171 1.22108 -0.08311
v 0.77527 1.22108 -0.07333
v 0.92445 1.22108 -0.13871
v 0.76817 1.22107 -0.09284
v 0.9209 1.22107 -0.14843
v 0.92797 1.5066 -0.12901
v 0.92445 1.22108 -0.13871
v 0.92801 1.22108 -0.12892
v 0.92445 1.5066 -0.13871
v 0.9209 1.22107 -0.14843
v 0.92087 1.50659 -0.14853
v 0.77527 1.19566 -0.07332
v 0.92445 1.19566 -0.13871
v 0.92801 1.19566 -0.12891
v 0.77171 1.19566 -0.08311
v 0.92091 1.19565 -0.14842
v 0.76817 1.19565 -0.09283
v 0.77531 0.91014 -0.07323
v 0.77171 1.19566 -0.08311
v 0.77527 1.19566 -0.07332
v 0.77171 0.91014 -0.08311
v 0.76817 1.19565 -0.09283
v 0.7682 0.91013 -0.09274
v 0.92804 0.91014 -0.12882
v 0.77171 0.91014 -0.08311
v 0.77531 0.91014 -0.07323
v 0.92445 0.91014 -0.13871
v 0.7682 0.91013 -0.09274
v 0.92094 0.91013 -0.14833
v 0.92801 1.19566 -0.12891
v 0.92445 0.91014 -0.13871
v 0.92804 0.91014 -0.12882
v 0.92445 1.19566 -0.13871
v 0.92094 0.91013 -0.14833
v 0.92091 1.19565 -0.14842
v 0.94669 2.12848 -0.13606
v 1.09598 2.12848 -0.20114
v 1.09943 2.12848 -0.19165
v 0.94324 2.12848 -0.14555
v 1.09233 2.12847 -0.21116
v 0.93959 2.12847 -0.15557
v 0.94673 1.84296 -0.13596
v 0.94324 2.12848 -0.14555
v 0.94669 2.12848 -0.13606
v 0.94324 1.84295 -0.14555
v 0.93959 2.12847 -0.15557
v 0.93963 1.84295 -0.15548
v 1.09946 1.84296 -0.19156
v 0.94324 1.84295 -0.14555
v 0.94673 1.84296 -0.13596
v 1.09598 1.84295 -0.20114
v 0.93963 1.84295 -0.15548
v 1.09236 1.84295 -0.21107
v 1.09943 2.12848 -0.19165
v 1.09598 1.84295 -0.20114
v 1.09946 1.84296 -0.19156
v 1.09598 2.12848 -0.20114
v 1.09236 1.84295 -0.21107
v 1.09233 2.12847 -0.21116
v 0.94673 1.81754 -0.13596
v 1.09598 1.81754 -0.20114
v 1.09947 1.81754 -0.19155
v 0.94324 1.81754 -0.14555
v 1.09237 1.81753 -0.21106
v 0.93963 1.81753 -0.15547
v 0.94676 1.53202 -0.13586
v 0.94324 1.81754 -0.14555
v 0.94673 1.81754 -0.13596
v 0.94324 1.53201 -0.14555
v 0.93963 1.81753 -0.15547
v 0.93966 1.53201 -0.15537
v 1.0995 1.53202 -0.19146
v 0.94324 1.53201 -0.14555
v 0.94676 1.53202 -0.13586
v 1.09598 1.53201 -0.20114
v 0.93966 1.53201 -0.15537
v 1.0924 1.53201 -0.21097
v 1.09947 1.81754 -0.19155
v 1.09598 1.53201 -0.20114
v 1.0995 1.53202 -0.19146
v 1.09598 1.81754 -0.20114
v 1.0924 1.53201 -0.21097
v 1.09237 1.81753 -0.21106
v 0.94677 1.5066 -0.13585
v 1.09598 1.5066 -0.20114
v 1.0995 1.5066 -0.19145
v 0.94324 1.5066 -0.14555
v 1.0924 1.50659 -0.21096
v 0.93967 1.50659 -0.15537
v 0.9468 1.22108 -0.13576
v 0.94324 1.5066 -0.14555
v 0.94677 1.5066 -0.13585
v 0.94324 1.22108 -0.14555
v 0.93967 1.50659 -0.15537
v 0.9397 1.22107 -0.15527
v 1.09954 1.22108 -0.19135
v 0.94324 1.22108 -0.14555
v 0.9468 1.22108 -0.13576
v 1.09598 1.22108 -0.20114
v 0.9397 1.22107 -0.15527
v 1.09244 1.22107 -0.21087
v 1.0995 1.5066 -0.19145
v 1.09598 1.22108 -0.20114
v 1.09954 1.22108 -0.19135
v 1.09598 1.5066 -0.20114
v 1.09244 1.22107 -0.21087
v 1.0924 1.50659 -0.21096
v 0.9468 1.19566 -0.13575
v 1.09598 1.19566 -0.20114
v 1.09954 1.19566 -0.19135
v 0.94324 1.19566 -0.14555
v 1.09244 1.19565 -0.21086
v 0.9397 1.19565 -0.15526
v 0.94684 0.91014 -0.13566
v 0.94324 1.19566 -0.14555
v 0.9468 1.19566 -0.13575
v 0.94324 0.91014 -0.14555
v 0.9397 1.19565 -0.15526
v 0.93974 0.91013 -0.15517
v 1.09957 0.91014 -0.19125
v 0.94324 0.91014 -0.14555
v 0.94684 0.91014 -0.13566
v 1.09598 0.91014 -0.20114
v 0.93974 0.91013 -0.15517
v 1.09247 0.91013 -0.21076
v 1.09954 1.19566 -0.19135
v 1.09598 0.91014 -0.20114
v 1.09957 0.91014 -0.19125
v 1.09598 1.19566 -0.20114
v 1.09247 0.91013 -0.21076
v 1.09244 1.19565 -0.21086
v 1.11842 0.45414 -0.19795
v 1.26751 0.45414 -0.26357
v 1.27116 0.45414 -0.25354
v 1.11477 0.45414 -0.20798
v 1.26406 0.45413 -0.27305
v 1.11132 0.45413 -0.21746
v 1.11846 0.17606 -0.19786
v 1.11477 0.45414 -0.20798
v 1.11842 0.45414 -0.19795
v 1.11477 0.17606 -0.20798
v 1.11132 0.45413 -0.21746
v 1.11135 0.17606 -0.21737
v 1.27119 0.17606 -0.25345
v 1.11477 0.17606 -0.20798
v 1.11846 0.17606 -0.19786
v 1.26751 0.17606 -0.26357
v 1.11135 0.17606 -0.21737
v 1.26409 0.17606 -0.27296
v 1.27116 0.45414 -0.25354
v 1.26751 0.17606 -0.26357
v 1.27119 0.17606 -0.25345
v 1.26751 0.45414 -0.26357
v 1.26409 0.17606 -0.27296
v 1.26406 0.45413 -0.27305
v 0.77536 0.45414 -0.07308
v 0.92445 0.45414 -0.13871
v 0.9281 0.45414 -0.12867
v 0.77171 0.45414 -0.08311
v 0.921 0.45413 -0.14818
v 0.76826 0.45413 -0.09259
v 0.77539 0.17606 -0.07299
v 0.77171 0.45414 -0.08311
v 0.77536 0.45414 -0.07308
v 0.77171 0.17606 -0.08311
v 0.76826 0.45413 -0.09259
v 0.76829 0.17606 -0.0925
v 0.92813 0.17606 -0.12858
v 0.77171 0.17606 -0.08311
v 0.77539 0.17606 -0.07299
v 0.92445 0.17606 -0.13871
v 0.76829 0.17606 -0.0925
v 0.92103 0.17606 -0.14809
v 0.9281 0.45414 -0.12867
v 0.92445 0.17606 -0.13871
v 0.92813 0.17606 -0.12858
v 0.92445 0.45414 -0.13871
v 0.92103 0.17606 -0.14809
v 0.921 0.45413 -0.14818
v 0.94689 0.45414 -0.13551
v 1.09598 0.45414 -0.20114
v 1.09963 0.45414 -0.19111
v 0.94324 0.45414 -0.14555
v 1.09253 0.45413 -0.21062
v 0.93979 0.45413 -0.15502
v 0.94692 0.17606 -0.13542
v 0.94324 0.45414 -0.14555
v 0.94689 0.45414 -0.13551
v 0.94324 0.17606 -0.14555
v 0.93979 0.45413 -0.15502
v 0.93982 0.17606 -0.15493
v 1.09966 0.17606 -0.19102
v 0.94324 0.17606 -0.14555
v 0.94692 0.17606 -0.13542
v 1.09598 0.17606 -0.20114
v 0.93982 0.17606 -0.15493
v 1.09256 0.17606 -0.21053
v 1.09963 0.45414 -0.19111
v 1.09598 0.17606 -0.20114
v 1.09966 0.17606 -0.19102
v 1.09598 0.45414 -0.20114
v 1.09256 0.17606 -0.21053
v 1.09253 0.45413 -0.21062
v 0.94666 2.43942 -0.13616
v 1.09598 2.43942 -0.20114
v 1.09939 2.43942 -0.19175
v 0.94324 2.43942 -0.14555
v 1.09229 2.43941 -0.21126
v 0.93955 2.43941 -0.15567
v 0.94669 2.1539 -0.13607
v 0.94324 2.43942 -0.14555
v 0.94666 2.43942 -0.13616
v 0.94324 2.15389 -0.14555
v 0.93955 2.43941 -0.15567
v 0.93959 2.15389 -0.15558
v 1.09943 2.1539 -0.19166
v 0.94324 2.15389 -0.14555
v 0.94669 2.1539 -0.13607
v 1.09598 2.15389 -0.20114
v 0.93959 2.15389 -0.15558
v 1.09233 2.15389 -0.21117
v 1.09939 2.43942 -0.19175
v 1.09598 2.15389 -0.20114
v 1.09943 2.1539 -0.19166
v 1.09598 2.43942 -0.20114
v 1.09233 2.15389 -0.21117
v 1.09229 2.43941 -0.21126
v 0.77512 2.43942 -0.07373
v 0.92445 2.43942 -0.13871
v 0.92786 2.43942 -0.12932
v 0.77171 2.43942 -0.08311
v 0.92076 2.43941 -0.14883
v 0.76802 2.43941 -0.09324
v 0.77516 2.1539 -0.07363
v 0.77171 2.43942 -0.08311
v 0.77512 2.43942 -0.07373
v 0.77171 2.15389 -0.08311
v 0.76802 2.43941 -0.09324
v 0.76806 2.15389 -0.09314
v 0.9279 2.1539 -0.12922
v 0.77171 2.15389 -0.08311
v 0.77516 2.1539 -0.07363
v 0.92445 2.15389 -0.13871
v 0.76806 2.15389 -0.09314
v 0.92079 2.15389 -0.14874
v 0.92786 2.43942 -0.12932
v 0.92445 2.15389 -0.13871
v 0.9279 2.1539 -0.12922
v 0.92445 2.43942 -0.13871
v 0.92079 2.15389 -0.14874
v 0.92076 2.43941 -0.14883
v 0.94686 0.75763 -0.13561
v 1.09598 0.75763 -0.20114
v 1.09959 0.75763 -0.1912
v 0.94324 0.75763 -0.14555
v 1.09249 0.75763 -0.21071
v 0.93975 0.75763 -0.15512
v 0.94689 0.47956 -0.13552
v 0.94324 0.75763 -0.14555
v 0.94686 0.75763 -0.13561
v 0.94324 0.47955 -0.14555
v 0.93975 0.75763 -0.15512
v 0.93979 0.47955 -0.15503
v 1.09963 0.47956 -0.19111
v 0.94324 0.47955 -0.14555
v 0.94689 0.47956 -0.13552
v 1.09598 0.47955 -0.20114
v 0.93979 0.47955 -0.15503
v 1.09252 0.47955 -0.21062
v 1.09959 0.75763 -0.1912
v 1.09598 0.47955 -0.20114
v 1.09963 0.47956 -0.19111
v 1.09598 0.75763 -0.20114
v 1.09252 0.47955 -0.21062
v 1.09249 0.75763 -0.21071
v 0.77532 0.75763 -0.07318
v 0.92445 0.75763 -0.13871
v 0.92806 0.75763 -0.12877
v 0.77171 0.75763 -0.08311
v 0.92096 0.75763 -0.14828
v 0.76822 0.75763 -0.09269
v 0.77536 0.47956 -0.07309
v 0.77171 0.75763 -0.08311
v 0.77532 0.75763 -0.07318
v 0.77171 0.47955 -0.08311
v 0.76822 0.75763 -0.09269
v 0.76825 0.47955 -0.0926
v 0.92809 0.47956 -0.12868
v 0.77171 0.47955 -0.08311
v 0.77536 0.47956 -0.07309
v 0.92445 0.47955 -0.13871
v 0.76825 0.47955 -0.0926
v 0.92099 0.47955 -0.14819
v 0.92806 0.75763 -0.12877
v 0.92445 0.47955 -0.13871
v 0.92809 0.47956 -0.12868
v 0.92445 0.75763 -0.13871
v 0.92099 0.47955 -0.14819
v 0.92096 0.75763 -0.14828
v 1.11839 0.75763 -0.19804
v 1.26751 0.75763 -0.26357
v 1.27112 0.75763 -0.25364
v 1.11477 0.75763 -0.20798
v 1.26402 0.75763 -0.27315
v 1.11129 0.75763 -0.21756
v 1.11842 0.47956 -0.19795
v 1.11477 0.75763 -0.20798
v 1.11839 0.75763 -0.19804
v 1.11477 0.47955 -0.20798
v 1.11129 0.75763 -0.21756
v 1.11132 0.47955 -0.21746
v 1.27116 0.47956 -0.25355
v 1.11477 0.47955 -0.20798
v 1.11842 0.47956 -0.19795
v 1.26751 0.47955 -0.26357
v 1.11132 0.47955 -0.21746
v 1.26406 0.47955 -0.27306
v 1.27112 0.75763 -0.25364
v 1.26751 0.47955 -0.26357
v 1.27116 0.47956 -0.25355
v 1.26751 0.75763 -0.26357
v 1.26406 0.47955 -0.27306
v 1.26402 0.75763 -0.27315
v 1.11819 2.43942 -0.19859
v 1.26751 2.43942 -0.26357
v 1.27093 2.43942 -0.25418
v 1.11477 2.43942 -0.20798
v 1.26382 2.43941 -0.27369
v 1.11109 2.43941 -0.2181
v 1.11822 2.1539 -0.1985
v 1.11477 2.43942 -0.20798
v 1.11819 2.43942 -0.19859
v 1.11477 2.15389 -0.20798
v 1.11109 2.43941 -0.2181
v 1.11112 2.15389 -0.21801
v 1.27096 2.1539 -0.25409
v 1.11477 2.15389 -0.20798
v 1.11822 2.1539 -0.1985
v 1.26751 2.15389 -0.26357
v 1.11112 2.15389 -0.21801
v 1.26386 2.15389 -0.2736
v 1.27093 2.43942 -0.25418
v 1.26751 2.15389 -0.26357
v 1.27096 2.1539 -0.25409
v 1.26751 2.43942 -0.26357
v 1.26386 2.15389 -0.2736
v 1.26382 2.43941 -0.27369
vn 1.21707 1.307933 0.3691885
vn 1.21707 1.307933 0.3691885
vn 1.21707 1.307933 0.3691885
vn 1.21707 1.307933 0.3691885
vn 1.21707 1.307933 0.3691885
vn 1.21707 1.307933 0.3691885
vn 1.21707 1.307933 0.3691885
vn 1.21707 1.307933 0.3691885
vn 1.21707 1.307933 0.3691885
vn 1.21707 1.307933 0.3691885
vn 1.21707 1.307933 0.3691885
vn 1.21707 1.307933 0.3691885
vn 1.21707 1.307933 0.3691885
vn 1.21707 1.307933 0.3691885
vn 1.21707 1.307933 0.3691885
vn 1.21707 1.307933 0.3691885
vn 1.21707 1.307933 0.3691885
vn 1.21707 1.307933 0.3691885
vn 1.21707 1.307933 0.3691885
vn 1.21707 1.307933 0.3691885
vn 1.21707 1.307933 0.3691885
vn 1.21707 1.307933 0.3691885
vn 1.21707 1.307933 0.3691885
vn 1.21707 1.307933 0.3691885
vn 1.21707 1.307933 0.3691885
vn 1.21707 1.307933 0.3691885
vn 1.21707 1.307933 0.3691885
vn 1.21707 1.307933 0.3691885
vn 1.21707 1.307933 0.3691885
vn 1.21707 1.307933 0.3691885
vn 1.21707 1.307933 0.3691885
vn 1.21707 1.307933 0.3691885
vn 1.21707 1.307933 0.3691885
vn 1.21707 1.307933 0.3691885
vn 1.21707 1.307933 0.3691885
vn 1.21707 1.307933 0.3691885
vn 1.21707 1.307933 0.3691885
vn 1.21707 1.307933 0.3691885
vn 1.21707 1.307933 0.3691885
vn 1.21707 1.307933 0.3691885
vn 1.21707 1.307933 0.3691885
vn 1.21707 1.307933 0.3691885
vn 1.21707 1.307933 0.3691885
vn 1.21707 1.307933 0.3691885
vn 1.21707 1.307933 0.3691885
vn 1.21707 1.307933 0.3691885
vn 1.21707 1.307933 0.3691885
vn 1.21707 1.307933 0.3691885
vn 1.21707 1.307933 0.3691885
vn 1.21707 1.307933 0.3691885
vn 1.21707 1.307933 0.3691885
vn 1.21707 1.307933 0.3691885
vn 1.21707 1.307933 0.3691885
vn 1.21707 1.307933 0.3691885
vn 1.21707 1.307933 0.3691885
vn 1.21707 1.307933 0.3691885
vn 1.21707 1.307933 0.3691885
vn 1.21707 1.307933 0.3691885
vn 1.21707 1.307933 0.3691885
vn 1.21707 1.307933 0.3691885
vn 1.21707 1.307933 0.3691885
vn 1.21707 1.307933 0.3691885
vn 1.21707 1.307933 0.3691885
vn 1.21707 1.307933 0.3691885
vn 1.21707 1.307933 0.3691885
vn 1.21707 1.307933 0.3691885
vn 1.21707 1.307933 0.3691885
vn 1.21707 1.307933 0.3691885
vn 1.21707 1.307933 0.3691885
vn 1.21707 1.307933 0.3691885
vn 1.21707 1.307933 0.3691885
vn 1.21707 1.307933 0.3691885
vn 1.21707 1.307933 0.3691885
vn 1.21707 1.307933 0.3691885
vn 1.21707 1.307933 0.3691885
vn 1.21707 1.307933 0.3691885
vn 1.21707 1.307933 0.3691885
vn 1.21707 1.307933 0.3691885
vn 1.21707 1.307933 0.3691885
vn 1.21707 1.307933 0.3691885
vn 1.21707 1.307933 0.3691885
vn 1.21707 1.307933 0.3691885
vn 1.21707 1.307933 0.3691885
vn 1.21707 1.307933 0.3691885
vn 0.8221363 1.307534 -0.7158821
vn 0.8221363 1.307534 -0.7158821
vn 0.8221363 1.307534 -0.7158821
vn 0.8221363 1.307534 -0.7158821
vn 0.8221363 1.307534 -0.7158821
vn 0.8221363 1.307534 -0.7158821
vn 0.8221363 1.307534 -0.7158821
vn 0.8221363 1.307534 -0.7158821
vn 0.8221363 1.307534 -0.7158821
vn 0.8221363 1.307534 -0.7158821
vn 0.8221363 1.307534 -0.7158821
vn 0.8221363 1.307534 -0.7158821
vn 0.8221363 1.307534 -0.7158821
vn 0.8221363 1.307534 -0.7158821
vn 0.8221363 1.307534 -0.7158821
vn 0.8221363 1.307534 -0.7158821
vn 0.8221363 1.307534 -0.7158821
vn 0.8221363 1.307534 -0.7158821
vn 0.8221363 1.307534 -0.7158821
vn 0.8221363 1.307534 -0.7158821
vn 0.8221363 1.307534 -0.7158821
vn 0.8221363 1.307534 -0.7158821
vn 0.8221363 1.307534 -0.7158821
vn 0.8221363 1.307534 -0.7158821
vn 0.8221363 1.307534 -0.7158821
vn 0.8221363 1.307534 -0.7158821
vn 0.8221363 1.307534 -0.7158821
vn 0.8221363 1.307534 -0.7158821
vn 0.8221363 1.307534 -0.7158821
vn 0.8221363 1.307534 -0.7158821
vn 0.8221363 1.307534 -0.7158821
vn 0.8221363 1.307534 -0.7158821
vn 0.8221363 1.307534 -0.7158821
vn 0.8221363 1.307534 -0.7158821
vn 0.8221363 1.307534 -0.7158821
vn 0.8221363 1.307534 -0.7158821
vn 0.8221363 1.307534 -0.7158821
vn 0.8221363 1.307534 -0.7158821
vn 0.8221363 1.307534 -0.7158821
vn 0.8221363 1.307534 -0.7158821
vn 0.8221363 1.307534 -0.7158821
vn 0.8221363 1.307534 -0.7158821
vn 0.8221363 1.307534 -0.7158821
vn 0.8221363 1.307534 -0.7158821
vn 0.8221363 1.307534 -0.7158821
vn 0.8221363 1.307534 -0.7158821
vn 0.8221363 1.307534 -0.7158821
vn 0.8221363 1.307534 -0.7158821
vn 0.8221363 1.307534 -0.7158821
vn 0.8221363 1.307534 -0.7158821
vn 0.8221363 1.307534 -0.7158821
vn 0.8221363 1.307534 -0.7158821
vn 0.8221363 1.307534 -0.7158821
vn 0.8221363 1.307534 -0.7158821
vn 0.8221363 1.307534 -0.7158821
vn 0.8221363 1.307534 -0.7158821
vn 0.8221363 1.307534 -0.7158821
vn 0.8221363 1.307534 -0.7158821
vn 0.8221363 1.307534 -0.7158821
vn 0.8221363 1.307534 -0.7158821
vn 0.8221363 1.307534 -0.7158821
vn 0.8221363 1.307534 -0.7158821
vn 0.8221363 1.307534 -0.7158821
vn 0.8221363 1.307534 -0.7158821
vn 0.8221363 1.307534 -0.7158821
vn 0.8221363 1.307534 -0.7158821
vn 0.8221363 1.307534 -0.7158821
vn 0.8221363 1.307534 -0.7158821
vn 0.8221363 1.307534 -0.7158821
vn 0.8221363 1.307534 -0.7158821
vn 0.8221363 1.307534 -0.7158821
vn 0.8221363 1.307534 -0.7158821
vn 0.8221363 1.307534 -0.7158821
vn 0.8221363 1.307534 -0.7158821
vn 0.8221363 1.307534 -0.7158821
vn 0.8221363 1.307534 -0.7158821
vn 0.8221363 1.307534 -0.7158821
vn 0.8221363 1.307534 -0.7158821
vn 0.8221363 1.307534 -0.7158821
vn 0.8221363 1.307534 -0.7158821
vn 0.8221363 1.307534 -0.7158821
vn 0.8221363 1.307534 -0.7158821
vn 0.8221363 1.307534 -0.7158821
vn 0.8221363 1.307534 -0.7158821
vn 1.019533 1.885076 -0.1735404
vn 1.019536 1.885076 -0.1735312
vn 1.019533 1.885076 -0.1735404
vn 1.019536 1.885076 -0.1735312
vn 1.019539 1.885076 -0.1735225
vn 1.019539 1.885076 -0.1735225
vn 0.4770676 1.307733 0.02411996
vn 0.4770676 1.307733 0.02411996
vn 0.4770676 1.307733 0.02411996
vn 0.4770676 1.307733 0.02411996
vn 0.4770676 1.307733 0.02411996
vn 0.4770676 1.307733 0.02411996
vn 1.019673 0.73039 -0.1731551
vn 1.019672 0.73039 -0.1731585
vn 1.019673 0.73039 -0.1731551
vn 1.019672 0.73039 -0.1731585
vn 1.01967 0.73039 -0.1731618
vn 1.01967 0.73039 -0.1731618
vn 1.562138 1.307733 -0.3708136
vn 1.562138 1.307733 -0.3708136
vn 1.562138 1.307733 -0.3708136
vn 1.562138 1.307733 -0.3708136
vn 1.562138 1.307733 -0.3708136
vn 1.562138 1.307733 -0.3708136
vn 1.019536 1.885076 -0.1735304
vn 1.019534 1.885076 -0.1735351
vn 1.019536 1.885076 -0.1735304
vn 1.019534 1.885076 -0.1735351
vn 1.019533 1.885076 -0.1735397
vn 1.019533 1.885076 -0.1735397
vn 0.4770676 1.307733 0.02411996
vn 0.4770676 1.307733 0.02411996
vn 0.4770676 1.307733 0.02411996
vn 0.4770676 1.307733 0.02411996
vn 0.4770676 1.307733 0.02411996
vn 0.4770676 1.307733 0.02411996
vn 1.019669 0.73039 -0.173165
vn 1.019672 0.73039 -0.1731585
vn 1.019669 0.73039 -0.173165
vn 1.019672 0.73039 -0.1731585
vn 1.019674 0.73039 -0.1731521
vn 1.019674 0.73039 -0.1731521
vn 1.562138 1.307733 -0.3708136
vn 1.562138 1.307733 -0.3708136
vn 1.562138 1.307733 -0.3708136
vn 1.562138 1.307733 -0.3708136
vn 1.562138 1.307733 -0.3708136
vn 1.562138 1.307733 -0.3708136
vn 1.019537 1.885076 -0.1735285
vn 1.019536 1.885076 -0.1735312
vn 1.019537 1.885076 -0.1735285
vn 1.019536 1.885076 -0.1735312
vn 1.019535 1.885076 -0.1735339
vn 1.019535 1.885076 -0.1735339
vn 0.4770676 1.307733 0.02411996
vn 0.4770676 1.307733 0.02411996
vn 0.4770676 1.307733 0.02411996
vn 0.4770676 1.307733 0.02411996
vn 0.4770676 1.307733 0.02411996
vn 0.4770676 1.307733 0.02411996
vn 1.01967 0.73039 -0.173163
vn 1.01967 0.73039 -0.1731624
vn 1.01967 0.73039 -0.173163
vn 1.01967 0.73039 -0.1731624
vn 1.01967 0.73039 -0.1731619
vn 1.01967 0.73039 -0.1731619
vn 1.562138 1.307733 -0.3708136
vn 1.562138 1.307733 -0.3708136
vn 1.562138 1.307733 -0.3708136
vn 1.562138 1.307733 -0.3708136
vn 1.562138 1.307733 -0.3708136
vn 1.562138 1.307733 -0.3708136
vn 1.019533 1.885076 -0.1735384
vn 1.019534 1.885076 -0.1735371
vn 1.019533 1.885076 -0.1735384
vn 1.019534 1.885076 -0.1735371
vn 1.019534 1.885076 -0.1735359
vn 1.019534 1.885076 -0.1735359
vn 0.4770676 1.307733 0.02411996
vn 0.4770676 1.307733 0.02411996
vn 0.4770676 1.307733 0.02411996
vn 0.4770676 1.307733 0.02411996
vn 0.4770676 1.307733 0.02411996
vn 0.4770676 1.307733 0.02411996
vn 1.019671 0.73039 -0.173161
vn 1.019672 0.73039 -0.1731585
vn 1.019671 0.73039 -0.173161
vn 1.019672 0.73039 -0.1731585
vn 1.019673 0.73039 -0.173156
vn 1.019673 0.73039 -0.173156
vn 1.562138 1.307733 -0.3708136
vn 1.562138 1.307733 -0.3708136
vn 1.562138 1.307733 -0.3708136
vn 1.562138 1.307733 -0.3708136
vn 1.562138 1.307734 -0.3708136
vn 1.562138 1.307734 -0.3708136
vn 1.019533 1.885076 -0.173538
vn 1.019536 1.885076 -0.17353
vn 1.019533 1.885076 -0.173538
vn 1.019536 1.885076 -0.17353
vn 1.019539 1.885076 -0.1735225
vn 1.019539 1.885076 -0.1735225
vn 0.4770647 1.307733 0.02411179
vn 0.4770662 1.307733 0.02411596
vn 0.4770647 1.307733 0.02411179
vn 0.4770662 1.307733 0.02411596
vn 0.4770676 1.307733 0.02411996
vn 0.4770676 1.307733 0.02411996
vn 1.01967 0.73039 -0.1731631
vn 1.01967 0.73039 -0.1731624
vn 1.01967 0.73039 -0.1731631
vn 1.01967 0.73039 -0.1731624
vn 1.01967 0.73039 -0.1731618
vn 1.01967 0.73039 -0.1731618
vn 1.562138 1.307733 -0.3708136
vn 1.562138 1.307733 -0.3708136
vn 1.562138 1.307733 -0.3708136
vn 1.562138 1.307733 -0.3708136
vn 1.562138 1.307733 -0.3708136
vn 1.562138 1.307733 -0.3708136
vn 1.019537 1.885076 -0.1735275
vn 1.019535 1.885076 -0.1735337
vn 1.019537 1.885076 -0.1735275
vn 1.019535 1.885076 -0.1735337
vn 1.019533 1.885076 -0.1735397
vn 1.019533 1.885076 -0.1735397
vn 0.4770647 1.307733 0.02411188
vn 0.4770662 1.307733 0.02411596
vn 0.4770647 1.307733 0.02411188
vn 0.4770662 1.307733 0.02411596
vn 0.4770676 1.307733 0.02411996
vn 0.4770676 1.307733 0.02411996
vn 1.019669 0.73039 -0.173165
vn 1.019672 0.73039 -0.1731585
vn 1.019669 0.73039 -0.173165
vn 1.019672 0.73039 -0.1731585
vn 1.019674 0.73039 -0.1731521
vn 1.019674 0.73039 -0.1731521
vn 1.562138 1.307733 -0.3708136
vn 1.562138 1.307733 -0.3708136
vn 1.562138 1.307733 -0.3708136
vn 1.562138 1.307733 -0.3708136
vn 1.562138 1.307733 -0.3708136
vn 1.562138 1.307733 -0.3708136
vn 1.019535 1.885076 -0.1735331
vn 1.019535 1.885076 -0.1735335
vn 1.019535 1.885076 -0.1735331
vn 1.019535 1.885076 -0.1735335
vn 1.019535 1.885076 -0.1735339
vn 1.019535 1.885076 -0.1735339
vn 0.4770648 1.307733 0.02411196
vn 0.4770662 1.307733 0.02411596
vn 0.4770648 1.307733 0.02411196
vn 0.4770662 1.307733 0.02411596
vn 0.4770676 1.307733 0.02411996
vn 0.4770676 1.307733 0.02411996
vn 1.01967 0.73039 -0.173163
vn 1.01967 0.73039 -0.1731624
vn 1.01967 0.73039 -0.173163
vn 1.01967 0.73039 -0.1731624
vn 1.01967 0.73039 -0.1731619
vn 1.01967 0.73039 -0.1731619
vn 1.562138 1.307733 -0.3708136
vn 1.562138 1.307733 -0.3708136
vn 1.562138 1.307733 -0.3708136
vn 1.562138 1.307733 -0.3708136
vn 1.562138 1.307733 -0.3708136
vn 1.562138 1.307733 -0.3708136
vn 1.019533 1.885076 -0.1735386
vn 1.019534 1.885076 -0.1735372
vn 1.019533 1.885076 -0.1735386
vn 1.019534 1.885076 -0.1735372
vn 1.019534 1.885076 -0.1735359
vn 1.019534 1.885076 -0.1735359
vn 0.4770648 1.307733 0.02411205
vn 0.4770662 1.307733 0.02411596
vn 0.4770648 1.307733 0.02411205
vn 0.4770662 1.307733 0.02411596
vn 0.4770676 1.307733 0.02411996
vn 0.4770676 1.307733 0.02411996
vn 1.019671 0.73039 -0.173161
vn 1.019672 0.73039 -0.1731585
vn 1.019671 0.73039 -0.173161
vn 1.019672 0.73039 -0.1731585
vn 1.019673 0.73039 -0.173156
vn 1.019673 0.73039 -0.173156
vn 1.562138 1.307733 -0.3708136
vn 1.562138 1.307733 -0.3708136
vn 1.562138 1.307733 -0.3708136
vn 1.562138 1.307733 -0.3708136
vn 1.562138 1.307734 -0.3708136
vn 1.562138 1.307734 -0.3708136
vn 1.019533 1.885076 -0.1735404
vn 1.019536 1.885076 -0.1735312
vn 1.019533 1.885076 -0.1735404
vn 1.019536 1.885076 -0.1735312
vn 1.019539 1.885076 -0.1735225
vn 1.019539 1.885076 -0.1735225
vn 0.4770676 1.307734 0.02411996
vn 0.4770676 1.307733 0.02411996
vn 0.4770676 1.307734 0.02411996
vn 0.4770676 1.307733 0.02411996
vn 0.4770676 1.307733 0.02411996
vn 0.4770676 1.307733 0.02411996
vn 1.019673 0.73039 -0.1731551
vn 1.019672 0.73039 -0.1731585
vn 1.019673 0.73039 -0.1731551
vn 1.019672 0.73039 -0.1731585
vn 1.01967 0.73039 -0.1731618
vn 1.01967 0.73039 -0.1731618
vn 1.562138 1.307733 -0.3708136
vn 1.562138 1.307733 -0.3708136
vn 1.562138 1.307733 -0.3708136
vn 1.562138 1.307733 -0.3708136
vn 1.562138 1.307733 -0.3708136
vn 1.562138 1.307733 -0.3708136
vn 1.019536 1.885076 -0.1735304
vn 1.019534 1.885076 -0.1735351
vn 1.019536 1.885076 -0.1735304
vn 1.019534 1.885076 -0.1735351
vn 1.019533 1.885076 -0.1735397
vn 1.019533 1.885076 -0.1735397
vn 0.4770676 1.307733 0.02411996
vn 0.4770676 1.307733 0.02411996
vn 0.4770676 1.307733 0.02411996
vn 0.4770676 1.307733 0.02411996
vn 0.4770676 1.307733 0.02411996
vn 0.4770676 1.307733 0.02411996
vn 1.019669 0.73039 -0.173165
vn 1.019672 0.73039 -0.1731585
vn 1.019669 0.73039 -0.173165
vn 1.019672 0.73039 -0.1731585
vn 1.019674 0.73039 -0.1731521
vn 1.019674 0.73039 -0.1731521
vn 1.562138 1.307733 -0.3708136
vn 1.562138 1.307733 -0.3708136
vn 1.562138 1.307733 -0.3708136
vn 1.562138 1.307733 -0.3708136
vn 1.562138 1.307733 -0.3708136
vn 1.562138 1.307733 -0.3708136
vn 1.019537 1.885076 -0.1735285
vn 1.019536 1.885076 -0.1735312
vn 1.019537 1.885076 -0.1735285
vn 1.019536 1.885076 -0.1735312
vn 1.019535 1.885076 -0.1735339
vn 1.019535 1.885076 -0.1735339
vn 0.4770676 1.307734 0.02411996
vn 0.4770676 1.307733 0.02411996
vn 0.4770676 1.307734 0.02411996
vn 0.4770676 1.307733 0.02411996
vn 0.4770676 1.307733 0.02411996
vn 0.4770676 1.307733 0.02411996
vn 1.01967 0.73039 -0.173163
vn 1.01967 0.73039 -0.1731624
vn 1.01967 0.73039 -0.173163
vn 1.01967 0.73039 -0.1731624
vn 1.01967 0.73039 -0.1731619
vn 1.01967 0.73039 -0.1731619
vn 1.562138 1.307733 -0.3708136
vn 1.562138 1.307733 -0.3708136
vn 1.562138 1.307733 -0.3708136
vn 1.562138 1.307733 -0.3708136
vn 1.562138 1.307733 -0.3708136
vn 1.562138 1.307733 -0.3708136
vn 1.019533 1.885076 -0.1735384
vn 1.019534 1.885076 -0.1735371
vn 1.019533 1.885076 -0.1735384
vn 1.019534 1.885076 -0.1735371
vn 1.019534 1.885076 -0.1735359
vn 1.019534 1.885076 -0.1735359
vn 0.4770676 1.307733 0.02411996
vn 0.4770676 1.307733 0.02411996
vn 0.4770676 1.307733 0.02411996
vn 0.4770676 1.307733 0.02411996
vn 0.4770676 1.307733 0.02411996
vn 0.4770676 1.307733 0.02411996
vn 1.019671 0.73039 -0.173161
vn 1.019672 0.73039 -0.1731585
vn 1.019671 0.73039 -0.173161
vn 1.019672 0.73039 -0.1731585
vn 1.019673 0.73039 -0.173156
vn 1.019673 0.73039 -0.173156
vn 1.562138 1.307733 -0.3708136
vn 1.562138 1.307733 -0.3708136
vn 1.562138 1.307733 -0.3708136
vn 1.562138 1.307733 -0.3708136
vn 1.562138 1.307733 -0.3708136
vn 1.562138 1.307733 -0.3708136
vn 1.019536 1.885076 -0.1735298
vn 1.019535 1.885076 -0.1735341
vn 1.019536 1.885076 -0.1735298
vn 1.019535 1.885076 -0.1735341
vn 1.019533 1.885076 -0.1735385
vn 1.019533 1.885076 -0.1735385
vn 0.4770676 1.307733 0.02411996
vn 0.4770676 1.307733 0.02411996
vn 0.4770676 1.307733 0.02411996
vn 0.4770676 1.307733 0.02411996
vn 0.4770676 1.307733 0.02411996
vn 0.4770676 1.307733 0.02411996
vn 1.019668 0.73039 -0.1731673
vn 1.019671 0.73039 -0.1731595
vn 1.019668 0.73039 -0.1731673
vn 1.019671 0.73039 -0.1731595
vn 1.019674 0.73039 -0.1731512
vn 1.019674 0.73039 -0.1731512
vn 1.562138 1.307733 -0.3708136
vn 1.562138 1.307733 -0.3708136
vn 1.562138 1.307733 -0.3708136
vn 1.562138 1.307733 -0.3708136
vn 1.562138 1.307734 -0.3708136
vn 1.562138 1.307734 -0.3708136
vn 1.019537 1.885076 -0.1735293
vn 1.019535 1.885076 -0.1735338
vn 1.019537 1.885076 -0.1735293
vn 1.019535 1.885076 -0.1735338
vn 1.019533 1.885076 -0.1735386
vn 1.019533 1.885076 -0.1735386
vn 0.4770648 1.307733 0.02411224
vn 0.4770662 1.307733 0.02411596
vn 0.4770648 1.307733 0.02411224
vn 0.4770662 1.307733 0.02411596
vn 0.4770676 1.307733 0.02411996
vn 0.4770676 1.307733 0.02411996
vn 1.019668 0.73039 -0.1731673
vn 1.019671 0.73039 -0.1731595
vn 1.019668 0.73039 -0.1731673
vn 1.019671 0.73039 -0.1731595
vn 1.019674 0.73039 -0.1731512
vn 1.019674 0.73039 -0.1731512
vn 1.562138 1.307733 -0.3708136
vn 1.562138 1.307733 -0.3708136
vn 1.562138 1.307733 -0.3708136
vn 1.562138 1.307733 -0.3708136
vn 1.562138 1.307733 -0.3708136
vn 1.562138 1.307733 -0.3708136
vn 1.019536 1.885076 -0.1735299
vn 1.019535 1.885076 -0.1735342
vn 1.019536 1.885076 -0.1735299
vn 1.019535 1.885076 -0.1735342
vn 1.019533 1.885076 -0.1735386
vn 1.019533 1.885076 -0.1735386
vn 0.4770676 1.307733 0.02411996
vn 0.4770676 1.307733 0.02411996
vn 0.4770676 1.307733 0.02411996
vn 0.4770676 1.307733 0.02411996
vn 0.4770676 1.307733 0.02411996
vn 0.4770676 1.307733 0.02411996
vn 1.019668 0.73039 -0.1731673
vn 1.019671 0.73039 -0.1731595
vn 1.019668 0.73039 -0.1731673
vn 1.019671 0.73039 -0.1731595
vn 1.019674 0.73039 -0.1731512
vn 1.019674 0.73039 -0.1731512
vn 1.562138 1.307733 -0.3708136
vn 1.562138 1.307733 -0.3708136
vn 1.562138 1.307733 -0.3708136
vn 1.562138 1.307733 -0.3708136
vn 1.562138 1.307733 -0.3708136
vn 1.562138 1.307733 -0.3708136
vn 1.019529 1.885076 -0.1735507
vn 1.019533 1.885076 -0.1735391
vn 1.019529 1.885076 -0.1735507
vn 1.019533 1.885076 -0.1735391
vn 1.019537 1.885076 -0.1735283
vn 1.019537 1.885076 -0.1735283
vn 0.4770676 1.307733 0.02411996
vn 0.4770676 1.307733 0.02411996
vn 0.4770676 1.307733 0.02411996
vn 0.4770676 1.307733 0.02411996
vn 0.4770676 1.307733 0.02411996
vn 0.4770676 1.307733 0.02411996
vn 1.019674 0.73039 -0.1731531
vn 1.019673 0.73039 -0.1731546
vn 1.019674 0.73039 -0.1731531
vn 1.019673 0.73039 -0.1731546
vn 1.019672 0.73039 -0.1731561
vn 1.019672 0.73039 -0.1731561
vn 1.562138 1.307733 -0.3708136
vn 1.562138 1.307733 -0.3708136
vn 1.562138 1.307733 -0.3708136
vn 1.562138 1.307733 -0.3708136
vn 1.562138 1.307733 -0.3708136
vn 1.562138 1.307733 -0.3708136
vn 1.01953 1.885076 -0.1735487
vn 1.019533 1.885076 -0.1735381
vn 1.01953 1.885076 -0.1735487
vn 1.019533 1.885076 -0.1735381
vn 1.019537 1.885076 -0.1735283
vn 1.019537 1.885076 -0.1735283
vn 0.4770647 1.307733 0.0241117
vn 0.4770662 1.307733 0.02411596
vn 0.4770647 1.307733 0.0241117
vn 0.4770662 1.307733 0.02411596
vn 0.4770676 1.307733 0.02411996
vn 0.4770676 1.307733 0.02411996
vn 1.019676 0.73039 -0.173145
vn 1.019674 0.73039 -0.1731507
vn 1.019676 0.73039 -0.173145
vn 1.019674 0.73039 -0.1731507
vn 1.019672 0.73039 -0.1731561
vn 1.019672 0.73039 -0.1731561
vn 1.562138 1.307734 -0.3708136
vn 1.562138 1.307733 -0.3708136
vn 1.562138 1.307734 -0.3708136
vn 1.562138 1.307733 -0.3708136
vn 1.562138 1.307733 -0.3708136
vn 1.562138 1.307733 -0.3708136
vn 1.019537 1.885076 -0.1735279
vn 1.019535 1.885076 -0.1735332
vn 1.019537 1.885076 -0.1735279
vn 1.019535 1.885076 -0.1735332
vn 1.019533 1.885076 -0.1735387
vn 1.019533 1.885076 -0.1735387
vn 0.4770676 1.307733 0.02411996
vn 0.4770676 1.307733 0.02411996
vn 0.4770676 1.307733 0.02411996
vn 0.4770676 1.307733 0.02411996
vn 0.4770676 1.307733 0.02411996
vn 0.4770676 1.307733 0.02411996
vn 1.019669 0.73039 -0.1731655
vn 1.019671 0.73039 -0.1731595
vn 1.019669 0.73039 -0.1731655
vn 1.019671 0.73039 -0.1731595
vn 1.019673 0.73039 -0.1731532
vn 1.019673 0.73039 -0.1731532
vn 1.562138 1.307733 -0.3708136
vn 1.562138 1.307733 -0.3708136
vn 1.562138 1.307733 -0.3708136
vn 1.562138 1.307733 -0.3708136
vn 1.562138 1.307733 -0.3708136
vn 1.562138 1.307733 -0.3708136
vn 1.019536 1.885076 -0.1735299
vn 1.019535 1.885076 -0.1735342
vn 1.019536 1.885076 -0.1735299
vn 1.019535 1.885076 -0.1735342
vn 1.019533 1.885076 -0.1735387
vn 1.019533 1.885076 -0.1735387
vn 0.4770648 1.307734 0.02411215
vn 0.4770662 1.307733 0.02411596
vn 0.4770648 1.307734 0.02411215
vn 0.4770662 1.307733 0.02411596
vn 0.4770676 1.307733 0.02411996
vn 0.4770676 1.307733 0.02411996
vn 1.019669 0.73039 -0.1731655
vn 1.019671 0.73039 -0.1731595
vn 1.019669 0.73039 -0.1731655
vn 1.019671 0.73039 -0.1731595
vn 1.019673 0.73039 -0.1731532
vn 1.019673 0.73039 -0.1731532
vn 1.562138 1.307733 -0.3708136
vn 1.562138 1.307733 -0.3708136
vn 1.562138 1.307733 -0.3708136
vn 1.562138 1.307733 -0.3708136
vn 1.562138 1.307733 -0.3708136
vn 1.562138 1.307733 -0.3708136
vn 1.019537 1.885076 -0.1735279
vn 1.019535 1.885076 -0.1735332
vn 1.019537 1.885076 -0.1735279
vn 1.019535 1.885076 -0.1735332
vn 1.019533 1.885076 -0.1735387
vn 1.019533 1.885076 -0.1735387
vn 0.4770676 1.307733 0.02411996
vn 0.4770676 1.307733 0.02411996
vn 0.4770676 1.307733 0.02411996
vn 0.4770676 1.307733 0.02411996
vn 0.4770676 1.307733 0.02411996
vn 0.4770676 1.307733 0.02411996
vn 1.019669 0.73039 -0.1731656
vn 1.019671 0.73039 -0.1731596
vn 1.019669 0.73039 -0.1731656
vn 1.019671 0.73039 -0.1731596
vn 1.019674 0.73039 -0.1731533
vn 1.019674 0.73039 -0.1731533
vn 1.562138 1.307733 -0.3708136
vn 1.562138 1.307733 -0.3708136
vn 1.562138 1.307733 -0.3708136
vn 1.562138 1.307733 -0.3708136
vn 1.562138 1.307733 -0.3708136
vn 1.562138 1.307733 -0.3708136
vn 1.019529 1.885076 -0.1735507
vn 1.019533 1.885076 -0.1735391
vn 1.019529 1.885076 -0.1735507
vn 1.019533 1.885076 -0.1735391
vn 1.019537 1.885076 -0.1735283
vn 1.019537 1.885076 -0.1735283
vn 0.4770676 1.307733 0.02411996
vn 0.4770676 1.307733 0.02411996
vn 0.4770676 1.307733 0.02411996
vn 0.4770676 1.307733 0.02411996
vn 0.4770676 1.307733 0.02411996
vn 0.4770676 1.307733 0.02411996
vn 1.019674 0.73039 -0.1731531
vn 1.019673 0.73039 -0.1731546
vn 1.019674 0.73039 -0.1731531
vn 1.019673 0.73039 -0.1731546
vn 1.019672 0.73039 -0.1731561
vn 1.019672 0.73039 -0.1731561
vn 1.562138 1.307733 -0.3708136
vn 1.562138 1.307733 -0.3708136
vn 1.562138 1.307733 -0.3708136
vn 1.562138 1.307733 -0.3708136
vn 1.562138 1.307733 -0.3708136
vn 1.562138 1.307733 -0.3708136
vt 0.2265273 0.5532992
vt 0.2265273 0.2677772
vt 0.06399067 0.2677772
vt 0.06399067 0.5532992
vt 0.2545776 0.3890138
vt 0.2545776 0.1034919
vt 0.09204102 0.1034919
vt 0.09204102 0.3890138
vt 0.8388835 0.3890101
vt 0.8388835 0.103488
vt 0.6763468 0.103488
vt 0.6763468 0.3890101
vt 0.8112131 0.5532949
vt 0.8112131 0.267773
vt 0.6486764 0.267773
vt 0.6486764 0.5532949
vt 0.3239752 0.5532988
vt 0.3239752 0.2677769
vt 0.1614383 0.2677769
vt 0.1614383 0.5532988
vt 0.1571934 0.3890141
vt 0.1571934 0.1034923
vt -0.005343376 0.1034923
vt -0.005343376 0.3890141
vt 0.7414992 0.3890101
vt 0.7414992 0.103488
vt 0.5789624 0.103488
vt 0.5789624 0.3890101
vt 0.9086609 0.5532951
vt 0.9086609 0.2677733
vt 0.7461241 0.2677733
vt 0.7461241 0.5532951
vt 0.4214225 0.5532987
vt 0.4214225 0.267777
vt 0.258886 0.267777
vt 0.258886 0.5532987
vt 0.1288848 0.5532992
vt 0.1288848 0.2677773
vt -0.0336518 0.2677773
vt -0.0336518 0.5532992
vt 0.6441147 0.3890137
vt 0.6441147 0.1034917
vt 0.4815781 0.1034917
vt 0.4815781 0.3890137
vt 1.006108 0.553295
vt 1.006108 0.2677734
vt 0.8435718 0.2677734
vt 0.8435718 0.553295
vt 0.2352 0.711771
vt 0.2352 0.4336953
vt 0.07266328 0.4336951
vt 0.07266328 0.711771
vt 0.128885 0.8718755
vt 0.128885 0.5937999
vt -0.03365178 0.5937999
vt -0.03365178 0.8718755
vt 0.2265273 0.8718756
vt 0.2265273 0.5937999
vt 0.06399067 0.5937999
vt 0.06399067 0.8718756
vt 0.7137654 0.224725
vt 0.7137654 -0.06079718
vt 0.5512288 -0.06079718
vt 0.5512288 0.224725
vt 0.8112133 0.224725
vt 0.8112133 -0.06079717
vt 0.6486765 -0.06079717
vt 0.6486765 0.224725
vt 0.3239749 0.8718792
vt 0.3239749 0.5938035
vt 0.1614384 0.5938035
vt 0.1614384 0.8718792
vt 0.4214229 0.8718793
vt 0.4214229 0.5938033
vt 0.2588859 0.5938033
vt 0.2588859 0.8718793
vt 0.5188702 0.8760551
vt 0.5188702 0.5979798
vt 0.3563337 0.5979798
vt 0.3563337 0.8760551
vt 0.9086607 0.224725
vt 0.9086607 -0.06079724
vt 0.7461241 -0.06079724
vt 0.7461241 0.224725
vt 0.5188703 0.2677769
vt 0.3563336 0.2677769
vt 0.3563336 0.5532988
vt 0.5188703 0.5532988
vt 1.033652 0.4320582
vt 0.8711153 0.4320582
vt 0.8711153 0.7175801
vt 1.033652 0.7175801
vt 0.5467305 0.1034918
vt 0.3841938 0.1034918
vt 0.3841938 0.3890139
vt 0.5467305 0.3890139
vt 0.7414991 0.432062
vt 0.5789626 0.432062
vt 0.5789626 0.7175833
vt 0.7414991 0.7175833
vt 0.6163179 0.2677769
vt 0.4537813 0.2677769
vt 0.4537813 0.5532988
vt 0.6163179 0.5532988
vt 0.9362677 0.4320582
vt 0.773731 0.4320582
vt 0.773731 0.7175801
vt 0.9362677 0.7175801
vt 0.4493462 0.1034917
vt 0.2868095 0.1034917
vt 0.2868095 0.3890139
vt 0.4493462 0.3890139
vt 0.6441149 0.432062
vt 0.4815783 0.432062
vt 0.4815783 0.7175836
vt 0.6441149 0.7175836
vt 0.7137654 0.2677768
vt 0.5512288 0.2677768
vt 0.5512288 0.5532987
vt 0.7137654 0.5532987
vt 0.8388834 0.4320582
vt 0.6763467 0.4320582
vt 0.6763467 0.7175801
vt 0.8388834 0.7175801
vt 0.3519619 0.1034918
vt 0.1894252 0.1034918
vt 0.1894252 0.3890139
vt 0.3519619 0.3890139
vt 0.5467306 0.432062
vt 0.3841939 0.432062
vt 0.3841939 0.7175835
vt 0.5467306 0.7175835
vt 0.1378158 0.4336952
vt -0.02472087 0.4336952
vt -0.02472087 0.7117709
vt 0.1378158 0.7117709
vt 0.616318 0.5979795
vt 0.4537813 0.5979795
vt 0.4537813 0.8760554
vt 0.616318 0.8760554
vt 0.7137656 0.5979794
vt 0.5512287 0.5979794
vt 0.5512287 0.8760555
vt 0.7137656 0.8760555
vt 1.006108 -0.06079724
vt 0.8435718 -0.06079724
vt 0.8435718 0.224725
vt 1.006108 0.224725
vt 1.033652 0.103488
vt 0.8711154 0.103488
vt 0.8711154 0.3890103
vt 1.033652 0.3890103
vt 0.8112131 0.5979795
vt 0.6486764 0.5979795
vt 0.6486764 0.8760551
vt 0.8112131 0.8760551
vt 0.9086609 0.597976
vt 0.7461241 0.597976
vt 0.7461241 0.8760518
vt 0.9086609 0.8760518
vt 1.006108 0.597976
vt 0.8435717 0.5979761
vt 0.8435717 0.8760518
vt 1.006108 0.8760518
vt 0.9362676 0.1034881
vt 0.7737311 0.1034881
vt 0.7737311 0.3890102
vt 0.9362676 0.3890102
vt 0.77127 0.7834201
vt 0.7611722 0.9459595
vt 0.77127 0.9459595
vt 0.7611722 0.7834201
vt 0.7505071 0.9459595
vt 0.7505071 0.7834201
vt 0.3692849 -0.06079157
vt 0.3590885 0.2247268
vt 0.3691862 0.2247303
vt 0.3590885 -0.06079504
vt 0.3484236 0.2247232
vt 0.3485222 -0.0607987
vt 0.7327158 0.9459571
vt 0.7429121 0.7834225
vt 0.7327158 0.7834225
vt 0.7429121 0.9459571
vt 0.7534782 0.7834225
vt 0.7534782 0.9459571
vt 0.3680118 0.2247306
vt 0.3781095 -0.06079534
vt 0.3679131 -0.06079187
vt 0.3781095 0.2247271
vt 0.3886757 -0.06079899
vt 0.3887745 0.2247235
vt 0.735687 0.7834203
vt 0.7254817 0.9459594
vt 0.735687 0.9459594
vt 0.7254817 0.7834203
vt 0.714924 0.9459594
vt 0.714924 0.7834203
vt 0.2523477 -0.06079168
vt 0.2420439 0.2247267
vt 0.2522491 0.2247303
vt 0.2420439 -0.06079514
vt 0.2314864 0.224723
vt 0.2315851 -0.06079879
vt 0.6971324 0.9459594
vt 0.7074364 0.7834202
vt 0.6971324 0.7834202
vt 0.7074364 0.9459594
vt 0.7178956 0.7834202
vt 0.7178956 0.9459594
vt 0.2510747 0.2247302
vt 0.2612798 -0.06079499
vt 0.2509759 -0.06079153
vt 0.2612798 0.2247265
vt 0.2717386 -0.06079865
vt 0.2718372 0.2247229
vt 0.7001038 0.7834201
vt 0.6897911 0.9459595
vt 0.7001038 0.9459595
vt 0.6897911 0.7834201
vt 0.6793409 0.9459595
vt 0.6793409 0.7834201
vt 0.1354106 -0.06079158
vt 0.1249993 0.2247268
vt 0.1353119 0.2247303
vt 0.1249993 -0.06079514
vt 0.1145493 0.2247231
vt 0.1146479 -0.06079869
vt 0.66155 0.9459552
vt 0.6719608 0.7834249
vt 0.66155 0.7834249
vt 0.6719608 0.9459552
vt 0.6823118 0.7834249
vt 0.6823118 0.9459552
vt 0.1341375 0.2247303
vt 0.1444501 -0.06079514
vt 0.1340388 -0.06079159
vt 0.14445 0.2247268
vt 0.1548015 -0.0607987
vt 0.1549001 0.2247232
vt 0.6645208 0.7834203
vt 0.6541005 0.9459596
vt 0.6645208 0.9459596
vt 0.6541005 0.7834203
vt 0.6437579 0.9459596
vt 0.6437579 0.7834203
vt 0.486222 -0.06079148
vt 0.4757034 0.2247263
vt 0.4861234 0.22473
vt 0.4757034 -0.06079505
vt 0.4653607 0.2247227
vt 0.4654595 -0.06079861
vt 0.6259667 0.9459574
vt 0.6364852 0.7834225
vt 0.6259667 0.7834225
vt 0.6364852 0.9459574
vt 0.646729 0.7834225
vt 0.646729 0.9459574
vt 0.484949 0.2247303
vt 0.495369 -0.06079531
vt 0.4848502 -0.06079175
vt 0.4953691 0.2247265
vt 0.5056129 -0.06079888
vt 0.5057116 0.224723
vt 0.9928727 0.6233143
vt 0.982775 0.7858494
vt 0.9928727 0.7858494
vt 0.982775 0.6233144
vt 0.9721102 0.7858494
vt 0.9721102 0.6233144
vt 0.408264 -0.06079184
vt 0.3980676 0.2247271
vt 0.4081653 0.2247306
vt 0.3980676 -0.06079531
vt 0.3874026 0.2247234
vt 0.3875014 -0.06079897
vt 0.9817989 0.8810898
vt 0.9919952 0.7185551
vt 0.9817989 0.718555
vt 0.9919952 0.8810898
vt 1.002561 0.7185551
vt 1.002561 0.8810898
vt 0.4069908 0.2247305
vt 0.4170885 -0.06079524
vt 0.4068922 -0.06079176
vt 0.4170885 0.224727
vt 0.4276547 -0.06079888
vt 0.4277535 0.2247234
vt 0.9847695 0.783419
vt 0.9745645 0.9459539
vt 0.9847695 0.9459539
vt 0.9745645 0.7834191
vt 0.9640071 0.9459539
vt 0.9640071 0.7834191
vt 0.2913268 -0.06079152
vt 0.2810229 0.2247265
vt 0.2912281 0.2247302
vt 0.2810229 -0.06079498
vt 0.2704654 0.2247229
vt 0.2705642 -0.06079863
vt 0.9462155 0.9459539
vt 0.9565192 0.7834192
vt 0.9462155 0.783419
vt 0.9565192 0.9459539
vt 0.9669778 0.7834192
vt 0.9669778 0.9459539
vt 0.2900537 0.2247301
vt 0.3002588 -0.06079495
vt 0.289955 -0.06079149
vt 0.3002588 0.2247265
vt 0.3107176 -0.0607986
vt 0.3108163 0.2247228
vt 0.9491864 0.7834166
vt 0.9388738 0.9459562
vt 0.9491864 0.9459562
vt 0.9388738 0.7834167
vt 0.9284235 0.9459562
vt 0.9284235 0.7834167
vt 0.1743896 -0.06079162
vt 0.1639784 0.2247269
vt 0.1742909 0.2247303
vt 0.1639783 -0.06079517
vt 0.1535283 0.2247232
vt 0.1536269 -0.06079873
vt 0.9106318 0.9459551
vt 0.9210433 0.7834178
vt 0.9106318 0.7834178
vt 0.9210433 0.9459551
vt 0.9313946 0.7834178
vt 0.9313946 0.9459551
vt 0.1731165 0.2247305
vt 0.1834291 -0.06079532
vt 0.1730178 -0.06079176
vt 0.1834291 0.224727
vt 0.1937805 -0.06079888
vt 0.1938791 0.2247233
vt 0.9136028 0.783419
vt 0.9031828 0.9459539
vt 0.9136028 0.9459539
vt 0.9031828 0.7834191
vt 0.8928403 0.9459539
vt 0.8928403 0.7834191
vt 0.5252011 -0.06079157
vt 0.5146824 0.2247263
vt 0.5251025 0.2247301
vt 0.5146824 -0.06079514
vt 0.5043398 0.2247228
vt 0.5044385 -0.06079868
vt 0.8750488 0.9459539
vt 0.8855674 0.7834191
vt 0.8750488 0.783419
vt 0.8855674 0.9459539
vt 0.8958111 0.7834191
vt 0.8958111 0.9459539
vt 0.523928 0.2247304
vt 0.534348 -0.06079537
vt 0.5238293 -0.06079182
vt 0.5343481 0.2247266
vt 0.5445919 -0.06079894
vt 0.5446907 0.224723
vt 0.6289375 0.7834225
vt 0.6188399 0.9459574
vt 0.6289375 0.9459574
vt 0.6188399 0.7834225
vt 0.6081749 0.9459574
vt 0.6081749 0.7834225
vt 0.447243 -0.06079153
vt 0.4370466 0.2247268
vt 0.4471443 0.2247302
vt 0.4370466 -0.060795
vt 0.4263817 0.2247231
vt 0.4264804 -0.06079865
vt 0.5903834 0.9459573
vt 0.6005797 0.7834227
vt 0.5903834 0.7834227
vt 0.6005797 0.9459573
vt 0.6111458 0.7834227
vt 0.6111458 0.9459573
vt 0.4459699 0.2247303
vt 0.4560676 -0.06079504
vt 0.4458712 -0.06079159
vt 0.4560676 0.2247268
vt 0.4666339 -0.0607987
vt 0.4667326 0.2247232
vt 0.5933543 0.7834215
vt 0.583149 0.9459585
vt 0.5933543 0.9459585
vt 0.583149 0.7834215
vt 0.5725915 0.9459585
vt 0.5725915 0.7834215
vt 0.3303058 -0.06079149
vt 0.320002 0.2247265
vt 0.3302071 0.2247301
vt 0.320002 -0.06079495
vt 0.3094445 0.2247228
vt 0.3095432 -0.0607986
vt 0.5547999 0.9459585
vt 0.5651038 0.7834215
vt 0.5547999 0.7834215
vt 0.5651038 0.9459585
vt 0.5755627 0.7834215
vt 0.5755627 0.9459585
vt 0.3290327 0.2247302
vt 0.3392379 -0.06079505
vt 0.328934 -0.06079159
vt 0.3392379 0.2247266
vt 0.3496967 -0.0607987
vt 0.3497954 0.2247229
vt 0.5577713 0.7834203
vt 0.5474584 0.9459597
vt 0.5577713 0.9459597
vt 0.5474584 0.7834203
vt 0.5370081 0.9459597
vt 0.5370081 0.7834203
vt 0.2133687 -0.06079162
vt 0.2029574 0.2247269
vt 0.21327 0.2247303
vt 0.2029574 -0.06079519
vt 0.1925074 0.2247232
vt 0.192606 -0.06079875
vt 0.5192168 0.9459574
vt 0.529628 0.7834226
vt 0.5192168 0.7834226
vt 0.529628 0.9459574
vt 0.5399793 0.7834226
vt 0.5399793 0.9459574
vt 0.2120956 0.2247303
vt 0.2224082 -0.0607951
vt 0.2119969 -0.06079153
vt 0.2224081 0.2247268
vt 0.2327595 -0.06079866
vt 0.2328582 0.2247231
vt 0.5221876 0.7834226
vt 0.5117676 0.9459574
vt 0.5221876 0.9459574
vt 0.5117676 0.7834226
vt 0.501425 0.9459574
vt 0.501425 0.7834226
vt 0.5641801 -0.06079151
vt 0.5536614 0.2247263
vt 0.5640815 0.22473
vt 0.5536614 -0.06079506
vt 0.5433189 0.2247227
vt 0.5434176 -0.06079862
vt 0.4836334 0.9459585
vt 0.4941522 0.7834214
vt 0.4836334 0.7834214
vt 0.4941522 0.9459585
vt 0.504396 0.7834214
vt 0.504396 0.9459585
vt 0.5629071 0.2247304
vt 0.5733271 -0.06079543
vt 0.5628083 -0.06079188
vt 0.5733272 0.2247266
vt 0.583571 -0.060799
vt 0.5836697 0.2247231
vt 0.4866044 0.7834225
vt 0.4759282 0.9459574
vt 0.4866044 0.9459574
vt 0.4759282 0.7834225
vt 0.4658419 0.9459574
vt 0.4658419 0.7834225
vt 0.4004312 0.4336998
vt 0.3896588 0.7117733
vt 0.4003352 0.7117768
vt 0.3896588 0.4336962
vt 0.3795724 0.7117696
vt 0.3796685 0.4336926
vt 0.4480502 0.9459586
vt 0.4588226 0.7834213
vt 0.4480502 0.7834213
vt 0.4588226 0.9459586
vt 0.4688129 0.7834213
vt 0.4688129 0.9459586
vt 0.397514 0.7117761
vt 0.4081903 0.433697
vt 0.397418 0.4337006
vt 0.4081903 0.7117725
vt 0.4181806 0.4336934
vt 0.4182767 0.7117689
vt 0.8780198 0.7834166
vt 0.8673432 0.9459562
vt 0.8780198 0.9459562
vt 0.8673432 0.7834167
vt 0.8572568 0.9459562
vt 0.8572568 0.7834167
vt 0.3825857 0.4337004
vt 0.3718132 0.7117727
vt 0.3824895 0.7117763
vt 0.3718133 0.4336968
vt 0.3617269 0.711769
vt 0.361823 0.4336932
vt 0.8394655 0.945954
vt 0.8502376 0.783419
vt 0.8394655 0.783419
vt 0.8502376 0.945954
vt 0.8602278 0.783419
vt 0.8602278 0.945954
vt 0.3439775 0.7117763
vt 0.3546538 0.4336968
vt 0.3438815 0.4337004
vt 0.3546538 0.7117727
vt 0.3646441 0.4336932
vt 0.3647402 0.711769
vt 0.4510213 0.7834213
vt 0.4403449 0.9459586
vt 0.4510213 0.9459586
vt 0.4403449 0.7834213
vt 0.4302586 0.9459586
vt 0.4302586 0.7834213
vt 0.3468946 0.4337007
vt 0.3361222 0.7117724
vt 0.3467985 0.711776
vt 0.3361223 0.4336971
vt 0.3260359 0.7117687
vt 0.326132 0.4336935
vt 0.4124671 0.9459585
vt 0.4232394 0.7834214
vt 0.4124671 0.7834214
vt 0.4232394 0.9459585
vt 0.4332297 0.7834214
vt 0.4332297 0.9459585
vt 0.3082864 0.711776
vt 0.3189627 0.4336971
vt 0.3081904 0.4337007
vt 0.3189627 0.7117724
vt 0.328953 0.4336935
vt 0.3290491 0.7117687
vt 0.4154381 0.7834214
vt 0.4054478 0.9459585
vt 0.4154381 0.9459585
vt 0.4054478 0.7834214
vt 0.3946755 0.9459585
vt 0.3946755 0.7834214
vt 0.01827853 -0.06079157
vt 0.00818958 0.2247269
vt 0.01817982 0.2247308
vt 0.008189604 -0.06079522
vt -0.002582788 0.2247235
vt -0.002484108 -0.06079887
vt 0.3768838 0.9459586
vt 0.3869729 0.7834214
vt 0.3768838 0.7834214
vt 0.3869729 0.9459586
vt 0.3976466 0.7834214
vt 0.3976466 0.9459586
vt 0.01720034 0.2247308
vt 0.02719056 -0.06079524
vt 0.01710164 -0.06079158
vt 0.02719059 0.2247269
vt 0.03786428 -0.0607989
vt 0.03796295 0.2247235
vt 0.8424365 0.7834167
vt 0.832446 0.9459562
vt 0.8424365 0.9459562
vt 0.832446 0.7834168
vt 0.8216736 0.9459562
vt 0.8216736 0.7834168
vt 0.05745248 -0.06079157
vt 0.04736353 0.2247269
vt 0.05735378 0.2247308
vt 0.04736356 -0.06079522
vt 0.03659116 0.2247235
vt 0.03668984 -0.06079888
vt 0.8038819 0.9459562
vt 0.8139712 0.7834168
vt 0.8038819 0.7834166
vt 0.8139712 0.9459562
vt 0.8246449 0.7834168
vt 0.8246449 0.9459562
vt 0.05617939 0.2247308
vt 0.0661696 -0.06079524
vt 0.05608068 -0.0607916
vt 0.06616963 0.224727
vt 0.07684332 -0.0607989
vt 0.076942 0.2247235
vt 0.3798549 0.7792453
vt 0.3692835 0.9417824
vt 0.3798549 0.9417824
vt 0.3692835 0.7792453
vt 0.3590923 0.9417824
vt 0.3590923 0.7792453
vt 0.3112036 0.4337003
vt 0.3005361 0.7117728
vt 0.3111075 0.7117763
vt 0.300536 0.4336967
vt 0.2903448 0.7117691
vt 0.2904409 0.4336931
vt 0.3413006 0.9417824
vt 0.3519682 0.7792454
vt 0.3413006 0.7792454
vt 0.3519682 0.9417824
vt 0.3620633 0.7792454
vt 0.3620633 0.9417824
vt 0.2725954 0.711776
vt 0.2831669 0.433697
vt 0.2724993 0.4337006
vt 0.2831668 0.7117725
vt 0.293262 0.4336934
vt 0.2933581 0.7117688
vt 0.8068528 0.78342
vt 0.7962818 0.9459528
vt 0.8068528 0.9459528
vt 0.7962818 0.7834201
vt 0.7860907 0.9459528
vt 0.7860907 0.7834201
vt 0.2755125 0.4337006
vt 0.264845 0.7117725
vt 0.2754164 0.711776
vt 0.264845 0.433697
vt 0.2546537 0.7117688
vt 0.2547499 0.4336934
vt 0.768299 0.9459574
vt 0.7789664 0.7834225
vt 0.768299 0.7834224
vt 0.7789664 0.9459574
vt 0.7890613 0.7834225
vt 0.7890613 0.9459574
vt 0.2369043 0.7117759
vt 0.2474758 0.4336972
vt 0.2368082 0.4337008
vt 0.2474757 0.7117724
vt 0.2575708 0.4336935
vt 0.2576669 0.7117686
vt 0.3442718 0.7792453
vt 0.3337003 0.9417824
vt 0.3442718 0.9417824
vt 0.3337003 0.7792453
vt 0.3235091 0.9417824
vt 0.3235091 0.7792453
vt 0.2398214 0.4337005
vt 0.2291539 0.7117727
vt 0.2397253 0.7117761
vt 0.2291539 0.4336969
vt 0.2189627 0.7117689
vt 0.2190588 0.4336933
vt 0.3057176 0.9417824
vt 0.3163852 0.7792453
vt 0.3057176 0.7792453
vt 0.3163852 0.9417824
vt 0.3264802 0.7792453
vt 0.3264802 0.9417824
vt 0.2012132 0.7117764
vt 0.2117847 0.4336966
vt 0.2011171 0.4337002
vt 0.2117846 0.7117729
vt 0.2218798 0.433693
vt 0.2219759 0.7117692
vt 0.3086886 0.7792459
vt 0.2986983 0.9417818
vt 0.3086886 0.9417818
vt 0.2986983 0.7792459
vt 0.2879261 0.9417818
vt 0.2879261 0.7792459
vt 0.09643152 -0.06079158
vt 0.08634257 0.2247269
vt 0.09633281 0.2247308
vt 0.0863426 -0.06079524
vt 0.07557021 0.2247235
vt 0.07566888 -0.0607989
vt 0.2701345 0.9417824
vt 0.2802234 0.7792453
vt 0.2701345 0.7792453
vt 0.2802234 0.9417824
vt 0.2908972 0.7792453
vt 0.2908972 0.9417824
vt 0.09515843 0.2247308
vt 0.1051487 -0.06079527
vt 0.09505973 -0.06079161
vt 0.1051487 0.224727
vt 0.1158224 -0.06079893
vt 0.1159211 0.2247235
usemtl Glass_Frosted_Mat
f 894/894/894 893/893/893 892/892/892
f 895/895/895 894/894/894 892/892/892
f 898/898/898 897/897/897 896/896/896
f 899/899/899 898/898/898 896/896/896
f 902/902/902 901/901/901 900/900/900
f 903/903/903 902/902/902 900/900/900
f 906/906/906 905/905/905 904/904/904
f 907/907/907 906/906/906 904/904/904
f 910/910/910 909/909/909 908/908/908
f 911/911/911 910/910/910 908/908/908
f 914/914/914 913/913/913 912/912/912
f 915/915/915 914/914/914 912/912/912
f 918/918/918 917/917/917 916/916/916
f 919/919/919 918/918/918 916/916/916
f 922/922/922 921/921/921 920/920/920
f 923/923/923 922/922/922 920/920/920
f 926/926/926 925/925/925 924/924/924
f 927/927/927 926/926/926 924/924/924
f 930/930/930 929/929/929 928/928/928
f 931/931/931 930/930/930 928/928/928
f 934/934/934 933/933/933 932/932/932
f 935/935/935 934/934/934 932/932/932
f 938/938/938 937/937/937 936/936/936
f 939/939/939 938/938/938 936/936/936
f 942/942/942 941/941/941 940/940/940
f 943/943/943 942/942/942 940/940/940
f 946/946/946 945/945/945 944/944/944
f 947/947/947 946/946/946 944/944/944
f 950/950/950 949/949/949 948/948/948
f 951/951/951 950/950/950 948/948/948
f 954/954/954 953/953/953 952/952/952
f 955/955/955 954/954/954 952/952/952
f 958/958/958 957/957/957 956/956/956
f 959/959/959 958/958/958 956/956/956
f 962/962/962 961/961/961 960/960/960
f 963/963/963 962/962/962 960/960/960
f 966/966/966 965/965/965 964/964/964
f 967/967/967 966/966/966 964/964/964
f 970/970/970 969/969/969 968/968/968
f 971/971/971 970/970/970 968/968/968
f 974/974/974 973/973/973 972/972/972
f 975/975/975 974/974/974 972/972/972
f 978/978/978 977/977/977 976/976/976
f 979/979/979 978/978/978 976/976/976
f 982/982/982 981/981/981 980/980/980
f 983/983/983 982/982/982 980/980/980
f 986/986/986 985/985/985 984/984/984
f 987/987/987 986/986/986 984/984/984
f 990/990/990 989/989/989 988/988/988
f 991/991/991 990/990/990 988/988/988
f 994/994/994 993/993/993 992/992/992
f 995/995/995 994/994/994 992/992/992
f 998/998/998 997/997/997 996/996/996
f 999/999/999 998/998/998 996/996/996
f 1002/1002/1002 1001/1001/1001 1000/1000/1000
f 1003/1003/1003 1002/1002/1002 1000/1000/1000
f 1006/1006/1006 1005/1005/1005 1004/1004/1004
f 1007/1007/1007 1006/1006/1006 1004/1004/1004
f 1010/1010/1010 1009/1009/1009 1008/1008/1008
f 1011/1011/1011 1010/1010/1010 1008/1008/1008
f 1014/1014/1014 1013/1013/1013 1012/1012/1012
f 1015/1015/1015 1014/1014/1014 1012/1012/1012
f 1018/1018/1018 1017/1017/1017 1016/1016/1016
f 1019/1019/1019 1018/1018/1018 1016/1016/1016
f 1022/1022/1022 1021/1021/1021 1020/1020/1020
f 1023/1023/1023 1022/1022/1022 1020/1020/1020
f 1026/1026/1026 1025/1025/1025 1024/1024/1024
f 1027/1027/1027 1026/1026/1026 1024/1024/1024
f 1030/1030/1030 1029/1029/1029 1028/1028/1028
f 1031/1031/1031 1030/1030/1030 1028/1028/1028
f 1034/1034/1034 1033/1033/1033 1032/1032/1032
f 1035/1035/1035 1034/1034/1034 1032/1032/1032
f 1038/1038/1038 1037/1037/1037 1036/1036/1036
f 1039/1039/1039 1038/1038/1038 1036/1036/1036
f 1042/1042/1042 1041/1041/1041 1040/1040/1040
f 1043/1043/1043 1042/1042/1042 1040/1040/1040
f 1046/1046/1046 1045/1045/1045 1044/1044/1044
f 1047/1047/1047 1046/1046/1046 1044/1044/1044
f 1050/1050/1050 1049/1049/1049 1048/1048/1048
f 1051/1051/1051 1050/1050/1050 1048/1048/1048
f 1054/1054/1054 1053/1053/1053 1052/1052/1052
f 1055/1055/1055 1054/1054/1054 1052/1052/1052
f 1058/1058/1058 1057/1057/1057 1056/1056/1056
f 1059/1059/1059 1058/1058/1058 1056/1056/1056
f 1062/1062/1062 1061/1061/1061 1060/1060/1060
f 1061/1061/1061 1063/1063/1063 1060/1060/1060
f 1063/1063/1063 1061/1061/1061 1064/1064/1064
f 1065/1065/1065 1063/1063/1063 1064/1064/1064
f 1068/1068/1068 1067/1067/1067 1066/1066/1066
f 1067/1067/1067 1069/1069/1069 1066/1066/1066
f 1069/1069/1069 1067/1067/1067 1070/1070/1070
f 1071/1071/1071 1069/1069/1069 1070/1070/1070
f 1074/1074/1074 1073/1073/1073 1072/1072/1072
f 1073/1073/1073 1075/1075/1075 1072/1072/1072
f 1075/1075/1075 1073/1073/1073 1076/1076/1076
f 1077/1077/1077 1075/1075/1075 1076/1076/1076
f 1080/1080/1080 1079/1079/1079 1078/1078/1078
f 1079/1079/1079 1081/1081/1081 1078/1078/1078
f 1081/1081/1081 1079/1079/1079 1082/1082/1082
f 1083/1083/1083 1081/1081/1081 1082/1082/1082
f 1086/1086/1086 1085/1085/1085 1084/1084/1084
f 1085/1085/1085 1087/1087/1087 1084/1084/1084
f 1087/1087/1087 1085/1085/1085 1088/1088/1088
f 1089/1089/1089 1087/1087/1087 1088/1088/1088
f 1092/1092/1092 1091/1091/1091 1090/1090/1090
f 1091/1091/1091 1093/1093/1093 1090/1090/1090
f 1093/1093/1093 1091/1091/1091 1094/1094/1094
f 1095/1095/1095 1093/1093/1093 1094/1094/1094
f 1098/1098/1098 1097/1097/1097 1096/1096/1096
f 1097/1097/1097 1099/1099/1099 1096/1096/1096
f 1099/1099/1099 1097/1097/1097 1100/1100/1100
f 1101/1101/1101 1099/1099/1099 1100/1100/1100
f 1104/1104/1104 1103/1103/1103 1102/1102/1102
f 1103/1103/1103 1105/1105/1105 1102/1102/1102
f 1105/1105/1105 1103/1103/1103 1106/1106/1106
f 1107/1107/1107 1105/1105/1105 1106/1106/1106
f 1110/1110/1110 1109/1109/1109 1108/1108/1108
f 1109/1109/1109 1111/1111/1111 1108/1108/1108
f 1111/1111/1111 1109/1109/1109 1112/1112/1112
f 1113/1113/1113 1111/1111/1111 1112/1112/1112
f 1116/1116/1116 1115/1115/1115 1114/1114/1114
f 1115/1115/1115 1117/1117/1117 1114/1114/1114
f 1117/1117/1117 1115/1115/1115 1118/1118/1118
f 1119/1119/1119 1117/1117/1117 1118/1118/1118
f 1122/1122/1122 1121/1121/1121 1120/1120/1120
f 1121/1121/1121 1123/1123/1123 1120/1120/1120
f 1123/1123/1123 1121/1121/1121 1124/1124/1124
f 1125/1125/1125 1123/1123/1123 1124/1124/1124
f 1128/1128/1128 1127/1127/1127 1126/1126/1126
f 1127/1127/1127 1129/1129/1129 1126/1126/1126
f 1129/1129/1129 1127/1127/1127 1130/1130/1130
f 1131/1131/1131 1129/1129/1129 1130/1130/1130
f 1134/1134/1134 1133/1133/1133 1132/1132/1132
f 1133/1133/1133 1135/1135/1135 1132/1132/1132
f 1135/1135/1135 1133/1133/1133 1136/1136/1136
f 1137/1137/1137 1135/1135/1135 1136/1136/1136
f 1140/1140/1140 1139/1139/1139 1138/1138/1138
f 1139/1139/1139 1141/1141/1141 1138/1138/1138
f 1141/1141/1141 1139/1139/1139 1142/1142/1142
f 1143/1143/1143 1141/1141/1141 1142/1142/1142
f 1146/1146/1146 1145/1145/1145 1144/1144/1144
f 1145/1145/1145 1147/1147/1147 1144/1144/1144
f 1147/1147/1147 1145/1145/1145 1148/1148/1148
f 1149/1149/1149 1147/1147/1147 1148/1148/1148
f 1152/1152/1152 1151/1151/1151 1150/1150/1150
f 1151/1151/1151 1153/1153/1153 1150/1150/1150
f 1153/1153/1153 1151/1151/1151 1154/1154/1154
f 1155/1155/1155 1153/1153/1153 1154/1154/1154
f 1158/1158/1158 1157/1157/1157 1156/1156/1156
f 1157/1157/1157 1159/1159/1159 1156/1156/1156
f 1159/1159/1159 1157/1157/1157 1160/1160/1160
f 1161/1161/1161 1159/1159/1159 1160/1160/1160
f 1164/1164/1164 1163/1163/1163 1162/1162/1162
f 1163/1163/1163 1165/1165/1165 1162/1162/1162
f 1165/1165/1165 1163/1163/1163 1166/1166/1166
f 1167/1167/1167 1165/1165/1165 1166/1166/1166
f 1170/1170/1170 1169/1169/1169 1168/1168/1168
f 1169/1169/1169 1171/1171/1171 1168/1168/1168
f 1171/1171/1171 1169/1169/1169 1172/1172/1172
f 1173/1173/1173 1171/1171/1171 1172/1172/1172
f 1176/1176/1176 1175/1175/1175 1174/1174/1174
f 1175/1175/1175 1177/1177/1177 1174/1174/1174
f 1177/1177/1177 1175/1175/1175 1178/1178/1178
f 1179/1179/1179 1177/1177/1177 1178/1178/1178
f 1182/1182/1182 1181/1181/1181 1180/1180/1180
f 1181/1181/1181 1183/1183/1183 1180/1180/1180
f 1183/1183/1183 1181/1181/1181 1184/1184/1184
f 1185/1185/1185 1183/1183/1183 1184/1184/1184
f 1188/1188/1188 1187/1187/1187 1186/1186/1186
f 1187/1187/1187 1189/1189/1189 1186/1186/1186
f 1189/1189/1189 1187/1187/1187 1190/1190/1190
f 1191/1191/1191 1189/1189/1189 1190/1190/1190
f 1194/1194/1194 1193/1193/1193 1192/1192/1192
f 1193/1193/1193 1195/1195/1195 1192/1192/1192
f 1195/1195/1195 1193/1193/1193 1196/1196/1196
f 1197/1197/1197 1195/1195/1195 1196/1196/1196
f 1200/1200/1200 1199/1199/1199 1198/1198/1198
f 1199/1199/1199 1201/1201/1201 1198/1198/1198
f 1201/1201/1201 1199/1199/1199 1202/1202/1202
f 1203/1203/1203 1201/1201/1201 1202/1202/1202
f 1206/1206/1206 1205/1205/1205 1204/1204/1204
f 1205/1205/1205 1207/1207/1207 1204/1204/1204
f 1207/1207/1207 1205/1205/1205 1208/1208/1208
f 1209/1209/1209 1207/1207/1207 1208/1208/1208
f 1212/1212/1212 1211/1211/1211 1210/1210/1210
f 1211/1211/1211 1213/1213/1213 1210/1210/1210
f 1213/1213/1213 1211/1211/1211 1214/1214/1214
f 1215/1215/1215 1213/1213/1213 1214/1214/1214
f 1218/1218/1218 1217/1217/1217 1216/1216/1216
f 1217/1217/1217 1219/1219/1219 1216/1216/1216
f 1219/1219/1219 1217/1217/1217 1220/1220/1220
f 1221/1221/1221 1219/1219/1219 1220/1220/1220
f 1224/1224/1224 1223/1223/1223 1222/1222/1222
f 1223/1223/1223 1225/1225/1225 1222/1222/1222
f 1225/1225/1225 1223/1223/1223 1226/1226/1226
f 1227/1227/1227 1225/1225/1225 1226/1226/1226
f 1230/1230/1230 1229/1229/1229 1228/1228/1228
f 1229/1229/1229 1231/1231/1231 1228/1228/1228
f 1231/1231/1231 1229/1229/1229 1232/1232/1232
f 1233/1233/1233 1231/1231/1231 1232/1232/1232
f 1236/1236/1236 1235/1235/1235 1234/1234/1234
f 1235/1235/1235 1237/1237/1237 1234/1234/1234
f 1237/1237/1237 1235/1235/1235 1238/1238/1238
f 1239/1239/1239 1237/1237/1237 1238/1238/1238
f 1242/1242/1242 1241/1241/1241 1240/1240/1240
f 1241/1241/1241 1243/1243/1243 1240/1240/1240
f 1243/1243/1243 1241/1241/1241 1244/1244/1244
f 1245/1245/1245 1243/1243/1243 1244/1244/1244
f 1248/1248/1248 1247/1247/1247 1246/1246/1246
f 1247/1247/1247 1249/1249/1249 1246/1246/1246
f 1249/1249/1249 1247/1247/1247 1250/1250/1250
f 1251/1251/1251 1249/1249/1249 1250/1250/1250
f 1254/1254/1254 1253/1253/1253 1252/1252/1252
f 1253/1253/1253 1255/1255/1255 1252/1252/1252
f 1255/1255/1255 1253/1253/1253 1256/1256/1256
f 1257/1257/1257 1255/1255/1255 1256/1256/1256
f 1260/1260/1260 1259/1259/1259 1258/1258/1258
f 1259/1259/1259 1261/1261/1261 1258/1258/1258
f 1261/1261/1261 1259/1259/1259 1262/1262/1262
f 1263/1263/1263 1261/1261/1261 1262/1262/1262
f 1266/1266/1266 1265/1265/1265 1264/1264/1264
f 1265/1265/1265 1267/1267/1267 1264/1264/1264
f 1267/1267/1267 1265/1265/1265 1268/1268/1268
f 1269/1269/1269 1267/1267/1267 1268/1268/1268
f 1272/1272/1272 1271/1271/1271 1270/1270/1270
f 1271/1271/1271 1273/1273/1273 1270/1270/1270
f 1273/1273/1273 1271/1271/1271 1274/1274/1274
f 1275/1275/1275 1273/1273/1273 1274/1274/1274
f 1278/1278/1278 1277/1277/1277 1276/1276/1276
f 1277/1277/1277 1279/1279/1279 1276/1276/1276
f 1279/1279/1279 1277/1277/1277 1280/1280/1280
f 1281/1281/1281 1279/1279/1279 1280/1280/1280
f 1284/1284/1284 1283/1283/1283 1282/1282/1282
f 1283/1283/1283 1285/1285/1285 1282/1282/1282
f 1285/1285/1285 1283/1283/1283 1286/1286/1286
f 1287/1287/1287 1285/1285/1285 1286/1286/1286
f 1290/1290/1290 1289/1289/1289 1288/1288/1288
f 1289/1289/1289 1291/1291/1291 1288/1288/1288
f 1291/1291/1291 1289/1289/1289 1292/1292/1292
f 1293/1293/1293 1291/1291/1291 1292/1292/1292
f 1296/1296/1296 1295/1295/1295 1294/1294/1294
f 1295/1295/1295 1297/1297/1297 1294/1294/1294
f 1297/1297/1297 1295/1295/1295 1298/1298/1298
f 1299/1299/1299 1297/1297/1297 1298/1298/1298
f 1302/1302/1302 1301/1301/1301 1300/1300/1300
f 1301/1301/1301 1303/1303/1303 1300/1300/1300
f 1303/1303/1303 1301/1301/1301 1304/1304/1304
f 1305/1305/1305 1303/1303/1303 1304/1304/1304
f 1308/1308/1308 1307/1307/1307 1306/1306/1306
f 1307/1307/1307 1309/1309/1309 1306/1306/1306
f 1309/1309/1309 1307/1307/1307 1310/1310/1310
f 1311/1311/1311 1309/1309/1309 1310/1310/1310
f 1314/1314/1314 1313/1313/1313 1312/1312/1312
f 1313/1313/1313 1315/1315/1315 1312/1312/1312
f 1315/1315/1315 1313/1313/1313 1316/1316/1316
f 1317/1317/1317 1315/1315/1315 1316/1316/1316
f 1320/1320/1320 1319/1319/1319 1318/1318/1318
f 1319/1319/1319 1321/1321/1321 1318/1318/1318
f 1321/1321/1321 1319/1319/1319 1322/1322/1322
f 1323/1323/1323 1321/1321/1321 1322/1322/1322
f 1326/1326/1326 1325/1325/1325 1324/1324/1324
f 1325/1325/1325 1327/1327/1327 1324/1324/1324
f 1327/1327/1327 1325/1325/1325 1328/1328/1328
f 1329/1329/1329 1327/1327/1327 1328/1328/1328
f 1332/1332/1332 1331/1331/1331 1330/1330/1330
f 1331/1331/1331 1333/1333/1333 1330/1330/1330
f 1333/1333/1333 1331/1331/1331 1334/1334/1334
f 1335/1335/1335 1333/1333/1333 1334/1334/1334
f 1338/1338/1338 1337/1337/1337 1336/1336/1336
f 1337/1337/1337 1339/1339/1339 1336/1336/1336
f 1339/1339/1339 1337/1337/1337 1340/1340/1340
f 1341/1341/1341 1339/1339/1339 1340/1340/1340
f 1344/1344/1344 1343/1343/1343 1342/1342/1342
f 1343/1343/1343 1345/1345/1345 1342/1342/1342
f 1345/1345/1345 1343/1343/1343 1346/1346/1346
f 1347/1347/1347 1345/1345/1345 1346/1346/1346
f 1350/1350/1350 1349/1349/1349 1348/1348/1348
f 1349/1349/1349 1351/1351/1351 1348/1348/1348
f 1351/1351/1351 1349/1349/1349 1352/1352/1352
f 1353/1353/1353 1351/1351/1351 1352/1352/1352
f 1356/1356/1356 1355/1355/1355 1354/1354/1354
f 1355/1355/1355 1357/1357/1357 1354/1354/1354
f 1357/1357/1357 1355/1355/1355 1358/1358/1358
f 1359/1359/1359 1357/1357/1357 1358/1358/1358
f 1362/1362/1362 1361/1361/1361 1360/1360/1360
f 1361/1361/1361 1363/1363/1363 1360/1360/1360
f 1363/1363/1363 1361/1361/1361 1364/1364/1364
f 1365/1365/1365 1363/1363/1363 1364/1364/1364
f 1368/1368/1368 1367/1367/1367 1366/1366/1366
f 1367/1367/1367 1369/1369/1369 1366/1366/1366
f 1369/1369/1369 1367/1367/1367 1370/1370/1370
f 1371/1371/1371 1369/1369/1369 1370/1370/1370
f 1374/1374/1374 1373/1373/1373 1372/1372/1372
f 1373/1373/1373 1375/1375/1375 1372/1372/1372
f 1375/1375/1375 1373/1373/1373 1376/1376/1376
f 1377/1377/1377 1375/1375/1375 1376/1376/1376
f 1380/1380/1380 1379/1379/1379 1378/1378/1378
f 1379/1379/1379 1381/1381/1381 1378/1378/1378
f 1381/1381/1381 1379/1379/1379 1382/1382/1382
f 1383/1383/1383 1381/1381/1381 1382/1382/1382
f 1386/1386/1386 1385/1385/1385 1384/1384/1384
f 1385/1385/1385 1387/1387/1387 1384/1384/1384
f 1387/1387/1387 1385/1385/1385 1388/1388/1388
f 1389/1389/1389 1387/1387/1387 1388/1388/1388
f 1392/1392/1392 1391/1391/1391 1390/1390/1390
f 1391/1391/1391 1393/1393/1393 1390/1390/1390
f 1393/1393/1393 1391/1391/1391 1394/1394/1394
f 1395/1395/1395 1393/1393/1393 1394/1394/1394
f 1398/1398/1398 1397/1397/1397 1396/1396/1396
f 1397/1397/1397 1399/1399/1399 1396/1396/1396
f 1399/1399/1399 1397/1397/1397 1400/1400/1400
f 1401/1401/1401 1399/1399/1399 1400/1400/1400
f 1404/1404/1404 1403/1403/1403 1402/1402/1402
f 1403/1403/1403 1405/1405/1405 1402/1402/1402
f 1405/1405/1405 1403/1403/1403 1406/1406/1406
f 1407/1407/1407 1405/1405/1405 1406/1406/1406
f 1410/1410/1410 1409/1409/1409 1408/1408/1408
f 1409/1409/1409 1411/1411/1411 1408/1408/1408
f 1411/1411/1411 1409/1409/1409 1412/1412/1412
f 1413/1413/1413 1411/1411/1411 1412/1412/1412
f 1416/1416/1416 1415/1415/1415 1414/1414/1414
f 1415/1415/1415 1417/1417/1417 1414/1414/1414
f 1417/1417/1417 1415/1415/1415 1418/1418/1418
f 1419/1419/1419 1417/1417/1417 1418/1418/1418
f 1422/1422/1422 1421/1421/1421 1420/1420/1420
f 1421/1421/1421 1423/1423/1423 1420/1420/1420
f 1423/1423/1423 1421/1421/1421 1424/1424/1424
f 1425/1425/1425 1423/1423/1423 1424/1424/1424
f 1428/1428/1428 1427/1427/1427 1426/1426/1426
f 1427/1427/1427 1429/1429/1429 1426/1426/1426
f 1429/1429/1429 1427/1427/1427 1430/1430/1430
f 1431/1431/1431 1429/1429/1429 1430/1430/1430
f 1434/1434/1434 1433/1433/1433 1432/1432/1432
f 1433/1433/1433 1435/1435/1435 1432/1432/1432
f 1435/1435/1435 1433/1433/1433 1436/1436/1436
f 1437/1437/1437 1435/1435/1435 1436/1436/1436
f 1440/1440/1440 1439/1439/1439 1438/1438/1438
f 1439/1439/1439 1441/1441/1441 1438/1438/1438
f 1441/1441/1441 1439/1439/1439 1442/1442/1442
f 1443/1443/1443 1441/1441/1441 1442/1442/1442
f 1446/1446/1446 1445/1445/1445 1444/1444/1444
f 1445/1445/1445 1447/1447/1447 1444/1444/1444
f 1447/1447/1447 1445/1445/1445 1448/1448/1448
f 1449/1449/1449 1447/1447/1447 1448/1448/1448
f 1452/1452/1452 1451/1451/1451 1450/1450/1450
f 1451/1451/1451 1453/1453/1453 1450/1450/1450
f 1453/1453/1453 1451/1451/1451 1454/1454/1454
f 1455/1455/1455 1453/1453/1453 1454/1454/1454
f 1458/1458/1458 1457/1457/1457 1456/1456/1456
f 1457/1457/1457 1459/1459/1459 1456/1456/1456
f 1459/1459/1459 1457/1457/1457 1460/1460/1460
f 1461/1461/1461 1459/1459/1459 1460/1460/1460
f 1464/1464/1464 1463/1463/1463 1462/1462/1462
f 1463/1463/1463 1465/1465/1465 1462/1462/1462
f 1465/1465/1465 1463/1463/1463 1466/1466/1466
f 1467/1467/1467 1465/1465/1465 1466/1466/1466
f 1470/1470/1470 1469/1469/1469 1468/1468/1468
f 1469/1469/1469 1471/1471/1471 1468/1468/1468
f 1471/1471/1471 1469/1469/1469 1472/1472/1472
f 1473/1473/1473 1471/1471/1471 1472/1472/1472
f 1476/1476/1476 1475/1475/1475 1474/1474/1474
f 1475/1475/1475 1477/1477/1477 1474/1474/1474
f 1477/1477/1477 1475/1475/1475 1478/1478/1478
f 1479/1479/1479 1477/1477/1477 1478/1478/1478
f 1482/1482/1482 1481/1481/1481 1480/1480/1480
f 1481/1481/1481 1483/1483/1483 1480/1480/1480
f 1483/1483/1483 1481/1481/1481 1484/1484/1484
f 1485/1485/1485 1483/1483/1483 1484/1484/1484
f 1488/1488/1488 1487/1487/1487 1486/1486/1486
f 1487/1487/1487 1489/1489/1489 1486/1486/1486
f 1489/1489/1489 1487/1487/1487 1490/1490/1490
f 1491/1491/1491 1489/1489/1489 1490/1490/1490
f 1494/1494/1494 1493/1493/1493 1492/1492/1492
f 1493/1493/1493 1495/1495/1495 1492/1492/1492
f 1495/1495/1495 1493/1493/1493 1496/1496/1496
f 1497/1497/1497 1495/1495/1495 1496/1496/1496
f 1500/1500/1500 1499/1499/1499 1498/1498/1498
f 1499/1499/1499 1501/1501/1501 1498/1498/1498
f 1501/1501/1501 1499/1499/1499 1502/1502/1502
f 1503/1503/1503 1501/1501/1501 1502/1502/1502
f 1506/1506/1506 1505/1505/1505 1504/1504/1504
f 1505/1505/1505 1507/1507/1507 1504/1504/1504
f 1507/1507/1507 1505/1505/1505 1508/1508/1508
f 1509/1509/1509 1507/1507/1507 1508/1508/1508
f 1512/1512/1512 1511/1511/1511 1510/1510/1510
f 1511/1511/1511 1513/1513/1513 1510/1510/1510
f 1513/1513/1513 1511/1511/1511 1514/1514/1514
f 1515/1515/1515 1513/1513/1513 1514/1514/1514
f 1518/1518/1518 1517/1517/1517 1516/1516/1516
f 1517/1517/1517 1519/1519/1519 1516/1516/1516
f 1519/1519/1519 1517/1517/1517 1520/1520/1520
f 1521/1521/1521 1519/1519/1519 1520/1520/1520
f 1524/1524/1524 1523/1523/1523 1522/1522/1522
f 1523/1523/1523 1525/1525/1525 1522/1522/1522
f 1525/1525/1525 1523/1523/1523 1526/1526/1526
f 1527/1527/1527 1525/1525/1525 1526/1526/1526
f 1530/1530/1530 1529/1529/1529 1528/1528/1528
f 1529/1529/1529 1531/1531/1531 1528/1528/1528
f 1531/1531/1531 1529/1529/1529 1532/1532/1532
f 1533/1533/1533 1531/1531/1531 1532/1532/1532
f 1536/1536/1536 1535/1535/1535 1534/1534/1534
f 1535/1535/1535 1537/1537/1537 1534/1534/1534
f 1537/1537/1537 1535/1535/1535 1538/1538/1538
f 1539/1539/1539 1537/1537/1537 1538/1538/1538
f 1542/1542/1542 1541/1541/1541 1540/1540/1540
f 1541/1541/1541 1543/1543/1543 1540/1540/1540
f 1543/1543/1543 1541/1541/1541 1544/1544/1544
f 1545/1545/1545 1543/1543/1543 1544/1544/1544
f 1548/1548/1548 1547/1547/1547 1546/1546/1546
f 1547/1547/1547 1549/1549/1549 1546/1546/1546
f 1549/1549/1549 1547/1547/1547 1550/1550/1550
f 1551/1551/1551 1549/1549/1549 1550/1550/1550
f 1554/1554/1554 1553/1553/1553 1552/1552/1552
f 1553/1553/1553 1555/1555/1555 1552/1552/1552
f 1555/1555/1555 1553/1553/1553 1556/1556/1556
f 1557/1557/1557 1555/1555/1555 1556/1556/1556
f 1560/1560/1560 1559/1559/1559 1558/1558/1558
f 1559/1559/1559 1561/1561/1561 1558/1558/1558
f 1561/1561/1561 1559/1559/1559 1562/1562/1562
f 1563/1563/1563 1561/1561/1561 1562/1562/1562
g QuadDecalSpawnPlane_(7)_d269a5bb
v 0.93494 1.22911 -0.11811
v 0.78344 1.22911 -0.06186
v 0.93494 1.5085 -0.11811
v 0.78344 1.5085 -0.06186
vn 0.5279815 1.3688 -0.9821532
vn 0.5279815 1.3688 -0.9821532
vn 0.5279815 1.3688 -0.9821532
vn 0.5279815 1.3688 -0.9821532
vt 0 0
vt 1 0
vt 0 1
vt 1 1
usemtl GlassDecalStencil (Instance)
f 1565/1565/1565 1567/1567/1567 1564/1564/1564
f 1566/1566/1566 1564/1564/1564 1567/1567/1567
g QuadDecalSpawnPlane_(8)_624e0149
v 1.10363 1.22911 -0.18073
v 0.95213 1.22911 -0.12449
v 1.10363 1.5085 -0.18073
v 0.95213 1.5085 -0.12449
vn 0.696667 1.3688 -1.044776
vn 0.696667 1.3688 -1.044776
vn 0.696667 1.3688 -1.044776
vn 0.696667 1.3688 -1.044776
vt 0 0
vt 1 0
vt 0 1
vt 1 1
usemtl GlassDecalStencil (Instance)
f 1569/1569/1569 1571/1571/1571 1568/1568/1568
f 1570/1570/1570 1568/1568/1568 1571/1571/1571
g QuadDecalSpawnPlane_(9)_92efe190
v 1.27431 1.22911 -0.24409
v 1.12281 1.22911 -0.18785
v 1.27431 1.5085 -0.24409
v 1.12281 1.5085 -0.18785
vn 0.8673487 1.3688 -1.10814
vn 0.8673487 1.3688 -1.10814
vn 0.8673487 1.3688 -1.10814
vn 0.8673487 1.3688 -1.10814
vt 0 0
vt 1 0
vt 0 1
vt 1 1
usemtl GlassDecalStencil (Instance)
f 1573/1573/1573 1575/1575/1575 1572/1572/1572
f 1574/1574/1574 1572/1572/1572 1575/1575/1575
g QuadDecalSpawnPlane_(10)_d70b5520
v 0.93494 0.92447 -0.11811
v 0.78344 0.92447 -0.06186
v 0.93494 1.20386 -0.11811
v 0.78344 1.20386 -0.06186
vn 0.5279815 1.06416 -0.9821535
vn 0.5279815 1.06416 -0.9821535
vn 0.5279815 1.06416 -0.9821535
vn 0.5279815 1.06416 -0.9821535
vt 0 0
vt 1 0
vt 0 1
vt 1 1
usemtl GlassDecalStencil (Instance)
f 1577/1577/1577 1579/1579/1579 1576/1576/1576
f 1578/1578/1578 1576/1576/1576 1579/1579/1579
g QuadDecalSpawnPlane_(11)_7ee969e8
v 1.10363 0.92447 -0.18073
v 0.95213 0.92447 -0.12449
v 1.10363 1.20386 -0.18073
v 0.95213 1.20386 -0.12449
vn 0.696667 1.06416 -1.044776
vn 0.696667 1.06416 -1.044776
vn 0.696667 1.06416 -1.044776
vn 0.696667 1.06416 -1.044776
vt 0 0
vt 1 0
vt 0 1
vt 1 1
usemtl GlassDecalStencil (Instance)
f 1581/1581/1581 1583/1583/1583 1580/1580/1580
f 1582/1582/1582 1580/1580/1580 1583/1583/1583
g QuadDecalSpawnPlane_(12)_51d7fcc3
v 1.27431 0.92447 -0.24409
v 1.12281 0.92447 -0.18785
v 1.27431 1.20386 -0.24409
v 1.12281 1.20386 -0.18785
vn 0.8673487 1.06416 -1.10814
vn 0.8673487 1.06416 -1.10814
vn 0.8673487 1.06416 -1.10814
vn 0.8673487 1.06416 -1.10814
vt 0 0
vt 1 0
vt 0 1
vt 1 1
usemtl GlassDecalStencil (Instance)
f 1585/1585/1585 1587/1587/1587 1584/1584/1584
f 1586/1586/1586 1584/1584/1584 1587/1587/1587
g QuadDecalSpawnPlane_(13)_bdadc1dc
v 0.93494 1.84791 -0.11811
v 0.78344 1.84791 -0.06186
v 0.93494 2.1273 -0.11811
v 0.78344 2.1273 -0.06186
vn 0.5279815 1.987601 -0.9821526
vn 0.5279815 1.987601 -0.9821526
vn 0.5279815 1.987601 -0.9821526
vn 0.5279815 1.987601 -0.9821526
vt 0 0
vt 1 0
vt 0 1
vt 1 1
usemtl GlassDecalStencil (Instance)
f 1589/1589/1589 1591/1591/1591 1588/1588/1588
f 1590/1590/1590 1588/1588/1588 1591/1591/1591
g QuadDecalSpawnPlane_(14)_3b205181
v 1.10363 1.84791 -0.18073
v 0.95213 1.84791 -0.12448
v 1.10363 2.1273 -0.18073
v 0.95213 2.1273 -0.12448
vn 0.696667 1.987601 -1.044775
vn 0.696667 1.987601 -1.044775
vn 0.696667 1.987601 -1.044775
vn 0.696667 1.987601 -1.044775
vt 0 0
vt 1 0
vt 0 1
vt 1 1
usemtl GlassDecalStencil (Instance)
f 1593/1593/1593 1595/1595/1595 1592/1592/1592
f 1594/1594/1594 1592/1592/1592 1595/1595/1595
g QuadDecalSpawnPlane_(15)_e69a6125
v 1.27431 1.84791 -0.24409
v 1.12281 1.84791 -0.18785
v 1.27431 2.1273 -0.24409
v 1.12281 2.1273 -0.18785
vn 0.8673487 1.987601 -1.108139
vn 0.8673487 1.987601 -1.108139
vn 0.8673487 1.987601 -1.108139
vn 0.8673487 1.987601 -1.108139
vt 0 0
vt 1 0
vt 0 1
vt 1 1
usemtl GlassDecalStencil (Instance)
f 1597/1597/1597 1599/1599/1599 1596/1596/1596
f 1598/1598/1598 1596/1596/1596 1599/1599/1599
g QuadDecalSpawnPlane_(16)_55801d06
v 0.93494 1.5401 -0.11811
v 0.78344 1.5401 -0.06186
v 0.93494 1.81949 -0.11811
v 0.78344 1.81949 -0.06186
vn 0.5279815 1.679787 -0.9821529
vn 0.5279815 1.679787 -0.9821529
vn 0.5279815 1.679787 -0.9821529
vn 0.5279815 1.679787 -0.9821529
vt 0 0
vt 1 0
vt 0 1
vt 1 1
usemtl GlassDecalStencil (Instance)
f 1601/1601/1601 1603/1603/1603 1600/1600/1600
f 1602/1602/1602 1600/1600/1600 1603/1603/1603
g QuadDecalSpawnPlane_(17)_879a014a
v 1.10363 1.5401 -0.18073
v 0.95213 1.5401 -0.12449
v 1.10363 1.81949 -0.18073
v 0.95213 1.81949 -0.12449
vn 0.696667 1.679787 -1.044776
vn 0.696667 1.679787 -1.044776
vn 0.696667 1.679787 -1.044776
vn 0.696667 1.679787 -1.044776
vt 0 0
vt 1 0
vt 0 1
vt 1 1
usemtl GlassDecalStencil (Instance)
f 1605/1605/1605 1607/1607/1607 1604/1604/1604
f 1606/1606/1606 1604/1604/1604 1607/1607/1607
g QuadDecalSpawnPlane_(18)_76e559e0
v 1.27431 1.5401 -0.24409
v 1.12281 1.5401 -0.18785
v 1.27431 1.81949 -0.24409
v 1.12281 1.81949 -0.18785
vn 0.8673488 1.679787 -1.10814
vn 0.8673488 1.679787 -1.10814
vn 0.8673488 1.679787 -1.10814
vn 0.8673488 1.679787 -1.10814
vt 0 0
vt 1 0
vt 0 1
vt 1 1
usemtl GlassDecalStencil (Instance)
f 1609/1609/1609 1611/1611/1611 1608/1608/1608
f 1610/1610/1610 1608/1608/1608 1611/1611/1611
g QuadDecalSpawnPlane_(19)_1b3070e0
v 0.93494 2.1562 -0.11811
v 0.78344 2.1562 -0.06186
v 0.93494 2.43559 -0.11811
v 0.78344 2.43559 -0.06186
vn 0.5279815 2.29589 -0.9821524
vn 0.5279815 2.29589 -0.9821524
vn 0.5279815 2.29589 -0.9821524
vn 0.5279815 2.29589 -0.9821524
vt 0 0
vt 1 0
vt 0 1
vt 1 1
usemtl GlassDecalStencil (Instance)
f 1613/1613/1613 1615/1615/1615 1612/1612/1612
f 1614/1614/1614 1612/1612/1612 1615/1615/1615
g QuadDecalSpawnPlane_(20)_46d56dc6
v 1.10363 2.1562 -0.18073
v 0.95213 2.1562 -0.12448
v 1.10363 2.43559 -0.18073
v 0.95213 2.43559 -0.12448
vn 0.6966668 2.29589 -1.044775
vn 0.6966668 2.29589 -1.044775
vn 0.6966668 2.29589 -1.044775
vn 0.6966668 2.29589 -1.044775
vt 0 0
vt 1 0
vt 0 1
vt 1 1
usemtl GlassDecalStencil (Instance)
f 1617/1617/1617 1619/1619/1619 1616/1616/1616
f 1618/1618/1618 1616/1616/1616 1619/1619/1619
g QuadDecalSpawnPlane_(21)_ecf8b46b
v 1.27431 2.1562 -0.24409
v 1.12281 2.1562 -0.18785
v 1.27431 2.43559 -0.24409
v 1.12281 2.43559 -0.18785
vn 0.8673487 2.29589 -1.108139
vn 0.8673487 2.29589 -1.108139
vn 0.8673487 2.29589 -1.108139
vn 0.8673487 2.29589 -1.108139
vt 0 0
vt 1 0
vt 0 1
vt 1 1
usemtl GlassDecalStencil (Instance)
f 1621/1621/1621 1623/1623/1623 1620/1620/1620
f 1622/1622/1622 1620/1620/1620 1623/1623/1623
g QuadDecalSpawnPlane_(1)_64771a5d
v 0.93508 0.47886 -0.11809
v 0.78358 0.47886 -0.06185
v 0.93508 0.75825 -0.11809
v 0.78358 0.75825 -0.06185
vn 0.5281221 0.6185493 -0.9821402
vn 0.5281221 0.6185493 -0.9821402
vn 0.5281221 0.6185493 -0.9821402
vn 0.5281221 0.6185493 -0.9821402
vt 0 0
vt 1 0
vt 0 1
vt 1 1
usemtl GlassDecalStencil (Instance)
f 1625/1625/1625 1627/1627/1627 1624/1624/1624
f 1626/1626/1626 1624/1624/1624 1627/1627/1627
g QuadDecalSpawnPlane_(2)_dc08085e
v 1.10377 0.47886 -0.18072
v 0.95227 0.47886 -0.12447
v 1.10377 0.75825 -0.18072
v 0.95227 0.75825 -0.12447
vn 0.6968077 0.6185493 -1.044763
vn 0.6968077 0.6185493 -1.044763
vn 0.6968077 0.6185493 -1.044763
vn 0.6968077 0.6185493 -1.044763
vt 0 0
vt 1 0
vt 0 1
vt 1 1
usemtl GlassDecalStencil (Instance)
f 1629/1629/1629 1631/1631/1631 1628/1628/1628
f 1630/1630/1630 1628/1628/1628 1631/1631/1631
g QuadDecalSpawnPlane_(3)_f7c682a1
v 1.27445 0.47886 -0.24408
v 1.12295 0.47886 -0.18784
v 1.27445 0.75825 -0.24408
v 1.12295 0.75825 -0.18784
vn 0.8674895 0.6185493 -1.108127
vn 0.8674895 0.6185493 -1.108127
vn 0.8674895 0.6185493 -1.108127
vn 0.8674895 0.6185493 -1.108127
vt 0 0
vt 1 0
vt 0 1
vt 1 1
usemtl GlassDecalStencil (Instance)
f 1633/1633/1633 1635/1635/1635 1632/1632/1632
f 1634/1634/1634 1632/1632/1632 1635/1635/1635
g QuadDecalSpawnPlane_(4)_71be6063
v 0.93508 0.1749 -0.11809
v 0.78358 0.1749 -0.06185
v 0.93508 0.45429 -0.11809
v 0.78358 0.45429 -0.06185
vn 0.5281221 0.3145913 -0.9821407
vn 0.5281221 0.3145913 -0.9821407
vn 0.5281221 0.3145913 -0.9821407
vn 0.5281221 0.3145913 -0.9821407
vt 0 0
vt 1 0
vt 0 1
vt 1 1
usemtl GlassDecalStencil (Instance)
f 1637/1637/1637 1639/1639/1639 1636/1636/1636
f 1638/1638/1638 1636/1636/1636 1639/1639/1639
g QuadDecalSpawnPlane_(5)_226dd40a
v 1.10377 0.1749 -0.18072
v 0.95227 0.1749 -0.12447
v 1.10377 0.45429 -0.18072
v 0.95227 0.45429 -0.12447
vn 0.6968076 0.3145913 -1.044764
vn 0.6968076 0.3145913 -1.044764
vn 0.6968076 0.3145913 -1.044764
vn 0.6968076 0.3145913 -1.044764
vt 0 0
vt 1 0
vt 0 1
vt 1 1
usemtl GlassDecalStencil (Instance)
f 1641/1641/1641 1643/1643/1643 1640/1640/1640
f 1642/1642/1642 1640/1640/1640 1643/1643/1643
g QuadDecalSpawnPlane_(6)_547346ed
v 1.27445 0.1749 -0.24408
v 1.12295 0.1749 -0.18784
v 1.27445 0.45429 -0.24408
v 1.12295 0.45429 -0.18784
vn 0.8674895 0.3145913 -1.108127
vn 0.8674895 0.3145913 -1.108127
vn 0.8674895 0.3145913 -1.108127
vn 0.8674895 0.3145913 -1.108127
vt 0 0
vt 1 0
vt 0 1
vt 1 1
usemtl GlassDecalStencil (Instance)
f 1645/1645/1645 1647/1647/1647 1644/1644/1644
f 1646/1646/1646 1644/1644/1644 1647/1647/1647
