mtllib ToiletPaperHanger_83b76392.mtl
g toilet_paper_hanger_4_734975d6
v 0.16831 0.79092 1.9772
v 0.36797 0.78601 1.97588
v 0.36797 0.79092 1.9772
v 0.30373 0.64426 1.98571
v 0.30373 0.6457 1.99105
v 0.30606 0.64884 1.98924
v 0.30373 0.64961 1.99496
v 0.30373 0.65495 1.99639
v 0.30606 0.65495 1.99276
v 0.3714 0.78601 1.97358
v 0.37449 0.78066 1.97646
v 0.37449 0.78601 1.97503
v 0.3714 0.77994 1.97521
v 0.37449 0.77675 1.98037
v 0.37449 0.78066 1.97646
v 0.18313 0.80297 2.0323
v 0.19041 0.80358 2.03442
v 0.18313 0.80503 2.03442
v 0.1988 0.77951 2.0323
v 0.19512 0.77401 2.0323
v 0.19658 0.77255 2.03442
v 0.19041 0.80358 2.03442
v 0.19658 0.79946 2.03596
v 0.19041 0.80358 2.03596
v 0.17585 0.80358 2.03596
v 0.18313 0.80503 2.03596
v 0.18313 0.80832 2.03759
v 0.34841 0.80358 2.03442
v 0.35458 0.79946 2.03442
v 0.35458 0.79946 2.03596
v 0.34841 0.80358 2.03442
v 0.35458 0.79946 2.03596
v 0.34841 0.80358 2.03596
v 0.35284 0.81429 2.03894
v 0.36278 0.80765 2.04371
v 0.35284 0.81429 2.04371
v 0.14046 0.76871 1.98571
v 0.15355 0.77555 1.98079
v 0.1398 0.76985 1.98079
v 0.1539 0.77428 1.98571
v 0.16831 0.77749 1.98079
v 0.1398 0.76985 1.99062
v 0.16831 0.77618 1.98571
v 0.15355 0.77555 1.99062
v 0.138 0.77297 1.99422
v 0.12545 0.76334 1.99422
v 0.12799 0.76079 1.99062
v 0.15262 0.77902 1.99422
v 0.16831 0.77749 1.99062
v 0.16831 0.78109 1.99422
v 0.36797 0.78109 1.99422
v 0.36797 0.77749 1.99062
v 0.36797 0.77618 1.98571
v 0.11261 0.72048 1.98571
v 0.11323 0.73523 1.98079
v 0.11129 0.72048 1.98079
v 0.11451 0.70606 1.98571
v 0.11323 0.70572 1.98079
v 0.11323 0.70572 1.99062
v 0.11129 0.72048 1.99062
v 0.11893 0.69197 1.99062
v 0.12007 0.69263 1.98571
v 0.11893 0.69197 1.98079
v 0.12892 0.68109 1.98571
v 0.12799 0.68016 1.98079
v 0.14046 0.67224 1.98571
v 0.12799 0.68016 1.98079
v 0.1398 0.6711 1.98079
v 0.12892 0.68109 1.98571
v 0.1398 0.6711 1.99062
v 0.12799 0.68016 1.99062
v 0.12007 0.69263 1.98571
v 0.11893 0.69197 1.99062
v 0.15355 0.77555 1.98079
v 0.16831 0.77749 1.98079
v 0.16831 0.78109 1.9772
v 0.15262 0.77902 1.9772
v 0.1398 0.76985 1.98079
v 0.138 0.77297 1.9772
v 0.12799 0.76079 1.98079
v 0.12545 0.76334 1.9772
v 0.11893 0.74898 1.98079
v 0.12799 0.76079 1.98079
v 0.12545 0.76334 1.9772
v 0.11581 0.75078 1.9772
v 0.11323 0.73523 1.98079
v 0.10976 0.73616 1.9772
v 0.11129 0.72048 1.98079
v 0.10769 0.72048 1.9772
v 0.11323 0.70572 1.98079
v 0.10976 0.70479 1.9772
v 0.11893 0.69197 1.98079
v 0.11581 0.69017 1.9772
v 0.12799 0.68016 1.98079
v 0.12545 0.67761 1.9772
v 0.1398 0.6711 1.98079
v 0.12799 0.68016 1.98079
v 0.12545 0.67761 1.9772
v 0.138 0.66798 1.9772
v 0.13554 0.77723 1.97588
v 0.15008 0.78852 1.9772
v 0.13309 0.78148 1.9772
v 0.12197 0.76681 1.97588
v 0.12197 0.76681 1.97588
v 0.13309 0.78148 1.9772
v 0.1185 0.77029 1.9772
v 0.11156 0.75324 1.97588
v 0.1073 0.7557 1.9772
v 0.10501 0.73744 1.97588
v 0.10026 0.73871 1.9772
v 0.10278 0.72048 1.97588
v 0.09786 0.72048 1.9772
v 0.10501 0.70352 1.97588
v 0.10026 0.70224 1.9772
v 0.11156 0.68771 1.97588
v 0.1073 0.68525 1.9772
v 0.12197 0.67414 1.97588
v 0.1185 0.67066 1.9772
v 0.13554 0.66373 1.97588
v 0.13309 0.65947 1.9772
v 0.15135 0.65718 1.97588
v 0.15008 0.65243 1.9772
v 0.16831 0.65495 1.97588
v 0.16831 0.65003 1.9772
v 0.29721 0.65003 1.9772
v 0.29721 0.65495 1.97588
v 0.16831 0.65986 1.9772
v 0.29721 0.65986 1.9772
v 0.15262 0.66193 1.9772
v 0.138 0.66798 1.9772
v 0.12545 0.67761 1.9772
v 0.11581 0.69017 1.9772
v 0.10976 0.70479 1.9772
v 0.10769 0.72048 1.9772
v 0.10976 0.73616 1.9772
v 0.11581 0.75078 1.9772
v 0.12545 0.76334 1.9772
v 0.13554 0.77723 1.97588
v 0.138 0.77297 1.9772
v 0.15135 0.78377 1.97588
v 0.15008 0.78852 1.9772
v 0.15262 0.77902 1.9772
v 0.16831 0.79092 1.9772
v 0.16831 0.78601 1.97588
v 0.16831 0.78109 1.9772
v 0.36797 0.78601 1.97588
v 0.36797 0.78109 1.9772
v 0.1185 0.77029 1.9772
v 0.13129 0.7846 1.98079
v 0.11595 0.77283 1.98079
v 0.13309 0.78148 1.9772
v 0.14915 0.79199 1.98079
v 0.15008 0.78852 1.9772
v 0.14881 0.79327 1.98571
v 0.13063 0.78574 1.98571
v 0.16831 0.79452 1.98079
v 0.16831 0.79092 1.9772
v 0.36797 0.79092 1.9772
v 0.36797 0.79452 1.98079
v 0.16831 0.79583 1.98571
v 0.36797 0.79583 1.98571
v 0.1073 0.7557 1.9772
v 0.1185 0.77029 1.9772
v 0.11595 0.77283 1.98079
v 0.10418 0.7575 1.98079
v 0.13129 0.7846 1.98079
v 0.13063 0.78574 1.98571
v 0.11502 0.77376 1.98571
v 0.10026 0.73871 1.9772
v 0.1073 0.7557 1.9772
v 0.10418 0.7575 1.98079
v 0.09679 0.73964 1.98079
v 0.09786 0.72048 1.9772
v 0.09426 0.72048 1.98079
v 0.10026 0.70224 1.9772
v 0.09551 0.73998 1.98571
v 0.09679 0.70131 1.98079
v 0.09295 0.72048 1.98571
v 0.09551 0.70097 1.98571
v 0.10418 0.68345 1.98079
v 0.09426 0.72048 1.99062
v 0.09679 0.70131 1.99062
v 0.10304 0.6828 1.98571
v 0.10418 0.68345 1.99062
v 0.11502 0.66719 1.98571
v 0.11595 0.66812 1.99062
v 0.1073 0.68525 1.9772
v 0.10026 0.70224 1.9772
v 0.09679 0.70131 1.98079
v 0.10418 0.68345 1.98079
v 0.1185 0.67066 1.9772
v 0.11595 0.66812 1.98079
v 0.10304 0.6828 1.98571
v 0.11502 0.66719 1.98571
v 0.13129 0.65635 1.98079
v 0.13063 0.65521 1.98571
v 0.13309 0.65947 1.9772
v 0.1185 0.67066 1.9772
v 0.11595 0.66812 1.98079
v 0.13129 0.65635 1.98079
v 0.15008 0.65243 1.9772
v 0.14915 0.64896 1.98079
v 0.13063 0.65521 1.98571
v 0.14881 0.64768 1.98571
v 0.16831 0.65003 1.9772
v 0.16831 0.64643 1.98079
v 0.16831 0.64512 1.98571
v 0.29721 0.64512 1.98571
v 0.29721 0.64643 1.98079
v 0.29721 0.65003 1.9772
v 0.14915 0.79199 1.98079
v 0.16831 0.79452 1.98079
v 0.16831 0.79583 1.98571
v 0.14881 0.79327 1.98571
v 0.16831 0.79452 1.99062
v 0.36797 0.79583 1.98571
v 0.36797 0.79452 1.99062
v 0.14915 0.79199 1.99062
v 0.13063 0.78574 1.98571
v 0.13129 0.7846 1.99062
v 0.16831 0.79092 1.99422
v 0.36797 0.79092 1.99422
v 0.15008 0.78852 1.99422
v 0.13309 0.78148 1.99422
v 0.11595 0.77283 1.99062
v 0.1185 0.77029 1.99422
v 0.10418 0.7575 1.98079
v 0.11595 0.77283 1.98079
v 0.11502 0.77376 1.98571
v 0.10304 0.75815 1.98571
v 0.09679 0.73964 1.98079
v 0.09551 0.73998 1.98571
v 0.11595 0.77283 1.99062
v 0.13129 0.7846 1.99062
v 0.13063 0.78574 1.98571
v 0.10418 0.7575 1.99062
v 0.1185 0.77029 1.99422
v 0.1073 0.7557 1.99422
v 0.09679 0.73964 1.99062
v 0.09295 0.72048 1.98571
v 0.10026 0.73871 1.99422
v 0.09426 0.72048 1.99062
v 0.09786 0.72048 1.99422
v 0.09679 0.70131 1.99062
v 0.10026 0.70224 1.99422
v 0.10418 0.68345 1.99062
v 0.1073 0.68525 1.99422
v 0.11595 0.66812 1.99062
v 0.1185 0.67066 1.99422
v 0.13063 0.65521 1.98571
v 0.11502 0.66719 1.98571
v 0.11595 0.66812 1.99062
v 0.13129 0.65635 1.99062
v 0.14881 0.64768 1.98571
v 0.13063 0.65521 1.98571
v 0.13129 0.65635 1.99062
v 0.14915 0.64896 1.99062
v 0.16831 0.64512 1.98571
v 0.16831 0.64643 1.99062
v 0.29721 0.64643 1.99062
v 0.29721 0.64512 1.98571
v 0.29721 0.65003 1.99422
v 0.16831 0.65003 1.99422
v 0.13129 0.65635 1.99062
v 0.11595 0.66812 1.99062
v 0.1185 0.67066 1.99422
v 0.13309 0.65947 1.99422
v 0.14915 0.64896 1.99062
v 0.15008 0.65243 1.99422
v 0.16831 0.64643 1.99062
v 0.16831 0.65003 1.99422
v 0.11581 0.75078 1.99422
v 0.12545 0.76334 1.99422
v 0.12799 0.76079 1.99062
v 0.11893 0.74898 1.99062
v 0.10976 0.73616 1.99422
v 0.11323 0.73523 1.99062
v 0.12892 0.75986 1.98571
v 0.12007 0.74833 1.98571
v 0.14046 0.76871 1.98571
v 0.1398 0.76985 1.99062
v 0.1398 0.76985 1.98079
v 0.12799 0.76079 1.98079
v 0.11893 0.74898 1.98079
v 0.11451 0.73489 1.98571
v 0.11129 0.72048 1.99062
v 0.11323 0.73523 1.98079
v 0.11261 0.72048 1.98571
v 0.10769 0.72048 1.99422
v 0.10976 0.73616 1.99422
v 0.11323 0.73523 1.99062
v 0.11129 0.72048 1.99062
v 0.10976 0.70479 1.99422
v 0.11323 0.70572 1.99062
v 0.11581 0.69017 1.99422
v 0.11893 0.69197 1.99062
v 0.12545 0.67761 1.99422
v 0.12799 0.68016 1.99062
v 0.138 0.66798 1.99422
v 0.12545 0.67761 1.99422
v 0.12799 0.68016 1.99062
v 0.1398 0.6711 1.99062
v 0.15262 0.66193 1.99422
v 0.15355 0.6654 1.99062
v 0.14046 0.67224 1.98571
v 0.16831 0.65986 1.99422
v 0.1539 0.66667 1.98571
v 0.1398 0.6711 1.98079
v 0.16831 0.66346 1.99062
v 0.15355 0.6654 1.98079
v 0.138 0.66798 1.9772
v 0.15262 0.66193 1.9772
v 0.29721 0.66346 1.99062
v 0.29721 0.65986 1.99422
v 0.29721 0.66478 1.98571
v 0.16831 0.66478 1.98571
v 0.29721 0.66346 1.98079
v 0.16831 0.66346 1.98079
v 0.16831 0.65986 1.9772
v 0.29721 0.65986 1.9772
v 0.16831 0.77749 1.98079
v 0.16831 0.77618 1.98571
v 0.36797 0.77618 1.98571
v 0.36797 0.77749 1.98079
v 0.16831 0.78109 1.9772
v 0.36797 0.78109 1.9772
v 0.16831 0.65003 1.99422
v 0.29721 0.65495 1.99554
v 0.29721 0.65003 1.99422
v 0.16831 0.65495 1.99554
v 0.29721 0.65986 1.99422
v 0.16831 0.65986 1.99422
v 0.15262 0.66193 1.99422
v 0.15135 0.65718 1.99554
v 0.15008 0.65243 1.99422
v 0.138 0.66798 1.99422
v 0.13554 0.66373 1.99554
v 0.13309 0.65947 1.99422
v 0.12545 0.67761 1.99422
v 0.12197 0.67414 1.99554
v 0.1185 0.67066 1.99422
v 0.11581 0.69017 1.99422
v 0.11156 0.68771 1.99554
v 0.1073 0.68525 1.99422
v 0.10976 0.70479 1.99422
v 0.10501 0.70352 1.99554
v 0.10026 0.70224 1.99422
v 0.10769 0.72048 1.99422
v 0.10278 0.72048 1.99554
v 0.09786 0.72048 1.99422
v 0.10976 0.73616 1.99422
v 0.10501 0.73744 1.99554
v 0.10026 0.73871 1.99422
v 0.11581 0.75078 1.99422
v 0.11156 0.75324 1.99554
v 0.1073 0.7557 1.99422
v 0.12545 0.76334 1.99422
v 0.12197 0.76681 1.99554
v 0.1185 0.77029 1.99422
v 0.138 0.77297 1.99422
v 0.13554 0.77723 1.99554
v 0.13309 0.78148 1.99422
v 0.15262 0.77902 1.99422
v 0.15135 0.78377 1.99554
v 0.15008 0.78852 1.99422
v 0.16831 0.78109 1.99422
v 0.16831 0.78601 1.99554
v 0.16831 0.79092 1.99422
v 0.36797 0.79092 1.99422
v 0.36797 0.78601 1.99554
v 0.36797 0.78109 1.99422
v 0.29721 0.66707 1.98571
v 0.29721 0.66545 1.97965
v 0.30064 0.66545 1.97965
v 0.30064 0.66707 1.98571
v 0.30373 0.6642 1.98037
v 0.29721 0.66545 1.99177
v 0.30373 0.66563 1.98571
v 0.30064 0.66545 1.99177
v 0.29721 0.66101 1.99621
v 0.30373 0.6642 1.99105
v 0.30064 0.66101 1.99621
v 0.30373 0.66029 1.99496
v 0.29721 0.66545 1.97965
v 0.29721 0.66101 1.97521
v 0.30064 0.66101 1.97521
v 0.30064 0.66545 1.97965
v 0.29721 0.66101 1.97521
v 0.30064 0.65495 1.97358
v 0.30064 0.66101 1.97521
v 0.29721 0.65495 1.97358
v 0.30064 0.64888 1.97521
v 0.29721 0.64888 1.97521
v 0.30373 0.64961 1.97646
v 0.29721 0.64282 1.98571
v 0.29721 0.64445 1.99177
v 0.30064 0.64445 1.99177
v 0.30064 0.64282 1.98571
v 0.30373 0.6457 1.99105
v 0.29721 0.64445 1.97965
v 0.30373 0.64426 1.98571
v 0.30064 0.64445 1.97965
v 0.29721 0.64888 1.97521
v 0.30373 0.6457 1.98037
v 0.30064 0.64888 1.97521
v 0.30373 0.64961 1.97646
v 0.29721 0.64445 1.99177
v 0.29721 0.64888 1.99621
v 0.30064 0.64888 1.99621
v 0.30064 0.64445 1.99177
v 0.30373 0.64961 1.99496
v 0.30373 0.6457 1.99105
v 0.29721 0.65495 1.99783
v 0.29721 0.66101 1.99621
v 0.30064 0.66101 1.99621
v 0.30064 0.65495 1.99783
v 0.29721 0.64888 1.99621
v 0.30373 0.66029 1.99496
v 0.30064 0.64888 1.99621
v 0.30373 0.65495 1.99639
v 0.30373 0.64961 1.99496
v 0.30064 0.66545 1.97965
v 0.30064 0.66101 1.97521
v 0.30373 0.66029 1.97646
v 0.30373 0.6642 1.98037
v 0.30064 0.66101 1.97521
v 0.30373 0.65495 1.97503
v 0.30373 0.66029 1.97646
v 0.30064 0.65495 1.97358
v 0.30373 0.64961 1.97646
v 0.36797 0.79813 1.98571
v 0.36797 0.79651 1.97965
v 0.3714 0.79651 1.97965
v 0.3714 0.79813 1.98571
v 0.37449 0.79526 1.98037
v 0.36797 0.79651 1.99177
v 0.37449 0.79669 1.98571
v 0.3714 0.79651 1.99177
v 0.36797 0.79207 1.99621
v 0.37449 0.79526 1.99105
v 0.3714 0.79207 1.99621
v 0.37449 0.79135 1.99496
v 0.36797 0.79651 1.97965
v 0.36797 0.79207 1.97521
v 0.3714 0.79207 1.97521
v 0.3714 0.79651 1.97965
v 0.37449 0.79135 1.97646
v 0.37449 0.79526 1.98037
v 0.36797 0.78601 1.97358
v 0.36797 0.77994 1.97521
v 0.3714 0.77994 1.97521
v 0.3714 0.78601 1.97358
v 0.37449 0.78066 1.97646
v 0.36797 0.79207 1.97521
v 0.3714 0.79207 1.97521
v 0.37449 0.78601 1.97503
v 0.37449 0.79135 1.97646
v 0.36797 0.77388 1.98571
v 0.36797 0.7755 1.99177
v 0.3714 0.7755 1.99177
v 0.3714 0.77388 1.98571
v 0.37449 0.77675 1.99105
v 0.36797 0.7755 1.97965
v 0.37449 0.77532 1.98571
v 0.3714 0.7755 1.97965
v 0.36797 0.77994 1.97521
v 0.37449 0.77675 1.98037
v 0.3714 0.77994 1.97521
v 0.36797 0.7755 1.99177
v 0.36797 0.77994 1.99621
v 0.3714 0.77994 1.99621
v 0.3714 0.7755 1.99177
v 0.37449 0.78066 1.99496
v 0.37449 0.77675 1.99105
v 0.36797 0.77994 1.99621
v 0.36797 0.78601 1.99783
v 0.3714 0.78601 1.99783
v 0.3714 0.77994 1.99621
v 0.37449 0.78601 1.99639
v 0.37449 0.78066 1.99496
v 0.37449 0.79135 1.99496
v 0.3714 0.79207 1.99621
v 0.36797 0.78601 1.99783
v 0.36797 0.79207 1.99621
v 0.37449 0.78066 1.99496
v 0.37449 0.78601 1.99639
v 0.37682 0.78601 1.99276
v 0.37682 0.78953 1.99182
v 0.37449 0.78601 1.99639
v 0.37449 0.79135 1.99496
v 0.37682 0.78953 1.99182
v 0.37682 0.79211 1.98924
v 0.37449 0.79526 1.99105
v 0.37783 0.78601 1.98571
v 0.37682 0.78601 1.99276
v 0.37682 0.79306 1.98571
v 0.37682 0.78248 1.99182
v 0.37682 0.79211 1.98218
v 0.37449 0.79669 1.98571
v 0.37449 0.78066 1.99496
v 0.37449 0.79526 1.98037
v 0.37449 0.77675 1.99105
v 0.37682 0.78953 1.9796
v 0.37449 0.79135 1.97646
v 0.37682 0.7799 1.98924
v 0.37449 0.77532 1.98571
v 0.37682 0.78601 1.97865
v 0.37449 0.78601 1.97503
v 0.37682 0.77895 1.98571
v 0.37449 0.77675 1.98037
v 0.37682 0.78248 1.9796
v 0.37449 0.78066 1.97646
v 0.37682 0.7799 1.98218
v 0.18921 0.79209 2.02185
v 0.18642 0.79396 2.02185
v 0.18642 0.79396 1.98288
v 0.18921 0.79209 1.98288
v 0.19108 0.7893 2.02185
v 0.19108 0.7893 1.98288
v 0.19174 0.78601 2.02185
v 0.19174 0.78601 1.98288
v 0.18642 0.79396 2.02185
v 0.18313 0.79461 2.02185
v 0.18313 0.79461 1.98288
v 0.18642 0.79396 1.98288
v 0.18313 0.79461 2.02185
v 0.17983 0.79396 2.02185
v 0.17983 0.79396 1.98288
v 0.18313 0.79461 1.98288
v 0.17983 0.79396 2.02185
v 0.17704 0.79209 1.98288
v 0.17983 0.79396 1.98288
v 0.17704 0.79209 2.02185
v 0.17517 0.7893 1.98288
v 0.17517 0.7893 2.02185
v 0.17452 0.78601 1.98288
v 0.17452 0.78601 2.02185
v 0.17452 0.78601 2.02185
v 0.17517 0.78271 1.98288
v 0.17452 0.78601 1.98288
v 0.17517 0.78271 2.02185
v 0.17704 0.77992 1.98288
v 0.17704 0.77992 2.02185
v 0.17983 0.77805 1.98288
v 0.17983 0.77805 2.02185
v 0.17983 0.77805 2.02185
v 0.18313 0.7774 2.02185
v 0.18313 0.7774 1.98288
v 0.17983 0.77805 1.98288
v 0.18313 0.7774 2.02185
v 0.18642 0.77805 2.02185
v 0.18642 0.77805 1.98288
v 0.18313 0.7774 1.98288
v 0.18642 0.77805 2.02185
v 0.18921 0.77992 1.98288
v 0.18642 0.77805 1.98288
v 0.18921 0.77992 2.02185
v 0.19108 0.78271 1.98288
v 0.19108 0.78271 2.02185
v 0.19174 0.78601 1.98288
v 0.19174 0.78601 2.02185
v 0.18814 0.79812 2.02185
v 0.19458 0.79745 2.0323
v 0.18932 0.80096 2.0323
v 0.1924 0.79528 2.02185
v 0.19809 0.7922 2.0323
v 0.19524 0.79102 2.02185
v 0.19932 0.78601 2.0323
v 0.19624 0.78601 2.02185
v 0.18313 0.79912 2.02185
v 0.18814 0.79812 2.02185
v 0.18932 0.80096 2.0323
v 0.18313 0.8022 2.0323
v 0.17811 0.79812 2.02185
v 0.17693 0.80096 2.0323
v 0.17386 0.79528 2.02185
v 0.17811 0.79812 2.02185
v 0.17693 0.80096 2.0323
v 0.17168 0.79745 2.0323
v 0.17101 0.79102 2.02185
v 0.16817 0.7922 2.0323
v 0.17002 0.78601 2.02185
v 0.16693 0.78601 2.0323
v 0.17101 0.78099 2.02185
v 0.17002 0.78601 2.02185
v 0.16693 0.78601 2.0323
v 0.16817 0.77981 2.0323
v 0.17386 0.77673 2.02185
v 0.17168 0.77456 2.0323
v 0.17811 0.77389 2.02185
v 0.17693 0.77105 2.0323
v 0.18313 0.77289 2.02185
v 0.17811 0.77389 2.02185
v 0.17693 0.77105 2.0323
v 0.18313 0.76981 2.0323
v 0.18814 0.77389 2.02185
v 0.18932 0.77105 2.0323
v 0.1924 0.77673 2.02185
v 0.18814 0.77389 2.02185
v 0.18932 0.77105 2.0323
v 0.19458 0.77456 2.0323
v 0.19524 0.78099 2.02185
v 0.19809 0.77981 2.0323
v 0.19624 0.78601 2.02185
v 0.19932 0.78601 2.0323
v 0.19512 0.798 2.0323
v 0.2007 0.79328 2.03442
v 0.19658 0.79946 2.03442
v 0.1988 0.7925 2.0323
v 0.20215 0.78601 2.03442
v 0.20009 0.78601 2.0323
v 0.2007 0.77873 2.03442
v 0.18962 0.80168 2.0323
v 0.19512 0.798 2.0323
v 0.19658 0.79946 2.03442
v 0.19041 0.80358 2.03442
v 0.18313 0.80297 2.0323
v 0.17664 0.80168 2.0323
v 0.18313 0.80297 2.0323
v 0.18313 0.80503 2.03442
v 0.17585 0.80358 2.03442
v 0.17113 0.798 2.0323
v 0.16968 0.79946 2.03442
v 0.16745 0.7925 2.0323
v 0.17113 0.798 2.0323
v 0.16968 0.79946 2.03442
v 0.16555 0.79328 2.03442
v 0.16616 0.78601 2.0323
v 0.1641 0.78601 2.03442
v 0.16745 0.77951 2.0323
v 0.16555 0.77873 2.03442
v 0.17113 0.77401 2.0323
v 0.16968 0.77255 2.03442
v 0.17664 0.77033 2.0323
v 0.17113 0.77401 2.0323
v 0.16968 0.77255 2.03442
v 0.17585 0.76843 2.03442
v 0.18313 0.76904 2.0323
v 0.18313 0.76698 2.03442
v 0.18962 0.77033 2.0323
v 0.19041 0.76843 2.03442
v 0.19512 0.77401 2.0323
v 0.19658 0.77255 2.03442
v 0.1988 0.77951 2.0323
v 0.19658 0.77255 2.03442
v 0.2007 0.77873 2.03442
v 0.20009 0.78601 2.0323
v 0.19041 0.80358 2.03442
v 0.19658 0.79946 2.03442
v 0.19658 0.79946 2.03596
v 0.2007 0.79328 2.03596
v 0.2007 0.79328 2.03442
v 0.20215 0.78601 2.03596
v 0.20215 0.78601 2.03442
v 0.2007 0.77873 2.03596
v 0.2007 0.77873 2.03442
v 0.18313 0.80503 2.03442
v 0.19041 0.80358 2.03442
v 0.19041 0.80358 2.03596
v 0.18313 0.80503 2.03596
v 0.17585 0.80358 2.03442
v 0.17585 0.80358 2.03596
v 0.16968 0.79946 2.03442
v 0.17585 0.80358 2.03442
v 0.17585 0.80358 2.03596
v 0.16968 0.79946 2.03596
v 0.16555 0.79328 2.03442
v 0.16968 0.79946 2.03442
v 0.16968 0.79946 2.03596
v 0.16555 0.79328 2.03596
v 0.1641 0.78601 2.03442
v 0.16555 0.79328 2.03442
v 0.16555 0.79328 2.03596
v 0.1641 0.78601 2.03596
v 0.16555 0.77873 2.03442
v 0.16555 0.77873 2.03596
v 0.16968 0.77255 2.03442
v 0.16968 0.77255 2.03596
v 0.17585 0.76843 2.03442
v 0.17585 0.76843 2.03596
v 0.18313 0.76698 2.03442
v 0.17585 0.76843 2.03442
v 0.17585 0.76843 2.03596
v 0.18313 0.76698 2.03596
v 0.19041 0.76843 2.03442
v 0.18313 0.76698 2.03442
v 0.18313 0.76698 2.03596
v 0.19041 0.76843 2.03596
v 0.19658 0.77255 2.03442
v 0.19041 0.76843 2.03442
v 0.19041 0.76843 2.03596
v 0.19658 0.77255 2.03596
v 0.2007 0.77873 2.03442
v 0.2007 0.77873 2.03596
v 0.20478 0.80765 2.03894
v 0.21141 0.79772 2.03894
v 0.21141 0.79772 2.04371
v 0.20478 0.80765 2.04371
v 0.19484 0.81429 2.03894
v 0.19484 0.81429 2.04371
v 0.18313 0.81662 2.03894
v 0.19484 0.81429 2.03894
v 0.19484 0.81429 2.04371
v 0.18313 0.81662 2.04371
v 0.17141 0.81429 2.03894
v 0.17141 0.81429 2.04371
v 0.16148 0.80765 2.03894
v 0.17141 0.81429 2.03894
v 0.17141 0.81429 2.04371
v 0.16148 0.80765 2.04371
v 0.15484 0.79772 2.03894
v 0.15484 0.79772 2.04371
v 0.15251 0.78601 2.03894
v 0.15251 0.78601 2.04371
v 0.15484 0.77429 2.03894
v 0.15484 0.77429 2.04371
v 0.16148 0.76436 2.03894
v 0.15484 0.77429 2.03894
v 0.15484 0.77429 2.04371
v 0.16148 0.76436 2.04371
v 0.17141 0.75772 2.03894
v 0.17141 0.75772 2.04371
v 0.18313 0.75539 2.03894
v 0.17141 0.75772 2.03894
v 0.17141 0.75772 2.04371
v 0.18313 0.75539 2.04371
v 0.19484 0.75772 2.03894
v 0.19484 0.75772 2.04371
v 0.20478 0.76436 2.03894
v 0.19484 0.75772 2.03894
v 0.19484 0.75772 2.04371
v 0.20478 0.76436 2.04371
v 0.21141 0.77429 2.03894
v 0.21141 0.77429 2.04371
v 0.21374 0.78601 2.03894
v 0.21374 0.78601 2.04371
v 0.21141 0.79772 2.03894
v 0.21141 0.79772 2.04371
v 0.34722 0.79209 2.02185
v 0.34442 0.79396 2.02185
v 0.34442 0.79396 1.98288
v 0.34722 0.79209 1.98288
v 0.34908 0.7893 2.02185
v 0.34908 0.7893 1.98288
v 0.34974 0.78601 2.02185
v 0.34974 0.78601 1.98288
v 0.34442 0.79396 2.02185
v 0.34113 0.79461 2.02185
v 0.34113 0.79461 1.98288
v 0.34442 0.79396 1.98288
v 0.34113 0.79461 2.02185
v 0.33783 0.79396 2.02185
v 0.33783 0.79396 1.98288
v 0.34113 0.79461 1.98288
v 0.33783 0.79396 2.02185
v 0.33504 0.79209 1.98288
v 0.33783 0.79396 1.98288
v 0.33504 0.79209 2.02185
v 0.33317 0.7893 1.98288
v 0.33317 0.7893 2.02185
v 0.33252 0.78601 1.98288
v 0.33252 0.78601 2.02185
v 0.33252 0.78601 2.02185
v 0.33317 0.78271 1.98288
v 0.33252 0.78601 1.98288
v 0.33317 0.78271 2.02185
v 0.33504 0.77992 1.98288
v 0.33504 0.77992 2.02185
v 0.33783 0.77805 1.98288
v 0.33783 0.77805 2.02185
v 0.33783 0.77805 2.02185
v 0.34113 0.7774 2.02185
v 0.34113 0.7774 1.98288
v 0.33783 0.77805 1.98288
v 0.34113 0.7774 2.02185
v 0.34442 0.77805 2.02185
v 0.34442 0.77805 1.98288
v 0.34113 0.7774 1.98288
v 0.34442 0.77805 2.02185
v 0.34722 0.77992 1.98288
v 0.34442 0.77805 1.98288
v 0.34722 0.77992 2.02185
v 0.34908 0.78271 1.98288
v 0.34908 0.78271 2.02185
v 0.34974 0.78601 1.98288
v 0.34974 0.78601 2.02185
v 0.34614 0.79812 2.02185
v 0.35258 0.79745 2.0323
v 0.34732 0.80096 2.0323
v 0.3504 0.79528 2.02185
v 0.35609 0.7922 2.0323
v 0.35324 0.79102 2.02185
v 0.35732 0.78601 2.0323
v 0.35424 0.78601 2.02185
v 0.34113 0.79912 2.02185
v 0.34614 0.79812 2.02185
v 0.34732 0.80096 2.0323
v 0.34113 0.8022 2.0323
v 0.33611 0.79812 2.02185
v 0.33493 0.80096 2.0323
v 0.33186 0.79528 2.02185
v 0.33611 0.79812 2.02185
v 0.33493 0.80096 2.0323
v 0.32968 0.79745 2.0323
v 0.32901 0.79102 2.02185
v 0.32617 0.7922 2.0323
v 0.32802 0.78601 2.02185
v 0.32493 0.78601 2.0323
v 0.32901 0.78099 2.02185
v 0.32802 0.78601 2.02185
v 0.32493 0.78601 2.0323
v 0.32617 0.77981 2.0323
v 0.33186 0.77673 2.02185
v 0.32968 0.77456 2.0323
v 0.33611 0.77389 2.02185
v 0.33493 0.77105 2.0323
v 0.34113 0.77289 2.02185
v 0.33611 0.77389 2.02185
v 0.33493 0.77105 2.0323
v 0.34113 0.76981 2.0323
v 0.34614 0.77389 2.02185
v 0.34732 0.77105 2.0323
v 0.3504 0.77673 2.02185
v 0.34614 0.77389 2.02185
v 0.34732 0.77105 2.0323
v 0.35258 0.77456 2.0323
v 0.35324 0.78099 2.02185
v 0.35609 0.77981 2.0323
v 0.35424 0.78601 2.02185
v 0.35732 0.78601 2.0323
v 0.35312 0.798 2.0323
v 0.3587 0.79328 2.03442
v 0.35458 0.79946 2.03442
v 0.3568 0.7925 2.0323
v 0.36015 0.78601 2.03442
v 0.35809 0.78601 2.0323
v 0.3587 0.77873 2.03442
v 0.3568 0.77951 2.0323
v 0.35458 0.77255 2.03442
v 0.35312 0.77401 2.0323
v 0.34762 0.80168 2.0323
v 0.35312 0.798 2.0323
v 0.35458 0.79946 2.03442
v 0.34841 0.80358 2.03442
v 0.34113 0.80297 2.0323
v 0.34113 0.80503 2.03442
v 0.33464 0.80168 2.0323
v 0.33385 0.80358 2.03442
v 0.32913 0.798 2.0323
v 0.32768 0.79946 2.03442
v 0.32545 0.7925 2.0323
v 0.32913 0.798 2.0323
v 0.32768 0.79946 2.03442
v 0.32355 0.79328 2.03442
v 0.32416 0.78601 2.0323
v 0.3221 0.78601 2.03442
v 0.32545 0.77951 2.0323
v 0.32355 0.77873 2.03442
v 0.32913 0.77401 2.0323
v 0.32768 0.77255 2.03442
v 0.33464 0.77033 2.0323
v 0.32913 0.77401 2.0323
v 0.32768 0.77255 2.03442
v 0.33385 0.76843 2.03442
v 0.34113 0.76904 2.0323
v 0.34113 0.76698 2.03442
v 0.34762 0.77033 2.0323
v 0.34841 0.76843 2.03442
v 0.35312 0.77401 2.0323
v 0.35458 0.77255 2.03442
v 0.35458 0.79946 2.03442
v 0.3587 0.79328 2.03596
v 0.35458 0.79946 2.03596
v 0.3587 0.79328 2.03442
v 0.36015 0.78601 2.03596
v 0.36015 0.78601 2.03442
v 0.3587 0.77873 2.03596
v 0.3587 0.77873 2.03442
v 0.35458 0.77255 2.03596
v 0.35458 0.77255 2.03442
v 0.34841 0.76843 2.03596
v 0.34841 0.76843 2.03442
v 0.34113 0.80503 2.03442
v 0.34841 0.80358 2.03442
v 0.34841 0.80358 2.03596
v 0.34113 0.80503 2.03596
v 0.33385 0.80358 2.03442
v 0.33385 0.80358 2.03596
v 0.32768 0.79946 2.03442
v 0.33385 0.80358 2.03442
v 0.33385 0.80358 2.03596
v 0.32768 0.79946 2.03596
v 0.32355 0.79328 2.03442
v 0.32768 0.79946 2.03442
v 0.32768 0.79946 2.03596
v 0.32355 0.79328 2.03596
v 0.3221 0.78601 2.03442
v 0.32355 0.79328 2.03442
v 0.32355 0.79328 2.03596
v 0.3221 0.78601 2.03596
v 0.32355 0.77873 2.03442
v 0.32355 0.77873 2.03596
v 0.32768 0.77255 2.03442
v 0.32768 0.77255 2.03596
v 0.33385 0.76843 2.03442
v 0.33385 0.76843 2.03596
v 0.34113 0.76698 2.03442
v 0.33385 0.76843 2.03442
v 0.33385 0.76843 2.03596
v 0.34113 0.76698 2.03596
v 0.34841 0.76843 2.03442
v 0.34113 0.76698 2.03442
v 0.34113 0.76698 2.03596
v 0.34841 0.76843 2.03596
v 0.35284 0.81429 2.03894
v 0.36278 0.80765 2.03894
v 0.36278 0.80765 2.04371
v 0.36941 0.79772 2.04371
v 0.36941 0.79772 2.03894
v 0.37174 0.78601 2.04371
v 0.37174 0.78601 2.03894
v 0.34113 0.81662 2.03894
v 0.35284 0.81429 2.03894
v 0.35284 0.81429 2.04371
v 0.34113 0.81662 2.04371
v 0.32941 0.81429 2.03894
v 0.32941 0.81429 2.04371
v 0.31948 0.80765 2.03894
v 0.32941 0.81429 2.03894
v 0.32941 0.81429 2.04371
v 0.31948 0.80765 2.04371
v 0.31284 0.79772 2.03894
v 0.31948 0.80765 2.03894
v 0.31948 0.80765 2.04371
v 0.31284 0.79772 2.04371
v 0.31051 0.78601 2.03894
v 0.31051 0.78601 2.04371
v 0.31284 0.77429 2.03894
v 0.31284 0.77429 2.04371
v 0.31948 0.76436 2.03894
v 0.31284 0.77429 2.03894
v 0.31284 0.77429 2.04371
v 0.31948 0.76436 2.04371
v 0.32941 0.75772 2.03894
v 0.32941 0.75772 2.04371
v 0.34113 0.75539 2.03894
v 0.32941 0.75772 2.03894
v 0.32941 0.75772 2.04371
v 0.34113 0.75539 2.04371
v 0.35284 0.75772 2.03894
v 0.34113 0.75539 2.03894
v 0.34113 0.75539 2.04371
v 0.35284 0.75772 2.04371
v 0.36278 0.76436 2.03894
v 0.35284 0.75772 2.03894
v 0.35284 0.75772 2.04371
v 0.36278 0.76436 2.04371
v 0.36941 0.77429 2.03894
v 0.36941 0.77429 2.04371
v 0.37174 0.78601 2.03894
v 0.37174 0.78601 2.04371
v 0.30373 0.6457 1.98037
v 0.30373 0.64426 1.98571
v 0.30606 0.64789 1.98571
v 0.30606 0.64884 1.98924
v 0.30606 0.64884 1.98218
v 0.30373 0.64961 1.97646
v 0.30706 0.65495 1.98571
v 0.30606 0.65142 1.9796
v 0.30606 0.65142 1.99182
v 0.30606 0.65495 1.97865
v 0.30373 0.65495 1.97503
v 0.30373 0.6457 1.99105
v 0.30373 0.64961 1.99496
v 0.30606 0.65495 1.99276
v 0.30373 0.66029 1.97646
v 0.30606 0.65847 1.9796
v 0.30373 0.6642 1.98037
v 0.30606 0.66106 1.98218
v 0.30373 0.66563 1.98571
v 0.30606 0.662 1.98571
v 0.30373 0.6642 1.99105
v 0.30606 0.66106 1.98924
v 0.30373 0.66029 1.99496
v 0.30606 0.65847 1.99182
v 0.30373 0.65495 1.99639
v 0.18313 0.78601 1.98288
v 0.18921 0.79209 1.98288
v 0.18642 0.79396 1.98288
v 0.18313 0.79461 1.98288
v 0.19108 0.7893 1.98288
v 0.17983 0.79396 1.98288
v 0.19174 0.78601 1.98288
v 0.17704 0.79209 1.98288
v 0.19108 0.78271 1.98288
v 0.17517 0.7893 1.98288
v 0.18921 0.77992 1.98288
v 0.17452 0.78601 1.98288
v 0.18642 0.77805 1.98288
v 0.17517 0.78271 1.98288
v 0.18313 0.7774 1.98288
v 0.17704 0.77992 1.98288
v 0.17983 0.77805 1.98288
v 0.18313 0.80503 2.03596
v 0.19041 0.80358 2.03596
v 0.19167 0.80662 2.03759
v 0.18313 0.80832 2.03759
v 0.19891 0.80178 2.03759
v 0.19658 0.79946 2.03596
v 0.20374 0.79454 2.03759
v 0.2007 0.79328 2.03596
v 0.20544 0.78601 2.03759
v 0.20215 0.78601 2.03596
v 0.20374 0.77747 2.03759
v 0.2007 0.77873 2.03596
v 0.19891 0.77023 2.03759
v 0.19658 0.77255 2.03596
v 0.19167 0.76539 2.03759
v 0.19041 0.76843 2.03596
v 0.18313 0.76369 2.03759
v 0.18313 0.76698 2.03596
v 0.17459 0.76539 2.03759
v 0.17585 0.76843 2.03596
v 0.16735 0.77023 2.03759
v 0.16968 0.77255 2.03596
v 0.16251 0.77747 2.03759
v 0.16555 0.77873 2.03596
v 0.16081 0.78601 2.03759
v 0.1641 0.78601 2.03596
v 0.16251 0.79454 2.03759
v 0.16555 0.79328 2.03596
v 0.16735 0.80178 2.03759
v 0.16968 0.79946 2.03596
v 0.17459 0.80662 2.03759
v 0.17585 0.80358 2.03596
v 0.17316 0.76194 2.03843
v 0.16471 0.76759 2.03843
v 0.15906 0.77604 2.03843
v 0.15708 0.78601 2.03843
v 0.15906 0.79597 2.03843
v 0.16471 0.80442 2.03843
v 0.17316 0.81007 2.03843
v 0.18313 0.75996 2.03843
v 0.18313 0.81205 2.03843
v 0.19309 0.76194 2.03843
v 0.19309 0.81007 2.03843
v 0.20155 0.76759 2.03843
v 0.20155 0.80442 2.03843
v 0.20719 0.77604 2.03843
v 0.20719 0.79597 2.03843
v 0.20917 0.78601 2.03843
v 0.19484 0.81429 2.03894
v 0.18313 0.81662 2.03894
v 0.20478 0.80765 2.03894
v 0.21141 0.79772 2.03894
v 0.17141 0.81429 2.03894
v 0.21374 0.78601 2.03894
v 0.21141 0.77429 2.03894
v 0.16148 0.80765 2.03894
v 0.20478 0.76436 2.03894
v 0.15484 0.79772 2.03894
v 0.19484 0.75772 2.03894
v 0.15251 0.78601 2.03894
v 0.18313 0.75539 2.03894
v 0.15484 0.77429 2.03894
v 0.17141 0.75772 2.03894
v 0.16148 0.76436 2.03894
v 0.34113 0.78601 1.98288
v 0.34722 0.79209 1.98288
v 0.34442 0.79396 1.98288
v 0.34113 0.79461 1.98288
v 0.34908 0.7893 1.98288
v 0.33783 0.79396 1.98288
v 0.34974 0.78601 1.98288
v 0.33504 0.79209 1.98288
v 0.34908 0.78271 1.98288
v 0.33317 0.7893 1.98288
v 0.34722 0.77992 1.98288
v 0.33252 0.78601 1.98288
v 0.34442 0.77805 1.98288
v 0.33317 0.78271 1.98288
v 0.34113 0.7774 1.98288
v 0.33504 0.77992 1.98288
v 0.33783 0.77805 1.98288
v 0.29721 0.66478 1.98571
v 0.29721 0.66545 1.97965
v 0.29721 0.66707 1.98571
v 0.29721 0.66346 1.98079
v 0.29721 0.66346 1.99062
v 0.29721 0.66101 1.97521
v 0.29721 0.66545 1.99177
v 0.29721 0.65986 1.9772
v 0.29721 0.65986 1.99422
v 0.29721 0.65495 1.97358
v 0.29721 0.66101 1.99621
v 0.29721 0.65495 1.97588
v 0.29721 0.65495 1.99554
v 0.29721 0.64888 1.97521
v 0.29721 0.65495 1.99783
v 0.29721 0.65003 1.9772
v 0.29721 0.65003 1.99422
v 0.29721 0.64445 1.97965
v 0.29721 0.64888 1.99621
v 0.29721 0.64643 1.98079
v 0.29721 0.64643 1.99062
v 0.29721 0.64282 1.98571
v 0.29721 0.64445 1.99177
v 0.29721 0.64512 1.98571
v 0.36797 0.79583 1.98571
v 0.36797 0.79651 1.97965
v 0.36797 0.79813 1.98571
v 0.36797 0.79452 1.98079
v 0.36797 0.79452 1.99062
v 0.36797 0.79207 1.97521
v 0.36797 0.79651 1.99177
v 0.36797 0.79092 1.9772
v 0.36797 0.79092 1.99422
v 0.36797 0.78601 1.97358
v 0.36797 0.79207 1.99621
v 0.36797 0.78601 1.97588
v 0.36797 0.78601 1.99554
v 0.36797 0.77994 1.97521
v 0.36797 0.78601 1.99783
v 0.36797 0.78109 1.9772
v 0.36797 0.78109 1.99422
v 0.36797 0.7755 1.97965
v 0.36797 0.77994 1.99621
v 0.36797 0.77749 1.98079
v 0.36797 0.77749 1.99062
v 0.36797 0.77388 1.98571
v 0.36797 0.7755 1.99177
v 0.36797 0.77618 1.98571
v 0.18921 0.79209 2.02185
v 0.19108 0.7893 2.02185
v 0.19524 0.79102 2.02185
v 0.1924 0.79528 2.02185
v 0.19624 0.78601 2.02185
v 0.18642 0.79396 2.02185
v 0.19174 0.78601 2.02185
v 0.18814 0.79812 2.02185
v 0.19524 0.78099 2.02185
v 0.18313 0.79461 2.02185
v 0.19108 0.78271 2.02185
v 0.18313 0.79912 2.02185
v 0.1924 0.77673 2.02185
v 0.17983 0.79396 2.02185
v 0.18921 0.77992 2.02185
v 0.17811 0.79812 2.02185
v 0.18814 0.77389 2.02185
v 0.17704 0.79209 2.02185
v 0.18642 0.77805 2.02185
v 0.17386 0.79528 2.02185
v 0.18313 0.77289 2.02185
v 0.17517 0.7893 2.02185
v 0.18313 0.7774 2.02185
v 0.17101 0.79102 2.02185
v 0.17811 0.77389 2.02185
v 0.17452 0.78601 2.02185
v 0.17983 0.77805 2.02185
v 0.17002 0.78601 2.02185
v 0.17386 0.77673 2.02185
v 0.17517 0.78271 2.02185
v 0.17704 0.77992 2.02185
v 0.17101 0.78099 2.02185
v 0.19458 0.79745 2.0323
v 0.19809 0.7922 2.0323
v 0.1988 0.7925 2.0323
v 0.19512 0.798 2.0323
v 0.20009 0.78601 2.0323
v 0.18932 0.80096 2.0323
v 0.19932 0.78601 2.0323
v 0.18962 0.80168 2.0323
v 0.1988 0.77951 2.0323
v 0.18313 0.8022 2.0323
v 0.19809 0.77981 2.0323
v 0.18313 0.80297 2.0323
v 0.19512 0.77401 2.0323
v 0.17693 0.80096 2.0323
v 0.19458 0.77456 2.0323
v 0.17664 0.80168 2.0323
v 0.18962 0.77033 2.0323
v 0.17168 0.79745 2.0323
v 0.18932 0.77105 2.0323
v 0.17113 0.798 2.0323
v 0.18313 0.76904 2.0323
v 0.16817 0.7922 2.0323
v 0.18313 0.76981 2.0323
v 0.16745 0.7925 2.0323
v 0.17664 0.77033 2.0323
v 0.16693 0.78601 2.0323
v 0.17693 0.77105 2.0323
v 0.16616 0.78601 2.0323
v 0.17113 0.77401 2.0323
v 0.16817 0.77981 2.0323
v 0.17168 0.77456 2.0323
v 0.16745 0.77951 2.0323
v 0.34722 0.79209 2.02185
v 0.34908 0.7893 2.02185
v 0.35324 0.79102 2.02185
v 0.3504 0.79528 2.02185
v 0.35424 0.78601 2.02185
v 0.34442 0.79396 2.02185
v 0.34974 0.78601 2.02185
v 0.34614 0.79812 2.02185
v 0.35324 0.78099 2.02185
v 0.34113 0.79461 2.02185
v 0.34908 0.78271 2.02185
v 0.34113 0.79912 2.02185
v 0.3504 0.77673 2.02185
v 0.33783 0.79396 2.02185
v 0.34722 0.77992 2.02185
v 0.33611 0.79812 2.02185
v 0.34614 0.77389 2.02185
v 0.33504 0.79209 2.02185
v 0.34442 0.77805 2.02185
v 0.33186 0.79528 2.02185
v 0.34113 0.77289 2.02185
v 0.33317 0.7893 2.02185
v 0.34113 0.7774 2.02185
v 0.32901 0.79102 2.02185
v 0.33611 0.77389 2.02185
v 0.33252 0.78601 2.02185
v 0.33783 0.77805 2.02185
v 0.32802 0.78601 2.02185
v 0.33186 0.77673 2.02185
v 0.33317 0.78271 2.02185
v 0.33504 0.77992 2.02185
v 0.32901 0.78099 2.02185
v 0.35258 0.79745 2.0323
v 0.35609 0.7922 2.0323
v 0.3568 0.7925 2.0323
v 0.35312 0.798 2.0323
v 0.35809 0.78601 2.0323
v 0.34732 0.80096 2.0323
v 0.35732 0.78601 2.0323
v 0.34762 0.80168 2.0323
v 0.3568 0.77951 2.0323
v 0.34113 0.8022 2.0323
v 0.35609 0.77981 2.0323
v 0.34113 0.80297 2.0323
v 0.35312 0.77401 2.0323
v 0.33493 0.80096 2.0323
v 0.35258 0.77456 2.0323
v 0.33464 0.80168 2.0323
v 0.34762 0.77033 2.0323
v 0.32968 0.79745 2.0323
v 0.34732 0.77105 2.0323
v 0.32913 0.798 2.0323
v 0.34113 0.76904 2.0323
v 0.32617 0.7922 2.0323
v 0.34113 0.76981 2.0323
v 0.32545 0.7925 2.0323
v 0.33464 0.77033 2.0323
v 0.32493 0.78601 2.0323
v 0.33493 0.77105 2.0323
v 0.32416 0.78601 2.0323
v 0.32913 0.77401 2.0323
v 0.32617 0.77981 2.0323
v 0.32968 0.77456 2.0323
v 0.32545 0.77951 2.0323
v 0.35458 0.79946 2.03596
v 0.3587 0.79328 2.03596
v 0.36175 0.79454 2.03759
v 0.35691 0.80178 2.03759
v 0.34841 0.80358 2.03596
v 0.36344 0.78601 2.03759
v 0.36015 0.78601 2.03596
v 0.34967 0.80662 2.03759
v 0.34113 0.80503 2.03596
v 0.36175 0.77747 2.03759
v 0.3587 0.77873 2.03596
v 0.34113 0.80832 2.03759
v 0.33385 0.80358 2.03596
v 0.35691 0.77023 2.03759
v 0.35458 0.77255 2.03596
v 0.33259 0.80662 2.03759
v 0.32768 0.79946 2.03596
v 0.34967 0.76539 2.03759
v 0.34841 0.76843 2.03596
v 0.32535 0.80178 2.03759
v 0.32355 0.79328 2.03596
v 0.34113 0.76369 2.03759
v 0.34113 0.76698 2.03596
v 0.32051 0.79454 2.03759
v 0.3221 0.78601 2.03596
v 0.33259 0.76539 2.03759
v 0.33385 0.76843 2.03596
v 0.31881 0.78601 2.03759
v 0.32355 0.77873 2.03596
v 0.32535 0.77023 2.03759
v 0.32768 0.77255 2.03596
v 0.32051 0.77747 2.03759
v 0.3511 0.76194 2.03843
v 0.34113 0.75996 2.03843
v 0.33116 0.76194 2.03843
v 0.32271 0.76759 2.03843
v 0.31706 0.77604 2.03843
v 0.31508 0.78601 2.03843
v 0.35955 0.76759 2.03843
v 0.31706 0.79597 2.03843
v 0.36519 0.77604 2.03843
v 0.32271 0.80442 2.03843
v 0.36718 0.78601 2.03843
v 0.33116 0.81007 2.03843
v 0.36519 0.79597 2.03843
v 0.34113 0.81205 2.03843
v 0.35955 0.80442 2.03843
v 0.3511 0.81007 2.03843
v 0.36941 0.77429 2.03894
v 0.37174 0.78601 2.03894
v 0.36278 0.76436 2.03894
v 0.36941 0.79772 2.03894
v 0.36278 0.80765 2.03894
v 0.35284 0.75772 2.03894
v 0.35284 0.81429 2.03894
v 0.34113 0.81662 2.03894
v 0.34113 0.75539 2.03894
v 0.32941 0.81429 2.03894
v 0.32941 0.75772 2.03894
v 0.31948 0.80765 2.03894
v 0.31948 0.76436 2.03894
v 0.31284 0.79772 2.03894
v 0.31284 0.77429 2.03894
v 0.31051 0.78601 2.03894
vn 0.2627132 1.075775 1.544349
vn 0.2660003 0.786 1.466351
vn 0.2660002 1.074667 1.543696
vn 0.630869 0.3385585 2.043702
vn 0.630879 0.3985099 2.267415
vn 0.8061374 0.6093944 2.145658
vn 0.6308693 0.5622914 2.431204
vn 0.6308541 0.7860008 2.491155
vn 0.8061354 0.7860004 2.24763
vn 0.3824943 0.7860005 1.478226
vn 0.6308681 0.5622746 1.656207
vn 0.6308547 0.7860009 1.596248
vn 0.3825035 0.5032631 1.553987
vn 0.630869 0.3985054 1.819978
vn 0.6308681 0.5622746 1.656207
vn 0.2660041 1.147789 1.593766
vn 0.42431 1.168227 1.640993
vn 0.2660002 1.19972 1.640999
vn 0.600227 0.6475426 1.593751
vn 0.5218263 0.5301771 1.593767
vn 0.5585376 0.4934587 1.640992
vn 0.4869251 1.319409 2.043701
vn 0.6742293 1.194267 2.043701
vn 0.4869251 1.319409 2.043701
vn 0.1680749 1.022424 1.526161
vn 0.2660041 1.041901 1.526161
vn 0.265998 0.9654304 1.494941
vn 0.486925 1.319409 2.043701
vn 0.67423 1.194267 2.043701
vn 0.67423 1.194267 2.043701
vn 0.486925 1.319409 2.043701
vn 0.67423 1.194267 2.043701
vn 0.486925 1.319409 2.043701
vn 0.4869224 1.31941 2.043701
vn 0.6742284 1.194268 2.043701
vn 0.4869224 1.31941 2.043701
vn 0.5546541 0.2859879 2.043702
vn 0.3941683 0.3076304 1.746937
vn 0.5136087 0.3571025 1.746935
vn 0.4154162 0.2283189 2.043701
vn 0.270612 0.286344 1.754468
vn 0.5135918 0.3571012 2.34048
vn 0.2712784 0.2086738 2.043701
vn 0.3941639 0.3076348 2.340474
vn 0.403325 0.5481147 2.551526
vn 0.4602137 0.591767 2.551528
vn 0.6161594 0.4357988 2.340485
vn 0.337086 0.5206745 2.551522
vn 0.2706115 0.2863485 2.332942
vn 0.2686809 0.4983642 2.544293
vn 0.266 0.497332 2.543705
vn 0.2660001 0.286 2.332376
vn 0.2659999 0.2086498 2.043701
vn 0.8433503 0.7860007 2.043701
vn 0.7443497 0.6578124 1.746914
vn 0.761227 0.7860005 1.746912
vn 0.8236736 0.935444 2.043701
vn 0.7443529 0.914186 1.746918
vn 0.7443459 0.9141863 2.340495
vn 0.7612222 0.7860002 2.340498
vn 0.6948704 1.033631 2.340488
vn 0.7659875 1.074697 2.043702
vn 0.6948785 1.033631 1.746926
vn 0.6742263 1.19427 2.043703
vn 0.6161698 1.136201 1.746929
vn 0.5546502 1.286014 2.043701
vn 0.6161698 1.136201 1.746929
vn 0.513597 1.214903 1.746933
vn 0.6742263 1.19427 2.043703
vn 0.513602 1.214895 2.340476
vn 0.6161674 1.136197 2.340481
vn 0.7659875 1.074697 2.043702
vn 0.6948704 1.033631 2.340488
vn 0.3941683 0.3076304 1.746937
vn 0.270612 0.286344 1.754468
vn 0.2686817 0.4983644 1.54311
vn 0.3370933 0.5206775 1.535879
vn 0.5136087 0.3571025 1.746935
vn 0.4033373 0.5481186 1.535878
vn 0.6161671 0.4357979 1.746927
vn 0.4602123 0.5917695 1.535873
vn 0.694867 0.538361 1.746916
vn 0.6161671 0.4357979 1.746927
vn 0.4602123 0.5917695 1.535873
vn 0.5038592 0.6486573 1.535869
vn 0.7443497 0.6578124 1.746914
vn 0.5312988 0.714906 1.535867
vn 0.761227 0.7860005 1.746912
vn 0.5406535 0.7860002 1.535864
vn 0.7443529 0.914186 1.746918
vn 0.5312979 0.8570934 1.535866
vn 0.6948785 1.033631 1.746926
vn 0.5038617 0.9233419 1.53587
vn 0.6161698 1.136201 1.746929
vn 0.460212 0.9802302 1.535873
vn 0.513597 1.214903 1.746933
vn 0.6161698 1.136201 1.746929
vn 0.460212 0.9802302 1.535873
vn 0.4033267 1.023882 1.535876
vn 0.2569147 0.8017467 1.466637
vn 0.1878423 1.077741 1.551653
vn 0.1150001 1.04757 1.551651
vn 0.2531403 0.7988577 1.466637
vn 0.2531403 0.7988577 1.466637
vn 0.1150001 1.04757 1.551651
vn 0.05244733 0.9995729 1.551649
vn 0.2502574 0.7950925 1.466637
vn 0.004456192 0.9370206 1.551643
vn 0.2484385 0.7907069 1.466637
vn -0.02571562 0.8641746 1.55164
vn 0.2478108 0.786 1.466637
vn -0.03601661 0.7859999 1.551645
vn 0.2484395 0.7812932 1.466637
vn -0.0257211 0.7078254 1.551643
vn 0.2502526 0.7769076 1.466637
vn 0.004455209 0.6349791 1.551644
vn 0.2531402 0.7731422 1.466637
vn 0.05244711 0.5724273 1.551649
vn 0.2569095 0.7702535 1.466637
vn 0.1149956 0.5244303 1.551652
vn 0.261297 0.768438 1.466637
vn 0.1878362 0.4942588 1.551654
vn 0.2657217 0.783879 1.466355
vn 0.2611294 0.4956944 1.54467
vn 0.2660002 0.4973328 1.543697
vn 0.2660003 0.786 1.466351
vn 0.2699912 1.073128 1.542827
vn 0.2660002 1.074667 1.543697
vn 0.3370872 1.051323 1.535879
vn 0.4033267 1.023882 1.535876
vn 0.460212 0.9802302 1.535873
vn 0.5038617 0.9233419 1.53587
vn 0.5312979 0.8570934 1.535866
vn 0.5406535 0.7860002 1.535864
vn 0.5312988 0.714906 1.535867
vn 0.5038592 0.6486573 1.535869
vn 0.4602123 0.5917695 1.535873
vn 0.2569147 0.8017467 1.466637
vn 0.4033373 0.5481186 1.535878
vn 0.2613022 0.8035623 1.466637
vn 0.1878423 1.077741 1.551653
vn 0.3370933 0.5206775 1.535879
vn 0.2627132 1.075775 1.544349
vn 0.2658127 0.7874282 1.466353
vn 0.2686817 0.4983644 1.54311
vn 0.2660003 0.786 1.466351
vn 0.2660002 0.497332 1.543697
vn 0.05244733 0.9995729 1.551649
vn 0.01381767 1.222831 1.762782
vn -0.09064165 1.142681 1.762776
vn 0.1150001 1.04757 1.551651
vn 0.1354647 1.273217 1.762785
vn 0.1878423 1.077741 1.551653
vn 0.1165815 1.34368 2.043701
vn -0.02266127 1.286008 2.043701
vn 0.2603205 1.286362 1.75571
vn 0.2627132 1.075775 1.544349
vn 0.2660002 1.074667 1.543696
vn 0.2660002 1.286005 1.755035
vn 0.2594216 1.363313 2.043701
vn 0.2659999 1.36335 2.043701
vn 0.004456192 0.9370206 1.551643
vn 0.05244733 0.9995729 1.551649
vn -0.09064165 1.142681 1.762776
vn -0.1708006 1.03822 1.762768
vn 0.01381767 1.222831 1.762782
vn -0.02266127 1.286008 2.043701
vn -0.1422304 1.194266 2.043701
vn -0.02571562 0.8641746 1.55164
vn 0.004456192 0.9370206 1.551643
vn -0.1708006 1.03822 1.762768
vn -0.2211981 0.9165599 1.762764
vn -0.03601661 0.7859999 1.551645
vn -0.238389 0.7859995 1.762765
vn -0.0257211 0.7078254 1.551643
vn -0.291674 0.9354424 2.0437
vn -0.2212001 0.6554428 1.762767
vn -0.3113503 0.7859994 2.043701
vn -0.2916744 0.636559 2.043701
vn -0.1708056 0.5337856 1.762771
vn -0.2383873 0.7859996 2.32464
vn -0.2211966 0.6554434 2.324642
vn -0.2339896 0.4973068 2.043701
vn -0.1708055 0.5337893 2.324635
vn -0.1422276 0.3777311 2.043701
vn -0.09064394 0.4293247 2.32463
vn 0.004455209 0.6349791 1.551644
vn -0.0257211 0.7078254 1.551643
vn -0.2212001 0.6554428 1.762767
vn -0.1708056 0.5337856 1.762771
vn 0.05244711 0.5724273 1.551649
vn -0.0906446 0.4293213 1.762777
vn -0.2339896 0.4973068 2.043701
vn -0.1422276 0.3777311 2.043701
vn 0.01381949 0.3491671 1.762782
vn -0.02265093 0.2859861 2.043701
vn 0.1149956 0.5244303 1.551652
vn 0.05244711 0.5724273 1.551649
vn -0.0906446 0.4293213 1.762777
vn 0.01381949 0.3491671 1.762782
vn 0.1878362 0.4942588 1.551654
vn 0.1354647 0.2987828 1.762786
vn -0.02265093 0.2859861 2.043701
vn 0.1165846 0.2283188 2.043701
vn 0.2611294 0.4956944 1.54467
vn 0.2575969 0.2854854 1.756042
vn 0.256273 0.2087317 2.043701
vn 0.266 0.2086498 2.043701
vn 0.2660002 0.2859955 1.755034
vn 0.2660002 0.4973328 1.543697
vn 0.1354647 1.273217 1.762785
vn 0.2603205 1.286362 1.75571
vn 0.2594216 1.363313 2.043701
vn 0.1165815 1.34368 2.043701
vn 0.2603197 1.286357 2.3317
vn 0.2659999 1.36335 2.043701
vn 0.2659998 1.286001 2.332375
vn 0.1354646 1.273213 2.324623
vn -0.02266127 1.286008 2.043701
vn 0.01381606 1.222827 2.324627
vn 0.2627121 1.075775 2.543054
vn 0.2659998 1.074667 2.543706
vn 0.1878365 1.077738 2.53575
vn 0.1149979 1.047568 2.535752
vn -0.09064403 1.142674 2.324632
vn 0.05245546 0.9995726 2.535757
vn -0.1708006 1.03822 1.762768
vn -0.09064165 1.142681 1.762776
vn -0.1422304 1.194266 2.043701
vn -0.2339861 1.074699 2.0437
vn -0.2211981 0.9165599 1.762764
vn -0.291674 0.9354424 2.0437
vn -0.09064403 1.142674 2.324632
vn 0.01381606 1.222827 2.324627
vn -0.02266127 1.286008 2.043701
vn -0.1708011 1.038214 2.324639
vn 0.05245546 0.9995726 2.535757
vn 0.004463762 0.9370211 2.535763
vn -0.2211987 0.9165553 2.324639
vn -0.3113503 0.7859994 2.043701
vn -0.02571571 0.8641742 2.535762
vn -0.2383873 0.7859996 2.32464
vn -0.0360114 0.786 2.535761
vn -0.2211966 0.6554434 2.324642
vn -0.0257113 0.7078256 2.535765
vn -0.1708055 0.5337893 2.324635
vn 0.004452378 0.6349815 2.535758
vn -0.09064394 0.4293247 2.32463
vn 0.05243921 0.5724308 2.535751
vn -0.02265093 0.2859861 2.043701
vn -0.1422276 0.3777311 2.043701
vn -0.09064394 0.4293247 2.32463
vn 0.01382166 0.3491701 2.324626
vn 0.1165846 0.2283188 2.043701
vn -0.02265093 0.2859861 2.043701
vn 0.01382166 0.3491701 2.324626
vn 0.1354644 0.2987868 2.324623
vn 0.256273 0.2087317 2.043701
vn 0.2575973 0.2854898 2.331368
vn 0.2659999 0.2859999 2.332376
vn 0.266 0.2086498 2.043701
vn 0.2659998 0.4973328 2.543706
vn 0.261129 0.4956947 2.542733
vn 0.01382166 0.3491701 2.324626
vn -0.09064394 0.4293247 2.32463
vn 0.05243921 0.5724308 2.535751
vn 0.1149958 0.5244327 2.535752
vn 0.1354644 0.2987868 2.324623
vn 0.1878363 0.4942611 2.53575
vn 0.2575973 0.2854898 2.331368
vn 0.261129 0.4956947 2.542733
vn 0.503874 0.6486575 2.551526
vn 0.4602137 0.591767 2.551528
vn 0.6161594 0.4357988 2.340485
vn 0.6948674 0.5383668 2.340491
vn 0.5313042 0.7149058 2.551533
vn 0.7443449 0.6578133 2.340497
vn 0.6742246 0.3777281 2.043702
vn 0.7659837 0.4972966 2.043702
vn 0.5546541 0.2859879 2.043702
vn 0.5135918 0.3571012 2.34048
vn 0.5136087 0.3571025 1.746935
vn 0.6161671 0.4357979 1.746927
vn 0.694867 0.538361 1.746916
vn 0.8236738 0.6365569 2.043702
vn 0.7612222 0.7860002 2.340498
vn 0.7443497 0.6578124 1.746914
vn 0.8433503 0.7860007 2.043701
vn 0.5406542 0.7859999 2.551538
vn 0.5313042 0.7149058 2.551533
vn 0.7443449 0.6578133 2.340497
vn 0.7612222 0.7860002 2.340498
vn 0.5313029 0.8570941 2.551533
vn 0.7443459 0.9141863 2.340495
vn 0.5038723 0.9233421 2.551527
vn 0.6948704 1.033631 2.340488
vn 0.4602226 0.9802312 2.551525
vn 0.6161674 1.136197 2.340481
vn 0.4033319 1.023884 2.551524
vn 0.4602226 0.9802312 2.551525
vn 0.6161674 1.136197 2.340481
vn 0.513602 1.214895 2.340476
vn 0.3370873 1.051326 2.551522
vn 0.3941671 1.264365 2.340473
vn 0.5546502 1.286014 2.043701
vn 0.2699906 1.073128 2.544575
vn 0.4154156 1.343681 2.043701
vn 0.513597 1.214903 1.746933
vn 0.272876 1.285469 2.333213
vn 0.394164 1.264371 1.746937
vn 0.4033267 1.023882 1.535876
vn 0.3370872 1.051323 1.535879
vn 0.2659995 1.286 2.332376
vn 0.2659994 1.074667 2.543706
vn 0.2660002 1.36335 2.043701
vn 0.2738756 1.363297 2.043701
vn 0.2660003 1.286005 1.755034
vn 0.2728766 1.285473 1.754197
vn 0.2699912 1.073128 1.542827
vn 0.2660002 1.074667 1.543697
vn 0.270612 0.286344 1.754468
vn 0.2712784 0.2086738 2.043701
vn 0.2659999 0.2086498 2.043701
vn 0.266 0.2859955 1.755034
vn 0.2686817 0.4983644 1.54311
vn 0.2660002 0.497332 1.543697
vn 0.261129 0.4956947 2.542733
vn 0.2659997 0.786 2.621051
vn 0.2659998 0.4973328 2.543706
vn 0.2657205 0.7838786 2.621047
vn 0.2659994 1.074667 2.543706
vn 0.2699906 1.073128 2.544575
vn 0.3370873 1.051326 2.551522
vn 0.2612906 0.7684341 2.620765
vn 0.1878363 0.4942611 2.53575
vn 0.4033319 1.023884 2.551524
vn 0.2569053 0.7702499 2.620765
vn 0.1149958 0.5244327 2.535752
vn 0.4602226 0.9802312 2.551525
vn 0.2531373 0.7731393 2.620765
vn 0.05243921 0.5724308 2.535751
vn 0.5038723 0.9233421 2.551527
vn 0.2502542 0.7769054 2.620765
vn 0.004452378 0.6349815 2.535758
vn 0.5313029 0.8570941 2.551533
vn 0.248435 0.7812919 2.620765
vn -0.0257113 0.7078256 2.535765
vn 0.5406542 0.7859999 2.551538
vn 0.2478121 0.786 2.620765
vn -0.0360114 0.786 2.535761
vn 0.5313042 0.7149058 2.551533
vn 0.2484457 0.7907081 2.620765
vn -0.02571571 0.8641742 2.535762
vn 0.503874 0.6486575 2.551526
vn 0.2502645 0.7950949 2.620765
vn 0.004463762 0.9370211 2.535763
vn 0.4602137 0.591767 2.551528
vn 0.2531484 0.7988609 2.620765
vn 0.05245546 0.9995726 2.535757
vn 0.403325 0.5481147 2.551526
vn 0.2569078 0.80175 2.620765
vn 0.1149979 1.047568 2.535752
vn 0.337086 0.5206745 2.551522
vn 0.2612918 0.8035661 2.620765
vn 0.1878365 1.077738 2.53575
vn 0.2686809 0.4983642 2.544293
vn 0.2658115 0.7874286 2.62105
vn 0.2627121 1.075775 2.543054
vn 0.2659998 1.074667 2.543706
vn 0.2659997 0.786 2.621051
vn 0.266 0.497332 2.543705
vn 0.266 1.36335 2.043701
vn 0.2660002 1.285998 1.755023
vn 0.3824927 1.275714 1.760959
vn 0.3824994 1.351474 2.043701
vn 0.6308589 1.173501 1.819974
vn 0.2659999 1.286002 2.332373
vn 0.6308668 1.233443 2.0437
vn 0.3824904 1.27572 2.326433
vn 0.2659998 1.074674 2.543702
vn 0.6308599 1.173502 2.267425
vn 0.3824955 1.068735 2.533418
vn 0.6308553 1.009716 2.431212
vn 0.2660002 1.285998 1.755023
vn 0.2660002 1.074674 1.5437
vn 0.3824841 1.06874 1.553984
vn 0.3824927 1.275714 1.760959
vn 0.2660002 1.074674 1.5437
vn 0.382484 0.7860004 1.478224
vn 0.3824841 1.06874 1.553984
vn 0.2660003 0.786 1.466351
vn 0.3824933 0.5032618 1.553985
vn 0.2660002 0.497326 1.5437
vn 0.6308622 0.5622718 1.656203
vn 0.266 0.2086498 2.043701
vn 0.2659999 0.2859983 2.332373
vn 0.3825017 0.2962815 2.326432
vn 0.3825017 0.2205262 2.043701
vn 0.630879 0.3985099 2.267415
vn 0.2660002 0.286002 1.755023
vn 0.630869 0.3385585 2.043702
vn 0.3825018 0.2962879 1.76096
vn 0.2660002 0.497326 1.5437
vn 0.6308671 0.3985047 1.819977
vn 0.3824933 0.5032618 1.553985
vn 0.6308622 0.5622718 1.656203
vn 0.2659999 0.2859983 2.332373
vn 0.2659998 0.497326 2.543702
vn 0.3825039 0.5032669 2.533418
vn 0.3825017 0.2962815 2.326432
vn 0.6308693 0.5622914 2.431204
vn 0.630879 0.3985099 2.267415
vn 0.2659997 0.786 2.621051
vn 0.2659998 1.074674 2.543702
vn 0.3824955 1.068735 2.533418
vn 0.3825049 0.7860004 2.609174
vn 0.2659998 0.497326 2.543702
vn 0.6308553 1.009716 2.431212
vn 0.3825039 0.5032669 2.533418
vn 0.6308541 0.7860008 2.491155
vn 0.6308693 0.5622914 2.431204
vn 0.3824927 1.275714 1.760959
vn 0.3824841 1.06874 1.553984
vn 0.6308509 1.009733 1.656196
vn 0.6308589 1.173501 1.819974
vn 0.3824841 1.06874 1.553984
vn 0.6308561 0.7860008 1.596249
vn 0.6308509 1.009733 1.656196
vn 0.382484 0.7860004 1.478224
vn 0.6308622 0.5622718 1.656203
vn 0.266 1.36335 2.043701
vn 0.2660002 1.285998 1.755023
vn 0.3825048 1.275712 1.76096
vn 0.382504 1.351473 2.043701
vn 0.630874 1.173491 1.819979
vn 0.2659999 1.286001 2.332374
vn 0.6308745 1.233437 2.043703
vn 0.3824916 1.27572 2.326433
vn 0.2659998 1.074674 2.543702
vn 0.6308637 1.173501 2.267422
vn 0.3824939 1.068735 2.533419
vn 0.6308637 1.009713 2.431206
vn 0.2660002 1.285998 1.755023
vn 0.2660002 1.074674 1.543701
vn 0.382494 1.068738 1.553985
vn 0.3825048 1.275712 1.76096
vn 0.6308552 1.00973 1.656198
vn 0.630874 1.173491 1.819979
vn 0.2660003 0.786 1.466351
vn 0.2660002 0.4973254 1.543701
vn 0.3825035 0.5032631 1.553987
vn 0.3824943 0.7860005 1.478226
vn 0.6308681 0.5622746 1.656207
vn 0.2660002 1.074674 1.543701
vn 0.382494 1.068738 1.553985
vn 0.6308547 0.7860009 1.596248
vn 0.6308552 1.00973 1.656198
vn 0.266 0.2086498 2.043701
vn 0.2659999 0.2859983 2.332373
vn 0.3824922 0.2962801 2.326433
vn 0.3824992 0.2205257 2.043701
vn 0.6308644 0.3985 2.267422
vn 0.2660002 0.2860018 1.755023
vn 0.6308672 0.338557 2.043701
vn 0.3824993 0.296287 1.76096
vn 0.2660002 0.4973254 1.543701
vn 0.630869 0.3985054 1.819978
vn 0.3825035 0.5032631 1.553987
vn 0.2659999 0.2859983 2.332373
vn 0.2659998 0.497326 2.543702
vn 0.3824945 0.5032648 2.533419
vn 0.3824922 0.2962801 2.326433
vn 0.6308633 0.5622872 2.431207
vn 0.6308644 0.3985 2.267422
vn 0.2659998 0.497326 2.543702
vn 0.2659997 0.6365924 2.601384
vn 0.3825043 0.7859998 2.609174
vn 0.3824945 0.5032648 2.533419
vn 0.6308678 0.7859993 2.491144
vn 0.6308633 0.5622872 2.431207
vn 0.6308637 1.009713 2.431206
vn 0.3824939 1.068735 2.533419
vn 0.2659997 0.9354073 2.601385
vn 0.2659998 1.074674 2.543702
vn 0.6308633 0.5622872 2.431207
vn 0.6308678 0.7859993 2.491144
vn 0.8061382 0.7859995 2.247623
vn 0.8079698 0.885497 2.216045
vn 0.6308678 0.7859993 2.491144
vn 0.6308637 1.009713 2.431206
vn 0.8079698 0.885497 2.216045
vn 0.8061348 0.9626118 2.145662
vn 0.6308637 1.173501 2.267422
vn 0.8433503 0.786 2.043701
vn 0.8061382 0.7859995 2.247623
vn 0.8079733 0.9849932 2.043703
vn 0.8079696 0.6865028 2.216046
vn 0.8061373 0.9626012 1.941735
vn 0.6308745 1.233437 2.043703
vn 0.6308633 0.5622872 2.431207
vn 0.630874 1.173491 1.819979
vn 0.6308644 0.3985 2.267422
vn 0.8079734 0.8854996 1.87137
vn 0.6308552 1.00973 1.656198
vn 0.8061355 0.60939 2.145661
vn 0.6308672 0.338557 2.043701
vn 0.8061322 0.7860009 1.839764
vn 0.6308547 0.7860009 1.596248
vn 0.8079724 0.5870045 2.043701
vn 0.630869 0.3985054 1.819978
vn 0.8079741 0.6865008 1.871372
vn 0.6308681 0.5622746 1.656207
vn 0.806136 0.6093961 1.941733
vn 0.67423 1.194267 2.043701
vn 0.4869243 1.31941 2.043701
vn 0.4869243 1.31941 2.043701
vn 0.67423 1.194267 2.043701
vn 0.7993946 1.006961 2.043701
vn 0.7993946 1.006961 2.043701
vn 0.8433503 0.786 2.043701
vn 0.8433503 0.786 2.043701
vn 0.4869243 1.31941 2.043701
vn 0.266 1.36335 2.043701
vn 0.266 1.36335 2.043701
vn 0.4869243 1.31941 2.043701
vn 0.266 1.36335 2.043701
vn 0.04507571 1.31941 2.043701
vn 0.04507571 1.31941 2.043701
vn 0.266 1.36335 2.043701
vn 0.04507571 1.31941 2.043701
vn -0.1422294 1.194267 2.043701
vn 0.04507571 1.31941 2.043701
vn -0.1422294 1.194267 2.043701
vn -0.267394 1.006962 2.043701
vn -0.267394 1.006962 2.043701
vn -0.3113503 0.7860008 2.043701
vn -0.3113503 0.7860008 2.043701
vn -0.3113503 0.7860008 2.043701
vn -0.2673943 0.5650388 2.043701
vn -0.3113503 0.7860008 2.043701
vn -0.2673943 0.5650388 2.043701
vn -0.1422298 0.3777333 2.043701
vn -0.1422298 0.3777333 2.043701
vn 0.04507461 0.2525909 2.043701
vn 0.04507461 0.2525909 2.043701
vn 0.04507461 0.2525909 2.043701
vn 0.266 0.2086498 2.043701
vn 0.266 0.2086498 2.043701
vn 0.04507461 0.2525909 2.043701
vn 0.266 0.2086498 2.043701
vn 0.4869239 0.2525903 2.043701
vn 0.4869239 0.2525903 2.043701
vn 0.266 0.2086498 2.043701
vn 0.4869239 0.2525903 2.043701
vn 0.6742296 0.3777331 2.043701
vn 0.4869239 0.2525903 2.043701
vn 0.6742296 0.3777331 2.043701
vn 0.7993948 0.5650402 2.043701
vn 0.7993948 0.5650402 2.043701
vn 0.8433503 0.786 2.043701
vn 0.8433503 0.786 2.043701
vn 0.4779047 1.297628 1.880402
vn 0.6575581 1.177596 1.880396
vn 0.4779069 1.297627 1.880401
vn 0.6575555 1.177598 1.880396
vn 0.7776117 0.9979356 1.880392
vn 0.7776105 0.9979384 1.880392
vn 0.819772 0.7859999 1.880392
vn 0.819772 0.7859998 1.880392
vn 0.2660019 1.339775 1.880403
vn 0.4779047 1.297628 1.880402
vn 0.4779069 1.297627 1.880401
vn 0.266002 1.339775 1.880403
vn 0.05409168 1.297626 1.880402
vn 0.0540895 1.297625 1.880402
vn -0.1255595 1.177595 1.880397
vn 0.05409168 1.297626 1.880402
vn 0.0540895 1.297625 1.880402
vn -0.1255622 1.177592 1.880397
vn -0.2456104 0.9979387 1.880391
vn -0.2456115 0.9979361 1.880391
vn -0.2877719 0.7860005 1.880391
vn -0.2877719 0.7860004 1.880391
vn -0.2456134 0.5740662 1.880394
vn -0.2877719 0.7860005 1.880391
vn -0.2877719 0.7860004 1.880391
vn -0.2456145 0.5740688 1.880394
vn -0.1255575 0.3944035 1.880397
vn -0.1255604 0.3944063 1.880397
vn 0.05409972 0.2743704 1.880402
vn 0.0540974 0.2743714 1.880402
vn 0.2660001 0.2322246 1.880403
vn 0.05409972 0.2743704 1.880402
vn 0.0540974 0.2743714 1.880402
vn 0.2660001 0.2322247 1.880403
vn 0.4779002 0.2743704 1.880401
vn 0.4779027 0.2743714 1.880401
vn 0.6575538 0.3944004 1.880396
vn 0.4779002 0.2743704 1.880401
vn 0.4779027 0.2743714 1.880401
vn 0.6575564 0.3944029 1.880396
vn 0.777612 0.5740637 1.880393
vn 0.7776129 0.5740663 1.880393
vn 0.819772 0.7859998 1.880392
vn 0.819772 0.7859999 1.880392
vn 0.5218166 1.041825 1.593763
vn 0.6482052 0.9443244 1.640978
vn 0.5585338 1.078543 1.640991
vn 0.6002266 0.9244542 1.59375
vn 0.6796887 0.7859997 1.640967
vn 0.6277495 0.7859997 1.593734
vn 0.6482045 0.6276726 1.640979
vn 0.4044458 1.12025 1.593764
vn 0.5218166 1.041825 1.593763
vn 0.5585338 1.078543 1.640991
vn 0.42431 1.168227 1.640993
vn 0.2660041 1.147789 1.593766
vn 0.1275654 1.120252 1.593763
vn 0.2660041 1.147789 1.593766
vn 0.2660002 1.19972 1.640999
vn 0.10769 1.168228 1.640994
vn 0.01020321 1.04183 1.593754
vn -0.02651906 1.078548 1.640984
vn -0.06821555 0.924459 1.593743
vn 0.01020321 1.04183 1.593754
vn -0.02651906 1.078548 1.640984
vn -0.1162042 0.9443269 1.640978
vn -0.09575099 0.7859993 1.593735
vn -0.1476992 0.7859992 1.640978
vn -0.06821445 0.6475407 1.593742
vn -0.1161926 0.6276692 1.640969
vn 0.01018974 0.5301737 1.59376
vn -0.02652121 0.4934528 1.640984
vn 0.1275534 0.4517508 1.593764
vn 0.01018974 0.5301737 1.59376
vn -0.02652121 0.4934528 1.640984
vn 0.1076764 0.4037752 1.640996
vn 0.2659955 0.424212 1.593765
vn 0.2659948 0.3722828 1.640996
vn 0.4044426 0.4517498 1.593764
vn 0.4243189 0.4037744 1.640995
vn 0.5218263 0.5301771 1.593767
vn 0.5585376 0.4934587 1.640992
vn 0.600227 0.6475426 1.593751
vn 0.5585376 0.4934587 1.640992
vn 0.6482045 0.6276726 1.640979
vn 0.6277495 0.7859997 1.593734
vn 0.4869251 1.319409 2.043701
vn 0.6742293 1.194267 2.043701
vn 0.6742293 1.194267 2.043701
vn 0.7994007 1.006946 2.043701
vn 0.7994007 1.006946 2.043701
vn 0.8433503 0.7859991 2.043701
vn 0.8433503 0.7859991 2.043701
vn 0.7993889 0.5650258 2.043701
vn 0.7993889 0.5650258 2.043701
vn 0.266 1.36335 2.043701
vn 0.4869251 1.319409 2.043701
vn 0.4869251 1.319409 2.043701
vn 0.266 1.36335 2.043701
vn 0.04507503 1.319409 2.043701
vn 0.04507503 1.319409 2.043701
vn -0.1422293 1.194267 2.043701
vn 0.04507503 1.319409 2.043701
vn 0.04507503 1.319409 2.043701
vn -0.1422293 1.194267 2.043701
vn -0.2674003 1.006947 2.043701
vn -0.1422293 1.194267 2.043701
vn -0.1422293 1.194267 2.043701
vn -0.2674003 1.006947 2.043701
vn -0.3113503 0.786 2.043701
vn -0.2674003 1.006947 2.043701
vn -0.2674003 1.006947 2.043701
vn -0.3113503 0.786 2.043701
vn -0.2674003 0.5650535 2.043701
vn -0.2674003 0.5650535 2.043701
vn -0.1422298 0.3777332 2.043701
vn -0.1422298 0.3777332 2.043701
vn 0.04507481 0.2525908 2.043701
vn 0.04507481 0.2525908 2.043701
vn 0.266 0.2086498 2.043701
vn 0.04507481 0.2525908 2.043701
vn 0.04507481 0.2525908 2.043701
vn 0.266 0.2086498 2.043701
vn 0.4869251 0.2525908 2.043701
vn 0.266 0.2086498 2.043701
vn 0.266 0.2086498 2.043701
vn 0.4869251 0.2525908 2.043701
vn 0.67421 0.3777134 2.043701
vn 0.4869251 0.2525908 2.043701
vn 0.4869251 0.2525908 2.043701
vn 0.67421 0.3777134 2.043701
vn 0.7993889 0.5650258 2.043701
vn 0.7993889 0.5650258 2.043701
vn 0.6742288 1.194268 2.043701
vn 0.799394 1.006962 2.043701
vn 0.799394 1.006962 2.043701
vn 0.6742288 1.194268 2.043701
vn 0.4869221 1.319411 2.043701
vn 0.4869221 1.319411 2.043701
vn 0.266 1.36335 2.043701
vn 0.4869221 1.319411 2.043701
vn 0.4869221 1.319411 2.043701
vn 0.266 1.36335 2.043701
vn 0.04507111 1.319408 2.043701
vn 0.04507111 1.319408 2.043701
vn -0.1422247 1.194272 2.043701
vn 0.04507111 1.319408 2.043701
vn 0.04507111 1.319408 2.043701
vn -0.1422247 1.194272 2.043701
vn -0.2673914 1.006968 2.043701
vn -0.2673914 1.006968 2.043701
vn -0.3113503 0.786 2.043701
vn -0.3113503 0.786 2.043701
vn -0.2673939 0.5650378 2.043701
vn -0.2673939 0.5650378 2.043701
vn -0.1422329 0.3777364 2.043701
vn -0.2673939 0.5650378 2.043701
vn -0.2673939 0.5650378 2.043701
vn -0.1422329 0.3777364 2.043701
vn 0.04507132 0.2525922 2.043701
vn 0.04507132 0.2525922 2.043701
vn 0.266 0.2086498 2.043701
vn 0.04507132 0.2525922 2.043701
vn 0.04507132 0.2525922 2.043701
vn 0.266 0.2086498 2.043701
vn 0.4869289 0.2525924 2.043701
vn 0.4869289 0.2525924 2.043701
vn 0.6742328 0.3777362 2.043701
vn 0.4869289 0.2525924 2.043701
vn 0.4869289 0.2525924 2.043701
vn 0.6742328 0.3777362 2.043701
vn 0.7993938 0.5650375 2.043701
vn 0.7993938 0.5650375 2.043701
vn 0.8433503 0.7859997 2.043701
vn 0.8433503 0.7859997 2.043701
vn 0.799394 1.006962 2.043701
vn 0.799394 1.006962 2.043701
vn 0.6742291 1.194267 2.043701
vn 0.4869246 1.319409 2.043701
vn 0.4869246 1.319409 2.043701
vn 0.6742291 1.194267 2.043701
vn 0.7993952 1.006959 2.043701
vn 0.7993952 1.006959 2.043701
vn 0.8433503 0.786 2.043701
vn 0.8433503 0.786 2.043701
vn 0.4869246 1.319409 2.043701
vn 0.266 1.36335 2.043701
vn 0.266 1.36335 2.043701
vn 0.4869246 1.319409 2.043701
vn 0.266 1.36335 2.043701
vn 0.0450754 1.319409 2.043701
vn 0.0450754 1.319409 2.043701
vn 0.266 1.36335 2.043701
vn 0.0450754 1.319409 2.043701
vn -0.1422272 1.194269 2.043701
vn 0.0450754 1.319409 2.043701
vn -0.1422272 1.194269 2.043701
vn -0.2673943 1.006961 2.043701
vn -0.2673943 1.006961 2.043701
vn -0.3113503 0.786 2.043701
vn -0.3113503 0.786 2.043701
vn -0.3113503 0.786 2.043701
vn -0.2673946 0.5650396 2.043701
vn -0.3113503 0.786 2.043701
vn -0.2673946 0.5650396 2.043701
vn -0.1422281 0.3777316 2.043701
vn -0.1422281 0.3777316 2.043701
vn 0.04507433 0.252591 2.043701
vn 0.04507433 0.252591 2.043701
vn 0.04507433 0.252591 2.043701
vn 0.266 0.2086498 2.043701
vn 0.266 0.2086498 2.043701
vn 0.04507433 0.252591 2.043701
vn 0.266 0.2086498 2.043701
vn 0.4869249 0.2525907 2.043701
vn 0.4869249 0.2525907 2.043701
vn 0.266 0.2086498 2.043701
vn 0.4869249 0.2525907 2.043701
vn 0.6742291 0.3777327 2.043701
vn 0.4869249 0.2525907 2.043701
vn 0.6742291 0.3777327 2.043701
vn 0.7993948 0.5650402 2.043701
vn 0.7993948 0.5650402 2.043701
vn 0.8433503 0.786 2.043701
vn 0.8433503 0.786 2.043701
vn 0.477905 1.297628 1.880401
vn 0.6575572 1.177596 1.880396
vn 0.4779074 1.297627 1.880401
vn 0.6575545 1.177599 1.880396
vn 0.7776113 0.9979367 1.880391
vn 0.7776101 0.9979396 1.880391
vn 0.819772 0.7860003 1.880392
vn 0.819772 0.7860004 1.880392
vn 0.2660018 1.339775 1.880403
vn 0.477905 1.297628 1.880401
vn 0.4779074 1.297627 1.880401
vn 0.266002 1.339775 1.880403
vn 0.05409181 1.297626 1.880401
vn 0.0540894 1.297625 1.880401
vn -0.1255585 1.177595 1.880396
vn 0.05409181 1.297626 1.880401
vn 0.0540894 1.297625 1.880401
vn -0.1255613 1.177593 1.880396
vn -0.2456099 0.9979389 1.88039
vn -0.245611 0.9979361 1.88039
vn -0.2877717 0.786 1.880391
vn -0.2877717 0.786 1.880391
vn -0.2456132 0.5740662 1.880394
vn -0.2877717 0.786 1.880391
vn -0.2877717 0.786 1.880391
vn -0.2456143 0.574069 1.880394
vn -0.125557 0.3944032 1.880396
vn -0.1255598 0.3944061 1.880396
vn 0.05409995 0.2743704 1.880401
vn 0.05409762 0.2743713 1.880401
vn 0.2660001 0.2322246 1.880403
vn 0.05409995 0.2743704 1.880401
vn 0.05409762 0.2743713 1.880401
vn 0.2660001 0.2322246 1.880403
vn 0.477901 0.2743708 1.880401
vn 0.4779035 0.2743719 1.880401
vn 0.6575528 0.3943996 1.880395
vn 0.477901 0.2743708 1.880401
vn 0.4779035 0.2743719 1.880401
vn 0.6575556 0.3944023 1.880395
vn 0.777611 0.5740618 1.880393
vn 0.7776121 0.5740646 1.880393
vn 0.819772 0.7860004 1.880392
vn 0.819772 0.7860003 1.880392
vn 0.5218155 1.041825 1.593762
vn 0.6482069 0.9443252 1.64098
vn 0.5585335 1.078542 1.64099
vn 0.600228 0.9244542 1.593751
vn 0.679692 0.7859998 1.64097
vn 0.6277518 0.7859998 1.593736
vn 0.648206 0.6276713 1.64098
vn 0.6002284 0.6475419 1.593752
vn 0.5585377 0.4934593 1.640992
vn 0.5218259 0.5301775 1.593766
vn 0.4044452 1.120249 1.593764
vn 0.5218155 1.041825 1.593762
vn 0.5585335 1.078542 1.64099
vn 0.4243102 1.168226 1.640992
vn 0.2660041 1.147789 1.593766
vn 0.2660002 1.19972 1.640998
vn 0.1275659 1.120252 1.593762
vn 0.1076902 1.168228 1.640994
vn 0.01020336 1.04183 1.593754
vn -0.02651867 1.078547 1.640983
vn -0.06821686 0.9244589 1.593744
vn 0.01020336 1.04183 1.593754
vn -0.02651867 1.078547 1.640983
vn -0.1162043 0.9443263 1.640978
vn -0.09575266 0.7859997 1.593736
vn -0.1476999 0.7859995 1.640978
vn -0.06821543 0.6475406 1.593743
vn -0.1161928 0.6276693 1.640969
vn 0.01019025 0.5301735 1.593759
vn -0.02652064 0.4934535 1.640983
vn 0.1275538 0.4517511 1.593764
vn 0.01019025 0.5301735 1.593759
vn -0.02652064 0.4934535 1.640983
vn 0.1076767 0.4037758 1.640996
vn 0.2659955 0.4242119 1.593765
vn 0.2659948 0.3722829 1.640996
vn 0.4044423 0.4517505 1.593763
vn 0.4243193 0.4037756 1.640994
vn 0.5218259 0.5301775 1.593766
vn 0.5585377 0.4934593 1.640992
vn 0.67423 1.194267 2.043701
vn 0.799401 1.006945 2.043701
vn 0.67423 1.194267 2.043701
vn 0.799401 1.006945 2.043701
vn 0.8433503 0.7859994 2.043701
vn 0.8433503 0.7859994 2.043701
vn 0.7993891 0.5650262 2.043701
vn 0.7993891 0.5650262 2.043701
vn 0.6742108 0.3777142 2.043701
vn 0.6742108 0.3777142 2.043701
vn 0.4869253 0.2525908 2.043701
vn 0.4869253 0.2525908 2.043701
vn 0.266 1.36335 2.043701
vn 0.486925 1.319409 2.043701
vn 0.486925 1.319409 2.043701
vn 0.266 1.36335 2.043701
vn 0.04507552 1.319409 2.043701
vn 0.04507552 1.319409 2.043701
vn -0.1422294 1.194267 2.043701
vn 0.04507552 1.319409 2.043701
vn 0.04507552 1.319409 2.043701
vn -0.1422294 1.194267 2.043701
vn -0.2674008 1.006945 2.043701
vn -0.1422294 1.194267 2.043701
vn -0.1422294 1.194267 2.043701
vn -0.2674008 1.006945 2.043701
vn -0.3113503 0.786 2.043701
vn -0.2674008 1.006945 2.043701
vn -0.2674008 1.006945 2.043701
vn -0.3113503 0.786 2.043701
vn -0.2674008 0.5650546 2.043701
vn -0.2674008 0.5650546 2.043701
vn -0.1422297 0.3777332 2.043701
vn -0.1422297 0.3777332 2.043701
vn 0.0450753 0.2525906 2.043701
vn 0.0450753 0.2525906 2.043701
vn 0.266 0.2086498 2.043701
vn 0.0450753 0.2525906 2.043701
vn 0.0450753 0.2525906 2.043701
vn 0.266 0.2086498 2.043701
vn 0.4869253 0.2525908 2.043701
vn 0.266 0.2086498 2.043701
vn 0.266 0.2086498 2.043701
vn 0.4869253 0.2525908 2.043701
vn 0.4869224 1.31941 2.043701
vn 0.6742284 1.194268 2.043701
vn 0.6742284 1.194268 2.043701
vn 0.7993934 1.006963 2.043701
vn 0.7993934 1.006963 2.043701
vn 0.8433503 0.7859988 2.043701
vn 0.8433503 0.7859988 2.043701
vn 0.266 1.36335 2.043701
vn 0.4869224 1.31941 2.043701
vn 0.4869224 1.31941 2.043701
vn 0.266 1.36335 2.043701
vn 0.04507117 1.319408 2.043701
vn 0.04507117 1.319408 2.043701
vn -0.1422245 1.194272 2.043701
vn 0.04507117 1.319408 2.043701
vn 0.04507117 1.319408 2.043701
vn -0.1422245 1.194272 2.043701
vn -0.2673914 1.006968 2.043701
vn -0.1422245 1.194272 2.043701
vn -0.1422245 1.194272 2.043701
vn -0.2673914 1.006968 2.043701
vn -0.3113503 0.786 2.043701
vn -0.3113503 0.786 2.043701
vn -0.2673941 0.5650383 2.043701
vn -0.2673941 0.5650383 2.043701
vn -0.1422328 0.3777362 2.043701
vn -0.2673941 0.5650383 2.043701
vn -0.2673941 0.5650383 2.043701
vn -0.1422328 0.3777362 2.043701
vn 0.04507138 0.2525922 2.043701
vn 0.04507138 0.2525922 2.043701
vn 0.266 0.2086498 2.043701
vn 0.04507138 0.2525922 2.043701
vn 0.04507138 0.2525922 2.043701
vn 0.266 0.2086498 2.043701
vn 0.4869291 0.2525924 2.043701
vn 0.266 0.2086498 2.043701
vn 0.266 0.2086498 2.043701
vn 0.4869291 0.2525924 2.043701
vn 0.674233 0.3777364 2.043701
vn 0.4869291 0.2525924 2.043701
vn 0.4869291 0.2525924 2.043701
vn 0.674233 0.3777364 2.043701
vn 0.7993932 0.5650362 2.043701
vn 0.7993932 0.5650362 2.043701
vn 0.8433503 0.7859988 2.043701
vn 0.8433503 0.7859988 2.043701
vn 0.6308671 0.3985047 1.819977
vn 0.630869 0.3385585 2.043702
vn 0.8079731 0.5870066 2.043701
vn 0.8061374 0.6093944 2.145658
vn 0.8061365 0.6093971 1.941734
vn 0.6308622 0.5622718 1.656203
vn 0.8433503 0.7859995 2.043702
vn 0.8079751 0.6865019 1.871375
vn 0.8079697 0.686504 2.216046
vn 0.8061341 0.7860001 1.839769
vn 0.6308561 0.7860008 1.596249
vn 0.630879 0.3985099 2.267415
vn 0.6308693 0.5622914 2.431204
vn 0.8061354 0.7860004 2.24763
vn 0.6308509 1.009733 1.656196
vn 0.8079743 0.8854986 1.871373
vn 0.6308589 1.173501 1.819974
vn 0.8061359 0.9626046 1.941734
vn 0.6308668 1.233443 2.0437
vn 0.8079729 0.9849942 2.043701
vn 0.6308599 1.173502 2.267425
vn 0.8061355 0.9626096 2.145662
vn 0.6308553 1.009716 2.431212
vn 0.8079679 0.8854995 2.21605
vn 0.6308541 0.7860008 2.491155
vn 0.2659983 0.786 1.466351
vn 0.2659925 0.786 1.466351
vn 0.2660003 0.786 1.466351
vn 0.2660003 0.786 1.466351
vn 0.2659847 0.786 1.466351
vn 0.2660003 0.786 1.466351
vn 0.265977 0.786 1.466351
vn 0.2660003 0.786 1.466351
vn 0.2659692 0.786 1.466351
vn 0.2660003 0.786 1.466351
vn 0.2660003 0.786 1.466351
vn 0.2660003 0.786 1.466351
vn 0.2660313 0.786 1.466351
vn 0.2660003 0.786 1.466351
vn 0.2660158 0.786 1.466351
vn 0.2660003 0.786 1.466351
vn 0.2660003 0.786 1.466351
vn 0.2660041 1.041901 1.526161
vn 0.3639146 1.022424 1.526159
vn 0.3346562 0.9517723 1.49494
vn 0.265998 0.9654304 1.494941
vn 0.3928604 0.912877 1.494937
vn 0.4469326 0.9669546 1.526157
vn 0.4317436 0.8546655 1.494932
vn 0.5024101 0.8839325 1.526156
vn 0.4454035 0.7859994 1.494932
vn 0.5218881 0.7859988 1.526154
vn 0.4317628 0.7173347 1.494938
vn 0.5023963 0.6880668 1.52615
vn 0.3928698 0.6591237 1.494939
vn 0.4469188 0.6050462 1.526152
vn 0.3346532 0.6202274 1.494939
vn 0.3639069 0.5495762 1.526158
vn 0.2659988 0.606569 1.494941
vn 0.2659965 0.5300992 1.526161
vn 0.1973449 0.6202275 1.49494
vn 0.1680969 0.549576 1.526157
vn 0.1391359 0.6591232 1.494938
vn 0.08508927 0.605045 1.526149
vn 0.1002398 0.717335 1.494937
vn 0.02960427 0.6880673 1.52615
vn 0.08658694 0.7860002 1.494935
vn 0.01012495 0.7860003 1.526148
vn 0.1002486 0.8546656 1.494935
vn 0.02961592 0.8839346 1.526145
vn 0.1391361 0.9128767 1.494938
vn 0.08506738 0.9669541 1.526157
vn 0.1973398 0.9517724 1.49494
vn 0.1680749 1.022424 1.526161
vn 0.2329514 0.7062054 1.472847
vn 0.2049361 0.724928 1.472847
vn 0.1862228 0.7529483 1.472845
vn 0.1796403 0.786 1.472846
vn 0.1862082 0.8190517 1.472847
vn 0.2049302 0.8470719 1.472847
vn 0.2329467 0.8657944 1.472848
vn 0.2660003 0.6996307 1.472848
vn 0.2659981 0.8723691 1.472848
vn 0.2990413 0.7062052 1.472847
vn 0.2990482 0.8657945 1.472847
vn 0.3270545 0.7249278 1.472846
vn 0.3270625 0.8470721 1.472847
vn 0.3457845 0.7529482 1.472846
vn 0.3457917 0.8190517 1.472847
vn 0.3523729 0.7859999 1.472848
vn 0.2901808 0.844382 1.46982
vn 0.2660003 0.8491923 1.46982
vn 0.3106784 0.8306834 1.469819
vn 0.3244002 0.8101822 1.469821
vn 0.241811 0.8443817 1.46982
vn 0.3292186 0.786 1.469823
vn 0.3243652 0.7618178 1.469818
vn 0.2213134 0.8306832 1.46982
vn 0.310652 0.7413166 1.469817
vn 0.2076179 0.8101822 1.46982
vn 0.2901698 0.727618 1.469819
vn 0.2028171 0.786 1.469819
vn 0.2660003 0.7228076 1.46982
vn 0.2076442 0.7618178 1.469817
vn 0.2418219 0.727618 1.469819
vn 0.221331 0.7413167 1.469818
vn 0.2659983 0.786 1.466351
vn 0.2659925 0.786 1.466351
vn 0.2660003 0.786 1.466351
vn 0.2660003 0.786 1.466351
vn 0.2659847 0.786 1.466351
vn 0.2660003 0.786 1.466351
vn 0.265977 0.786 1.466351
vn 0.2660003 0.786 1.466351
vn 0.2659692 0.786 1.466351
vn 0.2660003 0.786 1.466351
vn 0.2660003 0.786 1.466351
vn 0.2660003 0.786 1.466351
vn 0.2660313 0.786 1.466351
vn 0.2660003 0.786 1.466351
vn 0.2660158 0.786 1.466351
vn 0.2660003 0.786 1.466351
vn 0.2660003 0.786 1.466351
vn -0.3113503 0.786 2.043701
vn -0.3113503 0.786 2.043701
vn -0.3113503 0.786 2.043701
vn -0.3113503 0.786 2.043701
vn -0.3113503 0.7860005 2.043701
vn -0.3113503 0.786 2.043701
vn -0.3113503 0.7860005 2.043701
vn -0.3113503 0.786 2.043701
vn -0.3113503 0.786 2.043701
vn -0.3113503 0.7860005 2.043701
vn -0.3113503 0.786 2.043701
vn -0.3113503 0.7860005 2.043701
vn -0.3113503 0.786 2.043701
vn -0.3113503 0.7859997 2.043701
vn -0.3113503 0.786 2.043701
vn -0.3113503 0.7859997 2.043701
vn -0.3113503 0.7859995 2.043701
vn -0.3113503 0.786 2.043701
vn -0.3113503 0.7859995 2.043701
vn -0.3113503 0.786 2.043701
vn -0.3113503 0.786 2.043701
vn -0.3113503 0.786 2.043701
vn -0.3113503 0.786 2.043701
vn -0.3113503 0.786 2.043701
vn -0.3113503 0.786 2.043701
vn -0.3113503 0.786 2.043701
vn -0.3113503 0.786 2.043701
vn -0.3113503 0.786 2.043701
vn -0.3113503 0.786 2.043701
vn -0.3113503 0.786 2.043701
vn -0.3113503 0.786 2.043701
vn -0.3113503 0.786 2.043701
vn -0.3113503 0.7860011 2.043701
vn -0.3113503 0.7860005 2.043701
vn -0.3113503 0.7860011 2.043701
vn -0.3113503 0.7860005 2.043701
vn -0.3113503 0.7859989 2.043701
vn -0.3113503 0.7859995 2.043701
vn -0.3113503 0.7859989 2.043701
vn -0.3113503 0.7859995 2.043701
vn -0.3113503 0.7859989 2.043701
vn -0.3113503 0.786 2.043701
vn -0.3113503 0.7859989 2.043701
vn -0.3113503 0.786 2.043701
vn -0.3113503 0.786 2.043701
vn -0.3113503 0.786 2.043701
vn -0.3113503 0.786 2.043701
vn -0.3113503 0.786 2.043701
vn 0.266012 0.786 1.466351
vn 0.266012 0.786 1.466351
vn 0.266012 0.786 1.466351
vn 0.266012 0.786 1.466351
vn 0.2659885 0.786 1.466351
vn 0.2659914 0.786 1.466351
vn 0.2659885 0.786 1.466351
vn 0.2659914 0.786 1.466351
vn 0.2659885 0.786 1.466351
vn 0.2659885 0.786 1.466351
vn 0.2659885 0.786 1.466351
vn 0.2659885 0.786 1.466351
vn 0.2660062 0.786 1.466351
vn 0.2659973 0.786 1.466351
vn 0.2660062 0.786 1.466351
vn 0.2659973 0.786 1.466351
vn 0.2660091 0.786 1.466351
vn 0.2660003 0.786 1.466351
vn 0.2660091 0.786 1.466351
vn 0.2660003 0.786 1.466351
vn 0.2660003 0.786 1.466351
vn 0.2659885 0.786 1.466351
vn 0.2660003 0.786 1.466351
vn 0.2659885 0.786 1.466351
vn 0.2659973 0.786 1.466351
vn 0.2660003 0.786 1.466351
vn 0.2659973 0.786 1.466351
vn 0.2660003 0.786 1.466351
vn 0.2659885 0.786 1.466351
vn 0.2660003 0.786 1.466351
vn 0.2659885 0.786 1.466351
vn 0.2660003 0.786 1.466351
vn 0.2660453 0.786 1.466351
vn 0.2660003 0.786 1.466351
vn 0.6002266 0.9244542 1.59375
vn 0.5218166 1.041825 1.593763
vn 0.6277495 0.7859997 1.593734
vn 0.2660679 0.786 1.466351
vn 0.2659102 0.786 1.466351
vn 0.4044458 1.12025 1.593764
vn 0.600227 0.6475426 1.593751
vn 0.2660228 0.786 1.466351
vn 0.2660003 0.786 1.466351
vn 0.2660041 1.147789 1.593766
vn 0.5218263 0.5301771 1.593767
vn 0.2660003 0.786 1.466351
vn 0.2660904 0.786 1.466351
vn 0.1275654 1.120252 1.593763
vn 0.4044426 0.4517498 1.593764
vn 0.2660003 0.786 1.466351
vn 0.2660003 0.786 1.466351
vn 0.01020321 1.04183 1.593754
vn 0.2659955 0.424212 1.593765
vn 0.2660904 0.786 1.466351
vn 0.2660003 0.786 1.466351
vn -0.06821555 0.924459 1.593743
vn 0.1275534 0.4517508 1.593764
vn 0.2661805 0.786 1.466351
vn 0.2660003 0.786 1.466351
vn -0.09575099 0.7859993 1.593735
vn 0.01018974 0.5301737 1.59376
vn 0.2660003 0.786 1.466351
vn 0.2659102 0.786 1.466351
vn -0.06821445 0.6475407 1.593742
vn 0.266012 0.786 1.466351
vn 0.266012 0.786 1.466351
vn 0.266012 0.786 1.466351
vn 0.266012 0.786 1.466351
vn 0.2659885 0.786 1.466351
vn 0.2659914 0.786 1.466351
vn 0.2659885 0.786 1.466351
vn 0.2659914 0.786 1.466351
vn 0.2659885 0.786 1.466351
vn 0.2659885 0.786 1.466351
vn 0.2659885 0.786 1.466351
vn 0.2659885 0.786 1.466351
vn 0.2660062 0.786 1.466351
vn 0.2659973 0.786 1.466351
vn 0.2660062 0.786 1.466351
vn 0.2659973 0.786 1.466351
vn 0.2660091 0.786 1.466351
vn 0.2660003 0.786 1.466351
vn 0.2660091 0.786 1.466351
vn 0.2660003 0.786 1.466351
vn 0.2660003 0.786 1.466351
vn 0.2659885 0.786 1.466351
vn 0.2660003 0.786 1.466351
vn 0.2659885 0.786 1.466351
vn 0.2659973 0.786 1.466351
vn 0.2660003 0.786 1.466351
vn 0.2659973 0.786 1.466351
vn 0.2660003 0.786 1.466351
vn 0.2659885 0.786 1.466351
vn 0.2660003 0.786 1.466351
vn 0.2659885 0.786 1.466351
vn 0.2660003 0.786 1.466351
vn 0.2660453 0.786 1.466351
vn 0.2660003 0.786 1.466351
vn 0.600228 0.9244542 1.593751
vn 0.5218155 1.041825 1.593762
vn 0.6277518 0.7859998 1.593736
vn 0.2660679 0.786 1.466351
vn 0.2659102 0.786 1.466351
vn 0.4044452 1.120249 1.593764
vn 0.6002284 0.6475419 1.593752
vn 0.2660228 0.786 1.466351
vn 0.2660003 0.786 1.466351
vn 0.2660041 1.147789 1.593766
vn 0.5218259 0.5301775 1.593766
vn 0.2660003 0.786 1.466351
vn 0.2660904 0.786 1.466351
vn 0.1275659 1.120252 1.593762
vn 0.4044423 0.4517505 1.593763
vn 0.2660003 0.786 1.466351
vn 0.2660003 0.786 1.466351
vn 0.01020336 1.04183 1.593754
vn 0.2659955 0.4242119 1.593765
vn 0.2660904 0.786 1.466351
vn 0.2660003 0.786 1.466351
vn -0.06821686 0.9244589 1.593744
vn 0.1275538 0.4517511 1.593764
vn 0.2661805 0.786 1.466351
vn 0.2660003 0.786 1.466351
vn -0.09575266 0.7859997 1.593736
vn 0.01019025 0.5301735 1.593759
vn 0.2660003 0.786 1.466351
vn 0.2659102 0.786 1.466351
vn -0.06821543 0.6475406 1.593743
vn 0.4469336 0.966955 1.526157
vn 0.5024101 0.8839324 1.526156
vn 0.4317432 0.8546654 1.494932
vn 0.3928604 0.912877 1.494937
vn 0.3639152 1.022425 1.52616
vn 0.4454025 0.7859994 1.494932
vn 0.5218868 0.7859988 1.526154
vn 0.3346563 0.9517726 1.49494
vn 0.2660041 1.041901 1.526161
vn 0.4317625 0.7173355 1.494938
vn 0.5024216 0.68807 1.526161
vn 0.265998 0.9654304 1.494941
vn 0.1680749 1.022424 1.526161
vn 0.3928658 0.6591234 1.494938
vn 0.4469458 0.6050481 1.52616
vn 0.1973398 0.9517725 1.49494
vn 0.08506693 0.9669545 1.526157
vn 0.3346497 0.6202269 1.494939
vn 0.363908 0.5495759 1.526158
vn 0.1391361 0.912877 1.494938
vn 0.02961591 0.8839343 1.526145
vn 0.2659988 0.606569 1.494941
vn 0.2659965 0.5300992 1.526161
vn 0.1002488 0.8546654 1.494935
vn 0.0101257 0.7860001 1.526148
vn 0.1973449 0.6202273 1.49494
vn 0.1680974 0.5495759 1.526157
vn 0.08658735 0.7860001 1.494935
vn 0.02960455 0.6880678 1.52615
vn 0.1391357 0.6591231 1.494938
vn 0.08508921 0.6050451 1.526149
vn 0.1002399 0.7173352 1.494937
vn 0.2990391 0.7062053 1.472847
vn 0.2660003 0.6996307 1.472848
vn 0.2329515 0.7062052 1.472848
vn 0.204936 0.724928 1.472847
vn 0.1862227 0.7529482 1.472845
vn 0.1796402 0.786 1.472846
vn 0.3270456 0.7249277 1.472845
vn 0.1862082 0.8190518 1.472847
vn 0.3457778 0.7529481 1.472845
vn 0.2049302 0.8470721 1.472847
vn 0.3523726 0.7859999 1.472848
vn 0.2329467 0.8657944 1.472848
vn 0.3457913 0.8190517 1.472847
vn 0.2659981 0.8723691 1.472848
vn 0.3270623 0.8470721 1.472847
vn 0.2990482 0.8657945 1.472847
vn 0.3243651 0.7618176 1.469818
vn 0.3292183 0.786 1.469823
vn 0.310652 0.7413165 1.469817
vn 0.3243999 0.8101822 1.469821
vn 0.3106783 0.8306833 1.469819
vn 0.2901699 0.727618 1.469819
vn 0.2901809 0.8443819 1.46982
vn 0.2660003 0.8491923 1.46982
vn 0.2660003 0.7228076 1.46982
vn 0.241811 0.8443817 1.46982
vn 0.2418219 0.727618 1.469819
vn 0.2213134 0.8306833 1.46982
vn 0.221331 0.7413167 1.469818
vn 0.2076178 0.8101823 1.46982
vn 0.2076441 0.7618177 1.469817
vn 0.2028168 0.786 1.469819
vt 0.3274871 0.2291633
vt 0.3177192 0.6259866
vt 0.3274871 0.6259866
vt 0.7065976 0.8884612
vt 0.6955675 0.8914167
vt 0.6993124 0.8979025
vt 0.6874928 0.899491
vt 0.6845388 0.9105207
vt 0.6920279 0.9105207
vt 0.7564207 0.9586004
vt 0.7501437 0.9477543
vt 0.7501437 0.9586004
vt 0.8854799 0.9329631
vt 0.8787335 0.921701
vt 0.8787335 0.9302347
vt 0.2386347 0.8591951
vt 0.2434805 0.8758771
vt 0.2434805 0.8591951
vt 0.2000086 0.7484699
vt 0.2000086 0.7357717
vt 0.1951292 0.732413
vt 0.1951292 0.8039986
vt 0.1915688 0.7944841
vt 0.1915688 0.8039986
vt 0.8504636 0.783294
vt 0.8533467 0.7977899
vt 0.8599046 0.7977899
vt 0.163597 0.8040005
vt 0.163597 0.7944856
vt 0.1600365 0.7944856
vt 0.163597 0.8040005
vt 0.1600365 0.7944856
vt 0.1600365 0.8040005
vt 0.5229641 0.8538238
vt 0.5124815 0.8392349
vt 0.5124815 0.8538238
vt 0.8334169 0.09251885
vt 0.8439971 0.1207069
vt 0.8439971 0.0911012
vt 0.8334169 0.1214408
vt 0.8439971 0.1524776
vt 0.8228368 0.0911012
vt 0.8334169 0.1524776
vt 0.8228368 0.1207069
vt 0.8150917 0.08722836
vt 0.8150917 0.06020057
vt 0.8228368 0.06567809
vt 0.8150917 0.118702
vt 0.8228368 0.1524776
vt 0.8150917 0.1524776
vt 0.8150917 0.582293
vt 0.8228368 0.582293
vt 0.8334169 0.582293
vt 0.9246267 0.6132309
vt 0.9358523 0.6469364
vt 0.9358523 0.6132309
vt 0.9246267 0.580304
vt 0.9358523 0.5795256
vt 0.913401 0.5795256
vt 0.913401 0.6132309
vt 0.913401 0.548117
vt 0.9246267 0.5496209
vt 0.9358523 0.548117
vt 0.9246267 0.5232728
vt 0.9358523 0.5211459
vt 0.9246267 0.503055
vt 0.9358523 0.5211459
vt 0.9358523 0.5004501
vt 0.9246267 0.5232728
vt 0.913401 0.5004501
vt 0.913401 0.5211459
vt 0.9246267 0.5496209
vt 0.913401 0.548117
vt 0.8439971 0.1207069
vt 0.8439971 0.1524776
vt 0.8517429 0.1524776
vt 0.8517429 0.118702
vt 0.8439971 0.0911012
vt 0.8517429 0.08722836
vt 0.8439971 0.06567809
vt 0.8517429 0.06020057
vt 0.9358523 0.678345
vt 0.9358523 0.7053161
vt 0.9440704 0.7111269
vt 0.9440704 0.6824538
vt 0.9358523 0.6469364
vt 0.9440704 0.6490633
vt 0.9358523 0.6132309
vt 0.9440704 0.6132309
vt 0.9358523 0.5795256
vt 0.9440704 0.5773987
vt 0.9358523 0.548117
vt 0.9440704 0.5440082
vt 0.9358523 0.5211459
vt 0.9440704 0.5153351
vt 0.9280442 0.0735707
vt 0.9280442 0.04805957
vt 0.9202716 0.04256308
vt 0.9202716 0.06968442
vt 0.3002705 0.1640376
vt 0.3227164 0.1929235
vt 0.3087298 0.1591532
vt 0.2795732 0.1370617
vt 0.2795732 0.1370617
vt 0.3087298 0.1591532
vt 0.2864801 0.1301541
vt 0.2525998 0.1163623
vt 0.2574838 0.1079023
vt 0.2211887 0.1033502
vt 0.2237168 0.09391421
vt 0.1874804 0.09891194
vt 0.1874804 0.08914316
vt 0.1537722 0.1033502
vt 0.1512441 0.09391421
vt 0.1223611 0.1163623
vt 0.1174771 0.1079023
vt 0.09538772 0.1370617
vt 0.08848078 0.130154
vt 0.07469038 0.1640376
vt 0.06623109 0.1591531
vt 0.06167948 0.1954518
vt 0.0522444 0.1929234
vt 0.05724169 0.2291632
vt 0.04747379 0.2291632
vt 0.04747379 0.4853452
vt 0.05724169 0.4853452
vt 0.06700959 0.2291632
vt 0.06700956 0.4853452
vt 0.07111451 0.1979801
vt 0.08314961 0.168922
vt 0.1022947 0.1439694
vt 0.127245 0.1248224
vt 0.1563003 0.1127861
vt 0.1874804 0.1086808
vt 0.2186606 0.1127861
vt 0.2477159 0.1248224
vt 0.2726662 0.1439694
vt 0.3002705 0.1640376
vt 0.2918112 0.1689221
vt 0.3132814 0.1954518
vt 0.3227164 0.1929235
vt 0.3038463 0.1979802
vt 0.3274871 0.2291633
vt 0.3177192 0.2291633
vt 0.3079513 0.2291633
vt 0.3177192 0.6259866
vt 0.3079513 0.6259866
vt 0.7624491 0.06765676
vt 0.7702037 0.0952253
vt 0.7702037 0.06217301
vt 0.7624491 0.09910253
vt 0.7702037 0.1337148
vt 0.7624491 0.135722
vt 0.7807959 0.1329801
vt 0.7807959 0.09380606
vt 0.7702037 0.1750189
vt 0.7624491 0.1750189
vt 0.7624491 0.605323
vt 0.7702037 0.605323
vt 0.7807959 0.1750189
vt 0.7807959 0.605323
vt 0.9561895 0.7103378
vt 0.9561895 0.7435918
vt 0.9643907 0.7493905
vt 0.9643907 0.714438
vt 0.9643907 0.7762104
vt 0.9755931 0.77881
vt 0.9755931 0.751513
vt 0.9561895 0.6716124
vt 0.9561895 0.7103378
vt 0.9643907 0.714438
vt 0.9643907 0.6737348
vt 0.9561895 0.6300552
vt 0.9643907 0.6300552
vt 0.9561895 0.5884979
vt 0.9755931 0.6745118
vt 0.9643907 0.5863754
vt 0.9755931 0.6300552
vt 0.9755931 0.5855987
vt 0.9643907 0.5456724
vt 0.9867956 0.6300552
vt 0.9867956 0.5863754
vt 0.9755931 0.5441715
vt 0.9867956 0.5456724
vt 0.9755931 0.5085974
vt 0.9867956 0.5107198
vt 0.9561895 0.5497726
vt 0.9561895 0.5884979
vt 0.9643907 0.5863754
vt 0.9643907 0.5456724
vt 0.9561895 0.5165185
vt 0.9643907 0.5107198
vt 0.9755931 0.5441715
vt 0.9755931 0.5085974
vt 0.9643907 0.4838998
vt 0.9755931 0.4813004
vt 0.9044539 0.08159862
vt 0.9044539 0.05003528
vt 0.8966705 0.04453179
vt 0.8966705 0.07770683
vt 0.9044539 0.118355
vt 0.8966705 0.1163403
vt 0.8860387 0.07628235
vt 0.8860387 0.1156029
vt 0.9044539 0.1577996
vt 0.8966705 0.1577996
vt 0.8860387 0.1577996
vt 0.8860387 0.4366342
vt 0.8966705 0.4366342
vt 0.9044539 0.4366342
vt 0.7702037 0.1337148
vt 0.7702037 0.1750189
vt 0.7807959 0.1750189
vt 0.7807959 0.1329801
vt 0.7913882 0.1750189
vt 0.7807959 0.605323
vt 0.7913882 0.605323
vt 0.7913882 0.1337148
vt 0.7807959 0.09380606
vt 0.7913882 0.0952253
vt 0.799142 0.1750189
vt 0.799142 0.605323
vt 0.799142 0.135722
vt 0.799142 0.09910253
vt 0.7913882 0.06217301
vt 0.799142 0.06765676
vt 0.9643907 0.714438
vt 0.9643907 0.7493905
vt 0.9755931 0.751513
vt 0.9755931 0.7159389
vt 0.9643907 0.6737348
vt 0.9755931 0.6745118
vt 0.9867956 0.7493905
vt 0.9867956 0.7762104
vt 0.9755931 0.77881
vt 0.9867956 0.714438
vt 0.994996 0.7435918
vt 0.994996 0.7103378
vt 0.9867956 0.6737348
vt 0.9755931 0.6300552
vt 0.994996 0.6716124
vt 0.9867956 0.6300552
vt 0.994996 0.6300552
vt 0.9867956 0.5863754
vt 0.994996 0.5884979
vt 0.9867956 0.5456724
vt 0.994996 0.5497726
vt 0.9867956 0.5107198
vt 0.994996 0.5165185
vt 0.9755931 0.4813004
vt 0.9755931 0.5085974
vt 0.9867956 0.5107198
vt 0.9867956 0.4838998
vt 0.8860387 0.1156029
vt 0.8860387 0.07628235
vt 0.8754067 0.07770683
vt 0.8754067 0.1163403
vt 0.8860387 0.1577996
vt 0.8754067 0.1577996
vt 0.8754067 0.4366342
vt 0.8860387 0.4366342
vt 0.8676241 0.4366342
vt 0.8676241 0.1577996
vt 0.8754067 0.07770683
vt 0.8754067 0.04453179
vt 0.8676241 0.05003528
vt 0.8676241 0.08159862
vt 0.8754067 0.1163403
vt 0.8676241 0.118355
vt 0.8754067 0.1577996
vt 0.8676241 0.1577996
vt 0.9051837 0.6824538
vt 0.9051837 0.7111269
vt 0.913401 0.7053161
vt 0.913401 0.678345
vt 0.9051837 0.6490633
vt 0.913401 0.6469364
vt 0.9246267 0.7031893
vt 0.9246267 0.676841
vt 0.9246267 0.7234069
vt 0.913401 0.7260118
vt 0.9358523 0.7260118
vt 0.9358523 0.7053161
vt 0.9358523 0.678345
vt 0.9246267 0.646158
vt 0.913401 0.6132309
vt 0.9358523 0.6469364
vt 0.9246267 0.6132309
vt 0.9051837 0.6132309
vt 0.9051837 0.6490633
vt 0.913401 0.6469364
vt 0.913401 0.6132309
vt 0.9051837 0.5773987
vt 0.913401 0.5795256
vt 0.9051837 0.5440082
vt 0.913401 0.548117
vt 0.9051837 0.5153351
vt 0.913401 0.5211459
vt 0.9570498 0.06968442
vt 0.9570498 0.04256308
vt 0.949278 0.04805957
vt 0.949278 0.0735707
vt 0.9570498 0.101267
vt 0.949278 0.1032788
vt 0.9386611 0.07499321
vt 0.9570498 0.1351595
vt 0.9386611 0.1040153
vt 0.9280442 0.0735707
vt 0.949278 0.1351595
vt 0.9280442 0.1032788
vt 0.9202716 0.06968442
vt 0.9202716 0.101267
vt 0.949278 0.413601
vt 0.9570498 0.413601
vt 0.9386611 0.413601
vt 0.9386611 0.1351595
vt 0.9280442 0.413601
vt 0.9280442 0.1351595
vt 0.9202716 0.1351595
vt 0.9202716 0.413601
vt 0.8439971 0.1524776
vt 0.8334169 0.1524776
vt 0.8334169 0.582293
vt 0.8439971 0.582293
vt 0.8517429 0.1524776
vt 0.8517429 0.582293
vt 0.7057799 0.2291623
vt 0.6960117 0.4853461
vt 0.7057799 0.4853461
vt 0.6960117 0.2291623
vt 0.6862438 0.4853461
vt 0.6862438 0.2291623
vt 0.6821388 0.197979
vt 0.691574 0.1954506
vt 0.7010091 0.1929221
vt 0.6701035 0.1689206
vt 0.678563 0.1640362
vt 0.6870222 0.1591518
vt 0.6509584 0.1439677
vt 0.6578654 0.13706
vt 0.6647726 0.1301523
vt 0.626008 0.1248206
vt 0.6308919 0.1163605
vt 0.6357759 0.1079004
vt 0.5969524 0.1127843
vt 0.5994806 0.1033482
vt 0.6020086 0.09391221
vt 0.565772 0.108679
vt 0.565772 0.09891
vt 0.565772 0.08914113
vt 0.5345916 0.1127843
vt 0.5320635 0.1033482
vt 0.5295355 0.09391221
vt 0.505536 0.1248206
vt 0.5006521 0.1163605
vt 0.4957681 0.1079004
vt 0.4805856 0.1439677
vt 0.4736786 0.1370601
vt 0.4667715 0.1301524
vt 0.4614405 0.1689207
vt 0.4529811 0.1640362
vt 0.4445218 0.1591518
vt 0.4494052 0.197979
vt 0.4399701 0.1954506
vt 0.430535 0.1929222
vt 0.4453002 0.2291623
vt 0.4355323 0.2291624
vt 0.4257643 0.2291624
vt 0.4257643 0.6259887
vt 0.4355323 0.6259887
vt 0.4453002 0.6259887
vt 0.8227911 0.9100432
vt 0.8227911 0.8968132
vt 0.8153179 0.8968132
vt 0.8153179 0.9100432
vt 0.8085726 0.8983883
vt 0.8227911 0.9232733
vt 0.8085726 0.9100432
vt 0.8153179 0.9232733
vt 0.8227911 0.9329587
vt 0.8085726 0.9216989
vt 0.8153179 0.9329587
vt 0.8085726 0.9302315
vt 0.8227911 0.8968132
vt 0.8227911 0.8871285
vt 0.8153179 0.8871285
vt 0.8153179 0.8968132
vt 0.8099563 0.9709122
vt 0.8030018 0.9586005
vt 0.8030018 0.9709122
vt 0.8099563 0.9586005
vt 0.8030018 0.9462888
vt 0.8099563 0.9462888
vt 0.796725 0.9477543
vt 0.8461798 0.9100435
vt 0.8461798 0.8968108
vt 0.8387053 0.8968108
vt 0.8387053 0.9100435
vt 0.8319588 0.8983855
vt 0.8461798 0.9232763
vt 0.8319588 0.9100435
vt 0.8387053 0.9232763
vt 0.8461798 0.9329627
vt 0.8319588 0.9217008
vt 0.8387053 0.9329627
vt 0.8319588 0.9302343
vt 0.8461798 0.8968108
vt 0.8461798 0.8871236
vt 0.8387053 0.8871236
vt 0.8387053 0.8968108
vt 0.8319588 0.8898512
vt 0.8319588 0.8983855
vt 0.7866684 0.9586005
vt 0.7866684 0.9462836
vt 0.7797111 0.9462836
vt 0.7797111 0.9586005
vt 0.7866684 0.9709173
vt 0.7734317 0.9477499
vt 0.7797111 0.9709173
vt 0.7734317 0.9586005
vt 0.7734317 0.9694511
vt 0.8153179 0.8968132
vt 0.8153179 0.8871285
vt 0.8085726 0.8898566
vt 0.8085726 0.8983883
vt 0.8030018 0.9709122
vt 0.796725 0.9586005
vt 0.796725 0.9694466
vt 0.8030018 0.9586005
vt 0.796725 0.9477543
vt 0.8695654 0.9100432
vt 0.8695654 0.896814
vt 0.8620928 0.896814
vt 0.8620928 0.9100432
vt 0.8553481 0.898389
vt 0.8695654 0.9232724
vt 0.8553481 0.9100432
vt 0.8620928 0.9232724
vt 0.8695654 0.9329572
vt 0.8553481 0.9216982
vt 0.8620928 0.9329572
vt 0.8553481 0.9302301
vt 0.8695654 0.896814
vt 0.8695654 0.88713
vt 0.8620928 0.88713
vt 0.8620928 0.896814
vt 0.8553481 0.8898579
vt 0.8553481 0.898389
vt 0.7633752 0.9586004
vt 0.7633752 0.9462886
vt 0.7564207 0.9462886
vt 0.7564207 0.9586004
vt 0.7501437 0.9477543
vt 0.7633752 0.9709122
vt 0.7564207 0.9709122
vt 0.7501437 0.9586004
vt 0.7501437 0.9694467
vt 0.8929549 0.9100435
vt 0.8929549 0.8968105
vt 0.8854799 0.8968105
vt 0.8854799 0.9100435
vt 0.8787335 0.8983852
vt 0.8929549 0.9232764
vt 0.8787335 0.9100435
vt 0.8854799 0.9232764
vt 0.8929549 0.9329631
vt 0.8787335 0.921701
vt 0.8854799 0.9329631
vt 0.8929549 0.8968105
vt 0.8929549 0.8871231
vt 0.8854799 0.8871231
vt 0.8854799 0.8968105
vt 0.8787335 0.8898509
vt 0.8787335 0.8983852
vt 0.7400878 0.9709181
vt 0.7400878 0.9586005
vt 0.7331299 0.9586005
vt 0.7331299 0.9709181
vt 0.7268501 0.9586005
vt 0.7268501 0.9694518
vt 0.7268501 0.9477491
vt 0.7331299 0.9462829
vt 0.7400878 0.9586005
vt 0.7400878 0.9462829
vt 0.7518082 0.8994907
vt 0.7488542 0.9105207
vt 0.7563434 0.9105207
vt 0.7582942 0.917806
vt 0.7488542 0.9105207
vt 0.7518082 0.9215508
vt 0.7582942 0.917806
vt 0.7636282 0.9231394
vt 0.7598833 0.9296252
vt 0.7709136 0.9105207
vt 0.7563434 0.9105207
vt 0.7709136 0.9250914
vt 0.7582942 0.9032353
vt 0.7781991 0.9231394
vt 0.7709136 0.9325809
vt 0.7518082 0.8994907
vt 0.7819433 0.9296252
vt 0.7598833 0.8914161
vt 0.7835316 0.917806
vt 0.7900175 0.9215508
vt 0.7636282 0.8979021
vt 0.7709136 0.8884605
vt 0.7854852 0.9105207
vt 0.7929737 0.9105207
vt 0.7709136 0.8959499
vt 0.7819433 0.8914161
vt 0.7835316 0.9032353
vt 0.7900175 0.8994907
vt 0.7781991 0.8979021
vt 0.4790599 0.8113155
vt 0.4831625 0.8113155
vt 0.4831625 0.7256448
vt 0.4790599 0.7256448
vt 0.4729205 0.8113155
vt 0.4729205 0.7256448
vt 0.4656779 0.8113155
vt 0.4656779 0.7256448
vt 0.4234286 0.8069071
vt 0.4299263 0.8069071
vt 0.4299263 0.7300536
vt 0.4234286 0.7300536
vt 0.4299263 0.8069071
vt 0.436424 0.8069071
vt 0.436424 0.7300536
vt 0.4299263 0.7300536
vt 0.4116592 0.7256443
vt 0.4075565 0.8113161
vt 0.4116592 0.8113161
vt 0.4075565 0.7256443
vt 0.401417 0.8113161
vt 0.401417 0.7256443
vt 0.3941743 0.8113161
vt 0.3941743 0.7256443
vt 0.3941743 0.7256443
vt 0.3869316 0.8113161
vt 0.3941743 0.8113161
vt 0.3869316 0.7256443
vt 0.3807921 0.8113161
vt 0.3807921 0.7256443
vt 0.3766894 0.8113161
vt 0.3766894 0.7256443
vt 0.36492 0.7300538
vt 0.3584223 0.7300538
vt 0.3584223 0.8069068
vt 0.36492 0.8069068
vt 0.3584223 0.7300538
vt 0.3519247 0.7300538
vt 0.3519247 0.8069068
vt 0.3584223 0.8069068
vt 0.4481932 0.8113155
vt 0.4522951 0.7256448
vt 0.4481932 0.7256448
vt 0.4522951 0.8113155
vt 0.4584352 0.7256448
vt 0.4584352 0.8113155
vt 0.4656779 0.7256448
vt 0.4656779 0.8113155
vt 0.1231669 0.8770642
vt 0.0997237 0.8755776
vt 0.0997237 0.883451
vt 0.1231669 0.8706896
vt 0.0997237 0.8637946
vt 0.1231669 0.8611493
vt 0.0997237 0.8498956
vt 0.1231669 0.8498956
vt 0.9222627 0.8128893
vt 0.9222627 0.8229864
vt 0.943294 0.8253599
vt 0.943294 0.8128893
vt 0.9222627 0.8027928
vt 0.943294 0.8004186
vt 0.1348052 0.8738969
vt 0.1348052 0.8802714
vt 0.1582485 0.8866583
vt 0.1582485 0.878785
vt 0.1348052 0.8643566
vt 0.1582485 0.867002
vt 0.1348052 0.8531029
vt 0.1582485 0.8531029
vt 0.1348052 0.8418491
vt 0.1348052 0.8531029
vt 0.1582485 0.8531029
vt 0.1582485 0.8392038
vt 0.1348052 0.8323087
vt 0.1582485 0.8274207
vt 0.1348052 0.8259342
vt 0.1582485 0.8195474
vt 0.909639 0.9580006
vt 0.909639 0.9479041
vt 0.8886076 0.9455299
vt 0.8886076 0.9580006
vt 0.909639 0.9680977
vt 0.8886076 0.9704713
vt 0.1231669 0.8291015
vt 0.1231669 0.8227269
vt 0.0997237 0.8163402
vt 0.0997237 0.8242134
vt 0.1231669 0.8386419
vt 0.0997237 0.8359966
vt 0.1231669 0.8498956
vt 0.0997237 0.8498956
vt 0.2000086 0.7911254
vt 0.1951292 0.7802451
vt 0.1951292 0.7944841
vt 0.2000086 0.7784272
vt 0.1951292 0.7634486
vt 0.2000086 0.7634486
vt 0.1951292 0.7466522
vt 0.2386347 0.8740719
vt 0.2386347 0.8866845
vt 0.2434805 0.8900204
vt 0.2434805 0.8758771
vt 0.2386347 0.8591951
vt 0.2386347 0.8443183
vt 0.2386347 0.8591951
vt 0.2434805 0.8591951
vt 0.2434805 0.842513
vt 0.2386347 0.8317056
vt 0.2434805 0.8283697
vt 0.1758024 0.7784288
vt 0.1758024 0.791128
vt 0.1806822 0.7944874
vt 0.1806822 0.7802466
vt 0.1758024 0.7634486
vt 0.1806822 0.7634486
vt 0.1758024 0.7484685
vt 0.1806822 0.7466506
vt 0.1758024 0.735769
vt 0.1806822 0.7324098
vt 0.2645568 0.844319
vt 0.2645568 0.8317069
vt 0.2597111 0.8283712
vt 0.2597111 0.8425138
vt 0.2645568 0.8591951
vt 0.2597111 0.8591951
vt 0.2645568 0.8740712
vt 0.2597111 0.8758764
vt 0.2645568 0.8866832
vt 0.2597111 0.8900189
vt 0.2000086 0.7484699
vt 0.1951292 0.732413
vt 0.1951292 0.7466522
vt 0.2000086 0.7634486
vt 0.1951292 0.8039986
vt 0.1951292 0.7944841
vt 0.1915688 0.7944841
vt 0.1915688 0.7802451
vt 0.1951292 0.7802451
vt 0.1915688 0.7634486
vt 0.1951292 0.7634486
vt 0.1915688 0.7466522
vt 0.1951292 0.7466522
vt 0.2434805 0.8591951
vt 0.2434805 0.8758771
vt 0.2470163 0.8758771
vt 0.2470163 0.8591951
vt 0.2434805 0.842513
vt 0.2470163 0.842513
vt 0.1806822 0.7944874
vt 0.1806822 0.8040025
vt 0.1842429 0.8040025
vt 0.1842429 0.7944874
vt 0.1806822 0.7802466
vt 0.1806822 0.7944874
vt 0.1842429 0.7944874
vt 0.1842429 0.7802466
vt 0.1806822 0.7634486
vt 0.1806822 0.7802466
vt 0.1842429 0.7802466
vt 0.1842429 0.7634486
vt 0.1806822 0.7466506
vt 0.1842429 0.7466506
vt 0.1806822 0.7324098
vt 0.1842429 0.7324098
vt 0.1806822 0.7228947
vt 0.1842429 0.7228947
vt 0.2597111 0.8591951
vt 0.2597111 0.8425138
vt 0.2561754 0.8425138
vt 0.2561754 0.8591951
vt 0.2597111 0.8758764
vt 0.2597111 0.8591951
vt 0.2561754 0.8591951
vt 0.2561754 0.8758764
vt 0.1951292 0.732413
vt 0.1951292 0.7228985
vt 0.1915688 0.7228985
vt 0.1915688 0.732413
vt 0.1951292 0.7466522
vt 0.1915688 0.7466522
vt 0.5603452 0.8392348
vt 0.5603452 0.8174011
vt 0.5498625 0.8174011
vt 0.5498625 0.8392348
vt 0.5603452 0.8538238
vt 0.5498625 0.8538238
vt 0.6020917 0.9132448
vt 0.6020917 0.9363472
vt 0.611494 0.9363472
vt 0.611494 0.9132448
vt 0.6020917 0.8901424
vt 0.611494 0.8901424
vt 0.5311719 0.8392368
vt 0.5311719 0.8538263
vt 0.5416549 0.8538263
vt 0.5416549 0.8392368
vt 0.5311719 0.8174022
vt 0.5416549 0.8174022
vt 0.5311719 0.7916464
vt 0.5416549 0.7916464
vt 0.5311719 0.7658905
vt 0.5416549 0.7658905
vt 0.5311719 0.7440559
vt 0.5311719 0.7658905
vt 0.5416549 0.7658905
vt 0.5416549 0.7440559
vt 0.5311719 0.7294664
vt 0.5416549 0.7294664
vt 0.6309837 0.9132444
vt 0.6309837 0.8901411
vt 0.621581 0.8901411
vt 0.621581 0.9132444
vt 0.6309837 0.9363476
vt 0.621581 0.9363476
vt 0.5603452 0.7440578
vt 0.5603452 0.7294688
vt 0.5498625 0.7294688
vt 0.5498625 0.7440578
vt 0.5603452 0.7658916
vt 0.5498625 0.7658916
vt 0.5603452 0.7916463
vt 0.5498625 0.7916463
vt 0.5603452 0.8174011
vt 0.5498625 0.8174011
vt 0.336053 0.8113164
vt 0.3401557 0.8113164
vt 0.3401557 0.7256441
vt 0.336053 0.7256441
vt 0.3299134 0.8113164
vt 0.3299134 0.7256441
vt 0.3226707 0.8113164
vt 0.3226707 0.7256441
vt 0.2804208 0.8069068
vt 0.2869184 0.8069068
vt 0.2869184 0.7300539
vt 0.2804208 0.7300539
vt 0.2869184 0.8069068
vt 0.2934161 0.8069068
vt 0.2934161 0.7300539
vt 0.2869184 0.7300539
vt 0.2686509 0.7256445
vt 0.2645483 0.811316
vt 0.2686509 0.811316
vt 0.2645483 0.7256445
vt 0.2584088 0.811316
vt 0.2584088 0.7256445
vt 0.2511662 0.811316
vt 0.2511662 0.7256445
vt 0.2511662 0.7256445
vt 0.2439235 0.811316
vt 0.2511662 0.811316
vt 0.2439235 0.7256445
vt 0.237784 0.811316
vt 0.237784 0.7256445
vt 0.2336814 0.811316
vt 0.2336814 0.7256445
vt 0.221912 0.7300549
vt 0.2154145 0.7300549
vt 0.2154145 0.8069057
vt 0.221912 0.8069057
vt 0.2154145 0.7300549
vt 0.2089171 0.7300549
vt 0.2089171 0.8069057
vt 0.2154145 0.8069057
vt 0.3051856 0.8113164
vt 0.3092876 0.7256441
vt 0.3051856 0.7256441
vt 0.3092876 0.8113164
vt 0.3154279 0.7256441
vt 0.3154279 0.8113164
vt 0.3226707 0.7256441
vt 0.3226707 0.8113164
vt 0.1933292 0.8802717
vt 0.1698857 0.8787852
vt 0.1698857 0.8866585
vt 0.1933292 0.8738971
vt 0.1698857 0.867002
vt 0.1933292 0.8643566
vt 0.1698857 0.8531028
vt 0.1933292 0.8531028
vt 0.854955 0.9580002
vt 0.854955 0.9680951
vt 0.8759816 0.9704679
vt 0.8759816 0.9580002
vt 0.854955 0.9479061
vt 0.8759816 0.9455333
vt 0.2049672 0.8839603
vt 0.2049672 0.8903349
vt 0.2284108 0.8967218
vt 0.2284108 0.8888485
vt 0.2049672 0.8744198
vt 0.2284108 0.8770653
vt 0.2049672 0.863166
vt 0.2284108 0.863166
vt 0.2049672 0.8519123
vt 0.2049672 0.863166
vt 0.2284108 0.863166
vt 0.2284108 0.8492668
vt 0.2049672 0.8423718
vt 0.2284108 0.8374836
vt 0.2049672 0.835997
vt 0.2284108 0.8296102
vt 0.8423287 0.9579998
vt 0.8423287 0.9479037
vt 0.821298 0.9455303
vt 0.821298 0.9579998
vt 0.8423287 0.9680966
vt 0.821298 0.97047
vt 0.1933292 0.8323087
vt 0.1933292 0.8259339
vt 0.1698857 0.8195471
vt 0.1698857 0.8274204
vt 0.1933292 0.841849
vt 0.1698857 0.8392036
vt 0.1933292 0.8531028
vt 0.1698857 0.8531028
vt 0.1684766 0.7911267
vt 0.163597 0.7802458
vt 0.163597 0.7944856
vt 0.1684766 0.778428
vt 0.163597 0.7634486
vt 0.1684766 0.7634486
vt 0.163597 0.7466515
vt 0.1684766 0.7484692
vt 0.163597 0.7324114
vt 0.1684766 0.7357704
vt 0.2737155 0.8740739
vt 0.2737155 0.886687
vt 0.2785617 0.8900232
vt 0.2785617 0.8758795
vt 0.2737155 0.8591951
vt 0.2785617 0.8591951
vt 0.2737155 0.844317
vt 0.2785617 0.8425115
vt 0.2737155 0.8317041
vt 0.2785617 0.8283669
vt 0.1442704 0.7784283
vt 0.1442704 0.7911273
vt 0.1491501 0.7944866
vt 0.1491501 0.7802461
vt 0.1442704 0.7634486
vt 0.1491501 0.7634486
vt 0.1442704 0.7484691
vt 0.1491501 0.7466511
vt 0.1442704 0.7357697
vt 0.1491501 0.7324106
vt 0.2996384 0.8443172
vt 0.2996384 0.8317041
vt 0.2947922 0.8283673
vt 0.2947922 0.8425117
vt 0.2996384 0.8591951
vt 0.2947922 0.8591951
vt 0.2996384 0.8740739
vt 0.2947922 0.8758792
vt 0.2996384 0.8866868
vt 0.2947922 0.8900229
vt 0.163597 0.7944856
vt 0.1600365 0.7802458
vt 0.1600365 0.7944856
vt 0.163597 0.7802458
vt 0.1600365 0.7634486
vt 0.163597 0.7634486
vt 0.1600365 0.7466515
vt 0.163597 0.7466515
vt 0.1600365 0.7324114
vt 0.163597 0.7324114
vt 0.1600365 0.7228967
vt 0.163597 0.7228967
vt 0.2785617 0.8591951
vt 0.2785617 0.8758795
vt 0.2820978 0.8758795
vt 0.2820978 0.8591951
vt 0.2785617 0.8425115
vt 0.2820978 0.8425115
vt 0.1491501 0.7944866
vt 0.1491501 0.8040015
vt 0.1527107 0.8040015
vt 0.1527107 0.7944866
vt 0.1491501 0.7802461
vt 0.1491501 0.7944866
vt 0.1527107 0.7944866
vt 0.1527107 0.7802461
vt 0.1491501 0.7634486
vt 0.1491501 0.7802461
vt 0.1527107 0.7802461
vt 0.1527107 0.7634486
vt 0.1491501 0.7466511
vt 0.1527107 0.7466511
vt 0.1491501 0.7324106
vt 0.1527107 0.7324106
vt 0.1491501 0.7228957
vt 0.1527107 0.7228957
vt 0.2947922 0.8591951
vt 0.2947922 0.8425117
vt 0.2912561 0.8425117
vt 0.2912561 0.8591951
vt 0.2947922 0.8758792
vt 0.2947922 0.8591951
vt 0.2912561 0.8591951
vt 0.2912561 0.8758792
vt 0.5229641 0.8538238
vt 0.5229641 0.8392349
vt 0.5124815 0.8392349
vt 0.5124815 0.8174011
vt 0.5229641 0.8174011
vt 0.5124815 0.7916463
vt 0.5229641 0.7916463
vt 0.6410694 0.9132448
vt 0.6410694 0.9363544
vt 0.6504745 0.9363544
vt 0.6504745 0.9132448
vt 0.6410694 0.8901353
vt 0.6504745 0.8901353
vt 0.4937908 0.8392368
vt 0.4937908 0.8538263
vt 0.5042738 0.8538263
vt 0.5042738 0.8392368
vt 0.4937908 0.8174022
vt 0.4937908 0.8392368
vt 0.5042738 0.8392368
vt 0.5042738 0.8174022
vt 0.4937908 0.7916464
vt 0.5042738 0.7916464
vt 0.4937908 0.7658905
vt 0.5042738 0.7658905
vt 0.4937908 0.7440559
vt 0.4937908 0.7658905
vt 0.5042738 0.7658905
vt 0.5042738 0.7440559
vt 0.4937908 0.7294664
vt 0.5042738 0.7294664
vt 0.6699628 0.9132444
vt 0.6699628 0.8901411
vt 0.6605603 0.8901411
vt 0.6605603 0.9132444
vt 0.6699628 0.9363477
vt 0.6699628 0.9132444
vt 0.6605603 0.9132444
vt 0.6605603 0.9363477
vt 0.5229641 0.7440577
vt 0.5229641 0.7294688
vt 0.5124815 0.7294688
vt 0.5124815 0.7440577
vt 0.5229641 0.7658916
vt 0.5124815 0.7658916
vt 0.5229641 0.7916463
vt 0.5124815 0.7916463
vt 0.717627 0.8914167
vt 0.7065976 0.8884612
vt 0.7065976 0.8959503
vt 0.6993124 0.8979025
vt 0.7138829 0.8979025
vt 0.725701 0.899491
vt 0.7065976 0.9105207
vt 0.7192153 0.9032356
vt 0.6939785 0.9032356
vt 0.7211688 0.9105207
vt 0.7286571 0.9105207
vt 0.6955675 0.8914167
vt 0.6874928 0.899491
vt 0.6920279 0.9105207
vt 0.725701 0.9215505
vt 0.7192153 0.9178059
vt 0.717627 0.9296248
vt 0.7138829 0.923139
vt 0.7065976 0.9325802
vt 0.7065976 0.9250911
vt 0.6955675 0.9296248
vt 0.6993124 0.923139
vt 0.6874928 0.9215505
vt 0.6939785 0.9178059
vt 0.6845388 0.9105207
vt 0.9233212 0.7699107
vt 0.9352099 0.7818006
vt 0.9388546 0.7763454
vt 0.9401345 0.7699107
vt 0.9297553 0.7854455
vt 0.9388546 0.7634761
vt 0.9233212 0.7867256
vt 0.9352099 0.7580209
vt 0.9168872 0.7854455
vt 0.9297553 0.7543759
vt 0.9114324 0.7818006
vt 0.9233212 0.7530959
vt 0.9077879 0.7763454
vt 0.9168872 0.7543759
vt 0.9065079 0.7699107
vt 0.9114324 0.7580209
vt 0.9077879 0.7634761
vt 0.8533467 0.7977899
vt 0.8504636 0.8122858
vt 0.8565223 0.8147957
vt 0.8599046 0.7977899
vt 0.8468902 0.8292127
vt 0.8422532 0.8245751
vt 0.8324748 0.8388457
vt 0.8299652 0.8327864
vt 0.8154707 0.8422283
vt 0.8154707 0.8356698
vt 0.7984663 0.8388456
vt 0.8009761 0.8327864
vt 0.7840511 0.8292125
vt 0.7886881 0.8245751
vt 0.774419 0.8147957
vt 0.7804777 0.8122858
vt 0.7710366 0.7977899
vt 0.7775946 0.7977899
vt 0.774419 0.7807841
vt 0.7804777 0.783294
vt 0.7840511 0.7663673
vt 0.7886881 0.7710048
vt 0.7984663 0.7567343
vt 0.8009761 0.7627935
vt 0.8154707 0.7533516
vt 0.8154707 0.7599101
vt 0.8324748 0.7567343
vt 0.8299652 0.7627935
vt 0.8468902 0.7663673
vt 0.8422532 0.7710048
vt 0.8565223 0.7807841
vt 0.8504636 0.783294
vt 0.7675561 0.777941
vt 0.7787983 0.7611141
vt 0.7956237 0.7498707
vt 0.8154707 0.7459224
vt 0.8353177 0.7498707
vt 0.8521428 0.7611141
vt 0.8633853 0.777941
vt 0.7636082 0.7977899
vt 0.8673332 0.7977899
vt 0.7675561 0.8176388
vt 0.8633853 0.8176388
vt 0.7787983 0.8344657
vt 0.8521428 0.8344657
vt 0.7956237 0.8457092
vt 0.8353176 0.8457092
vt 0.8154707 0.8496575
vt 0.8717878 0.8211196
vt 0.8764279 0.7977899
vt 0.8585739 0.8408974
vt 0.838798 0.8541126
vt 0.8717878 0.7744604
vt 0.8154707 0.8587531
vt 0.7921433 0.8541126
vt 0.8585739 0.7546825
vt 0.7723675 0.8408974
vt 0.8387981 0.7414673
vt 0.7591535 0.8211195
vt 0.8154707 0.7368267
vt 0.7545134 0.7977899
vt 0.7921433 0.7414673
vt 0.7591535 0.7744604
vt 0.7723675 0.7546825
vt 0.9753407 0.8285609
vt 0.9872309 0.8404522
vt 0.9908759 0.8349964
vt 0.9921559 0.8285609
vt 0.9817756 0.8440977
vt 0.9908759 0.8221255
vt 0.9753407 0.8453778
vt 0.9872309 0.8166697
vt 0.9689059 0.8440977
vt 0.9817756 0.8130242
vt 0.9634506 0.8404522
vt 0.9753407 0.8117442
vt 0.9598055 0.8349964
vt 0.9689059 0.8130242
vt 0.9585255 0.8285609
vt 0.9634506 0.8166697
vt 0.9598055 0.8221255
vt 0.4921164 0.9212299
vt 0.4802772 0.9225401
vt 0.4921164 0.9257124
vt 0.4825182 0.9186582
vt 0.5017146 0.9186582
vt 0.4716108 0.9138731
vt 0.5039556 0.9225401
vt 0.4754914 0.9116319
vt 0.5087408 0.9116319
vt 0.4684381 0.9020339
vt 0.5126227 0.9138731
vt 0.4729206 0.9020339
vt 0.5113121 0.9020339
vt 0.4716108 0.8901948
vt 0.5157948 0.9020339
vt 0.4754914 0.892436
vt 0.5087408 0.892436
vt 0.4802772 0.8815278
vt 0.5126227 0.8901948
vt 0.4825182 0.8854098
vt 0.5017146 0.8854098
vt 0.4921164 0.8783554
vt 0.5039556 0.8815278
vt 0.4921164 0.882838
vt 0.5622786 0.9335153
vt 0.5504407 0.9348253
vt 0.5622786 0.9379975
vt 0.5526813 0.9309439
vt 0.571876 0.9309439
vt 0.541775 0.9261591
vt 0.5741166 0.9348253
vt 0.5456552 0.9239182
vt 0.5789015 0.9239182
vt 0.5386026 0.9143212
vt 0.582783 0.9261591
vt 0.5430847 0.9143212
vt 0.5814725 0.9143212
vt 0.541775 0.9024832
vt 0.5859547 0.9143212
vt 0.5456552 0.9047242
vt 0.5789015 0.9047242
vt 0.5504407 0.8938169
vt 0.582783 0.9024832
vt 0.5526813 0.8976986
vt 0.571876 0.8976986
vt 0.5622786 0.8906449
vt 0.5741166 0.8938169
vt 0.5622786 0.8951271
vt 0.3545821 0.8701899
vt 0.3491273 0.8738349
vt 0.352492 0.8819589
vt 0.3607991 0.8764076
vt 0.342693 0.8839082
vt 0.3582268 0.8647346
vt 0.342693 0.8751151
vt 0.3663497 0.8680997
vt 0.332894 0.8819589
vt 0.3595066 0.8582997
vt 0.3362588 0.8738349
vt 0.3682989 0.8582997
vt 0.3245869 0.8764076
vt 0.3582268 0.8518648
vt 0.330804 0.8701899
vt 0.3663497 0.8484998
vt 0.3190363 0.8680996
vt 0.3545821 0.8464097
vt 0.3271593 0.8647346
vt 0.3607991 0.840192
vt 0.3170872 0.8582997
vt 0.3491273 0.8427647
vt 0.3258794 0.8582997
vt 0.352492 0.8346407
vt 0.3190363 0.8484998
vt 0.342693 0.8414845
vt 0.3271593 0.8518648
vt 0.342693 0.8326914
vt 0.3245869 0.840192
vt 0.3362588 0.8427647
vt 0.330804 0.8464097
vt 0.332894 0.8346407
vt 0.1152377 0.7842093
vt 0.1049778 0.7910654
vt 0.1055538 0.792456
vt 0.1163019 0.7852736
vt 0.09287559 0.7949781
vt 0.1220931 0.7739484
vt 0.09287559 0.7934729
vt 0.1234836 0.7745245
vt 0.0801973 0.7924559
vt 0.1245005 0.761845
vt 0.08077329 0.7910654
vt 0.1260055 0.761845
vt 0.06944917 0.7852736
vt 0.1220932 0.7497414
vt 0.07051338 0.7842093
vt 0.1234836 0.7491655
vt 0.06226756 0.7745245
vt 0.1152377 0.7394806
vt 0.06365798 0.7739484
vt 0.1163019 0.7384163
vt 0.0597457 0.761845
vt 0.1049779 0.7326246
vt 0.06125068 0.761845
vt 0.1055538 0.731234
vt 0.06226756 0.7491655
vt 0.09287559 0.7302171
vt 0.06365798 0.7497414
vt 0.09287559 0.7287119
vt 0.06944917 0.7384163
vt 0.08077329 0.7326246
vt 0.07051344 0.7394806
vt 0.08019735 0.7312339
vt 0.4305914 0.8701902
vt 0.4251365 0.8738354
vt 0.4285013 0.8819593
vt 0.4368086 0.876408
vt 0.4187022 0.8839086
vt 0.4342362 0.8647349
vt 0.4187022 0.8751152
vt 0.4423593 0.8680997
vt 0.408903 0.8819593
vt 0.4355161 0.8582999
vt 0.4122678 0.8738354
vt 0.4443085 0.8582999
vt 0.4005958 0.8764079
vt 0.4342362 0.8518648
vt 0.406813 0.8701902
vt 0.4423593 0.8485
vt 0.3950451 0.8680997
vt 0.4305914 0.8464095
vt 0.4031682 0.8647349
vt 0.4368086 0.8401917
vt 0.3930959 0.8582999
vt 0.4251366 0.8427643
vt 0.4018883 0.8582999
vt 0.4285013 0.8346404
vt 0.3950451 0.8484998
vt 0.4187022 0.8414845
vt 0.4031682 0.8518648
vt 0.4187022 0.8326911
vt 0.4005958 0.8401917
vt 0.4122678 0.8427643
vt 0.406813 0.8464095
vt 0.408903 0.8346404
vt 0.06901875 0.8775387
vt 0.05875889 0.8843946
vt 0.05933486 0.8857852
vt 0.0700829 0.8786028
vt 0.04665668 0.8883073
vt 0.07587415 0.8672777
vt 0.04665668 0.8868022
vt 0.07726459 0.8678536
vt 0.03397844 0.8857852
vt 0.07828147 0.8551743
vt 0.03455441 0.8843946
vt 0.07978649 0.8551743
vt 0.02323034 0.8786028
vt 0.07587419 0.8430709
vt 0.02429455 0.8775386
vt 0.07726462 0.842495
vt 0.01604876 0.8678536
vt 0.06901875 0.83281
vt 0.01743915 0.8672777
vt 0.07008293 0.8317458
vt 0.01352688 0.8551743
vt 0.05875895 0.825954
vt 0.01503189 0.8551743
vt 0.05933491 0.8245634
vt 0.01604876 0.8424948
vt 0.04665668 0.8235464
vt 0.01743915 0.8430709
vt 0.04665668 0.8220413
vt 0.02323034 0.8317458
vt 0.03455441 0.825954
vt 0.0242946 0.8328099
vt 0.03397847 0.8245634
vt 0.6749061 0.8245757
vt 0.6626179 0.832787
vt 0.6651276 0.8388464
vt 0.6795433 0.8292133
vt 0.6831168 0.8122861
vt 0.648123 0.8422292
vt 0.648123 0.8356706
vt 0.6891756 0.8147961
vt 0.686 0.7977899
vt 0.6311183 0.8388464
vt 0.6336281 0.832787
vt 0.6925582 0.7977899
vt 0.6831168 0.7832936
vt 0.6167027 0.8292133
vt 0.6213399 0.8245757
vt 0.6891756 0.7807837
vt 0.6749061 0.7710041
vt 0.6070703 0.8147961
vt 0.6131293 0.8122861
vt 0.6795434 0.7663665
vt 0.6626179 0.7627926
vt 0.603688 0.7977899
vt 0.6102459 0.7977899
vt 0.6651276 0.7567333
vt 0.648123 0.7599092
vt 0.6070703 0.7807835
vt 0.6131293 0.7832936
vt 0.648123 0.7533505
vt 0.6336281 0.7627926
vt 0.6167027 0.7663664
vt 0.6213399 0.7710041
vt 0.6311183 0.7567333
vt 0.6002071 0.8176392
vt 0.5962592 0.7977899
vt 0.6002071 0.7779405
vt 0.6114498 0.7611132
vt 0.6282756 0.7498692
vt 0.648123 0.745921
vt 0.6114498 0.8344666
vt 0.6679705 0.7498692
vt 0.6282755 0.8457105
vt 0.6847962 0.7611132
vt 0.648123 0.8496586
vt 0.696039 0.7779405
vt 0.6679704 0.8457105
vt 0.6999867 0.7977899
vt 0.6847961 0.8344666
vt 0.696039 0.8176392
vt 0.6247951 0.8541138
vt 0.648123 0.8587546
vt 0.6050187 0.8408983
vt 0.671451 0.8541139
vt 0.6912272 0.8408984
vt 0.5918045 0.82112
vt 0.7044415 0.82112
vt 0.7090818 0.7977899
vt 0.5871643 0.7977899
vt 0.7044417 0.7744597
vt 0.5918045 0.7744597
vt 0.6912272 0.7546815
vt 0.6050187 0.7546813
vt 0.671451 0.7414658
vt 0.6247951 0.7414658
vt 0.648123 0.7368252
usemtl Toilet_Paper_Hanger_Primary4_Mat
f 3/3/3 2/2/2 1/1/1
f 6/6/6 5/5/5 4/4/4
f 9/9/9 8/8/8 7/7/7
f 12/12/12 11/11/11 10/10/10
f 15/15/15 14/14/14 13/13/13
f 18/18/18 17/17/17 16/16/16
f 21/21/21 20/20/20 19/19/19
f 24/24/24 23/23/23 22/22/22
f 27/27/27 26/26/26 25/25/25
f 30/30/30 29/29/29 28/28/28
f 33/33/33 32/32/32 31/31/31
f 36/36/36 35/35/35 34/34/34
f 39/39/39 38/38/38 37/37/37
f 38/38/38 40/40/40 37/37/37
f 38/38/38 41/41/41 40/40/40
f 37/37/37 40/40/40 42/42/42
f 41/41/41 43/43/43 40/40/40
f 40/40/40 44/44/44 42/42/42
f 40/40/40 43/43/43 44/44/44
f 42/42/42 44/44/44 45/45/45
f 42/42/42 45/45/45 46/46/46
f 47/47/47 42/42/42 46/46/46
f 44/44/44 48/48/48 45/45/45
f 44/44/44 49/49/49 48/48/48
f 43/43/43 49/49/49 44/44/44
f 49/49/49 50/50/50 48/48/48
f 51/51/51 50/50/50 49/49/49
f 52/52/52 51/51/51 49/49/49
f 52/52/52 49/49/49 43/43/43
f 53/53/53 52/52/52 43/43/43
f 56/56/56 55/55/55 54/54/54
f 56/56/56 54/54/54 57/57/57
f 58/58/58 56/56/56 57/57/57
f 57/57/57 54/54/54 59/59/59
f 54/54/54 60/60/60 59/59/59
f 57/57/57 59/59/59 61/61/61
f 62/62/62 57/57/57 61/61/61
f 58/58/58 57/57/57 62/62/62
f 63/63/63 58/58/58 62/62/62
f 63/63/63 62/62/62 64/64/64
f 65/65/65 63/63/63 64/64/64
f 68/68/68 67/67/67 66/66/66
f 67/67/67 69/69/69 66/66/66
f 66/66/66 69/69/69 70/70/70
f 69/69/69 71/71/71 70/70/70
f 69/69/69 72/72/72 71/71/71
f 72/72/72 73/73/73 71/71/71
f 76/76/76 75/75/75 74/74/74
f 77/77/77 76/76/76 74/74/74
f 77/77/77 74/74/74 78/78/78
f 79/79/79 77/77/77 78/78/78
f 79/79/79 78/78/78 80/80/80
f 81/81/81 79/79/79 80/80/80
f 84/84/84 83/83/83 82/82/82
f 85/85/85 84/84/84 82/82/82
f 85/85/85 82/82/82 86/86/86
f 87/87/87 85/85/85 86/86/86
f 87/87/87 86/86/86 88/88/88
f 89/89/89 87/87/87 88/88/88
f 89/89/89 88/88/88 90/90/90
f 91/91/91 89/89/89 90/90/90
f 91/91/91 90/90/90 92/92/92
f 93/93/93 91/91/91 92/92/92
f 93/93/93 92/92/92 94/94/94
f 95/95/95 93/93/93 94/94/94
f 98/98/98 97/97/97 96/96/96
f 99/99/99 98/98/98 96/96/96
f 102/102/102 101/101/101 100/100/100
f 102/102/102 100/100/100 103/103/103
f 106/106/106 105/105/105 104/104/104
f 106/106/106 104/104/104 107/107/107
f 108/108/108 106/106/106 107/107/107
f 108/108/108 107/107/107 109/109/109
f 110/110/110 108/108/108 109/109/109
f 110/110/110 109/109/109 111/111/111
f 112/112/112 110/110/110 111/111/111
f 112/112/112 111/111/111 113/113/113
f 114/114/114 112/112/112 113/113/113
f 114/114/114 113/113/113 115/115/115
f 116/116/116 114/114/114 115/115/115
f 116/116/116 115/115/115 117/117/117
f 118/118/118 116/116/116 117/117/117
f 118/118/118 117/117/117 119/119/119
f 120/120/120 118/118/118 119/119/119
f 120/120/120 119/119/119 121/121/121
f 122/122/122 120/120/120 121/121/121
f 122/122/122 121/121/121 123/123/123
f 124/124/124 122/122/122 123/123/123
f 125/125/125 124/124/124 123/123/123
f 126/126/126 125/125/125 123/123/123
f 126/126/126 123/123/123 127/127/127
f 123/123/123 121/121/121 127/127/127
f 128/128/128 126/126/126 127/127/127
f 121/121/121 129/129/129 127/127/127
f 121/121/121 119/119/119 129/129/129
f 119/119/119 130/130/130 129/129/129
f 119/119/119 117/117/117 130/130/130
f 117/117/117 131/131/131 130/130/130
f 117/117/117 115/115/115 131/131/131
f 115/115/115 132/132/132 131/131/131
f 115/115/115 113/113/113 132/132/132
f 113/113/113 133/133/133 132/132/132
f 113/113/113 111/111/111 133/133/133
f 111/111/111 134/134/134 133/133/133
f 111/111/111 109/109/109 134/134/134
f 109/109/109 135/135/135 134/134/134
f 109/109/109 107/107/107 135/135/135
f 107/107/107 136/136/136 135/135/135
f 107/107/107 104/104/104 136/136/136
f 104/104/104 137/137/137 136/136/136
f 104/104/104 138/138/138 137/137/137
f 138/138/138 139/139/139 137/137/137
f 138/138/138 140/140/140 139/139/139
f 141/141/141 140/140/140 138/138/138
f 140/140/140 142/142/142 139/139/139
f 141/141/141 143/143/143 140/140/140
f 140/140/140 144/144/144 142/142/142
f 143/143/143 144/144/144 140/140/140
f 144/144/144 145/145/145 142/142/142
f 146/146/146 144/144/144 143/143/143
f 147/147/147 145/145/145 144/144/144
f 146/146/146 147/147/147 144/144/144
f 150/150/150 149/149/149 148/148/148
f 149/149/149 151/151/151 148/148/148
f 149/149/149 152/152/152 151/151/151
f 152/152/152 153/153/153 151/151/151
f 154/154/154 152/152/152 149/149/149
f 155/155/155 154/154/154 149/149/149
f 152/152/152 156/156/156 153/153/153
f 156/156/156 157/157/157 153/153/153
f 158/158/158 157/157/157 156/156/156
f 159/159/159 158/158/158 156/156/156
f 159/159/159 156/156/156 160/160/160
f 161/161/161 159/159/159 160/160/160
f 164/164/164 163/163/163 162/162/162
f 165/165/165 164/164/164 162/162/162
f 167/167/167 166/166/166 164/164/164
f 168/168/168 167/167/167 164/164/164
f 171/171/171 170/170/170 169/169/169
f 172/172/172 171/171/171 169/169/169
f 172/172/172 169/169/169 173/173/173
f 174/174/174 172/172/172 173/173/173
f 174/174/174 173/173/173 175/175/175
f 176/176/176 172/172/172 174/174/174
f 177/177/177 174/174/174 175/175/175
f 178/178/178 176/176/176 174/174/174
f 178/178/178 174/174/174 177/177/177
f 179/179/179 178/178/178 177/177/177
f 179/179/179 177/177/177 180/180/180
f 181/181/181 178/178/178 179/179/179
f 182/182/182 181/181/181 179/179/179
f 183/183/183 179/179/179 180/180/180
f 182/182/182 179/179/179 183/183/183
f 184/184/184 182/182/182 183/183/183
f 184/184/184 183/183/183 185/185/185
f 186/186/186 184/184/184 185/185/185
f 189/189/189 188/188/188 187/187/187
f 190/190/190 189/189/189 187/187/187
f 190/190/190 187/187/187 191/191/191
f 192/192/192 190/190/190 191/191/191
f 193/193/193 190/190/190 192/192/192
f 194/194/194 193/193/193 192/192/192
f 194/194/194 192/192/192 195/195/195
f 196/196/196 194/194/194 195/195/195
f 199/199/199 198/198/198 197/197/197
f 200/200/200 199/199/199 197/197/197
f 200/200/200 197/197/197 201/201/201
f 202/202/202 200/200/200 201/201/201
f 203/203/203 200/200/200 202/202/202
f 204/204/204 203/203/203 202/202/202
f 202/202/202 201/201/201 205/205/205
f 204/204/204 202/202/202 206/206/206
f 206/206/206 202/202/202 205/205/205
f 207/207/207 204/204/204 206/206/206
f 208/208/208 207/207/207 206/206/206
f 209/209/209 208/208/208 206/206/206
f 209/209/209 206/206/206 205/205/205
f 210/210/210 209/209/209 205/205/205
f 213/213/213 212/212/212 211/211/211
f 214/214/214 213/213/213 211/211/211
f 215/215/215 213/213/213 214/214/214
f 216/216/216 213/213/213 215/215/215
f 217/217/217 216/216/216 215/215/215
f 218/218/218 215/215/215 214/214/214
f 218/218/218 214/214/214 219/219/219
f 220/220/220 218/218/218 219/219/219
f 217/217/217 215/215/215 221/221/221
f 221/221/221 215/215/215 218/218/218
f 222/222/222 217/217/217 221/221/221
f 223/223/223 221/221/221 218/218/218
f 223/223/223 218/218/218 220/220/220
f 224/224/224 223/223/223 220/220/220
f 224/224/224 220/220/220 225/225/225
f 226/226/226 224/224/224 225/225/225
f 229/229/229 228/228/228 227/227/227
f 230/230/230 229/229/229 227/227/227
f 230/230/230 227/227/227 231/231/231
f 232/232/232 230/230/230 231/231/231
f 233/233/233 229/229/229 230/230/230
f 233/233/233 234/234/234 229/229/229
f 234/234/234 235/235/235 229/229/229
f 236/236/236 233/233/233 230/230/230
f 236/236/236 230/230/230 232/232/232
f 237/237/237 233/233/233 236/236/236
f 238/238/238 237/237/237 236/236/236
f 239/239/239 236/236/236 232/232/232
f 238/238/238 236/236/236 239/239/239
f 239/239/239 232/232/232 240/240/240
f 241/241/241 238/238/238 239/239/239
f 242/242/242 239/239/239 240/240/240
f 241/241/241 239/239/239 242/242/242
f 243/243/243 241/241/241 242/242/242
f 243/243/243 242/242/242 244/244/244
f 245/245/245 243/243/243 244/244/244
f 245/245/245 244/244/244 246/246/246
f 247/247/247 245/245/245 246/246/246
f 247/247/247 246/246/246 248/248/248
f 249/249/249 247/247/247 248/248/248
f 252/252/252 251/251/251 250/250/250
f 253/253/253 252/252/252 250/250/250
f 256/256/256 255/255/255 254/254/254
f 257/257/257 256/256/256 254/254/254
f 257/257/257 254/254/254 258/258/258
f 259/259/259 257/257/257 258/258/258
f 260/260/260 259/259/259 258/258/258
f 261/261/261 260/260/260 258/258/258
f 260/260/260 262/262/262 259/259/259
f 262/262/262 263/263/263 259/259/259
f 266/266/266 265/265/265 264/264/264
f 267/267/267 266/266/266 264/264/264
f 267/267/267 264/264/264 268/268/268
f 269/269/269 267/267/267 268/268/268
f 269/269/269 268/268/268 270/270/270
f 271/271/271 269/269/269 270/270/270
f 274/274/274 273/273/273 272/272/272
f 275/275/275 274/274/274 272/272/272
f 275/275/275 272/272/272 276/276/276
f 277/277/277 275/275/275 276/276/276
f 278/278/278 274/274/274 275/275/275
f 279/279/279 275/275/275 277/277/277
f 279/279/279 278/278/278 275/275/275
f 278/278/278 280/280/280 274/274/274
f 280/280/280 281/281/281 274/274/274
f 282/282/282 280/280/280 278/278/278
f 283/283/283 282/282/282 278/278/278
f 283/283/283 278/278/278 279/279/279
f 284/284/284 283/283/283 279/279/279
f 285/285/285 279/279/279 277/277/277
f 284/284/284 279/279/279 285/285/285
f 285/285/285 277/277/277 286/286/286
f 287/287/287 284/284/284 285/285/285
f 288/288/288 285/285/285 286/286/286
f 287/287/287 285/285/285 288/288/288
f 291/291/291 290/290/290 289/289/289
f 292/292/292 291/291/291 289/289/289
f 292/292/292 289/289/289 293/293/293
f 294/294/294 292/292/292 293/293/293
f 294/294/294 293/293/293 295/295/295
f 296/296/296 294/294/294 295/295/295
f 296/296/296 295/295/295 297/297/297
f 298/298/298 296/296/296 297/297/297
f 301/301/301 300/300/300 299/299/299
f 302/302/302 301/301/301 299/299/299
f 302/302/302 299/299/299 303/303/303
f 304/304/304 302/302/302 303/303/303
f 305/305/305 302/302/302 304/304/304
f 304/304/304 303/303/303 306/306/306
f 307/307/307 305/305/305 304/304/304
f 308/308/308 305/305/305 307/307/307
f 309/309/309 304/304/304 306/306/306
f 307/307/307 304/304/304 309/309/309
f 310/310/310 308/308/308 307/307/307
f 311/311/311 308/308/308 310/310/310
f 312/312/312 311/311/311 310/310/310
f 313/313/313 309/309/309 306/306/306
f 314/314/314 313/313/313 306/306/306
f 313/313/313 315/315/315 309/309/309
f 316/316/316 307/307/307 309/309/309
f 315/315/315 316/316/316 309/309/309
f 310/310/310 307/307/307 316/316/316
f 315/315/315 317/317/317 316/316/316
f 312/312/312 310/310/310 318/318/318
f 318/318/318 310/310/310 316/316/316
f 317/317/317 318/318/318 316/316/316
f 319/319/319 312/312/312 318/318/318
f 317/317/317 320/320/320 318/318/318
f 320/320/320 319/319/319 318/318/318
f 323/323/323 322/322/322 321/321/321
f 324/324/324 323/323/323 321/321/321
f 324/324/324 321/321/321 325/325/325
f 326/326/326 324/324/324 325/325/325
f 329/329/329 328/328/328 327/327/327
f 328/328/328 330/330/330 327/327/327
f 328/328/328 331/331/331 330/330/330
f 331/331/331 332/332/332 330/330/330
f 332/332/332 333/333/333 330/330/330
f 330/330/330 334/334/334 327/327/327
f 333/333/333 334/334/334 330/330/330
f 334/334/334 335/335/335 327/327/327
f 333/333/333 336/336/336 334/334/334
f 334/334/334 337/337/337 335/335/335
f 336/336/336 337/337/337 334/334/334
f 337/337/337 338/338/338 335/335/335
f 336/336/336 339/339/339 337/337/337
f 337/337/337 340/340/340 338/338/338
f 339/339/339 340/340/340 337/337/337
f 340/340/340 341/341/341 338/338/338
f 339/339/339 342/342/342 340/340/340
f 340/340/340 343/343/343 341/341/341
f 342/342/342 343/343/343 340/340/340
f 343/343/343 344/344/344 341/341/341
f 342/342/342 345/345/345 343/343/343
f 343/343/343 346/346/346 344/344/344
f 345/345/345 346/346/346 343/343/343
f 346/346/346 347/347/347 344/344/344
f 345/345/345 348/348/348 346/346/346
f 346/346/346 349/349/349 347/347/347
f 348/348/348 349/349/349 346/346/346
f 349/349/349 350/350/350 347/347/347
f 348/348/348 351/351/351 349/349/349
f 349/349/349 352/352/352 350/350/350
f 351/351/351 352/352/352 349/349/349
f 352/352/352 353/353/353 350/350/350
f 351/351/351 354/354/354 352/352/352
f 352/352/352 355/355/355 353/353/353
f 354/354/354 355/355/355 352/352/352
f 355/355/355 356/356/356 353/353/353
f 354/354/354 357/357/357 355/355/355
f 355/355/355 358/358/358 356/356/356
f 357/357/357 358/358/358 355/355/355
f 358/358/358 359/359/359 356/356/356
f 357/357/357 360/360/360 358/358/358
f 358/358/358 361/361/361 359/359/359
f 360/360/360 361/361/361 358/358/358
f 361/361/361 362/362/362 359/359/359
f 360/360/360 363/363/363 361/361/361
f 361/361/361 364/364/364 362/362/362
f 363/363/363 364/364/364 361/361/361
f 364/364/364 365/365/365 362/362/362
f 363/363/363 366/366/366 364/364/364
f 364/364/364 367/367/367 365/365/365
f 366/366/366 367/367/367 364/364/364
f 367/367/367 368/368/368 365/365/365
f 369/369/369 368/368/368 367/367/367
f 370/370/370 369/369/369 367/367/367
f 370/370/370 367/367/367 366/366/366
f 371/371/371 370/370/370 366/366/366
f 374/374/374 373/373/373 372/372/372
f 375/375/375 374/374/374 372/372/372
f 376/376/376 374/374/374 375/375/375
f 375/375/375 372/372/372 377/377/377
f 378/378/378 376/376/376 375/375/375
f 379/379/379 375/375/375 377/377/377
f 378/378/378 375/375/375 379/379/379
f 379/379/379 377/377/377 380/380/380
f 381/381/381 378/378/378 379/379/379
f 382/382/382 379/379/379 380/380/380
f 381/381/381 379/379/379 382/382/382
f 383/383/383 381/381/381 382/382/382
f 386/386/386 385/385/385 384/384/384
f 387/387/387 386/386/386 384/384/384
f 390/390/390 389/389/389 388/388/388
f 389/389/389 391/391/391 388/388/388
f 389/389/389 392/392/392 391/391/391
f 392/392/392 393/393/393 391/391/391
f 394/394/394 392/392/392 389/389/389
f 397/397/397 396/396/396 395/395/395
f 398/398/398 397/397/397 395/395/395
f 399/399/399 397/397/397 398/398/398
f 398/398/398 395/395/395 400/400/400
f 401/401/401 399/399/399 398/398/398
f 402/402/402 398/398/398 400/400/400
f 401/401/401 398/398/398 402/402/402
f 402/402/402 400/400/400 403/403/403
f 404/404/404 401/401/401 402/402/402
f 405/405/405 402/402/402 403/403/403
f 404/404/404 402/402/402 405/405/405
f 406/406/406 404/404/404 405/405/405
f 409/409/409 408/408/408 407/407/407
f 410/410/410 409/409/409 407/407/407
f 411/411/411 409/409/409 410/410/410
f 412/412/412 411/411/411 410/410/410
f 415/415/415 414/414/414 413/413/413
f 416/416/416 415/415/415 413/413/413
f 416/416/416 413/413/413 417/417/417
f 418/418/418 415/415/415 416/416/416
f 419/419/419 416/416/416 417/417/417
f 420/420/420 418/418/418 416/416/416
f 420/420/420 416/416/416 419/419/419
f 421/421/421 420/420/420 419/419/419
f 424/424/424 423/423/423 422/422/422
f 425/425/425 424/424/424 422/422/422
f 428/428/428 427/427/427 426/426/426
f 427/427/427 429/429/429 426/426/426
f 427/427/427 430/430/430 429/429/429
f 433/433/433 432/432/432 431/431/431
f 434/434/434 433/433/433 431/431/431
f 435/435/435 433/433/433 434/434/434
f 434/434/434 431/431/431 436/436/436
f 437/437/437 435/435/435 434/434/434
f 438/438/438 434/434/434 436/436/436
f 437/437/437 434/434/434 438/438/438
f 438/438/438 436/436/436 439/439/439
f 440/440/440 437/437/437 438/438/438
f 441/441/441 438/438/438 439/439/439
f 440/440/440 438/438/438 441/441/441
f 442/442/442 440/440/440 441/441/441
f 445/445/445 444/444/444 443/443/443
f 446/446/446 445/445/445 443/443/443
f 447/447/447 445/445/445 446/446/446
f 448/448/448 447/447/447 446/446/446
f 451/451/451 450/450/450 449/449/449
f 452/452/452 451/451/451 449/449/449
f 453/453/453 451/451/451 452/452/452
f 452/452/452 449/449/449 454/454/454
f 455/455/455 452/452/452 454/454/454
f 456/456/456 452/452/452 455/455/455
f 457/457/457 456/456/456 455/455/455
f 460/460/460 459/459/459 458/458/458
f 461/461/461 460/460/460 458/458/458
f 462/462/462 460/460/460 461/461/461
f 461/461/461 458/458/458 463/463/463
f 464/464/464 462/462/462 461/461/461
f 465/465/465 461/461/461 463/463/463
f 464/464/464 461/461/461 465/465/465
f 465/465/465 463/463/463 466/466/466
f 467/467/467 464/464/464 465/465/465
f 468/468/468 465/465/465 466/466/466
f 467/467/467 465/465/465 468/468/468
f 471/471/471 470/470/470 469/469/469
f 472/472/472 471/471/471 469/469/469
f 473/473/473 471/471/471 472/472/472
f 474/474/474 473/473/473 472/472/472
f 477/477/477 476/476/476 475/475/475
f 478/478/478 477/477/477 475/475/475
f 479/479/479 477/477/477 478/478/478
f 480/480/480 479/479/479 478/478/478
f 479/479/479 481/481/481 477/477/477
f 481/481/481 482/482/482 477/477/477
f 477/477/477 482/482/482 483/483/483
f 482/482/482 484/484/484 483/483/483
f 487/487/487 486/486/486 485/485/485
f 487/487/487 488/488/488 486/486/486
f 491/491/491 490/490/490 489/489/489
f 491/491/491 492/492/492 490/490/490
f 492/492/492 493/493/493 490/490/490
f 492/492/492 491/491/491 494/494/494
f 491/491/491 495/495/495 494/494/494
f 492/492/492 496/496/496 493/493/493
f 496/496/496 492/492/492 494/494/494
f 495/495/495 497/497/497 494/494/494
f 498/498/498 496/496/496 494/494/494
f 496/496/496 499/499/499 493/493/493
f 496/496/496 498/498/498 499/499/499
f 497/497/497 495/495/495 500/500/500
f 498/498/498 501/501/501 499/499/499
f 497/497/497 500/500/500 502/502/502
f 498/498/498 503/503/503 501/501/501
f 503/503/503 498/498/498 494/494/494
f 503/503/503 504/504/504 501/501/501
f 505/505/505 497/497/497 502/502/502
f 497/497/497 505/505/505 494/494/494
f 505/505/505 502/502/502 506/506/506
f 503/503/503 507/507/507 504/504/504
f 507/507/507 503/503/503 494/494/494
f 507/507/507 508/508/508 504/504/504
f 509/509/509 505/505/505 506/506/506
f 505/505/505 509/509/509 494/494/494
f 509/509/509 506/506/506 510/510/510
f 507/507/507 511/511/511 508/508/508
f 511/511/511 507/507/507 494/494/494
f 511/511/511 512/512/512 508/508/508
f 513/513/513 510/510/510 512/512/512
f 513/513/513 509/509/509 510/510/510
f 509/509/509 513/513/513 494/494/494
f 511/511/511 513/513/513 512/512/512
f 513/513/513 511/511/511 494/494/494
f 516/516/516 515/515/515 514/514/514
f 517/517/517 516/516/516 514/514/514
f 517/517/517 514/514/514 518/518/518
f 519/519/519 517/517/517 518/518/518
f 519/519/519 518/518/518 520/520/520
f 521/521/521 519/519/519 520/520/520
f 524/524/524 523/523/523 522/522/522
f 525/525/525 524/524/524 522/522/522
f 528/528/528 527/527/527 526/526/526
f 529/529/529 528/528/528 526/526/526
f 532/532/532 531/531/531 530/530/530
f 531/531/531 533/533/533 530/530/530
f 531/531/531 534/534/534 533/533/533
f 534/534/534 535/535/535 533/533/533
f 534/534/534 536/536/536 535/535/535
f 536/536/536 537/537/537 535/535/535
f 540/540/540 539/539/539 538/538/538
f 539/539/539 541/541/541 538/538/538
f 539/539/539 542/542/542 541/541/541
f 542/542/542 543/543/543 541/541/541
f 542/542/542 544/544/544 543/543/543
f 544/544/544 545/545/545 543/543/543
f 548/548/548 547/547/547 546/546/546
f 549/549/549 548/548/548 546/546/546
f 552/552/552 551/551/551 550/550/550
f 553/553/553 552/552/552 550/550/550
f 556/556/556 555/555/555 554/554/554
f 555/555/555 557/557/557 554/554/554
f 555/555/555 558/558/558 557/557/557
f 558/558/558 559/559/559 557/557/557
f 558/558/558 560/560/560 559/559/559
f 560/560/560 561/561/561 559/559/559
f 564/564/564 563/563/563 562/562/562
f 563/563/563 565/565/565 562/562/562
f 563/563/563 566/566/566 565/565/565
f 566/566/566 567/567/567 565/565/565
f 566/566/566 568/568/568 567/567/567
f 568/568/568 569/569/569 567/567/567
f 572/572/572 571/571/571 570/570/570
f 573/573/573 572/572/572 570/570/570
f 573/573/573 570/570/570 574/574/574
f 575/575/575 573/573/573 574/574/574
f 578/578/578 577/577/577 576/576/576
f 579/579/579 578/578/578 576/576/576
f 579/579/579 576/576/576 580/580/580
f 581/581/581 579/579/579 580/580/580
f 581/581/581 580/580/580 582/582/582
f 583/583/583 581/581/581 582/582/582
f 586/586/586 585/585/585 584/584/584
f 587/587/587 586/586/586 584/584/584
f 587/587/587 584/584/584 588/588/588
f 589/589/589 587/587/587 588/588/588
f 589/589/589 588/588/588 590/590/590
f 591/591/591 589/589/589 590/590/590
f 594/594/594 593/593/593 592/592/592
f 595/595/595 594/594/594 592/592/592
f 595/595/595 592/592/592 596/596/596
f 597/597/597 595/595/595 596/596/596
f 600/600/600 599/599/599 598/598/598
f 601/601/601 600/600/600 598/598/598
f 601/601/601 598/598/598 602/602/602
f 603/603/603 601/601/601 602/602/602
f 603/603/603 602/602/602 604/604/604
f 605/605/605 603/603/603 604/604/604
f 608/608/608 607/607/607 606/606/606
f 607/607/607 609/609/609 606/606/606
f 607/607/607 610/610/610 609/609/609
f 610/610/610 611/611/611 609/609/609
f 610/610/610 612/612/612 611/611/611
f 615/615/615 614/614/614 613/613/613
f 616/616/616 615/615/615 613/613/613
f 616/616/616 613/613/613 617/617/617
f 620/620/620 619/619/619 618/618/618
f 621/621/621 620/620/620 618/618/618
f 621/621/621 618/618/618 622/622/622
f 623/623/623 621/621/621 622/622/622
f 626/626/626 625/625/625 624/624/624
f 627/627/627 626/626/626 624/624/624
f 627/627/627 624/624/624 628/628/628
f 629/629/629 627/627/627 628/628/628
f 629/629/629 628/628/628 630/630/630
f 631/631/631 629/629/629 630/630/630
f 631/631/631 630/630/630 632/632/632
f 633/633/633 631/631/631 632/632/632
f 636/636/636 635/635/635 634/634/634
f 637/637/637 636/636/636 634/634/634
f 637/637/637 634/634/634 638/638/638
f 639/639/639 637/637/637 638/638/638
f 639/639/639 638/638/638 640/640/640
f 641/641/641 639/639/639 640/640/640
f 641/641/641 640/640/640 642/642/642
f 643/643/643 641/641/641 642/642/642
f 646/646/646 645/645/645 644/644/644
f 646/646/646 644/644/644 647/647/647
f 650/650/650 649/649/649 648/648/648
f 650/650/650 651/651/651 649/649/649
f 651/651/651 652/652/652 649/649/649
f 651/651/651 653/653/653 652/652/652
f 653/653/653 654/654/654 652/652/652
f 653/653/653 655/655/655 654/654/654
f 655/655/655 656/656/656 654/654/654
f 659/659/659 658/658/658 657/657/657
f 660/660/660 659/659/659 657/657/657
f 660/660/660 657/657/657 661/661/661
f 662/662/662 660/660/660 661/661/661
f 665/665/665 664/664/664 663/663/663
f 666/666/666 665/665/665 663/663/663
f 669/669/669 668/668/668 667/667/667
f 670/670/670 669/669/669 667/667/667
f 673/673/673 672/672/672 671/671/671
f 674/674/674 673/673/673 671/671/671
f 674/674/674 671/671/671 675/675/675
f 676/676/676 674/674/674 675/675/675
f 676/676/676 675/675/675 677/677/677
f 678/678/678 676/676/676 677/677/677
f 678/678/678 677/677/677 679/679/679
f 680/680/680 678/678/678 679/679/679
f 683/683/683 682/682/682 681/681/681
f 684/684/684 683/683/683 681/681/681
f 687/687/687 686/686/686 685/685/685
f 688/688/688 687/687/687 685/685/685
f 691/691/691 690/690/690 689/689/689
f 692/692/692 691/691/691 689/689/689
f 692/692/692 689/689/689 693/693/693
f 694/694/694 692/692/692 693/693/693
f 697/697/697 696/696/696 695/695/695
f 698/698/698 697/697/697 695/695/695
f 698/698/698 695/695/695 699/699/699
f 700/700/700 698/698/698 699/699/699
f 703/703/703 702/702/702 701/701/701
f 704/704/704 703/703/703 701/701/701
f 704/704/704 701/701/701 705/705/705
f 706/706/706 704/704/704 705/705/705
f 709/709/709 708/708/708 707/707/707
f 710/710/710 709/709/709 707/707/707
f 710/710/710 707/707/707 711/711/711
f 712/712/712 710/710/710 711/711/711
f 712/712/712 711/711/711 713/713/713
f 714/714/714 712/712/712 713/713/713
f 714/714/714 713/713/713 715/715/715
f 716/716/716 714/714/714 715/715/715
f 719/719/719 718/718/718 717/717/717
f 720/720/720 719/719/719 717/717/717
f 720/720/720 717/717/717 721/721/721
f 722/722/722 720/720/720 721/721/721
f 725/725/725 724/724/724 723/723/723
f 726/726/726 725/725/725 723/723/723
f 726/726/726 723/723/723 727/727/727
f 728/728/728 726/726/726 727/727/727
f 731/731/731 730/730/730 729/729/729
f 732/732/732 731/731/731 729/729/729
f 732/732/732 729/729/729 733/733/733
f 734/734/734 732/732/732 733/733/733
f 734/734/734 733/733/733 735/735/735
f 736/736/736 734/734/734 735/735/735
f 736/736/736 735/735/735 737/737/737
f 738/738/738 736/736/736 737/737/737
f 741/741/741 740/740/740 739/739/739
f 742/742/742 741/741/741 739/739/739
f 742/742/742 739/739/739 743/743/743
f 744/744/744 742/742/742 743/743/743
f 744/744/744 743/743/743 745/745/745
f 746/746/746 744/744/744 745/745/745
f 749/749/749 748/748/748 747/747/747
f 750/750/750 749/749/749 747/747/747
f 753/753/753 752/752/752 751/751/751
f 754/754/754 753/753/753 751/751/751
f 757/757/757 756/756/756 755/755/755
f 756/756/756 758/758/758 755/755/755
f 756/756/756 759/759/759 758/758/758
f 759/759/759 760/760/760 758/758/758
f 759/759/759 761/761/761 760/760/760
f 761/761/761 762/762/762 760/760/760
f 765/765/765 764/764/764 763/763/763
f 764/764/764 766/766/766 763/763/763
f 764/764/764 767/767/767 766/766/766
f 767/767/767 768/768/768 766/766/766
f 767/767/767 769/769/769 768/768/768
f 769/769/769 770/770/770 768/768/768
f 773/773/773 772/772/772 771/771/771
f 774/774/774 773/773/773 771/771/771
f 777/777/777 776/776/776 775/775/775
f 778/778/778 777/777/777 775/775/775
f 781/781/781 780/780/780 779/779/779
f 780/780/780 782/782/782 779/779/779
f 780/780/780 783/783/783 782/782/782
f 783/783/783 784/784/784 782/782/782
f 783/783/783 785/785/785 784/784/784
f 785/785/785 786/786/786 784/784/784
f 789/789/789 788/788/788 787/787/787
f 788/788/788 790/790/790 787/787/787
f 788/788/788 791/791/791 790/790/790
f 791/791/791 792/792/792 790/790/790
f 791/791/791 793/793/793 792/792/792
f 793/793/793 794/794/794 792/792/792
f 797/797/797 796/796/796 795/795/795
f 798/798/798 797/797/797 795/795/795
f 798/798/798 795/795/795 799/799/799
f 800/800/800 798/798/798 799/799/799
f 803/803/803 802/802/802 801/801/801
f 804/804/804 803/803/803 801/801/801
f 804/804/804 801/801/801 805/805/805
f 806/806/806 804/804/804 805/805/805
f 806/806/806 805/805/805 807/807/807
f 808/808/808 806/806/806 807/807/807
f 811/811/811 810/810/810 809/809/809
f 812/812/812 811/811/811 809/809/809
f 812/812/812 809/809/809 813/813/813
f 814/814/814 812/812/812 813/813/813
f 814/814/814 813/813/813 815/815/815
f 816/816/816 814/814/814 815/815/815
f 819/819/819 818/818/818 817/817/817
f 820/820/820 819/819/819 817/817/817
f 820/820/820 817/817/817 821/821/821
f 822/822/822 820/820/820 821/821/821
f 825/825/825 824/824/824 823/823/823
f 826/826/826 825/825/825 823/823/823
f 826/826/826 823/823/823 827/827/827
f 828/828/828 826/826/826 827/827/827
f 828/828/828 827/827/827 829/829/829
f 830/830/830 828/828/828 829/829/829
f 833/833/833 832/832/832 831/831/831
f 832/832/832 834/834/834 831/831/831
f 832/832/832 835/835/835 834/834/834
f 835/835/835 836/836/836 834/834/834
f 835/835/835 837/837/837 836/836/836
f 837/837/837 838/838/838 836/836/836
f 837/837/837 839/839/839 838/838/838
f 839/839/839 840/840/840 838/838/838
f 843/843/843 842/842/842 841/841/841
f 844/844/844 843/843/843 841/841/841
f 844/844/844 841/841/841 845/845/845
f 846/846/846 844/844/844 845/845/845
f 846/846/846 845/845/845 847/847/847
f 848/848/848 846/846/846 847/847/847
f 848/848/848 847/847/847 849/849/849
f 850/850/850 848/848/848 849/849/849
f 853/853/853 852/852/852 851/851/851
f 854/854/854 853/853/853 851/851/851
f 854/854/854 851/851/851 855/855/855
f 856/856/856 854/854/854 855/855/855
f 856/856/856 855/855/855 857/857/857
f 858/858/858 856/856/856 857/857/857
f 858/858/858 857/857/857 859/859/859
f 860/860/860 858/858/858 859/859/859
f 863/863/863 862/862/862 861/861/861
f 864/864/864 863/863/863 861/861/861
f 864/864/864 861/861/861 865/865/865
f 866/866/866 864/864/864 865/865/865
f 866/866/866 865/865/865 867/867/867
f 868/868/868 866/866/866 867/867/867
f 868/868/868 867/867/867 869/869/869
f 870/870/870 868/868/868 869/869/869
f 873/873/873 872/872/872 871/871/871
f 872/872/872 874/874/874 871/871/871
f 872/872/872 875/875/875 874/874/874
f 875/875/875 876/876/876 874/874/874
f 875/875/875 877/877/877 876/876/876
f 877/877/877 878/878/878 876/876/876
f 877/877/877 879/879/879 878/878/878
f 879/879/879 880/880/880 878/878/878
f 879/879/879 881/881/881 880/880/880
f 881/881/881 882/882/882 880/880/880
f 885/885/885 884/884/884 883/883/883
f 886/886/886 885/885/885 883/883/883
f 886/886/886 883/883/883 887/887/887
f 888/888/888 886/886/886 887/887/887
f 891/891/891 890/890/890 889/889/889
f 892/892/892 891/891/891 889/889/889
f 895/895/895 894/894/894 893/893/893
f 896/896/896 895/895/895 893/893/893
f 899/899/899 898/898/898 897/897/897
f 900/900/900 899/899/899 897/897/897
f 900/900/900 897/897/897 901/901/901
f 902/902/902 900/900/900 901/901/901
f 902/902/902 901/901/901 903/903/903
f 904/904/904 902/902/902 903/903/903
f 904/904/904 903/903/903 905/905/905
f 906/906/906 904/904/904 905/905/905
f 909/909/909 908/908/908 907/907/907
f 910/910/910 909/909/909 907/907/907
f 913/913/913 912/912/912 911/911/911
f 914/914/914 913/913/913 911/911/911
f 917/917/917 916/916/916 915/915/915
f 917/917/917 918/918/918 916/916/916
f 918/918/918 919/919/919 916/916/916
f 918/918/918 920/920/920 919/919/919
f 920/920/920 921/921/921 919/919/919
f 924/924/924 923/923/923 922/922/922
f 925/925/925 924/924/924 922/922/922
f 925/925/925 922/922/922 926/926/926
f 927/927/927 925/925/925 926/926/926
f 930/930/930 929/929/929 928/928/928
f 931/931/931 930/930/930 928/928/928
f 934/934/934 933/933/933 932/932/932
f 935/935/935 934/934/934 932/932/932
f 935/935/935 932/932/932 936/936/936
f 937/937/937 935/935/935 936/936/936
f 937/937/937 936/936/936 938/938/938
f 939/939/939 937/937/937 938/938/938
f 942/942/942 941/941/941 940/940/940
f 943/943/943 942/942/942 940/940/940
f 943/943/943 940/940/940 944/944/944
f 945/945/945 943/943/943 944/944/944
f 948/948/948 947/947/947 946/946/946
f 949/949/949 948/948/948 946/946/946
f 952/952/952 951/951/951 950/950/950
f 953/953/953 952/952/952 950/950/950
f 956/956/956 955/955/955 954/954/954
f 957/957/957 956/956/956 954/954/954
f 957/957/957 954/954/954 958/958/958
f 959/959/959 957/957/957 958/958/958
f 959/959/959 958/958/958 960/960/960
f 961/961/961 959/959/959 960/960/960
f 964/964/964 963/963/963 962/962/962
f 964/964/964 965/965/965 963/963/963
f 966/966/966 964/964/964 962/962/962
f 966/966/966 962/962/962 967/967/967
f 965/965/965 964/964/964 968/968/968
f 964/964/964 966/966/966 968/968/968
f 969/969/969 966/966/966 967/967/967
f 966/966/966 969/969/969 968/968/968
f 970/970/970 965/965/965 968/968/968
f 969/969/969 971/971/971 968/968/968
f 969/969/969 967/967/967 972/972/972
f 971/971/971 969/969/969 972/972/972
f 965/965/965 970/970/970 973/973/973
f 970/970/970 974/974/974 973/973/973
f 970/970/970 975/975/975 974/974/974
f 975/975/975 970/970/970 968/968/968
f 971/971/971 972/972/972 976/976/976
f 977/977/977 971/971/971 976/976/976
f 971/971/971 977/977/977 968/968/968
f 977/977/977 976/976/976 978/978/978
f 979/979/979 977/977/977 978/978/978
f 977/977/977 979/979/979 968/968/968
f 979/979/979 978/978/978 980/980/980
f 981/981/981 979/979/979 980/980/980
f 979/979/979 981/981/981 968/968/968
f 981/981/981 980/980/980 982/982/982
f 983/983/983 981/981/981 982/982/982
f 981/981/981 983/983/983 968/968/968
f 983/983/983 982/982/982 984/984/984
f 985/985/985 975/975/975 968/968/968
f 983/983/983 985/985/985 968/968/968
f 985/985/985 983/983/983 984/984/984
f 975/975/975 985/985/985 986/986/986
f 985/985/985 984/984/984 986/986/986
f 989/989/989 988/988/988 987/987/987
f 990/990/990 989/989/989 987/987/987
f 988/988/988 991/991/991 987/987/987
f 992/992/992 990/990/990 987/987/987
f 991/991/991 993/993/993 987/987/987
f 994/994/994 992/992/992 987/987/987
f 993/993/993 995/995/995 987/987/987
f 996/996/996 994/994/994 987/987/987
f 995/995/995 997/997/997 987/987/987
f 998/998/998 996/996/996 987/987/987
f 997/997/997 999/999/999 987/987/987
f 1000/1000/1000 998/998/998 987/987/987
f 999/999/999 1001/1001/1001 987/987/987
f 1002/1002/1002 1000/1000/1000 987/987/987
f 1001/1001/1001 1003/1003/1003 987/987/987
f 1003/1003/1003 1002/1002/1002 987/987/987
f 1006/1006/1006 1005/1005/1005 1004/1004/1004
f 1007/1007/1007 1006/1006/1006 1004/1004/1004
f 1006/1006/1006 1008/1008/1008 1005/1005/1005
f 1008/1008/1008 1009/1009/1009 1005/1005/1005
f 1008/1008/1008 1010/1010/1010 1009/1009/1009
f 1010/1010/1010 1011/1011/1011 1009/1009/1009
f 1010/1010/1010 1012/1012/1012 1011/1011/1011
f 1012/1012/1012 1013/1013/1013 1011/1011/1011
f 1012/1012/1012 1014/1014/1014 1013/1013/1013
f 1014/1014/1014 1015/1015/1015 1013/1013/1013
f 1014/1014/1014 1016/1016/1016 1015/1015/1015
f 1016/1016/1016 1017/1017/1017 1015/1015/1015
f 1016/1016/1016 1018/1018/1018 1017/1017/1017
f 1018/1018/1018 1019/1019/1019 1017/1017/1017
f 1018/1018/1018 1020/1020/1020 1019/1019/1019
f 1020/1020/1020 1021/1021/1021 1019/1019/1019
f 1020/1020/1020 1022/1022/1022 1021/1021/1021
f 1022/1022/1022 1023/1023/1023 1021/1021/1021
f 1022/1022/1022 1024/1024/1024 1023/1023/1023
f 1024/1024/1024 1025/1025/1025 1023/1023/1023
f 1024/1024/1024 1026/1026/1026 1025/1025/1025
f 1026/1026/1026 1027/1027/1027 1025/1025/1025
f 1026/1026/1026 1028/1028/1028 1027/1027/1027
f 1028/1028/1028 1029/1029/1029 1027/1027/1027
f 1028/1028/1028 1030/1030/1030 1029/1029/1029
f 1030/1030/1030 1031/1031/1031 1029/1029/1029
f 1030/1030/1030 1032/1032/1032 1031/1031/1031
f 1032/1032/1032 1033/1033/1033 1031/1031/1031
f 1032/1032/1032 1034/1034/1034 1033/1033/1033
f 1034/1034/1034 1035/1035/1035 1033/1033/1033
f 1034/1034/1034 1007/1007/1007 1035/1035/1035
f 1022/1022/1022 1036/1036/1036 1024/1024/1024
f 1024/1024/1024 1037/1037/1037 1026/1026/1026
f 1036/1036/1036 1037/1037/1037 1024/1024/1024
f 1026/1026/1026 1038/1038/1038 1028/1028/1028
f 1037/1037/1037 1038/1038/1038 1026/1026/1026
f 1028/1028/1028 1039/1039/1039 1030/1030/1030
f 1038/1038/1038 1039/1039/1039 1028/1028/1028
f 1030/1030/1030 1040/1040/1040 1032/1032/1032
f 1039/1039/1039 1040/1040/1040 1030/1030/1030
f 1032/1032/1032 1041/1041/1041 1034/1034/1034
f 1040/1040/1040 1041/1041/1041 1032/1032/1032
f 1007/1007/1007 1034/1034/1034 1042/1042/1042
f 1041/1041/1041 1042/1042/1042 1034/1034/1034
f 1043/1043/1043 1036/1036/1036 1022/1022/1022
f 1020/1020/1020 1043/1043/1043 1022/1022/1022
f 1044/1044/1044 1007/1007/1007 1042/1042/1042
f 1007/1007/1007 1044/1044/1044 1006/1006/1006
f 1045/1045/1045 1043/1043/1043 1020/1020/1020
f 1018/1018/1018 1045/1045/1045 1020/1020/1020
f 1044/1044/1044 1046/1046/1046 1006/1006/1006
f 1006/1006/1006 1046/1046/1046 1008/1008/1008
f 1047/1047/1047 1045/1045/1045 1018/1018/1018
f 1016/1016/1016 1047/1047/1047 1018/1018/1018
f 1046/1046/1046 1048/1048/1048 1008/1008/1008
f 1008/1008/1008 1048/1048/1048 1010/1010/1010
f 1049/1049/1049 1047/1047/1047 1016/1016/1016
f 1014/1014/1014 1049/1049/1049 1016/1016/1016
f 1048/1048/1048 1050/1050/1050 1010/1010/1010
f 1010/1010/1010 1050/1050/1050 1012/1012/1012
f 1012/1012/1012 1051/1051/1051 1014/1014/1014
f 1051/1051/1051 1049/1049/1049 1014/1014/1014
f 1050/1050/1050 1051/1051/1051 1012/1012/1012
f 1052/1052/1052 1046/1046/1046 1044/1044/1044
f 1053/1053/1053 1052/1052/1052 1044/1044/1044
f 1052/1052/1052 1054/1054/1054 1046/1046/1046
f 1054/1054/1054 1048/1048/1048 1046/1046/1046
f 1053/1053/1053 1044/1044/1044 1042/1042/1042
f 1054/1054/1054 1055/1055/1055 1048/1048/1048
f 1055/1055/1055 1050/1050/1050 1048/1048/1048
f 1056/1056/1056 1053/1053/1053 1042/1042/1042
f 1055/1055/1055 1057/1057/1057 1050/1050/1050
f 1057/1057/1057 1051/1051/1051 1050/1050/1050
f 1056/1056/1056 1042/1042/1042 1041/1041/1041
f 1057/1057/1057 1058/1058/1058 1051/1051/1051
f 1058/1058/1058 1049/1049/1049 1051/1051/1051
f 1059/1059/1059 1056/1056/1056 1041/1041/1041
f 1058/1058/1058 1060/1060/1060 1049/1049/1049
f 1059/1059/1059 1041/1041/1041 1040/1040/1040
f 1060/1060/1060 1047/1047/1047 1049/1049/1049
f 1061/1061/1061 1059/1059/1059 1040/1040/1040
f 1060/1060/1060 1062/1062/1062 1047/1047/1047
f 1061/1061/1061 1040/1040/1040 1039/1039/1039
f 1062/1062/1062 1045/1045/1045 1047/1047/1047
f 1063/1063/1063 1061/1061/1061 1039/1039/1039
f 1062/1062/1062 1064/1064/1064 1045/1045/1045
f 1063/1063/1063 1039/1039/1039 1038/1038/1038
f 1064/1064/1064 1043/1043/1043 1045/1045/1045
f 1065/1065/1065 1063/1063/1063 1038/1038/1038
f 1064/1064/1064 1066/1066/1066 1043/1043/1043
f 1065/1065/1065 1038/1038/1038 1037/1037/1037
f 1066/1066/1066 1036/1036/1036 1043/1043/1043
f 1067/1067/1067 1065/1065/1065 1037/1037/1037
f 1067/1067/1067 1037/1037/1037 1036/1036/1036
f 1066/1066/1066 1067/1067/1067 1036/1036/1036
f 1070/1070/1070 1069/1069/1069 1068/1068/1068
f 1071/1071/1071 1070/1070/1070 1068/1068/1068
f 1069/1069/1069 1072/1072/1072 1068/1068/1068
f 1073/1073/1073 1071/1071/1071 1068/1068/1068
f 1072/1072/1072 1074/1074/1074 1068/1068/1068
f 1075/1075/1075 1073/1073/1073 1068/1068/1068
f 1074/1074/1074 1076/1076/1076 1068/1068/1068
f 1077/1077/1077 1075/1075/1075 1068/1068/1068
f 1076/1076/1076 1078/1078/1078 1068/1068/1068
f 1079/1079/1079 1077/1077/1077 1068/1068/1068
f 1078/1078/1078 1080/1080/1080 1068/1068/1068
f 1081/1081/1081 1079/1079/1079 1068/1068/1068
f 1080/1080/1080 1082/1082/1082 1068/1068/1068
f 1083/1083/1083 1081/1081/1081 1068/1068/1068
f 1082/1082/1082 1084/1084/1084 1068/1068/1068
f 1084/1084/1084 1083/1083/1083 1068/1068/1068
f 1087/1087/1087 1086/1086/1086 1085/1085/1085
f 1086/1086/1086 1088/1088/1088 1085/1085/1085
f 1087/1087/1087 1085/1085/1085 1089/1089/1089
f 1086/1086/1086 1090/1090/1090 1088/1088/1088
f 1091/1091/1091 1087/1087/1087 1089/1089/1089
f 1090/1090/1090 1092/1092/1092 1088/1088/1088
f 1091/1091/1091 1089/1089/1089 1093/1093/1093
f 1090/1090/1090 1094/1094/1094 1092/1092/1092
f 1095/1095/1095 1091/1091/1091 1093/1093/1093
f 1094/1094/1094 1096/1096/1096 1092/1092/1092
f 1095/1095/1095 1093/1093/1093 1097/1097/1097
f 1094/1094/1094 1098/1098/1098 1096/1096/1096
f 1099/1099/1099 1095/1095/1095 1097/1097/1097
f 1098/1098/1098 1100/1100/1100 1096/1096/1096
f 1099/1099/1099 1097/1097/1097 1101/1101/1101
f 1098/1098/1098 1102/1102/1102 1100/1100/1100
f 1103/1103/1103 1099/1099/1099 1101/1101/1101
f 1102/1102/1102 1104/1104/1104 1100/1100/1100
f 1103/1103/1103 1101/1101/1101 1105/1105/1105
f 1102/1102/1102 1106/1106/1106 1104/1104/1104
f 1107/1107/1107 1103/1103/1103 1105/1105/1105
f 1106/1106/1106 1108/1108/1108 1104/1104/1104
f 1107/1107/1107 1105/1105/1105 1108/1108/1108
f 1106/1106/1106 1107/1107/1107 1108/1108/1108
f 1111/1111/1111 1110/1110/1110 1109/1109/1109
f 1110/1110/1110 1112/1112/1112 1109/1109/1109
f 1111/1111/1111 1109/1109/1109 1113/1113/1113
f 1110/1110/1110 1114/1114/1114 1112/1112/1112
f 1115/1115/1115 1111/1111/1111 1113/1113/1113
f 1114/1114/1114 1116/1116/1116 1112/1112/1112
f 1115/1115/1115 1113/1113/1113 1117/1117/1117
f 1114/1114/1114 1118/1118/1118 1116/1116/1116
f 1119/1119/1119 1115/1115/1115 1117/1117/1117
f 1118/1118/1118 1120/1120/1120 1116/1116/1116
f 1119/1119/1119 1117/1117/1117 1121/1121/1121
f 1118/1118/1118 1122/1122/1122 1120/1120/1120
f 1123/1123/1123 1119/1119/1119 1121/1121/1121
f 1122/1122/1122 1124/1124/1124 1120/1120/1120
f 1123/1123/1123 1121/1121/1121 1125/1125/1125
f 1122/1122/1122 1126/1126/1126 1124/1124/1124
f 1127/1127/1127 1123/1123/1123 1125/1125/1125
f 1126/1126/1126 1128/1128/1128 1124/1124/1124
f 1127/1127/1127 1125/1125/1125 1129/1129/1129
f 1126/1126/1126 1130/1130/1130 1128/1128/1128
f 1131/1131/1131 1127/1127/1127 1129/1129/1129
f 1130/1130/1130 1132/1132/1132 1128/1128/1128
f 1131/1131/1131 1129/1129/1129 1132/1132/1132
f 1130/1130/1130 1131/1131/1131 1132/1132/1132
f 1135/1135/1135 1134/1134/1134 1133/1133/1133
f 1136/1136/1136 1135/1135/1135 1133/1133/1133
f 1135/1135/1135 1137/1137/1137 1134/1134/1134
f 1136/1136/1136 1133/1133/1133 1138/1138/1138
f 1137/1137/1137 1139/1139/1139 1134/1134/1134
f 1140/1140/1140 1136/1136/1136 1138/1138/1138
f 1137/1137/1137 1141/1141/1141 1139/1139/1139
f 1140/1140/1140 1138/1138/1138 1142/1142/1142
f 1141/1141/1141 1143/1143/1143 1139/1139/1139
f 1144/1144/1144 1140/1140/1140 1142/1142/1142
f 1141/1141/1141 1145/1145/1145 1143/1143/1143
f 1144/1144/1144 1142/1142/1142 1146/1146/1146
f 1145/1145/1145 1147/1147/1147 1143/1143/1143
f 1148/1148/1148 1144/1144/1144 1146/1146/1146
f 1145/1145/1145 1149/1149/1149 1147/1147/1147
f 1148/1148/1148 1146/1146/1146 1150/1150/1150
f 1149/1149/1149 1151/1151/1151 1147/1147/1147
f 1152/1152/1152 1148/1148/1148 1150/1150/1150
f 1149/1149/1149 1153/1153/1153 1151/1151/1151
f 1152/1152/1152 1150/1150/1150 1154/1154/1154
f 1153/1153/1153 1155/1155/1155 1151/1151/1151
f 1156/1156/1156 1152/1152/1152 1154/1154/1154
f 1153/1153/1153 1157/1157/1157 1155/1155/1155
f 1156/1156/1156 1154/1154/1154 1158/1158/1158
f 1157/1157/1157 1159/1159/1159 1155/1155/1155
f 1160/1160/1160 1156/1156/1156 1158/1158/1158
f 1157/1157/1157 1161/1161/1161 1159/1159/1159
f 1160/1160/1160 1158/1158/1158 1162/1162/1162
f 1161/1161/1161 1163/1163/1163 1159/1159/1159
f 1164/1164/1164 1160/1160/1160 1162/1162/1162
f 1164/1164/1164 1162/1162/1162 1163/1163/1163
f 1161/1161/1161 1164/1164/1164 1163/1163/1163
f 1167/1167/1167 1166/1166/1166 1165/1165/1165
f 1168/1168/1168 1167/1167/1167 1165/1165/1165
f 1167/1167/1167 1169/1169/1169 1166/1166/1166
f 1168/1168/1168 1165/1165/1165 1170/1170/1170
f 1169/1169/1169 1171/1171/1171 1166/1166/1166
f 1172/1172/1172 1168/1168/1168 1170/1170/1170
f 1169/1169/1169 1173/1173/1173 1171/1171/1171
f 1172/1172/1172 1170/1170/1170 1174/1174/1174
f 1173/1173/1173 1175/1175/1175 1171/1171/1171
f 1176/1176/1176 1172/1172/1172 1174/1174/1174
f 1173/1173/1173 1177/1177/1177 1175/1175/1175
f 1176/1176/1176 1174/1174/1174 1178/1178/1178
f 1177/1177/1177 1179/1179/1179 1175/1175/1175
f 1180/1180/1180 1176/1176/1176 1178/1178/1178
f 1177/1177/1177 1181/1181/1181 1179/1179/1179
f 1180/1180/1180 1178/1178/1178 1182/1182/1182
f 1181/1181/1181 1183/1183/1183 1179/1179/1179
f 1184/1184/1184 1180/1180/1180 1182/1182/1182
f 1181/1181/1181 1185/1185/1185 1183/1183/1183
f 1184/1184/1184 1182/1182/1182 1186/1186/1186
f 1185/1185/1185 1187/1187/1187 1183/1183/1183
f 1188/1188/1188 1184/1184/1184 1186/1186/1186
f 1185/1185/1185 1189/1189/1189 1187/1187/1187
f 1188/1188/1188 1186/1186/1186 1190/1190/1190
f 1189/1189/1189 1191/1191/1191 1187/1187/1187
f 1192/1192/1192 1188/1188/1188 1190/1190/1190
f 1189/1189/1189 1193/1193/1193 1191/1191/1191
f 1192/1192/1192 1190/1190/1190 1194/1194/1194
f 1193/1193/1193 1195/1195/1195 1191/1191/1191
f 1196/1196/1196 1192/1192/1192 1194/1194/1194
f 1196/1196/1196 1194/1194/1194 1195/1195/1195
f 1193/1193/1193 1196/1196/1196 1195/1195/1195
f 1199/1199/1199 1198/1198/1198 1197/1197/1197
f 1200/1200/1200 1199/1199/1199 1197/1197/1197
f 1199/1199/1199 1201/1201/1201 1198/1198/1198
f 1200/1200/1200 1197/1197/1197 1202/1202/1202
f 1201/1201/1201 1203/1203/1203 1198/1198/1198
f 1204/1204/1204 1200/1200/1200 1202/1202/1202
f 1201/1201/1201 1205/1205/1205 1203/1203/1203
f 1204/1204/1204 1202/1202/1202 1206/1206/1206
f 1205/1205/1205 1207/1207/1207 1203/1203/1203
f 1208/1208/1208 1204/1204/1204 1206/1206/1206
f 1205/1205/1205 1209/1209/1209 1207/1207/1207
f 1208/1208/1208 1206/1206/1206 1210/1210/1210
f 1209/1209/1209 1211/1211/1211 1207/1207/1207
f 1212/1212/1212 1208/1208/1208 1210/1210/1210
f 1209/1209/1209 1213/1213/1213 1211/1211/1211
f 1212/1212/1212 1210/1210/1210 1214/1214/1214
f 1213/1213/1213 1215/1215/1215 1211/1211/1211
f 1216/1216/1216 1212/1212/1212 1214/1214/1214
f 1213/1213/1213 1217/1217/1217 1215/1215/1215
f 1216/1216/1216 1214/1214/1214 1218/1218/1218
f 1217/1217/1217 1219/1219/1219 1215/1215/1215
f 1220/1220/1220 1216/1216/1216 1218/1218/1218
f 1217/1217/1217 1221/1221/1221 1219/1219/1219
f 1220/1220/1220 1218/1218/1218 1222/1222/1222
f 1221/1221/1221 1223/1223/1223 1219/1219/1219
f 1224/1224/1224 1220/1220/1220 1222/1222/1222
f 1221/1221/1221 1225/1225/1225 1223/1223/1223
f 1224/1224/1224 1222/1222/1222 1226/1226/1226
f 1225/1225/1225 1227/1227/1227 1223/1223/1223
f 1228/1228/1228 1224/1224/1224 1226/1226/1226
f 1228/1228/1228 1226/1226/1226 1227/1227/1227
f 1225/1225/1225 1228/1228/1228 1227/1227/1227
f 1231/1231/1231 1230/1230/1230 1229/1229/1229
f 1232/1232/1232 1231/1231/1231 1229/1229/1229
f 1231/1231/1231 1233/1233/1233 1230/1230/1230
f 1232/1232/1232 1229/1229/1229 1234/1234/1234
f 1233/1233/1233 1235/1235/1235 1230/1230/1230
f 1236/1236/1236 1232/1232/1232 1234/1234/1234
f 1233/1233/1233 1237/1237/1237 1235/1235/1235
f 1236/1236/1236 1234/1234/1234 1238/1238/1238
f 1237/1237/1237 1239/1239/1239 1235/1235/1235
f 1240/1240/1240 1236/1236/1236 1238/1238/1238
f 1237/1237/1237 1241/1241/1241 1239/1239/1239
f 1240/1240/1240 1238/1238/1238 1242/1242/1242
f 1241/1241/1241 1243/1243/1243 1239/1239/1239
f 1244/1244/1244 1240/1240/1240 1242/1242/1242
f 1241/1241/1241 1245/1245/1245 1243/1243/1243
f 1244/1244/1244 1242/1242/1242 1246/1246/1246
f 1245/1245/1245 1247/1247/1247 1243/1243/1243
f 1248/1248/1248 1244/1244/1244 1246/1246/1246
f 1245/1245/1245 1249/1249/1249 1247/1247/1247
f 1248/1248/1248 1246/1246/1246 1250/1250/1250
f 1249/1249/1249 1251/1251/1251 1247/1247/1247
f 1252/1252/1252 1248/1248/1248 1250/1250/1250
f 1249/1249/1249 1253/1253/1253 1251/1251/1251
f 1252/1252/1252 1250/1250/1250 1254/1254/1254
f 1253/1253/1253 1255/1255/1255 1251/1251/1251
f 1256/1256/1256 1252/1252/1252 1254/1254/1254
f 1253/1253/1253 1257/1257/1257 1255/1255/1255
f 1256/1256/1256 1254/1254/1254 1258/1258/1258
f 1257/1257/1257 1259/1259/1259 1255/1255/1255
f 1260/1260/1260 1256/1256/1256 1258/1258/1258
f 1260/1260/1260 1258/1258/1258 1259/1259/1259
f 1257/1257/1257 1260/1260/1260 1259/1259/1259
f 1263/1263/1263 1262/1262/1262 1261/1261/1261
f 1264/1264/1264 1263/1263/1263 1261/1261/1261
f 1264/1264/1264 1261/1261/1261 1265/1265/1265
f 1263/1263/1263 1266/1266/1266 1262/1262/1262
f 1266/1266/1266 1267/1267/1267 1262/1262/1262
f 1268/1268/1268 1264/1264/1264 1265/1265/1265
f 1268/1268/1268 1265/1265/1265 1269/1269/1269
f 1266/1266/1266 1270/1270/1270 1267/1267/1267
f 1270/1270/1270 1271/1271/1271 1267/1267/1267
f 1272/1272/1272 1268/1268/1268 1269/1269/1269
f 1272/1272/1272 1269/1269/1269 1273/1273/1273
f 1270/1270/1270 1274/1274/1274 1271/1271/1271
f 1274/1274/1274 1275/1275/1275 1271/1271/1271
f 1276/1276/1276 1272/1272/1272 1273/1273/1273
f 1276/1276/1276 1273/1273/1273 1277/1277/1277
f 1274/1274/1274 1278/1278/1278 1275/1275/1275
f 1278/1278/1278 1279/1279/1279 1275/1275/1275
f 1280/1280/1280 1276/1276/1276 1277/1277/1277
f 1280/1280/1280 1277/1277/1277 1281/1281/1281
f 1278/1278/1278 1282/1282/1282 1279/1279/1279
f 1282/1282/1282 1283/1283/1283 1279/1279/1279
f 1284/1284/1284 1280/1280/1280 1281/1281/1281
f 1284/1284/1284 1281/1281/1281 1285/1285/1285
f 1282/1282/1282 1286/1286/1286 1283/1283/1283
f 1286/1286/1286 1287/1287/1287 1283/1283/1283
f 1288/1288/1288 1284/1284/1284 1285/1285/1285
f 1288/1288/1288 1285/1285/1285 1289/1289/1289
f 1286/1286/1286 1290/1290/1290 1287/1287/1287
f 1290/1290/1290 1291/1291/1291 1287/1287/1287
f 1292/1292/1292 1289/1289/1289 1291/1291/1291
f 1292/1292/1292 1288/1288/1288 1289/1289/1289
f 1290/1290/1290 1292/1292/1292 1291/1291/1291
f 1278/1278/1278 1293/1293/1293 1282/1282/1282
f 1282/1282/1282 1294/1294/1294 1286/1286/1286
f 1293/1293/1293 1294/1294/1294 1282/1282/1282
f 1286/1286/1286 1295/1295/1295 1290/1290/1290
f 1294/1294/1294 1295/1295/1295 1286/1286/1286
f 1290/1290/1290 1296/1296/1296 1292/1292/1292
f 1295/1295/1295 1296/1296/1296 1290/1290/1290
f 1292/1292/1292 1297/1297/1297 1288/1288/1288
f 1296/1296/1296 1297/1297/1297 1292/1292/1292
f 1288/1288/1288 1298/1298/1298 1284/1284/1284
f 1297/1297/1297 1298/1298/1298 1288/1288/1288
f 1299/1299/1299 1293/1293/1293 1278/1278/1278
f 1274/1274/1274 1299/1299/1299 1278/1278/1278
f 1298/1298/1298 1300/1300/1300 1284/1284/1284
f 1284/1284/1284 1300/1300/1300 1280/1280/1280
f 1301/1301/1301 1299/1299/1299 1274/1274/1274
f 1270/1270/1270 1301/1301/1301 1274/1274/1274
f 1300/1300/1300 1302/1302/1302 1280/1280/1280
f 1280/1280/1280 1302/1302/1302 1276/1276/1276
f 1303/1303/1303 1301/1301/1301 1270/1270/1270
f 1266/1266/1266 1303/1303/1303 1270/1270/1270
f 1302/1302/1302 1304/1304/1304 1276/1276/1276
f 1272/1272/1272 1276/1276/1276 1304/1304/1304
f 1305/1305/1305 1303/1303/1303 1266/1266/1266
f 1263/1263/1263 1305/1305/1305 1266/1266/1266
f 1306/1306/1306 1272/1272/1272 1304/1304/1304
f 1272/1272/1272 1306/1306/1306 1268/1268/1268
f 1307/1307/1307 1305/1305/1305 1263/1263/1263
f 1264/1264/1264 1307/1307/1307 1263/1263/1263
f 1268/1268/1268 1308/1308/1308 1264/1264/1264
f 1306/1306/1306 1308/1308/1308 1268/1268/1268
f 1308/1308/1308 1307/1307/1307 1264/1264/1264
f 1309/1309/1309 1301/1301/1301 1303/1303/1303
f 1310/1310/1310 1309/1309/1309 1303/1303/1303
f 1310/1310/1310 1303/1303/1303 1305/1305/1305
f 1309/1309/1309 1311/1311/1311 1301/1301/1301
f 1312/1312/1312 1310/1310/1310 1305/1305/1305
f 1312/1312/1312 1305/1305/1305 1307/1307/1307
f 1311/1311/1311 1299/1299/1299 1301/1301/1301
f 1313/1313/1313 1312/1312/1312 1307/1307/1307
f 1313/1313/1313 1307/1307/1307 1308/1308/1308
f 1311/1311/1311 1314/1314/1314 1299/1299/1299
f 1315/1315/1315 1313/1313/1313 1308/1308/1308
f 1315/1315/1315 1308/1308/1308 1306/1306/1306
f 1314/1314/1314 1293/1293/1293 1299/1299/1299
f 1316/1316/1316 1315/1315/1315 1306/1306/1306
f 1314/1314/1314 1317/1317/1317 1293/1293/1293
f 1316/1316/1316 1306/1306/1306 1304/1304/1304
f 1317/1317/1317 1294/1294/1294 1293/1293/1293
f 1318/1318/1318 1316/1316/1316 1304/1304/1304
f 1317/1317/1317 1319/1319/1319 1294/1294/1294
f 1318/1318/1318 1304/1304/1304 1302/1302/1302
f 1319/1319/1319 1295/1295/1295 1294/1294/1294
f 1320/1320/1320 1318/1318/1318 1302/1302/1302
f 1319/1319/1319 1321/1321/1321 1295/1295/1295
f 1320/1320/1320 1302/1302/1302 1300/1300/1300
f 1321/1321/1321 1296/1296/1296 1295/1295/1295
f 1322/1322/1322 1320/1320/1320 1300/1300/1300
f 1321/1321/1321 1323/1323/1323 1296/1296/1296
f 1322/1322/1322 1300/1300/1300 1298/1298/1298
f 1323/1323/1323 1297/1297/1297 1296/1296/1296
f 1324/1324/1324 1322/1322/1322 1298/1298/1298
f 1324/1324/1324 1298/1298/1298 1297/1297/1297
f 1323/1323/1323 1324/1324/1324 1297/1297/1297
