mtllib Sink_5c68c04b.mtl
g sink_19_f024b2dc
v 2.04205 0.86167 -2.01905
v 2.04205 0.85856 -2.01905
v 2.04007 0.85856 -2.029
v 2.30234 1.00728 -2.01884
v 2.30124 1.00808 -2.01851
v 2.29841 1.00273 -2.01689
v 2.30234 1.00728 -2.01884
v 2.29841 1.00273 -2.01689
v 2.2996 1.0021 -2.01727
v 2.29792 1.00299 -2.01597
v 2.29515 0.99656 -2.01692
v 2.29488 0.99723 -2.01771
v 2.2929 0.98943 -2.029
v 2.29514 0.99079 -2.03597
v 2.2938 0.99113 -2.03616
v 2.29824 0.99545 -2.04028
v 2.29753 0.99531 -2.04107
v 2.29601 0.99124 -2.03551
v 2.29427 0.98914 -2.029
v 2.29519 0.9897 -2.029
v 2.29514 0.99079 -2.02202
v 2.29601 0.99124 -2.02248
v 2.29753 0.99531 -2.01692
v 2.29824 0.99545 -2.01771
v 2.30128 1.00121 -2.04202
v 2.30362 1.00682 -2.03948
v 2.30433 1.00697 -2.04028
v 2.09202 0.86167 -2.029
v 2.09202 0.85856 -2.029
v 2.09004 0.85856 -2.01905
v 2.09004 0.86167 -2.01905
v 2.09004 0.86167 -2.03894
v 2.09004 0.85856 -2.03894
v 2.09202 0.85856 -2.029
v 2.09202 0.86167 -2.029
v 2.08441 0.86167 -2.04736
v 2.09004 0.85856 -2.03894
v 2.09004 0.86167 -2.03894
v 2.08441 0.85856 -2.04736
v 2.07599 0.86167 -2.05299
v 2.07599 0.85856 -2.05299
v 2.09004 0.8227 -2.03894
v 2.08441 0.8227 -2.04736
v 2.09004 0.8198 -2.03894
v 2.08441 0.8198 -2.04736
v 2.07599 0.8227 -2.05299
v 2.07599 0.8198 -2.05299
v 2.06605 0.8227 -2.05497
v 2.06605 0.8198 -2.05497
v 2.05611 0.8227 -2.05299
v 2.06605 0.86167 -2.05497
v 2.07599 0.85856 -2.05299
v 2.07599 0.86167 -2.05299
v 2.06605 0.85856 -2.05497
v 2.05611 0.86167 -2.05299
v 2.05611 0.85856 -2.05299
v 2.04768 0.86167 -2.04736
v 2.04768 0.85856 -2.04736
v 2.04205 0.86167 -2.03894
v 2.04205 0.85856 -2.03894
v 2.04768 0.8227 -2.04736
v 2.04205 0.8227 -2.03894
v 2.04768 0.8198 -2.04736
v 2.04205 0.8198 -2.03894
v 2.05611 0.8198 -2.05299
v 2.05611 0.8227 -2.05299
v 2.06605 0.8198 -2.05497
v 2.04007 0.86167 -2.029
v 2.04205 0.85856 -2.03894
v 2.04205 0.86167 -2.03894
v 2.04007 0.85856 -2.029
v 2.04205 0.86167 -2.01905
v 2.04768 0.86167 -2.01063
v 2.04205 0.85856 -2.01905
v 2.04205 0.86167 -2.01905
v 2.04768 0.85856 -2.01063
v 2.05611 0.86167 -2.005
v 2.05611 0.85856 -2.005
v 2.04205 0.8227 -2.01905
v 2.04768 0.8227 -2.01063
v 2.04205 0.8198 -2.01905
v 2.04768 0.8198 -2.01063
v 2.05611 0.8227 -2.005
v 2.05611 0.8198 -2.005
v 2.06605 0.8227 -2.00302
v 2.06605 0.8198 -2.00302
v 2.06605 0.86167 -2.00302
v 2.05611 0.85856 -2.005
v 2.05611 0.86167 -2.005
v 2.06605 0.85856 -2.00302
v 2.07599 0.86167 -2.005
v 2.07599 0.85856 -2.005
v 2.08441 0.86167 -2.01063
v 2.08441 0.85856 -2.01063
v 2.09004 0.86167 -2.01905
v 2.09004 0.85856 -2.01905
v 2.08441 0.8227 -2.01063
v 2.09004 0.8227 -2.01905
v 2.08441 0.8198 -2.01063
v 2.09004 0.8198 -2.01905
v 2.07599 0.8198 -2.005
v 2.07599 0.8227 -2.005
v 2.06605 0.8198 -2.00302
v 2.06605 0.8227 -2.00302
v 2.04491 0.85856 -2.02148
v 2.04491 0.8227 -2.02148
v 2.04263 0.8227 -2.029
v 2.04263 0.85856 -2.029
v 2.04491 0.8227 -2.03651
v 2.04491 0.85856 -2.03651
v 2.05709 0.85856 -2.00736
v 2.05069 0.8227 -2.01236
v 2.05069 0.85856 -2.01236
v 2.05709 0.8227 -2.00736
v 2.06605 0.85856 -2.00558
v 2.06605 0.8227 -2.00558
v 2.075 0.85856 -2.00736
v 2.07501 0.8227 -2.00736
v 2.0814 0.85856 -2.01236
v 2.0814 0.8227 -2.01236
v 2.08946 0.85856 -2.029
v 2.08718 0.8227 -2.02148
v 2.08718 0.85856 -2.02148
v 2.08946 0.8227 -2.029
v 2.08718 0.85856 -2.03651
v 2.08718 0.8227 -2.03651
v 2.075 0.85856 -2.05063
v 2.0814 0.8227 -2.04563
v 2.0814 0.85856 -2.04563
v 2.075 0.8227 -2.05063
v 2.06605 0.85856 -2.05241
v 2.06605 0.8227 -2.05241
v 2.05709 0.85856 -2.05063
v 2.05709 0.8227 -2.05063
v 2.05069 0.85856 -2.04563
v 2.05069 0.8227 -2.04563
v 2.04205 0.8227 -2.01905
v 2.04205 0.8198 -2.01905
v 2.04007 0.8198 -2.029
v 2.04007 0.8227 -2.029
v 2.04205 0.8198 -2.03894
v 2.04205 0.8227 -2.03894
v 2.09202 0.8227 -2.029
v 2.09004 0.8198 -2.01905
v 2.09004 0.8227 -2.01905
v 2.09202 0.8198 -2.029
v 2.09004 0.8227 -2.03894
v 2.09004 0.8198 -2.03894
v 2.04205 0.85856 -2.01905
v 2.04491 0.85856 -2.02148
v 2.04263 0.85856 -2.029
v 2.04007 0.85856 -2.029
v 2.04491 0.85856 -2.03651
v 2.04205 0.85856 -2.03894
v 2.04007 0.8227 -2.029
v 2.04491 0.8227 -2.02148
v 2.04205 0.8227 -2.01905
v 2.04263 0.8227 -2.029
v 2.04205 0.8227 -2.03894
v 2.04491 0.8227 -2.03651
v 2.04205 0.8227 -2.01905
v 2.04491 0.8227 -2.02148
v 2.04491 0.85856 -2.02148
v 2.04205 0.85856 -2.01905
v 2.04205 0.85856 -2.03894
v 2.04491 0.85856 -2.03651
v 2.04491 0.8227 -2.03651
v 2.04205 0.8227 -2.03894
v 2.05611 0.85856 -2.005
v 2.05069 0.85856 -2.01236
v 2.04768 0.85856 -2.01063
v 2.05709 0.85856 -2.00736
v 2.06605 0.85856 -2.00302
v 2.06605 0.85856 -2.00558
v 2.07599 0.85856 -2.005
v 2.075 0.85856 -2.00736
v 2.08441 0.85856 -2.01063
v 2.0814 0.85856 -2.01236
v 2.04768 0.85856 -2.01063
v 2.05069 0.85856 -2.01236
v 2.05069 0.8227 -2.01236
v 2.04768 0.8227 -2.01063
v 2.04768 0.8227 -2.01063
v 2.05069 0.8227 -2.01236
v 2.05709 0.8227 -2.00736
v 2.05611 0.8227 -2.005
v 2.06605 0.8227 -2.00558
v 2.06605 0.8227 -2.00302
v 2.07501 0.8227 -2.00736
v 2.07599 0.8227 -2.005
v 2.0814 0.8227 -2.01236
v 2.08441 0.8227 -2.01063
v 2.08441 0.8227 -2.01063
v 2.0814 0.8227 -2.01236
v 2.0814 0.85856 -2.01236
v 2.08441 0.85856 -2.01063
v 2.09202 0.85856 -2.029
v 2.08718 0.85856 -2.02148
v 2.09004 0.85856 -2.01905
v 2.08946 0.85856 -2.029
v 2.09004 0.85856 -2.03894
v 2.08718 0.85856 -2.03651
v 2.09004 0.85856 -2.01905
v 2.08718 0.85856 -2.02148
v 2.08718 0.8227 -2.02148
v 2.09004 0.8227 -2.01905
v 2.09004 0.8227 -2.01905
v 2.08718 0.8227 -2.02148
v 2.08946 0.8227 -2.029
v 2.09202 0.8227 -2.029
v 2.08718 0.8227 -2.03651
v 2.09004 0.8227 -2.03894
v 2.09004 0.8227 -2.03894
v 2.08718 0.8227 -2.03651
v 2.08718 0.85856 -2.03651
v 2.09004 0.85856 -2.03894
v 2.07599 0.85856 -2.05299
v 2.0814 0.85856 -2.04563
v 2.08441 0.85856 -2.04736
v 2.075 0.85856 -2.05063
v 2.06605 0.85856 -2.05497
v 2.06605 0.85856 -2.05241
v 2.05611 0.85856 -2.05299
v 2.05709 0.85856 -2.05063
v 2.04768 0.85856 -2.04736
v 2.05069 0.85856 -2.04563
v 2.08441 0.85856 -2.04736
v 2.0814 0.85856 -2.04563
v 2.0814 0.8227 -2.04563
v 2.08441 0.8227 -2.04736
v 2.08441 0.8227 -2.04736
v 2.0814 0.8227 -2.04563
v 2.075 0.8227 -2.05063
v 2.07599 0.8227 -2.05299
v 2.06605 0.8227 -2.05241
v 2.06605 0.8227 -2.05497
v 2.05709 0.8227 -2.05063
v 2.05611 0.8227 -2.05299
v 2.05069 0.8227 -2.04563
v 2.04768 0.8227 -2.04736
v 2.04768 0.8227 -2.04736
v 2.05069 0.8227 -2.04563
v 2.05069 0.85856 -2.04563
v 2.04768 0.85856 -2.04736
v 2.30435 1.01108 -2.02313
v 2.30331 1.012 -2.02294
v 2.30124 1.00808 -2.01851
v 2.30234 1.00728 -2.01884
v 2.30569 1.01074 -2.02294
v 2.30362 1.00682 -2.01851
v 2.2996 1.0021 -2.01727
v 2.30079 1.00147 -2.01689
v 2.30433 1.00697 -2.01771
v 2.30128 1.00121 -2.01597
v 2.30508 1.01247 -2.029
v 2.30407 1.01343 -2.029
v 2.30331 1.012 -2.02294
v 2.30435 1.01108 -2.02313
v 2.30645 1.01218 -2.029
v 2.30569 1.01074 -2.02294
v 2.30737 1.01273 -2.029
v 2.30656 1.01119 -2.03551
v 2.30656 1.01119 -2.02248
v 2.30362 1.00682 -2.01851
v 2.30433 1.00697 -2.01771
v 2.30435 1.01108 -2.03486
v 2.30331 1.012 -2.03505
v 2.30407 1.01343 -2.029
v 2.30508 1.01247 -2.029
v 2.29486 0.99312 -2.03486
v 2.29351 0.99346 -2.03505
v 2.29558 0.99738 -2.03948
v 2.29686 0.99692 -2.03915
v 2.29841 1.00273 -2.0411
v 2.29792 1.00299 -2.04202
v 2.29488 0.99723 -2.04028
v 2.29412 0.99174 -2.029
v 2.29351 0.99346 -2.03505
v 2.29486 0.99312 -2.03486
v 2.29275 0.99203 -2.029
v 2.29486 0.99312 -2.02313
v 2.29351 0.99346 -2.02294
v 2.29183 0.99147 -2.029
v 2.29265 0.99302 -2.03551
v 2.29488 0.99723 -2.04028
v 2.29558 0.99738 -2.03948
v 2.29686 0.99692 -2.01884
v 2.29558 0.99738 -2.01851
v 2.29351 0.99346 -2.02294
v 2.2996 1.0021 -2.01727
v 2.29841 1.00273 -2.01689
v 2.29488 0.99723 -2.01771
v 2.29792 1.00299 -2.01597
v 2.30124 1.00808 -2.01851
v 2.30096 1.00875 -2.01771
v 2.29686 0.99692 -2.01884
v 2.29351 0.99346 -2.02294
v 2.29486 0.99312 -2.02313
v 2.29796 0.99612 -2.01851
v 2.29589 0.9922 -2.02294
v 2.30079 1.00147 -2.01689
v 2.2996 1.0021 -2.01727
v 2.30128 1.00121 -2.01597
v 2.29824 0.99545 -2.01771
v 2.30331 1.012 -2.02294
v 2.30096 1.00875 -2.01771
v 2.30124 1.00808 -2.01851
v 2.30319 1.01296 -2.02248
v 2.30407 1.01343 -2.029
v 2.30401 1.01451 -2.029
v 2.30331 1.012 -2.03505
v 2.30319 1.01296 -2.03551
v 2.30124 1.00808 -2.03948
v 2.30096 1.00875 -2.04028
v 2.29841 1.00273 -2.0411
v 2.29792 1.00299 -2.04202
v 2.30096 1.00875 -2.04028
v 2.30124 1.00808 -2.03948
v 2.29351 0.99346 -2.02294
v 2.29265 0.99302 -2.02248
v 2.29183 0.99147 -2.029
v 2.29558 0.99738 -2.01851
v 2.29488 0.99723 -2.01771
v 2.30319 1.01296 -2.02248
v 2.30167 1.0089 -2.01692
v 2.30096 1.00875 -2.01771
v 2.30406 1.01341 -2.02202
v 2.30401 1.01451 -2.029
v 2.30493 1.01506 -2.029
v 2.30319 1.01296 -2.03551
v 2.3054 1.01307 -2.02183
v 2.30319 1.01296 -2.03551
v 2.30406 1.01341 -2.03597
v 2.30493 1.01506 -2.029
v 2.30096 1.00875 -2.04028
v 2.30167 1.0089 -2.04107
v 2.29792 1.00299 -2.04202
v 2.30167 1.0089 -2.04107
v 2.30096 1.00875 -2.04028
v 2.29841 1.00273 -2.04294
v 2.29488 0.99723 -2.04028
v 2.29515 0.99656 -2.04107
v 2.30295 1.00844 -2.04141
v 2.3054 1.01307 -2.03616
v 2.30406 1.01341 -2.03597
v 2.2996 1.0021 -2.04333
v 2.30405 1.00764 -2.04107
v 2.30079 1.00147 -2.04294
v 2.29625 0.99577 -2.04141
v 2.29277 0.99205 -2.03597
v 2.29265 0.99302 -2.03551
v 2.29515 0.99656 -2.04107
v 2.29488 0.99723 -2.04028
v 2.29277 0.99205 -2.03597
v 2.29183 0.99147 -2.029
v 2.29189 0.9904 -2.029
v 2.29265 0.99302 -2.02248
v 2.29277 0.99205 -2.02202
v 2.29488 0.99723 -2.01771
v 2.29515 0.99656 -2.01692
v 2.29792 1.00299 -2.01597
v 2.29841 1.00273 -2.01505
v 2.29515 0.99656 -2.01692
v 2.29625 0.99577 -2.01658
v 2.2996 1.0021 -2.01466
v 2.2938 0.99113 -2.02183
v 2.29277 0.99205 -2.02202
v 2.29514 0.99079 -2.02202
v 2.29753 0.99531 -2.01692
v 2.30079 1.00147 -2.01505
v 2.30096 1.00875 -2.01771
v 2.30167 1.0089 -2.01692
v 2.29841 1.00273 -2.01505
v 2.29792 1.00299 -2.01597
v 2.30493 1.01506 -2.029
v 2.3063 1.01477 -2.029
v 2.3054 1.01307 -2.02183
v 2.30644 1.01215 -2.02202
v 2.30731 1.0138 -2.029
v 2.30406 1.01341 -2.03597
v 2.3063 1.01477 -2.029
v 2.30493 1.01506 -2.029
v 2.3054 1.01307 -2.03616
v 2.30731 1.0138 -2.029
v 2.30644 1.01215 -2.03597
v 2.29277 0.99205 -2.03597
v 2.2938 0.99113 -2.03616
v 2.29625 0.99577 -2.04141
v 2.29753 0.99531 -2.04107
v 2.29514 0.99079 -2.03597
v 2.30079 1.00147 -2.04294
v 2.30128 1.00121 -2.04202
v 2.29824 0.99545 -2.04028
v 2.29189 0.9904 -2.029
v 2.2929 0.98943 -2.029
v 2.2938 0.99113 -2.03616
v 2.29277 0.99205 -2.03597
v 2.29277 0.99205 -2.02202
v 2.2929 0.98943 -2.029
v 2.29189 0.9904 -2.029
v 2.2938 0.99113 -2.02183
v 2.29427 0.98914 -2.029
v 2.29514 0.99079 -2.02202
v 2.29514 0.99079 -2.03597
v 2.30167 1.0089 -2.01692
v 2.2996 1.0021 -2.01466
v 2.29841 1.00273 -2.01505
v 2.30295 1.00844 -2.01658
v 2.30406 1.01341 -2.02202
v 2.30079 1.00147 -2.01505
v 2.3054 1.01307 -2.02183
v 2.30405 1.00764 -2.01692
v 2.30644 1.01215 -2.02202
v 2.30295 1.00844 -2.04141
v 2.30644 1.01215 -2.03597
v 2.3054 1.01307 -2.03616
v 2.30405 1.00764 -2.04107
v 2.30079 1.00147 -2.04294
v 2.30433 1.00697 -2.04028
v 2.30128 1.00121 -2.04202
v 2.30644 1.01215 -2.02202
v 2.30433 1.00697 -2.01771
v 2.30405 1.00764 -2.01692
v 2.30656 1.01119 -2.02248
v 2.30731 1.0138 -2.029
v 2.30737 1.01273 -2.029
v 2.30644 1.01215 -2.03597
v 2.30656 1.01119 -2.03551
v 2.30405 1.00764 -2.04107
v 2.30433 1.00697 -2.04028
v 2.30656 1.01119 -2.03551
v 2.30644 1.01215 -2.03597
v 2.30079 1.00147 -2.01505
v 2.29824 0.99545 -2.01771
v 2.29753 0.99531 -2.01692
v 2.30128 1.00121 -2.01597
v 2.30405 1.00764 -2.01692
v 2.30433 1.00697 -2.01771
v 2.30433 1.00697 -2.04028
v 2.30362 1.00682 -2.03948
v 2.30569 1.01074 -2.03505
v 2.30656 1.01119 -2.03551
v 2.30645 1.01218 -2.029
v 2.30508 1.01247 -2.029
v 2.30435 1.01108 -2.03486
v 2.30128 1.00121 -2.04202
v 2.30079 1.00147 -2.0411
v 2.30362 1.00682 -2.03948
v 2.29824 0.99545 -2.04028
v 2.29796 0.99612 -2.03948
v 2.29589 0.9922 -2.03505
v 2.29686 0.99692 -2.03915
v 2.29486 0.99312 -2.03486
v 2.29601 0.99124 -2.03551
v 2.29796 0.99612 -2.03948
v 2.29824 0.99545 -2.04028
v 2.29589 0.9922 -2.03505
v 2.29519 0.9897 -2.029
v 2.29513 0.99077 -2.029
v 2.29601 0.99124 -2.02248
v 2.29589 0.9922 -2.02294
v 2.29824 0.99545 -2.01771
v 2.29796 0.99612 -2.01851
v 2.30362 1.00682 -2.03948
v 2.30435 1.01108 -2.03486
v 2.30569 1.01074 -2.03505
v 2.30234 1.00728 -2.03915
v 2.30331 1.012 -2.03505
v 2.30079 1.00147 -2.0411
v 2.30124 1.00808 -2.03948
v 2.2996 1.0021 -2.04072
v 2.29796 0.99612 -2.03948
v 2.29841 1.00273 -2.0411
v 2.29686 0.99692 -2.03915
v 2.29513 0.99077 -2.029
v 2.29412 0.99174 -2.029
v 2.29486 0.99312 -2.03486
v 2.29589 0.9922 -2.03505
v 2.29589 0.9922 -2.02294
v 2.29486 0.99312 -2.02313
v 2.29412 0.99174 -2.029
v 2.29513 0.99077 -2.029
v 2.07799 0.86167 -2.00017
v 2.07543 0.86686 -2.00634
v 2.08338 0.86686 -2.01166
v 2.08811 0.86167 -2.00693
v 2.06605 0.86167 -1.99779
v 2.0887 0.86686 -2.01961
v 2.09487 0.86167 -2.01705
v 2.06605 0.86686 -2.00448
v 2.05411 0.86167 -2.00017
v 2.09056 0.86686 -2.029
v 2.09725 0.86167 -2.029
v 2.05666 0.86686 -2.00634
v 2.04398 0.86167 -2.00693
v 2.0887 0.86686 -2.03838
v 2.09487 0.86167 -2.04094
v 2.04871 0.86686 -2.01166
v 2.03722 0.86167 -2.01705
v 2.08338 0.86686 -2.04633
v 2.08811 0.86167 -2.05106
v 2.0434 0.86686 -2.01961
v 2.03484 0.86167 -2.029
v 2.07543 0.86686 -2.05164
v 2.07799 0.86167 -2.05782
v 2.04153 0.86686 -2.029
v 2.03722 0.86167 -2.04094
v 2.06605 0.86686 -2.05351
v 2.06605 0.86167 -2.0602
v 2.0434 0.86686 -2.03838
v 2.04398 0.86167 -2.05106
v 2.05666 0.86686 -2.05164
v 2.05411 0.86167 -2.05782
v 2.04871 0.86686 -2.04633
v 2.07251 0.87072 -2.0446
v 2.06605 0.87072 -2.04588
v 2.05958 0.87072 -2.0446
v 2.05411 0.87072 -2.04094
v 2.05044 0.87072 -2.03546
v 2.04916 0.87072 -2.029
v 2.07799 0.87072 -2.04094
v 2.05044 0.87072 -2.02253
v 2.08165 0.87072 -2.03546
v 2.05411 0.87072 -2.01705
v 2.08293 0.87072 -2.029
v 2.05958 0.87072 -2.01339
v 2.08165 0.87072 -2.02253
v 2.06605 0.87072 -2.01211
v 2.07799 0.87072 -2.01705
v 2.07251 0.87072 -2.01339
v 2.074 0.8731 -2.03229
v 2.07466 0.8731 -2.029
v 2.06605 0.8739 -2.029
v 2.07213 0.8731 -2.03508
v 2.074 0.8731 -2.0257
v 2.06934 0.8731 -2.03695
v 2.07213 0.8731 -2.02291
v 2.06605 0.8731 -2.0376
v 2.06934 0.8731 -2.02104
v 2.06275 0.8731 -2.03695
v 2.06605 0.8731 -2.02038
v 2.05996 0.8731 -2.03508
v 2.06275 0.8731 -2.02104
v 2.05809 0.8731 -2.03229
v 2.05996 0.8731 -2.02291
v 2.05744 0.8731 -2.029
v 2.05809 0.8731 -2.0257
v 2.08811 0.86167 -2.00693
v 2.08441 0.86167 -2.01063
v 2.07599 0.86167 -2.005
v 2.07799 0.86167 -2.00017
v 2.09487 0.86167 -2.01705
v 2.06605 0.86167 -2.00302
v 2.09004 0.86167 -2.01905
v 2.06605 0.86167 -1.99779
v 2.09725 0.86167 -2.029
v 2.05611 0.86167 -2.005
v 2.09202 0.86167 -2.029
v 2.05411 0.86167 -2.00017
v 2.09487 0.86167 -2.04094
v 2.04768 0.86167 -2.01063
v 2.09004 0.86167 -2.03894
v 2.04398 0.86167 -2.00693
v 2.08811 0.86167 -2.05106
v 2.04205 0.86167 -2.01905
v 2.08441 0.86167 -2.04736
v 2.03722 0.86167 -2.01705
v 2.07799 0.86167 -2.05782
v 2.04007 0.86167 -2.029
v 2.07599 0.86167 -2.05299
v 2.03484 0.86167 -2.029
v 2.06605 0.86167 -2.0602
v 2.04205 0.86167 -2.03894
v 2.06605 0.86167 -2.05497
v 2.03722 0.86167 -2.04094
v 2.05411 0.86167 -2.05782
v 2.04768 0.86167 -2.04736
v 2.05611 0.86167 -2.05299
v 2.04398 0.86167 -2.05106
v 1.78259 0.97484 -1.69257
v 1.78259 0.92752 -1.69261
v 1.7331 0.92752 -1.7421
v 1.7331 0.97484 -1.74206
v 1.75887 1.0351 -1.77428
v 1.90177 0.8552 -1.91718
v 1.95126 0.8552 -1.86769
v 1.80836 1.0351 -1.72479
v 1.75951 1.04292 -1.66954
v 1.75951 0.99604 -1.6695
v 1.71002 0.99604 -1.71899
v 1.71002 1.04292 -1.71902
v 1.72559 1.04292 -1.73459
v 1.72559 1.0351 -1.73459
v 1.77508 1.0351 -1.6851
v 1.77508 1.04292 -1.6851
v 1.71002 0.99604 -2.339
v 1.75951 0.99604 -2.38849
v 1.75951 1.04292 -2.38845
v 1.71002 1.04292 -2.33896
v 1.80836 1.0351 -2.33295
v 1.95126 0.8552 -2.19005
v 1.90177 0.8552 -2.14056
v 1.75887 1.0351 -2.28346
v 1.72174 0.97484 -1.73071
v 1.72174 0.99604 -1.73071
v 1.77123 0.99604 -1.68122
v 1.77123 0.97484 -1.68122
v 1.78259 0.92752 -2.36538
v 1.78259 0.97484 -2.36542
v 1.7331 0.97484 -2.31592
v 1.7331 0.92752 -2.31589
v 1.71002 0.99604 -2.029
v 1.71002 1.04292 -1.71902
v 1.71002 0.99604 -1.71899
v 1.71002 1.04292 -2.029
v 1.71002 0.99604 -2.339
v 1.71002 1.04292 -2.33896
v 1.72559 1.04292 -2.029
v 1.72559 1.0351 -1.73459
v 1.72559 1.04292 -1.73459
v 1.72559 1.0351 -2.029
v 1.72559 1.04292 -2.3234
v 1.72559 1.0351 -2.3234
v 1.75951 0.99604 -1.6695
v 1.75951 1.04292 -1.66954
v 2.06794 1.04292 -1.66954
v 2.06794 0.99604 -1.6695
v 2.4358 1.04292 -1.66954
v 2.4358 0.99604 -1.6695
v 1.77508 1.04292 -1.6851
v 1.77508 1.0351 -1.6851
v 2.06794 1.0351 -1.6851
v 2.06794 1.04292 -1.6851
v 2.42279 1.0351 -1.6851
v 2.42279 1.04292 -1.6851
v 1.72174 0.97484 -2.029
v 1.72174 0.99604 -1.73071
v 1.72174 0.97484 -1.73071
v 1.72174 0.99604 -2.029
v 1.72174 0.97484 -2.32728
v 1.72174 0.99604 -2.32728
v 1.77123 0.97484 -1.68122
v 1.77123 0.99604 -1.68122
v 2.06794 0.99604 -1.68122
v 2.06794 0.97484 -1.68122
v 2.4358 0.99604 -1.68134
v 2.4358 0.97484 -1.68122
v 1.7331 0.97484 -2.029
v 1.7331 0.97484 -1.74206
v 1.7331 0.92752 -1.7421
v 1.7331 0.92752 -2.029
v 1.7331 0.97484 -2.31592
v 1.7331 0.92752 -2.31589
v 1.78259 0.97484 -1.69257
v 2.06794 0.92752 -1.69261
v 1.78259 0.92752 -1.69261
v 2.06794 0.97484 -1.69257
v 2.4358 0.92752 -1.69261
v 2.4358 0.97484 -1.69251
v 1.75887 1.0351 -2.029
v 1.90177 0.8552 -1.91718
v 1.75887 1.0351 -1.77428
v 1.90177 0.8552 -2.029
v 1.75887 1.0351 -2.28346
v 1.90177 0.8552 -2.14056
v 1.80836 1.0351 -1.72479
v 1.95126 0.8552 -1.86769
v 2.06794 0.8552 -1.86769
v 2.06794 1.0351 -1.72479
v 2.22437 0.8552 -1.86769
v 2.31771 1.0351 -1.72479
v 2.06794 0.82295 -1.90236
v 1.94264 0.82295 -1.90236
v 1.79497 0.92752 -1.75448
v 2.06794 0.92752 -1.75448
v 2.31771 0.92752 -1.75448
v 2.2196 0.82295 -1.90236
v 1.79497 0.92752 -1.75448
v 1.94264 0.82295 -1.90236
v 1.94264 0.82295 -2.0292
v 1.79497 0.92752 -2.029
v 1.79497 0.92752 -2.30351
v 1.94264 0.82295 -2.15603
v 2.06794 0.99604 -1.68122
v 2.4358 0.99604 -1.6695
v 2.4358 0.99604 -1.68134
v 2.06794 0.99604 -1.6695
v 1.77123 0.99604 -1.68122
v 1.75951 0.99604 -1.6695
v 1.72174 0.99604 -1.73071
v 1.71002 0.99604 -1.71899
v 1.72174 0.99604 -2.029
v 1.71002 0.99604 -2.029
v 1.72174 0.99604 -2.32728
v 1.71002 0.99604 -2.339
v 1.77123 0.99604 -2.37677
v 1.75951 0.99604 -2.38849
v 2.06794 0.99604 -2.38849
v 2.06794 0.99604 -2.37677
v 2.4358 0.99604 -2.37667
v 2.4358 0.99604 -2.38849
v 2.06794 0.97484 -1.69257
v 2.4358 0.97484 -1.68122
v 2.4358 0.97484 -1.69251
v 2.06794 0.97484 -1.68122
v 1.78259 0.97484 -1.69257
v 1.77123 0.97484 -1.68122
v 1.7331 0.97484 -1.74206
v 1.72174 0.97484 -1.73071
v 1.7331 0.97484 -2.029
v 1.72174 0.97484 -2.029
v 1.7331 0.97484 -2.31592
v 1.72174 0.97484 -2.32728
v 1.78259 0.97484 -2.36542
v 1.77123 0.97484 -2.37677
v 2.06794 0.97484 -2.37677
v 2.06794 0.97484 -2.36542
v 2.4358 0.97484 -2.36581
v 2.4358 0.97484 -2.37677
v 1.77508 1.04292 -2.37289
v 1.77508 1.0351 -2.37289
v 1.72559 1.0351 -2.3234
v 1.72559 1.04292 -2.3234
v 1.77123 0.97484 -2.37677
v 1.77123 0.99604 -2.37677
v 1.72174 0.99604 -2.32728
v 1.72174 0.97484 -2.32728
v 1.95126 0.8552 -2.19005
v 1.90177 0.8552 -2.029
v 1.90177 0.8552 -2.14056
v 1.95126 0.8552 -2.029
v 1.90177 0.8552 -1.91718
v 1.95126 0.8552 -1.86769
v 2.03233 0.8552 -2.029
v 2.03692 0.8552 -2.01186
v 2.03692 0.8552 -2.04613
v 2.03544 0.8552 -2.111
v 2.06794 0.8552 -2.19005
v 2.07691 0.8552 -2.114
v 2.22437 0.8552 -2.19005
v 2.04947 0.8552 -2.05867
v 2.04268 0.84605 -2.029
v 2.04589 0.84605 -2.04095
v 2.04589 0.84605 -2.01704
v 2.05464 0.84605 -2.04971
v 2.05464 0.84605 -2.00828
v 2.0666 0.8552 -2.06327
v 2.0666 0.84605 -2.05291
v 2.04947 0.8552 -1.99931
v 2.0666 0.84605 -2.00508
v 2.12321 0.8552 -2.111
v 2.08374 0.8552 -2.05867
v 2.07856 0.84605 -2.04971
v 2.09628 0.8552 -2.04613
v 2.22437 0.8552 -2.029
v 2.08732 0.84605 -2.04095
v 2.10087 0.8552 -2.029
v 2.09052 0.84605 -2.029
v 2.22437 0.8552 -1.86769
v 2.09628 0.8552 -2.01186
v 2.08732 0.84605 -2.01704
v 2.12321 0.8552 -1.94699
v 2.06794 0.8552 -1.86769
v 2.08374 0.8552 -1.99931
v 2.07856 0.84605 -2.00828
v 2.07691 0.8552 -1.94399
v 2.0666 0.8552 -1.99472
v 2.03544 0.8552 -1.94699
v 2.42279 1.04292 -1.6851
v 2.42279 1.0351 -1.6851
v 2.42279 1.0351 -2.029
v 2.42279 1.04292 -2.029
v 2.42279 1.0351 -2.37289
v 2.42279 1.04292 -2.37289
v 2.06794 1.0351 -2.37289
v 1.77508 1.0351 -2.37289
v 1.77508 1.04292 -2.37289
v 2.06794 1.04292 -2.37289
v 2.42279 1.04292 -2.37289
v 2.42279 1.0351 -2.37289
v 2.4358 0.97484 -1.68122
v 2.4358 0.99604 -1.68134
v 2.4358 0.97484 -1.69251
v 2.4358 0.97484 -2.029
v 2.4358 0.92752 -2.029
v 2.4358 0.92752 -1.69261
v 2.4358 0.97484 -2.36581
v 2.4358 0.92752 -2.36538
v 2.4358 0.99604 -2.37667
v 2.4358 0.97484 -2.37677
v 2.4358 0.99604 -2.029
v 2.4358 1.04292 -1.66954
v 2.4358 0.99604 -1.6695
v 2.4358 1.04292 -2.029
v 2.4358 1.04292 -2.38845
v 2.4358 0.99604 -2.38849
v 2.06794 0.8552 -2.19005
v 1.95126 0.8552 -2.19005
v 1.80836 1.0351 -2.33295
v 2.06794 1.0351 -2.33295
v 2.31771 1.0351 -2.33295
v 2.22437 0.8552 -2.19005
v 2.06794 1.04292 -2.38845
v 1.75951 1.04292 -2.38845
v 1.75951 0.99604 -2.38849
v 2.06794 0.99604 -2.38849
v 2.4358 0.99604 -2.38849
v 2.4358 1.04292 -2.38845
v 1.79497 0.92752 -2.30351
v 1.94264 0.82295 -2.15603
v 2.06794 0.82295 -2.15603
v 2.06794 0.92752 -2.30351
v 2.2196 0.82295 -2.15603
v 2.31771 0.92752 -2.30351
v 2.06794 0.99604 -2.37677
v 1.77123 0.99604 -2.37677
v 1.77123 0.97484 -2.37677
v 2.06794 0.97484 -2.37677
v 2.4358 0.97484 -2.37677
v 2.4358 0.99604 -2.37667
v 2.2196 0.82295 -2.0292
v 2.2196 0.82295 -1.90236
v 2.31771 0.92752 -1.75448
v 2.31771 0.92752 -2.029
v 2.31771 0.92752 -2.30351
v 2.2196 0.82295 -2.15603
v 2.06794 0.97484 -2.36542
v 1.78259 0.97484 -2.36542
v 1.78259 0.92752 -2.36538
v 2.06794 0.92752 -2.36538
v 2.4358 0.92752 -2.36538
v 2.4358 0.97484 -2.36581
v 2.22437 0.8552 -2.19005
v 2.31771 1.0351 -2.33295
v 2.31771 1.0351 -2.029
v 2.22437 0.8552 -2.029
v 2.31771 1.0351 -1.72479
v 2.22437 0.8552 -1.86769
v 1.94264 0.82295 -2.0292
v 1.94264 0.82295 -1.90236
v 2.06794 0.82295 -1.90236
v 2.06794 0.82295 -2.0292
v 2.2196 0.82295 -1.90236
v 2.2196 0.82295 -2.0292
v 2.2196 0.82295 -2.15603
v 2.06794 0.82295 -2.15603
v 1.94264 0.82295 -2.15603
v 1.8657 -0.003 -2.1905
v 1.8657 0.02989 -2.1905
v 1.86371 0.02989 -2.18573
v 1.86371 -0.003 -2.18573
v 1.86345 0.02989 -1.87251
v 1.86538 0.03394 -2.18503
v 1.86513 0.03394 -1.87318
v 1.86705 0.03394 -1.86839
v 1.86345 -0.003 -1.87251
v 1.86537 0.02989 -1.86771
v 1.86537 -0.003 -1.86771
v 2.31047 -0.003 -2.18573
v 2.30848 0.02989 -2.1905
v 2.30848 -0.003 -2.1905
v 2.31047 0.02989 -2.18573
v 2.3068 0.03394 -2.1898
v 2.30879 0.03394 -2.18503
v 2.31047 -0.003 -1.87226
v 2.30879 0.03394 -1.87296
v 2.31047 0.02989 -1.87226
v 2.30848 -0.003 -1.86749
v 2.30848 0.02989 -1.86749
v 2.3068 0.03394 -1.86819
v 2.24793 -0.003 -2.2505
v 2.24315 0.02989 -2.25246
v 2.24315 -0.003 -2.25246
v 2.24793 0.02989 -2.2505
v 2.30848 -0.003 -2.1905
v 2.24246 0.03394 -2.25078
v 2.30848 0.02989 -2.1905
v 2.24724 0.03394 -2.24882
v 2.3068 0.03394 -2.1898
v 1.97387 0.24531 -2.10029
v 1.97 0.21953 -2.10356
v 1.97241 0.21953 -2.1094
v 1.97 0.21953 -1.95448
v 1.96048 0.19542 -1.94676
v 1.96048 0.19542 -2.11128
v 1.97387 0.24531 -1.95775
v 2.00906 0.66795 -1.98468
v 2.00906 0.66795 -2.07331
v 2.00858 0.6963 -2.07402
v 2.01124 0.66795 -2.07856
v 2.00858 0.6963 -1.98397
v 2.00392 0.724 -2.07879
v 2.00392 0.724 -1.9792
v 1.99524 0.75005 -2.08745
v 1.97628 0.24527 -1.95194
v 1.9724 0.21951 -1.94864
v 2.01124 0.66795 -1.97943
v 2.01076 0.6963 -1.97871
v 2.0061 0.724 -1.9739
v 1.96286 0.19541 -1.94085
v 1.99741 0.75005 -1.96518
v 1.94586 0.17431 -1.93501
v 1.94818 0.17429 -1.92902
v 1.99524 0.75005 -1.97054
v 1.98333 0.80769 -1.9487
v 1.98133 0.80769 -1.95351
v 1.98339 0.82434 -1.94864
v 1.98133 0.80769 -2.10448
v 1.98133 0.82434 -1.95361
v 1.98133 0.82434 -2.10438
v 1.88512 0.05553 -1.88225
v 1.88701 0.05553 -1.87734
v 1.88336 0.05197 -1.88072
v 1.88528 0.05197 -1.87588
v 1.88509 0.05548 -2.17576
v 1.88275 0.04789 -1.88019
v 1.88466 0.04789 -1.87539
v 1.88275 0.03562 -1.88019
v 1.88466 0.03562 -1.87539
v 1.88275 0.03562 -2.17778
v 1.88335 0.05194 -2.17726
v 1.88275 0.04783 -2.17778
v 1.88474 0.03562 -2.18255
v 1.88474 0.04783 -2.18255
v 1.88535 0.05194 -2.18206
v 1.88706 0.05548 -2.18063
v 1.94586 0.17431 -2.12302
v 1.94823 0.17431 -2.12899
v 1.96288 0.19542 -2.11717
v 1.97 0.21953 -2.10356
v 1.96048 0.19542 -2.11128
v 1.96288 0.19542 -2.11717
v 1.97241 0.21953 -2.1094
v 1.97387 0.24531 -2.10029
v 1.97628 0.24531 -2.1061
v 2.00906 0.66795 -2.07331
v 2.01124 0.66795 -2.07856
v 2.00858 0.6963 -2.07402
v 2.01076 0.6963 -2.07928
v 2.00392 0.724 -2.07879
v 2.0061 0.724 -2.08409
v 1.99524 0.75005 -2.08745
v 1.99741 0.75005 -2.09281
v 1.98133 0.80769 -2.10448
v 1.98333 0.80769 -2.10929
v 1.98133 0.82434 -2.10438
v 1.98339 0.82434 -2.10935
v 2.00999 0.2448 -1.91819
v 2.03752 0.66795 -1.95315
v 2.04278 0.66795 -1.95097
v 1.97628 0.24527 -1.95194
v 2.0066 0.21925 -1.9143
v 2.01124 0.66795 -1.97943
v 2.01076 0.6963 -1.97871
v 1.9724 0.21951 -1.94864
v 1.99851 0.1952 -1.90467
v 1.96286 0.19541 -1.94085
v 1.9862 0.17397 -1.88987
v 1.94818 0.17429 -1.92902
v 1.88701 0.05553 -1.87734
v 2.0061 0.724 -1.9739
v 2.0368 0.6963 -1.95267
v 2.03199 0.724 -1.948
v 2.03729 0.724 -1.94582
v 2.02864 0.75005 -1.93714
v 1.99741 0.75005 -1.96518
v 2.02327 0.75005 -1.93931
v 2.00679 0.80769 -1.92524
v 1.98333 0.80769 -1.9487
v 2.00681 0.82434 -1.92522
v 1.98339 0.82434 -1.94864
v 2.16929 0.1954 -1.9024
v 2.16161 0.21951 -1.91193
v 2.16745 0.21952 -1.91434
v 2.17518 0.19541 -1.9048
v 2.21129 0.19542 -1.94087
v 2.22595 0.17431 -1.92905
v 2.18694 0.17429 -1.89013
v 2.20177 0.21953 -1.94865
v 2.16417 0.24529 -1.91821
v 2.19789 0.24531 -1.95194
v 2.16294 0.66795 -1.97943
v 2.13665 0.66795 -1.95315
v 2.13737 0.6963 -1.95267
v 2.16341 0.6963 -1.97871
v 2.14218 0.724 -1.948
v 2.16808 0.724 -1.9739
v 2.1509 0.75005 -1.93931
v 2.17677 0.75005 -1.96518
v 2.19085 0.80769 -1.9487
v 2.16161 0.21951 -1.91193
v 2.16417 0.24529 -1.91821
v 2.16745 0.21952 -1.91434
v 2.15835 0.24528 -1.9158
v 2.13665 0.66795 -1.95315
v 2.1314 0.66795 -1.95097
v 2.13737 0.6963 -1.95267
v 2.0158 0.24478 -1.91579
v 2.13211 0.6963 -1.95049
v 2.14218 0.724 -1.948
v 2.01244 0.21924 -1.91189
v 2.16929 0.1954 -1.9024
v 2.13689 0.724 -1.94582
v 2.1509 0.75005 -1.93931
v 2.04206 0.6963 -1.95049
v 2.04278 0.66795 -1.95097
v 2.00999 0.2448 -1.91819
v 2.0066 0.21925 -1.9143
v 1.99851 0.1952 -1.90467
v 2.03752 0.66795 -1.95315
v 2.0044 0.19519 -1.90226
v 1.9862 0.17397 -1.88987
v 2.0368 0.6963 -1.95267
v 2.01076 0.6963 -1.97871
v 2.03729 0.724 -1.94582
v 2.02864 0.75005 -1.93714
v 2.18099 0.17428 -1.88776
v 2.17518 0.19541 -1.9048
v 2.18694 0.17429 -1.89013
v 1.99217 0.17396 -1.88748
v 1.93271 0.05547 -1.829
v 1.88701 0.05553 -1.87734
v 1.93756 0.05547 -1.82699
v 1.93123 0.05194 -1.82731
v 1.88528 0.05197 -1.87588
v 2.23328 0.05549 -1.827
v 1.93601 0.05194 -1.82526
v 1.93072 0.04783 -1.8267
v 2.23816 0.05549 -1.82894
v 2.22595 0.17431 -1.92905
v 2.28712 0.05548 -1.87736
v 2.28883 0.05194 -1.87593
v 2.23959 0.05194 -1.82723
v 2.23478 0.05194 -1.82526
v 2.23529 0.04783 -1.82465
v 2.24007 0.04783 -1.82662
v 1.93547 0.04782 -1.82465
v 1.93073 0.03562 -1.8267
v 1.93547 0.03562 -1.82465
v 2.23529 0.03562 -1.82465
v 2.24007 0.03562 -1.82662
v 2.03199 0.724 -1.948
v 2.02327 0.75005 -1.93931
v 2.01161 0.80769 -1.92324
v 2.00679 0.80769 -1.92524
v 2.01158 0.82434 -1.92324
v 2.00681 0.82434 -1.92522
v 2.16259 0.82434 -1.92324
v 2.16257 0.80769 -1.92324
v 2.16737 0.82434 -1.92522
v 2.14554 0.75005 -1.93714
v 2.16738 0.80769 -1.92524
v 2.19078 0.82434 -1.94864
v 2.19085 0.80769 -1.9487
v 2.16738 0.80769 -2.13275
v 2.16737 0.82434 -2.13277
v 2.16259 0.82434 -2.13475
v 2.16257 0.80769 -2.13475
v 2.1509 0.75005 -2.11868
v 2.01158 0.82434 -2.13475
v 2.14554 0.75005 -2.12085
v 2.14218 0.724 -2.10999
v 2.01161 0.80769 -2.13475
v 2.00681 0.82434 -2.13277
v 2.00679 0.80769 -2.13275
v 1.98339 0.82434 -2.10935
v 1.98333 0.80769 -2.10929
v 2.02864 0.75005 -2.12085
v 2.02327 0.75005 -2.11868
v 1.99741 0.75005 -2.09281
v 2.0061 0.724 -2.08409
v 2.13689 0.724 -2.11217
v 2.13737 0.6963 -2.10532
v 2.03729 0.724 -2.11217
v 2.03199 0.724 -2.10999
v 2.01076 0.6963 -2.07928
v 2.13211 0.6963 -2.1075
v 2.13665 0.66795 -2.10484
v 2.04206 0.6963 -2.1075
v 2.0368 0.6963 -2.10532
v 2.01124 0.66795 -2.07856
v 2.04278 0.66795 -2.10702
v 2.03752 0.66795 -2.10484
v 2.01001 0.24529 -2.13983
v 1.97628 0.24531 -2.1061
v 1.97241 0.21953 -2.1094
v 2.1314 0.66795 -2.10702
v 2.01582 0.24529 -2.14224
v 2.00673 0.21952 -2.1437
v 1.96288 0.19542 -2.11717
v 2.15835 0.24529 -2.14224
v 2.01256 0.21952 -2.14611
v 2.16417 0.24529 -2.13983
v 2.19789 0.24531 -2.1061
v 2.16294 0.66795 -2.07856
v 2.16745 0.21952 -2.1437
v 2.16161 0.21952 -2.14611
v 2.17518 0.19541 -2.15324
v 1.99899 0.19541 -2.15324
v 1.94823 0.17431 -2.12899
v 2.00488 0.19541 -2.15564
v 2.16929 0.19541 -2.15564
v 2.18694 0.17429 -2.16791
v 1.99319 0.17428 -2.17027
v 2.18097 0.17428 -2.17027
v 2.23816 0.05549 -2.22905
v 2.23328 0.05549 -2.23099
v 2.23959 0.05194 -2.23076
v 1.98724 0.17429 -2.16791
v 1.93602 0.05549 -2.22905
v 1.88706 0.05548 -2.18063
v 1.88535 0.05194 -2.18206
v 1.9409 0.05549 -2.23099
v 2.23478 0.05194 -2.23273
v 2.24007 0.04783 -2.23137
v 1.9394 0.05194 -2.23273
v 1.93459 0.05194 -2.23076
v 1.88474 0.04783 -2.18255
v 1.93889 0.04783 -2.23334
v 2.23529 0.04783 -2.23334
v 2.24007 0.03562 -2.23137
v 2.28944 0.03562 -2.18255
v 2.23529 0.03562 -2.23334
v 1.93888 0.03562 -2.23334
v 1.9341 0.04783 -2.23137
v 1.93411 0.03562 -2.23137
v 1.88474 0.03562 -2.18255
v 2.19085 0.80769 -1.9487
v 2.19078 0.82434 -1.94864
v 2.19284 0.82434 -1.95361
v 2.19284 0.80769 -1.95351
v 2.17677 0.75005 -1.96518
v 2.19284 0.82434 -2.10438
v 2.17894 0.75005 -1.97054
v 2.16808 0.724 -1.9739
v 2.19284 0.80769 -2.10448
v 2.19078 0.82434 -2.10935
v 2.19085 0.80769 -2.10929
v 2.17894 0.75005 -2.08745
v 2.17677 0.75005 -2.09281
v 2.17026 0.724 -2.07879
v 2.16808 0.724 -2.08409
v 2.17026 0.724 -1.9792
v 2.16341 0.6963 -1.97871
v 2.16559 0.6963 -2.07402
v 2.16341 0.6963 -2.07928
v 2.16559 0.6963 -1.98397
v 2.16294 0.66795 -1.97943
v 2.16511 0.66795 -2.07331
v 2.16294 0.66795 -2.07856
v 2.16511 0.66795 -1.98468
v 2.19789 0.24531 -1.95194
v 2.2003 0.24531 -1.95775
v 2.20177 0.21953 -1.94865
v 2.2003 0.24531 -2.10029
v 2.19789 0.24531 -2.1061
v 2.20418 0.21953 -2.10356
v 2.20177 0.21953 -2.1094
v 2.20418 0.21953 -1.95448
v 2.21129 0.19542 -1.94087
v 2.21369 0.19542 -2.11128
v 2.21129 0.19542 -2.11717
v 2.21369 0.19542 -1.94676
v 2.22595 0.17431 -1.92905
v 2.22832 0.17431 -2.12303
v 2.22595 0.17431 -2.12899
v 2.22832 0.17431 -1.93502
v 2.28712 0.05548 -1.87736
v 2.28908 0.05548 -1.88223
v 2.28883 0.05194 -1.87593
v 2.28908 0.05548 -2.17576
v 2.28712 0.05548 -2.18063
v 2.29082 0.05194 -2.17726
v 2.28883 0.05194 -2.18206
v 2.29082 0.05194 -1.88073
v 2.28944 0.04783 -1.87544
v 2.29143 0.04783 -2.17778
v 2.28944 0.04783 -2.18255
v 2.29143 0.04783 -1.88021
v 2.28944 0.03562 -1.87544
v 2.29143 0.03562 -1.88021
v 2.29143 0.03562 -2.17778
v 2.28944 0.03562 -2.18255
v 1.88335 0.05194 -2.17726
v 1.88275 0.04783 -2.17778
v 1.88474 0.04783 -2.18255
v 1.88535 0.05194 -2.18206
v 1.86538 0.03394 -2.18503
v 1.86371 0.02989 -2.18573
v 1.8657 0.02989 -2.1905
v 1.86738 0.03394 -2.1898
v 1.92807 0.03394 -1.80747
v 1.9226 0.02989 -1.80782
v 1.92332 0.03394 -1.8095
v 1.92735 0.02989 -1.80579
v 1.9226 -0.003 -1.80782
v 1.92735 -0.003 -1.80579
v 2.24315 0.02989 -1.80553
v 2.24246 0.03394 -1.80721
v 2.24724 0.03394 -1.80917
v 2.24315 -0.003 -1.80553
v 2.24793 0.02989 -1.80749
v 2.24793 -0.003 -1.80749
v 2.30848 0.02989 -1.86749
v 2.30848 -0.003 -1.86749
v 2.16737 0.82434 -1.92522
v 2.16259 0.82434 -1.92324
v 2.01158 0.82434 -1.92324
v 2.00681 0.82434 -1.92522
v 2.19078 0.82434 -1.94864
v 1.98339 0.82434 -1.94864
v 1.98133 0.82434 -1.95361
v 2.19284 0.82434 -1.95361
v 2.19284 0.82434 -2.10438
v 1.98133 0.82434 -2.10438
v 1.98339 0.82434 -2.10935
v 2.19078 0.82434 -2.10935
v 2.16737 0.82434 -2.13277
v 2.00681 0.82434 -2.13277
v 2.01158 0.82434 -2.13475
v 2.16259 0.82434 -2.13475
v 2.16745 0.21952 -2.1437
v 2.19789 0.24531 -2.1061
v 2.16417 0.24529 -2.13983
v 2.20177 0.21953 -2.1094
v 2.17518 0.19541 -2.15324
v 2.21129 0.19542 -2.11717
v 2.18694 0.17429 -2.16791
v 2.22595 0.17431 -2.12899
v 2.28712 0.05548 -2.18063
v 2.23816 0.05549 -2.22905
v 2.23959 0.05194 -2.23076
v 2.28883 0.05194 -2.18206
v 2.24007 0.04783 -2.23137
v 2.28944 0.04783 -2.18255
v 2.28944 0.03562 -2.18255
v 2.16341 0.6963 -2.07928
v 2.13665 0.66795 -2.10484
v 2.16294 0.66795 -2.07856
v 2.13737 0.6963 -2.10532
v 2.16808 0.724 -2.08409
v 2.14218 0.724 -2.10999
v 2.17677 0.75005 -2.09281
v 2.1509 0.75005 -2.11868
v 2.16738 0.80769 -2.13275
v 2.19085 0.80769 -2.10929
v 2.16737 0.82434 -2.13277
v 2.19078 0.82434 -2.10935
v 1.92694 0.03394 -2.24882
v 1.86738 0.03394 -2.1898
v 1.8657 0.02989 -2.1905
v 1.92625 0.02989 -2.2505
v 1.92625 -0.003 -2.2505
v 1.8657 -0.003 -2.1905
v 1.93103 -0.003 -2.25246
v 1.93103 0.02989 -2.25246
v 1.93172 0.03394 -2.25078
v 2.24315 -0.003 -2.25246
v 2.24246 0.03394 -2.25078
v 2.24315 0.02989 -2.25246
v 1.93072 0.04783 -1.8267
v 1.93073 0.03562 -1.8267
v 1.88466 0.03562 -1.87539
v 1.88466 0.04789 -1.87539
v 1.88528 0.05197 -1.87588
v 1.93123 0.05194 -1.82731
v 2.28944 0.04783 -1.87544
v 2.28944 0.03562 -1.87544
v 2.24007 0.03562 -1.82662
v 2.24007 0.04783 -1.82662
v 2.23959 0.05194 -1.82723
v 2.28883 0.05194 -1.87593
v 1.9226 0.02989 -1.80782
v 1.9226 -0.003 -1.80782
v 1.86537 -0.003 -1.86771
v 1.86537 0.02989 -1.86771
v 1.86705 0.03394 -1.86839
v 1.92332 0.03394 -1.8095
v 2.24724 0.03394 -1.80917
v 2.3068 0.03394 -1.86819
v 2.30848 0.02989 -1.86749
v 2.24793 0.02989 -1.80749
v 1.77508 1.04292 -1.6851
v 1.75951 1.04292 -1.66954
v 1.71002 1.04292 -1.71902
v 2.06794 1.04292 -1.66954
v 1.72559 1.04292 -1.73459
v 2.06794 1.04292 -1.6851
v 1.71002 1.04292 -2.029
v 1.72559 1.04292 -2.029
v 2.42279 1.04292 -1.6851
v 2.4358 1.04292 -1.66954
v 2.4358 1.04292 -2.029
v 2.42279 1.04292 -2.029
v 2.4358 1.04292 -2.38845
v 2.42279 1.04292 -2.37289
v 2.06794 1.04292 -2.38845
v 2.06794 1.04292 -2.37289
v 1.72559 1.04292 -2.3234
v 1.71002 1.04292 -2.33896
v 1.75951 1.04292 -2.38845
v 1.77508 1.04292 -2.37289
v 1.75887 1.0351 -1.77428
v 1.72559 1.0351 -2.029
v 1.75887 1.0351 -2.029
v 1.75887 1.0351 -2.28346
v 1.72559 1.0351 -1.73459
v 1.72559 1.0351 -2.3234
v 1.80836 1.0351 -1.72479
v 1.77508 1.0351 -1.6851
v 1.77508 1.0351 -2.37289
v 1.80836 1.0351 -2.33295
v 2.06794 1.0351 -2.33295
v 2.06794 1.0351 -2.37289
v 2.31771 1.0351 -2.33295
v 2.42279 1.0351 -2.37289
v 2.31771 1.0351 -2.029
v 2.42279 1.0351 -2.029
v 2.06794 1.0351 -1.6851
v 2.06794 1.0351 -1.72479
v 2.31771 1.0351 -1.72479
v 2.42279 1.0351 -1.6851
v 1.93888 -0.003 -2.23334
v 1.93103 -0.003 -2.25246
v 1.92625 -0.003 -2.2505
v 2.24315 -0.003 -2.25246
v 1.93411 -0.003 -2.23137
v 1.88326 -0.003 -2.18316
v 1.8657 -0.003 -2.1905
v 1.86371 -0.003 -2.18573
v 2.23529 -0.003 -2.23334
v 2.24007 -0.003 -2.23137
v 2.24793 -0.003 -2.2505
v 2.29091 -0.003 -2.18316
v 2.30848 -0.003 -2.1905
v 1.88223 -0.003 -2.178
v 1.86345 -0.003 -1.87251
v 2.29195 -0.003 -2.178
v 2.31047 -0.003 -2.18573
v 2.29195 -0.003 -1.87999
v 2.31047 -0.003 -1.87226
v 1.88225 -0.003 -1.87999
v 1.86537 -0.003 -1.86771
v 1.88324 -0.003 -1.87483
v 1.9226 -0.003 -1.80782
v 2.29091 -0.003 -1.87483
v 2.30848 -0.003 -1.86749
v 2.24793 -0.003 -1.80749
v 2.24007 -0.003 -1.82662
v 2.23529 -0.003 -1.82465
v 2.24315 -0.003 -1.80553
v 1.92735 -0.003 -1.80579
v 1.93073 -0.003 -1.8267
v 1.93547 -0.003 -1.82465
v 1.86944 0.03562 -2.18334
v 1.86538 0.03394 -2.18503
v 1.86738 0.03394 -2.1898
v 1.86513 0.03394 -1.87318
v 1.87143 0.03562 -2.1881
v 1.92861 0.03562 -2.24476
v 1.92694 0.03394 -2.24882
v 1.93172 0.03394 -2.25078
v 1.88275 0.03562 -2.17778
v 1.88474 0.03562 -2.18255
v 1.88275 0.03562 -1.88019
v 1.93411 0.03562 -2.23137
v 1.86919 0.03562 -1.87481
v 1.88466 0.03562 -1.87539
v 1.93339 0.03562 -2.24673
v 1.93888 0.03562 -2.23334
v 1.87111 0.03562 -1.87001
v 1.86705 0.03394 -1.86839
v 1.93073 0.03562 -1.8267
v 1.92332 0.03394 -1.8095
v 2.24079 0.03562 -2.24673
v 2.24246 0.03394 -2.25078
v 2.23529 0.03562 -2.23334
v 2.24724 0.03394 -2.24882
v 1.92505 0.03562 -1.81356
v 1.93547 0.03562 -1.82465
v 2.24557 0.03562 -2.24476
v 2.24007 0.03562 -2.23137
v 1.9298 0.03562 -1.81152
v 1.92807 0.03394 -1.80747
v 2.23529 0.03562 -1.82465
v 2.24246 0.03394 -1.80721
v 2.30274 0.03562 -2.18811
v 2.3068 0.03394 -2.1898
v 2.28944 0.03562 -2.18255
v 2.30879 0.03394 -2.18503
v 2.24079 0.03562 -1.81127
v 2.24007 0.03562 -1.82662
v 2.30473 0.03562 -2.18334
v 2.29143 0.03562 -2.17778
v 2.24557 0.03562 -1.81323
v 2.24724 0.03394 -1.80917
v 2.28944 0.03562 -1.87544
v 2.3068 0.03394 -1.86819
v 2.30473 0.03562 -1.87465
v 2.30879 0.03394 -1.87296
v 2.29143 0.03562 -1.88021
v 2.30274 0.03562 -1.86988
v 1.79497 0.92752 -1.75448
v 1.7331 0.92752 -1.7421
v 1.78259 0.92752 -1.69261
v 2.06794 0.92752 -1.69261
v 2.06794 0.92752 -1.75448
v 2.4358 0.92752 -1.69261
v 2.31771 0.92752 -1.75448
v 2.4358 0.92752 -2.029
v 2.31771 0.92752 -2.029
v 2.4358 0.92752 -2.36538
v 2.31771 0.92752 -2.30351
v 2.06794 0.92752 -2.36538
v 2.06794 0.92752 -2.30351
v 1.79497 0.92752 -2.30351
v 1.78259 0.92752 -2.36538
v 1.7331 0.92752 -2.31589
v 1.76562 0.92752 -1.75448
v 1.79497 0.92752 -2.029
v 1.76564 0.92752 -2.029
v 1.7331 0.92752 -2.029
v 1.76565 0.92752 -2.30351
v 2.0666 0.84605 -2.029
v 2.05464 0.84605 -2.00828
v 2.04589 0.84605 -2.01704
v 2.04268 0.84605 -2.029
v 2.0666 0.84605 -2.00508
v 2.04589 0.84605 -2.04095
v 2.07856 0.84605 -2.00828
v 2.05464 0.84605 -2.04971
v 2.08732 0.84605 -2.01704
v 2.0666 0.84605 -2.05291
v 2.09052 0.84605 -2.029
v 2.07856 0.84605 -2.04971
v 2.08732 0.84605 -2.04095
v 2.2996 1.0021 -2.029
v 2.30461 1.01158 -2.0228
v 2.3025 1.00758 -2.01827
v 2.30539 1.01305 -2.029
v 2.2996 1.0021 -2.01661
v 2.30461 1.01158 -2.03519
v 2.29671 0.99663 -2.01827
v 2.3025 1.00758 -2.03972
v 2.29459 0.99262 -2.0228
v 2.2996 1.0021 -2.04138
v 2.29381 0.99115 -2.029
v 2.29671 0.99663 -2.03972
v 2.29459 0.99262 -2.03519
vn 1.563597 -0.003 -1.808058
vn 1.608027 -0.003 -1.722017
vn 1.51965 -0.003 -2.029
vn 1.962087 -0.2582096 -2.529
vn 1.681961 -0.04430616 -2.428212
vn 1.789704 0.1594666 -2.489985
vn 1.962087 -0.2582096 -2.529
vn 1.789704 0.1594666 -2.489985
vn 2.097004 -0.003039558 -2.60635
vn 1.589479 0.2653235 -1.967697
vn 1.713513 -0.07782784 -1.603945
vn 1.575155 0.2382231 -1.975873
vn 1.827143 -0.5134023 -2.029012
vn 2.167024 -0.5208447 -2.274493
vn 1.863312 -0.4450427 -2.317655
vn 2.590228 -0.298366 -2.082093
vn 2.250993 -0.3620342 -2.454105
vn 2.579787 -0.3181342 -2.059663
vn 2.136307 -0.5790105 -2.029022
vn 2.575988 -0.3253409 -2.029026
vn 2.167027 -0.5208645 -1.78355
vn 2.579783 -0.3181449 -1.998381
vn 2.251009 -0.3620582 -1.603921
vn 2.590225 -0.2983802 -1.975962
vn 2.604525 -0.2713009 -2.090369
vn 2.296483 -0.3692402 -1.629741
vn 2.618855 -0.2441715 -2.08226
vn 2.67435 -0.003 -2.029
vn 2.67435 -0.003 -2.029
vn 2.585973 -0.003 -1.722016
vn 2.630402 -0.003 -1.808058
vn 2.630401 -0.003 -2.249944
vn 2.585971 -0.003 -2.335986
vn 2.67435 -0.003 -2.029
vn 2.67435 -0.003 -2.029
vn 2.505248 -0.003 -2.437249
vn 2.585971 -0.003 -2.335986
vn 2.630401 -0.003 -2.249944
vn 2.567735 -0.003 -2.363278
vn 2.317949 -0.003 -2.5624
vn 2.317949 -0.003 -2.5624
vn 2.585481 -0.003 -2.336765
vn 2.568267 -0.003 -2.362527
vn 2.630402 -0.003 -2.249944
vn 2.505248 -0.003 -2.437249
vn 2.317949 -0.003 -2.5624
vn 2.317949 -0.003 -2.5624
vn 2.097 -0.003 -2.60635
vn 2.097 -0.003 -2.60635
vn 1.876051 -0.003 -2.5624
vn 2.097 -0.003 -2.60635
vn 2.317949 -0.003 -2.5624
vn 2.317949 -0.003 -2.5624
vn 2.097 -0.003 -2.60635
vn 1.876051 -0.003 -2.5624
vn 1.876051 -0.003 -2.5624
vn 1.688752 -0.003 -2.437249
vn 1.626265 -0.003 -2.363278
vn 1.563599 -0.003 -2.249945
vn 1.608028 -0.003 -2.335986
vn 1.625732 -0.003 -2.362527
vn 1.608519 -0.003 -2.336766
vn 1.688752 -0.003 -2.437249
vn 1.563599 -0.003 -2.249945
vn 1.876051 -0.003 -2.5624
vn 1.876051 -0.003 -2.5624
vn 2.097 -0.003 -2.60635
vn 1.51965 -0.003 -2.029
vn 1.608028 -0.003 -2.335986
vn 1.563599 -0.003 -2.249945
vn 1.51965 -0.003 -2.029
vn 1.563597 -0.003 -1.808058
vn 1.688752 -0.003 -1.620751
vn 1.608027 -0.003 -1.722017
vn 1.563597 -0.003 -1.808058
vn 1.626263 -0.003 -1.694724
vn 1.876056 -0.003 -1.495598
vn 1.876056 -0.003 -1.495598
vn 1.608517 -0.003 -1.721237
vn 1.625731 -0.002999423 -1.695475
vn 1.563597 -0.003000577 -1.808058
vn 1.688752 -0.002997113 -1.620751
vn 1.876057 -0.002996536 -1.495598
vn 1.876057 -0.002996536 -1.495598
vn 2.097 -0.003 -1.45165
vn 2.097 -0.003 -1.45165
vn 2.097 -0.003 -1.45165
vn 1.876056 -0.003 -1.495598
vn 1.876056 -0.003 -1.495598
vn 2.097 -0.003 -1.45165
vn 2.317944 -0.003 -1.495598
vn 2.317944 -0.003 -1.495598
vn 2.505248 -0.003 -1.620751
vn 2.567736 -0.003 -1.694724
vn 2.630402 -0.003 -1.808058
vn 2.585973 -0.003 -1.722016
vn 2.568269 -0.003 -1.695475
vn 2.585483 -0.003 -1.721237
vn 2.505247 -0.003 -1.620751
vn 2.630402 -0.003 -1.808057
vn 2.317944 -0.003 -1.495598
vn 2.317944 -0.003 -1.495598
vn 2.097 -0.003 -1.45165
vn 2.097 -0.003 -1.45165
vn 1.544424 -0.003 -1.861689
vn 1.544424 -0.003 -1.861689
vn 1.51965 -0.003 -2.029
vn 1.51965 -0.003 -2.029
vn 1.544424 -0.003000577 -2.196313
vn 1.544424 -0.003000577 -2.196313
vn 1.863941 -0.003000577 -1.500779
vn 1.741735 -0.003001732 -1.573895
vn 1.741735 -0.003001732 -1.573895
vn 1.863943 -0.003000577 -1.500779
vn 2.096998 -0.003 -1.45165
vn 2.096998 -0.003 -1.45165
vn 2.330055 -0.002998268 -1.500778
vn 2.330056 -0.002998268 -1.500778
vn 2.452264 -0.002996536 -1.573895
vn 2.452264 -0.002996536 -1.573895
vn 2.67435 -0.003 -2.028999
vn 2.649576 -0.003 -1.861688
vn 2.649576 -0.003 -1.861688
vn 2.67435 -0.003 -2.028999
vn 2.649576 -0.003 -2.196312
vn 2.649576 -0.003 -2.196312
vn 2.330058 -0.003000577 -2.557221
vn 2.452266 -0.003 -2.484104
vn 2.452266 -0.003 -2.484104
vn 2.330058 -0.003000577 -2.557221
vn 2.096998 -0.003001732 -2.60635
vn 2.096998 -0.003001732 -2.60635
vn 1.863941 -0.003002309 -2.557221
vn 1.863941 -0.003002309 -2.557221
vn 1.74173 -0.003001732 -2.484101
vn 1.74173 -0.003001732 -2.484101
vn 1.608517 -0.003 -1.721237
vn 1.563597 -0.003000577 -1.808058
vn 1.51965 -0.003 -2.029
vn 1.51965 -0.003 -2.029
vn 1.563599 -0.003 -2.249945
vn 1.608519 -0.003 -2.336766
vn 2.67435 -0.003 -2.029
vn 2.630402 -0.003 -1.808057
vn 2.585483 -0.003 -1.721237
vn 2.67435 -0.003 -2.029
vn 2.585481 -0.003 -2.336765
vn 2.630402 -0.003 -2.249944
vn 2.097 -0.5803502 -2.029
vn 2.097 -0.5803502 -2.029
vn 2.097 -0.5803502 -2.029
vn 2.097 -0.5803502 -2.029
vn 2.097 -0.5803502 -2.029
vn 2.097 -0.5803502 -2.029
vn 2.097 0.5743501 -2.029
vn 2.097 0.5743501 -2.029
vn 2.097 0.5743501 -2.029
vn 2.097 0.5743501 -2.029
vn 2.097 0.5743501 -2.029
vn 2.097 0.5743501 -2.029
vn 1.723505 -0.003 -2.469267
vn 1.723505 -0.003 -2.469267
vn 1.723505 -0.003 -2.469267
vn 1.723505 -0.003 -2.469267
vn 1.723504 -0.003 -1.588734
vn 1.723504 -0.003 -1.588734
vn 1.723504 -0.003 -1.588734
vn 1.723504 -0.003 -1.588734
vn 2.097002 -0.5803502 -2.029004
vn 2.097003 -0.5803502 -2.029004
vn 2.097003 -0.5803502 -2.029004
vn 2.097002 -0.5803502 -2.029004
vn 2.097 -0.5803502 -2.029004
vn 2.097 -0.5803502 -2.029004
vn 2.096999 -0.5803502 -2.029001
vn 2.096999 -0.5803502 -2.029001
vn 2.097 -0.5803502 -2.029
vn 2.097 -0.5803502 -2.029
vn 2.384496 -0.002998268 -1.528321
vn 2.384496 -0.002998268 -1.528321
vn 2.384496 -0.002998268 -1.528321
vn 2.384496 -0.002998268 -1.528321
vn 2.096997 0.5743501 -2.028997
vn 2.096997 0.5743501 -2.028997
vn 2.096998 0.5743501 -2.028996
vn 2.096998 0.5743501 -2.028996
vn 2.097 0.5743501 -2.028996
vn 2.097 0.5743501 -2.028996
vn 2.097 0.5743501 -2.028999
vn 2.097 0.5743501 -2.028999
vn 2.097 0.5743501 -2.029
vn 2.097 0.5743501 -2.029
vn 1.80951 -0.003 -1.528318
vn 1.80951 -0.003 -1.528318
vn 1.80951 -0.003 -1.528318
vn 1.80951 -0.003 -1.528318
vn 2.097 -0.5803502 -2.029
vn 2.097 -0.5803502 -2.029
vn 2.097 -0.5803502 -2.029
vn 2.097 -0.5803502 -2.029
vn 2.097 -0.5803502 -2.029
vn 2.097 -0.5803502 -2.029
vn 2.470495 -0.003 -2.469267
vn 2.470495 -0.003 -2.469267
vn 2.470495 -0.003 -2.469267
vn 2.470495 -0.003 -2.469267
vn 2.097 0.5743501 -2.029
vn 2.097 0.5743501 -2.029
vn 2.097 0.5743501 -2.029
vn 2.097 0.5743501 -2.029
vn 2.097 0.5743501 -2.029
vn 2.097 0.5743501 -2.029
vn 2.470496 -0.003 -1.588734
vn 2.470496 -0.003 -1.588734
vn 2.470496 -0.003 -1.588734
vn 2.470496 -0.003 -1.588734
vn 2.097 -0.5803502 -2.029
vn 2.097 -0.5803502 -2.029
vn 2.097 -0.5803502 -2.029
vn 2.097 -0.5803502 -2.029
vn 2.097 -0.5803502 -2.029
vn 2.097 -0.5803502 -2.029
vn 2.097 -0.5803502 -2.029
vn 2.097 -0.5803502 -2.029
vn 2.097 -0.5803502 -2.029
vn 2.097 -0.5803502 -2.029
vn 1.809502 -0.002998268 -2.529678
vn 1.809502 -0.002998268 -2.529678
vn 1.809502 -0.002998268 -2.529678
vn 1.809502 -0.002998268 -2.529678
vn 2.097 0.5743501 -2.029
vn 2.097 0.5743501 -2.029
vn 2.097 0.5743501 -2.029
vn 2.097 0.5743501 -2.029
vn 2.097 0.5743501 -2.029
vn 2.097 0.5743501 -2.029
vn 2.097 0.5743501 -2.029
vn 2.097 0.5743501 -2.029
vn 2.097 0.5743501 -2.029
vn 2.097 0.5743501 -2.029
vn 2.384502 -0.003 -2.529676
vn 2.384502 -0.003 -2.529676
vn 2.384502 -0.003 -2.529676
vn 2.384502 -0.003 -2.529676
vn 1.863283 -0.4450353 -2.317643
vn 1.603114 -0.1934838 -2.25949
vn 1.681961 -0.04430616 -2.428212
vn 1.962087 -0.2582096 -2.529
vn 2.217587 -0.5184053 -2.259542
vn 2.296481 -0.3692508 -2.428251
vn 2.097004 -0.003039558 -2.60635
vn 2.404249 -0.1654549 -2.49002
vn 2.618868 -0.2441535 -1.97578
vn 2.604519 -0.2713178 -1.967656
vn 1.827139 -0.5134005 -2.028992
vn 1.574258 -0.2481016 -2.029017
vn 1.603114 -0.1934838 -2.25949
vn 1.863283 -0.4450353 -2.317643
vn 2.188773 -0.5730097 -2.029015
vn 2.217587 -0.5184053 -2.259542
vn 2.633223 -0.2170042 -2.029023
vn 2.629367 -0.2242925 -2.059799
vn 2.629383 -0.2242629 -1.998273
vn 2.296481 -0.3692508 -2.428251
vn 2.618868 -0.2441535 -1.97578
vn 1.863274 -0.4450177 -1.740338
vn 1.603093 -0.1934918 -1.79856
vn 1.574258 -0.2481016 -2.029017
vn 1.827139 -0.5134005 -2.028992
vn 2.330753 0.4389877 -1.740314
vn 1.976352 0.5124354 -1.798558
vn 1.897453 0.3633072 -1.629834
vn 2.231939 0.2522034 -1.529004
vn 1.789642 0.1594817 -1.568061
vn 1.589483 0.2653106 -2.090394
vn 1.575163 0.2382261 -2.082199
vn 2.366946 0.5073551 -2.029006
vn 1.976352 0.5124354 -1.798558
vn 2.330753 0.4389877 -1.740314
vn 2.005281 0.5670183 -2.028998
vn 2.330754 0.4389905 -2.317682
vn 1.976364 0.5124218 -2.259479
vn 1.560823 0.2111202 -2.029014
vn 1.564666 0.2183817 -2.059729
vn 1.575163 0.2382261 -2.082199
vn 1.897453 0.3633072 -1.629834
vn 2.231942 0.2522016 -2.528996
vn 1.897493 0.3632651 -2.428225
vn 1.976364 0.5124218 -2.259479
vn 2.097004 -0.003039558 -2.60635
vn 1.789704 0.1594666 -2.489985
vn 1.575155 0.2382231 -1.975873
vn 1.589479 0.2653235 -1.967697
vn 1.681961 -0.04430616 -2.428212
vn 1.603826 0.2924545 -1.975899
vn 2.231942 0.2522016 -2.528996
vn 1.976364 0.5124218 -2.259479
vn 2.330754 0.4389905 -2.317682
vn 2.511956 0.03834511 -2.428294
vn 2.590855 0.187494 -2.259548
vn 2.404249 -0.1654549 -2.49002
vn 2.097004 -0.003039558 -2.60635
vn 2.604519 -0.2713178 -1.967656
vn 2.590225 -0.2983802 -1.975962
vn 1.603114 -0.1934838 -2.25949
vn 1.603826 0.2924545 -1.975899
vn 1.681961 -0.04430616 -2.428212
vn 1.614378 0.3123884 -1.998342
vn 1.574258 -0.2481016 -2.029017
vn 1.618232 0.3196678 -2.029024
vn 1.603093 -0.1934918 -1.79856
vn 1.614368 0.3123624 -2.059763
vn 1.681909 -0.04432223 -1.629844
vn 1.603824 0.2924282 -2.082225
vn 1.789642 0.1594817 -1.568061
vn 1.589483 0.2653106 -2.090394
vn 1.603824 0.2924282 -2.082225
vn 1.681909 -0.04432223 -1.629844
vn 1.976364 0.5124218 -2.259479
vn 1.56466 0.2183731 -1.998309
vn 1.560823 0.2111202 -2.029014
vn 1.897493 0.3632651 -2.428225
vn 1.575155 0.2382231 -1.975873
vn 1.614378 0.3123884 -1.998342
vn 1.942969 0.3561023 -1.603967
vn 1.603826 0.2924545 -1.975899
vn 2.026966 0.5149198 -1.783668
vn 1.618232 0.3196678 -2.029024
vn 2.057757 0.5730149 -2.029024
vn 1.614368 0.3123624 -2.059763
vn 2.330788 0.4390136 -1.740382
vn 1.614368 0.3123624 -2.059763
vn 2.026973 0.5148873 -2.274402
vn 2.057757 0.5730149 -2.029024
vn 1.603824 0.2924282 -2.082225
vn 1.942982 0.3560629 -2.454072
vn 1.589483 0.2653106 -2.090394
vn 1.942982 0.3560629 -2.454072
vn 1.603824 0.2924282 -2.082225
vn 1.828258 0.1390682 -2.519844
vn 1.575163 0.2382261 -2.082199
vn 1.713542 -0.07782923 -2.454082
vn 2.231944 0.2521765 -2.529009
vn 2.330781 0.4389983 -2.317648
vn 2.026973 0.5148873 -2.274402
vn 2.096997 -0.003016487 -2.60635
vn 2.480428 0.07189877 -2.454096
vn 2.36572 -0.1451142 -2.519843
vn 1.962028 -0.2582438 -2.528967
vn 1.629546 -0.2367073 -2.274359
vn 1.564666 0.2183817 -2.059729
vn 1.713542 -0.07782923 -2.454082
vn 1.575163 0.2382261 -2.082199
vn 1.629546 -0.2367073 -2.274359
vn 1.560823 0.2111202 -2.029014
vn 1.598858 -0.2948705 -2.029012
vn 1.56466 0.2183731 -1.998309
vn 1.62954 -0.2367094 -1.783655
vn 1.575155 0.2382231 -1.975873
vn 1.713513 -0.07782784 -1.603945
vn 1.589479 0.2653235 -1.967697
vn 1.828252 0.1391214 -1.538175
vn 1.713513 -0.07782784 -1.603945
vn 1.962041 -0.2582793 -1.529048
vn 2.097043 -0.002994439 -1.45165
vn 1.8633 -0.4450577 -1.740378
vn 1.62954 -0.2367094 -1.783655
vn 2.167027 -0.5208645 -1.78355
vn 2.251009 -0.3620582 -1.603921
vn 2.365717 -0.1451072 -1.538154
vn 1.603826 0.2924545 -1.975899
vn 1.942969 0.3561023 -1.603967
vn 1.828252 0.1391214 -1.538175
vn 1.589479 0.2653235 -1.967697
vn 2.057757 0.5730149 -2.029024
vn 2.366983 0.5073352 -2.029026
vn 2.330788 0.4390136 -1.740382
vn 2.564397 0.2307543 -1.783576
vn 2.595137 0.2888787 -2.029014
vn 2.026973 0.5148873 -2.274402
vn 2.366983 0.5073352 -2.029026
vn 2.057757 0.5730149 -2.029024
vn 2.330781 0.4389983 -2.317648
vn 2.595137 0.2888787 -2.029014
vn 2.564378 0.2307587 -2.274454
vn 1.629546 -0.2367073 -2.274359
vn 1.863312 -0.4450427 -2.317655
vn 1.962028 -0.2582438 -2.528967
vn 2.250993 -0.3620342 -2.454105
vn 2.167024 -0.5208447 -2.274493
vn 2.36572 -0.1451142 -2.519843
vn 2.604525 -0.2713009 -2.090369
vn 2.590228 -0.298366 -2.082093
vn 1.598858 -0.2948705 -2.029012
vn 1.827143 -0.5134023 -2.029012
vn 1.863312 -0.4450427 -2.317655
vn 1.629546 -0.2367073 -2.274359
vn 1.62954 -0.2367094 -1.783655
vn 1.827143 -0.5134023 -2.029012
vn 1.598858 -0.2948705 -2.029012
vn 1.8633 -0.4450577 -1.740378
vn 2.136307 -0.5790105 -2.029022
vn 2.167027 -0.5208645 -1.78355
vn 2.167024 -0.5208447 -2.274493
vn 1.942969 0.3561023 -1.603967
vn 2.097043 -0.002994439 -1.45165
vn 1.828252 0.1391214 -1.538175
vn 2.231954 0.2521851 -1.528999
vn 2.026966 0.5149198 -1.783668
vn 2.365717 -0.1451072 -1.538154
vn 2.330788 0.4390136 -1.740382
vn 2.480436 0.07191236 -1.603914
vn 2.564397 0.2307543 -1.783576
vn 2.231944 0.2521765 -2.529009
vn 2.564378 0.2307587 -2.274454
vn 2.330781 0.4389983 -2.317648
vn 2.480428 0.07189877 -2.454096
vn 2.36572 -0.1451142 -2.519843
vn 2.618855 -0.2441715 -2.08226
vn 2.604525 -0.2713009 -2.090369
vn 2.564397 0.2307543 -1.783576
vn 2.618868 -0.2441535 -1.97578
vn 2.480436 0.07191236 -1.603914
vn 2.629383 -0.2242629 -1.998273
vn 2.595137 0.2888787 -2.029014
vn 2.633223 -0.2170042 -2.029023
vn 2.564378 0.2307587 -2.274454
vn 2.629367 -0.2242925 -2.059799
vn 2.480428 0.07189877 -2.454096
vn 2.618855 -0.2441715 -2.08226
vn 2.629367 -0.2242925 -2.059799
vn 2.564378 0.2307587 -2.274454
vn 2.365717 -0.1451072 -1.538154
vn 2.590225 -0.2983802 -1.975962
vn 2.251009 -0.3620582 -1.603921
vn 2.604519 -0.2713178 -1.967656
vn 2.480436 0.07191236 -1.603914
vn 2.618868 -0.2441535 -1.97578
vn 2.618855 -0.2441715 -2.08226
vn 2.296483 -0.3692402 -1.629741
vn 2.217594 -0.518413 -1.798479
vn 2.629367 -0.2242925 -2.059799
vn 2.188773 -0.5730097 -2.029015
vn 1.827139 -0.5134005 -2.028992
vn 1.863274 -0.4450177 -1.740338
vn 2.604525 -0.2713009 -2.090369
vn 2.404248 -0.165435 -1.567972
vn 2.296483 -0.3692402 -1.629741
vn 2.590228 -0.298366 -2.082093
vn 2.511968 0.03835781 -1.62972
vn 2.590867 0.1874988 -1.798482
vn 2.231939 0.2522034 -1.529004
vn 2.330753 0.4389877 -1.740314
vn 2.579787 -0.3181342 -2.059663
vn 2.511968 0.03835781 -1.62972
vn 2.590228 -0.298366 -2.082093
vn 2.590867 0.1874988 -1.798482
vn 2.575988 -0.3253409 -2.029026
vn 2.619741 0.2421022 -2.029017
vn 2.579783 -0.3181449 -1.998381
vn 2.590855 0.187494 -2.259548
vn 2.590225 -0.2983802 -1.975962
vn 2.511956 0.03834511 -2.428294
vn 2.296483 -0.3692402 -1.629741
vn 1.863274 -0.4450177 -1.740338
vn 2.217594 -0.518413 -1.798479
vn 1.96207 -0.2581975 -1.528998
vn 1.603093 -0.1934918 -1.79856
vn 2.404248 -0.165435 -1.567972
vn 1.681909 -0.04432223 -1.629844
vn 2.096995 -0.003034834 -1.45165
vn 2.511968 0.03835781 -1.62972
vn 1.789642 0.1594817 -1.568061
vn 2.231939 0.2522034 -1.529004
vn 2.619741 0.2421022 -2.029017
vn 2.366946 0.5073551 -2.029006
vn 2.330753 0.4389877 -1.740314
vn 2.590867 0.1874988 -1.798482
vn 2.590855 0.187494 -2.259548
vn 2.330754 0.4389905 -2.317682
vn 2.366946 0.5073551 -2.029006
vn 2.619741 0.2421022 -2.029017
vn 2.232534 0.4529594 -1.701792
vn 2.219547 0.4774044 -1.73315
vn 2.323436 0.4774038 -1.802566
vn 2.347439 0.4529554 -1.778564
vn 2.097 0.4529595 -1.674833
vn 2.39285 0.4774043 -1.906454
vn 2.424213 0.452955 -1.893465
vn 2.096999 0.4774044 -1.708774
vn 1.961465 0.4529576 -1.70179
vn 2.417226 0.4774044 -2.029
vn 2.451171 0.4529564 -2.029
vn 1.974453 0.4774051 -1.733151
vn 1.84656 0.452955 -1.778564
vn 2.39285 0.4774044 -2.151546
vn 2.424213 0.4529549 -2.164535
vn 1.870565 0.4774038 -1.802566
vn 1.769786 0.4529548 -1.893466
vn 2.323433 0.4774051 -2.255434
vn 2.347439 0.4529554 -2.279436
vn 1.801149 0.4774038 -1.906454
vn 1.742829 0.4529564 -2.029
vn 2.219545 0.4774062 -2.324848
vn 2.232535 0.4529576 -2.35621
vn 1.776774 0.4774044 -2.029
vn 1.769788 0.4529559 -2.164535
vn 2.097 0.4774063 -2.349224
vn 2.097001 0.4529595 -2.383167
vn 1.801149 0.4774043 -2.151546
vn 1.846562 0.4529562 -2.279436
vn 1.974454 0.4774055 -2.324849
vn 1.961465 0.4529571 -2.35621
vn 1.870566 0.4774051 -2.255434
vn 2.184314 0.527355 -2.239791
vn 2.097 0.5273542 -2.257161
vn 2.009686 0.5273545 -2.239793
vn 1.935665 0.5273544 -2.190334
vn 1.886206 0.5273539 -2.116314
vn 1.868837 0.5273537 -2.029
vn 2.258333 0.5273549 -2.190333
vn 1.886204 0.5273532 -1.941686
vn 2.307793 0.5273545 -2.116313
vn 1.935663 0.5273537 -1.867666
vn 2.325162 0.5273539 -2.029
vn 2.009683 0.5273537 -1.818207
vn 2.307793 0.5273543 -1.941687
vn 2.096997 0.5273528 -1.800835
vn 2.258336 0.5273544 -1.867668
vn 2.184317 0.5273526 -1.818204
vn 2.210824 0.5610515 -2.076148
vn 2.218832 0.5613493 -2.029
vn 2.097 0.5743501 -2.029
vn 2.183149 0.5613492 -2.115148
vn 2.210823 0.5610519 -1.981852
vn 2.144147 0.5610512 -2.142826
vn 2.18315 0.5613492 -1.942853
vn 2.097 0.5613501 -2.150829
vn 2.144147 0.5610519 -1.915177
vn 2.049852 0.5610512 -2.142827
vn 2.096998 0.5613503 -1.907173
vn 2.01085 0.561349 -2.115148
vn 2.049852 0.5610514 -1.915174
vn 1.983176 0.5610517 -2.076148
vn 2.01085 0.561349 -1.942852
vn 1.975168 0.5613492 -2.029
vn 1.983175 0.5610515 -1.981852
vn 2.097 -0.5803502 -2.029
vn 2.097 -0.5803502 -2.029
vn 2.097 -0.5803502 -2.029
vn 2.097 -0.5803502 -2.029
vn 2.097 -0.5803502 -2.029
vn 2.097 -0.5803502 -2.029
vn 2.097 -0.5803502 -2.029
vn 2.097 -0.5803502 -2.029
vn 2.097 -0.5803502 -2.029
vn 2.097 -0.5803502 -2.029
vn 2.097 -0.5803502 -2.029
vn 2.097 -0.5803502 -2.029
vn 2.097 -0.5803502 -2.029
vn 2.097 -0.5803502 -2.029
vn 2.097 -0.5803502 -2.029
vn 2.097 -0.5803502 -2.029
vn 2.097 -0.5803502 -2.029
vn 2.097 -0.5803502 -2.029
vn 2.097 -0.5803502 -2.029
vn 2.097 -0.5803502 -2.029
vn 2.097 -0.5803502 -2.029
vn 2.097 -0.5803502 -2.029
vn 2.097 -0.5803502 -2.029
vn 2.097 -0.5803502 -2.029
vn 2.097 -0.5803502 -2.029
vn 2.097 -0.5803502 -2.029
vn 2.097 -0.5803502 -2.029
vn 2.097 -0.5803502 -2.029
vn 2.097 -0.5803502 -2.029
vn 2.097 -0.5803502 -2.029
vn 2.097 -0.5803502 -2.029
vn 2.097 -0.5803502 -2.029
vn 1.688752 -0.003292717 -1.620751
vn 1.688752 -0.003292717 -1.620751
vn 1.688752 -0.003292717 -1.620751
vn 1.688752 -0.003292717 -1.620751
vn 2.368444 0.4282426 -2.300443
vn 2.368444 0.4282426 -2.300443
vn 2.368444 0.4282426 -2.300443
vn 2.368444 0.4282426 -2.300443
vn 1.688751 -0.002683612 -1.620753
vn 1.688751 -0.002683612 -1.620752
vn 1.688751 -0.002683612 -1.620753
vn 1.688751 -0.002683612 -1.620752
vn 2.505248 -0.003 -2.437249
vn 2.505248 -0.003 -2.437249
vn 2.505248 -0.003 -2.437249
vn 2.505248 -0.003 -2.437249
vn 1.688752 -0.00268188 -2.437249
vn 1.688752 -0.00268188 -2.437249
vn 1.688752 -0.00268188 -2.437249
vn 1.688752 -0.00268188 -2.437249
vn 2.368444 0.4282424 -1.757557
vn 2.368444 0.4282424 -1.757557
vn 2.368444 0.4282424 -1.757557
vn 2.368444 0.4282424 -1.757557
vn 1.688751 -0.003 -1.620752
vn 1.688751 -0.003 -1.620752
vn 1.688751 -0.003 -1.620752
vn 1.688751 -0.003 -1.620752
vn 1.688751 -0.003293871 -2.437248
vn 1.688751 -0.003293871 -2.437248
vn 1.688751 -0.003293871 -2.437248
vn 1.688751 -0.003293871 -2.437248
vn 1.51965 -0.003 -2.029
vn 1.51965 -0.003 -2.029
vn 1.51965 -0.003 -2.029
vn 1.51965 -0.003 -2.029
vn 1.51965 -0.003 -2.029
vn 1.51965 -0.003 -2.029
vn 2.67435 -0.003 -2.029
vn 2.67435 -0.003 -2.029
vn 2.67435 -0.003 -2.029
vn 2.67435 -0.003 -2.029
vn 2.67435 -0.003 -2.029
vn 2.67435 -0.003 -2.029
vn 2.097 -0.002553131 -1.45165
vn 2.097 -0.002553131 -1.45165
vn 2.097 -0.002553131 -1.45165
vn 2.097 -0.002553131 -1.45165
vn 2.097 -0.002553131 -1.45165
vn 2.097 -0.002553131 -1.45165
vn 2.097 -0.003 -2.60635
vn 2.097 -0.003 -2.60635
vn 2.097 -0.003 -2.60635
vn 2.097 -0.003 -2.60635
vn 2.097 -0.003 -2.60635
vn 2.097 -0.003 -2.60635
vn 1.51965 -0.003 -2.029
vn 1.51965 -0.003 -2.029
vn 1.51965 -0.003 -2.029
vn 1.51965 -0.003 -2.029
vn 1.51965 -0.003 -2.029
vn 1.51965 -0.003 -2.029
vn 2.097 -0.003 -1.45165
vn 2.097 -0.003 -1.45165
vn 2.097 -0.003 -1.45165
vn 2.097 -0.003 -1.45165
vn 2.097 -0.003 -1.45165
vn 2.097 -0.003 -1.45165
vn 1.51965 -0.003 -2.029
vn 1.51965 -0.003 -2.029
vn 1.51965 -0.003 -2.029
vn 1.51965 -0.003 -2.029
vn 1.51965 -0.003 -2.029
vn 1.51965 -0.003 -2.029
vn 2.097 -0.003413383 -1.45165
vn 2.097 -0.003413383 -1.45165
vn 2.097 -0.003413383 -1.45165
vn 2.097 -0.003413383 -1.45165
vn 2.097 -0.003413383 -1.45165
vn 2.097 -0.003413383 -1.45165
vn 2.549078 0.356108 -2.029
vn 2.549078 0.3561077 -2.029
vn 2.549078 0.3561077 -2.029
vn 2.549078 0.356108 -2.029
vn 2.549078 0.3561084 -2.029
vn 2.549078 0.3561084 -2.029
vn 2.097 0.3561084 -2.481078
vn 2.097 0.3561084 -2.481078
vn 2.097 0.3561084 -2.481078
vn 2.097 0.3561084 -2.481078
vn 2.097 0.3561084 -2.481078
vn 2.097 0.3561084 -2.481078
vn 2.097 -0.4744053 -1.695668
vn 2.097 -0.4744053 -1.695668
vn 2.097 -0.4744053 -1.695668
vn 2.097 -0.4744053 -1.695668
vn 2.097 -0.4744053 -1.695668
vn 2.097 -0.4744053 -1.695668
vn 1.763365 -0.4741909 -2.029
vn 1.763365 -0.4741909 -2.029
vn 1.763365 -0.4741909 -2.029
vn 1.763365 -0.4741909 -2.029
vn 1.763365 -0.4741909 -2.029
vn 1.763365 -0.4741909 -2.029
vn 2.097 -0.5803502 -2.029
vn 2.097 -0.5803502 -2.029
vn 2.097 -0.5803502 -2.029
vn 2.097 -0.5803502 -2.029
vn 2.097 -0.5803502 -2.029
vn 2.097 -0.5803502 -2.029
vn 2.096999 -0.5803502 -2.029
vn 2.096999 -0.5803502 -2.029
vn 2.096999 -0.5803502 -2.029
vn 2.096999 -0.5803502 -2.029
vn 2.096999 -0.5803502 -2.029
vn 2.096999 -0.5803502 -2.029
vn 2.097 -0.5803502 -2.029001
vn 2.097 -0.5803502 -2.029001
vn 2.097 -0.5803502 -2.029001
vn 2.097 -0.5803502 -2.029001
vn 2.097 -0.5803502 -2.029001
vn 2.097 -0.5803502 -2.029001
vn 2.097 -0.5803502 -2.029
vn 2.097 -0.5803502 -2.029
vn 2.097 -0.5803502 -2.029
vn 2.097 -0.5803502 -2.029
vn 2.097 -0.5803502 -2.029
vn 2.097 -0.5803502 -2.029
vn 2.097 -0.5803502 -2.029
vn 2.097 -0.5803502 -2.029
vn 2.097 -0.5803502 -2.029
vn 2.097 -0.5803502 -2.029
vn 2.097 -0.5803502 -2.029
vn 2.097 -0.5803502 -2.029
vn 2.097 -0.5803502 -2.029
vn 2.097 -0.5803502 -2.029
vn 2.097 -0.5803502 -2.029
vn 2.097 -0.5803502 -2.029
vn 2.097 -0.5803502 -2.029
vn 2.097 -0.5803502 -2.029
vn 2.505248 -0.003 -1.620752
vn 2.505248 -0.003 -1.620752
vn 2.505248 -0.003 -1.620752
vn 2.505248 -0.003 -1.620752
vn 1.688752 -0.003 -2.437249
vn 1.688752 -0.003 -2.437249
vn 1.688752 -0.003 -2.437249
vn 1.688752 -0.003 -2.437249
vn 2.097 0.5743501 -2.029
vn 2.097 0.5743501 -2.029
vn 2.097 0.5743501 -2.029
vn 2.097 0.5743501 -2.029
vn 2.097 0.5743501 -2.029
vn 2.097 0.5743501 -2.029
vn 2.097 0.5743501 -2.029
vn 2.097 0.5743501 -2.029
vn 2.097 0.5743501 -2.029
vn 2.097 0.5743501 -2.029
vn 2.097 0.5743501 -2.029
vn 2.097 0.5743501 -2.029
vn 2.097 0.5743501 -2.029
vn 2.097 0.5743501 -2.029
vn 2.479458 0.429503 -2.029
vn 2.428218 0.4294983 -1.83776
vn 2.428217 0.4295048 -2.220228
vn 2.288222 0.4294978 -1.69777
vn 2.28823 0.4295002 -2.360222
vn 2.097 0.5743501 -2.029
vn 2.097 0.4295008 -1.646539
vn 2.097 0.5743501 -2.029
vn 2.097007 0.4294917 -2.411471
vn 2.097 0.5743501 -2.029
vn 2.097 0.5743501 -2.029
vn 1.90578 0.4295055 -1.697779
vn 2.097 0.5743501 -2.029
vn 2.097 0.5743501 -2.029
vn 1.765787 0.4295077 -1.83777
vn 2.097 0.5743501 -2.029
vn 1.714543 0.429504 -2.029
vn 2.097 0.5743501 -2.029
vn 2.097 0.5743501 -2.029
vn 1.765774 0.4295032 -2.220217
vn 2.097 0.5743501 -2.029
vn 2.097 0.5743501 -2.029
vn 2.097 0.5743501 -2.029
vn 1.905768 0.4294985 -2.360223
vn 2.097 0.5743501 -2.029
vn 2.097 0.5743501 -2.029
vn 2.097 0.5743501 -2.029
vn 1.51965 -0.003 -2.029
vn 1.51965 -0.003 -2.029
vn 1.51965 -0.003 -2.029
vn 1.51965 -0.003 -2.029
vn 1.51965 -0.003 -2.029
vn 1.51965 -0.003 -2.029
vn 2.097 -0.003 -1.45165
vn 2.097 -0.003 -1.45165
vn 2.097 -0.003 -1.45165
vn 2.097 -0.003 -1.45165
vn 2.097 -0.003 -1.45165
vn 2.097 -0.003 -1.45165
vn 2.67435 -0.003 -2.029
vn 2.67435 -0.003 -2.029
vn 2.67435 -0.003 -2.029
vn 2.67435 -0.003 -2.029
vn 2.67435 -0.003 -2.029
vn 2.67435 -0.003 -2.029
vn 2.67435 -0.003 -2.029
vn 2.67435 -0.003 -2.029
vn 2.67435 -0.003 -2.029
vn 2.67435 -0.003 -2.029
vn 2.67435 -0.003 -2.029
vn 2.67435 -0.003 -2.029
vn 2.67435 -0.003 -2.029
vn 2.67435 -0.003 -2.029
vn 2.67435 -0.003 -2.029
vn 2.67435 -0.003 -2.029
vn 2.097 0.3561077 -1.576921
vn 2.097 0.3561077 -1.576921
vn 2.097 0.3561077 -1.576921
vn 2.097 0.3561077 -1.576921
vn 2.097 0.356108 -1.576922
vn 2.097 0.3561077 -1.576921
vn 2.097 -0.002553131 -2.60635
vn 2.097 -0.002553131 -2.60635
vn 2.097 -0.002553131 -2.60635
vn 2.097 -0.002553131 -2.60635
vn 2.097 -0.002553131 -2.60635
vn 2.097 -0.002553131 -2.60635
vn 2.097 -0.4739769 -2.362937
vn 2.097 -0.4739769 -2.362937
vn 2.097 -0.4739769 -2.362937
vn 2.097 -0.4739769 -2.362937
vn 2.097 -0.4739769 -2.362937
vn 2.097 -0.4739769 -2.362937
vn 2.097 -0.003 -2.60635
vn 2.097 -0.003 -2.60635
vn 2.097 -0.003 -2.60635
vn 2.097 -0.003 -2.60635
vn 2.097 -0.003 -2.60635
vn 2.097 -0.003 -2.60635
vn 2.518034 -0.3980483 -2.029
vn 2.518034 -0.3980483 -2.029
vn 2.518034 -0.3980483 -2.029
vn 2.518034 -0.3980483 -2.029
vn 2.518034 -0.3980483 -2.029
vn 2.518034 -0.3980483 -2.029
vn 2.097 -0.003415692 -2.60635
vn 2.097 -0.003415692 -2.60635
vn 2.097 -0.003415692 -2.60635
vn 2.097 -0.003415692 -2.60635
vn 2.097 -0.003415692 -2.60635
vn 2.097 -0.003415692 -2.60635
vn 1.58449 0.2628328 -2.029053
vn 1.584514 0.2628791 -2.029052
vn 1.584737 0.2633079 -2.029
vn 1.584458 0.2627711 -2.029
vn 1.584514 0.2628791 -2.028949
vn 1.58449 0.2628328 -2.028947
vn 2.097 -0.5803502 -2.029
vn 2.097 -0.5803502 -2.029
vn 2.097 -0.5803502 -2.029
vn 2.097 -0.5803502 -2.029
vn 2.097 -0.5803502 -2.029
vn 2.097 -0.5803502 -2.029
vn 2.097 -0.5803502 -2.029
vn 2.097 -0.5803502 -2.029
vn 2.097 -0.5803502 -2.029
vn 1.68168 -0.003 -2.430053
vn 1.681738 0.01815122 -2.429554
vn 1.520042 0.01786543 -2.033166
vn 1.519664 -0.003 -2.033076
vn 1.520042 0.01804556 -2.025891
vn 1.56377 0.2183353 -2.032158
vn 1.563755 0.218311 -2.026778
vn 1.705081 0.2192843 -1.667998
vn 1.519657 -0.003 -2.025975
vn 1.671004 0.01831633 -1.63989
vn 1.67092 -0.003 -1.639398
vn 2.674339 -0.003 -2.032607
vn 2.512272 0.01814661 -2.429544
vn 2.512329 -0.003 -2.430043
vn 2.673962 0.0178585 -2.032697
vn 2.478882 0.2193664 -2.400554
vn 2.63023 0.2183394 -2.031723
vn 2.674339 -0.003 -2.025393
vn 2.630231 0.2183392 -2.026276
vn 2.673961 0.01786198 -2.025303
vn 2.512329 -0.003 -1.627957
vn 2.512273 0.01813851 -1.628456
vn 2.478892 0.2193265 -1.657432
vn 2.494319 -0.003 -2.447892
vn 2.10067 0.01792893 -2.605959
vn 2.100582 -0.003 -2.606339
vn 2.493824 0.01820145 -2.447825
vn 2.512329 -0.003 -2.430043
vn 2.099711 0.2183607 -2.562222
vn 2.512272 0.01814661 -2.429544
vn 2.46511 0.2193365 -2.414221
vn 2.478882 0.2193664 -2.400554
vn 1.520822 0.03152901 -2.041661
vn 1.537696 0.1400015 -2.036982
vn 1.688425 0.1601309 -2.402883
vn 1.537697 0.1400051 -2.021031
vn 1.579808 0.253504 -2.021846
vn 1.579811 0.2535092 -2.036195
vn 1.520822 0.03152957 -2.016328
vn 1.520427 0.02547319 -2.019666
vn 1.520427 0.02547319 -2.038332
vn 1.522547 -0.05979506 -2.039562
vn 1.669721 0.03286326 -2.415626
vn 1.522547 -0.05979564 -2.018438
vn 1.538408 -0.1485817 -2.039693
vn 1.538408 -0.1485811 -2.018307
vn 1.557351 -0.2081135 -2.035405
vn 1.671569 0.03951782 -1.641012
vn 1.688275 0.1620702 -1.656134
vn 1.669787 0.03285807 -1.6423
vn 1.670222 -0.07298292 -1.646513
vn 1.688428 -0.1804884 -1.661712
vn 1.72831 0.2886086 -1.69379
vn 1.713124 -0.265528 -1.686872
vn 1.628441 0.3343105 -2.026306
vn 1.779182 0.38619 -1.744648
vn 1.557351 -0.2081135 -2.022596
vn 1.70438 -0.2274512 -1.670106
vn 1.537168 -0.143415 -2.014688
vn 1.668207 -0.002834878 -1.642387
vn 1.537167 -0.1434139 -2.043312
vn 1.519695 -0.002960163 -2.021732
vn 1.519695 -0.002960163 -2.036269
vn 1.627004 0.3322355 -2.021636
vn 1.782719 0.3885142 -1.743907
vn 1.53647 0.1352949 -2.025257
vn 1.696399 0.2057225 -1.669435
vn 1.62704 0.3322834 -2.036503
vn 1.519901 0.01352723 -2.024911
vn 1.667875 0.02385949 -1.64369
vn 1.519661 -0.002999423 -2.025337
vn 1.667165 -0.002998268 -1.643545
vn 1.519662 -0.002999423 -2.032797
vn 1.53651 0.1354515 -2.032912
vn 1.519904 0.01360344 -2.033241
vn 1.68015 -0.002995381 -2.428461
vn 1.68076 0.02328732 -2.428233
vn 1.707266 0.2016163 -2.402595
vn 1.788165 0.3868309 -2.322235
vn 1.62846 0.3343361 -2.031766
vn 1.784539 0.3847939 -2.321091
vn 1.72919 0.2865047 -2.366989
vn 1.537696 0.1400015 -2.036982
vn 1.579811 0.2535092 -2.036195
vn 1.72919 0.2865047 -2.366989
vn 1.688425 0.1601309 -2.402883
vn 1.520822 0.03152901 -2.041661
vn 1.67147 0.03947393 -2.416884
vn 1.520427 0.02547319 -2.038332
vn 1.669721 0.03286326 -2.415626
vn 1.522547 -0.05979506 -2.039562
vn 1.670217 -0.07297833 -2.411482
vn 1.538408 -0.1485817 -2.039693
vn 1.688429 -0.1804861 -2.39629
vn 1.557351 -0.2081135 -2.035405
vn 1.713128 -0.265528 -2.371133
vn 1.537167 -0.1434139 -2.043312
vn 1.704385 -0.2274517 -2.387899
vn 1.519695 -0.002960163 -2.036269
vn 1.668212 -0.00283661 -2.415619
vn 1.709248 0.03953281 -1.603356
vn 1.710454 0.03285575 -1.601647
vn 2.087633 0.02546683 -1.452428
vn 1.671569 0.03951782 -1.641012
vn 1.723295 0.1623213 -1.621144
vn 1.669787 0.03285807 -1.6423
vn 1.670222 -0.07298292 -1.646513
vn 1.688275 0.1620702 -1.656134
vn 1.75888 0.2891102 -1.663378
vn 1.72831 0.2886086 -1.69379
vn 1.802166 0.3866616 -1.721477
vn 1.779182 0.38619 -1.744648
vn 1.782719 0.3885142 -1.743907
vn 1.688428 -0.1804884 -1.661712
vn 1.714525 -0.07298409 -1.602211
vn 1.729714 -0.1804895 -1.620427
vn 2.086306 -0.1485857 -1.470409
vn 2.090596 -0.208114 -1.489351
vn 1.713124 -0.265528 -1.686872
vn 1.754866 -0.2655286 -1.64513
vn 1.737682 -0.2268739 -1.636439
vn 1.70438 -0.2274512 -1.670106
vn 1.710819 -0.003042147 -1.599817
vn 1.668207 -0.002834878 -1.642387
vn 2.104199 0.254228 -1.512168
vn 2.104939 0.1410524 -1.469966
vn 2.470647 0.1601805 -1.620229
vn 2.434416 0.2865221 -1.660678
vn 2.464807 0.2865059 -1.69101
vn 2.409461 0.3847939 -1.736909
vn 2.387002 0.3847178 -1.714505
vn 2.505572 0.1601308 -1.655114
vn 2.484863 0.03947622 -1.603452
vn 2.52253 0.03947392 -1.641117
vn 2.52428 0.03286269 -1.642375
vn 2.483617 0.0328627 -1.601713
vn 2.47948 -0.07297944 -1.602215
vn 2.523787 -0.07297829 -1.646522
vn 2.464288 -0.1804839 -1.620427
vn 2.505576 -0.1804827 -1.661715
vn 2.439134 -0.265528 -1.645129
vn 2.480875 -0.2655274 -1.68687
vn 2.489618 -0.2274512 -1.670104
vn 2.104939 0.1410524 -1.469966
vn 2.484863 0.03947622 -1.603452
vn 2.470647 0.1601805 -1.620229
vn 2.109609 0.03155266 -1.452822
vn 2.483617 0.0328627 -1.601713
vn 2.106293 0.0254674 -1.452427
vn 2.47948 -0.07297944 -1.602215
vn 2.084306 0.03158559 -1.452826
vn 2.107557 -0.05980198 -1.454548
vn 2.464288 -0.1804839 -1.620427
vn 2.089026 0.1416476 -1.47012
vn 2.104199 0.254228 -1.512168
vn 2.107691 -0.1485852 -1.470409
vn 2.439134 -0.265528 -1.645129
vn 2.086435 -0.05980317 -1.454548
vn 2.087633 0.02546683 -1.452428
vn 1.709248 0.03953281 -1.603356
vn 1.723295 0.1623213 -1.621144
vn 1.75888 0.2891102 -1.663378
vn 1.710454 0.03285575 -1.601647
vn 2.089868 0.2549653 -1.512535
vn 1.802166 0.3866616 -1.721477
vn 1.714525 -0.07298409 -1.602211
vn 1.670222 -0.07298292 -1.646513
vn 2.086306 -0.1485857 -1.470409
vn 2.090596 -0.208114 -1.489351
vn 2.099747 0.3343255 -1.560452
vn 2.434416 0.2865221 -1.660678
vn 2.387002 0.3847178 -1.714505
vn 2.094252 0.3344319 -1.560529
vn 1.800587 0.3887383 -1.725662
vn 1.782719 0.3885142 -1.743907
vn 2.08931 0.3322412 -1.559013
vn 1.716164 0.2039362 -1.647588
vn 1.696399 0.2057225 -1.669435
vn 2.104388 0.332183 -1.558967
vn 2.093021 0.1331992 -1.467959
vn 1.689325 0.02355003 -1.621042
vn 2.387942 0.3867841 -1.717946
vn 2.409461 0.3847939 -1.736909
vn 2.405835 0.3868309 -1.735766
vn 2.486738 0.2016008 -1.655401
vn 2.466327 0.2019224 -1.635379
vn 2.100824 0.1341991 -1.468201
vn 2.101158 0.0135151 -1.451901
vn 2.491744 0.02332889 -1.608503
vn 2.092662 0.01335228 -1.451898
vn 1.689056 -0.002998268 -1.620448
vn 2.093123 -0.002999423 -1.451663
vn 2.100728 -0.002999423 -1.451662
vn 2.491958 -0.003003464 -1.60788
vn 1.729714 -0.1804895 -1.620427
vn 1.754866 -0.2655286 -1.64513
vn 2.082907 -0.1423902 -1.468906
vn 1.737682 -0.2268739 -1.636439
vn 2.089577 -0.003010392 -1.451697
vn 1.710819 -0.003042147 -1.599817
vn 2.104423 -0.003010392 -1.451697
vn 2.111093 -0.1423902 -1.468906
vn 2.483178 -0.003044456 -1.599815
vn 2.103404 -0.208114 -1.489351
vn 2.456316 -0.2268745 -1.636437
vn 2.525792 -0.002837187 -1.642385
vn 2.489618 -0.2274512 -1.670104
vn 2.456314 -0.2268761 -2.421564
vn 2.483177 -0.003046188 -2.458186
vn 2.104424 -0.003010392 -2.606303
vn 2.111095 -0.1423914 -2.589094
vn 2.439133 -0.2655281 -2.412872
vn 2.089576 -0.003010392 -2.606303
vn 2.103405 -0.2081152 -2.568648
vn 2.464287 -0.1804838 -2.437574
vn 2.082905 -0.1423914 -2.589094
vn 1.710822 -0.003043879 -2.458185
vn 1.737686 -0.226874 -2.421565
vn 1.668212 -0.00283661 -2.415619
vn 1.704385 -0.2274517 -2.387899
vn 2.090595 -0.2081152 -2.568648
vn 1.754868 -0.2655279 -2.412873
vn 1.713128 -0.265528 -2.371133
vn 1.688429 -0.1804861 -2.39629
vn 2.107694 -0.1485829 -2.587592
vn 2.479481 -0.07297717 -2.455785
vn 2.086307 -0.1485829 -2.587592
vn 1.729713 -0.1804861 -2.437574
vn 1.670217 -0.07297833 -2.411482
vn 2.107562 -0.05979626 -2.603453
vn 2.483619 0.03286326 -2.456285
vn 2.086438 -0.05979626 -2.603453
vn 1.714519 -0.07297826 -2.455785
vn 1.669721 0.03286326 -2.415626
vn 2.087668 0.02547319 -2.605572
vn 1.710381 0.03286328 -2.456286
vn 1.70913 0.0394768 -2.454542
vn 1.67147 0.03947393 -2.416884
vn 1.688425 0.1601309 -2.402883
vn 2.106332 0.02547319 -2.605572
vn 2.084338 0.03153016 -2.605178
vn 1.723347 0.1601794 -2.437766
vn 1.72919 0.2865047 -2.366989
vn 2.109662 0.03153016 -2.605178
vn 2.089017 0.1400332 -2.588295
vn 2.484871 0.03947622 -2.454541
vn 2.522532 0.03947392 -2.416882
vn 2.524281 0.03286326 -2.415624
vn 2.470654 0.1601793 -2.437765
vn 2.104983 0.1400332 -2.588295
vn 2.434407 0.2865233 -2.397329
vn 1.759582 0.2865215 -2.397321
vn 1.784539 0.3847939 -2.321091
vn 2.089814 0.2534999 -2.546194
vn 2.104187 0.2534972 -2.546195
vn 2.386981 0.38472 -2.343511
vn 2.094238 0.3343167 -2.497554
vn 2.099761 0.3343157 -2.497555
vn 2.387933 0.3867846 -2.340062
vn 2.104447 0.3322337 -2.498996
vn 2.466329 0.2019258 -2.422618
vn 1.807003 0.3847184 -2.343498
vn 1.806058 0.3867839 -2.340054
vn 1.788165 0.3868309 -2.322235
vn 1.707266 0.2016163 -2.402595
vn 2.089553 0.3322337 -2.498996
vn 2.100868 0.134489 -2.589727
vn 2.491744 0.0233364 -2.449497
vn 2.093132 0.1344884 -2.589728
vn 1.727675 0.201935 -2.422617
vn 1.68076 0.02328732 -2.428233
vn 2.092796 0.01354858 -2.606098
vn 2.101204 0.01355033 -2.606098
vn 2.491957 -0.002998268 -2.45012
vn 2.51385 -0.002998845 -2.428462
vn 2.10077 -0.002999423 -2.606338
vn 2.09323 -0.002999423 -2.606338
vn 1.702257 0.02334218 -2.449497
vn 1.702042 -0.002995381 -2.45012
vn 1.68015 -0.002995381 -2.428461
vn 2.489618 -0.2274512 -1.670104
vn 2.525792 -0.002837187 -1.642385
vn 2.674304 -0.002960163 -2.021732
vn 2.656832 -0.1434163 -2.014688
vn 2.480875 -0.2655274 -1.68687
vn 2.674304 -0.002960163 -2.036268
vn 2.636648 -0.2081152 -2.022595
vn 2.505576 -0.1804827 -1.661715
vn 2.656832 -0.1434145 -2.043311
vn 2.525787 -0.002839497 -2.41562
vn 2.489614 -0.2274529 -2.387899
vn 2.636648 -0.2081152 -2.035404
vn 2.480872 -0.2655279 -2.371133
vn 2.655592 -0.1485817 -2.039693
vn 2.505573 -0.1804838 -2.396289
vn 2.655592 -0.1485817 -2.018307
vn 2.523787 -0.07297829 -1.646522
vn 2.671453 -0.05979335 -2.039561
vn 2.523784 -0.0729766 -2.411481
vn 2.671453 -0.05979392 -2.01844
vn 2.52428 0.03286269 -1.642375
vn 2.673572 0.02547319 -2.038332
vn 2.524281 0.03286326 -2.415624
vn 2.673572 0.02547319 -2.019668
vn 2.52253 0.03947392 -1.641117
vn 2.673178 0.03152901 -2.016339
vn 2.505572 0.1601308 -1.655114
vn 2.673178 0.03152901 -2.041661
vn 2.522532 0.03947392 -2.416882
vn 2.656303 0.140001 -2.036982
vn 2.505575 0.1601309 -2.402883
vn 2.656304 0.1400004 -2.021019
vn 2.464807 0.2865059 -1.69101
vn 2.614188 0.2535121 -2.036194
vn 2.4648 0.2865048 -2.366999
vn 2.614189 0.2535092 -2.021805
vn 2.409461 0.3847939 -1.736909
vn 2.565539 0.3343382 -2.031767
vn 2.409448 0.384793 -2.321107
vn 2.56554 0.3343365 -2.026234
vn 2.405835 0.3868309 -1.735766
vn 2.566991 0.3322396 -2.021497
vn 2.486738 0.2016008 -1.655401
vn 2.566991 0.3322396 -2.036503
vn 2.405827 0.3868297 -2.322244
vn 2.657784 0.1342586 -2.032902
vn 2.486737 0.2016101 -2.402595
vn 2.657782 0.1342632 -2.025096
vn 2.513242 0.02327232 -1.629769
vn 2.674098 0.01350933 -2.033245
vn 2.513242 0.02328444 -2.428231
vn 2.674098 0.01351394 -2.024755
vn 2.513849 -0.003002887 -1.629538
vn 2.674338 -0.002999423 -2.025194
vn 2.674338 -0.002999423 -2.032806
vn 2.51385 -0.002998845 -2.428462
vn 1.53651 0.1354515 -2.032912
vn 1.519904 0.01360344 -2.033241
vn 1.68076 0.02328732 -2.428233
vn 1.707266 0.2016163 -2.402595
vn 1.56377 0.2183353 -2.032158
vn 1.520042 0.01786543 -2.033166
vn 1.681738 0.01815122 -2.429554
vn 1.715125 0.2193663 -2.400562
vn 2.09381 0.2183359 -1.495771
vn 1.689444 0.01804614 -1.620603
vn 1.71891 0.2194346 -1.653628
vn 2.092774 0.01773726 -1.452038
vn 1.68893 -0.003 -1.620573
vn 2.092867 -0.003 -1.451664
vn 2.100155 0.01791566 -1.452037
vn 2.099241 0.2183116 -1.495756
vn 2.465113 0.2192989 -1.643761
vn 2.100067 -0.003 -1.451658
vn 2.493814 0.01819221 -1.610165
vn 2.494309 -0.003 -1.610098
vn 2.512273 0.01813851 -1.628456
vn 2.512329 -0.003 -1.627957
vn 2.097 0.5743501 -2.029
vn 2.097 0.5743501 -2.029
vn 2.097 0.5743501 -2.029
vn 2.097 0.5743501 -2.029
vn 2.097 0.5743501 -2.029
vn 2.097 0.5743501 -2.029
vn 2.097 0.5743501 -2.029
vn 2.097 0.5743501 -2.029
vn 2.097 0.5743501 -2.029
vn 2.097 0.5743501 -2.029
vn 2.097 0.5743501 -2.029
vn 2.097 0.5743501 -2.029
vn 2.097 0.5743501 -2.029
vn 2.097 0.5743501 -2.029
vn 2.097 0.5743501 -2.029
vn 2.097 0.5743501 -2.029
vn 2.470654 0.1601793 -2.437765
vn 2.522532 0.03947392 -2.416882
vn 2.484871 0.03947622 -2.454541
vn 2.505575 0.1601309 -2.402883
vn 2.434407 0.2865233 -2.397329
vn 2.4648 0.2865048 -2.366999
vn 2.386981 0.38472 -2.343511
vn 2.409448 0.384793 -2.321107
vn 2.405827 0.3868297 -2.322244
vn 2.387933 0.3867846 -2.340062
vn 2.466329 0.2019258 -2.422618
vn 2.486737 0.2016101 -2.402595
vn 2.491744 0.0233364 -2.449497
vn 2.513242 0.02328444 -2.428231
vn 2.51385 -0.002998845 -2.428462
vn 2.523784 -0.0729766 -2.411481
vn 2.483619 0.03286326 -2.456285
vn 2.524281 0.03286326 -2.415624
vn 2.479481 -0.07297717 -2.455785
vn 2.505573 -0.1804838 -2.396289
vn 2.464287 -0.1804838 -2.437574
vn 2.480872 -0.2655279 -2.371133
vn 2.439133 -0.2655281 -2.412872
vn 2.456314 -0.2268761 -2.421564
vn 2.489614 -0.2274529 -2.387899
vn 2.483177 -0.003046188 -2.458186
vn 2.525787 -0.002839497 -2.41562
vn 1.728893 0.2193397 -2.414222
vn 1.715125 0.2193663 -2.400562
vn 1.681738 0.01815122 -2.429554
vn 1.700177 0.01820202 -2.447826
vn 1.699682 -0.003 -2.447894
vn 1.68168 -0.003 -2.430053
vn 2.093417 -0.003 -2.606339
vn 2.09333 0.01792895 -2.605959
vn 2.094289 0.2183607 -2.562222
vn 2.100582 -0.003 -2.606339
vn 2.099711 0.2183607 -2.562222
vn 2.10067 0.01792893 -2.605959
vn 1.689325 0.02355003 -1.621042
vn 1.689056 -0.002998268 -1.620448
vn 1.667165 -0.002998268 -1.643545
vn 1.667875 0.02385949 -1.64369
vn 1.696399 0.2057225 -1.669435
vn 1.716164 0.2039362 -1.647588
vn 2.513242 0.02327232 -1.629769
vn 2.513849 -0.003002887 -1.629538
vn 2.491958 -0.003003464 -1.60788
vn 2.491744 0.02332889 -1.608503
vn 2.466327 0.2019224 -1.635379
vn 2.486738 0.2016008 -1.655401
vn 1.689444 0.01804614 -1.620603
vn 1.68893 -0.003 -1.620573
vn 1.67092 -0.003 -1.639398
vn 1.671004 0.01831633 -1.63989
vn 1.705081 0.2192843 -1.667998
vn 1.71891 0.2194346 -1.653628
vn 2.465113 0.2192989 -1.643761
vn 2.478892 0.2193265 -1.657432
vn 2.512273 0.01813851 -1.628456
vn 2.493814 0.01819221 -1.610165
vn 2.097 0.5743501 -2.029
vn 2.097 0.5743501 -2.029
vn 2.097 0.5743501 -2.029
vn 2.097 0.5743501 -2.029
vn 2.097 0.5743501 -2.029
vn 2.097 0.5743501 -2.029
vn 2.097 0.5743501 -2.029
vn 2.097 0.5743501 -2.029
vn 2.097 0.5743501 -2.029
vn 2.097 0.5743501 -2.029
vn 2.096999 0.5743501 -2.029
vn 2.096999 0.5743501 -2.029
vn 2.097 0.5743501 -2.029
vn 2.097 0.5743501 -2.029
vn 2.097 0.5743501 -2.029
vn 2.097 0.5743501 -2.029
vn 2.097 0.5743501 -2.029
vn 2.097 0.5743501 -2.029
vn 2.097 0.5743501 -2.029
vn 2.097 0.5743501 -2.029
vn 2.097 0.5743501 -2.029
vn 2.097 0.5743501 -2.029
vn 2.097 0.5743501 -2.029
vn 2.097 0.5743501 -2.029
vn 2.097 0.5743501 -2.029
vn 2.097 0.5743501 -2.029
vn 2.097 0.5743501 -2.029
vn 2.097 0.5743501 -2.029
vn 2.097 0.5743501 -2.029
vn 2.097 0.5743501 -2.029
vn 2.097 0.5743501 -2.029
vn 2.097 0.5743501 -2.029
vn 2.097 0.5743501 -2.029
vn 2.097 0.5743501 -2.029
vn 2.097 0.5743501 -2.029
vn 2.097 0.5743501 -2.029
vn 2.097 0.5743501 -2.029
vn 2.097 0.5743501 -2.029
vn 2.097 0.5743501 -2.029
vn 2.097 0.5743501 -2.029
vn 2.097 -0.5803502 -2.029
vn 2.097 -0.5803502 -2.029
vn 2.097 -0.5803502 -2.029
vn 2.097 -0.5803502 -2.029
vn 2.097 -0.5803502 -2.029
vn 2.097 -0.5803502 -2.029
vn 2.097 -0.5803502 -2.029
vn 2.097 -0.5803502 -2.029
vn 2.097 -0.5803502 -2.029
vn 2.097 -0.5803502 -2.029
vn 2.097 -0.5803502 -2.029
vn 2.097 -0.5803502 -2.029
vn 2.097 -0.5803502 -2.029
vn 2.097 -0.5803502 -2.029
vn 2.097 -0.5803502 -2.029
vn 2.097 -0.5803502 -2.029
vn 2.097 -0.5803502 -2.029
vn 2.097 -0.5803502 -2.029
vn 2.097 -0.5803502 -2.029
vn 2.097 -0.5803502 -2.029
vn 2.097 -0.5803502 -2.029
vn 2.097 -0.5803502 -2.029
vn 2.097 -0.5803502 -2.029
vn 2.097 -0.5803502 -2.029
vn 2.097 -0.5803502 -2.029
vn 2.097 -0.5803502 -2.029
vn 2.097 -0.5803502 -2.029
vn 2.097 -0.5803502 -2.029
vn 2.097 -0.5803502 -2.029
vn 2.097 -0.5803502 -2.029
vn 2.097 -0.5803502 -2.029
vn 2.097 -0.5803502 -2.029
vn 2.017071 0.5687904 -2.029469
vn 1.876719 0.5306718 -2.031023
vn 1.938488 0.5313254 -2.179677
vn 1.876667 0.5306516 -2.027411
vn 2.038405 0.5685347 -2.08599
vn 2.040717 0.5685711 -2.087923
vn 1.947681 0.5313025 -2.188869
vn 2.095174 0.530663 -2.249304
vn 2.097 0.5743501 -2.029
vn 2.097 0.5743501 -2.029
vn 2.097 0.5743501 -2.029
vn 2.097 0.5743501 -2.029
vn 2.018092 0.5689324 -2.028675
vn 2.097 0.5743501 -2.029
vn 2.096598 0.568812 -2.108775
vn 2.097 0.5743501 -2.029
vn 2.037374 0.5686327 -1.974101
vn 1.934413 0.5312812 -1.882568
vn 2.097 0.5743501 -2.029
vn 1.943876 0.5314031 -1.873117
vn 2.097402 0.5688119 -2.108775
vn 2.098825 0.530663 -2.249304
vn 2.097 0.5743501 -2.029
vn 2.24632 0.5313017 -2.18887
vn 2.038603 0.5684532 -1.970998
vn 2.097 0.5743501 -2.029
vn 2.153283 0.5685711 -2.087923
vn 2.097 0.5743501 -2.029
vn 2.096517 0.5685854 -1.947618
vn 2.094934 0.5306839 -1.808749
vn 2.097 0.5743501 -2.029
vn 2.098625 0.530663 -1.808695
vn 2.155599 0.5685341 -2.085992
vn 2.255516 0.5313268 -2.179668
vn 2.097 0.5743501 -2.029
vn 2.317284 0.530671 -2.030845
vn 2.097334 0.5687323 -1.948655
vn 2.097 0.5743501 -2.029
vn 2.177496 0.5687109 -2.029407
vn 2.097 0.5743501 -2.029
vn 2.153283 0.5685708 -1.970075
vn 2.246307 0.5313057 -1.869131
vn 2.097 0.5743501 -2.029
vn 2.255512 0.5313283 -1.878334
vn 2.177499 0.5687106 -2.028593
vn 2.317284 0.530671 -2.027155
vn 2.097 0.5743501 -2.029
vn 2.155594 0.5685351 -1.972013
vn 2.097 -0.5803502 -2.029
vn 2.097 -0.5803502 -2.029
vn 2.097 -0.5803502 -2.029
vn 2.097 -0.5803502 -2.029
vn 2.097 -0.5803502 -2.029
vn 2.097 -0.5803502 -2.029
vn 2.097 -0.5803502 -2.029
vn 2.097 -0.5803502 -2.029
vn 2.097 -0.5803502 -2.029
vn 2.097 -0.5803502 -2.029
vn 2.097 -0.5803502 -2.029
vn 2.097 -0.5803502 -2.029
vn 2.097 -0.5803502 -2.029
vn 2.097 -0.5803502 -2.029
vn 2.097 -0.5803502 -2.029
vn 2.097 -0.5803502 -2.029
vn 2.097 -0.5803502 -2.029
vn 2.097 -0.5803502 -2.029
vn 2.097 -0.5803502 -2.029
vn 2.097 -0.5803502 -2.029
vn 2.097 -0.5803502 -2.029
vn 2.097 0.5743501 -2.029
vn 2.097 0.5743501 -2.029
vn 2.097 0.5743501 -2.029
vn 2.097 0.5743501 -2.029
vn 2.097 0.5743501 -2.029
vn 2.097 0.5743501 -2.029
vn 2.097 0.5743501 -2.029
vn 2.097 0.5743501 -2.029
vn 2.096998 0.5743501 -2.029
vn 2.097 0.5743501 -2.029
vn 2.096998 0.5743501 -2.029
vn 2.097 0.5743501 -2.029
vn 2.097 0.5743501 -2.029
vn 1.586596 0.2668534 -2.029
vn 1.586583 0.2668288 -2.028908
vn 1.586592 0.2668462 -2.028954
vn 1.586583 0.2668294 -2.028989
vn 1.586601 0.2668636 -2.029
vn 1.586583 0.2668299 -2.029069
vn 1.586602 0.2668649 -2.029011
vn 1.586593 0.2668479 -2.029035
vn 1.586602 0.2668662 -2.029023
vn 1.586602 0.2668659 -2.029
vn 1.586602 0.2668662 -2.029011
vn 1.586602 0.2668661 -2.029
vn 1.586602 0.2668662 -2.029
vt -19.13958 0.7612986
vt -19.14695 0.7612986
vt -19.14695 0.7848612
vt -19.2719 0.9479639
vt -19.26886 0.9501612
vt -19.26106 0.9354053
vt -19.2719 0.9479639
vt -19.26106 0.9354053
vt -19.26435 0.933672
vt -19.39842 0.7961139
vt -19.40601 0.7784948
vt -19.40677 0.7803261
vt -19.60448 0.7986467
vt -19.61032 0.8168325
vt -19.60682 0.8173285
vt -19.61839 0.8280662
vt -19.61655 0.8301439
vt -19.61258 0.8156293
vt -19.60805 0.7986467
vt -19.61045 0.7986467
vt -19.61032 0.7804609
vt -19.61258 0.7816612
vt -19.61655 0.7671495
vt -19.61839 0.7692272
vt -19.34385 0.9315633
vt -19.33741 0.9470232
vt -19.33547 0.9474279
vt -19.17397 0.7848499
vt -19.1666 0.7848499
vt -19.1666 0.76129
vt -19.17397 0.76129
vt -19.17397 0.8084153
vt -19.1666 0.8084153
vt -19.1666 0.7848499
vt -19.17397 0.7848499
vt -19.43254 0.6112374
vt -19.44079 0.6261889
vt -19.43254 0.6261889
vt -19.44079 0.6112374
vt -19.43254 0.5888671
vt -19.44079 0.5888671
vt -19.53598 0.6261889
vt -19.53598 0.6112374
vt -19.5437 0.6261889
vt -19.5437 0.6112374
vt -19.53598 0.5888671
vt -19.5437 0.5888671
vt -19.53598 0.5624779
vt -19.5437 0.5624779
vt -19.53598 0.5360888
vt -19.43254 0.5624779
vt -19.44079 0.5888671
vt -19.43254 0.5888671
vt -19.44079 0.5624779
vt -19.43254 0.5360888
vt -19.44079 0.5360888
vt -19.43254 0.5137185
vt -19.44079 0.5137185
vt -19.43254 0.49877
vt -19.44079 0.49877
vt -19.53598 0.5137185
vt -19.53598 0.49877
vt -19.5437 0.5137185
vt -19.5437 0.49877
vt -19.5437 0.5360888
vt -19.53598 0.5360888
vt -19.5437 0.5624779
vt -19.13958 0.7848612
vt -19.14695 0.8084212
vt -19.13958 0.8084212
vt -19.14695 0.7848612
vt -19.13958 0.7612986
vt -19.15706 0.6112334
vt -19.16531 0.6261795
vt -19.15706 0.6261795
vt -19.16531 0.6112334
vt -19.15706 0.5888649
vt -19.16531 0.5888649
vt -19.2605 0.6261795
vt -19.2605 0.6112334
vt -19.26822 0.6261795
vt -19.26822 0.6112334
vt -19.2605 0.5888649
vt -19.26822 0.5888649
vt -19.2605 0.5624745
vt -19.26822 0.5624745
vt -19.15706 0.5624745
vt -19.16531 0.5888649
vt -19.15706 0.5888649
vt -19.16531 0.5624745
vt -19.15706 0.5360842
vt -19.16531 0.5360842
vt -19.15706 0.5137098
vt -19.16531 0.5137098
vt -19.15706 0.4987577
vt -19.16531 0.4987577
vt -19.2605 0.5137098
vt -19.2605 0.4987577
vt -19.26822 0.5137098
vt -19.26822 0.4987577
vt -19.26822 0.5360842
vt -19.2605 0.5360842
vt -19.26822 0.5624745
vt -19.2605 0.5624745
vt -19.91507 0.8091428
vt -19.91507 0.7183571
vt -19.9341 0.7183571
vt -19.9341 0.8091428
vt -19.95312 0.7183571
vt -19.95312 0.8091428
vt -19.16531 0.5862593
vt -19.2605 0.6032374
vt -19.16531 0.6032374
vt -19.2605 0.5862593
vt -19.16531 0.5624745
vt -19.2605 0.5624745
vt -19.16531 0.5386898
vt -19.2605 0.5386838
vt -19.16531 0.5217057
vt -19.2605 0.5217057
vt -19.79884 0.7183597
vt -19.77981 0.8091366
vt -19.77981 0.7183597
vt -19.79884 0.8091366
vt -19.81786 0.7183597
vt -19.81786 0.8091366
vt -19.44079 0.5862616
vt -19.53598 0.6032418
vt -19.44079 0.6032418
vt -19.53598 0.5862616
vt -19.44079 0.5624779
vt -19.53598 0.5624779
vt -19.44079 0.5386913
vt -19.53598 0.5386913
vt -19.44079 0.5217141
vt -19.53598 0.5217141
vt -19.11346 0.7613167
vt -19.12035 0.7613167
vt -19.12035 0.7848612
vt -19.11346 0.7848612
vt -19.12035 0.8084031
vt -19.11346 0.8084031
vt -19.09513 0.7848499
vt -19.08826 0.7613381
vt -19.09513 0.7613381
vt -19.08826 0.7848499
vt -19.09513 0.8083671
vt -19.08826 0.8083671
vt -19.09228 0.8934314
vt -19.09897 0.8991042
vt -19.09366 0.916675
vt -19.08766 0.916675
vt -19.09897 0.9342378
vt -19.09228 0.9399132
vt -19.13584 0.9166697
vt -19.12449 0.8990448
vt -19.13119 0.8933529
vt -19.12982 0.9166697
vt -19.13119 0.9399918
vt -19.12449 0.9342946
vt -19.90892 0.7183571
vt -19.91507 0.7183571
vt -19.91507 0.8091428
vt -19.90892 0.8091428
vt -19.95927 0.8091428
vt -19.95312 0.8091428
vt -19.95312 0.7183571
vt -19.95927 0.7183571
vt -19.65248 0.5494813
vt -19.66972 0.5621695
vt -19.66567 0.569227
vt -19.65802 0.5471842
vt -19.64784 0.5261884
vt -19.65385 0.5261884
vt -19.65248 0.5028956
vt -19.65802 0.5051953
vt -19.66567 0.4831499
vt -19.66972 0.4902073
vt -19.16531 0.6112334
vt -19.16531 0.6032374
vt -19.2605 0.6032374
vt -19.2605 0.6112334
vt -19.73151 0.4831301
vt -19.73556 0.4901908
vt -19.72385 0.505183
vt -19.71831 0.5028822
vt -19.71968 0.5261858
vt -19.71368 0.5261858
vt -19.72385 0.5471939
vt -19.71831 0.5494894
vt -19.73556 0.5621861
vt -19.73151 0.5692468
vt -19.2605 0.5137098
vt -19.2605 0.5217057
vt -19.16531 0.5217057
vt -19.16531 0.5137098
vt -19.17268 0.9339502
vt -19.16133 0.9163231
vt -19.16804 0.9106321
vt -19.16666 0.9339502
vt -19.16804 0.957263
vt -19.16133 0.9515694
vt -19.77367 0.7183597
vt -19.77981 0.7183597
vt -19.77981 0.8091366
vt -19.77367 0.8091366
vt -19.20281 0.9106702
vt -19.20951 0.9163519
vt -19.20419 0.9339449
vt -19.19818 0.9339449
vt -19.20951 0.951538
vt -19.20281 0.9572248
vt -19.82401 0.8091366
vt -19.81786 0.8091366
vt -19.81786 0.7183597
vt -19.82401 0.7183597
vt -19.79677 0.5028973
vt -19.77952 0.4902101
vt -19.78358 0.4831531
vt -19.79123 0.5051969
vt -19.8014 0.5261884
vt -19.79539 0.5261884
vt -19.79677 0.5494795
vt -19.79123 0.5471826
vt -19.78358 0.5692238
vt -19.77952 0.5621668
vt -19.44079 0.6112374
vt -19.44079 0.6032418
vt -19.53598 0.6032418
vt -19.53598 0.6112374
vt -19.84942 0.5692059
vt -19.84537 0.5621518
vt -19.85707 0.5471686
vt -19.86261 0.5494673
vt -19.86123 0.5261858
vt -19.86723 0.5261858
vt -19.85707 0.5052029
vt -19.86261 0.5029044
vt -19.84537 0.490225
vt -19.84942 0.483171
vt -19.53598 0.5137185
vt -19.53598 0.5217141
vt -19.44079 0.5217141
vt -19.44079 0.5137185
vt -19.27743 0.9584261
vt -19.27458 0.9609647
vt -19.26886 0.9501612
vt -19.2719 0.9479639
vt -19.28113 0.9574981
vt -19.27542 0.9466946
vt -19.26435 0.933672
vt -19.26762 0.9319386
vt -19.27738 0.9470995
vt -19.26898 0.9312201
vt -19.32864 0.7934954
vt -19.326 0.7934954
vt -19.32403 0.7777255
vt -19.32672 0.7782211
vt -19.3322 0.7934954
vt -19.33022 0.7777255
vt -19.33461 0.7934954
vt -19.33248 0.8104674
vt -19.33248 0.7765232
vt -19.32483 0.7661781
vt -19.32667 0.7640991
vt -19.32672 0.8087696
vt -19.32403 0.8092652
vt -19.326 0.7934954
vt -19.32864 0.7934954
vt -19.36156 0.9092817
vt -19.36526 0.9102088
vt -19.35955 0.9210023
vt -19.35604 0.9197341
vt -19.35176 0.9357445
vt -19.35312 0.9364623
vt -19.36151 0.9205977
vt -19.29622 0.7935004
vt -19.2978 0.8092518
vt -19.29431 0.8087596
vt -19.29977 0.7935004
vt -19.29431 0.7782354
vt -19.2978 0.7777374
vt -19.30218 0.7935004
vt -19.30006 0.8104531
vt -19.29425 0.8228701
vt -19.2924 0.8207899
vt -19.25678 0.91938
vt -19.25326 0.9206493
vt -19.24755 0.9098458
vt -19.26435 0.933672
vt -19.26106 0.9354053
vt -19.25131 0.9202443
vt -19.25971 0.9361238
vt -19.26886 0.9501612
vt -19.2681 0.9520032
vt -19.25678 0.91938
vt -19.24755 0.9098458
vt -19.25125 0.9089178
vt -19.25982 0.9171827
vt -19.25411 0.9063792
vt -19.26762 0.9319386
vt -19.26435 0.933672
vt -19.26898 0.9312201
vt -19.26058 0.9153407
vt -19.25517 0.7790276
vt -19.26294 0.7665249
vt -19.26454 0.7684326
vt -19.25286 0.7779258
vt -19.25174 0.7935
vt -19.24917 0.7935
vt -19.25517 0.8079711
vt -19.25286 0.8090729
vt -19.26454 0.818566
vt -19.26294 0.8204738
vt -19.35176 0.9357445
vt -19.35312 0.9364623
vt -19.34473 0.952327
vt -19.34397 0.9504867
vt -19.2978 0.7777374
vt -19.30006 0.7765419
vt -19.30218 0.7935004
vt -19.2924 0.7662051
vt -19.29425 0.7641249
vt -19.70984 0.709096
vt -19.7138 0.6945933
vt -19.71564 0.6966693
vt -19.70758 0.7078938
vt -19.70771 0.7260676
vt -19.7053 0.7260676
vt -19.70984 0.7430333
vt -19.70408 0.7073953
vt -19.70984 0.7430333
vt -19.70758 0.7442356
vt -19.7053 0.7260676
vt -19.71564 0.7554601
vt -19.7138 0.7575361
vt -19.48467 0.7961102
vt -19.49494 0.8122765
vt -19.493 0.8118744
vt -19.48602 0.795397
vt -19.47633 0.780346
vt -19.47709 0.7785174
vt -19.49844 0.8110163
vt -19.50515 0.8237118
vt -19.50147 0.824633
vt -19.48927 0.7936762
vt -19.50145 0.808835
vt -19.49253 0.7919554
vt -19.4801 0.7763361
vt -19.47056 0.7661625
vt -19.6609 0.7417421
vt -19.65236 0.7551334
vt -19.65076 0.753215
vt -19.66322 0.7428495
vt -19.66461 0.7260708
vt -19.6672 0.7260708
vt -19.6609 0.7103981
vt -19.66322 0.7092906
vt -19.65076 0.6989252
vt -19.65236 0.6970067
vt -19.39842 0.7961139
vt -19.39707 0.7953995
vt -19.40601 0.7784948
vt -19.403 0.7763101
vt -19.39381 0.7936762
vt -19.40971 0.7635957
vt -19.41255 0.7661213
vt -19.40603 0.7626746
vt -19.39949 0.7750481
vt -19.39055 0.7919528
vt -19.39008 0.8119016
vt -19.38813 0.8123043
vt -19.39707 0.7953995
vt -19.39842 0.7961139
vt -19.7053 0.7260676
vt -19.70174 0.7260676
vt -19.70408 0.7073953
vt -19.70139 0.7078938
vt -19.69911 0.7260676
vt -19.70758 0.7442356
vt -19.70174 0.7260676
vt -19.7053 0.7260676
vt -19.70408 0.7447281
vt -19.69911 0.7260676
vt -19.70139 0.7442356
vt -19.47056 0.7661625
vt -19.47339 0.7636406
vt -19.4801 0.7763361
vt -19.4836 0.775076
vt -19.47707 0.762721
vt -19.49253 0.7919554
vt -19.49387 0.7912422
vt -19.48554 0.775478
vt -19.60184 0.7986467
vt -19.60448 0.7986467
vt -19.60682 0.8173285
vt -19.60412 0.8168325
vt -19.60412 0.7804609
vt -19.60448 0.7986467
vt -19.60184 0.7986467
vt -19.60682 0.779962
vt -19.60805 0.7986467
vt -19.61032 0.7804609
vt -19.61032 0.8168325
vt -19.38813 0.8123043
vt -19.39381 0.7936762
vt -19.39707 0.7953995
vt -19.38463 0.8110422
vt -19.38159 0.8246793
vt -19.39055 0.7919528
vt -19.3779 0.8237567
vt -19.38161 0.8088576
vt -19.37507 0.8212311
vt -19.49844 0.8110163
vt -19.50798 0.8211899
vt -19.50515 0.8237118
vt -19.50145 0.808835
vt -19.49253 0.7919554
vt -19.50221 0.8070064
vt -19.49387 0.7912422
vt -19.56595 0.7819409
vt -19.55354 0.7716215
vt -19.55513 0.7697129
vt -19.56363 0.7830462
vt -19.5699 0.7986494
vt -19.56733 0.7986494
vt -19.56595 0.8153525
vt -19.56363 0.8142472
vt -19.55513 0.8275805
vt -19.55354 0.8256719
vt -19.56363 0.8142472
vt -19.56595 0.8153525
vt -19.39055 0.7919528
vt -19.39755 0.7754508
vt -19.39949 0.7750481
vt -19.3892 0.7912385
vt -19.38161 0.8088576
vt -19.38086 0.8070263
vt -19.32667 0.8228886
vt -19.32483 0.8208125
vt -19.33022 0.8092652
vt -19.33248 0.8104674
vt -19.3322 0.7934954
vt -19.32864 0.7934954
vt -19.32672 0.8087696
vt -19.34385 0.9315633
vt -19.34521 0.932281
vt -19.33741 0.9470232
vt -19.35224 0.9156986
vt -19.353 0.9175388
vt -19.35871 0.9067453
vt -19.35604 0.9197341
vt -19.36156 0.9092817
vt -19.20422 0.8091204
vt -19.21593 0.8186449
vt -19.21433 0.8205616
vt -19.20654 0.8080136
vt -19.20052 0.7935002
vt -19.20309 0.7935002
vt -19.20422 0.7778746
vt -19.20654 0.778976
vt -19.21433 0.7664334
vt -19.21593 0.7683501
vt -19.33741 0.9470232
vt -19.33541 0.9587438
vt -19.33171 0.9578167
vt -19.34093 0.9482914
vt -19.33826 0.9612802
vt -19.34521 0.932281
vt -19.34397 0.9504867
vt -19.34848 0.9340128
vt -19.353 0.9175388
vt -19.35176 0.9357445
vt -19.35604 0.9197341
vt -19.29359 0.7935004
vt -19.29622 0.7935004
vt -19.29431 0.8087596
vt -19.29161 0.8092518
vt -19.29161 0.7777374
vt -19.29431 0.7782354
vt -19.29622 0.7935004
vt -19.29359 0.7935004
vt -19.72446 0.233156
vt -19.74002 0.2267082
vt -19.75342 0.2467433
vt -19.7415 0.2586578
vt -19.71848 0.2030665
vt -19.77345 0.2601322
vt -19.76701 0.2756987
vt -19.73532 0.2030665
vt -19.72446 0.1729883
vt -19.79709 0.2648333
vt -19.79709 0.2816871
vt -19.74002 0.1794304
vt -19.7415 0.1474809
vt -19.82072 0.2601322
vt -19.82717 0.2756987
vt -19.75342 0.1593953
vt -19.76701 0.13044
vt -19.84076 0.2467433
vt -19.85268 0.2586578
vt -19.77345 0.1460065
vt -19.79709 0.1244572
vt -19.85415 0.2267082
vt -19.86971 0.233156
vt -19.79709 0.1413053
vt -19.82717 0.13044
vt -19.85885 0.2030665
vt -19.8757 0.2030665
vt -19.82072 0.1460065
vt -19.85268 0.1474809
vt -19.85415 0.1794304
vt -19.86971 0.1729883
vt -19.84076 0.1593953
vt -19.8364 0.2193531
vt -19.83963 0.2030665
vt -19.8364 0.1867912
vt -19.82717 0.1729883
vt -19.81337 0.1637619
vt -19.79709 0.1605238
vt -19.82717 0.233156
vt -19.78081 0.1637619
vt -19.81337 0.2423768
vt -19.76701 0.1729883
vt -19.79709 0.2456148
vt -19.75778 0.1867912
vt -19.78081 0.2423768
vt -19.75454 0.2030665
vt -19.76701 0.233156
vt -19.75778 0.2193531
vt -19.80539 0.2231072
vt -19.79709 0.2247575
vt -19.79709 0.2030665
vt -19.81242 0.2184061
vt -19.78878 0.2231072
vt -19.81713 0.2113686
vt -19.78175 0.2184061
vt -19.81878 0.2030665
vt -19.77705 0.2113686
vt -19.81713 0.19477
vt -19.7754 0.2030665
vt -19.81242 0.1877325
vt -19.77705 0.19477
vt -19.80539 0.1830314
vt -19.78175 0.1877325
vt -19.79709 0.1813812
vt -19.78878 0.1830314
vt -19.33635 0.1513532
vt -19.34502 0.1600215
vt -19.33183 0.1797716
vt -19.3205 0.1750814
vt -19.36008 0.1354993
vt -19.32719 0.2030698
vt -19.36477 0.1468213
vt -19.31494 0.2030698
vt -19.38807 0.1299306
vt -19.33183 0.226368
vt -19.38807 0.1421891
vt -19.3205 0.2310583
vt -19.41606 0.1354993
vt -19.34502 0.2461182
vt -19.41138 0.1468213
vt -19.33635 0.2547864
vt -19.43979 0.1513532
vt -19.36477 0.2593158
vt -19.43112 0.1600215
vt -19.36008 0.2706404
vt -19.45564 0.1750814
vt -19.38807 0.2639506
vt -19.44432 0.1797716
vt -19.38807 0.2762064
vt -19.46121 0.2030698
vt -19.41138 0.2593158
vt -19.44895 0.2030698
vt -19.41606 0.2706404
vt -19.45564 0.2310583
vt -19.43112 0.2461182
vt -19.44432 0.226368
vt -19.43979 0.2547864
vt -9.880524 0.3151549
vt -9.880524 0.2588986
vt -9.939359 0.2588986
vt -9.939359 0.3151549
vt -9.407157 0.7487219
vt -9.594662 0.5612171
vt -9.659599 0.6261538
vt -9.472091 0.8136604
vt -9.567517 0.9477127
vt -9.567517 0.8920057
vt -9.626328 0.8920058
vt -9.626328 0.9477128
vt -9.406404 0.5699776
vt -9.406404 0.5606773
vt -9.465249 0.5606773
vt -9.465249 0.5699776
vt -8.763894 0.9192523
vt -8.822704 0.9192523
vt -8.822704 0.9749593
vt -8.763894 0.9749593
vt -9.472091 0.01568204
vt -9.659599 0.2031878
vt -9.594662 0.2681254
vt -9.407158 0.08061963
vt -9.922263 0.6045197
vt -9.922263 0.6297262
vt -9.863439 0.6297262
vt -9.863439 0.6045197
vt -9.162807 0.2331312
vt -9.162807 0.2893866
vt -9.103971 0.2893866
vt -9.103971 0.2331312
vt -9.80487 0.5751579
vt -9.441623 0.6300943
vt -9.441582 0.5751579
vt -9.80487 0.6300943
vt -10.16816 0.5751579
vt -10.16811 0.6300943
vt -9.777133 0.7144955
vt -9.43213 0.7236603
vt -9.43213 0.7144955
vt -9.777133 0.7236603
vt -10.12214 0.7144954
vt -10.12214 0.7236602
vt -9.567517 0.8920057
vt -9.567517 0.9477127
vt -9.201021 0.9477127
vt -9.201021 0.8920057
vt -8.763894 0.9477128
vt -8.763894 0.8920058
vt -9.465249 0.5699776
vt -9.465249 0.5606773
vt -9.813454 0.5606773
vt -9.813454 0.5699776
vt -10.23537 0.5606773
vt -10.23537 0.5699775
vt -9.778744 0.6938599
vt -9.429193 0.7187126
vt -9.429193 0.6938599
vt -9.778744 0.7187126
vt -10.1283 0.6938598
vt -10.1283 0.7187126
vt -9.863439 0.6045197
vt -9.863439 0.6297262
vt -9.510778 0.6297262
vt -9.510778 0.6045197
vt -9.073542 0.6297262
vt -9.073542 0.6045197
vt -9.774032 0.7647322
vt -9.437787 0.7647322
vt -9.437826 0.7092798
vt -9.774032 0.7092798
vt -10.11028 0.7647321
vt -10.11024 0.7092798
vt -9.880524 0.3151549
vt -9.541298 0.2588986
vt -9.880524 0.2588986
vt -9.541298 0.3151549
vt -9.103982 0.2588986
vt -9.103982 0.3151549
vt -9.407157 0.4145067
vt -9.594662 0.5612171
vt -9.407157 0.7487219
vt -9.594662 0.4145067
vt -9.407158 0.08061963
vt -9.594662 0.2681254
vt -9.472091 0.8136604
vt -9.659599 0.6261538
vt -9.812685 0.6261538
vt -9.812685 0.8136604
vt -10.01795 0.6261538
vt -10.14042 0.8136604
vt -9.837825 0.2824133
vt -9.993463 0.2824133
vt -10.17691 0.4661062
vt -9.837825 0.4661062
vt -9.527558 0.4661062
vt -9.649432 0.2824133
vt -10.17691 0.4661062
vt -9.993463 0.2824133
vt -9.993463 0.1248539
vt -10.17691 0.1251037
vt -10.17691 -0.2158978
vt -9.993463 -0.03270453
vt -9.506163 1.238436
vt -9.075077 1.252172
vt -9.075077 1.238292
vt -9.506163 1.252172
vt -9.853862 1.238436
vt -9.867595 1.252172
vt -9.911859 1.18044
vt -9.925591 1.194175
vt -9.911859 0.8308885
vt -9.925591 0.8308885
vt -9.911859 0.4813364
vt -9.925591 0.4676016
vt -9.853862 0.4233406
vt -9.867595 0.4096048
vt -9.506163 0.4096048
vt -9.506163 0.4233406
vt -9.075077 0.4234618
vt -9.075077 0.4096049
vt -9.536721 0.856488
vt -9.105639 0.8697947
vt -9.105639 0.8565663
vt -9.536721 0.8697947
vt -9.871113 0.856488
vt -9.884418 0.8697946
vt -9.929109 0.7984922
vt -9.942414 0.8117979
vt -9.929109 0.4622486
vt -9.942414 0.4622486
vt -9.929109 0.1260059
vt -9.942414 0.1126993
vt -9.871113 0.06800914
vt -9.884418 0.05470443
vt -9.536721 0.05470449
vt -9.536721 0.0680092
vt -9.105639 0.06755146
vt -9.105639 0.05470452
vt -10.17651 0.5797079
vt -10.17651 0.5704095
vt -10.23536 0.5704095
vt -10.23536 0.5797079
vt -9.158489 0.294772
vt -9.158489 0.3199785
vt -9.099665 0.3199785
vt -9.099665 0.294772
vt -9.659599 0.2031878
vt -9.594662 0.4145067
vt -9.594662 0.2681254
vt -9.659599 0.4145067
vt -9.594662 0.5612171
vt -9.659599 0.6261538
vt -9.765966 0.4145067
vt -9.771993 0.4369915
vt -9.771993 0.3920229
vt -9.770047 0.3069046
vt -9.812685 0.2031878
vt -9.82446 0.3029764
vt -10.01795 0.2031878
vt -9.788449 0.3755644
vt -9.779551 0.4145067
vt -9.783755 0.398815
vt -9.783755 0.4301994
vt -9.795244 0.3873289
vt -9.795244 0.4416865
vt -9.810934 0.36954
vt -9.810934 0.3831242
vt -9.788449 0.4534519
vt -9.810934 0.4458912
vt -9.885213 0.3069046
vt -9.83342 0.3755644
vt -9.826625 0.3873289
vt -9.849879 0.3920229
vt -10.01795 0.4145067
vt -9.838114 0.398815
vt -9.855903 0.4145067
vt -9.842319 0.4145067
vt -10.01795 0.6261538
vt -9.849879 0.4369915
vt -9.838114 0.4301994
vt -9.885213 0.5221108
vt -9.812685 0.6261538
vt -9.83342 0.4534519
vt -9.826625 0.4416884
vt -9.82446 0.526038
vt -9.810934 0.4594753
vt -9.770047 0.5221108
vt -9.415937 0.5893715
vt -9.415937 0.5802067
vt -9.818933 0.5802067
vt -9.818933 0.5893715
vt -10.22193 0.5802066
vt -10.22193 0.5893714
vt -9.828319 0.5704096
vt -10.17651 0.5704095
vt -10.17651 0.5797079
vt -9.828319 0.5797079
vt -9.406417 0.5797079
vt -9.406417 0.5704096
vt -9.091376 0.6637705
vt -9.091521 0.6389168
vt -9.104604 0.6637705
vt -9.498927 0.6637705
vt -9.498927 0.7192219
vt -9.104723 0.7192219
vt -9.893629 0.6637705
vt -9.893131 0.7192219
vt -9.906358 0.6389168
vt -9.906478 0.6637705
vt -9.498927 0.6389168
vt -9.077684 0.5839804
vt -9.077641 0.6389168
vt -9.498927 0.5839804
vt -9.92017 0.5839804
vt -9.920214 0.6389168
vt -9.812685 0.2031878
vt -9.659599 0.2031878
vt -9.472091 0.01568204
vt -9.812685 0.01568204
vt -10.14042 0.01568204
vt -10.01795 0.2031878
vt -9.1892 0.9749592
vt -8.822704 0.9749593
vt -8.822704 0.9192523
vt -9.1892 0.9192522
vt -9.626327 0.9192523
vt -9.626327 0.9749593
vt -10.17691 -0.2158978
vt -9.993463 -0.03270453
vt -9.837825 -0.03270453
vt -9.837825 -0.2158977
vt -9.649432 -0.03270453
vt -9.527558 -0.2158977
vt -9.51115 0.3199785
vt -9.158489 0.3199785
vt -9.158489 0.294772
vt -9.51115 0.294772
vt -9.948388 0.294772
vt -9.948388 0.3199785
vt -9.649432 0.1248539
vt -9.649432 0.2824133
vt -9.527558 0.4661062
vt -9.527558 0.1251038
vt -9.527558 -0.2158977
vt -9.649432 -0.03270453
vt -9.502043 0.2893866
vt -9.162807 0.2893866
vt -9.162807 0.2331312
vt -9.502043 0.2331312
vt -9.93937 0.2331312
vt -9.93937 0.2893866
vt -9.981629 0.545595
vt -10.15938 0.7693622
vt -9.781306 0.7693623
vt -9.781306 0.545595
vt -9.402923 0.7693623
vt -9.580672 0.545595
vt -9.993463 0.1248539
vt -9.993463 0.2824133
vt -9.837825 0.2824133
vt -9.837825 0.1248539
vt -9.649432 0.2824133
vt -9.649432 0.1248539
vt -9.649432 -0.03270453
vt -9.837825 -0.03270453
vt -9.993463 -0.03270453
vt -10.16373 0.6960628
vt -10.16373 0.7348163
vt -10.15811 0.7348163
vt -10.15811 0.6960628
vt -9.788961 0.7348164
vt -10.15729 0.7395961
vt -9.789755 0.7395962
vt -9.784102 0.7395962
vt -9.788961 0.6960629
vt -9.783309 0.7348164
vt -9.783309 0.6960629
vt -10.14888 0.7610519
vt -10.1545 0.7222974
vt -10.1545 0.7610519
vt -10.14888 0.7222974
vt -10.15367 0.7175195
vt -10.14805 0.7175195
vt -9.779407 0.761052
vt -9.780234 0.7175196
vt -9.779407 0.7222975
vt -9.773788 0.761052
vt -9.773788 0.7222975
vt -9.774612 0.7175196
vt -10.13612 0.7378051
vt -10.13019 0.7786453
vt -10.13019 0.7378051
vt -10.13612 0.7786453
vt -10.21133 0.7378051
vt -10.12933 0.7836816
vt -10.21133 0.7786453
vt -10.13526 0.7836816
vt -10.20924 0.7836816
vt -8.986004 0.1387843
vt -8.954989 0.1348504
vt -8.954988 0.1278265
vt -8.954989 0.3141945
vt -8.925984 0.3234871
vt -8.925984 0.1255597
vt -8.986004 0.3102587
vt -9.49447 0.2778595
vt -9.49447 0.1712444
vt -9.528572 0.1703842
vt -9.49447 0.1649254
vt -9.528572 0.2787197
vt -9.561893 0.1646412
vt -9.561893 0.2844637
vt -9.593241 0.1542328
vt -8.985964 0.3172558
vt -8.954967 0.3212241
vt -9.49447 0.2841805
vt -9.528572 0.2850512
vt -9.561893 0.2908371
vt -8.925967 0.3305901
vt -9.593241 0.3013256
vt -8.900591 0.3376272
vt -8.900567 0.3448256
vt -9.593241 0.2948721
vt -9.662584 0.3211516
vt -9.662583 0.3153589
vt -9.682609 0.3212298
vt -9.662583 0.133745
vt -9.682609 0.3152502
vt -9.682609 0.1338547
vt -8.757689 0.4010962
vt -8.757687 0.4070061
vt -8.753405 0.4029387
vt -8.753403 0.408758
vt -8.757634 0.04798971
vt -8.748499 0.40357
vt -8.748498 0.4093502
vt -8.733737 0.4035738
vt -8.733737 0.4093493
vt -8.733737 0.045554
vt -8.75337 0.04617867
vt -8.748427 0.04555686
vt -8.733737 0.03981765
vt -8.748427 0.03981672
vt -8.75337 0.04040131
vt -8.757634 0.04213034
vt -8.900591 0.111431
vt -8.900589 0.1042546
vt -8.925982 0.118472
vt -8.954989 0.1348504
vt -8.925984 0.1255597
vt -8.925982 0.118472
vt -8.954988 0.1278265
vt -8.986004 0.1387843
vt -8.986003 0.1317881
vt -9.49447 0.1712444
vt -9.49447 0.1649254
vt -9.528572 0.1703842
vt -9.528572 0.1640547
vt -9.561893 0.1646412
vt -9.561893 0.1582668
vt -9.593241 0.1542328
vt -9.593241 0.1477783
vt -9.662583 0.133745
vt -9.662583 0.1279534
vt -9.682609 0.1338547
vt -9.682609 0.1278751
vt -8.971539 0.2806605
vt -9.512269 0.3158472
vt -9.512268 0.3225592
vt -8.972149 0.2375849
vt -8.938896 0.2763298
vt -9.512269 0.2822588
vt -9.548491 0.2816465
vt -8.939226 0.2326315
vt -8.908159 0.2659882
vt -8.908422 0.2204369
vt -8.881034 0.250265
vt -8.881443 0.201681
vt -8.72968 0.1235169
vt -9.583883 0.2756861
vt -9.548491 0.3149241
vt -9.583883 0.3087786
vt -9.583883 0.3155468
vt -9.617181 0.3044928
vt -9.617181 0.2645844
vt -9.617181 0.2976349
vt -9.690834 0.2765768
vt -9.690834 0.2465971
vt -9.712105 0.2766007
vt -9.712105 0.2466772
vt -8.908417 0.4842299
vt -8.939224 0.4744147
vt -8.939234 0.4818752
vt -8.908423 0.4917544
vt -8.908439 0.5379027
vt -8.881466 0.5566291
vt -8.881435 0.5067766
vt -8.939248 0.5257252
vt -8.97217 0.477682
vt -8.97219 0.5207775
vt -9.512269 0.4761074
vt -9.512269 0.442519
vt -9.548491 0.4434422
vt -9.548491 0.4767187
vt -9.583883 0.4495896
vt -9.583883 0.4826763
vt -9.617181 0.4607285
vt -9.617181 0.4937819
vt -9.690834 0.5117691
vt -8.939224 0.4744147
vt -8.97217 0.477682
vt -8.939234 0.4818752
vt -8.972153 0.4702538
vt -9.512269 0.442519
vt -9.512269 0.4358032
vt -9.548491 0.4434422
vt -8.971512 0.2880886
vt -9.548491 0.4367178
vt -9.583883 0.4495896
vt -8.938881 0.2837904
vt -8.908417 0.4842299
vt -9.583883 0.4428185
vt -9.617181 0.4607285
vt -9.548491 0.3216484
vt -9.512268 0.3225592
vt -8.971539 0.2806605
vt -8.938896 0.2763298
vt -8.908159 0.2659882
vt -9.512269 0.3158472
vt -8.908147 0.2735175
vt -8.881034 0.250265
vt -9.548491 0.3149241
vt -9.548491 0.2816465
vt -9.583883 0.3155468
vt -9.617181 0.3044928
vt -8.881426 0.4991721
vt -8.908423 0.4917544
vt -8.881435 0.5067766
vt -8.881017 0.2578867
vt -8.729611 0.1819056
vt -8.72968 0.1235169
vt -8.729609 0.1881102
vt -8.72509 0.1800135
vt -8.72513 0.1213044
vt -8.729626 0.5659941
vt -8.725089 0.1861227
vt -8.719837 0.1793755
vt -8.729626 0.5722312
vt -8.881466 0.5566291
vt -8.729624 0.6347932
vt -8.725096 0.6369723
vt -8.725097 0.5740547
vt -8.725097 0.5679063
vt -8.719846 0.5685633
vt -8.719846 0.5746725
vt -8.719833 0.1854428
vt -8.704241 0.1793783
vt -8.704241 0.1854428
vt -8.704241 0.5685662
vt -8.704241 0.5746726
vt -9.583883 0.3087786
vt -9.617181 0.2976349
vt -9.690834 0.2827309
vt -9.690834 0.2765768
vt -9.712105 0.2827013
vt -9.712105 0.2766007
vt -9.712105 0.4756678
vt -9.690834 0.4756382
vt -9.712105 0.4817656
vt -9.617181 0.4538735
vt -9.690834 0.4817865
vt -9.712105 0.511689
vt -9.690834 0.5117691
vt -9.690673 -0.0330984
vt -9.711936 -0.03307551
vt -9.711936 -0.02697867
vt -9.690673 -0.02694911
vt -9.617044 -0.01204604
vt -9.711936 0.1659229
vt -9.617044 -0.005193889
vt -9.583757 -0.0009118915
vt -9.690673 0.1658915
vt -9.711936 0.1720198
vt -9.690673 0.1720436
vt -9.711936 0.2019327
vt -9.690673 0.2020147
vt -9.617044 0.1441391
vt -9.617044 0.1509932
vt -9.617044 0.1840332
vt -9.583757 0.1729324
vt -9.583757 0.005857289
vt -9.548378 0.00523454
vt -9.583757 0.133086
vt -9.583757 0.1398543
vt -9.548378 0.1669748
vt -9.548378 0.01195604
vt -9.512167 0.006157696
vt -9.548378 0.1269873
vt -9.548378 0.1337097
vt -9.512167 0.1663635
vt -9.512167 0.1260765
vt -9.512167 0.1327866
vt -8.972248 0.1679381
vt -8.972269 0.2110194
vt -8.939339 0.2159651
vt -9.512167 0.01287061
vt -8.972247 0.160509
vt -8.939323 0.1721266
vt -8.908539 0.2281359
vt -8.972247 -0.02156463
vt -8.939322 0.1646698
vt -8.972248 -0.0289928
vt -8.972269 -0.07207507
vt -9.512167 -0.02741927
vt -8.939323 -0.03318423
vt -8.939322 -0.02572456
vt -8.908524 -0.04306334
vt -8.908524 0.1820076
vt -8.881575 0.2468584
vt -8.908523 0.1744832
vt -8.908523 -0.03553885
vt -8.881545 -0.05807989
vt -8.881542 0.1894158
vt -8.881542 -0.05046004
vt -8.729786 -0.1235114
vt -8.729787 -0.1172763
vt -8.725258 -0.1253358
vt -8.881545 0.1970223
vt -8.729786 0.2624548
vt -8.729784 0.3249978
vt -8.725257 0.3271769
vt -8.729787 0.2562207
vt -8.725258 -0.1191884
vt -8.720009 -0.1259519
vt -8.725258 0.2581318
vt -8.725258 0.2642783
vt -8.720008 0.3279599
vt -8.720009 0.2587889
vt -8.720009 -0.1198446
vt -8.70441 -0.1259509
vt -8.70441 -0.1890155
vt -8.70441 -0.1198474
vt -8.70441 0.2587918
vt -8.720009 0.2648962
vt -8.70441 0.2648962
vt -8.70441 0.3279599
vt -8.753754 0.6306218
vt -8.733729 0.630699
vt -8.733729 0.6247195
vt -8.753754 0.6248282
vt -8.823096 0.6107959
vt -8.733729 0.4433211
vt -8.823096 0.6043414
vt -8.854445 0.6003064
vt -8.753754 0.4432124
vt -8.733729 0.4373415
vt -8.753754 0.4374188
vt -8.823096 0.4636992
vt -8.823096 0.4572457
vt -8.854445 0.4741086
vt -8.854445 0.4677342
vt -8.854446 0.593933
vt -8.887769 0.5945204
vt -8.887769 0.4798516
vt -8.887769 0.4735211
vt -8.887769 0.588189
vt -8.921872 0.5936487
vt -8.921872 0.4807127
vt -8.921872 0.4743918
vt -8.921872 0.5873297
vt -9.430346 0.6267241
vt -9.430344 0.6197279
vt -9.46136 0.6306875
vt -9.430344 0.4482515
vt -9.430346 0.4412544
vt -9.46136 0.4443157
vt -9.46136 0.4372929
vt -9.46136 0.6236637
vt -9.490366 0.6400402
vt -9.490366 0.4350269
vt -9.490366 0.4279383
vt -9.490366 0.6329525
vt -9.515761 0.6542595
vt -9.515759 0.4208859
vt -9.515761 0.41372
vt -9.515759 0.6470831
vt -9.658719 0.7164457
vt -9.658719 0.7105873
vt -9.662981 0.7181738
vt -9.658719 0.3574532
vt -9.658719 0.3515947
vt -9.662981 0.3556431
vt -9.662981 0.3498667
vt -9.662981 0.7123984
vt -9.667928 0.7187594
vt -9.667928 0.3550203
vt -9.667928 0.3492811
vt -9.667928 0.7130192
vt -9.682616 0.7187584
vt -9.682616 0.7130221
vt -9.682616 0.3550194
vt -9.682616 0.3492821
vt -8.75337 0.04617867
vt -8.748427 0.04555686
vt -8.748427 0.03981672
vt -8.75337 0.04040131
vt -10.15729 0.7395961
vt -10.15811 0.7348163
vt -10.16373 0.7348163
vt -10.16291 0.7395961
vt -10.13391 0.8051593
vt -10.1407 0.8001192
vt -10.13981 0.8051593
vt -10.1348 0.8001192
vt -10.1407 0.7592428
vt -10.1348 0.7592428
vt -9.742206 0.8001192
vt -9.743064 0.8051594
vt -9.737123 0.8051594
vt -9.742206 0.7592428
vt -9.736265 0.8001192
vt -9.736265 0.7592428
vt -9.660991 0.8001192
vt -9.660991 0.7592428
vt -10.07549 0.7817552
vt -10.0699 0.7840726
vt -9.892939 0.7840726
vt -9.887344 0.7817552
vt -10.10293 0.7543142
vt -9.859902 0.7543142
vt -9.85749 0.7484901
vt -10.10535 0.7484901
vt -10.10535 0.5717981
vt -9.85749 0.5717981
vt -9.859902 0.5659731
vt -10.10293 0.5659731
vt -10.07549 0.5385321
vt -9.887344 0.5385321
vt -9.892939 0.5362156
vt -10.0699 0.5362156
vt -8.939323 -0.03318423
vt -8.972269 -0.07207507
vt -8.972248 -0.0289928
vt -8.939339 -0.07702082
vt -8.908524 -0.04306334
vt -8.908539 -0.08919257
vt -8.881545 -0.05807989
vt -8.881576 -0.1079151
vt -8.729784 -0.1860524
vt -8.729786 -0.1235114
vt -8.725258 -0.1253358
vt -8.725257 -0.1882316
vt -8.720009 -0.1259519
vt -8.720008 -0.1890136
vt -8.70441 -0.1890155
vt -9.548378 -0.02802962
vt -9.512167 0.006157696
vt -9.512167 -0.02741927
vt -9.548378 0.00523454
vt -9.583757 -0.03398818
vt -9.583757 -0.0009118915
vt -9.617044 -0.04508895
vt -9.617044 -0.01204604
vt -9.690673 -0.0330984
vt -9.690673 -0.06306952
vt -9.711936 -0.03307551
vt -9.711936 -0.06298941
vt -9.737442 0.7836817
vt -9.663462 0.7836817
vt -9.661378 0.7786453
vt -9.736582 0.7786453
vt -9.736582 0.7378052
vt -9.661378 0.7378052
vt -9.742517 0.7378052
vt -9.742517 0.7786453
vt -9.743376 0.7836817
vt -10.13019 0.7378051
vt -10.12933 0.7836816
vt -10.13019 0.7786453
vt -8.719837 0.1793755
vt -8.704241 0.1793783
vt -8.704241 0.1205042
vt -8.719919 0.120508
vt -8.72513 0.1213044
vt -8.72509 0.1800135
vt -8.719845 0.6377572
vt -8.704241 0.6377572
vt -8.704241 0.5746726
vt -8.719846 0.5746725
vt -8.725097 0.5740547
vt -8.725096 0.6369723
vt -10.1407 0.8001192
vt -10.1407 0.7592428
vt -10.21185 0.7592428
vt -10.21185 0.8001192
vt -10.20976 0.8051593
vt -10.13981 0.8051593
vt -9.737123 0.8051594
vt -9.663077 0.8051594
vt -9.660991 0.8001192
vt -9.736265 0.8001192
vt -8.846098 1.156762
vt -8.827855 1.175006
vt -8.769858 1.117012
vt -9.189282 1.175006
vt -8.788102 1.098767
vt -9.189282 1.156762
vt -8.769858 0.7537707
vt -8.788102 0.7537708
vt -9.605113 1.156762
vt -9.620363 1.175006
vt -9.620363 0.7537706
vt -9.605113 0.7537706
vt -9.620363 0.3325346
vt -9.605113 0.3507784
vt -9.189282 0.3325346
vt -9.189282 0.3507784
vt -8.788102 0.4087742
vt -8.769858 0.3905314
vt -8.827855 0.3325346
vt -8.846098 0.3507784
vt -9.407157 0.7487219
vt -9.363491 0.4145067
vt -9.407157 0.4145067
vt -9.407158 0.08061963
vt -9.363491 0.8007935
vt -9.363491 0.02822095
vt -9.472091 0.8136604
vt -9.428429 0.8657292
vt -9.428429 -0.03671569
vt -9.472091 0.01568204
vt -9.812685 0.01568204
vt -9.812685 -0.03671569
vt -10.14042 0.01568204
vt -10.27828 -0.03671575
vt -10.14042 0.4145067
vt -10.27828 0.4145067
vt -9.812685 0.8657292
vt -9.812685 0.8136604
vt -10.14042 0.8136604
vt -10.27828 0.8657291
vt -9.921233 0.6077221
vt -9.930442 0.5853098
vt -9.936042 0.5876148
vt -9.564671 0.5853098
vt -9.926832 0.6100233
vt -9.986412 0.666518
vt -10.007 0.6579245
vt -10.00933 0.6635111
vt -9.573879 0.6077221
vt -9.568281 0.6100233
vt -9.559072 0.5876148
vt -9.5087 0.666518
vt -9.488113 0.6579235
vt -9.987624 0.672572
vt -10.00963 1.030564
vt -9.507488 0.672572
vt -9.485785 0.6635121
vt -9.507488 1.021797
vt -9.485785 1.030858
vt -9.9876 1.021797
vt -10.00738 1.036185
vt -9.986439 1.027852
vt -9.940315 1.106368
vt -9.5087 1.027852
vt -9.488113 1.036446
vt -9.559071 1.106755
vt -9.568281 1.084346
vt -9.573879 1.086647
vt -9.564671 1.109057
vt -9.93475 1.108751
vt -9.930792 1.084253
vt -9.92523 1.086647
vt -9.679132 0.705407
vt -9.674335 0.7034062
vt -9.676689 0.6977633
vt -9.674034 1.072426
vt -9.681489 0.699765
vt -9.749149 0.6327227
vt -9.747174 0.6279238
vt -9.75283 0.6255968
vt -9.694878 0.7119816
vt -9.697235 0.7063397
vt -9.694878 1.064135
vt -9.755654 0.6485642
vt -9.678835 1.070503
vt -9.697139 1.069816
vt -9.754804 0.6303957
vt -9.761309 0.6462401
vt -9.681109 1.076179
vt -9.676307 1.078102
vt -9.751657 1.127436
vt -9.742889 1.147781
vt -10.11857 0.6303957
vt -10.12054 0.6255968
vt -10.11206 0.64624
vt -10.1262 0.6279237
vt -9.744944 1.142984
vt -9.757274 1.129854
vt -10.12422 0.6327226
vt -10.11772 0.6485641
vt -9.750563 1.14539
vt -9.748511 1.150187
vt -10.11206 1.129854
vt -10.12054 1.150495
vt -10.19188 0.6997631
vt -10.19668 0.6977632
vt -10.17614 0.7063396
vt -10.19903 0.7034061
vt -10.11857 1.145694
vt -10.11772 1.12753
vt -10.19423 0.705406
vt -10.17849 0.7119815
vt -10.12422 1.14337
vt -10.1262 1.14817
vt -10.17614 1.069755
vt -10.19668 1.078333
vt -10.19423 1.070689
vt -10.19903 1.072691
vt -10.17849 1.064113
vt -10.19188 1.076332
vt -10.17691 0.4661062
vt -10.25376 0.4814842
vt -10.19228 0.5429599
vt -9.837825 0.54296
vt -9.837825 0.4661062
vt -9.380873 0.54296
vt -9.527558 0.4661062
vt -9.380873 0.1251038
vt -9.527558 0.1251038
vt -9.380873 -0.2927515
vt -9.527558 -0.2158977
vt -9.837825 -0.2927516
vt -9.837825 -0.2158977
vt -10.17691 -0.2158978
vt -10.19228 -0.2927514
vt -10.25376 -0.2312749
vt -10.21336 0.4661062
vt -10.17691 0.1251037
vt -10.21334 0.1251037
vt -10.25376 0.1251038
vt -10.21332 -0.2158978
vt -9.810934 0.4145067
vt -9.795244 0.4416865
vt -9.783755 0.4301994
vt -9.779551 0.4145067
vt -9.810934 0.4458912
vt -9.783755 0.398815
vt -9.826625 0.4416884
vt -9.795244 0.3873289
vt -9.838114 0.4301994
vt -9.810934 0.3831242
vt -9.842319 0.4145067
vt -9.826625 0.3873289
vt -9.838114 0.398815
vt -29.83154 0.8959475
vt -29.8079 0.8805062
vt -29.81788 0.8692018
vt -29.80424 0.8959475
vt -29.83154 0.8650646
vt -29.8079 0.9113891
vt -29.84519 0.8692018
vt -29.81788 0.9226935
vt -29.85518 0.8805062
vt -29.83154 0.9268303
vt -29.85883 0.8959475
vt -29.84519 0.9226935
vt -29.85518 0.9113891
usemtl Sink1_Secondary_Mat
f 3/3/3 2/2/2 1/1/1
f 6/6/6 5/5/5 4/4/4
f 9/9/9 8/8/8 7/7/7
f 12/12/12 11/11/11 10/10/10
f 15/15/15 14/14/14 13/13/13
f 17/17/17 16/16/16 14/14/14
f 16/16/16 18/18/18 14/14/14
f 14/14/14 18/18/18 19/19/19
f 18/18/18 20/20/20 19/19/19
f 19/19/19 20/20/20 21/21/21
f 20/20/20 22/22/22 21/21/21
f 21/21/21 22/22/22 23/23/23
f 22/22/22 24/24/24 23/23/23
f 27/27/27 26/26/26 25/25/25
f 30/30/30 29/29/29 28/28/28
f 31/31/31 30/30/30 28/28/28
f 34/34/34 33/33/33 32/32/32
f 35/35/35 34/34/34 32/32/32
f 38/38/38 37/37/37 36/36/36
f 37/37/37 39/39/39 36/36/36
f 36/36/36 39/39/39 40/40/40
f 39/39/39 41/41/41 40/40/40
f 37/37/37 42/42/42 39/39/39
f 42/42/42 43/43/43 39/39/39
f 42/42/42 44/44/44 43/43/43
f 44/44/44 45/45/45 43/43/43
f 43/43/43 45/45/45 46/46/46
f 45/45/45 47/47/47 46/46/46
f 46/46/46 47/47/47 48/48/48
f 47/47/47 49/49/49 48/48/48
f 48/48/48 49/49/49 50/50/50
f 53/53/53 52/52/52 51/51/51
f 52/52/52 54/54/54 51/51/51
f 51/51/51 54/54/54 55/55/55
f 54/54/54 56/56/56 55/55/55
f 55/55/55 56/56/56 57/57/57
f 56/56/56 58/58/58 57/57/57
f 57/57/57 58/58/58 59/59/59
f 58/58/58 60/60/60 59/59/59
f 58/58/58 61/61/61 60/60/60
f 61/61/61 62/62/62 60/60/60
f 61/61/61 63/63/63 62/62/62
f 63/63/63 64/64/64 62/62/62
f 65/65/65 63/63/63 61/61/61
f 66/66/66 65/65/65 61/61/61
f 67/67/67 65/65/65 66/66/66
f 70/70/70 69/69/69 68/68/68
f 69/69/69 71/71/71 68/68/68
f 68/68/68 71/71/71 72/72/72
f 75/75/75 74/74/74 73/73/73
f 74/74/74 76/76/76 73/73/73
f 73/73/73 76/76/76 77/77/77
f 76/76/76 78/78/78 77/77/77
f 74/74/74 79/79/79 76/76/76
f 79/79/79 80/80/80 76/76/76
f 79/79/79 81/81/81 80/80/80
f 81/81/81 82/82/82 80/80/80
f 80/80/80 82/82/82 83/83/83
f 82/82/82 84/84/84 83/83/83
f 83/83/83 84/84/84 85/85/85
f 84/84/84 86/86/86 85/85/85
f 89/89/89 88/88/88 87/87/87
f 88/88/88 90/90/90 87/87/87
f 87/87/87 90/90/90 91/91/91
f 90/90/90 92/92/92 91/91/91
f 91/91/91 92/92/92 93/93/93
f 92/92/92 94/94/94 93/93/93
f 93/93/93 94/94/94 95/95/95
f 94/94/94 96/96/96 95/95/95
f 94/94/94 97/97/97 96/96/96
f 97/97/97 98/98/98 96/96/96
f 97/97/97 99/99/99 98/98/98
f 99/99/99 100/100/100 98/98/98
f 101/101/101 99/99/99 97/97/97
f 102/102/102 101/101/101 97/97/97
f 103/103/103 101/101/101 102/102/102
f 104/104/104 103/103/103 102/102/102
f 107/107/107 106/106/106 105/105/105
f 108/108/108 107/107/107 105/105/105
f 109/109/109 107/107/107 108/108/108
f 110/110/110 109/109/109 108/108/108
f 113/113/113 112/112/112 111/111/111
f 112/112/112 114/114/114 111/111/111
f 111/111/111 114/114/114 115/115/115
f 114/114/114 116/116/116 115/115/115
f 115/115/115 116/116/116 117/117/117
f 116/116/116 118/118/118 117/117/117
f 117/117/117 118/118/118 119/119/119
f 118/118/118 120/120/120 119/119/119
f 123/123/123 122/122/122 121/121/121
f 122/122/122 124/124/124 121/121/121
f 121/121/121 124/124/124 125/125/125
f 124/124/124 126/126/126 125/125/125
f 129/129/129 128/128/128 127/127/127
f 128/128/128 130/130/130 127/127/127
f 127/127/127 130/130/130 131/131/131
f 130/130/130 132/132/132 131/131/131
f 131/131/131 132/132/132 133/133/133
f 132/132/132 134/134/134 133/133/133
f 133/133/133 134/134/134 135/135/135
f 134/134/134 136/136/136 135/135/135
f 139/139/139 138/138/138 137/137/137
f 140/140/140 139/139/139 137/137/137
f 141/141/141 139/139/139 140/140/140
f 142/142/142 141/141/141 140/140/140
f 145/145/145 144/144/144 143/143/143
f 144/144/144 146/146/146 143/143/143
f 143/143/143 146/146/146 147/147/147
f 146/146/146 148/148/148 147/147/147
f 151/151/151 150/150/150 149/149/149
f 152/152/152 151/151/151 149/149/149
f 153/153/153 151/151/151 152/152/152
f 154/154/154 153/153/153 152/152/152
f 157/157/157 156/156/156 155/155/155
f 156/156/156 158/158/158 155/155/155
f 155/155/155 158/158/158 159/159/159
f 158/158/158 160/160/160 159/159/159
f 163/163/163 162/162/162 161/161/161
f 164/164/164 163/163/163 161/161/161
f 167/167/167 166/166/166 165/165/165
f 168/168/168 167/167/167 165/165/165
f 171/171/171 170/170/170 169/169/169
f 170/170/170 172/172/172 169/169/169
f 169/169/169 172/172/172 173/173/173
f 172/172/172 174/174/174 173/173/173
f 173/173/173 174/174/174 175/175/175
f 174/174/174 176/176/176 175/175/175
f 175/175/175 176/176/176 177/177/177
f 176/176/176 178/178/178 177/177/177
f 181/181/181 180/180/180 179/179/179
f 182/182/182 181/181/181 179/179/179
f 185/185/185 184/184/184 183/183/183
f 186/186/186 185/185/185 183/183/183
f 187/187/187 185/185/185 186/186/186
f 188/188/188 187/187/187 186/186/186
f 189/189/189 187/187/187 188/188/188
f 190/190/190 189/189/189 188/188/188
f 191/191/191 189/189/189 190/190/190
f 192/192/192 191/191/191 190/190/190
f 195/195/195 194/194/194 193/193/193
f 196/196/196 195/195/195 193/193/193
f 199/199/199 198/198/198 197/197/197
f 198/198/198 200/200/200 197/197/197
f 197/197/197 200/200/200 201/201/201
f 200/200/200 202/202/202 201/201/201
f 205/205/205 204/204/204 203/203/203
f 206/206/206 205/205/205 203/203/203
f 209/209/209 208/208/208 207/207/207
f 210/210/210 209/209/209 207/207/207
f 211/211/211 209/209/209 210/210/210
f 212/212/212 211/211/211 210/210/210
f 215/215/215 214/214/214 213/213/213
f 216/216/216 215/215/215 213/213/213
f 219/219/219 218/218/218 217/217/217
f 218/218/218 220/220/220 217/217/217
f 217/217/217 220/220/220 221/221/221
f 220/220/220 222/222/222 221/221/221
f 221/221/221 222/222/222 223/223/223
f 222/222/222 224/224/224 223/223/223
f 223/223/223 224/224/224 225/225/225
f 224/224/224 226/226/226 225/225/225
f 229/229/229 228/228/228 227/227/227
f 230/230/230 229/229/229 227/227/227
f 233/233/233 232/232/232 231/231/231
f 234/234/234 233/233/233 231/231/231
f 235/235/235 233/233/233 234/234/234
f 236/236/236 235/235/235 234/234/234
f 237/237/237 235/235/235 236/236/236
f 238/238/238 237/237/237 236/236/236
f 239/239/239 237/237/237 238/238/238
f 240/240/240 239/239/239 238/238/238
f 243/243/243 242/242/242 241/241/241
f 244/244/244 243/243/243 241/241/241
f 247/247/247 246/246/246 245/245/245
f 248/248/248 247/247/247 245/245/245
f 248/248/248 245/245/245 249/249/249
f 250/250/250 248/248/248 249/249/249
f 251/251/251 248/248/248 250/250/250
f 252/252/252 251/251/251 250/250/250
f 252/252/252 250/250/250 253/253/253
f 254/254/254 252/252/252 253/253/253
f 257/257/257 256/256/256 255/255/255
f 258/258/258 257/257/257 255/255/255
f 258/258/258 255/255/255 259/259/259
f 260/260/260 258/258/258 259/259/259
f 260/260/260 259/259/259 261/261/261
f 261/261/261 259/259/259 262/262/262
f 263/263/263 260/260/260 261/261/261
f 264/264/264 260/260/260 263/263/263
f 265/265/265 264/264/264 263/263/263
f 268/268/268 267/267/267 266/266/266
f 269/269/269 268/268/268 266/266/266
f 272/272/272 271/271/271 270/270/270
f 273/273/273 272/272/272 270/270/270
f 274/274/274 272/272/272 273/273/273
f 274/274/274 275/275/275 272/272/272
f 275/275/275 276/276/276 272/272/272
f 279/279/279 278/278/278 277/277/277
f 278/278/278 280/280/280 277/277/277
f 277/277/277 280/280/280 281/281/281
f 280/280/280 282/282/282 281/281/281
f 280/280/280 283/283/283 282/282/282
f 284/284/284 283/283/283 280/280/280
f 278/278/278 284/284/284 280/280/280
f 285/285/285 284/284/284 278/278/278
f 286/286/286 285/285/285 278/278/278
f 289/289/289 288/288/288 287/287/287
f 287/287/287 288/288/288 290/290/290
f 288/288/288 291/291/291 290/290/290
f 288/288/288 292/292/292 291/291/291
f 292/292/292 293/293/293 291/291/291
f 291/291/291 293/293/293 294/294/294
f 293/293/293 295/295/295 294/294/294
f 298/298/298 297/297/297 296/296/296
f 298/298/298 296/296/296 299/299/299
f 300/300/300 298/298/298 299/299/299
f 299/299/299 296/296/296 301/301/301
f 296/296/296 302/302/302 301/301/301
f 299/299/299 301/301/301 303/303/303
f 304/304/304 299/299/299 303/303/303
f 307/307/307 306/306/306 305/305/305
f 306/306/306 308/308/308 305/305/305
f 305/305/305 308/308/308 309/309/309
f 308/308/308 310/310/310 309/309/309
f 309/309/309 310/310/310 311/311/311
f 310/310/310 312/312/312 311/311/311
f 311/311/311 312/312/312 313/313/313
f 312/312/312 314/314/314 313/313/313
f 317/317/317 316/316/316 315/315/315
f 318/318/318 317/317/317 315/315/315
f 321/321/321 320/320/320 319/319/319
f 319/319/319 320/320/320 322/322/322
f 320/320/320 323/323/323 322/322/322
f 326/326/326 325/325/325 324/324/324
f 325/325/325 327/327/327 324/324/324
f 324/324/324 327/327/327 328/328/328
f 327/327/327 329/329/329 328/328/328
f 328/328/328 329/329/329 330/330/330
f 327/327/327 331/331/331 329/329/329
f 334/334/334 333/333/333 332/332/332
f 332/332/332 333/333/333 335/335/335
f 333/333/333 336/336/336 335/335/335
f 339/339/339 338/338/338 337/337/337
f 338/338/338 340/340/340 337/337/337
f 337/337/337 340/340/340 341/341/341
f 340/340/340 342/342/342 341/341/341
f 338/338/338 343/343/343 340/340/340
f 344/344/344 343/343/343 338/338/338
f 345/345/345 344/344/344 338/338/338
f 343/343/343 346/346/346 340/340/340
f 340/340/340 346/346/346 342/342/342
f 343/343/343 347/347/347 346/346/346
f 347/347/347 348/348/348 346/346/346
f 346/346/346 348/348/348 349/349/349
f 346/346/346 349/349/349 342/342/342
f 342/342/342 349/349/349 350/350/350
f 353/353/353 352/352/352 351/351/351
f 352/352/352 354/354/354 351/351/351
f 351/351/351 354/354/354 355/355/355
f 354/354/354 356/356/356 355/355/355
f 355/355/355 356/356/356 357/357/357
f 356/356/356 358/358/358 357/357/357
f 357/357/357 358/358/358 359/359/359
f 358/358/358 360/360/360 359/359/359
f 363/363/363 362/362/362 361/361/361
f 363/363/363 364/364/364 362/362/362
f 364/364/364 365/365/365 362/362/362
f 366/366/366 364/364/364 363/363/363
f 367/367/367 366/366/366 363/363/363
f 366/366/366 368/368/368 364/364/364
f 368/368/368 369/369/369 364/364/364
f 364/364/364 369/369/369 365/365/365
f 369/369/369 370/370/370 365/365/365
f 373/373/373 372/372/372 371/371/371
f 374/374/374 373/373/373 371/371/371
f 377/377/377 376/376/376 375/375/375
f 377/377/377 378/378/378 376/376/376
f 378/378/378 379/379/379 376/376/376
f 382/382/382 381/381/381 380/380/380
f 381/381/381 383/383/383 380/380/380
f 381/381/381 384/384/384 383/383/383
f 384/384/384 385/385/385 383/383/383
f 388/388/388 387/387/387 386/386/386
f 388/388/388 389/389/389 387/387/387
f 389/389/389 390/390/390 387/387/387
f 391/391/391 389/389/389 388/388/388
f 391/391/391 392/392/392 389/389/389
f 392/392/392 393/393/393 389/389/389
f 396/396/396 395/395/395 394/394/394
f 397/397/397 396/396/396 394/394/394
f 400/400/400 399/399/399 398/398/398
f 399/399/399 401/401/401 398/398/398
f 399/399/399 402/402/402 401/401/401
f 402/402/402 403/403/403 401/401/401
f 404/404/404 402/402/402 399/399/399
f 407/407/407 406/406/406 405/405/405
f 406/406/406 408/408/408 405/405/405
f 405/405/405 408/408/408 409/409/409
f 406/406/406 410/410/410 408/408/408
f 408/408/408 411/411/411 409/409/409
f 410/410/410 412/412/412 408/408/408
f 408/408/408 412/412/412 411/411/411
f 412/412/412 413/413/413 411/411/411
f 416/416/416 415/415/415 414/414/414
f 415/415/415 417/417/417 414/414/414
f 417/417/417 419/419/419 418/418/418
f 419/419/419 420/420/420 418/418/418
f 423/423/423 422/422/422 421/421/421
f 422/422/422 424/424/424 421/421/421
f 421/421/421 424/424/424 425/425/425
f 424/424/424 426/426/426 425/425/425
f 425/425/425 426/426/426 427/427/427
f 426/426/426 428/428/428 427/427/427
f 431/431/431 430/430/430 429/429/429
f 432/432/432 431/431/431 429/429/429
f 435/435/435 434/434/434 433/433/433
f 434/434/434 436/436/436 433/433/433
f 433/433/433 436/436/436 437/437/437
f 436/436/436 438/438/438 437/437/437
f 441/441/441 440/440/440 439/439/439
f 442/442/442 441/441/441 439/439/439
f 443/443/443 441/441/441 442/442/442
f 443/443/443 444/444/444 441/441/441
f 444/444/444 445/445/445 441/441/441
f 448/448/448 447/447/447 446/446/446
f 446/446/446 447/447/447 449/449/449
f 447/447/447 450/450/450 449/449/449
f 450/450/450 452/452/452 451/451/451
f 452/452/452 453/453/453 451/451/451
f 456/456/456 455/455/455 454/454/454
f 455/455/455 457/457/457 454/454/454
f 454/454/454 457/457/457 458/458/458
f 457/457/457 459/459/459 458/458/458
f 458/458/458 459/459/459 460/460/460
f 459/459/459 461/461/461 460/460/460
f 460/460/460 461/461/461 462/462/462
f 461/461/461 463/463/463 462/462/462
f 466/466/466 465/465/465 464/464/464
f 465/465/465 467/467/467 464/464/464
f 465/465/465 468/468/468 467/467/467
f 464/464/464 467/467/467 469/469/469
f 468/468/468 470/470/470 467/467/467
f 467/467/467 471/471/471 469/469/469
f 467/467/467 470/470/470 471/471/471
f 469/469/469 471/471/471 472/472/472
f 470/470/470 473/473/473 471/471/471
f 471/471/471 474/474/474 472/472/472
f 471/471/471 473/473/473 474/474/474
f 477/477/477 476/476/476 475/475/475
f 478/478/478 477/477/477 475/475/475
f 481/481/481 480/480/480 479/479/479
f 482/482/482 481/481/481 479/479/479
f 485/485/485 484/484/484 483/483/483
f 486/486/486 485/485/485 483/483/483
f 483/483/483 484/484/484 487/487/487
f 488/488/488 485/485/485 486/486/486
f 489/489/489 488/488/488 486/486/486
f 484/484/484 490/490/490 487/487/487
f 487/487/487 490/490/490 491/491/491
f 492/492/492 488/488/488 489/489/489
f 493/493/493 492/492/492 489/489/489
f 490/490/490 494/494/494 491/491/491
f 491/491/491 494/494/494 495/495/495
f 496/496/496 492/492/492 493/493/493
f 497/497/497 496/496/496 493/493/493
f 494/494/494 498/498/498 495/495/495
f 495/495/495 498/498/498 499/499/499
f 500/500/500 496/496/496 497/497/497
f 501/501/501 500/500/500 497/497/497
f 498/498/498 502/502/502 499/499/499
f 499/499/499 502/502/502 503/503/503
f 504/504/504 500/500/500 501/501/501
f 505/505/505 504/504/504 501/501/501
f 502/502/502 506/506/506 503/503/503
f 503/503/503 506/506/506 507/507/507
f 508/508/508 504/504/504 505/505/505
f 509/509/509 508/508/508 505/505/505
f 506/506/506 510/510/510 507/507/507
f 507/507/507 510/510/510 511/511/511
f 512/512/512 508/508/508 509/509/509
f 513/513/513 512/512/512 509/509/509
f 511/511/511 514/514/514 513/513/513
f 510/510/510 514/514/514 511/511/511
f 514/514/514 512/512/512 513/513/513
f 504/504/504 515/515/515 500/500/500
f 508/508/508 516/516/516 504/504/504
f 516/516/516 515/515/515 504/504/504
f 512/512/512 517/517/517 508/508/508
f 517/517/517 516/516/516 508/508/508
f 514/514/514 518/518/518 512/512/512
f 518/518/518 517/517/517 512/512/512
f 510/510/510 519/519/519 514/514/514
f 519/519/519 518/518/518 514/514/514
f 506/506/506 520/520/520 510/510/510
f 520/520/520 519/519/519 510/510/510
f 515/515/515 521/521/521 500/500/500
f 500/500/500 521/521/521 496/496/496
f 522/522/522 520/520/520 506/506/506
f 502/502/502 522/522/522 506/506/506
f 521/521/521 523/523/523 496/496/496
f 496/496/496 523/523/523 492/492/492
f 524/524/524 522/522/522 502/502/502
f 498/498/498 524/524/524 502/502/502
f 523/523/523 525/525/525 492/492/492
f 492/492/492 525/525/525 488/488/488
f 526/526/526 524/524/524 498/498/498
f 494/494/494 526/526/526 498/498/498
f 525/525/525 527/527/527 488/488/488
f 488/488/488 527/527/527 485/485/485
f 528/528/528 526/526/526 494/494/494
f 490/490/490 528/528/528 494/494/494
f 527/527/527 529/529/529 485/485/485
f 485/485/485 529/529/529 484/484/484
f 484/484/484 530/530/530 490/490/490
f 530/530/530 528/528/528 490/490/490
f 529/529/529 530/530/530 484/484/484
f 523/523/523 531/531/531 525/525/525
f 525/525/525 532/532/532 527/527/527
f 531/531/531 532/532/532 525/525/525
f 532/532/532 531/531/531 533/533/533
f 534/534/534 531/531/531 523/523/523
f 531/531/531 534/534/534 533/533/533
f 521/521/521 534/534/534 523/523/523
f 532/532/532 535/535/535 527/527/527
f 527/527/527 535/535/535 529/529/529
f 535/535/535 532/532/532 533/533/533
f 536/536/536 534/534/534 521/521/521
f 534/534/534 536/536/536 533/533/533
f 515/515/515 536/536/536 521/521/521
f 535/535/535 537/537/537 529/529/529
f 529/529/529 537/537/537 530/530/530
f 537/537/537 535/535/535 533/533/533
f 538/538/538 536/536/536 515/515/515
f 536/536/536 538/538/538 533/533/533
f 516/516/516 538/538/538 515/515/515
f 537/537/537 539/539/539 530/530/530
f 539/539/539 537/537/537 533/533/533
f 538/538/538 540/540/540 533/533/533
f 540/540/540 538/538/538 516/516/516
f 541/541/541 539/539/539 533/533/533
f 530/530/530 539/539/539 528/528/528
f 539/539/539 541/541/541 528/528/528
f 517/517/517 540/540/540 516/516/516
f 528/528/528 541/541/541 526/526/526
f 542/542/542 540/540/540 517/517/517
f 540/540/540 542/542/542 533/533/533
f 518/518/518 542/542/542 517/517/517
f 541/541/541 543/543/543 526/526/526
f 543/543/543 541/541/541 533/533/533
f 526/526/526 543/543/543 524/524/524
f 544/544/544 542/542/542 518/518/518
f 542/542/542 544/544/544 533/533/533
f 519/519/519 544/544/544 518/518/518
f 543/543/543 545/545/545 524/524/524
f 545/545/545 543/543/543 533/533/533
f 524/524/524 545/545/545 522/522/522
f 546/546/546 544/544/544 519/519/519
f 544/544/544 546/546/546 533/533/533
f 520/520/520 546/546/546 519/519/519
f 522/522/522 547/547/547 520/520/520
f 545/545/545 547/547/547 522/522/522
f 547/547/547 545/545/545 533/533/533
f 547/547/547 546/546/546 520/520/520
f 546/546/546 547/547/547 533/533/533
f 550/550/550 549/549/549 548/548/548
f 551/551/551 550/550/550 548/548/548
f 548/548/548 549/549/549 552/552/552
f 553/553/553 550/550/550 551/551/551
f 549/549/549 554/554/554 552/552/552
f 555/555/555 553/553/553 551/551/551
f 552/552/552 554/554/554 556/556/556
f 557/557/557 553/553/553 555/555/555
f 554/554/554 558/558/558 556/556/556
f 559/559/559 557/557/557 555/555/555
f 556/556/556 558/558/558 560/560/560
f 561/561/561 557/557/557 559/559/559
f 558/558/558 562/562/562 560/560/560
f 563/563/563 561/561/561 559/559/559
f 560/560/560 562/562/562 564/564/564
f 565/565/565 561/561/561 563/563/563
f 562/562/562 566/566/566 564/564/564
f 567/567/567 565/565/565 563/563/563
f 564/564/564 566/566/566 568/568/568
f 569/569/569 565/565/565 567/567/567
f 566/566/566 570/570/570 568/568/568
f 571/571/571 569/569/569 567/567/567
f 568/568/568 570/570/570 572/572/572
f 573/573/573 569/569/569 571/571/571
f 570/570/570 574/574/574 572/572/572
f 575/575/575 573/573/573 571/571/571
f 572/572/572 574/574/574 576/576/576
f 577/577/577 573/573/573 575/575/575
f 574/574/574 578/578/578 576/576/576
f 579/579/579 577/577/577 575/575/575
f 576/576/576 578/578/578 579/579/579
f 578/578/578 577/577/577 579/579/579
usemtl Sink3_Primary_Mat
f 582/582/582 581/581/581 580/580/580
f 583/583/583 582/582/582 580/580/580
f 586/586/586 585/585/585 584/584/584
f 587/587/587 586/586/586 584/584/584
f 590/590/590 589/589/589 588/588/588
f 591/591/591 590/590/590 588/588/588
f 594/594/594 593/593/593 592/592/592
f 595/595/595 594/594/594 592/592/592
f 598/598/598 597/597/597 596/596/596
f 599/599/599 598/598/598 596/596/596
f 602/602/602 601/601/601 600/600/600
f 603/603/603 602/602/602 600/600/600
f 606/606/606 605/605/605 604/604/604
f 607/607/607 606/606/606 604/604/604
f 610/610/610 609/609/609 608/608/608
f 611/611/611 610/610/610 608/608/608
f 614/614/614 613/613/613 612/612/612
f 613/613/613 615/615/615 612/612/612
f 612/612/612 615/615/615 616/616/616
f 615/615/615 617/617/617 616/616/616
f 620/620/620 619/619/619 618/618/618
f 619/619/619 621/621/621 618/618/618
f 618/618/618 621/621/621 622/622/622
f 621/621/621 623/623/623 622/622/622
f 626/626/626 625/625/625 624/624/624
f 627/627/627 626/626/626 624/624/624
f 628/628/628 626/626/626 627/627/627
f 629/629/629 628/628/628 627/627/627
f 632/632/632 631/631/631 630/630/630
f 633/633/633 632/632/632 630/630/630
f 634/634/634 632/632/632 633/633/633
f 635/635/635 634/634/634 633/633/633
f 638/638/638 637/637/637 636/636/636
f 637/637/637 639/639/639 636/636/636
f 636/636/636 639/639/639 640/640/640
f 639/639/639 641/641/641 640/640/640
f 644/644/644 643/643/643 642/642/642
f 645/645/645 644/644/644 642/642/642
f 646/646/646 644/644/644 645/645/645
f 647/647/647 646/646/646 645/645/645
f 650/650/650 649/649/649 648/648/648
f 651/651/651 650/650/650 648/648/648
f 651/651/651 648/648/648 652/652/652
f 653/653/653 651/651/651 652/652/652
f 656/656/656 655/655/655 654/654/654
f 655/655/655 657/657/657 654/654/654
f 655/655/655 658/658/658 657/657/657
f 658/658/658 659/659/659 657/657/657
f 662/662/662 661/661/661 660/660/660
f 661/661/661 663/663/663 660/660/660
f 660/660/660 663/663/663 664/664/664
f 663/663/663 665/665/665 664/664/664
f 668/668/668 667/667/667 666/666/666
f 669/669/669 668/668/668 666/666/666
f 670/670/670 668/668/668 669/669/669
f 671/671/671 670/670/670 669/669/669
f 674/674/674 673/673/673 672/672/672
f 675/675/675 674/674/674 672/672/672
f 675/675/675 672/672/672 676/676/676
f 672/672/672 677/677/677 676/676/676
f 680/680/680 679/679/679 678/678/678
f 681/681/681 680/680/680 678/678/678
f 681/681/681 682/682/682 680/680/680
f 682/682/682 683/683/683 680/680/680
f 686/686/686 685/685/685 684/684/684
f 685/685/685 687/687/687 684/684/684
f 684/684/684 687/687/687 688/688/688
f 687/687/687 689/689/689 688/688/688
f 690/690/690 688/688/688 689/689/689
f 691/691/691 690/690/690 689/689/689
f 690/690/690 691/691/691 692/692/692
f 691/691/691 693/693/693 692/692/692
f 692/692/692 693/693/693 694/694/694
f 693/693/693 695/695/695 694/694/694
f 696/696/696 694/694/694 695/695/695
f 697/697/697 696/696/696 695/695/695
f 696/696/696 697/697/697 698/698/698
f 699/699/699 696/696/696 698/698/698
f 699/699/699 698/698/698 700/700/700
f 698/698/698 701/701/701 700/700/700
f 704/704/704 703/703/703 702/702/702
f 703/703/703 705/705/705 702/702/702
f 702/702/702 705/705/705 706/706/706
f 705/705/705 707/707/707 706/706/706
f 706/706/706 707/707/707 708/708/708
f 707/707/707 709/709/709 708/708/708
f 708/708/708 709/709/709 710/710/710
f 709/709/709 711/711/711 710/710/710
f 710/710/710 711/711/711 712/712/712
f 711/711/711 713/713/713 712/712/712
f 712/712/712 713/713/713 714/714/714
f 713/713/713 715/715/715 714/714/714
f 714/714/714 715/715/715 716/716/716
f 717/717/717 714/714/714 716/716/716
f 717/717/717 716/716/716 718/718/718
f 716/716/716 719/719/719 718/718/718
f 722/722/722 721/721/721 720/720/720
f 723/723/723 722/722/722 720/720/720
f 726/726/726 725/725/725 724/724/724
f 727/727/727 726/726/726 724/724/724
f 730/730/730 729/729/729 728/728/728
f 729/729/729 731/731/731 728/728/728
f 729/729/729 732/732/732 731/731/731
f 732/732/732 733/733/733 731/731/731
f 728/728/728 731/731/731 734/734/734
f 733/733/733 735/735/735 731/731/731
f 735/735/735 734/734/734 731/731/731
f 736/736/736 728/728/728 734/734/734
f 737/737/737 728/728/728 736/736/736
f 728/728/728 737/737/737 738/738/738
f 737/737/737 739/739/739 738/738/738
f 738/738/738 739/739/739 740/740/740
f 741/741/741 737/737/737 736/736/736
f 739/739/739 737/737/737 741/741/741
f 734/734/734 742/742/742 736/736/736
f 742/742/742 743/743/743 736/736/736
f 736/736/736 743/743/743 741/741/741
f 744/744/744 742/742/742 734/734/734
f 735/735/735 744/744/744 734/734/734
f 743/743/743 745/745/745 741/741/741
f 746/746/746 744/744/744 735/735/735
f 741/741/741 745/745/745 747/747/747
f 747/747/747 739/739/739 741/741/741
f 745/745/745 748/748/748 747/747/747
f 749/749/749 746/746/746 735/735/735
f 750/750/750 746/746/746 749/749/749
f 735/735/735 733/733/733 749/749/749
f 751/751/751 739/739/739 747/747/747
f 739/739/739 751/751/751 740/740/740
f 747/747/747 748/748/748 752/752/752
f 752/752/752 751/751/751 747/747/747
f 740/740/740 751/751/751 752/752/752
f 748/748/748 753/753/753 752/752/752
f 754/754/754 740/740/740 752/752/752
f 752/752/752 753/753/753 754/754/754
f 755/755/755 740/740/740 754/754/754
f 753/753/753 756/756/756 754/754/754
f 757/757/757 755/755/755 754/754/754
f 754/754/754 756/756/756 757/757/757
f 756/756/756 758/758/758 757/757/757
f 759/759/759 755/755/755 757/757/757
f 757/757/757 758/758/758 760/760/760
f 760/760/760 759/759/759 757/757/757
f 758/758/758 761/761/761 760/760/760
f 762/762/762 759/759/759 760/760/760
f 759/759/759 762/762/762 763/763/763
f 760/760/760 761/761/761 764/764/764
f 764/764/764 762/762/762 760/760/760
f 761/761/761 765/765/765 764/764/764
f 762/762/762 766/766/766 763/763/763
f 766/766/766 762/762/762 764/764/764
f 763/763/763 766/766/766 733/733/733
f 764/764/764 765/765/765 767/767/767
f 767/767/767 766/766/766 764/764/764
f 765/765/765 750/750/750 767/767/767
f 767/767/767 750/750/750 749/749/749
f 766/766/766 768/768/768 733/733/733
f 733/733/733 768/768/768 749/749/749
f 768/768/768 766/766/766 767/767/767
f 749/749/749 768/768/768 767/767/767
f 771/771/771 770/770/770 769/769/769
f 772/772/772 771/771/771 769/769/769
f 773/773/773 771/771/771 772/772/772
f 774/774/774 773/773/773 772/772/772
f 777/777/777 776/776/776 775/775/775
f 778/778/778 777/777/777 775/775/775
f 778/778/778 775/775/775 779/779/779
f 775/775/775 780/780/780 779/779/779
f 783/783/783 782/782/782 781/781/781
f 783/783/783 784/784/784 782/782/782
f 784/784/784 783/783/783 785/785/785
f 783/783/783 786/786/786 785/785/785
f 784/784/784 785/785/785 787/787/787
f 785/785/785 788/788/788 787/787/787
f 787/787/787 789/789/789 784/784/784
f 787/787/787 790/790/790 789/789/789
f 784/784/784 791/791/791 782/782/782
f 789/789/789 791/791/791 784/784/784
f 792/792/792 782/782/782 791/791/791
f 792/792/792 793/793/793 782/782/782
f 794/794/794 792/792/792 791/791/791
f 794/794/794 791/791/791 795/795/795
f 791/791/791 789/789/789 795/795/795
f 789/789/789 796/796/796 795/795/795
f 799/799/799 798/798/798 797/797/797
f 800/800/800 799/799/799 797/797/797
f 800/800/800 797/797/797 801/801/801
f 797/797/797 802/802/802 801/801/801
f 805/805/805 804/804/804 803/803/803
f 806/806/806 805/805/805 803/803/803
f 806/806/806 803/803/803 807/807/807
f 803/803/803 808/808/808 807/807/807
f 811/811/811 810/810/810 809/809/809
f 812/812/812 811/811/811 809/809/809
f 813/813/813 811/811/811 812/812/812
f 814/814/814 813/813/813 812/812/812
f 817/817/817 816/816/816 815/815/815
f 818/818/818 817/817/817 815/815/815
f 818/818/818 815/815/815 819/819/819
f 815/815/815 820/820/820 819/819/819
f 823/823/823 822/822/822 821/821/821
f 824/824/824 823/823/823 821/821/821
f 824/824/824 821/821/821 825/825/825
f 821/821/821 826/826/826 825/825/825
f 829/829/829 828/828/828 827/827/827
f 830/830/830 829/829/829 827/827/827
f 830/830/830 827/827/827 831/831/831
f 827/827/827 832/832/832 831/831/831
f 835/835/835 834/834/834 833/833/833
f 836/836/836 835/835/835 833/833/833
f 835/835/835 836/836/836 837/837/837
f 836/836/836 838/838/838 837/837/837
f 841/841/841 840/840/840 839/839/839
f 842/842/842 841/841/841 839/839/839
f 843/843/843 841/841/841 842/842/842
f 844/844/844 843/843/843 842/842/842
f 844/844/844 842/842/842 845/845/845
f 842/842/842 846/846/846 845/845/845
f 842/842/842 839/839/839 846/846/846
f 839/839/839 847/847/847 846/846/846
f 850/850/850 849/849/849 848/848/848
f 851/851/851 850/850/850 848/848/848
f 850/850/850 851/851/851 852/852/852
f 850/850/850 852/852/852 853/853/853
f 852/852/852 854/854/854 853/853/853
f 854/854/854 852/852/852 855/855/855
f 851/851/851 856/856/856 852/852/852
f 852/852/852 857/857/857 855/855/855
f 857/857/857 852/852/852 856/856/856
f 858/858/858 857/857/857 856/856/856
f 861/861/861 860/860/860 859/859/859
f 860/860/860 862/862/862 859/859/859
f 862/862/862 860/860/860 863/863/863
f 864/864/864 862/862/862 863/863/863
f 865/865/865 859/859/859 862/862/862
f 862/862/862 864/864/864 866/866/866
f 867/867/867 865/865/865 862/862/862
f 867/867/867 862/862/862 866/866/866
f 865/865/865 867/867/867 868/868/868
f 867/867/867 869/869/869 868/868/868
f 869/869/869 867/867/867 866/866/866
f 870/870/870 869/869/869 866/866/866
f 873/873/873 872/872/872 871/871/871
f 872/872/872 874/874/874 871/871/871
f 875/875/875 871/871/871 874/874/874
f 874/874/874 872/872/872 876/876/876
f 877/877/877 875/875/875 874/874/874
f 878/878/878 874/874/874 876/876/876
f 877/877/877 874/874/874 879/879/879
f 874/874/874 878/878/878 879/879/879
f 882/882/882 881/881/881 880/880/880
f 881/881/881 883/883/883 880/880/880
f 884/884/884 883/883/883 881/881/881
f 885/885/885 884/884/884 881/881/881
f 883/883/883 886/886/886 880/880/880
f 886/886/886 887/887/887 880/880/880
f 887/887/887 888/888/888 880/880/880
f 888/888/888 887/887/887 889/889/889
f 890/890/890 888/888/888 889/889/889
f 887/887/887 891/891/891 889/889/889
f 889/889/889 891/891/891 892/892/892
f 891/891/891 893/893/893 892/892/892
f 892/892/892 893/893/893 894/894/894
f 895/895/895 886/886/886 883/883/883
f 896/896/896 895/895/895 883/883/883
f 896/896/896 883/883/883 884/884/884
f 895/895/895 897/897/897 886/886/886
f 897/897/897 887/887/887 886/886/886
f 887/887/887 897/897/897 898/898/898
f 891/891/891 887/887/887 898/898/898
f 891/891/891 898/898/898 899/899/899
f 893/893/893 891/891/891 899/899/899
f 900/900/900 896/896/896 884/884/884
f 893/893/893 899/899/899 901/901/901
f 900/900/900 884/884/884 902/902/902
f 903/903/903 900/900/900 902/902/902
f 902/902/902 884/884/884 885/885/885
f 904/904/904 893/893/893 901/901/901
f 901/901/901 905/905/905 904/904/904
f 893/893/893 904/904/904 894/894/894
f 905/905/905 906/906/906 904/904/904
f 904/904/904 906/906/906 894/894/894
f 905/905/905 907/907/907 906/906/906
f 906/906/906 908/908/908 894/894/894
f 907/907/907 909/909/909 906/906/906
f 906/906/906 909/909/909 908/908/908
f 909/909/909 910/910/910 908/908/908
f 902/902/902 911/911/911 903/903/903
f 911/911/911 912/912/912 903/903/903
f 912/912/912 911/911/911 913/913/913
f 914/914/914 912/912/912 913/913/913
f 911/911/911 902/902/902 915/915/915
f 913/913/913 911/911/911 915/915/915
f 914/914/914 913/913/913 916/916/916
f 917/917/917 914/914/914 916/916/916
f 916/916/916 918/918/918 917/917/917
f 918/918/918 919/919/919 917/917/917
f 920/920/920 918/918/918 916/916/916
f 916/916/916 913/913/913 921/921/921
f 921/921/921 913/913/913 915/915/915
f 922/922/922 920/920/920 916/916/916
f 922/922/922 916/916/916 921/921/921
f 923/923/923 920/920/920 922/922/922
f 924/924/924 923/923/923 922/922/922
f 921/921/921 915/915/915 925/925/925
f 915/915/915 926/926/926 925/925/925
f 902/902/902 927/927/927 915/915/915
f 926/926/926 915/915/915 927/927/927
f 927/927/927 902/902/902 885/885/885
f 928/928/928 926/926/926 927/927/927
f 928/928/928 927/927/927 885/885/885
f 929/929/929 928/928/928 885/885/885
f 932/932/932 931/931/931 930/930/930
f 933/933/933 932/932/932 930/930/930
f 935/935/935 933/933/933 934/934/934
f 934/934/934 936/936/936 935/935/935
f 936/936/936 937/937/937 935/935/935
f 939/939/939 937/937/937 938/938/938
f 939/939/939 938/938/938 940/940/940
f 941/941/941 939/939/939 940/940/940
f 941/941/941 940/940/940 942/942/942
f 943/943/943 941/941/941 942/942/942
f 942/942/942 944/944/944 943/943/943
f 944/944/944 945/945/945 943/943/943
f 944/944/944 946/946/946 945/945/945
f 946/946/946 947/947/947 945/945/945
f 950/950/950 949/949/949 948/948/948
f 948/948/948 949/949/949 951/951/951
f 948/948/948 951/951/951 952/952/952
f 949/949/949 953/953/953 951/951/951
f 953/953/953 949/949/949 954/954/954
f 951/951/951 955/955/955 952/952/952
f 952/952/952 955/955/955 956/956/956
f 955/955/955 957/957/957 956/956/956
f 956/956/956 957/957/957 958/958/958
f 957/957/957 959/959/959 958/958/958
f 958/958/958 959/959/959 960/960/960
f 954/954/954 962/962/962 961/961/961
f 962/962/962 963/963/963 961/961/961
f 963/963/963 962/962/962 964/964/964
f 963/963/963 964/964/964 965/965/965
f 961/961/961 963/963/963 966/966/966
f 963/963/963 967/967/967 966/966/966
f 967/967/967 968/968/968 966/966/966
f 968/968/968 969/969/969 966/966/966
f 968/968/968 970/970/970 969/969/969
f 970/970/970 971/971/971 969/969/969
f 974/974/974 973/973/973 972/972/972
f 975/975/975 974/974/974 972/972/972
f 974/974/974 975/975/975 976/976/976
f 976/976/976 975/975/975 977/977/977
f 975/975/975 978/978/978 977/977/977
f 979/979/979 974/974/974 976/976/976
f 980/980/980 974/974/974 979/979/979
f 981/981/981 980/980/980 979/979/979
f 980/980/980 981/981/981 982/982/982
f 983/983/983 980/980/980 982/982/982
f 983/983/983 982/982/982 984/984/984
f 982/982/982 985/985/985 984/984/984
f 984/984/984 985/985/985 986/986/986
f 985/985/985 987/987/987 986/986/986
f 986/986/986 987/987/987 988/988/988
f 987/987/987 989/989/989 988/988/988
f 989/989/989 990/990/990 988/988/988
f 993/993/993 992/992/992 991/991/991
f 992/992/992 994/994/994 991/991/991
f 992/992/992 995/995/995 994/994/994
f 995/995/995 996/996/996 994/994/994
f 996/996/996 995/995/995 997/997/997
f 991/991/991 994/994/994 998/998/998
f 994/994/994 996/996/996 998/998/998
f 999/999/999 996/996/996 997/997/997
f 999/999/999 997/997/997 1000/1000/1000
f 1001/1001/1001 991/991/991 998/998/998
f 1002/1002/1002 991/991/991 1001/1001/1001
f 1003/1003/1003 999/999/999 1000/1000/1000
f 1003/1003/1003 1000/1000/1000 1004/1004/1004
f 996/996/996 999/999/999 1005/1005/1005
f 996/996/996 1006/1006/1006 998/998/998
f 1006/1006/1006 996/996/996 1005/1005/1005
f 998/998/998 1006/1006/1006 1007/1007/1007
f 998/998/998 1007/1007/1007 1008/1008/1008
f 1001/1001/1001 998/998/998 1008/1008/1008
f 1001/1001/1001 1008/1008/1008 1009/1009/1009
f 1010/1010/1010 1006/1006/1006 1005/1005/1005
f 1011/1011/1011 1001/1001/1001 1009/1009/1009
f 1011/1011/1011 1002/1002/1002 1001/1001/1001
f 1009/1009/1009 1012/1012/1012 1011/1011/1011
f 1013/1013/1013 1010/1010/1010 1005/1005/1005
f 1010/1010/1010 1013/1013/1013 1014/1014/1014
f 1013/1013/1013 1005/1005/1005 1015/1015/1015
f 1005/1005/1005 999/999/999 1015/1015/1015
f 999/999/999 1003/1003/1003 1015/1015/1015
f 1015/1015/1015 1003/1003/1003 1016/1016/1016
f 1017/1017/1017 1002/1002/1002 1011/1011/1011
f 1018/1018/1018 1002/1002/1002 1017/1017/1017
f 1019/1019/1019 1018/1018/1018 1017/1017/1017
f 1012/1012/1012 1020/1020/1020 1011/1011/1011
f 1020/1020/1020 1017/1017/1017 1011/1011/1011
f 1012/1012/1012 1021/1021/1021 1020/1020/1020
f 1021/1021/1021 1012/1012/1012 1022/1022/1022
f 1017/1017/1017 1020/1020/1020 1023/1023/1023
f 1021/1021/1021 1023/1023/1023 1020/1020/1020
f 1021/1021/1021 1022/1022/1022 1024/1024/1024
f 1023/1023/1023 1021/1021/1021 1024/1024/1024
f 1022/1022/1022 1025/1025/1025 1024/1024/1024
f 1017/1017/1017 1026/1026/1026 1019/1019/1019
f 1026/1026/1026 1017/1017/1017 1023/1023/1023
f 1027/1027/1027 1023/1023/1023 1024/1024/1024
f 1024/1024/1024 1028/1028/1028 1027/1027/1027
f 1026/1026/1026 1029/1029/1029 1019/1019/1019
f 1019/1019/1019 1029/1029/1029 1030/1030/1030
f 1029/1029/1029 1031/1031/1031 1030/1030/1030
f 1031/1031/1031 1029/1029/1029 1032/1032/1032
f 1029/1029/1029 1033/1033/1033 1032/1032/1032
f 1034/1034/1034 1026/1026/1026 1023/1023/1023
f 1029/1029/1029 1026/1026/1026 1034/1034/1034
f 1033/1033/1033 1029/1029/1029 1034/1034/1034
f 1027/1027/1027 1034/1034/1034 1023/1023/1023
f 1033/1033/1033 1034/1034/1034 1035/1035/1035
f 1035/1035/1035 1034/1034/1034 1027/1027/1027
f 1036/1036/1036 1033/1033/1033 1035/1035/1035
f 1028/1028/1028 1037/1037/1037 1027/1027/1027
f 1037/1037/1037 1035/1035/1035 1027/1027/1027
f 1028/1028/1028 1038/1038/1038 1037/1037/1037
f 1038/1038/1038 1039/1039/1039 1037/1037/1037
f 1037/1037/1037 1039/1039/1039 1035/1035/1035
f 1039/1039/1039 1040/1040/1040 1035/1035/1035
f 1035/1035/1035 1040/1040/1040 1036/1036/1036
f 1040/1040/1040 1041/1041/1041 1036/1036/1036
f 1043/1043/1043 1042/1042/1042 1016/1016/1016
f 1016/1016/1016 1044/1044/1044 1043/1043/1043
f 1044/1044/1044 1045/1045/1045 1043/1043/1043
f 1044/1044/1044 1046/1046/1046 1045/1045/1045
f 1046/1046/1046 1047/1047/1047 1045/1045/1045
f 1048/1048/1048 1046/1046/1046 1044/1044/1044
f 1049/1049/1049 1048/1048/1048 1044/1044/1044
f 1049/1049/1049 1044/1044/1044 1016/1016/1016
f 1050/1050/1050 1048/1048/1048 1049/1049/1049
f 1051/1051/1051 1049/1049/1049 1016/1016/1016
f 1003/1003/1003 1051/1051/1051 1016/1016/1016
f 1051/1051/1051 1003/1003/1003 1004/1004/1004
f 1052/1052/1052 1050/1050/1050 1049/1049/1049
f 1052/1052/1052 1049/1049/1049 1051/1051/1051
f 1004/1004/1004 1052/1052/1052 1051/1051/1051
f 1053/1053/1053 1050/1050/1050 1052/1052/1052
f 1054/1054/1054 1052/1052/1052 1004/1004/1004
f 1054/1054/1054 1053/1053/1053 1052/1052/1052
f 1057/1057/1057 1056/1056/1056 1055/1055/1055
f 1058/1058/1058 1057/1057/1057 1055/1055/1055
f 1058/1058/1058 1055/1055/1055 1059/1059/1059
f 1060/1060/1060 1057/1057/1057 1058/1058/1058
f 1061/1061/1061 1058/1058/1058 1059/1059/1059
f 1059/1059/1059 1062/1062/1062 1061/1061/1061
f 1063/1063/1063 1060/1060/1060 1058/1058/1058
f 1063/1063/1063 1058/1058/1058 1061/1061/1061
f 1064/1064/1064 1060/1060/1060 1063/1063/1063
f 1065/1065/1065 1064/1064/1064 1063/1063/1063
f 1066/1066/1066 1064/1064/1064 1065/1065/1065
f 1067/1067/1067 1066/1066/1066 1065/1065/1065
f 1065/1065/1065 1063/1063/1063 1068/1068/1068
f 1068/1068/1068 1063/1063/1063 1061/1061/1061
f 1067/1067/1067 1065/1065/1065 1069/1069/1069
f 1069/1069/1069 1065/1065/1065 1068/1068/1068
f 1070/1070/1070 1067/1067/1067 1069/1069/1069
f 1071/1071/1071 1070/1070/1070 1069/1069/1069
f 1062/1062/1062 1072/1072/1072 1061/1061/1061
f 1062/1062/1062 1073/1073/1073 1072/1072/1072
f 1068/1068/1068 1061/1061/1061 1074/1074/1074
f 1069/1069/1069 1068/1068/1068 1074/1074/1074
f 1061/1061/1061 1072/1072/1072 1074/1074/1074
f 1075/1075/1075 1071/1071/1071 1069/1069/1069
f 1075/1075/1075 1069/1069/1069 1074/1074/1074
f 1076/1076/1076 1071/1071/1071 1075/1075/1075
f 1073/1073/1073 1077/1077/1077 1072/1072/1072
f 1073/1073/1073 1078/1078/1078 1077/1077/1077
f 1074/1074/1074 1072/1072/1072 1079/1079/1079
f 1075/1075/1075 1074/1074/1074 1079/1079/1079
f 1072/1072/1072 1077/1077/1077 1079/1079/1079
f 1080/1080/1080 1076/1076/1076 1075/1075/1075
f 1080/1080/1080 1075/1075/1075 1079/1079/1079
f 1081/1081/1081 1076/1076/1076 1080/1080/1080
f 1079/1079/1079 1077/1077/1077 1082/1082/1082
f 1079/1079/1079 1082/1082/1082 1080/1080/1080
f 1083/1083/1083 1081/1081/1081 1080/1080/1080
f 1082/1082/1082 1083/1083/1083 1080/1080/1080
f 1081/1081/1081 1083/1083/1083 1084/1084/1084
f 1085/1085/1085 1081/1081/1081 1084/1084/1084
f 1086/1086/1086 1085/1085/1085 1084/1084/1084
f 1078/1078/1078 1087/1087/1087 1077/1077/1077
f 1077/1077/1077 1087/1087/1087 1082/1082/1082
f 1083/1083/1083 1082/1082/1082 1088/1088/1088
f 1084/1084/1084 1083/1083/1083 1088/1088/1088
f 1089/1089/1089 1086/1086/1086 1084/1084/1084
f 1090/1090/1090 1086/1086/1086 1089/1089/1089
f 1082/1082/1082 1087/1087/1087 1091/1091/1091
f 1088/1088/1088 1082/1082/1082 1091/1091/1091
f 1084/1084/1084 1088/1088/1088 1092/1092/1092
f 1089/1089/1089 1084/1084/1084 1092/1092/1092
f 1088/1088/1088 1091/1091/1091 1092/1092/1092
f 1087/1087/1087 1078/1078/1078 1093/1093/1093
f 1091/1091/1091 1087/1087/1087 1093/1093/1093
f 1094/1094/1094 1093/1093/1093 1078/1078/1078
f 1095/1095/1095 1094/1094/1094 1078/1078/1078
f 1091/1091/1091 1093/1093/1093 1096/1096/1096
f 1097/1097/1097 1091/1091/1091 1096/1096/1096
f 1091/1091/1091 1097/1097/1097 1092/1092/1092
f 1097/1097/1097 1096/1096/1096 1098/1098/1098
f 1099/1099/1099 1090/1090/1090 1089/1089/1089
f 1100/1100/1100 1090/1090/1090 1099/1099/1099
f 1092/1092/1092 1101/1101/1101 1089/1089/1089
f 1092/1092/1092 1097/1097/1097 1101/1101/1101
f 1101/1101/1101 1099/1099/1099 1089/1089/1089
f 1102/1102/1102 1097/1097/1097 1098/1098/1098
f 1097/1097/1097 1102/1102/1102 1101/1101/1101
f 1098/1098/1098 1103/1103/1103 1102/1102/1102
f 1101/1101/1101 1104/1104/1104 1099/1099/1099
f 1101/1101/1101 1102/1102/1102 1104/1104/1104
f 1103/1103/1103 1105/1105/1105 1102/1102/1102
f 1102/1102/1102 1105/1105/1105 1104/1104/1104
f 1103/1103/1103 1106/1106/1106 1105/1105/1105
f 1106/1106/1106 1107/1107/1107 1105/1105/1105
f 1104/1104/1104 1105/1105/1105 1107/1107/1107
f 1107/1107/1107 1106/1106/1106 1108/1108/1108
f 1109/1109/1109 1100/1100/1100 1099/1099/1099
f 1104/1104/1104 1109/1109/1109 1099/1099/1099
f 1100/1100/1100 1109/1109/1109 1110/1110/1110
f 1111/1111/1111 1100/1100/1100 1110/1110/1110
f 1111/1111/1111 1110/1110/1110 1112/1112/1112
f 1104/1104/1104 1113/1113/1113 1109/1109/1109
f 1113/1113/1113 1104/1104/1104 1107/1107/1107
f 1113/1113/1113 1110/1110/1110 1109/1109/1109
f 1114/1114/1114 1107/1107/1107 1108/1108/1108
f 1114/1114/1114 1108/1108/1108 1115/1115/1115
f 1113/1113/1113 1107/1107/1107 1116/1116/1116
f 1110/1110/1110 1113/1113/1113 1116/1116/1116
f 1107/1107/1107 1114/1114/1114 1116/1116/1116
f 1110/1110/1110 1117/1117/1117 1112/1112/1112
f 1117/1117/1117 1110/1110/1110 1116/1116/1116
f 1112/1112/1112 1117/1117/1117 1118/1118/1118
f 1116/1116/1116 1114/1114/1114 1119/1119/1119
f 1117/1117/1117 1116/1116/1116 1119/1119/1119
f 1120/1120/1120 1114/1114/1114 1115/1115/1115
f 1114/1114/1114 1120/1120/1120 1119/1119/1119
f 1115/1115/1115 1121/1121/1121 1120/1120/1120
f 1122/1122/1122 1121/1121/1121 1115/1115/1115
f 1121/1121/1121 1123/1123/1123 1120/1120/1120
f 1120/1120/1120 1123/1123/1123 1119/1119/1119
f 1123/1123/1123 1124/1124/1124 1119/1119/1119
f 1125/1125/1125 1117/1117/1117 1119/1119/1119
f 1119/1119/1119 1124/1124/1124 1125/1125/1125
f 1117/1117/1117 1125/1125/1125 1118/1118/1118
f 1124/1124/1124 1126/1126/1126 1125/1125/1125
f 1125/1125/1125 1126/1126/1126 1118/1118/1118
f 1126/1126/1126 1127/1127/1127 1118/1118/1118
f 1130/1130/1130 1129/1129/1129 1128/1128/1128
f 1131/1131/1131 1130/1130/1130 1128/1128/1128
f 1131/1131/1131 1128/1128/1128 1132/1132/1132
f 1133/1133/1133 1130/1130/1130 1131/1131/1131
f 1134/1134/1134 1131/1131/1131 1132/1132/1132
f 1132/1132/1132 1135/1135/1135 1134/1134/1134
f 1136/1136/1136 1133/1133/1133 1131/1131/1131
f 1136/1136/1136 1131/1131/1131 1134/1134/1134
f 1137/1137/1137 1133/1133/1133 1136/1136/1136
f 1138/1138/1138 1137/1137/1137 1136/1136/1136
f 1138/1138/1138 1136/1136/1136 1139/1139/1139
f 1139/1139/1139 1136/1136/1136 1134/1134/1134
f 1140/1140/1140 1138/1138/1138 1139/1139/1139
f 1140/1140/1140 1139/1139/1139 1141/1141/1141
f 1139/1139/1139 1134/1134/1134 1141/1141/1141
f 1142/1142/1142 1140/1140/1140 1141/1141/1141
f 1135/1135/1135 1143/1143/1143 1134/1134/1134
f 1134/1134/1134 1143/1143/1143 1141/1141/1141
f 1135/1135/1135 1144/1144/1144 1143/1143/1143
f 1142/1142/1142 1141/1141/1141 1145/1145/1145
f 1141/1141/1141 1143/1143/1143 1145/1145/1145
f 1146/1146/1146 1142/1142/1142 1145/1145/1145
f 1144/1144/1144 1147/1147/1147 1143/1143/1143
f 1143/1143/1143 1147/1147/1147 1145/1145/1145
f 1144/1144/1144 1148/1148/1148 1147/1147/1147
f 1145/1145/1145 1149/1149/1149 1146/1146/1146
f 1145/1145/1145 1147/1147/1147 1149/1149/1149
f 1149/1149/1149 1150/1150/1150 1146/1146/1146
f 1148/1148/1148 1151/1151/1151 1147/1147/1147
f 1147/1147/1147 1151/1151/1151 1149/1149/1149
f 1151/1151/1151 1148/1148/1148 1152/1152/1152
f 1153/1153/1153 1151/1151/1151 1152/1152/1152
f 1151/1151/1151 1153/1153/1153 1149/1149/1149
f 1153/1153/1153 1152/1152/1152 1154/1154/1154
f 1150/1150/1150 1149/1149/1149 1155/1155/1155
f 1153/1153/1153 1155/1155/1155 1149/1149/1149
f 1156/1156/1156 1150/1150/1150 1155/1155/1155
f 1156/1156/1156 1155/1155/1155 1157/1157/1157
f 1155/1155/1155 1153/1153/1153 1157/1157/1157
f 1158/1158/1158 1156/1156/1156 1157/1157/1157
f 1159/1159/1159 1153/1153/1153 1154/1154/1154
f 1153/1153/1153 1159/1159/1159 1157/1157/1157
f 1159/1159/1159 1154/1154/1154 1160/1160/1160
f 1158/1158/1158 1157/1157/1157 1161/1161/1161
f 1157/1157/1157 1159/1159/1159 1161/1161/1161
f 1162/1162/1162 1158/1158/1158 1161/1161/1161
f 1163/1163/1163 1159/1159/1159 1160/1160/1160
f 1159/1159/1159 1163/1163/1163 1161/1161/1161
f 1160/1160/1160 1164/1164/1164 1163/1163/1163
f 1162/1162/1162 1161/1161/1161 1165/1165/1165
f 1161/1161/1161 1163/1163/1163 1165/1165/1165
f 1166/1166/1166 1162/1162/1162 1165/1165/1165
f 1164/1164/1164 1167/1167/1167 1163/1163/1163
f 1163/1163/1163 1167/1167/1167 1165/1165/1165
f 1164/1164/1164 1168/1168/1168 1167/1167/1167
f 1168/1168/1168 1169/1169/1169 1167/1167/1167
f 1167/1167/1167 1169/1169/1169 1165/1165/1165
f 1169/1169/1169 1168/1168/1168 1170/1170/1170
f 1165/1165/1165 1171/1171/1171 1166/1166/1166
f 1169/1169/1169 1171/1171/1171 1165/1165/1165
f 1171/1171/1171 1172/1172/1172 1166/1166/1166
f 1172/1172/1172 1171/1171/1171 1173/1173/1173
f 1171/1171/1171 1169/1169/1169 1173/1173/1173
f 1174/1174/1174 1172/1172/1172 1173/1173/1173
f 1175/1175/1175 1169/1169/1169 1170/1170/1170
f 1169/1169/1169 1175/1175/1175 1173/1173/1173
f 1175/1175/1175 1170/1170/1170 1176/1176/1176
f 1174/1174/1174 1173/1173/1173 1177/1177/1177
f 1173/1173/1173 1175/1175/1175 1177/1177/1177
f 1178/1178/1178 1174/1174/1174 1177/1177/1177
f 1179/1179/1179 1175/1175/1175 1176/1176/1176
f 1175/1175/1175 1179/1179/1179 1177/1177/1177
f 1176/1176/1176 1180/1180/1180 1179/1179/1179
f 1180/1180/1180 1181/1181/1181 1179/1179/1179
f 1179/1179/1179 1181/1181/1181 1177/1177/1177
f 1181/1181/1181 1182/1182/1182 1177/1177/1177
f 1177/1177/1177 1182/1182/1182 1178/1178/1178
f 1182/1182/1182 1183/1183/1183 1178/1178/1178
f 1186/1186/1186 1185/1185/1185 1184/1184/1184
f 1187/1187/1187 1186/1186/1186 1184/1184/1184
f 1190/1190/1190 1189/1189/1189 1188/1188/1188
f 1191/1191/1191 1190/1190/1190 1188/1188/1188
f 1194/1194/1194 1193/1193/1193 1192/1192/1192
f 1193/1193/1193 1195/1195/1195 1192/1192/1192
f 1195/1195/1195 1193/1193/1193 1196/1196/1196
f 1197/1197/1197 1195/1195/1195 1196/1196/1196
f 1195/1195/1195 1198/1198/1198 1192/1192/1192
f 1195/1195/1195 1197/1197/1197 1198/1198/1198
f 1198/1198/1198 1199/1199/1199 1192/1192/1192
f 1199/1199/1199 1198/1198/1198 1200/1200/1200
f 1197/1197/1197 1201/1201/1201 1198/1198/1198
f 1198/1198/1198 1202/1202/1202 1200/1200/1200
f 1202/1202/1202 1198/1198/1198 1201/1201/1201
f 1203/1203/1203 1202/1202/1202 1201/1201/1201
f 1202/1202/1202 1203/1203/1203 1204/1204/1204
f 1203/1203/1203 1205/1205/1205 1204/1204/1204
f 1208/1208/1208 1207/1207/1207 1206/1206/1206
f 1209/1209/1209 1208/1208/1208 1206/1206/1206
f 1209/1209/1209 1206/1206/1206 1210/1210/1210
f 1211/1211/1211 1209/1209/1209 1210/1210/1210
f 1211/1211/1211 1210/1210/1210 1212/1212/1212
f 1210/1210/1210 1213/1213/1213 1212/1212/1212
f 1212/1212/1212 1213/1213/1213 1214/1214/1214
f 1215/1215/1215 1212/1212/1212 1214/1214/1214
f 1216/1216/1216 1215/1215/1215 1214/1214/1214
f 1217/1217/1217 1216/1216/1216 1214/1214/1214
f 1216/1216/1216 1217/1217/1217 1218/1218/1218
f 1219/1219/1219 1216/1216/1216 1218/1218/1218
f 1219/1219/1219 1218/1218/1218 1220/1220/1220
f 1218/1218/1218 1221/1221/1221 1220/1220/1220
f 1224/1224/1224 1223/1223/1223 1222/1222/1222
f 1223/1223/1223 1225/1225/1225 1222/1222/1222
f 1222/1222/1222 1225/1225/1225 1226/1226/1226
f 1225/1225/1225 1227/1227/1227 1226/1226/1226
f 1226/1226/1226 1227/1227/1227 1228/1228/1228
f 1227/1227/1227 1229/1229/1229 1228/1228/1228
f 1229/1229/1229 1230/1230/1230 1228/1228/1228
f 1230/1230/1230 1231/1231/1231 1228/1228/1228
f 1231/1231/1231 1230/1230/1230 1232/1232/1232
f 1230/1230/1230 1233/1233/1233 1232/1232/1232
f 1232/1232/1232 1233/1233/1233 1234/1234/1234
f 1233/1233/1233 1235/1235/1235 1234/1234/1234
f 1235/1235/1235 1236/1236/1236 1234/1234/1234
f 1239/1239/1239 1238/1238/1238 1237/1237/1237
f 1238/1238/1238 1240/1240/1240 1237/1237/1237
f 1237/1237/1237 1240/1240/1240 1241/1241/1241
f 1240/1240/1240 1242/1242/1242 1241/1241/1241
f 1241/1241/1241 1242/1242/1242 1243/1243/1243
f 1242/1242/1242 1244/1244/1244 1243/1243/1243
f 1244/1244/1244 1245/1245/1245 1243/1243/1243
f 1245/1245/1245 1246/1246/1246 1243/1243/1243
f 1245/1245/1245 1247/1247/1247 1246/1246/1246
f 1247/1247/1247 1248/1248/1248 1246/1246/1246
f 1251/1251/1251 1250/1250/1250 1249/1249/1249
f 1252/1252/1252 1251/1251/1251 1249/1249/1249
f 1252/1252/1252 1253/1253/1253 1251/1251/1251
f 1253/1253/1253 1254/1254/1254 1251/1251/1251
f 1253/1253/1253 1252/1252/1252 1255/1255/1255
f 1256/1256/1256 1252/1252/1252 1249/1249/1249
f 1252/1252/1252 1256/1256/1256 1255/1255/1255
f 1257/1257/1257 1256/1256/1256 1249/1249/1249
f 1258/1258/1258 1255/1255/1255 1256/1256/1256
f 1257/1257/1257 1259/1259/1259 1256/1256/1256
f 1260/1260/1260 1258/1258/1258 1256/1256/1256
f 1259/1259/1259 1260/1260/1260 1256/1256/1256
f 1263/1263/1263 1262/1262/1262 1261/1261/1261
f 1264/1264/1264 1263/1263/1263 1261/1261/1261
f 1265/1265/1265 1264/1264/1264 1261/1261/1261
f 1266/1266/1266 1265/1265/1265 1261/1261/1261
f 1269/1269/1269 1268/1268/1268 1267/1267/1267
f 1270/1270/1270 1269/1269/1269 1267/1267/1267
f 1271/1271/1271 1270/1270/1270 1267/1267/1267
f 1272/1272/1272 1271/1271/1271 1267/1267/1267
f 1275/1275/1275 1274/1274/1274 1273/1273/1273
f 1276/1276/1276 1275/1275/1275 1273/1273/1273
f 1276/1276/1276 1273/1273/1273 1277/1277/1277
f 1273/1273/1273 1278/1278/1278 1277/1277/1277
f 1281/1281/1281 1280/1280/1280 1279/1279/1279
f 1282/1282/1282 1281/1281/1281 1279/1279/1279
f 1285/1285/1285 1284/1284/1284 1283/1283/1283
f 1283/1283/1283 1284/1284/1284 1286/1286/1286
f 1287/1287/1287 1285/1285/1285 1283/1283/1283
f 1288/1288/1288 1283/1283/1283 1286/1286/1286
f 1289/1289/1289 1285/1285/1285 1287/1287/1287
f 1290/1290/1290 1289/1289/1289 1287/1287/1287
f 1288/1288/1288 1286/1286/1286 1291/1291/1291
f 1286/1286/1286 1292/1292/1292 1291/1291/1291
f 1292/1292/1292 1293/1293/1293 1291/1291/1291
f 1293/1293/1293 1294/1294/1294 1291/1291/1291
f 1293/1293/1293 1295/1295/1295 1294/1294/1294
f 1295/1295/1295 1296/1296/1296 1294/1294/1294
f 1295/1295/1295 1297/1297/1297 1296/1296/1296
f 1297/1297/1297 1298/1298/1298 1296/1296/1296
f 1290/1290/1290 1299/1299/1299 1289/1289/1289
f 1299/1299/1299 1300/1300/1300 1289/1289/1289
f 1297/1297/1297 1301/1301/1301 1298/1298/1298
f 1301/1301/1301 1300/1300/1300 1299/1299/1299
f 1301/1301/1301 1302/1302/1302 1298/1298/1298
f 1302/1302/1302 1301/1301/1301 1299/1299/1299
f 1305/1305/1305 1304/1304/1304 1303/1303/1303
f 1305/1305/1305 1306/1306/1306 1304/1304/1304
f 1304/1304/1304 1307/1307/1307 1303/1303/1303
f 1306/1306/1306 1308/1308/1308 1304/1304/1304
f 1303/1303/1303 1307/1307/1307 1309/1309/1309
f 1307/1307/1307 1310/1310/1310 1309/1309/1309
f 1311/1311/1311 1308/1308/1308 1306/1306/1306
f 1312/1312/1312 1311/1311/1311 1306/1306/1306
f 1311/1311/1311 1312/1312/1312 1313/1313/1313
f 1314/1314/1314 1311/1311/1311 1313/1313/1313
f 1314/1314/1314 1313/1313/1313 1315/1315/1315
f 1316/1316/1316 1314/1314/1314 1315/1315/1315
f 1316/1316/1316 1315/1315/1315 1317/1317/1317
f 1318/1318/1318 1316/1316/1316 1317/1317/1317
f 1309/1309/1309 1310/1310/1310 1319/1319/1319
f 1320/1320/1320 1309/1309/1309 1319/1319/1319
f 1318/1318/1318 1317/1317/1317 1321/1321/1321
f 1320/1320/1320 1319/1319/1319 1321/1321/1321
f 1322/1322/1322 1318/1318/1318 1321/1321/1321
f 1319/1319/1319 1322/1322/1322 1321/1321/1321
f 1325/1325/1325 1324/1324/1324 1323/1323/1323
f 1323/1323/1323 1324/1324/1324 1326/1326/1326
f 1327/1327/1327 1325/1325/1325 1323/1323/1323
f 1327/1327/1327 1328/1328/1328 1325/1325/1325
f 1328/1328/1328 1327/1327/1327 1323/1323/1323
f 1328/1328/1328 1329/1329/1329 1325/1325/1325
f 1330/1330/1330 1329/1329/1329 1328/1328/1328
f 1331/1331/1331 1323/1323/1323 1326/1326/1326
f 1328/1328/1328 1323/1323/1323 1331/1331/1331
f 1331/1331/1331 1326/1326/1326 1332/1332/1332
f 1328/1328/1328 1331/1331/1331 1332/1332/1332
f 1326/1326/1326 1333/1333/1333 1332/1332/1332
f 1332/1332/1332 1333/1333/1333 1334/1334/1334
f 1332/1332/1332 1334/1334/1334 1328/1328/1328
f 1333/1333/1333 1335/1335/1335 1334/1334/1334
f 1336/1336/1336 1330/1330/1330 1328/1328/1328
f 1336/1336/1336 1328/1328/1328 1334/1334/1334
f 1337/1337/1337 1330/1330/1330 1336/1336/1336
f 1334/1334/1334 1335/1335/1335 1338/1338/1338
f 1338/1338/1338 1336/1336/1336 1334/1334/1334
f 1335/1335/1335 1339/1339/1339 1338/1338/1338
f 1338/1338/1338 1339/1339/1339 1340/1340/1340
f 1338/1338/1338 1340/1340/1340 1336/1336/1336
f 1339/1339/1339 1341/1341/1341 1340/1340/1340
f 1342/1342/1342 1337/1337/1337 1336/1336/1336
f 1340/1340/1340 1342/1342/1342 1336/1336/1336
f 1343/1343/1343 1337/1337/1337 1342/1342/1342
f 1344/1344/1344 1343/1343/1343 1342/1342/1342
f 1344/1344/1344 1342/1342/1342 1340/1340/1340
f 1345/1345/1345 1343/1343/1343 1344/1344/1344
f 1340/1340/1340 1341/1341/1341 1346/1346/1346
f 1346/1346/1346 1344/1344/1344 1340/1340/1340
f 1341/1341/1341 1347/1347/1347 1346/1346/1346
f 1346/1346/1346 1347/1347/1347 1348/1348/1348
f 1349/1349/1349 1346/1346/1346 1348/1348/1348
f 1344/1344/1344 1346/1346/1346 1349/1349/1349
f 1349/1349/1349 1348/1348/1348 1350/1350/1350
f 1349/1349/1349 1350/1350/1350 1344/1344/1344
f 1348/1348/1348 1351/1351/1351 1350/1350/1350
f 1350/1350/1350 1351/1351/1351 1352/1352/1352
f 1352/1352/1352 1345/1345/1345 1353/1353/1353
f 1353/1353/1353 1345/1345/1345 1344/1344/1344
f 1350/1350/1350 1354/1354/1354 1344/1344/1344
f 1354/1354/1354 1350/1350/1350 1352/1352/1352
f 1354/1354/1354 1352/1352/1352 1353/1353/1353
f 1354/1354/1354 1353/1353/1353 1344/1344/1344
f 1357/1357/1357 1356/1356/1356 1355/1355/1355
f 1356/1356/1356 1358/1358/1358 1355/1355/1355
f 1359/1359/1359 1357/1357/1357 1355/1355/1355
f 1357/1357/1357 1359/1359/1359 1360/1360/1360
f 1361/1361/1361 1357/1357/1357 1360/1360/1360
f 1361/1361/1361 1360/1360/1360 1362/1362/1362
f 1355/1355/1355 1363/1363/1363 1359/1359/1359
f 1363/1363/1363 1364/1364/1364 1359/1359/1359
f 1360/1360/1360 1359/1359/1359 1364/1364/1364
f 1363/1363/1363 1355/1355/1355 1365/1365/1365
f 1366/1366/1366 1360/1360/1360 1364/1364/1364
f 1355/1355/1355 1367/1367/1367 1365/1365/1365
f 1358/1358/1358 1367/1367/1367 1355/1355/1355
f 1368/1368/1368 1365/1365/1365 1367/1367/1367
f 1360/1360/1360 1366/1366/1366 1369/1369/1369
f 1360/1360/1360 1369/1369/1369 1362/1362/1362
f 1366/1366/1366 1370/1370/1370 1369/1369/1369
f 1367/1367/1367 1358/1358/1358 1371/1371/1371
f 1371/1371/1371 1368/1368/1368 1367/1367/1367
f 1358/1358/1358 1372/1372/1372 1371/1371/1371
f 1368/1368/1368 1371/1371/1371 1373/1373/1373
f 1372/1372/1372 1374/1374/1374 1371/1371/1371
f 1369/1369/1369 1375/1375/1375 1362/1362/1362
f 1375/1375/1375 1369/1369/1369 1370/1370/1370
f 1375/1375/1375 1376/1376/1376 1362/1362/1362
f 1377/1377/1377 1375/1375/1375 1370/1370/1370
f 1378/1378/1378 1376/1376/1376 1375/1375/1375
f 1371/1371/1371 1379/1379/1379 1373/1373/1373
f 1374/1374/1374 1379/1379/1379 1371/1371/1371
f 1380/1380/1380 1373/1373/1373 1379/1379/1379
f 1375/1375/1375 1377/1377/1377 1381/1381/1381
f 1381/1381/1381 1378/1378/1378 1375/1375/1375
f 1377/1377/1377 1382/1382/1382 1381/1381/1381
f 1379/1379/1379 1374/1374/1374 1383/1383/1383
f 1383/1383/1383 1380/1380/1380 1379/1379/1379
f 1374/1374/1374 1384/1384/1384 1383/1383/1383
f 1380/1380/1380 1383/1383/1383 1385/1385/1385
f 1384/1384/1384 1386/1386/1386 1383/1383/1383
f 1378/1378/1378 1381/1381/1381 1387/1387/1387
f 1387/1387/1387 1381/1381/1381 1382/1382/1382
f 1388/1388/1388 1378/1378/1378 1387/1387/1387
f 1389/1389/1389 1387/1387/1387 1382/1382/1382
f 1390/1390/1390 1388/1388/1388 1387/1387/1387
f 1383/1383/1383 1391/1391/1391 1385/1385/1385
f 1386/1386/1386 1391/1391/1391 1383/1383/1383
f 1392/1392/1392 1385/1385/1385 1391/1391/1391
f 1387/1387/1387 1389/1389/1389 1393/1393/1393
f 1393/1393/1393 1390/1390/1390 1387/1387/1387
f 1389/1389/1389 1394/1394/1394 1393/1393/1393
f 1391/1391/1391 1386/1386/1386 1395/1395/1395
f 1395/1395/1395 1392/1392/1392 1391/1391/1391
f 1386/1386/1386 1396/1396/1396 1395/1395/1395
f 1392/1392/1392 1395/1395/1395 1397/1397/1397
f 1396/1396/1396 1398/1398/1398 1395/1395/1395
f 1390/1390/1390 1393/1393/1393 1399/1399/1399
f 1399/1399/1399 1393/1393/1393 1394/1394/1394
f 1400/1400/1400 1390/1390/1390 1399/1399/1399
f 1398/1398/1398 1400/1400/1400 1399/1399/1399
f 1401/1401/1401 1399/1399/1399 1394/1394/1394
f 1401/1401/1401 1397/1397/1397 1402/1402/1402
f 1395/1395/1395 1402/1402/1402 1397/1397/1397
f 1398/1398/1398 1402/1402/1402 1395/1395/1395
f 1399/1399/1399 1401/1401/1401 1402/1402/1402
f 1402/1402/1402 1398/1398/1398 1399/1399/1399
f 1405/1405/1405 1404/1404/1404 1403/1403/1403
f 1406/1406/1406 1405/1405/1405 1403/1403/1403
f 1407/1407/1407 1406/1406/1406 1403/1403/1403
f 1408/1408/1408 1406/1406/1406 1407/1407/1407
f 1409/1409/1409 1408/1408/1408 1407/1407/1407
f 1410/1410/1410 1408/1408/1408 1409/1409/1409
f 1411/1411/1411 1410/1410/1410 1409/1409/1409
f 1412/1412/1412 1410/1410/1410 1411/1411/1411
f 1413/1413/1413 1412/1412/1412 1411/1411/1411
f 1414/1414/1414 1412/1412/1412 1413/1413/1413
f 1415/1415/1415 1414/1414/1414 1413/1413/1413
f 1415/1415/1415 1416/1416/1416 1414/1414/1414
f 1416/1416/1416 1417/1417/1417 1414/1414/1414
f 1417/1417/1417 1416/1416/1416 1418/1418/1418
f 1404/1404/1404 1419/1419/1419 1403/1403/1403
f 1403/1403/1403 1419/1419/1419 1420/1420/1420
f 1419/1419/1419 1404/1404/1404 1421/1421/1421
f 1419/1419/1419 1421/1421/1421 1420/1420/1420
f 1420/1420/1420 1421/1421/1421 1416/1416/1416
f 1404/1404/1404 1422/1422/1422 1421/1421/1421
f 1422/1422/1422 1418/1418/1418 1423/1423/1423
f 1416/1416/1416 1423/1423/1423 1418/1418/1418
f 1421/1421/1421 1422/1422/1422 1423/1423/1423
f 1421/1421/1421 1423/1423/1423 1416/1416/1416
f 1426/1426/1426 1425/1425/1425 1424/1424/1424
f 1427/1427/1427 1426/1426/1426 1424/1424/1424
f 1425/1425/1425 1428/1428/1428 1424/1424/1424
f 1429/1429/1429 1427/1427/1427 1424/1424/1424
f 1428/1428/1428 1430/1430/1430 1424/1424/1424
f 1431/1431/1431 1429/1429/1429 1424/1424/1424
f 1430/1430/1430 1432/1432/1432 1424/1424/1424
f 1433/1433/1433 1431/1431/1431 1424/1424/1424
f 1432/1432/1432 1434/1434/1434 1424/1424/1424
f 1435/1435/1435 1433/1433/1433 1424/1424/1424
f 1434/1434/1434 1436/1436/1436 1424/1424/1424
f 1436/1436/1436 1435/1435/1435 1424/1424/1424
usemtl Sink_Hole_Mat
f 1439/1439/1439 1438/1438/1438 1437/1437/1437
f 1438/1438/1438 1440/1440/1440 1437/1437/1437
f 1441/1441/1441 1439/1439/1439 1437/1437/1437
f 1440/1440/1440 1442/1442/1442 1437/1437/1437
f 1443/1443/1443 1441/1441/1441 1437/1437/1437
f 1442/1442/1442 1444/1444/1444 1437/1437/1437
f 1445/1445/1445 1443/1443/1443 1437/1437/1437
f 1444/1444/1444 1446/1446/1446 1437/1437/1437
f 1447/1447/1447 1445/1445/1445 1437/1437/1437
f 1446/1446/1446 1448/1448/1448 1437/1437/1437
f 1449/1449/1449 1447/1447/1447 1437/1437/1437
f 1448/1448/1448 1449/1449/1449 1437/1437/1437
