mtllib CounterTop_8a18c1d6.mtl
g CounterTop_8a18c1d6
v 0.99581 1.07799 0.7534
v 0.99581 1.08179 0.75719
v 0.9996 1.08179 0.7534
v 0.99581 1.07799 0.7534
v 0.9996 1.08179 0.7534
v 0.9996 1.08179 0.72961
v 0.00226 1.11311 0.7534
v 0.00226 1.10931 0.75719
v -0.00153 1.10931 0.7534
v -0.00153 1.10931 0.7534
v 0.00226 1.10931 0.75719
v 0.00226 1.08179 0.75719
v -0.00153 1.10931 0.7534
v 0.00226 1.08179 0.75719
v -0.00153 1.08179 0.7534
v 0.00226 1.07799 0.7534
v -0.00153 1.08179 0.7534
v 0.00226 1.08179 0.75719
v 0.99581 1.11311 0.7534
v 0.9996 1.10931 0.7534
v 0.99581 1.10931 0.75719
v -0.00153 1.08179 -0.00114
v 0.00226 1.08179 -0.00493
v 0.00226 1.10931 -0.00493
v 0.00226 1.07799 -0.00114
v 0.00226 1.08179 -0.00493
v -0.00153 1.08179 -0.00114
v -0.00153 1.08179 -0.00114
v 0.00226 1.10931 -0.00493
v -0.00153 1.10931 -0.00114
v 0.00226 1.11311 -0.00114
v -0.00153 1.10931 -0.00114
v 0.00226 1.10931 -0.00493
v 0.99581 1.07799 -0.00114
v 0.9996 1.08179 -0.00114
v 0.99581 1.08179 -0.00493
v 0.99581 1.11311 -0.00114
v 0.99581 1.10931 -0.00493
v 0.9996 1.10931 -0.00114
v 1.76419 1.07799 0.07741
v 1.75661 1.07799 0.07741
v 1.7604 1.08179 0.085
v 1.75661 1.07799 0.07741
v 1.75661 1.08179 0.0812
v 1.7604 1.08179 0.085
v 1.7604 1.08179 0.7534
v 1.76419 1.08179 0.75719
v 1.76419 1.07799 0.7534
v 1.7604 1.10931 0.085
v 1.76419 1.11311 0.085
v 1.76419 1.11311 0.7534
v 1.7604 1.10931 0.085
v 1.76419 1.11311 0.7534
v 1.7604 1.10931 0.7534
v 1.76419 1.11311 0.7534
v 1.76419 1.10931 0.75719
v 1.7604 1.10931 0.7534
v 2.76522 1.11311 0.7534
v 2.76902 1.10931 0.7534
v 2.76522 1.10931 0.75719
v 2.76522 1.10931 0.75719
v 2.76902 1.10931 0.7534
v 2.76902 1.08179 0.7534
v 2.76522 1.10931 0.75719
v 2.76902 1.08179 0.7534
v 2.76522 1.08179 0.75719
v 2.76902 1.08179 0.7534
v 2.76522 1.07799 0.7534
v 2.76522 1.08179 0.75719
v 2.76902 1.10931 -0.00114
v 2.76522 1.11311 -0.00114
v 2.76522 1.10931 -0.00493
v 2.76522 1.08179 -0.00493
v 2.76902 1.10931 -0.00114
v 2.76522 1.10931 -0.00493
v 2.76522 1.08179 -0.00493
v 2.76902 1.08179 -0.00114
v 2.76902 1.10931 -0.00114
v 2.76522 1.07799 -0.00114
v 2.76902 1.08179 -0.00114
v 2.76522 1.08179 -0.00493
v 1.7604 1.08179 0.085
v 1.75661 1.08179 0.0812
v 1.75661 1.10931 0.0812
v 1.7604 1.08179 0.085
v 1.75661 1.10931 0.0812
v 1.7604 1.10931 0.085
v 1.00254 1.11311 0.07741
v 1.00254 1.10931 0.0812
v 0.99875 1.10931 0.07741
v 1.00254 1.07799 0.07741
v 0.99875 1.08179 0.07741
v 1.00254 1.08179 0.0812
v 4.00282 1.07799 0.7534
v 4.00282 1.08179 0.75719
v 4.00662 1.08179 0.7534
v 3.70413 1.11311 0.7534
v 3.70413 1.10931 0.75719
v 3.70034 1.10931 0.7534
v 3.70034 1.10931 0.7534
v 3.70413 1.10931 0.75719
v 3.70413 1.08179 0.75719
v 3.70034 1.10931 0.7534
v 3.70413 1.08179 0.75719
v 3.70034 1.08179 0.7534
v 3.70413 1.07799 0.7534
v 3.70034 1.08179 0.7534
v 3.70413 1.08179 0.75719
v 3.70413 1.11311 -0.00114
v 3.70034 1.10931 -0.00114
v 3.70413 1.10931 -0.00493
v 3.70413 1.07799 -0.00114
v 3.70413 1.08179 -0.00493
v 3.70034 1.08179 -0.00114
v 4.00282 1.11311 0.7534
v 4.00662 1.10931 0.7534
v 4.00282 1.10931 0.75719
v 4.00282 1.07799 -0.00114
v 4.00662 1.08179 -0.00114
v 4.00282 1.08179 -0.00493
v 4.00282 1.11311 -0.00114
v 4.00282 1.10931 -0.00493
v 4.00662 1.10931 -0.00114
v 1.00254 1.10931 -0.00493
v 1.00254 1.11311 -0.00114
v 0.99875 1.10931 -0.00114
v 1.00254 1.07799 -0.00114
v 1.00254 1.08179 -0.00493
v 0.99875 1.08179 -0.00114
v 0.02747 1.08179 0.75719
v 0.00226 1.08179 0.75719
v 0.00226 1.10931 0.75719
v 0.02747 1.10931 0.75719
v 0.97168 1.08179 0.75719
v 0.97168 1.10931 0.75719
v 0.99581 1.08179 0.75719
v 0.99581 1.10931 0.75719
v 0.99581 1.10931 0.75719
v 0.9996 1.08179 0.7534
v 0.99581 1.08179 0.75719
v 0.9996 1.10931 0.7534
v 1.77757 1.08179 0.75719
v 1.76419 1.08179 0.75719
v 1.76419 1.10931 0.75719
v 1.77757 1.10931 0.75719
v 2.72643 1.08179 0.75719
v 2.72643 1.10931 0.75719
v 2.76522 1.08179 0.75719
v 2.76522 1.10931 0.75719
v 1.7604 1.10931 0.7534
v 1.76419 1.10931 0.75719
v 1.76419 1.08179 0.75719
v 1.7604 1.08179 0.7534
v 0.02747 1.07799 0.7534
v 0.97168 1.08179 0.75719
v 0.97168 1.07799 0.7534
v 0.02747 1.08179 0.75719
v 0.00226 1.07799 0.7534
v 0.00226 1.08179 0.75719
v 0.97168 1.07799 0.7534
v 0.97168 1.08179 0.75719
v 0.99581 1.08179 0.75719
v 0.99581 1.07799 0.7534
v 0.99581 1.07799 0.72961
v 0.97168 1.07799 0.7534
v 0.99581 1.07799 0.7534
v 0.97168 1.07799 0.72961
v 0.99581 1.07799 0.03476
v 0.02747 1.07799 0.7534
v 0.97168 1.07799 0.03476
v 0.99581 1.07799 -0.00114
v 0.97168 1.07799 -0.00114
v 0.02747 1.07799 0.72961
v 0.00226 1.07799 0.7534
v 0.00226 1.07799 0.72961
v 0.02747 1.07799 0.03476
v 0.02747 1.07799 -0.00114
v 0.00226 1.07799 0.03476
v 0.00226 1.07799 -0.00114
v 0.99581 1.07799 0.7534
v 0.9996 1.08179 0.72961
v 0.99581 1.07799 0.72961
v 0.9996 1.08179 0.03476
v 0.99581 1.07799 0.03476
v 0.9996 1.08179 -0.00114
v 0.99581 1.07799 -0.00114
v -0.00153 1.08179 0.72961
v -0.00153 1.10931 0.7534
v -0.00153 1.08179 0.7534
v -0.00153 1.10931 0.72961
v -0.00153 1.08179 0.03476
v -0.00153 1.10931 0.03476
v -0.00153 1.08179 -0.00114
v -0.00153 1.10931 -0.00114
v -0.00153 1.10931 0.72961
v 0.00226 1.11311 0.7534
v -0.00153 1.10931 0.7534
v 0.00226 1.11311 0.72961
v -0.00153 1.08179 0.7534
v 0.00226 1.07799 0.7534
v 0.00226 1.07799 0.72961
v -0.00153 1.08179 0.72961
v 0.00226 1.07799 0.03476
v -0.00153 1.08179 0.03476
v 0.00226 1.07799 -0.00114
v -0.00153 1.08179 -0.00114
v -0.00153 1.10931 0.03476
v 0.00226 1.11311 0.72961
v -0.00153 1.10931 0.72961
v 0.00226 1.11311 0.03476
v -0.00153 1.10931 -0.00114
v 0.00226 1.11311 -0.00114
v 0.99581 1.11311 0.03476
v 0.97168 1.11311 -0.00114
v 0.99581 1.11311 -0.00114
v 0.97168 1.11311 0.03476
v 0.99581 1.11311 0.72961
v 0.02747 1.11311 -0.00114
v 0.97168 1.11311 0.72961
v 0.99581 1.11311 0.7534
v 0.97168 1.11311 0.7534
v 0.02747 1.11311 0.03476
v 0.00226 1.11311 -0.00114
v 0.00226 1.11311 0.03476
v 0.02747 1.11311 0.72961
v 0.02747 1.11311 0.7534
v 0.00226 1.11311 0.72961
v 0.00226 1.11311 0.7534
v 0.99581 1.11311 -0.00114
v 0.9996 1.10931 -0.00114
v 0.9996 1.10931 0.03476
v 0.99581 1.11311 0.03476
v 0.9996 1.10931 0.72961
v 0.99581 1.11311 0.72961
v 0.9996 1.10931 0.7534
v 0.99581 1.11311 0.7534
v 0.02747 1.11311 0.7534
v 0.00226 1.10931 0.75719
v 0.00226 1.11311 0.7534
v 0.02747 1.10931 0.75719
v 0.97168 1.11311 0.7534
v 0.97168 1.10931 0.75719
v 0.99581 1.11311 0.7534
v 0.99581 1.10931 0.75719
v 0.02747 1.10931 -0.00493
v 0.00226 1.10931 -0.00493
v 0.00226 1.08179 -0.00493
v 0.02747 1.08179 -0.00493
v 0.97168 1.10931 -0.00493
v 0.97168 1.08179 -0.00493
v 0.99581 1.10931 -0.00493
v 0.99581 1.08179 -0.00493
v 0.02747 1.10931 -0.00493
v 0.00226 1.11311 -0.00114
v 0.00226 1.10931 -0.00493
v 0.02747 1.11311 -0.00114
v 0.97168 1.10931 -0.00493
v 0.97168 1.11311 -0.00114
v 0.99581 1.10931 -0.00493
v 0.99581 1.11311 -0.00114
v 0.02747 1.07799 -0.00114
v 0.00226 1.08179 -0.00493
v 0.00226 1.07799 -0.00114
v 0.02747 1.08179 -0.00493
v 0.97168 1.07799 -0.00114
v 0.97168 1.08179 -0.00493
v 0.99581 1.07799 -0.00114
v 0.99581 1.08179 -0.00493
v 0.99581 1.08179 -0.00493
v 0.9996 1.08179 -0.00114
v 0.9996 1.10931 -0.00114
v 0.99581 1.10931 -0.00493
v 1.7604 1.08179 0.085
v 1.76419 1.07799 0.085
v 1.76419 1.07799 0.07741
v 1.7604 1.08179 0.7534
v 1.76419 1.07799 0.7534
v 1.76419 1.07799 0.7534
v 1.76419 1.08179 0.75719
v 1.77757 1.08179 0.75719
v 1.77757 1.07799 0.7534
v 1.77757 1.07799 0.7534
v 1.77757 1.08179 0.75719
v 2.72643 1.08179 0.75719
v 2.72643 1.07799 0.7534
v 2.76522 1.08179 0.75719
v 2.76522 1.07799 0.7534
v 2.76522 1.07799 0.085
v 2.72643 1.07799 0.7534
v 2.76522 1.07799 0.7534
v 2.72643 1.07799 0.085
v 1.77757 1.07799 0.7534
v 2.72643 1.07799 0.07741
v 2.76522 1.07799 0.07741
v 2.76522 1.07799 0.01647
v 1.77757 1.07799 0.085
v 1.76419 1.07799 0.7534
v 1.76419 1.07799 0.085
v 1.76419 1.07799 0.07741
v 1.77757 1.07799 0.07741
v 2.72643 1.07799 0.01647
v 2.76522 1.07799 -0.00114
v 2.72643 1.07799 -0.00114
v 1.77757 1.07799 0.01646
v 1.77757 1.07799 -0.00114
v 1.76419 1.07799 0.01646
v 1.75661 1.07799 0.07741
v 1.76419 1.07799 -0.00114
v 1.75661 1.07799 0.01646
v 1.00254 1.07799 0.07741
v 1.75661 1.07799 -0.00114
v 1.00254 1.07799 0.01646
v 1.00254 1.07799 -0.00114
v 1.7604 1.08179 0.085
v 1.7604 1.10931 0.085
v 1.7604 1.10931 0.7534
v 1.7604 1.08179 0.7534
v 1.77757 1.11311 0.7534
v 1.76419 1.11311 0.7534
v 1.76419 1.11311 0.085
v 1.77757 1.11311 0.085
v 2.72643 1.11311 0.7534
v 2.72643 1.11311 0.085
v 2.76522 1.11311 0.7534
v 2.76522 1.11311 0.085
v 2.76522 1.11311 0.07741
v 2.72643 1.11311 0.07741
v 1.77757 1.11311 0.07741
v 2.72643 1.11311 0.01647
v 2.76522 1.11311 0.01647
v 2.72643 1.11311 -0.00114
v 2.76522 1.11311 -0.00114
v 1.77757 1.11311 -0.00114
v 1.77757 1.11311 0.01646
v 1.76419 1.11311 -0.00114
v 1.76419 1.11311 0.01646
v 1.75661 1.11311 -0.00114
v 1.76419 1.11311 0.07741
v 1.75661 1.11311 0.07741
v 1.75661 1.11311 0.01646
v 1.00254 1.11311 -0.00114
v 1.00254 1.11311 0.01646
v 1.00254 1.11311 0.07741
v 1.76419 1.11311 0.085
v 1.7604 1.10931 0.085
v 1.75661 1.11311 0.07741
v 1.75661 1.10931 0.0812
v 1.77757 1.11311 0.7534
v 1.76419 1.10931 0.75719
v 1.76419 1.11311 0.7534
v 1.77757 1.10931 0.75719
v 2.72643 1.11311 0.7534
v 2.72643 1.10931 0.75719
v 2.76522 1.11311 0.7534
v 2.76522 1.10931 0.75719
v 2.76902 1.08179 0.085
v 2.76902 1.08179 0.7534
v 2.76902 1.10931 0.7534
v 2.76902 1.10931 0.085
v 2.76902 1.08179 0.07741
v 2.76902 1.10931 0.07741
v 2.76902 1.08179 0.01647
v 2.76902 1.10931 0.01647
v 2.76902 1.08179 -0.00114
v 2.76902 1.10931 -0.00114
v 2.76522 1.11311 0.085
v 2.76902 1.10931 0.7534
v 2.76522 1.11311 0.7534
v 2.76902 1.10931 0.085
v 2.76522 1.11311 0.07741
v 2.76902 1.10931 0.07741
v 2.76522 1.11311 0.01647
v 2.76902 1.10931 0.01647
v 2.76522 1.11311 -0.00114
v 2.76902 1.10931 -0.00114
v 2.76522 1.07799 0.7534
v 2.76902 1.08179 0.7534
v 2.76902 1.08179 0.085
v 2.76522 1.07799 0.085
v 2.76902 1.08179 0.07741
v 2.76522 1.07799 0.07741
v 2.76902 1.08179 0.01647
v 2.76522 1.07799 0.01647
v 2.76902 1.08179 -0.00114
v 2.76522 1.07799 -0.00114
v 3.99544 1.08179 0.75719
v 3.70413 1.08179 0.75719
v 3.70413 1.10931 0.75719
v 3.99544 1.10931 0.75719
v 4.00282 1.08179 0.75719
v 4.00282 1.10931 0.75719
v 4.00282 1.10931 0.75719
v 4.00662 1.08179 0.7534
v 4.00282 1.08179 0.75719
v 4.00662 1.10931 0.7534
v 1.75661 1.08179 0.0812
v 1.00254 1.08179 0.0812
v 1.00254 1.10931 0.0812
v 1.75661 1.10931 0.0812
v 1.00254 1.08179 0.0812
v 0.99875 1.10931 0.07741
v 1.00254 1.10931 0.0812
v 0.99875 1.08179 0.07741
v 1.00254 1.07799 0.07741
v 1.00254 1.08179 0.0812
v 1.75661 1.08179 0.0812
v 1.75661 1.07799 0.07741
v 1.00254 1.10931 0.0812
v 1.00254 1.11311 0.07741
v 1.75661 1.11311 0.07741
v 1.75661 1.10931 0.0812
v 3.99544 1.07799 0.7534
v 4.00282 1.08179 0.75719
v 4.00282 1.07799 0.7534
v 3.99544 1.08179 0.75719
v 3.70413 1.07799 0.7534
v 3.70413 1.08179 0.75719
v 4.00282 1.07799 0.025
v 3.99544 1.07799 0.7534
v 4.00282 1.07799 0.7534
v 3.99544 1.07799 0.025
v 4.00282 1.07799 -0.00114
v 3.70413 1.07799 0.7534
v 3.99544 1.07799 -0.00114
v 3.70413 1.07799 0.025
v 3.70413 1.07799 -0.00114
v 4.00282 1.07799 0.025
v 4.00662 1.08179 -0.00114
v 4.00282 1.07799 -0.00114
v 4.00662 1.08179 0.025
v 4.00282 1.07799 0.7534
v 4.00662 1.08179 0.7534
v 3.70034 1.08179 0.025
v 3.70034 1.10931 0.7534
v 3.70034 1.08179 0.7534
v 3.70034 1.10931 0.025
v 3.70034 1.08179 -0.00114
v 3.70034 1.10931 -0.00114
v 3.70034 1.10931 0.025
v 3.70413 1.11311 0.7534
v 3.70034 1.10931 0.7534
v 3.70413 1.11311 0.025
v 3.70034 1.10931 -0.00114
v 3.70413 1.11311 -0.00114
v 3.70034 1.08179 -0.00114
v 3.70413 1.10931 -0.00493
v 3.70034 1.10931 -0.00114
v 3.70413 1.08179 -0.00493
v 3.70034 1.08179 0.025
v 3.70413 1.07799 -0.00114
v 3.70034 1.08179 -0.00114
v 3.70413 1.07799 0.025
v 3.70034 1.08179 0.7534
v 3.70413 1.07799 0.7534
v 4.00282 1.11311 0.025
v 3.99544 1.11311 -0.00114
v 4.00282 1.11311 -0.00114
v 3.99544 1.11311 0.025
v 4.00282 1.11311 0.7534
v 3.70413 1.11311 -0.00114
v 3.99544 1.11311 0.7534
v 3.70413 1.11311 0.025
v 3.70413 1.11311 0.7534
v 4.00282 1.11311 0.025
v 4.00662 1.10931 0.7534
v 4.00282 1.11311 0.7534
v 4.00662 1.10931 0.025
v 4.00282 1.11311 -0.00114
v 4.00662 1.10931 0.025
v 4.00282 1.11311 0.025
v 4.00662 1.10931 -0.00114
v 4.00282 1.11311 0.7534
v 4.00282 1.10931 0.75719
v 3.99544 1.10931 0.75719
v 3.99544 1.11311 0.7534
v 3.70413 1.10931 0.75719
v 3.70413 1.11311 0.7534
v 3.99544 1.10931 -0.00493
v 3.70413 1.10931 -0.00493
v 3.70413 1.08179 -0.00493
v 3.99544 1.08179 -0.00493
v 4.00282 1.10931 -0.00493
v 4.00282 1.08179 -0.00493
v 3.99544 1.10931 -0.00493
v 3.70413 1.11311 -0.00114
v 3.70413 1.10931 -0.00493
v 3.99544 1.11311 -0.00114
v 4.00282 1.10931 -0.00493
v 4.00282 1.11311 -0.00114
v 3.99544 1.07799 -0.00114
v 3.70413 1.08179 -0.00493
v 3.70413 1.07799 -0.00114
v 3.99544 1.08179 -0.00493
v 4.00282 1.07799 -0.00114
v 4.00282 1.08179 -0.00493
v 4.00282 1.08179 -0.00493
v 4.00662 1.08179 -0.00114
v 4.00662 1.10931 -0.00114
v 4.00282 1.10931 -0.00493
v 4.00662 1.08179 0.025
v 4.00662 1.08179 0.7534
v 4.00662 1.10931 0.7534
v 4.00662 1.10931 0.025
v 4.00662 1.08179 -0.00114
v 4.00662 1.10931 -0.00114
v 1.75661 1.10931 -0.00493
v 1.00254 1.10931 -0.00493
v 1.00254 1.08179 -0.00493
v 1.75661 1.08179 -0.00493
v 1.76419 1.10931 -0.00493
v 1.76419 1.08179 -0.00493
v 1.77757 1.10931 -0.00493
v 1.77757 1.08179 -0.00493
v 2.72643 1.10931 -0.00493
v 2.72643 1.08179 -0.00493
v 2.76522 1.10931 -0.00493
v 2.76522 1.08179 -0.00493
v 1.75661 1.10931 -0.00493
v 1.00254 1.11311 -0.00114
v 1.00254 1.10931 -0.00493
v 1.75661 1.11311 -0.00114
v 1.76419 1.11311 -0.00114
v 1.76419 1.10931 -0.00493
v 1.77757 1.10931 -0.00493
v 1.77757 1.11311 -0.00114
v 2.72643 1.10931 -0.00493
v 1.75661 1.07799 -0.00114
v 1.00254 1.08179 -0.00493
v 1.00254 1.07799 -0.00114
v 1.75661 1.08179 -0.00493
v 1.76419 1.08179 -0.00493
v 1.76419 1.07799 -0.00114
v 1.77757 1.07799 -0.00114
v 1.77757 1.08179 -0.00493
v 2.72643 1.07799 -0.00114
v 2.72643 1.08179 -0.00493
v 2.76522 1.07799 -0.00114
v 2.76522 1.08179 -0.00493
v 2.72643 1.10931 -0.00493
v 2.72643 1.11311 -0.00114
v 1.77757 1.11311 -0.00114
v 2.76522 1.10931 -0.00493
v 2.76522 1.11311 -0.00114
v 0.99875 1.08179 0.01646
v 0.99875 1.10931 0.07741
v 0.99875 1.08179 0.07741
v 0.99875 1.10931 0.01646
v 0.99875 1.08179 -0.00114
v 0.99875 1.10931 -0.00114
v 0.99875 1.08179 0.01646
v 1.00254 1.07799 -0.00114
v 0.99875 1.08179 -0.00114
v 1.00254 1.07799 0.01646
v 0.99875 1.08179 0.07741
v 1.00254 1.07799 0.07741
v 0.99875 1.08179 -0.00114
v 1.00254 1.08179 -0.00493
v 1.00254 1.10931 -0.00493
v 0.99875 1.10931 -0.00114
v 0.99875 1.10931 0.01646
v 1.00254 1.11311 0.07741
v 0.99875 1.10931 0.07741
v 1.00254 1.11311 0.01646
v 0.99875 1.10931 -0.00114
v 1.00254 1.11311 -0.00114
v 0.9996 1.08179 0.72961
v 0.9996 1.08179 0.7534
v 0.9996 1.10931 0.7534
v 0.9996 1.10931 0.72961
v 0.9996 1.08179 0.03476
v 0.9996 1.10931 0.03476
v 0.9996 1.08179 -0.00114
v 0.9996 1.10931 -0.00114
vn 0.3333333 -0.3333333 0.3333333
vn 0.3333333 -0.3333333 0.3333333
vn 0.3333333 -0.3333333 0.3333333
vn 0.4082475 -0.4082491 4.866709E-08
vn 0.4082475 -0.4082491 4.866709E-08
vn 0.4082474 -0.4082491 4.866709E-08
vn -0.333362 0.3332747 0.3333633
vn -0.333362 0.3332747 0.3333633
vn -0.333362 0.3332747 0.3333633
vn -0.4082498 4.866681E-08 0.4082467
vn -0.4082498 4.866681E-08 0.4082467
vn -0.4082498 4.866681E-08 0.4082467
vn -0.4082507 4.86667E-08 0.4082458
vn -0.4082507 4.86667E-08 0.4082458
vn -0.4082508 4.866669E-08 0.4082458
vn -0.3333375 -0.3333198 0.3333426
vn -0.3333375 -0.3333198 0.3333426
vn -0.3333375 -0.3333198 0.3333426
vn 0.3333569 0.3332862 0.3333568
vn 0.3333569 0.3332862 0.3333568
vn 0.3333569 0.3332862 0.3333568
vn -0.4082476 -4.866706E-08 -0.4082489
vn -0.4082476 -4.866707E-08 -0.4082489
vn -0.4082476 -4.866707E-08 -0.4082489
vn -0.3333353 -0.3333309 -0.3333338
vn -0.3333353 -0.3333309 -0.3333338
vn -0.3333353 -0.3333309 -0.3333338
vn -0.4082476 -4.866707E-08 -0.4082489
vn -0.4082476 -4.866706E-08 -0.4082489
vn -0.4082476 -4.866707E-08 -0.4082489
vn -0.3333673 0.3332712 -0.3333615
vn -0.3333673 0.3332712 -0.3333615
vn -0.3333673 0.3332712 -0.3333615
vn 0.3333279 -0.3333388 -0.3333334
vn 0.3333278 -0.3333387 -0.3333334
vn 0.3333278 -0.3333387 -0.3333334
vn 0.3333493 0.3332838 -0.333367
vn 0.3333493 0.3332838 -0.333367
vn 0.3333493 0.3332838 -0.333367
vn 0 -0.5163931 0.2582082
vn 0 -0.5163931 0.2582082
vn 0 -0.5163931 0.2582082
vn -0.3333422 -0.3333333 0.3333245
vn -0.3333422 -0.3333333 0.3333245
vn -0.3333422 -0.3333333 0.3333245
vn -0.3333542 -0.3333365 0.3333093
vn -0.3333542 -0.3333365 0.3333093
vn -0.3333542 -0.3333365 0.3333093
vn -0.4083032 0.4081933 -4.866044E-08
vn -0.4083032 0.4081933 -4.866044E-08
vn -0.4083033 0.4081933 -4.866044E-08
vn -0.4083033 0.4081933 -4.866044E-08
vn -0.4083032 0.4081933 -4.866044E-08
vn -0.4083032 0.4081933 -4.866044E-08
vn -0.3333687 0.3332803 0.333351
vn -0.3333687 0.3332803 0.333351
vn -0.3333687 0.3332803 0.333351
vn 0.3334247 0.3332744 0.3333009
vn 0.3334247 0.3332744 0.3333009
vn 0.3334247 0.3332744 0.3333009
vn 0.4082826 4.86629E-08 0.4082139
vn 0.4082826 4.86629E-08 0.4082139
vn 0.4082826 4.86629E-08 0.4082139
vn 0.4083289 4.865738E-08 0.4081677
vn 0.4083289 4.865738E-08 0.4081677
vn 0.4083289 4.865738E-08 0.4081676
vn 0.3334011 -0.3333215 0.3332773
vn 0.3334012 -0.3333215 0.3332773
vn 0.3334012 -0.3333215 0.3332773
vn 0.333366 0.3332686 -0.3333654
vn 0.333366 0.3332686 -0.3333654
vn 0.333366 0.3332686 -0.3333654
vn 0.4082573 -4.866592E-08 -0.4082393
vn 0.4082573 -4.866592E-08 -0.4082393
vn 0.4082573 -4.866592E-08 -0.4082393
vn 0.4082558 -4.86661E-08 -0.4082408
vn 0.4082558 -4.86661E-08 -0.4082408
vn 0.4082557 -4.86661E-08 -0.4082408
vn 0.3333308 -0.3333217 -0.3333475
vn 0.3333308 -0.3333217 -0.3333475
vn 0.3333308 -0.3333217 -0.3333476
vn -0.4082562 4.866605E-08 0.4082404
vn -0.4082577 4.866587E-08 0.4082389
vn -0.4082469 4.866716E-08 0.4082497
vn -0.4082562 4.866605E-08 0.4082404
vn -0.4082469 4.866716E-08 0.4082497
vn -0.4082454 4.866734E-08 0.4082512
vn -0.3333886 0.3332582 0.3333532
vn -0.3333886 0.3332582 0.3333532
vn -0.3333886 0.3332582 0.3333531
vn -0.3333474 -0.333323 0.3333297
vn -0.3333474 -0.333323 0.3333297
vn -0.3333474 -0.333323 0.3333297
vn 0.3332538 -0.3333686 0.3333776
vn 0.3332538 -0.3333686 0.3333776
vn 0.3332538 -0.3333686 0.3333775
vn -0.3334703 0.3332185 0.333311
vn -0.3334703 0.3332185 0.3333111
vn -0.3334703 0.3332185 0.3333111
vn -0.4083289 4.865738E-08 0.4081677
vn -0.4083289 4.865738E-08 0.4081677
vn -0.4083289 4.865738E-08 0.4081677
vn -0.4083543 4.865436E-08 0.4081423
vn -0.4083543 4.865436E-08 0.4081423
vn -0.4083543 4.865436E-08 0.4081423
vn -0.3334454 -0.3332684 0.3332862
vn -0.3334454 -0.3332684 0.3332862
vn -0.3334454 -0.3332684 0.3332862
vn -0.3334395 0.3332313 -0.3333291
vn -0.3334395 0.3332312 -0.3333291
vn -0.3334395 0.3332312 -0.3333292
vn -0.3334014 -0.3332859 -0.3333128
vn -0.3334014 -0.3332858 -0.3333128
vn -0.3334014 -0.3332858 -0.3333128
vn 0.3333009 0.3333451 0.3333539
vn 0.3333009 0.3333451 0.3333539
vn 0.333301 0.3333451 0.3333539
vn 0.3333015 -0.3333455 -0.333353
vn 0.3333015 -0.3333455 -0.333353
vn 0.3333015 -0.3333454 -0.333353
vn 0.3333241 0.3332987 -0.3333772
vn 0.3333241 0.3332988 -0.3333772
vn 0.3333241 0.3332987 -0.3333772
vn -0.3333885 0.3332583 -0.3333532
vn -0.3333885 0.3332583 -0.3333531
vn -0.3333885 0.3332583 -0.3333531
vn -0.3333591 -0.3333173 -0.3333236
vn -0.3333591 -0.3333173 -0.3333236
vn -0.3333591 -0.3333173 -0.3333236
vn -2.27188E-07 6.882551E-08 0.5773502
vn 0 6.882551E-08 0.5773502
vn 0 6.882551E-08 0.5773502
vn -2.27188E-07 6.882551E-08 0.5773502
vn -2.274417E-07 6.882551E-08 0.5773502
vn -2.274417E-07 6.882551E-08 0.5773502
vn 0 6.882551E-08 0.5773502
vn 0 6.882551E-08 0.5773502
vn 0.408247 4.866714E-08 0.4082496
vn 0.4082571 4.866594E-08 0.4082394
vn 0.4082587 4.866574E-08 0.4082378
vn 0.4082454 4.866734E-08 0.4082512
vn -2.288847E-07 6.882551E-08 0.5773502
vn 0 6.882551E-08 0.5773502
vn 0 6.882551E-08 0.5773502
vn -2.288848E-07 6.882551E-08 0.5773502
vn -2.22993E-07 6.882551E-08 0.5773502
vn -2.22993E-07 6.882551E-08 0.5773502
vn 0 6.882551E-08 0.5773502
vn 0 6.882551E-08 0.5773502
vn -0.408269 4.866452E-08 0.4082275
vn -0.4082707 4.866432E-08 0.4082258
vn -0.4082589 4.866572E-08 0.4082376
vn -0.4082572 4.866592E-08 0.4082393
vn 0 -0.4082456 0.4082509
vn -1.739708E-07 -0.4082552 0.4082413
vn -1.739732E-07 -0.4082496 0.4082469
vn 0 -0.4082455 0.408251
vn 0 -0.4082448 0.4082517
vn 0 -0.4082447 0.4082519
vn 0 -0.4082465 0.40825
vn 0 -0.4082465 0.40825
vn 0 -0.4082465 0.40825
vn 0 -0.4082516 0.4082449
vn 0 -0.5773502 6.882551E-08
vn 0 -0.5773502 6.882551E-08
vn 0 -0.5773502 6.882551E-08
vn 0 -0.5773502 6.882551E-08
vn 0 -0.5773502 6.882551E-08
vn 0 -0.5773502 6.882551E-08
vn 0 -0.5773502 6.882551E-08
vn 0 -0.5773502 6.882551E-08
vn 8.577032E-07 -0.5773502 6.882551E-08
vn 0 -0.5773502 6.882551E-08
vn 0 -0.5773502 6.882551E-08
vn 0 -0.5773502 6.882551E-08
vn 0 -0.5773502 6.882551E-08
vn 0 -0.5773502 6.882551E-08
vn -6.385438E-07 -0.5773502 6.882551E-08
vn -1.638368E-06 -0.5773502 6.882551E-08
vn 0.4082466 -0.4082499 4.866719E-08
vn 0.4082466 -0.40825 4.866719E-08
vn 0.4082466 -0.40825 4.866719E-08
vn 0.4082494 -0.4082471 2.850799E-07
vn 0.4082529 -0.4082437 4.866644E-08
vn 0.4082469 -0.4082497 2.336636E-06
vn 0.4082428 -0.4082538 4.866764E-08
vn -0.5773503 -2.31713E-14 -1.943749E-07
vn -0.5773503 -2.31713E-14 -1.943749E-07
vn -0.5773503 -2.31713E-14 -1.943749E-07
vn -0.5773503 -2.31713E-14 -1.943749E-07
vn -0.5773503 -2.149075E-14 -1.802774E-07
vn -0.5773503 -2.117227E-14 -1.776059E-07
vn -0.5773503 -2.117227E-14 -1.776059E-07
vn -0.5773503 -2.0757E-14 -1.741223E-07
vn -0.4082984 0.4081982 -1.86837E-07
vn -0.4082983 0.4081982 -1.86837E-07
vn -0.4082983 0.4081982 -1.86837E-07
vn -0.4082992 0.4081973 -1.843096E-07
vn -0.4082578 -0.4082388 -8.615395E-08
vn -0.4082578 -0.4082388 -8.615397E-08
vn -0.4082578 -0.4082387 -8.615398E-08
vn -0.4082431 -0.4082534 -8.95271E-08
vn -0.4082547 -0.4082418 -7.880096E-08
vn -0.4082471 -0.4082494 -7.880242E-08
vn -0.4082579 -0.4082386 -8.204094E-08
vn -0.4082395 -0.408257 -7.53414E-08
vn -0.4082926 0.408204 -1.761459E-07
vn -0.4082927 0.408204 -1.76146E-07
vn -0.4082926 0.408204 -1.761459E-07
vn -0.4082957 0.4082009 -4.866134E-08
vn -0.4083057 0.4081909 1.39273E-06
vn -0.4083069 0.4081897 1.555936E-06
vn 0 0.5773502 -6.882551E-08
vn 0 0.5773502 -6.882551E-08
vn 4.068614E-06 0.5773502 -6.882551E-08
vn 0 0.5773502 -6.882551E-08
vn 0 0.5773502 -6.882551E-08
vn 3.894047E-06 0.5773502 -6.882551E-08
vn 0 0.5773502 -6.882551E-08
vn 0 0.5773502 -6.882551E-08
vn 0 0.5773502 -6.882551E-08
vn 0 0.5773502 2.385226E-06
vn 0 0.5773502 2.385226E-06
vn 0 0.5773502 2.385226E-06
vn 0 0.5773502 -6.882551E-08
vn 0 0.5773502 -6.882551E-08
vn 0 0.5773502 -6.882551E-08
vn 0 0.5773502 -6.882551E-08
vn 0.4082865 0.4082101 2.023043E-06
vn 0.4082858 0.4082107 2.239042E-06
vn 0.408292 0.4082046 1.673433E-07
vn 0.4082927 0.408204 -4.866171E-08
vn 0.408288 0.4082085 -4.866225E-08
vn 0.4083027 0.4081939 -4.866051E-08
vn 0.4083027 0.4081939 -4.866051E-08
vn 0.4083027 0.4081939 -4.866051E-08
vn 0 0.4081941 0.4083025
vn 0 0.408194 0.4083025
vn 0 0.408194 0.4083025
vn 0 0.4082071 0.4082895
vn -1.739539E-07 0.4082046 0.408292
vn -1.739516E-07 0.4082101 0.4082864
vn 0 0.4082058 0.4082907
vn 0 0.4082007 0.4082959
vn 2.25249E-07 -6.882551E-08 -0.5773502
vn 2.252491E-07 -6.882551E-08 -0.5773502
vn 2.252491E-07 -6.882551E-08 -0.5773502
vn 2.252467E-07 -6.882551E-08 -0.5773502
vn 2.139504E-07 -6.882551E-08 -0.5773502
vn 2.139511E-07 -6.882551E-08 -0.5773502
vn 2.139511E-07 -6.882551E-08 -0.5773502
vn 2.139511E-07 -6.882551E-08 -0.5773502
vn -3.257818E-06 0.408193 -0.4083035
vn -3.257818E-06 0.408193 -0.4083035
vn -3.257818E-06 0.408193 -0.4083035
vn 3.257883E-06 0.4082013 -0.4082953
vn 0 0.4081998 -0.4082968
vn 3.403949E-06 0.4082032 -0.4082934
vn 3.403948E-06 0.4082032 -0.4082934
vn 3.403949E-06 0.4082032 -0.4082934
vn 3.258244E-06 -0.4082465 -0.40825
vn 3.258243E-06 -0.4082465 -0.40825
vn -3.258243E-06 -0.4082465 -0.4082501
vn 3.258243E-06 -0.4082465 -0.40825
vn 1.739746E-07 -0.4082465 -0.40825
vn 1.739746E-07 -0.4082465 -0.40825
vn 0 -0.4082458 -0.4082507
vn -3.404317E-06 -0.4082475 -0.408249
vn 0.408246 -4.866726E-08 -0.4082505
vn 0.408246 -4.866726E-08 -0.4082505
vn 0.408246 -4.866726E-08 -0.4082505
vn 0.4082438 -4.866752E-08 -0.4082527
vn -0.4082618 -0.4082347 4.866537E-08
vn -0.4082618 -0.4082347 4.866537E-08
vn -0.4082619 -0.4082347 4.866537E-08
vn -0.4082639 -0.4082326 4.866513E-08
vn -0.4082639 -0.4082326 4.866513E-08
vn 0 -0.4082482 0.4082483
vn 0 -0.4082482 0.4082483
vn 0 -0.4082482 0.4082483
vn 0 -0.4082482 0.4082483
vn -1.731199E-07 -0.4082525 0.408244
vn -1.731199E-07 -0.4082525 0.408244
vn -1.731199E-07 -0.4082525 0.408244
vn -1.731198E-07 -0.4082524 0.4082441
vn 0 -0.4082461 0.4082505
vn 0 -0.4082482 0.4082483
vn 0 -0.5773502 6.882551E-08
vn 0 -0.5773502 6.882551E-08
vn 0 -0.5773502 6.882551E-08
vn 4.577535E-07 -0.5773502 6.882551E-08
vn 0 -0.5773502 6.882551E-08
vn 0 -0.5773502 6.882551E-08
vn 0 -0.5773502 6.882551E-08
vn 0 -0.5773502 6.882551E-08
vn 0 -0.5773502 6.882551E-08
vn 1.327934E-06 -0.5773502 6.882551E-08
vn 8.685142E-06 -0.5773502 6.882551E-08
vn -2.729138E-06 -0.5773502 6.882551E-08
vn 0 -0.5773502 6.882551E-08
vn -3.132372E-07 -0.5773502 6.882551E-08
vn -9.478356E-07 -0.5773502 6.882551E-08
vn 0 -0.5773502 6.882551E-08
vn -2.729138E-06 -0.5773502 6.882551E-08
vn 0 -0.5773502 6.882551E-08
vn -2.729138E-06 -0.5773502 6.882551E-08
vn 0 -0.5773502 6.882551E-08
vn 2.365715E-06 -0.5773502 6.882551E-08
vn 0 -0.5773502 6.882551E-08
vn 0 -0.5773502 6.882551E-08
vn 0 -0.5773502 6.882551E-08
vn 0 -0.5773502 6.882551E-08
vn 0 -0.5773502 6.882551E-08
vn -0.5773503 0 0
vn -0.5773503 0 0
vn -0.5773503 0 0
vn -0.5773503 0 0
vn 0 0.5773502 -6.882551E-08
vn 0 0.5773502 -6.882551E-08
vn 0 0.5773502 -6.882551E-08
vn 0 0.5773502 -6.882551E-08
vn 0 0.5773502 -6.882551E-08
vn 0 0.5773502 -6.882551E-08
vn 0 0.5773502 -6.882551E-08
vn 0 0.5773502 -6.882551E-08
vn 0 0.5773502 -6.882551E-08
vn 0 0.5773502 -6.882551E-08
vn 0 0.5773502 -6.882551E-08
vn 0 0.5773502 -6.882551E-08
vn -2.001118E-06 0.5773502 3.57772E-06
vn 1.054643E-07 0.5773502 -6.882551E-08
vn -2.57927E-06 0.5773502 4.934727E-06
vn -7.48241E-06 0.5773502 -6.882551E-08
vn 1.011104E-07 0.5773502 -6.882551E-08
vn 0 0.5773502 -6.882551E-08
vn -1.127124E-05 0.5773502 -6.882551E-08
vn 3.154772E-06 0.5773502 -6.882551E-08
vn 0 0.5773502 -6.882551E-08
vn 0 0.5773502 -6.882551E-08
vn 0 0.5773502 -6.882551E-08
vn 1.327084E-07 0.5773502 -6.882551E-08
vn 0 0.5773502 4.934725E-06
vn 0 0.5773502 -1.514296E-06
vn -0.3333641 0.3332718 0.333364
vn -0.3333643 0.3332739 0.3333617
vn -0.3333647 0.3332766 0.3333587
vn -0.3333658 0.3332862 0.333348
vn 0 0.4081992 0.4082974
vn 0 0.4081992 0.4082974
vn 0 0.4081992 0.4082974
vn 0 0.4082115 0.4082851
vn 0 0.4082081 0.4082884
vn 0 0.4082074 0.4082892
vn 0 0.4082004 0.4082962
vn 0 0.4081996 0.4082969
vn 0.5773503 9.132557E-14 7.660944E-07
vn 0.5773503 9.132559E-14 7.660945E-07
vn 0.5773503 9.132557E-14 7.660943E-07
vn 0.5773503 1.826492E-13 1.532173E-06
vn 0.5773503 0 0
vn 0.5773503 0 0
vn 0.5773503 0 0
vn 0.5773503 0 0
vn 0.5773503 0 0
vn 0.5773503 0 0
vn 0.408295 0.4082016 6.885531E-07
vn 0.408295 0.4082016 6.885531E-07
vn 0.4083443 0.4081523 6.88648E-07
vn 0.4082951 0.4082015 6.885531E-07
vn 0.4082964 0.4082002 -4.866126E-08
vn 0.408296 0.4082006 -4.866131E-08
vn 0.4083013 0.4081953 -4.866068E-08
vn 0.4083013 0.4081953 -4.866068E-08
vn 0.4083021 0.4081945 9.280121E-06
vn 0.4083044 0.4081922 -4.866031E-08
vn 0.4082972 -0.4081994 1.277643E-06
vn 0.4082972 -0.4081994 1.277643E-06
vn 0.4082972 -0.4081994 1.277643E-06
vn 0.4082557 -0.4082409 5.401898E-07
vn 0.4082422 -0.4082543 4.866771E-08
vn 0.4082636 -0.408233 4.866517E-08
vn 0.4082474 -0.4082492 4.86671E-08
vn 0.4082462 -0.4082504 4.866724E-08
vn 0.4082462 -0.4082504 4.866724E-08
vn 0.4082555 -0.4082411 4.866613E-08
vn -7.373478E-07 6.882551E-08 0.5773502
vn -7.560449E-07 6.882551E-08 0.5773502
vn -7.560447E-07 6.882551E-08 0.5773502
vn -7.373478E-07 6.882551E-08 0.5773502
vn 0 6.882551E-08 0.5773502
vn 0 6.882551E-08 0.5773502
vn 0.4081859 4.867443E-08 0.4083107
vn 0.408187 4.86743E-08 0.4083096
vn 0.4081871 4.867428E-08 0.4083094
vn 0.4081857 4.867445E-08 0.4083109
vn 0 6.882551E-08 0.5773502
vn 0 6.882551E-08 0.5773502
vn 0 6.882551E-08 0.5773502
vn 0 6.882551E-08 0.5773502
vn -0.4082692 4.86645E-08 0.4082274
vn -0.4082692 4.86645E-08 0.4082274
vn -0.4082692 4.86645E-08 0.4082274
vn -0.4082679 4.866465E-08 0.4082287
vn 0 -0.4082466 0.4082499
vn 0 -0.4082466 0.4082499
vn 0 -0.4082456 0.4082509
vn 0 -0.4082456 0.4082509
vn 1.08908E-07 0.4081925 0.4083041
vn 1.08908E-07 0.4081925 0.4083041
vn 1.08908E-07 0.4081925 0.4083041
vn 0 0.4082014 0.4082951
vn -5.63889E-07 -0.4082555 0.408241
vn 0 -0.4082315 0.408265
vn 0 -0.4082704 0.4082261
vn -5.63889E-07 -0.4082555 0.4082411
vn -5.638922E-07 -0.4082478 0.4082488
vn -5.638921E-07 -0.4082477 0.4082488
vn -1.378909E-05 -0.5773502 6.882551E-08
vn 5.314332E-07 -0.5773502 6.882551E-08
vn 0 -0.5773502 6.882551E-08
vn 0 -0.5773502 6.882551E-08
vn 0 -0.5773502 6.882551E-08
vn 0 -0.5773502 6.882551E-08
vn 2.113422E-05 -0.5773502 6.882551E-08
vn 0 -0.5773502 6.882551E-08
vn -4.573511E-07 -0.5773502 6.882551E-08
vn 0.4082213 -0.4082752 4.86702E-08
vn 0.4082213 -0.4082752 4.86702E-08
vn 0.4082213 -0.4082752 4.86702E-08
vn 0.4082214 -0.4082752 4.867019E-08
vn 0.4081853 -0.4083112 4.867449E-08
vn 0.4081854 -0.4083112 4.867449E-08
vn -0.5773503 -8.380356E-14 -7.029951E-07
vn -0.5773503 -8.380356E-14 -7.029951E-07
vn -0.5773503 -4.190199E-14 -3.514994E-07
vn -0.5773503 -8.380356E-14 -7.029951E-07
vn -0.5773503 0 0
vn -0.5773503 0 0
vn -0.4084001 0.4080964 -4.997482E-07
vn -0.4084001 0.4080964 -4.997482E-07
vn -0.4084001 0.4080964 -4.997482E-07
vn -0.4083601 0.4081365 -4.997246E-07
vn -0.4083577 0.4081389 -4.865395E-08
vn -0.4083808 0.4081157 -4.865118E-08
vn -0.4083289 -4.865738E-08 -0.4081677
vn -0.4083289 -4.865738E-08 -0.4081677
vn -0.4083289 -4.865738E-08 -0.4081677
vn -0.408302 -4.866058E-08 -0.4081945
vn -0.4083074 -0.4081892 4.865995E-08
vn -0.4083074 -0.4081891 4.865994E-08
vn -0.4083075 -0.4081891 4.865994E-08
vn -0.40832 -0.4081765 4.865844E-08
vn -0.4083568 -0.4081397 -4.024931E-07
vn -0.4083568 -0.4081397 -4.024931E-07
vn 5.564551E-06 0.5773502 -6.882551E-08
vn 4.626602E-07 0.5773502 -6.882551E-08
vn 0 0.5773502 -6.882551E-08
vn 1.440024E-07 0.5773502 3.300581E-06
vn 1.048019E-05 0.5773502 -6.882551E-08
vn 1.440024E-07 0.5773502 3.300581E-06
vn 0 0.5773502 -6.882551E-08
vn 1.440024E-07 0.5773502 3.300581E-06
vn -8.074866E-08 0.5773502 -6.882551E-08
vn 0.4082286 0.4082679 4.022564E-07
vn 0.4082286 0.4082679 4.022565E-07
vn 0.4082286 0.4082679 4.022564E-07
vn 0.4082687 0.4082278 -4.866455E-08
vn 0.4082545 0.408242 -4.866624E-08
vn 0.4082584 0.4082382 -4.866579E-08
vn 0.4082591 0.4082375 -4.866571E-08
vn 0.4082539 0.4082426 -4.866632E-08
vn 0 0.4081872 0.4083094
vn 0 0.4081872 0.4083093
vn 0 0.4081872 0.4083093
vn 0 0.4082039 0.4082927
vn -5.638274E-07 0.4082111 0.4082854
vn -5.6384E-07 0.4082021 0.4082945
vn 7.324201E-07 -6.882551E-08 -0.5773502
vn 7.324201E-07 -6.882551E-08 -0.5773502
vn 7.324201E-07 -6.882551E-08 -0.5773502
vn 7.324134E-07 -6.882551E-08 -0.5773502
vn 7.221514E-07 -6.882551E-08 -0.5773502
vn 7.221515E-07 -6.882551E-08 -0.5773502
vn 5.63829E-07 0.408193 -0.4083036
vn 5.638291E-07 0.408193 -0.4083036
vn 5.638291E-07 0.408193 -0.4083036
vn 5.638409E-07 0.4082014 -0.4082952
vn 0 0.4081987 -0.4082978
vn 0 0.4081988 -0.4082977
vn 5.639024E-07 -0.408246 -0.4082505
vn 5.639038E-07 -0.4082472 -0.4082493
vn 5.639038E-07 -0.4082472 -0.4082493
vn 5.639024E-07 -0.408246 -0.4082505
vn 0 -0.4082433 -0.4082532
vn 0 -0.4082433 -0.4082533
vn 0.4082305 -4.866911E-08 -0.408266
vn 0.4082305 -4.866911E-08 -0.408266
vn 0.4082305 -4.866911E-08 -0.408266
vn 0.4082334 -4.866877E-08 -0.4082632
vn 0.5773503 0 0
vn 0.5773503 0 0
vn 0.5773503 0 0
vn 0.5773503 0 0
vn 0.5773503 4.981727E-14 4.178976E-07
vn 0.5773503 0 0
vn 1.134348E-07 -6.882551E-08 -0.5773502
vn 0 -6.882551E-08 -0.5773502
vn 0 -6.882551E-08 -0.5773502
vn 1.134415E-07 -6.882551E-08 -0.5773502
vn 2.187072E-07 -6.882551E-08 -0.5773502
vn 2.187072E-07 -6.882551E-08 -0.5773502
vn 2.187072E-07 -6.882551E-08 -0.5773502
vn 2.187133E-07 -6.882551E-08 -0.5773502
vn 2.217401E-07 -6.882551E-08 -0.5773502
vn 2.217427E-07 -6.882551E-08 -0.5773502
vn 2.217426E-07 -6.882551E-08 -0.5773502
vn 2.217426E-07 -6.882551E-08 -0.5773502
vn -3.608577E-06 0.4082066 -0.4082899
vn 1.0891E-07 0.4082012 -0.4082953
vn 0 0.4081931 -0.4083035
vn 0 0.4081959 -0.4083007
vn -3.608576E-06 0.4082066 -0.4082899
vn -3.608576E-06 0.4082066 -0.4082899
vn 0 0.4081983 -0.4082982
vn 0 0.4082045 -0.4082921
vn 1.731033E-07 0.4082013 -0.4082952
vn 0 -0.4082501 -0.4082464
vn 0 -0.4082466 -0.4082499
vn 0 -0.4082466 -0.4082499
vn 0 -0.4082501 -0.4082464
vn 0 -0.4082501 -0.4082464
vn 1.139715E-05 -0.40825 -0.4082465
vn 0 -0.4082476 -0.4082489
vn 0 -0.4082476 -0.4082489
vn 1.731224E-07 -0.4082465 -0.4082499
vn 8.65612E-08 -0.4082465 -0.40825
vn 0 -0.408247 -0.4082495
vn -2.116972E-06 -0.4082471 -0.4082495
vn 2.116741E-06 0.4082026 -0.408294
vn 1.746499E-06 0.4082016 -0.4082949
vn 8.655163E-08 0.4082012 -0.4082954
vn -1.746469E-06 0.4081929 -0.4083037
vn -2.116686E-06 0.4081919 -0.4083046
vn -0.5773503 0 0
vn -0.5773503 0 0
vn -0.5773503 0 0
vn -0.5773503 0 0
vn -0.5773503 0 0
vn -0.5773503 0 0
vn -0.4082698 -0.4082268 4.866443E-08
vn -0.4082688 -0.4082277 4.866454E-08
vn -0.4082666 -0.4082299 4.866481E-08
vn -0.4082707 -0.4082258 4.866431E-08
vn -0.408278 -0.4082185 4.866344E-08
vn -0.4082786 -0.4082179 4.866337E-08
vn -0.4082679 -4.866465E-08 -0.4082287
vn -0.4082677 -4.866467E-08 -0.4082288
vn -0.408269 -4.866452E-08 -0.4082275
vn -0.4082692 -4.86645E-08 -0.4082274
vn -0.40832 0.4081766 -1.035763E-06
vn -0.4083216 0.408175 -1.239567E-07
vn -0.4083218 0.4081748 -4.865823E-08
vn -0.4083198 0.4081768 -8.973773E-07
vn -0.4083226 0.4081739 3.737911E-06
vn -0.4083226 0.408174 4.615966E-06
vn 0.5773503 2.135309E-14 1.791227E-07
vn 0.5773503 0 0
vn 0.5773503 0 0
vn 0.5773503 2.177059E-14 1.82625E-07
vn 0.5773503 4.102871E-14 3.441737E-07
vn 0.5773503 4.164332E-14 3.493294E-07
vn 0.5773503 0 0
vn 0.5773503 0 0
vt 1.496382 -0.02386415
vt 1.496382 -0.02766323
vt 1.500181 -0.02386415
vt 1.496382 -0.02386415
vt 1.500181 -0.02386415
vt 1.500181 -2.387166E-05
vt -0.2704427 -0.1559003
vt -0.2744039 -0.1598613
vt -0.2704427 -0.1598613
vt -0.2704427 -0.1598613
vt -0.2744039 -0.1598613
vt -0.2744039 -0.1886155
vt -0.2704427 -0.1598613
vt -0.2744039 -0.1886155
vt -0.2704427 -0.1886155
vt -0.2704427 -0.1925765
vt -0.2704427 -0.1886155
vt -0.2744039 -0.1886155
vt 1.496383 -0.02386442
vt 1.500181 -0.02386442
vt 1.496383 -0.02766347
vt 0.4756372 -0.188621
vt 0.4795998 -0.188621
vt 0.4795998 -0.1598558
vt 0.4795998 -0.1925835
vt 0.4795998 -0.188621
vt 0.4756372 -0.188621
vt 0.4756372 -0.188621
vt 0.4795998 -0.1598558
vt 0.4756372 -0.1598558
vt 0.4795998 -0.1558933
vt 0.4756372 -0.1598558
vt 0.4795998 -0.1598558
vt 1.517817 -0.1925835
vt 1.521779 -0.188621
vt 1.517817 -0.188621
vt 1.517817 -0.1558933
vt 1.517817 -0.1598558
vt 1.521779 -0.1598558
vt 0.2636749 0.6532924
vt 0.2560786 0.6532924
vt 0.2598768 0.6456958
vt 0.2560786 0.6532924
vt 0.2560786 0.6494941
vt 0.2598768 0.6456958
vt 0.2598765 -0.02378497
vt 0.2636749 -0.02758321
vt 0.2636749 -0.02378497
vt 0.2598766 0.6456962
vt 0.2636747 0.6456962
vt 0.2636747 -0.02378547
vt 0.2598766 0.6456962
vt 0.2636747 -0.02378547
vt 0.2598763 -0.02378547
vt 0.2636747 -0.02378547
vt 0.2636747 -0.02758375
vt 0.2598763 -0.02378547
vt -0.2708182 -0.1558882
vt -0.2708182 -0.1598507
vt -0.2747815 -0.1598508
vt -0.2747815 -0.1598508
vt -0.2708182 -0.1598507
vt -0.2708182 -0.188626
vt -0.2747815 -0.1598508
vt -0.2708182 -0.188626
vt -0.2747807 -0.1886259
vt -0.2708182 -0.188626
vt -0.2708182 -0.1925892
vt -0.2747807 -0.1886259
vt 0.5179286 -0.1598508
vt 0.5179287 -0.1558877
vt 0.5218913 -0.1598509
vt 0.521892 -0.188626
vt 0.5179286 -0.1598508
vt 0.5218913 -0.1598509
vt 0.521892 -0.188626
vt 0.5179287 -0.1886261
vt 0.5179286 -0.1598508
vt 0.5179284 -0.1925883
vt 0.5179287 -0.1886261
vt 0.521892 -0.188626
vt 0.2772747 -0.1886238
vt 0.2733113 -0.1886238
vt 0.2733113 -0.159853
vt 0.2772747 -0.1886238
vt 0.2733113 -0.159853
vt 0.2772747 -0.159853
vt -0.514813 -0.1558897
vt -0.514813 -0.159853
vt -0.5187762 -0.159853
vt -0.514813 -0.1925871
vt -0.5187762 -0.1886238
vt -0.514813 -0.1886238
vt 0.503032 -0.02453789
vt 0.503032 -0.02834374
vt 0.506838 -0.02453789
vt -0.270815 -0.1558869
vt -0.2747791 -0.1598508
vt -0.270815 -0.1598508
vt -0.270815 -0.1598508
vt -0.2747791 -0.1598508
vt -0.2747791 -0.188626
vt -0.270815 -0.1598508
vt -0.2747791 -0.188626
vt -0.270815 -0.188626
vt -0.270815 -0.1925898
vt -0.270815 -0.188626
vt -0.2747791 -0.188626
vt 0.5179263 -0.1558869
vt 0.5179263 -0.1598508
vt 0.5218904 -0.1598508
vt 0.5179263 -0.1925898
vt 0.5218904 -0.188626
vt 0.5179263 -0.188626
vt 0.5030321 -0.02453819
vt 0.5068381 -0.02453819
vt 0.5030321 -0.02834406
vt 0.5092427 -0.192597
vt 0.5132084 -0.1886316
vt 0.5092427 -0.1886316
vt 0.5092427 -0.1558798
vt 0.5092427 -0.1598452
vt 0.5132084 -0.1598452
vt -0.536352 -0.159871
vt -0.536352 -0.1559127
vt -0.5403104 -0.159871
vt -0.536352 -0.1925641
vt -0.536352 -0.1886058
vt -0.5403104 -0.1886058
vt 0.5267749 -0.1880129
vt 0.501547 -0.1880129
vt 0.501547 -0.1604639
vt 0.5267749 -0.1604639
vt 1.471721 -0.1880129
vt 1.471721 -0.1604639
vt 1.495867 -0.1880129
vt 1.495867 -0.1604639
vt 1.495867 -0.1604639
vt 1.499662 -0.1880129
vt 1.495867 -0.1880129
vt 1.499662 -0.1604639
vt 0.276867 -0.1880128
vt 0.2634836 -0.1880128
vt 0.2634836 -0.160464
vt 0.276867 -0.160464
vt 1.226459 -0.1880128
vt 1.226459 -0.160464
vt 1.265285 -0.1880127
vt 1.265285 -0.1604644
vt 0.2596884 -0.160464
vt 0.2634836 -0.160464
vt 0.2634836 -0.1880128
vt 0.2596884 -0.1880128
vt 0.5262817 -0.02386379
vt 1.472211 -0.02766323
vt 1.472211 -0.02386415
vt 0.5262817 -0.02766287
vt 0.5010275 -0.02386379
vt 0.5010275 -0.02766287
vt 1.472211 -0.02386415
vt 1.472211 -0.02766323
vt 1.496382 -0.02766323
vt 1.496382 -0.02386415
vt 1.496382 -2.387166E-05
vt 1.472211 -0.02386415
vt 1.496382 -0.02386415
vt 1.472211 -2.387166E-05
vt 1.496382 0.6960877
vt 0.5262817 -0.02386379
vt 1.472211 0.6960877
vt 1.496382 0.7320514
vt 1.472211 0.7320514
vt 0.5262817 -2.351403E-05
vt 0.5010275 -0.02386379
vt 0.5010275 -2.351403E-05
vt 0.5262818 0.696088
vt 0.5262818 0.7320518
vt 0.5010278 0.696088
vt 0.5010278 0.7320518
vt 1.496382 -0.02386415
vt 1.500181 -2.387166E-05
vt 1.496382 -2.387166E-05
vt 1.500181 0.6960877
vt 1.496382 0.6960877
vt 1.500181 0.7320514
vt 1.496382 0.7320514
vt -0.2455853 -0.1886155
vt -0.2704427 -0.1598613
vt -0.2704427 -0.1886155
vt -0.2455853 -0.1598613
vt 0.4802249 -0.1886155
vt 0.4802249 -0.1598613
vt 0.5177229 -0.1886155
vt 0.5177229 -0.1598613
vt -0.2455853 -0.1598613
vt -0.2704427 -0.1559003
vt -0.2704427 -0.1598613
vt -0.2455853 -0.1559003
vt -0.2704427 -0.1886155
vt -0.2704427 -0.1925765
vt -0.2455853 -0.1925765
vt -0.2455853 -0.1886155
vt 0.4802249 -0.1925765
vt 0.4802249 -0.1886155
vt 0.5177229 -0.1925765
vt 0.5177229 -0.1886155
vt 0.4802249 -0.1598613
vt -0.2455853 -0.1559003
vt -0.2455853 -0.1598613
vt 0.4802249 -0.1559003
vt 0.5177229 -0.1598613
vt 0.5177229 -0.1559003
vt 1.496383 0.696088
vt 1.472212 0.7320516
vt 1.496383 0.7320516
vt 1.472212 0.696088
vt 1.496383 -2.413988E-05
vt 0.5262815 0.732052
vt 1.472212 -2.413988E-05
vt 1.496383 -0.02386442
vt 1.472212 -0.02386442
vt 0.5262815 0.6960883
vt 0.5010275 0.732052
vt 0.5010275 0.6960883
vt 0.5262814 -2.378225E-05
vt 0.5262814 -0.02386406
vt 0.5010271 -2.378225E-05
vt 0.5010271 -0.02386406
vt 1.496383 0.7320516
vt 1.500181 0.7320516
vt 1.500181 0.696088
vt 1.496383 0.696088
vt 1.500181 -2.413988E-05
vt 1.496383 -2.413988E-05
vt 1.500181 -0.02386442
vt 1.496383 -0.02386442
vt 0.5262814 -0.02386406
vt 0.5010271 -0.02766311
vt 0.5010271 -0.02386406
vt 0.5262814 -0.02766311
vt 1.472212 -0.02386442
vt 1.472212 -0.02766347
vt 1.496383 -0.02386442
vt 1.496383 -0.02766347
vt 0.5059414 -0.1598558
vt 0.4795998 -0.1598558
vt 0.4795998 -0.188621
vt 0.5059414 -0.188621
vt 1.492605 -0.1598558
vt 1.492605 -0.188621
vt 1.517817 -0.1598558
vt 1.517817 -0.188621
vt 0.5059414 -0.1598558
vt 0.4795998 -0.1558933
vt 0.4795998 -0.1598558
vt 0.5059414 -0.1558933
vt 1.492605 -0.1598558
vt 1.492605 -0.1558933
vt 1.517817 -0.1598558
vt 1.517817 -0.1558933
vt 0.5059414 -0.1925835
vt 0.4795998 -0.188621
vt 0.4795998 -0.1925835
vt 0.5059414 -0.188621
vt 1.492605 -0.1925835
vt 1.492605 -0.188621
vt 1.517817 -0.1925835
vt 1.517817 -0.188621
vt 1.517817 -0.188621
vt 1.521779 -0.188621
vt 1.521779 -0.1598558
vt 1.517817 -0.1598558
vt 0.2598768 0.6456958
vt 0.2636749 0.6456958
vt 0.2636749 0.6532924
vt 0.2598765 -0.02378497
vt 0.2636749 -0.02378497
vt 0.2636749 -0.02378497
vt 0.2636749 -0.02758321
vt 0.2770694 -0.02758321
vt 0.2770694 -0.02378497
vt 0.2770694 -0.02378497
vt 0.2770694 -0.02758321
vt 1.227456 -0.02758357
vt 1.227456 -0.02378532
vt 1.266315 -0.02758325
vt 1.266315 -0.02378532
vt 1.266315 0.6456954
vt 1.227456 -0.02378532
vt 1.266315 -0.02378532
vt 1.227457 0.6456954
vt 0.2770694 -0.02378497
vt 1.227457 0.6532919
vt 1.266315 0.6532921
vt 1.266316 0.7143366
vt 0.2770697 0.6456958
vt 0.2636749 -0.02378497
vt 0.2636749 0.6456958
vt 0.2636749 0.6532924
vt 0.2770697 0.6532924
vt 1.227457 0.7143365
vt 1.266315 0.7319717
vt 1.227457 0.7319717
vt 0.2770697 0.714337
vt 0.2770697 0.7319721
vt 0.2636749 0.7143371
vt 0.2560786 0.6532924
vt 0.2636749 0.7319721
vt 0.2560786 0.7143371
vt -0.4992012 0.6532924
vt 0.2560786 0.7319721
vt -0.4992012 0.7143371
vt -0.4992012 0.7319721
vt 0.4146853 -0.188002
vt 0.4146853 -0.1604748
vt -0.253712 -0.1604748
vt -0.253712 -0.188002
vt 0.2770693 -0.02378547
vt 0.2636747 -0.02378547
vt 0.2636747 0.6456962
vt 0.2770696 0.6456962
vt 1.227457 -0.02378583
vt 1.227458 0.6456959
vt 1.266316 -0.02378583
vt 1.266317 0.6456957
vt 1.266317 0.6532925
vt 1.227458 0.6532924
vt 0.2770696 0.6532928
vt 1.227458 0.714337
vt 1.266317 0.7143372
vt 1.227458 0.7319722
vt 1.266316 0.7319717
vt 0.2770696 0.7319727
vt 0.2770696 0.7143375
vt 0.2636747 0.7319727
vt 0.2636747 0.7143376
vt 0.2560784 0.7319727
vt 0.2636747 0.6532928
vt 0.2560784 0.6532928
vt 0.2560784 0.7143376
vt -0.4992024 0.7319727
vt -0.4992024 0.7143376
vt -0.4992024 0.6532928
vt 0.2636747 0.6456962
vt 0.2598766 0.6456962
vt 0.2560784 0.6532928
vt 0.2560784 0.6494945
vt 0.2770693 -0.02378547
vt 0.2636747 -0.02758375
vt 0.2636747 -0.02378547
vt 0.2770693 -0.02758375
vt 1.227457 -0.02378583
vt 1.227457 -0.02758411
vt 1.266316 -0.02378583
vt 1.266316 -0.02758279
vt 0.4278864 -0.1886261
vt -0.2708182 -0.188626
vt -0.2708182 -0.1598507
vt 0.4278864 -0.1598507
vt 0.4358145 -0.1886261
vt 0.4358144 -0.1598507
vt 0.4995237 -0.1886261
vt 0.4995237 -0.1598507
vt 0.5179287 -0.1886261
vt 0.5179286 -0.1598508
vt 0.4278864 -0.155887
vt -0.2708182 -0.1598507
vt -0.2708182 -0.1558882
vt 0.4278864 -0.1598507
vt 0.4358144 -0.1558871
vt 0.4358144 -0.1598507
vt 0.4995247 -0.1558871
vt 0.4995237 -0.1598507
vt 0.5179287 -0.1558877
vt 0.5179286 -0.1598508
vt -0.2708182 -0.1925892
vt -0.2708182 -0.188626
vt 0.4278864 -0.1886261
vt 0.4278866 -0.1925896
vt 0.4358145 -0.1886261
vt 0.4358146 -0.1925897
vt 0.4995237 -0.1886261
vt 0.4995234 -0.1925894
vt 0.5179287 -0.1886261
vt 0.5179284 -0.1925883
vt 0.4954747 -0.1880377
vt 0.2034159 -0.1880377
vt 0.2034159 -0.1604391
vt 0.4954747 -0.1604391
vt 0.50288 -0.1880377
vt 0.50288 -0.1604391
vt 0.50288 -0.1604391
vt 0.506682 -0.1880377
vt 0.50288 -0.1880377
vt 0.506682 -0.1604391
vt 0.2733113 -0.1886238
vt -0.514813 -0.1886238
vt -0.514813 -0.159853
vt 0.2733113 -0.159853
vt -0.514813 -0.1886238
vt -0.5187762 -0.159853
vt -0.514813 -0.159853
vt -0.5187762 -0.1886238
vt -0.514813 -0.1925871
vt -0.514813 -0.1886238
vt 0.2733113 -0.1886238
vt 0.2733113 -0.1925871
vt -0.514813 -0.159853
vt -0.514813 -0.1558897
vt 0.2733113 -0.1558897
vt 0.2733113 -0.159853
vt 0.4956191 -0.02453789
vt 0.503032 -0.02834374
vt 0.503032 -0.02453789
vt 0.4956191 -0.02834374
vt 0.2032599 -0.02453753
vt 0.2032599 -0.02834338
vt 0.5030324 0.7064914
vt 0.4956191 -0.02453789
vt 0.503032 -0.02453789
vt 0.4956196 0.7064914
vt 0.5030324 0.7327319
vt 0.2032599 -0.02453753
vt 0.4956196 0.7327319
vt 0.2032604 0.7064917
vt 0.2032604 0.7327323
vt 0.5030324 0.7064914
vt 0.5068385 0.7327319
vt 0.5030324 0.7327319
vt 0.5068385 0.7064914
vt 0.503032 -0.02453789
vt 0.506838 -0.02453789
vt 0.4905953 -0.188626
vt -0.270815 -0.1598508
vt -0.270815 -0.188626
vt 0.4905953 -0.1598508
vt 0.5179263 -0.188626
vt 0.5179263 -0.1598508
vt 0.4905953 -0.1598508
vt -0.270815 -0.1558869
vt -0.270815 -0.1598508
vt 0.4905953 -0.1558869
vt 0.5179263 -0.1598508
vt 0.5179263 -0.1558869
vt 0.5179263 -0.188626
vt 0.5218904 -0.1598508
vt 0.5179263 -0.1598508
vt 0.5218904 -0.188626
vt 0.4905953 -0.188626
vt 0.5179263 -0.1925898
vt 0.5179263 -0.188626
vt 0.4905953 -0.1925898
vt -0.270815 -0.188626
vt -0.270815 -0.1925898
vt 0.5030326 0.7064916
vt 0.4956197 0.7327322
vt 0.5030326 0.7327322
vt 0.4956197 0.7064916
vt 0.5030321 -0.02453819
vt 0.2032603 0.7327327
vt 0.4956192 -0.02453819
vt 0.2032603 0.7064921
vt 0.2032598 -0.02453783
vt 0.5030326 0.7064916
vt 0.5068381 -0.02453819
vt 0.5030321 -0.02453819
vt 0.5068386 0.7064916
vt 0.5030326 0.7327322
vt 0.5068386 0.7064916
vt 0.5030326 0.7064916
vt 0.5068386 0.7327322
vt 0.5030321 -0.02453819
vt 0.5030321 -0.02834406
vt 0.4956192 -0.02834406
vt 0.4956192 -0.02453819
vt 0.2032598 -0.02834371
vt 0.2032598 -0.02453783
vt 0.5015186 -0.1598452
vt 0.1968905 -0.1598452
vt 0.1968905 -0.1886316
vt 0.5015186 -0.1886316
vt 0.5092427 -0.1598452
vt 0.5092427 -0.1886316
vt 0.5015186 -0.1598452
vt 0.1968905 -0.1558798
vt 0.1968905 -0.1598452
vt 0.5015186 -0.1558798
vt 0.5092427 -0.1598452
vt 0.5092427 -0.1558798
vt 0.5015186 -0.192597
vt 0.1968905 -0.1886316
vt 0.1968905 -0.192597
vt 0.5015186 -0.1886316
vt 0.5092427 -0.192597
vt 0.5092427 -0.1886316
vt 0.5092427 -0.1886316
vt 0.5132084 -0.1886316
vt 0.5132084 -0.1598452
vt 0.5092427 -0.1598452
vt 0.4746769 -0.188002
vt -0.2537122 -0.188002
vt -0.2537122 -0.1604748
vt 0.4746769 -0.1604748
vt 0.5008227 -0.188002
vt 0.5008227 -0.1604748
vt 0.2507848 -0.159871
vt -0.536352 -0.159871
vt -0.536352 -0.1886058
vt 0.2507848 -0.1886058
vt 0.2587015 -0.159871
vt 0.2587015 -0.1886058
vt 0.2726614 -0.159871
vt 0.2726614 -0.1886058
vt 1.263135 -0.159871
vt 1.263135 -0.1886058
vt 1.303632 -0.1598711
vt 1.303632 -0.1886056
vt 0.2507848 -0.159871
vt -0.536352 -0.1559127
vt -0.536352 -0.159871
vt 0.2507848 -0.1559127
vt 0.2587015 -0.1559127
vt 0.2587015 -0.159871
vt 0.2726614 -0.159871
vt 0.2726614 -0.1559127
vt 1.263135 -0.159871
vt 0.2507848 -0.1925641
vt -0.536352 -0.1886058
vt -0.536352 -0.1925641
vt 0.2507848 -0.1886058
vt 0.2587015 -0.1886058
vt 0.2587015 -0.1925641
vt 0.2726614 -0.1925641
vt 0.2726614 -0.1886058
vt 1.263135 -0.1925641
vt 1.263135 -0.1886058
vt 1.303632 -0.1925637
vt 1.303632 -0.1886056
vt 1.263135 -0.159871
vt 1.263135 -0.1559127
vt 0.2726614 -0.1559127
vt 1.303632 -0.1598711
vt 1.303632 -0.1559141
vt 0.4832209 -0.188002
vt 0.4222749 -0.1604747
vt 0.4222749 -0.188002
vt 0.4832209 -0.1604747
vt 0.5008274 -0.188002
vt 0.5008274 -0.1604747
vt 1.498065 0.7178534
vt 1.502573 0.7387893
vt 1.498065 0.7387893
vt 1.502573 0.7178534
vt 1.498065 0.6453829
vt 1.502573 0.6453829
vt 1.498064 -0.1906067
vt 1.502574 -0.1906067
vt 1.502574 -0.1578701
vt 1.498064 -0.1578701
vt 1.498064 0.7178583
vt 1.502574 0.6453739
vt 1.498064 0.6453739
vt 1.502574 0.7178583
vt 1.498064 0.7387982
vt 1.502574 0.7387982
vt -0.2299156 -0.188002
vt -0.2537123 -0.188002
vt -0.2537123 -0.1604748
vt -0.2299156 -0.1604748
vt 0.4649248 -0.188002
vt 0.4649248 -0.1604748
vt 0.5008228 -0.188002
vt 0.5008228 -0.1604748
usemtl LightWhite
f 3/3/3 2/2/2 1/1/1
f 6/6/6 5/5/5 4/4/4
f 9/9/9 8/8/8 7/7/7
f 12/12/12 11/11/11 10/10/10
f 15/15/15 14/14/14 13/13/13
f 18/18/18 17/17/17 16/16/16
f 21/21/21 20/20/20 19/19/19
f 24/24/24 23/23/23 22/22/22
f 27/27/27 26/26/26 25/25/25
f 30/30/30 29/29/29 28/28/28
f 33/33/33 32/32/32 31/31/31
f 36/36/36 35/35/35 34/34/34
f 39/39/39 38/38/38 37/37/37
f 42/42/42 41/41/41 40/40/40
f 45/45/45 44/44/44 43/43/43
f 48/48/48 47/47/47 46/46/46
f 51/51/51 50/50/50 49/49/49
f 54/54/54 53/53/53 52/52/52
f 57/57/57 56/56/56 55/55/55
f 60/60/60 59/59/59 58/58/58
f 63/63/63 62/62/62 61/61/61
f 66/66/66 65/65/65 64/64/64
f 69/69/69 68/68/68 67/67/67
f 72/72/72 71/71/71 70/70/70
f 75/75/75 74/74/74 73/73/73
f 78/78/78 77/77/77 76/76/76
f 81/81/81 80/80/80 79/79/79
f 84/84/84 83/83/83 82/82/82
f 87/87/87 86/86/86 85/85/85
f 90/90/90 89/89/89 88/88/88
f 93/93/93 92/92/92 91/91/91
f 96/96/96 95/95/95 94/94/94
f 99/99/99 98/98/98 97/97/97
f 102/102/102 101/101/101 100/100/100
f 105/105/105 104/104/104 103/103/103
f 108/108/108 107/107/107 106/106/106
f 111/111/111 110/110/110 109/109/109
f 114/114/114 113/113/113 112/112/112
f 117/117/117 116/116/116 115/115/115
f 120/120/120 119/119/119 118/118/118
f 123/123/123 122/122/122 121/121/121
f 126/126/126 125/125/125 124/124/124
f 129/129/129 128/128/128 127/127/127
f 132/132/132 131/131/131 130/130/130
f 133/133/133 132/132/132 130/130/130
f 133/133/133 130/130/130 134/134/134
f 135/135/135 133/133/133 134/134/134
f 135/135/135 134/134/134 136/136/136
f 137/137/137 135/135/135 136/136/136
f 140/140/140 139/139/139 138/138/138
f 139/139/139 141/141/141 138/138/138
f 144/144/144 143/143/143 142/142/142
f 145/145/145 144/144/144 142/142/142
f 145/145/145 142/142/142 146/146/146
f 147/147/147 145/145/145 146/146/146
f 147/147/147 146/146/146 148/148/148
f 149/149/149 147/147/147 148/148/148
f 152/152/152 151/151/151 150/150/150
f 153/153/153 152/152/152 150/150/150
f 156/156/156 155/155/155 154/154/154
f 155/155/155 157/157/157 154/154/154
f 154/154/154 157/157/157 158/158/158
f 157/157/157 159/159/159 158/158/158
f 162/162/162 161/161/161 160/160/160
f 163/163/163 162/162/162 160/160/160
f 166/166/166 165/165/165 164/164/164
f 165/165/165 167/167/167 164/164/164
f 164/164/164 167/167/167 168/168/168
f 165/165/165 169/169/169 167/167/167
f 167/167/167 170/170/170 168/168/168
f 168/168/168 170/170/170 171/171/171
f 170/170/170 172/172/172 171/171/171
f 169/169/169 173/173/173 167/167/167
f 167/167/167 173/173/173 170/170/170
f 169/169/169 174/174/174 173/173/173
f 174/174/174 175/175/175 173/173/173
f 170/170/170 176/176/176 172/172/172
f 173/173/173 176/176/176 170/170/170
f 173/173/173 175/175/175 176/176/176
f 176/176/176 177/177/177 172/172/172
f 175/175/175 178/178/178 176/176/176
f 176/176/176 178/178/178 177/177/177
f 178/178/178 179/179/179 177/177/177
f 182/182/182 181/181/181 180/180/180
f 183/183/183 181/181/181 182/182/182
f 184/184/184 183/183/183 182/182/182
f 185/185/185 183/183/183 184/184/184
f 186/186/186 185/185/185 184/184/184
f 189/189/189 188/188/188 187/187/187
f 188/188/188 190/190/190 187/187/187
f 187/187/187 190/190/190 191/191/191
f 190/190/190 192/192/192 191/191/191
f 191/191/191 192/192/192 193/193/193
f 192/192/192 194/194/194 193/193/193
f 197/197/197 196/196/196 195/195/195
f 196/196/196 198/198/198 195/195/195
f 201/201/201 200/200/200 199/199/199
f 202/202/202 201/201/201 199/199/199
f 203/203/203 201/201/201 202/202/202
f 204/204/204 203/203/203 202/202/202
f 205/205/205 203/203/203 204/204/204
f 206/206/206 205/205/205 204/204/204
f 209/209/209 208/208/208 207/207/207
f 208/208/208 210/210/210 207/207/207
f 207/207/207 210/210/210 211/211/211
f 210/210/210 212/212/212 211/211/211
f 215/215/215 214/214/214 213/213/213
f 214/214/214 216/216/216 213/213/213
f 213/213/213 216/216/216 217/217/217
f 214/214/214 218/218/218 216/216/216
f 216/216/216 219/219/219 217/217/217
f 217/217/217 219/219/219 220/220/220
f 219/219/219 221/221/221 220/220/220
f 218/218/218 222/222/222 216/216/216
f 216/216/216 222/222/222 219/219/219
f 218/218/218 223/223/223 222/222/222
f 223/223/223 224/224/224 222/222/222
f 219/219/219 225/225/225 221/221/221
f 222/222/222 225/225/225 219/219/219
f 222/222/222 224/224/224 225/225/225
f 225/225/225 226/226/226 221/221/221
f 224/224/224 227/227/227 225/225/225
f 225/225/225 227/227/227 226/226/226
f 227/227/227 228/228/228 226/226/226
f 231/231/231 230/230/230 229/229/229
f 232/232/232 231/231/231 229/229/229
f 233/233/233 231/231/231 232/232/232
f 234/234/234 233/233/233 232/232/232
f 235/235/235 233/233/233 234/234/234
f 236/236/236 235/235/235 234/234/234
f 239/239/239 238/238/238 237/237/237
f 238/238/238 240/240/240 237/237/237
f 237/237/237 240/240/240 241/241/241
f 240/240/240 242/242/242 241/241/241
f 241/241/241 242/242/242 243/243/243
f 242/242/242 244/244/244 243/243/243
f 247/247/247 246/246/246 245/245/245
f 248/248/248 247/247/247 245/245/245
f 248/248/248 245/245/245 249/249/249
f 250/250/250 248/248/248 249/249/249
f 250/250/250 249/249/249 251/251/251
f 252/252/252 250/250/250 251/251/251
f 255/255/255 254/254/254 253/253/253
f 254/254/254 256/256/256 253/253/253
f 253/253/253 256/256/256 257/257/257
f 256/256/256 258/258/258 257/257/257
f 257/257/257 258/258/258 259/259/259
f 258/258/258 260/260/260 259/259/259
f 263/263/263 262/262/262 261/261/261
f 262/262/262 264/264/264 261/261/261
f 261/261/261 264/264/264 265/265/265
f 264/264/264 266/266/266 265/265/265
f 265/265/265 266/266/266 267/267/267
f 266/266/266 268/268/268 267/267/267
f 271/271/271 270/270/270 269/269/269
f 272/272/272 271/271/271 269/269/269
f 275/275/275 274/274/274 273/273/273
f 273/273/273 274/274/274 276/276/276
f 274/274/274 277/277/277 276/276/276
f 280/280/280 279/279/279 278/278/278
f 281/281/281 280/280/280 278/278/278
f 284/284/284 283/283/283 282/282/282
f 285/285/285 284/284/284 282/282/282
f 286/286/286 284/284/284 285/285/285
f 287/287/287 286/286/286 285/285/285
f 290/290/290 289/289/289 288/288/288
f 289/289/289 291/291/291 288/288/288
f 289/289/289 292/292/292 291/291/291
f 291/291/291 293/293/293 288/288/288
f 293/293/293 294/294/294 288/288/288
f 294/294/294 293/293/293 295/295/295
f 292/292/292 296/296/296 291/291/291
f 292/292/292 297/297/297 296/296/296
f 297/297/297 298/298/298 296/296/296
f 298/298/298 299/299/299 296/296/296
f 296/296/296 300/300/300 291/291/291
f 300/300/300 293/293/293 291/291/291
f 299/299/299 300/300/300 296/296/296
f 293/293/293 301/301/301 295/295/295
f 293/293/293 300/300/300 301/301/301
f 295/295/295 301/301/301 302/302/302
f 301/301/301 303/303/303 302/302/302
f 300/300/300 304/304/304 301/301/301
f 301/301/301 304/304/304 303/303/303
f 300/300/300 299/299/299 304/304/304
f 304/304/304 305/305/305 303/303/303
f 299/299/299 306/306/306 304/304/304
f 304/304/304 306/306/306 305/305/305
f 306/306/306 299/299/299 307/307/307
f 306/306/306 308/308/308 305/305/305
f 309/309/309 306/306/306 307/307/307
f 308/308/308 306/306/306 309/309/309
f 307/307/307 310/310/310 309/309/309
f 311/311/311 308/308/308 309/309/309
f 310/310/310 312/312/312 309/309/309
f 309/309/309 312/312/312 311/311/311
f 312/312/312 313/313/313 311/311/311
f 316/316/316 315/315/315 314/314/314
f 317/317/317 316/316/316 314/314/314
f 320/320/320 319/319/319 318/318/318
f 321/321/321 320/320/320 318/318/318
f 321/321/321 318/318/318 322/322/322
f 323/323/323 321/321/321 322/322/322
f 323/323/323 322/322/322 324/324/324
f 325/325/325 323/323/323 324/324/324
f 323/323/323 325/325/325 326/326/326
f 321/321/321 323/323/323 327/327/327
f 327/327/327 323/323/323 326/326/326
f 320/320/320 321/321/321 328/328/328
f 328/328/328 321/321/321 327/327/327
f 329/329/329 327/327/327 326/326/326
f 330/330/330 329/329/329 326/326/326
f 331/331/331 329/329/329 330/330/330
f 332/332/332 331/331/331 330/330/330
f 331/331/331 333/333/333 329/329/329
f 329/329/329 334/334/334 327/327/327
f 333/333/333 334/334/334 329/329/329
f 334/334/334 328/328/328 327/327/327
f 333/333/333 335/335/335 334/334/334
f 335/335/335 336/336/336 334/334/334
f 334/334/334 336/336/336 328/328/328
f 336/336/336 335/335/335 337/337/337
f 338/338/338 320/320/320 328/328/328
f 336/336/336 338/338/338 328/328/328
f 320/320/320 338/338/338 339/339/339
f 340/340/340 336/336/336 337/337/337
f 338/338/338 336/336/336 340/340/340
f 339/339/339 338/338/338 340/340/340
f 337/337/337 341/341/341 340/340/340
f 341/341/341 342/342/342 340/340/340
f 340/340/340 342/342/342 339/339/339
f 342/342/342 343/343/343 339/339/339
f 346/346/346 345/345/345 344/344/344
f 346/346/346 347/347/347 345/345/345
f 350/350/350 349/349/349 348/348/348
f 349/349/349 351/351/351 348/348/348
f 348/348/348 351/351/351 352/352/352
f 351/351/351 353/353/353 352/352/352
f 352/352/352 353/353/353 354/354/354
f 353/353/353 355/355/355 354/354/354
f 358/358/358 357/357/357 356/356/356
f 359/359/359 358/358/358 356/356/356
f 356/356/356 360/360/360 359/359/359
f 360/360/360 361/361/361 359/359/359
f 361/361/361 360/360/360 362/362/362
f 363/363/363 361/361/361 362/362/362
f 363/363/363 362/362/362 364/364/364
f 365/365/365 363/363/363 364/364/364
f 368/368/368 367/367/367 366/366/366
f 367/367/367 369/369/369 366/366/366
f 370/370/370 366/366/366 369/369/369
f 371/371/371 370/370/370 369/369/369
f 370/370/370 371/371/371 372/372/372
f 371/371/371 373/373/373 372/372/372
f 372/372/372 373/373/373 374/374/374
f 373/373/373 375/375/375 374/374/374
f 378/378/378 377/377/377 376/376/376
f 379/379/379 378/378/378 376/376/376
f 378/378/378 379/379/379 380/380/380
f 379/379/379 381/381/381 380/380/380
f 382/382/382 380/380/380 381/381/381
f 383/383/383 382/382/382 381/381/381
f 384/384/384 382/382/382 383/383/383
f 385/385/385 384/384/384 383/383/383
f 388/388/388 387/387/387 386/386/386
f 389/389/389 388/388/388 386/386/386
f 389/389/389 386/386/386 390/390/390
f 391/391/391 389/389/389 390/390/390
f 394/394/394 393/393/393 392/392/392
f 393/393/393 395/395/395 392/392/392
f 398/398/398 397/397/397 396/396/396
f 399/399/399 398/398/398 396/396/396
f 402/402/402 401/401/401 400/400/400
f 401/401/401 403/403/403 400/400/400
f 406/406/406 405/405/405 404/404/404
f 407/407/407 406/406/406 404/404/404
f 410/410/410 409/409/409 408/408/408
f 411/411/411 410/410/410 408/408/408
f 414/414/414 413/413/413 412/412/412
f 413/413/413 415/415/415 412/412/412
f 412/412/412 415/415/415 416/416/416
f 415/415/415 417/417/417 416/416/416
f 420/420/420 419/419/419 418/418/418
f 419/419/419 421/421/421 418/418/418
f 418/418/418 421/421/421 422/422/422
f 419/419/419 423/423/423 421/421/421
f 421/421/421 424/424/424 422/422/422
f 423/423/423 425/425/425 421/421/421
f 421/421/421 425/425/425 424/424/424
f 425/425/425 426/426/426 424/424/424
f 429/429/429 428/428/428 427/427/427
f 428/428/428 430/430/430 427/427/427
f 427/427/427 430/430/430 431/431/431
f 430/430/430 432/432/432 431/431/431
f 435/435/435 434/434/434 433/433/433
f 434/434/434 436/436/436 433/433/433
f 433/433/433 436/436/436 437/437/437
f 436/436/436 438/438/438 437/437/437
f 441/441/441 440/440/440 439/439/439
f 440/440/440 442/442/442 439/439/439
f 439/439/439 442/442/442 443/443/443
f 442/442/442 444/444/444 443/443/443
f 447/447/447 446/446/446 445/445/445
f 446/446/446 448/448/448 445/445/445
f 451/451/451 450/450/450 449/449/449
f 450/450/450 452/452/452 449/449/449
f 449/449/449 452/452/452 453/453/453
f 452/452/452 454/454/454 453/453/453
f 457/457/457 456/456/456 455/455/455
f 456/456/456 458/458/458 455/455/455
f 455/455/455 458/458/458 459/459/459
f 456/456/456 460/460/460 458/458/458
f 458/458/458 461/461/461 459/459/459
f 460/460/460 462/462/462 458/458/458
f 458/458/458 462/462/462 461/461/461
f 462/462/462 463/463/463 461/461/461
f 466/466/466 465/465/465 464/464/464
f 465/465/465 467/467/467 464/464/464
f 470/470/470 469/469/469 468/468/468
f 469/469/469 471/471/471 468/468/468
f 474/474/474 473/473/473 472/472/472
f 475/475/475 474/474/474 472/472/472
f 476/476/476 474/474/474 475/475/475
f 477/477/477 476/476/476 475/475/475
f 480/480/480 479/479/479 478/478/478
f 481/481/481 480/480/480 478/478/478
f 481/481/481 478/478/478 482/482/482
f 483/483/483 481/481/481 482/482/482
f 486/486/486 485/485/485 484/484/484
f 485/485/485 487/487/487 484/484/484
f 484/484/484 487/487/487 488/488/488
f 487/487/487 489/489/489 488/488/488
f 492/492/492 491/491/491 490/490/490
f 491/491/491 493/493/493 490/490/490
f 490/490/490 493/493/493 494/494/494
f 493/493/493 495/495/495 494/494/494
f 498/498/498 497/497/497 496/496/496
f 499/499/499 498/498/498 496/496/496
f 502/502/502 501/501/501 500/500/500
f 503/503/503 502/502/502 500/500/500
f 503/503/503 500/500/500 504/504/504
f 505/505/505 503/503/503 504/504/504
f 508/508/508 507/507/507 506/506/506
f 509/509/509 508/508/508 506/506/506
f 506/506/506 510/510/510 509/509/509
f 510/510/510 511/511/511 509/509/509
f 511/511/511 510/510/510 512/512/512
f 513/513/513 511/511/511 512/512/512
f 513/513/513 512/512/512 514/514/514
f 515/515/515 513/513/513 514/514/514
f 515/515/515 514/514/514 516/516/516
f 517/517/517 515/515/515 516/516/516
f 520/520/520 519/519/519 518/518/518
f 519/519/519 521/521/521 518/518/518
f 521/521/521 522/522/522 518/518/518
f 522/522/522 523/523/523 518/518/518
f 523/523/523 522/522/522 524/524/524
f 522/522/522 525/525/525 524/524/524
f 524/524/524 525/525/525 526/526/526
f 529/529/529 528/528/528 527/527/527
f 528/528/528 530/530/530 527/527/527
f 530/530/530 531/531/531 527/527/527
f 531/531/531 532/532/532 527/527/527
f 532/532/532 531/531/531 533/533/533
f 531/531/531 534/534/534 533/533/533
f 533/533/533 534/534/534 535/535/535
f 534/534/534 536/536/536 535/535/535
f 535/535/535 536/536/536 537/537/537
f 536/536/536 538/538/538 537/537/537
f 541/541/541 540/540/540 539/539/539
f 539/539/539 540/540/540 542/542/542
f 540/540/540 543/543/543 542/542/542
f 546/546/546 545/545/545 544/544/544
f 545/545/545 547/547/547 544/544/544
f 544/544/544 547/547/547 548/548/548
f 547/547/547 549/549/549 548/548/548
f 552/552/552 551/551/551 550/550/550
f 551/551/551 553/553/553 550/550/550
f 550/550/550 553/553/553 554/554/554
f 553/553/553 555/555/555 554/554/554
f 558/558/558 557/557/557 556/556/556
f 559/559/559 558/558/558 556/556/556
f 562/562/562 561/561/561 560/560/560
f 561/561/561 563/563/563 560/560/560
f 560/560/560 563/563/563 564/564/564
f 563/563/563 565/565/565 564/564/564
f 568/568/568 567/567/567 566/566/566
f 569/569/569 568/568/568 566/566/566
f 569/569/569 566/566/566 570/570/570
f 571/571/571 569/569/569 570/570/570
f 571/571/571 570/570/570 572/572/572
f 573/573/573 571/571/571 572/572/572
g CounterTop_8a18c1d6
v 0.99581 1.07799 0.7534
v 0.99581 1.08179 0.75719
v 0.9996 1.08179 0.7534
v 0.99581 1.07799 0.7534
v 0.9996 1.08179 0.7534
v 0.9996 1.08179 0.72961
v 0.00226 1.11311 0.7534
v 0.00226 1.10931 0.75719
v -0.00153 1.10931 0.7534
v -0.00153 1.10931 0.7534
v 0.00226 1.10931 0.75719
v 0.00226 1.08179 0.75719
v -0.00153 1.10931 0.7534
v 0.00226 1.08179 0.75719
v -0.00153 1.08179 0.7534
v 0.00226 1.07799 0.7534
v -0.00153 1.08179 0.7534
v 0.00226 1.08179 0.75719
v 0.99581 1.11311 0.7534
v 0.9996 1.10931 0.7534
v 0.99581 1.10931 0.75719
v -0.00153 1.08179 -0.00114
v 0.00226 1.08179 -0.00493
v 0.00226 1.10931 -0.00493
v 0.00226 1.07799 -0.00114
v 0.00226 1.08179 -0.00493
v -0.00153 1.08179 -0.00114
v -0.00153 1.08179 -0.00114
v 0.00226 1.10931 -0.00493
v -0.00153 1.10931 -0.00114
v 0.00226 1.11311 -0.00114
v -0.00153 1.10931 -0.00114
v 0.00226 1.10931 -0.00493
v 0.99581 1.07799 -0.00114
v 0.9996 1.08179 -0.00114
v 0.99581 1.08179 -0.00493
v 0.99581 1.11311 -0.00114
v 0.99581 1.10931 -0.00493
v 0.9996 1.10931 -0.00114
v 1.76419 1.07799 0.07741
v 1.75661 1.07799 0.07741
v 1.7604 1.08179 0.085
v 1.75661 1.07799 0.07741
v 1.75661 1.08179 0.0812
v 1.7604 1.08179 0.085
v 1.7604 1.08179 0.7534
v 1.76419 1.08179 0.75719
v 1.76419 1.07799 0.7534
v 1.7604 1.10931 0.085
v 1.76419 1.11311 0.085
v 1.76419 1.11311 0.7534
v 1.7604 1.10931 0.085
v 1.76419 1.11311 0.7534
v 1.7604 1.10931 0.7534
v 1.76419 1.11311 0.7534
v 1.76419 1.10931 0.75719
v 1.7604 1.10931 0.7534
v 2.76522 1.11311 0.7534
v 2.76902 1.10931 0.7534
v 2.76522 1.10931 0.75719
v 2.76522 1.10931 0.75719
v 2.76902 1.10931 0.7534
v 2.76902 1.08179 0.7534
v 2.76522 1.10931 0.75719
v 2.76902 1.08179 0.7534
v 2.76522 1.08179 0.75719
v 2.76902 1.08179 0.7534
v 2.76522 1.07799 0.7534
v 2.76522 1.08179 0.75719
v 2.76902 1.10931 -0.00114
v 2.76522 1.11311 -0.00114
v 2.76522 1.10931 -0.00493
v 2.76522 1.08179 -0.00493
v 2.76902 1.10931 -0.00114
v 2.76522 1.10931 -0.00493
v 2.76522 1.08179 -0.00493
v 2.76902 1.08179 -0.00114
v 2.76902 1.10931 -0.00114
v 2.76522 1.07799 -0.00114
v 2.76902 1.08179 -0.00114
v 2.76522 1.08179 -0.00493
v 1.7604 1.08179 0.085
v 1.75661 1.08179 0.0812
v 1.75661 1.10931 0.0812
v 1.7604 1.08179 0.085
v 1.75661 1.10931 0.0812
v 1.7604 1.10931 0.085
v 1.00254 1.11311 0.07741
v 1.00254 1.10931 0.0812
v 0.99875 1.10931 0.07741
v 1.00254 1.07799 0.07741
v 0.99875 1.08179 0.07741
v 1.00254 1.08179 0.0812
v 4.00282 1.07799 0.7534
v 4.00282 1.08179 0.75719
v 4.00662 1.08179 0.7534
v 3.70413 1.11311 0.7534
v 3.70413 1.10931 0.75719
v 3.70034 1.10931 0.7534
v 3.70034 1.10931 0.7534
v 3.70413 1.10931 0.75719
v 3.70413 1.08179 0.75719
v 3.70034 1.10931 0.7534
v 3.70413 1.08179 0.75719
v 3.70034 1.08179 0.7534
v 3.70413 1.07799 0.7534
v 3.70034 1.08179 0.7534
v 3.70413 1.08179 0.75719
v 3.70413 1.11311 -0.00114
v 3.70034 1.10931 -0.00114
v 3.70413 1.10931 -0.00493
v 3.70413 1.07799 -0.00114
v 3.70413 1.08179 -0.00493
v 3.70034 1.08179 -0.00114
v 4.00282 1.11311 0.7534
v 4.00662 1.10931 0.7534
v 4.00282 1.10931 0.75719
v 4.00282 1.07799 -0.00114
v 4.00662 1.08179 -0.00114
v 4.00282 1.08179 -0.00493
v 4.00282 1.11311 -0.00114
v 4.00282 1.10931 -0.00493
v 4.00662 1.10931 -0.00114
v 1.00254 1.10931 -0.00493
v 1.00254 1.11311 -0.00114
v 0.99875 1.10931 -0.00114
v 1.00254 1.07799 -0.00114
v 1.00254 1.08179 -0.00493
v 0.99875 1.08179 -0.00114
v 0.02747 1.08179 0.75719
v 0.00226 1.08179 0.75719
v 0.00226 1.10931 0.75719
v 0.02747 1.10931 0.75719
v 0.97168 1.08179 0.75719
v 0.97168 1.10931 0.75719
v 0.99581 1.08179 0.75719
v 0.99581 1.10931 0.75719
v 0.99581 1.10931 0.75719
v 0.9996 1.08179 0.7534
v 0.99581 1.08179 0.75719
v 0.9996 1.10931 0.7534
v 1.77757 1.08179 0.75719
v 1.76419 1.08179 0.75719
v 1.76419 1.10931 0.75719
v 1.77757 1.10931 0.75719
v 2.72643 1.08179 0.75719
v 2.72643 1.10931 0.75719
v 2.76522 1.08179 0.75719
v 2.76522 1.10931 0.75719
v 1.7604 1.10931 0.7534
v 1.76419 1.10931 0.75719
v 1.76419 1.08179 0.75719
v 1.7604 1.08179 0.7534
v 0.02747 1.07799 0.7534
v 0.97168 1.08179 0.75719
v 0.97168 1.07799 0.7534
v 0.02747 1.08179 0.75719
v 0.00226 1.07799 0.7534
v 0.00226 1.08179 0.75719
v 0.97168 1.07799 0.7534
v 0.97168 1.08179 0.75719
v 0.99581 1.08179 0.75719
v 0.99581 1.07799 0.7534
v 0.99581 1.07799 0.72961
v 0.97168 1.07799 0.7534
v 0.99581 1.07799 0.7534
v 0.97168 1.07799 0.72961
v 0.99581 1.07799 0.03476
v 0.02747 1.07799 0.7534
v 0.97168 1.07799 0.03476
v 0.99581 1.07799 -0.00114
v 0.97168 1.07799 -0.00114
v 0.02747 1.07799 0.72961
v 0.00226 1.07799 0.7534
v 0.00226 1.07799 0.72961
v 0.02747 1.07799 0.03476
v 0.02747 1.07799 -0.00114
v 0.00226 1.07799 0.03476
v 0.00226 1.07799 -0.00114
v 0.99581 1.07799 0.7534
v 0.9996 1.08179 0.72961
v 0.99581 1.07799 0.72961
v 0.9996 1.08179 0.03476
v 0.99581 1.07799 0.03476
v 0.9996 1.08179 -0.00114
v 0.99581 1.07799 -0.00114
v -0.00153 1.08179 0.72961
v -0.00153 1.10931 0.7534
v -0.00153 1.08179 0.7534
v -0.00153 1.10931 0.72961
v -0.00153 1.08179 0.03476
v -0.00153 1.10931 0.03476
v -0.00153 1.08179 -0.00114
v -0.00153 1.10931 -0.00114
v -0.00153 1.10931 0.72961
v 0.00226 1.11311 0.7534
v -0.00153 1.10931 0.7534
v 0.00226 1.11311 0.72961
v -0.00153 1.08179 0.7534
v 0.00226 1.07799 0.7534
v 0.00226 1.07799 0.72961
v -0.00153 1.08179 0.72961
v 0.00226 1.07799 0.03476
v -0.00153 1.08179 0.03476
v 0.00226 1.07799 -0.00114
v -0.00153 1.08179 -0.00114
v -0.00153 1.10931 0.03476
v 0.00226 1.11311 0.72961
v -0.00153 1.10931 0.72961
v 0.00226 1.11311 0.03476
v -0.00153 1.10931 -0.00114
v 0.00226 1.11311 -0.00114
v 0.99581 1.11311 0.03476
v 0.97168 1.11311 -0.00114
v 0.99581 1.11311 -0.00114
v 0.97168 1.11311 0.03476
v 0.99581 1.11311 0.72961
v 0.02747 1.11311 -0.00114
v 0.97168 1.11311 0.72961
v 0.99581 1.11311 0.7534
v 0.97168 1.11311 0.7534
v 0.02747 1.11311 0.03476
v 0.00226 1.11311 -0.00114
v 0.00226 1.11311 0.03476
v 0.02747 1.11311 0.72961
v 0.02747 1.11311 0.7534
v 0.00226 1.11311 0.72961
v 0.00226 1.11311 0.7534
v 0.99581 1.11311 -0.00114
v 0.9996 1.10931 -0.00114
v 0.9996 1.10931 0.03476
v 0.99581 1.11311 0.03476
v 0.9996 1.10931 0.72961
v 0.99581 1.11311 0.72961
v 0.9996 1.10931 0.7534
v 0.99581 1.11311 0.7534
v 0.02747 1.11311 0.7534
v 0.00226 1.10931 0.75719
v 0.00226 1.11311 0.7534
v 0.02747 1.10931 0.75719
v 0.97168 1.11311 0.7534
v 0.97168 1.10931 0.75719
v 0.99581 1.11311 0.7534
v 0.99581 1.10931 0.75719
v 0.02747 1.10931 -0.00493
v 0.00226 1.10931 -0.00493
v 0.00226 1.08179 -0.00493
v 0.02747 1.08179 -0.00493
v 0.97168 1.10931 -0.00493
v 0.97168 1.08179 -0.00493
v 0.99581 1.10931 -0.00493
v 0.99581 1.08179 -0.00493
v 0.02747 1.10931 -0.00493
v 0.00226 1.11311 -0.00114
v 0.00226 1.10931 -0.00493
v 0.02747 1.11311 -0.00114
v 0.97168 1.10931 -0.00493
v 0.97168 1.11311 -0.00114
v 0.99581 1.10931 -0.00493
v 0.99581 1.11311 -0.00114
v 0.02747 1.07799 -0.00114
v 0.00226 1.08179 -0.00493
v 0.00226 1.07799 -0.00114
v 0.02747 1.08179 -0.00493
v 0.97168 1.07799 -0.00114
v 0.97168 1.08179 -0.00493
v 0.99581 1.07799 -0.00114
v 0.99581 1.08179 -0.00493
v 0.99581 1.08179 -0.00493
v 0.9996 1.08179 -0.00114
v 0.9996 1.10931 -0.00114
v 0.99581 1.10931 -0.00493
v 1.7604 1.08179 0.085
v 1.76419 1.07799 0.085
v 1.76419 1.07799 0.07741
v 1.7604 1.08179 0.7534
v 1.76419 1.07799 0.7534
v 1.76419 1.07799 0.7534
v 1.76419 1.08179 0.75719
v 1.77757 1.08179 0.75719
v 1.77757 1.07799 0.7534
v 1.77757 1.07799 0.7534
v 1.77757 1.08179 0.75719
v 2.72643 1.08179 0.75719
v 2.72643 1.07799 0.7534
v 2.76522 1.08179 0.75719
v 2.76522 1.07799 0.7534
v 2.76522 1.07799 0.085
v 2.72643 1.07799 0.7534
v 2.76522 1.07799 0.7534
v 2.72643 1.07799 0.085
v 1.77757 1.07799 0.7534
v 2.72643 1.07799 0.07741
v 2.76522 1.07799 0.07741
v 2.76522 1.07799 0.01647
v 1.77757 1.07799 0.085
v 1.76419 1.07799 0.7534
v 1.76419 1.07799 0.085
v 1.76419 1.07799 0.07741
v 1.77757 1.07799 0.07741
v 2.72643 1.07799 0.01647
v 2.76522 1.07799 -0.00114
v 2.72643 1.07799 -0.00114
v 1.77757 1.07799 0.01646
v 1.77757 1.07799 -0.00114
v 1.76419 1.07799 0.01646
v 1.75661 1.07799 0.07741
v 1.76419 1.07799 -0.00114
v 1.75661 1.07799 0.01646
v 1.00254 1.07799 0.07741
v 1.75661 1.07799 -0.00114
v 1.00254 1.07799 0.01646
v 1.00254 1.07799 -0.00114
v 1.7604 1.08179 0.085
v 1.7604 1.10931 0.085
v 1.7604 1.10931 0.7534
v 1.7604 1.08179 0.7534
v 1.77757 1.11311 0.7534
v 1.76419 1.11311 0.7534
v 1.76419 1.11311 0.085
v 1.77757 1.11311 0.085
v 2.72643 1.11311 0.7534
v 2.72643 1.11311 0.085
v 2.76522 1.11311 0.7534
v 2.76522 1.11311 0.085
v 2.76522 1.11311 0.07741
v 2.72643 1.11311 0.07741
v 1.77757 1.11311 0.07741
v 2.72643 1.11311 0.01647
v 2.76522 1.11311 0.01647
v 2.72643 1.11311 -0.00114
v 2.76522 1.11311 -0.00114
v 1.77757 1.11311 -0.00114
v 1.77757 1.11311 0.01646
v 1.76419 1.11311 -0.00114
v 1.76419 1.11311 0.01646
v 1.75661 1.11311 -0.00114
v 1.76419 1.11311 0.07741
v 1.75661 1.11311 0.07741
v 1.75661 1.11311 0.01646
v 1.00254 1.11311 -0.00114
v 1.00254 1.11311 0.01646
v 1.00254 1.11311 0.07741
v 1.76419 1.11311 0.085
v 1.7604 1.10931 0.085
v 1.75661 1.11311 0.07741
v 1.75661 1.10931 0.0812
v 1.77757 1.11311 0.7534
v 1.76419 1.10931 0.75719
v 1.76419 1.11311 0.7534
v 1.77757 1.10931 0.75719
v 2.72643 1.11311 0.7534
v 2.72643 1.10931 0.75719
v 2.76522 1.11311 0.7534
v 2.76522 1.10931 0.75719
v 2.76902 1.08179 0.085
v 2.76902 1.08179 0.7534
v 2.76902 1.10931 0.7534
v 2.76902 1.10931 0.085
v 2.76902 1.08179 0.07741
v 2.76902 1.10931 0.07741
v 2.76902 1.08179 0.01647
v 2.76902 1.10931 0.01647
v 2.76902 1.08179 -0.00114
v 2.76902 1.10931 -0.00114
v 2.76522 1.11311 0.085
v 2.76902 1.10931 0.7534
v 2.76522 1.11311 0.7534
v 2.76902 1.10931 0.085
v 2.76522 1.11311 0.07741
v 2.76902 1.10931 0.07741
v 2.76522 1.11311 0.01647
v 2.76902 1.10931 0.01647
v 2.76522 1.11311 -0.00114
v 2.76902 1.10931 -0.00114
v 2.76522 1.07799 0.7534
v 2.76902 1.08179 0.7534
v 2.76902 1.08179 0.085
v 2.76522 1.07799 0.085
v 2.76902 1.08179 0.07741
v 2.76522 1.07799 0.07741
v 2.76902 1.08179 0.01647
v 2.76522 1.07799 0.01647
v 2.76902 1.08179 -0.00114
v 2.76522 1.07799 -0.00114
v 3.99544 1.08179 0.75719
v 3.70413 1.08179 0.75719
v 3.70413 1.10931 0.75719
v 3.99544 1.10931 0.75719
v 4.00282 1.08179 0.75719
v 4.00282 1.10931 0.75719
v 4.00282 1.10931 0.75719
v 4.00662 1.08179 0.7534
v 4.00282 1.08179 0.75719
v 4.00662 1.10931 0.7534
v 1.75661 1.08179 0.0812
v 1.00254 1.08179 0.0812
v 1.00254 1.10931 0.0812
v 1.75661 1.10931 0.0812
v 1.00254 1.08179 0.0812
v 0.99875 1.10931 0.07741
v 1.00254 1.10931 0.0812
v 0.99875 1.08179 0.07741
v 1.00254 1.07799 0.07741
v 1.00254 1.08179 0.0812
v 1.75661 1.08179 0.0812
v 1.75661 1.07799 0.07741
v 1.00254 1.10931 0.0812
v 1.00254 1.11311 0.07741
v 1.75661 1.11311 0.07741
v 1.75661 1.10931 0.0812
v 3.99544 1.07799 0.7534
v 4.00282 1.08179 0.75719
v 4.00282 1.07799 0.7534
v 3.99544 1.08179 0.75719
v 3.70413 1.07799 0.7534
v 3.70413 1.08179 0.75719
v 4.00282 1.07799 0.025
v 3.99544 1.07799 0.7534
v 4.00282 1.07799 0.7534
v 3.99544 1.07799 0.025
v 4.00282 1.07799 -0.00114
v 3.70413 1.07799 0.7534
v 3.99544 1.07799 -0.00114
v 3.70413 1.07799 0.025
v 3.70413 1.07799 -0.00114
v 4.00282 1.07799 0.025
v 4.00662 1.08179 -0.00114
v 4.00282 1.07799 -0.00114
v 4.00662 1.08179 0.025
v 4.00282 1.07799 0.7534
v 4.00662 1.08179 0.7534
v 3.70034 1.08179 0.025
v 3.70034 1.10931 0.7534
v 3.70034 1.08179 0.7534
v 3.70034 1.10931 0.025
v 3.70034 1.08179 -0.00114
v 3.70034 1.10931 -0.00114
v 3.70034 1.10931 0.025
v 3.70413 1.11311 0.7534
v 3.70034 1.10931 0.7534
v 3.70413 1.11311 0.025
v 3.70034 1.10931 -0.00114
v 3.70413 1.11311 -0.00114
v 3.70034 1.08179 -0.00114
v 3.70413 1.10931 -0.00493
v 3.70034 1.10931 -0.00114
v 3.70413 1.08179 -0.00493
v 3.70034 1.08179 0.025
v 3.70413 1.07799 -0.00114
v 3.70034 1.08179 -0.00114
v 3.70413 1.07799 0.025
v 3.70034 1.08179 0.7534
v 3.70413 1.07799 0.7534
v 4.00282 1.11311 0.025
v 3.99544 1.11311 -0.00114
v 4.00282 1.11311 -0.00114
v 3.99544 1.11311 0.025
v 4.00282 1.11311 0.7534
v 3.70413 1.11311 -0.00114
v 3.99544 1.11311 0.7534
v 3.70413 1.11311 0.025
v 3.70413 1.11311 0.7534
v 4.00282 1.11311 0.025
v 4.00662 1.10931 0.7534
v 4.00282 1.11311 0.7534
v 4.00662 1.10931 0.025
v 4.00282 1.11311 -0.00114
v 4.00662 1.10931 0.025
v 4.00282 1.11311 0.025
v 4.00662 1.10931 -0.00114
v 4.00282 1.11311 0.7534
v 4.00282 1.10931 0.75719
v 3.99544 1.10931 0.75719
v 3.99544 1.11311 0.7534
v 3.70413 1.10931 0.75719
v 3.70413 1.11311 0.7534
v 3.99544 1.10931 -0.00493
v 3.70413 1.10931 -0.00493
v 3.70413 1.08179 -0.00493
v 3.99544 1.08179 -0.00493
v 4.00282 1.10931 -0.00493
v 4.00282 1.08179 -0.00493
v 3.99544 1.10931 -0.00493
v 3.70413 1.11311 -0.00114
v 3.70413 1.10931 -0.00493
v 3.99544 1.11311 -0.00114
v 4.00282 1.10931 -0.00493
v 4.00282 1.11311 -0.00114
v 3.99544 1.07799 -0.00114
v 3.70413 1.08179 -0.00493
v 3.70413 1.07799 -0.00114
v 3.99544 1.08179 -0.00493
v 4.00282 1.07799 -0.00114
v 4.00282 1.08179 -0.00493
v 4.00282 1.08179 -0.00493
v 4.00662 1.08179 -0.00114
v 4.00662 1.10931 -0.00114
v 4.00282 1.10931 -0.00493
v 4.00662 1.08179 0.025
v 4.00662 1.08179 0.7534
v 4.00662 1.10931 0.7534
v 4.00662 1.10931 0.025
v 4.00662 1.08179 -0.00114
v 4.00662 1.10931 -0.00114
v 1.75661 1.10931 -0.00493
v 1.00254 1.10931 -0.00493
v 1.00254 1.08179 -0.00493
v 1.75661 1.08179 -0.00493
v 1.76419 1.10931 -0.00493
v 1.76419 1.08179 -0.00493
v 1.77757 1.10931 -0.00493
v 1.77757 1.08179 -0.00493
v 2.72643 1.10931 -0.00493
v 2.72643 1.08179 -0.00493
v 2.76522 1.10931 -0.00493
v 2.76522 1.08179 -0.00493
v 1.75661 1.10931 -0.00493
v 1.00254 1.11311 -0.00114
v 1.00254 1.10931 -0.00493
v 1.75661 1.11311 -0.00114
v 1.76419 1.11311 -0.00114
v 1.76419 1.10931 -0.00493
v 1.77757 1.10931 -0.00493
v 1.77757 1.11311 -0.00114
v 2.72643 1.10931 -0.00493
v 1.75661 1.07799 -0.00114
v 1.00254 1.08179 -0.00493
v 1.00254 1.07799 -0.00114
v 1.75661 1.08179 -0.00493
v 1.76419 1.08179 -0.00493
v 1.76419 1.07799 -0.00114
v 1.77757 1.07799 -0.00114
v 1.77757 1.08179 -0.00493
v 2.72643 1.07799 -0.00114
v 2.72643 1.08179 -0.00493
v 2.76522 1.07799 -0.00114
v 2.76522 1.08179 -0.00493
v 2.72643 1.10931 -0.00493
v 2.72643 1.11311 -0.00114
v 1.77757 1.11311 -0.00114
v 2.76522 1.10931 -0.00493
v 2.76522 1.11311 -0.00114
v 0.99875 1.08179 0.01646
v 0.99875 1.10931 0.07741
v 0.99875 1.08179 0.07741
v 0.99875 1.10931 0.01646
v 0.99875 1.08179 -0.00114
v 0.99875 1.10931 -0.00114
v 0.99875 1.08179 0.01646
v 1.00254 1.07799 -0.00114
v 0.99875 1.08179 -0.00114
v 1.00254 1.07799 0.01646
v 0.99875 1.08179 0.07741
v 1.00254 1.07799 0.07741
v 0.99875 1.08179 -0.00114
v 1.00254 1.08179 -0.00493
v 1.00254 1.10931 -0.00493
v 0.99875 1.10931 -0.00114
v 0.99875 1.10931 0.01646
v 1.00254 1.11311 0.07741
v 0.99875 1.10931 0.07741
v 1.00254 1.11311 0.01646
v 0.99875 1.10931 -0.00114
v 1.00254 1.11311 -0.00114
v 0.9996 1.08179 0.72961
v 0.9996 1.08179 0.7534
v 0.9996 1.10931 0.7534
v 0.9996 1.10931 0.72961
v 0.9996 1.08179 0.03476
v 0.9996 1.10931 0.03476
v 0.9996 1.08179 -0.00114
v 0.9996 1.10931 -0.00114
vn 0.3333333 -0.3333333 0.3333333
vn 0.3333333 -0.3333333 0.3333333
vn 0.3333333 -0.3333333 0.3333333
vn 0.4082475 -0.4082491 4.866709E-08
vn 0.4082475 -0.4082491 4.866709E-08
vn 0.4082474 -0.4082491 4.866709E-08
vn -0.333362 0.3332747 0.3333633
vn -0.333362 0.3332747 0.3333633
vn -0.333362 0.3332747 0.3333633
vn -0.4082498 4.866681E-08 0.4082467
vn -0.4082498 4.866681E-08 0.4082467
vn -0.4082498 4.866681E-08 0.4082467
vn -0.4082507 4.86667E-08 0.4082458
vn -0.4082507 4.86667E-08 0.4082458
vn -0.4082508 4.866669E-08 0.4082458
vn -0.3333375 -0.3333198 0.3333426
vn -0.3333375 -0.3333198 0.3333426
vn -0.3333375 -0.3333198 0.3333426
vn 0.3333569 0.3332862 0.3333568
vn 0.3333569 0.3332862 0.3333568
vn 0.3333569 0.3332862 0.3333568
vn -0.4082476 -4.866706E-08 -0.4082489
vn -0.4082476 -4.866707E-08 -0.4082489
vn -0.4082476 -4.866707E-08 -0.4082489
vn -0.3333353 -0.3333309 -0.3333338
vn -0.3333353 -0.3333309 -0.3333338
vn -0.3333353 -0.3333309 -0.3333338
vn -0.4082476 -4.866707E-08 -0.4082489
vn -0.4082476 -4.866706E-08 -0.4082489
vn -0.4082476 -4.866707E-08 -0.4082489
vn -0.3333673 0.3332712 -0.3333615
vn -0.3333673 0.3332712 -0.3333615
vn -0.3333673 0.3332712 -0.3333615
vn 0.3333279 -0.3333388 -0.3333334
vn 0.3333278 -0.3333387 -0.3333334
vn 0.3333278 -0.3333387 -0.3333334
vn 0.3333493 0.3332838 -0.333367
vn 0.3333493 0.3332838 -0.333367
vn 0.3333493 0.3332838 -0.333367
vn 0 -0.5163931 0.2582082
vn 0 -0.5163931 0.2582082
vn 0 -0.5163931 0.2582082
vn -0.3333422 -0.3333333 0.3333245
vn -0.3333422 -0.3333333 0.3333245
vn -0.3333422 -0.3333333 0.3333245
vn -0.3333542 -0.3333365 0.3333093
vn -0.3333542 -0.3333365 0.3333093
vn -0.3333542 -0.3333365 0.3333093
vn -0.4083032 0.4081933 -4.866044E-08
vn -0.4083032 0.4081933 -4.866044E-08
vn -0.4083033 0.4081933 -4.866044E-08
vn -0.4083033 0.4081933 -4.866044E-08
vn -0.4083032 0.4081933 -4.866044E-08
vn -0.4083032 0.4081933 -4.866044E-08
vn -0.3333687 0.3332803 0.333351
vn -0.3333687 0.3332803 0.333351
vn -0.3333687 0.3332803 0.333351
vn 0.3334247 0.3332744 0.3333009
vn 0.3334247 0.3332744 0.3333009
vn 0.3334247 0.3332744 0.3333009
vn 0.4082826 4.86629E-08 0.4082139
vn 0.4082826 4.86629E-08 0.4082139
vn 0.4082826 4.86629E-08 0.4082139
vn 0.4083289 4.865738E-08 0.4081677
vn 0.4083289 4.865738E-08 0.4081677
vn 0.4083289 4.865738E-08 0.4081676
vn 0.3334011 -0.3333215 0.3332773
vn 0.3334012 -0.3333215 0.3332773
vn 0.3334012 -0.3333215 0.3332773
vn 0.333366 0.3332686 -0.3333654
vn 0.333366 0.3332686 -0.3333654
vn 0.333366 0.3332686 -0.3333654
vn 0.4082573 -4.866592E-08 -0.4082393
vn 0.4082573 -4.866592E-08 -0.4082393
vn 0.4082573 -4.866592E-08 -0.4082393
vn 0.4082558 -4.86661E-08 -0.4082408
vn 0.4082558 -4.86661E-08 -0.4082408
vn 0.4082557 -4.86661E-08 -0.4082408
vn 0.3333308 -0.3333217 -0.3333475
vn 0.3333308 -0.3333217 -0.3333475
vn 0.3333308 -0.3333217 -0.3333476
vn -0.4082562 4.866605E-08 0.4082404
vn -0.4082577 4.866587E-08 0.4082389
vn -0.4082469 4.866716E-08 0.4082497
vn -0.4082562 4.866605E-08 0.4082404
vn -0.4082469 4.866716E-08 0.4082497
vn -0.4082454 4.866734E-08 0.4082512
vn -0.3333886 0.3332582 0.3333532
vn -0.3333886 0.3332582 0.3333532
vn -0.3333886 0.3332582 0.3333531
vn -0.3333474 -0.333323 0.3333297
vn -0.3333474 -0.333323 0.3333297
vn -0.3333474 -0.333323 0.3333297
vn 0.3332538 -0.3333686 0.3333776
vn 0.3332538 -0.3333686 0.3333776
vn 0.3332538 -0.3333686 0.3333775
vn -0.3334703 0.3332185 0.333311
vn -0.3334703 0.3332185 0.3333111
vn -0.3334703 0.3332185 0.3333111
vn -0.4083289 4.865738E-08 0.4081677
vn -0.4083289 4.865738E-08 0.4081677
vn -0.4083289 4.865738E-08 0.4081677
vn -0.4083543 4.865436E-08 0.4081423
vn -0.4083543 4.865436E-08 0.4081423
vn -0.4083543 4.865436E-08 0.4081423
vn -0.3334454 -0.3332684 0.3332862
vn -0.3334454 -0.3332684 0.3332862
vn -0.3334454 -0.3332684 0.3332862
vn -0.3334395 0.3332313 -0.3333291
vn -0.3334395 0.3332312 -0.3333291
vn -0.3334395 0.3332312 -0.3333292
vn -0.3334014 -0.3332859 -0.3333128
vn -0.3334014 -0.3332858 -0.3333128
vn -0.3334014 -0.3332858 -0.3333128
vn 0.3333009 0.3333451 0.3333539
vn 0.3333009 0.3333451 0.3333539
vn 0.333301 0.3333451 0.3333539
vn 0.3333015 -0.3333455 -0.333353
vn 0.3333015 -0.3333455 -0.333353
vn 0.3333015 -0.3333454 -0.333353
vn 0.3333241 0.3332987 -0.3333772
vn 0.3333241 0.3332988 -0.3333772
vn 0.3333241 0.3332987 -0.3333772
vn -0.3333885 0.3332583 -0.3333532
vn -0.3333885 0.3332583 -0.3333531
vn -0.3333885 0.3332583 -0.3333531
vn -0.3333591 -0.3333173 -0.3333236
vn -0.3333591 -0.3333173 -0.3333236
vn -0.3333591 -0.3333173 -0.3333236
vn -2.27188E-07 6.882551E-08 0.5773502
vn 0 6.882551E-08 0.5773502
vn 0 6.882551E-08 0.5773502
vn -2.27188E-07 6.882551E-08 0.5773502
vn -2.274417E-07 6.882551E-08 0.5773502
vn -2.274417E-07 6.882551E-08 0.5773502
vn 0 6.882551E-08 0.5773502
vn 0 6.882551E-08 0.5773502
vn 0.408247 4.866714E-08 0.4082496
vn 0.4082571 4.866594E-08 0.4082394
vn 0.4082587 4.866574E-08 0.4082378
vn 0.4082454 4.866734E-08 0.4082512
vn -2.288847E-07 6.882551E-08 0.5773502
vn 0 6.882551E-08 0.5773502
vn 0 6.882551E-08 0.5773502
vn -2.288848E-07 6.882551E-08 0.5773502
vn -2.22993E-07 6.882551E-08 0.5773502
vn -2.22993E-07 6.882551E-08 0.5773502
vn 0 6.882551E-08 0.5773502
vn 0 6.882551E-08 0.5773502
vn -0.408269 4.866452E-08 0.4082275
vn -0.4082707 4.866432E-08 0.4082258
vn -0.4082589 4.866572E-08 0.4082376
vn -0.4082572 4.866592E-08 0.4082393
vn 0 -0.4082456 0.4082509
vn -1.739708E-07 -0.4082552 0.4082413
vn -1.739732E-07 -0.4082496 0.4082469
vn 0 -0.4082455 0.408251
vn 0 -0.4082448 0.4082517
vn 0 -0.4082447 0.4082519
vn 0 -0.4082465 0.40825
vn 0 -0.4082465 0.40825
vn 0 -0.4082465 0.40825
vn 0 -0.4082516 0.4082449
vn 0 -0.5773502 6.882551E-08
vn 0 -0.5773502 6.882551E-08
vn 0 -0.5773502 6.882551E-08
vn 0 -0.5773502 6.882551E-08
vn 0 -0.5773502 6.882551E-08
vn 0 -0.5773502 6.882551E-08
vn 0 -0.5773502 6.882551E-08
vn 0 -0.5773502 6.882551E-08
vn 8.577032E-07 -0.5773502 6.882551E-08
vn 0 -0.5773502 6.882551E-08
vn 0 -0.5773502 6.882551E-08
vn 0 -0.5773502 6.882551E-08
vn 0 -0.5773502 6.882551E-08
vn 0 -0.5773502 6.882551E-08
vn -6.385438E-07 -0.5773502 6.882551E-08
vn -1.638368E-06 -0.5773502 6.882551E-08
vn 0.4082466 -0.4082499 4.866719E-08
vn 0.4082466 -0.40825 4.866719E-08
vn 0.4082466 -0.40825 4.866719E-08
vn 0.4082494 -0.4082471 2.850799E-07
vn 0.4082529 -0.4082437 4.866644E-08
vn 0.4082469 -0.4082497 2.336636E-06
vn 0.4082428 -0.4082538 4.866764E-08
vn -0.5773503 -2.31713E-14 -1.943749E-07
vn -0.5773503 -2.31713E-14 -1.943749E-07
vn -0.5773503 -2.31713E-14 -1.943749E-07
vn -0.5773503 -2.31713E-14 -1.943749E-07
vn -0.5773503 -2.149075E-14 -1.802774E-07
vn -0.5773503 -2.117227E-14 -1.776059E-07
vn -0.5773503 -2.117227E-14 -1.776059E-07
vn -0.5773503 -2.0757E-14 -1.741223E-07
vn -0.4082984 0.4081982 -1.86837E-07
vn -0.4082983 0.4081982 -1.86837E-07
vn -0.4082983 0.4081982 -1.86837E-07
vn -0.4082992 0.4081973 -1.843096E-07
vn -0.4082578 -0.4082388 -8.615395E-08
vn -0.4082578 -0.4082388 -8.615397E-08
vn -0.4082578 -0.4082387 -8.615398E-08
vn -0.4082431 -0.4082534 -8.95271E-08
vn -0.4082547 -0.4082418 -7.880096E-08
vn -0.4082471 -0.4082494 -7.880242E-08
vn -0.4082579 -0.4082386 -8.204094E-08
vn -0.4082395 -0.408257 -7.53414E-08
vn -0.4082926 0.408204 -1.761459E-07
vn -0.4082927 0.408204 -1.76146E-07
vn -0.4082926 0.408204 -1.761459E-07
vn -0.4082957 0.4082009 -4.866134E-08
vn -0.4083057 0.4081909 1.39273E-06
vn -0.4083069 0.4081897 1.555936E-06
vn 0 0.5773502 -6.882551E-08
vn 0 0.5773502 -6.882551E-08
vn 4.068614E-06 0.5773502 -6.882551E-08
vn 0 0.5773502 -6.882551E-08
vn 0 0.5773502 -6.882551E-08
vn 3.894047E-06 0.5773502 -6.882551E-08
vn 0 0.5773502 -6.882551E-08
vn 0 0.5773502 -6.882551E-08
vn 0 0.5773502 -6.882551E-08
vn 0 0.5773502 2.385226E-06
vn 0 0.5773502 2.385226E-06
vn 0 0.5773502 2.385226E-06
vn 0 0.5773502 -6.882551E-08
vn 0 0.5773502 -6.882551E-08
vn 0 0.5773502 -6.882551E-08
vn 0 0.5773502 -6.882551E-08
vn 0.4082865 0.4082101 2.023043E-06
vn 0.4082858 0.4082107 2.239042E-06
vn 0.408292 0.4082046 1.673433E-07
vn 0.4082927 0.408204 -4.866171E-08
vn 0.408288 0.4082085 -4.866225E-08
vn 0.4083027 0.4081939 -4.866051E-08
vn 0.4083027 0.4081939 -4.866051E-08
vn 0.4083027 0.4081939 -4.866051E-08
vn 0 0.4081941 0.4083025
vn 0 0.408194 0.4083025
vn 0 0.408194 0.4083025
vn 0 0.4082071 0.4082895
vn -1.739539E-07 0.4082046 0.408292
vn -1.739516E-07 0.4082101 0.4082864
vn 0 0.4082058 0.4082907
vn 0 0.4082007 0.4082959
vn 2.25249E-07 -6.882551E-08 -0.5773502
vn 2.252491E-07 -6.882551E-08 -0.5773502
vn 2.252491E-07 -6.882551E-08 -0.5773502
vn 2.252467E-07 -6.882551E-08 -0.5773502
vn 2.139504E-07 -6.882551E-08 -0.5773502
vn 2.139511E-07 -6.882551E-08 -0.5773502
vn 2.139511E-07 -6.882551E-08 -0.5773502
vn 2.139511E-07 -6.882551E-08 -0.5773502
vn -3.257818E-06 0.408193 -0.4083035
vn -3.257818E-06 0.408193 -0.4083035
vn -3.257818E-06 0.408193 -0.4083035
vn 3.257883E-06 0.4082013 -0.4082953
vn 0 0.4081998 -0.4082968
vn 3.403949E-06 0.4082032 -0.4082934
vn 3.403948E-06 0.4082032 -0.4082934
vn 3.403949E-06 0.4082032 -0.4082934
vn 3.258244E-06 -0.4082465 -0.40825
vn 3.258243E-06 -0.4082465 -0.40825
vn -3.258243E-06 -0.4082465 -0.4082501
vn 3.258243E-06 -0.4082465 -0.40825
vn 1.739746E-07 -0.4082465 -0.40825
vn 1.739746E-07 -0.4082465 -0.40825
vn 0 -0.4082458 -0.4082507
vn -3.404317E-06 -0.4082475 -0.408249
vn 0.408246 -4.866726E-08 -0.4082505
vn 0.408246 -4.866726E-08 -0.4082505
vn 0.408246 -4.866726E-08 -0.4082505
vn 0.4082438 -4.866752E-08 -0.4082527
vn -0.4082618 -0.4082347 4.866537E-08
vn -0.4082618 -0.4082347 4.866537E-08
vn -0.4082619 -0.4082347 4.866537E-08
vn -0.4082639 -0.4082326 4.866513E-08
vn -0.4082639 -0.4082326 4.866513E-08
vn 0 -0.4082482 0.4082483
vn 0 -0.4082482 0.4082483
vn 0 -0.4082482 0.4082483
vn 0 -0.4082482 0.4082483
vn -1.731199E-07 -0.4082525 0.408244
vn -1.731199E-07 -0.4082525 0.408244
vn -1.731199E-07 -0.4082525 0.408244
vn -1.731198E-07 -0.4082524 0.4082441
vn 0 -0.4082461 0.4082505
vn 0 -0.4082482 0.4082483
vn 0 -0.5773502 6.882551E-08
vn 0 -0.5773502 6.882551E-08
vn 0 -0.5773502 6.882551E-08
vn 4.577535E-07 -0.5773502 6.882551E-08
vn 0 -0.5773502 6.882551E-08
vn 0 -0.5773502 6.882551E-08
vn 0 -0.5773502 6.882551E-08
vn 0 -0.5773502 6.882551E-08
vn 0 -0.5773502 6.882551E-08
vn 1.327934E-06 -0.5773502 6.882551E-08
vn 8.685142E-06 -0.5773502 6.882551E-08
vn -2.729138E-06 -0.5773502 6.882551E-08
vn 0 -0.5773502 6.882551E-08
vn -3.132372E-07 -0.5773502 6.882551E-08
vn -9.478356E-07 -0.5773502 6.882551E-08
vn 0 -0.5773502 6.882551E-08
vn -2.729138E-06 -0.5773502 6.882551E-08
vn 0 -0.5773502 6.882551E-08
vn -2.729138E-06 -0.5773502 6.882551E-08
vn 0 -0.5773502 6.882551E-08
vn 2.365715E-06 -0.5773502 6.882551E-08
vn 0 -0.5773502 6.882551E-08
vn 0 -0.5773502 6.882551E-08
vn 0 -0.5773502 6.882551E-08
vn 0 -0.5773502 6.882551E-08
vn 0 -0.5773502 6.882551E-08
vn -0.5773503 0 0
vn -0.5773503 0 0
vn -0.5773503 0 0
vn -0.5773503 0 0
vn 0 0.5773502 -6.882551E-08
vn 0 0.5773502 -6.882551E-08
vn 0 0.5773502 -6.882551E-08
vn 0 0.5773502 -6.882551E-08
vn 0 0.5773502 -6.882551E-08
vn 0 0.5773502 -6.882551E-08
vn 0 0.5773502 -6.882551E-08
vn 0 0.5773502 -6.882551E-08
vn 0 0.5773502 -6.882551E-08
vn 0 0.5773502 -6.882551E-08
vn 0 0.5773502 -6.882551E-08
vn 0 0.5773502 -6.882551E-08
vn -2.001118E-06 0.5773502 3.57772E-06
vn 1.054643E-07 0.5773502 -6.882551E-08
vn -2.57927E-06 0.5773502 4.934727E-06
vn -7.48241E-06 0.5773502 -6.882551E-08
vn 1.011104E-07 0.5773502 -6.882551E-08
vn 0 0.5773502 -6.882551E-08
vn -1.127124E-05 0.5773502 -6.882551E-08
vn 3.154772E-06 0.5773502 -6.882551E-08
vn 0 0.5773502 -6.882551E-08
vn 0 0.5773502 -6.882551E-08
vn 0 0.5773502 -6.882551E-08
vn 1.327084E-07 0.5773502 -6.882551E-08
vn 0 0.5773502 4.934725E-06
vn 0 0.5773502 -1.514296E-06
vn -0.3333641 0.3332718 0.333364
vn -0.3333643 0.3332739 0.3333617
vn -0.3333647 0.3332766 0.3333587
vn -0.3333658 0.3332862 0.333348
vn 0 0.4081992 0.4082974
vn 0 0.4081992 0.4082974
vn 0 0.4081992 0.4082974
vn 0 0.4082115 0.4082851
vn 0 0.4082081 0.4082884
vn 0 0.4082074 0.4082892
vn 0 0.4082004 0.4082962
vn 0 0.4081996 0.4082969
vn 0.5773503 9.132557E-14 7.660944E-07
vn 0.5773503 9.132559E-14 7.660945E-07
vn 0.5773503 9.132557E-14 7.660943E-07
vn 0.5773503 1.826492E-13 1.532173E-06
vn 0.5773503 0 0
vn 0.5773503 0 0
vn 0.5773503 0 0
vn 0.5773503 0 0
vn 0.5773503 0 0
vn 0.5773503 0 0
vn 0.408295 0.4082016 6.885531E-07
vn 0.408295 0.4082016 6.885531E-07
vn 0.4083443 0.4081523 6.88648E-07
vn 0.4082951 0.4082015 6.885531E-07
vn 0.4082964 0.4082002 -4.866126E-08
vn 0.408296 0.4082006 -4.866131E-08
vn 0.4083013 0.4081953 -4.866068E-08
vn 0.4083013 0.4081953 -4.866068E-08
vn 0.4083021 0.4081945 9.280121E-06
vn 0.4083044 0.4081922 -4.866031E-08
vn 0.4082972 -0.4081994 1.277643E-06
vn 0.4082972 -0.4081994 1.277643E-06
vn 0.4082972 -0.4081994 1.277643E-06
vn 0.4082557 -0.4082409 5.401898E-07
vn 0.4082422 -0.4082543 4.866771E-08
vn 0.4082636 -0.408233 4.866517E-08
vn 0.4082474 -0.4082492 4.86671E-08
vn 0.4082462 -0.4082504 4.866724E-08
vn 0.4082462 -0.4082504 4.866724E-08
vn 0.4082555 -0.4082411 4.866613E-08
vn -7.373478E-07 6.882551E-08 0.5773502
vn -7.560449E-07 6.882551E-08 0.5773502
vn -7.560447E-07 6.882551E-08 0.5773502
vn -7.373478E-07 6.882551E-08 0.5773502
vn 0 6.882551E-08 0.5773502
vn 0 6.882551E-08 0.5773502
vn 0.4081859 4.867443E-08 0.4083107
vn 0.408187 4.86743E-08 0.4083096
vn 0.4081871 4.867428E-08 0.4083094
vn 0.4081857 4.867445E-08 0.4083109
vn 0 6.882551E-08 0.5773502
vn 0 6.882551E-08 0.5773502
vn 0 6.882551E-08 0.5773502
vn 0 6.882551E-08 0.5773502
vn -0.4082692 4.86645E-08 0.4082274
vn -0.4082692 4.86645E-08 0.4082274
vn -0.4082692 4.86645E-08 0.4082274
vn -0.4082679 4.866465E-08 0.4082287
vn 0 -0.4082466 0.4082499
vn 0 -0.4082466 0.4082499
vn 0 -0.4082456 0.4082509
vn 0 -0.4082456 0.4082509
vn 1.08908E-07 0.4081925 0.4083041
vn 1.08908E-07 0.4081925 0.4083041
vn 1.08908E-07 0.4081925 0.4083041
vn 0 0.4082014 0.4082951
vn -5.63889E-07 -0.4082555 0.408241
vn 0 -0.4082315 0.408265
vn 0 -0.4082704 0.4082261
vn -5.63889E-07 -0.4082555 0.4082411
vn -5.638922E-07 -0.4082478 0.4082488
vn -5.638921E-07 -0.4082477 0.4082488
vn -1.378909E-05 -0.5773502 6.882551E-08
vn 5.314332E-07 -0.5773502 6.882551E-08
vn 0 -0.5773502 6.882551E-08
vn 0 -0.5773502 6.882551E-08
vn 0 -0.5773502 6.882551E-08
vn 0 -0.5773502 6.882551E-08
vn 2.113422E-05 -0.5773502 6.882551E-08
vn 0 -0.5773502 6.882551E-08
vn -4.573511E-07 -0.5773502 6.882551E-08
vn 0.4082213 -0.4082752 4.86702E-08
vn 0.4082213 -0.4082752 4.86702E-08
vn 0.4082213 -0.4082752 4.86702E-08
vn 0.4082214 -0.4082752 4.867019E-08
vn 0.4081853 -0.4083112 4.867449E-08
vn 0.4081854 -0.4083112 4.867449E-08
vn -0.5773503 -8.380356E-14 -7.029951E-07
vn -0.5773503 -8.380356E-14 -7.029951E-07
vn -0.5773503 -4.190199E-14 -3.514994E-07
vn -0.5773503 -8.380356E-14 -7.029951E-07
vn -0.5773503 0 0
vn -0.5773503 0 0
vn -0.4084001 0.4080964 -4.997482E-07
vn -0.4084001 0.4080964 -4.997482E-07
vn -0.4084001 0.4080964 -4.997482E-07
vn -0.4083601 0.4081365 -4.997246E-07
vn -0.4083577 0.4081389 -4.865395E-08
vn -0.4083808 0.4081157 -4.865118E-08
vn -0.4083289 -4.865738E-08 -0.4081677
vn -0.4083289 -4.865738E-08 -0.4081677
vn -0.4083289 -4.865738E-08 -0.4081677
vn -0.408302 -4.866058E-08 -0.4081945
vn -0.4083074 -0.4081892 4.865995E-08
vn -0.4083074 -0.4081891 4.865994E-08
vn -0.4083075 -0.4081891 4.865994E-08
vn -0.40832 -0.4081765 4.865844E-08
vn -0.4083568 -0.4081397 -4.024931E-07
vn -0.4083568 -0.4081397 -4.024931E-07
vn 5.564551E-06 0.5773502 -6.882551E-08
vn 4.626602E-07 0.5773502 -6.882551E-08
vn 0 0.5773502 -6.882551E-08
vn 1.440024E-07 0.5773502 3.300581E-06
vn 1.048019E-05 0.5773502 -6.882551E-08
vn 1.440024E-07 0.5773502 3.300581E-06
vn 0 0.5773502 -6.882551E-08
vn 1.440024E-07 0.5773502 3.300581E-06
vn -8.074866E-08 0.5773502 -6.882551E-08
vn 0.4082286 0.4082679 4.022564E-07
vn 0.4082286 0.4082679 4.022565E-07
vn 0.4082286 0.4082679 4.022564E-07
vn 0.4082687 0.4082278 -4.866455E-08
vn 0.4082545 0.408242 -4.866624E-08
vn 0.4082584 0.4082382 -4.866579E-08
vn 0.4082591 0.4082375 -4.866571E-08
vn 0.4082539 0.4082426 -4.866632E-08
vn 0 0.4081872 0.4083094
vn 0 0.4081872 0.4083093
vn 0 0.4081872 0.4083093
vn 0 0.4082039 0.4082927
vn -5.638274E-07 0.4082111 0.4082854
vn -5.6384E-07 0.4082021 0.4082945
vn 7.324201E-07 -6.882551E-08 -0.5773502
vn 7.324201E-07 -6.882551E-08 -0.5773502
vn 7.324201E-07 -6.882551E-08 -0.5773502
vn 7.324134E-07 -6.882551E-08 -0.5773502
vn 7.221514E-07 -6.882551E-08 -0.5773502
vn 7.221515E-07 -6.882551E-08 -0.5773502
vn 5.63829E-07 0.408193 -0.4083036
vn 5.638291E-07 0.408193 -0.4083036
vn 5.638291E-07 0.408193 -0.4083036
vn 5.638409E-07 0.4082014 -0.4082952
vn 0 0.4081987 -0.4082978
vn 0 0.4081988 -0.4082977
vn 5.639024E-07 -0.408246 -0.4082505
vn 5.639038E-07 -0.4082472 -0.4082493
vn 5.639038E-07 -0.4082472 -0.4082493
vn 5.639024E-07 -0.408246 -0.4082505
vn 0 -0.4082433 -0.4082532
vn 0 -0.4082433 -0.4082533
vn 0.4082305 -4.866911E-08 -0.408266
vn 0.4082305 -4.866911E-08 -0.408266
vn 0.4082305 -4.866911E-08 -0.408266
vn 0.4082334 -4.866877E-08 -0.4082632
vn 0.5773503 0 0
vn 0.5773503 0 0
vn 0.5773503 0 0
vn 0.5773503 0 0
vn 0.5773503 4.981727E-14 4.178976E-07
vn 0.5773503 0 0
vn 1.134348E-07 -6.882551E-08 -0.5773502
vn 0 -6.882551E-08 -0.5773502
vn 0 -6.882551E-08 -0.5773502
vn 1.134415E-07 -6.882551E-08 -0.5773502
vn 2.187072E-07 -6.882551E-08 -0.5773502
vn 2.187072E-07 -6.882551E-08 -0.5773502
vn 2.187072E-07 -6.882551E-08 -0.5773502
vn 2.187133E-07 -6.882551E-08 -0.5773502
vn 2.217401E-07 -6.882551E-08 -0.5773502
vn 2.217427E-07 -6.882551E-08 -0.5773502
vn 2.217426E-07 -6.882551E-08 -0.5773502
vn 2.217426E-07 -6.882551E-08 -0.5773502
vn -3.608577E-06 0.4082066 -0.4082899
vn 1.0891E-07 0.4082012 -0.4082953
vn 0 0.4081931 -0.4083035
vn 0 0.4081959 -0.4083007
vn -3.608576E-06 0.4082066 -0.4082899
vn -3.608576E-06 0.4082066 -0.4082899
vn 0 0.4081983 -0.4082982
vn 0 0.4082045 -0.4082921
vn 1.731033E-07 0.4082013 -0.4082952
vn 0 -0.4082501 -0.4082464
vn 0 -0.4082466 -0.4082499
vn 0 -0.4082466 -0.4082499
vn 0 -0.4082501 -0.4082464
vn 0 -0.4082501 -0.4082464
vn 1.139715E-05 -0.40825 -0.4082465
vn 0 -0.4082476 -0.4082489
vn 0 -0.4082476 -0.4082489
vn 1.731224E-07 -0.4082465 -0.4082499
vn 8.65612E-08 -0.4082465 -0.40825
vn 0 -0.408247 -0.4082495
vn -2.116972E-06 -0.4082471 -0.4082495
vn 2.116741E-06 0.4082026 -0.408294
vn 1.746499E-06 0.4082016 -0.4082949
vn 8.655163E-08 0.4082012 -0.4082954
vn -1.746469E-06 0.4081929 -0.4083037
vn -2.116686E-06 0.4081919 -0.4083046
vn -0.5773503 0 0
vn -0.5773503 0 0
vn -0.5773503 0 0
vn -0.5773503 0 0
vn -0.5773503 0 0
vn -0.5773503 0 0
vn -0.4082698 -0.4082268 4.866443E-08
vn -0.4082688 -0.4082277 4.866454E-08
vn -0.4082666 -0.4082299 4.866481E-08
vn -0.4082707 -0.4082258 4.866431E-08
vn -0.408278 -0.4082185 4.866344E-08
vn -0.4082786 -0.4082179 4.866337E-08
vn -0.4082679 -4.866465E-08 -0.4082287
vn -0.4082677 -4.866467E-08 -0.4082288
vn -0.408269 -4.866452E-08 -0.4082275
vn -0.4082692 -4.86645E-08 -0.4082274
vn -0.40832 0.4081766 -1.035763E-06
vn -0.4083216 0.408175 -1.239567E-07
vn -0.4083218 0.4081748 -4.865823E-08
vn -0.4083198 0.4081768 -8.973773E-07
vn -0.4083226 0.4081739 3.737911E-06
vn -0.4083226 0.408174 4.615966E-06
vn 0.5773503 2.135309E-14 1.791227E-07
vn 0.5773503 0 0
vn 0.5773503 0 0
vn 0.5773503 2.177059E-14 1.82625E-07
vn 0.5773503 4.102871E-14 3.441737E-07
vn 0.5773503 4.164332E-14 3.493294E-07
vn 0.5773503 0 0
vn 0.5773503 0 0
vt 1.496382 -0.02386415
vt 1.496382 -0.02766323
vt 1.500181 -0.02386415
vt 1.496382 -0.02386415
vt 1.500181 -0.02386415
vt 1.500181 -2.387166E-05
vt -0.2704427 -0.1559003
vt -0.2744039 -0.1598613
vt -0.2704427 -0.1598613
vt -0.2704427 -0.1598613
vt -0.2744039 -0.1598613
vt -0.2744039 -0.1886155
vt -0.2704427 -0.1598613
vt -0.2744039 -0.1886155
vt -0.2704427 -0.1886155
vt -0.2704427 -0.1925765
vt -0.2704427 -0.1886155
vt -0.2744039 -0.1886155
vt 1.496383 -0.02386442
vt 1.500181 -0.02386442
vt 1.496383 -0.02766347
vt 0.4756372 -0.188621
vt 0.4795998 -0.188621
vt 0.4795998 -0.1598558
vt 0.4795998 -0.1925835
vt 0.4795998 -0.188621
vt 0.4756372 -0.188621
vt 0.4756372 -0.188621
vt 0.4795998 -0.1598558
vt 0.4756372 -0.1598558
vt 0.4795998 -0.1558933
vt 0.4756372 -0.1598558
vt 0.4795998 -0.1598558
vt 1.517817 -0.1925835
vt 1.521779 -0.188621
vt 1.517817 -0.188621
vt 1.517817 -0.1558933
vt 1.517817 -0.1598558
vt 1.521779 -0.1598558
vt 0.2636749 0.6532924
vt 0.2560786 0.6532924
vt 0.2598768 0.6456958
vt 0.2560786 0.6532924
vt 0.2560786 0.6494941
vt 0.2598768 0.6456958
vt 0.2598765 -0.02378497
vt 0.2636749 -0.02758321
vt 0.2636749 -0.02378497
vt 0.2598766 0.6456962
vt 0.2636747 0.6456962
vt 0.2636747 -0.02378547
vt 0.2598766 0.6456962
vt 0.2636747 -0.02378547
vt 0.2598763 -0.02378547
vt 0.2636747 -0.02378547
vt 0.2636747 -0.02758375
vt 0.2598763 -0.02378547
vt -0.2708182 -0.1558882
vt -0.2708182 -0.1598507
vt -0.2747815 -0.1598508
vt -0.2747815 -0.1598508
vt -0.2708182 -0.1598507
vt -0.2708182 -0.188626
vt -0.2747815 -0.1598508
vt -0.2708182 -0.188626
vt -0.2747807 -0.1886259
vt -0.2708182 -0.188626
vt -0.2708182 -0.1925892
vt -0.2747807 -0.1886259
vt 0.5179286 -0.1598508
vt 0.5179287 -0.1558877
vt 0.5218913 -0.1598509
vt 0.521892 -0.188626
vt 0.5179286 -0.1598508
vt 0.5218913 -0.1598509
vt 0.521892 -0.188626
vt 0.5179287 -0.1886261
vt 0.5179286 -0.1598508
vt 0.5179284 -0.1925883
vt 0.5179287 -0.1886261
vt 0.521892 -0.188626
vt 0.2772747 -0.1886238
vt 0.2733113 -0.1886238
vt 0.2733113 -0.159853
vt 0.2772747 -0.1886238
vt 0.2733113 -0.159853
vt 0.2772747 -0.159853
vt -0.514813 -0.1558897
vt -0.514813 -0.159853
vt -0.5187762 -0.159853
vt -0.514813 -0.1925871
vt -0.5187762 -0.1886238
vt -0.514813 -0.1886238
vt 0.503032 -0.02453789
vt 0.503032 -0.02834374
vt 0.506838 -0.02453789
vt -0.270815 -0.1558869
vt -0.2747791 -0.1598508
vt -0.270815 -0.1598508
vt -0.270815 -0.1598508
vt -0.2747791 -0.1598508
vt -0.2747791 -0.188626
vt -0.270815 -0.1598508
vt -0.2747791 -0.188626
vt -0.270815 -0.188626
vt -0.270815 -0.1925898
vt -0.270815 -0.188626
vt -0.2747791 -0.188626
vt 0.5179263 -0.1558869
vt 0.5179263 -0.1598508
vt 0.5218904 -0.1598508
vt 0.5179263 -0.1925898
vt 0.5218904 -0.188626
vt 0.5179263 -0.188626
vt 0.5030321 -0.02453819
vt 0.5068381 -0.02453819
vt 0.5030321 -0.02834406
vt 0.5092427 -0.192597
vt 0.5132084 -0.1886316
vt 0.5092427 -0.1886316
vt 0.5092427 -0.1558798
vt 0.5092427 -0.1598452
vt 0.5132084 -0.1598452
vt -0.536352 -0.159871
vt -0.536352 -0.1559127
vt -0.5403104 -0.159871
vt -0.536352 -0.1925641
vt -0.536352 -0.1886058
vt -0.5403104 -0.1886058
vt 0.5267749 -0.1880129
vt 0.501547 -0.1880129
vt 0.501547 -0.1604639
vt 0.5267749 -0.1604639
vt 1.471721 -0.1880129
vt 1.471721 -0.1604639
vt 1.495867 -0.1880129
vt 1.495867 -0.1604639
vt 1.495867 -0.1604639
vt 1.499662 -0.1880129
vt 1.495867 -0.1880129
vt 1.499662 -0.1604639
vt 0.276867 -0.1880128
vt 0.2634836 -0.1880128
vt 0.2634836 -0.160464
vt 0.276867 -0.160464
vt 1.226459 -0.1880128
vt 1.226459 -0.160464
vt 1.265285 -0.1880127
vt 1.265285 -0.1604644
vt 0.2596884 -0.160464
vt 0.2634836 -0.160464
vt 0.2634836 -0.1880128
vt 0.2596884 -0.1880128
vt 0.5262817 -0.02386379
vt 1.472211 -0.02766323
vt 1.472211 -0.02386415
vt 0.5262817 -0.02766287
vt 0.5010275 -0.02386379
vt 0.5010275 -0.02766287
vt 1.472211 -0.02386415
vt 1.472211 -0.02766323
vt 1.496382 -0.02766323
vt 1.496382 -0.02386415
vt 1.496382 -2.387166E-05
vt 1.472211 -0.02386415
vt 1.496382 -0.02386415
vt 1.472211 -2.387166E-05
vt 1.496382 0.6960877
vt 0.5262817 -0.02386379
vt 1.472211 0.6960877
vt 1.496382 0.7320514
vt 1.472211 0.7320514
vt 0.5262817 -2.351403E-05
vt 0.5010275 -0.02386379
vt 0.5010275 -2.351403E-05
vt 0.5262818 0.696088
vt 0.5262818 0.7320518
vt 0.5010278 0.696088
vt 0.5010278 0.7320518
vt 1.496382 -0.02386415
vt 1.500181 -2.387166E-05
vt 1.496382 -2.387166E-05
vt 1.500181 0.6960877
vt 1.496382 0.6960877
vt 1.500181 0.7320514
vt 1.496382 0.7320514
vt -0.2455853 -0.1886155
vt -0.2704427 -0.1598613
vt -0.2704427 -0.1886155
vt -0.2455853 -0.1598613
vt 0.4802249 -0.1886155
vt 0.4802249 -0.1598613
vt 0.5177229 -0.1886155
vt 0.5177229 -0.1598613
vt -0.2455853 -0.1598613
vt -0.2704427 -0.1559003
vt -0.2704427 -0.1598613
vt -0.2455853 -0.1559003
vt -0.2704427 -0.1886155
vt -0.2704427 -0.1925765
vt -0.2455853 -0.1925765
vt -0.2455853 -0.1886155
vt 0.4802249 -0.1925765
vt 0.4802249 -0.1886155
vt 0.5177229 -0.1925765
vt 0.5177229 -0.1886155
vt 0.4802249 -0.1598613
vt -0.2455853 -0.1559003
vt -0.2455853 -0.1598613
vt 0.4802249 -0.1559003
vt 0.5177229 -0.1598613
vt 0.5177229 -0.1559003
vt 1.496383 0.696088
vt 1.472212 0.7320516
vt 1.496383 0.7320516
vt 1.472212 0.696088
vt 1.496383 -2.413988E-05
vt 0.5262815 0.732052
vt 1.472212 -2.413988E-05
vt 1.496383 -0.02386442
vt 1.472212 -0.02386442
vt 0.5262815 0.6960883
vt 0.5010275 0.732052
vt 0.5010275 0.6960883
vt 0.5262814 -2.378225E-05
vt 0.5262814 -0.02386406
vt 0.5010271 -2.378225E-05
vt 0.5010271 -0.02386406
vt 1.496383 0.7320516
vt 1.500181 0.7320516
vt 1.500181 0.696088
vt 1.496383 0.696088
vt 1.500181 -2.413988E-05
vt 1.496383 -2.413988E-05
vt 1.500181 -0.02386442
vt 1.496383 -0.02386442
vt 0.5262814 -0.02386406
vt 0.5010271 -0.02766311
vt 0.5010271 -0.02386406
vt 0.5262814 -0.02766311
vt 1.472212 -0.02386442
vt 1.472212 -0.02766347
vt 1.496383 -0.02386442
vt 1.496383 -0.02766347
vt 0.5059414 -0.1598558
vt 0.4795998 -0.1598558
vt 0.4795998 -0.188621
vt 0.5059414 -0.188621
vt 1.492605 -0.1598558
vt 1.492605 -0.188621
vt 1.517817 -0.1598558
vt 1.517817 -0.188621
vt 0.5059414 -0.1598558
vt 0.4795998 -0.1558933
vt 0.4795998 -0.1598558
vt 0.5059414 -0.1558933
vt 1.492605 -0.1598558
vt 1.492605 -0.1558933
vt 1.517817 -0.1598558
vt 1.517817 -0.1558933
vt 0.5059414 -0.1925835
vt 0.4795998 -0.188621
vt 0.4795998 -0.1925835
vt 0.5059414 -0.188621
vt 1.492605 -0.1925835
vt 1.492605 -0.188621
vt 1.517817 -0.1925835
vt 1.517817 -0.188621
vt 1.517817 -0.188621
vt 1.521779 -0.188621
vt 1.521779 -0.1598558
vt 1.517817 -0.1598558
vt 0.2598768 0.6456958
vt 0.2636749 0.6456958
vt 0.2636749 0.6532924
vt 0.2598765 -0.02378497
vt 0.2636749 -0.02378497
vt 0.2636749 -0.02378497
vt 0.2636749 -0.02758321
vt 0.2770694 -0.02758321
vt 0.2770694 -0.02378497
vt 0.2770694 -0.02378497
vt 0.2770694 -0.02758321
vt 1.227456 -0.02758357
vt 1.227456 -0.02378532
vt 1.266315 -0.02758325
vt 1.266315 -0.02378532
vt 1.266315 0.6456954
vt 1.227456 -0.02378532
vt 1.266315 -0.02378532
vt 1.227457 0.6456954
vt 0.2770694 -0.02378497
vt 1.227457 0.6532919
vt 1.266315 0.6532921
vt 1.266316 0.7143366
vt 0.2770697 0.6456958
vt 0.2636749 -0.02378497
vt 0.2636749 0.6456958
vt 0.2636749 0.6532924
vt 0.2770697 0.6532924
vt 1.227457 0.7143365
vt 1.266315 0.7319717
vt 1.227457 0.7319717
vt 0.2770697 0.714337
vt 0.2770697 0.7319721
vt 0.2636749 0.7143371
vt 0.2560786 0.6532924
vt 0.2636749 0.7319721
vt 0.2560786 0.7143371
vt -0.4992012 0.6532924
vt 0.2560786 0.7319721
vt -0.4992012 0.7143371
vt -0.4992012 0.7319721
vt 0.4146853 -0.188002
vt 0.4146853 -0.1604748
vt -0.253712 -0.1604748
vt -0.253712 -0.188002
vt 0.2770693 -0.02378547
vt 0.2636747 -0.02378547
vt 0.2636747 0.6456962
vt 0.2770696 0.6456962
vt 1.227457 -0.02378583
vt 1.227458 0.6456959
vt 1.266316 -0.02378583
vt 1.266317 0.6456957
vt 1.266317 0.6532925
vt 1.227458 0.6532924
vt 0.2770696 0.6532928
vt 1.227458 0.714337
vt 1.266317 0.7143372
vt 1.227458 0.7319722
vt 1.266316 0.7319717
vt 0.2770696 0.7319727
vt 0.2770696 0.7143375
vt 0.2636747 0.7319727
vt 0.2636747 0.7143376
vt 0.2560784 0.7319727
vt 0.2636747 0.6532928
vt 0.2560784 0.6532928
vt 0.2560784 0.7143376
vt -0.4992024 0.7319727
vt -0.4992024 0.7143376
vt -0.4992024 0.6532928
vt 0.2636747 0.6456962
vt 0.2598766 0.6456962
vt 0.2560784 0.6532928
vt 0.2560784 0.6494945
vt 0.2770693 -0.02378547
vt 0.2636747 -0.02758375
vt 0.2636747 -0.02378547
vt 0.2770693 -0.02758375
vt 1.227457 -0.02378583
vt 1.227457 -0.02758411
vt 1.266316 -0.02378583
vt 1.266316 -0.02758279
vt 0.4278864 -0.1886261
vt -0.2708182 -0.188626
vt -0.2708182 -0.1598507
vt 0.4278864 -0.1598507
vt 0.4358145 -0.1886261
vt 0.4358144 -0.1598507
vt 0.4995237 -0.1886261
vt 0.4995237 -0.1598507
vt 0.5179287 -0.1886261
vt 0.5179286 -0.1598508
vt 0.4278864 -0.155887
vt -0.2708182 -0.1598507
vt -0.2708182 -0.1558882
vt 0.4278864 -0.1598507
vt 0.4358144 -0.1558871
vt 0.4358144 -0.1598507
vt 0.4995247 -0.1558871
vt 0.4995237 -0.1598507
vt 0.5179287 -0.1558877
vt 0.5179286 -0.1598508
vt -0.2708182 -0.1925892
vt -0.2708182 -0.188626
vt 0.4278864 -0.1886261
vt 0.4278866 -0.1925896
vt 0.4358145 -0.1886261
vt 0.4358146 -0.1925897
vt 0.4995237 -0.1886261
vt 0.4995234 -0.1925894
vt 0.5179287 -0.1886261
vt 0.5179284 -0.1925883
vt 0.4954747 -0.1880377
vt 0.2034159 -0.1880377
vt 0.2034159 -0.1604391
vt 0.4954747 -0.1604391
vt 0.50288 -0.1880377
vt 0.50288 -0.1604391
vt 0.50288 -0.1604391
vt 0.506682 -0.1880377
vt 0.50288 -0.1880377
vt 0.506682 -0.1604391
vt 0.2733113 -0.1886238
vt -0.514813 -0.1886238
vt -0.514813 -0.159853
vt 0.2733113 -0.159853
vt -0.514813 -0.1886238
vt -0.5187762 -0.159853
vt -0.514813 -0.159853
vt -0.5187762 -0.1886238
vt -0.514813 -0.1925871
vt -0.514813 -0.1886238
vt 0.2733113 -0.1886238
vt 0.2733113 -0.1925871
vt -0.514813 -0.159853
vt -0.514813 -0.1558897
vt 0.2733113 -0.1558897
vt 0.2733113 -0.159853
vt 0.4956191 -0.02453789
vt 0.503032 -0.02834374
vt 0.503032 -0.02453789
vt 0.4956191 -0.02834374
vt 0.2032599 -0.02453753
vt 0.2032599 -0.02834338
vt 0.5030324 0.7064914
vt 0.4956191 -0.02453789
vt 0.503032 -0.02453789
vt 0.4956196 0.7064914
vt 0.5030324 0.7327319
vt 0.2032599 -0.02453753
vt 0.4956196 0.7327319
vt 0.2032604 0.7064917
vt 0.2032604 0.7327323
vt 0.5030324 0.7064914
vt 0.5068385 0.7327319
vt 0.5030324 0.7327319
vt 0.5068385 0.7064914
vt 0.503032 -0.02453789
vt 0.506838 -0.02453789
vt 0.4905953 -0.188626
vt -0.270815 -0.1598508
vt -0.270815 -0.188626
vt 0.4905953 -0.1598508
vt 0.5179263 -0.188626
vt 0.5179263 -0.1598508
vt 0.4905953 -0.1598508
vt -0.270815 -0.1558869
vt -0.270815 -0.1598508
vt 0.4905953 -0.1558869
vt 0.5179263 -0.1598508
vt 0.5179263 -0.1558869
vt 0.5179263 -0.188626
vt 0.5218904 -0.1598508
vt 0.5179263 -0.1598508
vt 0.5218904 -0.188626
vt 0.4905953 -0.188626
vt 0.5179263 -0.1925898
vt 0.5179263 -0.188626
vt 0.4905953 -0.1925898
vt -0.270815 -0.188626
vt -0.270815 -0.1925898
vt 0.5030326 0.7064916
vt 0.4956197 0.7327322
vt 0.5030326 0.7327322
vt 0.4956197 0.7064916
vt 0.5030321 -0.02453819
vt 0.2032603 0.7327327
vt 0.4956192 -0.02453819
vt 0.2032603 0.7064921
vt 0.2032598 -0.02453783
vt 0.5030326 0.7064916
vt 0.5068381 -0.02453819
vt 0.5030321 -0.02453819
vt 0.5068386 0.7064916
vt 0.5030326 0.7327322
vt 0.5068386 0.7064916
vt 0.5030326 0.7064916
vt 0.5068386 0.7327322
vt 0.5030321 -0.02453819
vt 0.5030321 -0.02834406
vt 0.4956192 -0.02834406
vt 0.4956192 -0.02453819
vt 0.2032598 -0.02834371
vt 0.2032598 -0.02453783
vt 0.5015186 -0.1598452
vt 0.1968905 -0.1598452
vt 0.1968905 -0.1886316
vt 0.5015186 -0.1886316
vt 0.5092427 -0.1598452
vt 0.5092427 -0.1886316
vt 0.5015186 -0.1598452
vt 0.1968905 -0.1558798
vt 0.1968905 -0.1598452
vt 0.5015186 -0.1558798
vt 0.5092427 -0.1598452
vt 0.5092427 -0.1558798
vt 0.5015186 -0.192597
vt 0.1968905 -0.1886316
vt 0.1968905 -0.192597
vt 0.5015186 -0.1886316
vt 0.5092427 -0.192597
vt 0.5092427 -0.1886316
vt 0.5092427 -0.1886316
vt 0.5132084 -0.1886316
vt 0.5132084 -0.1598452
vt 0.5092427 -0.1598452
vt 0.4746769 -0.188002
vt -0.2537122 -0.188002
vt -0.2537122 -0.1604748
vt 0.4746769 -0.1604748
vt 0.5008227 -0.188002
vt 0.5008227 -0.1604748
vt 0.2507848 -0.159871
vt -0.536352 -0.159871
vt -0.536352 -0.1886058
vt 0.2507848 -0.1886058
vt 0.2587015 -0.159871
vt 0.2587015 -0.1886058
vt 0.2726614 -0.159871
vt 0.2726614 -0.1886058
vt 1.263135 -0.159871
vt 1.263135 -0.1886058
vt 1.303632 -0.1598711
vt 1.303632 -0.1886056
vt 0.2507848 -0.159871
vt -0.536352 -0.1559127
vt -0.536352 -0.159871
vt 0.2507848 -0.1559127
vt 0.2587015 -0.1559127
vt 0.2587015 -0.159871
vt 0.2726614 -0.159871
vt 0.2726614 -0.1559127
vt 1.263135 -0.159871
vt 0.2507848 -0.1925641
vt -0.536352 -0.1886058
vt -0.536352 -0.1925641
vt 0.2507848 -0.1886058
vt 0.2587015 -0.1886058
vt 0.2587015 -0.1925641
vt 0.2726614 -0.1925641
vt 0.2726614 -0.1886058
vt 1.263135 -0.1925641
vt 1.263135 -0.1886058
vt 1.303632 -0.1925637
vt 1.303632 -0.1886056
vt 1.263135 -0.159871
vt 1.263135 -0.1559127
vt 0.2726614 -0.1559127
vt 1.303632 -0.1598711
vt 1.303632 -0.1559141
vt 0.4832209 -0.188002
vt 0.4222749 -0.1604747
vt 0.4222749 -0.188002
vt 0.4832209 -0.1604747
vt 0.5008274 -0.188002
vt 0.5008274 -0.1604747
vt 1.498065 0.7178534
vt 1.502573 0.7387893
vt 1.498065 0.7387893
vt 1.502573 0.7178534
vt 1.498065 0.6453829
vt 1.502573 0.6453829
vt 1.498064 -0.1906067
vt 1.502574 -0.1906067
vt 1.502574 -0.1578701
vt 1.498064 -0.1578701
vt 1.498064 0.7178583
vt 1.502574 0.6453739
vt 1.498064 0.6453739
vt 1.502574 0.7178583
vt 1.498064 0.7387982
vt 1.502574 0.7387982
vt -0.2299156 -0.188002
vt -0.2537123 -0.188002
vt -0.2537123 -0.1604748
vt -0.2299156 -0.1604748
vt 0.4649248 -0.188002
vt 0.4649248 -0.1604748
vt 0.5008228 -0.188002
vt 0.5008228 -0.1604748
usemtl LightWhite
f 576/576/576 575/575/575 574/574/574
f 579/579/579 578/578/578 577/577/577
f 582/582/582 581/581/581 580/580/580
f 585/585/585 584/584/584 583/583/583
f 588/588/588 587/587/587 586/586/586
f 591/591/591 590/590/590 589/589/589
f 594/594/594 593/593/593 592/592/592
f 597/597/597 596/596/596 595/595/595
f 600/600/600 599/599/599 598/598/598
f 603/603/603 602/602/602 601/601/601
f 606/606/606 605/605/605 604/604/604
f 609/609/609 608/608/608 607/607/607
f 612/612/612 611/611/611 610/610/610
f 615/615/615 614/614/614 613/613/613
f 618/618/618 617/617/617 616/616/616
f 621/621/621 620/620/620 619/619/619
f 624/624/624 623/623/623 622/622/622
f 627/627/627 626/626/626 625/625/625
f 630/630/630 629/629/629 628/628/628
f 633/633/633 632/632/632 631/631/631
f 636/636/636 635/635/635 634/634/634
f 639/639/639 638/638/638 637/637/637
f 642/642/642 641/641/641 640/640/640
f 645/645/645 644/644/644 643/643/643
f 648/648/648 647/647/647 646/646/646
f 651/651/651 650/650/650 649/649/649
f 654/654/654 653/653/653 652/652/652
f 657/657/657 656/656/656 655/655/655
f 660/660/660 659/659/659 658/658/658
f 663/663/663 662/662/662 661/661/661
f 666/666/666 665/665/665 664/664/664
f 669/669/669 668/668/668 667/667/667
f 672/672/672 671/671/671 670/670/670
f 675/675/675 674/674/674 673/673/673
f 678/678/678 677/677/677 676/676/676
f 681/681/681 680/680/680 679/679/679
f 684/684/684 683/683/683 682/682/682
f 687/687/687 686/686/686 685/685/685
f 690/690/690 689/689/689 688/688/688
f 693/693/693 692/692/692 691/691/691
f 696/696/696 695/695/695 694/694/694
f 699/699/699 698/698/698 697/697/697
f 702/702/702 701/701/701 700/700/700
f 705/705/705 704/704/704 703/703/703
f 706/706/706 705/705/705 703/703/703
f 706/706/706 703/703/703 707/707/707
f 708/708/708 706/706/706 707/707/707
f 708/708/708 707/707/707 709/709/709
f 710/710/710 708/708/708 709/709/709
f 713/713/713 712/712/712 711/711/711
f 712/712/712 714/714/714 711/711/711
f 717/717/717 716/716/716 715/715/715
f 718/718/718 717/717/717 715/715/715
f 718/718/718 715/715/715 719/719/719
f 720/720/720 718/718/718 719/719/719
f 720/720/720 719/719/719 721/721/721
f 722/722/722 720/720/720 721/721/721
f 725/725/725 724/724/724 723/723/723
f 726/726/726 725/725/725 723/723/723
f 729/729/729 728/728/728 727/727/727
f 728/728/728 730/730/730 727/727/727
f 727/727/727 730/730/730 731/731/731
f 730/730/730 732/732/732 731/731/731
f 735/735/735 734/734/734 733/733/733
f 736/736/736 735/735/735 733/733/733
f 739/739/739 738/738/738 737/737/737
f 738/738/738 740/740/740 737/737/737
f 737/737/737 740/740/740 741/741/741
f 738/738/738 742/742/742 740/740/740
f 740/740/740 743/743/743 741/741/741
f 741/741/741 743/743/743 744/744/744
f 743/743/743 745/745/745 744/744/744
f 742/742/742 746/746/746 740/740/740
f 740/740/740 746/746/746 743/743/743
f 742/742/742 747/747/747 746/746/746
f 747/747/747 748/748/748 746/746/746
f 743/743/743 749/749/749 745/745/745
f 746/746/746 749/749/749 743/743/743
f 746/746/746 748/748/748 749/749/749
f 749/749/749 750/750/750 745/745/745
f 748/748/748 751/751/751 749/749/749
f 749/749/749 751/751/751 750/750/750
f 751/751/751 752/752/752 750/750/750
f 755/755/755 754/754/754 753/753/753
f 756/756/756 754/754/754 755/755/755
f 757/757/757 756/756/756 755/755/755
f 758/758/758 756/756/756 757/757/757
f 759/759/759 758/758/758 757/757/757
f 762/762/762 761/761/761 760/760/760
f 761/761/761 763/763/763 760/760/760
f 760/760/760 763/763/763 764/764/764
f 763/763/763 765/765/765 764/764/764
f 764/764/764 765/765/765 766/766/766
f 765/765/765 767/767/767 766/766/766
f 770/770/770 769/769/769 768/768/768
f 769/769/769 771/771/771 768/768/768
f 774/774/774 773/773/773 772/772/772
f 775/775/775 774/774/774 772/772/772
f 776/776/776 774/774/774 775/775/775
f 777/777/777 776/776/776 775/775/775
f 778/778/778 776/776/776 777/777/777
f 779/779/779 778/778/778 777/777/777
f 782/782/782 781/781/781 780/780/780
f 781/781/781 783/783/783 780/780/780
f 780/780/780 783/783/783 784/784/784
f 783/783/783 785/785/785 784/784/784
f 788/788/788 787/787/787 786/786/786
f 787/787/787 789/789/789 786/786/786
f 786/786/786 789/789/789 790/790/790
f 787/787/787 791/791/791 789/789/789
f 789/789/789 792/792/792 790/790/790
f 790/790/790 792/792/792 793/793/793
f 792/792/792 794/794/794 793/793/793
f 791/791/791 795/795/795 789/789/789
f 789/789/789 795/795/795 792/792/792
f 791/791/791 796/796/796 795/795/795
f 796/796/796 797/797/797 795/795/795
f 792/792/792 798/798/798 794/794/794
f 795/795/795 798/798/798 792/792/792
f 795/795/795 797/797/797 798/798/798
f 798/798/798 799/799/799 794/794/794
f 797/797/797 800/800/800 798/798/798
f 798/798/798 800/800/800 799/799/799
f 800/800/800 801/801/801 799/799/799
f 804/804/804 803/803/803 802/802/802
f 805/805/805 804/804/804 802/802/802
f 806/806/806 804/804/804 805/805/805
f 807/807/807 806/806/806 805/805/805
f 808/808/808 806/806/806 807/807/807
f 809/809/809 808/808/808 807/807/807
f 812/812/812 811/811/811 810/810/810
f 811/811/811 813/813/813 810/810/810
f 810/810/810 813/813/813 814/814/814
f 813/813/813 815/815/815 814/814/814
f 814/814/814 815/815/815 816/816/816
f 815/815/815 817/817/817 816/816/816
f 820/820/820 819/819/819 818/818/818
f 821/821/821 820/820/820 818/818/818
f 821/821/821 818/818/818 822/822/822
f 823/823/823 821/821/821 822/822/822
f 823/823/823 822/822/822 824/824/824
f 825/825/825 823/823/823 824/824/824
f 828/828/828 827/827/827 826/826/826
f 827/827/827 829/829/829 826/826/826
f 826/826/826 829/829/829 830/830/830
f 829/829/829 831/831/831 830/830/830
f 830/830/830 831/831/831 832/832/832
f 831/831/831 833/833/833 832/832/832
f 836/836/836 835/835/835 834/834/834
f 835/835/835 837/837/837 834/834/834
f 834/834/834 837/837/837 838/838/838
f 837/837/837 839/839/839 838/838/838
f 838/838/838 839/839/839 840/840/840
f 839/839/839 841/841/841 840/840/840
f 844/844/844 843/843/843 842/842/842
f 845/845/845 844/844/844 842/842/842
f 848/848/848 847/847/847 846/846/846
f 846/846/846 847/847/847 849/849/849
f 847/847/847 850/850/850 849/849/849
f 853/853/853 852/852/852 851/851/851
f 854/854/854 853/853/853 851/851/851
f 857/857/857 856/856/856 855/855/855
f 858/858/858 857/857/857 855/855/855
f 859/859/859 857/857/857 858/858/858
f 860/860/860 859/859/859 858/858/858
f 863/863/863 862/862/862 861/861/861
f 862/862/862 864/864/864 861/861/861
f 862/862/862 865/865/865 864/864/864
f 864/864/864 866/866/866 861/861/861
f 866/866/866 867/867/867 861/861/861
f 867/867/867 866/866/866 868/868/868
f 865/865/865 869/869/869 864/864/864
f 865/865/865 870/870/870 869/869/869
f 870/870/870 871/871/871 869/869/869
f 871/871/871 872/872/872 869/869/869
f 869/869/869 873/873/873 864/864/864
f 873/873/873 866/866/866 864/864/864
f 872/872/872 873/873/873 869/869/869
f 866/866/866 874/874/874 868/868/868
f 866/866/866 873/873/873 874/874/874
f 868/868/868 874/874/874 875/875/875
f 874/874/874 876/876/876 875/875/875
f 873/873/873 877/877/877 874/874/874
f 874/874/874 877/877/877 876/876/876
f 873/873/873 872/872/872 877/877/877
f 877/877/877 878/878/878 876/876/876
f 872/872/872 879/879/879 877/877/877
f 877/877/877 879/879/879 878/878/878
f 879/879/879 872/872/872 880/880/880
f 879/879/879 881/881/881 878/878/878
f 882/882/882 879/879/879 880/880/880
f 881/881/881 879/879/879 882/882/882
f 880/880/880 883/883/883 882/882/882
f 884/884/884 881/881/881 882/882/882
f 883/883/883 885/885/885 882/882/882
f 882/882/882 885/885/885 884/884/884
f 885/885/885 886/886/886 884/884/884
f 889/889/889 888/888/888 887/887/887
f 890/890/890 889/889/889 887/887/887
f 893/893/893 892/892/892 891/891/891
f 894/894/894 893/893/893 891/891/891
f 894/894/894 891/891/891 895/895/895
f 896/896/896 894/894/894 895/895/895
f 896/896/896 895/895/895 897/897/897
f 898/898/898 896/896/896 897/897/897
f 896/896/896 898/898/898 899/899/899
f 894/894/894 896/896/896 900/900/900
f 900/900/900 896/896/896 899/899/899
f 893/893/893 894/894/894 901/901/901
f 901/901/901 894/894/894 900/900/900
f 902/902/902 900/900/900 899/899/899
f 903/903/903 902/902/902 899/899/899
f 904/904/904 902/902/902 903/903/903
f 905/905/905 904/904/904 903/903/903
f 904/904/904 906/906/906 902/902/902
f 902/902/902 907/907/907 900/900/900
f 906/906/906 907/907/907 902/902/902
f 907/907/907 901/901/901 900/900/900
f 906/906/906 908/908/908 907/907/907
f 908/908/908 909/909/909 907/907/907
f 907/907/907 909/909/909 901/901/901
f 909/909/909 908/908/908 910/910/910
f 911/911/911 893/893/893 901/901/901
f 909/909/909 911/911/911 901/901/901
f 893/893/893 911/911/911 912/912/912
f 913/913/913 909/909/909 910/910/910
f 911/911/911 909/909/909 913/913/913
f 912/912/912 911/911/911 913/913/913
f 910/910/910 914/914/914 913/913/913
f 914/914/914 915/915/915 913/913/913
f 913/913/913 915/915/915 912/912/912
f 915/915/915 916/916/916 912/912/912
f 919/919/919 918/918/918 917/917/917
f 919/919/919 920/920/920 918/918/918
f 923/923/923 922/922/922 921/921/921
f 922/922/922 924/924/924 921/921/921
f 921/921/921 924/924/924 925/925/925
f 924/924/924 926/926/926 925/925/925
f 925/925/925 926/926/926 927/927/927
f 926/926/926 928/928/928 927/927/927
f 931/931/931 930/930/930 929/929/929
f 932/932/932 931/931/931 929/929/929
f 929/929/929 933/933/933 932/932/932
f 933/933/933 934/934/934 932/932/932
f 934/934/934 933/933/933 935/935/935
f 936/936/936 934/934/934 935/935/935
f 936/936/936 935/935/935 937/937/937
f 938/938/938 936/936/936 937/937/937
f 941/941/941 940/940/940 939/939/939
f 940/940/940 942/942/942 939/939/939
f 943/943/943 939/939/939 942/942/942
f 944/944/944 943/943/943 942/942/942
f 943/943/943 944/944/944 945/945/945
f 944/944/944 946/946/946 945/945/945
f 945/945/945 946/946/946 947/947/947
f 946/946/946 948/948/948 947/947/947
f 951/951/951 950/950/950 949/949/949
f 952/952/952 951/951/951 949/949/949
f 951/951/951 952/952/952 953/953/953
f 952/952/952 954/954/954 953/953/953
f 955/955/955 953/953/953 954/954/954
f 956/956/956 955/955/955 954/954/954
f 957/957/957 955/955/955 956/956/956
f 958/958/958 957/957/957 956/956/956
f 961/961/961 960/960/960 959/959/959
f 962/962/962 961/961/961 959/959/959
f 962/962/962 959/959/959 963/963/963
f 964/964/964 962/962/962 963/963/963
f 967/967/967 966/966/966 965/965/965
f 966/966/966 968/968/968 965/965/965
f 971/971/971 970/970/970 969/969/969
f 972/972/972 971/971/971 969/969/969
f 975/975/975 974/974/974 973/973/973
f 974/974/974 976/976/976 973/973/973
f 979/979/979 978/978/978 977/977/977
f 980/980/980 979/979/979 977/977/977
f 983/983/983 982/982/982 981/981/981
f 984/984/984 983/983/983 981/981/981
f 987/987/987 986/986/986 985/985/985
f 986/986/986 988/988/988 985/985/985
f 985/985/985 988/988/988 989/989/989
f 988/988/988 990/990/990 989/989/989
f 993/993/993 992/992/992 991/991/991
f 992/992/992 994/994/994 991/991/991
f 991/991/991 994/994/994 995/995/995
f 992/992/992 996/996/996 994/994/994
f 994/994/994 997/997/997 995/995/995
f 996/996/996 998/998/998 994/994/994
f 994/994/994 998/998/998 997/997/997
f 998/998/998 999/999/999 997/997/997
f 1002/1002/1002 1001/1001/1001 1000/1000/1000
f 1001/1001/1001 1003/1003/1003 1000/1000/1000
f 1000/1000/1000 1003/1003/1003 1004/1004/1004
f 1003/1003/1003 1005/1005/1005 1004/1004/1004
f 1008/1008/1008 1007/1007/1007 1006/1006/1006
f 1007/1007/1007 1009/1009/1009 1006/1006/1006
f 1006/1006/1006 1009/1009/1009 1010/1010/1010
f 1009/1009/1009 1011/1011/1011 1010/1010/1010
f 1014/1014/1014 1013/1013/1013 1012/1012/1012
f 1013/1013/1013 1015/1015/1015 1012/1012/1012
f 1012/1012/1012 1015/1015/1015 1016/1016/1016
f 1015/1015/1015 1017/1017/1017 1016/1016/1016
f 1020/1020/1020 1019/1019/1019 1018/1018/1018
f 1019/1019/1019 1021/1021/1021 1018/1018/1018
f 1024/1024/1024 1023/1023/1023 1022/1022/1022
f 1023/1023/1023 1025/1025/1025 1022/1022/1022
f 1022/1022/1022 1025/1025/1025 1026/1026/1026
f 1025/1025/1025 1027/1027/1027 1026/1026/1026
f 1030/1030/1030 1029/1029/1029 1028/1028/1028
f 1029/1029/1029 1031/1031/1031 1028/1028/1028
f 1028/1028/1028 1031/1031/1031 1032/1032/1032
f 1029/1029/1029 1033/1033/1033 1031/1031/1031
f 1031/1031/1031 1034/1034/1034 1032/1032/1032
f 1033/1033/1033 1035/1035/1035 1031/1031/1031
f 1031/1031/1031 1035/1035/1035 1034/1034/1034
f 1035/1035/1035 1036/1036/1036 1034/1034/1034
f 1039/1039/1039 1038/1038/1038 1037/1037/1037
f 1038/1038/1038 1040/1040/1040 1037/1037/1037
f 1043/1043/1043 1042/1042/1042 1041/1041/1041
f 1042/1042/1042 1044/1044/1044 1041/1041/1041
f 1047/1047/1047 1046/1046/1046 1045/1045/1045
f 1048/1048/1048 1047/1047/1047 1045/1045/1045
f 1049/1049/1049 1047/1047/1047 1048/1048/1048
f 1050/1050/1050 1049/1049/1049 1048/1048/1048
f 1053/1053/1053 1052/1052/1052 1051/1051/1051
f 1054/1054/1054 1053/1053/1053 1051/1051/1051
f 1054/1054/1054 1051/1051/1051 1055/1055/1055
f 1056/1056/1056 1054/1054/1054 1055/1055/1055
f 1059/1059/1059 1058/1058/1058 1057/1057/1057
f 1058/1058/1058 1060/1060/1060 1057/1057/1057
f 1057/1057/1057 1060/1060/1060 1061/1061/1061
f 1060/1060/1060 1062/1062/1062 1061/1061/1061
f 1065/1065/1065 1064/1064/1064 1063/1063/1063
f 1064/1064/1064 1066/1066/1066 1063/1063/1063
f 1063/1063/1063 1066/1066/1066 1067/1067/1067
f 1066/1066/1066 1068/1068/1068 1067/1067/1067
f 1071/1071/1071 1070/1070/1070 1069/1069/1069
f 1072/1072/1072 1071/1071/1071 1069/1069/1069
f 1075/1075/1075 1074/1074/1074 1073/1073/1073
f 1076/1076/1076 1075/1075/1075 1073/1073/1073
f 1076/1076/1076 1073/1073/1073 1077/1077/1077
f 1078/1078/1078 1076/1076/1076 1077/1077/1077
f 1081/1081/1081 1080/1080/1080 1079/1079/1079
f 1082/1082/1082 1081/1081/1081 1079/1079/1079
f 1079/1079/1079 1083/1083/1083 1082/1082/1082
f 1083/1083/1083 1084/1084/1084 1082/1082/1082
f 1084/1084/1084 1083/1083/1083 1085/1085/1085
f 1086/1086/1086 1084/1084/1084 1085/1085/1085
f 1086/1086/1086 1085/1085/1085 1087/1087/1087
f 1088/1088/1088 1086/1086/1086 1087/1087/1087
f 1088/1088/1088 1087/1087/1087 1089/1089/1089
f 1090/1090/1090 1088/1088/1088 1089/1089/1089
f 1093/1093/1093 1092/1092/1092 1091/1091/1091
f 1092/1092/1092 1094/1094/1094 1091/1091/1091
f 1094/1094/1094 1095/1095/1095 1091/1091/1091
f 1095/1095/1095 1096/1096/1096 1091/1091/1091
f 1096/1096/1096 1095/1095/1095 1097/1097/1097
f 1095/1095/1095 1098/1098/1098 1097/1097/1097
f 1097/1097/1097 1098/1098/1098 1099/1099/1099
f 1102/1102/1102 1101/1101/1101 1100/1100/1100
f 1101/1101/1101 1103/1103/1103 1100/1100/1100
f 1103/1103/1103 1104/1104/1104 1100/1100/1100
f 1104/1104/1104 1105/1105/1105 1100/1100/1100
f 1105/1105/1105 1104/1104/1104 1106/1106/1106
f 1104/1104/1104 1107/1107/1107 1106/1106/1106
f 1106/1106/1106 1107/1107/1107 1108/1108/1108
f 1107/1107/1107 1109/1109/1109 1108/1108/1108
f 1108/1108/1108 1109/1109/1109 1110/1110/1110
f 1109/1109/1109 1111/1111/1111 1110/1110/1110
f 1114/1114/1114 1113/1113/1113 1112/1112/1112
f 1112/1112/1112 1113/1113/1113 1115/1115/1115
f 1113/1113/1113 1116/1116/1116 1115/1115/1115
f 1119/1119/1119 1118/1118/1118 1117/1117/1117
f 1118/1118/1118 1120/1120/1120 1117/1117/1117
f 1117/1117/1117 1120/1120/1120 1121/1121/1121
f 1120/1120/1120 1122/1122/1122 1121/1121/1121
f 1125/1125/1125 1124/1124/1124 1123/1123/1123
f 1124/1124/1124 1126/1126/1126 1123/1123/1123
f 1123/1123/1123 1126/1126/1126 1127/1127/1127
f 1126/1126/1126 1128/1128/1128 1127/1127/1127
f 1131/1131/1131 1130/1130/1130 1129/1129/1129
f 1132/1132/1132 1131/1131/1131 1129/1129/1129
f 1135/1135/1135 1134/1134/1134 1133/1133/1133
f 1134/1134/1134 1136/1136/1136 1133/1133/1133
f 1133/1133/1133 1136/1136/1136 1137/1137/1137
f 1136/1136/1136 1138/1138/1138 1137/1137/1137
f 1141/1141/1141 1140/1140/1140 1139/1139/1139
f 1142/1142/1142 1141/1141/1141 1139/1139/1139
f 1142/1142/1142 1139/1139/1139 1143/1143/1143
f 1144/1144/1144 1142/1142/1142 1143/1143/1143
f 1144/1144/1144 1143/1143/1143 1145/1145/1145
f 1146/1146/1146 1144/1144/1144 1145/1145/1145
