mtllib FP225:Handle_Back_011_e96365ee.mtl
g FP225:Handle_Back.011_e96365ee
v 3.49986 1.08665 5.06173
v 3.50544 1.08647 5.06433
v 3.50079 1.08467 5.06434
v 3.52045 1.09023 5.06166
v 3.5252 1.08729 5.06424
v 3.52026 1.08805 5.06427
v 3.5059 1.0673 5.07328
v 3.50586 1.06735 5.07119
v 3.50822 1.06864 5.07119
v 3.52524 1.06602 5.06731
v 3.52533 1.06626 5.06217
v 3.52314 1.06723 5.06218
v 3.52653 1.03472 5.06713
v 3.52453 1.0334 5.06198
v 3.52664 1.03455 5.06198
v 3.50893 1.03469 5.08012
v 3.51095 1.03383 5.07132
v 3.5089 1.03474 5.07134
v 3.50897 1.03464 5.08856
v 3.51099 1.03378 5.08011
v 3.50901 1.0346 5.09631
v 3.51106 1.03368 5.09629
v 3.51109 1.03365 5.103
v 3.50904 1.03456 5.10301
v 3.50906 1.03453 5.10832
v 3.51112 1.03361 5.10831
v 3.50917 1.03467 5.11239
v 3.58472 1.04028 5.11679
v 3.60662 1.04123 5.11353
v 3.58353 1.03938 5.11641
v 3.6073 1.04201 5.11385
v 3.62607 1.04286 5.10846
v 3.61039 1.05182 5.11352
v 3.62854 1.05267 5.10815
v 3.62848 1.0511 5.10817
v 3.58371 1.06465 5.11693
v 3.58245 1.06546 5.11656
v 3.60562 1.06551 5.11367
v 3.60636 1.06477 5.11399
v 3.62513 1.06545 5.1086
v 3.56196 1.03833 5.10507
v 3.5458 1.03808 5.10121
v 3.54373 1.03677 5.10148
v 3.58402 1.04023 5.10635
v 3.55966 1.03725 5.10581
v 3.60562 1.04131 5.10573
v 3.6062 1.04211 5.10522
v 3.58288 1.03932 5.10694
v 3.60743 1.06157 5.10489
v 3.62575 1.06175 5.10104
v 3.62529 1.06294 5.10117
v 3.64468 1.04442 5.08755
v 3.63726 1.0434 5.09602
v 3.64467 1.04395 5.08825
v 3.64862 1.04398 5.08123
v 3.65015 1.04425 5.07497
v 3.64949 1.04438 5.07665
v 3.63884 1.04387 5.10049
v 3.63845 1.04337 5.10007
v 3.6256 1.04234 5.10787
v 3.64546 1.06543 5.0915
v 3.63795 1.06543 5.10061
v 3.63752 1.06592 5.1002
v 3.65292 1.04822 5.06625
v 3.65292 1.04711 5.06836
v 3.65303 1.04823 5.0681
v 3.6527 1.05944 5.0659
v 3.65209 1.05803 5.06687
v 3.65284 1.05805 5.06576
v 3.65156 1.06485 5.06794
v 3.6509 1.06547 5.07027
v 3.65025 1.06542 5.07115
v 3.64927 1.06582 5.0751
v 3.64862 1.06568 5.07678
v 3.64771 1.06605 5.08136
v 3.64739 1.0658 5.08134
v 3.64397 1.06617 5.08902
v 3.55983 1.03774 5.11783
v 3.53456 1.0356 5.11773
v 3.54007 1.03707 5.11846
v 3.52172 1.03674 5.11866
v 3.52419 1.03481 5.11748
v 3.64633 1.04441 5.09137
v 3.64952 1.04423 5.08338
v 3.64596 1.04394 5.09127
v 3.64929 1.04398 5.08243
v 3.65059 1.04439 5.07823
v 3.65081 1.04426 5.07587
v 3.65183 1.04469 5.0718
v 3.65236 1.04529 5.06783
v 3.65175 1.04465 5.07014
v 3.65246 1.04531 5.06961
v 3.49773 1.0136 5.05816
v 3.49809 1.01434 5.05501
v 3.49367 1.01716 5.05505
v 3.49315 1.01642 5.0582
v 3.48963 1.02056 5.05509
v 3.48898 1.01982 5.05824
v 3.49359 1.01702 5.06135
v 3.4981 1.01428 5.06132
v 3.48948 1.02033 5.06139
v 3.48525 1.0237 5.05828
v 3.48585 1.02416 5.06143
v 3.49096 1.02192 5.06402
v 3.48206 1.02803 5.05832
v 3.48274 1.02843 5.06147
v 3.4802 1.03306 5.06151
v 3.47951 1.03276 5.05836
v 3.48032 1.03313 5.0552
v 3.4783 1.03799 5.06154
v 3.47759 1.03779 5.05839
v 3.48525 1.0237 5.05828
v 3.48898 1.01982 5.05824
v 3.48963 1.02056 5.05509
v 3.48591 1.02431 5.05513
v 3.48206 1.02803 5.05832
v 3.48273 1.02848 5.05516
v 3.48032 1.03313 5.0552
v 3.48284 1.03427 5.05257
v 3.48491 1.02988 5.05254
v 3.48132 1.039 5.0526
v 3.47852 1.0381 5.05524
v 3.47951 1.03276 5.05836
v 3.47759 1.03779 5.05839
v 3.47717 1.04321 5.05527
v 3.47988 1.04374 5.05264
v 3.4765 1.04841 5.05531
v 3.47571 1.04836 5.05846
v 3.47674 1.05364 5.05534
v 3.4763 1.04301 5.05843
v 3.4783 1.03799 5.06154
v 3.47706 1.04312 5.06158
v 3.4765 1.04837 5.06161
v 3.47663 1.05365 5.06164
v 3.47586 1.05373 5.05849
v 3.47744 1.05887 5.06167
v 3.47766 1.05884 5.05536
v 3.48053 1.05821 5.05272
v 3.47905 1.06394 5.05539
v 3.47672 1.05904 5.05852
v 3.47821 1.06421 5.05854
v 3.47893 1.06393 5.06169
v 3.48037 1.06914 5.05856
v 3.48107 1.06878 5.0554
v 3.49367 1.01716 5.05505
v 3.49162 1.02275 5.05247
v 3.48963 1.02056 5.05509
v 3.49529 1.01942 5.05243
v 3.49809 1.01434 5.05501
v 3.49928 1.01665 5.0524
v 3.50382 1.01495 5.05237
v 3.50292 1.01232 5.05498
v 3.50866 1.01382 5.05234
v 3.50802 1.01093 5.05495
v 3.51322 1.01001 5.05492
v 3.51351 1.01278 5.05231
v 3.51846 1.00977 5.0549
v 3.51834 1.01238 5.05228
v 3.52313 1.01318 5.05227
v 3.52366 1.01044 5.05488
v 3.52787 1.01462 5.05225
v 3.52877 1.01178 5.05486
v 3.53373 1.01359 5.05485
v 3.5326 1.01614 5.05224
v 3.53839 1.016 5.05484
v 3.53699 1.0182 5.05223
v 3.54073 1.02129 5.05224
v 3.54255 1.01917 5.05484
v 3.48591 1.02431 5.05513
v 3.48963 1.02056 5.05509
v 3.49162 1.02275 5.05247
v 3.48799 1.02614 5.0525
v 3.49168 1.02933 5.05093
v 3.48878 1.03235 5.05096
v 3.48491 1.02988 5.05254
v 3.48284 1.03427 5.05257
v 3.48729 1.03626 5.05099
v 3.48132 1.039 5.0526
v 3.4926 1.03477 5.05037
v 3.49511 1.02656 5.0509
v 3.49614 1.03389 5.05015
v 3.49816 1.02337 5.05086
v 3.49529 1.01942 5.05243
v 3.5014 1.02072 5.05083
v 3.49928 1.01665 5.0524
v 3.50382 1.01495 5.05237
v 3.50543 1.01957 5.05081
v 3.50866 1.01382 5.05234
v 3.5035 1.02474 5.05026
v 3.50232 1.02819 5.05008
v 3.50002 1.0319 5.05012
v 3.50624 1.03865 5.04987
v 3.50051 1.03979 5.0499
v 3.51678 1.0501 5.04988
v 3.50784 1.03304 5.04983
v 3.50701 1.02574 5.05005
v 3.50978 1.01888 5.05079
v 3.49331 1.03835 5.05018
v 3.51337 1.03492 5.04981
v 3.51401 1.01764 5.05076
v 3.51351 1.01278 5.05231
v 3.51136 1.02596 5.05003
v 3.51521 1.0239 5.05
v 3.51814 1.01697 5.05074
v 3.51834 1.01238 5.05228
v 3.52313 1.01318 5.05227
v 3.51757 1.03085 5.04977
v 3.51796 1.02149 5.05018
v 3.52221 1.01798 5.05072
v 3.52787 1.01462 5.05225
v 3.52049 1.02412 5.04998
v 3.52632 1.01957 5.05071
v 3.52142 1.03525 5.04978
v 3.53061 1.0206 5.0507
v 3.5326 1.01614 5.05224
v 3.52416 1.02649 5.04998
v 3.52852 1.02662 5.04996
v 3.52708 1.03383 5.04974
v 3.53453 1.02209 5.05069
v 3.53699 1.0182 5.05223
v 3.54073 1.02129 5.05224
v 3.5321 1.02592 5.05014
v 3.52822 1.03956 5.04977
v 3.53384 1.04116 5.04976
v 3.53195 1.04669 5.0498
v 3.53754 1.025 5.0507
v 3.53299 1.02946 5.04995
v 3.54412 1.02491 5.05224
v 3.54255 1.01917 5.05484
v 3.54631 1.0229 5.05485
v 3.54031 1.02843 5.0507
v 3.53497 1.03334 5.04997
v 3.53868 1.03564 5.04996
v 3.5435 1.03147 5.05071
v 3.54745 1.02859 5.05225
v 3.54214 1.03682 5.05016
v 3.54615 1.03471 5.05071
v 3.55022 1.03257 5.05226
v 3.55192 1.03712 5.05228
v 3.54731 1.03874 5.05073
v 3.55305 1.04195 5.0523
v 3.54114 1.04032 5.04998
v 3.54799 1.04309 5.05075
v 3.54091 1.04468 5.05001
v 3.54923 1.04732 5.05077
v 3.55409 1.0468 5.05232
v 3.54298 1.04853 5.05002
v 3.54991 1.05146 5.05079
v 3.55449 1.05164 5.05235
v 3.5537 1.05642 5.05238
v 3.53602 1.05089 5.0498
v 3.54538 1.05127 5.05023
v 3.54889 1.05552 5.05082
v 3.55226 1.06117 5.05242
v 3.54276 1.05381 5.05005
v 3.54731 1.05963 5.05085
v 3.53162 1.05474 5.04984
v 3.54627 1.06392 5.05088
v 3.55073 1.06589 5.05245
v 3.54038 1.05748 5.05008
v 3.54025 1.06184 5.05011
v 3.54479 1.06784 5.05091
v 3.54867 1.07028 5.05248
v 3.54558 1.07403 5.05252
v 3.53305 1.06041 5.04987
v 3.54096 1.06542 5.05033
v 3.54188 1.07085 5.05094
v 3.53742 1.0663 5.05015
v 3.54196 1.07742 5.05255
v 3.54769 1.07582 5.05515
v 3.54397 1.07957 5.05518
v 3.53845 1.07362 5.05097
v 3.52731 1.06154 5.0499
v 3.5354 1.07681 5.05101
v 3.53828 1.08075 5.05259
v 3.53353 1.06829 5.05018
v 3.53123 1.072 5.05021
v 3.52571 1.06716 5.04994
v 3.53216 1.07946 5.05104
v 3.5343 1.08351 5.05262
v 3.52975 1.08521 5.05265
v 3.53006 1.07545 5.05044
v 3.52814 1.08062 5.05106
v 3.52492 1.08634 5.05268
v 3.52018 1.06528 5.04996
v 3.51598 1.06934 5.05
v 3.51214 1.06494 5.04999
v 3.52655 1.07445 5.05024
v 3.52378 1.0813 5.05108
v 3.52219 1.07423 5.05026
v 3.51835 1.07629 5.05029
v 3.51955 1.08254 5.05111
v 3.52007 1.08739 5.05271
v 3.5156 1.0787 5.05052
v 3.51542 1.08322 5.05113
v 3.51524 1.08779 5.05274
v 3.51045 1.08699 5.05275
v 3.51135 1.0822 5.05114
v 3.5057 1.08555 5.05277
v 3.51306 1.07608 5.05031
v 3.50724 1.08062 5.05115
v 3.5094 1.0737 5.05032
v 3.50295 1.07958 5.05117
v 3.50098 1.08403 5.05278
v 3.50504 1.07357 5.05034
v 3.49904 1.0781 5.05118
v 3.49659 1.08196 5.05279
v 3.49285 1.07888 5.05278
v 3.50647 1.06637 5.05002
v 3.50146 1.07427 5.05056
v 3.49602 1.07519 5.05117
v 3.50057 1.07074 5.05034
v 3.48945 1.07525 5.05278
v 3.49105 1.08096 5.05543
v 3.48729 1.07724 5.05543
v 3.49325 1.07176 5.05117
v 3.50533 1.06063 5.05
v 3.49006 1.06871 5.05116
v 3.48612 1.07158 5.05277
v 3.49858 1.06685 5.05033
v 3.49487 1.06455 5.05033
v 3.48741 1.06547 5.05116
v 3.48336 1.06759 5.05276
v 3.48166 1.06305 5.05274
v 3.49971 1.05903 5.05001
v 3.49142 1.06337 5.05054
v 3.48626 1.06145 5.05114
v 3.48053 1.05821 5.05272
v 3.49242 1.05987 5.05031
v 3.48557 1.05709 5.05111
v 3.5016 1.0535 5.04997
v 3.48433 1.05286 5.0511
v 3.47948 1.05336 5.0527
v 3.49265 1.05551 5.05029
v 3.49058 1.05166 5.05027
v 3.49753 1.0493 5.04997
v 3.48365 1.04873 5.05108
v 3.47908 1.04853 5.05267
v 3.47988 1.04374 5.05264
v 3.48818 1.04892 5.05047
v 3.48467 1.04466 5.05105
v 3.50193 1.04546 5.04992
v 3.4908 1.04638 5.05024
v 3.48625 1.04055 5.05102
v 3.49317 1.04272 5.05021
v 3.48273 1.02848 5.05516
v 3.48591 1.02431 5.05513
v 3.48799 1.02614 5.0525
v 3.48491 1.02988 5.05254
v 3.48585 1.02416 5.06143
v 3.48752 1.02554 5.06406
v 3.49096 1.02192 5.06402
v 3.48274 1.02843 5.06147
v 3.48458 1.02958 5.06409
v 3.48219 1.03396 5.06413
v 3.4802 1.03306 5.06151
v 3.48038 1.03862 5.06416
v 3.4783 1.03799 5.06154
v 3.47706 1.04312 5.06158
v 3.47921 1.04347 5.0642
v 3.4765 1.04837 5.06161
v 3.47869 1.04844 5.06423
v 3.4788 1.05344 5.06426
v 3.47663 1.05365 5.06164
v 3.47957 1.05837 5.06428
v 3.47744 1.05887 5.06167
v 3.47893 1.06393 5.06169
v 3.48098 1.06316 5.0643
v 3.48108 1.06875 5.06171
v 3.48301 1.06773 5.06432
v 3.48561 1.072 5.06433
v 3.48382 1.07326 5.06172
v 3.48874 1.07589 5.06434
v 3.48713 1.07738 5.06173
v 3.4765 1.04841 5.05531
v 3.47988 1.04374 5.05264
v 3.47908 1.04853 5.05267
v 3.47948 1.05336 5.0527
v 3.47674 1.05364 5.05534
v 3.48053 1.05821 5.05272
v 3.47905 1.06394 5.05539
v 3.48166 1.06305 5.05274
v 3.48107 1.06878 5.0554
v 3.48336 1.06759 5.05276
v 3.48612 1.07158 5.05277
v 3.48389 1.07319 5.05542
v 3.48945 1.07525 5.05278
v 3.48729 1.07724 5.05543
v 3.48037 1.06914 5.05856
v 3.47893 1.06393 5.06169
v 3.47821 1.06421 5.05854
v 3.48108 1.06875 5.06171
v 3.48382 1.07326 5.06172
v 3.48319 1.07371 5.05858
v 3.48713 1.07738 5.06173
v 3.48389 1.07319 5.05542
v 3.48107 1.06878 5.0554
v 3.48729 1.07724 5.05543
v 3.48658 1.07789 5.05858
v 3.49047 1.08161 5.05859
v 3.49105 1.08096 5.05543
v 3.49096 1.08101 5.06173
v 3.48874 1.07589 5.06434
v 3.49236 1.07933 5.06435
v 3.4948 1.0848 5.05859
v 3.49521 1.08414 5.05543
v 3.49523 1.08412 5.06173
v 3.49521 1.08414 5.05543
v 3.49105 1.08096 5.05543
v 3.49285 1.07888 5.05278
v 3.49659 1.08196 5.05279
v 3.50098 1.08403 5.05278
v 3.49987 1.08655 5.05542
v 3.5057 1.08555 5.05277
v 3.50483 1.08835 5.05541
v 3.50994 1.0897 5.0554
v 3.51045 1.08699 5.05275
v 3.51514 1.09037 5.05538
v 3.51524 1.08779 5.05274
v 3.52007 1.08739 5.05271
v 3.52038 1.09013 5.05535
v 3.52492 1.08634 5.05268
v 3.52558 1.08921 5.05532
v 3.53068 1.08782 5.05529
v 3.52975 1.08521 5.05265
v 3.53551 1.0858 5.05526
v 3.5343 1.08351 5.05262
v 3.53828 1.08075 5.05259
v 3.53993 1.08297 5.05522
v 3.54196 1.07742 5.05255
v 3.54397 1.07957 5.05518
v 3.49523 1.08412 5.06173
v 3.49236 1.07933 5.06435
v 3.49096 1.08101 5.06173
v 3.4964 1.08227 5.06434
v 3.50079 1.08467 5.06434
v 3.49986 1.08665 5.06173
v 3.4948 1.0848 5.05859
v 3.49952 1.08735 5.05858
v 3.49987 1.08655 5.05542
v 3.49521 1.08414 5.05543
v 3.50483 1.08835 5.05541
v 3.50478 1.08856 5.06172
v 3.50544 1.08647 5.06433
v 3.50455 1.08927 5.05857
v 3.50978 1.09056 5.05855
v 3.50994 1.0897 5.0554
v 3.50992 1.0898 5.0617
v 3.5103 1.08764 5.06431
v 3.51512 1.09115 5.05853
v 3.51514 1.09037 5.05538
v 3.51517 1.09035 5.06168
v 3.51527 1.08817 5.06429
v 3.52026 1.08805 5.06427
v 3.52045 1.09023 5.06166
v 3.52049 1.091 5.05851
v 3.51512 1.09115 5.05853
v 3.51514 1.09037 5.05538
v 3.52038 1.09013 5.05535
v 3.52049 1.091 5.05851
v 3.52558 1.08921 5.05532
v 3.52581 1.09015 5.05848
v 3.52566 1.08942 5.06163
v 3.52045 1.09023 5.06166
v 3.5252 1.08729 5.06424
v 3.53098 1.08865 5.05845
v 3.53068 1.08782 5.05529
v 3.53073 1.08793 5.0616
v 3.52999 1.08587 5.06421
v 3.5359 1.08649 5.05841
v 3.53551 1.0858 5.05526
v 3.53555 1.08578 5.06156
v 3.53456 1.08384 5.06418
v 3.53882 1.08124 5.06415
v 3.54006 1.08304 5.06153
v 3.5359 1.08649 5.05841
v 3.54006 1.08304 5.06153
v 3.53555 1.08578 5.06156
v 3.54048 1.08367 5.05838
v 3.54418 1.07973 5.06149
v 3.53993 1.08297 5.05522
v 3.53551 1.0858 5.05526
v 3.54397 1.07957 5.05518
v 3.54465 1.08028 5.05834
v 3.54838 1.0764 5.0583
v 3.54781 1.0759 5.06145
v 3.55157 1.07207 5.05826
v 3.54769 1.07582 5.05515
v 3.55092 1.07163 5.06141
v 3.55087 1.07165 5.05511
v 3.55328 1.067 5.05507
v 3.55345 1.067 5.06137
v 3.55412 1.06734 5.05822
v 3.55536 1.06208 5.06134
v 3.55604 1.06231 5.05818
v 3.54006 1.08304 5.06153
v 3.54418 1.07973 5.06149
v 3.54272 1.07811 5.06411
v 3.53882 1.08124 5.06415
v 3.55087 1.07165 5.05511
v 3.54769 1.07582 5.05515
v 3.54558 1.07403 5.05252
v 3.54867 1.07028 5.05248
v 3.55073 1.06589 5.05245
v 3.55328 1.067 5.05507
v 3.55226 1.06117 5.05242
v 3.55508 1.06203 5.05503
v 3.55643 1.05693 5.055
v 3.5537 1.05642 5.05238
v 3.5571 1.05173 5.05496
v 3.55449 1.05164 5.05235
v 3.55409 1.0468 5.05232
v 3.55686 1.04649 5.05494
v 3.55305 1.04195 5.0523
v 3.55594 1.04129 5.05491
v 3.55455 1.03619 5.05489
v 3.55192 1.03712 5.05228
v 3.55253 1.03136 5.05487
v 3.55022 1.03257 5.05226
v 3.54745 1.02859 5.05225
v 3.54971 1.02694 5.05485
v 3.54412 1.02491 5.05224
v 3.54631 1.0229 5.05485
v 3.54781 1.0759 5.06145
v 3.54272 1.07811 5.06411
v 3.54418 1.07973 5.06149
v 3.54616 1.07449 5.06408
v 3.55092 1.07163 5.06141
v 3.5491 1.07045 5.06404
v 3.55149 1.06607 5.064
v 3.55345 1.067 5.06137
v 3.5533 1.06141 5.06397
v 3.55536 1.06208 5.06134
v 3.5566 1.05694 5.0613
v 3.55447 1.05656 5.06393
v 3.55715 1.05169 5.06127
v 3.55499 1.05159 5.0639
v 3.55488 1.04659 5.06387
v 3.55703 1.04641 5.06124
v 3.55411 1.04166 5.06385
v 3.55622 1.0412 5.06121
v 3.55472 1.03613 5.06119
v 3.5527 1.03687 5.06383
v 3.55258 1.03131 5.06117
v 3.55067 1.0323 5.06381
v 3.54807 1.02803 5.0638
v 3.54983 1.0268 5.06116
v 3.54494 1.02414 5.06379
v 3.54653 1.02268 5.06115
v 3.5427 1.01905 5.06114
v 3.54132 1.0207 5.06379
v 3.55412 1.06734 5.05822
v 3.55328 1.067 5.05507
v 3.55508 1.06203 5.05503
v 3.55604 1.06231 5.05818
v 3.55732 1.05708 5.05815
v 3.55536 1.06208 5.06134
v 3.55643 1.05693 5.055
v 3.55792 1.05174 5.05811
v 3.5566 1.05694 5.0613
v 3.5571 1.05173 5.05496
v 3.55715 1.05169 5.06127
v 3.55686 1.04649 5.05494
v 3.55703 1.04641 5.06124
v 3.55777 1.04637 5.05808
v 3.55594 1.04129 5.05491
v 3.55622 1.0412 5.06121
v 3.55691 1.04106 5.05806
v 3.55541 1.03589 5.05803
v 3.55455 1.03619 5.05489
v 3.55326 1.03096 5.05801
v 3.55472 1.03613 5.06119
v 3.55253 1.03136 5.05487
v 3.55258 1.03131 5.06117
v 3.54971 1.02694 5.05485
v 3.54983 1.0268 5.06116
v 3.55044 1.02639 5.058
v 3.54631 1.0229 5.05485
v 3.54653 1.02268 5.06115
v 3.54704 1.02221 5.05799
v 3.54316 1.01848 5.05799
v 3.54255 1.01917 5.05484
v 3.5427 1.01905 5.06114
v 3.53883 1.0153 5.05799
v 3.53839 1.016 5.05484
v 3.53843 1.01594 5.06115
v 3.53843 1.01594 5.06115
v 3.54132 1.0207 5.06379
v 3.5427 1.01905 5.06114
v 3.53728 1.01776 5.06379
v 3.53289 1.01536 5.06379
v 3.53379 1.01341 5.06115
v 3.52824 1.01356 5.0638
v 3.52887 1.0115 5.06116
v 3.52374 1.01026 5.06118
v 3.52338 1.01239 5.06382
v 3.53883 1.0153 5.05799
v 3.53379 1.01341 5.06115
v 3.53843 1.01594 5.06115
v 3.5341 1.01275 5.05799
v 3.52887 1.0115 5.06116
v 3.52907 1.01083 5.05801
v 3.52877 1.01178 5.05486
v 3.53373 1.01359 5.05485
v 3.53839 1.016 5.05484
v 3.49773 1.0136 5.05816
v 3.50292 1.01232 5.05498
v 3.49809 1.01434 5.05501
v 3.50265 1.01145 5.05813
v 3.50802 1.01093 5.05495
v 3.50293 1.01214 5.06128
v 3.4981 1.01428 5.06132
v 3.50782 1.00995 5.0581
v 3.50799 1.01064 5.06125
v 3.51314 1.0091 5.05807
v 3.51322 1.01001 5.05492
v 3.51851 1.00894 5.05804
v 3.51846 1.00977 5.0549
v 3.52366 1.01044 5.05488
v 3.51321 1.00983 5.06122
v 3.50848 1.01274 5.06389
v 3.50369 1.01416 5.06392
v 3.49912 1.01619 5.06395
v 3.49486 1.01879 5.06398
v 3.49359 1.01702 5.06135
v 3.49096 1.02192 5.06402
v 3.48948 1.02033 5.06139
v 3.51342 1.01198 5.06386
v 3.51849 1.00971 5.0612
v 3.51841 1.01186 5.06384
v 3.52338 1.01239 5.06382
v 3.52374 1.01026 5.06118
v 3.52385 1.00954 5.05802
v 3.52887 1.0115 5.06116
v 3.52877 1.01178 5.05486
v 3.52907 1.01083 5.05801
v 3.52804 1.03235 5.06722
v 3.52551 1.03132 5.06792
v 3.52787 1.03261 5.06792
v 3.52564 1.03104 5.06722
v 3.523 1.03035 5.06793
v 3.52309 1.03005 5.06723
v 3.52043 1.02941 5.06723
v 3.523 1.03034 5.0691
v 3.52038 1.02972 5.06793
v 3.51771 1.02912 5.06724
v 3.52039 1.02971 5.06911
v 3.5177 1.02944 5.06795
v 3.52039 1.0297 5.07091
v 3.52301 1.03033 5.0709
v 3.5204 1.02974 5.07299
v 3.51772 1.02946 5.073
v 3.51772 1.02942 5.07092
v 3.51501 1.0295 5.06796
v 3.51498 1.02918 5.06726
v 3.51771 1.02943 5.06912
v 3.51502 1.02949 5.06914
v 3.51236 1.02991 5.06915
v 3.51235 1.02991 5.06797
v 3.51228 1.0296 5.06727
v 3.50966 1.03038 5.06729
v 3.51503 1.02948 5.07093
v 3.50977 1.03068 5.06799
v 3.50716 1.03149 5.06731
v 3.51504 1.02952 5.07302
v 3.51237 1.0299 5.07094
v 3.51506 1.02966 5.07507
v 3.51773 1.02959 5.07506
v 3.50731 1.03177 5.06801
v 3.50501 1.03317 5.06802
v 3.50483 1.03291 5.06732
v 3.50978 1.03067 5.06917
v 3.50732 1.03176 5.06918
v 3.50733 1.03175 5.07098
v 3.50979 1.03066 5.07096
v 3.50736 1.03178 5.07306
v 3.50981 1.03069 5.07305
v 3.51239 1.02993 5.07303
v 3.51243 1.03007 5.07509
v 3.5125 1.03035 5.07679
v 3.50987 1.03082 5.0751
v 3.50744 1.0319 5.07512
v 3.50998 1.03109 5.0768
v 3.51016 1.03155 5.07783
v 3.50782 1.03259 5.07784
v 3.51262 1.03082 5.07781
v 3.51515 1.03043 5.0778
v 3.5151 1.02994 5.07677
v 3.51771 1.03037 5.07779
v 3.51772 1.02988 5.07676
v 3.52034 1.03016 5.07675
v 3.52038 1.02988 5.07505
v 3.52026 1.03064 5.07778
v 3.53536 1.0403 5.06723
v 3.53617 1.04291 5.06794
v 3.53647 1.0428 5.06724
v 3.53508 1.04045 5.06793
v 3.53368 1.03815 5.06792
v 3.53394 1.03797 5.06722
v 3.53618 1.0429 5.06912
v 3.53694 1.04548 5.06913
v 3.532 1.03605 5.06792
v 3.532 1.03605 5.0691
v 3.53223 1.03584 5.06722
v 3.53025 1.03396 5.06722
v 3.53004 1.0342 5.06792
v 3.52804 1.03235 5.06722
v 3.52787 1.03261 5.06792
v 3.53005 1.03419 5.0691
v 3.52787 1.03261 5.0691
v 3.52788 1.0326 5.07089
v 3.53006 1.03418 5.07089
v 3.52786 1.03263 5.07298
v 3.53619 1.04289 5.07091
v 3.53695 1.04547 5.07092
v 3.53004 1.03421 5.07298
v 3.53201 1.03604 5.07089
v 3.52995 1.03431 5.07503
v 3.52779 1.03274 5.07503
v 3.52977 1.03453 5.07674
v 3.53167 1.03634 5.07674
v 3.52764 1.03298 5.07674
v 3.52738 1.0334 5.07776
v 3.52945 1.0349 5.07776
v 3.53131 1.03667 5.07776
v 3.53291 1.03866 5.07777
v 3.53188 1.03615 5.07504
v 3.53332 1.03838 5.07674
v 3.53425 1.04085 5.07777
v 3.53198 1.03606 5.07298
v 3.53355 1.03822 5.07504
v 3.53366 1.03815 5.07298
v 3.53506 1.04044 5.07299
v 3.5337 1.03813 5.0709
v 3.53494 1.0405 5.07505
v 3.53468 1.04063 5.07675
v 3.53575 1.04303 5.07676
v 3.53529 1.04319 5.07778
v 3.53602 1.04294 5.07506
v 3.53615 1.0429 5.073
v 3.53369 1.03814 5.0691
v 3.5351 1.04043 5.0709
v 3.53509 1.04044 5.06911
v 3.53691 1.04547 5.07301
v 3.53732 1.04812 5.07302
v 3.53736 1.04813 5.07094
v 3.52655 1.06851 5.06743
v 3.52888 1.06708 5.06741
v 3.5287 1.06682 5.06811
v 3.5264 1.06822 5.06813
v 3.52394 1.06931 5.06815
v 3.52405 1.06962 5.06745
v 3.52395 1.0693 5.06933
v 3.52641 1.06821 5.06931
v 3.52642 1.0682 5.0711
v 3.49835 1.05969 5.06751
v 3.49754 1.05708 5.0682
v 3.49724 1.05719 5.0675
v 3.49863 1.05954 5.06821
v 3.49755 1.05707 5.06937
v 3.50003 1.06184 5.06821
v 3.49977 1.06202 5.06752
v 3.50172 1.06393 5.06822
v 3.50173 1.06393 5.06939
v 3.50148 1.06415 5.06752
v 3.50346 1.06604 5.06752
v 3.50367 1.06579 5.06822
v 3.50567 1.06765 5.06752
v 3.50585 1.06737 5.06822
v 3.50368 1.06578 5.0694
v 3.50585 1.06736 5.0694
v 3.50586 1.06735 5.07119
v 3.50368 1.06577 5.07119
v 3.5059 1.0673 5.07328
v 3.50004 1.06183 5.06939
v 3.49864 1.05953 5.06938
v 3.49865 1.05952 5.07118
v 3.49755 1.05706 5.07117
v 3.4987 1.05948 5.07326
v 3.50005 1.06182 5.07118
v 3.50173 1.06392 5.07119
v 3.50373 1.06572 5.07328
v 3.5001 1.06178 5.07327
v 3.49761 1.05703 5.07325
v 3.49679 1.05448 5.07116
v 3.49685 1.05446 5.07324
v 3.49776 1.05697 5.07531
v 3.49884 1.0594 5.07532
v 3.50023 1.06168 5.07533
v 3.50048 1.0615 5.07702
v 3.50213 1.06355 5.07703
v 3.50178 1.06387 5.07328
v 3.5019 1.06376 5.07533
v 3.50383 1.06559 5.07533
v 3.50599 1.06716 5.07533
v 3.50403 1.06535 5.07703
v 3.50615 1.0669 5.07703
v 3.50642 1.06647 5.07804
v 3.50435 1.06497 5.07805
v 3.50249 1.0632 5.07804
v 3.50089 1.06121 5.07804
v 3.49956 1.05902 5.07803
v 3.49921 1.03881 5.06738
v 3.49819 1.04134 5.0681
v 3.49948 1.03898 5.06808
v 3.49789 1.04121 5.0674
v 3.49722 1.04385 5.06812
v 3.49691 1.04376 5.06742
v 3.49627 1.04642 5.06744
v 3.49722 1.04385 5.0693
v 3.49659 1.04647 5.06814
v 3.49598 1.04914 5.06746
v 3.49659 1.04646 5.06932
v 3.4963 1.04915 5.06816
v 3.4966 1.04645 5.07111
v 3.49723 1.04384 5.07109
v 3.49637 1.05184 5.06817
v 3.49604 1.05187 5.06747
v 3.49666 1.04645 5.0732
v 3.49638 1.04912 5.07321
v 3.49729 1.04384 5.07318
v 3.49632 1.04913 5.07113
v 3.49631 1.04914 5.06933
v 3.49637 1.05183 5.06935
v 3.49678 1.05449 5.06936
v 3.49678 1.0545 5.06818
v 3.49646 1.05457 5.06749
v 3.49724 1.05719 5.0675
v 3.49754 1.05708 5.0682
v 3.49755 1.05707 5.06937
v 3.49755 1.05706 5.07117
v 3.49679 1.05448 5.07116
v 3.49638 1.05182 5.07114
v 3.49644 1.0518 5.07323
v 3.49685 1.05446 5.07324
v 3.497 1.05441 5.0753
v 3.49761 1.05703 5.07325
v 3.49776 1.05697 5.07531
v 3.4973 1.05434 5.077
v 3.4966 1.05178 5.07528
v 3.49805 1.05685 5.07701
v 3.49884 1.0594 5.07532
v 3.49911 1.05926 5.07702
v 3.50048 1.0615 5.07702
v 3.49956 1.05902 5.07803
v 3.49852 1.05668 5.07802
v 3.49779 1.05422 5.07801
v 3.4974 1.05169 5.078
v 3.4969 1.05174 5.07698
v 3.49734 1.04913 5.07799
v 3.49653 1.04911 5.07527
v 3.49684 1.04911 5.07697
v 3.49712 1.0465 5.07695
v 3.49761 1.04658 5.07797
v 3.49773 1.04395 5.07693
v 3.49821 1.04409 5.07795
v 3.49913 1.0417 5.07793
v 3.49681 1.04646 5.07525
v 3.49744 1.04387 5.07523
v 3.49826 1.04134 5.07316
v 3.4984 1.04139 5.07522
v 3.49868 1.0415 5.07692
v 3.49968 1.03905 5.0752
v 3.49994 1.0392 5.0769
v 3.50036 1.03946 5.07792
v 3.50149 1.03707 5.07688
v 3.50187 1.03738 5.0779
v 3.50329 1.03517 5.07686
v 3.50363 1.03553 5.07788
v 3.49968 1.03905 5.0752
v 3.49994 1.0392 5.0769
v 3.50149 1.03707 5.07688
v 3.50125 1.03689 5.07518
v 3.49954 1.03898 5.07314
v 3.4984 1.04139 5.07522
v 3.50329 1.03517 5.07686
v 3.49826 1.04134 5.07316
v 3.50113 1.03681 5.07312
v 3.50308 1.03496 5.07516
v 3.4982 1.04133 5.07107
v 3.49723 1.04384 5.07109
v 3.49729 1.04384 5.07318
v 3.49722 1.04385 5.0693
v 3.49819 1.04134 5.06928
v 3.49819 1.04134 5.0681
v 3.49948 1.03898 5.06808
v 3.49949 1.03896 5.07105
v 3.50108 1.03679 5.07104
v 3.49949 1.03897 5.06926
v 3.50107 1.0368 5.06924
v 3.50292 1.03485 5.06922
v 3.50106 1.03681 5.06806
v 3.49921 1.03881 5.06738
v 3.50081 1.0366 5.06736
v 3.50292 1.03485 5.06804
v 3.5027 1.03462 5.06734
v 3.50483 1.03291 5.06732
v 3.50501 1.03317 5.06802
v 3.50293 1.03484 5.07102
v 3.50502 1.03316 5.0692
v 3.50731 1.03177 5.06801
v 3.50732 1.03176 5.06918
v 3.50733 1.03175 5.07098
v 3.50503 1.03315 5.071
v 3.50736 1.03178 5.07306
v 3.50297 1.03486 5.0731
v 3.50507 1.03318 5.07308
v 3.50516 1.03329 5.07514
v 3.50744 1.0319 5.07512
v 3.50534 1.03352 5.07684
v 3.50758 1.03216 5.07682
v 3.50563 1.03392 5.07786
v 3.50363 1.03553 5.07788
v 3.52634 1.068 5.07524
v 3.52846 1.06636 5.07693
v 3.52621 1.06773 5.07694
v 3.52862 1.06661 5.07523
v 3.5264 1.06814 5.07319
v 3.5305 1.06471 5.07691
v 3.5307 1.06494 5.07521
v 3.52817 1.06595 5.07794
v 3.53017 1.06434 5.07793
v 3.53736 1.04813 5.07094
v 3.53694 1.04548 5.06913
v 3.53695 1.04547 5.07092
v 3.53736 1.04814 5.06914
v 3.53743 1.05082 5.07095
v 3.53739 1.05081 5.07304
v 3.53732 1.04812 5.07302
v 3.53735 1.04815 5.06797
v 3.53694 1.04549 5.06795
v 3.53617 1.04291 5.06794
v 3.53647 1.0428 5.06724
v 3.53725 1.04542 5.06725
v 3.53767 1.04812 5.06726
v 3.53773 1.05086 5.06728
v 3.53741 1.05084 5.06798
v 3.53742 1.05083 5.06916
v 3.53713 1.05352 5.068
v 3.53744 1.05358 5.0673
v 3.53713 1.05351 5.06917
v 3.5365 1.05613 5.06919
v 3.5365 1.05613 5.06802
v 3.5368 1.05623 5.06731
v 3.53582 1.05878 5.06733
v 3.53714 1.0535 5.07097
v 3.53553 1.05864 5.06803
v 3.5345 1.06118 5.06735
v 3.53424 1.061 5.06805
v 3.53553 1.05863 5.06921
v 3.53265 1.06318 5.06807
v 3.5329 1.06339 5.06737
v 3.5308 1.06513 5.06809
v 3.5308 1.06512 5.06927
v 3.53101 1.06537 5.06739
v 3.52888 1.06708 5.06741
v 3.5287 1.06682 5.06811
v 3.53266 1.06317 5.06925
v 3.53424 1.061 5.06923
v 3.53425 1.06099 5.07103
v 3.53554 1.05862 5.07101
v 3.53422 1.06095 5.07311
v 3.53266 1.06316 5.07105
v 3.53651 1.05612 5.07099
v 3.52871 1.06681 5.06929
v 3.5264 1.06822 5.06813
v 3.52641 1.06821 5.06931
v 3.52642 1.0682 5.0711
v 3.52871 1.0668 5.07108
v 3.5264 1.06814 5.07319
v 3.53081 1.06511 5.07107
v 3.5287 1.06675 5.07317
v 3.52862 1.06661 5.07523
v 3.5307 1.06494 5.07521
v 3.53264 1.06312 5.07313
v 3.53079 1.06506 5.07315
v 3.53253 1.06301 5.07519
v 3.5305 1.06471 5.07691
v 3.53231 1.06281 5.07689
v 3.53193 1.06249 5.07791
v 3.53017 1.06434 5.07793
v 3.53344 1.06042 5.07789
v 3.5341 1.06086 5.07517
v 3.53386 1.06069 5.07687
v 3.53512 1.05838 5.07685
v 3.53467 1.05817 5.07787
v 3.53607 1.05593 5.07683
v 3.5356 1.05578 5.07785
v 3.5362 1.05329 5.07783
v 3.53538 1.05852 5.07515
v 3.5355 1.05859 5.07309
v 3.53634 1.05603 5.07513
v 3.53668 1.05338 5.07681
v 3.53647 1.05074 5.07782
v 3.53647 1.05609 5.07307
v 3.5371 1.05348 5.07306
v 3.53697 1.05344 5.07511
v 3.53725 1.05079 5.0751
v 3.53696 1.05077 5.0768
v 3.5369 1.04814 5.07678
v 3.53641 1.04818 5.0778
v 3.53649 1.04555 5.07677
v 3.53601 1.04565 5.07779
v 3.53529 1.04319 5.07778
v 3.53575 1.04303 5.07676
v 3.53602 1.04294 5.07506
v 3.53718 1.04812 5.07508
v 3.53678 1.04549 5.07507
v 3.53615 1.0429 5.073
v 3.53691 1.04547 5.07301
v 3.51772 1.02946 5.073
v 3.51773 1.02959 5.07506
v 3.52038 1.02988 5.07505
v 3.5204 1.02974 5.07299
v 3.52297 1.0305 5.07504
v 3.52289 1.03077 5.07674
v 3.52034 1.03016 5.07675
v 3.52026 1.03064 5.07778
v 3.52275 1.03124 5.07777
v 3.52513 1.03217 5.07776
v 3.52534 1.03172 5.07674
v 3.52738 1.0334 5.07776
v 3.52764 1.03298 5.07674
v 3.52779 1.03274 5.07503
v 3.52545 1.03146 5.07504
v 3.52786 1.03263 5.07298
v 3.52301 1.03037 5.07299
v 3.52301 1.03033 5.0709
v 3.52551 1.03134 5.07298
v 3.52552 1.03131 5.07089
v 3.52788 1.0326 5.07089
v 3.523 1.03034 5.0691
v 3.52551 1.03132 5.0691
v 3.52787 1.03261 5.0691
v 3.52551 1.03132 5.06792
v 3.52787 1.03261 5.06792
v 3.50744 1.0319 5.07512
v 3.50758 1.03216 5.07682
v 3.50998 1.03109 5.0768
v 3.50782 1.03259 5.07784
v 3.50534 1.03352 5.07684
v 3.50563 1.03392 5.07786
v 3.50085 1.03976 5.07808
v 3.49913 1.0417 5.07793
v 3.49966 1.04195 5.0781
v 3.50036 1.03946 5.07792
v 3.50187 1.03738 5.0779
v 3.50231 1.03775 5.07806
v 3.50363 1.03553 5.07788
v 3.50403 1.03595 5.07805
v 3.50596 1.03439 5.07803
v 3.50563 1.03392 5.07786
v 3.50809 1.0331 5.07801
v 3.50782 1.03259 5.07784
v 3.51016 1.03155 5.07783
v 3.51036 1.03209 5.078
v 3.51262 1.03082 5.07781
v 3.51274 1.03139 5.07798
v 3.5152 1.03101 5.07797
v 3.51515 1.03043 5.0778
v 3.51768 1.03095 5.07796
v 3.51771 1.03037 5.07779
v 3.52026 1.03064 5.07778
v 3.52016 1.03121 5.07795
v 3.52275 1.03124 5.07777
v 3.52257 1.03179 5.07794
v 3.52489 1.03269 5.07793
v 3.52513 1.03217 5.07776
v 3.52707 1.03388 5.07793
v 3.52738 1.0334 5.07776
v 3.52945 1.0349 5.07776
v 3.52908 1.03535 5.07793
v 3.53131 1.03667 5.07776
v 3.53089 1.03706 5.07793
v 3.53244 1.03899 5.07794
v 3.53291 1.03866 5.07777
v 3.53374 1.04112 5.07794
v 3.53425 1.04085 5.07777
v 3.53529 1.04319 5.07778
v 3.53475 1.04339 5.07795
v 3.53601 1.04565 5.07779
v 3.53545 1.04577 5.07796
v 3.53583 1.04823 5.07797
v 3.53641 1.04818 5.0778
v 3.53589 1.05072 5.07799
v 3.53647 1.05074 5.07782
v 3.5362 1.05329 5.07783
v 3.53563 1.05319 5.078
v 3.5356 1.05578 5.07785
v 3.53505 1.05561 5.07802
v 3.53415 1.05792 5.07804
v 3.53467 1.05817 5.07787
v 3.53296 1.06011 5.07806
v 3.53344 1.06042 5.07789
v 3.53193 1.06249 5.07791
v 3.53149 1.06212 5.07807
v 3.53017 1.06434 5.07793
v 3.52978 1.06392 5.07809
v 3.52784 1.06548 5.07811
v 3.52817 1.06595 5.07794
v 3.52572 1.06677 5.07813
v 3.52599 1.06728 5.07796
v 3.52364 1.06832 5.07798
v 3.52345 1.06778 5.07814
v 3.52119 1.06905 5.07799
v 3.52106 1.06848 5.07816
v 3.51861 1.06886 5.07817
v 3.51866 1.06944 5.07801
v 3.51612 1.06892 5.07818
v 3.5161 1.0695 5.07802
v 3.51355 1.06923 5.07803
v 3.51365 1.06866 5.07819
v 3.51106 1.06863 5.07804
v 3.51123 1.06808 5.0782
v 3.50891 1.06718 5.0782
v 3.50867 1.0677 5.07804
v 3.50673 1.06599 5.07821
v 3.50642 1.06647 5.07804
v 3.50435 1.06497 5.07805
v 3.50472 1.06452 5.07821
v 3.50249 1.0632 5.07804
v 3.50292 1.06281 5.07821
v 3.50136 1.06087 5.0782
v 3.50089 1.06121 5.07804
v 3.50007 1.05875 5.0782
v 3.49956 1.05902 5.07803
v 3.49852 1.05668 5.07802
v 3.49906 1.05648 5.07819
v 3.49779 1.05422 5.07801
v 3.49835 1.05409 5.07818
v 3.49797 1.05164 5.07816
v 3.49966 1.04195 5.0781
v 3.49913 1.0417 5.07793
v 3.49821 1.04409 5.07795
v 3.49876 1.04426 5.07812
v 3.49818 1.04668 5.07813
v 3.49761 1.04658 5.07797
v 3.49792 1.04915 5.07815
v 3.49734 1.04913 5.07799
v 3.4974 1.05169 5.078
v 3.49797 1.05164 5.07816
v 3.49779 1.05422 5.07801
v 3.5013 1.04006 5.07722
v 3.50014 1.04218 5.07724
v 3.50048 1.04235 5.07518
v 3.50161 1.04027 5.07516
v 3.50169 1.04035 5.07173
v 3.50056 1.04241 5.07175
v 3.50158 1.04032 5.06727
v 3.50045 1.04239 5.06729
v 3.5002 1.04232 5.06214
v 3.50301 1.03836 5.07515
v 3.50307 1.03845 5.07171
v 3.50463 1.03664 5.07513
v 3.50272 1.0381 5.0772
v 3.50085 1.03976 5.07808
v 3.50231 1.03775 5.07806
v 3.50439 1.03635 5.07719
v 3.50403 1.03595 5.07805
v 3.50596 1.03439 5.07803
v 3.50627 1.03484 5.07717
v 3.50135 1.04022 5.06212
v 3.4999 1.04223 5.05665
v 3.50107 1.04009 5.05663
v 3.5025 1.03812 5.05662
v 3.50277 1.03828 5.06211
v 3.50418 1.03635 5.0566
v 3.50297 1.03841 5.06725
v 3.50442 1.03654 5.06209
v 3.50469 1.03674 5.0717
v 3.50648 1.03516 5.07511
v 3.50833 1.03358 5.07715
v 3.5085 1.03393 5.0751
v 3.50853 1.03404 5.07166
v 3.50652 1.03527 5.07168
v 3.50847 1.03398 5.0672
v 3.5046 1.03669 5.06724
v 3.50644 1.03521 5.06722
v 3.50628 1.03504 5.06207
v 3.50608 1.03482 5.05658
v 3.50833 1.0338 5.06206
v 3.50816 1.03355 5.05656
v 3.50085 1.03976 5.07808
v 3.50014 1.04218 5.07724
v 3.5013 1.04006 5.07722
v 3.49966 1.04195 5.0781
v 3.49927 1.04443 5.07726
v 3.49962 1.04455 5.0752
v 3.49876 1.04426 5.07812
v 3.50048 1.04235 5.07518
v 3.49818 1.04668 5.07813
v 3.50056 1.04241 5.07175
v 3.4987 1.04678 5.07727
v 3.49792 1.04915 5.07815
v 3.49971 1.0446 5.07177
v 3.50045 1.04239 5.06729
v 3.49845 1.04918 5.07729
v 3.49907 1.04685 5.07521
v 3.49916 1.04689 5.07178
v 3.49851 1.05159 5.0773
v 3.49797 1.05164 5.07816
v 3.49887 1.05398 5.07731
v 3.49924 1.05391 5.07525
v 3.49835 1.05409 5.07818
v 3.49906 1.05648 5.07819
v 3.49956 1.0563 5.07732
v 3.50007 1.05875 5.0782
v 3.49887 1.05157 5.07524
v 3.49882 1.04921 5.07523
v 3.49891 1.04923 5.0718
v 3.49879 1.04925 5.06733
v 3.49896 1.05158 5.07181
v 3.49904 1.0469 5.06732
v 3.49959 1.0446 5.0673
v 3.49934 1.04456 5.06216
v 3.5002 1.04232 5.06214
v 3.49878 1.04689 5.06217
v 3.49902 1.0445 5.05667
v 3.4999 1.04223 5.05665
v 3.49845 1.04687 5.05668
v 3.49852 1.04927 5.06219
v 3.49819 1.04929 5.0567
v 3.49825 1.05173 5.05671
v 3.49858 1.05167 5.0622
v 3.49862 1.05414 5.05673
v 3.49884 1.05162 5.06735
v 3.49895 1.05404 5.06221
v 3.49932 1.05391 5.07182
v 3.49963 1.05634 5.06222
v 3.49931 1.05647 5.05674
v 3.4992 1.05396 5.06736
v 3.49988 1.05622 5.06737
v 3.50084 1.05839 5.06738
v 3.5006 1.05853 5.06223
v 3.5003 1.0587 5.05674
v 3.50157 1.06078 5.05675
v 3.49999 1.05616 5.07183
v 3.50185 1.06057 5.06224
v 3.5031 1.06268 5.05676
v 3.49991 1.05618 5.07526
v 3.50095 1.05831 5.07184
v 3.50054 1.05851 5.07733
v 3.50087 1.05834 5.07527
v 3.5018 1.06057 5.07734
v 3.50136 1.06087 5.0782
v 3.5021 1.06036 5.07528
v 3.50358 1.06221 5.07528
v 3.50331 1.06245 5.07734
v 3.50292 1.06281 5.07821
v 3.50472 1.06452 5.07821
v 3.50217 1.06032 5.07184
v 3.50506 1.06412 5.07734
v 3.50673 1.06599 5.07821
v 3.50702 1.06554 5.07734
v 3.5053 1.06384 5.07528
v 3.50721 1.06523 5.07528
v 3.50725 1.06516 5.07185
v 3.50535 1.06377 5.07185
v 3.50718 1.06527 5.06739
v 3.50207 1.06041 5.06738
v 3.50364 1.06216 5.07185
v 3.50526 1.06388 5.06739
v 3.50335 1.06244 5.06224
v 3.50355 1.06225 5.06739
v 3.50509 1.06409 5.06225
v 3.50703 1.0655 5.06224
v 3.50486 1.06436 5.05676
v 3.50684 1.0658 5.05676
v 3.51612 1.06892 5.07818
v 3.51374 1.06813 5.07733
v 3.51365 1.06866 5.07819
v 3.51614 1.06839 5.07732
v 3.51856 1.06833 5.07731
v 3.51861 1.06886 5.07817
v 3.52094 1.06796 5.0773
v 3.52106 1.06848 5.07816
v 3.52345 1.06778 5.07814
v 3.52326 1.06728 5.07728
v 3.52572 1.06677 5.07813
v 3.52547 1.0663 5.07727
v 3.52753 1.06504 5.07725
v 3.52784 1.06548 5.07811
v 3.52599 1.06728 5.07796
v 3.52846 1.06636 5.07693
v 3.52817 1.06595 5.07794
v 3.52621 1.06773 5.07694
v 3.52381 1.06879 5.07696
v 3.52364 1.06832 5.07798
v 3.52129 1.06954 5.07698
v 3.52119 1.06905 5.07799
v 3.52634 1.068 5.07524
v 3.51866 1.06944 5.07801
v 3.52391 1.06908 5.07526
v 3.5264 1.06814 5.07319
v 3.5187 1.06994 5.07699
v 3.5161 1.0695 5.07802
v 3.52395 1.06923 5.07321
v 3.52135 1.06984 5.07528
v 3.51872 1.07025 5.07529
v 3.52396 1.06929 5.07112
v 3.52642 1.0682 5.0711
v 3.52395 1.0693 5.06933
v 3.52137 1.07007 5.06934
v 3.52394 1.06931 5.06815
v 3.52138 1.07006 5.07114
v 3.52137 1.06999 5.07322
v 3.51872 1.07041 5.07324
v 3.51604 1.07047 5.07325
v 3.51872 1.07047 5.07115
v 3.51605 1.07031 5.0753
v 3.52136 1.07007 5.06816
v 3.52405 1.06962 5.06745
v 3.52143 1.07039 5.06747
v 3.51873 1.07081 5.06748
v 3.5187 1.07048 5.06818
v 3.516 1.07087 5.06749
v 3.51871 1.07048 5.06936
v 3.51601 1.07055 5.06819
v 3.51603 1.07053 5.07116
v 3.51607 1.07 5.077
v 3.51346 1.06972 5.07701
v 3.51355 1.06923 5.07803
v 3.51091 1.06911 5.07702
v 3.51106 1.06863 5.07804
v 3.50867 1.0677 5.07804
v 3.5134 1.07003 5.07531
v 3.51602 1.07054 5.06937
v 3.51334 1.07026 5.06938
v 3.51335 1.07025 5.07117
v 3.51072 1.06963 5.06939
v 3.51333 1.07026 5.0682
v 3.51328 1.07058 5.0675
v 3.51072 1.06963 5.06821
v 3.51062 1.06994 5.06751
v 3.50807 1.06896 5.06752
v 3.50821 1.06866 5.06821
v 3.50567 1.06765 5.06752
v 3.50585 1.06737 5.06822
v 3.50821 1.06865 5.06939
v 3.50585 1.06736 5.0694
v 3.50586 1.06735 5.07119
v 3.50822 1.06864 5.07119
v 3.51073 1.06962 5.07118
v 3.50825 1.06859 5.07327
v 3.5059 1.0673 5.07328
v 3.51337 1.07018 5.07326
v 3.51076 1.06956 5.07327
v 3.51081 1.0694 5.07532
v 3.50832 1.06844 5.07533
v 3.50599 1.06716 5.07533
v 3.50846 1.06816 5.07703
v 3.50615 1.0669 5.07703
v 3.50642 1.06647 5.07804
v 3.52784 1.06548 5.07811
v 3.52941 1.06353 5.07723
v 3.52753 1.06504 5.07725
v 3.52978 1.06392 5.07809
v 3.53149 1.06212 5.07807
v 3.53108 1.06178 5.07721
v 3.53296 1.06011 5.07806
v 3.5325 1.05982 5.0772
v 3.53108 1.06178 5.07721
v 3.52915 1.06326 5.07517
v 3.52941 1.06353 5.07723
v 3.52753 1.06504 5.07725
v 3.5273 1.06474 5.07519
v 3.52547 1.0663 5.07727
v 3.52528 1.06597 5.07521
v 3.52522 1.0659 5.07177
v 3.52723 1.06468 5.07176
v 3.52524 1.06602 5.06731
v 3.52906 1.0632 5.07174
v 3.53068 1.0615 5.07172
v 3.52726 1.06479 5.0673
v 3.53074 1.06159 5.06726
v 3.53213 1.05968 5.06725
v 3.52911 1.0633 5.06728
v 3.52925 1.06351 5.06213
v 3.52738 1.06501 5.06215
v 3.52943 1.06377 5.05664
v 3.52533 1.06626 5.06217
v 3.52753 1.06529 5.05666
v 3.52545 1.06656 5.05668
v 3.53374 1.04112 5.07794
v 3.53424 1.04358 5.07709
v 3.53475 1.04339 5.07795
v 3.53326 1.04137 5.07709
v 3.532 1.03931 5.07708
v 3.53244 1.03899 5.07794
v 3.53387 1.04372 5.07504
v 3.53454 1.04599 5.07505
v 3.53049 1.03743 5.07708
v 3.5302 1.0377 5.07502
v 3.53089 1.03706 5.07793
v 3.52908 1.03535 5.07793
v 3.52874 1.03576 5.07707
v 3.53168 1.03954 5.07502
v 3.53291 1.04156 5.07503
v 3.53376 1.04378 5.07161
v 3.53442 1.04604 5.07162
v 3.53383 1.04377 5.06715
v 3.53287 1.04161 5.06714
v 3.53404 1.04372 5.062
v 3.5328 1.04163 5.0716
v 3.53158 1.03962 5.07159
v 3.52848 1.03607 5.07502
v 3.52678 1.03434 5.07708
v 3.52657 1.03467 5.07502
v 3.5265 1.03478 5.07159
v 3.5284 1.03617 5.07159
v 3.52653 1.03472 5.06713
v 3.53011 1.03779 5.07159
v 3.52845 1.03612 5.06713
v 3.53164 1.03959 5.06713
v 3.52858 1.03596 5.06198
v 3.52664 1.03455 5.06198
v 3.53016 1.03774 5.06713
v 3.53031 1.03761 5.06198
v 3.52875 1.03576 5.05648
v 3.52678 1.03432 5.05648
v 3.53052 1.03743 5.05649
v 3.53182 1.03948 5.06198
v 3.53204 1.03933 5.05649
v 3.53306 1.04153 5.06199
v 3.53331 1.04142 5.0565
v 3.5343 1.04364 5.0565
v 3.52707 1.03388 5.07793
v 3.52874 1.03576 5.07707
v 3.52908 1.03535 5.07793
v 3.52678 1.03434 5.07708
v 3.52466 1.03318 5.07708
v 3.52489 1.03269 5.07793
v 3.52449 1.03354 5.07502
v 3.52229 1.03268 5.07503
v 3.52657 1.03467 5.07502
v 3.5265 1.03478 5.07159
v 3.52241 1.03231 5.07708
v 3.52257 1.03179 5.07794
v 3.52016 1.03121 5.07795
v 3.52443 1.03365 5.07159
v 3.52653 1.03472 5.06713
v 3.52006 1.03174 5.07709
v 3.51768 1.03095 5.07796
v 3.51766 1.03149 5.0771
v 3.52446 1.03359 5.06713
v 3.52453 1.0334 5.06198
v 3.51999 1.03213 5.07503
v 3.52224 1.0328 5.0716
v 3.51995 1.03225 5.0716
v 3.51763 1.03188 5.07504
v 3.51527 1.03194 5.07505
v 3.51524 1.03155 5.07711
v 3.51761 1.03201 5.07161
v 3.5176 1.03193 5.06715
v 3.51995 1.03218 5.06714
v 3.52225 1.03273 5.06713
v 3.5223 1.03253 5.06198
v 3.51997 1.03197 5.06199
v 3.52237 1.03227 5.05649
v 3.52464 1.03315 5.05649
v 3.52664 1.03455 5.06198
v 3.52678 1.03432 5.05648
v 3.52 1.0317 5.0565
v 3.51758 1.03172 5.062
v 3.51519 1.03178 5.06201
v 3.51757 1.03144 5.05651
v 3.51514 1.0315 5.05652
v 3.51768 1.03095 5.07796
v 3.51524 1.03155 5.07711
v 3.51766 1.03149 5.0771
v 3.5152 1.03101 5.07797
v 3.51286 1.03192 5.07712
v 3.51293 1.0323 5.07507
v 3.51274 1.03139 5.07798
v 3.51036 1.03209 5.078
v 3.51527 1.03194 5.07505
v 3.51054 1.0326 5.07714
v 3.50809 1.0331 5.07801
v 3.50833 1.03358 5.07715
v 3.50627 1.03484 5.07717
v 3.50596 1.03439 5.07803
v 3.51066 1.03297 5.07508
v 3.5085 1.03393 5.0751
v 3.50853 1.03404 5.07166
v 3.51068 1.03309 5.07165
v 3.50847 1.03398 5.0672
v 3.51526 1.03206 5.07162
v 3.51294 1.03242 5.07164
v 3.51063 1.03302 5.06719
v 3.51761 1.03201 5.07161
v 3.51763 1.03188 5.07504
v 3.5176 1.03193 5.06715
v 3.51523 1.03199 5.06716
v 3.51519 1.03178 5.06201
v 3.5129 1.03235 5.06717
v 3.51282 1.03214 5.06203
v 3.51052 1.03282 5.06204
v 3.50833 1.0338 5.06206
v 3.51273 1.03187 5.05653
v 3.51514 1.0315 5.05652
v 3.51039 1.03257 5.05655
v 3.50816 1.03355 5.05656
v 3.50925 1.06641 5.06739
v 3.50932 1.06629 5.07185
v 3.51151 1.06714 5.07184
v 3.51146 1.06726 5.06738
v 3.51136 1.06752 5.06224
v 3.51376 1.06781 5.06738
v 3.51369 1.06808 5.06223
v 3.51611 1.06806 5.06737
v 3.51125 1.06785 5.05675
v 3.50913 1.06665 5.06224
v 3.50897 1.06697 5.05675
v 3.51362 1.06842 5.05674
v 3.51608 1.06833 5.06222
v 3.51604 1.06867 5.05673
v 3.51848 1.06862 5.05672
v 3.51847 1.06828 5.06221
v 3.52088 1.06824 5.05671
v 3.52084 1.06791 5.0622
v 3.51848 1.06801 5.06736
v 3.52314 1.06723 5.06218
v 3.52322 1.06755 5.05669
v 3.52533 1.06626 5.06217
v 3.52545 1.06656 5.05668
v 3.52308 1.06698 5.06733
v 3.52524 1.06602 5.06731
v 3.52081 1.06765 5.06734
v 3.52307 1.06685 5.07179
v 3.52522 1.0659 5.07177
v 3.52081 1.06752 5.0718
v 3.52085 1.0676 5.07524
v 3.52312 1.06693 5.07522
v 3.52528 1.06597 5.07521
v 3.52547 1.0663 5.07727
v 3.52326 1.06728 5.07728
v 3.52094 1.06796 5.0773
v 3.51856 1.06833 5.07731
v 3.51849 1.06788 5.07182
v 3.51851 1.06797 5.07525
v 3.51614 1.06839 5.07732
v 3.51613 1.06794 5.07183
v 3.51379 1.06769 5.07184
v 3.51615 1.06802 5.07526
v 3.51379 1.06777 5.07527
v 3.51149 1.06722 5.07527
v 3.51374 1.06813 5.07733
v 3.50925 1.06641 5.06739
v 3.51136 1.06752 5.06224
v 3.50913 1.06665 5.06224
v 3.50718 1.06527 5.06739
v 3.50932 1.06629 5.07185
v 3.50703 1.0655 5.06224
v 3.50897 1.06697 5.05675
v 3.50684 1.0658 5.05676
v 3.50725 1.06516 5.07185
v 3.50929 1.06636 5.07528
v 3.50721 1.06523 5.07528
v 3.50702 1.06554 5.07734
v 3.51149 1.06722 5.07527
v 3.51151 1.06714 5.07184
v 3.50914 1.0667 5.07734
v 3.50673 1.06599 5.07821
v 3.50891 1.06718 5.0782
v 3.51139 1.06757 5.07734
v 3.51123 1.06808 5.0782
v 3.51365 1.06866 5.07819
v 3.51374 1.06813 5.07733
v 3.51379 1.06769 5.07184
v 3.51376 1.06781 5.06738
v 3.51611 1.06806 5.06737
v 3.53404 1.04372 5.062
v 3.5343 1.04364 5.0565
v 3.53499 1.04598 5.05652
v 3.53471 1.04602 5.06201
v 3.53383 1.04377 5.06715
v 3.53508 1.04838 5.06202
v 3.53536 1.04839 5.05653
v 3.5345 1.04604 5.06716
v 3.53442 1.04604 5.07162
v 3.53487 1.04838 5.06717
v 3.53492 1.05074 5.06718
v 3.53514 1.05078 5.06203
v 3.53542 1.05083 5.05654
v 3.53516 1.05325 5.05656
v 3.53479 1.04836 5.07163
v 3.53454 1.04599 5.07505
v 3.53488 1.05317 5.06205
v 3.53459 1.05562 5.05657
v 3.53432 1.0555 5.06206
v 3.53467 1.05309 5.0672
v 3.53346 1.05773 5.06208
v 3.53371 1.05789 5.05659
v 3.53231 1.05983 5.0621
v 3.53254 1.06003 5.05661
v 3.53111 1.062 5.05663
v 3.5309 1.06177 5.06212
v 3.52943 1.06377 5.05664
v 3.52925 1.06351 5.06213
v 3.53074 1.06159 5.06726
v 3.52911 1.0633 5.06728
v 3.53213 1.05968 5.06725
v 3.53326 1.0576 5.06723
v 3.53412 1.05539 5.06721
v 3.53404 1.05534 5.07167
v 3.53319 1.05753 5.07169
v 3.53416 1.05535 5.0751
v 3.53459 1.05305 5.07166
v 3.53206 1.0596 5.07171
v 3.53068 1.0615 5.07172
v 3.53484 1.05071 5.07164
v 3.5333 1.05755 5.07512
v 3.53077 1.06154 5.07516
v 3.52915 1.06326 5.07517
v 3.53108 1.06178 5.07721
v 3.5325 1.05982 5.0772
v 3.53217 1.05963 5.07514
v 3.53366 1.0577 5.07718
v 3.53296 1.06011 5.07806
v 3.53415 1.05792 5.07804
v 3.53453 1.05545 5.07716
v 3.53505 1.05561 5.07802
v 3.53563 1.05319 5.078
v 3.53509 1.0531 5.07715
v 3.53589 1.05072 5.07799
v 3.53471 1.05305 5.07509
v 3.53535 1.0507 5.07713
v 3.53496 1.0507 5.07507
v 3.5349 1.04833 5.07506
v 3.53529 1.04828 5.07712
v 3.53583 1.04823 5.07797
v 3.53492 1.0459 5.07711
v 3.53424 1.04358 5.07709
v 3.53545 1.04577 5.07796
v 3.53475 1.04339 5.07795
v 3.49977 1.04917 5.08869
v 3.49978 1.05146 5.08026
v 3.49982 1.05141 5.0887
v 3.49973 1.04921 5.08025
v 3.49975 1.05151 5.07148
v 3.50009 1.05374 5.07149
v 3.50013 1.05369 5.08027
v 3.50077 1.05584 5.08028
v 3.49969 1.04927 5.07146
v 3.49993 1.04703 5.07145
v 3.49997 1.04698 5.08024
v 3.50046 1.04484 5.07143
v 3.5005 1.04479 5.08022
v 3.50001 1.04693 5.08868
v 3.50131 1.04269 5.08021
v 3.50127 1.04274 5.07142
v 3.50239 1.04072 5.08019
v 3.50243 1.04067 5.08863
v 3.50235 1.04077 5.0714
v 3.50367 1.03895 5.07139
v 3.50371 1.0389 5.08017
v 3.50522 1.03732 5.07137
v 3.50135 1.04264 5.08864
v 3.50053 1.04474 5.08866
v 3.50057 1.0447 5.09641
v 3.50004 1.04688 5.09642
v 3.5006 1.04466 5.10311
v 3.50138 1.0426 5.09639
v 3.4998 1.04912 5.09643
v 3.49986 1.05137 5.09645
v 3.50007 1.04684 5.10312
v 3.49984 1.04908 5.10314
v 3.49989 1.05133 5.10315
v 3.49986 1.04905 5.10845
v 3.49991 1.0513 5.10846
v 3.50007 1.04904 5.11252
v 3.50013 1.05126 5.11253
v 3.5001 1.04681 5.10844
v 3.50075 1.05118 5.1155
v 3.50112 1.05329 5.11551
v 3.50065 1.04904 5.11549
v 3.50092 1.04692 5.11547
v 3.50213 1.04714 5.11749
v 3.50271 1.04521 5.11747
v 3.50031 1.04683 5.1125
v 3.50147 1.04484 5.11546
v 3.50062 1.04463 5.10842
v 3.50221 1.04282 5.11544
v 3.50332 1.0433 5.11746
v 3.50085 1.04467 5.11249
v 3.50164 1.04259 5.11247
v 3.50269 1.04063 5.11246
v 3.50319 1.04092 5.11543
v 3.50144 1.04253 5.1084
v 3.50141 1.04256 5.10309
v 3.50251 1.04056 5.10839
v 3.50246 1.04063 5.09637
v 3.50249 1.04059 5.10308
v 3.50382 1.03877 5.10306
v 3.50378 1.03881 5.09636
v 3.50536 1.03714 5.10304
v 3.50384 1.03874 5.10837
v 3.50375 1.03885 5.08861
v 3.50533 1.03718 5.09634
v 3.50526 1.03727 5.08016
v 3.5053 1.03722 5.0886
v 3.50701 1.03586 5.08014
v 3.50697 1.03591 5.07135
v 3.50705 1.03581 5.08858
v 3.50893 1.03469 5.08012
v 3.5089 1.03474 5.07134
v 3.50897 1.03464 5.08856
v 3.50709 1.03577 5.09632
v 3.50901 1.0346 5.09631
v 3.50712 1.03573 5.10303
v 3.50904 1.03456 5.10301
v 3.50906 1.03453 5.10832
v 3.50714 1.0357 5.10834
v 3.50917 1.03467 5.11239
v 3.50728 1.03584 5.11241
v 3.50539 1.03711 5.10836
v 3.50401 1.03885 5.11244
v 3.50555 1.03724 5.11242
v 3.506 1.0377 5.1154
v 3.50765 1.03631 5.11538
v 3.50448 1.03922 5.11541
v 3.50688 1.03863 5.11742
v 3.50541 1.04001 5.11743
v 3.50416 1.04152 5.11744
v 3.49982 1.05141 5.0887
v 3.49978 1.05146 5.08026
v 3.50013 1.05369 5.08027
v 3.50017 1.05364 5.08871
v 3.50081 1.05579 5.08872
v 3.50077 1.05584 5.08028
v 3.50172 1.05785 5.08873
v 3.5002 1.05359 5.09646
v 3.50084 1.05575 5.09647
v 3.50023 1.05355 5.10316
v 3.49986 1.05137 5.09645
v 3.49977 1.04917 5.08869
v 3.49989 1.05133 5.10315
v 3.4998 1.04912 5.09643
v 3.49991 1.0513 5.10846
v 3.50026 1.05352 5.10847
v 3.50013 1.05126 5.11253
v 3.50048 1.05345 5.11254
v 3.50112 1.05329 5.11551
v 3.5011 1.05559 5.11255
v 3.50169 1.05537 5.11552
v 3.50199 1.05762 5.11256
v 3.50251 1.05734 5.11553
v 3.50366 1.05914 5.11553
v 3.50089 1.05568 5.10848
v 3.50087 1.05571 5.10317
v 3.50316 1.05952 5.11256
v 3.50505 1.06079 5.11553
v 3.50181 1.05774 5.10849
v 3.50175 1.05781 5.09648
v 3.50298 1.05966 5.1085
v 3.50178 1.05777 5.10318
v 3.50295 1.05969 5.10318
v 3.50436 1.06144 5.10319
v 3.50292 1.05973 5.09648
v 3.50439 1.06141 5.1085
v 3.50456 1.06124 5.11257
v 3.50617 1.06278 5.11257
v 3.50658 1.0623 5.11554
v 3.50602 1.06296 5.1085
v 3.50796 1.0641 5.11257
v 3.50828 1.0636 5.11554
v 3.50784 1.06428 5.1085
v 3.50599 1.06299 5.10319
v 3.50781 1.06431 5.10319
v 3.50778 1.06435 5.09649
v 3.50596 1.06303 5.09649
v 3.50775 1.0644 5.08874
v 3.50433 1.06148 5.09649
v 3.50593 1.06307 5.08874
v 3.50289 1.05977 5.08874
v 3.50589 1.06312 5.0803
v 3.50771 1.06445 5.0803
v 3.5043 1.06152 5.08874
v 3.50426 1.06157 5.0803
v 3.50585 1.06317 5.07152
v 3.50767 1.0645 5.07152
v 3.50422 1.06162 5.07151
v 3.50285 1.05982 5.0803
v 3.50281 1.05987 5.07151
v 3.50168 1.0579 5.08029
v 3.50164 1.05795 5.0715
v 3.50073 1.05589 5.0715
v 3.50009 1.05374 5.07149
v 3.50771 1.06445 5.0803
v 3.50767 1.0645 5.07152
v 3.50964 1.06558 5.07151
v 3.50968 1.06553 5.0803
v 3.50775 1.0644 5.08874
v 3.51174 1.06639 5.07151
v 3.50972 1.06548 5.08874
v 3.51178 1.06634 5.08029
v 3.50976 1.06543 5.09648
v 3.50778 1.06435 5.09649
v 3.51397 1.06686 5.08029
v 3.51393 1.06692 5.0715
v 3.50979 1.06539 5.10319
v 3.51188 1.06621 5.10318
v 3.50781 1.06431 5.10319
v 3.50784 1.06428 5.1085
v 3.50981 1.06536 5.1085
v 3.50796 1.0641 5.11257
v 3.51185 1.06624 5.09648
v 3.51182 1.06629 5.08873
v 3.51401 1.06682 5.08873
v 3.51639 1.06706 5.08874
v 3.5162 1.0671 5.08028
v 3.51617 1.06715 5.07149
v 3.51841 1.0671 5.07148
v 3.51404 1.06677 5.09647
v 3.51845 1.06705 5.08027
v 3.52064 1.06676 5.07147
v 3.52068 1.0667 5.08026
v 3.51909 1.06701 5.08878
v 3.52283 1.06607 5.08024
v 3.52279 1.06612 5.07146
v 3.52489 1.06515 5.08023
v 3.52485 1.06521 5.07144
v 3.52665 1.06511 5.08854
v 3.52437 1.06603 5.08867
v 3.52183 1.06667 5.08878
v 3.52522 1.06666 5.09678
v 3.52091 1.06699 5.09673
v 3.5289 1.066 5.09636
v 3.53349 1.06672 5.10438
v 3.523 1.067 5.10357
v 3.51687 1.06702 5.09653
v 3.51407 1.06673 5.10317
v 3.51742 1.06699 5.10327
v 3.5178 1.06697 5.10855
v 3.51409 1.0667 5.10849
v 3.51797 1.06678 5.11257
v 3.52445 1.06703 5.10874
v 3.51191 1.06618 5.10849
v 3.51415 1.06648 5.11256
v 3.50991 1.06515 5.11257
v 3.51017 1.06458 5.11553
v 3.50828 1.0636 5.11554
v 3.5122 1.06532 5.11553
v 3.51199 1.06595 5.11256
v 3.51428 1.06587 5.11552
v 3.51259 1.06408 5.11754
v 3.51451 1.06466 5.11753
v 3.51788 1.06621 5.11554
v 3.51758 1.06506 5.11756
v 3.52294 1.06514 5.11766
v 3.52445 1.06634 5.11559
v 3.53334 1.0652 5.1179
v 3.52501 1.06688 5.11262
v 3.5366 1.06638 5.11554
v 3.5366 1.06694 5.10918
v 3.55693 1.06645 5.11524
v 3.55691 1.06588 5.11706
v 3.53743 1.06685 5.11269
v 3.55736 1.06677 5.11278
v 3.58089 1.06666 5.11212
v 3.5568 1.06677 5.10997
v 3.58101 1.06648 5.1141
v 3.5567 1.06646 5.10747
v 3.58073 1.06659 5.11002
v 3.58143 1.06607 5.11568
v 3.58245 1.06546 5.11656
v 3.55871 1.06514 5.11799
v 3.60496 1.06605 5.11292
v 3.60562 1.06551 5.11367
v 3.62462 1.06596 5.10801
v 3.62513 1.06545 5.1086
v 3.63795 1.06543 5.10061
v 3.63752 1.06592 5.1002
v 3.60445 1.06639 5.11158
v 3.63709 1.06622 5.09937
v 3.62417 1.06627 5.10691
v 3.60413 1.06651 5.10992
v 3.64468 1.06617 5.09068
v 3.64432 1.06626 5.08974
v 3.64506 1.06589 5.0914
v 3.64863 1.06581 5.08351
v 3.64838 1.06606 5.08257
v 3.63671 1.06632 5.09829
v 3.60403 1.06642 5.10824
v 3.62382 1.06639 5.10554
v 3.62363 1.0663 5.10412
v 3.62362 1.06601 5.10289
v 3.63644 1.06624 5.09716
v 3.60418 1.06612 5.10679
v 3.64815 1.06614 5.08144
v 3.64992 1.06583 5.076
v 3.5809 1.06627 5.10821
v 3.5818 1.0657 5.1071
v 3.60462 1.06559 5.10588
v 3.55848 1.06584 5.10598
v 3.62386 1.06552 5.10208
v 3.63643 1.06548 5.09546
v 3.63633 1.06596 5.09616
v 3.58301 1.06491 5.1065
v 3.60526 1.06486 5.10536
v 3.56087 1.06497 5.10523
v 3.53931 1.06596 5.10244
v 3.64397 1.06617 5.08902
v 3.64376 1.0659 5.08838
v 3.64739 1.0658 5.08134
v 3.64771 1.06605 5.08136
v 3.64927 1.06582 5.0751
v 3.53185 1.06507 5.09588
v 3.54257 1.06502 5.10165
v 3.54473 1.06389 5.10136
v 3.53401 1.0639 5.0957
v 3.52863 1.06394 5.08848
v 3.6498 1.0659 5.07456
v 3.6509 1.06547 5.07027
v 3.65025 1.06542 5.07115
v 3.65098 1.06544 5.07193
v 3.52489 1.06515 5.08023
v 3.52485 1.06521 5.07144
v 3.52677 1.06403 5.07143
v 3.52681 1.06398 5.08021
v 3.52665 1.06511 5.08854
v 3.52852 1.06263 5.07141
v 3.52863 1.06394 5.08848
v 3.52856 1.06257 5.0802
v 3.53011 1.06094 5.08018
v 3.53007 1.06099 5.07139
v 3.53144 1.05913 5.08017
v 3.5314 1.05918 5.07138
v 3.53189 1.06091 5.08844
v 3.53036 1.06254 5.08846
v 3.53567 1.06252 5.09568
v 3.53401 1.0639 5.0957
v 3.53144 1.05913 5.08017
v 3.5314 1.05918 5.07138
v 3.53248 1.0572 5.07136
v 3.53252 1.05715 5.08015
v 3.5332 1.0591 5.08843
v 3.53011 1.06094 5.08018
v 3.53329 1.0551 5.07135
v 3.53189 1.06091 5.08844
v 3.53333 1.05505 5.08013
v 3.53426 1.05714 5.08841
v 3.53385 1.05287 5.08012
v 3.53382 1.05292 5.07133
v 3.53409 1.05063 5.0801
v 3.53582 1.05065 5.08836
v 3.53405 1.05068 5.07132
v 3.53404 1.04838 5.08009
v 3.53559 1.05288 5.08838
v 3.53577 1.04842 5.08835
v 3.5337 1.04616 5.08008
v 3.54088 1.04863 5.09555
v 3.54093 1.05083 5.09556
v 3.5407 1.05302 5.09558
v 3.5402 1.05516 5.09559
v 3.53507 1.05505 5.08839
v 3.53943 1.05721 5.09561
v 3.5384 1.05914 5.09563
v 3.53714 1.06093 5.09566
v 3.53567 1.06252 5.09568
v 3.53036 1.06254 5.08846
v 3.53409 1.05063 5.0801
v 3.53405 1.05068 5.07132
v 3.534 1.04843 5.0713
v 3.53404 1.04838 5.08009
v 3.53366 1.04621 5.07129
v 3.5337 1.04616 5.08008
v 3.53306 1.044 5.08007
v 3.53302 1.04405 5.07128
v 3.53214 1.04195 5.08006
v 3.5339 1.04202 5.08832
v 3.5321 1.042 5.07127
v 3.53093 1.04007 5.07127
v 3.53097 1.04002 5.08006
v 3.52952 1.03832 5.07127
v 3.5348 1.04406 5.08833
v 3.53543 1.04621 5.08834
v 3.53577 1.04842 5.08835
v 3.54056 1.04645 5.09554
v 3.54088 1.04863 5.09555
v 3.53996 1.04434 5.09554
v 3.53909 1.04233 5.09553
v 3.53799 1.04045 5.09553
v 3.53275 1.04011 5.08832
v 3.53665 1.03874 5.09554
v 3.52956 1.03827 5.08005
v 3.53136 1.03836 5.08832
v 3.52975 1.03682 5.08832
v 3.53511 1.03723 5.09554
v 3.52793 1.03672 5.08005
v 3.52789 1.03677 5.07126
v 3.52787 1.0355 5.08836
v 3.53306 1.03589 5.09571
v 3.52611 1.0354 5.08005
v 3.52608 1.03545 5.07126
v 3.54093 1.05083 5.09556
v 3.5511 1.05123 5.10118
v 3.55089 1.05335 5.10119
v 3.5407 1.05302 5.09558
v 3.55042 1.05542 5.10121
v 3.5402 1.05516 5.09559
v 3.53943 1.05721 5.09561
v 3.54971 1.0574 5.10124
v 3.5384 1.05914 5.09563
v 3.54877 1.05928 5.10126
v 3.54761 1.061 5.10129
v 3.53714 1.06093 5.09566
v 3.54626 1.06255 5.10133
v 3.53567 1.06252 5.09568
v 3.53401 1.0639 5.0957
v 3.54473 1.06389 5.10136
v 3.56258 1.06389 5.10494
v 3.56388 1.06262 5.10488
v 3.52611 1.0354 5.08005
v 3.52608 1.03545 5.07126
v 3.5241 1.03437 5.07127
v 3.52414 1.03432 5.08005
v 3.52787 1.0355 5.08836
v 3.522 1.03356 5.07127
v 3.52567 1.03439 5.08848
v 3.52204 1.03351 5.08006
v 3.53019 1.0347 5.09618
v 3.53306 1.03589 5.09571
v 3.51986 1.03298 5.08007
v 3.51982 1.03303 5.07128
v 3.51762 1.03274 5.08007
v 3.51781 1.0327 5.08853
v 3.51758 1.03279 5.07129
v 3.51533 1.03285 5.0713
v 3.51537 1.0328 5.08008
v 3.51311 1.03319 5.07131
v 3.52049 1.03297 5.08858
v 3.5232 1.03354 5.08858
v 3.52658 1.03373 5.09658
v 3.53482 1.03428 5.10419
v 3.54056 1.03556 5.10226
v 3.52231 1.03305 5.09653
v 3.51315 1.03314 5.0801
v 3.51541 1.03275 5.08852
v 3.51099 1.03378 5.08011
v 3.51095 1.03383 5.07132
v 3.50893 1.03469 5.08012
v 3.51103 1.03373 5.08855
v 3.50897 1.03464 5.08856
v 3.51106 1.03368 5.09629
v 3.51319 1.03309 5.08854
v 3.51322 1.03305 5.09628
v 3.51325 1.03301 5.10298
v 3.51109 1.03365 5.103
v 3.51112 1.03361 5.10831
v 3.51544 1.0327 5.09627
v 3.51829 1.03269 5.09633
v 3.51547 1.03266 5.10297
v 3.52439 1.03314 5.10337
v 3.51883 1.03268 5.10307
v 3.51921 1.03267 5.10834
v 3.5155 1.03263 5.10828
v 3.51936 1.03283 5.11236
v 3.52584 1.03316 5.10854
v 3.51327 1.03298 5.1083
v 3.51554 1.03281 5.11235
v 3.5112 1.03378 5.11238
v 3.50917 1.03467 5.11239
v 3.51334 1.03316 5.11237
v 3.51142 1.03434 5.11535
v 3.50945 1.03516 5.11537
v 3.51349 1.03377 5.11534
v 3.51561 1.0334 5.11533
v 3.51378 1.03501 5.11736
v 3.51183 1.03547 5.11738
v 3.5125 1.03737 5.11859
v 3.50999 1.03616 5.11739
v 3.51087 1.03784 5.1186
v 3.50837 1.03728 5.1174
v 3.50765 1.03631 5.11538
v 3.51575 1.03459 5.11735
v 3.51597 1.0366 5.11857
v 3.51825 1.03633 5.11859
v 3.51923 1.03335 5.11534
v 3.51884 1.03444 5.11738
v 3.52419 1.03481 5.11748
v 3.52579 1.03376 5.1154
v 3.53456 1.0356 5.11773
v 3.52639 1.03331 5.11242
v 3.53791 1.03473 5.11535
v 3.53794 1.03427 5.10898
v 3.53877 1.03437 5.1125
v 3.55862 1.03611 5.1126
v 3.55817 1.03635 5.11506
v 3.58206 1.03818 5.11195
v 3.55807 1.03611 5.10978
v 3.55811 1.03688 5.11689
v 3.55983 1.03774 5.11783
v 3.58353 1.03938 5.11641
v 3.58217 1.03832 5.11394
v 3.58255 1.03871 5.11552
v 3.60601 1.04066 5.11277
v 3.60662 1.04123 5.11353
v 3.60553 1.04033 5.11142
v 3.6256 1.04234 5.10787
v 3.62607 1.04286 5.10846
v 3.63884 1.04387 5.10049
v 3.62517 1.04203 5.10677
v 3.60521 1.04023 5.10977
v 3.63804 1.04307 5.09923
v 3.63845 1.04337 5.10007
v 3.6456 1.04365 5.09054
v 3.64525 1.04356 5.08961
v 3.64596 1.04394 5.09127
v 3.64952 1.04423 5.08338
v 3.64929 1.04398 5.08243
v 3.63768 1.04298 5.09815
v 3.62483 1.04194 5.10539
v 3.62462 1.04206 5.10397
v 3.6051 1.04036 5.10808
v 3.6246 1.04239 5.10275
v 3.6374 1.04309 5.09702
v 3.58189 1.03828 5.10985
v 3.64906 1.04389 5.0813
v 3.65081 1.04426 5.07587
v 3.60522 1.04073 5.10664
v 3.55794 1.03646 5.10729
v 3.58204 1.03866 5.10805
v 3.55966 1.03725 5.10581
v 3.58288 1.03932 5.10694
v 3.58402 1.04023 5.10635
v 3.56196 1.03833 5.10507
v 3.60562 1.04131 5.10573
v 3.54373 1.03677 5.10148
v 3.5458 1.03808 5.10121
v 3.53511 1.03723 5.09554
v 3.62479 1.04293 5.10194
v 3.63732 1.04391 5.09533
v 3.63726 1.0434 5.09602
v 3.6449 1.04366 5.08889
v 3.64467 1.04395 5.08825
v 3.64828 1.04423 5.08121
v 3.64862 1.04398 5.08123
v 3.65015 1.04425 5.07497
v 3.6507 1.04419 5.07443
v 3.65175 1.04465 5.07014
v 3.65183 1.04469 5.0718
v 3.6511 1.04468 5.07103
v 3.65236 1.04529 5.06783
v 3.65163 1.04529 5.06886
v 3.50917 1.03467 5.11239
v 3.50765 1.03631 5.11538
v 3.50945 1.03516 5.11537
v 3.50728 1.03584 5.11241
v 3.50688 1.03863 5.11742
v 3.50837 1.03728 5.1174
v 3.506 1.0377 5.1154
v 3.50319 1.04092 5.11543
v 3.50221 1.04282 5.11544
v 3.50332 1.0433 5.11746
v 3.50416 1.04152 5.11744
v 3.50828 1.0636 5.11554
v 3.5089 1.06262 5.11755
v 3.50738 1.06137 5.11754
v 3.50658 1.0623 5.11554
v 3.506 1.05991 5.11754
v 3.50505 1.06079 5.11553
v 3.50366 1.05914 5.11553
v 3.50465 1.05842 5.11754
v 3.50251 1.05734 5.11553
v 3.50353 1.0568 5.11754
v 3.50284 1.05496 5.11753
v 3.50523 1.05591 5.11873
v 3.50169 1.05537 5.11552
v 3.50239 1.053 5.11752
v 3.50112 1.05329 5.11551
v 3.50075 1.05118 5.1155
v 3.50196 1.05104 5.11751
v 3.50398 1.05082 5.11871
v 3.50065 1.04904 5.11549
v 3.50371 1.04915 5.1187
v 3.5018 1.04908 5.1175
v 3.50213 1.04714 5.11749
v 3.50828 1.0636 5.11554
v 3.51067 1.06346 5.11754
v 3.5089 1.06262 5.11755
v 3.51017 1.06458 5.11553
v 3.51259 1.06408 5.11754
v 3.5122 1.06532 5.11553
v 3.55871 1.06514 5.11799
v 3.53334 1.0652 5.1179
v 3.55691 1.06588 5.11706
v 3.53895 1.06418 5.11862
v 3.58371 1.06465 5.11693
v 3.55871 1.06514 5.11799
v 3.58245 1.06546 5.11656
v 3.56104 1.06423 5.11834
v 3.53895 1.06418 5.11862
v 3.56263 1.06314 5.11842
v 3.542 1.06328 5.11889
v 3.54386 1.06214 5.11895
v 3.54512 1.06086 5.11892
v 3.53029 1.06159 5.11924
v 3.53183 1.06049 5.11927
v 3.52777 1.06221 5.11909
v 3.53334 1.0652 5.1179
v 3.52555 1.05994 5.11937
v 3.52448 1.06259 5.11893
v 3.52255 1.05956 5.11939
v 3.52064 1.063 5.11881
v 3.52294 1.06514 5.11766
v 3.51714 1.06312 5.11875
v 3.52472 1.05852 5.11942
v 3.53297 1.05923 5.11925
v 3.52069 1.05656 5.11948
v 3.51833 1.0603 5.11933
v 3.51688 1.06125 5.11917
v 3.52041 1.05949 5.11935
v 3.51846 1.05581 5.11948
v 3.51709 1.0497 5.11945
v 3.51677 1.05744 5.1195
v 3.52133 1.0543 5.11946
v 3.51489 1.06267 5.11873
v 3.51451 1.06466 5.11753
v 3.51259 1.06408 5.11754
v 3.51559 1.06017 5.11932
v 3.51323 1.06203 5.11873
v 3.51522 1.05567 5.11949
v 3.52562 1.05704 5.11941
v 3.52717 1.05624 5.1194
v 3.5115 1.06161 5.11874
v 3.51067 1.06346 5.11754
v 3.51411 1.05921 5.11932
v 3.51236 1.05915 5.11933
v 3.50992 1.06101 5.11874
v 3.5089 1.06262 5.11755
v 3.50738 1.06137 5.11754
v 3.51294 1.05624 5.11951
v 3.51091 1.05945 5.11918
v 3.5087 1.05983 5.11874
v 3.506 1.05991 5.11754
v 3.51056 1.05801 5.11933
v 3.51248 1.05394 5.1195
v 3.50758 1.05845 5.11874
v 3.51022 1.05329 5.1195
v 3.51098 1.05107 5.11949
v 3.50934 1.04938 5.11948
v 3.50976 1.05645 5.11932
v 3.50826 1.05552 5.11932
v 3.5063 1.05722 5.11874
v 3.50465 1.05842 5.11754
v 3.50686 1.05505 5.11917
v 3.50523 1.05591 5.11873
v 3.50353 1.0568 5.11754
v 3.50727 1.05363 5.11932
v 3.50476 1.05428 5.11873
v 3.50284 1.05496 5.11753
v 3.50239 1.053 5.11752
v 3.50448 1.05253 5.11872
v 3.50398 1.05082 5.11871
v 3.50736 1.05188 5.11931
v 3.50653 1.05033 5.1193
v 3.50556 1.04922 5.11914
v 3.50371 1.04915 5.1187
v 3.50412 1.04751 5.11869
v 3.50213 1.04714 5.11749
v 3.50271 1.04521 5.11747
v 3.50662 1.0482 5.11929
v 3.50476 1.04585 5.11868
v 3.51111 1.04783 5.11947
v 3.50518 1.04412 5.11867
v 3.50332 1.0433 5.11746
v 3.50758 1.04672 5.11928
v 3.50763 1.04497 5.11926
v 3.50578 1.04254 5.11865
v 3.50416 1.04152 5.11744
v 3.50541 1.04001 5.11743
v 3.51054 1.04555 5.11946
v 3.50734 1.04352 5.1191
v 3.50695 1.04132 5.11864
v 3.50688 1.03863 5.11742
v 3.50877 1.04316 5.11925
v 3.50834 1.0402 5.11863
v 3.50957 1.03891 5.11862
v 3.51285 1.04509 5.11944
v 3.51034 1.04236 5.11924
v 3.51126 1.04087 5.11922
v 3.51173 1.03947 5.11906
v 3.51087 1.03784 5.1186
v 3.5125 1.03737 5.11859
v 3.51349 1.04283 5.11943
v 3.51315 1.03988 5.11921
v 3.51426 1.0371 5.11858
v 3.51572 1.04358 5.11942
v 3.51491 1.03997 5.1192
v 3.51646 1.03914 5.11919
v 3.51597 1.0366 5.11857
v 3.51741 1.04195 5.11941
v 3.51896 1.04372 5.11941
v 3.52124 1.04315 5.1194
v 3.51783 1.03817 5.11903
v 3.51825 1.03633 5.11859
v 3.5192 1.03923 5.11921
v 3.52172 1.03674 5.11866
v 3.52419 1.03481 5.11748
v 3.52552 1.03746 5.11878
v 3.53456 1.0356 5.11773
v 3.52121 1.0402 5.11924
v 3.52334 1.04032 5.11927
v 3.52876 1.03811 5.11895
v 3.54007 1.03707 5.11846
v 3.52636 1.04019 5.11925
v 3.53122 1.03893 5.1191
v 3.52542 1.04153 5.11932
v 3.53267 1.04015 5.11915
v 3.5217 1.04545 5.11941
v 3.54303 1.03821 5.11874
v 3.54479 1.0395 5.11882
v 3.54595 1.04088 5.1188
v 3.56208 1.03884 5.11819
v 3.55983 1.03774 5.11783
v 3.5337 1.0415 5.11914
v 3.56359 1.04006 5.11828
v 3.58472 1.04028 5.11679
v 3.58353 1.03938 5.11641
v 3.5262 1.04308 5.11933
v 3.52767 1.044 5.11932
v 3.53491 1.04269 5.11914
v 3.52396 1.0461 5.1194
v 3.53041 1.04455 5.11927
v 3.58575 1.04137 5.11687
v 3.56468 1.0414 5.11825
v 3.54711 1.04227 5.11878
v 3.53592 1.04396 5.11913
v 3.56568 1.04285 5.11821
v 3.52863 1.04586 5.11933
v 3.5232 1.04832 5.11942
v 3.53634 1.04554 5.11913
v 3.54807 1.04378 5.11877
v 3.54863 1.04551 5.11877
v 3.549 1.04735 5.11877
v 3.56651 1.04443 5.11819
v 3.5881 1.04559 5.1167
v 3.56708 1.04618 5.11817
v 3.53658 1.04725 5.11914
v 3.52854 1.04761 5.11934
v 3.52936 1.04915 5.11934
v 3.58745 1.04404 5.11675
v 3.53706 1.04891 5.11914
v 3.52484 1.05001 5.11942
v 3.58666 1.04263 5.1168
v 3.60866 1.04416 5.11379
v 3.60922 1.04548 5.1137
v 3.608 1.043 5.11389
v 3.53167 1.0503 5.11929
v 3.62745 1.04557 5.10852
v 3.62782 1.04679 5.1084
v 3.62702 1.04449 5.10866
v 3.6073 1.04201 5.11385
v 3.60662 1.04123 5.11353
v 3.62655 1.04359 5.10868
v 3.62607 1.04286 5.10846
v 3.6392 1.04455 5.10059
v 3.60969 1.04693 5.11363
v 3.62812 1.04813 5.1083
v 3.62834 1.04958 5.10823
v 3.61004 1.04849 5.11358
v 3.62848 1.0511 5.10817
v 3.58858 1.04726 5.11667
v 3.61028 1.05013 5.11354
v 3.61039 1.05182 5.11352
v 3.56746 1.04802 5.11816
v 3.58891 1.04902 5.11665
v 3.5891 1.05084 5.11664
v 3.58912 1.05267 5.11664
v 3.56773 1.0499 5.11816
v 3.54937 1.0492 5.11877
v 3.61038 1.05354 5.11353
v 3.62854 1.05267 5.10815
v 3.62851 1.05427 5.10814
v 3.62841 1.05587 5.10817
v 3.61025 1.05525 5.11355
v 3.5678 1.05179 5.11817
v 3.53732 1.05053 5.11915
v 3.62822 1.05743 5.10821
v 3.64036 1.05626 5.09985
v 3.54951 1.05103 5.11878
v 3.54922 1.05285 5.11879
v 3.56758 1.05367 5.11818
v 3.54869 1.05466 5.11881
v 3.53692 1.05212 5.11916
v 3.58895 1.0545 5.11666
v 3.52927 1.05125 5.11935
v 3.60999 1.05693 5.11358
v 3.56716 1.05552 5.11821
v 3.53631 1.05374 5.11918
v 3.52307 1.05156 5.11944
v 3.58861 1.05629 5.11669
v 3.58814 1.05801 5.11673
v 3.60962 1.05855 5.11364
v 3.58752 1.05964 5.11678
v 3.56662 1.05733 5.11824
v 3.62795 1.05893 5.10828
v 3.64001 1.05919 5.09999
v 3.60914 1.06007 5.11371
v 3.62761 1.06035 5.10838
v 3.62721 1.06167 5.10849
v 3.60856 1.06148 5.1138
v 3.62674 1.06286 5.10862
v 3.54818 1.05647 5.11883
v 3.56591 1.05902 5.11828
v 3.53593 1.05542 5.11919
v 3.58674 1.06113 5.11685
v 3.60789 1.06275 5.1139
v 3.56495 1.06053 5.11832
v 3.60714 1.06385 5.11401
v 3.62622 1.06389 5.10877
v 3.60636 1.06477 5.11399
v 3.62568 1.06476 5.10881
v 3.62513 1.06545 5.1086
v 3.63836 1.06477 5.10071
v 3.63795 1.06543 5.10061
v 3.60562 1.06551 5.11367
v 3.58484 1.06365 5.117
v 3.58584 1.06247 5.11692
v 3.56383 1.06189 5.11837
v 3.54639 1.05957 5.11889
v 3.53428 1.05814 5.11923
v 3.54747 1.05814 5.11886
v 3.53538 1.05697 5.11921
v 3.52994 1.05592 5.11934
v 3.52364 1.05385 5.11945
v 3.52828 1.05446 5.11938
v 3.52832 1.05272 5.11937
v 3.58301 1.06491 5.1065
v 3.56087 1.06497 5.10523
v 3.56258 1.06389 5.10494
v 3.58413 1.06391 5.10625
v 3.56388 1.06262 5.10488
v 3.606 1.06394 5.1051
v 3.60526 1.06486 5.10536
v 3.58516 1.06273 5.10617
v 3.60675 1.06284 5.10499
v 3.58608 1.06136 5.10609
v 3.56503 1.06116 5.10483
v 3.58686 1.05984 5.10603
v 3.54626 1.06255 5.10133
v 3.54761 1.061 5.10129
v 3.56602 1.05953 5.10479
v 3.54877 1.05928 5.10126
v 3.54971 1.0574 5.10124
v 3.56683 1.05776 5.10475
v 3.55042 1.05542 5.10121
v 3.60743 1.06157 5.10489
v 3.62529 1.06294 5.10117
v 3.60801 1.06016 5.1048
v 3.62575 1.06175 5.10104
v 3.62477 1.06397 5.10132
v 3.58751 1.0582 5.10598
v 3.56744 1.05588 5.10472
v 3.60849 1.05864 5.10473
v 3.56784 1.05392 5.1047
v 3.55089 1.05335 5.10119
v 3.56803 1.05193 5.10468
v 3.58849 1.05278 5.10589
v 3.5511 1.05123 5.10118
v 3.58833 1.05463 5.1059
v 3.588 1.05645 5.10593
v 3.60886 1.05703 5.10467
v 3.62677 1.05751 5.10076
v 3.60911 1.05535 5.10464
v 3.6265 1.05901 5.10083
v 3.55106 1.0491 5.10117
v 3.54093 1.05083 5.09556
v 3.54088 1.04863 5.09555
v 3.55077 1.047 5.10116
v 3.54056 1.04645 5.09554
v 3.53996 1.04434 5.09554
v 3.56801 1.04992 5.10467
v 3.62616 1.06044 5.10093
v 3.63803 1.0606 5.09422
v 3.63828 1.05924 5.0941
v 3.63773 1.06186 5.09436
v 3.6374 1.063 5.09453
v 3.63703 1.06399 5.09472
v 3.63848 1.0578 5.09402
v 3.63862 1.05631 5.09396
v 3.62695 1.05595 5.10072
v 3.63669 1.06482 5.09501
v 3.60924 1.05363 5.10462
v 3.62706 1.05435 5.10069
v 3.62708 1.05276 5.1007
v 3.60925 1.05192 5.10462
v 3.62703 1.05118 5.10072
v 3.62427 1.06483 5.10159
v 3.62386 1.06552 5.10208
v 3.63643 1.06548 5.09546
v 3.60462 1.06559 5.10588
v 3.58848 1.05091 5.10588
v 3.60914 1.05022 5.10463
v 3.56777 1.04794 5.10467
v 3.5883 1.04908 5.10589
v 3.58796 1.04729 5.10591
v 3.56731 1.04601 5.10468
v 3.58745 1.0456 5.10594
v 3.6089 1.04858 5.10467
v 3.55022 1.04496 5.10116
v 3.53909 1.04233 5.09553
v 3.56665 1.04418 5.1047
v 3.54944 1.04301 5.10117
v 3.54843 1.0412 5.10118
v 3.53799 1.04045 5.09553
v 3.54721 1.03954 5.10119
v 3.53665 1.03874 5.09554
v 3.53511 1.03723 5.09554
v 3.5458 1.03808 5.10121
v 3.5658 1.04247 5.10472
v 3.56358 1.03955 5.10479
v 3.56196 1.03833 5.10507
v 3.58402 1.04023 5.10635
v 3.56477 1.04092 5.10475
v 3.58507 1.04132 5.10611
v 3.58679 1.04402 5.10599
v 3.60686 1.04309 5.10498
v 3.6062 1.04211 5.10522
v 3.58599 1.04258 5.10605
v 3.60752 1.04425 5.10488
v 3.626 1.04565 5.10107
v 3.60808 1.04557 5.10479
v 3.60855 1.04702 5.10472
v 3.62557 1.04457 5.10121
v 3.62637 1.04687 5.10095
v 3.62688 1.04966 5.10078
v 3.62666 1.04821 5.10085
v 3.63851 1.04893 5.09415
v 3.63832 1.04765 5.09428
v 3.63865 1.05031 5.09405
v 3.63873 1.05176 5.09398
v 3.63875 1.05326 5.09394
v 3.63808 1.04649 5.09444
v 3.63779 1.04547 5.09461
v 3.63752 1.0446 5.09489
v 3.62514 1.04366 5.10147
v 3.62479 1.04293 5.10194
v 3.63732 1.04391 5.09533
v 3.60562 1.04131 5.10573
v 3.56087 1.06497 5.10523
v 3.54473 1.06389 5.10136
v 3.56258 1.06389 5.10494
v 3.54257 1.06502 5.10165
v 3.53931 1.06596 5.10244
v 3.55848 1.06584 5.10598
v 3.64468 1.04442 5.08755
v 3.63732 1.04391 5.09533
v 3.63726 1.0434 5.09602
v 3.64484 1.04508 5.08695
v 3.63752 1.0446 5.09489
v 3.63779 1.04547 5.09461
v 3.64504 1.04592 5.08659
v 3.63808 1.04649 5.09444
v 3.64835 1.04465 5.08025
v 3.64828 1.04423 5.08121
v 3.64467 1.04395 5.08825
v 3.64524 1.04691 5.08637
v 3.64541 1.04804 5.08618
v 3.63832 1.04765 5.09428
v 3.64554 1.04929 5.08602
v 3.63851 1.04893 5.09415
v 3.63865 1.05031 5.09405
v 3.64897 1.04706 5.07828
v 3.6488 1.04607 5.07854
v 3.65075 1.04707 5.07157
v 3.6491 1.04818 5.07806
v 3.6486 1.04526 5.07911
v 3.64563 1.05063 5.0859
v 3.63873 1.05176 5.09398
v 3.6506 1.04609 5.07185
v 3.64921 1.04942 5.07787
v 3.64927 1.05075 5.07773
v 3.65087 1.04819 5.07132
v 3.64995 1.0447 5.07441
v 3.65035 1.04528 5.07264
v 3.65163 1.04529 5.06886
v 3.64949 1.04438 5.07665
v 3.64862 1.04398 5.08123
v 3.6449 1.04366 5.08889
v 3.6511 1.04468 5.07103
v 3.65015 1.04425 5.07497
v 3.65192 1.0461 5.06792
v 3.65236 1.04529 5.06783
v 3.65267 1.04612 5.06683
v 3.65206 1.04708 5.06762
v 3.65281 1.0471 5.06652
v 3.65292 1.04822 5.06625
v 3.65217 1.04821 5.06735
v 3.65301 1.04946 5.06603
v 3.65226 1.04944 5.06713
v 3.65096 1.04943 5.07111
v 3.65102 1.05076 5.07094
v 3.65105 1.05216 5.07083
v 3.65231 1.05078 5.06696
v 3.65306 1.05079 5.06585
v 3.65233 1.05218 5.06683
v 3.65308 1.05219 5.06572
v 3.65307 1.05365 5.06565
v 3.65232 1.05363 5.06676
v 3.65302 1.05512 5.06563
v 3.6493 1.05215 5.07762
v 3.64568 1.05205 5.08581
v 3.64568 1.05351 5.08576
v 3.63875 1.05326 5.09394
v 3.64564 1.055 5.08575
v 3.6493 1.0536 5.07756
v 3.65103 1.05362 5.07076
v 3.65228 1.05511 5.06675
v 3.64925 1.05508 5.07755
v 3.6522 1.05658 5.06678
v 3.65294 1.0566 5.06567
v 3.65099 1.05509 5.07074
v 3.65091 1.05657 5.07078
v 3.6508 1.05802 5.07086
v 3.65209 1.05803 5.06687
v 3.65284 1.05805 5.06576
v 3.64918 1.05656 5.07758
v 3.65196 1.05943 5.06701
v 3.6527 1.05944 5.0659
v 3.65254 1.06076 5.0661
v 3.65179 1.06075 5.0672
v 3.65066 1.05941 5.071
v 3.65161 1.06197 5.06744
v 3.65236 1.06199 5.06634
v 3.6514 1.06308 5.06771
v 3.65009 1.06306 5.07166
v 3.65215 1.06309 5.06662
v 3.65193 1.06405 5.06694
v 3.65118 1.06404 5.06803
v 3.65156 1.06485 5.06794
v 3.6503 1.06195 5.0714
v 3.65083 1.06483 5.06898
v 3.65025 1.06542 5.07115
v 3.6505 1.06073 5.07118
v 3.64874 1.06072 5.07794
v 3.64854 1.06194 5.07814
v 3.64507 1.06069 5.08609
v 3.64892 1.0594 5.07778
v 3.64906 1.058 5.07766
v 3.64986 1.06402 5.07196
v 3.64909 1.06537 5.07454
v 3.64862 1.06568 5.07678
v 3.64527 1.05936 5.08595
v 3.64556 1.05649 5.08578
v 3.64955 1.06481 5.07276
v 3.64749 1.06539 5.08037
v 3.64739 1.0658 5.08134
v 3.64779 1.0648 5.07922
v 3.64402 1.06481 5.08707
v 3.64381 1.06545 5.08768
v 3.64376 1.0659 5.08838
v 3.63643 1.06548 5.09546
v 3.63669 1.06482 5.09501
v 3.63703 1.06399 5.09472
v 3.64807 1.06401 5.07865
v 3.64429 1.064 5.0867
v 3.6374 1.063 5.09453
v 3.64831 1.06305 5.07838
v 3.64458 1.06303 5.08647
v 3.64484 1.06192 5.08627
v 3.63773 1.06186 5.09436
v 3.63803 1.0606 5.09422
v 3.63828 1.05924 5.0941
v 3.63848 1.0578 5.09402
v 3.64543 1.05795 5.08584
v 3.63862 1.05631 5.09396
v 3.63872 1.05479 5.09394
v 3.62695 1.05595 5.10072
v 3.62706 1.05435 5.10069
v 3.62708 1.05276 5.1007
v 3.62703 1.05118 5.10072
v 3.6392 1.04455 5.10059
v 3.62655 1.04359 5.10868
v 3.62702 1.04449 5.10866
v 3.63952 1.04542 5.1005
v 3.64667 1.04507 5.09115
v 3.62745 1.04557 5.10852
v 3.63884 1.04387 5.10049
v 3.62607 1.04286 5.10846
v 3.64633 1.04441 5.09137
v 3.63845 1.04337 5.10007
v 3.64596 1.04394 5.09127
v 3.64995 1.04466 5.08289
v 3.64952 1.04423 5.08338
v 3.65059 1.04439 5.07823
v 3.65126 1.04472 5.07604
v 3.65183 1.04469 5.0718
v 3.65246 1.04531 5.06961
v 3.65039 1.04527 5.08193
v 3.65183 1.04531 5.07429
v 3.65213 1.04612 5.0735
v 3.65066 1.04609 5.08142
v 3.65228 1.0471 5.07321
v 3.65277 1.04612 5.06866
v 3.65236 1.04529 5.06783
v 3.65267 1.04612 5.06683
v 3.65292 1.04711 5.06836
v 3.65281 1.0471 5.06652
v 3.65292 1.04822 5.06625
v 3.65303 1.04823 5.0681
v 3.65301 1.04946 5.06603
v 3.64693 1.0459 5.09092
v 3.65082 1.04707 5.08116
v 3.63981 1.04643 5.10032
v 3.64713 1.04689 5.0907
v 3.64005 1.0476 5.10017
v 3.62782 1.04679 5.1084
v 3.6473 1.04803 5.09051
v 3.64743 1.04927 5.09035
v 3.64024 1.04888 5.10004
v 3.62812 1.04813 5.1083
v 3.62834 1.04958 5.10823
v 3.65096 1.04819 5.08094
v 3.64038 1.05026 5.09994
v 3.62848 1.0511 5.10817
v 3.65241 1.04822 5.07296
v 3.65106 1.04943 5.08075
v 3.65312 1.04947 5.06788
v 3.6525 1.04946 5.07276
v 3.65317 1.0508 5.0677
v 3.65306 1.05079 5.06585
v 3.65256 1.05079 5.07259
v 3.65258 1.05219 5.07248
v 3.65319 1.0522 5.06758
v 3.65308 1.05219 5.06572
v 3.65307 1.05365 5.06565
v 3.65113 1.05076 5.08061
v 3.65318 1.05365 5.06751
v 3.65302 1.05512 5.06563
v 3.64752 1.05062 5.09023
v 3.65116 1.05217 5.0805
v 3.64046 1.05171 5.09987
v 3.64757 1.05203 5.09014
v 3.64048 1.05321 5.09983
v 3.62854 1.05267 5.10815
v 3.64757 1.0535 5.09009
v 3.64753 1.05499 5.09008
v 3.64045 1.05473 5.09982
v 3.62851 1.05427 5.10814
v 3.62841 1.05587 5.10817
v 3.64036 1.05626 5.09985
v 3.65115 1.05362 5.08044
v 3.65257 1.05365 5.07241
v 3.65111 1.0551 5.08043
v 3.65313 1.05513 5.06749
v 3.65253 1.05512 5.07239
v 3.65306 1.05661 5.06752
v 3.65294 1.0566 5.06567
v 3.65245 1.0566 5.07243
v 3.65234 1.05805 5.07251
v 3.65295 1.05805 5.06761
v 3.65284 1.05805 5.06576
v 3.6527 1.05944 5.0659
v 3.65103 1.05657 5.08046
v 3.65281 1.05945 5.06775
v 3.65254 1.06076 5.0661
v 3.64745 1.05647 5.09011
v 3.65092 1.05802 5.08054
v 3.64021 1.05775 5.0999
v 3.62822 1.05743 5.10821
v 3.64001 1.05919 5.09999
v 3.64733 1.05793 5.09017
v 3.64716 1.05934 5.09028
v 3.64696 1.06067 5.09042
v 3.65077 1.05942 5.08066
v 3.6522 1.05944 5.07264
v 3.63976 1.06055 5.10011
v 3.62795 1.05893 5.10828
v 3.62761 1.06035 5.10838
v 3.62721 1.06167 5.10849
v 3.63947 1.06181 5.10025
v 3.62674 1.06286 5.10862
v 3.65265 1.06077 5.06794
v 3.65059 1.06074 5.08082
v 3.65247 1.06199 5.06818
v 3.65236 1.06199 5.06634
v 3.65203 1.06076 5.07282
v 3.65184 1.06199 5.07305
v 3.65163 1.06309 5.07331
v 3.65226 1.0631 5.06846
v 3.65215 1.06309 5.06662
v 3.65193 1.06405 5.06694
v 3.65039 1.06196 5.08102
v 3.65203 1.06406 5.06877
v 3.65156 1.06485 5.06794
v 3.64673 1.0619 5.09059
v 3.65017 1.06306 5.08126
v 3.63913 1.06295 5.10042
v 3.64647 1.06301 5.0908
v 3.63876 1.06394 5.10061
v 3.62622 1.06389 5.10877
v 3.64618 1.06398 5.09103
v 3.64586 1.06479 5.09127
v 3.63836 1.06477 5.10071
v 3.62568 1.06476 5.10881
v 3.63795 1.06543 5.10061
v 3.64546 1.06543 5.0915
v 3.64992 1.06403 5.08153
v 3.65139 1.06405 5.07361
v 3.64959 1.06482 5.08204
v 3.65165 1.06485 5.06973
v 3.64909 1.0654 5.08302
v 3.65103 1.06483 5.0744
v 3.65041 1.06539 5.07617
v 3.65098 1.06544 5.07193
v 3.6509 1.06547 5.07027
v 3.64971 1.06569 5.07835
v 3.64992 1.06583 5.076
v 3.64863 1.06581 5.08351
v 3.64506 1.06589 5.0914
v 3.63752 1.06592 5.1002
v 3.64838 1.06606 5.08257
v 3.64971 1.06569 5.07835
v 3.64863 1.06581 5.08351
v 3.64992 1.06583 5.076
v 3.51087 1.03784 5.1186
v 3.50999 1.03616 5.11739
v 3.50837 1.03728 5.1174
v 3.50957 1.03891 5.11862
v 3.50688 1.03863 5.11742
v 3.5125 1.03737 5.11859
v 3.51183 1.03547 5.11738
v 3.51426 1.0371 5.11858
v 3.51378 1.03501 5.11736
v 3.51597 1.0366 5.11857
v 3.51714 1.06312 5.11875
v 3.51758 1.06506 5.11756
v 3.52294 1.06514 5.11766
v 3.51451 1.06466 5.11753
v 3.64381 1.06545 5.08768
v 3.64376 1.0659 5.08838
v 3.63633 1.06596 5.09616
v 3.63643 1.06548 5.09546
v 3.50966 1.03038 5.06729
v 3.51228 1.0296 5.06727
v 3.51207 1.02866 5.06691
v 3.51498 1.02918 5.06726
v 3.50933 1.02947 5.06692
v 3.51164 1.02678 5.06674
v 3.50716 1.03149 5.06731
v 3.51489 1.02822 5.06689
v 3.51771 1.02912 5.06724
v 3.50671 1.03063 5.06694
v 3.50866 1.02766 5.06676
v 3.50427 1.03212 5.06696
v 3.50483 1.03291 5.06732
v 3.50204 1.03391 5.06698
v 3.50073 1.03249 5.06682
v 3.5027 1.03462 5.06734
v 3.50081 1.0366 5.06736
v 3.50007 1.03599 5.067
v 3.49921 1.03881 5.06738
v 3.50316 1.03054 5.0668
v 3.50582 1.02893 5.06678
v 3.50432 1.02608 5.06667
v 3.50755 1.02464 5.06665
v 3.50252 1.02264 5.06635
v 3.5013 1.02791 5.0667
v 3.49839 1.0383 5.06702
v 3.49859 1.03475 5.06684
v 3.49702 1.04081 5.06704
v 3.49789 1.04121 5.0674
v 3.49598 1.04347 5.06707
v 3.49414 1.0429 5.06691
v 3.49691 1.04376 5.06742
v 3.49627 1.04642 5.06744
v 3.49531 1.04625 5.06708
v 3.49598 1.04914 5.06746
v 3.49526 1.04 5.06689
v 3.49676 1.03727 5.06687
v 3.49404 1.03555 5.06677
v 3.49612 1.03269 5.06675
v 3.49076 1.03347 5.06647
v 3.49234 1.03865 5.0668
v 3.49855 1.03013 5.06672
v 3.49314 1.0302 5.06644
v 3.49907 1.02474 5.06638
v 3.49592 1.02727 5.06641
v 3.49325 1.02438 5.0656
v 3.49011 1.02768 5.06563
v 3.4968 1.02153 5.06557
v 3.49096 1.02192 5.06402
v 3.48752 1.02554 5.06406
v 3.49486 1.01879 5.06398
v 3.48743 1.03137 5.06567
v 3.48458 1.02958 5.06409
v 3.48219 1.03396 5.06413
v 3.50069 1.01916 5.06554
v 3.49912 1.01619 5.06395
v 3.50369 1.01416 5.06392
v 3.48524 1.03537 5.0657
v 3.48038 1.03862 5.06416
v 3.50486 1.01731 5.06551
v 3.50848 1.01274 5.06389
v 3.48882 1.03701 5.0665
v 3.4836 1.03961 5.06573
v 3.50621 1.021 5.06633
v 3.50922 1.01602 5.06548
v 3.49107 1.04194 5.06683
v 3.51094 1.02364 5.06663
v 3.48253 1.04404 5.06576
v 3.47921 1.04347 5.0642
v 3.48736 1.04078 5.06652
v 3.48641 1.04471 5.06655
v 3.48599 1.04873 5.06658
v 3.48205 1.04857 5.06579
v 3.47869 1.04844 5.06423
v 3.4788 1.05344 5.06426
v 3.49024 1.04537 5.06685
v 3.48216 1.05313 5.06582
v 3.47957 1.05837 5.06428
v 3.49341 1.04592 5.06693
v 3.48987 1.04889 5.06687
v 3.49501 1.0491 5.0671
v 3.49308 1.04902 5.06695
v 3.49508 1.05196 5.06712
v 3.49604 1.05187 5.06747
v 3.49316 1.05213 5.06697
v 3.49363 1.05521 5.06699
v 3.49552 1.05478 5.06713
v 3.49646 1.05457 5.06749
v 3.49724 1.05719 5.0675
v 3.48995 1.05242 5.06689
v 3.49633 1.05753 5.06714
v 3.49835 1.05969 5.06751
v 3.48608 1.05277 5.0666
v 3.49049 1.05591 5.06691
v 3.48286 1.05763 5.06584
v 3.4867 1.05676 5.06662
v 3.48415 1.062 5.06586
v 3.48098 1.06316 5.0643
v 3.48784 1.06064 5.06664
v 3.48949 1.06433 5.06665
v 3.486 1.06616 5.06587
v 3.48301 1.06773 5.06432
v 3.48561 1.072 5.06433
v 3.49149 1.0593 5.06692
v 3.48837 1.07005 5.06589
v 3.48874 1.07589 5.06434
v 3.49452 1.05819 5.067
v 3.49293 1.06253 5.06694
v 3.49749 1.06014 5.06715
v 3.49578 1.06104 5.06701
v 3.49898 1.06258 5.06716
v 3.49977 1.06202 5.06752
v 3.4974 1.06369 5.06702
v 3.49935 1.06612 5.06702
v 3.50077 1.06481 5.06717
v 3.50148 1.06415 5.06752
v 3.50346 1.06604 5.06752
v 3.49477 1.06555 5.06694
v 3.50284 1.06678 5.06717
v 3.50567 1.06765 5.06752
v 3.49159 1.06779 5.06666
v 3.49698 1.0683 5.06695
v 3.49122 1.0736 5.06589
v 3.49412 1.07093 5.06667
v 3.49452 1.07674 5.0659
v 3.49236 1.07933 5.06435
v 3.49705 1.07372 5.06667
v 3.50032 1.0761 5.06667
v 3.49821 1.07942 5.0659
v 3.4964 1.08227 5.06434
v 3.50079 1.08467 5.06434
v 3.49954 1.07073 5.06695
v 3.50221 1.08161 5.06589
v 3.50544 1.08647 5.06433
v 3.5016 1.06826 5.06702
v 3.5024 1.07281 5.06695
v 3.50515 1.06846 5.06717
v 3.50412 1.07009 5.06702
v 3.50766 1.06983 5.06717
v 3.50807 1.06896 5.06752
v 3.50685 1.07159 5.06702
v 3.50975 1.07271 5.06701
v 3.51033 1.07087 5.06716
v 3.51062 1.06994 5.06751
v 3.51328 1.07058 5.0675
v 3.5055 1.07451 5.06695
v 3.51311 1.07154 5.06715
v 3.516 1.07087 5.06749
v 3.50386 1.07803 5.06667
v 3.50879 1.07578 5.06694
v 3.50645 1.08325 5.06588
v 3.50763 1.07949 5.06666
v 3.51088 1.08432 5.06587
v 3.5103 1.08764 5.06431
v 3.51156 1.08044 5.06665
v 3.51558 1.08087 5.06663
v 3.51541 1.0848 5.06585
v 3.51527 1.08817 5.06429
v 3.52026 1.08805 5.06427
v 3.51223 1.07661 5.06693
v 3.51997 1.08469 5.06583
v 3.5252 1.08729 5.06424
v 3.51278 1.07344 5.067
v 3.51574 1.07698 5.06692
v 3.51595 1.07184 5.06714
v 3.51587 1.07377 5.06699
v 3.51881 1.07177 5.06713
v 3.51873 1.07081 5.06748
v 3.51899 1.0737 5.06698
v 3.52206 1.07322 5.06696
v 3.52164 1.07133 5.06711
v 3.52143 1.07039 5.06747
v 3.52405 1.06962 5.06745
v 3.51927 1.0769 5.0669
v 3.52438 1.07052 5.06709
v 3.52655 1.06851 5.06743
v 3.51962 1.08077 5.06661
v 3.52276 1.07636 5.06688
v 3.52447 1.084 5.0658
v 3.52361 1.08015 5.06659
v 3.52884 1.08271 5.06578
v 3.52999 1.08587 5.06421
v 3.52749 1.07901 5.06657
v 3.53118 1.07737 5.06654
v 3.533 1.08086 5.06575
v 3.53456 1.08384 5.06418
v 3.53882 1.08124 5.06415
v 3.52615 1.07536 5.06686
v 3.5369 1.07849 5.06572
v 3.54272 1.07811 5.06411
v 3.52504 1.07234 5.06694
v 3.52938 1.07392 5.06684
v 3.52699 1.06936 5.06708
v 3.52789 1.07107 5.06692
v 3.52944 1.06788 5.06706
v 3.52888 1.06708 5.06741
v 3.53055 1.06945 5.0669
v 3.53297 1.0675 5.06688
v 3.53167 1.06608 5.06704
v 3.53101 1.06537 5.06739
v 3.5329 1.06339 5.06737
v 3.5324 1.07209 5.06681
v 3.53363 1.06401 5.06701
v 3.5345 1.06118 5.06735
v 3.53464 1.07527 5.06651
v 3.53515 1.06987 5.06679
v 3.54045 1.07563 5.06568
v 3.53778 1.07273 5.06648
v 3.54358 1.07233 5.06565
v 3.54616 1.07449 5.06408
v 3.54057 1.0698 5.06645
v 3.54295 1.06654 5.06642
v 3.54626 1.06865 5.06562
v 3.5491 1.07045 5.06404
v 3.55149 1.06607 5.064
v 3.53759 1.06731 5.06676
v 3.54845 1.06465 5.06558
v 3.5533 1.06141 5.06397
v 3.53512 1.06525 5.06686
v 3.53967 1.06445 5.06674
v 3.53532 1.0617 5.06699
v 3.53695 1.06273 5.06683
v 3.53669 1.05919 5.06697
v 3.53582 1.05878 5.06733
v 3.53844 1.06 5.06681
v 3.53957 1.0571 5.06679
v 3.53772 1.05652 5.06695
v 3.5368 1.05623 5.06731
v 3.53744 1.05358 5.0673
v 3.54136 1.06135 5.06671
v 3.53839 1.05374 5.06693
v 3.53773 1.05086 5.06728
v 3.54488 1.06299 5.06639
v 3.54264 1.05806 5.06669
v 3.5501 1.0604 5.06555
v 3.54634 1.05922 5.06637
v 3.55116 1.05597 5.06552
v 3.55447 1.05656 5.06393
v 3.54729 1.05529 5.06634
v 3.54772 1.05127 5.06631
v 3.55164 1.05144 5.06549
v 3.55499 1.05159 5.0639
v 3.55488 1.04659 5.06387
v 3.54346 1.05463 5.06666
v 3.55154 1.04688 5.06547
v 3.55411 1.04166 5.06385
v 3.54029 1.05407 5.06677
v 3.54384 1.05111 5.06664
v 3.53869 1.0509 5.06692
v 3.54062 1.05098 5.06675
v 3.53863 1.04804 5.0669
v 3.53767 1.04812 5.06726
v 3.54055 1.04787 5.06673
v 3.54007 1.04479 5.06672
v 3.53819 1.04521 5.06689
v 3.53725 1.04542 5.06725
v 3.53647 1.0428 5.06724
v 3.54375 1.04758 5.06662
v 3.53738 1.04247 5.06687
v 3.53536 1.0403 5.06723
v 3.54762 1.04723 5.06629
v 3.54321 1.04409 5.0666
v 3.55084 1.04238 5.06544
v 3.547 1.04324 5.06627
v 3.54955 1.03802 5.06543
v 3.5527 1.03687 5.06383
v 3.54586 1.03937 5.06625
v 3.54422 1.03567 5.06624
v 3.5477 1.03385 5.06541
v 3.55067 1.0323 5.06381
v 3.54807 1.02803 5.0638
v 3.54221 1.0407 5.06659
v 3.54533 1.02996 5.0654
v 3.54494 1.02414 5.06379
v 3.53919 1.04181 5.0667
v 3.54078 1.03747 5.06658
v 3.53622 1.03986 5.06686
v 3.53793 1.03896 5.06669
v 3.53473 1.03741 5.06686
v 3.53394 1.03797 5.06722
v 3.53631 1.0363 5.06668
v 3.53436 1.03388 5.06668
v 3.53294 1.03519 5.06685
v 3.53223 1.03584 5.06722
v 3.53025 1.03396 5.06722
v 3.53894 1.03445 5.06657
v 3.53086 1.03322 5.06685
v 3.52804 1.03235 5.06722
v 3.54211 1.03222 5.06623
v 3.53672 1.0317 5.06656
v 3.54247 1.02641 5.06539
v 3.53958 1.02907 5.06622
v 3.53917 1.02327 5.06539
v 3.54132 1.0207 5.06379
v 3.53665 1.02629 5.06622
v 3.53338 1.02391 5.06622
v 3.53549 1.02059 5.06539
v 3.53728 1.01776 5.06379
v 3.53289 1.01536 5.06379
v 3.53416 1.02927 5.06656
v 3.53149 1.0184 5.06539
v 3.52824 1.01356 5.0638
v 3.5321 1.03174 5.06668
v 3.53131 1.02719 5.06656
v 3.52855 1.03153 5.06685
v 3.52958 1.0299 5.06668
v 3.52604 1.03016 5.06685
v 3.52564 1.03104 5.06722
v 3.52685 1.02841 5.06668
v 3.52395 1.02729 5.06669
v 3.52338 1.02913 5.06686
v 3.52309 1.03005 5.06723
v 3.52043 1.02941 5.06723
v 3.52821 1.02549 5.06656
v 3.5206 1.02846 5.06687
v 3.52984 1.02197 5.06622
v 3.51775 1.02816 5.06688
v 3.52491 1.02422 5.06657
v 3.52724 1.01676 5.0654
v 3.52093 1.02656 5.0667
v 3.51472 1.0263 5.06672
v 3.52607 1.02051 5.06623
v 3.52281 1.01569 5.06542
v 3.52338 1.01239 5.06382
v 3.52214 1.01956 5.06625
v 3.51812 1.01914 5.06626
v 3.52148 1.02339 5.06658
v 3.51828 1.01521 5.06543
v 3.51841 1.01186 5.06384
v 3.51342 1.01198 5.06386
v 3.51372 1.01532 5.06545
v 3.51796 1.02302 5.06659
v 3.51408 1.01923 5.06628
v 3.51783 1.02623 5.06671
v 3.51443 1.0231 5.06661
v 3.51009 1.01985 5.0663
vn 3.300526 1.518447 5.306355
vn 3.412359 1.388049 5.503379
vn 3.36845 1.371025 5.50351
vn 3.564545 1.564204 5.305427
vn 3.596878 1.39566 5.502587
vn 3.550361 1.402855 5.502879
vn 3.208242 1.537073 5.078941
vn 3.207811 1.537718 5.058113
vn 3.273512 1.573601 5.05802
vn 3.248983 0.5390748 5.025294
vn 3.249123 0.5395004 5.015691
vn 3.317458 0.5091853 5.015205
vn 3.207856 1.537616 5.03126
vn 3.273651 1.57316 5.021564
vn 3.208032 1.537321 5.021657
vn 3.248915 0.5386501 5.045311
vn 3.317331 0.5082999 5.044825
vn 3.248915 0.5386501 5.045311
vn 3.248915 0.5386501 5.045311
vn 3.317331 0.5082999 5.044825
vn 3.248915 0.5386501 5.045311
vn 3.317331 0.5082999 5.044825
vn 3.317331 0.5082999 5.044825
vn 3.248915 0.5386501 5.045311
vn 3.249049 0.5387208 5.059196
vn 3.318161 0.508125 5.059132
vn 3.251203 0.5420225 5.115335
vn 3.582289 0.8547059 5.586367
vn 3.623062 0.6514857 5.450952
vn 3.5819 0.656047 5.463955
vn 3.636118 0.8524207 5.576211
vn 3.709013 0.6708567 5.437619
vn 3.641703 1.049403 5.610724
vn 3.768109 1.052731 5.566814
vn 3.767514 1.047956 5.567104
vn 3.566588 1.243056 5.588924
vn 3.55022 1.440817 5.470802
vn 3.59205 1.448148 5.458431
vn 3.620472 1.249758 5.578767
vn 3.681282 1.435775 5.443953
vn 3.603556 0.7128054 4.586593
vn 3.70237 0.7755202 4.574316
vn 3.675146 0.6132469 4.704422
vn 3.540088 0.7977699 4.528294
vn 3.596067 0.5525595 4.76512
vn 3.503913 0.6417944 4.639076
vn 3.467458 0.8466969 4.508979
vn 3.558043 0.6025493 4.684676
vn 3.439706 1.057231 4.474915
vn 3.313067 1.034508 4.507056
vn 3.315571 1.032499 4.50618
vn 3.114396 0.7603197 4.75132
vn 3.372926 0.546753 4.803584
vn 3.242974 0.5918812 4.827049
vn 3.315851 0.516595 4.955774
vn 3.23631 0.5562235 4.943329
vn 3.08293 0.6908754 4.920259
vn 3.83868 0.7141312 5.388843
vn 3.733027 0.5559533 5.252899
vn 3.647994 0.5310644 5.263165
vn 3.939977 1.341367 5.310472
vn 3.815322 1.403547 5.392418
vn 3.703198 1.552158 5.262742
vn 3.66743 0.9260733 4.50369
vn 4.089871 0.9831808 5.066961
vn 4.091951 1.004096 5.066264
vn 3.663907 1.133503 4.495036
vn 2.99837 1.026039 4.79402
vn 3.666284 1.107566 4.492372
vn 3.5594 1.537858 4.741088
vn 3.546501 1.613113 4.922659
vn 3.11863 1.435466 4.884801
vn 3.220117 1.534092 4.941711
vn 3.067512 1.388904 4.917717
vn 3.305544 1.580387 4.9603
vn 3.139737 1.453091 4.87737
vn 3.390896 1.605676 4.953049
vn 3.556157 0.696595 5.501818
vn 3.54111 0.6419333 5.45465
vn 3.537621 0.7699486 5.551445
vn 3.530819 0.8510444 5.58882
vn 3.541427 0.6432037 5.455899
vn 3.958584 0.787372 5.309911
vn 3.882181 0.6215978 5.174248
vn 3.822419 0.5927476 5.222343
vn 3.734701 0.5172105 5.090111
vn 3.908389 0.6314607 5.11556
vn 3.805148 0.5512339 5.082952
vn 3.910378 0.6292183 5.08238
vn 3.594428 0.5667743 4.74097
vn 3.577882 0.4893623 4.923928
vn 4.014084 0.7578722 5.071517
vn 3.248894 0.5387345 5.03821
vn 3.283481 0.6088171 4.756924
vn 3.221178 0.6531377 4.749769
vn 3.181196 0.5804772 5.033749
vn 3.182945 0.690851 4.742367
vn 3.125747 0.6256957 5.029253
vn 3.219735 0.6254447 5.301556
vn 3.278016 0.5905444 5.302273
vn 3.166812 0.6673886 5.300819
vn 3.076182 0.6771809 5.034787
vn 3.120673 0.7166629 5.302522
vn 3.277087 0.7849955 5.500494
vn 3.02907 0.7411609 5.040377
vn 3.08111 0.7718636 5.304201
vn 3.048082 0.8312321 5.303511
vn 2.991291 0.8111661 5.035943
vn 3.061255 0.8536736 4.751653
vn 3.023229 0.8940095 5.30278
vn 2.965868 0.8780369 5.031438
vn 3.076182 0.6771809 5.034787
vn 3.125747 0.6256957 5.029253
vn 3.182945 0.690851 4.742367
vn 3.142287 0.7257821 4.750548
vn 3.02907 0.7411609 5.040377
vn 3.093079 0.7841601 4.758784
vn 3.061255 0.8536736 4.751653
vn 3.237174 0.9422129 4.553574
vn 3.254955 0.8884523 4.558528
vn 3.238255 0.9666387 4.548255
vn 3.046979 0.9054437 4.744215
vn 2.991291 0.8111661 5.035943
vn 2.965868 0.8780369 5.031438
vn 3.029258 0.9560302 4.752394
vn 3.223467 0.986053 4.553892
vn 3.015864 1.031196 4.76056
vn 2.939914 1.026394 5.042431
vn 3.023027 1.107282 4.753297
vn 2.948707 0.9474054 5.036924
vn 3.023229 0.8940095 5.30278
vn 3.007915 0.9597504 5.304441
vn 3.001261 1.027342 5.306048
vn 3.002332 1.095251 5.305244
vn 2.942182 1.10588 5.037859
vn 3.012193 1.162048 5.304381
vn 3.036523 1.159264 4.745737
vn 3.232086 1.116322 4.549149
vn 3.046508 1.211947 4.753787
vn 2.953579 1.176486 5.033215
vn 2.973418 1.245151 5.038524
vn 3.0318 1.226644 5.305868
vn 3.005317 1.317971 5.043818
vn 3.072509 1.28375 4.761771
vn 3.221178 0.6531377 4.749769
vn 3.31844 0.8400874 4.547162
vn 3.182945 0.690851 4.742367
vn 3.329718 0.8183607 4.552443
vn 3.283481 0.6088171 4.756924
vn 3.371988 0.7806845 4.557377
vn 3.426966 0.7674411 4.551708
vn 3.3553 0.5828937 4.74877
vn 3.451176 0.7705804 4.54616
vn 3.407988 0.5730044 4.740668
vn 3.459951 0.5594209 4.748172
vn 3.471774 0.7573792 4.551456
vn 3.536017 0.5521764 4.755464
vn 3.527189 0.7458744 4.556479
vn 3.58146 0.7619087 4.550983
vn 3.611202 0.5656577 4.747521
vn 3.60086 0.776746 4.545525
vn 3.661808 0.5834569 4.739599
vn 3.713576 0.5976564 4.747251
vn 3.625282 0.7756151 4.550861
vn 3.783073 0.6293998 4.754799
vn 3.67904 0.793341 4.556069
vn 3.718019 0.8343598 4.55079
vn 3.841462 0.6786922 4.747139
vn 3.142287 0.7257821 4.750548
vn 3.182945 0.690851 4.742367
vn 3.31844 0.8400874 4.547162
vn 3.295924 0.8494799 4.552775
vn 3.428022 0.9609503 4.483576
vn 3.40138 0.9818474 4.485485
vn 3.254955 0.8884523 4.558528
vn 3.237174 0.9422129 4.553574
vn 3.39384 1.014887 4.484043
vn 3.238255 0.9666387 4.548255
vn 3.463492 1.021322 4.472889
vn 3.434066 0.9663253 4.481834
vn 3.485924 1.01875 4.471383
vn 3.429204 0.9598417 4.483567
vn 3.329718 0.8183607 4.552443
vn 3.452251 0.9349971 4.484987
vn 3.371988 0.7806845 4.557377
vn 3.426966 0.7674411 4.551708
vn 3.485783 0.9302236 4.48314
vn 3.451176 0.7705804 4.54616
vn 3.486346 1.000284 4.472664
vn 3.481924 1.022433 4.471422
vn 3.488354 1.025411 4.470934
vn 3.510204 1.049145 4.469743
vn 3.503068 1.046414 4.46988
vn 3.514168 1.053445 4.469721
vn 3.508072 1.041815 4.469831
vn 3.507067 1.009271 4.471233
vn 3.48832 0.9379055 4.481428
vn 3.470752 1.042713 4.471589
vn 3.5129 1.047736 4.469723
vn 3.487368 0.9298692 4.48313
vn 3.471774 0.7573792 4.551456
vn 3.505834 1.016266 4.470802
vn 3.501746 1.010468 4.471263
vn 3.519719 0.9198622 4.484597
vn 3.527189 0.7458744 4.556479
vn 3.58146 0.7619087 4.550983
vn 3.514714 1.040318 4.469792
vn 3.516653 0.9934818 4.472489
vn 3.551153 0.9324968 4.482859
vn 3.60086 0.776746 4.545525
vn 3.530079 1.011631 4.471143
vn 3.549514 0.9404427 4.481164
vn 3.515913 1.047859 4.46971
vn 3.552704 0.932989 4.482853
vn 3.625282 0.7756151 4.550861
vn 3.525533 1.017076 4.470718
vn 3.524881 1.01001 4.471157
vn 3.521181 1.042362 4.469774
vn 3.585742 0.9404938 4.48442
vn 3.67904 0.793341 4.556069
vn 3.718019 0.8343598 4.55079
vn 3.54629 1.002751 4.472409
vn 3.518468 1.049498 4.469708
vn 3.525798 1.047366 4.469783
vn 3.519877 1.052158 4.469718
vn 3.606639 0.9671541 4.48281
vn 3.548862 1.025199 4.471137
vn 3.727428 0.8569334 4.545424
vn 3.841462 0.6786922 4.747139
vn 3.876403 0.7194321 4.739417
vn 3.601265 0.9732164 4.481123
vn 3.542202 1.027631 4.470705
vn 3.545162 1.021199 4.471129
vn 3.607749 0.9683526 4.482813
vn 3.749134 0.8681574 4.550842
vn 3.567329 1.025604 4.472447
vn 3.632595 0.9913805 4.484503
vn 3.786807 0.9103557 4.556264
vn 3.800071 0.9654045 4.55118
vn 3.637369 1.024931 4.483006
vn 3.796939 0.9896683 4.545878
vn 3.558324 1.046326 4.471216
vn 3.629688 1.027486 4.48131
vn 3.551347 1.04511 4.470764
vn 3.63772 1.026517 4.483012
vn 3.810122 1.010211 4.551395
vn 3.557144 1.041022 4.471191
vn 3.647727 1.058849 4.484824
vn 3.821625 1.065573 4.557004
vn 3.805603 1.119879 4.552046
vn 3.527278 1.053973 4.469814
vn 3.574129 1.055893 4.472592
vn 3.635097 1.090302 4.483395
vn 3.790774 1.139353 4.546772
vn 3.555981 1.069355 4.471361
vn 3.627166 1.088681 4.481675
vn 3.519754 1.055189 4.469736
vn 3.634619 1.091852 4.483407
vn 3.791903 1.163721 4.552363
vn 3.550536 1.064809 4.470882
vn 3.557602 1.064157 4.471323
vn 3.627095 1.124871 4.4853
vn 3.774172 1.217423 4.5581
vn 3.733136 1.256455 4.553158
vn 3.525251 1.060475 4.469861
vn 3.564862 1.085548 4.472806
vn 3.600438 1.145788 4.483871
vn 3.542413 1.08812 4.471529
vn 3.71058 1.265917 4.547863
vn 3.888568 1.377864 4.750969
vn 3.847844 1.412875 4.743548
vn 3.594374 1.14043 4.482121
vn 3.518115 1.057744 4.469758
vn 3.599238 1.146879 4.483881
vn 3.699356 1.287569 4.553493
vn 3.539982 1.081461 4.471025
vn 3.546413 1.084438 4.47149
vn 3.520247 1.065074 4.46991
vn 3.57621 1.171725 4.4858
vn 3.657139 1.325188 4.559247
vn 3.602112 1.338495 4.554226
vn 3.542008 1.106586 4.47303
vn 3.542678 1.176517 4.48431
vn 3.577848 1.335411 4.548855
vn 3.515455 1.059154 4.469778
vn 3.51364 1.066572 4.469949
vn 3.512424 1.05903 4.46979
vn 3.521287 1.097601 4.47168
vn 3.540105 1.168835 4.482527
vn 3.522503 1.090623 4.471157
vn 3.526591 1.096402 4.471648
vn 3.541092 1.176867 4.484318
vn 3.557302 1.348549 4.554488
vn 3.511719 1.113387 4.473206
vn 3.508741 1.186857 4.486191
vn 3.501922 1.360001 4.560147
vn 3.447617 1.344026 4.554953
vn 3.477307 1.174244 4.484591
vn 3.428163 1.329249 4.549497
vn 3.498257 1.095239 4.471769
vn 3.478928 1.166316 4.482788
vn 3.502803 1.089812 4.471241
vn 3.475756 1.17375 4.484592
vn 3.403794 1.330321 4.555066
vn 3.503455 1.09686 4.471755
vn 3.442735 1.166209 4.486364
vn 3.350086 1.312541 4.560555
vn 3.311061 1.27157 4.555144
vn 3.507138 1.064545 4.469966
vn 3.482064 1.10412 4.473285
vn 3.421804 1.139566 4.484637
vn 3.479492 1.081671 4.471775
vn 3.301599 1.249054 4.549602
vn 3.189392 1.424957 4.75439
vn 3.154386 1.384306 4.746503
vn 3.427177 1.133542 4.482833
vn 3.509869 1.057409 4.469793
vn 3.420712 1.138386 4.484636
vn 3.279941 1.237777 4.555089
vn 3.486152 1.07924 4.471254
vn 3.483174 1.085672 4.471781
vn 3.395884 1.115339 4.486281
vn 3.242305 1.195503 4.560364
vn 3.229003 1.14053 4.554761
vn 3.502539 1.059541 4.469958
vn 3.461026 1.081266 4.473247
vn 3.391092 1.081808 4.48444
vn 3.232086 1.116322 4.549149
vn 3.470013 1.060545 4.471695
vn 3.398758 1.079271 4.482646
vn 3.508459 1.054713 4.469783
vn 3.390721 1.080222 4.484436
vn 3.218956 1.095722 4.554545
vn 3.47699 1.061779 4.471195
vn 3.47121 1.065849 4.47172
vn 3.501041 1.052899 4.469926
vn 3.380749 1.047871 4.485959
vn 3.207489 1.040287 4.559625
vn 3.223467 0.986053 4.553892
vn 3.454225 1.050959 4.473103
vn 3.393345 1.016437 4.484056
vn 3.508583 1.0517 4.469766
vn 3.472373 1.037533 4.471551
vn 3.401275 1.018077 4.482281
vn 3.4778 1.042079 4.471077
vn 3.093079 0.7841601 4.758784
vn 3.142287 0.7257821 4.750548
vn 3.295924 0.8494799 4.552775
vn 3.254955 0.8884523 4.558528
vn 3.120673 0.7166629 5.302522
vn 3.244665 0.819143 5.500876
vn 3.277087 0.7849955 5.500494
vn 3.08111 0.7718636 5.304201
vn 3.217427 0.8565357 5.501218
vn 3.195258 0.897131 5.501554
vn 3.048082 0.8312321 5.303511
vn 3.178226 0.9410253 5.501842
vn 3.023229 0.8940095 5.30278
vn 3.007915 0.9597504 5.304441
vn 3.167228 0.986801 5.502197
vn 3.001261 1.027342 5.306048
vn 3.162327 1.032807 5.502481
vn 3.163421 1.079025 5.502742
vn 3.002332 1.095251 5.305244
vn 3.170631 1.125559 5.502946
vn 3.012193 1.162048 5.304381
vn 3.0318 1.226644 5.305868
vn 3.183982 1.170703 5.503181
vn 3.059832 1.288508 5.307282
vn 3.202751 1.21299 5.503348
vn 3.226814 1.252498 5.503459
vn 3.094731 1.346801 5.306285
vn 3.256327 1.289185 5.50351
vn 3.136655 1.399711 5.30519
vn 3.015864 1.031196 4.76056
vn 3.223467 0.986053 4.553892
vn 3.207489 1.040287 4.559625
vn 3.218956 1.095722 4.554545
vn 3.023027 1.107282 4.753297
vn 3.232086 1.116322 4.549149
vn 3.046508 1.211947 4.753787
vn 3.229003 1.14053 4.554761
vn 3.072509 1.28375 4.761771
vn 3.242305 1.195503 4.560364
vn 3.279941 1.237777 4.555089
vn 3.11674 1.346057 4.754254
vn 3.301599 1.249054 4.549602
vn 3.154386 1.384306 4.746503
vn 3.005317 1.317971 5.043818
vn 3.0318 1.226644 5.305868
vn 2.973418 1.245151 5.038524
vn 3.059832 1.288508 5.307282
vn 3.094731 1.346801 5.306285
vn 3.047012 1.385678 5.039013
vn 3.136655 1.399711 5.30519
vn 3.11674 1.346057 4.754254
vn 3.072509 1.28375 4.761771
vn 3.154386 1.384306 4.746503
vn 3.092177 1.441128 5.034116
vn 3.143708 1.490682 5.039173
vn 3.189392 1.424957 4.75439
vn 3.185934 1.445845 5.306442
vn 3.256327 1.289185 5.50351
vn 3.290463 1.321601 5.503582
vn 3.207755 1.537799 5.044176
vn 3.247853 1.474155 4.762086
vn 3.241162 1.485412 5.307614
vn 3.247853 1.474155 4.762086
vn 3.189392 1.424957 4.75439
vn 3.311061 1.27157 4.555144
vn 3.350086 1.312541 4.560555
vn 3.403794 1.330321 4.555066
vn 3.317282 1.505987 4.75428
vn 3.428163 1.329249 4.549497
vn 3.368975 1.520276 4.74633
vn 3.419654 1.537989 4.754007
vn 3.447617 1.344026 4.554953
vn 3.494892 1.55138 4.761429
vn 3.501922 1.360001 4.560147
vn 3.557302 1.348549 4.554488
vn 3.570906 1.544215 4.753354
vn 3.577848 1.335411 4.548855
vn 3.622797 1.530734 4.745246
vn 3.675554 1.520746 4.752746
vn 3.602112 1.338495 4.554226
vn 3.747445 1.494736 4.759961
vn 3.657139 1.325188 4.559247
vn 3.699356 1.287569 4.553493
vn 3.809677 1.450508 4.751738
vn 3.71058 1.265917 4.547863
vn 3.847844 1.412875 4.743548
vn 3.241162 1.485412 5.307614
vn 3.290463 1.321601 5.503582
vn 3.185934 1.445845 5.306442
vn 3.327853 1.348841 5.503572
vn 3.36845 1.371025 5.50351
vn 3.300526 1.518447 5.306355
vn 3.207755 1.537799 5.044176
vn 3.277704 1.575583 5.039079
vn 3.317282 1.505987 4.75428
vn 3.247853 1.474155 4.762086
vn 3.368975 1.520276 4.74633
vn 3.363285 1.543301 5.305012
vn 3.412359 1.388049 5.503379
vn 3.34452 1.601012 5.033907
vn 3.413944 1.61817 5.038706
vn 3.419654 1.537989 4.754007
vn 3.429043 1.55862 5.306007
vn 3.458137 1.399057 5.503271
vn 3.492989 1.626958 5.043414
vn 3.494892 1.55138 4.761429
vn 3.496654 1.565276 5.306924
vn 3.504125 1.403941 5.5031
vn 3.550361 1.402855 5.502879
vn 3.564545 1.564204 5.305427
vn 3.57242 1.624699 5.038022
vn 3.492989 1.626958 5.043414
vn 3.494892 1.55138 4.761429
vn 3.570906 1.544215 4.753354
vn 3.57242 1.624699 5.038022
vn 3.622797 1.530734 4.745246
vn 3.642972 1.61331 5.032643
vn 3.631325 1.554346 5.303868
vn 3.564545 1.564204 5.305427
vn 3.596878 1.39566 5.502587
vn 3.711691 1.593467 5.037218
vn 3.675554 1.520746 4.752746
vn 3.695922 1.534739 5.304675
vn 3.642038 1.382287 5.502354
vn 3.784563 1.561563 5.041718
vn 3.747445 1.494736 4.759961
vn 3.757804 1.506702 5.305421
vn 3.68431 1.363541 5.50205
vn 3.723812 1.339467 5.501736
vn 3.816089 1.471811 5.303769
vn 3.784563 1.561563 5.041718
vn 3.816089 1.471811 5.303769
vn 3.757804 1.506702 5.305421
vn 3.852218 1.519876 5.03617
vn 3.86899 1.429881 5.302083
vn 3.809677 1.450508 4.751738
vn 3.747445 1.494736 4.759961
vn 3.847844 1.412875 4.743548
vn 3.90761 1.474726 5.030657
vn 3.957215 1.423189 5.035132
vn 3.915134 1.380611 5.302787
vn 4.004384 1.359137 5.039568
vn 3.888568 1.377864 4.750969
vn 3.954712 1.325391 5.303474
vn 3.937848 1.319394 4.758088
vn 3.969602 1.249974 4.749869
vn 3.987734 1.266029 5.301798
vn 4.042114 1.289198 5.033976
vn 4.012577 1.203265 5.300119
vn 4.067492 1.222387 5.028473
vn 3.816089 1.471811 5.303769
vn 3.86899 1.429881 5.302083
vn 3.760518 1.309957 5.501361
vn 3.723812 1.339467 5.501736
vn 3.937848 1.319394 4.758088
vn 3.888568 1.377864 4.750969
vn 3.733136 1.256455 4.553158
vn 3.774172 1.217423 4.5581
vn 3.791903 1.163721 4.552363
vn 3.969602 1.249974 4.749869
vn 3.790774 1.139353 4.546772
vn 3.983801 1.198295 4.741695
vn 4.001595 1.147616 4.749132
vn 3.805603 1.119879 4.552046
vn 4.015061 1.072358 4.75631
vn 3.821625 1.065573 4.557004
vn 3.810122 1.010211 4.551395
vn 4.007825 0.9963638 4.748228
vn 3.796939 0.9896683 4.545878
vn 3.994258 0.9444778 4.740186
vn 3.984347 0.8917007 4.747721
vn 3.800071 0.9654045 4.55118
vn 3.958416 0.8198044 4.75511
vn 3.786807 0.9103557 4.556264
vn 3.749134 0.8681574 4.550842
vn 3.914116 0.7575907 4.747267
vn 3.727428 0.8569334 4.545424
vn 3.876403 0.7194321 4.739417
vn 3.915134 1.380611 5.302787
vn 3.760518 1.309957 5.501361
vn 3.86899 1.429881 5.302083
vn 3.792938 1.275826 5.501049
vn 3.954712 1.325391 5.303474
vn 3.820163 1.238437 5.500721
vn 3.842342 1.197837 5.500382
vn 3.987734 1.266029 5.301798
vn 3.859363 1.153946 5.500016
vn 4.012577 1.203265 5.300119
vn 4.027907 1.137506 5.300872
vn 3.870376 1.108152 5.499736
vn 4.034569 1.069897 5.301642
vn 3.875257 1.062163 5.499456
vn 3.874172 1.015945 5.499186
vn 4.033485 1.002007 5.300064
vn 3.866961 0.9694105 5.498918
vn 4.023608 0.9352254 5.298529
vn 4.004017 0.8706278 5.299442
vn 3.853608 0.9242488 5.498747
vn 3.975997 0.8087462 5.300388
vn 3.834844 0.8819765 5.498594
vn 3.810772 0.8424727 5.498472
vn 3.941088 0.7504611 5.299026
vn 3.781276 0.8057866 5.498354
vn 3.89914 0.69756 5.297709
vn 3.849872 0.6514139 5.298872
vn 3.747125 0.7733514 5.498354
vn 4.042114 1.289198 5.033976
vn 3.969602 1.249974 4.749869
vn 3.983801 1.198295 4.741695
vn 4.067492 1.222387 5.028473
vn 4.084702 1.152944 5.032995
vn 4.012577 1.203265 5.300119
vn 4.001595 1.147616 4.749132
vn 4.093539 1.073917 5.037514
vn 4.027907 1.137506 5.300872
vn 4.015061 1.072358 4.75631
vn 4.034569 1.069897 5.301642
vn 4.007825 0.9963638 4.748228
vn 4.033485 1.002007 5.300064
vn 4.091228 0.9944873 5.032059
vn 3.994258 0.9444778 4.740186
vn 4.023608 0.9352254 5.298529
vn 4.079782 0.923919 5.026696
vn 4.059988 0.8552001 5.031394
vn 3.984347 0.8917007 4.747721
vn 4.02814 0.7823344 5.036127
vn 4.004017 0.8706278 5.299442
vn 3.958416 0.8198044 4.75511
vn 3.975997 0.8087462 5.300388
vn 3.914116 0.7575907 4.747267
vn 3.941088 0.7504611 5.299026
vn 3.986394 0.7146759 5.030905
vn 3.876403 0.7194321 4.739417
vn 3.89914 0.69756 5.297709
vn 3.941196 0.6592981 5.025776
vn 3.889696 0.6096727 5.030728
vn 3.841462 0.6786922 4.747139
vn 3.849872 0.6514139 5.298872
vn 3.825699 0.5625006 5.035769
vn 3.783073 0.6293998 4.754799
vn 3.794667 0.6118376 5.300074
vn 3.794667 0.6118376 5.300074
vn 3.747125 0.7733514 5.498354
vn 3.849872 0.6514139 5.298872
vn 3.709738 0.7461228 5.49837
vn 3.669141 0.7239383 5.498415
vn 3.735287 0.5788158 5.298971
vn 3.625248 0.7069176 5.498479
vn 3.672523 0.5539702 5.297888
vn 3.606781 0.5386427 5.299309
vn 3.579468 0.6959126 5.498659
vn 3.825699 0.5625006 5.035769
vn 3.735287 0.5788158 5.298971
vn 3.794667 0.6118376 5.300074
vn 3.75571 0.5247779 5.030839
vn 3.672523 0.5539702 5.297888
vn 3.688852 0.4994065 5.025986
vn 3.661808 0.5834569 4.739599
vn 3.713576 0.5976564 4.747251
vn 3.783073 0.6293998 4.754799
vn 3.248894 0.5387345 5.03821
vn 3.3553 0.5828937 4.74877
vn 3.283481 0.6088171 4.756924
vn 3.321701 0.5068967 5.032684
vn 3.407988 0.5730044 4.740668
vn 3.339885 0.562518 5.300639
vn 3.278016 0.5905444 5.302273
vn 3.390384 0.4871068 5.027267
vn 3.404481 0.5429238 5.299029
vn 3.46099 0.4756588 5.03188
vn 3.459951 0.5594209 4.748172
vn 3.540475 0.473342 5.036531
vn 3.536017 0.5521764 4.755464
vn 3.611202 0.5656577 4.747521
vn 3.471263 0.5330597 5.299887
vn 3.44071 0.699311 5.499262
vn 3.395567 0.7126685 5.499582
vn 3.35328 0.7314353 5.499886
vn 3.313774 0.7555017 5.500197
vn 3.219735 0.6254447 5.301556
vn 3.277087 0.7849955 5.500494
vn 3.166812 0.6673886 5.300819
vn 3.487245 0.6921057 5.499047
vn 3.539171 0.5319676 5.30075
vn 3.533463 0.6910241 5.498844
vn 3.579468 0.6959126 5.498659
vn 3.606781 0.5386427 5.299309
vn 3.619465 0.4821885 5.031213
vn 3.672523 0.5539702 5.297888
vn 3.661808 0.5834569 4.739599
vn 3.688852 0.4994065 5.025986
vn 3.726226 0.7200612 5.471938
vn 3.754897 0.5381623 5.167613
vn 3.819037 0.5731879 5.167503
vn 3.682072 0.6960227 5.472059
vn 3.685489 0.5113317 5.167814
vn 3.634302 0.6777194 5.472312
vn 3.584615 0.665554 5.472316
vn 3.688994 0.499062 5.043112
vn 3.613178 0.4938604 5.167986
vn 3.534625 0.6601675 5.472449
vn 3.614937 0.4811797 5.043335
vn 3.54051 0.4861211 5.168245
vn 3.614957 0.4811795 5.050172
vn 3.689016 0.4990625 5.049949
vn 3.614955 0.4816754 5.071016
vn 3.540599 0.4737606 5.071296
vn 3.540528 0.4732582 5.050468
vn 3.467457 0.4878549 5.1686
vn 3.48439 0.6614337 5.472752
vn 3.540511 0.4732577 5.043614
vn 3.465696 0.4750295 5.043967
vn 3.390405 0.4867609 5.044376
vn 3.393944 0.4993202 5.169046
vn 3.433871 0.669462 5.473167
vn 3.384747 0.6837747 5.473325
vn 3.465712 0.4750319 5.050804
vn 3.322582 0.5203441 5.16944
vn 3.338778 0.7040962 5.47359
vn 3.465872 0.4755316 5.071649
vn 3.390458 0.4867581 5.051213
vn 3.466382 0.4789374 5.114573
vn 3.540652 0.4771788 5.114238
vn 3.255765 0.5499817 5.169891
vn 3.19336 0.5880159 5.170413
vn 3.295871 0.7303126 5.473989
vn 3.317331 0.5082999 5.044825
vn 3.248915 0.5386501 5.045311
vn 3.248953 0.5386527 5.052147
vn 3.317367 0.5083015 5.051661
vn 3.249339 0.5390831 5.072992
vn 3.317682 0.508764 5.072506
vn 3.390687 0.4872463 5.072058
vn 3.391675 0.4905814 5.114999
vn 3.397275 0.512825 5.221364
vn 3.319145 0.5119572 5.115431
vn 3.251234 0.542083 5.1159
vn 3.327709 0.5333304 5.221795
vn 3.38834 0.6933885 5.482478
vn 3.343641 0.7132567 5.482824
vn 3.436092 0.6791909 5.48208
vn 3.485342 0.6716344 5.481916
vn 3.468937 0.5016567 5.220971
vn 3.534238 0.6705094 5.481719
vn 3.540158 0.4999672 5.220635
vn 3.611011 0.5075137 5.220377
vn 3.614515 0.4850416 5.113958
vn 3.582905 0.6756503 5.481496
vn 3.862217 0.8677357 5.472181
vn 4.046361 0.8546729 5.168129
vn 3.882541 0.9137205 5.472419
vn 4.016726 0.7878636 5.167856
vn 3.97869 0.7254502 5.167677
vn 3.836003 0.8248277 5.472103
vn 4.058567 0.8507004 5.04348
vn 4.080108 0.9237741 5.043805
vn 3.931997 0.6675144 5.167604
vn 3.94146 0.659028 5.042885
vn 3.803772 0.7850964 5.472173
vn 3.766827 0.7497281 5.471992
vn 3.878118 0.6162355 5.1675
vn 3.726226 0.7200612 5.471938
vn 3.819037 0.5731879 5.167503
vn 3.886256 0.6065019 5.042832
vn 3.825759 0.5624262 5.042852
vn 3.825763 0.5624177 5.049689
vn 3.886261 0.6064937 5.049686
vn 3.825522 0.5628237 5.070534
vn 4.058557 0.8506666 5.050317
vn 4.080097 0.923735 5.050642
vn 3.885961 0.6068568 5.070514
vn 3.941457 0.6590112 5.04974
vn 3.883803 0.6094245 5.113455
vn 3.823753 0.565675 5.113474
vn 3.869286 0.6268115 5.219905
vn 3.921827 0.6768022 5.219956
vn 3.811692 0.5848475 5.219912
vn 3.720697 0.7287911 5.481218
vn 3.760274 0.7575817 5.481177
vn 3.796445 0.7918394 5.481112
vn 3.827613 0.8307112 5.481299
vn 3.938581 0.6615469 5.113525
vn 3.967325 0.733273 5.220082
vn 3.853041 0.8725052 5.481457
vn 3.941093 0.6593152 5.070585
vn 3.986024 0.7204266 5.113635
vn 3.988839 0.7185766 5.070711
vn 4.027743 0.7824152 5.070891
vn 3.989251 0.7183321 5.049866
vn 4.024689 0.7838744 5.113834
vn 4.004416 0.7941332 5.220262
vn 4.033307 0.8592594 5.220512
vn 3.872917 0.9172251 5.481597
vn 4.054818 0.8517848 5.114086
vn 4.058066 0.8507642 5.071162
vn 3.989261 0.7183579 5.043029
vn 4.028201 0.7822461 5.050064
vn 4.028205 0.7822641 5.04321
vn 4.079585 0.9237632 5.071486
vn 4.091302 0.9989487 5.071865
vn 4.091829 0.999009 5.05102
vn 3.698598 1.391174 5.475941
vn 3.741488 1.36496 5.475657
vn 3.84127 1.510763 5.172847
vn 3.778858 1.548802 5.173317
vn 3.712063 1.578431 5.173806
vn 3.652612 1.411498 5.476328
vn 3.716186 1.591918 5.049287
vn 3.784602 1.561568 5.0488
vn 3.784625 1.561487 5.055655
vn 3.175152 1.227539 5.477355
vn 2.988278 1.244115 5.175133
vn 3.154816 1.18155 5.477235
vn 3.01791 1.310915 5.175369
vn 2.97495 1.249517 5.050631
vn 3.055951 1.373327 5.175585
vn 3.201373 1.270443 5.477542
vn 3.102634 1.431257 5.175744
vn 3.092057 1.44119 5.051226
vn 3.23358 1.310161 5.477772
vn 3.270529 1.345544 5.477663
vn 3.156533 1.48255 5.175762
vn 3.311132 1.375209 5.477592
vn 3.215592 1.525584 5.175725
vn 3.147261 1.493716 5.051279
vn 3.207771 1.537799 5.051259
vn 3.207811 1.537718 5.058113
vn 3.147315 1.493642 5.058134
vn 3.208242 1.537073 5.078941
vn 3.044256 1.38186 5.051082
vn 3.005312 1.317954 5.050901
vn 3.00537 1.317878 5.057755
vn 2.975018 1.249463 5.057486
vn 3.006023 1.317483 5.078582
vn 3.044326 1.381805 5.057954
vn 3.092128 1.441134 5.05808
vn 3.147804 1.49304 5.078961
vn 3.044927 1.381321 5.078781
vn 2.9757 1.249134 5.07833
vn 2.953478 1.176389 5.05716
vn 2.954182 1.176135 5.078005
vn 2.979338 1.247625 5.121218
vn 3.009467 1.315535 5.12147
vn 3.048125 1.378969 5.121669
vn 3.06778 1.3649 5.227771
vn 3.11328 1.421367 5.227902
vn 3.092672 1.440582 5.078907
vn 3.095565 1.437851 5.121794
vn 3.150345 1.489973 5.121847
vn 3.210395 1.533724 5.121827
vn 3.165819 1.47136 5.227948
vn 3.223414 1.513322 5.227931
vn 3.316733 1.366365 5.486721
vn 3.277175 1.337573 5.486712
vn 3.241002 1.303318 5.486574
vn 3.209831 1.264466 5.486578
vn 3.184399 1.222656 5.486485
vn 3.191097 0.8400838 5.475037
vn 3.006076 0.8118072 5.172552
vn 3.041108 0.7476545 5.172
vn 3.16706 0.884239 5.475461
vn 2.979257 0.8811941 5.173122
vn 3.148758 0.9320104 5.475964
vn 3.136597 0.981699 5.476161
vn 2.965705 0.8778538 5.048529
vn 2.961786 0.9535053 5.173572
vn 3.131214 1.031671 5.476415
vn 2.947824 0.9519115 5.04903
vn 2.954045 1.02619 5.174
vn 2.947896 0.9518741 5.055902
vn 2.965773 0.8778328 5.055383
vn 2.955786 1.099243 5.174449
vn 3.132473 1.081924 5.47676
vn 2.948602 0.9518673 5.076729
vn 2.94069 1.026223 5.077195
vn 2.966463 0.8778969 5.076228
vn 2.939974 1.026318 5.056369
vn 2.939902 1.026356 5.049497
vn 2.941678 1.101171 5.049928
vn 2.953409 1.176444 5.050306
vn 2.967249 1.172738 5.174863
vn 3.14051 1.132441 5.477163
vn 3.154816 1.18155 5.477235
vn 2.988278 1.244115 5.175133
vn 2.97495 1.249517 5.050631
vn 2.975018 1.249463 5.057486
vn 2.953478 1.176389 5.05716
vn 2.941748 1.101115 5.056782
vn 2.942464 1.10095 5.077627
vn 2.954182 1.176135 5.078005
vn 2.957953 1.175081 5.120892
vn 2.9757 1.249134 5.07833
vn 2.979338 1.247625 5.121218
vn 2.981295 1.169354 5.227036
vn 2.94631 1.100371 5.120513
vn 3.001796 1.238904 5.227345
vn 3.009467 1.315535 5.12147
vn 3.030688 1.304042 5.227574
vn 3.06778 1.3649 5.227771
vn 3.184399 1.222656 5.486485
vn 3.164528 1.177951 5.486287
vn 3.150326 1.1302 5.48597
vn 3.142773 1.080951 5.485823
vn 2.970127 1.097692 5.226675
vn 3.141639 1.032055 5.485568
vn 2.944548 1.02612 5.120082
vn 2.968429 1.026471 5.226247
vn 2.975975 0.9556025 5.225816
vn 3.146792 0.9833893 5.485241
vn 2.992994 0.885121 5.225334
vn 3.158364 0.9349508 5.484807
vn 3.176444 0.8885226 5.484559
vn 2.952412 0.9522377 5.119636
vn 2.970158 0.8787439 5.119134
vn 2.993908 0.8069198 5.075693
vn 2.997433 0.8082091 5.118599
vn 3.019151 0.8174807 5.224832
vn 3.033039 0.7430112 5.118049
vn 3.053303 0.7549388 5.224304
vn 3.199926 0.8455967 5.484235
vn 3.095266 0.6973443 5.223788
vn 3.228719 0.8060225 5.48385
vn 3.145256 0.6448035 5.223258
vn 3.262972 0.769847 5.48338
vn 3.033039 0.7430112 5.118049
vn 3.053303 0.7549388 5.224304
vn 3.095266 0.6973443 5.223788
vn 3.076784 0.6829694 5.117515
vn 3.029746 0.7413 5.075142
vn 2.997433 0.8082091 5.118599
vn 3.145256 0.6448035 5.223258
vn 2.993908 0.8069198 5.075693
vn 3.073771 0.6808699 5.074592
vn 3.128915 0.6281812 5.116969
vn 2.99325 0.8067739 5.054848
vn 2.965773 0.8778328 5.055383
vn 2.966463 0.8778969 5.076228
vn 2.965705 0.8778538 5.048529
vn 2.993186 0.8067887 5.047994
vn 3.006076 0.8118072 5.172552
vn 3.041108 0.7476545 5.172
vn 3.02913 0.7410791 5.054314
vn 3.0732 0.6805894 5.053765
vn 3.029063 0.7411008 5.047442
vn 3.07314 0.6806006 5.046928
vn 3.125657 0.6254059 5.046363
vn 3.084147 0.6885875 5.171488
vn 3.191097 0.8400838 5.475037
vn 3.220758 0.799491 5.474733
vn 3.135435 0.6346998 5.170995
vn 3.256139 0.7625418 5.474509
vn 3.295871 0.7303126 5.473989
vn 3.19336 0.5880159 5.170413
vn 3.125718 0.6253942 5.053217
vn 3.184987 0.5776054 5.045817
vn 3.255765 0.5499817 5.169891
vn 3.248915 0.5386501 5.045311
vn 3.248953 0.5386527 5.052147
vn 3.185039 0.577601 5.052672
vn 3.249339 0.5390831 5.072992
vn 3.126227 0.6257381 5.074044
vn 3.185499 0.5779846 5.073499
vn 3.187786 0.580749 5.116424
vn 3.251234 0.542083 5.1159
vn 3.201728 0.599308 5.222749
vn 3.262581 0.5622209 5.222248
vn 3.301824 0.7386928 5.483125
vn 3.262972 0.769847 5.48338
vn 3.782913 1.55732 5.119386
vn 3.833376 1.498869 5.225104
vn 3.772535 1.535944 5.225594
vn 3.846361 1.518657 5.118879
vn 3.784425 1.560816 5.076499
vn 3.889853 1.453361 5.224597
vn 3.90524 1.471217 5.118353
vn 3.735603 1.356463 5.484763
vn 3.774475 1.325312 5.484296
vn 4.091829 0.999009 5.05102
vn 4.080108 0.9237741 5.043805
vn 4.080097 0.923735 5.050642
vn 4.091839 0.9990472 5.044184
vn 4.093605 1.073824 5.051451
vn 4.093075 1.073676 5.072296
vn 4.091302 0.9989487 5.071865
vn 4.078856 0.9995502 5.16881
vn 4.067389 0.9260384 5.168487
vn 4.046361 0.8546729 5.168129
vn 3.882541 0.9137205 5.472419
vn 3.896848 0.9628289 5.472787
vn 3.904895 1.013347 5.472887
vn 3.906147 1.0636 5.473117
vn 4.080591 1.072585 5.169208
vn 4.093615 1.073862 5.044615
vn 4.072851 1.145268 5.16969
vn 3.900761 1.113571 5.473492
vn 4.085693 1.148306 5.045081
vn 4.067811 1.222364 5.045582
vn 4.055381 1.217584 5.170228
vn 3.888599 1.16326 5.473981
vn 3.870296 1.21103 5.474196
vn 4.085685 1.148253 5.051918
vn 4.028559 1.286971 5.170709
vn 3.846262 1.255187 5.474494
vn 3.993527 1.351126 5.171206
vn 4.04033 1.293429 5.046118
vn 3.950485 1.410192 5.171774
vn 3.816602 1.295781 5.474925
vn 3.899207 1.464073 5.172356
vn 3.90786 1.474812 5.047749
vn 3.78122 1.332729 5.475447
vn 3.741488 1.36496 5.475657
vn 3.84127 1.510763 5.172847
vn 3.960377 1.419617 5.047184
vn 4.004454 1.359117 5.046651
vn 4.004449 1.359058 5.053506
vn 4.040325 1.293371 5.052955
vn 4.004019 1.3586 5.074333
vn 3.96038 1.419547 5.054055
vn 4.067803 1.222312 5.052419
vn 3.84853 1.522612 5.048294
vn 3.778858 1.548802 5.173317
vn 3.784602 1.561568 5.0488
vn 3.784625 1.561487 5.055655
vn 3.848544 1.522535 5.055148
vn 3.784425 1.560816 5.076499
vn 3.907863 1.474743 5.054603
vn 3.848285 1.521901 5.075975
vn 3.846361 1.518657 5.118879
vn 3.90524 1.471217 5.118353
vn 3.959993 1.419029 5.074882
vn 3.907536 1.474161 5.075447
vn 3.957362 1.416438 5.117803
vn 3.889853 1.453361 5.224597
vn 3.939837 1.40083 5.224066
vn 3.808729 1.289137 5.484036
vn 3.774475 1.325312 5.484296
vn 3.837517 1.249578 5.483701
vn 4.001108 1.356398 5.117238
vn 3.9818 1.343236 5.223539
vn 4.015957 1.280697 5.223021
vn 3.860995 1.206641 5.483326
vn 4.042109 1.213054 5.222523
vn 3.879066 1.160226 5.482878
vn 3.890661 1.11177 5.482633
vn 4.036722 1.291186 5.116723
vn 4.039857 1.29298 5.0738
vn 4.063992 1.220667 5.116186
vn 4.059131 1.142555 5.22204
vn 3.8958 1.063103 5.482363
vn 4.067303 1.222003 5.073264
vn 4.085163 1.148032 5.072762
vn 4.081741 1.147156 5.115686
vn 4.089602 1.073291 5.115218
vn 4.066676 1.071704 5.221577
vn 4.064983 1.000482 5.221181
vn 3.894677 1.014207 5.482052
vn 4.053813 0.92882 5.220822
vn 3.88712 0.9649758 5.481702
vn 3.872917 0.9172251 5.481597
vn 4.033307 0.8592594 5.220512
vn 4.054818 0.8517848 5.114086
vn 4.087842 0.9990226 5.114787
vn 4.076196 0.9243135 5.114427
vn 4.058066 0.8507642 5.071162
vn 4.079585 0.9237632 5.071486
vn 3.540599 0.4737606 5.071296
vn 3.540652 0.4771788 5.114238
vn 3.614515 0.4850416 5.113958
vn 3.614955 0.4816754 5.071016
vn 3.688024 0.5027925 5.113734
vn 3.68151 0.5245357 5.220154
vn 3.611011 0.5075137 5.220377
vn 3.582905 0.6756503 5.481496
vn 3.631361 0.6872439 5.481255
vn 3.677773 0.7053053 5.481242
vn 3.749151 0.5506927 5.220002
vn 3.720697 0.7287911 5.481218
vn 3.811692 0.5848475 5.219912
vn 3.823753 0.565675 5.113474
vn 3.758543 0.5300611 5.113568
vn 3.825522 0.5628237 5.070534
vn 3.688926 0.4995381 5.070794
vn 3.689016 0.4990625 5.049949
vn 3.759903 0.5269851 5.070627
vn 3.760076 0.5265417 5.049782
vn 3.825763 0.5624177 5.049689
vn 3.688994 0.499062 5.043112
vn 3.760059 0.5265428 5.042945
vn 3.825759 0.5624262 5.042852
vn 3.754897 0.5381623 5.167613
vn 3.819037 0.5731879 5.167503
vn 3.251234 0.542083 5.1159
vn 3.262581 0.5622209 5.222248
vn 3.327709 0.5333304 5.221795
vn 3.343641 0.7132567 5.482824
vn 3.201728 0.599308 5.222749
vn 3.301824 0.7386928 5.483125
vn 3.68258 1.150478 5.590896
vn 3.176444 0.8885226 5.484559
vn 3.694495 1.128402 5.590759
vn 3.199926 0.8455967 5.484235
vn 3.228719 0.8060225 5.48385
vn 3.667711 1.170673 5.591125
vn 3.262972 0.769847 5.48338
vn 3.649898 1.188893 5.591433
vn 3.630287 1.205139 5.591492
vn 3.301824 0.7386928 5.483125
vn 3.608931 1.218301 5.591619
vn 3.343641 0.7132567 5.482824
vn 3.38834 0.6933885 5.482478
vn 3.585953 1.228359 5.591824
vn 3.436092 0.6791909 5.48208
vn 3.561426 1.235216 5.5921
vn 3.536317 1.239495 5.59211
vn 3.485342 0.6716344 5.481916
vn 3.511261 1.240202 5.592187
vn 3.534238 0.6705094 5.481719
vn 3.582905 0.6756503 5.481496
vn 3.486328 1.237434 5.592323
vn 3.631361 0.6872439 5.481255
vn 3.461642 1.231111 5.592522
vn 3.437768 1.222245 5.592457
vn 3.677773 0.7053053 5.481242
vn 3.415689 1.210335 5.592442
vn 3.720697 0.7287911 5.481218
vn 3.760274 0.7575817 5.481177
vn 3.395495 1.195465 5.592492
vn 3.796445 0.7918394 5.481112
vn 3.377275 1.177651 5.592593
vn 3.361029 1.15804 5.59243
vn 3.827613 0.8307112 5.481299
vn 3.34787 1.136682 5.592322
vn 3.853041 0.8725052 5.481457
vn 3.872917 0.9172251 5.481597
vn 3.337809 1.113705 5.592277
vn 3.88712 0.9649758 5.481702
vn 3.330953 1.089178 5.592293
vn 3.326671 1.06407 5.592038
vn 3.894677 1.014207 5.482052
vn 3.325949 1.039014 5.591851
vn 3.8958 1.063103 5.482363
vn 3.890661 1.11177 5.482633
vn 3.328732 1.014081 5.59174
vn 3.879066 1.160226 5.482878
vn 3.335058 0.9893951 5.591695
vn 3.343919 0.9655186 5.591394
vn 3.860995 1.206641 5.483326
vn 3.355833 0.9434416 5.591168
vn 3.837517 1.249578 5.483701
vn 3.808729 1.289137 5.484036
vn 3.370702 0.9232467 5.591029
vn 3.774475 1.325312 5.484296
vn 3.388499 0.9050455 5.590967
vn 3.408128 0.8887822 5.590661
vn 3.735603 1.356463 5.484763
vn 3.429467 0.875621 5.590441
vn 3.693806 1.381904 5.485119
vn 3.649085 1.401778 5.485407
vn 3.452463 0.8655621 5.590325
vn 3.601338 1.415974 5.485602
vn 3.47699 0.8587087 5.590303
vn 3.502099 0.8544433 5.590041
vn 3.552105 1.423527 5.485967
vn 3.527154 0.853722 5.58988
vn 3.503208 1.424657 5.486218
vn 3.454542 1.419505 5.486383
vn 3.552086 0.8564898 5.589824
vn 3.406086 1.407927 5.486431
vn 3.576756 0.8628104 5.589875
vn 3.600648 0.8716758 5.589695
vn 3.359674 1.389851 5.486639
vn 3.62271 0.8835841 5.589621
vn 3.316733 1.366365 5.486721
vn 3.277175 1.337573 5.486712
vn 3.64292 0.8984565 5.589659
vn 3.241002 1.303318 5.486574
vn 3.661123 0.9162703 5.589808
vn 3.677385 0.935883 5.58972
vn 3.209831 1.264466 5.486578
vn 3.690545 0.9572396 5.58974
vn 3.184399 1.222656 5.486485
vn 3.164528 1.177951 5.486287
vn 3.70059 0.9802157 5.589876
vn 3.150326 1.1302 5.48597
vn 3.707461 1.004743 5.59011
vn 3.711729 1.029869 5.590112
vn 3.694495 1.128402 5.590759
vn 3.176444 0.8885226 5.484559
vn 3.158364 0.9349508 5.484807
vn 3.703354 1.104525 5.590704
vn 3.709668 1.079841 5.590412
vn 3.146792 0.9833893 5.485241
vn 3.712451 1.054925 5.590208
vn 3.141639 1.032055 5.485568
vn 3.142773 1.080951 5.485823
vn 3.711729 1.029869 5.590112
vn 3.150326 1.1302 5.48597
vn 3.97175 1.336577 5.257418
vn 4.005136 1.275416 5.256954
vn 4.037614 1.29168 5.10777
vn 4.001943 1.356993 5.108303
vn 4.004465 1.359094 5.048889
vn 4.04034 1.293407 5.048338
vn 4.004067 1.359054 5.026652
vn 4.039925 1.293401 5.026101
vn 4.03951 1.293276 5.016499
vn 3.958112 1.417154 5.108854
vn 3.960382 1.419603 5.049439
vn 3.905902 1.472023 5.109419
vn 3.930707 1.392888 5.257964
vn 3.68258 1.150478 5.590896
vn 3.667711 1.170673 5.591125
vn 3.881798 1.444255 5.258547
vn 3.649898 1.188893 5.591433
vn 3.630287 1.205139 5.591492
vn 3.826576 1.48878 5.258986
vn 4.00368 1.358881 5.017049
vn 4.039363 1.293229 5.013731
vn 4.003544 1.358815 5.014283
vn 3.959532 1.419224 5.014815
vn 3.959662 1.419299 5.017581
vn 3.9071 1.474328 5.015362
vn 3.960019 1.419512 5.027184
vn 3.907204 1.474431 5.018129
vn 3.907874 1.47479 5.049986
vn 3.846906 1.519556 5.109945
vn 3.767071 1.525059 5.25942
vn 3.78335 1.558285 5.110452
vn 3.784618 1.561547 5.051038
vn 3.848545 1.522591 5.050531
vn 3.78436 1.561372 5.028801
vn 3.907536 1.474671 5.027732
vn 3.848246 1.522441 5.028295
vn 3.847962 1.52216 5.018674
vn 3.847859 1.522058 5.015908
vn 3.784131 1.561058 5.019198
vn 3.78404 1.560948 5.016432
vn 3.68258 1.150478 5.590896
vn 4.005136 1.275416 5.256954
vn 3.97175 1.336577 5.257418
vn 3.694495 1.128402 5.590759
vn 4.030696 1.209238 5.25653
vn 4.064936 1.22102 5.107252
vn 3.703354 1.104525 5.590704
vn 4.037614 1.29168 5.10777
vn 3.709668 1.079841 5.590412
vn 4.04034 1.293407 5.048338
vn 4.047372 1.140305 5.255974
vn 3.712451 1.054925 5.590208
vn 4.067818 1.222348 5.047802
vn 4.039925 1.293401 5.026101
vn 4.054758 1.071005 5.255511
vn 4.082717 1.147387 5.106733
vn 4.0857 1.148289 5.047301
vn 4.053093 1.001371 5.255148
vn 3.711729 1.029869 5.590112
vn 4.042142 0.9312764 5.254863
vn 4.077162 0.924141 5.105475
vn 3.707461 1.004743 5.59011
vn 3.70059 0.9802157 5.589876
vn 4.022115 0.8632421 5.25449
vn 3.690545 0.9572396 5.58974
vn 4.088828 0.9989905 5.105854
vn 4.090592 1.073382 5.106267
vn 4.09362 1.073861 5.046853
vn 4.093178 1.073974 5.024599
vn 4.091846 0.9990458 5.046422
vn 4.085261 1.148368 5.025064
vn 4.067391 1.222372 5.025566
vn 4.066954 1.222306 5.015963
vn 4.03951 1.293276 5.016499
vn 4.084811 1.148352 5.015462
vn 4.066801 1.222273 5.013196
vn 4.039363 1.293229 5.013731
vn 4.084653 1.148335 5.012695
vn 4.092722 1.074013 5.014996
vn 4.092561 1.074014 5.012229
vn 4.090789 0.9993221 5.011798
vn 4.090949 0.9992858 5.014564
vn 4.079074 0.924154 5.011419
vn 4.091404 0.9991946 5.024167
vn 4.079234 0.9241174 5.014185
vn 4.080112 0.9237548 5.046043
vn 4.057721 0.8511338 5.013861
vn 4.057571 0.8512083 5.011095
vn 4.07968 0.9239718 5.023788
vn 4.058153 0.8509396 5.023464
vn 4.027815 0.782554 5.023211
vn 4.027408 0.7828051 5.013608
vn 4.027256 0.7828735 5.010842
vn 3.988363 0.7190554 5.010643
vn 4.058572 0.8506867 5.045718
vn 3.988506 0.7189655 5.01341
vn 3.94064 0.659825 5.010499
vn 4.055743 0.8514738 5.105134
vn 4.028218 0.7822659 5.045465
vn 3.993861 0.7995304 5.254219
vn 4.025559 0.7834424 5.104881
vn 3.957587 0.7400233 5.254059
vn 3.677385 0.935883 5.58972
vn 3.986829 0.7198874 5.104683
vn 3.939301 0.6609019 5.104576
vn 3.913073 0.6848228 5.25402
vn 3.661123 0.9162703 5.589808
vn 3.64292 0.8984565 5.589659
vn 3.989261 0.7183392 5.045267
vn 3.861697 0.6359035 5.253901
vn 3.62271 0.8835841 5.589621
vn 3.80538 0.5948507 5.253867
vn 3.884423 0.6086839 5.104504
vn 3.82427 0.5648588 5.104524
vn 3.825765 0.562416 5.04509
vn 3.886274 0.606501 5.045087
vn 3.82548 0.5628333 5.022836
vn 3.988878 0.7186606 5.023013
vn 3.94146 0.6590101 5.045141
vn 3.885938 0.6068797 5.022816
vn 3.940759 0.6597049 5.013266
vn 3.941107 0.6593705 5.022869
vn 3.885635 0.6072569 5.013213
vn 3.825218 0.5632391 5.013233
vn 3.885535 0.6073922 5.010464
vn 3.825129 0.5633818 5.010484
vn 3.527154 0.853722 5.58988
vn 3.609106 0.5192283 5.25435
vn 3.552086 0.8564898 5.589824
vn 3.539806 0.5118436 5.254595
vn 3.470171 0.5135044 5.254946
vn 3.502099 0.8544433 5.590041
vn 3.400076 0.5244538 5.255394
vn 3.47699 0.8587087 5.590303
vn 3.452463 0.8655621 5.590325
vn 3.332046 0.5444793 5.25575
vn 3.429467 0.875621 5.590441
vn 3.268334 0.5727282 5.256164
vn 3.208841 0.6089966 5.256675
vn 3.408128 0.8887822 5.590661
vn 3.693806 1.381904 5.485119
vn 3.833376 1.498869 5.225104
vn 3.735603 1.356463 5.484763
vn 3.772535 1.535944 5.225594
vn 3.707392 1.564841 5.226062
vn 3.649085 1.401778 5.485407
vn 3.637826 1.585346 5.22649
vn 3.601338 1.415974 5.485602
vn 3.782913 1.55732 5.119386
vn 3.552105 1.423527 5.485967
vn 3.715003 1.587445 5.119872
vn 3.784425 1.560816 5.076499
vn 3.566165 1.596511 5.22688
vn 3.503208 1.424657 5.486218
vn 3.716081 1.591134 5.076986
vn 3.642478 1.608819 5.120337
vn 3.567769 1.620463 5.120728
vn 3.716202 1.59184 5.056141
vn 3.784625 1.561487 5.055655
vn 3.716186 1.591918 5.049287
vn 3.643112 1.613457 5.049735
vn 3.712063 1.578431 5.173806
vn 3.643132 1.613378 5.056589
vn 3.643097 1.612647 5.077434
vn 3.567893 1.624366 5.077843
vn 3.493165 1.626137 5.078178
vn 3.567857 1.625108 5.056998
vn 3.4935 1.622224 5.121064
vn 3.64068 1.599458 5.174304
vn 3.652612 1.411498 5.476328
vn 3.603503 1.425799 5.476783
vn 3.552968 1.433836 5.476912
vn 3.567188 1.610922 5.174645
vn 3.502733 1.435106 5.477072
vn 3.567821 1.625188 5.050144
vn 3.494134 1.612658 5.174961
vn 3.493042 1.62688 5.057351
vn 3.494945 1.598202 5.227197
vn 3.424093 1.590658 5.227481
vn 3.454542 1.419505 5.486383
vn 3.353595 1.573633 5.227704
vn 3.406086 1.407927 5.486431
vn 3.359674 1.389851 5.486639
vn 3.419635 1.61436 5.121362
vn 3.493006 1.62696 5.050497
vn 3.41858 1.619038 5.050776
vn 3.418614 1.618958 5.057631
vn 3.344523 1.601156 5.050999
vn 3.42145 1.604914 5.175277
vn 3.452744 1.429711 5.477332
vn 3.349139 1.587441 5.175551
vn 3.403053 1.417542 5.477634
vn 3.355285 1.39925 5.477591
vn 3.279745 1.56062 5.175651
vn 3.311132 1.375209 5.477592
vn 3.215592 1.525584 5.175725
vn 3.273458 1.573675 5.051166
vn 3.207771 1.537799 5.051259
vn 3.207811 1.537718 5.058113
vn 3.273512 1.573601 5.05802
vn 3.344555 1.601074 5.057871
vn 3.273862 1.572912 5.078865
vn 3.208242 1.537073 5.078941
vn 3.418808 1.618222 5.078475
vn 3.344838 1.600359 5.078698
vn 3.346125 1.596607 5.121602
vn 3.275606 1.569338 5.121752
vn 3.210395 1.533724 5.121827
vn 3.285954 1.547478 5.22785
vn 3.223414 1.513322 5.227931
vn 3.316733 1.366365 5.486721
vn 3.408128 0.8887822 5.590661
vn 3.153619 0.6535237 5.257254
vn 3.208841 0.6089966 5.256675
vn 3.388499 0.9050455 5.590967
vn 3.370702 0.9232467 5.591029
vn 3.104706 0.704888 5.257694
vn 3.355833 0.9434416 5.591168
vn 3.063657 0.7612071 5.258168
vn 3.104706 0.704888 5.257694
vn 3.128174 0.6274781 5.108035
vn 3.153619 0.6535237 5.257254
vn 3.208841 0.6089966 5.256675
vn 3.187159 0.5799519 5.107471
vn 3.268334 0.5727282 5.256164
vn 3.250714 0.541223 5.106964
vn 3.248914 0.5386478 5.047531
vn 3.184999 0.5775964 5.048055
vn 3.248983 0.5390748 5.025294
vn 3.125677 0.6253898 5.048583
vn 3.073151 0.6805938 5.049148
vn 3.185097 0.5780051 5.025801
vn 3.073315 0.680941 5.026894
vn 3.02926 0.7414099 5.027461
vn 3.125797 0.6257817 5.026346
vn 3.126041 0.6261344 5.016743
vn 3.185284 0.5784039 5.016198
vn 3.12613 0.6262594 5.013977
vn 3.249123 0.5395004 5.015691
vn 3.185361 0.5785384 5.013433
vn 3.249179 0.5396485 5.012925
vn 3.34787 1.136682 5.592322
vn 3.013296 1.234536 5.26117
vn 3.337809 1.113705 5.592277
vn 3.041543 1.29825 5.261367
vn 3.077814 1.357742 5.261586
vn 3.361029 1.15804 5.59243
vn 2.978329 1.248029 5.112283
vn 2.956911 1.175366 5.111977
vn 3.122343 1.412963 5.26178
vn 3.094767 1.438599 5.112879
vn 3.377275 1.177651 5.592593
vn 3.395495 1.195465 5.592492
vn 3.173708 1.461875 5.261761
vn 3.047247 1.379622 5.112735
vn 3.008509 1.316061 5.112518
vn 2.974969 1.249516 5.052869
vn 2.953423 1.176426 5.052544
vn 2.975188 1.249521 5.030632
vn 3.005528 1.317905 5.030885
vn 2.975534 1.249438 5.021029
vn 3.005321 1.31793 5.053139
vn 3.044278 1.381856 5.053338
vn 3.149655 1.490825 5.112915
vn 3.230025 1.502927 5.261703
vn 3.209796 1.534643 5.112894
vn 3.207773 1.537777 5.053497
vn 3.147276 1.493701 5.053517
vn 3.207856 1.537616 5.03126
vn 3.092079 1.441184 5.053463
vn 3.147388 1.49356 5.031263
vn 3.044451 1.381778 5.031083
vn 3.147614 1.493303 5.021659
vn 3.208032 1.537321 5.021657
vn 3.092228 1.441077 5.031209
vn 3.092482 1.440845 5.021606
vn 3.147696 1.493204 5.018893
vn 3.208104 1.537214 5.018873
vn 3.092582 1.440764 5.018839
vn 3.044752 1.381604 5.02148
vn 3.044866 1.381541 5.018713
vn 3.005849 1.317766 5.021282
vn 3.005969 1.317715 5.018516
vn 2.975656 1.249387 5.018262
vn 3.415689 1.210335 5.592442
vn 3.173708 1.461875 5.261761
vn 3.395495 1.195465 5.592492
vn 3.230025 1.502927 5.261703
vn 3.291201 1.53632 5.261663
vn 3.437768 1.222245 5.592457
vn 3.275131 1.570327 5.112801
vn 3.345775 1.597642 5.112668
vn 3.209796 1.534643 5.112894
vn 3.207773 1.537777 5.053497
vn 3.357364 1.561874 5.261586
vn 3.461642 1.231111 5.592522
vn 3.486328 1.237434 5.592323
vn 3.273474 1.57366 5.053404
vn 3.207856 1.537616 5.03126
vn 3.426314 1.57855 5.261305
vn 3.511261 1.240202 5.592187
vn 3.495596 1.585941 5.260993
vn 3.27351 1.573474 5.031167
vn 3.273651 1.57316 5.021564
vn 3.419425 1.615428 5.112428
vn 3.344523 1.601135 5.053255
vn 3.418597 1.619022 5.053014
vn 3.493429 1.623305 5.112131
vn 3.567804 1.621543 5.111796
vn 3.565249 1.584276 5.260708
vn 3.493024 1.626943 5.052735
vn 3.492936 1.62673 5.030499
vn 3.418543 1.618811 5.030777
vn 3.344538 1.600941 5.031
vn 3.344607 1.600598 5.021397
vn 3.418578 1.618461 5.021174
vn 3.344643 1.600474 5.018631
vn 3.273702 1.573041 5.018797
vn 3.208032 1.537321 5.021657
vn 3.208104 1.537214 5.018873
vn 3.41858 1.618329 5.018408
vn 3.492918 1.626372 5.020877
vn 3.567627 1.624602 5.020542
vn 3.492901 1.626239 5.018111
vn 3.567611 1.62447 5.017776
vn 3.511261 1.240202 5.592187
vn 3.565249 1.584276 5.260708
vn 3.495596 1.585941 5.260993
vn 3.536317 1.239495 5.59211
vn 3.635326 1.573326 5.260408
vn 3.642654 1.609879 5.111404
vn 3.561426 1.235216 5.5921
vn 3.585953 1.228359 5.591824
vn 3.567804 1.621543 5.111796
vn 3.703373 1.553302 5.259905
vn 3.608931 1.218301 5.591619
vn 3.767071 1.525059 5.25942
vn 3.826576 1.48878 5.258986
vn 3.630287 1.205139 5.591492
vn 3.715323 1.588462 5.11094
vn 3.78335 1.558285 5.110452
vn 3.784618 1.561547 5.051038
vn 3.716203 1.591898 5.051525
vn 3.78436 1.561372 5.028801
vn 3.567839 1.62517 5.052382
vn 3.643113 1.613442 5.051972
vn 3.715973 1.591709 5.029288
vn 3.493024 1.626943 5.052735
vn 3.493429 1.623305 5.112131
vn 3.492936 1.62673 5.030499
vn 3.567716 1.624957 5.030145
vn 3.567627 1.624602 5.020542
vn 3.642936 1.613236 5.029736
vn 3.642812 1.612886 5.020115
vn 3.715796 1.591374 5.019667
vn 3.784131 1.561058 5.019198
vn 3.642762 1.612758 5.017348
vn 3.567611 1.62447 5.017776
vn 3.715725 1.591252 5.016901
vn 3.78404 1.560948 5.016432
vn 3.759828 0.5269757 5.022929
vn 3.760078 0.5265389 5.045183
vn 3.689013 0.4990565 5.04535
vn 3.6888 0.4995092 5.023078
vn 3.688644 0.4999626 5.013475
vn 3.614797 0.4816388 5.023319
vn 3.614674 0.4820998 5.013716
vn 3.540405 0.4737195 5.023615
vn 3.688576 0.500117 5.010708
vn 3.7596 0.5274007 5.013326
vn 3.759531 0.527555 5.01056
vn 3.614638 0.4822627 5.01095
vn 3.540334 0.4741874 5.014013
vn 3.540316 0.4743519 5.011247
vn 3.465624 0.4761227 5.011581
vn 3.465624 0.4759584 5.014348
vn 3.390455 0.4878356 5.011991
vn 3.390441 0.4876731 5.014758
vn 3.465625 0.4754918 5.023951
vn 3.317458 0.5091853 5.015205
vn 3.317493 0.5093426 5.012439
vn 3.249123 0.5395004 5.015691
vn 3.249179 0.5396485 5.012925
vn 3.317369 0.5087382 5.024808
vn 3.248983 0.5390748 5.025294
vn 3.390385 0.4872164 5.02436
vn 3.317335 0.5082937 5.047045
vn 3.248914 0.5386478 5.047531
vn 3.390421 0.4867513 5.046614
vn 3.391409 0.4896265 5.106048
vn 3.31874 0.5110441 5.106479
vn 3.250714 0.541223 5.106964
vn 3.268334 0.5727282 5.256164
vn 3.332046 0.5444793 5.25575
vn 3.400076 0.5244538 5.255394
vn 3.470171 0.5135044 5.254946
vn 3.465695 0.4750219 5.046205
vn 3.466259 0.4779627 5.105639
vn 3.539806 0.5118436 5.254595
vn 3.54051 0.4732486 5.04587
vn 3.614955 0.4811726 5.045573
vn 3.540651 0.4761998 5.105286
vn 3.614656 0.4840779 5.105007
vn 3.68829 0.501859 5.104784
vn 3.609106 0.5192283 5.25435
vn 3.759828 0.5269757 5.022929
vn 3.688644 0.4999626 5.013475
vn 3.7596 0.5274007 5.013326
vn 3.82548 0.5628333 5.022836
vn 3.760078 0.5265389 5.045183
vn 3.825218 0.5632391 5.013233
vn 3.759531 0.527555 5.01056
vn 3.825129 0.5633818 5.010484
vn 3.825765 0.562416 5.04509
vn 3.758948 0.5291827 5.104617
vn 3.82427 0.5648588 5.104524
vn 3.80538 0.5948507 5.253867
vn 3.68829 0.501859 5.104784
vn 3.689013 0.4990565 5.04535
vn 3.744217 0.5614656 5.253994
vn 3.62271 0.8835841 5.589621
vn 3.600648 0.8716758 5.589695
vn 3.678056 0.5359098 5.254217
vn 3.576756 0.8628104 5.589875
vn 3.552086 0.8564898 5.589824
vn 3.609106 0.5192283 5.25435
vn 3.614955 0.4811726 5.045573
vn 3.614797 0.4816388 5.023319
vn 3.540405 0.4737195 5.023615
vn 2.975534 1.249438 5.021029
vn 2.975656 1.249387 5.018262
vn 2.954152 1.176437 5.01792
vn 2.95402 1.176455 5.020687
vn 2.975188 1.249521 5.030632
vn 2.942302 1.10127 5.020308
vn 2.942437 1.10127 5.017542
vn 2.953658 1.176485 5.030307
vn 2.953423 1.176426 5.052544
vn 2.941933 1.101249 5.029929
vn 2.940159 1.026486 5.029498
vn 2.940529 1.026543 5.019895
vn 2.940665 1.026579 5.017128
vn 2.948573 0.9522561 5.016662
vn 2.941692 1.101153 5.052166
vn 2.956911 1.175366 5.111977
vn 2.948438 0.9522209 5.019429
vn 2.966425 0.8783221 5.016143
vn 2.966299 0.8782498 5.018909
vn 2.948074 0.9520953 5.029032
vn 2.993736 0.8072939 5.018392
vn 2.993861 0.8073662 5.015625
vn 3.029574 0.7416753 5.01784
vn 3.029679 0.7417817 5.015091
vn 3.073698 0.6813643 5.014524
vn 3.073592 0.6812576 5.017291
vn 3.12613 0.6262594 5.013977
vn 3.126041 0.6261344 5.016743
vn 3.073315 0.680941 5.026894
vn 3.125797 0.6257817 5.026346
vn 3.02926 0.7414099 5.027461
vn 2.993405 0.8070633 5.027995
vn 2.965948 0.8780707 5.028512
vn 2.965722 0.8778349 5.050767
vn 2.993194 0.8067914 5.050231
vn 2.969136 0.8784826 5.1102
vn 2.947836 0.9519099 5.051286
vn 3.029081 0.741083 5.049698
vn 3.073151 0.6805938 5.049148
vn 2.939917 1.026338 5.051752
vn 2.996455 0.8078287 5.109647
vn 3.075955 0.6823553 5.108564
vn 3.128174 0.6274781 5.108035
vn 3.104706 0.704888 5.257694
vn 3.063657 0.7612071 5.258168
vn 3.032129 0.7425073 5.109096
vn 3.030267 0.8223665 5.2587
vn 3.355833 0.9434416 5.591168
vn 3.343919 0.9655186 5.591394
vn 3.004714 0.8885283 5.259271
vn 3.335058 0.9893951 5.591695
vn 3.328732 1.014081 5.59174
vn 2.988041 0.9574756 5.259684
vn 3.325949 1.039014 5.591851
vn 2.951354 0.9521173 5.110684
vn 2.98065 1.026777 5.260074
vn 2.943479 1.026123 5.11115
vn 2.945244 1.100516 5.111581
vn 2.982316 1.096412 5.260507
vn 3.326671 1.06407 5.592038
vn 2.993268 1.166503 5.260932
vn 3.013296 1.234536 5.26117
vn 3.330953 1.089178 5.592293
vn 3.337809 1.113705 5.592277
vn 2.939902 1.026356 5.049497
vn 2.941678 1.101171 5.049928
vn 2.941678 1.101171 5.049928
vn 2.939902 1.026356 5.049497
vn 2.941678 1.101171 5.049928
vn 2.953409 1.176444 5.050306
vn 2.953409 1.176444 5.050306
vn 2.97495 1.249517 5.050631
vn 2.939902 1.026356 5.049497
vn 2.947824 0.9519115 5.04903
vn 2.947824 0.9519115 5.04903
vn 2.965705 0.8778538 5.048529
vn 2.965705 0.8778538 5.048529
vn 2.947824 0.9519115 5.04903
vn 2.993186 0.8067887 5.047994
vn 2.993186 0.8067887 5.047994
vn 3.029063 0.7411009 5.04746
vn 3.029063 0.7411009 5.04746
vn 3.029063 0.7411009 5.04746
vn 3.07314 0.6806006 5.046928
vn 3.07314 0.6806006 5.046928
vn 3.125657 0.6254059 5.046363
vn 2.993186 0.8067887 5.047994
vn 2.965705 0.8778538 5.048529
vn 2.965705 0.8778538 5.048529
vn 2.947824 0.9519115 5.04903
vn 2.965705 0.8778538 5.048529
vn 2.993186 0.8067887 5.047994
vn 2.939902 1.026356 5.049497
vn 2.941678 1.101171 5.049928
vn 2.947824 0.9519115 5.04903
vn 2.939902 1.026356 5.049497
vn 2.941678 1.101171 5.049928
vn 2.940132 1.026281 5.063399
vn 2.941986 1.101818 5.064253
vn 2.944476 1.026121 5.119519
vn 2.94692 1.104847 5.122031
vn 2.948192 0.9511134 5.063355
vn 2.98266 1.109944 5.257988
vn 2.99428 1.166258 5.263526
vn 2.977672 1.026691 5.25241
vn 2.989493 0.9440511 5.256999
vn 3.118342 0.9543068 5.453773
vn 3.133503 0.9273473 5.461034
vn 2.953387 0.9478155 5.121096
vn 3.005707 0.8888288 5.261877
vn 2.96595 0.8778302 5.063277
vn 3.023805 0.8342725 5.256208
vn 3.136361 0.8966396 5.453354
vn 2.970605 0.8788506 5.122693
vn 2.995716 0.8123893 5.120114
vn 3.032976 0.7429807 5.117484
vn 3.061132 0.7596731 5.250488
vn 2.993089 0.807475 5.062319
vn 2.993186 0.8067887 5.047994
vn 3.029262 0.7411169 5.061345
vn 3.029063 0.7411009 5.04746
vn 3.029063 0.7411009 5.04746
vn 3.07314 0.6806006 5.046928
vn 3.07314 0.6806006 5.046928
vn 3.125657 0.6254059 5.046363
vn 3.073827 0.6800488 5.061218
vn 3.07314 0.6806006 5.046928
vn 3.125657 0.6254059 5.046363
vn 3.125657 0.6254059 5.046363
vn 3.125657 0.6254059 5.046363
vn 3.184987 0.5776054 5.045817
vn 3.184987 0.5776054 5.045817
vn 3.184987 0.5776054 5.045817
vn 3.248915 0.5386501 5.045311
vn 3.248915 0.5386501 5.045311
vn 3.248915 0.5386501 5.045311
vn 3.184987 0.5776054 5.045817
vn 3.248915 0.5386501 5.045311
vn 3.184987 0.5776054 5.045817
vn 3.248915 0.5386501 5.045311
vn 3.249049 0.5387208 5.059196
vn 3.184527 0.5781085 5.060143
vn 3.251203 0.5420225 5.115335
vn 3.184214 0.5835036 5.117957
vn 3.125854 0.6254565 5.061093
vn 3.079843 0.6796151 5.118978
vn 3.129231 0.6284958 5.120528
vn 3.154323 0.6542621 5.259845
vn 3.197299 0.6160805 5.254175
vn 3.112683 0.6939953 5.254997
vn 3.245298 0.7509126 5.459517
vn 3.218688 0.7667004 5.452231
vn 3.165741 0.8242528 5.44594
vn 2.941678 1.101171 5.049928
vn 2.941678 1.101171 5.049928
vn 2.953409 1.176444 5.050306
vn 2.953409 1.176444 5.050306
vn 2.97495 1.249517 5.050631
vn 2.97495 1.249517 5.050631
vn 3.005312 1.317954 5.050901
vn 2.953409 1.176444 5.050306
vn 2.97495 1.249517 5.050631
vn 2.953409 1.176444 5.050306
vn 2.941678 1.101171 5.049928
vn 2.939902 1.026356 5.049497
vn 2.941678 1.101171 5.049928
vn 2.939902 1.026356 5.049497
vn 2.941986 1.101818 5.064253
vn 2.953659 1.176315 5.065054
vn 2.94692 1.104847 5.122031
vn 2.958411 1.174974 5.124451
vn 2.99428 1.166258 5.263526
vn 2.977969 1.243288 5.122695
vn 3.007833 1.222185 5.258523
vn 3.009401 1.315567 5.120906
vn 3.038897 1.299664 5.253705
vn 3.084883 1.369299 5.259033
vn 2.97492 1.248664 5.064956
vn 2.97495 1.249517 5.050631
vn 3.050895 1.382542 5.123167
vn 3.123116 1.412259 5.264371
vn 3.00552 1.317792 5.064786
vn 3.005312 1.317954 5.050901
vn 3.044904 1.382298 5.065408
vn 3.005312 1.317954 5.050901
vn 3.044256 1.38186 5.051082
vn 3.092057 1.44119 5.051226
vn 3.044256 1.38186 5.051082
vn 3.092271 1.440988 5.065974
vn 3.095918 1.437532 5.125353
vn 3.147017 1.486921 5.123343
vn 3.162783 1.453894 5.259168
vn 3.146854 1.493008 5.065604
vn 3.210362 1.533791 5.121263
vn 3.22842 1.505468 5.25404
vn 3.207909 1.537569 5.065162
vn 3.147261 1.493716 5.051279
vn 3.207758 1.537792 5.051259
vn 3.207771 1.537799 5.051259
vn 3.147261 1.493716 5.051279
vn 3.207771 1.537799 5.051259
vn 3.092057 1.44119 5.051226
vn 3.147261 1.493716 5.051279
vn 3.044256 1.38186 5.051082
vn 3.147261 1.493716 5.051279
vn 3.207771 1.537799 5.051259
vn 3.092057 1.44119 5.051226
vn 3.092057 1.44119 5.051226
vn 3.147261 1.493716 5.051279
vn 3.207771 1.537799 5.051259
vn 3.092057 1.44119 5.051226
vn 3.044256 1.38186 5.051082
vn 3.044256 1.38186 5.051082
vn 3.005312 1.317954 5.050901
vn 3.005312 1.317954 5.050901
vn 2.97495 1.249517 5.050631
vn 2.953409 1.176444 5.050306
vn 3.207771 1.537799 5.051259
vn 3.207771 1.537799 5.051259
vn 3.273458 1.573675 5.051166
vn 3.273458 1.573675 5.051166
vn 3.207771 1.537799 5.051259
vn 3.344523 1.601156 5.051017
vn 3.273458 1.573675 5.051166
vn 3.344523 1.601156 5.051017
vn 3.273458 1.573675 5.051166
vn 3.207771 1.537799 5.051259
vn 3.418983 1.619107 5.050882
vn 3.41858 1.619038 5.050776
vn 3.273458 1.573675 5.051166
vn 3.344523 1.601156 5.051017
vn 3.207758 1.537792 5.051259
vn 3.207909 1.537569 5.065162
vn 3.274289 1.573752 5.065491
vn 3.210362 1.533791 5.121263
vn 3.344523 1.601156 5.051017
vn 3.344523 1.601156 5.051017
vn 3.420782 1.619411 5.051199
vn 3.492566 1.626944 5.05018
vn 3.492725 1.626949 5.050374
vn 3.493006 1.62696 5.050497
vn 3.567821 1.625188 5.050144
vn 3.423794 1.619909 5.051411
vn 3.564157 1.62551 5.047836
vn 3.643112 1.613457 5.049735
vn 3.636152 1.614956 5.041877
vn 3.553549 1.62627 5.042797
vn 3.708486 1.594513 5.032971
vn 3.716186 1.591918 5.049287
vn 3.778541 1.564131 5.022882
vn 3.784602 1.561568 5.0488
vn 3.752343 1.568481 4.951539
vn 3.680382 1.601083 4.992393
vn 3.614092 1.618717 5.023729
vn 3.578658 1.622763 5.00745
vn 3.538924 1.626971 5.038568
vn 3.631183 1.606428 4.943377
vn 3.547594 1.623934 4.99131
vn 3.525727 1.627305 5.037159
vn 3.493359 1.626977 5.049969
vn 3.426331 1.620318 5.051252
vn 3.493852 1.627 5.049422
vn 3.492654 1.626759 5.062127
vn 3.426737 1.620113 5.065067
vn 3.48943 1.622753 5.115355
vn 3.517904 1.627433 5.052453
vn 3.344645 1.60089 5.065765
vn 3.423954 1.615014 5.121907
vn 3.279798 1.57105 5.123233
vn 3.303078 1.542785 5.259056
vn 3.22842 1.505468 5.25404
vn 3.357682 1.560881 5.264173
vn 3.34628 1.596161 5.125145
vn 3.420499 1.579491 5.256392
vn 3.398243 1.432824 5.462768
vn 3.429997 1.451443 5.452933
vn 3.484654 1.591129 5.246054
vn 3.483615 1.463588 5.44864
vn 3.507966 1.452534 5.460952
vn 3.510221 1.595159 5.237348
vn 3.507578 1.45344 5.460061
vn 3.513481 1.624184 5.108378
vn 3.514961 1.603823 5.210552
vn 3.523137 1.627295 5.034851
vn 3.518309 1.611737 5.180863
vn 3.51845 1.54019 5.352262
vn 3.518327 1.625164 5.098459
vn 3.519595 1.626287 5.083711
vn 3.520899 1.627083 5.067483
vn 3.522326 1.626523 5.014676
vn 3.524899 1.618066 5.150455
vn 3.533268 1.614909 4.928474
vn 3.518873 1.624827 4.992033
vn 3.533269 1.57502 5.286907
vn 3.55022 1.440817 5.470802
vn 3.527348 1.398604 5.507243
vn 3.557619 1.57918 5.274538
vn 3.59205 1.448148 5.458431
vn 3.612048 1.571266 5.276508
vn 3.681282 1.435775 5.443953
vn 3.815322 1.403547 5.392418
vn 3.703198 1.552158 5.262742
vn 3.534925 1.619753 5.1393
vn 3.59878 1.614293 5.138171
vn 3.558377 1.618203 5.141238
vn 3.521886 1.627352 5.056929
vn 3.645667 1.608201 5.119509
vn 3.530326 1.627295 5.044806
vn 3.796517 1.521955 5.22714
vn 3.857488 1.498368 5.174731
vn 3.711867 1.591599 5.092386
vn 3.528 1.627318 5.053123
vn 3.510697 1.623079 4.976332
vn 3.524141 1.62735 5.055501
vn 3.491967 1.62159 4.968773
vn 3.444023 1.578717 4.826564
vn 3.455053 1.617716 4.961337
vn 3.495262 1.589991 4.843588
vn 3.538008 1.626895 5.032912
vn 3.78064 1.562443 5.081892
vn 3.519648 1.601795 4.876856
vn 3.520829 1.506203 4.693086
vn 3.471809 1.465134 4.648223
vn 3.553814 1.556557 4.772337
vn 3.374986 1.427149 4.633444
vn 3.226851 1.368096 4.662126
vn 3.348731 1.552473 4.817425
vn 3.518908 1.310857 4.531945
vn 3.451229 1.257119 4.512092
vn 3.574676 1.399163 4.590832
vn 3.586569 1.594277 4.86722
vn 3.390896 1.605676 4.953049
vn 3.226584 1.501444 4.833915
vn 3.139737 1.453091 4.87737
vn 3.305544 1.580387 4.9603
vn 3.220117 1.534092 4.941711
vn 3.701102 1.558752 4.845479
vn 3.637703 1.502342 4.709134
vn 3.678406 1.344158 4.577228
vn 3.773484 1.467424 4.741649
vn 3.827276 1.516348 4.907296
vn 3.539806 1.625197 5.001494
vn 3.546501 1.613113 4.922659
vn 3.11863 1.435466 4.884801
vn 3.882588 1.495499 5.08067
vn 3.778541 1.564131 5.022882
vn 3.784602 1.561568 5.0488
vn 3.84853 1.522612 5.048294
vn 3.8452 1.523753 5.013582
vn 3.752343 1.568481 4.951539
vn 3.90786 1.474812 5.047749
vn 3.827276 1.516348 4.907296
vn 3.905676 1.474863 5.006306
vn 3.958044 1.419484 5.00056
vn 3.960377 1.419617 5.047184
vn 4.001901 1.358889 4.995817
vn 4.004454 1.359117 5.046651
vn 3.93456 1.39982 4.856064
vn 3.888932 1.456754 4.875417
vn 3.820358 1.376319 4.679976
vn 3.773484 1.467424 4.741649
vn 4.001901 1.358889 4.995817
vn 4.004454 1.359117 5.046651
vn 4.04033 1.293429 5.046118
vn 4.037531 1.293202 4.99197
vn 3.971714 1.339734 4.840981
vn 3.958044 1.419484 5.00056
vn 4.067811 1.222364 5.045582
vn 3.93456 1.39982 4.856064
vn 4.064786 1.222245 4.989021
vn 4.001247 1.2765 4.829453
vn 4.082522 1.148327 4.987075
vn 4.085693 1.148306 5.045081
vn 4.090387 1.074076 4.986151
vn 4.044576 1.073219 4.814229
vn 4.093615 1.073862 5.044615
vn 4.088653 0.9994546 4.986196
vn 4.037966 1.141374 4.816086
vn 4.04362 1.004764 4.815335
vn 4.077056 0.9243053 4.98728
vn 3.898435 1.019828 4.614922
vn 3.89795 1.06839 4.613821
vn 3.894375 1.116791 4.615439
vn 3.887478 1.166429 4.620008
vn 4.023492 1.209789 4.821099
vn 3.877222 1.216926 4.628044
vn 3.863245 1.267879 4.639801
vn 3.844758 1.320555 4.656404
vn 3.820358 1.376319 4.679976
vn 3.888932 1.456754 4.875417
vn 4.090387 1.074076 4.986151
vn 4.093615 1.073862 5.044615
vn 4.091839 0.9990472 5.044184
vn 4.088653 0.9994546 4.986196
vn 4.080108 0.9237741 5.043805
vn 4.077056 0.9243053 4.98728
vn 4.055729 0.8513185 4.989386
vn 4.058567 0.8507004 5.04348
vn 4.02563 0.7828997 4.992446
vn 3.993965 0.8012963 4.838012
vn 4.028205 0.7822641 5.04321
vn 3.989261 0.7183579 5.043029
vn 3.986907 0.7188449 4.996476
vn 3.94146 0.659028 5.042885
vn 4.018179 0.8668809 4.827197
vn 4.034848 0.9353208 4.819591
vn 4.04362 1.004764 4.815335
vn 3.895708 0.9697481 4.618952
vn 3.898435 1.019828 4.614922
vn 3.889703 0.9184215 4.626456
vn 3.880018 0.8663121 4.637673
vn 3.865974 0.8120192 4.653743
vn 3.961894 0.73816 4.85244
vn 3.846296 0.7540729 4.676784
vn 3.93926 0.6592698 5.001548
vn 3.921113 0.6774262 4.871163
vn 3.864601 0.6126118 4.902365
vn 3.807162 0.6586885 4.737557
vn 3.883032 0.6055088 5.008225
vn 3.886256 0.6065019 5.042832
vn 3.794314 0.5540605 4.945902
vn 3.742737 0.5607283 4.840238
vn 3.819929 0.5596828 5.017003
vn 3.825759 0.5624262 5.042852
vn 3.89795 1.06839 4.613821
vn 3.713645 1.06145 4.504432
vn 3.71234 1.086188 4.505042
vn 3.894375 1.116791 4.615439
vn 3.710458 1.111984 4.506699
vn 3.887478 1.166429 4.620008
vn 3.877222 1.216926 4.628044
vn 3.708098 1.139295 4.509684
vn 3.863245 1.267879 4.639801
vn 3.704962 1.168421 4.514219
vn 3.700767 1.201032 4.521037
vn 3.844758 1.320555 4.656404
vn 3.694987 1.239528 4.531606
vn 3.820358 1.376319 4.679976
vn 3.773484 1.467424 4.741649
vn 3.678406 1.344158 4.577228
vn 3.585372 1.217164 4.498678
vn 3.588332 1.137595 4.480878
vn 3.819929 0.5596828 5.017003
vn 3.825759 0.5624262 5.042852
vn 3.760059 0.5265428 5.042945
vn 3.752625 0.5235302 5.026681
vn 3.794314 0.5540605 4.945902
vn 3.688994 0.4990621 5.043095
vn 3.725382 0.5152155 4.98624
vn 3.682245 0.4971091 5.035288
vn 3.677174 0.5064702 4.937252
vn 3.742737 0.5607283 4.840238
vn 3.611361 0.4805936 5.041062
vn 3.614937 0.4811797 5.043335
vn 3.540246 0.4732474 5.043526
vn 3.540228 0.4732476 5.043367
vn 3.540511 0.4732577 5.043614
vn 3.465696 0.4750295 5.043967
vn 3.466101 0.4749931 5.044073
vn 3.390405 0.4867609 5.044376
vn 3.601072 0.4790537 5.036075
vn 3.660785 0.491809 5.017208
vn 3.626196 0.4851056 5.000925
vn 3.59561 0.4816269 4.984254
vn 3.632012 0.5158939 4.860872
vn 3.586834 0.4772286 5.031863
vn 3.390405 0.4867609 5.044376
vn 3.467968 0.47483 5.04439
vn 3.317331 0.5082999 5.044825
vn 3.317331 0.5082999 5.044825
vn 3.248915 0.5386501 5.045311
vn 3.317331 0.5082999 5.044825
vn 3.248915 0.5386501 5.045311
vn 3.317331 0.5082999 5.044825
vn 3.390405 0.4867609 5.044376
vn 3.390405 0.4867609 5.044376
vn 3.390405 0.4867609 5.044376
vn 3.317331 0.5082999 5.044825
vn 3.318161 0.508125 5.059132
vn 3.471069 0.4745746 5.044601
vn 3.541215 0.47329 5.043156
vn 3.473677 0.4743742 5.044425
vn 3.573883 0.4758362 5.030294
vn 3.541814 0.4733201 5.042557
vn 3.540616 0.4733092 5.055191
vn 3.474099 0.4744451 5.058222
vn 3.537004 0.4763806 5.108369
vn 3.566059 0.4748701 5.045289
vn 3.39051 0.4868599 5.059107
vn 3.470892 0.4786202 5.115102
vn 3.323462 0.5105813 5.11691
vn 3.251203 0.5420225 5.115335
vn 3.391797 0.4909979 5.118559
vn 3.344395 0.5390435 5.253057
vn 3.266939 0.5701528 5.248465
vn 3.400322 0.52544 5.258003
vn 3.464549 0.5121228 5.24998
vn 3.430314 0.6540223 5.458123
vn 3.399408 0.6544142 5.450773
vn 3.470293 0.833721 5.580301
vn 3.324784 0.6777937 5.444373
vn 3.4128 0.8439816 5.576241
vn 3.26313 0.7257707 5.451791
vn 3.197299 0.6160805 5.254175
vn 3.463527 0.6381657 5.448058
vn 3.473906 0.8312752 5.579605
vn 3.509569 0.8250914 5.578703
vn 3.529586 0.5058932 5.239404
vn 3.518027 0.6304663 5.44358
vn 3.541427 0.6432037 5.455899
vn 3.555506 0.5039574 5.230224
vn 3.54111 0.6419333 5.45465
vn 3.561249 0.4770091 5.101005
vn 3.56095 0.4957438 5.202168
vn 3.571469 0.4757124 5.026841
vn 3.566253 0.4764901 5.090009
vn 3.567328 0.4755664 5.073076
vn 3.564685 0.4881271 5.170396
vn 3.567645 0.4750437 5.053676
vn 3.570395 0.476812 5.00478
vn 3.558941 0.5566651 5.343817
vn 3.556157 0.696595 5.501818
vn 3.5819 0.656047 5.463955
vn 3.570764 0.482338 5.136793
vn 3.575716 0.5231165 5.27539
vn 3.598357 0.5200747 5.260922
vn 3.623062 0.6514857 5.450952
vn 3.578464 0.4810638 5.122643
vn 3.647994 0.5310644 5.263165
vn 3.709013 0.6708567 5.437619
vn 3.83868 0.7141312 5.388843
vn 3.596103 0.483375 5.123544
vn 3.566042 0.4749134 5.039668
vn 3.628522 0.4888317 5.12328
vn 3.733027 0.5559533 5.252899
vn 3.67018 0.497192 5.110915
vn 3.549091 0.4738325 5.033148
vn 3.822419 0.5927476 5.222343
vn 3.882181 0.6215978 5.174248
vn 3.734701 0.5172105 5.090111
vn 3.556087 0.4742075 5.035914
vn 3.561954 0.4746282 5.036443
vn 3.529234 0.481178 4.949612
vn 3.554677 0.4807221 4.959339
vn 3.478734 0.5250189 4.810058
vn 3.481201 0.4832742 4.943289
vn 3.565725 0.4789014 4.978809
vn 3.551136 0.4740575 5.029272
vn 3.805148 0.5512339 5.082952
vn 3.53688 0.5160505 4.828629
vn 3.580562 0.4905993 4.919731
vn 3.564827 0.5043121 4.865043
vn 3.596067 0.5525595 4.76512
vn 3.558043 0.6025493 4.684676
vn 3.540088 0.7977699 4.528294
vn 3.603556 0.7128054 4.586593
vn 3.503913 0.6417944 4.639076
vn 3.675146 0.6132469 4.704422
vn 3.70237 0.7755202 4.574316
vn 3.807162 0.6586885 4.737557
vn 3.400587 0.6739008 4.624794
vn 3.245348 0.7216547 4.657456
vn 3.372926 0.546753 4.803584
vn 3.404553 0.4939983 4.939891
vn 3.242974 0.5918812 4.827049
vn 3.154544 0.6341769 4.876368
vn 3.315851 0.516595 4.955774
vn 3.23631 0.5562235 4.943329
vn 3.561848 0.4762926 5.001944
vn 3.577882 0.4893623 4.923928
vn 3.910378 0.6292183 5.08238
vn 3.138032 0.644461 4.887841
vn 3.594428 0.5667743 4.74097
vn 3.056314 0.7858002 4.820196
vn 3.251203 0.5420225 5.115335
vn 3.197299 0.6160805 5.254175
vn 3.266939 0.5701528 5.248465
vn 3.184214 0.5835036 5.117957
vn 3.245298 0.7509126 5.459517
vn 3.26313 0.7257707 5.451791
vn 3.154323 0.6542621 5.259845
vn 3.061132 0.7596731 5.250488
vn 3.023805 0.8342725 5.256208
vn 3.136361 0.8966396 5.453354
vn 3.165741 0.8242528 5.44594
vn 3.22842 1.505468 5.25404
vn 3.295009 1.400612 5.448688
vn 3.237528 1.347646 5.455511
vn 3.162783 1.453894 5.259168
vn 3.221813 1.321035 5.462916
vn 3.123116 1.412259 5.264371
vn 3.084883 1.369299 5.259033
vn 3.196601 1.303204 5.455437
vn 3.038897 1.299664 5.253705
vn 3.148544 1.241557 5.448427
vn 3.125235 1.166932 5.454971
vn 3.316081 1.153374 5.578467
vn 3.007833 1.222185 5.258523
vn 3.124912 1.136007 5.46228
vn 2.99428 1.166258 5.263526
vn 2.98266 1.109944 5.257988
vn 3.112007 1.107991 5.454682
vn 3.305423 1.093921 5.582547
vn 2.977672 1.026691 5.25241
vn 3.29011 1.037609 5.577911
vn 3.101233 1.030623 5.447421
vn 3.118342 0.9543068 5.453773
vn 3.22842 1.505468 5.25404
vn 3.367463 1.429982 5.455394
vn 3.295009 1.400612 5.448688
vn 3.303078 1.542785 5.259056
vn 3.398243 1.432824 5.462768
vn 3.357682 1.560881 5.264173
vn 3.527348 1.398604 5.507243
vn 3.507578 1.45344 5.460061
vn 3.51845 1.54019 5.352262
vn 3.514785 1.324172 5.555208
vn 3.566588 1.243056 5.588924
vn 3.527348 1.398604 5.507243
vn 3.55022 1.440817 5.470802
vn 3.537867 1.215052 5.59994
vn 3.514785 1.324172 5.555208
vn 3.542942 1.088745 5.622517
vn 3.524776 1.172569 5.611212
vn 3.530872 1.077961 5.623561
vn 3.532881 1.050279 5.624181
vn 3.518767 1.13195 5.618572
vn 3.528088 1.069397 5.623972
vn 3.504601 1.208111 5.602232
vn 3.507578 1.45344 5.460061
vn 3.515314 1.09796 5.622418
vn 3.50742 1.225206 5.597135
vn 3.507983 1.106243 5.621603
vn 3.514644 1.243142 5.591176
vn 3.507966 1.452534 5.460952
vn 3.491315 1.267391 5.581354
vn 3.522133 1.060094 5.624295
vn 3.530026 1.053997 5.62424
vn 3.516212 1.059689 5.624326
vn 3.519454 1.117061 5.620504
vn 3.501446 1.150913 5.615332
vn 3.516864 1.101538 5.622111
vn 3.519983 1.054649 5.624379
vn 3.519349 1.046773 5.624391
vn 3.5129 1.069996 5.624051
vn 3.520741 1.048006 5.624389
vn 3.456303 1.258319 5.582151
vn 3.429997 1.451443 5.452933
vn 3.398243 1.432824 5.462768
vn 3.487385 1.125661 5.618687
vn 3.457503 1.244306 5.587527
vn 3.516036 1.057398 5.62436
vn 3.525392 1.052253 5.624337
vn 3.526414 1.053715 5.624314
vn 3.45292 1.255571 5.58282
vn 3.367463 1.429982 5.455394
vn 3.498028 1.115 5.620442
vn 3.499244 1.127829 5.618883
vn 3.396466 1.240662 5.578612
vn 3.295009 1.400612 5.448688
vn 3.237528 1.347646 5.455511
vn 3.50601 1.067847 5.624033
vn 3.459528 1.141185 5.614297
vn 3.358865 1.195976 5.582897
vn 3.221813 1.321035 5.462916
vn 3.45463 1.099565 5.618919
vn 3.511173 1.054314 5.624364
vn 3.36711 1.187025 5.587604
vn 3.497253 1.05835 5.624018
vn 3.508495 1.049222 5.624346
vn 3.494416 1.045751 5.623957
vn 3.46677 1.095195 5.620468
vn 3.461414 1.10693 5.618931
vn 3.357526 1.194514 5.582897
vn 3.196601 1.303204 5.455437
vn 3.420342 1.09865 5.614225
vn 3.316081 1.153374 5.578467
vn 3.148544 1.241557 5.448427
vn 3.43692 1.060149 5.618771
vn 3.30586 1.095878 5.582556
vn 3.125235 1.166932 5.454971
vn 3.124912 1.136007 5.46228
vn 3.317455 1.092229 5.587276
vn 3.305423 1.093921 5.582547
vn 3.449607 1.062421 5.620355
vn 3.439107 1.06991 5.618817
vn 3.407688 1.042248 5.613955
vn 3.29011 1.037609 5.577911
vn 3.310001 0.9826847 5.581882
vn 3.118342 0.9543068 5.453773
vn 3.133503 0.9273473 5.461034
vn 3.441291 1.017173 5.618504
vn 3.32186 0.9853088 5.586638
vn 3.508723 1.04346 5.624312
vn 3.310604 0.980783 5.581871
vn 3.136361 0.8966396 5.453354
vn 3.451124 1.02549 5.620134
vn 3.438296 1.026723 5.618571
vn 3.325509 0.9243642 5.577098
vn 3.165741 0.8242528 5.44594
vn 3.218688 0.7667004 5.452231
vn 3.498275 1.033417 5.623868
vn 3.42494 0.9870443 5.613559
vn 3.370192 0.8867241 5.581057
vn 3.245298 0.7509126 5.459517
vn 3.466559 0.9821097 5.618186
vn 3.379145 0.8949183 5.585862
vn 3.371654 0.8853671 5.581039
vn 3.511807 1.03858 5.624269
vn 3.470929 0.9942315 5.619865
vn 3.459194 0.9888934 5.618258
vn 3.467475 0.9478745 5.613141
vn 3.4128 0.8439816 5.576241
vn 3.470293 0.833721 5.580301
vn 3.50779 1.024677 5.623776
vn 3.505975 0.9644002 5.617907
vn 3.473941 0.8452635 5.585144
vn 3.516899 1.035902 5.624231
vn 3.503702 0.9770689 5.619618
vn 3.493975 0.965581 5.61773
vn 3.473906 0.8312752 5.579605
vn 3.51482 1.023109 5.623771
vn 3.520617 1.038967 5.624286
vn 3.517269 1.033628 5.62417
vn 3.510063 0.9416003 5.614078
vn 3.509569 0.8250914 5.578703
vn 3.525251 0.97677 5.619666
vn 3.530819 0.8510444 5.58882
vn 3.541427 0.6432037 5.455899
vn 3.522115 0.8682204 5.59498
vn 3.54111 0.6419333 5.45465
vn 3.521375 0.9920102 5.621457
vn 3.5129 0.9865837 5.620888
vn 3.517886 0.8848698 5.600254
vn 3.537621 0.7699486 5.551445
vn 3.519525 0.995429 5.621804
vn 3.525762 0.961829 5.617546
vn 3.523225 1.033717 5.624137
vn 3.529921 1.024942 5.623707
vn 3.520829 1.045663 5.624374
vn 3.535119 0.921746 5.609656
vn 3.533392 1.016625 5.623194
vn 3.533128 1.044394 5.624146
vn 3.551576 0.8803751 5.597793
vn 3.556157 0.696595 5.501818
vn 3.53059 1.040448 5.624159
vn 3.54629 1.006881 5.622027
vn 3.582289 0.8547059 5.586367
vn 3.5819 0.656047 5.463955
vn 3.525815 1.041804 5.624275
vn 3.52696 1.04043 5.624235
vn 3.53133 1.03976 5.624129
vn 3.522961 1.0445 5.624345
vn 3.529974 1.042703 5.624207
vn 3.57753 0.9976147 5.618794
vn 3.544616 1.045645 5.623716
vn 3.533815 1.043848 5.62412
vn 3.532264 1.043108 5.624155
vn 3.54562 1.045117 5.623662
vn 3.527912 1.045892 5.624283
vn 3.521251 1.046421 5.624377
vn 3.532458 1.046121 5.624179
vn 3.534396 1.04554 5.624118
vn 3.534714 1.046844 5.624117
vn 3.534925 1.046174 5.624107
vn 3.546431 1.046068 5.623629
vn 3.578288 1.044078 5.621086
vn 3.546713 1.047038 5.62362
vn 3.532388 1.045029 5.624172
vn 3.527507 1.04524 5.624286
vn 3.528299 1.044535 5.624264
vn 3.577301 1.042351 5.621171
vn 3.532775 1.044253 5.624154
vn 3.523595 1.046949 5.624357
vn 3.576086 1.041453 5.621284
vn 3.636242 1.036804 5.61175
vn 3.637862 1.039518 5.611463
vn 3.636066 0.9932299 5.609073
vn 3.530731 1.047249 5.62423
vn 3.760498 1.025524 5.569856
vn 3.762734 1.032185 5.569078
vn 3.756923 0.9841523 5.567924
vn 3.636118 0.8524207 5.576211
vn 3.623062 0.6514857 5.450952
vn 3.746562 0.8591988 5.541097
vn 3.709013 0.6708567 5.437619
vn 3.89281 0.8855892 5.453075
vn 3.639272 1.042232 5.611202
vn 3.764709 1.037841 5.568307
vn 3.766333 1.042987 5.567628
vn 3.640399 1.044769 5.610987
vn 3.767514 1.047956 5.567104
vn 3.578888 1.045717 5.621037
vn 3.641246 1.047077 5.610817
vn 3.641703 1.049403 5.610724
vn 3.546924 1.046826 5.623608
vn 3.579345 1.04658 5.620993
vn 3.579769 1.047532 5.620952
vn 3.579909 1.049294 5.620941
vn 3.547347 1.04672 5.623585
vn 3.535207 1.045769 5.624095
vn 3.64179 1.051888 5.610702
vn 3.768109 1.052731 5.566814
vn 3.768197 1.057365 5.566728
vn 3.767758 1.061964 5.566855
vn 3.641494 1.054372 5.610754
vn 3.547576 1.047954 5.623579
vn 3.533004 1.047337 5.624171
vn 3.766825 1.066686 5.567176
vn 3.920846 1.071146 5.458886
vn 3.535295 1.047443 5.624102
vn 3.535066 1.049099 5.624115
vn 3.547259 1.049152 5.623599
vn 3.534837 1.048658 5.624121
vn 3.532529 1.050385 5.62419
vn 3.579626 1.051038 5.620972
vn 3.528071 1.049751 5.624295
vn 3.640875 1.056645 5.610869
vn 3.546836 1.049011 5.623621
vn 3.532194 1.04961 5.624199
vn 3.521216 1.047284 5.624382
vn 3.579135 1.051937 5.621024
vn 3.578606 1.052747 5.621078
vn 3.639853 1.058883 5.611063
vn 3.577866 1.054333 5.621148
vn 3.546642 1.048764 5.623631
vn 3.765274 1.071549 5.567741
vn 3.918129 1.085629 5.460545
vn 3.638514 1.061332 5.61131
vn 3.763265 1.076571 5.568465
vn 3.760871 1.082068 5.569283
vn 3.636911 1.063904 5.611597
vn 3.758155 1.088552 5.570107
vn 3.53466 1.047971 5.624125
vn 3.546272 1.049733 5.623651
vn 3.532352 1.048517 5.624193
vn 3.576738 1.05599 5.621252
vn 3.635078 1.066494 5.611914
vn 3.545391 1.050579 5.623695
vn 3.631465 1.109964 5.609722
vn 3.751457 1.129571 5.56853
vn 3.620472 1.249758 5.578767
vn 3.731797 1.252712 5.543084
vn 3.681282 1.435775 5.443953
vn 3.87996 1.239577 5.453897
vn 3.815322 1.403547 5.392418
vn 3.59205 1.448148 5.458431
vn 3.573373 1.100605 5.619401
vn 3.575469 1.056782 5.621374
vn 3.54444 1.04998 5.623742
vn 3.533533 1.050879 5.624162
vn 3.530696 1.054755 5.624219
vn 3.534256 1.049258 5.62414
vn 3.531929 1.051478 5.624205
vn 3.529603 1.051689 5.624261
vn 3.522749 1.049346 5.624374
vn 3.527806 1.048359 5.624298
vn 3.527348 1.048993 5.624308
vn 3.518908 1.310857 4.531945
vn 3.574676 1.399163 4.590832
vn 3.585372 1.217164 4.498678
vn 3.517692 1.146178 4.477755
vn 3.588332 1.137595 4.480878
vn 3.443722 1.107185 4.477195
vn 3.451229 1.257119 4.512092
vn 3.516935 1.088033 4.470953
vn 3.441204 1.060297 4.474761
vn 3.516318 1.079452 4.470452
vn 3.58886 1.118601 4.478335
vn 3.515772 1.072774 4.470151
vn 3.694987 1.239528 4.531606
vn 3.700767 1.201032 4.521037
vn 3.589247 1.103324 4.476751
vn 3.704962 1.168421 4.514219
vn 3.708098 1.139295 4.509684
vn 3.589582 1.090198 4.475721
vn 3.710458 1.111984 4.506699
vn 3.439706 1.057231 4.474915
vn 3.315571 1.032499 4.50618
vn 3.438384 1.055029 4.475071
vn 3.313067 1.034508 4.507056
vn 3.318565 1.068886 4.505115
vn 3.515331 1.067171 4.469959
vn 3.589917 1.078217 4.475049
vn 3.437291 1.05339 4.47521
vn 3.590341 1.067116 4.474666
vn 3.71234 1.086188 4.505042
vn 3.590764 1.056562 4.474504
vn 3.515067 1.05348 4.469718
vn 3.713645 1.06145 4.504432
vn 3.514979 1.057709 4.469758
vn 3.515049 1.06222 4.469835
vn 3.436481 1.052104 4.475317
vn 3.307499 1.04041 4.50905
vn 3.436041 1.051082 4.475377
vn 3.308926 1.038366 4.508538
vn 3.714441 1.036693 4.504769
vn 3.89795 1.06839 4.613821
vn 3.898435 1.019828 4.614922
vn 3.714738 1.010791 4.506139
vn 3.895708 0.9697481 4.618952
vn 3.889703 0.9184215 4.626456
vn 3.591221 1.046043 4.474542
vn 3.310815 1.036411 4.507859
vn 3.150932 1.017208 4.60161
vn 3.148726 1.022511 4.60307
vn 3.153603 1.011446 4.599891
vn 3.156706 1.004663 4.598023
vn 3.158643 1.031412 4.594577
vn 3.147067 1.02762 4.604161
vn 3.146031 1.032606 4.604802
vn 3.306652 1.042542 4.509346
vn 3.16809 1.153183 4.59857
vn 3.435901 1.050201 4.475396
vn 3.306317 1.044656 4.509452
vn 3.306493 1.046806 4.509365
vn 3.43611 1.04932 4.475367
vn 3.307182 1.048973 4.509088
vn 3.329296 1.205542 4.523575
vn 3.374986 1.427149 4.633444
vn 3.226851 1.368096 4.662126
vn 3.471809 1.465134 4.648223
vn 3.515331 1.049269 4.469708
vn 3.436622 1.048333 4.475297
vn 3.59175 1.034924 4.474798
vn 3.515772 1.044776 4.469731
vn 3.516477 1.03986 4.469797
vn 3.592436 1.022943 4.475332
vn 3.517358 1.034309 4.469922
vn 3.437555 1.047117 4.475172
vn 3.714687 0.9833202 4.508821
vn 3.880018 0.8663121 4.637673
vn 3.593196 1.009797 4.476209
vn 3.714017 0.9539284 4.513041
vn 3.712588 0.9209245 4.519518
vn 3.865974 0.8120192 4.653743
vn 3.71007 0.8818557 4.529702
vn 3.846296 0.7540729 4.676784
vn 3.807162 0.6586885 4.737557
vn 3.70237 0.7755202 4.574316
vn 3.594094 0.9944846 4.477619
vn 3.598939 0.8956813 4.496845
vn 3.603556 0.7128054 4.586593
vn 3.540088 0.7977699 4.528294
vn 3.595186 0.9754184 4.479955
vn 3.525357 0.9613606 4.476632
vn 3.518468 1.027684 4.470144
vn 3.448233 0.9942913 4.476511
vn 3.467458 0.8466969 4.508979
vn 3.519807 1.019173 4.470543
vn 3.441996 1.040563 4.474646
vn 3.314688 1.057503 4.506273
vn 3.440269 1.043505 4.474833
vn 3.438771 1.045584 4.475015
vn 3.320364 1.021822 4.504873
vn 3.312327 1.0553 4.507135
vn 3.308472 1.051123 4.508587
vn 3.310212 1.05322 4.507925
vn 3.149533 1.058051 4.601617
vn 3.151809 1.06399 4.599895
vn 3.147697 1.052606 4.603073
vn 3.146382 1.04739 4.604171
vn 3.145696 1.042333 4.604805
vn 3.154417 1.07095 4.598048
vn 3.158225 1.044768 4.594553
vn 3.175558 0.9263929 4.598046
vn 3.34077 0.8884504 4.521482
vn 3.400587 0.6739008 4.624794
vn 3.245348 0.7216547 4.657456
vn 3.503913 0.6417944 4.639076
vn 3.574676 1.399163 4.590832
vn 3.678406 1.344158 4.577228
vn 3.585372 1.217164 4.498678
vn 3.637703 1.502342 4.709134
vn 3.586569 1.594277 4.86722
vn 3.553814 1.556557 4.772337
vn 3.114396 0.7603197 4.75132
vn 3.245348 0.7216547 4.657456
vn 3.372926 0.546753 4.803584
vn 3.045874 0.9455716 4.729766
vn 3.175558 0.9263929 4.598046
vn 3.158225 1.044768 4.594553
vn 3.033441 1.059328 4.731378
vn 3.154417 1.07095 4.598048
vn 3.019291 0.8300481 4.853581
vn 3.154544 0.6341769 4.876368
vn 3.242974 0.5918812 4.827049
vn 3.032787 1.079308 4.733604
vn 3.030899 1.068841 4.735731
vn 3.151809 1.06399 4.599895
vn 3.029386 1.060189 4.737702
vn 3.149533 1.058051 4.601617
vn 3.147697 1.052606 4.603073
vn 2.974166 1.087337 4.853301
vn 2.973217 1.081081 4.854867
vn 2.964374 1.081107 4.881998
vn 2.972889 1.074051 4.854791
vn 2.974514 1.009244 4.853061
vn 3.028233 1.052471 4.739369
vn 3.146382 1.04739 4.604171
vn 2.965015 1.066748 4.877836
vn 2.972031 1.063214 4.856181
vn 2.971475 1.053716 4.857355
vn 2.963409 1.069143 4.883422
vn 3.007985 0.8242851 4.893803
vn 2.969642 0.9758993 4.878266
vn 3.056314 0.7858002 4.820196
vn 3.08293 0.6908754 4.920259
vn 3.315851 0.516595 4.955774
vn 3.404553 0.4939983 4.939891
vn 3.138032 0.644461 4.887841
vn 3.23631 0.5562235 4.943329
vn 3.011996 0.9674046 4.779272
vn 3.594428 0.5667743 4.74097
vn 3.638319 0.7587694 4.563654
vn 3.000784 1.04382 4.788088
vn 3.663589 0.8888912 4.512469
vn 3.66743 0.9260733 4.50369
vn 2.999789 1.041335 4.790154
vn 3.669365 0.9575474 4.497986
vn 2.999014 1.039008 4.791809
vn 2.962802 1.059363 4.884637
vn 2.962432 1.050799 4.885639
vn 2.962266 1.04287 4.886374
vn 2.998445 1.036753 4.793075
vn 3.670213 0.9855278 4.494232
vn 2.998069 1.034549 4.79397
vn 3.670371 1.011624 4.491848
vn 3.669931 1.036205 4.490569
vn 2.997856 1.032382 4.794549
vn 3.669101 1.05964 4.490249
vn 2.971177 1.044941 4.858251
vn 3.027457 1.045246 4.740635
vn 3.02711 1.038356 4.741376
vn 3.145696 1.042333 4.604805
vn 3.02714 1.031766 4.741652
vn 2.971129 1.036677 4.858796
vn 2.962276 1.035381 4.88685
vn 2.997828 1.030268 4.794764
vn 2.971303 1.028765 4.859022
vn 2.998 1.028171 4.794585
vn 3.66792 1.083074 4.490821
vn 2.962453 1.028244 4.887054
vn 2.962806 1.021108 4.886964
vn 2.963351 1.013637 4.886608
vn 2.99837 1.026039 4.79402
vn 3.666284 1.107566 4.492372
vn 2.971707 1.020871 4.858913
vn 2.998899 1.023854 4.793156
vn 3.663907 1.133503 4.495036
vn 3.660679 1.161269 4.499093
vn 2.999628 1.02167 4.791908
vn 2.964112 1.005691 4.88599
vn 3.000561 1.019415 4.790285
vn 3.65608 1.192367 4.505128
vn 3.001733 1.017019 4.788237
vn 2.968327 0.9752971 4.882862
vn 3.649122 1.228945 4.514298
vn 3.614393 1.352834 4.565228
vn 3.007779 1.096103 4.778433
vn 3.5594 1.537858 4.741088
vn 2.966464 0.9873142 4.884065
vn 3.041732 1.284697 4.817596
vn 3.11863 1.435466 4.884801
vn 2.965117 0.9971099 4.885141
vn 2.974557 0.9943529 4.856682
vn 2.976219 0.9834998 4.855447
vn 3.031356 1.00354 4.737946
vn 2.973305 1.003834 4.857713
vn 2.972361 1.012608 4.858488
vn 2.967857 0.9898183 4.878516
vn 2.995274 1.242786 4.89129
vn 3.067512 1.388904 4.917717
vn 3.029666 1.011169 4.739552
vn 3.027564 1.025194 4.741439
vn 2.96583 1.082747 4.877509
vn 3.00693 1.237763 4.851622
vn 3.139737 1.453091 4.87737
vn 2.973123 1.049101 4.852652
vn 3.040143 1.121511 4.729137
vn 3.099082 1.317585 4.751529
vn 3.226584 1.501444 4.833915
vn 3.226851 1.368096 4.662126
vn 3.16809 1.153183 4.59857
vn 3.158643 1.031412 4.594577
vn 2.977114 0.9761515 4.855619
vn 3.035332 1.004722 4.731616
vn 3.156706 1.004663 4.598023
vn 2.978482 0.9701802 4.854176
vn 3.036081 0.9845644 4.734029
vn 3.033469 0.9949415 4.736056
vn 3.153603 1.011446 4.599891
vn 3.150932 1.017208 4.60161
vn 3.148726 1.022511 4.60307
vn 3.147067 1.02762 4.604161
vn 3.028393 1.01834 4.74075
vn 3.146031 1.032606 4.604802
vn 3.145567 1.037469 4.605026
vn 3.306652 1.042542 4.509346
vn 3.306317 1.044656 4.509452
vn 3.306493 1.046806 4.509365
vn 3.307182 1.048973 4.509088
vn 3.89281 0.8855892 5.453075
vn 3.746562 0.8591988 5.541097
vn 3.756923 0.9841523 5.567924
vn 3.908193 0.9809455 5.465778
vn 4.008773 0.9338589 5.325876
vn 3.760498 1.025524 5.569856
vn 3.83868 0.7141312 5.388843
vn 3.709013 0.6708567 5.437619
vn 3.958584 0.787372 5.309911
vn 3.733027 0.5559533 5.252899
vn 3.822419 0.5927476 5.222343
vn 4.015152 0.8025067 5.200779
vn 3.882181 0.6215978 5.174248
vn 3.908389 0.6314607 5.11556
vn 3.989383 0.7280737 5.126129
vn 3.910378 0.6292183 5.08238
vn 4.014084 0.7578722 5.071517
vn 4.054762 0.9031209 5.19632
vn 4.053416 0.8549536 5.132182
vn 4.079494 0.9548594 5.134172
vn 4.068124 0.9711716 5.199037
vn 4.084786 0.9970939 5.135756
vn 4.07591 0.9069903 5.061208
vn 3.594428 0.5667743 4.74097
vn 3.638319 0.7587694 4.563654
vn 4.089871 0.9831808 5.066961
vn 3.663589 0.8888912 4.512469
vn 3.66743 0.9260733 4.50369
vn 4.091951 1.004096 5.066264
vn 3.669365 0.9575474 4.497986
vn 4.017547 0.9856626 5.327039
vn 4.070858 1.002182 5.202008
vn 3.913618 1.015358 5.464942
vn 4.020817 1.010314 5.325757
vn 3.916047 1.026002 5.463374
vn 3.762734 1.032185 5.569078
vn 4.022615 1.023565 5.324071
vn 4.023959 1.034455 5.322438
vn 3.918081 1.034883 5.461835
vn 3.764709 1.037841 5.568307
vn 3.766333 1.042987 5.567628
vn 4.072303 1.018199 5.200956
vn 3.919682 1.042812 5.460496
vn 3.767514 1.047956 5.567104
vn 4.086273 1.014592 5.13495
vn 4.073184 1.03122 5.199921
vn 4.093077 1.021029 5.065635
vn 4.087097 1.028758 5.134181
vn 4.093646 1.035689 5.065112
vn 3.670213 0.9855278 4.494232
vn 4.087524 1.041075 5.133532
vn 4.087665 1.05237 5.133042
vn 4.093839 1.049169 5.064693
vn 3.670371 1.011624 4.491848
vn 3.669931 1.036205 4.490569
vn 4.073702 1.04255 5.199011
vn 4.093728 1.061767 5.064468
vn 3.669101 1.05964 4.490249
vn 4.024926 1.044041 5.321031
vn 4.073937 1.052982 5.198307
vn 3.920809 1.050301 5.459459
vn 4.025541 1.05294 5.31994
vn 3.921335 1.057455 5.458877
vn 3.768109 1.052731 5.566814
vn 4.02576 1.06138 5.319313
vn 4.025631 1.069432 5.319101
vn 3.921359 1.06431 5.458674
vn 3.768197 1.057365 5.566728
vn 3.767758 1.061964 5.566855
vn 3.920846 1.071146 5.458886
vn 4.073913 1.062796 5.19789
vn 4.087571 1.062995 5.13273
vn 4.073664 1.072135 5.197734
vn 4.093365 1.073749 5.064367
vn 4.087272 1.073092 5.132611
vn 4.092748 1.085731 5.064406
vn 3.66792 1.083074 4.490821
vn 4.086768 1.08317 5.132666
vn 4.086019 1.093778 5.132899
vn 4.091825 1.098329 5.064587
vn 3.666284 1.107566 4.492372
vn 3.663907 1.133503 4.495036
vn 4.073192 1.081474 5.197826
vn 4.090528 1.111774 5.064927
vn 3.660679 1.161269 4.499093
vn 4.025156 1.077485 5.319298
vn 4.072454 1.091289 5.198183
vn 3.919785 1.078247 5.459501
vn 3.766825 1.066686 5.567176
vn 3.918129 1.085629 5.460545
vn 4.02431 1.085889 5.319901
vn 4.023044 1.094752 5.320944
vn 4.021369 1.104249 5.322321
vn 4.071411 1.101702 5.19882
vn 4.084976 1.105089 5.133308
vn 3.915948 1.093453 5.461907
vn 3.765274 1.071549 5.567741
vn 3.763265 1.076571 5.568465
vn 3.760871 1.082068 5.569283
vn 3.913267 1.102156 5.463475
vn 3.758155 1.088552 5.570107
vn 4.088752 1.126399 5.06539
vn 4.070014 1.113013 5.19965
vn 4.086228 1.143278 5.065942
vn 3.65608 1.192367 4.505128
vn 4.083567 1.117388 5.133859
vn 4.081604 1.131554 5.134515
vn 4.078707 1.149017 5.135174
vn 4.082404 1.164123 5.06653
vn 3.649122 1.228945 4.514298
vn 3.614393 1.352834 4.565228
vn 4.068116 1.125999 5.200608
vn 4.062287 1.238643 5.060706
vn 3.5594 1.537858 4.741088
vn 4.019212 1.115049 5.323925
vn 4.065414 1.141997 5.201546
vn 3.910073 1.112639 5.46506
vn 4.016431 1.128211 5.325552
vn 3.902116 1.146506 5.466031
vn 3.751457 1.129571 5.56853
vn 4.011325 1.152492 5.326796
vn 3.998849 1.20271 5.325686
vn 3.87996 1.239577 5.453897
vn 3.731797 1.252712 5.543084
vn 3.815322 1.403547 5.392418
vn 3.939977 1.341367 5.310472
vn 4.060225 1.172853 5.198422
vn 4.069997 1.1909 5.133302
vn 4.041796 1.238984 5.195362
vn 3.990652 1.379069 5.070375
vn 3.996365 1.333126 5.19941
vn 4.036354 1.287527 5.130639
vn 3.964924 1.405866 5.123984
vn 3.882588 1.495499 5.08067
vn 3.546501 1.613113 4.922659
vn 3.88257 1.491787 5.113654
vn 3.78064 1.562443 5.081892
vn 3.857488 1.498368 5.174731
vn 3.796517 1.521955 5.22714
vn 3.703198 1.552158 5.262742
vn 3.711867 1.591599 5.092386
vn 3.88257 1.491787 5.113654
vn 3.857488 1.498368 5.174731
vn 3.78064 1.562443 5.081892
vn 3.4128 0.8439816 5.576241
vn 3.324784 0.6777937 5.444373
vn 3.26313 0.7257707 5.451791
vn 3.371654 0.8853671 5.581039
vn 3.245298 0.7509126 5.459517
vn 3.470293 0.833721 5.580301
vn 3.399408 0.6544142 5.450773
vn 3.473941 0.8452635 5.585144
vn 3.430314 0.6540223 5.458123
vn 3.473906 0.8312752 5.579605
vn 3.491315 1.267391 5.581354
vn 3.483615 1.463588 5.44864
vn 3.507966 1.452534 5.460952
vn 3.429997 1.451443 5.452933
vn 3.099082 1.317585 4.751529
vn 3.226584 1.501444 4.833915
vn 3.348731 1.552473 4.817425
vn 3.226851 1.368096 4.662126
vn 3.384747 0.6837747 5.473325
vn 3.433871 0.669462 5.473167
vn 3.492548 0.9275403 5.610726
vn 3.48439 0.6614337 5.472752
vn 3.477024 0.9319984 5.610797
vn 3.512477 1.016079 5.623386
vn 3.338778 0.7040962 5.47359
vn 3.508477 0.9249508 5.610616
vn 3.534625 0.6601675 5.472449
vn 3.462507 0.9383973 5.610891
vn 3.508477 1.017242 5.62341
vn 3.448973 0.9466945 5.61101
vn 3.295871 0.7303126 5.473989
vn 3.436464 0.9568979 5.611146
vn 3.498046 1.023638 5.623495
vn 3.256139 0.7625418 5.474509
vn 3.220758 0.799491 5.474733
vn 3.425257 0.9685267 5.611241
vn 3.191097 0.8400838 5.475037
vn 3.501271 1.021013 5.623465
vn 3.504741 1.018881 5.623435
vn 3.50446 1.018317 5.623399
vn 3.508265 1.016625 5.623372
vn 3.481113 0.9738285 5.618234
vn 3.5009 1.020484 5.623427
vn 3.415884 0.9813192 5.611348
vn 3.495174 1.026634 5.623525
vn 3.408305 0.9952731 5.611471
vn 3.16706 0.884239 5.475461
vn 3.402597 1.010374 5.61161
vn 3.489324 1.037399 5.623614
vn 3.148758 0.9320104 5.475964
vn 3.136597 0.981699 5.476161
vn 3.398702 1.026038 5.611694
vn 3.131214 1.031671 5.476415
vn 3.490804 1.033523 5.623584
vn 3.492759 1.029928 5.623554
vn 3.492214 1.029594 5.623519
vn 3.494663 1.026228 5.623488
vn 3.44975 1.002725 5.618543
vn 3.490222 1.033241 5.623549
vn 3.497588 1.023145 5.623457
vn 3.456021 0.9940903 5.618463
vn 3.471986 0.9793789 5.618305
vn 3.463511 0.9861974 5.618382
vn 3.394457 0.9114782 5.594008
vn 3.377734 0.9290973 5.594195
vn 3.413415 0.8962533 5.593848
vn 3.277087 0.7849955 5.500494
vn 3.244665 0.819143 5.500876
vn 3.313774 0.7555017 5.500197
vn 3.363692 0.9483922 5.594374
vn 3.217427 0.8565357 5.501218
vn 3.195258 0.897131 5.501554
vn 3.433802 0.8838314 5.593685
vn 3.35328 0.7314353 5.499886
vn 3.395567 0.7126685 5.499582
vn 3.352238 0.9693421 5.594543
vn 3.178226 0.9410253 5.501842
vn 3.455616 0.8741392 5.593526
vn 3.44071 0.699311 5.499262
vn 3.444622 1.012081 5.618618
vn 3.343447 0.9920022 5.594705
vn 3.490875 0.9694937 5.618164
vn 3.478911 0.8672366 5.593369
vn 3.488672 1.037188 5.623578
vn 3.512318 1.015427 5.623346
vn 3.337771 1.01563 5.594877
vn 3.167228 0.986801 5.502197
vn 3.440675 1.02223 5.618691
vn 3.438155 1.032802 5.618768
vn 3.437026 1.043427 5.618835
vn 3.335251 1.039365 5.595027
vn 3.162327 1.032807 5.502481
vn 3.163421 1.079025 5.502742
vn 3.487703 1.041311 5.623607
vn 3.335798 1.063223 5.595157
vn 3.170631 1.125559 5.502946
vn 3.488337 1.041434 5.623641
vn 3.487262 1.045469 5.623633
vn 3.396976 1.041808 5.611783
vn 3.487897 1.045487 5.623666
vn 3.397397 1.057667 5.611882
vn 3.132473 1.081924 5.47676
vn 3.488003 1.049575 5.623689
vn 3.488654 1.053645 5.623711
vn 3.399989 1.073595 5.611986
vn 3.14051 1.132441 5.477163
vn 3.154816 1.18155 5.477235
vn 3.48735 1.049628 5.623656
vn 3.404446 1.089101 5.612032
vn 3.175152 1.227539 5.477355
vn 3.437275 1.054087 5.618895
vn 3.488002 1.053804 5.623678
vn 3.339516 1.087239 5.595271
vn 3.438929 1.064836 5.618947
vn 3.346423 1.110551 5.595386
vn 3.183982 1.170703 5.503181
vn 3.442014 1.075249 5.618995
vn 3.446349 1.08501 5.619033
vn 3.356116 1.132364 5.595473
vn 3.202751 1.21299 5.503348
vn 3.226814 1.252498 5.503459
vn 3.489201 1.057874 5.623695
vn 3.368522 1.152749 5.59553
vn 3.256327 1.289185 5.50351
vn 3.489817 1.057645 5.623728
vn 3.490892 1.06168 5.62371
vn 3.410844 1.103637 5.612078
vn 3.491456 1.06138 5.623741
vn 3.419142 1.11717 5.612128
vn 3.201373 1.270443 5.477542
vn 3.493588 1.064852 5.623753
vn 3.496213 1.068076 5.623761
vn 3.429345 1.129662 5.612178
vn 3.23358 1.310161 5.477772
vn 3.270529 1.345544 5.477663
vn 3.493059 1.065222 5.623721
vn 3.440974 1.140869 5.612168
vn 3.311132 1.375209 5.477592
vn 3.451916 1.094138 5.619061
vn 3.49572 1.068534 5.623728
vn 3.383744 1.171692 5.595561
vn 3.458718 1.102613 5.619077
vn 3.40138 1.188416 5.595592
vn 3.290463 1.321601 5.503582
vn 3.466611 1.110102 5.619087
vn 3.475245 1.116392 5.619084
vn 3.420676 1.202474 5.595587
vn 3.327853 1.348841 5.503572
vn 3.36845 1.371025 5.50351
vn 3.498786 1.071459 5.623731
vn 3.441626 1.213927 5.595555
vn 3.412359 1.388049 5.503379
vn 3.499209 1.070948 5.623763
vn 3.502169 1.073908 5.623731
vn 3.453784 1.150261 5.612155
vn 3.502504 1.073362 5.623761
vn 3.467721 1.157821 5.612145
vn 3.355285 1.39925 5.477591
vn 3.506098 1.075318 5.623757
vn 3.509975 1.076798 5.623749
vn 3.482822 1.163545 5.612134
vn 3.403053 1.417542 5.477634
vn 3.452744 1.429711 5.477332
vn 3.505816 1.0759 5.623726
vn 3.498487 1.167439 5.612063
vn 3.502733 1.435106 5.477072
vn 3.484619 1.121503 5.619072
vn 3.509763 1.07745 5.623716
vn 3.464285 1.222722 5.595494
vn 3.494751 1.125448 5.619046
vn 3.487914 1.228397 5.59543
vn 3.458137 1.399057 5.503271
vn 3.505323 1.127986 5.619015
vn 3.515948 1.129113 5.618975
vn 3.511648 1.230916 5.59534
vn 3.504125 1.403941 5.5031
vn 3.550361 1.402855 5.502879
vn 3.513886 1.078437 5.623703
vn 3.535489 1.23035 5.59523
vn 3.596878 1.39566 5.502587
vn 3.51401 1.077785 5.623736
vn 3.518009 1.07886 5.623688
vn 3.514274 1.169165 5.611992
vn 3.518045 1.078225 5.62372
vn 3.530114 1.168744 5.611928
vn 3.552968 1.433836 5.476912
vn 3.522133 1.078119 5.623701
vn 3.52622 1.077467 5.62368
vn 3.546043 1.166155 5.611865
vn 3.603503 1.425799 5.476783
vn 3.652612 1.411498 5.476328
vn 3.522185 1.078771 5.623669
vn 3.561566 1.161695 5.611745
vn 3.698598 1.391174 5.475941
vn 3.526608 1.128867 5.618924
vn 3.526379 1.078119 5.623646
vn 3.559523 1.22665 5.595087
vn 3.537357 1.127212 5.618864
vn 3.582816 1.219741 5.594956
vn 3.642038 1.382287 5.502354
vn 3.54777 1.12411 5.618804
vn 3.557532 1.119776 5.618735
vn 3.604631 1.210054 5.594805
vn 3.68431 1.363541 5.50205
vn 3.723812 1.339467 5.501736
vn 3.530432 1.076922 5.623621
vn 3.625018 1.197631 5.594642
vn 3.760518 1.309957 5.501361
vn 3.53022 1.076305 5.623654
vn 3.534238 1.07523 5.623594
vn 3.576085 1.155298 5.611634
vn 3.533956 1.074666 5.623627
vn 3.589618 1.147001 5.611535
vn 3.741488 1.36496 5.475657
vn 3.537427 1.072534 5.6236
vn 3.540651 1.069908 5.623571
vn 3.602128 1.136781 5.611443
vn 3.78122 1.332729 5.475447
vn 3.816602 1.295781 5.474925
vn 3.537797 1.073063 5.623566
vn 3.613318 1.12517 5.611303
vn 3.846262 1.255187 5.474494
vn 3.566659 1.114225 5.618661
vn 3.541109 1.070402 5.623535
vn 3.643975 1.182423 5.594451
vn 3.575151 1.107423 5.618579
vn 3.660697 1.164786 5.594289
vn 3.792938 1.275826 5.501049
vn 3.582623 1.099531 5.618504
vn 3.588913 1.090896 5.618425
vn 3.67476 1.145493 5.594112
vn 3.820163 1.238437 5.500721
vn 3.842342 1.197837 5.500382
vn 3.544034 1.067336 5.623504
vn 3.686194 1.124541 5.593942
vn 3.859363 1.153946 5.500016
vn 3.543524 1.066913 5.62354
vn 3.546484 1.063971 5.623474
vn 3.62271 1.112361 5.611176
vn 3.545938 1.063618 5.62351
vn 3.630267 1.098405 5.611074
vn 3.870296 1.21103 5.474196
vn 3.547893 1.060041 5.62348
vn 3.549374 1.056147 5.623452
vn 3.635994 1.083322 5.610982
vn 3.888599 1.16326 5.473981
vn 3.900761 1.113571 5.473492
vn 3.548474 1.060305 5.623444
vn 3.639887 1.067657 5.610851
vn 3.906147 1.0636 5.473117
vn 3.594023 1.081522 5.61835
vn 3.550025 1.056359 5.623413
vn 3.695004 1.101882 5.593756
vn 3.597969 1.07139 5.618269
vn 3.700661 1.078253 5.59361
vn 3.870376 1.108152 5.499736
vn 3.600507 1.060801 5.618199
vn 3.601636 1.050193 5.618133
vn 3.703181 1.054519 5.593462
vn 3.875257 1.062163 5.499456
vn 3.874172 1.015945 5.499186
vn 3.551012 1.052236 5.623385
vn 3.702632 1.030661 5.593321
vn 3.866961 0.9694105 5.498918
vn 3.55036 1.05213 5.623424
vn 3.551435 1.048113 5.62336
vn 3.641614 1.05187 5.610741
vn 3.550801 1.048077 5.623398
vn 3.641191 1.03603 5.610662
vn 3.904895 1.013347 5.472887
vn 3.550695 1.043989 5.623375
vn 3.550043 1.039901 5.623355
vn 3.638601 1.020101 5.610604
vn 3.896848 0.9628289 5.472787
vn 3.882541 0.9137205 5.472419
vn 3.551347 1.043937 5.623336
vn 3.634143 1.004578 5.61051
vn 3.862217 0.8677357 5.472181
vn 3.601388 1.039533 5.618072
vn 3.550694 1.039743 5.623314
vn 3.698914 1.006645 5.593191
vn 3.599732 1.028785 5.618014
vn 3.692009 0.9833512 5.5931
vn 3.853608 0.9242488 5.498747
vn 3.59663 1.018354 5.617972
vn 3.592296 1.008592 5.617936
vn 3.682334 0.9615382 5.593017
vn 3.834844 0.8819765 5.498594
vn 3.810772 0.8424727 5.498472
vn 3.549496 1.03569 5.623297
vn 3.669916 0.9411491 5.592953
vn 3.781276 0.8057866 5.498354
vn 3.54888 1.035902 5.623337
vn 3.547805 1.031884 5.623282
vn 3.627749 0.9900579 5.610445
vn 3.547241 1.032166 5.623322
vn 3.619448 0.9765266 5.610415
vn 3.836003 0.8248277 5.472103
vn 3.545109 1.028695 5.623312
vn 3.542484 1.025471 5.623306
vn 3.609229 0.9640161 5.610412
vn 3.803772 0.7850964 5.472173
vn 3.766827 0.7497281 5.471992
vn 3.545638 1.028325 5.623271
vn 3.597618 0.9528266 5.610377
vn 3.726226 0.7200612 5.471938
vn 3.586745 0.9994658 5.617907
vn 3.542977 1.025012 5.623264
vn 3.654689 0.9221922 5.5929
vn 3.579945 0.9909889 5.617885
vn 3.637052 0.90547 5.592897
vn 3.747125 0.7733514 5.498354
vn 3.572051 0.9835005 5.617879
vn 3.563416 0.9772291 5.617884
vn 3.617759 0.8914068 5.5929
vn 3.709738 0.7461228 5.49837
vn 3.669141 0.7239383 5.498415
vn 3.539911 1.022088 5.62326
vn 3.596808 0.8799714 5.59293
vn 3.625248 0.7069176 5.498479
vn 3.539489 1.022598 5.623302
vn 3.536528 1.019638 5.623262
vn 3.584807 0.9434357 5.610371
vn 3.536194 1.020184 5.623302
vn 3.570852 0.93586 5.610398
vn 3.682072 0.6960227 5.472059
vn 3.532616 1.018229 5.623307
vn 3.528723 1.016748 5.623317
vn 3.55577 0.9301494 5.610457
vn 3.634302 0.6777194 5.472312
vn 3.584615 0.665554 5.472316
vn 3.532881 1.017647 5.623267
vn 3.540105 0.9262573 5.610482
vn 3.554043 0.9720998 5.617895
vn 3.524317 0.9245308 5.610533
vn 3.528934 1.016114 5.623276
vn 3.574164 0.871166 5.592965
vn 3.524688 1.015762 5.623329
vn 3.516565 1.015427 5.623363
vn 3.543911 0.968155 5.617914
vn 3.550518 0.8654926 5.59305
vn 3.579468 0.6959126 5.498659
vn 3.533321 0.9656348 5.617952
vn 3.522714 0.9645061 5.617993
vn 3.524811 1.015128 5.623289
vn 3.526784 0.8629709 5.593144
vn 3.533463 0.6910241 5.498844
vn 3.487245 0.6921057 5.499047
vn 3.502944 0.8635334 5.593254
vn 3.52067 1.014687 5.623305
vn 3.512054 0.9647534 5.618042
vn 3.520635 1.015321 5.623344
vn 3.516512 1.014775 5.623324
vn 3.501306 0.9664094 5.618098
vt 0.5465212 0.6998754
vt 0.5435606 0.6935195
vt 0.5435491 0.6988217
vt 0.5466033 0.6764364
vt 0.5436569 0.6710246
vt 0.5436262 0.6766446
vt 0.820007 0.6361197
vt 0.822235 0.6361583
vt 0.8222386 0.6336364
vt 0.7892521 0.6432804
vt 0.7893439 0.6378931
vt 0.7870499 0.6379095
vt 0.7734371 0.6378435
vt 0.7713027 0.6433389
vt 0.7735491 0.6433424
vt 0.09231331 0.3712318
vt 0.083199 0.3691432
vt 0.08321424 0.3712724
vt 0.1010529 0.3711924
vt 0.09229839 0.3691026
vt 0.109073 0.3711568
vt 0.1090575 0.369027
vt 0.1159987 0.3689958
vt 0.1160133 0.3711251
vt 0.1215155 0.3711009
vt 0.1215006 0.3689717
vt 0.1257292 0.3709904
vt 0.1302802 0.2927557
vt 0.1269027 0.2700793
vt 0.1298841 0.2939892
vt 0.1272365 0.2693723
vt 0.1216588 0.2499384
vt 0.7576339 0.6764353
vt 0.7585039 0.6579013
vt 0.756897 0.6579605
vt 0.292492 0.2902189
vt 0.2928772 0.2915234
vt 0.295864 0.2675821
vt 0.2955393 0.2668118
vt 0.3011075 0.2474075
vt 0.1181454 0.3163198
vt 0.1141477 0.3330604
vt 0.1144294 0.3351969
vt 0.1194762 0.2934747
vt 0.118914 0.3187047
vt 0.1188314 0.2711109
vt 0.1183007 0.2705144
vt 0.1200822 0.2946568
vt 0.7443187 0.6767948
vt 0.7441379 0.6582628
vt 0.7429392 0.6587339
vt 0.1000057 0.2306626
vt 0.1087738 0.2383471
vt 0.1007257 0.2306756
vt 0.08755468 0.8352596
vt 0.08785163 0.8421221
vt 0.08799556 0.8402778
vt 0.1133985 0.2367133
vt 0.1129656 0.2371131
vt 0.1210426 0.2504237
vt 0.3187838 0.2263951
vt 0.3093593 0.2341642
vt 0.3097848 0.2346051
vt 0.8352891 0.6333165
vt 0.8341705 0.635433
vt 0.8352965 0.6351672
vt 0.8459535 0.6337229
vt 0.8470147 0.632175
vt 0.8457956 0.6321912
vt 0.1104465 0.8498304
vt 0.1111184 0.8472795
vt 0.111066 0.8463093
vt 0.1115072 0.8419808
vt 0.1113505 0.8401393
vt 0.1117621 0.8351153
vt 0.111487 0.8351378
vt 0.1118933 0.8267183
vt 0.1313587 0.3185233
vt 0.1312501 0.3447003
vt 0.1320095 0.3389898
vt 0.132215 0.3579889
vt 0.1309954 0.3554366
vt 0.2784311 0.6845699
vt 0.278237 0.675661
vt 0.2779036 0.6844585
vt 0.2779525 0.674609
vt 0.2784123 0.6699166
vt 0.2782619 0.6672909
vt 0.2787495 0.6627585
vt 0.2794189 0.6583239
vt 0.2787029 0.6609092
vt 0.279436 0.6603143
vt 0.6590586 0.5380674
vt 0.6553906 0.5389216
vt 0.6554324 0.5422117
vt 0.6591018 0.5413524
vt 0.6554767 0.5461732
vt 0.6591464 0.5453084
vt 0.6627747 0.5420535
vt 0.6627329 0.5388537
vt 0.6628183 0.5459074
vt 0.6591918 0.5498318
vt 0.6628633 0.5503659
vt 0.6658813 0.5477517
vt 0.6592383 0.5548726
vt 0.662908 0.5553392
vt 0.6629527 0.5607376
vt 0.6592833 0.5603821
vt 0.6556104 0.5608179
vt 0.6629959 0.5664711
vt 0.6593272 0.5662408
vt 0.6591918 0.5498318
vt 0.6591464 0.5453084
vt 0.6554767 0.5461732
vt 0.6555214 0.550542
vt 0.6592383 0.5548726
vt 0.6555657 0.555397
vt 0.6556104 0.5608179
vt 0.6525452 0.5621457
vt 0.6525044 0.5570334
vt 0.6525844 0.5676476
vt 0.6556532 0.5666043
vt 0.6592833 0.5603821
vt 0.6593272 0.5662408
vt 0.6556947 0.5725555
vt 0.6526248 0.5731789
vt 0.6557332 0.5786113
vt 0.659408 0.5785511
vt 0.6557668 0.5847103
vt 0.6593694 0.5723295
vt 0.6629959 0.5664711
vt 0.6630381 0.5724498
vt 0.6630756 0.5785675
vt 0.6631106 0.584718
vt 0.6594437 0.5848089
vt 0.6631417 0.5907947
vt 0.6557976 0.5907707
vt 0.6527191 0.5900362
vt 0.6558247 0.5967101
vt 0.6594751 0.5910005
vt 0.659502 0.5970231
vt 0.6631684 0.5966918
vt 0.6595237 0.6027585
vt 0.6558462 0.6023437
vt 0.4924226 0.7052494
vt 0.4894789 0.7075915
vt 0.4924659 0.7098554
vt 0.489438 0.7034016
vt 0.4923817 0.7002199
vt 0.4893992 0.6988616
vt 0.4893646 0.6936861
vt 0.492344 0.6947119
vt 0.4893325 0.6881819
vt 0.4923083 0.688904
vt 0.4922755 0.6829782
vt 0.4893014 0.6826567
vt 0.4922476 0.6770138
vt 0.4892734 0.677149
vt 0.4892546 0.6716982
vt 0.4922252 0.6710927
vt 0.4892392 0.6662894
vt 0.4922077 0.6652734
vt 0.4921941 0.6596155
vt 0.4892256 0.6609099
vt 0.4921868 0.6543149
vt 0.4892165 0.6559108
vt 0.4892182 0.6516451
vt 0.4921861 0.6495674
vt 0.8698766 0.5031024
vt 0.8736627 0.499345
vt 0.8714558 0.4973385
vt 0.8680314 0.5009946
vt 0.8648057 0.4972688
vt 0.8617643 0.5002065
vt 0.8642505 0.5041088
vt 0.8598199 0.5061974
vt 0.8578091 0.5017021
vt 0.8550516 0.5077323
vt 0.8593137 0.4963467
vt 0.8676025 0.4938056
vt 0.8602086 0.4927748
vt 0.8708238 0.4907336
vt 0.8748177 0.4936248
vt 0.8735014 0.4874608
vt 0.8776108 0.4896008
vt 0.8793278 0.4850136
vt 0.8746666 0.4833963
vt 0.8804652 0.480135
vt 0.8694474 0.4853418
vt 0.8659592 0.4865303
vt 0.8622124 0.4888499
vt 0.8553953 0.4825745
vt 0.8542499 0.488361
vt 0.8438424 0.471936
vt 0.8610681 0.4809572
vt 0.868436 0.4818003
vt 0.8753569 0.4789983
vt 0.8556988 0.4956323
vt 0.8591666 0.4753729
vt 0.8766106 0.4747272
vt 0.8815199 0.4752378
vt 0.8682088 0.4773998
vt 0.8702937 0.4735174
vt 0.8772931 0.470554
vt 0.8819268 0.4703561
vt 0.8811198 0.4655249
vt 0.8632708 0.4711359
vt 0.8727214 0.4707448
vt 0.8762697 0.4664511
vt 0.8796657 0.4607309
vt 0.8700739 0.468183
vt 0.8746688 0.4622974
vt 0.8588321 0.4672503
vt 0.8736188 0.4579712
vt 0.8781307 0.4559628
vt 0.8676765 0.4644851
vt 0.8675408 0.4600806
vt 0.8602677 0.4615288
vt 0.8721234 0.4540163
vt 0.8760421 0.4515319
vt 0.8729276 0.4477511
vt 0.8682577 0.456466
vt 0.8544809 0.4603834
vt 0.8528636 0.4547102
vt 0.8472793 0.4566118
vt 0.8691857 0.4509746
vt 0.8646834 0.4555705
vt 0.8692715 0.4443263
vt 0.8750626 0.4459096
vt 0.871305 0.4421228
vt 0.8657226 0.4481778
vt 0.8607585 0.4535667
vt 0.8584389 0.4498199
vt 0.8626502 0.4449561
vt 0.8655578 0.4409644
vt 0.8572529 0.4463319
vt 0.8593774 0.4422782
vt 0.8615336 0.4381713
vt 0.8569463 0.4364542
vt 0.8553126 0.4411133
vt 0.8520678 0.4353166
vt 0.8537092 0.4473429
vt 0.8509149 0.4404228
vt 0.8493084 0.4475699
vt 0.8466435 0.439169
vt 0.8471706 0.4342616
vt 0.845426 0.445485
vt 0.8424706 0.4384865
vt 0.8422891 0.433855
vt 0.837458 0.4346617
vt 0.843042 0.4525076
vt 0.8426555 0.4430576
vt 0.8383677 0.4395096
vt 0.8326642 0.4361155
vt 0.8400916 0.4457045
vt 0.834214 0.4411105
vt 0.8391567 0.4569459
vt 0.8298882 0.4421602
vt 0.8278955 0.4376504
vt 0.836394 0.4481016
vt 0.8319895 0.4482372
vt 0.8259329 0.4436559
vt 0.823465 0.439739
vt 0.8196841 0.4428536
vt 0.8334352 0.4555104
vt 0.8283767 0.447521
vt 0.8228915 0.4465936
vt 0.8274794 0.4510947
vt 0.8162596 0.4465094
vt 0.8178698 0.4407219
vt 0.8140837 0.4444793
vt 0.8200947 0.4500568
vt 0.8322898 0.4612972
vt 0.8168734 0.4531288
vt 0.8128977 0.450223
vt 0.8254756 0.4550196
vt 0.8217291 0.4573392
vt 0.8266169 0.4629145
vt 0.8141958 0.4564016
vt 0.810105 0.454247
vt 0.8083879 0.4588348
vt 0.818243 0.4585255
vt 0.8130309 0.4604661
vt 0.8072503 0.4637131
vt 0.8285182 0.4684985
vt 0.8244144 0.4727358
vt 0.828853 0.4766214
vt 0.8192521 0.4620689
vt 0.8123403 0.4648638
vt 0.8194794 0.4664697
vt 0.8173945 0.4703521
vt 0.8110865 0.4691352
vt 0.8061956 0.4686103
vt 0.8149693 0.4731229
vt 0.8104041 0.4733084
vt 0.805789 0.4734917
vt 0.8065959 0.4783232
vt 0.8114275 0.477411
vt 0.8080501 0.483117
vt 0.8176141 0.4756865
vt 0.8130284 0.4815647
vt 0.8200114 0.4793844
vt 0.8140785 0.4858909
vt 0.809585 0.4878851
vt 0.820147 0.4837889
vt 0.815574 0.4898461
vt 0.8116736 0.4923162
vt 0.8147879 0.4960968
vt 0.8274174 0.4823428
vt 0.819433 0.4874017
vt 0.8185114 0.4928875
vt 0.8230045 0.4882987
vt 0.818444 0.4995216
vt 0.8126838 0.4979144
vt 0.8164414 0.5017012
vt 0.8219746 0.4956846
vt 0.8332039 0.4834886
vt 0.825047 0.4989063
vt 0.8221576 0.5028838
vt 0.8269294 0.4903028
vt 0.829249 0.4940493
vt 0.8283197 0.5015838
vt 0.8261816 0.5056765
vt 0.8307694 0.5073939
vt 0.8348215 0.4891614
vt 0.8304378 0.4975357
vt 0.8323846 0.5027488
vt 0.835648 0.5085312
vt 0.833979 0.4965263
vt 0.8367823 0.5034396
vt 0.8404059 0.4872602
vt 0.8410537 0.5046934
vt 0.8405452 0.5095862
vt 0.8383798 0.4962993
vt 0.8422619 0.4983845
vt 0.8446432 0.4913643
vt 0.8452266 0.5053759
vt 0.8454263 0.5099931
vt 0.8502578 0.5091864
vt 0.8450349 0.5008097
vt 0.8493295 0.5043527
vt 0.8485284 0.4869258
vt 0.8475966 0.498165
vt 0.8534832 0.5027519
vt 0.8512942 0.4957679
vt 0.6555657 0.555397
vt 0.6555214 0.550542
vt 0.6524637 0.552671
vt 0.6525044 0.5570334
vt 0.6628633 0.5503659
vt 0.6659235 0.5519701
vt 0.6658813 0.5477517
vt 0.662908 0.5553392
vt 0.6659664 0.5566759
vt 0.6660085 0.5617838
vt 0.6629527 0.5607376
vt 0.6660489 0.5672086
vt 0.6629959 0.5664711
vt 0.6630381 0.5724498
vt 0.6660886 0.5728656
vt 0.6630756 0.5785675
vt 0.666124 0.5786541
vt 0.6661572 0.5844734
vt 0.6631106 0.584718
vt 0.6661865 0.5902231
vt 0.6631417 0.5907947
vt 0.6631684 0.5966918
vt 0.6662118 0.5958027
vt 0.6631888 0.6023144
vt 0.6662319 0.6011228
vt 0.6662469 0.6060945
vt 0.6632049 0.6075689
vt 0.6662565 0.6106285
vt 0.6632153 0.6123607
vt 0.6557332 0.5786113
vt 0.6526248 0.5731789
vt 0.6526605 0.5787535
vt 0.6526913 0.5843857
vt 0.6557668 0.5847103
vt 0.6527191 0.5900362
vt 0.6558247 0.5967101
vt 0.6527452 0.5956652
vt 0.6558462 0.6023437
vt 0.6527674 0.6009586
vt 0.6527788 0.6056017
vt 0.6558615 0.6074869
vt 0.6527867 0.6098866
vt 0.6558708 0.6121975
vt 0.6595237 0.6027585
vt 0.6631684 0.5966918
vt 0.659502 0.5970231
vt 0.6631888 0.6023144
vt 0.6632049 0.6075689
vt 0.6595398 0.6080878
vt 0.6632153 0.6123607
vt 0.6558615 0.6074869
vt 0.6558462 0.6023437
vt 0.6558708 0.6121975
vt 0.6595502 0.6129529
vt 0.6595548 0.6172959
vt 0.6558765 0.6165333
vt 0.6632199 0.6165957
vt 0.6662565 0.6106285
vt 0.6662612 0.6146356
vt 0.6595538 0.6210082
vt 0.6558758 0.6202352
vt 0.6632181 0.6202169
vt 0.5536914 0.7051688
vt 0.5536907 0.709914
vt 0.5567049 0.707864
vt 0.5567031 0.7036005
vt 0.5567119 0.6986031
vt 0.5536991 0.6998704
vt 0.5567262 0.6932259
vt 0.5537127 0.6942145
vt 0.5537299 0.6883975
vt 0.5567408 0.6878196
vt 0.5537522 0.682479
vt 0.55676 0.6823707
vt 0.556788 0.6768656
vt 0.5537812 0.6765174
vt 0.556819 0.6713427
vt 0.5538133 0.670594
vt 0.5538483 0.6647885
vt 0.5568516 0.6658411
vt 0.5538863 0.6592824
vt 0.5568861 0.6606671
vt 0.5569245 0.6561289
vt 0.5539275 0.6542554
vt 0.5569654 0.6519408
vt 0.5539708 0.6496513
vt 0.546515 0.7051513
vt 0.5435407 0.7084137
vt 0.5465133 0.7100128
vt 0.5435424 0.7038145
vt 0.5435491 0.6988217
vt 0.5465212 0.6998754
vt 0.5500966 0.7056441
vt 0.5501039 0.7002591
vt 0.5536991 0.6998704
vt 0.5536914 0.7051688
vt 0.5537127 0.6942145
vt 0.5465338 0.694271
vt 0.5435606 0.6935195
vt 0.5501165 0.6945326
vt 0.550135 0.6885816
vt 0.5537299 0.6883975
vt 0.546552 0.6884272
vt 0.543578 0.68799
vt 0.5501587 0.6825006
vt 0.5537522 0.682479
vt 0.5465757 0.6824479
vt 0.5436004 0.6823323
vt 0.5436262 0.6766446
vt 0.5466033 0.6764364
vt 0.5501871 0.6763844
vt 0.5501587 0.6825006
vt 0.5537522 0.682479
vt 0.5537812 0.6765174
vt 0.5501871 0.6763844
vt 0.5538133 0.670594
vt 0.5502205 0.6703324
vt 0.5466354 0.6704965
vt 0.5466033 0.6764364
vt 0.5436569 0.6710246
vt 0.5502562 0.6644456
vt 0.5538483 0.6647885
vt 0.5466715 0.664733
vt 0.5436905 0.6655715
vt 0.5502953 0.6588399
vt 0.5538863 0.6592824
vt 0.5467098 0.659237
vt 0.5437268 0.6603709
vt 0.543766 0.6555119
vt 0.5467511 0.6541014
vt 0.6044776 0.6210129
vt 0.6008509 0.616984
vt 0.6008088 0.6201842
vt 0.6045208 0.6177276
vt 0.6008949 0.6131296
vt 0.6081942 0.6169108
vt 0.608152 0.6202012
vt 0.6082385 0.6129484
vt 0.6045651 0.613771
vt 0.6046109 0.6092471
vt 0.6009396 0.6086704
vt 0.6046576 0.6042055
vt 0.6082829 0.6085792
vt 0.6009849 0.6036965
vt 0.6083282 0.6037233
vt 0.6083722 0.598302
vt 0.6010293 0.5982974
vt 0.6047024 0.5986953
vt 0.6010718 0.5925633
vt 0.6047466 0.5928358
vt 0.5467511 0.6541014
vt 0.546794 0.649418
vt 0.5438068 0.6510803
vt 0.543766 0.6555119
vt 0.6083282 0.6037233
vt 0.6082829 0.6085792
vt 0.6113445 0.6064855
vt 0.6113856 0.6021226
vt 0.611426 0.5970097
vt 0.6083722 0.598302
vt 0.6114653 0.5915068
vt 0.6084151 0.5925151
vt 0.6084565 0.586563
vt 0.6115053 0.5859751
vt 0.6084948 0.5805064
vt 0.6115421 0.5803997
vt 0.6115718 0.5747666
vt 0.6085294 0.5744066
vt 0.6116 0.5691154
vt 0.6085594 0.5683454
vt 0.6085865 0.5624054
vt 0.6116261 0.5634856
vt 0.6086084 0.556771
vt 0.6116483 0.5581918
vt 0.6116597 0.5535479
vt 0.6086237 0.5516271
vt 0.6116676 0.5492623
vt 0.6086327 0.5469158
vt 0.6009396 0.6086704
vt 0.5978382 0.6112499
vt 0.6008949 0.6131296
vt 0.5978804 0.6070307
vt 0.6009849 0.6036965
vt 0.5979233 0.6023243
vt 0.5979655 0.5972157
vt 0.6010293 0.5982974
vt 0.5980058 0.5917902
vt 0.6010718 0.5925633
vt 0.6011136 0.5865836
vt 0.5980455 0.5861325
vt 0.6011515 0.5804652
vt 0.5980812 0.5803432
vt 0.5981145 0.5745232
vt 0.6011872 0.574314
vt 0.5981434 0.5687728
vt 0.6012176 0.5682365
vt 0.6012444 0.5623387
vt 0.5981681 0.5631924
vt 0.6012647 0.5567151
vt 0.598188 0.5578716
vt 0.5982038 0.5528992
vt 0.6012812 0.5514601
vt 0.5982134 0.5483646
vt 0.6012912 0.5466676
vt 0.6012958 0.5424321
vt 0.5982181 0.544357
vt 0.6047024 0.5986953
vt 0.6083722 0.598302
vt 0.6084151 0.5925151
vt 0.6047466 0.5928358
vt 0.6047881 0.5867465
vt 0.6010718 0.5925633
vt 0.6084565 0.586563
vt 0.6048278 0.580524
vt 0.6011136 0.5865836
vt 0.6084948 0.5805064
vt 0.6011515 0.5804652
vt 0.6085294 0.5744066
vt 0.6011872 0.574314
vt 0.6048624 0.5742654
vt 0.6085594 0.5683454
vt 0.6012176 0.5682365
vt 0.6048942 0.5680733
vt 0.604921 0.5620498
vt 0.6085865 0.5624054
vt 0.6049432 0.5563136
vt 0.6012444 0.5623387
vt 0.6086084 0.556771
vt 0.6012647 0.5567151
vt 0.6086237 0.5516271
vt 0.6012812 0.5514601
vt 0.6049592 0.5509837
vt 0.6086327 0.5469158
vt 0.6012912 0.5466676
vt 0.6049693 0.5461177
vt 0.6049743 0.5417743
vt 0.608638 0.5425797
vt 0.6012958 0.5424321
vt 0.6049728 0.5380616
vt 0.6086373 0.5388771
vt 0.601294 0.5388103
vt 0.4993662 0.6542674
vt 0.5023735 0.6509768
vt 0.4993644 0.6494046
vt 0.5023752 0.6555783
vt 0.5023819 0.6605727
vt 0.4993725 0.659546
vt 0.5023941 0.6658775
vt 0.4993847 0.6651525
vt 0.4994036 0.6709988
vt 0.5024116 0.671409
vt 0.4957695 0.6538066
vt 0.4993725 0.659546
vt 0.4993662 0.6542674
vt 0.4957768 0.6591938
vt 0.4993847 0.6651525
vt 0.4957898 0.664923
vt 0.4922077 0.6652734
vt 0.4921941 0.6596155
vt 0.4921868 0.6543149
vt 0.4959683 0.7006304
vt 0.492344 0.6947119
vt 0.4923817 0.7002199
vt 0.4959288 0.6950225
vt 0.4923083 0.688904
vt 0.4995224 0.6947028
vt 0.4995611 0.7002007
vt 0.4958928 0.6891332
vt 0.4994867 0.6889369
vt 0.4958603 0.6830791
vt 0.4922755 0.6829782
vt 0.4958317 0.67696
vt 0.4922476 0.6770138
vt 0.4922252 0.6710927
vt 0.4994542 0.6829945
vt 0.5024899 0.6883817
vt 0.5025234 0.693837
vt 0.5025604 0.6990394
vt 0.5025992 0.7039005
vt 0.499602 0.7053388
vt 0.5026397 0.7083339
vt 0.4996446 0.7100238
vt 0.5024598 0.6827594
vt 0.499427 0.6769806
vt 0.5024329 0.677069
vt 0.5024116 0.671409
vt 0.4994036 0.6709988
vt 0.4958083 0.6708765
vt 0.4993847 0.6651525
vt 0.4922077 0.6652734
vt 0.4957898 0.664923
vt 0.4666763 0.8279374
vt 0.4674051 0.8305536
vt 0.4674017 0.828112
vt 0.4666798 0.8304173
vt 0.4674112 0.8331467
vt 0.4666855 0.833051
vt 0.4666941 0.8357972
vt 0.4686288 0.8331416
vt 0.4674191 0.8358511
vt 0.4667055 0.8386074
vt 0.4686367 0.8358454
vt 0.4674302 0.8386179
vt 0.4704908 0.8358371
vt 0.4704829 0.833133
vt 0.4726487 0.8358362
vt 0.4726595 0.8385963
vt 0.470502 0.8386039
vt 0.4674425 0.8413993
vt 0.4667182 0.8414326
vt 0.4686472 0.8386122
vt 0.4686601 0.8413939
vt 0.4686747 0.844142
vt 0.4674574 0.8441477
vt 0.4667337 0.8442238
vt 0.4667502 0.8469323
vt 0.4705146 0.8413857
vt 0.4674742 0.8468147
vt 0.4667686 0.849515
vt 0.4726719 0.8413714
vt 0.4705295 0.8441338
vt 0.4747974 0.8413479
vt 0.474785 0.8385932
vt 0.467492 0.8493574
vt 0.467511 0.851734
vt 0.4667879 0.8519286
vt 0.4686919 0.8468093
vt 0.4687093 0.8493523
vt 0.4705641 0.8493438
vt 0.470546 0.8468007
vt 0.4727213 0.8493102
vt 0.4727032 0.8467731
vt 0.4726874 0.8441125
vt 0.4748119 0.8440694
vt 0.4765707 0.8439943
vt 0.4748287 0.8467107
vt 0.4748465 0.8492296
vt 0.4765866 0.8465969
vt 0.4776428 0.8464156
vt 0.4776596 0.8488362
vt 0.4776273 0.8438773
vt 0.4776127 0.8412617
vt 0.4765561 0.8413128
vt 0.4776003 0.8386144
vt 0.4765434 0.8385979
vt 0.476533 0.8358977
vt 0.4747739 0.835853
vt 0.4775905 0.835981
vt 0.0298496 0.8104441
vt 0.02906226 0.8133309
vt 0.02983906 0.8132126
vt 0.02907212 0.810605
vt 0.02908028 0.8080576
vt 0.02985775 0.807857
vt 0.02775673 0.8133233
vt 0.02774483 0.816182
vt 0.02908537 0.8057345
vt 0.02777983 0.8057269
vt 0.02986251 0.8054975
vt 0.02986455 0.8034122
vt 0.02908707 0.8036814
vt 0.02986421 0.8016294
vt 0.02908673 0.8019258
vt 0.02778221 0.8036738
vt 0.02778221 0.8019184
vt 0.02579332 0.8019068
vt 0.025794 0.8036624
vt 0.02348093 0.8019398
vt 0.02576885 0.8133119
vt 0.02575594 0.8161705
vt 0.02348093 0.8036911
vt 0.02579196 0.8057154
vt 0.02120253 0.8038045
vt 0.02120253 0.802066
vt 0.01931762 0.8040469
vt 0.01931558 0.8060505
vt 0.01931728 0.8023337
vt 0.01818266 0.8027916
vt 0.01818334 0.8044624
vt 0.0181813 0.8064165
vt 0.01817654 0.8086275
vt 0.02120117 0.8058378
vt 0.01931014 0.8083177
vt 0.01816907 0.811052
vt 0.02347958 0.8057393
vt 0.02119641 0.8081385
vt 0.02347448 0.8080568
vt 0.02346666 0.8105979
vt 0.0257872 0.8080386
vt 0.02118826 0.8106613
vt 0.01930301 0.8108035
vt 0.01929281 0.8134636
vt 0.01815956 0.8136463
vt 0.02117772 0.8133608
vt 0.02345579 0.8133173
vt 0.02777508 0.8080499
vt 0.02577939 0.8105859
vt 0.02776726 0.8105973
vt 0.02344356 0.8161692
vt 0.02342894 0.8191081
vt 0.02574133 0.8191165
vt 0.5283368 0.8303329
vt 0.5283562 0.8279145
vt 0.5276325 0.8281031
vt 0.5276132 0.8304844
vt 0.5275954 0.8330328
vt 0.5283187 0.8329213
vt 0.5263761 0.8330275
vt 0.5263933 0.8304787
vt 0.5245349 0.8304704
vt 0.04233931 0.6818916
vt 0.04310165 0.678994
vt 0.04232877 0.6791213
vt 0.04311185 0.6817217
vt 0.04440701 0.6789865
vt 0.04312001 0.6842707
vt 0.04234713 0.6844804
vt 0.04312477 0.6865953
vt 0.04443115 0.6865878
vt 0.04235189 0.6868414
vt 0.04235427 0.6889279
vt 0.04312681 0.6886498
vt 0.04235359 0.6907121
vt 0.04312613 0.6904064
vt 0.04443251 0.6886422
vt 0.04443217 0.6903989
vt 0.04642133 0.6903874
vt 0.04642201 0.6886307
vt 0.04873521 0.6903275
vt 0.04442503 0.6842632
vt 0.04441755 0.6817142
vt 0.04640705 0.6817027
vt 0.04639651 0.6789749
vt 0.04872059 0.6816638
vt 0.04641521 0.6842517
vt 0.04642031 0.6865762
vt 0.04873521 0.6885751
vt 0.04872841 0.6842066
vt 0.04870971 0.6789426
vt 0.04638358 0.6761142
vt 0.04869781 0.6760888
vt 0.05098788 0.6788725
vt 0.05099809 0.681574
vt 0.05100557 0.6840985
vt 0.0528883 0.6838976
vt 0.05289271 0.686166
vt 0.04873385 0.6865255
vt 0.05101033 0.6864005
vt 0.05101305 0.6884353
vt 0.05101271 0.690175
vt 0.0528951 0.6881709
vt 0.05289441 0.6898853
vt 0.05402058 0.689414
vt 0.0540216 0.6877421
vt 0.05401956 0.6857867
vt 0.0540148 0.6835743
vt 0.05400732 0.6811482
vt 0.04220058 0.6587471
vt 0.04299794 0.6615523
vt 0.04297618 0.6589335
vt 0.04222302 0.6614069
vt 0.04301868 0.6643338
vt 0.0422441 0.6642317
vt 0.04226416 0.6671775
vt 0.04432438 0.6643263
vt 0.04303874 0.6672341
vt 0.0422832 0.6701916
vt 0.0443441 0.6672266
vt 0.0430571 0.6702018
vt 0.0463336 0.667215
vt 0.04631354 0.6643148
vt 0.0430741 0.6731854
vt 0.04230054 0.6732221
vt 0.0486468 0.6672112
vt 0.04866618 0.6701717
vt 0.04862742 0.6643178
vt 0.0463523 0.6701828
vt 0.04436281 0.6701943
vt 0.04437981 0.673178
vt 0.04439477 0.6761259
vt 0.04308873 0.6761335
vt 0.04231516 0.676216
vt 0.04232877 0.6791213
vt 0.04310165 0.678994
vt 0.04440701 0.6789865
vt 0.04639651 0.6789749
vt 0.04638358 0.6761142
vt 0.0463693 0.6731663
vt 0.04868285 0.6731481
vt 0.04869781 0.6760888
vt 0.0509753 0.6760395
vt 0.04870971 0.6789426
vt 0.05098788 0.6788725
vt 0.05285769 0.6759564
vt 0.05096103 0.6731201
vt 0.05287027 0.6787481
vt 0.05099809 0.681574
vt 0.05288047 0.6814101
vt 0.0528883 0.6838976
vt 0.05400732 0.6811482
vt 0.05399746 0.6785522
vt 0.05398522 0.6758295
vt 0.05397162 0.6730238
vt 0.05284341 0.6730797
vt 0.0539553 0.670184
vt 0.05094402 0.6701653
vt 0.05282675 0.670168
vt 0.05280873 0.6672719
vt 0.05393694 0.6673595
vt 0.05278901 0.6644415
vt 0.05391858 0.6645991
vt 0.05389851 0.661952
vt 0.05092532 0.6672263
vt 0.0509056 0.6643538
vt 0.04860634 0.6615433
vt 0.05088486 0.6615993
vt 0.0527686 0.6617272
vt 0.05086344 0.6590058
vt 0.05274718 0.6591715
vt 0.05387777 0.6594594
vt 0.05272644 0.6568171
vt 0.05385703 0.6571633
vt 0.05270468 0.6547063
vt 0.05383697 0.6551046
vt 0.05086344 0.6590058
vt 0.05274718 0.6591715
vt 0.05272644 0.6568171
vt 0.05084201 0.6566165
vt 0.04858526 0.6589307
vt 0.05088486 0.6615993
vt 0.05270468 0.6547063
vt 0.04860634 0.6615433
vt 0.0485635 0.6565238
vt 0.05082025 0.6544744
vt 0.04629314 0.6615334
vt 0.04631354 0.6643148
vt 0.04862742 0.6643178
vt 0.04432438 0.6643263
vt 0.04430296 0.6615449
vt 0.04299794 0.6615523
vt 0.04297618 0.6589335
vt 0.04627138 0.6589146
vt 0.04624961 0.6565021
vt 0.0442812 0.658926
vt 0.04425978 0.6565136
vt 0.04423802 0.6543506
vt 0.04295475 0.656521
vt 0.04220058 0.6587471
vt 0.04217881 0.656297
vt 0.04293231 0.6543581
vt 0.04215705 0.6541001
vt 0.04213529 0.6522014
vt 0.04291089 0.6524886
vt 0.04622751 0.6543391
vt 0.04421693 0.652481
vt 0.04289049 0.6509362
vt 0.04419619 0.6509286
vt 0.04618569 0.6509173
vt 0.04620609 0.6524695
vt 0.04849957 0.6509525
vt 0.04854139 0.6543661
vt 0.04852031 0.6525011
vt 0.05079883 0.652623
vt 0.05077911 0.6510857
vt 0.05268428 0.6528819
vt 0.0526649 0.6513672
vt 0.05381623 0.6533253
vt 0.05383697 0.6551046
vt 0.02096908 0.8411301
vt 0.01910728 0.8393131
vt 0.01908689 0.840827
vt 0.02098981 0.8395937
vt 0.02324613 0.8412893
vt 0.01912767 0.8374897
vt 0.02101054 0.8377434
vt 0.01797844 0.8388571
vt 0.01799849 0.8370788
vt 0.02574133 0.8191165
vt 0.02774483 0.816182
vt 0.02575594 0.8161705
vt 0.0277292 0.819128
vt 0.02572434 0.8220983
vt 0.02341195 0.8220826
vt 0.02342894 0.8191081
vt 0.0290344 0.8191355
vt 0.02904935 0.8161897
vt 0.02906226 0.8133309
vt 0.02983906 0.8132126
vt 0.02982683 0.8161161
vt 0.02981086 0.8191081
vt 0.02979387 0.8221363
vt 0.02901741 0.8221173
vt 0.02771221 0.8221098
vt 0.02899872 0.8250831
vt 0.02977484 0.8251486
vt 0.02769386 0.8250756
vt 0.02767381 0.827974
vt 0.02897867 0.8279817
vt 0.02975479 0.8280925
vt 0.02973372 0.8309155
vt 0.02570599 0.8250641
vt 0.0289576 0.8307612
vt 0.02971164 0.8335735
vt 0.02893654 0.8333783
vt 0.02765309 0.8307536
vt 0.02891479 0.8357893
vt 0.02968921 0.8360223
vt 0.0288927 0.8379506
vt 0.02758784 0.8379432
vt 0.02966712 0.8382176
vt 0.02964571 0.8401152
vt 0.02887163 0.8398191
vt 0.02760993 0.8357818
vt 0.02763134 0.8333707
vt 0.02564381 0.8333593
vt 0.02566521 0.8307422
vt 0.02333142 0.8333164
vt 0.02562206 0.8357705
vt 0.02568594 0.8279626
vt 0.02756711 0.8398116
vt 0.0288509 0.8413705
vt 0.02754605 0.841363
vt 0.02555817 0.8413514
vt 0.0255789 0.8398002
vt 0.02324613 0.8412893
vt 0.02559963 0.8379318
vt 0.02326618 0.8397419
vt 0.02098981 0.8395937
vt 0.02101054 0.8377434
vt 0.02330967 0.8357217
vt 0.02328792 0.837878
vt 0.02103228 0.8356029
vt 0.01912767 0.8374897
vt 0.01914839 0.8353804
vt 0.01801921 0.8350216
vt 0.01799849 0.8370788
vt 0.01804028 0.8327269
vt 0.02105369 0.8332149
vt 0.01917014 0.8330275
vt 0.01919087 0.8304735
vt 0.01806033 0.830236
vt 0.01921126 0.8277611
vt 0.01808038 0.8275905
vt 0.01809941 0.8248318
vt 0.02107544 0.830623
vt 0.02335283 0.8307058
vt 0.02109617 0.8278704
vt 0.01923097 0.8249325
vt 0.01811674 0.822009
vt 0.02337356 0.8279328
vt 0.02339292 0.8250414
vt 0.02111554 0.8249999
vt 0.02113389 0.8220627
vt 0.01924966 0.8220382
vt 0.01926597 0.8191283
vt 0.01813305 0.8191712
vt 0.0192799 0.8162535
vt 0.01814732 0.8163673
vt 0.01815956 0.8136463
vt 0.01929281 0.8134636
vt 0.02117772 0.8133608
vt 0.02115088 0.8191097
vt 0.02116583 0.8161922
vt 0.02345579 0.8133173
vt 0.02344356 0.8161692
vt 0.4726595 0.8385963
vt 0.474785 0.8385932
vt 0.4747739 0.835853
vt 0.4726487 0.8358362
vt 0.474766 0.8331749
vt 0.476525 0.8332589
vt 0.476533 0.8358977
vt 0.4775905 0.835981
vt 0.4775823 0.8334073
vt 0.4775766 0.8309391
vt 0.476519 0.8307286
vt 0.477574 0.8286157
vt 0.4765155 0.8283457
vt 0.4747568 0.8281891
vt 0.4747603 0.8306072
vt 0.4726313 0.8281161
vt 0.4726402 0.8331388
vt 0.4704829 0.833133
vt 0.4726348 0.8305517
vt 0.4704772 0.8305399
vt 0.4704741 0.8280984
vt 0.4686288 0.8331416
vt 0.4686221 0.8305485
vt 0.4686186 0.8281066
vt 0.4674051 0.8305536
vt 0.4674017 0.828112
vt 0.8034029 0.6398083
vt 0.8052734 0.6396477
vt 0.8052541 0.6370074
vt 0.8063957 0.6393898
vt 0.8052925 0.6421148
vt 0.8064153 0.6417961
vt 0.145729 0.6938004
vt 0.1477097 0.6955518
vt 0.1479557 0.6950175
vt 0.1454155 0.6942977
vt 0.1433024 0.6927593
vt 0.1436779 0.6923071
vt 0.1414075 0.6909592
vt 0.141839 0.6905602
vt 0.1402496 0.6885839
vt 0.1397698 0.6889234
vt 0.1389298 0.686417
vt 0.13841 0.6866905
vt 0.1373494 0.6843008
vt 0.1379002 0.6840977
vt 0.1366084 0.681795
vt 0.1371811 0.6816654
vt 0.1367927 0.6791593
vt 0.1362081 0.6792128
vt 0.1367332 0.6766228
vt 0.1361471 0.6765993
vt 0.1364231 0.6739997
vt 0.1370014 0.6740994
vt 0.1370343 0.6714588
vt 0.1375945 0.6716334
vt 0.1385111 0.6692684
vt 0.1379788 0.6690221
vt 0.1397282 0.6670424
vt 0.1392328 0.6667285
vt 0.1407713 0.6646149
vt 0.1412219 0.664991
vt 0.142571 0.6627199
vt 0.1429685 0.6631518
vt 0.1449448 0.6615626
vt 0.1446074 0.6610822
vt 0.147112 0.6602426
vt 0.1468403 0.6597224
vt 0.1492297 0.6586615
vt 0.1494313 0.6592126
vt 0.1517355 0.6579208
vt 0.1518629 0.6584938
vt 0.1543697 0.6581054
vt 0.1543177 0.6575205
vt 0.1569061 0.6580459
vt 0.1569315 0.6574592
vt 0.1595312 0.6577352
vt 0.1594295 0.6583139
vt 0.1620717 0.6583461
vt 0.1618952 0.6589066
vt 0.1642599 0.6598232
vt 0.1645081 0.6592909
vt 0.1664865 0.6610406
vt 0.1668023 0.6605446
vt 0.1689157 0.6620834
vt 0.1685376 0.6625337
vt 0.1708103 0.6638831
vt 0.1703765 0.6642806
vt 0.171966 0.6662569
vt 0.172448 0.6659192
vt 0.1732858 0.6684241
vt 0.1738078 0.6681522
vt 0.1748683 0.6705415
vt 0.1743154 0.670743
vt 0.1756094 0.6730473
vt 0.1750345 0.6731753
vt 0.1754232 0.6756815
vt 0.1760094 0.6756295
vt 0.1754824 0.6782182
vt 0.1760707 0.6782433
vt 0.175795 0.6808427
vt 0.1752145 0.6807416
vt 0.1751835 0.6833838
vt 0.1746214 0.6832073
vt 0.1737045 0.6855723
vt 0.174239 0.6858202
vt 0.1724877 0.6877987
vt 0.172985 0.6881141
vt 0.1714462 0.6902275
vt 0.1709937 0.68985
vt 0.1696467 0.6921224
vt 0.1692474 0.6916893
vt 0.1672708 0.6932784
vt 0.1676104 0.6937601
vt 0.1651039 0.6945982
vt 0.1653774 0.6951199
vt 0.1629881 0.6961808
vt 0.1627846 0.6956281
vt 0.1604822 0.6969218
vt 0.1603524 0.6963472
vt 0.1578462 0.6967356
vt 0.1479557 0.6950175
vt 0.1477097 0.6955518
vt 0.1501461 0.6964962
vt 0.1503204 0.6959342
vt 0.1527864 0.6965272
vt 0.1526866 0.6971071
vt 0.1553095 0.6967951
vt 0.1552863 0.6973831
vt 0.1578998 0.6973221
vt 0.1578462 0.6967356
vt 0.1604822 0.6969218
vt 0.1856361 0.8277614
vt 0.1856171 0.830103
vt 0.1878915 0.8302929
vt 0.1879098 0.8279994
vt 0.1916999 0.8280835
vt 0.1916813 0.8303635
vt 0.196626 0.8280518
vt 0.1966077 0.8303447
vt 0.2022919 0.8302664
vt 0.1879294 0.8258867
vt 0.1917192 0.8259829
vt 0.1879484 0.8239927
vt 0.1856554 0.8256042
vt 0.1846867 0.8274381
vt 0.1847067 0.8252181
vt 0.1856757 0.8236703
vt 0.1847273 0.8232278
vt 0.1847463 0.8215076
vt 0.185694 0.8219986
vt 0.2023098 0.827943
vt 0.2083537 0.8301582
vt 0.2083733 0.8277957
vt 0.208393 0.8256192
vt 0.2023295 0.8258026
vt 0.2084126 0.8236682
vt 0.1966457 0.8259394
vt 0.2023491 0.8238838
vt 0.1917378 0.8240998
vt 0.1879674 0.8223554
vt 0.1857126 0.8206109
vt 0.1879853 0.8209961
vt 0.1917741 0.8211207
vt 0.1917565 0.8224722
vt 0.1967009 0.8210496
vt 0.196664 0.8240457
vt 0.1966829 0.8224088
vt 0.2023678 0.8222252
vt 0.2084319 0.8219818
vt 0.2023857 0.8208482
vt 0.2084502 0.8205815
vt 0.1846867 0.8274381
vt 0.1856171 0.830103
vt 0.1856361 0.8277614
vt 0.184667 0.8298478
vt 0.1855981 0.8325898
vt 0.1878732 0.8327284
vt 0.1846477 0.8324071
vt 0.1878915 0.8302929
vt 0.1846294 0.835076
vt 0.1916813 0.8303635
vt 0.1855805 0.8351832
vt 0.1846118 0.8378068
vt 0.191663 0.832785
vt 0.1966077 0.8303447
vt 0.1855639 0.8378368
vt 0.1878556 0.8352684
vt 0.1916457 0.8353102
vt 0.1855493 0.8405045
vt 0.1845962 0.8405523
vt 0.1855355 0.8431403
vt 0.1878116 0.8430615
vt 0.1845827 0.8432647
vt 0.1845708 0.845897
vt 0.185524 0.8456981
vt 0.1845613 0.848407
vt 0.1878244 0.84048
vt 0.1878393 0.8378672
vt 0.1916291 0.837894
vt 0.1965552 0.8379177
vt 0.1916142 0.8404916
vt 0.1965712 0.8353192
vt 0.1965891 0.8327799
vt 0.2022726 0.8327338
vt 0.2022919 0.8302664
vt 0.2022546 0.8353068
vt 0.2083354 0.8326671
vt 0.2083537 0.8301582
vt 0.2083171 0.8352836
vt 0.2022384 0.8379397
vt 0.2083002 0.8379608
vt 0.2082849 0.8406523
vt 0.2022235 0.8405867
vt 0.2082714 0.8433116
vt 0.196541 0.84053
vt 0.2022102 0.8432019
vt 0.1916013 0.843058
vt 0.2021991 0.8457397
vt 0.2082599 0.8458921
vt 0.1965278 0.8431111
vt 0.1965159 0.8456159
vt 0.1965071 0.8480041
vt 0.2021896 0.8481596
vt 0.2082504 0.8483528
vt 0.2082439 0.8506521
vt 0.1915905 0.8455487
vt 0.2021825 0.850421
vt 0.2082392 0.8527491
vt 0.1878004 0.8455666
vt 0.1915814 0.8479234
vt 0.1855148 0.8481371
vt 0.1877916 0.8479552
vt 0.1855084 0.8504161
vt 0.1845542 0.8507525
vt 0.1877845 0.8501875
vt 0.1877797 0.8522231
vt 0.1855036 0.8524945
vt 0.1845498 0.8528914
vt 0.1845478 0.8547817
vt 0.1915749 0.8501427
vt 0.1855012 0.8543316
vt 0.1845481 0.8563984
vt 0.1855019 0.8559024
vt 0.1877784 0.8540222
vt 0.1877787 0.8555605
vt 0.1915691 0.8554846
vt 0.1915688 0.8539551
vt 0.1964949 0.855608
vt 0.1965 0.8502359
vt 0.1915702 0.8521665
vt 0.1964939 0.8540698
vt 0.2021777 0.8524834
vt 0.196496 0.852271
vt 0.2021764 0.8543059
vt 0.2021774 0.8558643
vt 0.2082368 0.8546025
vt 0.2082382 0.8561872
vt 0.6892447 0.7841246
vt 0.6867912 0.7832471
vt 0.6867003 0.7841347
vt 0.6892633 0.7832376
vt 0.6917489 0.7832259
vt 0.6918026 0.7841132
vt 0.6942046 0.7832127
vt 0.6943296 0.7840997
vt 0.6967821 0.7840842
vt 0.6965874 0.7831978
vt 0.6991203 0.7840678
vt 0.6988597 0.7831817
vt 0.7009834 0.7831647
vt 0.7013056 0.7840501
vt 0.5174307 0.8309155
vt 0.5185041 0.8283579
vt 0.5174488 0.8286489
vt 0.5184851 0.8306817
vt 0.5184676 0.8331688
vt 0.5174132 0.833341
vt 0.5184514 0.8357769
vt 0.5173976 0.8358846
vt 0.5202447 0.8305467
vt 0.5173837 0.8385058
vt 0.5202269 0.8330703
vt 0.5223734 0.8304847
vt 0.5184371 0.8384645
vt 0.5173713 0.841159
vt 0.522355 0.8330271
vt 0.5202107 0.8357172
vt 0.5201957 0.8384448
vt 0.5245168 0.8330189
vt 0.5245349 0.8304704
vt 0.5263761 0.8330275
vt 0.5263587 0.8356997
vt 0.5275954 0.8330328
vt 0.5245 0.8356915
vt 0.5223388 0.8356928
vt 0.5223235 0.8384407
vt 0.5223112 0.8412213
vt 0.5244853 0.8384457
vt 0.5201827 0.8412054
vt 0.5275785 0.8357052
vt 0.5283187 0.8329213
vt 0.5283016 0.8356355
vt 0.5282863 0.8384327
vt 0.5275636 0.8384594
vt 0.5282736 0.8412638
vt 0.5263437 0.8384537
vt 0.5275509 0.8412467
vt 0.5244726 0.841233
vt 0.5184241 0.8411847
vt 0.5184136 0.8438907
vt 0.5173608 0.8437976
vt 0.518406 0.846535
vt 0.5173529 0.8463772
vt 0.5173469 0.8488503
vt 0.5201729 0.8439514
vt 0.526331 0.8412416
vt 0.5263209 0.8440143
vt 0.5244615 0.8440057
vt 0.5263123 0.846724
vt 0.5275398 0.8440197
vt 0.5282625 0.84408
vt 0.5275322 0.8467295
vt 0.5282543 0.8468321
vt 0.5282482 0.8494713
vt 0.5275264 0.849328
vt 0.5282447 0.8519565
vt 0.5275229 0.8517751
vt 0.5263063 0.8493227
vt 0.5263028 0.8517694
vt 0.5244443 0.8517612
vt 0.5244479 0.8493141
vt 0.5244536 0.8467155
vt 0.5222861 0.8492829
vt 0.5222825 0.8517237
vt 0.5223004 0.8439873
vt 0.5222918 0.8466907
vt 0.5201643 0.8466351
vt 0.5201582 0.8492086
vt 0.5201548 0.8516318
vt 0.5184003 0.8490711
vt 0.5183967 0.8514587
vt 0.5173446 0.8511788
vt 0.3038957 0.8546931
vt 0.3029265 0.8525423
vt 0.3029458 0.8542132
vt 0.3038768 0.8529735
vt 0.3038561 0.8509843
vt 0.3029069 0.8506095
vt 0.3038361 0.8487654
vt 0.3028879 0.8484535
vt 0.3029069 0.8506095
vt 0.3006539 0.8522465
vt 0.3029265 0.8525423
vt 0.3029458 0.8542132
vt 0.3006722 0.8538829
vt 0.3029641 0.8556004
vt 0.3006901 0.8552415
vt 0.2969023 0.855161
vt 0.2968844 0.8538101
vt 0.2919787 0.8552887
vt 0.2968661 0.8521832
vt 0.2968471 0.8503011
vt 0.2919607 0.8539304
vt 0.2919235 0.8504017
vt 0.2919042 0.8482903
vt 0.2919424 0.8522944
vt 0.2862612 0.8525218
vt 0.2862798 0.8541795
vt 0.2802011 0.8528073
vt 0.2862981 0.855556
vt 0.2802204 0.854493
vt 0.280239 0.8558927
vt 0.3037109 0.8278074
vt 0.3027755 0.8305257
vt 0.30372 0.830316
vt 0.302766 0.8280881
vt 0.3027593 0.8258101
vt 0.3037034 0.8254631
vt 0.3005056 0.8306835
vt 0.3005168 0.8331873
vt 0.3027552 0.8237327
vt 0.3004853 0.8240303
vt 0.3036994 0.823325
vt 0.3036973 0.8214357
vt 0.3027532 0.8218967
vt 0.3004897 0.8260651
vt 0.3004965 0.8282961
vt 0.2967188 0.8307453
vt 0.2967296 0.8332346
vt 0.2917938 0.830735
vt 0.291785 0.8283482
vt 0.2861112 0.8306769
vt 0.2967097 0.8283717
vt 0.2967032 0.8261536
vt 0.3004833 0.8222324
vt 0.3027542 0.8203267
vt 0.300484 0.8206946
vt 0.2966968 0.8208144
vt 0.2966965 0.822343
vt 0.2917728 0.820748
vt 0.2966985 0.8241307
vt 0.2917718 0.8222853
vt 0.2917786 0.8261175
vt 0.2860885 0.8221151
vt 0.2860889 0.8205574
vt 0.2917739 0.8240832
vt 0.2860906 0.8239368
vt 0.2800257 0.8218889
vt 0.2800267 0.820305
vt 0.2800281 0.8237412
vt 0.2860953 0.825998
vt 0.2800328 0.8258371
vt 0.2861017 0.8282582
vt 0.2800396 0.8281354
vt 0.2800488 0.8305946
vt 0.5848405 0.8299202
vt 0.5857216 0.828209
vt 0.5848409 0.8278503
vt 0.5857206 0.8302202
vt 0.5857181 0.8324031
vt 0.5848374 0.8321663
vt 0.5878347 0.8325774
vt 0.5878303 0.8348482
vt 0.5878382 0.8304397
vt 0.5913707 0.8305132
vt 0.5857127 0.8347219
vt 0.5848317 0.8345526
vt 0.5848244 0.8370409
vt 0.5913672 0.8326387
vt 0.5959636 0.8304775
vt 0.5857058 0.8371397
vt 0.584814 0.8395869
vt 0.585696 0.8396134
vt 0.5959608 0.832615
vt 0.601262 0.8325354
vt 0.5878224 0.8372161
vt 0.5913625 0.8348961
vt 0.5913546 0.8372505
vt 0.5878132 0.8396394
vt 0.5878022 0.8420746
vt 0.5856846 0.8421005
vt 0.5913458 0.8396596
vt 0.595939 0.8396757
vt 0.5959485 0.8372534
vt 0.5959557 0.8348854
vt 0.6012575 0.8348358
vt 0.6012496 0.8372347
vt 0.6069121 0.8347664
vt 0.6069174 0.8324271
vt 0.6012654 0.8303696
vt 0.6069199 0.8302249
vt 0.6069044 0.837206
vt 0.6012395 0.8396896
vt 0.6012285 0.8421573
vt 0.6068944 0.8397019
vt 0.606883 0.842211
vt 0.584814 0.8395869
vt 0.5856846 0.8421005
vt 0.585696 0.8396134
vt 0.5848023 0.8421463
vt 0.5856711 0.8445578
vt 0.5877892 0.8444817
vt 0.5847891 0.8446749
vt 0.5847736 0.8471292
vt 0.5878022 0.8420746
vt 0.5856565 0.8469425
vt 0.5847578 0.8494694
vt 0.5856404 0.8492164
vt 0.585623 0.8513409
vt 0.5847395 0.8516557
vt 0.5877751 0.8468171
vt 0.5877593 0.8490443
vt 0.5912915 0.8490099
vt 0.5913072 0.8467957
vt 0.5958847 0.849079
vt 0.5913344 0.8420809
vt 0.5913215 0.8444738
vt 0.5959005 0.8468528
vt 0.5913458 0.8396596
vt 0.5878132 0.8396394
vt 0.595939 0.8396757
vt 0.595928 0.8421115
vt 0.6012285 0.8421573
vt 0.5959153 0.8445177
vt 0.6012152 0.8445951
vt 0.601201 0.8469615
vt 0.6011846 0.8492174
vt 0.6068698 0.8446901
vt 0.606883 0.842211
vt 0.6068546 0.8470963
vt 0.6068385 0.8493901
vt 0.6821784 0.7730182
vt 0.6822428 0.7776071
vt 0.6844987 0.7776024
vt 0.6844469 0.7730129
vt 0.6843494 0.7677188
vt 0.6868127 0.773006
vt 0.6867467 0.7677115
vt 0.6892337 0.7729968
vt 0.6842292 0.7620725
vt 0.6820506 0.7677245
vt 0.6818916 0.7620779
vt 0.6866672 0.7620646
vt 0.6891996 0.767702
vt 0.6891614 0.7620548
vt 0.6916688 0.7620435
vt 0.6916659 0.7676904
vt 0.6941462 0.7620299
vt 0.6941023 0.7676777
vt 0.6916676 0.7729855
vt 0.6964666 0.7676629
vt 0.6965508 0.762015
vt 0.6987212 0.7676468
vt 0.698843 0.761999
vt 0.6964056 0.772958
vt 0.6986309 0.7729419
vt 0.6940721 0.7729725
vt 0.6963902 0.7775465
vt 0.6986029 0.7775313
vt 0.6940699 0.777562
vt 0.6941093 0.7810928
vt 0.6964435 0.7810785
vt 0.6986688 0.7810621
vt 0.6988597 0.7831817
vt 0.6965874 0.7831978
vt 0.6942046 0.7832127
vt 0.6917489 0.7832259
vt 0.6916789 0.7775746
vt 0.6917045 0.7811056
vt 0.6892633 0.7832376
vt 0.6892589 0.7775853
vt 0.6868515 0.7775944
vt 0.68927 0.7811167
vt 0.686849 0.7811258
vt 0.6844823 0.7811334
vt 0.6867912 0.7832471
vt 0.6821784 0.7730182
vt 0.6843494 0.7677188
vt 0.6820506 0.7677245
vt 0.6800421 0.7730207
vt 0.6822428 0.7776071
vt 0.6798862 0.7677267
vt 0.6818916 0.7620779
vt 0.6796909 0.7620801
vt 0.6801187 0.7776099
vt 0.6822131 0.7811382
vt 0.6800765 0.7811413
vt 0.6798764 0.7832625
vt 0.6844823 0.7811334
vt 0.6844987 0.7776024
vt 0.6820585 0.7832597
vt 0.6795845 0.7841511
vt 0.6818294 0.784148
vt 0.684375 0.783254
vt 0.6842141 0.7841426
vt 0.6867003 0.7841347
vt 0.6867912 0.7832471
vt 0.6868515 0.7775944
vt 0.6868127 0.773006
vt 0.6892337 0.7729968
vt 0.2861112 0.8306769
vt 0.2800488 0.8305946
vt 0.2800603 0.833174
vt 0.2861227 0.8332135
vt 0.2917938 0.830735
vt 0.2861352 0.8358274
vt 0.2800735 0.8358319
vt 0.2918057 0.8332385
vt 0.2967296 0.8332346
vt 0.2918185 0.8358183
vt 0.2918331 0.8384293
vt 0.2861505 0.8384729
vt 0.280089 0.8385221
vt 0.2801059 0.841198
vt 0.2967428 0.8357998
vt 0.3005168 0.8331873
vt 0.2861671 0.8411044
vt 0.2801236 0.843813
vt 0.286185 0.8436762
vt 0.2918497 0.8410264
vt 0.2862029 0.8461425
vt 0.2801432 0.8463209
vt 0.2862226 0.8484646
vt 0.2801622 0.8486819
vt 0.2801818 0.8508572
vt 0.2862415 0.8506039
vt 0.2802011 0.8528073
vt 0.2862612 0.8525218
vt 0.2919235 0.8504017
vt 0.2919424 0.8522944
vt 0.2919042 0.8482903
vt 0.2918849 0.8459986
vt 0.291867 0.8435645
vt 0.2967913 0.8435025
vt 0.2968092 0.8459229
vt 0.3005781 0.8435151
vt 0.296774 0.8409788
vt 0.2968282 0.8482018
vt 0.2968471 0.8503011
vt 0.2967574 0.8383962
vt 0.3005967 0.8459496
vt 0.300635 0.8503534
vt 0.3006539 0.8522465
vt 0.3029069 0.8506095
vt 0.3028879 0.8484535
vt 0.3006153 0.8482417
vt 0.3028686 0.846113
vt 0.3038361 0.8487654
vt 0.3038165 0.846357
vt 0.3028503 0.8436275
vt 0.3037972 0.8437989
vt 0.3037789 0.8411316
vt 0.3028327 0.8410355
vt 0.3037613 0.8384021
vt 0.3005608 0.8409767
vt 0.3028158 0.8383831
vt 0.3005442 0.838379
vt 0.30053 0.8357675
vt 0.3028002 0.8357168
vt 0.3037461 0.8356581
vt 0.302787 0.8330823
vt 0.3027755 0.8305257
vt 0.3037322 0.8329468
vt 0.30372 0.830316
vt 0.4040594 0.695578
vt 0.4065987 0.7048891
vt 0.4065448 0.6955639
vt 0.4041133 0.704903
vt 0.4066549 0.714598
vt 0.4091104 0.7145858
vt 0.4090542 0.7048769
vt 0.4114372 0.7048664
vt 0.4041696 0.7146115
vt 0.4016975 0.7146271
vt 0.4016412 0.7049183
vt 0.3992816 0.7146441
vt 0.3992257 0.7049352
vt 0.4015873 0.695594
vt 0.3969084 0.7049525
vt 0.3969647 0.7146617
vt 0.3947274 0.7049704
vt 0.3946735 0.6956455
vt 0.3947833 0.714679
vt 0.3927737 0.714698
vt 0.3927178 0.7049891
vt 0.3909723 0.7147159
vt 0.3968549 0.6956275
vt 0.3991714 0.6956102
vt 0.399122 0.6870532
vt 0.4015382 0.6870366
vt 0.3990793 0.6796474
vt 0.3968054 0.6870705
vt 0.40401 0.6870207
vt 0.4064953 0.6870071
vt 0.4014951 0.6796311
vt 0.4039673 0.6796155
vt 0.4064526 0.6796016
vt 0.4039334 0.6737447
vt 0.4064187 0.6737309
vt 0.4039158 0.6692505
vt 0.4063692 0.6692367
vt 0.4014612 0.6737607
vt 0.4062801 0.665958
vt 0.4086218 0.6659461
vt 0.4039229 0.6659706
vt 0.4015826 0.6659861
vt 0.4018195 0.6637607
vt 0.3996937 0.663776
vt 0.4014768 0.6692658
vt 0.3992826 0.6660017
vt 0.3990454 0.6737773
vt 0.397047 0.6660183
vt 0.3975794 0.6637909
vt 0.3990898 0.6692817
vt 0.3967932 0.6692986
vt 0.3946339 0.6693169
vt 0.3949524 0.6660353
vt 0.3967285 0.6737946
vt 0.3967624 0.679665
vt 0.3945471 0.6738122
vt 0.3946237 0.6870881
vt 0.394581 0.6796829
vt 0.3925714 0.6797009
vt 0.3926142 0.6871068
vt 0.39077 0.6797192
vt 0.3925376 0.6738309
vt 0.392664 0.6956642
vt 0.3908127 0.6871247
vt 0.390916 0.705007
vt 0.3908621 0.6956818
vt 0.3893589 0.7050247
vt 0.3894148 0.7147332
vt 0.3893047 0.6956998
vt 0.3880657 0.7050416
vt 0.3881216 0.7147501
vt 0.3880118 0.6957167
vt 0.3892552 0.6871424
vt 0.3879623 0.6871593
vt 0.3892125 0.6797372
vt 0.3879193 0.6797541
vt 0.3878854 0.6738834
vt 0.3891786 0.6738667
vt 0.3880461 0.6693875
vt 0.3893335 0.6693705
vt 0.3907357 0.6738488
vt 0.3926572 0.6693352
vt 0.3908838 0.6693529
vt 0.3913874 0.6660699
vt 0.389857 0.6660872
vt 0.3930757 0.6660522
vt 0.392419 0.6638387
vt 0.3939382 0.6638221
vt 0.3956152 0.6638068
vt 0.4065448 0.6955639
vt 0.4065987 0.7048891
vt 0.4090542 0.7048769
vt 0.4090003 0.6955516
vt 0.4113833 0.6955408
vt 0.4114372 0.7048664
vt 0.4136551 0.6955323
vt 0.4089508 0.6869946
vt 0.4113338 0.6869834
vt 0.4089081 0.6795891
vt 0.4064953 0.6870071
vt 0.4040594 0.695578
vt 0.4064526 0.6796016
vt 0.40401 0.6870207
vt 0.4064187 0.6737309
vt 0.4088739 0.6737187
vt 0.4063692 0.6692367
vt 0.4087963 0.6692241
vt 0.4086218 0.6659461
vt 0.4111569 0.6692133
vt 0.4109167 0.6659353
vt 0.4134054 0.6692048
vt 0.4130936 0.6659268
vt 0.4150815 0.6659211
vt 0.4112569 0.6737075
vt 0.4112908 0.6795782
vt 0.4154949 0.669199
vt 0.4169023 0.6659173
vt 0.4135291 0.673699
vt 0.4136057 0.6869749
vt 0.4156522 0.6736929
vt 0.413563 0.6795694
vt 0.415686 0.679563
vt 0.4176224 0.6795592
vt 0.4157291 0.6869689
vt 0.4175885 0.6736885
vt 0.4174021 0.6691946
vt 0.4191043 0.669193
vt 0.4185773 0.6659153
vt 0.4192998 0.6736872
vt 0.4205595 0.669193
vt 0.4200071 0.665916
vt 0.4207631 0.6736872
vt 0.4193337 0.6795576
vt 0.420797 0.6795579
vt 0.4208397 0.6869627
vt 0.4193768 0.6869627
vt 0.4208895 0.6955205
vt 0.4176654 0.6869645
vt 0.4194259 0.6955205
vt 0.4157785 0.6955262
vt 0.4194798 0.7048451
vt 0.4209434 0.7048451
vt 0.4177149 0.6955218
vt 0.4177684 0.7048467
vt 0.4195361 0.7145536
vt 0.4209993 0.7145543
vt 0.4178247 0.714556
vt 0.4158324 0.7048508
vt 0.4158883 0.7145594
vt 0.413709 0.7048572
vt 0.4137653 0.7145655
vt 0.4114931 0.7145746
vt 0.4091104 0.7145858
vt 0.3303531 0.3687754
vt 0.3394355 0.368816
vt 0.3394383 0.3667758
vt 0.3303563 0.3667346
vt 0.3216305 0.3687364
vt 0.3394431 0.3646084
vt 0.3216333 0.3666956
vt 0.330361 0.3645675
vt 0.3136284 0.3666594
vt 0.3136252 0.3687003
vt 0.3303686 0.3623076
vt 0.3394495 0.3623482
vt 0.3067006 0.3666283
vt 0.3067057 0.3644613
vt 0.3066984 0.3686692
vt 0.3012067 0.3686445
vt 0.3012095 0.3666036
vt 0.2970026 0.3685202
vt 0.3136331 0.3644927
vt 0.3216384 0.3645285
vt 0.3216451 0.3622686
vt 0.3216359 0.359802
vt 0.3303769 0.3599951
vt 0.3394583 0.3600357
vt 0.3394697 0.3577111
vt 0.3136401 0.3622322
vt 0.3303877 0.3576699
vt 0.3394821 0.3554141
vt 0.3304003 0.3553735
vt 0.3215921 0.3570159
vt 0.3304136 0.3531444
vt 0.339496 0.3531849
vt 0.3304292 0.3510185
vt 0.3395113 0.3510595
vt 0.3218435 0.349199
vt 0.3217072 0.3515568
vt 0.3215908 0.3541778
vt 0.3133269 0.350674
vt 0.31337 0.3551345
vt 0.3137514 0.3468754
vt 0.305465 0.3421333
vt 0.3063003 0.3529722
vt 0.3135767 0.359305
vt 0.306713 0.3622014
vt 0.3066138 0.3587407
vt 0.3011604 0.3583483
vt 0.3012213 0.3621767
vt 0.2970058 0.3581746
vt 0.300961 0.351475
vt 0.3012146 0.3644366
vt 0.2970172 0.3621187
vt 0.2970058 0.3665
vt 0.2939394 0.3662308
vt 0.2939372 0.3681905
vt 0.2939451 0.3641393
vt 0.2970105 0.3643517
vt 0.2939509 0.3619881
vt 0.2918682 0.3637338
vt 0.2918735 0.3617456
vt 0.2939366 0.3582681
vt 0.2918434 0.3585708
vt 0.291741 0.353035
vt 0.2938786 0.3514703
vt 0.2914919 0.3422877
vt 0.2969538 0.3508914
vt 0.2939306 0.3389107
vt 0.3005102 0.338917
vt 0.2942472 0.3179043
vt 0.2923601 0.3179185
vt 0.2968761 0.3380586
vt 0.2967829 0.3174627
vt 0.2974711 0.2931376
vt 0.299693 0.318033
vt 0.2954167 0.2930088
vt 0.3022712 0.3181376
vt 0.2996398 0.2933072
vt 0.2937828 0.2925834
vt 0.2928772 0.2915234
vt 0.2913964 0.3160666
vt 0.2966419 0.268259
vt 0.295864 0.2675821
vt 0.3017161 0.247936
vt 0.3011075 0.2474075
vt 0.3093593 0.2341642
vt 0.3097848 0.2346051
vt 0.2980291 0.2687826
vt 0.310648 0.2350492
vt 0.3028513 0.2484035
vt 0.2997383 0.2691164
vt 0.3196321 0.2272101
vt 0.3205983 0.2275816
vt 0.3188815 0.2268173
vt 0.3270407 0.223122
vt 0.328013 0.2233776
vt 0.3117606 0.2354394
vt 0.3014815 0.2692239
vt 0.3042721 0.2487627
vt 0.3057389 0.2489672
vt 0.3070101 0.2489697
vt 0.3129304 0.235721
vt 0.3029715 0.2690676
vt 0.3291802 0.2236239
vt 0.3348016 0.2217919
vt 0.3015075 0.2931258
vt 0.3026576 0.2922021
vt 0.3039193 0.2686118
vt 0.3038102 0.3162983
vt 0.307845 0.2487231
vt 0.3146834 0.2357314
vt 0.3139679 0.2358367
vt 0.3032739 0.2909502
vt 0.3044585 0.2679518
vt 0.30459 0.3138352
vt 0.3074757 0.3361173
vt 0.3213417 0.2279386
vt 0.3220049 0.2281541
vt 0.3292781 0.2244078
vt 0.3292569 0.224075
vt 0.3357285 0.2224665
vt 0.3142516 0.3438204
vt 0.3082888 0.3327453
vt 0.3085852 0.3305086
vt 0.3144352 0.3415903
vt 0.3219012 0.3471515
vt 0.3362927 0.2219092
vt 0.3407232 0.2207813
vt 0.3398086 0.2214505
vt 0.3390088 0.2206957
vt 0.3968816 0.8670814
vt 0.4067697 0.8671386
vt 0.4067869 0.8658217
vt 0.3968989 0.8657644
vt 0.3875341 0.8670281
vt 0.4068052 0.8642356
vt 0.3875969 0.8657135
vt 0.3969168 0.8641785
vt 0.3969351 0.8623437
vt 0.4068228 0.8624007
vt 0.3969534 0.8602968
vt 0.4068414 0.8603541
vt 0.3876379 0.8623099
vt 0.3876172 0.8641355
vt 0.3794956 0.8641209
vt 0.3794683 0.8656754
vt 0.3969534 0.8602968
vt 0.4068414 0.8603541
vt 0.4068604 0.8581324
vt 0.396972 0.8580751
vt 0.3876576 0.8602737
vt 0.3969351 0.8623437
vt 0.4068777 0.8557727
vt 0.3876379 0.8623099
vt 0.39699 0.8557156
vt 0.3876773 0.8580637
vt 0.3970072 0.8532552
vt 0.4068949 0.8533123
vt 0.3970228 0.8507374
vt 0.3877297 0.8507646
vt 0.4069108 0.8507947
vt 0.3970373 0.8482063
vt 0.3877135 0.8532689
vt 0.3877432 0.8482469
vt 0.3970493 0.8457054
vt 0.3796391 0.8484834
vt 0.379626 0.8509603
vt 0.3796095 0.8534243
vt 0.3795908 0.8558328
vt 0.3876956 0.8557163
vt 0.3795698 0.8581429
vt 0.3795467 0.8603185
vt 0.3795215 0.8623233
vt 0.3794956 0.8641209
vt 0.3876172 0.8641355
vt 0.3970228 0.8507374
vt 0.4069108 0.8507947
vt 0.4069253 0.8482635
vt 0.3970373 0.8482063
vt 0.4069377 0.8457626
vt 0.3970493 0.8457054
vt 0.3970607 0.8432788
vt 0.4069484 0.8433357
vt 0.3970694 0.8409648
vt 0.3877729 0.8410448
vt 0.4069577 0.8410218
vt 0.4069636 0.8388595
vt 0.3970759 0.8388021
vt 0.4069681 0.8368873
vt 0.3877656 0.8433461
vt 0.3877553 0.8457597
vt 0.3877432 0.8482469
vt 0.3796498 0.8460367
vt 0.3796391 0.8484834
vt 0.3796561 0.8436627
vt 0.3796595 0.8413996
vt 0.3796588 0.8392851
vt 0.3877781 0.8388943
vt 0.379655 0.8373573
vt 0.3970801 0.8368303
vt 0.3877801 0.8369334
vt 0.3877794 0.8352003
vt 0.3796478 0.8356541
vt 0.3970818 0.8350874
vt 0.4069695 0.8351445
vt 0.3877332 0.8337063
vt 0.3794649 0.8341483
vt 0.3970818 0.833597
vt 0.4069691 0.8336542
vt 0.612323 0.2624753
vt 0.6119146 0.2520543
vt 0.609745 0.252273
vt 0.6100802 0.2627088
vt 0.6076236 0.252748
vt 0.6078876 0.2632221
vt 0.6057848 0.2640142
vt 0.6055878 0.2534781
vt 0.6038043 0.2650638
vt 0.6036705 0.2544452
vt 0.601903 0.2556293
vt 0.6019793 0.2663513
vt 0.6003173 0.2570125
vt 0.6003431 0.2678567
vt 0.5989281 0.2695592
vt 0.598945 0.2585765
vt 0.5989394 0.2402987
vt 0.6002398 0.2389663
vt 0.09223709 0.3534411
vt 0.08313833 0.3534824
vt 0.08314119 0.3555265
vt 0.09224027 0.3554859
vt 0.1008401 0.3516238
vt 0.08314596 0.357698
vt 0.1009639 0.3538997
vt 0.09224503 0.357657
vt 0.1089377 0.3492243
vt 0.1084489 0.3462541
vt 0.09225202 0.3599215
vt 0.08315231 0.3599625
vt 0.09226091 0.3622385
vt 0.1010189 0.3620457
vt 0.08316183 0.3622794
vt 0.08317263 0.3646078
vt 0.09227203 0.3645672
vt 0.08318534 0.3669098
vt 0.1010643 0.3592673
vt 0.1010722 0.3564625
vt 0.1093528 0.3529606
vt 0.1172332 0.344424
vt 0.1152304 0.3384835
vt 0.1093023 0.3573861
vt 0.0922841 0.3668692
vt 0.1010112 0.3645284
vt 0.09229839 0.3691026
vt 0.083199 0.3691432
vt 0.09231331 0.3712318
vt 0.1010379 0.3690632
vt 0.1010529 0.3711924
vt 0.1090575 0.369027
vt 0.1010236 0.3668298
vt 0.1090438 0.3667936
vt 0.1159844 0.3667625
vt 0.1159987 0.3689958
vt 0.1215006 0.3689717
vt 0.1090311 0.3644922
vt 0.1090934 0.3615483
vt 0.115972 0.3644611
vt 0.1163865 0.3552232
vt 0.1160695 0.3609836
vt 0.1215333 0.3605904
vt 0.1214736 0.3644363
vt 0.1256987 0.3604316
vt 0.1217353 0.3537235
vt 0.121486 0.3667377
vt 0.1256882 0.3643956
vt 0.1257149 0.3688828
vt 0.1257292 0.3709904
vt 0.1257006 0.3666703
vt 0.1287931 0.3686617
vt 0.1288077 0.370702
vt 0.1287804 0.3665109
vt 0.128768 0.3643156
vt 0.1308753 0.3662098
vt 0.1308877 0.3682374
vt 0.1321499 0.3675399
vt 0.1309004 0.3701437
vt 0.1321597 0.3692232
vt 0.1309147 0.3718168
vt 0.1288223 0.3725651
vt 0.1308639 0.3641746
vt 0.1321293 0.3639497
vt 0.1321445 0.3615884
vt 0.1287804 0.3605717
vt 0.1308912 0.3609706
vt 0.1309954 0.3554366
vt 0.1288404 0.3537734
vt 0.1312501 0.3447003
vt 0.1257524 0.3531518
vt 0.1287938 0.3412295
vt 0.1221952 0.3411921
vt 0.1258381 0.3403406
vt 0.125942 0.3197826
vt 0.128486 0.3202492
vt 0.1252658 0.2955049
vt 0.1230264 0.320354
vt 0.1303843 0.3203101
vt 0.1313587 0.3185233
vt 0.1298841 0.2939892
vt 0.1273267 0.2953889
vt 0.1289684 0.2949967
vt 0.1261157 0.2707101
vt 0.1269027 0.2700793
vt 0.1247218 0.2712062
vt 0.1210426 0.2504237
vt 0.1216588 0.2499384
vt 0.1133985 0.2367133
vt 0.1199021 0.2508658
vt 0.123008 0.2715314
vt 0.1120969 0.2375327
vt 0.1129656 0.2371131
vt 0.1031001 0.229706
vt 0.1021308 0.2300699
vt 0.1038554 0.229336
vt 0.09568278 0.2256498
vt 0.09470551 0.2258845
vt 0.1109815 0.2379154
vt 0.1184773 0.2512174
vt 0.117009 0.2514308
vt 0.121263 0.2716486
vt 0.1157389 0.2514597
vt 0.1098105 0.2382057
vt 0.1230947 0.2956821
vt 0.09353546 0.226124
vt 0.08790718 0.2243175
vt 0.1197741 0.2715206
vt 0.1204474 0.3204871
vt 0.1212278 0.2955296
vt 0.118914 0.3187047
vt 0.1200822 0.2946568
vt 0.1194762 0.2934747
vt 0.1181454 0.3163198
vt 0.1188314 0.2711109
vt 0.1144294 0.3351969
vt 0.1141477 0.3330604
vt 0.1082806 0.3441261
vt 0.1149084 0.2512564
vt 0.1080637 0.2382832
vt 0.1087738 0.2383471
vt 0.101387 0.2304355
vt 0.1007257 0.2306756
vt 0.09344113 0.226938
vt 0.09345955 0.2265833
vt 0.0869785 0.2249933
vt 0.08641221 0.2244293
vt 0.08197876 0.2233373
vt 0.08369669 0.2232544
vt 0.08289568 0.2240107
vt 0.07957703 0.2227044
vt 0.08064926 0.2234609
vt 0.3880461 0.6693875
vt 0.389857 0.6660872
vt 0.3885859 0.6661027
vt 0.3893335 0.6693705
vt 0.392419 0.6638387
vt 0.3909289 0.6638546
vt 0.3913874 0.6660699
vt 0.3949524 0.6660353
vt 0.397047 0.6660183
vt 0.3975794 0.6637909
vt 0.3956152 0.6638068
vt 0.4200071 0.665916
vt 0.4189281 0.6636953
vt 0.4175479 0.6636956
vt 0.4185773 0.6659153
vt 0.4159273 0.6636984
vt 0.4169023 0.6659173
vt 0.4150815 0.6659211
vt 0.41428 0.6637011
vt 0.4130936 0.6659268
vt 0.4124952 0.6637065
vt 0.4104612 0.6637143
vt 0.4115114 0.6623822
vt 0.4109167 0.6659353
vt 0.4082981 0.6637245
vt 0.4086218 0.6659461
vt 0.4062801 0.665958
vt 0.4061266 0.663735
vt 0.405885 0.6624086
vt 0.4039229 0.6659706
vt 0.4040408 0.6624181
vt 0.4039622 0.6637461
vt 0.4018195 0.6637607
vt 0.2939372 0.3681905
vt 0.2918634 0.3657113
vt 0.2918599 0.3675492
vt 0.2939394 0.3662308
vt 0.2918682 0.3637338
vt 0.2939451 0.3641393
vt 0.2913964 0.3160666
vt 0.2914919 0.3422877
vt 0.2923601 0.3179185
vt 0.2907482 0.3364828
vt 0.498631 0.2717711
vt 0.4991267 0.2970518
vt 0.4994489 0.2730469
vt 0.498204 0.2946973
vt 0.4981554 0.3170201
vt 0.4970969 0.2930804
vt 0.4972466 0.3139388
vt 0.496087 0.3120602
vt 0.4947945 0.3107816
vt 0.495537 0.325778
vt 0.4944218 0.3242179
vt 0.4961599 0.3283244
vt 0.4991829 0.3226977
vt 0.4938625 0.3305691
vt 0.4965475 0.3316463
vt 0.4934789 0.3336017
vt 0.4969576 0.3355312
vt 0.4991246 0.3332092
vt 0.4970841 0.3390673
vt 0.4924334 0.3314081
vt 0.4931484 0.3230666
vt 0.4904526 0.3354868
vt 0.4942314 0.3378686
vt 0.4951904 0.3393308
vt 0.4934147 0.3357631
vt 0.4896861 0.3377371
vt 0.483509 0.3391231
vt 0.4913405 0.3394455
vt 0.4881659 0.3348345
vt 0.4966213 0.3413424
vt 0.4986381 0.3417287
vt 0.498049 0.3436733
vt 0.4940928 0.340638
vt 0.4959748 0.3430216
vt 0.4895512 0.3410119
vt 0.4909294 0.3304948
vt 0.4901292 0.3289321
vt 0.4955497 0.3447706
vt 0.4974255 0.3456074
vt 0.4931264 0.3421296
vt 0.4930712 0.3439065
vt 0.4949445 0.3463692
vt 0.4965775 0.3474051
vt 0.4953144 0.3489395
vt 0.4901298 0.343318
vt 0.4933664 0.345369
vt 0.4937573 0.3475994
vt 0.4938318 0.3503294
vt 0.4919181 0.3457265
vt 0.4877973 0.3437797
vt 0.4923578 0.3487308
vt 0.4871453 0.3460666
vt 0.4848943 0.3453001
vt 0.4831862 0.3469546
vt 0.490335 0.3465351
vt 0.489399 0.3480465
vt 0.4911151 0.3500324
vt 0.4923249 0.3516924
vt 0.4889237 0.3494604
vt 0.4897915 0.3511145
vt 0.4906916 0.352825
vt 0.48749 0.3490461
vt 0.4881483 0.3515864
vt 0.4888307 0.3535226
vt 0.486852 0.3539849
vt 0.4863708 0.351866
vt 0.4846438 0.3523723
vt 0.485715 0.348955
vt 0.4841487 0.3497955
vt 0.4830309 0.3507824
vt 0.4829565 0.3526477
vt 0.4812978 0.3522344
vt 0.4809242 0.3542497
vt 0.4789792 0.3536606
vt 0.4819957 0.3497069
vt 0.4796182 0.3515882
vt 0.4816199 0.3451653
vt 0.4778696 0.3511631
vt 0.4770451 0.3530368
vt 0.480504 0.3487404
vt 0.4787275 0.3486856
vt 0.4762706 0.3505576
vt 0.4752478 0.3521891
vt 0.4737134 0.350926
vt 0.4793138 0.3457441
vt 0.4772665 0.3489804
vt 0.4750407 0.3493708
vt 0.4723234 0.3494433
vt 0.4769072 0.3475322
vt 0.4739093 0.3479709
vt 0.4726077 0.3467285
vt 0.4788521 0.3434117
vt 0.4760986 0.3459491
vt 0.4745874 0.3450131
vt 0.4731751 0.3445377
vt 0.4715257 0.345405
vt 0.4710538 0.3437617
vt 0.4765652 0.3427593
vt 0.4735878 0.3431044
vt 0.4707741 0.3419842
vt 0.4773316 0.3405087
vt 0.4736789 0.3413291
vt 0.4728384 0.3397627
vt 0.4702681 0.3402572
vt 0.4756775 0.3388006
vt 0.4774665 0.3372343
vt 0.4768879 0.3349281
vt 0.4718543 0.33837
vt 0.469994 0.3379517
vt 0.4729283 0.3369915
vt 0.4704107 0.3344379
vt 0.4684574 0.3319464
vt 0.4711375 0.3306002
vt 0.469263 0.3214656
vt 0.4739149 0.3349604
vt 0.4740281 0.3328009
vt 0.4717948 0.3273214
vt 0.4707425 0.3158909
vt 0.4738954 0.3297469
vt 0.4726223 0.3248345
vt 0.47525 0.3307003
vt 0.4738616 0.3233711
vt 0.4792204 0.3344659
vt 0.4718965 0.3128949
vt 0.4732055 0.311118
vt 0.4745992 0.3099498
vt 0.4725321 0.29364
vt 0.4714271 0.2959114
vt 0.4752255 0.3223284
vt 0.4737658 0.2921198
vt 0.473993 0.2707569
vt 0.473084 0.2719612
vt 0.4768241 0.329914
vt 0.4777502 0.3284221
vt 0.4764282 0.321104
vt 0.4798728 0.3321795
vt 0.4783086 0.3256546
vt 0.4750928 0.2697099
vt 0.4751204 0.2910179
vt 0.4760068 0.3087793
vt 0.4777086 0.3200864
vt 0.4765872 0.2900034
vt 0.4796368 0.3274513
vt 0.4821237 0.332946
vt 0.479306 0.319666
vt 0.4775319 0.3078085
vt 0.4792787 0.3072393
vt 0.481139 0.3068685
vt 0.4781905 0.2891642
vt 0.479359 0.267338
vt 0.4799537 0.2885872
vt 0.4810364 0.319423
vt 0.4814001 0.3275518
vt 0.4829544 0.3267165
vt 0.4777924 0.2679975
vt 0.4827147 0.3189377
vt 0.4838315 0.3312913
vt 0.4763652 0.2687978
vt 0.4779111 0.2465552
vt 0.4792452 0.2459841
vt 0.4767373 0.2472228
vt 0.4841167 0.3243837
vt 0.4793345 0.2275546
vt 0.4805692 0.2271838
vt 0.4782503 0.2279924
vt 0.4757436 0.24793
vt 0.4749498 0.2486202
vt 0.4773335 0.2284695
vt 0.4766018 0.2289585
vt 0.4783114 0.2156838
vt 0.4807136 0.2455163
vt 0.4819296 0.2268843
vt 0.4833912 0.2266604
vt 0.4822896 0.2451594
vt 0.4849297 0.2265169
vt 0.4810503 0.2668476
vt 0.4839468 0.2449207
vt 0.4856589 0.2448069
vt 0.4818155 0.2881984
vt 0.48283 0.2665152
vt 0.4846621 0.2663288
vt 0.4865165 0.2663105
vt 0.4837155 0.2879249
vt 0.4830043 0.3064943
vt 0.4873961 0.2448171
vt 0.4865202 0.2264583
vt 0.4881352 0.2264834
vt 0.4897469 0.2265913
vt 0.489128 0.2449498
vt 0.4856279 0.2878557
vt 0.484353 0.318668
vt 0.4913272 0.2267804
vt 0.4901412 0.2145099
vt 0.4848627 0.3063442
vt 0.4867028 0.3066462
vt 0.4875285 0.2880815
vt 0.4885312 0.307173
vt 0.485964 0.3190714
vt 0.4883625 0.2664814
vt 0.4850828 0.3268043
vt 0.4908249 0.2452037
vt 0.489399 0.2885106
vt 0.4875967 0.319693
vt 0.4853978 0.3330809
vt 0.4901729 0.2668175
vt 0.4919191 0.2672956
vt 0.4924564 0.2455783
vt 0.4935639 0.2679231
vt 0.4912224 0.289051
vt 0.4928477 0.2270502
vt 0.4931056 0.2148603
vt 0.4939967 0.2460635
vt 0.4942847 0.227393
vt 0.4956145 0.2278032
vt 0.4954208 0.2466498
vt 0.4968129 0.2282745
vt 0.4903542 0.3076951
vt 0.492932 0.2897709
vt 0.4893007 0.3200778
vt 0.4950701 0.2687091
vt 0.4967022 0.2473288
vt 0.4944605 0.2907392
vt 0.4978158 0.2480906
vt 0.4978562 0.2287994
vt 0.498751 0.2488775
vt 0.498733 0.2293504
vt 0.499434 0.2298989
vt 0.4987466 0.216525
vt 0.4994191 0.216946
vt 0.4994976 0.2496309
vt 0.497618 0.2706376
vt 0.4964259 0.2696237
vt 0.4958384 0.2918712
vt 0.4934879 0.3094989
vt 0.4920505 0.3217474
vt 0.4920481 0.3084064
vt 0.4908584 0.3206281
vt 0.4898008 0.326128
vt 0.487704 0.332502
vt 0.4883287 0.3278094
vt 0.486563 0.3277642
vt 0.5979001 0.2193715
vt 0.5978414 0.2420521
vt 0.5989394 0.2402987
vt 0.5989183 0.218216
vt 0.6002398 0.2389663
vt 0.5988901 0.1958179
vt 0.5979453 0.1965785
vt 0.6001326 0.2171623
vt 0.6000183 0.195046
vt 0.6015325 0.2162267
vt 0.6017408 0.237786
vt 0.6030899 0.2154224
vt 0.6003173 0.2570125
vt 0.601903 0.2556293
vt 0.6034132 0.2367737
vt 0.6036705 0.2544452
vt 0.6055878 0.2534781
vt 0.6052256 0.2359462
vt 0.6076236 0.252748
vt 0.601317 0.1943577
vt 0.5999196 0.1760617
vt 0.6027597 0.1937633
vt 0.6011339 0.1755844
vt 0.5988627 0.1765942
vt 0.6047767 0.2147617
vt 0.6071486 0.2353182
vt 0.6043208 0.1932719
vt 0.6091518 0.2349063
vt 0.609745 0.252273
vt 0.6111996 0.2347125
vt 0.6103274 0.2137583
vt 0.6119146 0.2520543
vt 0.6084257 0.2139232
vt 0.6065646 0.2142578
vt 0.6059743 0.1928927
vt 0.6054785 0.174548
vt 0.6076934 0.1926354
vt 0.6039375 0.174821
vt 0.6140949 0.2520939
vt 0.612323 0.2624753
vt 0.6145775 0.2625237
vt 0.6162489 0.252393
vt 0.616805 0.2628548
vt 0.6189658 0.2634709
vt 0.6132564 0.2347376
vt 0.6024813 0.1751685
vt 0.6023126 0.1630104
vt 0.6037063 0.1627544
vt 0.6010223 0.1633123
vt 0.5998583 0.1636554
vt 0.5988439 0.1640346
vt 0.60518 0.1625489
vt 0.6067101 0.1623994
vt 0.6070795 0.1743564
vt 0.5979922 0.1643859
vt 0.6094484 0.1925006
vt 0.6087126 0.174247
vt 0.6103491 0.1742216
vt 0.6112087 0.1924905
vt 0.6119611 0.174281
vt 0.5979761 0.1771057
vt 0.5972739 0.1775216
vt 0.5973154 0.164646
vt 0.5971979 0.1972326
vt 0.612236 0.2137661
vt 0.6129435 0.1926055
vt 0.6152866 0.234983
vt 0.6141185 0.2139468
vt 0.6159422 0.2143024
vt 0.6172549 0.2354504
vt 0.6176783 0.2148217
vt 0.6146227 0.1928478
vt 0.6183375 0.2529535
vt 0.6210262 0.2643547
vt 0.6191298 0.2361265
vt 0.6203281 0.253759
vt 0.6221873 0.2547942
vt 0.6229507 0.2654879
vt 0.6238816 0.2560424
vt 0.6247057 0.2668533
vt 0.6262558 0.2684339
vt 0.625378 0.2574879
vt 0.6208797 0.2369977
vt 0.6238794 0.239272
vt 0.6251236 0.2409283
vt 0.6231829 0.2183304
vt 0.6224735 0.2380505
vt 0.6220679 0.2172631
vt 0.619297 0.2154953
vt 0.6202489 0.1949379
vt 0.6212586 0.1956184
vt 0.6207701 0.2163125
vt 0.6190594 0.1942615
vt 0.6176299 0.1753325
vt 0.6177076 0.1936828
vt 0.6162196 0.1932091
vt 0.6187292 0.1757761
vt 0.6163793 0.1749567
vt 0.6135197 0.1744264
vt 0.615001 0.1746529
vt 0.6142677 0.1625181
vt 0.6155803 0.1627129
vt 0.6128568 0.1623777
vt 0.6113701 0.1622941
vt 0.6098323 0.1622709
vt 0.6167707 0.1629589
vt 0.617815 0.1632533
vt 0.6186994 0.1635332
vt 0.6196607 0.1762128
vt 0.6204101 0.1765687
vt 0.6194088 0.1637358
vt 0.622072 0.1962084
vt 0.30459 0.3138352
vt 0.3085852 0.3305086
vt 0.3048893 0.312066
vt 0.3082888 0.3327453
vt 0.3074757 0.3361173
vt 0.3038102 0.3162983
vt 0.08804365 0.8283281
vt 0.08748136 0.8197959
vt 0.08692378 0.8190439
vt 0.08876535 0.828989
vt 0.08824072 0.8202838
vt 0.08918741 0.8205862
vt 0.08968075 0.8293804
vt 0.09030526 0.8207816
vt 0.08829453 0.8363354
vt 0.08783178 0.835279
vt 0.08752205 0.8275657
vt 0.09076902 0.8296212
vt 0.09201029 0.8298311
vt 0.0915795 0.8209521
vt 0.09338003 0.8300049
vt 0.09298455 0.8210927
vt 0.09449486 0.8212033
vt 0.09093044 0.8384914
vt 0.08985227 0.8382096
vt 0.09094355 0.8458577
vt 0.09216062 0.8387372
vt 0.08896175 0.8375911
vt 0.09485302 0.8301424
vt 0.09608623 0.821281
vt 0.08986571 0.8455436
vt 0.09351792 0.8389417
vt 0.09497879 0.8391028
vt 0.09217306 0.8461314
vt 0.08834935 0.8427345
vt 0.08898562 0.8446746
vt 0.08899336 0.8488238
vt 0.08799556 0.8402778
vt 0.08755468 0.8352596
vt 0.08720694 0.8268656
vt 0.08832345 0.8464452
vt 0.08785163 0.8421221
vt 0.08988455 0.8498529
vt 0.08899874 0.8499592
vt 0.08990069 0.8510478
vt 0.09096172 0.8501865
vt 0.09097819 0.8513874
vt 0.0922077 0.8516837
vt 0.09219122 0.8504771
vt 0.09356433 0.8519302
vt 0.09354819 0.8507189
vt 0.09353002 0.8463594
vt 0.09499057 0.8465397
vt 0.09652947 0.8466678
vt 0.09500805 0.8509102
vt 0.09502453 0.8521259
vt 0.09654696 0.8510467
vt 0.09656344 0.8522648
vt 0.09815648 0.8523445
vt 0.09814 0.8511245
vt 0.09977576 0.8523651
vt 0.0965177 0.8392168
vt 0.09640537 0.8302393
vt 0.09801187 0.8302938
vt 0.09773241 0.8213233
vt 0.0996446 0.8303052
vt 0.09811108 0.8392814
vt 0.09812251 0.8467408
vt 0.09975962 0.851144
vt 0.09973036 0.8392968
vt 0.1013772 0.8511056
vt 0.1013934 0.8523257
vt 0.09974213 0.846759
vt 0.1013597 0.8467219
vt 0.1029474 0.8466298
vt 0.1029649 0.8510088
vt 0.102981 0.8522265
vt 0.101348 0.8392622
vt 0.1044947 0.8508537
vt 0.1045112 0.8520688
vt 0.1059589 0.8518566
vt 0.1059428 0.8506452
vt 0.1044772 0.8464829
vt 0.1072846 0.8503863
vt 0.1073008 0.8515929
vt 0.1084956 0.8500823
vt 0.1084775 0.8457537
vt 0.1085121 0.8512835
vt 0.1095691 0.8509308
vt 0.1095526 0.8497359
vt 0.1104465 0.8498304
vt 0.1072665 0.846041
vt 0.1104206 0.8486961
vt 0.111066 0.8463093
vt 0.1059246 0.8462855
vt 0.1059125 0.8388674
vt 0.1072537 0.8386468
vt 0.1058752 0.8299309
vt 0.1044651 0.8390459
vt 0.1029356 0.8391784
vt 0.1095341 0.8454266
vt 0.1110105 0.8425989
vt 0.1113505 0.8401393
vt 0.1044167 0.8300856
vt 0.101275 0.8302743
vt 0.1103927 0.8445468
vt 0.1110371 0.8361992
vt 0.111487 0.8351378
vt 0.1103893 0.8374623
vt 0.1103977 0.8288594
vt 0.1110942 0.8281909
vt 0.1115943 0.8274218
vt 0.1111309 0.8196546
vt 0.1104065 0.8201517
vt 0.1094948 0.8204644
vt 0.1095207 0.8380922
vt 0.1095089 0.8292614
vt 0.1084089 0.8206736
vt 0.1084647 0.8383875
vt 0.1084455 0.8295162
vt 0.1072261 0.8297399
vt 0.1071629 0.8208593
vt 0.1057817 0.8210167
vt 0.1042899 0.8211448
vt 0.1027123 0.8212413
vt 0.1028751 0.830201
vt 0.1010745 0.8213035
vt 0.09940482 0.8213301
vt 0.100679 0.8138945
vt 0.09893098 0.8139194
vt 0.0971792 0.8139157
vt 0.09545365 0.8138857
vt 0.2785929 0.6948501
vt 0.2775145 0.7038678
vt 0.2785255 0.7038394
vt 0.2795529 0.6947479
vt 0.2791642 0.6843251
vt 0.2797214 0.7036862
vt 0.277826 0.6947312
vt 0.2767074 0.703623
vt 0.2784311 0.6845699
vt 0.2772701 0.6942652
vt 0.2779036 0.6844585
vt 0.2787136 0.6751205
vt 0.278237 0.675661
vt 0.2784123 0.6699166
vt 0.2787826 0.6674834
vt 0.2787495 0.6627585
vt 0.279436 0.6603143
vt 0.2793967 0.6740412
vt 0.279438 0.6655278
vt 0.2803355 0.6646498
vt 0.2803037 0.6734781
vt 0.2814309 0.6643298
vt 0.2803437 0.6592593
vt 0.2794189 0.6583239
vt 0.2803362 0.6572172
vt 0.2814391 0.6589201
vt 0.2814312 0.6568719
vt 0.2826808 0.6565707
vt 0.282689 0.6586251
vt 0.2840603 0.6563201
vt 0.2800944 0.6840698
vt 0.2813998 0.6731908
vt 0.2806893 0.6945486
vt 0.2812008 0.6838239
vt 0.2819847 0.6943766
vt 0.2810828 0.7035546
vt 0.2824627 0.6836113
vt 0.2838549 0.6834338
vt 0.2834131 0.6942331
vt 0.2825827 0.7034452
vt 0.2841944 0.7033604
vt 0.2826504 0.672942
vt 0.2849489 0.6941209
vt 0.2858905 0.7033016
vt 0.2826812 0.6640522
vt 0.2840303 0.6727341
vt 0.2840686 0.6583793
vt 0.2840607 0.6638204
vt 0.2855527 0.6581847
vt 0.2855448 0.6561211
vt 0.2855452 0.6636372
vt 0.2871096 0.6635069
vt 0.2871172 0.6580459
vt 0.287109 0.6559799
vt 0.2887288 0.6558989
vt 0.2855151 0.6725703
vt 0.2887367 0.6579666
vt 0.290375 0.655878
vt 0.2853527 0.683294
vt 0.2870799 0.6724538
vt 0.2865664 0.6940423
vt 0.2869305 0.6831955
vt 0.2882399 0.6939992
vt 0.2876447 0.7032709
vt 0.288564 0.6831402
vt 0.2902235 0.6831292
vt 0.2899405 0.6939909
vt 0.2894256 0.7032685
vt 0.2912027 0.7032924
vt 0.2916376 0.694019
vt 0.2886994 0.6723881
vt 0.2887295 0.6634327
vt 0.2903459 0.6723724
vt 0.2903832 0.6579471
vt 0.2903757 0.6634142
vt 0.2920277 0.6579865
vt 0.2920195 0.655918
vt 0.2920202 0.6634522
vt 0.2936342 0.6635455
vt 0.2936417 0.6580846
vt 0.2936336 0.6560189
vt 0.2951891 0.6561792
vt 0.2919904 0.6724073
vt 0.295197 0.6582422
vt 0.296661 0.656395
vt 0.2918814 0.6831607
vt 0.2936041 0.6724924
vt 0.2933029 0.6940819
vt 0.292945 0.7033433
vt 0.2949064 0.6941804
vt 0.2935081 0.6832348
vt 0.2950753 0.6833518
vt 0.2965577 0.6835094
vt 0.2951594 0.6726274
vt 0.2951895 0.6636946
vt 0.296423 0.6943107
vt 0.2946219 0.7034226
vt 0.2962066 0.7035266
vt 0.297673 0.7036534
vt 0.2978271 0.694471
vt 0.2989943 0.7038018
vt 0.2966692 0.6584541
vt 0.2966309 0.672809
vt 0.2980329 0.6587174
vt 0.2980254 0.656663
vt 0.2966613 0.6638953
vt 0.2980254 0.6641442
vt 0.2992566 0.6644362
vt 0.2992644 0.6590264
vt 0.2992566 0.6569775
vt 0.3003311 0.6573362
vt 0.2979943 0.6730336
vt 0.300339 0.6593783
vt 0.3012228 0.6584548
vt 0.2979314 0.6837039
vt 0.2992251 0.6732972
vt 0.2990942 0.694659
vt 0.2991711 0.6839313
vt 0.3001978 0.694872
vt 0.3001444 0.7039689
vt 0.3002518 0.6841897
vt 0.3011561 0.6844571
vt 0.3011267 0.6949852
vt 0.301112 0.7040086
vt 0.3018683 0.694874
vt 0.3018652 0.6847097
vt 0.300299 0.673597
vt 0.3003304 0.6647688
vt 0.30118 0.6741714
vt 0.3012193 0.660445
vt 0.3018337 0.6752589
vt 0.3012009 0.6656581
vt 0.30182 0.6676208
vt 0.3018696 0.662897
vt 0.3019062 0.6610481
vt 0.3021558 0.6700588
vt 0.3023106 0.6674345
vt 0.3022857 0.6758046
vt 0.3023759 0.6846045
vt 0.3024108 0.6944153
vt 0.3025623 0.6747561
vt 0.3021558 0.6700588
vt 0.3022857 0.6758046
vt 0.3023106 0.6674345
vt 0.4715257 0.345405
vt 0.4698279 0.3463035
vt 0.4709601 0.3479368
vt 0.4726077 0.3467285
vt 0.4723234 0.3494433
vt 0.4710538 0.3437617
vt 0.4691305 0.3444425
vt 0.4707741 0.3419842
vt 0.4686683 0.3424635
vt 0.4702681 0.3402572
vt 0.2906157 0.3590244
vt 0.2918434 0.3585708
vt 0.291741 0.353035
vt 0.2918735 0.3617456
vt 0.1110942 0.8281909
vt 0.1115943 0.8274218
vt 0.1116538 0.8188956
vt 0.1111309 0.8196546
vt 0.8125352 0.1651023
vt 0.811747 0.1624373
vt 0.8107914 0.1626538
vt 0.8113216 0.159691
vt 0.8116157 0.1654417
vt 0.8088762 0.1630843
vt 0.8136634 0.1676435
vt 0.8103459 0.1597805
vt 0.8112564 0.1569112
vt 0.812796 0.1681007
vt 0.8097733 0.1661185
vt 0.8143091 0.1705851
vt 0.8151098 0.1700184
vt 0.8161313 0.1728508
vt 0.8146877 0.1741818
vt 0.8168515 0.1721843
vt 0.8188667 0.1740979
vt 0.8182395 0.174853
vt 0.8211144 0.1757348
vt 0.8127046 0.1717161
vt 0.811058 0.1690121
vt 0.8081601 0.1705305
vt 0.8067018 0.1672458
vt 0.8046623 0.1723649
vt 0.8100296 0.1735997
vt 0.820591 0.1765654
vt 0.8169822 0.1763611
vt 0.8231437 0.1779603
vt 0.8235542 0.1770682
vt 0.8258548 0.1790117
vt 0.8252696 0.1808863
vt 0.8261452 0.1780732
vt 0.8288476 0.1787229
vt 0.8286817 0.1796917
vt 0.8316124 0.1790161
vt 0.8223193 0.1797429
vt 0.8195414 0.1782245
vt 0.8177906 0.1809886
vt 0.8148855 0.1788732
vt 0.8156781 0.1843273
vt 0.8209444 0.1827123
vt 0.8122807 0.1763992
vt 0.812355 0.1819075
vt 0.8068004 0.1758758
vt 0.8093759 0.1790775
vt 0.8064371 0.1817918
vt 0.8097957 0.184982
vt 0.8035341 0.1781824
vt 0.8039305 0.1841159
vt 0.807613 0.1876139
vt 0.8007472 0.1801577
vt 0.8135421 0.1877097
vt 0.8117211 0.1906052
vt 0.8161802 0.1930422
vt 0.8011236 0.1742239
vt 0.798104 0.1758178
vt 0.7960417 0.1711731
vt 0.8176085 0.1899321
vt 0.820916 0.1948784
vt 0.7992431 0.1699884
vt 0.7946016 0.1663026
vt 0.8192853 0.1862989
vt 0.8219275 0.1916064
vt 0.8029942 0.1686076
vt 0.7979296 0.1655465
vt 0.8242937 0.1840104
vt 0.8056835 0.163801
vt 0.8264309 0.19269
vt 0.8258548 0.1960661
vt 0.8231165 0.1877843
vt 0.8271115 0.1887449
vt 0.8311994 0.1891788
vt 0.8310394 0.1931788
vt 0.8309078 0.1966023
vt 0.8359882 0.1964835
vt 0.8277862 0.184851
vt 0.8356726 0.1930705
vt 0.8410075 0.1957056
vt 0.8283464 0.1816268
vt 0.83136 0.1852303
vt 0.831574 0.1799986
vt 0.8314942 0.1819609
vt 0.8344823 0.1799306
vt 0.8343925 0.1789512
vt 0.8346592 0.1818866
vt 0.8377864 0.1814019
vt 0.8373556 0.1794852
vt 0.8371385 0.1785255
vt 0.8398038 0.1777373
vt 0.8349533 0.1851461
vt 0.8401442 0.1786605
vt 0.842345 0.1766091
vt 0.8353088 0.1890827
vt 0.8385028 0.1845959
vt 0.8402498 0.1923609
vt 0.8393697 0.1884533
vt 0.8446918 0.1910475
vt 0.8458786 0.1942655
vt 0.8433101 0.187288
vt 0.847067 0.1856199
vt 0.8489276 0.189167
vt 0.850523 0.1922031
vt 0.8548633 0.1895597
vt 0.8419479 0.1835769
vt 0.8528854 0.1867562
vt 0.8588214 0.1863763
vt 0.840821 0.1805045
vt 0.8452327 0.1821187
vt 0.8428026 0.1774799
vt 0.8437143 0.1792198
vt 0.8452869 0.1759668
vt 0.8447199 0.1751627
vt 0.8464179 0.1775732
vt 0.8488839 0.1755897
vt 0.8475527 0.1741447
vt 0.8468855 0.1734207
vt 0.8487997 0.1714058
vt 0.8483022 0.1802494
vt 0.8495551 0.1720364
vt 0.8504363 0.1691581
vt 0.8505782 0.1834814
vt 0.8511016 0.1779977
vt 0.8564952 0.1838529
vt 0.8537803 0.180906
vt 0.8596854 0.1804946
vt 0.8623195 0.1826932
vt 0.8566099 0.1779269
vt 0.8590298 0.1746035
vt 0.862413 0.1767482
vt 0.8653107 0.1785854
vt 0.867748 0.1741259
vt 0.8535756 0.1753932
vt 0.8646361 0.1726815
vt 0.8695843 0.1693902
vt 0.8510633 0.1732953
vt 0.8556911 0.1724878
vt 0.8512675 0.1696849
vt 0.8529269 0.1707361
vt 0.8526627 0.1671323
vt 0.8517697 0.166718
vt 0.854445 0.1679582
vt 0.8555887 0.1650075
vt 0.8537139 0.1644214
vt 0.8527744 0.1641267
vt 0.8534244 0.1614246
vt 0.8574144 0.1693344
vt 0.8543938 0.1615943
vt 0.8537182 0.1586595
vt 0.8610014 0.1709962
vt 0.8587132 0.165985
vt 0.8663101 0.1683621
vt 0.8624867 0.1671653
vt 0.8673937 0.1638587
vt 0.870772 0.1644514
vt 0.863448 0.1631704
vt 0.8638819 0.1590818
vt 0.8678831 0.1592502
vt 0.8713085 0.1593981
vt 0.8711897 0.154318
vt 0.8595532 0.1624919
vt 0.8677745 0.1546174
vt 0.8704121 0.1492984
vt 0.8563293 0.1619311
vt 0.8599328 0.1589181
vt 0.8547007 0.1587016
vt 0.8566633 0.158783
vt 0.8546331 0.1557933
vt 0.853653 0.1558797
vt 0.8565891 0.155618
vt 0.8561047 0.1524911
vt 0.8541877 0.15292
vt 0.8532276 0.1531333
vt 0.8524394 0.1504684
vt 0.8598486 0.1553251
vt 0.8533633 0.1501321
vt 0.8513112 0.1479269
vt 0.8637858 0.1549724
vt 0.8592986 0.1517753
vt 0.8670653 0.1500398
vt 0.8631564 0.1509119
vt 0.8657518 0.1455979
vt 0.8689716 0.1444279
vt 0.861991 0.1469715
vt 0.860323 0.1432142
vt 0.8638713 0.1413624
vt 0.8669096 0.1397829
vt 0.8642665 0.1354429
vt 0.8582799 0.1483305
vt 0.8614608 0.1374039
vt 0.8610834 0.1314848
vt 0.8552073 0.1494565
vt 0.8568214 0.1450458
vt 0.8521827 0.1474734
vt 0.8539225 0.1465629
vt 0.8506699 0.144989
vt 0.8498652 0.1455523
vt 0.8522763 0.1438593
vt 0.8502928 0.1413936
vt 0.8488474 0.142723
vt 0.8481231 0.1433864
vt 0.8461079 0.1414725
vt 0.8549525 0.1419762
vt 0.8467392 0.1407205
vt 0.8438603 0.1398359
vt 0.8581851 0.139703
vt 0.8527011 0.1391771
vt 0.8585578 0.1337945
vt 0.85561 0.1365013
vt 0.8551995 0.1306043
vt 0.8574004 0.1279864
vt 0.8526306 0.1336716
vt 0.8493075 0.1312518
vt 0.8514528 0.1278766
vt 0.8532925 0.1249954
vt 0.8488331 0.1225588
vt 0.8500966 0.1367031
vt 0.8473864 0.1256545
vt 0.8440973 0.1207226
vt 0.8479987 0.1392143
vt 0.8471909 0.1345877
vt 0.8443877 0.1390087
vt 0.8454394 0.1373509
vt 0.8418353 0.1376132
vt 0.8414205 0.1385025
vt 0.8426613 0.1358328
vt 0.8397112 0.134689
vt 0.8391242 0.1365624
vt 0.8388291 0.1374978
vt 0.836127 0.1368478
vt 0.8440374 0.132864
vt 0.8362973 0.1358824
vt 0.8333619 0.1365543
vt 0.8457002 0.1292805
vt 0.8406881 0.1315659
vt 0.8430673 0.1239799
vt 0.841869 0.1277952
vt 0.838564 0.1228966
vt 0.8391588 0.1195345
vt 0.8378741 0.1268342
vt 0.8337861 0.1264003
vt 0.8339555 0.1224075
vt 0.8341055 0.1189983
vt 0.8290254 0.1191175
vt 0.8371953 0.1307253
vt 0.8293226 0.1225161
vt 0.8240058 0.1198951
vt 0.8366345 0.1339489
vt 0.8336214 0.1303463
vt 0.8334047 0.1355755
vt 0.8334864 0.1336145
vt 0.8304967 0.1356435
vt 0.8305825 0.1366195
vt 0.8303214 0.1336887
vt 0.8271945 0.1341731
vt 0.8276234 0.1360886
vt 0.8278361 0.1370449
vt 0.8251708 0.1378334
vt 0.8300288 0.1304302
vt 0.8248349 0.1369133
vt 0.8226296 0.1389616
vt 0.8296764 0.1264964
vt 0.8264787 0.1309801
vt 0.8247451 0.1232254
vt 0.8256159 0.1271258
vt 0.8203028 0.1245391
vt 0.819135 0.1213355
vt 0.8216755 0.1282911
vt 0.8179185 0.1299595
vt 0.8160673 0.1264199
vt 0.8144906 0.1233978
vt 0.81015 0.1260413
vt 0.8230339 0.1319994
vt 0.8121095 0.1288304
vt 0.8061919 0.1292247
vt 0.8241599 0.1350711
vt 0.8197491 0.1334576
vt 0.8221762 0.1380939
vt 0.8212666 0.1363556
vt 0.8196918 0.139607
vt 0.8202547 0.1404076
vt 0.8185626 0.1380025
vt 0.816097 0.1399853
vt 0.817426 0.1414295
vt 0.8180891 0.1421497
vt 0.8161749 0.1441652
vt 0.8166796 0.1353272
vt 0.8154235 0.1435374
vt 0.8145387 0.1464126
vt 0.8144073 0.1320974
vt 0.8138805 0.1375783
vt 0.8084998 0.1317334
vt 0.8112053 0.1346728
vt 0.8053095 0.135092
vt 0.8026938 0.1329074
vt 0.8083753 0.1376519
vt 0.8059558 0.1409756
vt 0.8025818 0.1388384
vt 0.7997029 0.1370156
vt 0.7972656 0.1414747
vt 0.8114064 0.1401831
vt 0.8003591 0.1429048
vt 0.7954293 0.1462108
vt 0.8139173 0.1422797
vt 0.8092911 0.1430885
vt 0.8137115 0.1458889
vt 0.812054 0.1448393
vt 0.8123163 0.1484416
vt 0.8132049 0.1488527
vt 0.8105359 0.1476172
vt 0.8093918 0.1505675
vt 0.8112651 0.1511527
vt 0.8122 0.151444
vt 0.8115502 0.1541461
vt 0.8075674 0.1462419
vt 0.8105848 0.1539796
vt 0.8039842 0.1445829
vt 0.8102779 0.1568725
vt 0.8062686 0.1495916
vt 0.7986848 0.1472242
vt 0.8086516 0.1536442
vt 0.8083915 0.1599573
vt 0.8024989 0.1484141
vt 0.7976012 0.1517275
vt 0.7942413 0.1511493
vt 0.8015375 0.1524091
vt 0.8011037 0.156497
vt 0.8054283 0.1530841
vt 0.7971118 0.156336
vt 0.7937048 0.1562026
vt 0.7938237 0.161283
vt 0.7972203 0.1609692
vt 0.8050491 0.1566582
vt 0.8011997 0.1606067
vt 0.8083176 0.1567924
vt 0.8051333 0.1602512
vt 0.8018289 0.1646672
usemtl No Name SourceFiles
f 3/3/3 2/2/2 1/1/1
f 6/6/6 5/5/5 4/4/4
f 9/9/9 8/8/8 7/7/7
f 12/12/12 11/11/11 10/10/10
f 15/15/15 14/14/14 13/13/13
f 18/18/18 17/17/17 16/16/16
f 16/16/16 20/20/20 19/19/19
f 22/22/22 21/21/21 19/19/19
f 22/22/22 23/23/23 21/21/21
f 23/23/23 24/24/24 21/21/21
f 24/24/24 23/23/23 25/25/25
f 23/23/23 26/26/26 25/25/25
f 25/25/25 26/26/26 27/27/27
f 30/30/30 29/29/29 28/28/28
f 29/29/29 32/32/32 31/31/31
f 35/35/35 34/34/34 33/33/33
f 38/38/38 37/37/37 36/36/36
f 40/40/40 38/38/38 39/39/39
f 43/43/43 42/42/42 41/41/41
f 45/45/45 41/41/41 44/44/44
f 47/47/47 46/46/46 44/44/44
f 46/46/46 48/48/48 44/44/44
f 51/51/51 50/50/50 49/49/49
f 54/54/54 53/53/53 52/52/52
f 57/57/57 56/56/56 55/55/55
f 60/60/60 59/59/59 58/58/58
f 63/63/63 62/62/62 61/61/61
f 66/66/66 65/65/65 64/64/64
f 69/69/69 68/68/68 67/67/67
f 72/72/72 71/71/71 70/70/70
f 74/74/74 73/73/73 72/72/72
f 73/73/73 74/74/74 75/75/75
f 74/74/74 76/76/76 75/75/75
f 75/75/75 76/76/76 77/77/77
f 80/80/80 79/79/79 78/78/78
f 82/82/82 79/79/79 81/81/81
f 85/85/85 84/84/84 83/83/83
f 87/87/87 84/84/84 86/86/86
f 88/88/88 87/87/87 86/86/86
f 87/87/87 88/88/88 89/89/89
f 89/89/89 91/91/91 90/90/90
f 92/92/92 89/89/89 90/90/90
f 95/95/95 94/94/94 93/93/93
f 96/96/96 95/95/95 93/93/93
f 97/97/97 95/95/95 96/96/96
f 98/98/98 97/97/97 96/96/96
f 99/99/99 96/96/96 93/93/93
f 100/100/100 99/99/99 93/93/93
f 99/99/99 101/101/101 96/96/96
f 101/101/101 98/98/98 96/96/96
f 98/98/98 101/101/101 102/102/102
f 101/101/101 103/103/103 102/102/102
f 101/101/101 104/104/104 103/103/103
f 102/102/102 103/103/103 105/105/105
f 103/103/103 106/106/106 105/105/105
f 106/106/106 107/107/107 105/105/105
f 107/107/107 108/108/108 105/105/105
f 108/108/108 109/109/109 105/105/105
f 107/107/107 110/110/110 108/108/108
f 110/110/110 111/111/111 108/108/108
f 114/114/114 113/113/113 112/112/112
f 115/115/115 114/114/114 112/112/112
f 115/115/115 112/112/112 116/116/116
f 117/117/117 115/115/115 116/116/116
f 118/118/118 117/117/117 116/116/116
f 118/118/118 119/119/119 117/117/117
f 119/119/119 120/120/120 117/117/117
f 121/121/121 119/119/119 118/118/118
f 122/122/122 121/121/121 118/118/118
f 122/122/122 118/118/118 123/123/123
f 124/124/124 122/122/122 123/123/123
f 121/121/121 122/122/122 125/125/125
f 126/126/126 121/121/121 125/125/125
f 126/126/126 125/125/125 127/127/127
f 127/127/127 125/125/125 128/128/128
f 129/129/129 127/127/127 128/128/128
f 122/122/122 124/124/124 130/130/130
f 125/125/125 122/122/122 130/130/130
f 125/125/125 130/130/130 128/128/128
f 124/124/124 131/131/131 130/130/130
f 131/131/131 132/132/132 130/130/130
f 130/130/130 132/132/132 128/128/128
f 132/132/132 133/133/133 128/128/128
f 133/133/133 134/134/134 128/128/128
f 134/134/134 135/135/135 128/128/128
f 135/135/135 129/129/129 128/128/128
f 134/134/134 136/136/136 135/135/135
f 137/137/137 129/129/129 135/135/135
f 137/137/137 138/138/138 129/129/129
f 138/138/138 137/137/137 139/139/139
f 136/136/136 140/140/140 135/135/135
f 140/140/140 137/137/137 135/135/135
f 140/140/140 136/136/136 141/141/141
f 137/137/137 140/140/140 141/141/141
f 139/139/139 137/137/137 141/141/141
f 136/136/136 142/142/142 141/141/141
f 139/139/139 141/141/141 143/143/143
f 144/144/144 139/139/139 143/143/143
f 147/147/147 146/146/146 145/145/145
f 146/146/146 148/148/148 145/145/145
f 145/145/145 148/148/148 149/149/149
f 148/148/148 150/150/150 149/149/149
f 150/150/150 151/151/151 149/149/149
f 151/151/151 152/152/152 149/149/149
f 151/151/151 153/153/153 152/152/152
f 153/153/153 154/154/154 152/152/152
f 154/154/154 153/153/153 155/155/155
f 153/153/153 156/156/156 155/155/155
f 155/155/155 156/156/156 157/157/157
f 156/156/156 158/158/158 157/157/157
f 158/158/158 159/159/159 157/157/157
f 159/159/159 160/160/160 157/157/157
f 159/159/159 161/161/161 160/160/160
f 161/161/161 162/162/162 160/160/160
f 162/162/162 161/161/161 163/163/163
f 161/161/161 164/164/164 163/163/163
f 163/163/163 164/164/164 165/165/165
f 164/164/164 166/166/166 165/165/165
f 166/166/166 167/167/167 165/165/165
f 167/167/167 168/168/168 165/165/165
f 171/171/171 170/170/170 169/169/169
f 172/172/172 171/171/171 169/169/169
f 171/171/171 172/172/172 173/173/173
f 173/173/173 172/172/172 174/174/174
f 172/172/172 175/175/175 174/174/174
f 175/175/175 176/176/176 174/174/174
f 176/176/176 177/177/177 174/174/174
f 176/176/176 178/178/178 177/177/177
f 173/173/173 174/174/174 179/179/179
f 174/174/174 177/177/177 179/179/179
f 180/180/180 171/171/171 173/173/173
f 181/181/181 173/173/173 179/179/179
f 180/180/180 173/173/173 181/181/181
f 171/171/171 180/180/180 182/182/182
f 183/183/183 171/171/171 182/182/182
f 183/183/183 182/182/182 184/184/184
f 185/185/185 183/183/183 184/184/184
f 186/186/186 185/185/185 184/184/184
f 187/187/187 186/186/186 184/184/184
f 188/188/188 186/186/186 187/187/187
f 184/184/184 182/182/182 189/189/189
f 187/187/187 184/184/184 189/189/189
f 182/182/182 180/180/180 190/190/190
f 182/182/182 190/190/190 189/189/189
f 191/191/191 180/180/180 181/181/181
f 180/180/180 191/191/191 190/190/190
f 192/192/192 191/191/191 181/181/181
f 191/191/191 192/192/192 190/190/190
f 193/193/193 181/181/181 179/179/179
f 193/193/193 192/192/192 181/181/181
f 194/194/194 192/192/192 193/193/193
f 192/192/192 195/195/195 190/190/190
f 190/190/190 195/195/195 189/189/189
f 192/192/192 194/194/194 195/195/195
f 196/196/196 187/187/187 189/189/189
f 195/195/195 196/196/196 189/189/189
f 197/197/197 188/188/188 187/187/187
f 197/197/197 187/187/187 196/196/196
f 198/198/198 193/193/193 179/179/179
f 177/177/177 198/198/198 179/179/179
f 195/195/195 199/199/199 196/196/196
f 194/194/194 199/199/199 195/195/195
f 188/188/188 197/197/197 200/200/200
f 201/201/201 188/188/188 200/200/200
f 202/202/202 197/197/197 196/196/196
f 199/199/199 202/202/202 196/196/196
f 197/197/197 202/202/202 203/203/203
f 202/202/202 199/199/199 203/203/203
f 200/200/200 197/197/197 203/203/203
f 201/201/201 200/200/200 204/204/204
f 205/205/205 201/201/201 204/204/204
f 206/206/206 205/205/205 204/204/204
f 199/199/199 207/207/207 203/203/203
f 199/199/199 194/194/194 207/207/207
f 200/200/200 203/203/203 208/208/208
f 204/204/204 200/200/200 208/208/208
f 203/203/203 207/207/207 208/208/208
f 209/209/209 206/206/206 204/204/204
f 209/209/209 204/204/204 208/208/208
f 210/210/210 206/206/206 209/209/209
f 207/207/207 211/211/211 208/208/208
f 211/211/211 209/209/209 208/208/208
f 212/212/212 210/210/210 209/209/209
f 212/212/212 209/209/209 211/211/211
f 207/207/207 213/213/213 211/211/211
f 194/194/194 213/213/213 207/207/207
f 210/210/210 212/212/212 214/214/214
f 215/215/215 210/210/210 214/214/214
f 216/216/216 212/212/212 211/211/211
f 213/213/213 216/216/216 211/211/211
f 212/212/212 216/216/216 217/217/217
f 216/216/216 213/213/213 217/217/217
f 214/214/214 212/212/212 217/217/217
f 213/213/213 194/194/194 218/218/218
f 213/213/213 218/218/218 217/217/217
f 215/215/215 214/214/214 219/219/219
f 220/220/220 215/215/215 219/219/219
f 221/221/221 220/220/220 219/219/219
f 214/214/214 217/217/217 222/222/222
f 219/219/219 214/214/214 222/222/222
f 217/217/217 218/218/218 222/222/222
f 194/194/194 223/223/223 218/218/218
f 223/223/223 194/194/194 224/224/224
f 194/194/194 225/225/225 224/224/224
f 226/226/226 221/221/221 219/219/219
f 226/226/226 219/219/219 222/222/222
f 218/218/218 227/227/227 222/222/222
f 218/218/218 223/223/223 227/227/227
f 227/227/227 226/226/226 222/222/222
f 228/228/228 221/221/221 226/226/226
f 221/221/221 228/228/228 229/229/229
f 228/228/228 230/230/230 229/229/229
f 231/231/231 226/226/226 227/227/227
f 231/231/231 228/228/228 226/226/226
f 223/223/223 232/232/232 227/227/227
f 232/232/232 231/231/231 227/227/227
f 232/232/232 223/223/223 233/233/233
f 231/231/231 232/232/232 233/233/233
f 223/223/223 224/224/224 233/233/233
f 228/228/228 231/231/231 234/234/234
f 234/234/234 231/231/231 233/233/233
f 235/235/235 228/228/228 234/234/234
f 233/233/233 224/224/224 236/236/236
f 234/234/234 233/233/233 236/236/236
f 235/235/235 234/234/234 237/237/237
f 237/237/237 234/234/234 236/236/236
f 238/238/238 235/235/235 237/237/237
f 239/239/239 238/238/238 237/237/237
f 240/240/240 239/239/239 237/237/237
f 240/240/240 237/237/237 236/236/236
f 241/241/241 239/239/239 240/240/240
f 224/224/224 242/242/242 236/236/236
f 242/242/242 240/240/240 236/236/236
f 224/224/224 225/225/225 242/242/242
f 243/243/243 241/241/241 240/240/240
f 243/243/243 240/240/240 242/242/242
f 225/225/225 244/244/244 242/242/242
f 244/244/244 243/243/243 242/242/242
f 241/241/241 243/243/243 245/245/245
f 246/246/246 241/241/241 245/245/245
f 243/243/243 244/244/244 247/247/247
f 244/244/244 225/225/225 247/247/247
f 245/245/245 243/243/243 247/247/247
f 246/246/246 245/245/245 248/248/248
f 249/249/249 246/246/246 248/248/248
f 250/250/250 249/249/249 248/248/248
f 225/225/225 251/251/251 247/247/247
f 225/225/225 194/194/194 251/251/251
f 245/245/245 247/247/247 252/252/252
f 248/248/248 245/245/245 252/252/252
f 247/247/247 251/251/251 252/252/252
f 253/253/253 250/250/250 248/248/248
f 253/253/253 248/248/248 252/252/252
f 254/254/254 250/250/250 253/253/253
f 251/251/251 255/255/255 252/252/252
f 255/255/255 253/253/253 252/252/252
f 256/256/256 254/254/254 253/253/253
f 256/256/256 253/253/253 255/255/255
f 251/251/251 257/257/257 255/255/255
f 194/194/194 257/257/257 251/251/251
f 254/254/254 256/256/256 258/258/258
f 259/259/259 254/254/254 258/258/258
f 260/260/260 256/256/256 255/255/255
f 257/257/257 260/260/260 255/255/255
f 256/256/256 260/260/260 261/261/261
f 260/260/260 257/257/257 261/261/261
f 258/258/258 256/256/256 261/261/261
f 259/259/259 258/258/258 262/262/262
f 263/263/263 259/259/259 262/262/262
f 264/264/264 263/263/263 262/262/262
f 257/257/257 265/265/265 261/261/261
f 257/257/257 194/194/194 265/265/265
f 258/258/258 261/261/261 266/266/266
f 262/262/262 258/258/258 266/266/266
f 261/261/261 265/265/265 266/266/266
f 267/267/267 264/264/264 262/262/262
f 267/267/267 262/262/262 266/266/266
f 265/265/265 268/268/268 266/266/266
f 268/268/268 267/267/267 266/266/266
f 269/269/269 264/264/264 267/267/267
f 264/264/264 269/269/269 270/270/270
f 269/269/269 271/271/271 270/270/270
f 272/272/272 269/269/269 267/267/267
f 272/272/272 267/267/267 268/268/268
f 265/265/265 273/273/273 268/268/268
f 194/194/194 273/273/273 265/265/265
f 269/269/269 272/272/272 274/274/274
f 275/275/275 269/269/269 274/274/274
f 276/276/276 272/272/272 268/268/268
f 273/273/273 276/276/276 268/268/268
f 272/272/272 276/276/276 277/277/277
f 276/276/276 273/273/273 277/277/277
f 274/274/274 272/272/272 277/277/277
f 273/273/273 194/194/194 278/278/278
f 273/273/273 278/278/278 277/277/277
f 275/275/275 274/274/274 279/279/279
f 280/280/280 275/275/275 279/279/279
f 281/281/281 280/280/280 279/279/279
f 274/274/274 277/277/277 282/282/282
f 279/279/279 274/274/274 282/282/282
f 277/277/277 278/278/278 282/282/282
f 283/283/283 281/281/281 279/279/279
f 283/283/283 279/279/279 282/282/282
f 284/284/284 281/281/281 283/283/283
f 194/194/194 285/285/285 278/278/278
f 285/285/285 194/194/194 286/286/286
f 194/194/194 287/287/287 286/286/286
f 278/278/278 288/288/288 282/282/282
f 288/288/288 283/283/283 282/282/282
f 278/278/278 285/285/285 288/288/288
f 289/289/289 284/284/284 283/283/283
f 289/289/289 283/283/283 288/288/288
f 285/285/285 290/290/290 288/288/288
f 290/290/290 289/289/289 288/288/288
f 290/290/290 285/285/285 291/291/291
f 289/289/289 290/290/290 291/291/291
f 285/285/285 286/286/286 291/291/291
f 284/284/284 289/289/289 292/292/292
f 292/292/292 289/289/289 291/291/291
f 293/293/293 284/284/284 292/292/292
f 291/291/291 286/286/286 294/294/294
f 292/292/292 291/291/291 294/294/294
f 293/293/293 292/292/292 295/295/295
f 295/295/295 292/292/292 294/294/294
f 296/296/296 293/293/293 295/295/295
f 297/297/297 296/296/296 295/295/295
f 298/298/298 297/297/297 295/295/295
f 298/298/298 295/295/295 294/294/294
f 299/299/299 297/297/297 298/298/298
f 286/286/286 300/300/300 294/294/294
f 300/300/300 298/298/298 294/294/294
f 286/286/286 287/287/287 300/300/300
f 301/301/301 299/299/299 298/298/298
f 301/301/301 298/298/298 300/300/300
f 287/287/287 302/302/302 300/300/300
f 302/302/302 301/301/301 300/300/300
f 299/299/299 301/301/301 303/303/303
f 304/304/304 299/299/299 303/303/303
f 301/301/301 302/302/302 305/305/305
f 302/302/302 287/287/287 305/305/305
f 303/303/303 301/301/301 305/305/305
f 304/304/304 303/303/303 306/306/306
f 307/307/307 304/304/304 306/306/306
f 308/308/308 307/307/307 306/306/306
f 287/287/287 309/309/309 305/305/305
f 287/287/287 194/194/194 309/309/309
f 303/303/303 305/305/305 310/310/310
f 306/306/306 303/303/303 310/310/310
f 305/305/305 309/309/309 310/310/310
f 311/311/311 308/308/308 306/306/306
f 311/311/311 306/306/306 310/310/310
f 309/309/309 312/312/312 310/310/310
f 312/312/312 311/311/311 310/310/310
f 313/313/313 308/308/308 311/311/311
f 308/308/308 313/313/313 314/314/314
f 313/313/313 315/315/315 314/314/314
f 316/316/316 313/313/313 311/311/311
f 316/316/316 311/311/311 312/312/312
f 309/309/309 317/317/317 312/312/312
f 194/194/194 317/317/317 309/309/309
f 313/313/313 316/316/316 318/318/318
f 319/319/319 313/313/313 318/318/318
f 320/320/320 316/316/316 312/312/312
f 317/317/317 320/320/320 312/312/312
f 316/316/316 320/320/320 321/321/321
f 320/320/320 317/317/317 321/321/321
f 318/318/318 316/316/316 321/321/321
f 319/319/319 318/318/318 322/322/322
f 323/323/323 319/319/319 322/322/322
f 324/324/324 323/323/323 322/322/322
f 317/317/317 325/325/325 321/321/321
f 317/317/317 194/194/194 325/325/325
f 318/318/318 321/321/321 326/326/326
f 322/322/322 318/318/318 326/326/326
f 321/321/321 325/325/325 326/326/326
f 327/327/327 324/324/324 322/322/322
f 327/327/327 322/322/322 326/326/326
f 328/328/328 324/324/324 327/327/327
f 325/325/325 329/329/329 326/326/326
f 329/329/329 327/327/327 326/326/326
f 330/330/330 328/328/328 327/327/327
f 330/330/330 327/327/327 329/329/329
f 325/325/325 331/331/331 329/329/329
f 194/194/194 331/331/331 325/325/325
f 328/328/328 330/330/330 332/332/332
f 333/333/333 328/328/328 332/332/332
f 334/334/334 330/330/330 329/329/329
f 331/331/331 334/334/334 329/329/329
f 330/330/330 334/334/334 335/335/335
f 334/334/334 331/331/331 335/335/335
f 332/332/332 330/330/330 335/335/335
f 331/331/331 194/194/194 336/336/336
f 331/331/331 336/336/336 335/335/335
f 333/333/333 332/332/332 337/337/337
f 338/338/338 333/333/333 337/337/337
f 339/339/339 338/338/338 337/337/337
f 332/332/332 335/335/335 340/340/340
f 337/337/337 332/332/332 340/340/340
f 335/335/335 336/336/336 340/340/340
f 341/341/341 339/339/339 337/337/337
f 341/341/341 337/337/337 340/340/340
f 178/178/178 339/339/339 341/341/341
f 194/194/194 342/342/342 336/336/336
f 342/342/342 194/194/194 193/193/193
f 342/342/342 193/193/193 198/198/198
f 336/336/336 343/343/343 340/340/340
f 343/343/343 341/341/341 340/340/340
f 336/336/336 342/342/342 343/343/343
f 344/344/344 178/178/178 341/341/341
f 344/344/344 341/341/341 343/343/343
f 178/178/178 344/344/344 177/177/177
f 177/177/177 344/344/344 198/198/198
f 345/345/345 342/342/342 198/198/198
f 342/342/342 345/345/345 343/343/343
f 344/344/344 345/345/345 198/198/198
f 345/345/345 344/344/344 343/343/343
f 348/348/348 347/347/347 346/346/346
f 349/349/349 348/348/348 346/346/346
f 352/352/352 351/351/351 350/350/350
f 350/350/350 351/351/351 353/353/353
f 351/351/351 354/354/354 353/353/353
f 354/354/354 355/355/355 353/353/353
f 355/355/355 356/356/356 353/353/353
f 355/355/355 357/357/357 356/356/356
f 357/357/357 358/358/358 356/356/356
f 358/358/358 357/357/357 359/359/359
f 357/357/357 360/360/360 359/359/359
f 359/359/359 360/360/360 361/361/361
f 360/360/360 362/362/362 361/361/361
f 362/362/362 363/363/363 361/361/361
f 363/363/363 364/364/364 361/361/361
f 363/363/363 365/365/365 364/364/364
f 365/365/365 366/366/366 364/364/364
f 366/366/366 365/365/365 367/367/367
f 365/365/365 368/368/368 367/367/367
f 367/367/367 368/368/368 369/369/369
f 368/368/368 370/370/370 369/369/369
f 370/370/370 371/371/371 369/369/369
f 371/371/371 372/372/372 369/369/369
f 371/371/371 373/373/373 372/372/372
f 373/373/373 374/374/374 372/372/372
f 377/377/377 376/376/376 375/375/375
f 378/378/378 377/377/377 375/375/375
f 379/379/379 378/378/378 375/375/375
f 380/380/380 378/378/378 379/379/379
f 382/382/382 380/380/380 381/381/381
f 382/382/382 381/381/381 383/383/383
f 384/384/384 382/382/382 383/383/383
f 385/385/385 384/384/384 383/383/383
f 386/386/386 385/385/385 383/383/383
f 387/387/387 385/385/385 386/386/386
f 388/388/388 387/387/387 386/386/386
f 391/391/391 390/390/390 389/389/389
f 390/390/390 392/392/392 389/389/389
f 392/392/392 393/393/393 389/389/389
f 393/393/393 394/394/394 389/389/389
f 393/393/393 395/395/395 394/394/394
f 394/394/394 396/396/396 389/389/389
f 396/396/396 397/397/397 389/389/389
f 398/398/398 396/396/396 394/394/394
f 399/399/399 398/398/398 394/394/394
f 395/395/395 399/399/399 394/394/394
f 398/398/398 399/399/399 400/400/400
f 399/399/399 395/395/395 400/400/400
f 401/401/401 398/398/398 400/400/400
f 395/395/395 402/402/402 400/400/400
f 395/395/395 403/403/403 402/402/402
f 403/403/403 404/404/404 402/402/402
f 401/401/401 400/400/400 405/405/405
f 400/400/400 402/402/402 405/405/405
f 406/406/406 401/401/401 405/405/405
f 402/402/402 407/407/407 405/405/405
f 410/410/410 409/409/409 408/408/408
f 411/411/411 410/410/410 408/408/408
f 412/412/412 411/411/411 408/408/408
f 413/413/413 412/412/412 408/408/408
f 414/414/414 412/412/412 413/413/413
f 415/415/415 414/414/414 413/413/413
f 414/414/414 415/415/415 416/416/416
f 417/417/417 414/414/414 416/416/416
f 417/417/417 416/416/416 418/418/418
f 419/419/419 417/417/417 418/418/418
f 420/420/420 419/419/419 418/418/418
f 421/421/421 420/420/420 418/418/418
f 422/422/422 420/420/420 421/421/421
f 423/423/423 422/422/422 421/421/421
f 422/422/422 423/423/423 424/424/424
f 425/425/425 422/422/422 424/424/424
f 425/425/425 424/424/424 426/426/426
f 427/427/427 425/425/425 426/426/426
f 428/428/428 427/427/427 426/426/426
f 429/429/429 428/428/428 426/426/426
f 430/430/430 428/428/428 429/429/429
f 431/431/431 430/430/430 429/429/429
f 434/434/434 433/433/433 432/432/432
f 433/433/433 435/435/435 432/432/432
f 435/435/435 436/436/436 432/432/432
f 436/436/436 437/437/437 432/432/432
f 432/432/432 437/437/437 438/438/438
f 437/437/437 439/439/439 438/438/438
f 439/439/439 440/440/440 438/438/438
f 440/440/440 441/441/441 438/438/438
f 442/442/442 440/440/440 439/439/439
f 437/437/437 443/443/443 439/439/439
f 444/444/444 443/443/443 437/437/437
f 445/445/445 442/442/442 439/439/439
f 443/443/443 445/445/445 439/439/439
f 442/442/442 445/445/445 446/446/446
f 445/445/445 443/443/443 446/446/446
f 447/447/447 442/442/442 446/446/446
f 443/443/443 444/444/444 448/448/448
f 443/443/443 448/448/448 446/446/446
f 444/444/444 449/449/449 448/448/448
f 447/447/447 446/446/446 450/450/450
f 446/446/446 448/448/448 450/450/450
f 451/451/451 447/447/447 450/450/450
f 448/448/448 449/449/449 452/452/452
f 448/448/448 452/452/452 450/450/450
f 449/449/449 453/453/453 452/452/452
f 453/453/453 454/454/454 452/452/452
f 454/454/454 455/455/455 452/452/452
f 452/452/452 455/455/455 450/450/450
f 455/455/455 456/456/456 450/450/450
f 459/459/459 458/458/458 457/457/457
f 460/460/460 459/459/459 457/457/457
f 461/461/461 459/459/459 460/460/460
f 462/462/462 461/461/461 460/460/460
f 463/463/463 462/462/462 460/460/460
f 464/464/464 463/463/463 460/460/460
f 465/465/465 463/463/463 464/464/464
f 461/461/461 462/462/462 466/466/466
f 462/462/462 463/463/463 466/466/466
f 467/467/467 461/461/461 466/466/466
f 463/463/463 465/465/465 468/468/468
f 463/463/463 468/468/468 466/466/466
f 465/465/465 469/469/469 468/468/468
f 467/467/467 466/466/466 470/470/470
f 466/466/466 468/468/468 470/470/470
f 471/471/471 467/467/467 470/470/470
f 468/468/468 472/472/472 470/470/470
f 468/468/468 469/469/469 472/472/472
f 469/469/469 473/473/473 472/472/472
f 473/473/473 474/474/474 472/472/472
f 474/474/474 475/475/475 472/472/472
f 478/478/478 477/477/477 476/476/476
f 477/477/477 479/479/479 476/476/476
f 477/477/477 480/480/480 479/479/479
f 479/479/479 481/481/481 476/476/476
f 481/481/481 482/482/482 476/476/476
f 483/483/483 481/481/481 479/479/479
f 480/480/480 484/484/484 479/479/479
f 484/484/484 483/483/483 479/479/479
f 484/484/484 480/480/480 485/485/485
f 483/483/483 484/484/484 485/485/485
f 480/480/480 486/486/486 485/485/485
f 485/485/485 486/486/486 487/487/487
f 488/488/488 483/483/483 485/485/485
f 488/488/488 485/485/485 487/487/487
f 486/486/486 489/489/489 487/487/487
f 490/490/490 488/488/488 487/487/487
f 491/491/491 490/490/490 487/487/487
f 489/489/489 492/492/492 487/487/487
f 493/493/493 491/491/491 487/487/487
f 492/492/492 493/493/493 487/487/487
f 492/492/492 494/494/494 493/493/493
f 494/494/494 495/495/495 493/493/493
f 498/498/498 497/497/497 496/496/496
f 499/499/499 498/498/498 496/496/496
f 502/502/502 501/501/501 500/500/500
f 503/503/503 502/502/502 500/500/500
f 504/504/504 503/503/503 500/500/500
f 505/505/505 504/504/504 500/500/500
f 506/506/506 504/504/504 505/505/505
f 507/507/507 506/506/506 505/505/505
f 506/506/506 507/507/507 508/508/508
f 509/509/509 506/506/506 508/508/508
f 509/509/509 508/508/508 510/510/510
f 511/511/511 509/509/509 510/510/510
f 512/512/512 511/511/511 510/510/510
f 513/513/513 512/512/512 510/510/510
f 514/514/514 512/512/512 513/513/513
f 515/515/515 514/514/514 513/513/513
f 514/514/514 515/515/515 516/516/516
f 517/517/517 514/514/514 516/516/516
f 517/517/517 516/516/516 518/518/518
f 519/519/519 517/517/517 518/518/518
f 520/520/520 519/519/519 518/518/518
f 521/521/521 520/520/520 518/518/518
f 522/522/522 520/520/520 521/521/521
f 523/523/523 522/522/522 521/521/521
f 526/526/526 525/525/525 524/524/524
f 525/525/525 527/527/527 524/524/524
f 524/524/524 527/527/527 528/528/528
f 527/527/527 529/529/529 528/528/528
f 529/529/529 530/530/530 528/528/528
f 530/530/530 531/531/531 528/528/528
f 530/530/530 532/532/532 531/531/531
f 532/532/532 533/533/533 531/531/531
f 533/533/533 532/532/532 534/534/534
f 532/532/532 535/535/535 534/534/534
f 534/534/534 535/535/535 536/536/536
f 535/535/535 537/537/537 536/536/536
f 537/537/537 538/538/538 536/536/536
f 538/538/538 539/539/539 536/536/536
f 538/538/538 540/540/540 539/539/539
f 540/540/540 541/541/541 539/539/539
f 541/541/541 540/540/540 542/542/542
f 540/540/540 543/543/543 542/542/542
f 542/542/542 543/543/543 544/544/544
f 543/543/543 545/545/545 544/544/544
f 545/545/545 546/546/546 544/544/544
f 546/546/546 547/547/547 544/544/544
f 546/546/546 548/548/548 547/547/547
f 548/548/548 549/549/549 547/547/547
f 549/549/549 548/548/548 550/550/550
f 548/548/548 551/551/551 550/550/550
f 554/554/554 553/553/553 552/552/552
f 555/555/555 554/554/554 552/552/552
f 554/554/554 555/555/555 556/556/556
f 555/555/555 557/557/557 556/556/556
f 558/558/558 554/554/554 556/556/556
f 558/558/558 556/556/556 559/559/559
f 557/557/557 560/560/560 556/556/556
f 556/556/556 560/560/560 559/559/559
f 561/561/561 558/558/558 559/559/559
f 560/560/560 562/562/562 559/559/559
f 563/563/563 561/561/561 559/559/559
f 562/562/562 564/564/564 559/559/559
f 565/565/565 563/563/563 559/559/559
f 564/564/564 565/565/565 559/559/559
f 566/566/566 563/563/563 565/565/565
f 564/564/564 567/567/567 565/565/565
f 568/568/568 566/566/566 565/565/565
f 567/567/567 568/568/568 565/565/565
f 566/566/566 568/568/568 569/569/569
f 568/568/568 567/567/567 569/569/569
f 570/570/570 566/566/566 569/569/569
f 570/570/570 569/569/569 571/571/571
f 567/567/567 572/572/572 569/569/569
f 569/569/569 572/572/572 571/571/571
f 573/573/573 570/570/570 571/571/571
f 572/572/572 574/574/574 571/571/571
f 575/575/575 573/573/573 571/571/571
f 574/574/574 576/576/576 571/571/571
f 577/577/577 575/575/575 571/571/571
f 576/576/576 577/577/577 571/571/571
f 578/578/578 575/575/575 577/577/577
f 576/576/576 579/579/579 577/577/577
f 580/580/580 578/578/578 577/577/577
f 579/579/579 580/580/580 577/577/577
f 578/578/578 580/580/580 581/581/581
f 580/580/580 579/579/579 581/581/581
f 582/582/582 578/578/578 581/581/581
f 579/579/579 583/583/583 581/581/581
f 582/582/582 581/581/581 584/584/584
f 581/581/581 583/583/583 584/584/584
f 585/585/585 582/582/582 584/584/584
f 583/583/583 586/586/586 584/584/584
f 589/589/589 588/588/588 587/587/587
f 588/588/588 590/590/590 587/587/587
f 590/590/590 591/591/591 587/587/587
f 591/591/591 592/592/592 587/587/587
f 591/591/591 593/593/593 592/592/592
f 593/593/593 594/594/594 592/592/592
f 594/594/594 593/593/593 595/595/595
f 593/593/593 596/596/596 595/595/595
f 599/599/599 598/598/598 597/597/597
f 598/598/598 600/600/600 597/597/597
f 598/598/598 601/601/601 600/600/600
f 601/601/601 602/602/602 600/600/600
f 602/602/602 603/603/603 600/600/600
f 603/603/603 604/604/604 600/600/600
f 600/600/600 604/604/604 597/597/597
f 604/604/604 605/605/605 597/597/597
f 608/608/608 607/607/607 606/606/606
f 607/607/607 609/609/609 606/606/606
f 607/607/607 610/610/610 609/609/609
f 609/609/609 611/611/611 606/606/606
f 611/611/611 612/612/612 606/606/606
f 610/610/610 613/613/613 609/609/609
f 613/613/613 614/614/614 609/609/609
f 614/614/614 611/611/611 609/609/609
f 613/613/613 610/610/610 615/615/615
f 614/614/614 613/613/613 615/615/615
f 610/610/610 616/616/616 615/615/615
f 615/615/615 616/616/616 617/617/617
f 616/616/616 618/618/618 617/617/617
f 618/618/618 619/619/619 617/617/617
f 620/620/620 614/614/614 615/615/615
f 620/620/620 615/615/615 617/617/617
f 614/614/614 621/621/621 611/611/611
f 621/621/621 614/614/614 620/620/620
f 621/621/621 622/622/622 611/611/611
f 611/611/611 622/622/622 612/612/612
f 622/622/622 623/623/623 612/612/612
f 623/623/623 624/624/624 612/612/612
f 624/624/624 625/625/625 612/612/612
f 624/624/624 626/626/626 625/625/625
f 626/626/626 627/627/627 625/625/625
f 628/628/628 621/621/621 620/620/620
f 628/628/628 620/620/620 629/629/629
f 629/629/629 620/620/620 617/617/617
f 630/630/630 628/628/628 629/629/629
f 631/631/631 630/630/630 629/629/629
f 632/632/632 631/631/631 629/629/629
f 632/632/632 629/629/629 617/617/617
f 633/633/633 632/632/632 617/617/617
f 619/619/619 633/633/633 617/617/617
f 634/634/634 632/632/632 633/633/633
f 619/619/619 635/635/635 633/633/633
f 636/636/636 634/634/634 633/633/633
f 635/635/635 636/636/636 633/633/633
f 639/639/639 638/638/638 637/637/637
f 638/638/638 640/640/640 637/637/637
f 638/638/638 641/641/641 640/640/640
f 641/641/641 642/642/642 640/640/640
f 642/642/642 641/641/641 643/643/643
f 644/644/644 641/641/641 638/638/638
f 641/641/641 645/645/645 643/643/643
f 641/641/641 644/644/644 645/645/645
f 643/643/643 645/645/645 646/646/646
f 644/644/644 647/647/647 645/645/645
f 645/645/645 648/648/648 646/646/646
f 645/645/645 647/647/647 648/648/648
f 647/647/647 644/644/644 649/649/649
f 644/644/644 650/650/650 649/649/649
f 649/649/649 650/650/650 651/651/651
f 649/649/649 651/651/651 652/652/652
f 647/647/647 649/649/649 653/653/653
f 653/653/653 649/649/649 652/652/652
f 648/648/648 654/654/654 646/646/646
f 654/654/654 655/655/655 646/646/646
f 647/647/647 656/656/656 648/648/648
f 656/656/656 647/647/647 653/653/653
f 656/656/656 657/657/657 648/648/648
f 657/657/657 656/656/656 653/653/653
f 657/657/657 654/654/654 648/648/648
f 657/657/657 658/658/658 654/654/654
f 654/654/654 659/659/659 655/655/655
f 658/658/658 659/659/659 654/654/654
f 659/659/659 660/660/660 655/655/655
f 660/660/660 659/659/659 661/661/661
f 662/662/662 657/657/657 653/653/653
f 662/662/662 653/653/653 652/652/652
f 658/658/658 657/657/657 662/662/662
f 659/659/659 663/663/663 661/661/661
f 659/659/659 658/658/658 663/663/663
f 661/661/661 663/663/663 664/664/664
f 665/665/665 662/662/662 652/652/652
f 666/666/666 658/658/658 662/662/662
f 666/666/666 662/662/662 665/665/665
f 667/667/667 665/665/665 652/652/652
f 668/668/668 667/667/667 652/652/652
f 663/663/663 669/669/669 664/664/664
f 669/669/669 670/670/670 664/664/664
f 670/670/670 671/671/671 664/664/664
f 663/663/663 672/672/672 669/669/669
f 658/658/658 672/672/672 663/663/663
f 672/672/672 673/673/673 669/669/669
f 673/673/673 672/672/672 674/674/674
f 672/672/672 658/658/658 675/675/675
f 672/672/672 675/675/675 674/674/674
f 658/658/658 666/666/666 675/675/675
f 674/674/674 675/675/675 676/676/676
f 675/675/675 666/666/666 677/677/677
f 675/675/675 677/677/677 676/676/676
f 666/666/666 678/678/678 677/677/677
f 678/678/678 666/666/666 665/665/665
f 679/679/679 678/678/678 665/665/665
f 678/678/678 679/679/679 677/677/677
f 667/667/667 679/679/679 665/665/665
f 680/680/680 679/679/679 667/667/667
f 677/677/677 681/681/681 676/676/676
f 679/679/679 681/681/681 677/677/677
f 679/679/679 680/680/680 681/681/681
f 681/681/681 682/682/682 676/676/676
f 681/681/681 683/683/683 682/682/682
f 680/680/680 683/683/683 681/681/681
f 683/683/683 680/680/680 684/684/684
f 683/683/683 684/684/684 685/685/685
f 680/680/680 686/686/686 684/684/684
f 686/686/686 680/680/680 687/687/687
f 688/688/688 680/680/680 667/667/667
f 680/680/680 688/688/688 687/687/687
f 688/688/688 667/667/667 668/668/668
f 687/687/687 688/688/688 689/689/689
f 690/690/690 688/688/688 668/668/668
f 688/688/688 690/690/690 689/689/689
f 691/691/691 690/690/690 668/668/668
f 690/690/690 691/691/691 689/689/689
f 692/692/692 691/691/691 668/668/668
f 691/691/691 693/693/693 689/689/689
f 696/696/696 695/695/695 694/694/694
f 695/695/695 697/697/697 694/694/694
f 697/697/697 698/698/698 694/694/694
f 698/698/698 699/699/699 694/694/694
f 695/695/695 700/700/700 697/697/697
f 701/701/701 700/700/700 695/695/695
f 698/698/698 702/702/702 699/699/699
f 703/703/703 702/702/702 698/698/698
f 702/702/702 704/704/704 699/699/699
f 704/704/704 702/702/702 705/705/705
f 702/702/702 706/706/706 705/705/705
f 702/702/702 703/703/703 706/706/706
f 705/705/705 706/706/706 707/707/707
f 706/706/706 708/708/708 707/707/707
f 706/706/706 709/709/709 708/708/708
f 703/703/703 709/709/709 706/706/706
f 709/709/709 710/710/710 708/708/708
f 710/710/710 709/709/709 711/711/711
f 709/709/709 712/712/712 711/711/711
f 709/709/709 703/703/703 712/712/712
f 711/711/711 712/712/712 713/713/713
f 700/700/700 701/701/701 714/714/714
f 701/701/701 715/715/715 714/714/714
f 712/712/712 716/716/716 713/713/713
f 703/703/703 717/717/717 712/712/712
f 712/712/712 717/717/717 716/716/716
f 716/716/716 718/718/718 713/713/713
f 718/718/718 719/719/719 713/713/713
f 718/718/718 720/720/720 719/719/719
f 721/721/721 720/720/720 718/718/718
f 720/720/720 722/722/722 719/719/719
f 722/722/722 720/720/720 723/723/723
f 720/720/720 724/724/724 723/723/723
f 720/720/720 721/721/721 724/724/724
f 721/721/721 725/725/725 724/724/724
f 725/725/725 721/721/721 726/726/726
f 727/727/727 718/718/718 716/716/716
f 727/727/727 721/721/721 718/718/718
f 721/721/721 728/728/728 726/726/726
f 726/726/726 728/728/728 729/729/729
f 717/717/717 730/730/730 716/716/716
f 730/730/730 727/727/727 716/716/716
f 721/721/721 727/727/727 731/731/731
f 728/728/728 721/721/721 731/731/731
f 727/727/727 730/730/730 732/732/732
f 730/730/730 717/717/717 732/732/732
f 731/731/731 727/727/727 732/732/732
f 731/731/731 732/732/732 733/733/733
f 717/717/717 734/734/734 732/732/732
f 732/732/732 734/734/734 733/733/733
f 717/717/717 703/703/703 734/734/734
f 728/728/728 731/731/731 735/735/735
f 735/735/735 731/731/731 733/733/733
f 728/728/728 736/736/736 729/729/729
f 736/736/736 728/728/728 735/735/735
f 736/736/736 737/737/737 729/729/729
f 737/737/737 736/736/736 735/735/735
f 737/737/737 738/738/738 729/729/729
f 739/739/739 737/737/737 735/735/735
f 739/739/739 735/735/735 733/733/733
f 740/740/740 739/739/739 733/733/733
f 703/703/703 741/741/741 734/734/734
f 741/741/741 703/703/703 698/698/698
f 741/741/741 698/698/698 697/697/697
f 734/734/734 742/742/742 733/733/733
f 734/734/734 741/741/741 742/742/742
f 743/743/743 741/741/741 697/697/697
f 741/741/741 743/743/743 742/742/742
f 700/700/700 743/743/743 697/697/697
f 743/743/743 700/700/700 742/742/742
f 700/700/700 714/714/714 742/742/742
f 742/742/742 714/714/714 733/733/733
f 714/714/714 740/740/740 733/733/733
f 714/714/714 715/715/715 740/740/740
f 715/715/715 744/744/744 740/740/740
f 744/744/744 715/715/715 745/745/745
f 715/715/715 746/746/746 745/745/745
f 749/749/749 748/748/748 747/747/747
f 750/750/750 749/749/749 747/747/747
f 751/751/751 750/750/750 747/747/747
f 752/752/752 751/751/751 747/747/747
f 751/751/751 753/753/753 750/750/750
f 753/753/753 754/754/754 750/750/750
f 754/754/754 753/753/753 755/755/755
f 758/758/758 757/757/757 756/756/756
f 757/757/757 759/759/759 756/756/756
f 757/757/757 760/760/760 759/759/759
f 759/759/759 761/761/761 756/756/756
f 761/761/761 762/762/762 756/756/756
f 761/761/761 763/763/763 762/762/762
f 764/764/764 763/763/763 761/761/761
f 763/763/763 765/765/765 762/762/762
f 765/765/765 763/763/763 766/766/766
f 763/763/763 767/767/767 766/766/766
f 763/763/763 764/764/764 767/767/767
f 766/766/766 767/767/767 768/768/768
f 767/767/767 769/769/769 768/768/768
f 767/767/767 770/770/770 769/769/769
f 764/764/764 770/770/770 767/767/767
f 770/770/770 771/771/771 769/769/769
f 771/771/771 770/770/770 772/772/772
f 770/770/770 773/773/773 772/772/772
f 770/770/770 764/764/764 773/773/773
f 772/772/772 773/773/773 774/774/774
f 775/775/775 761/761/761 759/759/759
f 775/775/775 764/764/764 761/761/761
f 776/776/776 775/775/775 759/759/759
f 760/760/760 776/776/776 759/759/759
f 776/776/776 760/760/760 777/777/777
f 775/775/775 776/776/776 777/777/777
f 760/760/760 778/778/778 777/777/777
f 777/777/777 778/778/778 779/779/779
f 780/780/780 775/775/775 777/777/777
f 764/764/764 775/775/775 780/780/780
f 780/780/780 777/777/777 779/779/779
f 764/764/764 781/781/781 773/773/773
f 781/781/781 764/764/764 780/780/780
f 773/773/773 782/782/782 774/774/774
f 773/773/773 781/781/781 782/782/782
f 781/781/781 780/780/780 783/783/783
f 783/783/783 780/780/780 779/779/779
f 778/778/778 784/784/784 779/779/779
f 778/778/778 785/785/785 784/784/784
f 785/785/785 786/786/786 784/784/784
f 784/784/784 787/787/787 779/779/779
f 787/787/787 788/788/788 779/779/779
f 788/788/788 789/789/789 779/779/779
f 789/789/789 783/783/783 779/779/779
f 790/790/790 789/789/789 788/788/788
f 790/790/790 791/791/791 789/789/789
f 792/792/792 781/781/781 783/783/783
f 781/781/781 792/792/792 782/782/782
f 789/789/789 793/793/793 783/783/783
f 793/793/793 792/792/792 783/783/783
f 792/792/792 793/793/793 782/782/782
f 791/791/791 793/793/793 789/789/789
f 793/793/793 794/794/794 782/782/782
f 793/793/793 791/791/791 794/794/794
f 782/782/782 794/794/794 774/774/774
f 794/794/794 795/795/795 774/774/774
f 794/794/794 796/796/796 795/795/795
f 791/791/791 796/796/796 794/794/794
f 796/796/796 797/797/797 795/795/795
f 797/797/797 796/796/796 798/798/798
f 796/796/796 799/799/799 798/798/798
f 796/796/796 791/791/791 799/799/799
f 791/791/791 800/800/800 799/799/799
f 800/800/800 791/791/791 801/801/801
f 791/791/791 790/790/790 801/801/801
f 801/801/801 790/790/790 802/802/802
f 805/805/805 804/804/804 803/803/803
f 804/804/804 806/806/806 803/803/803
f 804/804/804 807/807/807 806/806/806
f 807/807/807 808/808/808 806/806/806
f 808/808/808 807/807/807 809/809/809
f 810/810/810 807/807/807 804/804/804
f 807/807/807 811/811/811 809/809/809
f 807/807/807 810/810/810 811/811/811
f 809/809/809 811/811/811 812/812/812
f 810/810/810 813/813/813 811/811/811
f 811/811/811 814/814/814 812/812/812
f 811/811/811 813/813/813 814/814/814
f 813/813/813 810/810/810 815/815/815
f 810/810/810 816/816/816 815/815/815
f 814/814/814 817/817/817 812/812/812
f 817/817/817 818/818/818 812/812/812
f 815/815/815 816/816/816 819/819/819
f 815/815/815 819/819/819 820/820/820
f 816/816/816 821/821/821 819/819/819
f 813/813/813 815/815/815 822/822/822
f 822/822/822 815/815/815 820/820/820
f 813/813/813 823/823/823 814/814/814
f 823/823/823 813/813/813 822/822/822
f 823/823/823 824/824/824 814/814/814
f 824/824/824 823/823/823 822/822/822
f 824/824/824 817/817/817 814/814/814
f 824/824/824 825/825/825 817/817/817
f 817/817/817 826/826/826 818/818/818
f 825/825/825 826/826/826 817/817/817
f 826/826/826 827/827/827 818/818/818
f 827/827/827 826/826/826 828/828/828
f 826/826/826 829/829/829 828/828/828
f 826/826/826 825/825/825 829/829/829
f 825/825/825 830/830/830 829/829/829
f 830/830/830 825/825/825 831/831/831
f 825/825/825 832/832/832 831/831/831
f 833/833/833 824/824/824 822/822/822
f 825/825/825 824/824/824 833/833/833
f 832/832/832 825/825/825 833/833/833
f 833/833/833 822/822/822 820/820/820
f 832/832/832 833/833/833 834/834/834
f 834/834/834 833/833/833 820/820/820
f 835/835/835 832/832/832 834/834/834
f 836/836/836 835/835/835 834/834/834
f 835/835/835 836/836/836 837/837/837
f 836/836/836 838/838/838 837/837/837
f 836/836/836 839/839/839 838/838/838
f 840/840/840 836/836/836 834/834/834
f 840/840/840 834/834/834 820/820/820
f 839/839/839 836/836/836 840/840/840
f 839/839/839 841/841/841 838/838/838
f 838/838/838 841/841/841 842/842/842
f 841/841/841 843/843/843 842/842/842
f 843/843/843 844/844/844 842/842/842
f 844/844/844 843/843/843 845/845/845
f 843/843/843 841/841/841 845/845/845
f 841/841/841 846/846/846 845/845/845
f 841/841/841 839/839/839 846/846/846
f 839/839/839 847/847/847 846/846/846
f 847/847/847 839/839/839 848/848/848
f 839/839/839 849/849/849 848/848/848
f 849/849/849 839/839/839 840/840/840
f 848/848/848 849/849/849 850/850/850
f 851/851/851 840/840/840 820/820/820
f 849/849/849 840/840/840 851/851/851
f 849/849/849 852/852/852 850/850/850
f 852/852/852 849/849/849 851/851/851
f 852/852/852 853/853/853 850/850/850
f 853/853/853 852/852/852 851/851/851
f 853/853/853 854/854/854 850/850/850
f 853/853/853 855/855/855 854/854/854
f 855/855/855 856/856/856 854/854/854
f 856/856/856 855/855/855 857/857/857
f 858/858/858 851/851/851 820/820/820
f 858/858/858 853/853/853 851/851/851
f 855/855/855 853/853/853 858/858/858
f 819/819/819 858/858/858 820/820/820
f 859/859/859 858/858/858 819/819/819
f 859/859/859 855/855/855 858/858/858
f 821/821/821 859/859/859 819/819/819
f 859/859/859 821/821/821 860/860/860
f 861/861/861 859/859/859 860/860/860
f 855/855/855 859/859/859 861/861/861
f 855/855/855 862/862/862 857/857/857
f 862/862/862 855/855/855 861/861/861
f 862/862/862 861/861/861 863/863/863
f 864/864/864 862/862/862 863/863/863
f 857/857/857 862/862/862 865/865/865
f 862/862/862 864/864/864 865/865/865
f 864/864/864 866/866/866 865/865/865
f 866/866/866 867/867/867 865/865/865
f 866/866/866 868/868/868 867/867/867
f 868/868/868 869/869/869 867/867/867
f 872/872/872 871/871/871 870/870/870
f 873/873/873 872/872/872 870/870/870
f 873/873/873 870/870/870 874/874/874
f 870/870/870 875/875/875 874/874/874
f 876/876/876 872/872/872 873/873/873
f 875/875/875 877/877/877 874/874/874
f 878/878/878 873/873/873 874/874/874
f 879/879/879 876/876/876 873/873/873
f 879/879/879 873/873/873 878/878/878
f 877/877/877 880/880/880 874/874/874
f 881/881/881 880/880/880 877/877/877
f 882/882/882 881/881/881 877/877/877
f 881/881/881 883/883/883 880/880/880
f 883/883/883 884/884/884 880/880/880
f 884/884/884 883/883/883 885/885/885
f 884/884/884 885/885/885 886/886/886
f 880/880/880 887/887/887 874/874/874
f 880/880/880 884/884/884 887/887/887
f 888/888/888 878/878/878 874/874/874
f 887/887/887 888/888/888 874/874/874
f 884/884/884 889/889/889 887/887/887
f 889/889/889 884/884/884 886/886/886
f 889/889/889 890/890/890 887/887/887
f 890/890/890 889/889/889 886/886/886
f 890/890/890 888/888/888 887/887/887
f 890/890/890 891/891/891 888/888/888
f 892/892/892 890/890/890 886/886/886
f 891/891/891 890/890/890 892/892/892
f 892/892/892 886/886/886 893/893/893
f 894/894/894 892/892/892 893/893/893
f 895/895/895 892/892/892 894/894/894
f 895/895/895 891/891/891 892/892/892
f 896/896/896 895/895/895 894/894/894
f 895/895/895 896/896/896 897/897/897
f 898/898/898 895/895/895 897/897/897
f 891/891/891 895/895/895 898/898/898
f 888/888/888 899/899/899 878/878/878
f 891/891/891 899/899/899 888/888/888
f 900/900/900 891/891/891 898/898/898
f 900/900/900 898/898/898 901/901/901
f 902/902/902 900/900/900 901/901/901
f 900/900/900 902/902/902 903/903/903
f 891/891/891 900/900/900 904/904/904
f 904/904/904 900/900/900 903/903/903
f 899/899/899 891/891/891 904/904/904
f 904/904/904 903/903/903 905/905/905
f 899/899/899 906/906/906 878/878/878
f 906/906/906 879/879/879 878/878/878
f 899/899/899 904/904/904 907/907/907
f 906/906/906 899/899/899 907/907/907
f 907/907/907 904/904/904 905/905/905
f 879/879/879 906/906/906 907/907/907
f 908/908/908 907/907/907 905/905/905
f 908/908/908 879/879/879 907/907/907
f 909/909/909 908/908/908 905/905/905
f 876/876/876 879/879/879 908/908/908
f 910/910/910 908/908/908 909/909/909
f 910/910/910 876/876/876 908/908/908
f 911/911/911 910/910/910 909/909/909
f 876/876/876 910/910/910 912/912/912
f 913/913/913 876/876/876 912/912/912
f 916/916/916 915/915/915 914/914/914
f 915/915/915 917/917/917 914/914/914
f 914/914/914 917/917/917 918/918/918
f 915/915/915 919/919/919 917/917/917
f 919/919/919 920/920/920 917/917/917
f 919/919/919 915/915/915 921/921/921
f 922/922/922 919/919/919 921/921/921
f 925/925/925 924/924/924 923/923/923
f 924/924/924 926/926/926 923/923/923
f 923/923/923 926/926/926 927/927/927
f 923/923/923 927/927/927 928/928/928
f 929/929/929 923/923/923 928/928/928
f 926/926/926 924/924/924 930/930/930
f 924/924/924 931/931/931 930/930/930
f 931/931/931 924/924/924 932/932/932
f 931/931/931 932/932/932 933/933/933
f 934/934/934 931/931/931 933/933/933
f 931/931/931 934/934/934 935/935/935
f 930/930/930 931/931/931 935/935/935
f 930/930/930 935/935/935 936/936/936
f 926/926/926 930/930/930 937/937/937
f 937/937/937 930/930/930 936/936/936
f 926/926/926 938/938/938 927/927/927
f 938/938/938 926/926/926 937/937/937
f 939/939/939 937/937/937 936/936/936
f 940/940/940 939/939/939 936/936/936
f 941/941/941 938/938/938 937/937/937
f 938/938/938 941/941/941 927/927/927
f 939/939/939 941/941/941 937/937/937
f 942/942/942 941/941/941 939/939/939
f 943/943/943 939/939/939 940/940/940
f 943/943/943 942/942/942 939/939/939
f 944/944/944 943/943/943 940/940/940
f 943/943/943 944/944/944 945/945/945
f 941/941/941 946/946/946 927/927/927
f 941/941/941 942/942/942 946/946/946
f 927/927/927 946/946/946 928/928/928
f 947/947/947 943/943/943 945/945/945
f 942/942/942 943/943/943 947/947/947
f 947/947/947 945/945/945 948/948/948
f 949/949/949 947/947/947 948/948/948
f 950/950/950 942/942/942 947/947/947
f 950/950/950 947/947/947 949/949/949
f 951/951/951 949/949/949 948/948/948
f 952/952/952 951/951/951 948/948/948
f 953/953/953 951/951/951 952/952/952
f 953/953/953 954/954/954 951/951/951
f 955/955/955 953/953/953 952/952/952
f 953/953/953 955/955/955 956/956/956
f 957/957/957 953/953/953 956/956/956
f 954/954/954 953/953/953 957/957/957
f 951/951/951 958/958/958 949/949/949
f 954/954/954 958/958/958 951/951/951
f 959/959/959 950/950/950 949/949/949
f 958/958/958 959/959/959 949/949/949
f 950/950/950 959/959/959 960/960/960
f 959/959/959 958/958/958 960/960/960
f 942/942/942 950/950/950 961/961/961
f 961/961/961 950/950/950 960/960/960
f 961/961/961 960/960/960 962/962/962
f 958/958/958 963/963/963 960/960/960
f 958/958/958 954/954/954 963/963/963
f 960/960/960 963/963/963 962/962/962
f 964/964/964 942/942/942 961/961/961
f 942/942/942 964/964/964 946/946/946
f 965/965/965 954/954/954 957/957/957
f 965/965/965 957/957/957 966/966/966
f 967/967/967 965/965/965 966/966/966
f 965/965/965 967/967/967 968/968/968
f 969/969/969 965/965/965 968/968/968
f 954/954/954 965/965/965 969/969/969
f 969/969/969 968/968/968 970/970/970
f 954/954/954 971/971/971 963/963/963
f 971/971/971 954/954/954 969/969/969
f 972/972/972 969/969/969 970/970/970
f 971/971/971 969/969/969 972/972/972
f 973/973/973 972/972/972 970/970/970
f 973/973/973 974/974/974 972/972/972
f 963/963/963 971/971/971 975/975/975
f 963/963/963 975/975/975 962/962/962
f 976/976/976 971/971/971 972/972/972
f 974/974/974 976/976/976 972/972/972
f 971/971/971 976/976/976 975/975/975
f 976/976/976 974/974/974 975/975/975
f 974/974/974 977/977/977 975/975/975
f 975/975/975 977/977/977 962/962/962
f 974/974/974 978/978/978 977/977/977
f 978/978/978 979/979/979 977/977/977
f 979/979/979 978/978/978 980/980/980
f 978/978/978 981/981/981 980/980/980
f 979/979/979 980/980/980 982/982/982
f 977/977/977 979/979/979 983/983/983
f 977/977/977 983/983/983 962/962/962
f 984/984/984 979/979/979 982/982/982
f 979/979/979 984/984/984 983/983/983
f 985/985/985 984/984/984 982/982/982
f 984/984/984 985/985/985 983/983/983
f 986/986/986 985/985/985 982/982/982
f 987/987/987 985/985/985 986/986/986
f 988/988/988 987/987/987 986/986/986
f 987/987/987 988/988/988 989/989/989
f 985/985/985 990/990/990 983/983/983
f 983/983/983 990/990/990 962/962/962
f 985/985/985 987/987/987 990/990/990
f 990/990/990 991/991/991 962/962/962
f 991/991/991 961/961/961 962/962/962
f 964/964/964 961/961/961 991/991/991
f 990/990/990 992/992/992 991/991/991
f 987/987/987 992/992/992 990/990/990
f 993/993/993 987/987/987 989/989/989
f 993/993/993 989/989/989 994/994/994
f 995/995/995 964/964/964 991/991/991
f 992/992/992 995/995/995 991/991/991
f 964/964/964 995/995/995 996/996/996
f 995/995/995 992/992/992 996/996/996
f 946/946/946 964/964/964 996/996/996
f 946/946/946 996/996/996 928/928/928
f 992/992/992 987/987/987 997/997/997
f 992/992/992 997/997/997 996/996/996
f 987/987/987 993/993/993 997/997/997
f 996/996/996 997/997/997 928/928/928
f 997/997/997 993/993/993 998/998/998
f 997/997/997 998/998/998 928/928/928
f 999/999/999 993/993/993 994/994/994
f 993/993/993 999/999/999 998/998/998
f 1000/1000/1000 999/999/999 994/994/994
f 999/999/999 1000/1000/1000 998/998/998
f 1001/1001/1001 1000/1000/1000 994/994/994
f 1002/1002/1002 1000/1000/1000 1001/1001/1001
f 1003/1003/1003 1002/1002/1002 1001/1001/1001
f 1002/1002/1002 1003/1003/1003 1004/1004/1004
f 1005/1005/1005 1002/1002/1002 1004/1004/1004
f 1002/1002/1002 1005/1005/1005 1006/1006/1006
f 998/998/998 1007/1007/1007 928/928/928
f 1000/1000/1000 1007/1007/1007 998/998/998
f 1000/1000/1000 1002/1002/1002 1007/1007/1007
f 1007/1007/1007 929/929/929 928/928/928
f 1008/1008/1008 1002/1002/1002 1006/1006/1006
f 1002/1002/1002 1008/1008/1008 1007/1007/1007
f 1007/1007/1007 1008/1008/1008 929/929/929
f 1008/1008/1008 1006/1006/1006 1009/1009/1009
f 1008/1008/1008 1010/1010/1010 929/929/929
f 1010/1010/1010 1008/1008/1008 1009/1009/1009
f 1013/1013/1013 1012/1012/1012 1011/1011/1011
f 1014/1014/1014 1013/1013/1013 1011/1011/1011
f 1015/1015/1015 1013/1013/1013 1014/1014/1014
f 1015/1015/1015 1016/1016/1016 1013/1013/1013
f 1016/1016/1016 1017/1017/1017 1013/1013/1013
f 1017/1017/1017 1016/1016/1016 1018/1018/1018
f 1016/1016/1016 1019/1019/1019 1018/1018/1018
f 1019/1019/1019 1016/1016/1016 1020/1020/1020
f 1016/1016/1016 1021/1021/1021 1020/1020/1020
f 1020/1020/1020 1021/1021/1021 1022/1022/1022
f 1021/1021/1021 1023/1023/1023 1022/1022/1022
f 1023/1023/1023 1021/1021/1021 1024/1024/1024
f 1021/1021/1021 1016/1016/1016 1025/1025/1025
f 1021/1021/1021 1025/1025/1025 1024/1024/1024
f 1016/1016/1016 1015/1015/1015 1025/1025/1025
f 1024/1024/1024 1025/1025/1025 1026/1026/1026
f 1027/1027/1027 1015/1015/1015 1014/1014/1014
f 1028/1028/1028 1027/1027/1027 1014/1014/1014
f 1025/1025/1025 1015/1015/1015 1029/1029/1029
f 1015/1015/1015 1027/1027/1027 1029/1029/1029
f 1025/1025/1025 1029/1029/1029 1026/1026/1026
f 1027/1027/1027 1028/1028/1028 1029/1029/1029
f 1029/1029/1029 1030/1030/1030 1026/1026/1026
f 1028/1028/1028 1030/1030/1030 1029/1029/1029
f 1030/1030/1030 1031/1031/1031 1026/1026/1026
f 1028/1028/1028 1032/1032/1032 1030/1030/1030
f 1030/1030/1030 1033/1033/1033 1031/1031/1031
f 1032/1032/1032 1033/1033/1033 1030/1030/1030
f 1033/1033/1033 1034/1034/1034 1031/1031/1031
f 1033/1033/1033 1032/1032/1032 1035/1035/1035
f 1034/1034/1034 1033/1033/1033 1036/1036/1036
f 1033/1033/1033 1035/1035/1035 1036/1036/1036
f 1039/1039/1039 1038/1038/1038 1037/1037/1037
f 1038/1038/1038 1039/1039/1039 1040/1040/1040
f 1041/1041/1041 1038/1038/1038 1040/1040/1040
f 1042/1042/1042 1041/1041/1041 1040/1040/1040
f 1045/1045/1045 1044/1044/1044 1043/1043/1043
f 1044/1044/1044 1046/1046/1046 1043/1043/1043
f 1046/1046/1046 1047/1047/1047 1043/1043/1043
f 1047/1047/1047 1048/1048/1048 1043/1043/1043
f 1047/1047/1047 1049/1049/1049 1048/1048/1048
f 1049/1049/1049 1050/1050/1050 1048/1048/1048
f 1050/1050/1050 1049/1049/1049 1051/1051/1051
f 1049/1049/1049 1052/1052/1052 1051/1051/1051
f 1051/1051/1051 1052/1052/1052 1053/1053/1053
f 1052/1052/1052 1054/1054/1054 1053/1053/1053
f 1054/1054/1054 1055/1055/1055 1053/1053/1053
f 1055/1055/1055 1056/1056/1056 1053/1053/1053
f 1055/1055/1055 1057/1057/1057 1056/1056/1056
f 1057/1057/1057 1058/1058/1058 1056/1056/1056
f 1058/1058/1058 1057/1057/1057 1059/1059/1059
f 1057/1057/1057 1060/1060/1060 1059/1059/1059
f 1059/1059/1059 1060/1060/1060 1061/1061/1061
f 1060/1060/1060 1062/1062/1062 1061/1061/1061
f 1062/1062/1062 1063/1063/1063 1061/1061/1061
f 1063/1063/1063 1064/1064/1064 1061/1061/1061
f 1063/1063/1063 1065/1065/1065 1064/1064/1064
f 1065/1065/1065 1066/1066/1066 1064/1064/1064
f 1066/1066/1066 1065/1065/1065 1067/1067/1067
f 1065/1065/1065 1068/1068/1068 1067/1067/1067
f 1067/1067/1067 1068/1068/1068 1069/1069/1069
f 1068/1068/1068 1070/1070/1070 1069/1069/1069
f 1070/1070/1070 1071/1071/1071 1069/1069/1069
f 1071/1071/1071 1072/1072/1072 1069/1069/1069
f 1071/1071/1071 1073/1073/1073 1072/1072/1072
f 1073/1073/1073 1074/1074/1074 1072/1072/1072
f 1074/1074/1074 1073/1073/1073 1075/1075/1075
f 1073/1073/1073 1076/1076/1076 1075/1075/1075
f 1075/1075/1075 1076/1076/1076 1077/1077/1077
f 1076/1076/1076 1078/1078/1078 1077/1077/1077
f 1078/1078/1078 1079/1079/1079 1077/1077/1077
f 1079/1079/1079 1080/1080/1080 1077/1077/1077
f 1079/1079/1079 1081/1081/1081 1080/1080/1080
f 1081/1081/1081 1082/1082/1082 1080/1080/1080
f 1082/1082/1082 1081/1081/1081 1083/1083/1083
f 1081/1081/1081 1084/1084/1084 1083/1083/1083
f 1083/1083/1083 1084/1084/1084 1085/1085/1085
f 1084/1084/1084 1086/1086/1086 1085/1085/1085
f 1086/1086/1086 1087/1087/1087 1085/1085/1085
f 1087/1087/1087 1088/1088/1088 1085/1085/1085
f 1087/1087/1087 1089/1089/1089 1088/1088/1088
f 1089/1089/1089 1090/1090/1090 1088/1088/1088
f 1090/1090/1090 1089/1089/1089 1091/1091/1091
f 1089/1089/1089 1092/1092/1092 1091/1091/1091
f 1091/1091/1091 1092/1092/1092 1093/1093/1093
f 1092/1092/1092 1094/1094/1094 1093/1093/1093
f 1094/1094/1094 1095/1095/1095 1093/1093/1093
f 1095/1095/1095 1096/1096/1096 1093/1093/1093
f 1095/1095/1095 1097/1097/1097 1096/1096/1096
f 1097/1097/1097 1098/1098/1098 1096/1096/1096
f 1098/1098/1098 1097/1097/1097 1099/1099/1099
f 1097/1097/1097 1100/1100/1100 1099/1099/1099
f 1099/1099/1099 1100/1100/1100 1101/1101/1101
f 1100/1100/1100 1102/1102/1102 1101/1101/1101
f 1102/1102/1102 1103/1103/1103 1101/1101/1101
f 1103/1103/1103 1104/1104/1104 1101/1101/1101
f 1103/1103/1103 1105/1105/1105 1104/1104/1104
f 1105/1105/1105 1106/1106/1106 1104/1104/1104
f 1106/1106/1106 1105/1105/1105 1107/1107/1107
f 1105/1105/1105 1108/1108/1108 1107/1107/1107
f 1107/1107/1107 1108/1108/1108 1109/1109/1109
f 1108/1108/1108 1110/1110/1110 1109/1109/1109
f 1110/1110/1110 1111/1111/1111 1109/1109/1109
f 1111/1111/1111 1112/1112/1112 1109/1109/1109
f 1111/1111/1111 1113/1113/1113 1112/1112/1112
f 1113/1113/1113 1114/1114/1114 1112/1112/1112
f 1114/1114/1114 1113/1113/1113 1115/1115/1115
f 1113/1113/1113 1116/1116/1116 1115/1115/1115
f 1115/1115/1115 1116/1116/1116 1117/1117/1117
f 1116/1116/1116 1118/1118/1118 1117/1117/1117
f 1118/1118/1118 1119/1119/1119 1117/1117/1117
f 1119/1119/1119 1120/1120/1120 1117/1117/1117
f 1119/1119/1119 1121/1121/1121 1120/1120/1120
f 1121/1121/1121 1122/1122/1122 1120/1120/1120
f 1122/1122/1122 1121/1121/1121 1123/1123/1123
f 1121/1121/1121 1124/1124/1124 1123/1123/1123
f 1123/1123/1123 1124/1124/1124 1125/1125/1125
f 1124/1124/1124 1126/1126/1126 1125/1125/1125
f 1126/1126/1126 1127/1127/1127 1125/1125/1125
f 1127/1127/1127 1128/1128/1128 1125/1125/1125
f 1127/1127/1127 1129/1129/1129 1128/1128/1128
f 1129/1129/1129 1130/1130/1130 1128/1128/1128
f 1130/1130/1130 1129/1129/1129 1131/1131/1131
f 1134/1134/1134 1133/1133/1133 1132/1132/1132
f 1135/1135/1135 1134/1134/1134 1132/1132/1132
f 1134/1134/1134 1135/1135/1135 1136/1136/1136
f 1137/1137/1137 1134/1134/1134 1136/1136/1136
f 1137/1137/1137 1136/1136/1136 1138/1138/1138
f 1139/1139/1139 1137/1137/1137 1138/1138/1138
f 1140/1140/1140 1139/1139/1139 1138/1138/1138
f 1141/1141/1141 1140/1140/1140 1138/1138/1138
f 1142/1142/1142 1140/1140/1140 1141/1141/1141
f 1145/1145/1145 1144/1144/1144 1143/1143/1143
f 1146/1146/1146 1145/1145/1145 1143/1143/1143
f 1145/1145/1145 1146/1146/1146 1147/1147/1147
f 1148/1148/1148 1145/1145/1145 1147/1147/1147
f 1148/1148/1148 1147/1147/1147 1149/1149/1149
f 1150/1150/1150 1148/1148/1148 1149/1149/1149
f 1151/1151/1151 1150/1150/1150 1149/1149/1149
f 1152/1152/1152 1146/1146/1146 1143/1143/1143
f 1146/1146/1146 1152/1152/1152 1147/1147/1147
f 1147/1147/1147 1153/1153/1153 1149/1149/1149
f 1152/1152/1152 1153/1153/1153 1147/1147/1147
f 1152/1152/1152 1154/1154/1154 1153/1153/1153
f 1155/1155/1155 1152/1152/1152 1143/1143/1143
f 1154/1154/1154 1152/1152/1152 1155/1155/1155
f 1155/1155/1155 1143/1143/1143 1156/1156/1156
f 1157/1157/1157 1155/1155/1155 1156/1156/1156
f 1158/1158/1158 1155/1155/1155 1157/1157/1157
f 1158/1158/1158 1154/1154/1154 1155/1155/1155
f 1159/1159/1159 1158/1158/1158 1157/1157/1157
f 1158/1158/1158 1159/1159/1159 1160/1160/1160
f 1161/1161/1161 1158/1158/1158 1160/1160/1160
f 1154/1154/1154 1158/1158/1158 1161/1161/1161
f 1162/1162/1162 1151/1151/1151 1149/1149/1149
f 1163/1163/1163 1151/1151/1151 1162/1162/1162
f 1164/1164/1164 1163/1163/1163 1162/1162/1162
f 1165/1165/1165 1164/1164/1164 1162/1162/1162
f 1166/1166/1166 1165/1165/1165 1162/1162/1162
f 1166/1166/1166 1162/1162/1162 1149/1149/1149
f 1167/1167/1167 1165/1165/1165 1166/1166/1166
f 1168/1168/1168 1166/1166/1166 1149/1149/1149
f 1153/1153/1153 1168/1168/1168 1149/1149/1149
f 1169/1169/1169 1167/1167/1167 1166/1166/1166
f 1169/1169/1169 1166/1166/1166 1168/1168/1168
f 1153/1153/1153 1170/1170/1170 1168/1168/1168
f 1154/1154/1154 1170/1170/1170 1153/1153/1153
f 1171/1171/1171 1154/1154/1154 1161/1161/1161
f 1171/1171/1171 1161/1161/1161 1172/1172/1172
f 1173/1173/1173 1171/1171/1171 1172/1172/1172
f 1171/1171/1171 1173/1173/1173 1174/1174/1174
f 1154/1154/1154 1171/1171/1171 1175/1175/1175
f 1175/1175/1175 1171/1171/1171 1174/1174/1174
f 1170/1170/1170 1154/1154/1154 1175/1175/1175
f 1175/1175/1175 1174/1174/1174 1176/1176/1176
f 1170/1170/1170 1177/1177/1177 1168/1168/1168
f 1177/1177/1177 1169/1169/1169 1168/1168/1168
f 1170/1170/1170 1175/1175/1175 1178/1178/1178
f 1177/1177/1177 1170/1170/1170 1178/1178/1178
f 1178/1178/1178 1175/1175/1175 1176/1176/1176
f 1169/1169/1169 1177/1177/1177 1178/1178/1178
f 1167/1167/1167 1169/1169/1169 1179/1179/1179
f 1179/1179/1179 1169/1169/1169 1178/1178/1178
f 1179/1179/1179 1178/1178/1178 1176/1176/1176
f 1180/1180/1180 1167/1167/1167 1179/1179/1179
f 1181/1181/1181 1179/1179/1179 1176/1176/1176
f 1180/1180/1180 1179/1179/1179 1181/1181/1181
f 1182/1182/1182 1180/1180/1180 1181/1181/1181
f 1185/1185/1185 1184/1184/1184 1183/1183/1183
f 1184/1184/1184 1186/1186/1186 1183/1183/1183
f 1184/1184/1184 1187/1187/1187 1186/1186/1186
f 1188/1188/1188 1187/1187/1187 1184/1184/1184
f 1187/1187/1187 1189/1189/1189 1186/1186/1186
f 1190/1190/1190 1188/1188/1188 1184/1184/1184
f 1189/1189/1189 1187/1187/1187 1191/1191/1191
f 1188/1188/1188 1190/1190/1190 1192/1192/1192
f 1187/1187/1187 1193/1193/1193 1191/1191/1191
f 1187/1187/1187 1188/1188/1188 1193/1193/1193
f 1191/1191/1191 1193/1193/1193 1194/1194/1194
f 1195/1195/1195 1188/1188/1188 1192/1192/1192
f 1195/1195/1195 1192/1192/1192 1196/1196/1196
f 1193/1193/1193 1197/1197/1197 1194/1194/1194
f 1188/1188/1188 1198/1198/1198 1193/1193/1193
f 1193/1193/1193 1198/1198/1198 1197/1197/1197
f 1188/1188/1188 1195/1195/1195 1199/1199/1199
f 1198/1198/1198 1188/1188/1188 1199/1199/1199
f 1197/1197/1197 1200/1200/1200 1194/1194/1194
f 1200/1200/1200 1201/1201/1201 1194/1194/1194
f 1200/1200/1200 1202/1202/1202 1201/1201/1201
f 1203/1203/1203 1202/1202/1202 1200/1200/1200
f 1202/1202/1202 1204/1204/1204 1201/1201/1201
f 1204/1204/1204 1202/1202/1202 1205/1205/1205
f 1202/1202/1202 1206/1206/1206 1205/1205/1205
f 1202/1202/1202 1203/1203/1203 1206/1206/1206
f 1205/1205/1205 1206/1206/1206 1207/1207/1207
f 1208/1208/1208 1200/1200/1200 1197/1197/1197
f 1208/1208/1208 1203/1203/1203 1200/1200/1200
f 1198/1198/1198 1209/1209/1209 1197/1197/1197
f 1209/1209/1209 1208/1208/1208 1197/1197/1197
f 1209/1209/1209 1198/1198/1198 1210/1210/1210
f 1208/1208/1208 1209/1209/1209 1210/1210/1210
f 1198/1198/1198 1199/1199/1199 1210/1210/1210
f 1210/1210/1210 1199/1199/1199 1211/1211/1211
f 1212/1212/1212 1208/1208/1208 1210/1210/1210
f 1203/1203/1203 1208/1208/1208 1212/1212/1212
f 1212/1212/1212 1210/1210/1210 1211/1211/1211
f 1199/1199/1199 1213/1213/1213 1211/1211/1211
f 1199/1199/1199 1195/1195/1195 1213/1213/1213
f 1195/1195/1195 1214/1214/1214 1213/1213/1213
f 1214/1214/1214 1195/1195/1195 1196/1196/1196
f 1215/1215/1215 1214/1214/1214 1196/1196/1196
f 1214/1214/1214 1215/1215/1215 1213/1213/1213
f 1216/1216/1216 1215/1215/1215 1196/1196/1196
f 1215/1215/1215 1217/1217/1217 1213/1213/1213
f 1213/1213/1213 1217/1217/1217 1211/1211/1211
f 1218/1218/1218 1215/1215/1215 1216/1216/1216
f 1215/1215/1215 1218/1218/1218 1217/1217/1217
f 1219/1219/1219 1218/1218/1218 1216/1216/1216
f 1218/1218/1218 1220/1220/1220 1217/1217/1217
f 1217/1217/1217 1220/1220/1220 1221/1221/1221
f 1217/1217/1217 1221/1221/1221 1211/1211/1211
f 1220/1220/1220 1222/1222/1222 1221/1221/1221
f 1222/1222/1222 1223/1223/1223 1221/1221/1221
f 1223/1223/1223 1224/1224/1224 1221/1221/1221
f 1221/1221/1221 1224/1224/1224 1211/1211/1211
f 1223/1223/1223 1225/1225/1225 1224/1224/1224
f 1224/1224/1224 1226/1226/1226 1211/1211/1211
f 1226/1226/1226 1212/1212/1212 1211/1211/1211
f 1225/1225/1225 1227/1227/1227 1224/1224/1224
f 1224/1224/1224 1227/1227/1227 1226/1226/1226
f 1228/1228/1228 1212/1212/1212 1226/1226/1226
f 1228/1228/1228 1203/1203/1203 1212/1212/1212
f 1227/1227/1227 1225/1225/1225 1229/1229/1229
f 1225/1225/1225 1230/1230/1230 1229/1229/1229
f 1227/1227/1227 1231/1231/1231 1226/1226/1226
f 1231/1231/1231 1228/1228/1228 1226/1226/1226
f 1231/1231/1231 1227/1227/1227 1232/1232/1232
f 1228/1228/1228 1231/1231/1231 1232/1232/1232
f 1227/1227/1227 1229/1229/1229 1232/1232/1232
f 1232/1232/1232 1229/1229/1229 1233/1233/1233
f 1229/1229/1229 1230/1230/1230 1234/1234/1234
f 1229/1229/1229 1234/1234/1234 1233/1233/1233
f 1230/1230/1230 1235/1235/1235 1234/1234/1234
f 1235/1235/1235 1236/1236/1236 1234/1234/1234
f 1237/1237/1237 1228/1228/1228 1232/1232/1232
f 1203/1203/1203 1228/1228/1228 1237/1237/1237
f 1237/1237/1237 1232/1232/1232 1233/1233/1233
f 1236/1236/1236 1238/1238/1238 1234/1234/1234
f 1234/1234/1234 1238/1238/1238 1233/1233/1233
f 1236/1236/1236 1239/1239/1239 1238/1238/1238
f 1240/1240/1240 1203/1203/1203 1237/1237/1237
f 1203/1203/1203 1240/1240/1240 1206/1206/1206
f 1241/1241/1241 1237/1237/1237 1233/1233/1233
f 1240/1240/1240 1237/1237/1237 1241/1241/1241
f 1206/1206/1206 1240/1240/1240 1242/1242/1242
f 1206/1206/1206 1242/1242/1242 1207/1207/1207
f 1243/1243/1243 1240/1240/1240 1241/1241/1241
f 1240/1240/1240 1243/1243/1243 1242/1242/1242
f 1242/1242/1242 1244/1244/1244 1207/1207/1207
f 1244/1244/1244 1245/1245/1245 1207/1207/1207
f 1243/1243/1243 1246/1246/1246 1242/1242/1242
f 1246/1246/1246 1243/1243/1243 1241/1241/1241
f 1246/1246/1246 1244/1244/1244 1242/1242/1242
f 1246/1246/1246 1247/1247/1247 1244/1244/1244
f 1244/1244/1244 1248/1248/1248 1245/1245/1245
f 1247/1247/1247 1248/1248/1248 1244/1244/1244
f 1248/1248/1248 1249/1249/1249 1245/1245/1245
f 1249/1249/1249 1248/1248/1248 1250/1250/1250
f 1251/1251/1251 1246/1246/1246 1241/1241/1241
f 1251/1251/1251 1241/1241/1241 1233/1233/1233
f 1247/1247/1247 1246/1246/1246 1251/1251/1251
f 1248/1248/1248 1252/1252/1252 1250/1250/1250
f 1248/1248/1248 1247/1247/1247 1252/1252/1252
f 1250/1250/1250 1252/1252/1252 1253/1253/1253
f 1252/1252/1252 1254/1254/1254 1253/1253/1253
f 1252/1252/1252 1255/1255/1255 1254/1254/1254
f 1247/1247/1247 1255/1255/1255 1252/1252/1252
f 1255/1255/1255 1256/1256/1256 1254/1254/1254
f 1256/1256/1256 1255/1255/1255 1257/1257/1257
f 1255/1255/1255 1258/1258/1258 1257/1257/1257
f 1255/1255/1255 1247/1247/1247 1258/1258/1258
f 1257/1257/1257 1258/1258/1258 1259/1259/1259
f 1260/1260/1260 1251/1251/1251 1233/1233/1233
f 1238/1238/1238 1260/1260/1260 1233/1233/1233
f 1261/1261/1261 1247/1247/1247 1251/1251/1251
f 1247/1247/1247 1261/1261/1261 1258/1258/1258
f 1261/1261/1261 1251/1251/1251 1260/1260/1260
f 1258/1258/1258 1262/1262/1262 1259/1259/1259
f 1258/1258/1258 1261/1261/1261 1262/1262/1262
f 1238/1238/1238 1263/1263/1263 1260/1260/1260
f 1239/1239/1239 1263/1263/1263 1238/1238/1238
f 1264/1264/1264 1261/1261/1261 1260/1260/1260
f 1261/1261/1261 1264/1264/1264 1262/1262/1262
f 1263/1263/1263 1264/1264/1264 1260/1260/1260
f 1264/1264/1264 1263/1263/1263 1262/1262/1262
f 1262/1262/1262 1265/1265/1265 1259/1259/1259
f 1263/1263/1263 1265/1265/1265 1262/1262/1262
f 1263/1263/1263 1239/1239/1239 1265/1265/1265
f 1265/1265/1265 1266/1266/1266 1259/1259/1259
f 1239/1239/1239 1267/1267/1267 1265/1265/1265
f 1265/1265/1265 1267/1267/1267 1266/1266/1266
f 1267/1267/1267 1268/1268/1268 1266/1266/1266
f 1271/1271/1271 1270/1270/1270 1269/1269/1269
f 1270/1270/1270 1272/1272/1272 1269/1269/1269
f 1272/1272/1272 1273/1273/1273 1269/1269/1269
f 1273/1273/1273 1274/1274/1274 1269/1269/1269
f 1273/1273/1273 1275/1275/1275 1274/1274/1274
f 1275/1275/1275 1276/1276/1276 1274/1274/1274
f 1276/1276/1276 1275/1275/1275 1277/1277/1277
f 1275/1275/1275 1278/1278/1278 1277/1277/1277
f 1277/1277/1277 1278/1278/1278 1279/1279/1279
f 1278/1278/1278 1280/1280/1280 1279/1279/1279
f 1280/1280/1280 1281/1281/1281 1279/1279/1279
f 1281/1281/1281 1282/1282/1282 1279/1279/1279
f 1285/1285/1285 1284/1284/1284 1283/1283/1283
f 1284/1284/1284 1286/1286/1286 1283/1283/1283
f 1286/1286/1286 1287/1287/1287 1283/1283/1283
f 1287/1287/1287 1288/1288/1288 1283/1283/1283
f 1287/1287/1287 1289/1289/1289 1288/1288/1288
f 1289/1289/1289 1290/1290/1290 1288/1288/1288
f 1287/1287/1287 1286/1286/1286 1291/1291/1291
f 1290/1290/1290 1289/1289/1289 1292/1292/1292
f 1293/1293/1293 1287/1287/1287 1291/1291/1291
f 1289/1289/1289 1287/1287/1287 1293/1293/1293
f 1293/1293/1293 1291/1291/1291 1294/1294/1294
f 1289/1289/1289 1295/1295/1295 1292/1292/1292
f 1292/1292/1292 1295/1295/1295 1296/1296/1296
f 1297/1297/1297 1293/1293/1293 1294/1294/1294
f 1298/1298/1298 1289/1289/1289 1293/1293/1293
f 1298/1298/1298 1293/1293/1293 1297/1297/1297
f 1295/1295/1295 1289/1289/1289 1299/1299/1299
f 1289/1289/1289 1298/1298/1298 1299/1299/1299
f 1300/1300/1300 1297/1297/1297 1294/1294/1294
f 1301/1301/1301 1300/1300/1300 1294/1294/1294
f 1302/1302/1302 1300/1300/1300 1301/1301/1301
f 1302/1302/1302 1303/1303/1303 1300/1300/1300
f 1303/1303/1303 1302/1302/1302 1304/1304/1304
f 1300/1300/1300 1305/1305/1305 1297/1297/1297
f 1303/1303/1303 1305/1305/1305 1300/1300/1300
f 1306/1306/1306 1298/1298/1298 1297/1297/1297
f 1305/1305/1305 1306/1306/1306 1297/1297/1297
f 1298/1298/1298 1306/1306/1306 1307/1307/1307
f 1306/1306/1306 1305/1305/1305 1307/1307/1307
f 1299/1299/1299 1298/1298/1298 1307/1307/1307
f 1299/1299/1299 1307/1307/1307 1308/1308/1308
f 1305/1305/1305 1309/1309/1309 1307/1307/1307
f 1305/1305/1305 1303/1303/1303 1309/1309/1309
f 1307/1307/1307 1309/1309/1309 1308/1308/1308
f 1295/1295/1295 1299/1299/1299 1310/1310/1310
f 1310/1310/1310 1299/1299/1299 1308/1308/1308
f 1311/1311/1311 1303/1303/1303 1304/1304/1304
f 1311/1311/1311 1304/1304/1304 1312/1312/1312
f 1313/1313/1313 1311/1311/1311 1312/1312/1312
f 1311/1311/1311 1313/1313/1313 1314/1314/1314
f 1315/1315/1315 1311/1311/1311 1314/1314/1314
f 1303/1303/1303 1311/1311/1311 1315/1315/1315
f 1315/1315/1315 1314/1314/1314 1316/1316/1316
f 1303/1303/1303 1317/1317/1317 1309/1309/1309
f 1317/1317/1317 1303/1303/1303 1315/1315/1315
f 1318/1318/1318 1315/1315/1315 1316/1316/1316
f 1317/1317/1317 1315/1315/1315 1318/1318/1318
f 1309/1309/1309 1317/1317/1317 1319/1319/1319
f 1309/1309/1309 1319/1319/1319 1308/1308/1308
f 1320/1320/1320 1295/1295/1295 1310/1310/1310
f 1295/1295/1295 1320/1320/1320 1296/1296/1296
f 1320/1320/1320 1321/1321/1321 1296/1296/1296
f 1321/1321/1321 1320/1320/1320 1310/1310/1310
f 1321/1321/1321 1322/1322/1322 1296/1296/1296
f 1321/1321/1321 1323/1323/1323 1322/1322/1322
f 1323/1323/1323 1324/1324/1324 1322/1322/1322
f 1324/1324/1324 1323/1323/1323 1325/1325/1325
f 1326/1326/1326 1321/1321/1321 1310/1310/1310
f 1326/1326/1326 1310/1310/1310 1308/1308/1308
f 1323/1323/1323 1321/1321/1321 1326/1326/1326
f 1327/1327/1327 1317/1317/1317 1318/1318/1318
f 1317/1317/1317 1327/1327/1327 1319/1319/1319
f 1328/1328/1328 1327/1327/1327 1318/1318/1318
f 1327/1327/1327 1328/1328/1328 1319/1319/1319
f 1319/1319/1319 1329/1329/1329 1308/1308/1308
f 1328/1328/1328 1329/1329/1329 1319/1319/1319
f 1328/1328/1328 1330/1330/1330 1329/1329/1329
f 1331/1331/1331 1328/1328/1328 1318/1318/1318
f 1330/1330/1330 1328/1328/1328 1331/1331/1331
f 1331/1331/1331 1318/1318/1318 1316/1316/1316
f 1332/1332/1332 1331/1331/1331 1316/1316/1316
f 1333/1333/1333 1331/1331/1331 1332/1332/1332
f 1333/1333/1333 1330/1330/1330 1331/1331/1331
f 1334/1334/1334 1333/1333/1333 1332/1332/1332
f 1333/1333/1333 1334/1334/1334 1335/1335/1335
f 1336/1336/1336 1333/1333/1333 1335/1335/1335
f 1330/1330/1330 1333/1333/1333 1336/1336/1336
f 1336/1336/1336 1335/1335/1335 1337/1337/1337
f 1338/1338/1338 1336/1336/1336 1337/1337/1337
f 1339/1339/1339 1336/1336/1336 1338/1338/1338
f 1339/1339/1339 1330/1330/1330 1336/1336/1336
f 1340/1340/1340 1339/1339/1339 1338/1338/1338
f 1339/1339/1339 1340/1340/1340 1341/1341/1341
f 1342/1342/1342 1339/1339/1339 1341/1341/1341
f 1330/1330/1330 1339/1339/1339 1342/1342/1342
f 1343/1343/1343 1330/1330/1330 1342/1342/1342
f 1330/1330/1330 1343/1343/1343 1329/1329/1329
f 1343/1343/1343 1342/1342/1342 1344/1344/1344
f 1344/1344/1344 1342/1342/1342 1345/1345/1345
f 1329/1329/1329 1343/1343/1343 1346/1346/1346
f 1329/1329/1329 1346/1346/1346 1308/1308/1308
f 1346/1346/1346 1326/1326/1326 1308/1308/1308
f 1343/1343/1343 1347/1347/1347 1346/1346/1346
f 1347/1347/1347 1343/1343/1343 1344/1344/1344
f 1348/1348/1348 1326/1326/1326 1346/1346/1346
f 1347/1347/1347 1348/1348/1348 1346/1346/1346
f 1348/1348/1348 1347/1347/1347 1344/1344/1344
f 1348/1348/1348 1323/1323/1323 1326/1326/1326
f 1349/1349/1349 1344/1344/1344 1345/1345/1345
f 1349/1349/1349 1348/1348/1348 1344/1344/1344
f 1323/1323/1323 1348/1348/1348 1349/1349/1349
f 1350/1350/1350 1349/1349/1349 1345/1345/1345
f 1351/1351/1351 1323/1323/1323 1349/1349/1349
f 1351/1351/1351 1349/1349/1349 1350/1350/1350
f 1323/1323/1323 1351/1351/1351 1325/1325/1325
f 1352/1352/1352 1351/1351/1351 1350/1350/1350
f 1325/1325/1325 1351/1351/1351 1353/1353/1353
f 1351/1351/1351 1352/1352/1352 1353/1353/1353
f 1356/1356/1356 1355/1355/1355 1354/1354/1354
f 1355/1355/1355 1357/1357/1357 1354/1354/1354
f 1357/1357/1357 1355/1355/1355 1358/1358/1358
f 1355/1355/1355 1359/1359/1359 1358/1358/1358
f 1358/1358/1358 1359/1359/1359 1360/1360/1360
f 1359/1359/1359 1361/1361/1361 1360/1360/1360
f 1364/1364/1364 1363/1363/1363 1362/1362/1362
f 1363/1363/1363 1364/1364/1364 1365/1365/1365
f 1366/1366/1366 1363/1363/1363 1365/1365/1365
f 1366/1366/1366 1365/1365/1365 1367/1367/1367
f 1368/1368/1368 1366/1366/1366 1367/1367/1367
f 1366/1366/1366 1368/1368/1368 1369/1369/1369
f 1370/1370/1370 1366/1366/1366 1369/1369/1369
f 1363/1363/1363 1366/1366/1366 1370/1370/1370
f 1370/1370/1370 1369/1369/1369 1371/1371/1371
f 1372/1372/1372 1363/1363/1363 1370/1370/1370
f 1363/1363/1363 1372/1372/1372 1373/1373/1373
f 1374/1374/1374 1370/1370/1370 1371/1371/1371
f 1372/1372/1372 1370/1370/1370 1374/1374/1374
f 1373/1373/1373 1372/1372/1372 1375/1375/1375
f 1373/1373/1373 1375/1375/1375 1376/1376/1376
f 1372/1372/1372 1377/1377/1377 1375/1375/1375
f 1377/1377/1377 1372/1372/1372 1374/1374/1374
f 1378/1378/1378 1377/1377/1377 1374/1374/1374
f 1379/1379/1379 1374/1374/1374 1371/1371/1371
f 1379/1379/1379 1378/1378/1378 1374/1374/1374
f 1380/1380/1380 1378/1378/1378 1379/1379/1379
f 1381/1381/1381 1379/1379/1379 1371/1371/1371
f 1382/1382/1382 1380/1380/1380 1379/1379/1379
f 1382/1382/1382 1379/1379/1379 1381/1381/1381
f 1383/1383/1383 1382/1382/1382 1381/1381/1381
f 1386/1386/1386 1385/1385/1385 1384/1384/1384
f 1385/1385/1385 1387/1387/1387 1384/1384/1384
f 1387/1387/1387 1388/1388/1388 1384/1384/1384
f 1388/1388/1388 1389/1389/1389 1384/1384/1384
f 1385/1385/1385 1390/1390/1390 1387/1387/1387
f 1391/1391/1391 1390/1390/1390 1385/1385/1385
f 1388/1388/1388 1392/1392/1392 1389/1389/1389
f 1393/1393/1393 1392/1392/1392 1388/1388/1388
f 1392/1392/1392 1394/1394/1394 1389/1389/1389
f 1394/1394/1394 1392/1392/1392 1395/1395/1395
f 1392/1392/1392 1396/1396/1396 1395/1395/1395
f 1392/1392/1392 1393/1393/1393 1396/1396/1396
f 1397/1397/1397 1388/1388/1388 1387/1387/1387
f 1397/1397/1397 1393/1393/1393 1388/1388/1388
f 1390/1390/1390 1398/1398/1398 1387/1387/1387
f 1398/1398/1398 1397/1397/1397 1387/1387/1387
f 1390/1390/1390 1391/1391/1391 1399/1399/1399
f 1391/1391/1391 1400/1400/1400 1399/1399/1399
f 1399/1399/1399 1400/1400/1400 1401/1401/1401
f 1399/1399/1399 1401/1401/1401 1402/1402/1402
f 1401/1401/1401 1403/1403/1403 1402/1402/1402
f 1398/1398/1398 1390/1390/1390 1404/1404/1404
f 1390/1390/1390 1399/1399/1399 1404/1404/1404
f 1397/1397/1397 1398/1398/1398 1404/1404/1404
f 1404/1404/1404 1399/1399/1399 1402/1402/1402
f 1405/1405/1405 1397/1397/1397 1404/1404/1404
f 1393/1393/1393 1397/1397/1397 1405/1405/1405
f 1405/1405/1405 1404/1404/1404 1402/1402/1402
f 1393/1393/1393 1406/1406/1406 1396/1396/1396
f 1396/1396/1396 1406/1406/1406 1407/1407/1407
f 1406/1406/1406 1408/1408/1408 1407/1407/1407
f 1408/1408/1408 1406/1406/1406 1409/1409/1409
f 1406/1406/1406 1410/1410/1410 1409/1409/1409
f 1406/1406/1406 1393/1393/1393 1410/1410/1410
f 1409/1409/1409 1410/1410/1410 1411/1411/1411
f 1412/1412/1412 1393/1393/1393 1405/1405/1405
f 1393/1393/1393 1412/1412/1412 1410/1410/1410
f 1410/1410/1410 1413/1413/1413 1411/1411/1411
f 1410/1410/1410 1412/1412/1412 1413/1413/1413
f 1412/1412/1412 1405/1405/1405 1414/1414/1414
f 1414/1414/1414 1405/1405/1405 1402/1402/1402
f 1413/1413/1413 1415/1415/1415 1411/1411/1411
f 1415/1415/1415 1416/1416/1416 1411/1411/1411
f 1412/1412/1412 1417/1417/1417 1413/1413/1413
f 1417/1417/1417 1412/1412/1412 1414/1414/1414
f 1417/1417/1417 1418/1418/1418 1413/1413/1413
f 1418/1418/1418 1417/1417/1417 1414/1414/1414
f 1418/1418/1418 1415/1415/1415 1413/1413/1413
f 1415/1415/1415 1419/1419/1419 1416/1416/1416
f 1419/1419/1419 1420/1420/1420 1416/1416/1416
f 1421/1421/1421 1419/1419/1419 1415/1415/1415
f 1418/1418/1418 1421/1421/1421 1415/1415/1415
f 1422/1422/1422 1418/1418/1418 1414/1414/1414
f 1421/1421/1421 1418/1418/1418 1422/1422/1422
f 1422/1422/1422 1414/1414/1414 1402/1402/1402
f 1423/1423/1423 1421/1421/1421 1422/1422/1422
f 1424/1424/1424 1422/1422/1422 1402/1402/1402
f 1423/1423/1423 1422/1422/1422 1424/1424/1424
f 1403/1403/1403 1424/1424/1424 1402/1402/1402
f 1425/1425/1425 1423/1423/1423 1424/1424/1424
f 1403/1403/1403 1426/1426/1426 1424/1424/1424
f 1426/1426/1426 1425/1425/1425 1424/1424/1424
f 1429/1429/1429 1428/1428/1428 1427/1427/1427
f 1428/1428/1428 1430/1430/1430 1427/1427/1427
f 1430/1430/1430 1431/1431/1431 1427/1427/1427
f 1431/1431/1431 1432/1432/1432 1427/1427/1427
f 1433/1433/1433 1431/1431/1431 1430/1430/1430
f 1433/1433/1433 1434/1434/1434 1431/1431/1431
f 1435/1435/1435 1433/1433/1433 1430/1430/1430
f 1433/1433/1433 1435/1435/1435 1436/1436/1436
f 1431/1431/1431 1437/1437/1437 1432/1432/1432
f 1434/1434/1434 1437/1437/1437 1431/1431/1431
f 1437/1437/1437 1438/1438/1438 1432/1432/1432
f 1438/1438/1438 1437/1437/1437 1439/1439/1439
f 1440/1440/1440 1433/1433/1433 1436/1436/1436
f 1434/1434/1434 1433/1433/1433 1440/1440/1440
f 1440/1440/1440 1436/1436/1436 1441/1441/1441
f 1437/1437/1437 1442/1442/1442 1439/1439/1439
f 1437/1437/1437 1434/1434/1434 1442/1442/1442
f 1439/1439/1439 1442/1442/1442 1443/1443/1443
f 1442/1442/1442 1444/1444/1444 1443/1443/1443
f 1445/1445/1445 1440/1440/1440 1441/1441/1441
f 1446/1446/1446 1445/1445/1445 1441/1441/1441
f 1434/1434/1434 1447/1447/1447 1442/1442/1442
f 1442/1442/1442 1447/1447/1447 1444/1444/1444
f 1448/1448/1448 1434/1434/1434 1440/1440/1440
f 1448/1448/1448 1440/1440/1440 1445/1445/1445
f 1447/1447/1447 1434/1434/1434 1449/1449/1449
f 1434/1434/1434 1448/1448/1448 1449/1449/1449
f 1447/1447/1447 1450/1450/1450 1444/1444/1444
f 1450/1450/1450 1451/1451/1451 1444/1444/1444
f 1451/1451/1451 1452/1452/1452 1444/1444/1444
f 1450/1450/1450 1447/1447/1447 1453/1453/1453
f 1447/1447/1447 1449/1449/1449 1453/1453/1453
f 1453/1453/1453 1449/1449/1449 1454/1454/1454
f 1449/1449/1449 1448/1448/1448 1455/1455/1455
f 1449/1449/1449 1455/1455/1455 1454/1454/1454
f 1456/1456/1456 1448/1448/1448 1445/1445/1445
f 1448/1448/1448 1456/1456/1456 1455/1455/1455
f 1457/1457/1457 1456/1456/1456 1445/1445/1445
f 1456/1456/1456 1457/1457/1457 1455/1455/1455
f 1446/1446/1446 1457/1457/1457 1445/1445/1445
f 1455/1455/1455 1458/1458/1458 1454/1454/1454
f 1457/1457/1457 1458/1458/1458 1455/1455/1455
f 1459/1459/1459 1457/1457/1457 1446/1446/1446
f 1457/1457/1457 1459/1459/1459 1458/1458/1458
f 1460/1460/1460 1459/1459/1459 1446/1446/1446
f 1460/1460/1460 1446/1446/1446 1461/1461/1461
f 1462/1462/1462 1460/1460/1460 1461/1461/1461
f 1459/1459/1459 1463/1463/1463 1458/1458/1458
f 1458/1458/1458 1464/1464/1464 1454/1454/1454
f 1458/1458/1458 1463/1463/1463 1464/1464/1464
f 1464/1464/1464 1465/1465/1465 1454/1454/1454
f 1463/1463/1463 1466/1466/1466 1464/1464/1464
f 1467/1467/1467 1465/1465/1465 1464/1464/1464
f 1466/1466/1466 1467/1467/1467 1464/1464/1464
f 1470/1470/1470 1469/1469/1469 1468/1468/1468
f 1469/1469/1469 1471/1471/1471 1468/1468/1468
f 1469/1469/1469 1472/1472/1472 1471/1471/1471
f 1473/1473/1473 1472/1472/1472 1469/1469/1469
f 1472/1472/1472 1474/1474/1474 1471/1471/1471
f 1474/1474/1474 1472/1472/1472 1475/1475/1475
f 1476/1476/1476 1473/1473/1473 1469/1469/1469
f 1472/1472/1472 1477/1477/1477 1475/1475/1475
f 1472/1472/1472 1473/1473/1473 1477/1477/1477
f 1475/1475/1475 1477/1477/1477 1478/1478/1478
f 1477/1477/1477 1479/1479/1479 1478/1478/1478
f 1479/1479/1479 1480/1480/1480 1478/1478/1478
f 1480/1480/1480 1481/1481/1481 1478/1478/1478
f 1477/1477/1477 1482/1482/1482 1479/1479/1479
f 1473/1473/1473 1482/1482/1482 1477/1477/1477
f 1482/1482/1482 1483/1483/1483 1479/1479/1479
f 1483/1483/1483 1482/1482/1482 1484/1484/1484
f 1482/1482/1482 1485/1485/1485 1484/1484/1484
f 1482/1482/1482 1473/1473/1473 1485/1485/1485
f 1484/1484/1484 1485/1485/1485 1486/1486/1486
f 1473/1473/1473 1476/1476/1476 1487/1487/1487
f 1473/1473/1473 1488/1488/1488 1485/1485/1485
f 1488/1488/1488 1473/1473/1473 1487/1487/1487
f 1485/1485/1485 1489/1489/1489 1486/1486/1486
f 1485/1485/1485 1488/1488/1488 1489/1489/1489
f 1487/1487/1487 1476/1476/1476 1490/1490/1490
f 1476/1476/1476 1491/1491/1491 1490/1490/1490
f 1487/1487/1487 1490/1490/1490 1492/1492/1492
f 1493/1493/1493 1487/1487/1487 1492/1492/1492
f 1488/1488/1488 1487/1487/1487 1493/1493/1493
f 1494/1494/1494 1493/1493/1493 1492/1492/1492
f 1495/1495/1495 1488/1488/1488 1493/1493/1493
f 1488/1488/1488 1495/1495/1495 1489/1489/1489
f 1496/1496/1496 1495/1495/1495 1493/1493/1493
f 1494/1494/1494 1496/1496/1496 1493/1493/1493
f 1495/1495/1495 1496/1496/1496 1489/1489/1489
f 1489/1489/1489 1497/1497/1497 1486/1486/1486
f 1496/1496/1496 1497/1497/1497 1489/1489/1489
f 1497/1497/1497 1498/1498/1498 1486/1486/1486
f 1499/1499/1499 1496/1496/1496 1494/1494/1494
f 1496/1496/1496 1499/1499/1499 1497/1497/1497
f 1500/1500/1500 1499/1499/1499 1494/1494/1494
f 1499/1499/1499 1501/1501/1501 1497/1497/1497
f 1497/1497/1497 1501/1501/1501 1498/1498/1498
f 1501/1501/1501 1502/1502/1502 1498/1498/1498
f 1505/1505/1505 1504/1504/1504 1503/1503/1503
f 1506/1506/1506 1505/1505/1505 1503/1503/1503
f 1507/1507/1507 1506/1506/1506 1503/1503/1503
f 1505/1505/1505 1506/1506/1506 1508/1508/1508
f 1506/1506/1506 1507/1507/1507 1508/1508/1508
f 1507/1507/1507 1509/1509/1509 1508/1508/1508
f 1508/1508/1508 1509/1509/1509 1510/1510/1510
f 1507/1507/1507 1511/1511/1511 1509/1509/1509
f 1511/1511/1511 1507/1507/1507 1512/1512/1512
f 1513/1513/1513 1511/1511/1511 1512/1512/1512
f 1511/1511/1511 1514/1514/1514 1509/1509/1509
f 1509/1509/1509 1514/1514/1514 1515/1515/1515
f 1509/1509/1509 1515/1515/1515 1510/1510/1510
f 1514/1514/1514 1516/1516/1516 1515/1515/1515
f 1516/1516/1516 1517/1517/1517 1515/1515/1515
f 1517/1517/1517 1518/1518/1518 1515/1515/1515
f 1515/1515/1515 1518/1518/1518 1510/1510/1510
f 1517/1517/1517 1519/1519/1519 1518/1518/1518
f 1519/1519/1519 1520/1520/1520 1518/1518/1518
f 1518/1518/1518 1521/1521/1521 1510/1510/1510
f 1518/1518/1518 1520/1520/1520 1521/1521/1521
f 1520/1520/1520 1519/1519/1519 1522/1522/1522
f 1519/1519/1519 1523/1523/1523 1522/1522/1522
f 1522/1522/1522 1523/1523/1523 1524/1524/1524
f 1523/1523/1523 1525/1525/1525 1524/1524/1524
f 1520/1520/1520 1522/1522/1522 1526/1526/1526
f 1526/1526/1526 1522/1522/1522 1527/1527/1527
f 1520/1520/1520 1528/1528/1528 1521/1521/1521
f 1528/1528/1528 1520/1520/1520 1526/1526/1526
f 1529/1529/1529 1526/1526/1526 1527/1527/1527
f 1530/1530/1530 1529/1529/1529 1527/1527/1527
f 1531/1531/1531 1528/1528/1528 1526/1526/1526
f 1528/1528/1528 1531/1531/1531 1521/1521/1521
f 1529/1529/1529 1531/1531/1531 1526/1526/1526
f 1532/1532/1532 1531/1531/1531 1529/1529/1529
f 1533/1533/1533 1529/1529/1529 1530/1530/1530
f 1533/1533/1533 1532/1532/1532 1529/1529/1529
f 1534/1534/1534 1533/1533/1533 1530/1530/1530
f 1533/1533/1533 1534/1534/1534 1535/1535/1535
f 1536/1536/1536 1533/1533/1533 1535/1535/1535
f 1532/1532/1532 1533/1533/1533 1536/1536/1536
f 1537/1537/1537 1532/1532/1532 1536/1536/1536
f 1532/1532/1532 1537/1537/1537 1538/1538/1538
f 1531/1531/1531 1539/1539/1539 1521/1521/1521
f 1531/1531/1531 1532/1532/1532 1539/1539/1539
f 1521/1521/1521 1539/1539/1539 1510/1510/1510
f 1540/1540/1540 1532/1532/1532 1538/1538/1538
f 1532/1532/1532 1540/1540/1540 1539/1539/1539
f 1540/1540/1540 1538/1538/1538 1541/1541/1541
f 1539/1539/1539 1542/1542/1542 1510/1510/1510
f 1539/1539/1539 1540/1540/1540 1542/1542/1542
f 1542/1542/1542 1543/1543/1543 1510/1510/1510
f 1544/1544/1544 1540/1540/1540 1541/1541/1541
f 1540/1540/1540 1544/1544/1544 1542/1542/1542
f 1545/1545/1545 1543/1543/1543 1542/1542/1542
f 1544/1544/1544 1545/1545/1545 1542/1542/1542
f 1545/1545/1545 1544/1544/1544 1541/1541/1541
f 1545/1545/1545 1546/1546/1546 1543/1543/1543
f 1547/1547/1547 1545/1545/1545 1541/1541/1541
f 1546/1546/1546 1545/1545/1545 1547/1547/1547
f 1550/1550/1550 1549/1549/1549 1548/1548/1548
f 1550/1550/1550 1548/1548/1548 1551/1551/1551
f 1548/1548/1548 1552/1552/1552 1551/1551/1551
f 1553/1553/1553 1550/1550/1550 1551/1551/1551
f 1554/1554/1554 1550/1550/1550 1553/1553/1553
f 1555/1555/1555 1554/1554/1554 1553/1553/1553
f 1552/1552/1552 1556/1556/1556 1551/1551/1551
f 1552/1552/1552 1557/1557/1557 1556/1556/1556
f 1557/1557/1557 1558/1558/1558 1556/1556/1556
f 1558/1558/1558 1557/1557/1557 1559/1559/1559
f 1560/1560/1560 1557/1557/1557 1552/1552/1552
f 1561/1561/1561 1560/1560/1560 1552/1552/1552
f 1557/1557/1557 1562/1562/1562 1559/1559/1559
f 1557/1557/1557 1560/1560/1560 1562/1562/1562
f 1559/1559/1559 1562/1562/1562 1563/1563/1563
f 1562/1562/1562 1564/1564/1564 1563/1563/1563
f 1562/1562/1562 1565/1565/1565 1564/1564/1564
f 1560/1560/1560 1565/1565/1565 1562/1562/1562
f 1565/1565/1565 1566/1566/1566 1564/1564/1564
f 1566/1566/1566 1565/1565/1565 1567/1567/1567
f 1565/1565/1565 1568/1568/1568 1567/1567/1567
f 1565/1565/1565 1560/1560/1560 1568/1568/1568
f 1560/1560/1560 1561/1561/1561 1569/1569/1569
f 1569/1569/1569 1561/1561/1561 1570/1570/1570
f 1569/1569/1569 1570/1570/1570 1571/1571/1571
f 1574/1574/1574 1573/1573/1573 1572/1572/1572
f 1575/1575/1575 1574/1574/1574 1572/1572/1572
f 1575/1575/1575 1572/1572/1572 1576/1576/1576
f 1574/1574/1574 1575/1575/1575 1577/1577/1577
f 1578/1578/1578 1574/1574/1574 1577/1577/1577
f 1579/1579/1579 1575/1575/1575 1576/1576/1576
f 1580/1580/1580 1579/1579/1579 1576/1576/1576
f 1575/1575/1575 1579/1579/1579 1581/1581/1581
f 1579/1579/1579 1580/1580/1580 1581/1581/1581
f 1577/1577/1577 1575/1575/1575 1581/1581/1581
f 1577/1577/1577 1581/1581/1581 1582/1582/1582
f 1578/1578/1578 1577/1577/1577 1583/1583/1583
f 1583/1583/1583 1577/1577/1577 1582/1582/1582
f 1584/1584/1584 1578/1578/1578 1583/1583/1583
f 1585/1585/1585 1584/1584/1584 1583/1583/1583
f 1580/1580/1580 1586/1586/1586 1581/1581/1581
f 1581/1581/1581 1586/1586/1586 1582/1582/1582
f 1580/1580/1580 1587/1587/1587 1586/1586/1586
f 1588/1588/1588 1585/1585/1585 1583/1583/1583
f 1588/1588/1588 1583/1583/1583 1582/1582/1582
f 1589/1589/1589 1585/1585/1585 1588/1588/1588
f 1590/1590/1590 1589/1589/1589 1588/1588/1588
f 1591/1591/1591 1588/1588/1588 1582/1582/1582
f 1590/1590/1590 1588/1588/1588 1591/1591/1591
f 1589/1589/1589 1590/1590/1590 1592/1592/1592
f 1593/1593/1593 1589/1589/1589 1592/1592/1592
f 1593/1593/1593 1592/1592/1592 1594/1594/1594
f 1595/1595/1595 1593/1593/1593 1594/1594/1594
f 1596/1596/1596 1595/1595/1595 1594/1594/1594
f 1597/1597/1597 1596/1596/1596 1594/1594/1594
f 1598/1598/1598 1596/1596/1596 1597/1597/1597
f 1599/1599/1599 1598/1598/1598 1597/1597/1597
f 1599/1599/1599 1597/1597/1597 1600/1600/1600
f 1601/1601/1601 1599/1599/1599 1600/1600/1600
f 1600/1600/1600 1597/1597/1597 1602/1602/1602
f 1597/1597/1597 1594/1594/1594 1602/1602/1602
f 1594/1594/1594 1592/1592/1592 1602/1602/1602
f 1592/1592/1592 1590/1590/1590 1603/1603/1603
f 1592/1592/1592 1603/1603/1603 1602/1602/1602
f 1604/1604/1604 1590/1590/1590 1591/1591/1591
f 1590/1590/1590 1604/1604/1604 1603/1603/1603
f 1605/1605/1605 1604/1604/1604 1591/1591/1591
f 1604/1604/1604 1605/1605/1605 1603/1603/1603
f 1603/1603/1603 1606/1606/1606 1602/1602/1602
f 1605/1605/1605 1606/1606/1606 1603/1603/1603
f 1605/1605/1605 1607/1607/1607 1606/1606/1606
f 1608/1608/1608 1605/1605/1605 1591/1591/1591
f 1607/1607/1607 1605/1605/1605 1608/1608/1608
f 1608/1608/1608 1591/1591/1591 1582/1582/1582
f 1606/1606/1606 1609/1609/1609 1602/1602/1602
f 1609/1609/1609 1610/1610/1610 1602/1602/1602
f 1611/1611/1611 1608/1608/1608 1582/1582/1582
f 1586/1586/1586 1611/1611/1611 1582/1582/1582
f 1607/1607/1607 1612/1612/1612 1606/1606/1606
f 1606/1606/1606 1612/1612/1612 1609/1609/1609
f 1613/1613/1613 1610/1610/1610 1609/1609/1609
f 1613/1613/1613 1614/1614/1614 1610/1610/1610
f 1614/1614/1614 1613/1613/1613 1615/1615/1615
f 1615/1615/1615 1613/1613/1613 1616/1616/1616
f 1617/1617/1617 1613/1613/1613 1609/1609/1609
f 1612/1612/1612 1617/1617/1617 1609/1609/1609
f 1613/1613/1613 1617/1617/1617 1616/1616/1616
f 1617/1617/1617 1612/1612/1612 1616/1616/1616
f 1612/1612/1612 1618/1618/1618 1616/1616/1616
f 1612/1612/1612 1607/1607/1607 1618/1618/1618
f 1616/1616/1616 1618/1618/1618 1619/1619/1619
f 1618/1618/1618 1620/1620/1620 1619/1619/1619
f 1618/1618/1618 1621/1621/1621 1620/1620/1620
f 1607/1607/1607 1621/1621/1621 1618/1618/1618
f 1621/1621/1621 1622/1622/1622 1620/1620/1620
f 1622/1622/1622 1621/1621/1621 1623/1623/1623
f 1621/1621/1621 1624/1624/1624 1623/1623/1623
f 1621/1621/1621 1607/1607/1607 1624/1624/1624
f 1623/1623/1623 1624/1624/1624 1625/1625/1625
f 1607/1607/1607 1626/1626/1626 1624/1624/1624
f 1626/1626/1626 1607/1607/1607 1608/1608/1608
f 1626/1626/1626 1608/1608/1608 1611/1611/1611
f 1624/1624/1624 1627/1627/1627 1625/1625/1625
f 1624/1624/1624 1626/1626/1626 1627/1627/1627
f 1628/1628/1628 1626/1626/1626 1611/1611/1611
f 1626/1626/1626 1628/1628/1628 1627/1627/1627
f 1629/1629/1629 1628/1628/1628 1611/1611/1611
f 1628/1628/1628 1629/1629/1629 1627/1627/1627
f 1586/1586/1586 1629/1629/1629 1611/1611/1611
f 1587/1587/1587 1629/1629/1629 1586/1586/1586
f 1627/1627/1627 1630/1630/1630 1625/1625/1625
f 1629/1629/1629 1630/1630/1630 1627/1627/1627
f 1629/1629/1629 1587/1587/1587 1630/1630/1630
f 1630/1630/1630 1631/1631/1631 1625/1625/1625
f 1587/1587/1587 1632/1632/1632 1630/1630/1630
f 1630/1630/1630 1632/1632/1632 1631/1631/1631
f 1632/1632/1632 1587/1587/1587 1633/1633/1633
f 1632/1632/1632 1634/1634/1634 1631/1631/1631
f 1632/1632/1632 1633/1633/1633 1635/1635/1635
f 1634/1634/1634 1632/1632/1632 1635/1635/1635
f 1638/1638/1638 1637/1637/1637 1636/1636/1636
f 1637/1637/1637 1639/1639/1639 1636/1636/1636
f 1637/1637/1637 1640/1640/1640 1639/1639/1639
f 1641/1641/1641 1640/1640/1640 1637/1637/1637
f 1642/1642/1642 1641/1641/1641 1637/1637/1637
f 1641/1641/1641 1642/1642/1642 1643/1643/1643
f 1640/1640/1640 1644/1644/1644 1639/1639/1639
f 1644/1644/1644 1645/1645/1645 1639/1639/1639
f 1645/1645/1645 1646/1646/1646 1639/1639/1639
f 1639/1639/1639 1646/1646/1646 1636/1636/1636
f 1645/1645/1645 1647/1647/1647 1646/1646/1646
f 1647/1647/1647 1648/1648/1648 1646/1646/1646
f 1646/1646/1646 1649/1649/1649 1636/1636/1636
f 1646/1646/1646 1648/1648/1648 1649/1649/1649
f 1648/1648/1648 1647/1647/1647 1650/1650/1650
f 1647/1647/1647 1651/1651/1651 1650/1650/1650
f 1650/1650/1650 1651/1651/1651 1652/1652/1652
f 1650/1650/1650 1652/1652/1652 1653/1653/1653
f 1651/1651/1651 1654/1654/1654 1652/1652/1652
f 1654/1654/1654 1655/1655/1655 1652/1652/1652
f 1655/1655/1655 1656/1656/1656 1652/1652/1652
f 1652/1652/1652 1656/1656/1656 1653/1653/1653
f 1655/1655/1655 1657/1657/1657 1656/1656/1656
f 1648/1648/1648 1650/1650/1650 1658/1658/1658
f 1658/1658/1658 1650/1650/1650 1653/1653/1653
f 1648/1648/1648 1659/1659/1659 1649/1649/1649
f 1659/1659/1659 1648/1648/1648 1658/1658/1658
f 1659/1659/1659 1660/1660/1660 1649/1649/1649
f 1660/1660/1660 1659/1659/1659 1658/1658/1658
f 1649/1649/1649 1661/1661/1661 1636/1636/1636
f 1660/1660/1660 1661/1661/1661 1649/1649/1649
f 1660/1660/1660 1662/1662/1662 1661/1661/1661
f 1663/1663/1663 1660/1660/1660 1658/1658/1658
f 1663/1663/1663 1658/1658/1658 1653/1653/1653
f 1662/1662/1662 1660/1660/1660 1663/1663/1663
f 1661/1661/1661 1664/1664/1664 1636/1636/1636
f 1664/1664/1664 1665/1665/1665 1636/1636/1636
f 1661/1661/1661 1666/1666/1666 1664/1664/1664
f 1662/1662/1662 1666/1666/1666 1661/1661/1661
f 1666/1666/1666 1667/1667/1667 1664/1664/1664
f 1667/1667/1667 1668/1668/1668 1664/1664/1664
f 1668/1668/1668 1667/1667/1667 1669/1669/1669
f 1667/1667/1667 1666/1666/1666 1669/1669/1669
f 1670/1670/1670 1668/1668/1668 1669/1669/1669
f 1670/1670/1670 1669/1669/1669 1671/1671/1671
f 1672/1672/1672 1670/1670/1670 1671/1671/1671
f 1666/1666/1666 1673/1673/1673 1669/1669/1669
f 1666/1666/1666 1662/1662/1662 1673/1673/1673
f 1669/1669/1669 1673/1673/1673 1671/1671/1671
f 1674/1674/1674 1672/1672/1672 1671/1671/1671
f 1674/1674/1674 1675/1675/1675 1672/1672/1672
f 1676/1676/1676 1674/1674/1674 1671/1671/1671
f 1677/1677/1677 1676/1676/1676 1671/1671/1671
f 1677/1677/1677 1678/1678/1678 1676/1676/1676
f 1679/1679/1679 1678/1678/1678 1677/1677/1677
f 1673/1673/1673 1680/1680/1680 1671/1671/1671
f 1680/1680/1680 1677/1677/1677 1671/1671/1671
f 1681/1681/1681 1679/1679/1679 1677/1677/1677
f 1681/1681/1681 1677/1677/1677 1680/1680/1680
f 1673/1673/1673 1682/1682/1682 1680/1680/1680
f 1662/1662/1662 1682/1682/1682 1673/1673/1673
f 1679/1679/1679 1681/1681/1681 1683/1683/1683
f 1684/1684/1684 1679/1679/1679 1683/1683/1683
f 1685/1685/1685 1681/1681/1681 1680/1680/1680
f 1682/1682/1682 1685/1685/1685 1680/1680/1680
f 1681/1681/1681 1685/1685/1685 1686/1686/1686
f 1683/1683/1683 1681/1681/1681 1686/1686/1686
f 1685/1685/1685 1682/1682/1682 1686/1686/1686
f 1683/1683/1683 1686/1686/1686 1687/1687/1687
f 1688/1688/1688 1683/1683/1683 1687/1687/1687
f 1682/1682/1682 1689/1689/1689 1686/1686/1686
f 1682/1682/1682 1662/1662/1662 1689/1689/1689
f 1686/1686/1686 1689/1689/1689 1687/1687/1687
f 1662/1662/1662 1690/1690/1690 1689/1689/1689
f 1690/1690/1690 1662/1662/1662 1663/1663/1663
f 1689/1689/1689 1691/1691/1691 1687/1687/1687
f 1689/1689/1689 1690/1690/1690 1691/1691/1691
f 1690/1690/1690 1663/1663/1663 1692/1692/1692
f 1692/1692/1692 1663/1663/1663 1653/1653/1653
f 1690/1690/1690 1693/1693/1693 1691/1691/1691
f 1693/1693/1693 1690/1690/1690 1692/1692/1692
f 1693/1693/1693 1694/1694/1694 1691/1691/1691
f 1694/1694/1694 1693/1693/1693 1692/1692/1692
f 1695/1695/1695 1692/1692/1692 1653/1653/1653
f 1695/1695/1695 1694/1694/1694 1692/1692/1692
f 1696/1696/1696 1694/1694/1694 1695/1695/1695
f 1694/1694/1694 1697/1697/1697 1691/1691/1691
f 1691/1691/1691 1697/1697/1697 1687/1687/1687
f 1694/1694/1694 1696/1696/1696 1697/1697/1697
f 1698/1698/1698 1695/1695/1695 1653/1653/1653
f 1656/1656/1656 1698/1698/1698 1653/1653/1653
f 1699/1699/1699 1696/1696/1696 1695/1695/1695
f 1699/1699/1699 1695/1695/1695 1698/1698/1698
f 1656/1656/1656 1700/1700/1700 1698/1698/1698
f 1657/1657/1657 1700/1700/1700 1656/1656/1656
f 1701/1701/1701 1699/1699/1699 1698/1698/1698
f 1700/1700/1700 1701/1701/1701 1698/1698/1698
f 1700/1700/1700 1657/1657/1657 1702/1702/1702
f 1657/1657/1657 1703/1703/1703 1702/1702/1702
f 1701/1701/1701 1700/1700/1700 1704/1704/1704
f 1699/1699/1699 1701/1701/1701 1704/1704/1704
f 1700/1700/1700 1702/1702/1702 1704/1704/1704
f 1702/1702/1702 1703/1703/1703 1705/1705/1705
f 1703/1703/1703 1706/1706/1706 1705/1705/1705
f 1702/1702/1702 1705/1705/1705 1707/1707/1707
f 1704/1704/1704 1702/1702/1702 1707/1707/1707
f 1708/1708/1708 1699/1699/1699 1704/1704/1704
f 1708/1708/1708 1704/1704/1704 1707/1707/1707
f 1696/1696/1696 1699/1699/1699 1708/1708/1708
f 1709/1709/1709 1708/1708/1708 1707/1707/1707
f 1710/1710/1710 1708/1708/1708 1709/1709/1709
f 1710/1710/1710 1696/1696/1696 1708/1708/1708
f 1711/1711/1711 1710/1710/1710 1709/1709/1709
f 1710/1710/1710 1711/1711/1711 1712/1712/1712
f 1713/1713/1713 1710/1710/1710 1712/1712/1712
f 1696/1696/1696 1710/1710/1710 1713/1713/1713
f 1713/1713/1713 1712/1712/1712 1714/1714/1714
f 1715/1715/1715 1713/1713/1713 1714/1714/1714
f 1716/1716/1716 1696/1696/1696 1713/1713/1713
f 1716/1716/1716 1713/1713/1713 1715/1715/1715
f 1696/1696/1696 1716/1716/1716 1697/1697/1697
f 1697/1697/1697 1716/1716/1716 1717/1717/1717
f 1697/1697/1697 1717/1717/1717 1687/1687/1687
f 1718/1718/1718 1716/1716/1716 1715/1715/1715
f 1716/1716/1716 1718/1718/1718 1717/1717/1717
f 1719/1719/1719 1718/1718/1718 1715/1715/1715
f 1718/1718/1718 1719/1719/1719 1717/1717/1717
f 1720/1720/1720 1719/1719/1719 1715/1715/1715
f 1717/1717/1717 1721/1721/1721 1687/1687/1687
f 1719/1719/1719 1721/1721/1721 1717/1717/1717
f 1719/1719/1719 1722/1722/1722 1721/1721/1721
f 1721/1721/1721 1688/1688/1688 1687/1687/1687
f 1722/1722/1722 1723/1723/1723 1721/1721/1721
f 1721/1721/1721 1723/1723/1723 1688/1688/1688
f 1723/1723/1723 1724/1724/1724 1688/1688/1688
f 1727/1727/1727 1726/1726/1726 1725/1725/1725
f 1728/1728/1728 1727/1727/1727 1725/1725/1725
f 1727/1727/1727 1728/1728/1728 1729/1729/1729
f 1730/1730/1730 1727/1727/1727 1729/1729/1729
f 1730/1730/1730 1729/1729/1729 1731/1731/1731
f 1732/1732/1732 1728/1728/1728 1725/1725/1725
f 1728/1728/1728 1732/1732/1732 1729/1729/1729
f 1729/1729/1729 1733/1733/1733 1731/1731/1731
f 1732/1732/1732 1733/1733/1733 1729/1729/1729
f 1732/1732/1732 1734/1734/1734 1733/1733/1733
f 1735/1735/1735 1732/1732/1732 1725/1725/1725
f 1734/1734/1734 1732/1732/1732 1735/1735/1735
f 1735/1735/1735 1725/1725/1725 1736/1736/1736
f 1737/1737/1737 1734/1734/1734 1735/1735/1735
f 1737/1737/1737 1735/1735/1735 1738/1738/1738
f 1734/1734/1734 1737/1737/1737 1739/1739/1739
f 1740/1740/1740 1734/1734/1734 1739/1739/1739
f 1740/1740/1740 1739/1739/1739 1741/1741/1741
f 1742/1742/1742 1740/1740/1740 1741/1741/1741
f 1743/1743/1743 1742/1742/1742 1741/1741/1741
f 1742/1742/1742 1743/1743/1743 1744/1744/1744
f 1740/1740/1740 1742/1742/1742 1744/1744/1744
f 1743/1743/1743 1745/1745/1745 1744/1744/1744
f 1744/1744/1744 1745/1745/1745 1746/1746/1746
f 1745/1745/1745 1747/1747/1747 1746/1746/1746
f 1747/1747/1747 1748/1748/1748 1746/1746/1746
f 1749/1749/1749 1740/1740/1740 1744/1744/1744
f 1734/1734/1734 1740/1740/1740 1749/1749/1749
f 1749/1749/1749 1744/1744/1744 1746/1746/1746
f 1750/1750/1750 1734/1734/1734 1749/1749/1749
f 1734/1734/1734 1750/1750/1750 1733/1733/1733
f 1748/1748/1748 1751/1751/1751 1746/1746/1746
f 1748/1748/1748 1752/1752/1752 1751/1751/1751
f 1753/1753/1753 1749/1749/1749 1746/1746/1746
f 1750/1750/1750 1749/1749/1749 1753/1753/1753
f 1733/1733/1733 1750/1750/1750 1754/1754/1754
f 1733/1733/1733 1754/1754/1754 1731/1731/1731
f 1751/1751/1751 1755/1755/1755 1746/1746/1746
f 1755/1755/1755 1753/1753/1753 1746/1746/1746
f 1756/1756/1756 1750/1750/1750 1753/1753/1753
f 1750/1750/1750 1756/1756/1756 1754/1754/1754
f 1757/1757/1757 1756/1756/1756 1753/1753/1753
f 1756/1756/1756 1757/1757/1757 1754/1754/1754
f 1755/1755/1755 1757/1757/1757 1753/1753/1753
f 1758/1758/1758 1757/1757/1757 1755/1755/1755
f 1757/1757/1757 1759/1759/1759 1754/1754/1754
f 1754/1754/1754 1759/1759/1759 1731/1731/1731
f 1757/1757/1757 1758/1758/1758 1759/1759/1759
f 1760/1760/1760 1755/1755/1755 1751/1751/1751
f 1760/1760/1760 1758/1758/1758 1755/1755/1755
f 1752/1752/1752 1761/1761/1761 1751/1751/1751
f 1761/1761/1761 1760/1760/1760 1751/1751/1751
f 1761/1761/1761 1752/1752/1752 1762/1762/1762
f 1760/1760/1760 1761/1761/1761 1762/1762/1762
f 1752/1752/1752 1763/1763/1763 1762/1762/1762
f 1764/1764/1764 1760/1760/1760 1762/1762/1762
f 1758/1758/1758 1760/1760/1760 1764/1764/1764
f 1762/1762/1762 1763/1763/1763 1765/1765/1765
f 1764/1764/1764 1762/1762/1762 1765/1765/1765
f 1763/1763/1763 1766/1766/1766 1765/1765/1765
f 1767/1767/1767 1764/1764/1764 1765/1765/1765
f 1768/1768/1768 1764/1764/1764 1767/1767/1767
f 1768/1768/1768 1758/1758/1758 1764/1764/1764
f 1769/1769/1769 1768/1768/1768 1767/1767/1767
f 1768/1768/1768 1769/1769/1769 1770/1770/1770
f 1771/1771/1771 1768/1768/1768 1770/1770/1770
f 1758/1758/1758 1768/1768/1768 1771/1771/1771
f 1771/1771/1771 1770/1770/1770 1772/1772/1772
f 1773/1773/1773 1758/1758/1758 1771/1771/1771
f 1758/1758/1758 1773/1773/1773 1759/1759/1759
f 1774/1774/1774 1771/1771/1771 1772/1772/1772
f 1773/1773/1773 1771/1771/1771 1774/1774/1774
f 1759/1759/1759 1773/1773/1773 1775/1775/1775
f 1759/1759/1759 1775/1775/1775 1731/1731/1731
f 1776/1776/1776 1774/1774/1774 1772/1772/1772
f 1777/1777/1777 1776/1776/1776 1772/1772/1772
f 1778/1778/1778 1773/1773/1773 1774/1774/1774
f 1773/1773/1773 1778/1778/1778 1775/1775/1775
f 1779/1779/1779 1778/1778/1778 1774/1774/1774
f 1778/1778/1778 1779/1779/1779 1775/1775/1775
f 1776/1776/1776 1779/1779/1779 1774/1774/1774
f 1780/1780/1780 1776/1776/1776 1777/1777/1777
f 1781/1781/1781 1780/1780/1780 1777/1777/1777
f 1780/1780/1780 1782/1782/1782 1776/1776/1776
f 1782/1782/1782 1779/1779/1779 1776/1776/1776
f 1779/1779/1779 1783/1783/1783 1775/1775/1775
f 1779/1779/1779 1782/1782/1782 1783/1783/1783
f 1775/1775/1775 1783/1783/1783 1731/1731/1731
f 1782/1782/1782 1784/1784/1784 1783/1783/1783
f 1783/1783/1783 1785/1785/1785 1731/1731/1731
f 1783/1783/1783 1784/1784/1784 1785/1785/1785
f 1784/1784/1784 1786/1786/1786 1785/1785/1785
f 1785/1785/1785 1730/1730/1730 1731/1731/1731
f 1786/1786/1786 1787/1787/1787 1785/1785/1785
f 1787/1787/1787 1730/1730/1730 1785/1785/1785
f 1787/1787/1787 1788/1788/1788 1730/1730/1730
f 1791/1791/1791 1790/1790/1790 1789/1789/1789
f 1792/1792/1792 1791/1791/1791 1789/1789/1789
f 1792/1792/1792 1789/1789/1789 1793/1793/1793
f 1794/1794/1794 1791/1791/1791 1792/1792/1792
f 1795/1795/1795 1792/1792/1792 1793/1793/1793
f 1796/1796/1796 1794/1794/1794 1792/1792/1792
f 1796/1796/1796 1792/1792/1792 1795/1795/1795
f 1797/1797/1797 1795/1795/1795 1793/1793/1793
f 1798/1798/1798 1797/1797/1797 1793/1793/1793
f 1794/1794/1794 1796/1796/1796 1799/1799/1799
f 1800/1800/1800 1794/1794/1794 1799/1799/1799
f 1801/1801/1801 1797/1797/1797 1798/1798/1798
f 1801/1801/1801 1802/1802/1802 1797/1797/1797
f 1803/1803/1803 1801/1801/1801 1798/1798/1798
f 1801/1801/1801 1803/1803/1803 1804/1804/1804
f 1805/1805/1805 1801/1801/1801 1804/1804/1804
f 1802/1802/1802 1801/1801/1801 1805/1805/1805
f 1805/1805/1805 1804/1804/1804 1806/1806/1806
f 1797/1797/1797 1807/1807/1807 1795/1795/1795
f 1802/1802/1802 1807/1807/1807 1797/1797/1797
f 1808/1808/1808 1796/1796/1796 1795/1795/1795
f 1807/1807/1807 1808/1808/1808 1795/1795/1795
f 1796/1796/1796 1808/1808/1808 1809/1809/1809
f 1808/1808/1808 1807/1807/1807 1809/1809/1809
f 1799/1799/1799 1796/1796/1796 1809/1809/1809
f 1799/1799/1799 1809/1809/1809 1810/1810/1810
f 1800/1800/1800 1799/1799/1799 1811/1811/1811
f 1811/1811/1811 1799/1799/1799 1810/1810/1810
f 1812/1812/1812 1800/1800/1800 1811/1811/1811
f 1813/1813/1813 1812/1812/1812 1811/1811/1811
f 1807/1807/1807 1814/1814/1814 1809/1809/1809
f 1807/1807/1807 1802/1802/1802 1814/1814/1814
f 1809/1809/1809 1814/1814/1814 1810/1810/1810
f 1815/1815/1815 1813/1813/1813 1811/1811/1811
f 1815/1815/1815 1811/1811/1811 1810/1810/1810
f 1816/1816/1816 1813/1813/1813 1815/1815/1815
f 1817/1817/1817 1816/1816/1816 1815/1815/1815
f 1818/1818/1818 1815/1815/1815 1810/1810/1810
f 1817/1817/1817 1815/1815/1815 1818/1818/1818
f 1816/1816/1816 1817/1817/1817 1819/1819/1819
f 1820/1820/1820 1816/1816/1816 1819/1819/1819
f 1820/1820/1820 1819/1819/1819 1821/1821/1821
f 1822/1822/1822 1820/1820/1820 1821/1821/1821
f 1821/1821/1821 1819/1819/1819 1823/1823/1823
f 1819/1819/1819 1817/1817/1817 1824/1824/1824
f 1819/1819/1819 1824/1824/1824 1823/1823/1823
f 1825/1825/1825 1817/1817/1817 1818/1818/1818
f 1817/1817/1817 1825/1825/1825 1824/1824/1824
f 1826/1826/1826 1825/1825/1825 1818/1818/1818
f 1825/1825/1825 1826/1826/1826 1824/1824/1824
f 1827/1827/1827 1818/1818/1818 1810/1810/1810
f 1827/1827/1827 1826/1826/1826 1818/1818/1818
f 1826/1826/1826 1828/1828/1828 1824/1824/1824
f 1824/1824/1824 1828/1828/1828 1823/1823/1823
f 1829/1829/1829 1826/1826/1826 1827/1827/1827
f 1826/1826/1826 1829/1829/1829 1828/1828/1828
f 1830/1830/1830 1829/1829/1829 1827/1827/1827
f 1831/1831/1831 1827/1827/1827 1810/1810/1810
f 1830/1830/1830 1827/1827/1827 1831/1831/1831
f 1814/1814/1814 1831/1831/1831 1810/1810/1810
f 1814/1814/1814 1832/1832/1832 1831/1831/1831
f 1802/1802/1802 1832/1832/1832 1814/1814/1814
f 1833/1833/1833 1830/1830/1830 1831/1831/1831
f 1832/1832/1832 1833/1833/1833 1831/1831/1831
f 1830/1830/1830 1833/1833/1833 1834/1834/1834
f 1833/1833/1833 1832/1832/1832 1834/1834/1834
f 1832/1832/1832 1802/1802/1802 1835/1835/1835
f 1832/1832/1832 1835/1835/1835 1834/1834/1834
f 1834/1834/1834 1835/1835/1835 1836/1836/1836
f 1837/1837/1837 1830/1830/1830 1834/1834/1834
f 1829/1829/1829 1830/1830/1830 1837/1837/1837
f 1837/1837/1837 1834/1834/1834 1836/1836/1836
f 1802/1802/1802 1838/1838/1838 1835/1835/1835
f 1838/1838/1838 1802/1802/1802 1805/1805/1805
f 1835/1835/1835 1839/1839/1839 1836/1836/1836
f 1835/1835/1835 1838/1838/1838 1839/1839/1839
f 1838/1838/1838 1805/1805/1805 1840/1840/1840
f 1840/1840/1840 1805/1805/1805 1806/1806/1806
f 1841/1841/1841 1840/1840/1840 1806/1806/1806
f 1842/1842/1842 1841/1841/1841 1806/1806/1806
f 1841/1841/1841 1843/1843/1843 1840/1840/1840
f 1844/1844/1844 1838/1838/1838 1840/1840/1840
f 1838/1838/1838 1844/1844/1844 1839/1839/1839
f 1843/1843/1843 1844/1844/1844 1840/1840/1840
f 1844/1844/1844 1843/1843/1843 1839/1839/1839
f 1843/1843/1843 1845/1845/1845 1839/1839/1839
f 1839/1839/1839 1845/1845/1845 1836/1836/1836
f 1843/1843/1843 1846/1846/1846 1845/1845/1845
f 1846/1846/1846 1847/1847/1847 1845/1845/1845
f 1845/1845/1845 1847/1847/1847 1848/1848/1848
f 1845/1845/1845 1848/1848/1848 1836/1836/1836
f 1847/1847/1847 1849/1849/1849 1848/1848/1848
f 1849/1849/1849 1850/1850/1850 1848/1848/1848
f 1850/1850/1850 1851/1851/1851 1848/1848/1848
f 1848/1848/1848 1851/1851/1851 1836/1836/1836
f 1850/1850/1850 1852/1852/1852 1851/1851/1851
f 1851/1851/1851 1853/1853/1853 1836/1836/1836
f 1853/1853/1853 1837/1837/1837 1836/1836/1836
f 1852/1852/1852 1854/1854/1854 1851/1851/1851
f 1851/1851/1851 1854/1854/1854 1853/1853/1853
f 1855/1855/1855 1837/1837/1837 1853/1853/1853
f 1855/1855/1855 1829/1829/1829 1837/1837/1837
f 1854/1854/1854 1852/1852/1852 1856/1856/1856
f 1852/1852/1852 1857/1857/1857 1856/1856/1856
f 1854/1854/1854 1858/1858/1858 1853/1853/1853
f 1858/1858/1858 1855/1855/1855 1853/1853/1853
f 1858/1858/1858 1854/1854/1854 1859/1859/1859
f 1855/1855/1855 1858/1858/1858 1859/1859/1859
f 1854/1854/1854 1856/1856/1856 1859/1859/1859
f 1859/1859/1859 1856/1856/1856 1860/1860/1860
f 1861/1861/1861 1855/1855/1855 1859/1859/1859
f 1829/1829/1829 1855/1855/1855 1861/1861/1861
f 1861/1861/1861 1859/1859/1859 1860/1860/1860
f 1856/1856/1856 1857/1857/1857 1862/1862/1862
f 1856/1856/1856 1862/1862/1862 1860/1860/1860
f 1863/1863/1863 1829/1829/1829 1861/1861/1861
f 1864/1864/1864 1861/1861/1861 1860/1860/1860
f 1863/1863/1863 1861/1861/1861 1864/1864/1864
f 1857/1857/1857 1865/1865/1865 1862/1862/1862
f 1865/1865/1865 1857/1857/1857 1866/1866/1866
f 1857/1857/1857 1867/1867/1867 1866/1866/1866
f 1868/1868/1868 1865/1865/1865 1866/1866/1866
f 1865/1865/1865 1868/1868/1868 1862/1862/1862
f 1869/1869/1869 1868/1868/1868 1866/1866/1866
f 1870/1870/1870 1868/1868/1868 1869/1869/1869
f 1871/1871/1871 1870/1870/1870 1869/1869/1869
f 1870/1870/1870 1871/1871/1871 1872/1872/1872
f 1873/1873/1873 1870/1870/1870 1872/1872/1872
f 1868/1868/1868 1874/1874/1874 1862/1862/1862
f 1862/1862/1862 1874/1874/1874 1860/1860/1860
f 1868/1868/1868 1870/1870/1870 1874/1874/1874
f 1870/1870/1870 1873/1873/1873 1875/1875/1875
f 1870/1870/1870 1876/1876/1876 1874/1874/1874
f 1876/1876/1876 1870/1870/1870 1875/1875/1875
f 1874/1874/1874 1877/1877/1877 1860/1860/1860
f 1874/1874/1874 1876/1876/1876 1877/1877/1877
f 1875/1875/1875 1873/1873/1873 1878/1878/1878
f 1875/1875/1875 1878/1878/1878 1879/1879/1879
f 1873/1873/1873 1880/1880/1880 1878/1878/1878
f 1880/1880/1880 1881/1881/1881 1878/1878/1878
f 1881/1881/1881 1882/1882/1882 1878/1878/1878
f 1878/1878/1878 1882/1882/1882 1879/1879/1879
f 1876/1876/1876 1875/1875/1875 1883/1883/1883
f 1883/1883/1883 1875/1875/1875 1879/1879/1879
f 1877/1877/1877 1884/1884/1884 1860/1860/1860
f 1884/1884/1884 1864/1864/1864 1860/1860/1860
f 1876/1876/1876 1885/1885/1885 1877/1877/1877
f 1885/1885/1885 1876/1876/1876 1883/1883/1883
f 1885/1885/1885 1886/1886/1886 1877/1877/1877
f 1886/1886/1886 1885/1885/1885 1883/1883/1883
f 1886/1886/1886 1884/1884/1884 1877/1877/1877
f 1886/1886/1886 1887/1887/1887 1884/1884/1884
f 1888/1888/1888 1886/1886/1886 1883/1883/1883
f 1888/1888/1888 1883/1883/1883 1879/1879/1879
f 1887/1887/1887 1886/1886/1886 1888/1888/1888
f 1884/1884/1884 1889/1889/1889 1864/1864/1864
f 1887/1887/1887 1889/1889/1889 1884/1884/1884
f 1882/1882/1882 1890/1890/1890 1879/1879/1879
f 1882/1882/1882 1891/1891/1891 1890/1890/1890
f 1889/1889/1889 1892/1892/1892 1864/1864/1864
f 1892/1892/1892 1863/1863/1863 1864/1864/1864
f 1892/1892/1892 1889/1889/1889 1893/1893/1893
f 1863/1863/1863 1892/1892/1892 1893/1893/1893
f 1889/1889/1889 1887/1887/1887 1894/1894/1894
f 1889/1889/1889 1894/1894/1894 1893/1893/1893
f 1895/1895/1895 1863/1863/1863 1893/1893/1893
f 1829/1829/1829 1863/1863/1863 1895/1895/1895
f 1887/1887/1887 1896/1896/1896 1894/1894/1894
f 1896/1896/1896 1887/1887/1887 1897/1897/1897
f 1887/1887/1887 1898/1898/1898 1897/1897/1897
f 1898/1898/1898 1887/1887/1887 1888/1888/1888
f 1893/1893/1893 1894/1894/1894 1899/1899/1899
f 1895/1895/1895 1893/1893/1893 1899/1899/1899
f 1894/1894/1894 1900/1900/1900 1899/1899/1899
f 1901/1901/1901 1895/1895/1895 1899/1899/1899
f 1902/1902/1902 1829/1829/1829 1895/1895/1895
f 1829/1829/1829 1902/1902/1902 1828/1828/1828
f 1898/1898/1898 1888/1888/1888 1903/1903/1903
f 1904/1904/1904 1898/1898/1898 1903/1903/1903
f 1905/1905/1905 1904/1904/1904 1903/1903/1903
f 1903/1903/1903 1888/1888/1888 1879/1879/1879
f 1906/1906/1906 1903/1903/1903 1879/1879/1879
f 1890/1890/1890 1906/1906/1906 1879/1879/1879
f 1907/1907/1907 1906/1906/1906 1890/1890/1890
f 1828/1828/1828 1902/1902/1902 1908/1908/1908
f 1902/1902/1902 1909/1909/1909 1908/1908/1908
f 1909/1909/1909 1910/1910/1910 1908/1908/1908
f 1828/1828/1828 1908/1908/1908 1823/1823/1823
f 1910/1910/1910 1911/1911/1911 1908/1908/1908
f 1908/1908/1908 1911/1911/1911 1823/1823/1823
f 1911/1911/1911 1912/1912/1912 1823/1823/1823
f 1913/1913/1913 1907/1907/1907 1890/1890/1890
f 1891/1891/1891 1913/1913/1913 1890/1890/1890
f 1907/1907/1907 1913/1913/1913 1914/1914/1914
f 1913/1913/1913 1891/1891/1891 1914/1914/1914
f 1915/1915/1915 1907/1907/1907 1914/1914/1914
f 1891/1891/1891 1916/1916/1916 1914/1914/1914
f 1919/1919/1919 1918/1918/1918 1917/1917/1917
f 1920/1920/1920 1919/1919/1919 1917/1917/1917
f 1920/1920/1920 1917/1917/1917 1921/1921/1921
f 1922/1922/1922 1919/1919/1919 1920/1920/1920
f 1923/1923/1923 1920/1920/1920 1921/1921/1921
f 1924/1924/1924 1922/1922/1922 1920/1920/1920
f 1924/1924/1924 1920/1920/1920 1923/1923/1923
f 1922/1922/1922 1924/1924/1924 1925/1925/1925
f 1926/1926/1926 1922/1922/1922 1925/1925/1925
f 1926/1926/1926 1925/1925/1925 1927/1927/1927
f 1928/1928/1928 1926/1926/1926 1927/1927/1927
f 1925/1925/1925 1924/1924/1924 1929/1929/1929
f 1924/1924/1924 1930/1930/1930 1929/1929/1929
f 1930/1930/1930 1924/1924/1924 1923/1923/1923
f 1931/1931/1931 1930/1930/1930 1923/1923/1923
f 1932/1932/1932 1931/1931/1931 1923/1923/1923
f 1935/1935/1935 1934/1934/1934 1933/1933/1933
f 1936/1936/1936 1935/1935/1935 1933/1933/1933
f 1936/1936/1936 1933/1933/1933 1937/1937/1937
f 1933/1933/1933 1938/1938/1938 1937/1937/1937
f 1939/1939/1939 1935/1935/1935 1936/1936/1936
f 1938/1938/1938 1940/1940/1940 1937/1937/1937
f 1941/1941/1941 1939/1939/1939 1936/1936/1936
f 1942/1942/1942 1936/1936/1936 1937/1937/1937
f 1941/1941/1941 1936/1936/1936 1942/1942/1942
f 1939/1939/1939 1941/1941/1941 1943/1943/1943
f 1944/1944/1944 1939/1939/1939 1943/1943/1943
f 1944/1944/1944 1943/1943/1943 1945/1945/1945
f 1945/1945/1945 1943/1943/1943 1946/1946/1946
f 1947/1947/1947 1944/1944/1944 1945/1945/1945
f 1948/1948/1948 1945/1945/1945 1946/1946/1946
f 1943/1943/1943 1941/1941/1941 1949/1949/1949
f 1943/1943/1943 1949/1949/1949 1946/1946/1946
f 1950/1950/1950 1948/1948/1948 1946/1946/1946
f 1951/1951/1951 1948/1948/1948 1950/1950/1950
f 1952/1952/1952 1950/1950/1950 1946/1946/1946
f 1953/1953/1953 1952/1952/1952 1946/1946/1946
f 1954/1954/1954 1953/1953/1953 1946/1946/1946
f 1949/1949/1949 1954/1954/1954 1946/1946/1946
f 1955/1955/1955 1954/1954/1954 1949/1949/1949
f 1941/1941/1941 1956/1956/1956 1949/1949/1949
f 1956/1956/1956 1955/1955/1955 1949/1949/1949
f 1956/1956/1956 1941/1941/1941 1942/1942/1942
f 1955/1955/1955 1956/1956/1956 1942/1942/1942
f 1957/1957/1957 1955/1955/1955 1942/1942/1942
f 1957/1957/1957 1942/1942/1942 1937/1937/1937
f 1958/1958/1958 1957/1957/1957 1937/1937/1937
f 1959/1959/1959 1958/1958/1958 1937/1937/1937
f 1940/1940/1940 1959/1959/1959 1937/1937/1937
f 1960/1960/1960 1959/1959/1959 1940/1940/1940
f 1961/1961/1961 1960/1960/1960 1940/1940/1940
f 1964/1964/1964 1963/1963/1963 1962/1962/1962
f 1965/1965/1965 1964/1964/1964 1962/1962/1962
f 1966/1966/1966 1964/1964/1964 1965/1965/1965
f 1967/1967/1967 1966/1966/1966 1965/1965/1965
f 1966/1966/1966 1967/1967/1967 1968/1968/1968
f 1969/1969/1969 1966/1966/1966 1968/1968/1968
f 1969/1969/1969 1968/1968/1968 1970/1970/1970
f 1970/1970/1970 1968/1968/1968 1971/1971/1971
f 1972/1972/1972 1969/1969/1969 1970/1970/1970
f 1973/1973/1973 1972/1972/1972 1970/1970/1970
f 1974/1974/1974 1973/1973/1973 1970/1970/1970
f 1974/1974/1974 1970/1970/1970 1971/1971/1971
f 1975/1975/1975 1973/1973/1973 1974/1974/1974
f 1968/1968/1968 1967/1967/1967 1976/1976/1976
f 1968/1968/1968 1976/1976/1976 1971/1971/1971
f 1967/1967/1967 1977/1977/1977 1976/1976/1976
f 1977/1977/1977 1967/1967/1967 1978/1978/1978
f 1979/1979/1979 1977/1977/1977 1978/1978/1978
f 1977/1977/1977 1979/1979/1979 1976/1976/1976
f 1980/1980/1980 1979/1979/1979 1978/1978/1978
f 1979/1979/1979 1981/1981/1981 1976/1976/1976
f 1976/1976/1976 1981/1981/1981 1971/1971/1971
f 1981/1981/1981 1982/1982/1982 1971/1971/1971
f 1982/1982/1982 1983/1983/1983 1971/1971/1971
f 1983/1983/1983 1984/1984/1984 1971/1971/1971
f 1984/1984/1984 1974/1974/1974 1971/1971/1971
f 1983/1983/1983 1985/1985/1985 1984/1984/1984
f 1986/1986/1986 1975/1975/1975 1974/1974/1974
f 1986/1986/1986 1974/1974/1974 1984/1984/1984
f 1985/1985/1985 1987/1987/1987 1984/1984/1984
f 1987/1987/1987 1986/1986/1986 1984/1984/1984
f 1987/1987/1987 1985/1985/1985 1988/1988/1988
f 1986/1986/1986 1987/1987/1987 1988/1988/1988
f 1985/1985/1985 1989/1989/1989 1988/1988/1988
f 1975/1975/1975 1986/1986/1986 1990/1990/1990
f 1990/1990/1990 1986/1986/1986 1988/1988/1988
f 1991/1991/1991 1975/1975/1975 1990/1990/1990
f 1988/1988/1988 1989/1989/1989 1992/1992/1992
f 1990/1990/1990 1988/1988/1988 1992/1992/1992
f 1989/1989/1989 1993/1993/1993 1992/1992/1992
f 1994/1994/1994 1990/1990/1990 1992/1992/1992
f 1991/1991/1991 1990/1990/1990 1994/1994/1994
f 1995/1995/1995 1991/1991/1991 1994/1994/1994
f 1998/1998/1998 1997/1997/1997 1996/1996/1996
f 1999/1999/1999 1998/1998/1998 1996/1996/1996
f 2000/2000/2000 1998/1998/1998 1999/1999/1999
f 2001/2001/2001 2000/2000/2000 1999/1999/1999
f 2000/2000/2000 2001/2001/2001 2002/2002/2002
f 2003/2003/2003 2000/2000/2000 2002/2002/2002
f 2003/2003/2003 2002/2002/2002 2004/2004/2004
f 2005/2005/2005 2003/2003/2003 2004/2004/2004
f 2006/2006/2006 2005/2005/2005 2004/2004/2004
f 2007/2007/2007 2006/2006/2006 2004/2004/2004
f 2008/2008/2008 2006/2006/2006 2007/2007/2007
f 2009/2009/2009 2008/2008/2008 2007/2007/2007
f 2008/2008/2008 2009/2009/2009 2010/2010/2010
f 2011/2011/2011 2008/2008/2008 2010/2010/2010
f 2008/2008/2008 2011/2011/2011 2012/2012/2012
f 2013/2013/2013 2008/2008/2008 2012/2012/2012
f 2016/2016/2016 2015/2015/2015 2014/2014/2014
f 2017/2017/2017 2016/2016/2016 2014/2014/2014
f 2017/2017/2017 2014/2014/2014 2018/2018/2018
f 2019/2019/2019 2016/2016/2016 2017/2017/2017
f 2020/2020/2020 2017/2017/2017 2018/2018/2018
f 2021/2021/2021 2019/2019/2019 2017/2017/2017
f 2021/2021/2021 2017/2017/2017 2020/2020/2020
f 2022/2022/2022 2020/2020/2020 2018/2018/2018
f 2023/2023/2023 2022/2022/2022 2018/2018/2018
f 2019/2019/2019 2021/2021/2021 2024/2024/2024
f 2025/2025/2025 2019/2019/2019 2024/2024/2024
f 2025/2025/2025 2024/2024/2024 2026/2026/2026
f 2026/2026/2026 2024/2024/2024 2027/2027/2027
f 2028/2028/2028 2025/2025/2025 2026/2026/2026
f 2029/2029/2029 2028/2028/2028 2026/2026/2026
f 2030/2030/2030 2029/2029/2029 2026/2026/2026
f 2030/2030/2030 2026/2026/2026 2027/2027/2027
f 2031/2031/2031 2029/2029/2029 2030/2030/2030
f 2024/2024/2024 2021/2021/2021 2032/2032/2032
f 2024/2024/2024 2032/2032/2032 2027/2027/2027
f 2033/2033/2033 2021/2021/2021 2020/2020/2020
f 2021/2021/2021 2033/2033/2033 2032/2032/2032
f 2034/2034/2034 2033/2033/2033 2020/2020/2020
f 2033/2033/2033 2034/2034/2034 2032/2032/2032
f 2022/2022/2022 2034/2034/2034 2020/2020/2020
f 2035/2035/2035 2034/2034/2034 2022/2022/2022
f 2036/2036/2036 2035/2035/2035 2022/2022/2022
f 2034/2034/2034 2035/2035/2035 2037/2037/2037
f 2034/2034/2034 2037/2037/2037 2032/2032/2032
f 2032/2032/2032 2037/2037/2037 2027/2027/2027
f 2036/2036/2036 2022/2022/2022 2023/2023/2023
f 2038/2038/2038 2031/2031/2031 2030/2030/2030
f 2039/2039/2039 2030/2030/2030 2027/2027/2027
f 2038/2038/2038 2030/2030/2030 2039/2039/2039
f 2031/2031/2031 2038/2038/2038 2040/2040/2040
f 2041/2041/2041 2031/2031/2031 2040/2040/2040
f 2041/2041/2041 2040/2040/2040 2042/2042/2042
f 2040/2040/2040 2038/2038/2038 2043/2043/2043
f 2040/2040/2040 2043/2043/2043 2044/2044/2044
f 2043/2043/2043 2045/2045/2045 2044/2044/2044
f 2038/2038/2038 2046/2046/2046 2043/2043/2043
f 2046/2046/2046 2038/2038/2038 2039/2039/2039
f 2046/2046/2046 2047/2047/2047 2043/2043/2043
f 2047/2047/2047 2045/2045/2045 2043/2043/2043
f 2047/2047/2047 2046/2046/2046 2039/2039/2039
f 2047/2047/2047 2048/2048/2048 2045/2045/2045
f 2048/2048/2048 2049/2049/2049 2045/2045/2045
f 2049/2049/2049 2048/2048/2048 2050/2050/2050
f 2051/2051/2051 2047/2047/2047 2039/2039/2039
f 2048/2048/2048 2047/2047/2047 2051/2051/2051
f 2051/2051/2051 2039/2039/2039 2027/2027/2027
f 2052/2052/2052 2051/2051/2051 2027/2027/2027
f 2037/2037/2037 2052/2052/2052 2027/2027/2027
f 2053/2053/2053 2048/2048/2048 2051/2051/2051
f 2053/2053/2053 2051/2051/2051 2052/2052/2052
f 2037/2037/2037 2054/2054/2054 2052/2052/2052
f 2035/2035/2035 2054/2054/2054 2037/2037/2037
f 2055/2055/2055 2053/2053/2053 2052/2052/2052
f 2054/2054/2054 2055/2055/2055 2052/2052/2052
f 2053/2053/2053 2055/2055/2055 2056/2056/2056
f 2055/2055/2055 2054/2054/2054 2056/2056/2056
f 2048/2048/2048 2053/2053/2053 2057/2057/2057
f 2057/2057/2057 2053/2053/2053 2056/2056/2056
f 2057/2057/2057 2056/2056/2056 2058/2058/2058
f 2054/2054/2054 2059/2059/2059 2056/2056/2056
f 2054/2054/2054 2035/2035/2035 2059/2059/2059
f 2056/2056/2056 2059/2059/2059 2058/2058/2058
f 2060/2060/2060 2048/2048/2048 2057/2057/2057
f 2048/2048/2048 2060/2060/2060 2050/2050/2050
f 2061/2061/2061 2057/2057/2057 2058/2058/2058
f 2060/2060/2060 2057/2057/2057 2061/2061/2061
f 2050/2050/2050 2060/2060/2060 2062/2062/2062
f 2050/2050/2050 2062/2062/2062 2063/2063/2063
f 2064/2064/2064 2060/2060/2060 2061/2061/2061
f 2060/2060/2060 2064/2064/2064 2062/2062/2062
f 2062/2062/2062 2065/2065/2065 2063/2063/2063
f 2065/2065/2065 2066/2066/2066 2063/2063/2063
f 2064/2064/2064 2067/2067/2067 2062/2062/2062
f 2067/2067/2067 2064/2064/2064 2061/2061/2061
f 2067/2067/2067 2065/2065/2065 2062/2062/2062
f 2068/2068/2068 2067/2067/2067 2061/2061/2061
f 2068/2068/2068 2061/2061/2061 2058/2058/2058
f 2067/2067/2067 2069/2069/2069 2065/2065/2065
f 2069/2069/2069 2067/2067/2067 2068/2068/2068
f 2065/2065/2065 2070/2070/2070 2066/2066/2066
f 2069/2069/2069 2070/2070/2070 2065/2065/2065
f 2070/2070/2070 2069/2069/2069 2071/2071/2071
f 2070/2070/2070 2072/2072/2072 2066/2066/2066
f 2072/2072/2072 2070/2070/2070 2073/2073/2073
f 2072/2072/2072 2074/2074/2074 2066/2066/2066
f 2074/2074/2074 2075/2075/2075 2066/2066/2066
f 2076/2076/2076 2069/2069/2069 2068/2068/2068
f 2069/2069/2069 2076/2076/2076 2077/2077/2077
f 2077/2077/2077 2076/2076/2076 2078/2078/2078
f 2076/2076/2076 2068/2068/2068 2079/2079/2079
f 2079/2079/2079 2068/2068/2068 2058/2058/2058
f 2076/2076/2076 2080/2080/2080 2078/2078/2078
f 2080/2080/2080 2076/2076/2076 2079/2079/2079
f 2080/2080/2080 2081/2081/2081 2078/2078/2078
f 2081/2081/2081 2080/2080/2080 2079/2079/2079
f 2082/2082/2082 2081/2081/2081 2079/2079/2079
f 2082/2082/2082 2079/2079/2079 2058/2058/2058
f 2083/2083/2083 2081/2081/2081 2082/2082/2082
f 2084/2084/2084 2082/2082/2082 2058/2058/2058
f 2059/2059/2059 2084/2084/2084 2058/2058/2058
f 2085/2085/2085 2083/2083/2083 2082/2082/2082
f 2085/2085/2085 2082/2082/2082 2084/2084/2084
f 2059/2059/2059 2086/2086/2086 2084/2084/2084
f 2035/2035/2035 2086/2086/2086 2059/2059/2059
f 2087/2087/2087 2085/2085/2085 2084/2084/2084
f 2086/2086/2086 2087/2087/2087 2084/2084/2084
f 2085/2085/2085 2087/2087/2087 2088/2088/2088
f 2087/2087/2087 2086/2086/2086 2088/2088/2088
f 2083/2083/2083 2085/2085/2085 2089/2089/2089
f 2089/2089/2089 2085/2085/2085 2088/2088/2088
f 2089/2089/2089 2088/2088/2088 2090/2090/2090
f 2086/2086/2086 2091/2091/2091 2088/2088/2088
f 2086/2086/2086 2035/2035/2035 2091/2091/2091
f 2088/2088/2088 2091/2091/2091 2090/2090/2090
f 2092/2092/2092 2083/2083/2083 2089/2089/2089
f 2083/2083/2083 2092/2092/2092 2093/2093/2093
f 2093/2093/2093 2092/2092/2092 2094/2094/2094
f 2092/2092/2092 2089/2089/2089 2095/2095/2095
f 2095/2095/2095 2089/2089/2089 2090/2090/2090
f 2092/2092/2092 2096/2096/2096 2094/2094/2094
f 2096/2096/2096 2092/2092/2092 2095/2095/2095
f 2096/2096/2096 2097/2097/2097 2094/2094/2094
f 2097/2097/2097 2096/2096/2096 2095/2095/2095
f 2097/2097/2097 2098/2098/2098 2094/2094/2094
f 2099/2099/2099 2097/2097/2097 2095/2095/2095
f 2099/2099/2099 2095/2095/2095 2090/2090/2090
f 2097/2097/2097 2100/2100/2100 2098/2098/2098
f 2100/2100/2100 2097/2097/2097 2099/2099/2099
f 2100/2100/2100 2101/2101/2101 2098/2098/2098
f 2101/2101/2101 2100/2100/2100 2102/2102/2102
f 2103/2103/2103 2100/2100/2100 2099/2099/2099
f 2104/2104/2104 2099/2099/2099 2090/2090/2090
f 2103/2103/2103 2099/2099/2099 2104/2104/2104
f 2100/2100/2100 2103/2103/2103 2105/2105/2105
f 2106/2106/2106 2100/2100/2100 2105/2105/2105
f 2106/2106/2106 2105/2105/2105 2107/2107/2107
f 2107/2107/2107 2105/2105/2105 2108/2108/2108
f 2109/2109/2109 2106/2106/2106 2107/2107/2107
f 2110/2110/2110 2109/2109/2109 2107/2107/2107
f 2111/2111/2111 2110/2110/2110 2107/2107/2107
f 2111/2111/2111 2107/2107/2107 2108/2108/2108
f 2105/2105/2105 2103/2103/2103 2112/2112/2112
f 2105/2105/2105 2112/2112/2112 2108/2108/2108
f 2113/2113/2113 2103/2103/2103 2104/2104/2104
f 2103/2103/2103 2113/2113/2113 2112/2112/2112
f 2114/2114/2114 2113/2113/2113 2104/2104/2104
f 2113/2113/2113 2114/2114/2114 2112/2112/2112
f 2115/2115/2115 2104/2104/2104 2090/2090/2090
f 2115/2115/2115 2114/2114/2114 2104/2104/2104
f 2116/2116/2116 2114/2114/2114 2115/2115/2115
f 2114/2114/2114 2117/2117/2117 2112/2112/2112
f 2112/2112/2112 2117/2117/2117 2108/2108/2108
f 2114/2114/2114 2116/2116/2116 2117/2117/2117
f 2118/2118/2118 2115/2115/2115 2090/2090/2090
f 2091/2091/2091 2118/2118/2118 2090/2090/2090
f 2119/2119/2119 2111/2111/2111 2108/2108/2108
f 2120/2120/2120 2111/2111/2111 2119/2119/2119
f 2121/2121/2121 2116/2116/2116 2115/2115/2115
f 2121/2121/2121 2115/2115/2115 2118/2118/2118
f 2091/2091/2091 2122/2122/2122 2118/2118/2118
f 2035/2035/2035 2122/2122/2122 2091/2091/2091
f 2123/2123/2123 2121/2121/2121 2118/2118/2118
f 2122/2122/2122 2123/2123/2123 2118/2118/2118
f 2122/2122/2122 2035/2035/2035 2124/2124/2124
f 2035/2035/2035 2036/2036/2036 2124/2124/2124
f 2123/2123/2123 2122/2122/2122 2125/2125/2125
f 2121/2121/2121 2123/2123/2123 2125/2125/2125
f 2122/2122/2122 2124/2124/2124 2125/2125/2125
f 2125/2125/2125 2124/2124/2124 2126/2126/2126
f 2124/2124/2124 2036/2036/2036 2127/2127/2127
f 2128/2128/2128 2121/2121/2121 2125/2125/2125
f 2116/2116/2116 2121/2121/2121 2128/2128/2128
f 2036/2036/2036 2129/2129/2129 2127/2127/2127
f 2129/2129/2129 2036/2036/2036 2023/2023/2023
f 2130/2130/2130 2129/2129/2129 2023/2023/2023
f 2131/2131/2131 2130/2130/2130 2023/2023/2023
f 2132/2132/2132 2116/2116/2116 2128/2128/2128
f 2116/2116/2116 2132/2132/2132 2133/2133/2133
f 2134/2134/2134 2116/2116/2116 2133/2133/2133
f 2116/2116/2116 2134/2134/2134 2117/2117/2117
f 2117/2117/2117 2134/2134/2134 2135/2135/2135
f 2134/2134/2134 2136/2136/2136 2135/2135/2135
f 2136/2136/2136 2137/2137/2137 2135/2135/2135
f 2117/2117/2117 2135/2135/2135 2108/2108/2108
f 2135/2135/2135 2138/2138/2138 2108/2108/2108
f 2138/2138/2138 2119/2119/2119 2108/2108/2108
f 2138/2138/2138 2139/2139/2139 2119/2119/2119
f 2139/2139/2139 2140/2140/2140 2119/2119/2119
f 2140/2140/2140 2120/2120/2120 2119/2119/2119
f 2140/2140/2140 2139/2139/2139 2141/2141/2141
f 2120/2120/2120 2140/2140/2140 2141/2141/2141
f 2142/2142/2142 2120/2120/2120 2141/2141/2141
f 2139/2139/2139 2143/2143/2143 2141/2141/2141
f 2141/2141/2141 2143/2143/2143 2144/2144/2144
f 2143/2143/2143 2145/2145/2145 2144/2144/2144
f 2148/2148/2148 2147/2147/2147 2146/2146/2146
f 2147/2147/2147 2149/2149/2149 2146/2146/2146
f 2151/2151/2151 2150/2150/2150 2147/2147/2147
f 2150/2150/2150 2152/2152/2152 2147/2147/2147
f 2155/2155/2155 2154/2154/2154 2153/2153/2153
f 2156/2156/2156 2155/2155/2155 2153/2153/2153
f 2159/2159/2159 2158/2158/2158 2157/2157/2157
f 2160/2160/2160 2159/2159/2159 2157/2157/2157
f 2161/2161/2161 2159/2159/2159 2160/2160/2160
f 2162/2162/2162 2161/2161/2161 2160/2160/2160
f 2161/2161/2161 2162/2162/2162 2163/2163/2163
f 2164/2164/2164 2161/2161/2161 2163/2163/2163
f 2164/2164/2164 2163/2163/2163 2165/2165/2165
f 2166/2166/2166 2164/2164/2164 2165/2165/2165
f 2167/2167/2167 2166/2166/2166 2165/2165/2165
f 2166/2166/2166 2167/2167/2167 2168/2168/2168
f 2169/2169/2169 2167/2167/2167 2165/2165/2165
f 2170/2170/2170 2167/2167/2167 2169/2169/2169
f 2171/2171/2171 2170/2170/2170 2169/2169/2169
f 2170/2170/2170 2171/2171/2171 2172/2172/2172
f 2173/2173/2173 2170/2170/2170 2172/2172/2172
f 2170/2170/2170 2173/2173/2173 2174/2174/2174
f 2173/2173/2173 2172/2172/2172 2175/2175/2175
f 2174/2174/2174 2173/2173/2173 2176/2176/2176
f 2177/2177/2177 2173/2173/2173 2175/2175/2175
f 2173/2173/2173 2177/2177/2177 2176/2176/2176
f 2178/2178/2178 2177/2177/2177 2175/2175/2175
f 2177/2177/2177 2178/2178/2178 2176/2176/2176
f 2181/2181/2181 2180/2180/2180 2179/2179/2179
f 2180/2180/2180 2182/2182/2182 2179/2179/2179
f 2180/2180/2180 2183/2183/2183 2182/2182/2182
f 2183/2183/2183 2184/2184/2184 2182/2182/2182
f 2187/2187/2187 2186/2186/2186 2185/2185/2185
f 2186/2186/2186 2188/2188/2188 2185/2185/2185
f 2191/2191/2191 2190/2190/2190 2189/2189/2189
f 2190/2190/2190 2192/2192/2192 2189/2189/2189
f 2190/2190/2190 2193/2193/2193 2192/2192/2192
f 2192/2192/2192 2194/2194/2194 2189/2189/2189
f 2193/2193/2193 2195/2195/2195 2192/2192/2192
f 2195/2195/2195 2196/2196/2196 2192/2192/2192
f 2196/2196/2196 2194/2194/2194 2192/2192/2192
f 2196/2196/2196 2197/2197/2197 2194/2194/2194
f 2195/2195/2195 2193/2193/2193 2198/2198/2198
f 2196/2196/2196 2195/2195/2195 2198/2198/2198
f 2197/2197/2197 2196/2196/2196 2199/2199/2199
f 2199/2199/2199 2196/2196/2196 2198/2198/2198
f 2193/2193/2193 2200/2200/2200 2198/2198/2198
f 2193/2193/2193 2201/2201/2201 2200/2200/2200
f 2199/2199/2199 2198/2198/2198 2202/2202/2202
f 2198/2198/2198 2200/2200/2200 2202/2202/2202
f 2201/2201/2201 2203/2203/2203 2200/2200/2200
f 2200/2200/2200 2204/2204/2204 2202/2202/2202
f 2200/2200/2200 2203/2203/2203 2204/2204/2204
f 2203/2203/2203 2201/2201/2201 2205/2205/2205
f 2201/2201/2201 2206/2206/2206 2205/2205/2205
f 2205/2205/2205 2206/2206/2206 2207/2207/2207
f 2208/2208/2208 2199/2199/2199 2202/2202/2202
f 2209/2209/2209 2197/2197/2197 2199/2199/2199
f 2209/2209/2209 2199/2199/2199 2208/2208/2208
f 2204/2204/2204 2210/2210/2210 2202/2202/2202
f 2210/2210/2210 2208/2208/2208 2202/2202/2202
f 2203/2203/2203 2205/2205/2205 2211/2211/2211
f 2205/2205/2205 2207/2207/2207 2212/2212/2212
f 2211/2211/2211 2205/2205/2205 2212/2212/2212
f 2203/2203/2203 2213/2213/2213 2204/2204/2204
f 2213/2213/2213 2203/2203/2203 2211/2211/2211
f 2213/2213/2213 2214/2214/2214 2204/2204/2204
f 2214/2214/2214 2213/2213/2213 2211/2211/2211
f 2214/2214/2214 2210/2210/2210 2204/2204/2204
f 2214/2214/2214 2215/2215/2215 2210/2210/2210
f 2216/2216/2216 2214/2214/2214 2211/2211/2211
f 2216/2216/2216 2211/2211/2211 2212/2212/2212
f 2215/2215/2215 2214/2214/2214 2216/2216/2216
f 2210/2210/2210 2217/2217/2217 2208/2208/2208
f 2215/2215/2215 2217/2217/2217 2210/2210/2210
f 2207/2207/2207 2218/2218/2218 2212/2212/2212
f 2219/2219/2219 2218/2218/2218 2207/2207/2207
f 2219/2219/2219 2220/2220/2220 2218/2218/2218
f 2221/2221/2221 2216/2216/2216 2212/2212/2212
f 2218/2218/2218 2221/2221/2221 2212/2212/2212
f 2220/2220/2220 2222/2222/2222 2218/2218/2218
f 2218/2218/2218 2222/2222/2222 2221/2221/2221
f 2223/2223/2223 2216/2216/2216 2221/2221/2221
f 2223/2223/2223 2215/2215/2215 2216/2216/2216
f 2217/2217/2217 2224/2224/2224 2208/2208/2208
f 2224/2224/2224 2209/2209/2209 2208/2208/2208
f 2224/2224/2224 2217/2217/2217 2225/2225/2225
f 2209/2209/2209 2224/2224/2224 2225/2225/2225
f 2222/2222/2222 2220/2220/2220 2226/2226/2226
f 2220/2220/2220 2227/2227/2227 2226/2226/2226
f 2222/2222/2222 2228/2228/2228 2221/2221/2221
f 2228/2228/2228 2223/2223/2223 2221/2221/2221
f 2228/2228/2228 2222/2222/2222 2229/2229/2229
f 2223/2223/2223 2228/2228/2228 2229/2229/2229
f 2222/2222/2222 2226/2226/2226 2229/2229/2229
f 2226/2226/2226 2227/2227/2227 2230/2230/2230
f 2227/2227/2227 2231/2231/2231 2230/2230/2230
f 2231/2231/2231 2232/2232/2232 2230/2230/2230
f 2233/2233/2233 2223/2223/2223 2229/2229/2229
f 2215/2215/2215 2223/2223/2223 2233/2233/2233
f 2229/2229/2229 2226/2226/2226 2234/2234/2234
f 2226/2226/2226 2230/2230/2230 2234/2234/2234
f 2233/2233/2233 2229/2229/2229 2234/2234/2234
f 2232/2232/2232 2235/2235/2235 2230/2230/2230
f 2230/2230/2230 2235/2235/2235 2234/2234/2234
f 2232/2232/2232 2236/2236/2236 2235/2235/2235
f 2237/2237/2237 2233/2233/2233 2234/2234/2234
f 2235/2235/2235 2237/2237/2237 2234/2234/2234
f 2238/2238/2238 2215/2215/2215 2233/2233/2233
f 2238/2238/2238 2233/2233/2233 2237/2237/2237
f 2236/2236/2236 2239/2239/2239 2235/2235/2235
f 2235/2235/2235 2239/2239/2239 2237/2237/2237
f 2215/2215/2215 2238/2238/2238 2240/2240/2240
f 2241/2241/2241 2215/2215/2215 2240/2240/2240
f 2215/2215/2215 2241/2241/2241 2242/2242/2242
f 2243/2243/2243 2238/2238/2238 2237/2237/2237
f 2239/2239/2239 2243/2243/2243 2237/2237/2237
f 2238/2238/2238 2243/2243/2243 2244/2244/2244
f 2243/2243/2243 2239/2239/2239 2244/2244/2244
f 2240/2240/2240 2238/2238/2238 2244/2244/2244
f 2239/2239/2239 2236/2236/2236 2245/2245/2245
f 2239/2239/2239 2245/2245/2245 2244/2244/2244
f 2236/2236/2236 2246/2246/2246 2245/2245/2245
f 2240/2240/2240 2244/2244/2244 2247/2247/2247
f 2244/2244/2244 2245/2245/2245 2247/2247/2247
f 2245/2245/2245 2246/2246/2246 2248/2248/2248
f 2245/2245/2245 2248/2248/2248 2247/2247/2247
f 2246/2246/2246 2249/2249/2249 2248/2248/2248
f 2250/2250/2250 2240/2240/2240 2247/2247/2247
f 2241/2241/2241 2240/2240/2240 2250/2250/2250
f 2248/2248/2248 2251/2251/2251 2247/2247/2247
f 2251/2251/2251 2250/2250/2250 2247/2247/2247
f 2252/2252/2252 2251/2251/2251 2248/2248/2248
f 2252/2252/2252 2253/2253/2253 2251/2251/2251
f 2253/2253/2253 2254/2254/2254 2251/2251/2251
f 2251/2251/2251 2254/2254/2254 2250/2250/2250
f 2254/2254/2254 2253/2253/2253 2255/2255/2255
f 2256/2256/2256 2241/2241/2241 2250/2250/2250
f 2254/2254/2254 2256/2256/2256 2250/2250/2250
f 2241/2241/2241 2256/2256/2256 2257/2257/2257
f 2256/2256/2256 2254/2254/2254 2257/2257/2257
f 2254/2254/2254 2255/2255/2255 2257/2257/2257
f 2242/2242/2242 2241/2241/2241 2257/2257/2257
f 2257/2257/2257 2255/2255/2255 2258/2258/2258
f 2242/2242/2242 2257/2257/2257 2258/2258/2258
f 2255/2255/2255 2259/2259/2259 2258/2258/2258
f 2259/2259/2259 2260/2260/2260 2258/2258/2258
f 2261/2261/2261 2260/2260/2260 2259/2259/2259
f 2261/2261/2261 2262/2262/2262 2260/2260/2260
f 2263/2263/2263 2242/2242/2242 2258/2258/2258
f 2260/2260/2260 2263/2263/2263 2258/2258/2258
f 2262/2262/2262 2264/2264/2264 2260/2260/2260
f 2260/2260/2260 2264/2264/2264 2263/2263/2263
f 2265/2265/2265 2242/2242/2242 2263/2263/2263
f 2265/2265/2265 2215/2215/2215 2242/2242/2242
f 2264/2264/2264 2262/2262/2262 2266/2266/2266
f 2262/2262/2262 2267/2267/2267 2266/2266/2266
f 2264/2264/2264 2268/2268/2268 2263/2263/2263
f 2268/2268/2268 2265/2265/2265 2263/2263/2263
f 2268/2268/2268 2264/2264/2264 2269/2269/2269
f 2265/2265/2265 2268/2268/2268 2269/2269/2269
f 2264/2264/2264 2266/2266/2266 2269/2269/2269
f 2266/2266/2266 2267/2267/2267 2270/2270/2270
f 2267/2267/2267 2271/2271/2271 2270/2270/2270
f 2271/2271/2271 2272/2272/2272 2270/2270/2270
f 2273/2273/2273 2265/2265/2265 2269/2269/2269
f 2215/2215/2215 2265/2265/2265 2273/2273/2273
f 2269/2269/2269 2266/2266/2266 2274/2274/2274
f 2266/2266/2266 2270/2270/2270 2274/2274/2274
f 2273/2273/2273 2269/2269/2269 2274/2274/2274
f 2272/2272/2272 2275/2275/2275 2270/2270/2270
f 2270/2270/2270 2275/2275/2275 2274/2274/2274
f 2272/2272/2272 2276/2276/2276 2275/2275/2275
f 2277/2277/2277 2273/2273/2273 2274/2274/2274
f 2275/2275/2275 2277/2277/2277 2274/2274/2274
f 2276/2276/2276 2278/2278/2278 2275/2275/2275
f 2275/2275/2275 2278/2278/2278 2277/2277/2277
f 2278/2278/2278 2276/2276/2276 2279/2279/2279
f 2280/2280/2280 2273/2273/2273 2277/2277/2277
f 2280/2280/2280 2215/2215/2215 2273/2273/2273
f 2278/2278/2278 2281/2281/2281 2277/2277/2277
f 2281/2281/2281 2280/2280/2280 2277/2277/2277
f 2281/2281/2281 2278/2278/2278 2282/2282/2282
f 2278/2278/2278 2279/2279/2279 2282/2282/2282
f 2280/2280/2280 2281/2281/2281 2282/2282/2282
f 2282/2282/2282 2279/2279/2279 2283/2283/2283
f 2279/2279/2279 2284/2284/2284 2283/2283/2283
f 2284/2284/2284 2285/2285/2285 2283/2283/2283
f 2286/2286/2286 2280/2280/2280 2282/2282/2282
f 2286/2286/2286 2282/2282/2282 2283/2283/2283
f 2215/2215/2215 2280/2280/2280 2286/2286/2286
f 2285/2285/2285 2287/2287/2287 2283/2283/2283
f 2287/2287/2287 2286/2286/2286 2283/2283/2283
f 2285/2285/2285 2288/2288/2288 2287/2287/2287
f 2289/2289/2289 2215/2215/2215 2286/2286/2286
f 2289/2289/2289 2286/2286/2286 2287/2287/2287
f 2288/2288/2288 2290/2290/2290 2287/2287/2287
f 2290/2290/2290 2289/2289/2289 2287/2287/2287
f 2290/2290/2290 2288/2288/2288 2291/2291/2291
f 2289/2289/2289 2290/2290/2290 2291/2291/2291
f 2288/2288/2288 2292/2292/2292 2291/2291/2291
f 2215/2215/2215 2289/2289/2289 2293/2293/2293
f 2293/2293/2293 2289/2289/2289 2291/2291/2291
f 2294/2294/2294 2215/2215/2215 2293/2293/2293
f 2215/2215/2215 2294/2294/2294 2295/2295/2295
f 2291/2291/2291 2292/2292/2292 2296/2296/2296
f 2293/2293/2293 2291/2291/2291 2296/2296/2296
f 2292/2292/2292 2297/2297/2297 2296/2296/2296
f 2298/2298/2298 2293/2293/2293 2296/2296/2296
f 2294/2294/2294 2293/2293/2293 2298/2298/2298
f 2297/2297/2297 2299/2299/2299 2296/2296/2296
f 2299/2299/2299 2298/2298/2298 2296/2296/2296
f 2300/2300/2300 2299/2299/2299 2297/2297/2297
f 2299/2299/2299 2301/2301/2301 2298/2298/2298
f 2302/2302/2302 2301/2301/2301 2299/2299/2299
f 2303/2303/2303 2294/2294/2294 2298/2298/2298
f 2301/2301/2301 2303/2303/2303 2298/2298/2298
f 2294/2294/2294 2303/2303/2303 2304/2304/2304
f 2303/2303/2303 2301/2301/2301 2304/2304/2304
f 2295/2295/2295 2294/2294/2294 2304/2304/2304
f 2301/2301/2301 2302/2302/2302 2305/2305/2305
f 2301/2301/2301 2305/2305/2305 2304/2304/2304
f 2302/2302/2302 2306/2306/2306 2305/2305/2305
f 2304/2304/2304 2305/2305/2305 2307/2307/2307
f 2295/2295/2295 2304/2304/2304 2307/2307/2307
f 2305/2305/2305 2306/2306/2306 2308/2308/2308
f 2305/2305/2305 2308/2308/2308 2307/2307/2307
f 2309/2309/2309 2295/2295/2295 2307/2307/2307
f 2308/2308/2308 2310/2310/2310 2307/2307/2307
f 2310/2310/2310 2309/2309/2309 2307/2307/2307
f 2311/2311/2311 2295/2295/2295 2309/2309/2309
f 2311/2311/2311 2215/2215/2215 2295/2295/2295
f 2306/2306/2306 2312/2312/2312 2308/2308/2308
f 2312/2312/2312 2313/2313/2313 2308/2308/2308
f 2313/2313/2313 2310/2310/2310 2308/2308/2308
f 2313/2313/2313 2314/2314/2314 2310/2310/2310
f 2312/2312/2312 2306/2306/2306 2315/2315/2315
f 2313/2313/2313 2312/2312/2312 2315/2315/2315
f 2306/2306/2306 2316/2316/2316 2315/2315/2315
f 2310/2310/2310 2317/2317/2317 2309/2309/2309
f 2314/2314/2314 2317/2317/2317 2310/2310/2310
f 2318/2318/2318 2313/2313/2313 2315/2315/2315
f 2314/2314/2314 2313/2313/2313 2318/2318/2318
f 2315/2315/2315 2316/2316/2316 2319/2319/2319
f 2318/2318/2318 2315/2315/2315 2319/2319/2319
f 2316/2316/2316 2320/2320/2320 2319/2319/2319
f 2321/2321/2321 2311/2311/2311 2309/2309/2309
f 2317/2317/2317 2321/2321/2321 2309/2309/2309
f 2311/2311/2311 2321/2321/2321 2322/2322/2322
f 2321/2321/2321 2317/2317/2317 2322/2322/2322
f 2317/2317/2317 2314/2314/2314 2323/2323/2323
f 2317/2317/2317 2323/2323/2323 2322/2322/2322
f 2324/2324/2324 2311/2311/2311 2322/2322/2322
f 2215/2215/2215 2311/2311/2311 2324/2324/2324
f 2322/2322/2322 2323/2323/2323 2325/2325/2325
f 2324/2324/2324 2322/2322/2322 2325/2325/2325
f 2326/2326/2326 2318/2318/2318 2319/2319/2319
f 2327/2327/2327 2314/2314/2314 2318/2318/2318
f 2327/2327/2327 2318/2318/2318 2326/2326/2326
f 2314/2314/2314 2328/2328/2328 2323/2323/2323
f 2323/2323/2323 2329/2329/2329 2325/2325/2325
f 2323/2323/2323 2328/2328/2328 2329/2329/2329
f 2314/2314/2314 2327/2327/2327 2330/2330/2330
f 2328/2328/2328 2314/2314/2314 2330/2330/2330
f 2331/2331/2331 2324/2324/2324 2325/2325/2325
f 2332/2332/2332 2215/2215/2215 2324/2324/2324
f 2332/2332/2332 2324/2324/2324 2331/2331/2331
f 2329/2329/2329 2333/2333/2333 2325/2325/2325
f 2333/2333/2333 2331/2331/2331 2325/2325/2325
f 2328/2328/2328 2334/2334/2334 2329/2329/2329
f 2334/2334/2334 2335/2335/2335 2329/2329/2329
f 2335/2335/2335 2333/2333/2333 2329/2329/2329
f 2335/2335/2335 2336/2336/2336 2333/2333/2333
f 2334/2334/2334 2328/2328/2328 2337/2337/2337
f 2335/2335/2335 2334/2334/2334 2337/2337/2337
f 2328/2328/2328 2330/2330/2330 2337/2337/2337
f 2337/2337/2337 2330/2330/2330 2338/2338/2338
f 2339/2339/2339 2335/2335/2335 2337/2337/2337
f 2336/2336/2336 2335/2335/2335 2339/2339/2339
f 2339/2339/2339 2337/2337/2337 2338/2338/2338
f 2333/2333/2333 2340/2340/2340 2331/2331/2331
f 2336/2336/2336 2340/2340/2340 2333/2333/2333
f 2341/2341/2341 2332/2332/2332 2331/2331/2331
f 2340/2340/2340 2341/2341/2341 2331/2331/2331
f 2332/2332/2332 2341/2341/2341 2342/2342/2342
f 2341/2341/2341 2340/2340/2340 2342/2342/2342
f 2330/2330/2330 2343/2343/2343 2338/2338/2338
f 2330/2330/2330 2327/2327/2327 2343/2343/2343
f 2340/2340/2340 2336/2336/2336 2344/2344/2344
f 2340/2340/2340 2344/2344/2344 2342/2342/2342
f 2345/2345/2345 2332/2332/2332 2342/2342/2342
f 2215/2215/2215 2332/2332/2332 2345/2345/2345
f 2327/2327/2327 2346/2346/2346 2343/2343/2343
f 2346/2346/2346 2327/2327/2327 2326/2326/2326
f 2346/2346/2346 2347/2347/2347 2343/2343/2343
f 2347/2347/2347 2346/2346/2346 2326/2326/2326
f 2343/2343/2343 2348/2348/2348 2338/2338/2338
f 2347/2347/2347 2348/2348/2348 2343/2343/2343
f 2349/2349/2349 2347/2347/2347 2326/2326/2326
f 2349/2349/2349 2326/2326/2326 2319/2319/2319
f 2342/2342/2342 2344/2344/2344 2350/2350/2350
f 2345/2345/2345 2342/2342/2342 2350/2350/2350
f 2347/2347/2347 2351/2351/2351 2348/2348/2348
f 2351/2351/2351 2347/2347/2347 2349/2349/2349
f 2351/2351/2351 2352/2352/2352 2348/2348/2348
f 2353/2353/2353 2351/2351/2351 2349/2349/2349
f 2354/2354/2354 2349/2349/2349 2319/2319/2319
f 2353/2353/2353 2349/2349/2349 2354/2354/2354
f 2355/2355/2355 2354/2354/2354 2319/2319/2319
f 2356/2356/2356 2353/2353/2353 2354/2354/2354
f 2357/2357/2357 2356/2356/2356 2354/2354/2354
f 2356/2356/2356 2357/2357/2357 2358/2358/2358
f 2348/2348/2348 2352/2352/2352 2359/2359/2359
f 2352/2352/2352 2360/2360/2360 2359/2359/2359
f 2360/2360/2360 2361/2361/2361 2359/2359/2359
f 2348/2348/2348 2359/2359/2359 2338/2338/2338
f 2361/2361/2361 2362/2362/2362 2359/2359/2359
f 2359/2359/2359 2362/2362/2362 2338/2338/2338
f 2361/2361/2361 2363/2363/2363 2362/2362/2362
f 2362/2362/2362 2364/2364/2364 2338/2338/2338
f 2364/2364/2364 2339/2339/2339 2338/2338/2338
f 2363/2363/2363 2365/2365/2365 2362/2362/2362
f 2362/2362/2362 2365/2365/2365 2364/2364/2364
f 2365/2365/2365 2363/2363/2363 2366/2366/2366
f 2367/2367/2367 2339/2339/2339 2364/2364/2364
f 2367/2367/2367 2336/2336/2336 2339/2339/2339
f 2365/2365/2365 2368/2368/2368 2364/2364/2364
f 2368/2368/2368 2367/2367/2367 2364/2364/2364
f 2368/2368/2368 2365/2365/2365 2369/2369/2369
f 2367/2367/2367 2368/2368/2368 2369/2369/2369
f 2365/2365/2365 2366/2366/2366 2369/2369/2369
f 2369/2369/2369 2366/2366/2366 2370/2370/2370
f 2371/2371/2371 2367/2367/2367 2369/2369/2369
f 2336/2336/2336 2367/2367/2367 2371/2371/2371
f 2371/2371/2371 2369/2369/2369 2370/2370/2370
f 2372/2372/2372 2336/2336/2336 2371/2371/2371
f 2336/2336/2336 2372/2372/2372 2344/2344/2344
f 2366/2366/2366 2373/2373/2373 2370/2370/2370
f 2366/2366/2366 2374/2374/2374 2373/2373/2373
f 2374/2374/2374 2375/2375/2375 2373/2373/2373
f 2375/2375/2375 2376/2376/2376 2373/2373/2373
f 2376/2376/2376 2377/2377/2377 2373/2373/2373
f 2373/2373/2373 2377/2377/2377 2370/2370/2370
f 2378/2378/2378 2371/2371/2371 2370/2370/2370
f 2372/2372/2372 2371/2371/2371 2378/2378/2378
f 2344/2344/2344 2372/2372/2372 2379/2379/2379
f 2344/2344/2344 2379/2379/2379 2350/2350/2350
f 2376/2376/2376 2380/2380/2380 2377/2377/2377
f 2380/2380/2380 2376/2376/2376 2381/2381/2381
f 2382/2382/2382 2372/2372/2372 2378/2378/2378
f 2372/2372/2372 2382/2382/2382 2379/2379/2379
f 2383/2383/2383 2382/2382/2382 2378/2378/2378
f 2382/2382/2382 2383/2383/2383 2379/2379/2379
f 2384/2384/2384 2378/2378/2378 2370/2370/2370
f 2384/2384/2384 2383/2383/2383 2378/2378/2378
f 2385/2385/2385 2383/2383/2383 2384/2384/2384
f 2383/2383/2383 2386/2386/2386 2379/2379/2379
f 2379/2379/2379 2386/2386/2386 2350/2350/2350
f 2383/2383/2383 2385/2385/2385 2386/2386/2386
f 2377/2377/2377 2387/2387/2387 2370/2370/2370
f 2387/2387/2387 2384/2384/2384 2370/2370/2370
f 2386/2386/2386 2388/2388/2388 2350/2350/2350
f 2388/2388/2388 2345/2345/2345 2350/2350/2350
f 2380/2380/2380 2389/2389/2389 2377/2377/2377
f 2377/2377/2377 2389/2389/2389 2387/2387/2387
f 2390/2390/2390 2384/2384/2384 2387/2387/2387
f 2390/2390/2390 2385/2385/2385 2384/2384/2384
f 2386/2386/2386 2391/2391/2391 2388/2388/2388
f 2385/2385/2385 2391/2391/2391 2386/2386/2386
f 2392/2392/2392 2345/2345/2345 2388/2388/2388
f 2392/2392/2392 2215/2215/2215 2345/2345/2345
f 2389/2389/2389 2393/2393/2393 2387/2387/2387
f 2393/2393/2393 2390/2390/2390 2387/2387/2387
f 2393/2393/2393 2389/2389/2389 2394/2394/2394
f 2390/2390/2390 2393/2393/2393 2394/2394/2394
f 2389/2389/2389 2380/2380/2380 2395/2395/2395
f 2389/2389/2389 2395/2395/2395 2394/2394/2394
f 2394/2394/2394 2395/2395/2395 2396/2396/2396
f 2397/2397/2397 2390/2390/2390 2394/2394/2394
f 2385/2385/2385 2390/2390/2390 2397/2397/2397
f 2397/2397/2397 2394/2394/2394 2396/2396/2396
f 2380/2380/2380 2398/2398/2398 2395/2395/2395
f 2398/2398/2398 2380/2380/2380 2399/2399/2399
f 2395/2395/2395 2398/2398/2398 2400/2400/2400
f 2395/2395/2395 2400/2400/2400 2396/2396/2396
f 2398/2398/2398 2401/2401/2401 2400/2400/2400
f 2401/2401/2401 2402/2402/2402 2400/2400/2400
f 2402/2402/2402 2403/2403/2403 2400/2400/2400
f 2400/2400/2400 2403/2403/2403 2396/2396/2396
f 2402/2402/2402 2404/2404/2404 2403/2403/2403
f 2405/2405/2405 2385/2385/2385 2397/2397/2397
f 2406/2406/2406 2397/2397/2397 2396/2396/2396
f 2405/2405/2405 2397/2397/2397 2406/2406/2406
f 2385/2385/2385 2405/2405/2405 2407/2407/2407
f 2391/2391/2391 2385/2385/2385 2407/2407/2407
f 2403/2403/2403 2408/2408/2408 2396/2396/2396
f 2404/2404/2404 2409/2409/2409 2403/2403/2403
f 2403/2403/2403 2409/2409/2409 2408/2408/2408
f 2410/2410/2410 2406/2406/2406 2396/2396/2396
f 2408/2408/2408 2410/2410/2410 2396/2396/2396
f 2409/2409/2409 2404/2404/2404 2411/2411/2411
f 2404/2404/2404 2412/2412/2412 2411/2411/2411
f 2411/2411/2411 2412/2412/2412 2413/2413/2413
f 2412/2412/2412 2414/2414/2414 2413/2413/2413
f 2414/2414/2414 2415/2415/2415 2413/2413/2413
f 2415/2415/2415 2414/2414/2414 2416/2416/2416
f 2417/2417/2417 2415/2415/2415 2416/2416/2416
f 2411/2411/2411 2413/2413/2413 2189/2189/2189
f 2413/2413/2413 2418/2418/2418 2189/2189/2189
f 2419/2419/2419 2411/2411/2411 2189/2189/2189
f 2409/2409/2409 2411/2411/2411 2419/2419/2419
f 2194/2194/2194 2419/2419/2419 2189/2189/2189
f 2409/2409/2409 2420/2420/2420 2408/2408/2408
f 2420/2420/2420 2409/2409/2409 2419/2419/2419
f 2194/2194/2194 2421/2421/2421 2419/2419/2419
f 2421/2421/2421 2420/2420/2420 2419/2419/2419
f 2420/2420/2420 2421/2421/2421 2408/2408/2408
f 2197/2197/2197 2421/2421/2421 2194/2194/2194
f 2421/2421/2421 2410/2410/2410 2408/2408/2408
f 2421/2421/2421 2197/2197/2197 2410/2410/2410
f 2197/2197/2197 2422/2422/2422 2410/2410/2410
f 2410/2410/2410 2422/2422/2422 2406/2406/2406
f 2422/2422/2422 2197/2197/2197 2423/2423/2423
f 2197/2197/2197 2209/2209/2209 2423/2423/2423
f 2423/2423/2423 2209/2209/2209 2225/2225/2225
f 2422/2422/2422 2424/2424/2424 2406/2406/2406
f 2424/2424/2424 2405/2405/2405 2406/2406/2406
f 2424/2424/2424 2422/2422/2422 2425/2425/2425
f 2405/2405/2405 2424/2424/2424 2425/2425/2425
f 2422/2422/2422 2423/2423/2423 2425/2425/2425
f 2407/2407/2407 2405/2405/2405 2425/2425/2425
f 2425/2425/2425 2423/2423/2423 2426/2426/2426
f 2423/2423/2423 2225/2225/2225 2426/2426/2426
f 2407/2407/2407 2425/2425/2425 2426/2426/2426
f 2225/2225/2225 2427/2427/2427 2426/2426/2426
f 2217/2217/2217 2427/2427/2427 2225/2225/2225
f 2217/2217/2217 2215/2215/2215 2427/2427/2427
f 2215/2215/2215 2392/2392/2392 2427/2427/2427
f 2428/2428/2428 2407/2407/2407 2426/2426/2426
f 2427/2427/2427 2428/2428/2428 2426/2426/2426
f 2427/2427/2427 2392/2392/2392 2428/2428/2428
f 2391/2391/2391 2407/2407/2407 2428/2428/2428
f 2392/2392/2392 2429/2429/2429 2428/2428/2428
f 2429/2429/2429 2391/2391/2391 2428/2428/2428
f 2429/2429/2429 2392/2392/2392 2388/2388/2388
f 2391/2391/2391 2429/2429/2429 2388/2388/2388
f 2432/2432/2432 2431/2431/2431 2430/2430/2430
f 2433/2433/2433 2432/2432/2432 2430/2430/2430
f 2434/2434/2434 2432/2432/2432 2433/2433/2433
f 2435/2435/2435 2433/2433/2433 2430/2430/2430
f 2436/2436/2436 2435/2435/2435 2430/2430/2430
f 2437/2437/2437 2434/2434/2434 2433/2433/2433
f 2438/2438/2438 2437/2437/2437 2433/2433/2433
f 2435/2435/2435 2438/2438/2438 2433/2433/2433
f 2434/2434/2434 2437/2437/2437 2439/2439/2439
f 2437/2437/2437 2438/2438/2438 2439/2439/2439
f 2440/2440/2440 2434/2434/2434 2439/2439/2439
f 2440/2440/2440 2439/2439/2439 2441/2441/2441
f 2442/2442/2442 2434/2434/2434 2440/2440/2440
f 2443/2443/2443 2442/2442/2442 2440/2440/2440
f 2443/2443/2443 2440/2440/2440 2444/2444/2444
f 2444/2444/2444 2440/2440/2440 2441/2441/2441
f 2445/2445/2445 2443/2443/2443 2444/2444/2444
f 2446/2446/2446 2445/2445/2445 2444/2444/2444
f 2447/2447/2447 2446/2446/2446 2444/2444/2444
f 2447/2447/2447 2444/2444/2444 2441/2441/2441
f 2448/2448/2448 2446/2446/2446 2447/2447/2447
f 2438/2438/2438 2449/2449/2449 2439/2439/2439
f 2439/2439/2439 2449/2449/2449 2441/2441/2441
f 2450/2450/2450 2438/2438/2438 2435/2435/2435
f 2438/2438/2438 2450/2450/2450 2449/2449/2449
f 2449/2449/2449 2451/2451/2451 2441/2441/2441
f 2449/2449/2449 2452/2452/2452 2451/2451/2451
f 2453/2453/2453 2450/2450/2450 2435/2435/2435
f 2453/2453/2453 2435/2435/2435 2436/2436/2436
f 2454/2454/2454 2447/2447/2447 2441/2441/2441
f 2455/2455/2455 2448/2448/2448 2447/2447/2447
f 2455/2455/2455 2447/2447/2447 2454/2454/2454
f 2451/2451/2451 2456/2456/2456 2441/2441/2441
f 2456/2456/2456 2454/2454/2454 2441/2441/2441
f 2448/2448/2448 2455/2455/2455 2457/2457/2457
f 2458/2458/2458 2448/2448/2448 2457/2457/2457
f 2458/2458/2458 2457/2457/2457 2459/2459/2459
f 2459/2459/2459 2457/2457/2457 2460/2460/2460
f 2461/2461/2461 2458/2458/2458 2459/2459/2459
f 2457/2457/2457 2455/2455/2455 2462/2462/2462
f 2457/2457/2457 2462/2462/2462 2460/2460/2460
f 2463/2463/2463 2455/2455/2455 2454/2454/2454
f 2455/2455/2455 2463/2463/2463 2462/2462/2462
f 2464/2464/2464 2463/2463/2463 2454/2454/2454
f 2463/2463/2463 2464/2464/2464 2462/2462/2462
f 2456/2456/2456 2464/2464/2464 2454/2454/2454
f 2465/2465/2465 2464/2464/2464 2456/2456/2456
f 2464/2464/2464 2466/2466/2466 2462/2462/2462
f 2462/2462/2462 2466/2466/2466 2460/2460/2460
f 2464/2464/2464 2465/2465/2465 2466/2466/2466
f 2467/2467/2467 2456/2456/2456 2451/2451/2451
f 2467/2467/2467 2465/2465/2465 2456/2456/2456
f 2468/2468/2468 2461/2461/2461 2459/2459/2459
f 2461/2461/2461 2468/2468/2468 2469/2469/2469
f 2468/2468/2468 2470/2470/2470 2469/2469/2469
f 2468/2468/2468 2471/2471/2471 2470/2470/2470
f 2471/2471/2471 2472/2472/2472 2470/2470/2470
f 2472/2472/2472 2471/2471/2471 2473/2473/2473
f 2474/2474/2474 2468/2468/2468 2459/2459/2459
f 2471/2471/2471 2468/2468/2468 2474/2474/2474
f 2474/2474/2474 2459/2459/2459 2460/2460/2460
f 2475/2475/2475 2467/2467/2467 2451/2451/2451
f 2452/2452/2452 2475/2475/2475 2451/2451/2451
f 2467/2467/2467 2475/2475/2475 2476/2476/2476
f 2475/2475/2475 2452/2452/2452 2476/2476/2476
f 2477/2477/2477 2467/2467/2467 2476/2476/2476
f 2452/2452/2452 2478/2478/2478 2476/2476/2476
f 2465/2465/2465 2467/2467/2467 2477/2477/2477
f 2452/2452/2452 2450/2450/2450 2478/2478/2478
f 2450/2450/2450 2479/2479/2479 2478/2478/2478
f 2479/2479/2479 2450/2450/2450 2480/2480/2480
f 2481/2481/2481 2465/2465/2465 2477/2477/2477
f 2465/2465/2465 2481/2481/2481 2482/2482/2482
f 2450/2450/2450 2453/2453/2453 2480/2480/2480
f 2483/2483/2483 2465/2465/2465 2482/2482/2482
f 2465/2465/2465 2483/2483/2483 2466/2466/2466
f 2480/2480/2480 2453/2453/2453 2484/2484/2484
f 2466/2466/2466 2483/2483/2483 2485/2485/2485
f 2483/2483/2483 2486/2486/2486 2485/2485/2485
f 2486/2486/2486 2487/2487/2487 2485/2485/2485
f 2466/2466/2466 2485/2485/2485 2460/2460/2460
f 2487/2487/2487 2488/2488/2488 2485/2485/2485
f 2485/2485/2485 2488/2488/2488 2460/2460/2460
f 2487/2487/2487 2489/2489/2489 2488/2488/2488
f 2453/2453/2453 2490/2490/2490 2484/2484/2484
f 2490/2490/2490 2453/2453/2453 2436/2436/2436
f 2490/2490/2490 2491/2491/2491 2484/2484/2484
f 2491/2491/2491 2490/2490/2490 2436/2436/2436
f 2491/2491/2491 2492/2492/2492 2484/2484/2484
f 2493/2493/2493 2491/2491/2491 2436/2436/2436
f 2488/2488/2488 2494/2494/2494 2460/2460/2460
f 2494/2494/2494 2474/2474/2474 2460/2460/2460
f 2489/2489/2489 2495/2495/2495 2488/2488/2488
f 2488/2488/2488 2495/2495/2495 2494/2494/2494
f 2496/2496/2496 2474/2474/2474 2494/2494/2494
f 2496/2496/2496 2471/2471/2471 2474/2474/2474
f 2495/2495/2495 2497/2497/2497 2494/2494/2494
f 2497/2497/2497 2496/2496/2496 2494/2494/2494
f 2497/2497/2497 2495/2495/2495 2498/2498/2498
f 2496/2496/2496 2497/2497/2497 2498/2498/2498
f 2471/2471/2471 2496/2496/2496 2499/2499/2499
f 2499/2499/2499 2496/2496/2496 2498/2498/2498
f 2499/2499/2499 2498/2498/2498 2500/2500/2500
f 2495/2495/2495 2501/2501/2501 2498/2498/2498
f 2495/2495/2495 2489/2489/2489 2501/2501/2501
f 2498/2498/2498 2501/2501/2501 2500/2500/2500
f 2502/2502/2502 2471/2471/2471 2499/2499/2499
f 2471/2471/2471 2502/2502/2502 2473/2473/2473
f 2473/2473/2473 2502/2502/2502 2503/2503/2503
f 2502/2502/2502 2499/2499/2499 2504/2504/2504
f 2504/2504/2504 2499/2499/2499 2500/2500/2500
f 2502/2502/2502 2505/2505/2505 2503/2503/2503
f 2505/2505/2505 2502/2502/2502 2504/2504/2504
f 2505/2505/2505 2506/2506/2506 2503/2503/2503
f 2506/2506/2506 2505/2505/2505 2504/2504/2504
f 2506/2506/2506 2507/2507/2507 2503/2503/2503
f 2506/2506/2506 2508/2508/2508 2507/2507/2507
f 2508/2508/2508 2509/2509/2509 2507/2507/2507
f 2509/2509/2509 2508/2508/2508 2510/2510/2510
f 2508/2508/2508 2511/2511/2511 2510/2510/2510
f 2512/2512/2512 2506/2506/2506 2504/2504/2504
f 2512/2512/2512 2504/2504/2504 2500/2500/2500
f 2508/2508/2508 2506/2506/2506 2512/2512/2512
f 2511/2511/2511 2508/2508/2508 2513/2513/2513
f 2511/2511/2511 2513/2513/2513 2514/2514/2514
f 2514/2514/2514 2513/2513/2513 2515/2515/2515
f 2516/2516/2516 2508/2508/2508 2512/2512/2512
f 2508/2508/2508 2516/2516/2516 2513/2513/2513
f 2513/2513/2513 2517/2517/2517 2515/2515/2515
f 2513/2513/2513 2516/2516/2516 2517/2517/2517
f 2516/2516/2516 2512/2512/2512 2518/2518/2518
f 2518/2518/2518 2512/2512/2512 2500/2500/2500
f 2517/2517/2517 2519/2519/2519 2515/2515/2515
f 2519/2519/2519 2520/2520/2520 2515/2515/2515
f 2516/2516/2516 2521/2521/2521 2517/2517/2517
f 2521/2521/2521 2516/2516/2516 2518/2518/2518
f 2521/2521/2521 2522/2522/2522 2517/2517/2517
f 2522/2522/2522 2521/2521/2521 2518/2518/2518
f 2522/2522/2522 2519/2519/2519 2517/2517/2517
f 2522/2522/2522 2523/2523/2523 2519/2519/2519
f 2524/2524/2524 2522/2522/2522 2518/2518/2518
f 2524/2524/2524 2518/2518/2518 2500/2500/2500
f 2523/2523/2523 2522/2522/2522 2524/2524/2524
f 2525/2525/2525 2524/2524/2524 2500/2500/2500
f 2501/2501/2501 2525/2525/2525 2500/2500/2500
f 2519/2519/2519 2526/2526/2526 2520/2520/2520
f 2523/2523/2523 2526/2526/2526 2519/2519/2519
f 2527/2527/2527 2524/2524/2524 2525/2525/2525
f 2527/2527/2527 2523/2523/2523 2524/2524/2524
f 2501/2501/2501 2528/2528/2528 2525/2525/2525
f 2489/2489/2489 2528/2528/2528 2501/2501/2501
f 2529/2529/2529 2527/2527/2527 2525/2525/2525
f 2528/2528/2528 2529/2529/2529 2525/2525/2525
f 2527/2527/2527 2529/2529/2529 2530/2530/2530
f 2529/2529/2529 2528/2528/2528 2530/2530/2530
f 2531/2531/2531 2527/2527/2527 2530/2530/2530
f 2523/2523/2523 2527/2527/2527 2531/2531/2531
f 2528/2528/2528 2532/2532/2532 2530/2530/2530
f 2528/2528/2528 2489/2489/2489 2532/2532/2532
f 2489/2489/2489 2533/2533/2533 2532/2532/2532
f 2533/2533/2533 2489/2489/2489 2534/2534/2534
f 2535/2535/2535 2523/2523/2523 2531/2531/2531
f 2523/2523/2523 2535/2535/2535 2536/2536/2536
f 2526/2526/2526 2523/2523/2523 2536/2536/2536
f 2526/2526/2526 2536/2536/2536 2537/2537/2537
f 2538/2538/2538 2526/2526/2526 2537/2537/2537
f 2526/2526/2526 2538/2538/2538 2520/2520/2520
f 2539/2539/2539 2538/2538/2538 2537/2537/2537
f 2538/2538/2538 2539/2539/2539 2520/2520/2520
f 2540/2540/2540 2539/2539/2539 2537/2537/2537
f 2539/2539/2539 2541/2541/2541 2520/2520/2520
f 2544/2544/2544 2543/2543/2543 2542/2542/2542
f 2543/2543/2543 2545/2545/2545 2542/2542/2542
f 2545/2545/2545 2546/2546/2546 2542/2542/2542
f 2546/2546/2546 2547/2547/2547 2542/2542/2542
f 2550/2550/2550 2549/2549/2549 2548/2548/2548
f 2548/2548/2548 2549/2549/2549 2551/2551/2551
f 2549/2549/2549 2552/2552/2552 2551/2551/2551
f 2552/2552/2552 2553/2553/2553 2551/2551/2551
f 2553/2553/2553 2554/2554/2554 2551/2551/2551
f 2553/2553/2553 2555/2555/2555 2554/2554/2554
f 2556/2556/2556 2548/2548/2548 2551/2551/2551
f 2556/2556/2556 2557/2557/2557 2548/2548/2548
f 2557/2557/2557 2558/2558/2558 2548/2548/2548
f 2555/2555/2555 2559/2559/2559 2554/2554/2554
f 2559/2559/2559 2555/2555/2555 2560/2560/2560
f 2555/2555/2555 2561/2561/2561 2560/2560/2560
f 2560/2560/2560 2561/2561/2561 2562/2562/2562
f 2561/2561/2561 2563/2563/2563 2562/2562/2562
f 2563/2563/2563 2564/2564/2564 2562/2562/2562
f 2559/2559/2559 2565/2565/2565 2554/2554/2554
f 2565/2565/2565 2559/2559/2559 2560/2560/2560
f 2554/2554/2554 2566/2566/2566 2551/2551/2551
f 2565/2565/2565 2566/2566/2566 2554/2554/2554
f 2565/2565/2565 2567/2567/2567 2566/2566/2566
f 2568/2568/2568 2565/2565/2565 2560/2560/2560
f 2568/2568/2568 2560/2560/2560 2562/2562/2562
f 2567/2567/2567 2565/2565/2565 2568/2568/2568
f 2566/2566/2566 2569/2569/2569 2551/2551/2551
f 2569/2569/2569 2556/2556/2556 2551/2551/2551
f 2564/2564/2564 2570/2570/2570 2562/2562/2562
f 2564/2564/2564 2571/2571/2571 2570/2570/2570
f 2567/2567/2567 2572/2572/2572 2566/2566/2566
f 2566/2566/2566 2572/2572/2572 2569/2569/2569
f 2573/2573/2573 2568/2568/2568 2562/2562/2562
f 2570/2570/2570 2574/2574/2574 2562/2562/2562
f 2574/2574/2574 2573/2573/2573 2562/2562/2562
f 2575/2575/2575 2567/2567/2567 2568/2568/2568
f 2575/2575/2575 2568/2568/2568 2573/2573/2573
f 2576/2576/2576 2556/2556/2556 2569/2569/2569
f 2572/2572/2572 2577/2577/2577 2569/2569/2569
f 2577/2577/2577 2576/2576/2576 2569/2569/2569
f 2577/2577/2577 2572/2572/2572 2578/2578/2578
f 2576/2576/2576 2577/2577/2577 2578/2578/2578
f 2576/2576/2576 2579/2579/2579 2556/2556/2556
f 2579/2579/2579 2557/2557/2557 2556/2556/2556
f 2557/2557/2557 2579/2579/2579 2580/2580/2580
f 2557/2557/2557 2580/2580/2580 2581/2581/2581
f 2579/2579/2579 2576/2576/2576 2582/2582/2582
f 2582/2582/2582 2576/2576/2576 2578/2578/2578
f 2583/2583/2583 2579/2579/2579 2582/2582/2582
f 2572/2572/2572 2584/2584/2584 2578/2578/2578
f 2578/2578/2578 2584/2584/2584 2585/2585/2585
f 2584/2584/2584 2586/2586/2586 2585/2585/2585
f 2572/2572/2572 2567/2567/2567 2584/2584/2584
f 2584/2584/2584 2587/2587/2587 2586/2586/2586
f 2567/2567/2567 2587/2587/2587 2584/2584/2584
f 2587/2587/2587 2588/2588/2588 2586/2586/2586
f 2588/2588/2588 2587/2587/2587 2589/2589/2589
f 2587/2587/2587 2567/2567/2567 2590/2590/2590
f 2587/2587/2587 2590/2590/2590 2589/2589/2589
f 2567/2567/2567 2575/2575/2575 2590/2590/2590
f 2589/2589/2589 2590/2590/2590 2591/2591/2591
f 2590/2590/2590 2575/2575/2575 2592/2592/2592
f 2590/2590/2590 2592/2592/2592 2591/2591/2591
f 2575/2575/2575 2593/2593/2593 2592/2592/2592
f 2593/2593/2593 2575/2575/2575 2573/2573/2573
f 2594/2594/2594 2593/2593/2593 2573/2573/2573
f 2593/2593/2593 2594/2594/2594 2592/2592/2592
f 2574/2574/2574 2594/2594/2594 2573/2573/2573
f 2595/2595/2595 2594/2594/2594 2574/2574/2574
f 2592/2592/2592 2596/2596/2596 2591/2591/2591
f 2594/2594/2594 2596/2596/2596 2592/2592/2592
f 2594/2594/2594 2595/2595/2595 2596/2596/2596
f 2596/2596/2596 2597/2597/2597 2591/2591/2591
f 2596/2596/2596 2598/2598/2598 2597/2597/2597
f 2595/2595/2595 2598/2598/2598 2596/2596/2596
f 2598/2598/2598 2599/2599/2599 2597/2597/2597
f 2599/2599/2599 2598/2598/2598 2600/2600/2600
f 2598/2598/2598 2601/2601/2601 2600/2600/2600
f 2598/2598/2598 2595/2595/2595 2601/2601/2601
f 2600/2600/2600 2601/2601/2601 2602/2602/2602
f 2603/2603/2603 2595/2595/2595 2574/2574/2574
f 2603/2603/2603 2574/2574/2574 2570/2570/2570
f 2604/2604/2604 2603/2603/2603 2570/2570/2570
f 2571/2571/2571 2604/2604/2604 2570/2570/2570
f 2604/2604/2604 2571/2571/2571 2605/2605/2605
f 2603/2603/2603 2604/2604/2604 2605/2605/2605
f 2571/2571/2571 2606/2606/2606 2605/2605/2605
f 2605/2605/2605 2606/2606/2606 2607/2607/2607
f 2608/2608/2608 2603/2603/2603 2605/2605/2605
f 2595/2595/2595 2603/2603/2603 2608/2608/2608
f 2608/2608/2608 2605/2605/2605 2607/2607/2607
f 2595/2595/2595 2609/2609/2609 2601/2601/2601
f 2609/2609/2609 2595/2595/2595 2608/2608/2608
f 2601/2601/2601 2610/2610/2610 2602/2602/2602
f 2601/2601/2601 2609/2609/2609 2610/2610/2610
f 2609/2609/2609 2608/2608/2608 2611/2611/2611
f 2611/2611/2611 2608/2608/2608 2607/2607/2607
f 2610/2610/2610 2612/2612/2612 2602/2602/2602
f 2612/2612/2612 2613/2613/2613 2602/2602/2602
f 2609/2609/2609 2614/2614/2614 2610/2610/2610
f 2614/2614/2614 2609/2609/2609 2611/2611/2611
f 2614/2614/2614 2615/2615/2615 2610/2610/2610
f 2615/2615/2615 2614/2614/2614 2611/2611/2611
f 2615/2615/2615 2612/2612/2612 2610/2610/2610
f 2615/2615/2615 2616/2616/2616 2612/2612/2612
f 2612/2612/2612 2617/2617/2617 2613/2613/2613
f 2616/2616/2616 2617/2617/2617 2612/2612/2612
f 2617/2617/2617 2618/2618/2618 2613/2613/2613
f 2619/2619/2619 2615/2615/2615 2611/2611/2611
f 2619/2619/2619 2611/2611/2611 2607/2607/2607
f 2616/2616/2616 2615/2615/2615 2619/2619/2619
f 2617/2617/2617 2616/2616/2616 2620/2620/2620
f 2617/2617/2617 2620/2620/2620 2621/2621/2621
f 2621/2621/2621 2620/2620/2620 2622/2622/2622
f 2620/2620/2620 2623/2623/2623 2622/2622/2622
f 2616/2616/2616 2624/2624/2624 2620/2620/2620
f 2620/2620/2620 2624/2624/2624 2623/2623/2623
f 2623/2623/2623 2625/2625/2625 2622/2622/2622
f 2625/2625/2625 2626/2626/2626 2622/2622/2622
f 2625/2625/2625 2627/2627/2627 2626/2626/2626
f 2628/2628/2628 2627/2627/2627 2625/2625/2625
f 2627/2627/2627 2629/2629/2629 2626/2626/2626
f 2629/2629/2629 2627/2627/2627 2630/2630/2630
f 2627/2627/2627 2631/2631/2631 2630/2630/2630
f 2627/2627/2627 2628/2628/2628 2631/2631/2631
f 2630/2630/2630 2631/2631/2631 2632/2632/2632
f 2633/2633/2633 2625/2625/2625 2623/2623/2623
f 2633/2633/2633 2628/2628/2628 2625/2625/2625
f 2631/2631/2631 2634/2634/2634 2632/2632/2632
f 2634/2634/2634 2635/2635/2635 2632/2632/2632
f 2624/2624/2624 2636/2636/2636 2623/2623/2623
f 2636/2636/2636 2633/2633/2633 2623/2623/2623
f 2636/2636/2636 2624/2624/2624 2637/2637/2637
f 2633/2633/2633 2636/2636/2636 2637/2637/2637
f 2628/2628/2628 2633/2633/2633 2638/2638/2638
f 2638/2638/2638 2633/2633/2633 2637/2637/2637
f 2638/2638/2638 2637/2637/2637 2639/2639/2639
f 2624/2624/2624 2640/2640/2640 2637/2637/2637
f 2637/2637/2637 2640/2640/2640 2639/2639/2639
f 2624/2624/2624 2616/2616/2616 2640/2640/2640
f 2616/2616/2616 2641/2641/2641 2640/2640/2640
f 2641/2641/2641 2616/2616/2616 2619/2619/2619
f 2631/2631/2631 2642/2642/2642 2634/2634/2634
f 2628/2628/2628 2642/2642/2642 2631/2631/2631
f 2643/2643/2643 2635/2635/2635 2634/2634/2634
f 2643/2643/2643 2644/2644/2644 2635/2635/2635
f 2640/2640/2640 2645/2645/2645 2639/2639/2639
f 2640/2640/2640 2641/2641/2641 2645/2645/2645
f 2641/2641/2641 2619/2619/2619 2646/2646/2646
f 2646/2646/2646 2619/2619/2619 2607/2607/2607
f 2642/2642/2642 2647/2647/2647 2634/2634/2634
f 2647/2647/2647 2643/2643/2643 2634/2634/2634
f 2644/2644/2644 2643/2643/2643 2648/2648/2648
f 2649/2649/2649 2644/2644/2644 2648/2648/2648
f 2643/2643/2643 2647/2647/2647 2650/2650/2650
f 2647/2647/2647 2642/2642/2642 2650/2650/2650
f 2648/2648/2648 2643/2643/2643 2650/2650/2650
f 2648/2648/2648 2650/2650/2650 2651/2651/2651
f 2649/2649/2649 2648/2648/2648 2652/2652/2652
f 2652/2652/2652 2648/2648/2648 2651/2651/2651
f 2653/2653/2653 2649/2649/2649 2652/2652/2652
f 2654/2654/2654 2652/2652/2652 2651/2651/2651
f 2655/2655/2655 2654/2654/2654 2651/2651/2651
f 2656/2656/2656 2655/2655/2655 2651/2651/2651
f 2642/2642/2642 2657/2657/2657 2650/2650/2650
f 2650/2650/2650 2657/2657/2657 2651/2651/2651
f 2642/2642/2642 2628/2628/2628 2657/2657/2657
f 2658/2658/2658 2656/2656/2656 2651/2651/2651
f 2657/2657/2657 2658/2658/2658 2651/2651/2651
f 2659/2659/2659 2656/2656/2656 2658/2658/2658
f 2628/2628/2628 2660/2660/2660 2657/2657/2657
f 2657/2657/2657 2660/2660/2660 2658/2658/2658
f 2660/2660/2660 2628/2628/2628 2638/2638/2638
f 2661/2661/2661 2659/2659/2659 2658/2658/2658
f 2660/2660/2660 2661/2661/2661 2658/2658/2658
f 2660/2660/2660 2638/2638/2638 2662/2662/2662
f 2661/2661/2661 2660/2660/2660 2662/2662/2662
f 2659/2659/2659 2661/2661/2661 2662/2662/2662
f 2663/2663/2663 2659/2659/2659 2662/2662/2662
f 2662/2662/2662 2638/2638/2638 2639/2639/2639
f 2663/2663/2663 2662/2662/2662 2639/2639/2639
f 2664/2664/2664 2663/2663/2663 2639/2639/2639
f 2665/2665/2665 2664/2664/2664 2639/2639/2639
f 2645/2645/2645 2665/2665/2665 2639/2639/2639
f 2666/2666/2666 2665/2665/2665 2645/2645/2645
f 2667/2667/2667 2666/2666/2666 2645/2645/2645
f 2641/2641/2641 2667/2667/2667 2645/2645/2645
f 2667/2667/2667 2641/2641/2641 2646/2646/2646
f 2666/2666/2666 2667/2667/2667 2646/2646/2646
f 2668/2668/2668 2666/2666/2666 2646/2646/2646
f 2668/2668/2668 2646/2646/2646 2607/2607/2607
f 2669/2669/2669 2668/2668/2668 2607/2607/2607
f 2670/2670/2670 2668/2668/2668 2669/2669/2669
f 2671/2671/2671 2670/2670/2670 2669/2669/2669
f 2606/2606/2606 2669/2669/2669 2607/2607/2607
f 2672/2672/2672 2671/2671/2671 2669/2669/2669
f 2606/2606/2606 2672/2672/2672 2669/2669/2669
f 2673/2673/2673 2672/2672/2672 2606/2606/2606
f 2676/2676/2676 2675/2675/2675 2674/2674/2674
f 2677/2677/2677 2676/2676/2676 2674/2674/2674
f 2677/2677/2677 2674/2674/2674 2678/2678/2678
f 2679/2679/2679 2676/2676/2676 2677/2677/2677
f 2674/2674/2674 2680/2680/2680 2678/2678/2678
f 2681/2681/2681 2680/2680/2680 2674/2674/2674
f 2680/2680/2680 2682/2682/2682 2678/2678/2678
f 2680/2680/2680 2683/2683/2683 2682/2682/2682
f 2683/2683/2683 2684/2684/2684 2682/2682/2682
f 2682/2682/2682 2685/2685/2685 2678/2678/2678
f 2686/2686/2686 2685/2685/2685 2682/2682/2682
f 2686/2686/2686 2687/2687/2687 2685/2685/2685
f 2687/2687/2687 2688/2688/2688 2685/2685/2685
f 2688/2688/2688 2687/2687/2687 2689/2689/2689
f 2688/2688/2688 2689/2689/2689 2690/2690/2690
f 2685/2685/2685 2688/2688/2688 2691/2691/2691
f 2685/2685/2685 2691/2691/2691 2678/2678/2678
f 2692/2692/2692 2688/2688/2688 2690/2690/2690
f 2688/2688/2688 2692/2692/2692 2691/2691/2691
f 2693/2693/2693 2692/2692/2692 2690/2690/2690
f 2692/2692/2692 2693/2693/2693 2691/2691/2691
f 2691/2691/2691 2694/2694/2694 2678/2678/2678
f 2693/2693/2693 2694/2694/2694 2691/2691/2691
f 2693/2693/2693 2695/2695/2695 2694/2694/2694
f 2696/2696/2696 2693/2693/2693 2690/2690/2690
f 2695/2695/2695 2693/2693/2693 2696/2696/2696
f 2696/2696/2696 2690/2690/2690 2697/2697/2697
f 2698/2698/2698 2696/2696/2696 2697/2697/2697
f 2699/2699/2699 2696/2696/2696 2698/2698/2698
f 2699/2699/2699 2695/2695/2695 2696/2696/2696
f 2700/2700/2700 2699/2699/2699 2698/2698/2698
f 2699/2699/2699 2700/2700/2700 2701/2701/2701
f 2695/2695/2695 2699/2699/2699 2702/2702/2702
f 2702/2702/2702 2701/2701/2701 2703/2703/2703
f 2694/2694/2694 2704/2704/2704 2678/2678/2678
f 2704/2704/2704 2677/2677/2677 2678/2678/2678
f 2695/2695/2695 2705/2705/2705 2694/2694/2694
f 2694/2694/2694 2705/2705/2705 2704/2704/2704
f 2706/2706/2706 2677/2677/2677 2704/2704/2704
f 2706/2706/2706 2679/2679/2679 2677/2677/2677
f 2705/2705/2705 2707/2707/2707 2704/2704/2704
f 2707/2707/2707 2706/2706/2706 2704/2704/2704
f 2679/2679/2679 2706/2706/2706 2708/2708/2708
f 2709/2709/2709 2679/2679/2679 2708/2708/2708
f 2706/2706/2706 2707/2707/2707 2710/2710/2710
f 2707/2707/2707 2705/2705/2705 2710/2710/2710
f 2708/2708/2708 2706/2706/2706 2710/2710/2710
f 2708/2708/2708 2710/2710/2710 2711/2711/2711
f 2709/2709/2709 2708/2708/2708 2712/2712/2712
f 2712/2712/2712 2708/2708/2708 2711/2711/2711
f 2713/2713/2713 2709/2709/2709 2712/2712/2712
f 2714/2714/2714 2713/2713/2713 2712/2712/2712
f 2705/2705/2705 2715/2715/2715 2710/2710/2710
f 2705/2705/2705 2695/2695/2695 2715/2715/2715
f 2710/2710/2710 2715/2715/2715 2711/2711/2711
f 2716/2716/2716 2714/2714/2714 2712/2712/2712
f 2716/2716/2716 2712/2712/2712 2711/2711/2711
f 2717/2717/2717 2714/2714/2714 2716/2716/2716
f 2695/2695/2695 2718/2718/2718 2715/2715/2715
f 2718/2718/2718 2695/2695/2695 2702/2702/2702
f 2715/2715/2715 2719/2719/2719 2711/2711/2711
f 2715/2715/2715 2718/2718/2718 2719/2719/2719
f 2718/2718/2718 2702/2702/2702 2720/2720/2720
f 2720/2720/2720 2702/2702/2702 2703/2703/2703
f 2718/2718/2718 2721/2721/2721 2719/2719/2719
f 2721/2721/2721 2718/2718/2718 2720/2720/2720
f 2722/2722/2722 2720/2720/2720 2703/2703/2703
f 2723/2723/2723 2722/2722/2722 2703/2703/2703
f 2724/2724/2724 2721/2721/2721 2720/2720/2720
f 2721/2721/2721 2724/2724/2724 2719/2719/2719
f 2722/2722/2722 2724/2724/2724 2720/2720/2720
f 2725/2725/2725 2724/2724/2724 2722/2722/2722
f 2726/2726/2726 2722/2722/2722 2723/2723/2723
f 2726/2726/2726 2725/2725/2725 2722/2722/2722
f 2727/2727/2727 2726/2726/2726 2723/2723/2723
f 2726/2726/2726 2727/2727/2727 2728/2728/2728
f 2724/2724/2724 2729/2729/2729 2719/2719/2719
f 2719/2719/2719 2729/2729/2729 2711/2711/2711
f 2724/2724/2724 2725/2725/2725 2729/2729/2729
f 2730/2730/2730 2726/2726/2726 2728/2728/2728
f 2725/2725/2725 2726/2726/2726 2730/2730/2730
f 2730/2730/2730 2728/2728/2728 2731/2731/2731
f 2729/2729/2729 2732/2732/2732 2711/2711/2711
f 2732/2732/2732 2716/2716/2716 2711/2711/2711
f 2725/2725/2725 2733/2733/2733 2729/2729/2729
f 2729/2729/2729 2733/2733/2733 2732/2732/2732
f 2734/2734/2734 2716/2716/2716 2732/2732/2732
f 2734/2734/2734 2717/2717/2717 2716/2716/2716
f 2733/2733/2733 2735/2735/2735 2732/2732/2732
f 2735/2735/2735 2734/2734/2734 2732/2732/2732
f 2717/2717/2717 2734/2734/2734 2736/2736/2736
f 2737/2737/2737 2717/2717/2717 2736/2736/2736
f 2734/2734/2734 2735/2735/2735 2738/2738/2738
f 2735/2735/2735 2733/2733/2733 2738/2738/2738
f 2736/2736/2736 2734/2734/2734 2738/2738/2738
f 2736/2736/2736 2738/2738/2738 2739/2739/2739
f 2737/2737/2737 2736/2736/2736 2740/2740/2740
f 2740/2740/2740 2736/2736/2736 2739/2739/2739
f 2741/2741/2741 2737/2737/2737 2740/2740/2740
f 2742/2742/2742 2741/2741/2741 2740/2740/2740
f 2743/2743/2743 2742/2742/2742 2740/2740/2740
f 2743/2743/2743 2740/2740/2740 2739/2739/2739
f 2733/2733/2733 2744/2744/2744 2738/2738/2738
f 2738/2738/2738 2744/2744/2744 2739/2739/2739
f 2733/2733/2733 2725/2725/2725 2744/2744/2744
f 2725/2725/2725 2745/2745/2745 2744/2744/2744
f 2745/2745/2745 2725/2725/2725 2730/2730/2730
f 2744/2744/2744 2746/2746/2746 2739/2739/2739
f 2744/2744/2744 2745/2745/2745 2746/2746/2746
f 2745/2745/2745 2730/2730/2730 2747/2747/2747
f 2747/2747/2747 2730/2730/2730 2731/2731/2731
f 2745/2745/2745 2748/2748/2748 2746/2746/2746
f 2748/2748/2748 2745/2745/2745 2747/2747/2747
f 2749/2749/2749 2747/2747/2747 2731/2731/2731
f 2750/2750/2750 2749/2749/2749 2731/2731/2731
f 2751/2751/2751 2748/2748/2748 2747/2747/2747
f 2748/2748/2748 2751/2751/2751 2746/2746/2746
f 2749/2749/2749 2751/2751/2751 2747/2747/2747
f 2752/2752/2752 2751/2751/2751 2749/2749/2749
f 2753/2753/2753 2749/2749/2749 2750/2750/2750
f 2753/2753/2753 2752/2752/2752 2749/2749/2749
f 2754/2754/2754 2753/2753/2753 2750/2750/2750
f 2753/2753/2753 2754/2754/2754 2755/2755/2755
f 2751/2751/2751 2756/2756/2756 2746/2746/2746
f 2746/2746/2746 2756/2756/2756 2739/2739/2739
f 2751/2751/2751 2752/2752/2752 2756/2756/2756
f 2757/2757/2757 2753/2753/2753 2755/2755/2755
f 2752/2752/2752 2753/2753/2753 2757/2757/2757
f 2757/2757/2757 2755/2755/2755 2758/2758/2758
f 2756/2756/2756 2759/2759/2759 2739/2739/2739
f 2759/2759/2759 2743/2743/2743 2739/2739/2739
f 2752/2752/2752 2760/2760/2760 2756/2756/2756
f 2756/2756/2756 2760/2760/2760 2759/2759/2759
f 2761/2761/2761 2743/2743/2743 2759/2759/2759
f 2761/2761/2761 2762/2762/2762 2743/2743/2743
f 2762/2762/2762 2761/2761/2761 2763/2763/2763
f 2764/2764/2764 2761/2761/2761 2759/2759/2759
f 2760/2760/2760 2764/2764/2764 2759/2759/2759
f 2761/2761/2761 2764/2764/2764 2765/2765/2765
f 2764/2764/2764 2760/2760/2760 2765/2765/2765
f 2763/2763/2763 2761/2761/2761 2765/2765/2765
f 2763/2763/2763 2765/2765/2765 2766/2766/2766
f 2760/2760/2760 2767/2767/2767 2765/2765/2765
f 2760/2760/2760 2752/2752/2752 2767/2767/2767
f 2765/2765/2765 2767/2767/2767 2766/2766/2766
f 2768/2768/2768 2752/2752/2752 2757/2757/2757
f 2752/2752/2752 2768/2768/2768 2767/2767/2767
f 2769/2769/2769 2763/2763/2763 2766/2766/2766
f 2770/2770/2770 2763/2763/2763 2769/2769/2769
f 2771/2771/2771 2770/2770/2770 2769/2769/2769
f 2772/2772/2772 2771/2771/2771 2769/2769/2769
f 2773/2773/2773 2772/2772/2772 2769/2769/2769
f 2773/2773/2773 2769/2769/2769 2766/2766/2766
f 2774/2774/2774 2772/2772/2772 2773/2773/2773
f 2768/2768/2768 2757/2757/2757 2775/2775/2775
f 2775/2775/2775 2757/2757/2757 2758/2758/2758
f 2767/2767/2767 2768/2768/2768 2776/2776/2776
f 2767/2767/2767 2776/2776/2776 2766/2766/2766
f 2777/2777/2777 2775/2775/2775 2758/2758/2758
f 2778/2778/2778 2777/2777/2777 2758/2758/2758
f 2779/2779/2779 2768/2768/2768 2775/2775/2775
f 2768/2768/2768 2779/2779/2779 2776/2776/2776
f 2780/2780/2780 2779/2779/2779 2775/2775/2775
f 2779/2779/2779 2780/2780/2780 2776/2776/2776
f 2777/2777/2777 2780/2780/2780 2775/2775/2775
f 2781/2781/2781 2780/2780/2780 2777/2777/2777
f 2782/2782/2782 2777/2777/2777 2778/2778/2778
f 2782/2782/2782 2781/2781/2781 2777/2777/2777
f 2783/2783/2783 2782/2782/2782 2778/2778/2778
f 2782/2782/2782 2783/2783/2783 2784/2784/2784
f 2780/2780/2780 2785/2785/2785 2776/2776/2776
f 2776/2776/2776 2785/2785/2785 2766/2766/2766
f 2780/2780/2780 2781/2781/2781 2785/2785/2785
f 2786/2786/2786 2782/2782/2782 2784/2784/2784
f 2781/2781/2781 2782/2782/2782 2786/2786/2786
f 2786/2786/2786 2784/2784/2784 2787/2787/2787
f 2785/2785/2785 2788/2788/2788 2766/2766/2766
f 2788/2788/2788 2773/2773/2773 2766/2766/2766
f 2781/2781/2781 2789/2789/2789 2785/2785/2785
f 2785/2785/2785 2789/2789/2789 2788/2788/2788
f 2790/2790/2790 2773/2773/2773 2788/2788/2788
f 2790/2790/2790 2774/2774/2774 2773/2773/2773
f 2789/2789/2789 2791/2791/2791 2788/2788/2788
f 2791/2791/2791 2790/2790/2790 2788/2788/2788
f 2774/2774/2774 2790/2790/2790 2792/2792/2792
f 2793/2793/2793 2774/2774/2774 2792/2792/2792
f 2790/2790/2790 2791/2791/2791 2794/2794/2794
f 2791/2791/2791 2789/2789/2789 2794/2794/2794
f 2792/2792/2792 2790/2790/2790 2794/2794/2794
f 2792/2792/2792 2794/2794/2794 2795/2795/2795
f 2793/2793/2793 2792/2792/2792 2796/2796/2796
f 2796/2796/2796 2792/2792/2792 2795/2795/2795
f 2797/2797/2797 2793/2793/2793 2796/2796/2796
f 2798/2798/2798 2796/2796/2796 2795/2795/2795
f 2799/2799/2799 2798/2798/2798 2795/2795/2795
f 2789/2789/2789 2800/2800/2800 2794/2794/2794
f 2794/2794/2794 2800/2800/2800 2795/2795/2795
f 2789/2789/2789 2781/2781/2781 2800/2800/2800
f 2781/2781/2781 2801/2801/2801 2800/2800/2800
f 2801/2801/2801 2781/2781/2781 2786/2786/2786
f 2800/2800/2800 2802/2802/2802 2795/2795/2795
f 2800/2800/2800 2801/2801/2801 2802/2802/2802
f 2801/2801/2801 2786/2786/2786 2803/2803/2803
f 2803/2803/2803 2786/2786/2786 2787/2787/2787
f 2804/2804/2804 2799/2799/2799 2795/2795/2795
f 2802/2802/2802 2804/2804/2804 2795/2795/2795
f 2801/2801/2801 2805/2805/2805 2802/2802/2802
f 2805/2805/2805 2801/2801/2801 2803/2803/2803
f 2805/2805/2805 2806/2806/2806 2802/2802/2802
f 2806/2806/2806 2805/2805/2805 2803/2803/2803
f 2806/2806/2806 2804/2804/2804 2802/2802/2802
f 2807/2807/2807 2803/2803/2803 2787/2787/2787
f 2807/2807/2807 2806/2806/2806 2803/2803/2803
f 2808/2808/2808 2807/2807/2807 2787/2787/2787
f 2809/2809/2809 2806/2806/2806 2807/2807/2807
f 2806/2806/2806 2809/2809/2809 2804/2804/2804
f 2810/2810/2810 2809/2809/2809 2807/2807/2807
f 2809/2809/2809 2811/2811/2811 2804/2804/2804
f 2804/2804/2804 2811/2811/2811 2799/2799/2799
f 2811/2811/2811 2812/2812/2812 2799/2799/2799
f 2812/2812/2812 2813/2813/2813 2799/2799/2799
f 2816/2816/2816 2815/2815/2815 2814/2814/2814
f 2815/2815/2815 2817/2817/2817 2814/2814/2814
f 2820/2820/2820 2819/2819/2819 2818/2818/2818
f 2821/2821/2821 2820/2820/2820 2818/2818/2818
f 2822/2822/2822 2820/2820/2820 2821/2821/2821
f 2824/2824/2824 2823/2823/2823 2818/2818/2818
f 2826/2826/2826 2825/2825/2825 2823/2823/2823
f 2825/2825/2825 2826/2826/2826 2827/2827/2827
f 2830/2830/2830 2829/2829/2829 2828/2828/2828
f 2829/2829/2829 2831/2831/2831 2828/2828/2828
f 2834/2834/2834 2833/2833/2833 2832/2832/2832
f 2835/2835/2835 2834/2834/2834 2832/2832/2832
f 2838/2838/2838 2837/2837/2837 2836/2836/2836
f 2837/2837/2837 2838/2838/2838 2839/2839/2839
f 2840/2840/2840 2838/2838/2838 2836/2836/2836
f 2841/2841/2841 2838/2838/2838 2840/2840/2840
f 2840/2840/2840 2836/2836/2836 2842/2842/2842
f 2838/2838/2838 2843/2843/2843 2839/2839/2839
f 2838/2838/2838 2841/2841/2841 2843/2843/2843
f 2839/2839/2839 2843/2843/2843 2844/2844/2844
f 2845/2845/2845 2840/2840/2840 2842/2842/2842
f 2846/2846/2846 2841/2841/2841 2840/2840/2840
f 2846/2846/2846 2840/2840/2840 2845/2845/2845
f 2847/2847/2847 2845/2845/2845 2842/2842/2842
f 2848/2848/2848 2847/2847/2847 2842/2842/2842
f 2849/2849/2849 2847/2847/2847 2848/2848/2848
f 2849/2849/2849 2850/2850/2850 2847/2847/2847
f 2851/2851/2851 2849/2849/2849 2848/2848/2848
f 2849/2849/2849 2851/2851/2851 2852/2852/2852
f 2853/2853/2853 2849/2849/2849 2852/2852/2852
f 2850/2850/2850 2849/2849/2849 2853/2853/2853
f 2853/2853/2853 2852/2852/2852 2854/2854/2854
f 2847/2847/2847 2855/2855/2855 2845/2845/2845
f 2850/2850/2850 2855/2855/2855 2847/2847/2847
f 2856/2856/2856 2846/2846/2846 2845/2845/2845
f 2855/2855/2855 2856/2856/2856 2845/2845/2845
f 2846/2846/2846 2856/2856/2856 2857/2857/2857
f 2856/2856/2856 2855/2855/2855 2857/2857/2857
f 2841/2841/2841 2846/2846/2846 2858/2858/2858
f 2858/2858/2858 2846/2846/2846 2857/2857/2857
f 2858/2858/2858 2857/2857/2857 2859/2859/2859
f 2855/2855/2855 2860/2860/2860 2857/2857/2857
f 2855/2855/2855 2850/2850/2850 2860/2860/2860
f 2857/2857/2857 2860/2860/2860 2859/2859/2859
f 2861/2861/2861 2853/2853/2853 2854/2854/2854
f 2862/2862/2862 2850/2850/2850 2853/2853/2853
f 2862/2862/2862 2853/2853/2853 2861/2861/2861
f 2863/2863/2863 2861/2861/2861 2854/2854/2854
f 2864/2864/2864 2863/2863/2863 2854/2854/2854
f 2865/2865/2865 2863/2863/2863 2864/2864/2864
f 2865/2865/2865 2866/2866/2866 2863/2863/2863
f 2867/2867/2867 2865/2865/2865 2864/2864/2864
f 2865/2865/2865 2867/2867/2867 2868/2868/2868
f 2869/2869/2869 2865/2865/2865 2868/2868/2868
f 2866/2866/2866 2865/2865/2865 2869/2869/2869
f 2869/2869/2869 2868/2868/2868 2870/2870/2870
f 2863/2863/2863 2871/2871/2871 2861/2861/2861
f 2866/2866/2866 2871/2871/2871 2863/2863/2863
f 2872/2872/2872 2862/2862/2862 2861/2861/2861
f 2871/2871/2871 2872/2872/2872 2861/2861/2861
f 2862/2862/2862 2872/2872/2872 2873/2873/2873
f 2872/2872/2872 2871/2871/2871 2873/2873/2873
f 2850/2850/2850 2862/2862/2862 2874/2874/2874
f 2874/2874/2874 2862/2862/2862 2873/2873/2873
f 2874/2874/2874 2873/2873/2873 2875/2875/2875
f 2871/2871/2871 2876/2876/2876 2873/2873/2873
f 2871/2871/2871 2866/2866/2866 2876/2876/2876
f 2873/2873/2873 2876/2876/2876 2875/2875/2875
f 2877/2877/2877 2850/2850/2850 2874/2874/2874
f 2850/2850/2850 2877/2877/2877 2860/2860/2860
f 2878/2878/2878 2874/2874/2874 2875/2875/2875
f 2877/2877/2877 2874/2874/2874 2878/2878/2878
f 2860/2860/2860 2877/2877/2877 2879/2879/2879
f 2860/2860/2860 2879/2879/2879 2859/2859/2859
f 2880/2880/2880 2877/2877/2877 2878/2878/2878
f 2877/2877/2877 2880/2880/2880 2879/2879/2879
f 2881/2881/2881 2880/2880/2880 2878/2878/2878
f 2880/2880/2880 2881/2881/2881 2879/2879/2879
f 2882/2882/2882 2878/2878/2878 2875/2875/2875
f 2882/2882/2882 2881/2881/2881 2878/2878/2878
f 2881/2881/2881 2883/2883/2883 2879/2879/2879
f 2879/2879/2879 2883/2883/2883 2859/2859/2859
f 2884/2884/2884 2881/2881/2881 2882/2882/2882
f 2881/2881/2881 2884/2884/2884 2883/2883/2883
f 2885/2885/2885 2884/2884/2884 2882/2882/2882
f 2884/2884/2884 2886/2886/2886 2883/2883/2883
f 2885/2885/2885 2882/2882/2882 2887/2887/2887
f 2887/2887/2887 2882/2882/2882 2875/2875/2875
f 2888/2888/2888 2885/2885/2885 2887/2887/2887
f 2889/2889/2889 2888/2888/2888 2887/2887/2887
f 2883/2883/2883 2886/2886/2886 2890/2890/2890
f 2883/2883/2883 2890/2890/2890 2859/2859/2859
f 2886/2886/2886 2891/2891/2891 2890/2890/2890
f 2891/2891/2891 2892/2892/2892 2890/2890/2890
f 2893/2893/2893 2889/2889/2889 2887/2887/2887
f 2893/2893/2893 2887/2887/2887 2875/2875/2875
f 2894/2894/2894 2889/2889/2889 2893/2893/2893
f 2892/2892/2892 2895/2895/2895 2890/2890/2890
f 2890/2890/2890 2895/2895/2895 2859/2859/2859
f 2892/2892/2892 2896/2896/2896 2895/2895/2895
f 2897/2897/2897 2893/2893/2893 2875/2875/2875
f 2876/2876/2876 2897/2897/2897 2875/2875/2875
f 2898/2898/2898 2894/2894/2894 2893/2893/2893
f 2898/2898/2898 2893/2893/2893 2897/2897/2897
f 2895/2895/2895 2899/2899/2899 2859/2859/2859
f 2899/2899/2899 2858/2858/2858 2859/2859/2859
f 2896/2896/2896 2900/2900/2900 2895/2895/2895
f 2895/2895/2895 2900/2900/2900 2899/2899/2899
f 2876/2876/2876 2901/2901/2901 2897/2897/2897
f 2866/2866/2866 2901/2901/2901 2876/2876/2876
f 2902/2902/2902 2858/2858/2858 2899/2899/2899
f 2902/2902/2902 2841/2841/2841 2858/2858/2858
f 2894/2894/2894 2898/2898/2898 2903/2903/2903
f 2904/2904/2904 2894/2894/2894 2903/2903/2903
f 2905/2905/2905 2898/2898/2898 2897/2897/2897
f 2901/2901/2901 2905/2905/2905 2897/2897/2897
f 2898/2898/2898 2905/2905/2905 2906/2906/2906
f 2905/2905/2905 2901/2901/2901 2906/2906/2906
f 2903/2903/2903 2898/2898/2898 2906/2906/2906
f 2903/2903/2903 2906/2906/2906 2907/2907/2907
f 2904/2904/2904 2903/2903/2903 2908/2908/2908
f 2908/2908/2908 2903/2903/2903 2907/2907/2907
f 2909/2909/2909 2904/2904/2904 2908/2908/2908
f 2910/2910/2910 2909/2909/2909 2908/2908/2908
f 2901/2901/2901 2911/2911/2911 2906/2906/2906
f 2906/2906/2906 2911/2911/2911 2907/2907/2907
f 2901/2901/2901 2866/2866/2866 2911/2911/2911
f 2912/2912/2912 2910/2910/2910 2908/2908/2908
f 2912/2912/2912 2908/2908/2908 2907/2907/2907
f 2913/2913/2913 2910/2910/2910 2912/2912/2912
f 2866/2866/2866 2914/2914/2914 2911/2911/2911
f 2914/2914/2914 2866/2866/2866 2869/2869/2869
f 2911/2911/2911 2915/2915/2915 2907/2907/2907
f 2911/2911/2911 2914/2914/2914 2915/2915/2915
f 2914/2914/2914 2869/2869/2869 2916/2916/2916
f 2916/2916/2916 2869/2869/2869 2870/2870/2870
f 2914/2914/2914 2917/2917/2917 2915/2915/2915
f 2917/2917/2917 2914/2914/2914 2916/2916/2916
f 2918/2918/2918 2916/2916/2916 2870/2870/2870
f 2919/2919/2919 2918/2918/2918 2870/2870/2870
f 2920/2920/2920 2917/2917/2917 2916/2916/2916
f 2917/2917/2917 2920/2920/2920 2915/2915/2915
f 2918/2918/2918 2920/2920/2920 2916/2916/2916
f 2921/2921/2921 2920/2920/2920 2918/2918/2918
f 2922/2922/2922 2918/2918/2918 2919/2919/2919
f 2922/2922/2922 2921/2921/2921 2918/2918/2918
f 2923/2923/2923 2922/2922/2922 2919/2919/2919
f 2922/2922/2922 2923/2923/2923 2924/2924/2924
f 2920/2920/2920 2925/2925/2925 2915/2915/2915
f 2915/2915/2915 2925/2925/2925 2907/2907/2907
f 2920/2920/2920 2921/2921/2921 2925/2925/2925
f 2926/2926/2926 2922/2922/2922 2924/2924/2924
f 2921/2921/2921 2922/2922/2922 2926/2926/2926
f 2926/2926/2926 2924/2924/2924 2927/2927/2927
f 2925/2925/2925 2928/2928/2928 2907/2907/2907
f 2928/2928/2928 2912/2912/2912 2907/2907/2907
f 2921/2921/2921 2929/2929/2929 2925/2925/2925
f 2925/2925/2925 2929/2929/2929 2928/2928/2928
f 2930/2930/2930 2912/2912/2912 2928/2928/2928
f 2930/2930/2930 2913/2913/2913 2912/2912/2912
f 2929/2929/2929 2931/2931/2931 2928/2928/2928
f 2931/2931/2931 2930/2930/2930 2928/2928/2928
f 2913/2913/2913 2930/2930/2930 2932/2932/2932
f 2933/2933/2933 2913/2913/2913 2932/2932/2932
f 2930/2930/2930 2931/2931/2931 2934/2934/2934
f 2931/2931/2931 2929/2929/2929 2934/2934/2934
f 2932/2932/2932 2930/2930/2930 2934/2934/2934
f 2932/2932/2932 2934/2934/2934 2935/2935/2935
f 2933/2933/2933 2932/2932/2932 2936/2936/2936
f 2936/2936/2936 2932/2932/2932 2935/2935/2935
f 2937/2937/2937 2933/2933/2933 2936/2936/2936
f 2938/2938/2938 2937/2937/2937 2936/2936/2936
f 2929/2929/2929 2939/2939/2939 2934/2934/2934
f 2929/2929/2929 2921/2921/2921 2939/2939/2939
f 2934/2934/2934 2939/2939/2939 2935/2935/2935
f 2940/2940/2940 2938/2938/2938 2936/2936/2936
f 2940/2940/2940 2936/2936/2936 2935/2935/2935
f 2941/2941/2941 2938/2938/2938 2940/2940/2940
f 2921/2921/2921 2942/2942/2942 2939/2939/2939
f 2942/2942/2942 2921/2921/2921 2926/2926/2926
f 2939/2939/2939 2943/2943/2943 2935/2935/2935
f 2939/2939/2939 2942/2942/2942 2943/2943/2943
f 2942/2942/2942 2926/2926/2926 2944/2944/2944
f 2944/2944/2944 2926/2926/2926 2927/2927/2927
f 2942/2942/2942 2945/2945/2945 2943/2943/2943
f 2945/2945/2945 2942/2942/2942 2944/2944/2944
f 2946/2946/2946 2944/2944/2944 2927/2927/2927
f 2947/2947/2947 2946/2946/2946 2927/2927/2927
f 2948/2948/2948 2945/2945/2945 2944/2944/2944
f 2945/2945/2945 2948/2948/2948 2943/2943/2943
f 2946/2946/2946 2948/2948/2948 2944/2944/2944
f 2949/2949/2949 2948/2948/2948 2946/2946/2946
f 2950/2950/2950 2946/2946/2946 2947/2947/2947
f 2950/2950/2950 2949/2949/2949 2946/2946/2946
f 2951/2951/2951 2950/2950/2950 2947/2947/2947
f 2950/2950/2950 2951/2951/2951 2952/2952/2952
f 2948/2948/2948 2953/2953/2953 2943/2943/2943
f 2943/2943/2943 2953/2953/2953 2935/2935/2935
f 2948/2948/2948 2949/2949/2949 2953/2953/2953
f 2954/2954/2954 2950/2950/2950 2952/2952/2952
f 2949/2949/2949 2950/2950/2950 2954/2954/2954
f 2954/2954/2954 2952/2952/2952 2955/2955/2955
f 2953/2953/2953 2956/2956/2956 2935/2935/2935
f 2956/2956/2956 2940/2940/2940 2935/2935/2935
f 2949/2949/2949 2957/2957/2957 2953/2953/2953
f 2953/2953/2953 2957/2957/2957 2956/2956/2956
f 2958/2958/2958 2940/2940/2940 2956/2956/2956
f 2958/2958/2958 2941/2941/2941 2940/2940/2940
f 2957/2957/2957 2959/2959/2959 2956/2956/2956
f 2959/2959/2959 2958/2958/2958 2956/2956/2956
f 2941/2941/2941 2958/2958/2958 2960/2960/2960
f 2961/2961/2961 2941/2941/2941 2960/2960/2960
f 2958/2958/2958 2959/2959/2959 2962/2962/2962
f 2959/2959/2959 2957/2957/2957 2962/2962/2962
f 2960/2960/2960 2958/2958/2958 2962/2962/2962
f 2960/2960/2960 2962/2962/2962 2963/2963/2963
f 2961/2961/2961 2960/2960/2960 2964/2964/2964
f 2964/2964/2964 2960/2960/2960 2963/2963/2963
f 2965/2965/2965 2961/2961/2961 2964/2964/2964
f 2966/2966/2966 2965/2965/2965 2964/2964/2964
f 2957/2957/2957 2967/2967/2967 2962/2962/2962
f 2957/2957/2957 2949/2949/2949 2967/2967/2967
f 2962/2962/2962 2967/2967/2967 2963/2963/2963
f 2968/2968/2968 2966/2966/2966 2964/2964/2964
f 2968/2968/2968 2964/2964/2964 2963/2963/2963
f 2969/2969/2969 2966/2966/2966 2968/2968/2968
f 2949/2949/2949 2970/2970/2970 2967/2967/2967
f 2970/2970/2970 2949/2949/2949 2954/2954/2954
f 2967/2967/2967 2971/2971/2971 2963/2963/2963
f 2967/2967/2967 2970/2970/2970 2971/2971/2971
f 2970/2970/2970 2954/2954/2954 2972/2972/2972
f 2972/2972/2972 2954/2954/2954 2955/2955/2955
f 2970/2970/2970 2973/2973/2973 2971/2971/2971
f 2973/2973/2973 2970/2970/2970 2972/2972/2972
f 2974/2974/2974 2972/2972/2972 2955/2955/2955
f 2975/2975/2975 2974/2974/2974 2955/2955/2955
f 2976/2976/2976 2973/2973/2973 2972/2972/2972
f 2973/2973/2973 2976/2976/2976 2971/2971/2971
f 2974/2974/2974 2976/2976/2976 2972/2972/2972
f 2977/2977/2977 2976/2976/2976 2974/2974/2974
f 2978/2978/2978 2974/2974/2974 2975/2975/2975
f 2978/2978/2978 2977/2977/2977 2974/2974/2974
f 2979/2979/2979 2978/2978/2978 2975/2975/2975
f 2978/2978/2978 2979/2979/2979 2980/2980/2980
f 2976/2976/2976 2981/2981/2981 2971/2971/2971
f 2971/2971/2971 2981/2981/2981 2963/2963/2963
f 2976/2976/2976 2977/2977/2977 2981/2981/2981
f 2982/2982/2982 2978/2978/2978 2980/2980/2980
f 2977/2977/2977 2978/2978/2978 2982/2982/2982
f 2982/2982/2982 2980/2980/2980 2983/2983/2983
f 2981/2981/2981 2984/2984/2984 2963/2963/2963
f 2984/2984/2984 2968/2968/2968 2963/2963/2963
f 2977/2977/2977 2985/2985/2985 2981/2981/2981
f 2981/2981/2981 2985/2985/2985 2984/2984/2984
f 2986/2986/2986 2968/2968/2968 2984/2984/2984
f 2986/2986/2986 2969/2969/2969 2968/2968/2968
f 2985/2985/2985 2987/2987/2987 2984/2984/2984
f 2987/2987/2987 2986/2986/2986 2984/2984/2984
f 2969/2969/2969 2986/2986/2986 2988/2988/2988
f 2989/2989/2989 2969/2969/2969 2988/2988/2988
f 2986/2986/2986 2987/2987/2987 2990/2990/2990
f 2987/2987/2987 2985/2985/2985 2990/2990/2990
f 2988/2988/2988 2986/2986/2986 2990/2990/2990
f 2988/2988/2988 2990/2990/2990 2991/2991/2991
f 2989/2989/2989 2988/2988/2988 2992/2992/2992
f 2992/2992/2992 2988/2988/2988 2991/2991/2991
f 2993/2993/2993 2989/2989/2989 2992/2992/2992
f 2994/2994/2994 2993/2993/2993 2992/2992/2992
f 2985/2985/2985 2995/2995/2995 2990/2990/2990
f 2985/2985/2985 2977/2977/2977 2995/2995/2995
f 2990/2990/2990 2995/2995/2995 2991/2991/2991
f 2996/2996/2996 2994/2994/2994 2992/2992/2992
f 2996/2996/2996 2992/2992/2992 2991/2991/2991
f 2997/2997/2997 2994/2994/2994 2996/2996/2996
f 2977/2977/2977 2998/2998/2998 2995/2995/2995
f 2998/2998/2998 2977/2977/2977 2982/2982/2982
f 2995/2995/2995 2999/2999/2999 2991/2991/2991
f 2995/2995/2995 2998/2998/2998 2999/2999/2999
f 2998/2998/2998 2982/2982/2982 3000/3000/3000
f 3000/3000/3000 2982/2982/2982 2983/2983/2983
f 2998/2998/2998 3001/3001/3001 2999/2999/2999
f 3001/3001/3001 2998/2998/2998 3000/3000/3000
f 3002/3002/3002 3000/3000/3000 2983/2983/2983
f 3003/3003/3003 3002/3002/3002 2983/2983/2983
f 3004/3004/3004 3001/3001/3001 3000/3000/3000
f 3001/3001/3001 3004/3004/3004 2999/2999/2999
f 3002/3002/3002 3004/3004/3004 3000/3000/3000
f 3005/3005/3005 3004/3004/3004 3002/3002/3002
f 3006/3006/3006 3002/3002/3002 3003/3003/3003
f 3006/3006/3006 3005/3005/3005 3002/3002/3002
f 3007/3007/3007 3006/3006/3006 3003/3003/3003
f 3006/3006/3006 3007/3007/3007 3008/3008/3008
f 3004/3004/3004 3009/3009/3009 2999/2999/2999
f 2999/2999/2999 3009/3009/3009 2991/2991/2991
f 3004/3004/3004 3005/3005/3005 3009/3009/3009
f 3010/3010/3010 3006/3006/3006 3008/3008/3008
f 3005/3005/3005 3006/3006/3006 3010/3010/3010
f 3010/3010/3010 3008/3008/3008 3011/3011/3011
f 3009/3009/3009 3012/3012/3012 2991/2991/2991
f 3012/3012/3012 2996/2996/2996 2991/2991/2991
f 3005/3005/3005 3013/3013/3013 3009/3009/3009
f 3009/3009/3009 3013/3013/3013 3012/3012/3012
f 3014/3014/3014 2996/2996/2996 3012/3012/3012
f 3014/3014/3014 2997/2997/2997 2996/2996/2996
f 3013/3013/3013 3015/3015/3015 3012/3012/3012
f 3015/3015/3015 3014/3014/3014 3012/3012/3012
f 2997/2997/2997 3014/3014/3014 3016/3016/3016
f 3017/3017/3017 2997/2997/2997 3016/3016/3016
f 3014/3014/3014 3015/3015/3015 3018/3018/3018
f 3015/3015/3015 3013/3013/3013 3018/3018/3018
f 3016/3016/3016 3014/3014/3014 3018/3018/3018
f 3016/3016/3016 3018/3018/3018 3019/3019/3019
f 3017/3017/3017 3016/3016/3016 3020/3020/3020
f 3020/3020/3020 3016/3016/3016 3019/3019/3019
f 3021/3021/3021 3017/3017/3017 3020/3020/3020
f 3022/3022/3022 3021/3021/3021 3020/3020/3020
f 3013/3013/3013 3023/3023/3023 3018/3018/3018
f 3013/3013/3013 3005/3005/3005 3023/3023/3023
f 3018/3018/3018 3023/3023/3023 3019/3019/3019
f 3024/3024/3024 3022/3022/3022 3020/3020/3020
f 3024/3024/3024 3020/3020/3020 3019/3019/3019
f 3025/3025/3025 3022/3022/3022 3024/3024/3024
f 3005/3005/3005 3026/3026/3026 3023/3023/3023
f 3026/3026/3026 3005/3005/3005 3010/3010/3010
f 3023/3023/3023 3027/3027/3027 3019/3019/3019
f 3023/3023/3023 3026/3026/3026 3027/3027/3027
f 3026/3026/3026 3010/3010/3010 3028/3028/3028
f 3028/3028/3028 3010/3010/3010 3011/3011/3011
f 3026/3026/3026 3029/3029/3029 3027/3027/3027
f 3029/3029/3029 3026/3026/3026 3028/3028/3028
f 3030/3030/3030 3028/3028/3028 3011/3011/3011
f 3031/3031/3031 3030/3030/3030 3011/3011/3011
f 3032/3032/3032 3029/3029/3029 3028/3028/3028
f 3029/3029/3029 3032/3032/3032 3027/3027/3027
f 3030/3030/3030 3032/3032/3032 3028/3028/3028
f 3033/3033/3033 3032/3032/3032 3030/3030/3030
f 3034/3034/3034 3030/3030/3030 3031/3031/3031
f 3034/3034/3034 3033/3033/3033 3030/3030/3030
f 3035/3035/3035 3034/3034/3034 3031/3031/3031
f 3034/3034/3034 3035/3035/3035 3036/3036/3036
f 3032/3032/3032 3037/3037/3037 3027/3027/3027
f 3027/3027/3027 3037/3037/3037 3019/3019/3019
f 3032/3032/3032 3033/3033/3033 3037/3037/3037
f 3038/3038/3038 3034/3034/3034 3036/3036/3036
f 3033/3033/3033 3034/3034/3034 3038/3038/3038
f 3038/3038/3038 3036/3036/3036 3039/3039/3039
f 3037/3037/3037 3040/3040/3040 3019/3019/3019
f 3040/3040/3040 3024/3024/3024 3019/3019/3019
f 3033/3033/3033 3041/3041/3041 3037/3037/3037
f 3037/3037/3037 3041/3041/3041 3040/3040/3040
f 3042/3042/3042 3024/3024/3024 3040/3040/3040
f 3042/3042/3042 3025/3025/3025 3024/3024/3024
f 3041/3041/3041 3043/3043/3043 3040/3040/3040
f 3043/3043/3043 3042/3042/3042 3040/3040/3040
f 3025/3025/3025 3042/3042/3042 3044/3044/3044
f 3045/3045/3045 3025/3025/3025 3044/3044/3044
f 3042/3042/3042 3043/3043/3043 3046/3046/3046
f 3043/3043/3043 3041/3041/3041 3046/3046/3046
f 3044/3044/3044 3042/3042/3042 3046/3046/3046
f 3044/3044/3044 3046/3046/3046 3047/3047/3047
f 3045/3045/3045 3044/3044/3044 3048/3048/3048
f 3048/3048/3048 3044/3044/3044 3047/3047/3047
f 3049/3049/3049 3045/3045/3045 3048/3048/3048
f 3050/3050/3050 3049/3049/3049 3048/3048/3048
f 3041/3041/3041 3051/3051/3051 3046/3046/3046
f 3041/3041/3041 3033/3033/3033 3051/3051/3051
f 3046/3046/3046 3051/3051/3051 3047/3047/3047
f 3052/3052/3052 3050/3050/3050 3048/3048/3048
f 3052/3052/3052 3048/3048/3048 3047/3047/3047
f 3053/3053/3053 3050/3050/3050 3052/3052/3052
f 3033/3033/3033 3054/3054/3054 3051/3051/3051
f 3054/3054/3054 3033/3033/3033 3038/3038/3038
f 3051/3051/3051 3055/3055/3055 3047/3047/3047
f 3051/3051/3051 3054/3054/3054 3055/3055/3055
f 3054/3054/3054 3038/3038/3038 3056/3056/3056
f 3056/3056/3056 3038/3038/3038 3039/3039/3039
f 3054/3054/3054 3057/3057/3057 3055/3055/3055
f 3057/3057/3057 3054/3054/3054 3056/3056/3056
f 3058/3058/3058 3056/3056/3056 3039/3039/3039
f 3059/3059/3059 3058/3058/3058 3039/3039/3039
f 3060/3060/3060 3057/3057/3057 3056/3056/3056
f 3057/3057/3057 3060/3060/3060 3055/3055/3055
f 3058/3058/3058 3060/3060/3060 3056/3056/3056
f 3061/3061/3061 3060/3060/3060 3058/3058/3058
f 3062/3062/3062 3058/3058/3058 3059/3059/3059
f 3062/3062/3062 3061/3061/3061 3058/3058/3058
f 3063/3063/3063 3062/3062/3062 3059/3059/3059
f 3062/3062/3062 3063/3063/3063 3064/3064/3064
f 3060/3060/3060 3065/3065/3065 3055/3055/3055
f 3055/3055/3055 3065/3065/3065 3047/3047/3047
f 3060/3060/3060 3061/3061/3061 3065/3065/3065
f 3066/3066/3066 3062/3062/3062 3064/3064/3064
f 3061/3061/3061 3062/3062/3062 3066/3066/3066
f 3066/3066/3066 3064/3064/3064 3067/3067/3067
f 3065/3065/3065 3068/3068/3068 3047/3047/3047
f 3068/3068/3068 3052/3052/3052 3047/3047/3047
f 3061/3061/3061 3069/3069/3069 3065/3065/3065
f 3065/3065/3065 3069/3069/3069 3068/3068/3068
f 3070/3070/3070 3052/3052/3052 3068/3068/3068
f 3070/3070/3070 3053/3053/3053 3052/3052/3052
f 3069/3069/3069 3071/3071/3071 3068/3068/3068
f 3071/3071/3071 3070/3070/3070 3068/3068/3068
f 3053/3053/3053 3070/3070/3070 3072/3072/3072
f 3073/3073/3073 3053/3053/3053 3072/3072/3072
f 3070/3070/3070 3071/3071/3071 3074/3074/3074
f 3071/3071/3071 3069/3069/3069 3074/3074/3074
f 3072/3072/3072 3070/3070/3070 3074/3074/3074
f 3072/3072/3072 3074/3074/3074 3075/3075/3075
f 3073/3073/3073 3072/3072/3072 3076/3076/3076
f 3076/3076/3076 3072/3072/3072 3075/3075/3075
f 3077/3077/3077 3073/3073/3073 3076/3076/3076
f 3078/3078/3078 3077/3077/3077 3076/3076/3076
f 3069/3069/3069 3079/3079/3079 3074/3074/3074
f 3069/3069/3069 3061/3061/3061 3079/3079/3079
f 3074/3074/3074 3079/3079/3079 3075/3075/3075
f 3080/3080/3080 3078/3078/3078 3076/3076/3076
f 3080/3080/3080 3076/3076/3076 3075/3075/3075
f 3081/3081/3081 3078/3078/3078 3080/3080/3080
f 3061/3061/3061 3082/3082/3082 3079/3079/3079
f 3082/3082/3082 3061/3061/3061 3066/3066/3066
f 3079/3079/3079 3083/3083/3083 3075/3075/3075
f 3079/3079/3079 3082/3082/3082 3083/3083/3083
f 3082/3082/3082 3066/3066/3066 3084/3084/3084
f 3084/3084/3084 3066/3066/3066 3067/3067/3067
f 3082/3082/3082 3085/3085/3085 3083/3083/3083
f 3085/3085/3085 3082/3082/3082 3084/3084/3084
f 3086/3086/3086 3084/3084/3084 3067/3067/3067
f 3087/3087/3087 3086/3086/3086 3067/3067/3067
f 3088/3088/3088 3085/3085/3085 3084/3084/3084
f 3085/3085/3085 3088/3088/3088 3083/3083/3083
f 3086/3086/3086 3088/3088/3088 3084/3084/3084
f 3089/3089/3089 3088/3088/3088 3086/3086/3086
f 3090/3090/3090 3086/3086/3086 3087/3087/3087
f 3090/3090/3090 3089/3089/3089 3086/3086/3086
f 3091/3091/3091 3090/3090/3090 3087/3087/3087
f 3090/3090/3090 3091/3091/3091 3092/3092/3092
f 3088/3088/3088 3093/3093/3093 3083/3083/3083
f 3083/3083/3083 3093/3093/3093 3075/3075/3075
f 3088/3088/3088 3089/3089/3089 3093/3093/3093
f 3094/3094/3094 3090/3090/3090 3092/3092/3092
f 3089/3089/3089 3090/3090/3090 3094/3094/3094
f 3094/3094/3094 3092/3092/3092 3095/3095/3095
f 3093/3093/3093 3096/3096/3096 3075/3075/3075
f 3096/3096/3096 3080/3080/3080 3075/3075/3075
f 3089/3089/3089 3097/3097/3097 3093/3093/3093
f 3093/3093/3093 3097/3097/3097 3096/3096/3096
f 3098/3098/3098 3080/3080/3080 3096/3096/3096
f 3098/3098/3098 3081/3081/3081 3080/3080/3080
f 3097/3097/3097 3099/3099/3099 3096/3096/3096
f 3099/3099/3099 3098/3098/3098 3096/3096/3096
f 3081/3081/3081 3098/3098/3098 3100/3100/3100
f 3101/3101/3101 3081/3081/3081 3100/3100/3100
f 3098/3098/3098 3099/3099/3099 3102/3102/3102
f 3099/3099/3099 3097/3097/3097 3102/3102/3102
f 3100/3100/3100 3098/3098/3098 3102/3102/3102
f 3100/3100/3100 3102/3102/3102 3103/3103/3103
f 3101/3101/3101 3100/3100/3100 3104/3104/3104
f 3104/3104/3104 3100/3100/3100 3103/3103/3103
f 3105/3105/3105 3101/3101/3101 3104/3104/3104
f 3106/3106/3106 3105/3105/3105 3104/3104/3104
f 3097/3097/3097 3107/3107/3107 3102/3102/3102
f 3097/3097/3097 3089/3089/3089 3107/3107/3107
f 3102/3102/3102 3107/3107/3107 3103/3103/3103
f 3108/3108/3108 3106/3106/3106 3104/3104/3104
f 3108/3108/3108 3104/3104/3104 3103/3103/3103
f 3109/3109/3109 3106/3106/3106 3108/3108/3108
f 3089/3089/3089 3110/3110/3110 3107/3107/3107
f 3110/3110/3110 3089/3089/3089 3094/3094/3094
f 3107/3107/3107 3111/3111/3111 3103/3103/3103
f 3107/3107/3107 3110/3110/3110 3111/3111/3111
f 3110/3110/3110 3094/3094/3094 3112/3112/3112
f 3112/3112/3112 3094/3094/3094 3095/3095/3095
f 3110/3110/3110 3113/3113/3113 3111/3111/3111
f 3113/3113/3113 3110/3110/3110 3112/3112/3112
f 3114/3114/3114 3112/3112/3112 3095/3095/3095
f 3115/3115/3115 3114/3114/3114 3095/3095/3095
f 3116/3116/3116 3113/3113/3113 3112/3112/3112
f 3113/3113/3113 3116/3116/3116 3111/3111/3111
f 3114/3114/3114 3116/3116/3116 3112/3112/3112
f 3117/3117/3117 3116/3116/3116 3114/3114/3114
f 3118/3118/3118 3114/3114/3114 3115/3115/3115
f 3118/3118/3118 3117/3117/3117 3114/3114/3114
f 3119/3119/3119 3118/3118/3118 3115/3115/3115
f 3118/3118/3118 3119/3119/3119 3120/3120/3120
f 3116/3116/3116 3121/3121/3121 3111/3111/3111
f 3111/3111/3111 3121/3121/3121 3103/3103/3103
f 3116/3116/3116 3117/3117/3117 3121/3121/3121
f 3122/3122/3122 3118/3118/3118 3120/3120/3120
f 3117/3117/3117 3118/3118/3118 3122/3122/3122
f 3122/3122/3122 3120/3120/3120 3123/3123/3123
f 3121/3121/3121 3124/3124/3124 3103/3103/3103
f 3124/3124/3124 3108/3108/3108 3103/3103/3103
f 3117/3117/3117 3125/3125/3125 3121/3121/3121
f 3121/3121/3121 3125/3125/3125 3124/3124/3124
f 3126/3126/3126 3108/3108/3108 3124/3124/3124
f 3126/3126/3126 3109/3109/3109 3108/3108/3108
f 3125/3125/3125 3127/3127/3127 3124/3124/3124
f 3127/3127/3127 3126/3126/3126 3124/3124/3124
f 3109/3109/3109 3126/3126/3126 3128/3128/3128
f 3129/3129/3129 3109/3109/3109 3128/3128/3128
f 3126/3126/3126 3127/3127/3127 3130/3130/3130
f 3127/3127/3127 3125/3125/3125 3130/3130/3130
f 3128/3128/3128 3126/3126/3126 3130/3130/3130
f 3128/3128/3128 3130/3130/3130 3131/3131/3131
f 3129/3129/3129 3128/3128/3128 3132/3132/3132
f 3132/3132/3132 3128/3128/3128 3131/3131/3131
f 3133/3133/3133 3129/3129/3129 3132/3132/3132
f 3134/3134/3134 3133/3133/3133 3132/3132/3132
f 3125/3125/3125 3135/3135/3135 3130/3130/3130
f 3125/3125/3125 3117/3117/3117 3135/3135/3135
f 3130/3130/3130 3135/3135/3135 3131/3131/3131
f 3136/3136/3136 3134/3134/3134 3132/3132/3132
f 3136/3136/3136 3132/3132/3132 3131/3131/3131
f 3137/3137/3137 3134/3134/3134 3136/3136/3136
f 3117/3117/3117 3138/3138/3138 3135/3135/3135
f 3138/3138/3138 3117/3117/3117 3122/3122/3122
f 3135/3135/3135 3139/3139/3139 3131/3131/3131
f 3135/3135/3135 3138/3138/3138 3139/3139/3139
f 3138/3138/3138 3122/3122/3122 3140/3140/3140
f 3140/3140/3140 3122/3122/3122 3123/3123/3123
f 3138/3138/3138 3141/3141/3141 3139/3139/3139
f 3141/3141/3141 3138/3138/3138 3140/3140/3140
f 3142/3142/3142 3140/3140/3140 3123/3123/3123
f 3143/3143/3143 3142/3142/3142 3123/3123/3123
f 3144/3144/3144 3141/3141/3141 3140/3140/3140
f 3141/3141/3141 3144/3144/3144 3139/3139/3139
f 3142/3142/3142 3144/3144/3144 3140/3140/3140
f 3145/3145/3145 3144/3144/3144 3142/3142/3142
f 3146/3146/3146 3142/3142/3142 3143/3143/3143
f 3146/3146/3146 3145/3145/3145 3142/3142/3142
f 3147/3147/3147 3146/3146/3146 3143/3143/3143
f 3146/3146/3146 3147/3147/3147 3148/3148/3148
f 3144/3144/3144 3149/3149/3149 3139/3139/3139
f 3139/3139/3139 3149/3149/3149 3131/3131/3131
f 3144/3144/3144 3145/3145/3145 3149/3149/3149
f 3150/3150/3150 3146/3146/3146 3148/3148/3148
f 3145/3145/3145 3146/3146/3146 3150/3150/3150
f 3150/3150/3150 3148/3148/3148 2844/2844/2844
f 3149/3149/3149 3151/3151/3151 3131/3131/3131
f 3151/3151/3151 3136/3136/3136 3131/3131/3131
f 3152/3152/3152 3150/3150/3150 2844/2844/2844
f 2843/2843/2843 3152/3152/3152 2844/2844/2844
f 3145/3145/3145 3153/3153/3153 3149/3149/3149
f 3149/3149/3149 3153/3153/3153 3151/3151/3151
f 3154/3154/3154 3136/3136/3136 3151/3151/3151
f 3154/3154/3154 3137/3137/3137 3136/3136/3136
f 3155/3155/3155 3145/3145/3145 3150/3150/3150
f 3155/3155/3155 3150/3150/3150 3152/3152/3152
f 2843/2843/2843 3156/3156/3156 3152/3152/3152
f 2841/2841/2841 3156/3156/3156 2843/2843/2843
f 3153/3153/3153 3157/3157/3157 3151/3151/3151
f 3157/3157/3157 3154/3154/3154 3151/3151/3151
f 3137/3137/3137 3154/3154/3154 3158/3158/3158
f 3159/3159/3159 3137/3137/3137 3158/3158/3158
f 3154/3154/3154 3157/3157/3157 3160/3160/3160
f 3157/3157/3157 3153/3153/3153 3160/3160/3160
f 3158/3158/3158 3154/3154/3154 3160/3160/3160
f 3158/3158/3158 3160/3160/3160 3161/3161/3161
f 3153/3153/3153 3145/3145/3145 3162/3162/3162
f 3153/3153/3153 3162/3162/3162 3160/3160/3160
f 3145/3145/3145 3155/3155/3155 3162/3162/3162
f 3160/3160/3160 3162/3162/3162 3161/3161/3161
f 3159/3159/3159 3158/3158/3158 3163/3163/3163
f 3163/3163/3163 3158/3158/3158 3161/3161/3161
f 3164/3164/3164 3159/3159/3159 3163/3163/3163
f 3165/3165/3165 3164/3164/3164 3163/3163/3163
f 3166/3166/3166 3165/3165/3165 3163/3163/3163
f 3166/3166/3166 3163/3163/3163 3161/3161/3161
f 2896/2896/2896 3165/3165/3165 3166/3166/3166
f 2900/2900/2900 2896/2896/2896 3166/3166/3166
f 3162/3162/3162 3155/3155/3155 3167/3167/3167
f 3162/3162/3162 3167/3167/3167 3161/3161/3161
f 3168/3168/3168 3166/3166/3166 3161/3161/3161
f 2900/2900/2900 3166/3166/3166 3168/3168/3168
f 3155/3155/3155 3169/3169/3169 3167/3167/3167
f 3169/3169/3169 3155/3155/3155 3152/3152/3152
f 3156/3156/3156 3169/3169/3169 3152/3152/3152
f 3169/3169/3169 3156/3156/3156 3167/3167/3167
f 3167/3167/3167 3170/3170/3170 3161/3161/3161
f 3156/3156/3156 3170/3170/3170 3167/3167/3167
f 3170/3170/3170 3168/3168/3168 3161/3161/3161
f 3156/3156/3156 2841/2841/2841 3170/3170/3170
f 2841/2841/2841 2902/2902/2902 3170/3170/3170
f 3170/3170/3170 2902/2902/2902 3168/3168/3168
f 3171/3171/3171 2900/2900/2900 3168/3168/3168
f 2902/2902/2902 3171/3171/3171 3168/3168/3168
f 2900/2900/2900 3171/3171/3171 2899/2899/2899
f 3171/3171/3171 2902/2902/2902 2899/2899/2899
g FP225:Handle_Back.011_e96365ee
v 3.49986 1.08665 5.06173
v 3.50544 1.08647 5.06433
v 3.50079 1.08467 5.06434
v 3.52045 1.09023 5.06166
v 3.5252 1.08729 5.06424
v 3.52026 1.08805 5.06427
v 3.5059 1.0673 5.07328
v 3.50586 1.06735 5.07119
v 3.50822 1.06864 5.07119
v 3.52524 1.06602 5.06731
v 3.52533 1.06626 5.06217
v 3.52314 1.06723 5.06218
v 3.52653 1.03472 5.06713
v 3.52453 1.0334 5.06198
v 3.52664 1.03455 5.06198
v 3.50893 1.03469 5.08012
v 3.51095 1.03383 5.07132
v 3.5089 1.03474 5.07134
v 3.50897 1.03464 5.08856
v 3.51099 1.03378 5.08011
v 3.50901 1.0346 5.09631
v 3.51106 1.03368 5.09629
v 3.51109 1.03365 5.103
v 3.50904 1.03456 5.10301
v 3.50906 1.03453 5.10832
v 3.51112 1.03361 5.10831
v 3.50917 1.03467 5.11239
v 3.58472 1.04028 5.11679
v 3.60662 1.04123 5.11353
v 3.58353 1.03938 5.11641
v 3.6073 1.04201 5.11385
v 3.62607 1.04286 5.10846
v 3.61039 1.05182 5.11352
v 3.62854 1.05267 5.10815
v 3.62848 1.0511 5.10817
v 3.58371 1.06465 5.11693
v 3.58245 1.06546 5.11656
v 3.60562 1.06551 5.11367
v 3.60636 1.06477 5.11399
v 3.62513 1.06545 5.1086
v 3.56196 1.03833 5.10507
v 3.5458 1.03808 5.10121
v 3.54373 1.03677 5.10148
v 3.58402 1.04023 5.10635
v 3.55966 1.03725 5.10581
v 3.60562 1.04131 5.10573
v 3.6062 1.04211 5.10522
v 3.58288 1.03932 5.10694
v 3.60743 1.06157 5.10489
v 3.62575 1.06175 5.10104
v 3.62529 1.06294 5.10117
v 3.64468 1.04442 5.08755
v 3.63726 1.0434 5.09602
v 3.64467 1.04395 5.08825
v 3.64862 1.04398 5.08123
v 3.65015 1.04425 5.07497
v 3.64949 1.04438 5.07665
v 3.63884 1.04387 5.10049
v 3.63845 1.04337 5.10007
v 3.6256 1.04234 5.10787
v 3.64546 1.06543 5.0915
v 3.63795 1.06543 5.10061
v 3.63752 1.06592 5.1002
v 3.65292 1.04822 5.06625
v 3.65292 1.04711 5.06836
v 3.65303 1.04823 5.0681
v 3.6527 1.05944 5.0659
v 3.65209 1.05803 5.06687
v 3.65284 1.05805 5.06576
v 3.65156 1.06485 5.06794
v 3.6509 1.06547 5.07027
v 3.65025 1.06542 5.07115
v 3.64927 1.06582 5.0751
v 3.64862 1.06568 5.07678
v 3.64771 1.06605 5.08136
v 3.64739 1.0658 5.08134
v 3.64397 1.06617 5.08902
v 3.55983 1.03774 5.11783
v 3.53456 1.0356 5.11773
v 3.54007 1.03707 5.11846
v 3.52172 1.03674 5.11866
v 3.52419 1.03481 5.11748
v 3.64633 1.04441 5.09137
v 3.64952 1.04423 5.08338
v 3.64596 1.04394 5.09127
v 3.64929 1.04398 5.08243
v 3.65059 1.04439 5.07823
v 3.65081 1.04426 5.07587
v 3.65183 1.04469 5.0718
v 3.65236 1.04529 5.06783
v 3.65175 1.04465 5.07014
v 3.65246 1.04531 5.06961
v 3.49773 1.0136 5.05816
v 3.49809 1.01434 5.05501
v 3.49367 1.01716 5.05505
v 3.49315 1.01642 5.0582
v 3.48963 1.02056 5.05509
v 3.48898 1.01982 5.05824
v 3.49359 1.01702 5.06135
v 3.4981 1.01428 5.06132
v 3.48948 1.02033 5.06139
v 3.48525 1.0237 5.05828
v 3.48585 1.02416 5.06143
v 3.49096 1.02192 5.06402
v 3.48206 1.02803 5.05832
v 3.48274 1.02843 5.06147
v 3.4802 1.03306 5.06151
v 3.47951 1.03276 5.05836
v 3.48032 1.03313 5.0552
v 3.4783 1.03799 5.06154
v 3.47759 1.03779 5.05839
v 3.48525 1.0237 5.05828
v 3.48898 1.01982 5.05824
v 3.48963 1.02056 5.05509
v 3.48591 1.02431 5.05513
v 3.48206 1.02803 5.05832
v 3.48273 1.02848 5.05516
v 3.48032 1.03313 5.0552
v 3.48284 1.03427 5.05257
v 3.48491 1.02988 5.05254
v 3.48132 1.039 5.0526
v 3.47852 1.0381 5.05524
v 3.47951 1.03276 5.05836
v 3.47759 1.03779 5.05839
v 3.47717 1.04321 5.05527
v 3.47988 1.04374 5.05264
v 3.4765 1.04841 5.05531
v 3.47571 1.04836 5.05846
v 3.47674 1.05364 5.05534
v 3.4763 1.04301 5.05843
v 3.4783 1.03799 5.06154
v 3.47706 1.04312 5.06158
v 3.4765 1.04837 5.06161
v 3.47663 1.05365 5.06164
v 3.47586 1.05373 5.05849
v 3.47744 1.05887 5.06167
v 3.47766 1.05884 5.05536
v 3.48053 1.05821 5.05272
v 3.47905 1.06394 5.05539
v 3.47672 1.05904 5.05852
v 3.47821 1.06421 5.05854
v 3.47893 1.06393 5.06169
v 3.48037 1.06914 5.05856
v 3.48107 1.06878 5.0554
v 3.49367 1.01716 5.05505
v 3.49162 1.02275 5.05247
v 3.48963 1.02056 5.05509
v 3.49529 1.01942 5.05243
v 3.49809 1.01434 5.05501
v 3.49928 1.01665 5.0524
v 3.50382 1.01495 5.05237
v 3.50292 1.01232 5.05498
v 3.50866 1.01382 5.05234
v 3.50802 1.01093 5.05495
v 3.51322 1.01001 5.05492
v 3.51351 1.01278 5.05231
v 3.51846 1.00977 5.0549
v 3.51834 1.01238 5.05228
v 3.52313 1.01318 5.05227
v 3.52366 1.01044 5.05488
v 3.52787 1.01462 5.05225
v 3.52877 1.01178 5.05486
v 3.53373 1.01359 5.05485
v 3.5326 1.01614 5.05224
v 3.53839 1.016 5.05484
v 3.53699 1.0182 5.05223
v 3.54073 1.02129 5.05224
v 3.54255 1.01917 5.05484
v 3.48591 1.02431 5.05513
v 3.48963 1.02056 5.05509
v 3.49162 1.02275 5.05247
v 3.48799 1.02614 5.0525
v 3.49168 1.02933 5.05093
v 3.48878 1.03235 5.05096
v 3.48491 1.02988 5.05254
v 3.48284 1.03427 5.05257
v 3.48729 1.03626 5.05099
v 3.48132 1.039 5.0526
v 3.4926 1.03477 5.05037
v 3.49511 1.02656 5.0509
v 3.49614 1.03389 5.05015
v 3.49816 1.02337 5.05086
v 3.49529 1.01942 5.05243
v 3.5014 1.02072 5.05083
v 3.49928 1.01665 5.0524
v 3.50382 1.01495 5.05237
v 3.50543 1.01957 5.05081
v 3.50866 1.01382 5.05234
v 3.5035 1.02474 5.05026
v 3.50232 1.02819 5.05008
v 3.50002 1.0319 5.05012
v 3.50624 1.03865 5.04987
v 3.50051 1.03979 5.0499
v 3.51678 1.0501 5.04988
v 3.50784 1.03304 5.04983
v 3.50701 1.02574 5.05005
v 3.50978 1.01888 5.05079
v 3.49331 1.03835 5.05018
v 3.51337 1.03492 5.04981
v 3.51401 1.01764 5.05076
v 3.51351 1.01278 5.05231
v 3.51136 1.02596 5.05003
v 3.51521 1.0239 5.05
v 3.51814 1.01697 5.05074
v 3.51834 1.01238 5.05228
v 3.52313 1.01318 5.05227
v 3.51757 1.03085 5.04977
v 3.51796 1.02149 5.05018
v 3.52221 1.01798 5.05072
v 3.52787 1.01462 5.05225
v 3.52049 1.02412 5.04998
v 3.52632 1.01957 5.05071
v 3.52142 1.03525 5.04978
v 3.53061 1.0206 5.0507
v 3.5326 1.01614 5.05224
v 3.52416 1.02649 5.04998
v 3.52852 1.02662 5.04996
v 3.52708 1.03383 5.04974
v 3.53453 1.02209 5.05069
v 3.53699 1.0182 5.05223
v 3.54073 1.02129 5.05224
v 3.5321 1.02592 5.05014
v 3.52822 1.03956 5.04977
v 3.53384 1.04116 5.04976
v 3.53195 1.04669 5.0498
v 3.53754 1.025 5.0507
v 3.53299 1.02946 5.04995
v 3.54412 1.02491 5.05224
v 3.54255 1.01917 5.05484
v 3.54631 1.0229 5.05485
v 3.54031 1.02843 5.0507
v 3.53497 1.03334 5.04997
v 3.53868 1.03564 5.04996
v 3.5435 1.03147 5.05071
v 3.54745 1.02859 5.05225
v 3.54214 1.03682 5.05016
v 3.54615 1.03471 5.05071
v 3.55022 1.03257 5.05226
v 3.55192 1.03712 5.05228
v 3.54731 1.03874 5.05073
v 3.55305 1.04195 5.0523
v 3.54114 1.04032 5.04998
v 3.54799 1.04309 5.05075
v 3.54091 1.04468 5.05001
v 3.54923 1.04732 5.05077
v 3.55409 1.0468 5.05232
v 3.54298 1.04853 5.05002
v 3.54991 1.05146 5.05079
v 3.55449 1.05164 5.05235
v 3.5537 1.05642 5.05238
v 3.53602 1.05089 5.0498
v 3.54538 1.05127 5.05023
v 3.54889 1.05552 5.05082
v 3.55226 1.06117 5.05242
v 3.54276 1.05381 5.05005
v 3.54731 1.05963 5.05085
v 3.53162 1.05474 5.04984
v 3.54627 1.06392 5.05088
v 3.55073 1.06589 5.05245
v 3.54038 1.05748 5.05008
v 3.54025 1.06184 5.05011
v 3.54479 1.06784 5.05091
v 3.54867 1.07028 5.05248
v 3.54558 1.07403 5.05252
v 3.53305 1.06041 5.04987
v 3.54096 1.06542 5.05033
v 3.54188 1.07085 5.05094
v 3.53742 1.0663 5.05015
v 3.54196 1.07742 5.05255
v 3.54769 1.07582 5.05515
v 3.54397 1.07957 5.05518
v 3.53845 1.07362 5.05097
v 3.52731 1.06154 5.0499
v 3.5354 1.07681 5.05101
v 3.53828 1.08075 5.05259
v 3.53353 1.06829 5.05018
v 3.53123 1.072 5.05021
v 3.52571 1.06716 5.04994
v 3.53216 1.07946 5.05104
v 3.5343 1.08351 5.05262
v 3.52975 1.08521 5.05265
v 3.53006 1.07545 5.05044
v 3.52814 1.08062 5.05106
v 3.52492 1.08634 5.05268
v 3.52018 1.06528 5.04996
v 3.51598 1.06934 5.05
v 3.51214 1.06494 5.04999
v 3.52655 1.07445 5.05024
v 3.52378 1.0813 5.05108
v 3.52219 1.07423 5.05026
v 3.51835 1.07629 5.05029
v 3.51955 1.08254 5.05111
v 3.52007 1.08739 5.05271
v 3.5156 1.0787 5.05052
v 3.51542 1.08322 5.05113
v 3.51524 1.08779 5.05274
v 3.51045 1.08699 5.05275
v 3.51135 1.0822 5.05114
v 3.5057 1.08555 5.05277
v 3.51306 1.07608 5.05031
v 3.50724 1.08062 5.05115
v 3.5094 1.0737 5.05032
v 3.50295 1.07958 5.05117
v 3.50098 1.08403 5.05278
v 3.50504 1.07357 5.05034
v 3.49904 1.0781 5.05118
v 3.49659 1.08196 5.05279
v 3.49285 1.07888 5.05278
v 3.50647 1.06637 5.05002
v 3.50146 1.07427 5.05056
v 3.49602 1.07519 5.05117
v 3.50057 1.07074 5.05034
v 3.48945 1.07525 5.05278
v 3.49105 1.08096 5.05543
v 3.48729 1.07724 5.05543
v 3.49325 1.07176 5.05117
v 3.50533 1.06063 5.05
v 3.49006 1.06871 5.05116
v 3.48612 1.07158 5.05277
v 3.49858 1.06685 5.05033
v 3.49487 1.06455 5.05033
v 3.48741 1.06547 5.05116
v 3.48336 1.06759 5.05276
v 3.48166 1.06305 5.05274
v 3.49971 1.05903 5.05001
v 3.49142 1.06337 5.05054
v 3.48626 1.06145 5.05114
v 3.48053 1.05821 5.05272
v 3.49242 1.05987 5.05031
v 3.48557 1.05709 5.05111
v 3.5016 1.0535 5.04997
v 3.48433 1.05286 5.0511
v 3.47948 1.05336 5.0527
v 3.49265 1.05551 5.05029
v 3.49058 1.05166 5.05027
v 3.49753 1.0493 5.04997
v 3.48365 1.04873 5.05108
v 3.47908 1.04853 5.05267
v 3.47988 1.04374 5.05264
v 3.48818 1.04892 5.05047
v 3.48467 1.04466 5.05105
v 3.50193 1.04546 5.04992
v 3.4908 1.04638 5.05024
v 3.48625 1.04055 5.05102
v 3.49317 1.04272 5.05021
v 3.48273 1.02848 5.05516
v 3.48591 1.02431 5.05513
v 3.48799 1.02614 5.0525
v 3.48491 1.02988 5.05254
v 3.48585 1.02416 5.06143
v 3.48752 1.02554 5.06406
v 3.49096 1.02192 5.06402
v 3.48274 1.02843 5.06147
v 3.48458 1.02958 5.06409
v 3.48219 1.03396 5.06413
v 3.4802 1.03306 5.06151
v 3.48038 1.03862 5.06416
v 3.4783 1.03799 5.06154
v 3.47706 1.04312 5.06158
v 3.47921 1.04347 5.0642
v 3.4765 1.04837 5.06161
v 3.47869 1.04844 5.06423
v 3.4788 1.05344 5.06426
v 3.47663 1.05365 5.06164
v 3.47957 1.05837 5.06428
v 3.47744 1.05887 5.06167
v 3.47893 1.06393 5.06169
v 3.48098 1.06316 5.0643
v 3.48108 1.06875 5.06171
v 3.48301 1.06773 5.06432
v 3.48561 1.072 5.06433
v 3.48382 1.07326 5.06172
v 3.48874 1.07589 5.06434
v 3.48713 1.07738 5.06173
v 3.4765 1.04841 5.05531
v 3.47988 1.04374 5.05264
v 3.47908 1.04853 5.05267
v 3.47948 1.05336 5.0527
v 3.47674 1.05364 5.05534
v 3.48053 1.05821 5.05272
v 3.47905 1.06394 5.05539
v 3.48166 1.06305 5.05274
v 3.48107 1.06878 5.0554
v 3.48336 1.06759 5.05276
v 3.48612 1.07158 5.05277
v 3.48389 1.07319 5.05542
v 3.48945 1.07525 5.05278
v 3.48729 1.07724 5.05543
v 3.48037 1.06914 5.05856
v 3.47893 1.06393 5.06169
v 3.47821 1.06421 5.05854
v 3.48108 1.06875 5.06171
v 3.48382 1.07326 5.06172
v 3.48319 1.07371 5.05858
v 3.48713 1.07738 5.06173
v 3.48389 1.07319 5.05542
v 3.48107 1.06878 5.0554
v 3.48729 1.07724 5.05543
v 3.48658 1.07789 5.05858
v 3.49047 1.08161 5.05859
v 3.49105 1.08096 5.05543
v 3.49096 1.08101 5.06173
v 3.48874 1.07589 5.06434
v 3.49236 1.07933 5.06435
v 3.4948 1.0848 5.05859
v 3.49521 1.08414 5.05543
v 3.49523 1.08412 5.06173
v 3.49521 1.08414 5.05543
v 3.49105 1.08096 5.05543
v 3.49285 1.07888 5.05278
v 3.49659 1.08196 5.05279
v 3.50098 1.08403 5.05278
v 3.49987 1.08655 5.05542
v 3.5057 1.08555 5.05277
v 3.50483 1.08835 5.05541
v 3.50994 1.0897 5.0554
v 3.51045 1.08699 5.05275
v 3.51514 1.09037 5.05538
v 3.51524 1.08779 5.05274
v 3.52007 1.08739 5.05271
v 3.52038 1.09013 5.05535
v 3.52492 1.08634 5.05268
v 3.52558 1.08921 5.05532
v 3.53068 1.08782 5.05529
v 3.52975 1.08521 5.05265
v 3.53551 1.0858 5.05526
v 3.5343 1.08351 5.05262
v 3.53828 1.08075 5.05259
v 3.53993 1.08297 5.05522
v 3.54196 1.07742 5.05255
v 3.54397 1.07957 5.05518
v 3.49523 1.08412 5.06173
v 3.49236 1.07933 5.06435
v 3.49096 1.08101 5.06173
v 3.4964 1.08227 5.06434
v 3.50079 1.08467 5.06434
v 3.49986 1.08665 5.06173
v 3.4948 1.0848 5.05859
v 3.49952 1.08735 5.05858
v 3.49987 1.08655 5.05542
v 3.49521 1.08414 5.05543
v 3.50483 1.08835 5.05541
v 3.50478 1.08856 5.06172
v 3.50544 1.08647 5.06433
v 3.50455 1.08927 5.05857
v 3.50978 1.09056 5.05855
v 3.50994 1.0897 5.0554
v 3.50992 1.0898 5.0617
v 3.5103 1.08764 5.06431
v 3.51512 1.09115 5.05853
v 3.51514 1.09037 5.05538
v 3.51517 1.09035 5.06168
v 3.51527 1.08817 5.06429
v 3.52026 1.08805 5.06427
v 3.52045 1.09023 5.06166
v 3.52049 1.091 5.05851
v 3.51512 1.09115 5.05853
v 3.51514 1.09037 5.05538
v 3.52038 1.09013 5.05535
v 3.52049 1.091 5.05851
v 3.52558 1.08921 5.05532
v 3.52581 1.09015 5.05848
v 3.52566 1.08942 5.06163
v 3.52045 1.09023 5.06166
v 3.5252 1.08729 5.06424
v 3.53098 1.08865 5.05845
v 3.53068 1.08782 5.05529
v 3.53073 1.08793 5.0616
v 3.52999 1.08587 5.06421
v 3.5359 1.08649 5.05841
v 3.53551 1.0858 5.05526
v 3.53555 1.08578 5.06156
v 3.53456 1.08384 5.06418
v 3.53882 1.08124 5.06415
v 3.54006 1.08304 5.06153
v 3.5359 1.08649 5.05841
v 3.54006 1.08304 5.06153
v 3.53555 1.08578 5.06156
v 3.54048 1.08367 5.05838
v 3.54418 1.07973 5.06149
v 3.53993 1.08297 5.05522
v 3.53551 1.0858 5.05526
v 3.54397 1.07957 5.05518
v 3.54465 1.08028 5.05834
v 3.54838 1.0764 5.0583
v 3.54781 1.0759 5.06145
v 3.55157 1.07207 5.05826
v 3.54769 1.07582 5.05515
v 3.55092 1.07163 5.06141
v 3.55087 1.07165 5.05511
v 3.55328 1.067 5.05507
v 3.55345 1.067 5.06137
v 3.55412 1.06734 5.05822
v 3.55536 1.06208 5.06134
v 3.55604 1.06231 5.05818
v 3.54006 1.08304 5.06153
v 3.54418 1.07973 5.06149
v 3.54272 1.07811 5.06411
v 3.53882 1.08124 5.06415
v 3.55087 1.07165 5.05511
v 3.54769 1.07582 5.05515
v 3.54558 1.07403 5.05252
v 3.54867 1.07028 5.05248
v 3.55073 1.06589 5.05245
v 3.55328 1.067 5.05507
v 3.55226 1.06117 5.05242
v 3.55508 1.06203 5.05503
v 3.55643 1.05693 5.055
v 3.5537 1.05642 5.05238
v 3.5571 1.05173 5.05496
v 3.55449 1.05164 5.05235
v 3.55409 1.0468 5.05232
v 3.55686 1.04649 5.05494
v 3.55305 1.04195 5.0523
v 3.55594 1.04129 5.05491
v 3.55455 1.03619 5.05489
v 3.55192 1.03712 5.05228
v 3.55253 1.03136 5.05487
v 3.55022 1.03257 5.05226
v 3.54745 1.02859 5.05225
v 3.54971 1.02694 5.05485
v 3.54412 1.02491 5.05224
v 3.54631 1.0229 5.05485
v 3.54781 1.0759 5.06145
v 3.54272 1.07811 5.06411
v 3.54418 1.07973 5.06149
v 3.54616 1.07449 5.06408
v 3.55092 1.07163 5.06141
v 3.5491 1.07045 5.06404
v 3.55149 1.06607 5.064
v 3.55345 1.067 5.06137
v 3.5533 1.06141 5.06397
v 3.55536 1.06208 5.06134
v 3.5566 1.05694 5.0613
v 3.55447 1.05656 5.06393
v 3.55715 1.05169 5.06127
v 3.55499 1.05159 5.0639
v 3.55488 1.04659 5.06387
v 3.55703 1.04641 5.06124
v 3.55411 1.04166 5.06385
v 3.55622 1.0412 5.06121
v 3.55472 1.03613 5.06119
v 3.5527 1.03687 5.06383
v 3.55258 1.03131 5.06117
v 3.55067 1.0323 5.06381
v 3.54807 1.02803 5.0638
v 3.54983 1.0268 5.06116
v 3.54494 1.02414 5.06379
v 3.54653 1.02268 5.06115
v 3.5427 1.01905 5.06114
v 3.54132 1.0207 5.06379
v 3.55412 1.06734 5.05822
v 3.55328 1.067 5.05507
v 3.55508 1.06203 5.05503
v 3.55604 1.06231 5.05818
v 3.55732 1.05708 5.05815
v 3.55536 1.06208 5.06134
v 3.55643 1.05693 5.055
v 3.55792 1.05174 5.05811
v 3.5566 1.05694 5.0613
v 3.5571 1.05173 5.05496
v 3.55715 1.05169 5.06127
v 3.55686 1.04649 5.05494
v 3.55703 1.04641 5.06124
v 3.55777 1.04637 5.05808
v 3.55594 1.04129 5.05491
v 3.55622 1.0412 5.06121
v 3.55691 1.04106 5.05806
v 3.55541 1.03589 5.05803
v 3.55455 1.03619 5.05489
v 3.55326 1.03096 5.05801
v 3.55472 1.03613 5.06119
v 3.55253 1.03136 5.05487
v 3.55258 1.03131 5.06117
v 3.54971 1.02694 5.05485
v 3.54983 1.0268 5.06116
v 3.55044 1.02639 5.058
v 3.54631 1.0229 5.05485
v 3.54653 1.02268 5.06115
v 3.54704 1.02221 5.05799
v 3.54316 1.01848 5.05799
v 3.54255 1.01917 5.05484
v 3.5427 1.01905 5.06114
v 3.53883 1.0153 5.05799
v 3.53839 1.016 5.05484
v 3.53843 1.01594 5.06115
v 3.53843 1.01594 5.06115
v 3.54132 1.0207 5.06379
v 3.5427 1.01905 5.06114
v 3.53728 1.01776 5.06379
v 3.53289 1.01536 5.06379
v 3.53379 1.01341 5.06115
v 3.52824 1.01356 5.0638
v 3.52887 1.0115 5.06116
v 3.52374 1.01026 5.06118
v 3.52338 1.01239 5.06382
v 3.53883 1.0153 5.05799
v 3.53379 1.01341 5.06115
v 3.53843 1.01594 5.06115
v 3.5341 1.01275 5.05799
v 3.52887 1.0115 5.06116
v 3.52907 1.01083 5.05801
v 3.52877 1.01178 5.05486
v 3.53373 1.01359 5.05485
v 3.53839 1.016 5.05484
v 3.49773 1.0136 5.05816
v 3.50292 1.01232 5.05498
v 3.49809 1.01434 5.05501
v 3.50265 1.01145 5.05813
v 3.50802 1.01093 5.05495
v 3.50293 1.01214 5.06128
v 3.4981 1.01428 5.06132
v 3.50782 1.00995 5.0581
v 3.50799 1.01064 5.06125
v 3.51314 1.0091 5.05807
v 3.51322 1.01001 5.05492
v 3.51851 1.00894 5.05804
v 3.51846 1.00977 5.0549
v 3.52366 1.01044 5.05488
v 3.51321 1.00983 5.06122
v 3.50848 1.01274 5.06389
v 3.50369 1.01416 5.06392
v 3.49912 1.01619 5.06395
v 3.49486 1.01879 5.06398
v 3.49359 1.01702 5.06135
v 3.49096 1.02192 5.06402
v 3.48948 1.02033 5.06139
v 3.51342 1.01198 5.06386
v 3.51849 1.00971 5.0612
v 3.51841 1.01186 5.06384
v 3.52338 1.01239 5.06382
v 3.52374 1.01026 5.06118
v 3.52385 1.00954 5.05802
v 3.52887 1.0115 5.06116
v 3.52877 1.01178 5.05486
v 3.52907 1.01083 5.05801
v 3.52804 1.03235 5.06722
v 3.52551 1.03132 5.06792
v 3.52787 1.03261 5.06792
v 3.52564 1.03104 5.06722
v 3.523 1.03035 5.06793
v 3.52309 1.03005 5.06723
v 3.52043 1.02941 5.06723
v 3.523 1.03034 5.0691
v 3.52038 1.02972 5.06793
v 3.51771 1.02912 5.06724
v 3.52039 1.02971 5.06911
v 3.5177 1.02944 5.06795
v 3.52039 1.0297 5.07091
v 3.52301 1.03033 5.0709
v 3.5204 1.02974 5.07299
v 3.51772 1.02946 5.073
v 3.51772 1.02942 5.07092
v 3.51501 1.0295 5.06796
v 3.51498 1.02918 5.06726
v 3.51771 1.02943 5.06912
v 3.51502 1.02949 5.06914
v 3.51236 1.02991 5.06915
v 3.51235 1.02991 5.06797
v 3.51228 1.0296 5.06727
v 3.50966 1.03038 5.06729
v 3.51503 1.02948 5.07093
v 3.50977 1.03068 5.06799
v 3.50716 1.03149 5.06731
v 3.51504 1.02952 5.07302
v 3.51237 1.0299 5.07094
v 3.51506 1.02966 5.07507
v 3.51773 1.02959 5.07506
v 3.50731 1.03177 5.06801
v 3.50501 1.03317 5.06802
v 3.50483 1.03291 5.06732
v 3.50978 1.03067 5.06917
v 3.50732 1.03176 5.06918
v 3.50733 1.03175 5.07098
v 3.50979 1.03066 5.07096
v 3.50736 1.03178 5.07306
v 3.50981 1.03069 5.07305
v 3.51239 1.02993 5.07303
v 3.51243 1.03007 5.07509
v 3.5125 1.03035 5.07679
v 3.50987 1.03082 5.0751
v 3.50744 1.0319 5.07512
v 3.50998 1.03109 5.0768
v 3.51016 1.03155 5.07783
v 3.50782 1.03259 5.07784
v 3.51262 1.03082 5.07781
v 3.51515 1.03043 5.0778
v 3.5151 1.02994 5.07677
v 3.51771 1.03037 5.07779
v 3.51772 1.02988 5.07676
v 3.52034 1.03016 5.07675
v 3.52038 1.02988 5.07505
v 3.52026 1.03064 5.07778
v 3.53536 1.0403 5.06723
v 3.53617 1.04291 5.06794
v 3.53647 1.0428 5.06724
v 3.53508 1.04045 5.06793
v 3.53368 1.03815 5.06792
v 3.53394 1.03797 5.06722
v 3.53618 1.0429 5.06912
v 3.53694 1.04548 5.06913
v 3.532 1.03605 5.06792
v 3.532 1.03605 5.0691
v 3.53223 1.03584 5.06722
v 3.53025 1.03396 5.06722
v 3.53004 1.0342 5.06792
v 3.52804 1.03235 5.06722
v 3.52787 1.03261 5.06792
v 3.53005 1.03419 5.0691
v 3.52787 1.03261 5.0691
v 3.52788 1.0326 5.07089
v 3.53006 1.03418 5.07089
v 3.52786 1.03263 5.07298
v 3.53619 1.04289 5.07091
v 3.53695 1.04547 5.07092
v 3.53004 1.03421 5.07298
v 3.53201 1.03604 5.07089
v 3.52995 1.03431 5.07503
v 3.52779 1.03274 5.07503
v 3.52977 1.03453 5.07674
v 3.53167 1.03634 5.07674
v 3.52764 1.03298 5.07674
v 3.52738 1.0334 5.07776
v 3.52945 1.0349 5.07776
v 3.53131 1.03667 5.07776
v 3.53291 1.03866 5.07777
v 3.53188 1.03615 5.07504
v 3.53332 1.03838 5.07674
v 3.53425 1.04085 5.07777
v 3.53198 1.03606 5.07298
v 3.53355 1.03822 5.07504
v 3.53366 1.03815 5.07298
v 3.53506 1.04044 5.07299
v 3.5337 1.03813 5.0709
v 3.53494 1.0405 5.07505
v 3.53468 1.04063 5.07675
v 3.53575 1.04303 5.07676
v 3.53529 1.04319 5.07778
v 3.53602 1.04294 5.07506
v 3.53615 1.0429 5.073
v 3.53369 1.03814 5.0691
v 3.5351 1.04043 5.0709
v 3.53509 1.04044 5.06911
v 3.53691 1.04547 5.07301
v 3.53732 1.04812 5.07302
v 3.53736 1.04813 5.07094
v 3.52655 1.06851 5.06743
v 3.52888 1.06708 5.06741
v 3.5287 1.06682 5.06811
v 3.5264 1.06822 5.06813
v 3.52394 1.06931 5.06815
v 3.52405 1.06962 5.06745
v 3.52395 1.0693 5.06933
v 3.52641 1.06821 5.06931
v 3.52642 1.0682 5.0711
v 3.49835 1.05969 5.06751
v 3.49754 1.05708 5.0682
v 3.49724 1.05719 5.0675
v 3.49863 1.05954 5.06821
v 3.49755 1.05707 5.06937
v 3.50003 1.06184 5.06821
v 3.49977 1.06202 5.06752
v 3.50172 1.06393 5.06822
v 3.50173 1.06393 5.06939
v 3.50148 1.06415 5.06752
v 3.50346 1.06604 5.06752
v 3.50367 1.06579 5.06822
v 3.50567 1.06765 5.06752
v 3.50585 1.06737 5.06822
v 3.50368 1.06578 5.0694
v 3.50585 1.06736 5.0694
v 3.50586 1.06735 5.07119
v 3.50368 1.06577 5.07119
v 3.5059 1.0673 5.07328
v 3.50004 1.06183 5.06939
v 3.49864 1.05953 5.06938
v 3.49865 1.05952 5.07118
v 3.49755 1.05706 5.07117
v 3.4987 1.05948 5.07326
v 3.50005 1.06182 5.07118
v 3.50173 1.06392 5.07119
v 3.50373 1.06572 5.07328
v 3.5001 1.06178 5.07327
v 3.49761 1.05703 5.07325
v 3.49679 1.05448 5.07116
v 3.49685 1.05446 5.07324
v 3.49776 1.05697 5.07531
v 3.49884 1.0594 5.07532
v 3.50023 1.06168 5.07533
v 3.50048 1.0615 5.07702
v 3.50213 1.06355 5.07703
v 3.50178 1.06387 5.07328
v 3.5019 1.06376 5.07533
v 3.50383 1.06559 5.07533
v 3.50599 1.06716 5.07533
v 3.50403 1.06535 5.07703
v 3.50615 1.0669 5.07703
v 3.50642 1.06647 5.07804
v 3.50435 1.06497 5.07805
v 3.50249 1.0632 5.07804
v 3.50089 1.06121 5.07804
v 3.49956 1.05902 5.07803
v 3.49921 1.03881 5.06738
v 3.49819 1.04134 5.0681
v 3.49948 1.03898 5.06808
v 3.49789 1.04121 5.0674
v 3.49722 1.04385 5.06812
v 3.49691 1.04376 5.06742
v 3.49627 1.04642 5.06744
v 3.49722 1.04385 5.0693
v 3.49659 1.04647 5.06814
v 3.49598 1.04914 5.06746
v 3.49659 1.04646 5.06932
v 3.4963 1.04915 5.06816
v 3.4966 1.04645 5.07111
v 3.49723 1.04384 5.07109
v 3.49637 1.05184 5.06817
v 3.49604 1.05187 5.06747
v 3.49666 1.04645 5.0732
v 3.49638 1.04912 5.07321
v 3.49729 1.04384 5.07318
v 3.49632 1.04913 5.07113
v 3.49631 1.04914 5.06933
v 3.49637 1.05183 5.06935
v 3.49678 1.05449 5.06936
v 3.49678 1.0545 5.06818
v 3.49646 1.05457 5.06749
v 3.49724 1.05719 5.0675
v 3.49754 1.05708 5.0682
v 3.49755 1.05707 5.06937
v 3.49755 1.05706 5.07117
v 3.49679 1.05448 5.07116
v 3.49638 1.05182 5.07114
v 3.49644 1.0518 5.07323
v 3.49685 1.05446 5.07324
v 3.497 1.05441 5.0753
v 3.49761 1.05703 5.07325
v 3.49776 1.05697 5.07531
v 3.4973 1.05434 5.077
v 3.4966 1.05178 5.07528
v 3.49805 1.05685 5.07701
v 3.49884 1.0594 5.07532
v 3.49911 1.05926 5.07702
v 3.50048 1.0615 5.07702
v 3.49956 1.05902 5.07803
v 3.49852 1.05668 5.07802
v 3.49779 1.05422 5.07801
v 3.4974 1.05169 5.078
v 3.4969 1.05174 5.07698
v 3.49734 1.04913 5.07799
v 3.49653 1.04911 5.07527
v 3.49684 1.04911 5.07697
v 3.49712 1.0465 5.07695
v 3.49761 1.04658 5.07797
v 3.49773 1.04395 5.07693
v 3.49821 1.04409 5.07795
v 3.49913 1.0417 5.07793
v 3.49681 1.04646 5.07525
v 3.49744 1.04387 5.07523
v 3.49826 1.04134 5.07316
v 3.4984 1.04139 5.07522
v 3.49868 1.0415 5.07692
v 3.49968 1.03905 5.0752
v 3.49994 1.0392 5.0769
v 3.50036 1.03946 5.07792
v 3.50149 1.03707 5.07688
v 3.50187 1.03738 5.0779
v 3.50329 1.03517 5.07686
v 3.50363 1.03553 5.07788
v 3.49968 1.03905 5.0752
v 3.49994 1.0392 5.0769
v 3.50149 1.03707 5.07688
v 3.50125 1.03689 5.07518
v 3.49954 1.03898 5.07314
v 3.4984 1.04139 5.07522
v 3.50329 1.03517 5.07686
v 3.49826 1.04134 5.07316
v 3.50113 1.03681 5.07312
v 3.50308 1.03496 5.07516
v 3.4982 1.04133 5.07107
v 3.49723 1.04384 5.07109
v 3.49729 1.04384 5.07318
v 3.49722 1.04385 5.0693
v 3.49819 1.04134 5.06928
v 3.49819 1.04134 5.0681
v 3.49948 1.03898 5.06808
v 3.49949 1.03896 5.07105
v 3.50108 1.03679 5.07104
v 3.49949 1.03897 5.06926
v 3.50107 1.0368 5.06924
v 3.50292 1.03485 5.06922
v 3.50106 1.03681 5.06806
v 3.49921 1.03881 5.06738
v 3.50081 1.0366 5.06736
v 3.50292 1.03485 5.06804
v 3.5027 1.03462 5.06734
v 3.50483 1.03291 5.06732
v 3.50501 1.03317 5.06802
v 3.50293 1.03484 5.07102
v 3.50502 1.03316 5.0692
v 3.50731 1.03177 5.06801
v 3.50732 1.03176 5.06918
v 3.50733 1.03175 5.07098
v 3.50503 1.03315 5.071
v 3.50736 1.03178 5.07306
v 3.50297 1.03486 5.0731
v 3.50507 1.03318 5.07308
v 3.50516 1.03329 5.07514
v 3.50744 1.0319 5.07512
v 3.50534 1.03352 5.07684
v 3.50758 1.03216 5.07682
v 3.50563 1.03392 5.07786
v 3.50363 1.03553 5.07788
v 3.52634 1.068 5.07524
v 3.52846 1.06636 5.07693
v 3.52621 1.06773 5.07694
v 3.52862 1.06661 5.07523
v 3.5264 1.06814 5.07319
v 3.5305 1.06471 5.07691
v 3.5307 1.06494 5.07521
v 3.52817 1.06595 5.07794
v 3.53017 1.06434 5.07793
v 3.53736 1.04813 5.07094
v 3.53694 1.04548 5.06913
v 3.53695 1.04547 5.07092
v 3.53736 1.04814 5.06914
v 3.53743 1.05082 5.07095
v 3.53739 1.05081 5.07304
v 3.53732 1.04812 5.07302
v 3.53735 1.04815 5.06797
v 3.53694 1.04549 5.06795
v 3.53617 1.04291 5.06794
v 3.53647 1.0428 5.06724
v 3.53725 1.04542 5.06725
v 3.53767 1.04812 5.06726
v 3.53773 1.05086 5.06728
v 3.53741 1.05084 5.06798
v 3.53742 1.05083 5.06916
v 3.53713 1.05352 5.068
v 3.53744 1.05358 5.0673
v 3.53713 1.05351 5.06917
v 3.5365 1.05613 5.06919
v 3.5365 1.05613 5.06802
v 3.5368 1.05623 5.06731
v 3.53582 1.05878 5.06733
v 3.53714 1.0535 5.07097
v 3.53553 1.05864 5.06803
v 3.5345 1.06118 5.06735
v 3.53424 1.061 5.06805
v 3.53553 1.05863 5.06921
v 3.53265 1.06318 5.06807
v 3.5329 1.06339 5.06737
v 3.5308 1.06513 5.06809
v 3.5308 1.06512 5.06927
v 3.53101 1.06537 5.06739
v 3.52888 1.06708 5.06741
v 3.5287 1.06682 5.06811
v 3.53266 1.06317 5.06925
v 3.53424 1.061 5.06923
v 3.53425 1.06099 5.07103
v 3.53554 1.05862 5.07101
v 3.53422 1.06095 5.07311
v 3.53266 1.06316 5.07105
v 3.53651 1.05612 5.07099
v 3.52871 1.06681 5.06929
v 3.5264 1.06822 5.06813
v 3.52641 1.06821 5.06931
v 3.52642 1.0682 5.0711
v 3.52871 1.0668 5.07108
v 3.5264 1.06814 5.07319
v 3.53081 1.06511 5.07107
v 3.5287 1.06675 5.07317
v 3.52862 1.06661 5.07523
v 3.5307 1.06494 5.07521
v 3.53264 1.06312 5.07313
v 3.53079 1.06506 5.07315
v 3.53253 1.06301 5.07519
v 3.5305 1.06471 5.07691
v 3.53231 1.06281 5.07689
v 3.53193 1.06249 5.07791
v 3.53017 1.06434 5.07793
v 3.53344 1.06042 5.07789
v 3.5341 1.06086 5.07517
v 3.53386 1.06069 5.07687
v 3.53512 1.05838 5.07685
v 3.53467 1.05817 5.07787
v 3.53607 1.05593 5.07683
v 3.5356 1.05578 5.07785
v 3.5362 1.05329 5.07783
v 3.53538 1.05852 5.07515
v 3.5355 1.05859 5.07309
v 3.53634 1.05603 5.07513
v 3.53668 1.05338 5.07681
v 3.53647 1.05074 5.07782
v 3.53647 1.05609 5.07307
v 3.5371 1.05348 5.07306
v 3.53697 1.05344 5.07511
v 3.53725 1.05079 5.0751
v 3.53696 1.05077 5.0768
v 3.5369 1.04814 5.07678
v 3.53641 1.04818 5.0778
v 3.53649 1.04555 5.07677
v 3.53601 1.04565 5.07779
v 3.53529 1.04319 5.07778
v 3.53575 1.04303 5.07676
v 3.53602 1.04294 5.07506
v 3.53718 1.04812 5.07508
v 3.53678 1.04549 5.07507
v 3.53615 1.0429 5.073
v 3.53691 1.04547 5.07301
v 3.51772 1.02946 5.073
v 3.51773 1.02959 5.07506
v 3.52038 1.02988 5.07505
v 3.5204 1.02974 5.07299
v 3.52297 1.0305 5.07504
v 3.52289 1.03077 5.07674
v 3.52034 1.03016 5.07675
v 3.52026 1.03064 5.07778
v 3.52275 1.03124 5.07777
v 3.52513 1.03217 5.07776
v 3.52534 1.03172 5.07674
v 3.52738 1.0334 5.07776
v 3.52764 1.03298 5.07674
v 3.52779 1.03274 5.07503
v 3.52545 1.03146 5.07504
v 3.52786 1.03263 5.07298
v 3.52301 1.03037 5.07299
v 3.52301 1.03033 5.0709
v 3.52551 1.03134 5.07298
v 3.52552 1.03131 5.07089
v 3.52788 1.0326 5.07089
v 3.523 1.03034 5.0691
v 3.52551 1.03132 5.0691
v 3.52787 1.03261 5.0691
v 3.52551 1.03132 5.06792
v 3.52787 1.03261 5.06792
v 3.50744 1.0319 5.07512
v 3.50758 1.03216 5.07682
v 3.50998 1.03109 5.0768
v 3.50782 1.03259 5.07784
v 3.50534 1.03352 5.07684
v 3.50563 1.03392 5.07786
v 3.50085 1.03976 5.07808
v 3.49913 1.0417 5.07793
v 3.49966 1.04195 5.0781
v 3.50036 1.03946 5.07792
v 3.50187 1.03738 5.0779
v 3.50231 1.03775 5.07806
v 3.50363 1.03553 5.07788
v 3.50403 1.03595 5.07805
v 3.50596 1.03439 5.07803
v 3.50563 1.03392 5.07786
v 3.50809 1.0331 5.07801
v 3.50782 1.03259 5.07784
v 3.51016 1.03155 5.07783
v 3.51036 1.03209 5.078
v 3.51262 1.03082 5.07781
v 3.51274 1.03139 5.07798
v 3.5152 1.03101 5.07797
v 3.51515 1.03043 5.0778
v 3.51768 1.03095 5.07796
v 3.51771 1.03037 5.07779
v 3.52026 1.03064 5.07778
v 3.52016 1.03121 5.07795
v 3.52275 1.03124 5.07777
v 3.52257 1.03179 5.07794
v 3.52489 1.03269 5.07793
v 3.52513 1.03217 5.07776
v 3.52707 1.03388 5.07793
v 3.52738 1.0334 5.07776
v 3.52945 1.0349 5.07776
v 3.52908 1.03535 5.07793
v 3.53131 1.03667 5.07776
v 3.53089 1.03706 5.07793
v 3.53244 1.03899 5.07794
v 3.53291 1.03866 5.07777
v 3.53374 1.04112 5.07794
v 3.53425 1.04085 5.07777
v 3.53529 1.04319 5.07778
v 3.53475 1.04339 5.07795
v 3.53601 1.04565 5.07779
v 3.53545 1.04577 5.07796
v 3.53583 1.04823 5.07797
v 3.53641 1.04818 5.0778
v 3.53589 1.05072 5.07799
v 3.53647 1.05074 5.07782
v 3.5362 1.05329 5.07783
v 3.53563 1.05319 5.078
v 3.5356 1.05578 5.07785
v 3.53505 1.05561 5.07802
v 3.53415 1.05792 5.07804
v 3.53467 1.05817 5.07787
v 3.53296 1.06011 5.07806
v 3.53344 1.06042 5.07789
v 3.53193 1.06249 5.07791
v 3.53149 1.06212 5.07807
v 3.53017 1.06434 5.07793
v 3.52978 1.06392 5.07809
v 3.52784 1.06548 5.07811
v 3.52817 1.06595 5.07794
v 3.52572 1.06677 5.07813
v 3.52599 1.06728 5.07796
v 3.52364 1.06832 5.07798
v 3.52345 1.06778 5.07814
v 3.52119 1.06905 5.07799
v 3.52106 1.06848 5.07816
v 3.51861 1.06886 5.07817
v 3.51866 1.06944 5.07801
v 3.51612 1.06892 5.07818
v 3.5161 1.0695 5.07802
v 3.51355 1.06923 5.07803
v 3.51365 1.06866 5.07819
v 3.51106 1.06863 5.07804
v 3.51123 1.06808 5.0782
v 3.50891 1.06718 5.0782
v 3.50867 1.0677 5.07804
v 3.50673 1.06599 5.07821
v 3.50642 1.06647 5.07804
v 3.50435 1.06497 5.07805
v 3.50472 1.06452 5.07821
v 3.50249 1.0632 5.07804
v 3.50292 1.06281 5.07821
v 3.50136 1.06087 5.0782
v 3.50089 1.06121 5.07804
v 3.50007 1.05875 5.0782
v 3.49956 1.05902 5.07803
v 3.49852 1.05668 5.07802
v 3.49906 1.05648 5.07819
v 3.49779 1.05422 5.07801
v 3.49835 1.05409 5.07818
v 3.49797 1.05164 5.07816
v 3.49966 1.04195 5.0781
v 3.49913 1.0417 5.07793
v 3.49821 1.04409 5.07795
v 3.49876 1.04426 5.07812
v 3.49818 1.04668 5.07813
v 3.49761 1.04658 5.07797
v 3.49792 1.04915 5.07815
v 3.49734 1.04913 5.07799
v 3.4974 1.05169 5.078
v 3.49797 1.05164 5.07816
v 3.49779 1.05422 5.07801
v 3.5013 1.04006 5.07722
v 3.50014 1.04218 5.07724
v 3.50048 1.04235 5.07518
v 3.50161 1.04027 5.07516
v 3.50169 1.04035 5.07173
v 3.50056 1.04241 5.07175
v 3.50158 1.04032 5.06727
v 3.50045 1.04239 5.06729
v 3.5002 1.04232 5.06214
v 3.50301 1.03836 5.07515
v 3.50307 1.03845 5.07171
v 3.50463 1.03664 5.07513
v 3.50272 1.0381 5.0772
v 3.50085 1.03976 5.07808
v 3.50231 1.03775 5.07806
v 3.50439 1.03635 5.07719
v 3.50403 1.03595 5.07805
v 3.50596 1.03439 5.07803
v 3.50627 1.03484 5.07717
v 3.50135 1.04022 5.06212
v 3.4999 1.04223 5.05665
v 3.50107 1.04009 5.05663
v 3.5025 1.03812 5.05662
v 3.50277 1.03828 5.06211
v 3.50418 1.03635 5.0566
v 3.50297 1.03841 5.06725
v 3.50442 1.03654 5.06209
v 3.50469 1.03674 5.0717
v 3.50648 1.03516 5.07511
v 3.50833 1.03358 5.07715
v 3.5085 1.03393 5.0751
v 3.50853 1.03404 5.07166
v 3.50652 1.03527 5.07168
v 3.50847 1.03398 5.0672
v 3.5046 1.03669 5.06724
v 3.50644 1.03521 5.06722
v 3.50628 1.03504 5.06207
v 3.50608 1.03482 5.05658
v 3.50833 1.0338 5.06206
v 3.50816 1.03355 5.05656
v 3.50085 1.03976 5.07808
v 3.50014 1.04218 5.07724
v 3.5013 1.04006 5.07722
v 3.49966 1.04195 5.0781
v 3.49927 1.04443 5.07726
v 3.49962 1.04455 5.0752
v 3.49876 1.04426 5.07812
v 3.50048 1.04235 5.07518
v 3.49818 1.04668 5.07813
v 3.50056 1.04241 5.07175
v 3.4987 1.04678 5.07727
v 3.49792 1.04915 5.07815
v 3.49971 1.0446 5.07177
v 3.50045 1.04239 5.06729
v 3.49845 1.04918 5.07729
v 3.49907 1.04685 5.07521
v 3.49916 1.04689 5.07178
v 3.49851 1.05159 5.0773
v 3.49797 1.05164 5.07816
v 3.49887 1.05398 5.07731
v 3.49924 1.05391 5.07525
v 3.49835 1.05409 5.07818
v 3.49906 1.05648 5.07819
v 3.49956 1.0563 5.07732
v 3.50007 1.05875 5.0782
v 3.49887 1.05157 5.07524
v 3.49882 1.04921 5.07523
v 3.49891 1.04923 5.0718
v 3.49879 1.04925 5.06733
v 3.49896 1.05158 5.07181
v 3.49904 1.0469 5.06732
v 3.49959 1.0446 5.0673
v 3.49934 1.04456 5.06216
v 3.5002 1.04232 5.06214
v 3.49878 1.04689 5.06217
v 3.49902 1.0445 5.05667
v 3.4999 1.04223 5.05665
v 3.49845 1.04687 5.05668
v 3.49852 1.04927 5.06219
v 3.49819 1.04929 5.0567
v 3.49825 1.05173 5.05671
v 3.49858 1.05167 5.0622
v 3.49862 1.05414 5.05673
v 3.49884 1.05162 5.06735
v 3.49895 1.05404 5.06221
v 3.49932 1.05391 5.07182
v 3.49963 1.05634 5.06222
v 3.49931 1.05647 5.05674
v 3.4992 1.05396 5.06736
v 3.49988 1.05622 5.06737
v 3.50084 1.05839 5.06738
v 3.5006 1.05853 5.06223
v 3.5003 1.0587 5.05674
v 3.50157 1.06078 5.05675
v 3.49999 1.05616 5.07183
v 3.50185 1.06057 5.06224
v 3.5031 1.06268 5.05676
v 3.49991 1.05618 5.07526
v 3.50095 1.05831 5.07184
v 3.50054 1.05851 5.07733
v 3.50087 1.05834 5.07527
v 3.5018 1.06057 5.07734
v 3.50136 1.06087 5.0782
v 3.5021 1.06036 5.07528
v 3.50358 1.06221 5.07528
v 3.50331 1.06245 5.07734
v 3.50292 1.06281 5.07821
v 3.50472 1.06452 5.07821
v 3.50217 1.06032 5.07184
v 3.50506 1.06412 5.07734
v 3.50673 1.06599 5.07821
v 3.50702 1.06554 5.07734
v 3.5053 1.06384 5.07528
v 3.50721 1.06523 5.07528
v 3.50725 1.06516 5.07185
v 3.50535 1.06377 5.07185
v 3.50718 1.06527 5.06739
v 3.50207 1.06041 5.06738
v 3.50364 1.06216 5.07185
v 3.50526 1.06388 5.06739
v 3.50335 1.06244 5.06224
v 3.50355 1.06225 5.06739
v 3.50509 1.06409 5.06225
v 3.50703 1.0655 5.06224
v 3.50486 1.06436 5.05676
v 3.50684 1.0658 5.05676
v 3.51612 1.06892 5.07818
v 3.51374 1.06813 5.07733
v 3.51365 1.06866 5.07819
v 3.51614 1.06839 5.07732
v 3.51856 1.06833 5.07731
v 3.51861 1.06886 5.07817
v 3.52094 1.06796 5.0773
v 3.52106 1.06848 5.07816
v 3.52345 1.06778 5.07814
v 3.52326 1.06728 5.07728
v 3.52572 1.06677 5.07813
v 3.52547 1.0663 5.07727
v 3.52753 1.06504 5.07725
v 3.52784 1.06548 5.07811
v 3.52599 1.06728 5.07796
v 3.52846 1.06636 5.07693
v 3.52817 1.06595 5.07794
v 3.52621 1.06773 5.07694
v 3.52381 1.06879 5.07696
v 3.52364 1.06832 5.07798
v 3.52129 1.06954 5.07698
v 3.52119 1.06905 5.07799
v 3.52634 1.068 5.07524
v 3.51866 1.06944 5.07801
v 3.52391 1.06908 5.07526
v 3.5264 1.06814 5.07319
v 3.5187 1.06994 5.07699
v 3.5161 1.0695 5.07802
v 3.52395 1.06923 5.07321
v 3.52135 1.06984 5.07528
v 3.51872 1.07025 5.07529
v 3.52396 1.06929 5.07112
v 3.52642 1.0682 5.0711
v 3.52395 1.0693 5.06933
v 3.52137 1.07007 5.06934
v 3.52394 1.06931 5.06815
v 3.52138 1.07006 5.07114
v 3.52137 1.06999 5.07322
v 3.51872 1.07041 5.07324
v 3.51604 1.07047 5.07325
v 3.51872 1.07047 5.07115
v 3.51605 1.07031 5.0753
v 3.52136 1.07007 5.06816
v 3.52405 1.06962 5.06745
v 3.52143 1.07039 5.06747
v 3.51873 1.07081 5.06748
v 3.5187 1.07048 5.06818
v 3.516 1.07087 5.06749
v 3.51871 1.07048 5.06936
v 3.51601 1.07055 5.06819
v 3.51603 1.07053 5.07116
v 3.51607 1.07 5.077
v 3.51346 1.06972 5.07701
v 3.51355 1.06923 5.07803
v 3.51091 1.06911 5.07702
v 3.51106 1.06863 5.07804
v 3.50867 1.0677 5.07804
v 3.5134 1.07003 5.07531
v 3.51602 1.07054 5.06937
v 3.51334 1.07026 5.06938
v 3.51335 1.07025 5.07117
v 3.51072 1.06963 5.06939
v 3.51333 1.07026 5.0682
v 3.51328 1.07058 5.0675
v 3.51072 1.06963 5.06821
v 3.51062 1.06994 5.06751
v 3.50807 1.06896 5.06752
v 3.50821 1.06866 5.06821
v 3.50567 1.06765 5.06752
v 3.50585 1.06737 5.06822
v 3.50821 1.06865 5.06939
v 3.50585 1.06736 5.0694
v 3.50586 1.06735 5.07119
v 3.50822 1.06864 5.07119
v 3.51073 1.06962 5.07118
v 3.50825 1.06859 5.07327
v 3.5059 1.0673 5.07328
v 3.51337 1.07018 5.07326
v 3.51076 1.06956 5.07327
v 3.51081 1.0694 5.07532
v 3.50832 1.06844 5.07533
v 3.50599 1.06716 5.07533
v 3.50846 1.06816 5.07703
v 3.50615 1.0669 5.07703
v 3.50642 1.06647 5.07804
v 3.52784 1.06548 5.07811
v 3.52941 1.06353 5.07723
v 3.52753 1.06504 5.07725
v 3.52978 1.06392 5.07809
v 3.53149 1.06212 5.07807
v 3.53108 1.06178 5.07721
v 3.53296 1.06011 5.07806
v 3.5325 1.05982 5.0772
v 3.53108 1.06178 5.07721
v 3.52915 1.06326 5.07517
v 3.52941 1.06353 5.07723
v 3.52753 1.06504 5.07725
v 3.5273 1.06474 5.07519
v 3.52547 1.0663 5.07727
v 3.52528 1.06597 5.07521
v 3.52522 1.0659 5.07177
v 3.52723 1.06468 5.07176
v 3.52524 1.06602 5.06731
v 3.52906 1.0632 5.07174
v 3.53068 1.0615 5.07172
v 3.52726 1.06479 5.0673
v 3.53074 1.06159 5.06726
v 3.53213 1.05968 5.06725
v 3.52911 1.0633 5.06728
v 3.52925 1.06351 5.06213
v 3.52738 1.06501 5.06215
v 3.52943 1.06377 5.05664
v 3.52533 1.06626 5.06217
v 3.52753 1.06529 5.05666
v 3.52545 1.06656 5.05668
v 3.53374 1.04112 5.07794
v 3.53424 1.04358 5.07709
v 3.53475 1.04339 5.07795
v 3.53326 1.04137 5.07709
v 3.532 1.03931 5.07708
v 3.53244 1.03899 5.07794
v 3.53387 1.04372 5.07504
v 3.53454 1.04599 5.07505
v 3.53049 1.03743 5.07708
v 3.5302 1.0377 5.07502
v 3.53089 1.03706 5.07793
v 3.52908 1.03535 5.07793
v 3.52874 1.03576 5.07707
v 3.53168 1.03954 5.07502
v 3.53291 1.04156 5.07503
v 3.53376 1.04378 5.07161
v 3.53442 1.04604 5.07162
v 3.53383 1.04377 5.06715
v 3.53287 1.04161 5.06714
v 3.53404 1.04372 5.062
v 3.5328 1.04163 5.0716
v 3.53158 1.03962 5.07159
v 3.52848 1.03607 5.07502
v 3.52678 1.03434 5.07708
v 3.52657 1.03467 5.07502
v 3.5265 1.03478 5.07159
v 3.5284 1.03617 5.07159
v 3.52653 1.03472 5.06713
v 3.53011 1.03779 5.07159
v 3.52845 1.03612 5.06713
v 3.53164 1.03959 5.06713
v 3.52858 1.03596 5.06198
v 3.52664 1.03455 5.06198
v 3.53016 1.03774 5.06713
v 3.53031 1.03761 5.06198
v 3.52875 1.03576 5.05648
v 3.52678 1.03432 5.05648
v 3.53052 1.03743 5.05649
v 3.53182 1.03948 5.06198
v 3.53204 1.03933 5.05649
v 3.53306 1.04153 5.06199
v 3.53331 1.04142 5.0565
v 3.5343 1.04364 5.0565
v 3.52707 1.03388 5.07793
v 3.52874 1.03576 5.07707
v 3.52908 1.03535 5.07793
v 3.52678 1.03434 5.07708
v 3.52466 1.03318 5.07708
v 3.52489 1.03269 5.07793
v 3.52449 1.03354 5.07502
v 3.52229 1.03268 5.07503
v 3.52657 1.03467 5.07502
v 3.5265 1.03478 5.07159
v 3.52241 1.03231 5.07708
v 3.52257 1.03179 5.07794
v 3.52016 1.03121 5.07795
v 3.52443 1.03365 5.07159
v 3.52653 1.03472 5.06713
v 3.52006 1.03174 5.07709
v 3.51768 1.03095 5.07796
v 3.51766 1.03149 5.0771
v 3.52446 1.03359 5.06713
v 3.52453 1.0334 5.06198
v 3.51999 1.03213 5.07503
v 3.52224 1.0328 5.0716
v 3.51995 1.03225 5.0716
v 3.51763 1.03188 5.07504
v 3.51527 1.03194 5.07505
v 3.51524 1.03155 5.07711
v 3.51761 1.03201 5.07161
v 3.5176 1.03193 5.06715
v 3.51995 1.03218 5.06714
v 3.52225 1.03273 5.06713
v 3.5223 1.03253 5.06198
v 3.51997 1.03197 5.06199
v 3.52237 1.03227 5.05649
v 3.52464 1.03315 5.05649
v 3.52664 1.03455 5.06198
v 3.52678 1.03432 5.05648
v 3.52 1.0317 5.0565
v 3.51758 1.03172 5.062
v 3.51519 1.03178 5.06201
v 3.51757 1.03144 5.05651
v 3.51514 1.0315 5.05652
v 3.51768 1.03095 5.07796
v 3.51524 1.03155 5.07711
v 3.51766 1.03149 5.0771
v 3.5152 1.03101 5.07797
v 3.51286 1.03192 5.07712
v 3.51293 1.0323 5.07507
v 3.51274 1.03139 5.07798
v 3.51036 1.03209 5.078
v 3.51527 1.03194 5.07505
v 3.51054 1.0326 5.07714
v 3.50809 1.0331 5.07801
v 3.50833 1.03358 5.07715
v 3.50627 1.03484 5.07717
v 3.50596 1.03439 5.07803
v 3.51066 1.03297 5.07508
v 3.5085 1.03393 5.0751
v 3.50853 1.03404 5.07166
v 3.51068 1.03309 5.07165
v 3.50847 1.03398 5.0672
v 3.51526 1.03206 5.07162
v 3.51294 1.03242 5.07164
v 3.51063 1.03302 5.06719
v 3.51761 1.03201 5.07161
v 3.51763 1.03188 5.07504
v 3.5176 1.03193 5.06715
v 3.51523 1.03199 5.06716
v 3.51519 1.03178 5.06201
v 3.5129 1.03235 5.06717
v 3.51282 1.03214 5.06203
v 3.51052 1.03282 5.06204
v 3.50833 1.0338 5.06206
v 3.51273 1.03187 5.05653
v 3.51514 1.0315 5.05652
v 3.51039 1.03257 5.05655
v 3.50816 1.03355 5.05656
v 3.50925 1.06641 5.06739
v 3.50932 1.06629 5.07185
v 3.51151 1.06714 5.07184
v 3.51146 1.06726 5.06738
v 3.51136 1.06752 5.06224
v 3.51376 1.06781 5.06738
v 3.51369 1.06808 5.06223
v 3.51611 1.06806 5.06737
v 3.51125 1.06785 5.05675
v 3.50913 1.06665 5.06224
v 3.50897 1.06697 5.05675
v 3.51362 1.06842 5.05674
v 3.51608 1.06833 5.06222
v 3.51604 1.06867 5.05673
v 3.51848 1.06862 5.05672
v 3.51847 1.06828 5.06221
v 3.52088 1.06824 5.05671
v 3.52084 1.06791 5.0622
v 3.51848 1.06801 5.06736
v 3.52314 1.06723 5.06218
v 3.52322 1.06755 5.05669
v 3.52533 1.06626 5.06217
v 3.52545 1.06656 5.05668
v 3.52308 1.06698 5.06733
v 3.52524 1.06602 5.06731
v 3.52081 1.06765 5.06734
v 3.52307 1.06685 5.07179
v 3.52522 1.0659 5.07177
v 3.52081 1.06752 5.0718
v 3.52085 1.0676 5.07524
v 3.52312 1.06693 5.07522
v 3.52528 1.06597 5.07521
v 3.52547 1.0663 5.07727
v 3.52326 1.06728 5.07728
v 3.52094 1.06796 5.0773
v 3.51856 1.06833 5.07731
v 3.51849 1.06788 5.07182
v 3.51851 1.06797 5.07525
v 3.51614 1.06839 5.07732
v 3.51613 1.06794 5.07183
v 3.51379 1.06769 5.07184
v 3.51615 1.06802 5.07526
v 3.51379 1.06777 5.07527
v 3.51149 1.06722 5.07527
v 3.51374 1.06813 5.07733
v 3.50925 1.06641 5.06739
v 3.51136 1.06752 5.06224
v 3.50913 1.06665 5.06224
v 3.50718 1.06527 5.06739
v 3.50932 1.06629 5.07185
v 3.50703 1.0655 5.06224
v 3.50897 1.06697 5.05675
v 3.50684 1.0658 5.05676
v 3.50725 1.06516 5.07185
v 3.50929 1.06636 5.07528
v 3.50721 1.06523 5.07528
v 3.50702 1.06554 5.07734
v 3.51149 1.06722 5.07527
v 3.51151 1.06714 5.07184
v 3.50914 1.0667 5.07734
v 3.50673 1.06599 5.07821
v 3.50891 1.06718 5.0782
v 3.51139 1.06757 5.07734
v 3.51123 1.06808 5.0782
v 3.51365 1.06866 5.07819
v 3.51374 1.06813 5.07733
v 3.51379 1.06769 5.07184
v 3.51376 1.06781 5.06738
v 3.51611 1.06806 5.06737
v 3.53404 1.04372 5.062
v 3.5343 1.04364 5.0565
v 3.53499 1.04598 5.05652
v 3.53471 1.04602 5.06201
v 3.53383 1.04377 5.06715
v 3.53508 1.04838 5.06202
v 3.53536 1.04839 5.05653
v 3.5345 1.04604 5.06716
v 3.53442 1.04604 5.07162
v 3.53487 1.04838 5.06717
v 3.53492 1.05074 5.06718
v 3.53514 1.05078 5.06203
v 3.53542 1.05083 5.05654
v 3.53516 1.05325 5.05656
v 3.53479 1.04836 5.07163
v 3.53454 1.04599 5.07505
v 3.53488 1.05317 5.06205
v 3.53459 1.05562 5.05657
v 3.53432 1.0555 5.06206
v 3.53467 1.05309 5.0672
v 3.53346 1.05773 5.06208
v 3.53371 1.05789 5.05659
v 3.53231 1.05983 5.0621
v 3.53254 1.06003 5.05661
v 3.53111 1.062 5.05663
v 3.5309 1.06177 5.06212
v 3.52943 1.06377 5.05664
v 3.52925 1.06351 5.06213
v 3.53074 1.06159 5.06726
v 3.52911 1.0633 5.06728
v 3.53213 1.05968 5.06725
v 3.53326 1.0576 5.06723
v 3.53412 1.05539 5.06721
v 3.53404 1.05534 5.07167
v 3.53319 1.05753 5.07169
v 3.53416 1.05535 5.0751
v 3.53459 1.05305 5.07166
v 3.53206 1.0596 5.07171
v 3.53068 1.0615 5.07172
v 3.53484 1.05071 5.07164
v 3.5333 1.05755 5.07512
v 3.53077 1.06154 5.07516
v 3.52915 1.06326 5.07517
v 3.53108 1.06178 5.07721
v 3.5325 1.05982 5.0772
v 3.53217 1.05963 5.07514
v 3.53366 1.0577 5.07718
v 3.53296 1.06011 5.07806
v 3.53415 1.05792 5.07804
v 3.53453 1.05545 5.07716
v 3.53505 1.05561 5.07802
v 3.53563 1.05319 5.078
v 3.53509 1.0531 5.07715
v 3.53589 1.05072 5.07799
v 3.53471 1.05305 5.07509
v 3.53535 1.0507 5.07713
v 3.53496 1.0507 5.07507
v 3.5349 1.04833 5.07506
v 3.53529 1.04828 5.07712
v 3.53583 1.04823 5.07797
v 3.53492 1.0459 5.07711
v 3.53424 1.04358 5.07709
v 3.53545 1.04577 5.07796
v 3.53475 1.04339 5.07795
v 3.49977 1.04917 5.08869
v 3.49978 1.05146 5.08026
v 3.49982 1.05141 5.0887
v 3.49973 1.04921 5.08025
v 3.49975 1.05151 5.07148
v 3.50009 1.05374 5.07149
v 3.50013 1.05369 5.08027
v 3.50077 1.05584 5.08028
v 3.49969 1.04927 5.07146
v 3.49993 1.04703 5.07145
v 3.49997 1.04698 5.08024
v 3.50046 1.04484 5.07143
v 3.5005 1.04479 5.08022
v 3.50001 1.04693 5.08868
v 3.50131 1.04269 5.08021
v 3.50127 1.04274 5.07142
v 3.50239 1.04072 5.08019
v 3.50243 1.04067 5.08863
v 3.50235 1.04077 5.0714
v 3.50367 1.03895 5.07139
v 3.50371 1.0389 5.08017
v 3.50522 1.03732 5.07137
v 3.50135 1.04264 5.08864
v 3.50053 1.04474 5.08866
v 3.50057 1.0447 5.09641
v 3.50004 1.04688 5.09642
v 3.5006 1.04466 5.10311
v 3.50138 1.0426 5.09639
v 3.4998 1.04912 5.09643
v 3.49986 1.05137 5.09645
v 3.50007 1.04684 5.10312
v 3.49984 1.04908 5.10314
v 3.49989 1.05133 5.10315
v 3.49986 1.04905 5.10845
v 3.49991 1.0513 5.10846
v 3.50007 1.04904 5.11252
v 3.50013 1.05126 5.11253
v 3.5001 1.04681 5.10844
v 3.50075 1.05118 5.1155
v 3.50112 1.05329 5.11551
v 3.50065 1.04904 5.11549
v 3.50092 1.04692 5.11547
v 3.50213 1.04714 5.11749
v 3.50271 1.04521 5.11747
v 3.50031 1.04683 5.1125
v 3.50147 1.04484 5.11546
v 3.50062 1.04463 5.10842
v 3.50221 1.04282 5.11544
v 3.50332 1.0433 5.11746
v 3.50085 1.04467 5.11249
v 3.50164 1.04259 5.11247
v 3.50269 1.04063 5.11246
v 3.50319 1.04092 5.11543
v 3.50144 1.04253 5.1084
v 3.50141 1.04256 5.10309
v 3.50251 1.04056 5.10839
v 3.50246 1.04063 5.09637
v 3.50249 1.04059 5.10308
v 3.50382 1.03877 5.10306
v 3.50378 1.03881 5.09636
v 3.50536 1.03714 5.10304
v 3.50384 1.03874 5.10837
v 3.50375 1.03885 5.08861
v 3.50533 1.03718 5.09634
v 3.50526 1.03727 5.08016
v 3.5053 1.03722 5.0886
v 3.50701 1.03586 5.08014
v 3.50697 1.03591 5.07135
v 3.50705 1.03581 5.08858
v 3.50893 1.03469 5.08012
v 3.5089 1.03474 5.07134
v 3.50897 1.03464 5.08856
v 3.50709 1.03577 5.09632
v 3.50901 1.0346 5.09631
v 3.50712 1.03573 5.10303
v 3.50904 1.03456 5.10301
v 3.50906 1.03453 5.10832
v 3.50714 1.0357 5.10834
v 3.50917 1.03467 5.11239
v 3.50728 1.03584 5.11241
v 3.50539 1.03711 5.10836
v 3.50401 1.03885 5.11244
v 3.50555 1.03724 5.11242
v 3.506 1.0377 5.1154
v 3.50765 1.03631 5.11538
v 3.50448 1.03922 5.11541
v 3.50688 1.03863 5.11742
v 3.50541 1.04001 5.11743
v 3.50416 1.04152 5.11744
v 3.49982 1.05141 5.0887
v 3.49978 1.05146 5.08026
v 3.50013 1.05369 5.08027
v 3.50017 1.05364 5.08871
v 3.50081 1.05579 5.08872
v 3.50077 1.05584 5.08028
v 3.50172 1.05785 5.08873
v 3.5002 1.05359 5.09646
v 3.50084 1.05575 5.09647
v 3.50023 1.05355 5.10316
v 3.49986 1.05137 5.09645
v 3.49977 1.04917 5.08869
v 3.49989 1.05133 5.10315
v 3.4998 1.04912 5.09643
v 3.49991 1.0513 5.10846
v 3.50026 1.05352 5.10847
v 3.50013 1.05126 5.11253
v 3.50048 1.05345 5.11254
v 3.50112 1.05329 5.11551
v 3.5011 1.05559 5.11255
v 3.50169 1.05537 5.11552
v 3.50199 1.05762 5.11256
v 3.50251 1.05734 5.11553
v 3.50366 1.05914 5.11553
v 3.50089 1.05568 5.10848
v 3.50087 1.05571 5.10317
v 3.50316 1.05952 5.11256
v 3.50505 1.06079 5.11553
v 3.50181 1.05774 5.10849
v 3.50175 1.05781 5.09648
v 3.50298 1.05966 5.1085
v 3.50178 1.05777 5.10318
v 3.50295 1.05969 5.10318
v 3.50436 1.06144 5.10319
v 3.50292 1.05973 5.09648
v 3.50439 1.06141 5.1085
v 3.50456 1.06124 5.11257
v 3.50617 1.06278 5.11257
v 3.50658 1.0623 5.11554
v 3.50602 1.06296 5.1085
v 3.50796 1.0641 5.11257
v 3.50828 1.0636 5.11554
v 3.50784 1.06428 5.1085
v 3.50599 1.06299 5.10319
v 3.50781 1.06431 5.10319
v 3.50778 1.06435 5.09649
v 3.50596 1.06303 5.09649
v 3.50775 1.0644 5.08874
v 3.50433 1.06148 5.09649
v 3.50593 1.06307 5.08874
v 3.50289 1.05977 5.08874
v 3.50589 1.06312 5.0803
v 3.50771 1.06445 5.0803
v 3.5043 1.06152 5.08874
v 3.50426 1.06157 5.0803
v 3.50585 1.06317 5.07152
v 3.50767 1.0645 5.07152
v 3.50422 1.06162 5.07151
v 3.50285 1.05982 5.0803
v 3.50281 1.05987 5.07151
v 3.50168 1.0579 5.08029
v 3.50164 1.05795 5.0715
v 3.50073 1.05589 5.0715
v 3.50009 1.05374 5.07149
v 3.50771 1.06445 5.0803
v 3.50767 1.0645 5.07152
v 3.50964 1.06558 5.07151
v 3.50968 1.06553 5.0803
v 3.50775 1.0644 5.08874
v 3.51174 1.06639 5.07151
v 3.50972 1.06548 5.08874
v 3.51178 1.06634 5.08029
v 3.50976 1.06543 5.09648
v 3.50778 1.06435 5.09649
v 3.51397 1.06686 5.08029
v 3.51393 1.06692 5.0715
v 3.50979 1.06539 5.10319
v 3.51188 1.06621 5.10318
v 3.50781 1.06431 5.10319
v 3.50784 1.06428 5.1085
v 3.50981 1.06536 5.1085
v 3.50796 1.0641 5.11257
v 3.51185 1.06624 5.09648
v 3.51182 1.06629 5.08873
v 3.51401 1.06682 5.08873
v 3.51639 1.06706 5.08874
v 3.5162 1.0671 5.08028
v 3.51617 1.06715 5.07149
v 3.51841 1.0671 5.07148
v 3.51404 1.06677 5.09647
v 3.51845 1.06705 5.08027
v 3.52064 1.06676 5.07147
v 3.52068 1.0667 5.08026
v 3.51909 1.06701 5.08878
v 3.52283 1.06607 5.08024
v 3.52279 1.06612 5.07146
v 3.52489 1.06515 5.08023
v 3.52485 1.06521 5.07144
v 3.52665 1.06511 5.08854
v 3.52437 1.06603 5.08867
v 3.52183 1.06667 5.08878
v 3.52522 1.06666 5.09678
v 3.52091 1.06699 5.09673
v 3.5289 1.066 5.09636
v 3.53349 1.06672 5.10438
v 3.523 1.067 5.10357
v 3.51687 1.06702 5.09653
v 3.51407 1.06673 5.10317
v 3.51742 1.06699 5.10327
v 3.5178 1.06697 5.10855
v 3.51409 1.0667 5.10849
v 3.51797 1.06678 5.11257
v 3.52445 1.06703 5.10874
v 3.51191 1.06618 5.10849
v 3.51415 1.06648 5.11256
v 3.50991 1.06515 5.11257
v 3.51017 1.06458 5.11553
v 3.50828 1.0636 5.11554
v 3.5122 1.06532 5.11553
v 3.51199 1.06595 5.11256
v 3.51428 1.06587 5.11552
v 3.51259 1.06408 5.11754
v 3.51451 1.06466 5.11753
v 3.51788 1.06621 5.11554
v 3.51758 1.06506 5.11756
v 3.52294 1.06514 5.11766
v 3.52445 1.06634 5.11559
v 3.53334 1.0652 5.1179
v 3.52501 1.06688 5.11262
v 3.5366 1.06638 5.11554
v 3.5366 1.06694 5.10918
v 3.55693 1.06645 5.11524
v 3.55691 1.06588 5.11706
v 3.53743 1.06685 5.11269
v 3.55736 1.06677 5.11278
v 3.58089 1.06666 5.11212
v 3.5568 1.06677 5.10997
v 3.58101 1.06648 5.1141
v 3.5567 1.06646 5.10747
v 3.58073 1.06659 5.11002
v 3.58143 1.06607 5.11568
v 3.58245 1.06546 5.11656
v 3.55871 1.06514 5.11799
v 3.60496 1.06605 5.11292
v 3.60562 1.06551 5.11367
v 3.62462 1.06596 5.10801
v 3.62513 1.06545 5.1086
v 3.63795 1.06543 5.10061
v 3.63752 1.06592 5.1002
v 3.60445 1.06639 5.11158
v 3.63709 1.06622 5.09937
v 3.62417 1.06627 5.10691
v 3.60413 1.06651 5.10992
v 3.64468 1.06617 5.09068
v 3.64432 1.06626 5.08974
v 3.64506 1.06589 5.0914
v 3.64863 1.06581 5.08351
v 3.64838 1.06606 5.08257
v 3.63671 1.06632 5.09829
v 3.60403 1.06642 5.10824
v 3.62382 1.06639 5.10554
v 3.62363 1.0663 5.10412
v 3.62362 1.06601 5.10289
v 3.63644 1.06624 5.09716
v 3.60418 1.06612 5.10679
v 3.64815 1.06614 5.08144
v 3.64992 1.06583 5.076
v 3.5809 1.06627 5.10821
v 3.5818 1.0657 5.1071
v 3.60462 1.06559 5.10588
v 3.55848 1.06584 5.10598
v 3.62386 1.06552 5.10208
v 3.63643 1.06548 5.09546
v 3.63633 1.06596 5.09616
v 3.58301 1.06491 5.1065
v 3.60526 1.06486 5.10536
v 3.56087 1.06497 5.10523
v 3.53931 1.06596 5.10244
v 3.64397 1.06617 5.08902
v 3.64376 1.0659 5.08838
v 3.64739 1.0658 5.08134
v 3.64771 1.06605 5.08136
v 3.64927 1.06582 5.0751
v 3.53185 1.06507 5.09588
v 3.54257 1.06502 5.10165
v 3.54473 1.06389 5.10136
v 3.53401 1.0639 5.0957
v 3.52863 1.06394 5.08848
v 3.6498 1.0659 5.07456
v 3.6509 1.06547 5.07027
v 3.65025 1.06542 5.07115
v 3.65098 1.06544 5.07193
v 3.52489 1.06515 5.08023
v 3.52485 1.06521 5.07144
v 3.52677 1.06403 5.07143
v 3.52681 1.06398 5.08021
v 3.52665 1.06511 5.08854
v 3.52852 1.06263 5.07141
v 3.52863 1.06394 5.08848
v 3.52856 1.06257 5.0802
v 3.53011 1.06094 5.08018
v 3.53007 1.06099 5.07139
v 3.53144 1.05913 5.08017
v 3.5314 1.05918 5.07138
v 3.53189 1.06091 5.08844
v 3.53036 1.06254 5.08846
v 3.53567 1.06252 5.09568
v 3.53401 1.0639 5.0957
v 3.53144 1.05913 5.08017
v 3.5314 1.05918 5.07138
v 3.53248 1.0572 5.07136
v 3.53252 1.05715 5.08015
v 3.5332 1.0591 5.08843
v 3.53011 1.06094 5.08018
v 3.53329 1.0551 5.07135
v 3.53189 1.06091 5.08844
v 3.53333 1.05505 5.08013
v 3.53426 1.05714 5.08841
v 3.53385 1.05287 5.08012
v 3.53382 1.05292 5.07133
v 3.53409 1.05063 5.0801
v 3.53582 1.05065 5.08836
v 3.53405 1.05068 5.07132
v 3.53404 1.04838 5.08009
v 3.53559 1.05288 5.08838
v 3.53577 1.04842 5.08835
v 3.5337 1.04616 5.08008
v 3.54088 1.04863 5.09555
v 3.54093 1.05083 5.09556
v 3.5407 1.05302 5.09558
v 3.5402 1.05516 5.09559
v 3.53507 1.05505 5.08839
v 3.53943 1.05721 5.09561
v 3.5384 1.05914 5.09563
v 3.53714 1.06093 5.09566
v 3.53567 1.06252 5.09568
v 3.53036 1.06254 5.08846
v 3.53409 1.05063 5.0801
v 3.53405 1.05068 5.07132
v 3.534 1.04843 5.0713
v 3.53404 1.04838 5.08009
v 3.53366 1.04621 5.07129
v 3.5337 1.04616 5.08008
v 3.53306 1.044 5.08007
v 3.53302 1.04405 5.07128
v 3.53214 1.04195 5.08006
v 3.5339 1.04202 5.08832
v 3.5321 1.042 5.07127
v 3.53093 1.04007 5.07127
v 3.53097 1.04002 5.08006
v 3.52952 1.03832 5.07127
v 3.5348 1.04406 5.08833
v 3.53543 1.04621 5.08834
v 3.53577 1.04842 5.08835
v 3.54056 1.04645 5.09554
v 3.54088 1.04863 5.09555
v 3.53996 1.04434 5.09554
v 3.53909 1.04233 5.09553
v 3.53799 1.04045 5.09553
v 3.53275 1.04011 5.08832
v 3.53665 1.03874 5.09554
v 3.52956 1.03827 5.08005
v 3.53136 1.03836 5.08832
v 3.52975 1.03682 5.08832
v 3.53511 1.03723 5.09554
v 3.52793 1.03672 5.08005
v 3.52789 1.03677 5.07126
v 3.52787 1.0355 5.08836
v 3.53306 1.03589 5.09571
v 3.52611 1.0354 5.08005
v 3.52608 1.03545 5.07126
v 3.54093 1.05083 5.09556
v 3.5511 1.05123 5.10118
v 3.55089 1.05335 5.10119
v 3.5407 1.05302 5.09558
v 3.55042 1.05542 5.10121
v 3.5402 1.05516 5.09559
v 3.53943 1.05721 5.09561
v 3.54971 1.0574 5.10124
v 3.5384 1.05914 5.09563
v 3.54877 1.05928 5.10126
v 3.54761 1.061 5.10129
v 3.53714 1.06093 5.09566
v 3.54626 1.06255 5.10133
v 3.53567 1.06252 5.09568
v 3.53401 1.0639 5.0957
v 3.54473 1.06389 5.10136
v 3.56258 1.06389 5.10494
v 3.56388 1.06262 5.10488
v 3.52611 1.0354 5.08005
v 3.52608 1.03545 5.07126
v 3.5241 1.03437 5.07127
v 3.52414 1.03432 5.08005
v 3.52787 1.0355 5.08836
v 3.522 1.03356 5.07127
v 3.52567 1.03439 5.08848
v 3.52204 1.03351 5.08006
v 3.53019 1.0347 5.09618
v 3.53306 1.03589 5.09571
v 3.51986 1.03298 5.08007
v 3.51982 1.03303 5.07128
v 3.51762 1.03274 5.08007
v 3.51781 1.0327 5.08853
v 3.51758 1.03279 5.07129
v 3.51533 1.03285 5.0713
v 3.51537 1.0328 5.08008
v 3.51311 1.03319 5.07131
v 3.52049 1.03297 5.08858
v 3.5232 1.03354 5.08858
v 3.52658 1.03373 5.09658
v 3.53482 1.03428 5.10419
v 3.54056 1.03556 5.10226
v 3.52231 1.03305 5.09653
v 3.51315 1.03314 5.0801
v 3.51541 1.03275 5.08852
v 3.51099 1.03378 5.08011
v 3.51095 1.03383 5.07132
v 3.50893 1.03469 5.08012
v 3.51103 1.03373 5.08855
v 3.50897 1.03464 5.08856
v 3.51106 1.03368 5.09629
v 3.51319 1.03309 5.08854
v 3.51322 1.03305 5.09628
v 3.51325 1.03301 5.10298
v 3.51109 1.03365 5.103
v 3.51112 1.03361 5.10831
v 3.51544 1.0327 5.09627
v 3.51829 1.03269 5.09633
v 3.51547 1.03266 5.10297
v 3.52439 1.03314 5.10337
v 3.51883 1.03268 5.10307
v 3.51921 1.03267 5.10834
v 3.5155 1.03263 5.10828
v 3.51936 1.03283 5.11236
v 3.52584 1.03316 5.10854
v 3.51327 1.03298 5.1083
v 3.51554 1.03281 5.11235
v 3.5112 1.03378 5.11238
v 3.50917 1.03467 5.11239
v 3.51334 1.03316 5.11237
v 3.51142 1.03434 5.11535
v 3.50945 1.03516 5.11537
v 3.51349 1.03377 5.11534
v 3.51561 1.0334 5.11533
v 3.51378 1.03501 5.11736
v 3.51183 1.03547 5.11738
v 3.5125 1.03737 5.11859
v 3.50999 1.03616 5.11739
v 3.51087 1.03784 5.1186
v 3.50837 1.03728 5.1174
v 3.50765 1.03631 5.11538
v 3.51575 1.03459 5.11735
v 3.51597 1.0366 5.11857
v 3.51825 1.03633 5.11859
v 3.51923 1.03335 5.11534
v 3.51884 1.03444 5.11738
v 3.52419 1.03481 5.11748
v 3.52579 1.03376 5.1154
v 3.53456 1.0356 5.11773
v 3.52639 1.03331 5.11242
v 3.53791 1.03473 5.11535
v 3.53794 1.03427 5.10898
v 3.53877 1.03437 5.1125
v 3.55862 1.03611 5.1126
v 3.55817 1.03635 5.11506
v 3.58206 1.03818 5.11195
v 3.55807 1.03611 5.10978
v 3.55811 1.03688 5.11689
v 3.55983 1.03774 5.11783
v 3.58353 1.03938 5.11641
v 3.58217 1.03832 5.11394
v 3.58255 1.03871 5.11552
v 3.60601 1.04066 5.11277
v 3.60662 1.04123 5.11353
v 3.60553 1.04033 5.11142
v 3.6256 1.04234 5.10787
v 3.62607 1.04286 5.10846
v 3.63884 1.04387 5.10049
v 3.62517 1.04203 5.10677
v 3.60521 1.04023 5.10977
v 3.63804 1.04307 5.09923
v 3.63845 1.04337 5.10007
v 3.6456 1.04365 5.09054
v 3.64525 1.04356 5.08961
v 3.64596 1.04394 5.09127
v 3.64952 1.04423 5.08338
v 3.64929 1.04398 5.08243
v 3.63768 1.04298 5.09815
v 3.62483 1.04194 5.10539
v 3.62462 1.04206 5.10397
v 3.6051 1.04036 5.10808
v 3.6246 1.04239 5.10275
v 3.6374 1.04309 5.09702
v 3.58189 1.03828 5.10985
v 3.64906 1.04389 5.0813
v 3.65081 1.04426 5.07587
v 3.60522 1.04073 5.10664
v 3.55794 1.03646 5.10729
v 3.58204 1.03866 5.10805
v 3.55966 1.03725 5.10581
v 3.58288 1.03932 5.10694
v 3.58402 1.04023 5.10635
v 3.56196 1.03833 5.10507
v 3.60562 1.04131 5.10573
v 3.54373 1.03677 5.10148
v 3.5458 1.03808 5.10121
v 3.53511 1.03723 5.09554
v 3.62479 1.04293 5.10194
v 3.63732 1.04391 5.09533
v 3.63726 1.0434 5.09602
v 3.6449 1.04366 5.08889
v 3.64467 1.04395 5.08825
v 3.64828 1.04423 5.08121
v 3.64862 1.04398 5.08123
v 3.65015 1.04425 5.07497
v 3.6507 1.04419 5.07443
v 3.65175 1.04465 5.07014
v 3.65183 1.04469 5.0718
v 3.6511 1.04468 5.07103
v 3.65236 1.04529 5.06783
v 3.65163 1.04529 5.06886
v 3.50917 1.03467 5.11239
v 3.50765 1.03631 5.11538
v 3.50945 1.03516 5.11537
v 3.50728 1.03584 5.11241
v 3.50688 1.03863 5.11742
v 3.50837 1.03728 5.1174
v 3.506 1.0377 5.1154
v 3.50319 1.04092 5.11543
v 3.50221 1.04282 5.11544
v 3.50332 1.0433 5.11746
v 3.50416 1.04152 5.11744
v 3.50828 1.0636 5.11554
v 3.5089 1.06262 5.11755
v 3.50738 1.06137 5.11754
v 3.50658 1.0623 5.11554
v 3.506 1.05991 5.11754
v 3.50505 1.06079 5.11553
v 3.50366 1.05914 5.11553
v 3.50465 1.05842 5.11754
v 3.50251 1.05734 5.11553
v 3.50353 1.0568 5.11754
v 3.50284 1.05496 5.11753
v 3.50523 1.05591 5.11873
v 3.50169 1.05537 5.11552
v 3.50239 1.053 5.11752
v 3.50112 1.05329 5.11551
v 3.50075 1.05118 5.1155
v 3.50196 1.05104 5.11751
v 3.50398 1.05082 5.11871
v 3.50065 1.04904 5.11549
v 3.50371 1.04915 5.1187
v 3.5018 1.04908 5.1175
v 3.50213 1.04714 5.11749
v 3.50828 1.0636 5.11554
v 3.51067 1.06346 5.11754
v 3.5089 1.06262 5.11755
v 3.51017 1.06458 5.11553
v 3.51259 1.06408 5.11754
v 3.5122 1.06532 5.11553
v 3.55871 1.06514 5.11799
v 3.53334 1.0652 5.1179
v 3.55691 1.06588 5.11706
v 3.53895 1.06418 5.11862
v 3.58371 1.06465 5.11693
v 3.55871 1.06514 5.11799
v 3.58245 1.06546 5.11656
v 3.56104 1.06423 5.11834
v 3.53895 1.06418 5.11862
v 3.56263 1.06314 5.11842
v 3.542 1.06328 5.11889
v 3.54386 1.06214 5.11895
v 3.54512 1.06086 5.11892
v 3.53029 1.06159 5.11924
v 3.53183 1.06049 5.11927
v 3.52777 1.06221 5.11909
v 3.53334 1.0652 5.1179
v 3.52555 1.05994 5.11937
v 3.52448 1.06259 5.11893
v 3.52255 1.05956 5.11939
v 3.52064 1.063 5.11881
v 3.52294 1.06514 5.11766
v 3.51714 1.06312 5.11875
v 3.52472 1.05852 5.11942
v 3.53297 1.05923 5.11925
v 3.52069 1.05656 5.11948
v 3.51833 1.0603 5.11933
v 3.51688 1.06125 5.11917
v 3.52041 1.05949 5.11935
v 3.51846 1.05581 5.11948
v 3.51709 1.0497 5.11945
v 3.51677 1.05744 5.1195
v 3.52133 1.0543 5.11946
v 3.51489 1.06267 5.11873
v 3.51451 1.06466 5.11753
v 3.51259 1.06408 5.11754
v 3.51559 1.06017 5.11932
v 3.51323 1.06203 5.11873
v 3.51522 1.05567 5.11949
v 3.52562 1.05704 5.11941
v 3.52717 1.05624 5.1194
v 3.5115 1.06161 5.11874
v 3.51067 1.06346 5.11754
v 3.51411 1.05921 5.11932
v 3.51236 1.05915 5.11933
v 3.50992 1.06101 5.11874
v 3.5089 1.06262 5.11755
v 3.50738 1.06137 5.11754
v 3.51294 1.05624 5.11951
v 3.51091 1.05945 5.11918
v 3.5087 1.05983 5.11874
v 3.506 1.05991 5.11754
v 3.51056 1.05801 5.11933
v 3.51248 1.05394 5.1195
v 3.50758 1.05845 5.11874
v 3.51022 1.05329 5.1195
v 3.51098 1.05107 5.11949
v 3.50934 1.04938 5.11948
v 3.50976 1.05645 5.11932
v 3.50826 1.05552 5.11932
v 3.5063 1.05722 5.11874
v 3.50465 1.05842 5.11754
v 3.50686 1.05505 5.11917
v 3.50523 1.05591 5.11873
v 3.50353 1.0568 5.11754
v 3.50727 1.05363 5.11932
v 3.50476 1.05428 5.11873
v 3.50284 1.05496 5.11753
v 3.50239 1.053 5.11752
v 3.50448 1.05253 5.11872
v 3.50398 1.05082 5.11871
v 3.50736 1.05188 5.11931
v 3.50653 1.05033 5.1193
v 3.50556 1.04922 5.11914
v 3.50371 1.04915 5.1187
v 3.50412 1.04751 5.11869
v 3.50213 1.04714 5.11749
v 3.50271 1.04521 5.11747
v 3.50662 1.0482 5.11929
v 3.50476 1.04585 5.11868
v 3.51111 1.04783 5.11947
v 3.50518 1.04412 5.11867
v 3.50332 1.0433 5.11746
v 3.50758 1.04672 5.11928
v 3.50763 1.04497 5.11926
v 3.50578 1.04254 5.11865
v 3.50416 1.04152 5.11744
v 3.50541 1.04001 5.11743
v 3.51054 1.04555 5.11946
v 3.50734 1.04352 5.1191
v 3.50695 1.04132 5.11864
v 3.50688 1.03863 5.11742
v 3.50877 1.04316 5.11925
v 3.50834 1.0402 5.11863
v 3.50957 1.03891 5.11862
v 3.51285 1.04509 5.11944
v 3.51034 1.04236 5.11924
v 3.51126 1.04087 5.11922
v 3.51173 1.03947 5.11906
v 3.51087 1.03784 5.1186
v 3.5125 1.03737 5.11859
v 3.51349 1.04283 5.11943
v 3.51315 1.03988 5.11921
v 3.51426 1.0371 5.11858
v 3.51572 1.04358 5.11942
v 3.51491 1.03997 5.1192
v 3.51646 1.03914 5.11919
v 3.51597 1.0366 5.11857
v 3.51741 1.04195 5.11941
v 3.51896 1.04372 5.11941
v 3.52124 1.04315 5.1194
v 3.51783 1.03817 5.11903
v 3.51825 1.03633 5.11859
v 3.5192 1.03923 5.11921
v 3.52172 1.03674 5.11866
v 3.52419 1.03481 5.11748
v 3.52552 1.03746 5.11878
v 3.53456 1.0356 5.11773
v 3.52121 1.0402 5.11924
v 3.52334 1.04032 5.11927
v 3.52876 1.03811 5.11895
v 3.54007 1.03707 5.11846
v 3.52636 1.04019 5.11925
v 3.53122 1.03893 5.1191
v 3.52542 1.04153 5.11932
v 3.53267 1.04015 5.11915
v 3.5217 1.04545 5.11941
v 3.54303 1.03821 5.11874
v 3.54479 1.0395 5.11882
v 3.54595 1.04088 5.1188
v 3.56208 1.03884 5.11819
v 3.55983 1.03774 5.11783
v 3.5337 1.0415 5.11914
v 3.56359 1.04006 5.11828
v 3.58472 1.04028 5.11679
v 3.58353 1.03938 5.11641
v 3.5262 1.04308 5.11933
v 3.52767 1.044 5.11932
v 3.53491 1.04269 5.11914
v 3.52396 1.0461 5.1194
v 3.53041 1.04455 5.11927
v 3.58575 1.04137 5.11687
v 3.56468 1.0414 5.11825
v 3.54711 1.04227 5.11878
v 3.53592 1.04396 5.11913
v 3.56568 1.04285 5.11821
v 3.52863 1.04586 5.11933
v 3.5232 1.04832 5.11942
v 3.53634 1.04554 5.11913
v 3.54807 1.04378 5.11877
v 3.54863 1.04551 5.11877
v 3.549 1.04735 5.11877
v 3.56651 1.04443 5.11819
v 3.5881 1.04559 5.1167
v 3.56708 1.04618 5.11817
v 3.53658 1.04725 5.11914
v 3.52854 1.04761 5.11934
v 3.52936 1.04915 5.11934
v 3.58745 1.04404 5.11675
v 3.53706 1.04891 5.11914
v 3.52484 1.05001 5.11942
v 3.58666 1.04263 5.1168
v 3.60866 1.04416 5.11379
v 3.60922 1.04548 5.1137
v 3.608 1.043 5.11389
v 3.53167 1.0503 5.11929
v 3.62745 1.04557 5.10852
v 3.62782 1.04679 5.1084
v 3.62702 1.04449 5.10866
v 3.6073 1.04201 5.11385
v 3.60662 1.04123 5.11353
v 3.62655 1.04359 5.10868
v 3.62607 1.04286 5.10846
v 3.6392 1.04455 5.10059
v 3.60969 1.04693 5.11363
v 3.62812 1.04813 5.1083
v 3.62834 1.04958 5.10823
v 3.61004 1.04849 5.11358
v 3.62848 1.0511 5.10817
v 3.58858 1.04726 5.11667
v 3.61028 1.05013 5.11354
v 3.61039 1.05182 5.11352
v 3.56746 1.04802 5.11816
v 3.58891 1.04902 5.11665
v 3.5891 1.05084 5.11664
v 3.58912 1.05267 5.11664
v 3.56773 1.0499 5.11816
v 3.54937 1.0492 5.11877
v 3.61038 1.05354 5.11353
v 3.62854 1.05267 5.10815
v 3.62851 1.05427 5.10814
v 3.62841 1.05587 5.10817
v 3.61025 1.05525 5.11355
v 3.5678 1.05179 5.11817
v 3.53732 1.05053 5.11915
v 3.62822 1.05743 5.10821
v 3.64036 1.05626 5.09985
v 3.54951 1.05103 5.11878
v 3.54922 1.05285 5.11879
v 3.56758 1.05367 5.11818
v 3.54869 1.05466 5.11881
v 3.53692 1.05212 5.11916
v 3.58895 1.0545 5.11666
v 3.52927 1.05125 5.11935
v 3.60999 1.05693 5.11358
v 3.56716 1.05552 5.11821
v 3.53631 1.05374 5.11918
v 3.52307 1.05156 5.11944
v 3.58861 1.05629 5.11669
v 3.58814 1.05801 5.11673
v 3.60962 1.05855 5.11364
v 3.58752 1.05964 5.11678
v 3.56662 1.05733 5.11824
v 3.62795 1.05893 5.10828
v 3.64001 1.05919 5.09999
v 3.60914 1.06007 5.11371
v 3.62761 1.06035 5.10838
v 3.62721 1.06167 5.10849
v 3.60856 1.06148 5.1138
v 3.62674 1.06286 5.10862
v 3.54818 1.05647 5.11883
v 3.56591 1.05902 5.11828
v 3.53593 1.05542 5.11919
v 3.58674 1.06113 5.11685
v 3.60789 1.06275 5.1139
v 3.56495 1.06053 5.11832
v 3.60714 1.06385 5.11401
v 3.62622 1.06389 5.10877
v 3.60636 1.06477 5.11399
v 3.62568 1.06476 5.10881
v 3.62513 1.06545 5.1086
v 3.63836 1.06477 5.10071
v 3.63795 1.06543 5.10061
v 3.60562 1.06551 5.11367
v 3.58484 1.06365 5.117
v 3.58584 1.06247 5.11692
v 3.56383 1.06189 5.11837
v 3.54639 1.05957 5.11889
v 3.53428 1.05814 5.11923
v 3.54747 1.05814 5.11886
v 3.53538 1.05697 5.11921
v 3.52994 1.05592 5.11934
v 3.52364 1.05385 5.11945
v 3.52828 1.05446 5.11938
v 3.52832 1.05272 5.11937
v 3.58301 1.06491 5.1065
v 3.56087 1.06497 5.10523
v 3.56258 1.06389 5.10494
v 3.58413 1.06391 5.10625
v 3.56388 1.06262 5.10488
v 3.606 1.06394 5.1051
v 3.60526 1.06486 5.10536
v 3.58516 1.06273 5.10617
v 3.60675 1.06284 5.10499
v 3.58608 1.06136 5.10609
v 3.56503 1.06116 5.10483
v 3.58686 1.05984 5.10603
v 3.54626 1.06255 5.10133
v 3.54761 1.061 5.10129
v 3.56602 1.05953 5.10479
v 3.54877 1.05928 5.10126
v 3.54971 1.0574 5.10124
v 3.56683 1.05776 5.10475
v 3.55042 1.05542 5.10121
v 3.60743 1.06157 5.10489
v 3.62529 1.06294 5.10117
v 3.60801 1.06016 5.1048
v 3.62575 1.06175 5.10104
v 3.62477 1.06397 5.10132
v 3.58751 1.0582 5.10598
v 3.56744 1.05588 5.10472
v 3.60849 1.05864 5.10473
v 3.56784 1.05392 5.1047
v 3.55089 1.05335 5.10119
v 3.56803 1.05193 5.10468
v 3.58849 1.05278 5.10589
v 3.5511 1.05123 5.10118
v 3.58833 1.05463 5.1059
v 3.588 1.05645 5.10593
v 3.60886 1.05703 5.10467
v 3.62677 1.05751 5.10076
v 3.60911 1.05535 5.10464
v 3.6265 1.05901 5.10083
v 3.55106 1.0491 5.10117
v 3.54093 1.05083 5.09556
v 3.54088 1.04863 5.09555
v 3.55077 1.047 5.10116
v 3.54056 1.04645 5.09554
v 3.53996 1.04434 5.09554
v 3.56801 1.04992 5.10467
v 3.62616 1.06044 5.10093
v 3.63803 1.0606 5.09422
v 3.63828 1.05924 5.0941
v 3.63773 1.06186 5.09436
v 3.6374 1.063 5.09453
v 3.63703 1.06399 5.09472
v 3.63848 1.0578 5.09402
v 3.63862 1.05631 5.09396
v 3.62695 1.05595 5.10072
v 3.63669 1.06482 5.09501
v 3.60924 1.05363 5.10462
v 3.62706 1.05435 5.10069
v 3.62708 1.05276 5.1007
v 3.60925 1.05192 5.10462
v 3.62703 1.05118 5.10072
v 3.62427 1.06483 5.10159
v 3.62386 1.06552 5.10208
v 3.63643 1.06548 5.09546
v 3.60462 1.06559 5.10588
v 3.58848 1.05091 5.10588
v 3.60914 1.05022 5.10463
v 3.56777 1.04794 5.10467
v 3.5883 1.04908 5.10589
v 3.58796 1.04729 5.10591
v 3.56731 1.04601 5.10468
v 3.58745 1.0456 5.10594
v 3.6089 1.04858 5.10467
v 3.55022 1.04496 5.10116
v 3.53909 1.04233 5.09553
v 3.56665 1.04418 5.1047
v 3.54944 1.04301 5.10117
v 3.54843 1.0412 5.10118
v 3.53799 1.04045 5.09553
v 3.54721 1.03954 5.10119
v 3.53665 1.03874 5.09554
v 3.53511 1.03723 5.09554
v 3.5458 1.03808 5.10121
v 3.5658 1.04247 5.10472
v 3.56358 1.03955 5.10479
v 3.56196 1.03833 5.10507
v 3.58402 1.04023 5.10635
v 3.56477 1.04092 5.10475
v 3.58507 1.04132 5.10611
v 3.58679 1.04402 5.10599
v 3.60686 1.04309 5.10498
v 3.6062 1.04211 5.10522
v 3.58599 1.04258 5.10605
v 3.60752 1.04425 5.10488
v 3.626 1.04565 5.10107
v 3.60808 1.04557 5.10479
v 3.60855 1.04702 5.10472
v 3.62557 1.04457 5.10121
v 3.62637 1.04687 5.10095
v 3.62688 1.04966 5.10078
v 3.62666 1.04821 5.10085
v 3.63851 1.04893 5.09415
v 3.63832 1.04765 5.09428
v 3.63865 1.05031 5.09405
v 3.63873 1.05176 5.09398
v 3.63875 1.05326 5.09394
v 3.63808 1.04649 5.09444
v 3.63779 1.04547 5.09461
v 3.63752 1.0446 5.09489
v 3.62514 1.04366 5.10147
v 3.62479 1.04293 5.10194
v 3.63732 1.04391 5.09533
v 3.60562 1.04131 5.10573
v 3.56087 1.06497 5.10523
v 3.54473 1.06389 5.10136
v 3.56258 1.06389 5.10494
v 3.54257 1.06502 5.10165
v 3.53931 1.06596 5.10244
v 3.55848 1.06584 5.10598
v 3.64468 1.04442 5.08755
v 3.63732 1.04391 5.09533
v 3.63726 1.0434 5.09602
v 3.64484 1.04508 5.08695
v 3.63752 1.0446 5.09489
v 3.63779 1.04547 5.09461
v 3.64504 1.04592 5.08659
v 3.63808 1.04649 5.09444
v 3.64835 1.04465 5.08025
v 3.64828 1.04423 5.08121
v 3.64467 1.04395 5.08825
v 3.64524 1.04691 5.08637
v 3.64541 1.04804 5.08618
v 3.63832 1.04765 5.09428
v 3.64554 1.04929 5.08602
v 3.63851 1.04893 5.09415
v 3.63865 1.05031 5.09405
v 3.64897 1.04706 5.07828
v 3.6488 1.04607 5.07854
v 3.65075 1.04707 5.07157
v 3.6491 1.04818 5.07806
v 3.6486 1.04526 5.07911
v 3.64563 1.05063 5.0859
v 3.63873 1.05176 5.09398
v 3.6506 1.04609 5.07185
v 3.64921 1.04942 5.07787
v 3.64927 1.05075 5.07773
v 3.65087 1.04819 5.07132
v 3.64995 1.0447 5.07441
v 3.65035 1.04528 5.07264
v 3.65163 1.04529 5.06886
v 3.64949 1.04438 5.07665
v 3.64862 1.04398 5.08123
v 3.6449 1.04366 5.08889
v 3.6511 1.04468 5.07103
v 3.65015 1.04425 5.07497
v 3.65192 1.0461 5.06792
v 3.65236 1.04529 5.06783
v 3.65267 1.04612 5.06683
v 3.65206 1.04708 5.06762
v 3.65281 1.0471 5.06652
v 3.65292 1.04822 5.06625
v 3.65217 1.04821 5.06735
v 3.65301 1.04946 5.06603
v 3.65226 1.04944 5.06713
v 3.65096 1.04943 5.07111
v 3.65102 1.05076 5.07094
v 3.65105 1.05216 5.07083
v 3.65231 1.05078 5.06696
v 3.65306 1.05079 5.06585
v 3.65233 1.05218 5.06683
v 3.65308 1.05219 5.06572
v 3.65307 1.05365 5.06565
v 3.65232 1.05363 5.06676
v 3.65302 1.05512 5.06563
v 3.6493 1.05215 5.07762
v 3.64568 1.05205 5.08581
v 3.64568 1.05351 5.08576
v 3.63875 1.05326 5.09394
v 3.64564 1.055 5.08575
v 3.6493 1.0536 5.07756
v 3.65103 1.05362 5.07076
v 3.65228 1.05511 5.06675
v 3.64925 1.05508 5.07755
v 3.6522 1.05658 5.06678
v 3.65294 1.0566 5.06567
v 3.65099 1.05509 5.07074
v 3.65091 1.05657 5.07078
v 3.6508 1.05802 5.07086
v 3.65209 1.05803 5.06687
v 3.65284 1.05805 5.06576
v 3.64918 1.05656 5.07758
v 3.65196 1.05943 5.06701
v 3.6527 1.05944 5.0659
v 3.65254 1.06076 5.0661
v 3.65179 1.06075 5.0672
v 3.65066 1.05941 5.071
v 3.65161 1.06197 5.06744
v 3.65236 1.06199 5.06634
v 3.6514 1.06308 5.06771
v 3.65009 1.06306 5.07166
v 3.65215 1.06309 5.06662
v 3.65193 1.06405 5.06694
v 3.65118 1.06404 5.06803
v 3.65156 1.06485 5.06794
v 3.6503 1.06195 5.0714
v 3.65083 1.06483 5.06898
v 3.65025 1.06542 5.07115
v 3.6505 1.06073 5.07118
v 3.64874 1.06072 5.07794
v 3.64854 1.06194 5.07814
v 3.64507 1.06069 5.08609
v 3.64892 1.0594 5.07778
v 3.64906 1.058 5.07766
v 3.64986 1.06402 5.07196
v 3.64909 1.06537 5.07454
v 3.64862 1.06568 5.07678
v 3.64527 1.05936 5.08595
v 3.64556 1.05649 5.08578
v 3.64955 1.06481 5.07276
v 3.64749 1.06539 5.08037
v 3.64739 1.0658 5.08134
v 3.64779 1.0648 5.07922
v 3.64402 1.06481 5.08707
v 3.64381 1.06545 5.08768
v 3.64376 1.0659 5.08838
v 3.63643 1.06548 5.09546
v 3.63669 1.06482 5.09501
v 3.63703 1.06399 5.09472
v 3.64807 1.06401 5.07865
v 3.64429 1.064 5.0867
v 3.6374 1.063 5.09453
v 3.64831 1.06305 5.07838
v 3.64458 1.06303 5.08647
v 3.64484 1.06192 5.08627
v 3.63773 1.06186 5.09436
v 3.63803 1.0606 5.09422
v 3.63828 1.05924 5.0941
v 3.63848 1.0578 5.09402
v 3.64543 1.05795 5.08584
v 3.63862 1.05631 5.09396
v 3.63872 1.05479 5.09394
v 3.62695 1.05595 5.10072
v 3.62706 1.05435 5.10069
v 3.62708 1.05276 5.1007
v 3.62703 1.05118 5.10072
v 3.6392 1.04455 5.10059
v 3.62655 1.04359 5.10868
v 3.62702 1.04449 5.10866
v 3.63952 1.04542 5.1005
v 3.64667 1.04507 5.09115
v 3.62745 1.04557 5.10852
v 3.63884 1.04387 5.10049
v 3.62607 1.04286 5.10846
v 3.64633 1.04441 5.09137
v 3.63845 1.04337 5.10007
v 3.64596 1.04394 5.09127
v 3.64995 1.04466 5.08289
v 3.64952 1.04423 5.08338
v 3.65059 1.04439 5.07823
v 3.65126 1.04472 5.07604
v 3.65183 1.04469 5.0718
v 3.65246 1.04531 5.06961
v 3.65039 1.04527 5.08193
v 3.65183 1.04531 5.07429
v 3.65213 1.04612 5.0735
v 3.65066 1.04609 5.08142
v 3.65228 1.0471 5.07321
v 3.65277 1.04612 5.06866
v 3.65236 1.04529 5.06783
v 3.65267 1.04612 5.06683
v 3.65292 1.04711 5.06836
v 3.65281 1.0471 5.06652
v 3.65292 1.04822 5.06625
v 3.65303 1.04823 5.0681
v 3.65301 1.04946 5.06603
v 3.64693 1.0459 5.09092
v 3.65082 1.04707 5.08116
v 3.63981 1.04643 5.10032
v 3.64713 1.04689 5.0907
v 3.64005 1.0476 5.10017
v 3.62782 1.04679 5.1084
v 3.6473 1.04803 5.09051
v 3.64743 1.04927 5.09035
v 3.64024 1.04888 5.10004
v 3.62812 1.04813 5.1083
v 3.62834 1.04958 5.10823
v 3.65096 1.04819 5.08094
v 3.64038 1.05026 5.09994
v 3.62848 1.0511 5.10817
v 3.65241 1.04822 5.07296
v 3.65106 1.04943 5.08075
v 3.65312 1.04947 5.06788
v 3.6525 1.04946 5.07276
v 3.65317 1.0508 5.0677
v 3.65306 1.05079 5.06585
v 3.65256 1.05079 5.07259
v 3.65258 1.05219 5.07248
v 3.65319 1.0522 5.06758
v 3.65308 1.05219 5.06572
v 3.65307 1.05365 5.06565
v 3.65113 1.05076 5.08061
v 3.65318 1.05365 5.06751
v 3.65302 1.05512 5.06563
v 3.64752 1.05062 5.09023
v 3.65116 1.05217 5.0805
v 3.64046 1.05171 5.09987
v 3.64757 1.05203 5.09014
v 3.64048 1.05321 5.09983
v 3.62854 1.05267 5.10815
v 3.64757 1.0535 5.09009
v 3.64753 1.05499 5.09008
v 3.64045 1.05473 5.09982
v 3.62851 1.05427 5.10814
v 3.62841 1.05587 5.10817
v 3.64036 1.05626 5.09985
v 3.65115 1.05362 5.08044
v 3.65257 1.05365 5.07241
v 3.65111 1.0551 5.08043
v 3.65313 1.05513 5.06749
v 3.65253 1.05512 5.07239
v 3.65306 1.05661 5.06752
v 3.65294 1.0566 5.06567
v 3.65245 1.0566 5.07243
v 3.65234 1.05805 5.07251
v 3.65295 1.05805 5.06761
v 3.65284 1.05805 5.06576
v 3.6527 1.05944 5.0659
v 3.65103 1.05657 5.08046
v 3.65281 1.05945 5.06775
v 3.65254 1.06076 5.0661
v 3.64745 1.05647 5.09011
v 3.65092 1.05802 5.08054
v 3.64021 1.05775 5.0999
v 3.62822 1.05743 5.10821
v 3.64001 1.05919 5.09999
v 3.64733 1.05793 5.09017
v 3.64716 1.05934 5.09028
v 3.64696 1.06067 5.09042
v 3.65077 1.05942 5.08066
v 3.6522 1.05944 5.07264
v 3.63976 1.06055 5.10011
v 3.62795 1.05893 5.10828
v 3.62761 1.06035 5.10838
v 3.62721 1.06167 5.10849
v 3.63947 1.06181 5.10025
v 3.62674 1.06286 5.10862
v 3.65265 1.06077 5.06794
v 3.65059 1.06074 5.08082
v 3.65247 1.06199 5.06818
v 3.65236 1.06199 5.06634
v 3.65203 1.06076 5.07282
v 3.65184 1.06199 5.07305
v 3.65163 1.06309 5.07331
v 3.65226 1.0631 5.06846
v 3.65215 1.06309 5.06662
v 3.65193 1.06405 5.06694
v 3.65039 1.06196 5.08102
v 3.65203 1.06406 5.06877
v 3.65156 1.06485 5.06794
v 3.64673 1.0619 5.09059
v 3.65017 1.06306 5.08126
v 3.63913 1.06295 5.10042
v 3.64647 1.06301 5.0908
v 3.63876 1.06394 5.10061
v 3.62622 1.06389 5.10877
v 3.64618 1.06398 5.09103
v 3.64586 1.06479 5.09127
v 3.63836 1.06477 5.10071
v 3.62568 1.06476 5.10881
v 3.63795 1.06543 5.10061
v 3.64546 1.06543 5.0915
v 3.64992 1.06403 5.08153
v 3.65139 1.06405 5.07361
v 3.64959 1.06482 5.08204
v 3.65165 1.06485 5.06973
v 3.64909 1.0654 5.08302
v 3.65103 1.06483 5.0744
v 3.65041 1.06539 5.07617
v 3.65098 1.06544 5.07193
v 3.6509 1.06547 5.07027
v 3.64971 1.06569 5.07835
v 3.64992 1.06583 5.076
v 3.64863 1.06581 5.08351
v 3.64506 1.06589 5.0914
v 3.63752 1.06592 5.1002
v 3.64838 1.06606 5.08257
v 3.64971 1.06569 5.07835
v 3.64863 1.06581 5.08351
v 3.64992 1.06583 5.076
v 3.51087 1.03784 5.1186
v 3.50999 1.03616 5.11739
v 3.50837 1.03728 5.1174
v 3.50957 1.03891 5.11862
v 3.50688 1.03863 5.11742
v 3.5125 1.03737 5.11859
v 3.51183 1.03547 5.11738
v 3.51426 1.0371 5.11858
v 3.51378 1.03501 5.11736
v 3.51597 1.0366 5.11857
v 3.51714 1.06312 5.11875
v 3.51758 1.06506 5.11756
v 3.52294 1.06514 5.11766
v 3.51451 1.06466 5.11753
v 3.64381 1.06545 5.08768
v 3.64376 1.0659 5.08838
v 3.63633 1.06596 5.09616
v 3.63643 1.06548 5.09546
v 3.50966 1.03038 5.06729
v 3.51228 1.0296 5.06727
v 3.51207 1.02866 5.06691
v 3.51498 1.02918 5.06726
v 3.50933 1.02947 5.06692
v 3.51164 1.02678 5.06674
v 3.50716 1.03149 5.06731
v 3.51489 1.02822 5.06689
v 3.51771 1.02912 5.06724
v 3.50671 1.03063 5.06694
v 3.50866 1.02766 5.06676
v 3.50427 1.03212 5.06696
v 3.50483 1.03291 5.06732
v 3.50204 1.03391 5.06698
v 3.50073 1.03249 5.06682
v 3.5027 1.03462 5.06734
v 3.50081 1.0366 5.06736
v 3.50007 1.03599 5.067
v 3.49921 1.03881 5.06738
v 3.50316 1.03054 5.0668
v 3.50582 1.02893 5.06678
v 3.50432 1.02608 5.06667
v 3.50755 1.02464 5.06665
v 3.50252 1.02264 5.06635
v 3.5013 1.02791 5.0667
v 3.49839 1.0383 5.06702
v 3.49859 1.03475 5.06684
v 3.49702 1.04081 5.06704
v 3.49789 1.04121 5.0674
v 3.49598 1.04347 5.06707
v 3.49414 1.0429 5.06691
v 3.49691 1.04376 5.06742
v 3.49627 1.04642 5.06744
v 3.49531 1.04625 5.06708
v 3.49598 1.04914 5.06746
v 3.49526 1.04 5.06689
v 3.49676 1.03727 5.06687
v 3.49404 1.03555 5.06677
v 3.49612 1.03269 5.06675
v 3.49076 1.03347 5.06647
v 3.49234 1.03865 5.0668
v 3.49855 1.03013 5.06672
v 3.49314 1.0302 5.06644
v 3.49907 1.02474 5.06638
v 3.49592 1.02727 5.06641
v 3.49325 1.02438 5.0656
v 3.49011 1.02768 5.06563
v 3.4968 1.02153 5.06557
v 3.49096 1.02192 5.06402
v 3.48752 1.02554 5.06406
v 3.49486 1.01879 5.06398
v 3.48743 1.03137 5.06567
v 3.48458 1.02958 5.06409
v 3.48219 1.03396 5.06413
v 3.50069 1.01916 5.06554
v 3.49912 1.01619 5.06395
v 3.50369 1.01416 5.06392
v 3.48524 1.03537 5.0657
v 3.48038 1.03862 5.06416
v 3.50486 1.01731 5.06551
v 3.50848 1.01274 5.06389
v 3.48882 1.03701 5.0665
v 3.4836 1.03961 5.06573
v 3.50621 1.021 5.06633
v 3.50922 1.01602 5.06548
v 3.49107 1.04194 5.06683
v 3.51094 1.02364 5.06663
v 3.48253 1.04404 5.06576
v 3.47921 1.04347 5.0642
v 3.48736 1.04078 5.06652
v 3.48641 1.04471 5.06655
v 3.48599 1.04873 5.06658
v 3.48205 1.04857 5.06579
v 3.47869 1.04844 5.06423
v 3.4788 1.05344 5.06426
v 3.49024 1.04537 5.06685
v 3.48216 1.05313 5.06582
v 3.47957 1.05837 5.06428
v 3.49341 1.04592 5.06693
v 3.48987 1.04889 5.06687
v 3.49501 1.0491 5.0671
v 3.49308 1.04902 5.06695
v 3.49508 1.05196 5.06712
v 3.49604 1.05187 5.06747
v 3.49316 1.05213 5.06697
v 3.49363 1.05521 5.06699
v 3.49552 1.05478 5.06713
v 3.49646 1.05457 5.06749
v 3.49724 1.05719 5.0675
v 3.48995 1.05242 5.06689
v 3.49633 1.05753 5.06714
v 3.49835 1.05969 5.06751
v 3.48608 1.05277 5.0666
v 3.49049 1.05591 5.06691
v 3.48286 1.05763 5.06584
v 3.4867 1.05676 5.06662
v 3.48415 1.062 5.06586
v 3.48098 1.06316 5.0643
v 3.48784 1.06064 5.06664
v 3.48949 1.06433 5.06665
v 3.486 1.06616 5.06587
v 3.48301 1.06773 5.06432
v 3.48561 1.072 5.06433
v 3.49149 1.0593 5.06692
v 3.48837 1.07005 5.06589
v 3.48874 1.07589 5.06434
v 3.49452 1.05819 5.067
v 3.49293 1.06253 5.06694
v 3.49749 1.06014 5.06715
v 3.49578 1.06104 5.06701
v 3.49898 1.06258 5.06716
v 3.49977 1.06202 5.06752
v 3.4974 1.06369 5.06702
v 3.49935 1.06612 5.06702
v 3.50077 1.06481 5.06717
v 3.50148 1.06415 5.06752
v 3.50346 1.06604 5.06752
v 3.49477 1.06555 5.06694
v 3.50284 1.06678 5.06717
v 3.50567 1.06765 5.06752
v 3.49159 1.06779 5.06666
v 3.49698 1.0683 5.06695
v 3.49122 1.0736 5.06589
v 3.49412 1.07093 5.06667
v 3.49452 1.07674 5.0659
v 3.49236 1.07933 5.06435
v 3.49705 1.07372 5.06667
v 3.50032 1.0761 5.06667
v 3.49821 1.07942 5.0659
v 3.4964 1.08227 5.06434
v 3.50079 1.08467 5.06434
v 3.49954 1.07073 5.06695
v 3.50221 1.08161 5.06589
v 3.50544 1.08647 5.06433
v 3.5016 1.06826 5.06702
v 3.5024 1.07281 5.06695
v 3.50515 1.06846 5.06717
v 3.50412 1.07009 5.06702
v 3.50766 1.06983 5.06717
v 3.50807 1.06896 5.06752
v 3.50685 1.07159 5.06702
v 3.50975 1.07271 5.06701
v 3.51033 1.07087 5.06716
v 3.51062 1.06994 5.06751
v 3.51328 1.07058 5.0675
v 3.5055 1.07451 5.06695
v 3.51311 1.07154 5.06715
v 3.516 1.07087 5.06749
v 3.50386 1.07803 5.06667
v 3.50879 1.07578 5.06694
v 3.50645 1.08325 5.06588
v 3.50763 1.07949 5.06666
v 3.51088 1.08432 5.06587
v 3.5103 1.08764 5.06431
v 3.51156 1.08044 5.06665
v 3.51558 1.08087 5.06663
v 3.51541 1.0848 5.06585
v 3.51527 1.08817 5.06429
v 3.52026 1.08805 5.06427
v 3.51223 1.07661 5.06693
v 3.51997 1.08469 5.06583
v 3.5252 1.08729 5.06424
v 3.51278 1.07344 5.067
v 3.51574 1.07698 5.06692
v 3.51595 1.07184 5.06714
v 3.51587 1.07377 5.06699
v 3.51881 1.07177 5.06713
v 3.51873 1.07081 5.06748
v 3.51899 1.0737 5.06698
v 3.52206 1.07322 5.06696
v 3.52164 1.07133 5.06711
v 3.52143 1.07039 5.06747
v 3.52405 1.06962 5.06745
v 3.51927 1.0769 5.0669
v 3.52438 1.07052 5.06709
v 3.52655 1.06851 5.06743
v 3.51962 1.08077 5.06661
v 3.52276 1.07636 5.06688
v 3.52447 1.084 5.0658
v 3.52361 1.08015 5.06659
v 3.52884 1.08271 5.06578
v 3.52999 1.08587 5.06421
v 3.52749 1.07901 5.06657
v 3.53118 1.07737 5.06654
v 3.533 1.08086 5.06575
v 3.53456 1.08384 5.06418
v 3.53882 1.08124 5.06415
v 3.52615 1.07536 5.06686
v 3.5369 1.07849 5.06572
v 3.54272 1.07811 5.06411
v 3.52504 1.07234 5.06694
v 3.52938 1.07392 5.06684
v 3.52699 1.06936 5.06708
v 3.52789 1.07107 5.06692
v 3.52944 1.06788 5.06706
v 3.52888 1.06708 5.06741
v 3.53055 1.06945 5.0669
v 3.53297 1.0675 5.06688
v 3.53167 1.06608 5.06704
v 3.53101 1.06537 5.06739
v 3.5329 1.06339 5.06737
v 3.5324 1.07209 5.06681
v 3.53363 1.06401 5.06701
v 3.5345 1.06118 5.06735
v 3.53464 1.07527 5.06651
v 3.53515 1.06987 5.06679
v 3.54045 1.07563 5.06568
v 3.53778 1.07273 5.06648
v 3.54358 1.07233 5.06565
v 3.54616 1.07449 5.06408
v 3.54057 1.0698 5.06645
v 3.54295 1.06654 5.06642
v 3.54626 1.06865 5.06562
v 3.5491 1.07045 5.06404
v 3.55149 1.06607 5.064
v 3.53759 1.06731 5.06676
v 3.54845 1.06465 5.06558
v 3.5533 1.06141 5.06397
v 3.53512 1.06525 5.06686
v 3.53967 1.06445 5.06674
v 3.53532 1.0617 5.06699
v 3.53695 1.06273 5.06683
v 3.53669 1.05919 5.06697
v 3.53582 1.05878 5.06733
v 3.53844 1.06 5.06681
v 3.53957 1.0571 5.06679
v 3.53772 1.05652 5.06695
v 3.5368 1.05623 5.06731
v 3.53744 1.05358 5.0673
v 3.54136 1.06135 5.06671
v 3.53839 1.05374 5.06693
v 3.53773 1.05086 5.06728
v 3.54488 1.06299 5.06639
v 3.54264 1.05806 5.06669
v 3.5501 1.0604 5.06555
v 3.54634 1.05922 5.06637
v 3.55116 1.05597 5.06552
v 3.55447 1.05656 5.06393
v 3.54729 1.05529 5.06634
v 3.54772 1.05127 5.06631
v 3.55164 1.05144 5.06549
v 3.55499 1.05159 5.0639
v 3.55488 1.04659 5.06387
v 3.54346 1.05463 5.06666
v 3.55154 1.04688 5.06547
v 3.55411 1.04166 5.06385
v 3.54029 1.05407 5.06677
v 3.54384 1.05111 5.06664
v 3.53869 1.0509 5.06692
v 3.54062 1.05098 5.06675
v 3.53863 1.04804 5.0669
v 3.53767 1.04812 5.06726
v 3.54055 1.04787 5.06673
v 3.54007 1.04479 5.06672
v 3.53819 1.04521 5.06689
v 3.53725 1.04542 5.06725
v 3.53647 1.0428 5.06724
v 3.54375 1.04758 5.06662
v 3.53738 1.04247 5.06687
v 3.53536 1.0403 5.06723
v 3.54762 1.04723 5.06629
v 3.54321 1.04409 5.0666
v 3.55084 1.04238 5.06544
v 3.547 1.04324 5.06627
v 3.54955 1.03802 5.06543
v 3.5527 1.03687 5.06383
v 3.54586 1.03937 5.06625
v 3.54422 1.03567 5.06624
v 3.5477 1.03385 5.06541
v 3.55067 1.0323 5.06381
v 3.54807 1.02803 5.0638
v 3.54221 1.0407 5.06659
v 3.54533 1.02996 5.0654
v 3.54494 1.02414 5.06379
v 3.53919 1.04181 5.0667
v 3.54078 1.03747 5.06658
v 3.53622 1.03986 5.06686
v 3.53793 1.03896 5.06669
v 3.53473 1.03741 5.06686
v 3.53394 1.03797 5.06722
v 3.53631 1.0363 5.06668
v 3.53436 1.03388 5.06668
v 3.53294 1.03519 5.06685
v 3.53223 1.03584 5.06722
v 3.53025 1.03396 5.06722
v 3.53894 1.03445 5.06657
v 3.53086 1.03322 5.06685
v 3.52804 1.03235 5.06722
v 3.54211 1.03222 5.06623
v 3.53672 1.0317 5.06656
v 3.54247 1.02641 5.06539
v 3.53958 1.02907 5.06622
v 3.53917 1.02327 5.06539
v 3.54132 1.0207 5.06379
v 3.53665 1.02629 5.06622
v 3.53338 1.02391 5.06622
v 3.53549 1.02059 5.06539
v 3.53728 1.01776 5.06379
v 3.53289 1.01536 5.06379
v 3.53416 1.02927 5.06656
v 3.53149 1.0184 5.06539
v 3.52824 1.01356 5.0638
v 3.5321 1.03174 5.06668
v 3.53131 1.02719 5.06656
v 3.52855 1.03153 5.06685
v 3.52958 1.0299 5.06668
v 3.52604 1.03016 5.06685
v 3.52564 1.03104 5.06722
v 3.52685 1.02841 5.06668
v 3.52395 1.02729 5.06669
v 3.52338 1.02913 5.06686
v 3.52309 1.03005 5.06723
v 3.52043 1.02941 5.06723
v 3.52821 1.02549 5.06656
v 3.5206 1.02846 5.06687
v 3.52984 1.02197 5.06622
v 3.51775 1.02816 5.06688
v 3.52491 1.02422 5.06657
v 3.52724 1.01676 5.0654
v 3.52093 1.02656 5.0667
v 3.51472 1.0263 5.06672
v 3.52607 1.02051 5.06623
v 3.52281 1.01569 5.06542
v 3.52338 1.01239 5.06382
v 3.52214 1.01956 5.06625
v 3.51812 1.01914 5.06626
v 3.52148 1.02339 5.06658
v 3.51828 1.01521 5.06543
v 3.51841 1.01186 5.06384
v 3.51342 1.01198 5.06386
v 3.51372 1.01532 5.06545
v 3.51796 1.02302 5.06659
v 3.51408 1.01923 5.06628
v 3.51783 1.02623 5.06671
v 3.51443 1.0231 5.06661
v 3.51009 1.01985 5.0663
vn 3.300526 1.518447 5.306355
vn 3.412359 1.388049 5.503379
vn 3.36845 1.371025 5.50351
vn 3.564545 1.564204 5.305427
vn 3.596878 1.39566 5.502587
vn 3.550361 1.402855 5.502879
vn 3.208242 1.537073 5.078941
vn 3.207811 1.537718 5.058113
vn 3.273512 1.573601 5.05802
vn 3.248983 0.5390748 5.025294
vn 3.249123 0.5395004 5.015691
vn 3.317458 0.5091853 5.015205
vn 3.207856 1.537616 5.03126
vn 3.273651 1.57316 5.021564
vn 3.208032 1.537321 5.021657
vn 3.248915 0.5386501 5.045311
vn 3.317331 0.5082999 5.044825
vn 3.248915 0.5386501 5.045311
vn 3.248915 0.5386501 5.045311
vn 3.317331 0.5082999 5.044825
vn 3.248915 0.5386501 5.045311
vn 3.317331 0.5082999 5.044825
vn 3.317331 0.5082999 5.044825
vn 3.248915 0.5386501 5.045311
vn 3.249049 0.5387208 5.059196
vn 3.318161 0.508125 5.059132
vn 3.251203 0.5420225 5.115335
vn 3.582289 0.8547059 5.586367
vn 3.623062 0.6514857 5.450952
vn 3.5819 0.656047 5.463955
vn 3.636118 0.8524207 5.576211
vn 3.709013 0.6708567 5.437619
vn 3.641703 1.049403 5.610724
vn 3.768109 1.052731 5.566814
vn 3.767514 1.047956 5.567104
vn 3.566588 1.243056 5.588924
vn 3.55022 1.440817 5.470802
vn 3.59205 1.448148 5.458431
vn 3.620472 1.249758 5.578767
vn 3.681282 1.435775 5.443953
vn 3.603556 0.7128054 4.586593
vn 3.70237 0.7755202 4.574316
vn 3.675146 0.6132469 4.704422
vn 3.540088 0.7977699 4.528294
vn 3.596067 0.5525595 4.76512
vn 3.503913 0.6417944 4.639076
vn 3.467458 0.8466969 4.508979
vn 3.558043 0.6025493 4.684676
vn 3.439706 1.057231 4.474915
vn 3.313067 1.034508 4.507056
vn 3.315571 1.032499 4.50618
vn 3.114396 0.7603197 4.75132
vn 3.372926 0.546753 4.803584
vn 3.242974 0.5918812 4.827049
vn 3.315851 0.516595 4.955774
vn 3.23631 0.5562235 4.943329
vn 3.08293 0.6908754 4.920259
vn 3.83868 0.7141312 5.388843
vn 3.733027 0.5559533 5.252899
vn 3.647994 0.5310644 5.263165
vn 3.939977 1.341367 5.310472
vn 3.815322 1.403547 5.392418
vn 3.703198 1.552158 5.262742
vn 3.66743 0.9260733 4.50369
vn 4.089871 0.9831808 5.066961
vn 4.091951 1.004096 5.066264
vn 3.663907 1.133503 4.495036
vn 2.99837 1.026039 4.79402
vn 3.666284 1.107566 4.492372
vn 3.5594 1.537858 4.741088
vn 3.546501 1.613113 4.922659
vn 3.11863 1.435466 4.884801
vn 3.220117 1.534092 4.941711
vn 3.067512 1.388904 4.917717
vn 3.305544 1.580387 4.9603
vn 3.139737 1.453091 4.87737
vn 3.390896 1.605676 4.953049
vn 3.556157 0.696595 5.501818
vn 3.54111 0.6419333 5.45465
vn 3.537621 0.7699486 5.551445
vn 3.530819 0.8510444 5.58882
vn 3.541427 0.6432037 5.455899
vn 3.958584 0.787372 5.309911
vn 3.882181 0.6215978 5.174248
vn 3.822419 0.5927476 5.222343
vn 3.734701 0.5172105 5.090111
vn 3.908389 0.6314607 5.11556
vn 3.805148 0.5512339 5.082952
vn 3.910378 0.6292183 5.08238
vn 3.594428 0.5667743 4.74097
vn 3.577882 0.4893623 4.923928
vn 4.014084 0.7578722 5.071517
vn 3.248894 0.5387345 5.03821
vn 3.283481 0.6088171 4.756924
vn 3.221178 0.6531377 4.749769
vn 3.181196 0.5804772 5.033749
vn 3.182945 0.690851 4.742367
vn 3.125747 0.6256957 5.029253
vn 3.219735 0.6254447 5.301556
vn 3.278016 0.5905444 5.302273
vn 3.166812 0.6673886 5.300819
vn 3.076182 0.6771809 5.034787
vn 3.120673 0.7166629 5.302522
vn 3.277087 0.7849955 5.500494
vn 3.02907 0.7411609 5.040377
vn 3.08111 0.7718636 5.304201
vn 3.048082 0.8312321 5.303511
vn 2.991291 0.8111661 5.035943
vn 3.061255 0.8536736 4.751653
vn 3.023229 0.8940095 5.30278
vn 2.965868 0.8780369 5.031438
vn 3.076182 0.6771809 5.034787
vn 3.125747 0.6256957 5.029253
vn 3.182945 0.690851 4.742367
vn 3.142287 0.7257821 4.750548
vn 3.02907 0.7411609 5.040377
vn 3.093079 0.7841601 4.758784
vn 3.061255 0.8536736 4.751653
vn 3.237174 0.9422129 4.553574
vn 3.254955 0.8884523 4.558528
vn 3.238255 0.9666387 4.548255
vn 3.046979 0.9054437 4.744215
vn 2.991291 0.8111661 5.035943
vn 2.965868 0.8780369 5.031438
vn 3.029258 0.9560302 4.752394
vn 3.223467 0.986053 4.553892
vn 3.015864 1.031196 4.76056
vn 2.939914 1.026394 5.042431
vn 3.023027 1.107282 4.753297
vn 2.948707 0.9474054 5.036924
vn 3.023229 0.8940095 5.30278
vn 3.007915 0.9597504 5.304441
vn 3.001261 1.027342 5.306048
vn 3.002332 1.095251 5.305244
vn 2.942182 1.10588 5.037859
vn 3.012193 1.162048 5.304381
vn 3.036523 1.159264 4.745737
vn 3.232086 1.116322 4.549149
vn 3.046508 1.211947 4.753787
vn 2.953579 1.176486 5.033215
vn 2.973418 1.245151 5.038524
vn 3.0318 1.226644 5.305868
vn 3.005317 1.317971 5.043818
vn 3.072509 1.28375 4.761771
vn 3.221178 0.6531377 4.749769
vn 3.31844 0.8400874 4.547162
vn 3.182945 0.690851 4.742367
vn 3.329718 0.8183607 4.552443
vn 3.283481 0.6088171 4.756924
vn 3.371988 0.7806845 4.557377
vn 3.426966 0.7674411 4.551708
vn 3.3553 0.5828937 4.74877
vn 3.451176 0.7705804 4.54616
vn 3.407988 0.5730044 4.740668
vn 3.459951 0.5594209 4.748172
vn 3.471774 0.7573792 4.551456
vn 3.536017 0.5521764 4.755464
vn 3.527189 0.7458744 4.556479
vn 3.58146 0.7619087 4.550983
vn 3.611202 0.5656577 4.747521
vn 3.60086 0.776746 4.545525
vn 3.661808 0.5834569 4.739599
vn 3.713576 0.5976564 4.747251
vn 3.625282 0.7756151 4.550861
vn 3.783073 0.6293998 4.754799
vn 3.67904 0.793341 4.556069
vn 3.718019 0.8343598 4.55079
vn 3.841462 0.6786922 4.747139
vn 3.142287 0.7257821 4.750548
vn 3.182945 0.690851 4.742367
vn 3.31844 0.8400874 4.547162
vn 3.295924 0.8494799 4.552775
vn 3.428022 0.9609503 4.483576
vn 3.40138 0.9818474 4.485485
vn 3.254955 0.8884523 4.558528
vn 3.237174 0.9422129 4.553574
vn 3.39384 1.014887 4.484043
vn 3.238255 0.9666387 4.548255
vn 3.463492 1.021322 4.472889
vn 3.434066 0.9663253 4.481834
vn 3.485924 1.01875 4.471383
vn 3.429204 0.9598417 4.483567
vn 3.329718 0.8183607 4.552443
vn 3.452251 0.9349971 4.484987
vn 3.371988 0.7806845 4.557377
vn 3.426966 0.7674411 4.551708
vn 3.485783 0.9302236 4.48314
vn 3.451176 0.7705804 4.54616
vn 3.486346 1.000284 4.472664
vn 3.481924 1.022433 4.471422
vn 3.488354 1.025411 4.470934
vn 3.510204 1.049145 4.469743
vn 3.503068 1.046414 4.46988
vn 3.514168 1.053445 4.469721
vn 3.508072 1.041815 4.469831
vn 3.507067 1.009271 4.471233
vn 3.48832 0.9379055 4.481428
vn 3.470752 1.042713 4.471589
vn 3.5129 1.047736 4.469723
vn 3.487368 0.9298692 4.48313
vn 3.471774 0.7573792 4.551456
vn 3.505834 1.016266 4.470802
vn 3.501746 1.010468 4.471263
vn 3.519719 0.9198622 4.484597
vn 3.527189 0.7458744 4.556479
vn 3.58146 0.7619087 4.550983
vn 3.514714 1.040318 4.469792
vn 3.516653 0.9934818 4.472489
vn 3.551153 0.9324968 4.482859
vn 3.60086 0.776746 4.545525
vn 3.530079 1.011631 4.471143
vn 3.549514 0.9404427 4.481164
vn 3.515913 1.047859 4.46971
vn 3.552704 0.932989 4.482853
vn 3.625282 0.7756151 4.550861
vn 3.525533 1.017076 4.470718
vn 3.524881 1.01001 4.471157
vn 3.521181 1.042362 4.469774
vn 3.585742 0.9404938 4.48442
vn 3.67904 0.793341 4.556069
vn 3.718019 0.8343598 4.55079
vn 3.54629 1.002751 4.472409
vn 3.518468 1.049498 4.469708
vn 3.525798 1.047366 4.469783
vn 3.519877 1.052158 4.469718
vn 3.606639 0.9671541 4.48281
vn 3.548862 1.025199 4.471137
vn 3.727428 0.8569334 4.545424
vn 3.841462 0.6786922 4.747139
vn 3.876403 0.7194321 4.739417
vn 3.601265 0.9732164 4.481123
vn 3.542202 1.027631 4.470705
vn 3.545162 1.021199 4.471129
vn 3.607749 0.9683526 4.482813
vn 3.749134 0.8681574 4.550842
vn 3.567329 1.025604 4.472447
vn 3.632595 0.9913805 4.484503
vn 3.786807 0.9103557 4.556264
vn 3.800071 0.9654045 4.55118
vn 3.637369 1.024931 4.483006
vn 3.796939 0.9896683 4.545878
vn 3.558324 1.046326 4.471216
vn 3.629688 1.027486 4.48131
vn 3.551347 1.04511 4.470764
vn 3.63772 1.026517 4.483012
vn 3.810122 1.010211 4.551395
vn 3.557144 1.041022 4.471191
vn 3.647727 1.058849 4.484824
vn 3.821625 1.065573 4.557004
vn 3.805603 1.119879 4.552046
vn 3.527278 1.053973 4.469814
vn 3.574129 1.055893 4.472592
vn 3.635097 1.090302 4.483395
vn 3.790774 1.139353 4.546772
vn 3.555981 1.069355 4.471361
vn 3.627166 1.088681 4.481675
vn 3.519754 1.055189 4.469736
vn 3.634619 1.091852 4.483407
vn 3.791903 1.163721 4.552363
vn 3.550536 1.064809 4.470882
vn 3.557602 1.064157 4.471323
vn 3.627095 1.124871 4.4853
vn 3.774172 1.217423 4.5581
vn 3.733136 1.256455 4.553158
vn 3.525251 1.060475 4.469861
vn 3.564862 1.085548 4.472806
vn 3.600438 1.145788 4.483871
vn 3.542413 1.08812 4.471529
vn 3.71058 1.265917 4.547863
vn 3.888568 1.377864 4.750969
vn 3.847844 1.412875 4.743548
vn 3.594374 1.14043 4.482121
vn 3.518115 1.057744 4.469758
vn 3.599238 1.146879 4.483881
vn 3.699356 1.287569 4.553493
vn 3.539982 1.081461 4.471025
vn 3.546413 1.084438 4.47149
vn 3.520247 1.065074 4.46991
vn 3.57621 1.171725 4.4858
vn 3.657139 1.325188 4.559247
vn 3.602112 1.338495 4.554226
vn 3.542008 1.106586 4.47303
vn 3.542678 1.176517 4.48431
vn 3.577848 1.335411 4.548855
vn 3.515455 1.059154 4.469778
vn 3.51364 1.066572 4.469949
vn 3.512424 1.05903 4.46979
vn 3.521287 1.097601 4.47168
vn 3.540105 1.168835 4.482527
vn 3.522503 1.090623 4.471157
vn 3.526591 1.096402 4.471648
vn 3.541092 1.176867 4.484318
vn 3.557302 1.348549 4.554488
vn 3.511719 1.113387 4.473206
vn 3.508741 1.186857 4.486191
vn 3.501922 1.360001 4.560147
vn 3.447617 1.344026 4.554953
vn 3.477307 1.174244 4.484591
vn 3.428163 1.329249 4.549497
vn 3.498257 1.095239 4.471769
vn 3.478928 1.166316 4.482788
vn 3.502803 1.089812 4.471241
vn 3.475756 1.17375 4.484592
vn 3.403794 1.330321 4.555066
vn 3.503455 1.09686 4.471755
vn 3.442735 1.166209 4.486364
vn 3.350086 1.312541 4.560555
vn 3.311061 1.27157 4.555144
vn 3.507138 1.064545 4.469966
vn 3.482064 1.10412 4.473285
vn 3.421804 1.139566 4.484637
vn 3.479492 1.081671 4.471775
vn 3.301599 1.249054 4.549602
vn 3.189392 1.424957 4.75439
vn 3.154386 1.384306 4.746503
vn 3.427177 1.133542 4.482833
vn 3.509869 1.057409 4.469793
vn 3.420712 1.138386 4.484636
vn 3.279941 1.237777 4.555089
vn 3.486152 1.07924 4.471254
vn 3.483174 1.085672 4.471781
vn 3.395884 1.115339 4.486281
vn 3.242305 1.195503 4.560364
vn 3.229003 1.14053 4.554761
vn 3.502539 1.059541 4.469958
vn 3.461026 1.081266 4.473247
vn 3.391092 1.081808 4.48444
vn 3.232086 1.116322 4.549149
vn 3.470013 1.060545 4.471695
vn 3.398758 1.079271 4.482646
vn 3.508459 1.054713 4.469783
vn 3.390721 1.080222 4.484436
vn 3.218956 1.095722 4.554545
vn 3.47699 1.061779 4.471195
vn 3.47121 1.065849 4.47172
vn 3.501041 1.052899 4.469926
vn 3.380749 1.047871 4.485959
vn 3.207489 1.040287 4.559625
vn 3.223467 0.986053 4.553892
vn 3.454225 1.050959 4.473103
vn 3.393345 1.016437 4.484056
vn 3.508583 1.0517 4.469766
vn 3.472373 1.037533 4.471551
vn 3.401275 1.018077 4.482281
vn 3.4778 1.042079 4.471077
vn 3.093079 0.7841601 4.758784
vn 3.142287 0.7257821 4.750548
vn 3.295924 0.8494799 4.552775
vn 3.254955 0.8884523 4.558528
vn 3.120673 0.7166629 5.302522
vn 3.244665 0.819143 5.500876
vn 3.277087 0.7849955 5.500494
vn 3.08111 0.7718636 5.304201
vn 3.217427 0.8565357 5.501218
vn 3.195258 0.897131 5.501554
vn 3.048082 0.8312321 5.303511
vn 3.178226 0.9410253 5.501842
vn 3.023229 0.8940095 5.30278
vn 3.007915 0.9597504 5.304441
vn 3.167228 0.986801 5.502197
vn 3.001261 1.027342 5.306048
vn 3.162327 1.032807 5.502481
vn 3.163421 1.079025 5.502742
vn 3.002332 1.095251 5.305244
vn 3.170631 1.125559 5.502946
vn 3.012193 1.162048 5.304381
vn 3.0318 1.226644 5.305868
vn 3.183982 1.170703 5.503181
vn 3.059832 1.288508 5.307282
vn 3.202751 1.21299 5.503348
vn 3.226814 1.252498 5.503459
vn 3.094731 1.346801 5.306285
vn 3.256327 1.289185 5.50351
vn 3.136655 1.399711 5.30519
vn 3.015864 1.031196 4.76056
vn 3.223467 0.986053 4.553892
vn 3.207489 1.040287 4.559625
vn 3.218956 1.095722 4.554545
vn 3.023027 1.107282 4.753297
vn 3.232086 1.116322 4.549149
vn 3.046508 1.211947 4.753787
vn 3.229003 1.14053 4.554761
vn 3.072509 1.28375 4.761771
vn 3.242305 1.195503 4.560364
vn 3.279941 1.237777 4.555089
vn 3.11674 1.346057 4.754254
vn 3.301599 1.249054 4.549602
vn 3.154386 1.384306 4.746503
vn 3.005317 1.317971 5.043818
vn 3.0318 1.226644 5.305868
vn 2.973418 1.245151 5.038524
vn 3.059832 1.288508 5.307282
vn 3.094731 1.346801 5.306285
vn 3.047012 1.385678 5.039013
vn 3.136655 1.399711 5.30519
vn 3.11674 1.346057 4.754254
vn 3.072509 1.28375 4.761771
vn 3.154386 1.384306 4.746503
vn 3.092177 1.441128 5.034116
vn 3.143708 1.490682 5.039173
vn 3.189392 1.424957 4.75439
vn 3.185934 1.445845 5.306442
vn 3.256327 1.289185 5.50351
vn 3.290463 1.321601 5.503582
vn 3.207755 1.537799 5.044176
vn 3.247853 1.474155 4.762086
vn 3.241162 1.485412 5.307614
vn 3.247853 1.474155 4.762086
vn 3.189392 1.424957 4.75439
vn 3.311061 1.27157 4.555144
vn 3.350086 1.312541 4.560555
vn 3.403794 1.330321 4.555066
vn 3.317282 1.505987 4.75428
vn 3.428163 1.329249 4.549497
vn 3.368975 1.520276 4.74633
vn 3.419654 1.537989 4.754007
vn 3.447617 1.344026 4.554953
vn 3.494892 1.55138 4.761429
vn 3.501922 1.360001 4.560147
vn 3.557302 1.348549 4.554488
vn 3.570906 1.544215 4.753354
vn 3.577848 1.335411 4.548855
vn 3.622797 1.530734 4.745246
vn 3.675554 1.520746 4.752746
vn 3.602112 1.338495 4.554226
vn 3.747445 1.494736 4.759961
vn 3.657139 1.325188 4.559247
vn 3.699356 1.287569 4.553493
vn 3.809677 1.450508 4.751738
vn 3.71058 1.265917 4.547863
vn 3.847844 1.412875 4.743548
vn 3.241162 1.485412 5.307614
vn 3.290463 1.321601 5.503582
vn 3.185934 1.445845 5.306442
vn 3.327853 1.348841 5.503572
vn 3.36845 1.371025 5.50351
vn 3.300526 1.518447 5.306355
vn 3.207755 1.537799 5.044176
vn 3.277704 1.575583 5.039079
vn 3.317282 1.505987 4.75428
vn 3.247853 1.474155 4.762086
vn 3.368975 1.520276 4.74633
vn 3.363285 1.543301 5.305012
vn 3.412359 1.388049 5.503379
vn 3.34452 1.601012 5.033907
vn 3.413944 1.61817 5.038706
vn 3.419654 1.537989 4.754007
vn 3.429043 1.55862 5.306007
vn 3.458137 1.399057 5.503271
vn 3.492989 1.626958 5.043414
vn 3.494892 1.55138 4.761429
vn 3.496654 1.565276 5.306924
vn 3.504125 1.403941 5.5031
vn 3.550361 1.402855 5.502879
vn 3.564545 1.564204 5.305427
vn 3.57242 1.624699 5.038022
vn 3.492989 1.626958 5.043414
vn 3.494892 1.55138 4.761429
vn 3.570906 1.544215 4.753354
vn 3.57242 1.624699 5.038022
vn 3.622797 1.530734 4.745246
vn 3.642972 1.61331 5.032643
vn 3.631325 1.554346 5.303868
vn 3.564545 1.564204 5.305427
vn 3.596878 1.39566 5.502587
vn 3.711691 1.593467 5.037218
vn 3.675554 1.520746 4.752746
vn 3.695922 1.534739 5.304675
vn 3.642038 1.382287 5.502354
vn 3.784563 1.561563 5.041718
vn 3.747445 1.494736 4.759961
vn 3.757804 1.506702 5.305421
vn 3.68431 1.363541 5.50205
vn 3.723812 1.339467 5.501736
vn 3.816089 1.471811 5.303769
vn 3.784563 1.561563 5.041718
vn 3.816089 1.471811 5.303769
vn 3.757804 1.506702 5.305421
vn 3.852218 1.519876 5.03617
vn 3.86899 1.429881 5.302083
vn 3.809677 1.450508 4.751738
vn 3.747445 1.494736 4.759961
vn 3.847844 1.412875 4.743548
vn 3.90761 1.474726 5.030657
vn 3.957215 1.423189 5.035132
vn 3.915134 1.380611 5.302787
vn 4.004384 1.359137 5.039568
vn 3.888568 1.377864 4.750969
vn 3.954712 1.325391 5.303474
vn 3.937848 1.319394 4.758088
vn 3.969602 1.249974 4.749869
vn 3.987734 1.266029 5.301798
vn 4.042114 1.289198 5.033976
vn 4.012577 1.203265 5.300119
vn 4.067492 1.222387 5.028473
vn 3.816089 1.471811 5.303769
vn 3.86899 1.429881 5.302083
vn 3.760518 1.309957 5.501361
vn 3.723812 1.339467 5.501736
vn 3.937848 1.319394 4.758088
vn 3.888568 1.377864 4.750969
vn 3.733136 1.256455 4.553158
vn 3.774172 1.217423 4.5581
vn 3.791903 1.163721 4.552363
vn 3.969602 1.249974 4.749869
vn 3.790774 1.139353 4.546772
vn 3.983801 1.198295 4.741695
vn 4.001595 1.147616 4.749132
vn 3.805603 1.119879 4.552046
vn 4.015061 1.072358 4.75631
vn 3.821625 1.065573 4.557004
vn 3.810122 1.010211 4.551395
vn 4.007825 0.9963638 4.748228
vn 3.796939 0.9896683 4.545878
vn 3.994258 0.9444778 4.740186
vn 3.984347 0.8917007 4.747721
vn 3.800071 0.9654045 4.55118
vn 3.958416 0.8198044 4.75511
vn 3.786807 0.9103557 4.556264
vn 3.749134 0.8681574 4.550842
vn 3.914116 0.7575907 4.747267
vn 3.727428 0.8569334 4.545424
vn 3.876403 0.7194321 4.739417
vn 3.915134 1.380611 5.302787
vn 3.760518 1.309957 5.501361
vn 3.86899 1.429881 5.302083
vn 3.792938 1.275826 5.501049
vn 3.954712 1.325391 5.303474
vn 3.820163 1.238437 5.500721
vn 3.842342 1.197837 5.500382
vn 3.987734 1.266029 5.301798
vn 3.859363 1.153946 5.500016
vn 4.012577 1.203265 5.300119
vn 4.027907 1.137506 5.300872
vn 3.870376 1.108152 5.499736
vn 4.034569 1.069897 5.301642
vn 3.875257 1.062163 5.499456
vn 3.874172 1.015945 5.499186
vn 4.033485 1.002007 5.300064
vn 3.866961 0.9694105 5.498918
vn 4.023608 0.9352254 5.298529
vn 4.004017 0.8706278 5.299442
vn 3.853608 0.9242488 5.498747
vn 3.975997 0.8087462 5.300388
vn 3.834844 0.8819765 5.498594
vn 3.810772 0.8424727 5.498472
vn 3.941088 0.7504611 5.299026
vn 3.781276 0.8057866 5.498354
vn 3.89914 0.69756 5.297709
vn 3.849872 0.6514139 5.298872
vn 3.747125 0.7733514 5.498354
vn 4.042114 1.289198 5.033976
vn 3.969602 1.249974 4.749869
vn 3.983801 1.198295 4.741695
vn 4.067492 1.222387 5.028473
vn 4.084702 1.152944 5.032995
vn 4.012577 1.203265 5.300119
vn 4.001595 1.147616 4.749132
vn 4.093539 1.073917 5.037514
vn 4.027907 1.137506 5.300872
vn 4.015061 1.072358 4.75631
vn 4.034569 1.069897 5.301642
vn 4.007825 0.9963638 4.748228
vn 4.033485 1.002007 5.300064
vn 4.091228 0.9944873 5.032059
vn 3.994258 0.9444778 4.740186
vn 4.023608 0.9352254 5.298529
vn 4.079782 0.923919 5.026696
vn 4.059988 0.8552001 5.031394
vn 3.984347 0.8917007 4.747721
vn 4.02814 0.7823344 5.036127
vn 4.004017 0.8706278 5.299442
vn 3.958416 0.8198044 4.75511
vn 3.975997 0.8087462 5.300388
vn 3.914116 0.7575907 4.747267
vn 3.941088 0.7504611 5.299026
vn 3.986394 0.7146759 5.030905
vn 3.876403 0.7194321 4.739417
vn 3.89914 0.69756 5.297709
vn 3.941196 0.6592981 5.025776
vn 3.889696 0.6096727 5.030728
vn 3.841462 0.6786922 4.747139
vn 3.849872 0.6514139 5.298872
vn 3.825699 0.5625006 5.035769
vn 3.783073 0.6293998 4.754799
vn 3.794667 0.6118376 5.300074
vn 3.794667 0.6118376 5.300074
vn 3.747125 0.7733514 5.498354
vn 3.849872 0.6514139 5.298872
vn 3.709738 0.7461228 5.49837
vn 3.669141 0.7239383 5.498415
vn 3.735287 0.5788158 5.298971
vn 3.625248 0.7069176 5.498479
vn 3.672523 0.5539702 5.297888
vn 3.606781 0.5386427 5.299309
vn 3.579468 0.6959126 5.498659
vn 3.825699 0.5625006 5.035769
vn 3.735287 0.5788158 5.298971
vn 3.794667 0.6118376 5.300074
vn 3.75571 0.5247779 5.030839
vn 3.672523 0.5539702 5.297888
vn 3.688852 0.4994065 5.025986
vn 3.661808 0.5834569 4.739599
vn 3.713576 0.5976564 4.747251
vn 3.783073 0.6293998 4.754799
vn 3.248894 0.5387345 5.03821
vn 3.3553 0.5828937 4.74877
vn 3.283481 0.6088171 4.756924
vn 3.321701 0.5068967 5.032684
vn 3.407988 0.5730044 4.740668
vn 3.339885 0.562518 5.300639
vn 3.278016 0.5905444 5.302273
vn 3.390384 0.4871068 5.027267
vn 3.404481 0.5429238 5.299029
vn 3.46099 0.4756588 5.03188
vn 3.459951 0.5594209 4.748172
vn 3.540475 0.473342 5.036531
vn 3.536017 0.5521764 4.755464
vn 3.611202 0.5656577 4.747521
vn 3.471263 0.5330597 5.299887
vn 3.44071 0.699311 5.499262
vn 3.395567 0.7126685 5.499582
vn 3.35328 0.7314353 5.499886
vn 3.313774 0.7555017 5.500197
vn 3.219735 0.6254447 5.301556
vn 3.277087 0.7849955 5.500494
vn 3.166812 0.6673886 5.300819
vn 3.487245 0.6921057 5.499047
vn 3.539171 0.5319676 5.30075
vn 3.533463 0.6910241 5.498844
vn 3.579468 0.6959126 5.498659
vn 3.606781 0.5386427 5.299309
vn 3.619465 0.4821885 5.031213
vn 3.672523 0.5539702 5.297888
vn 3.661808 0.5834569 4.739599
vn 3.688852 0.4994065 5.025986
vn 3.726226 0.7200612 5.471938
vn 3.754897 0.5381623 5.167613
vn 3.819037 0.5731879 5.167503
vn 3.682072 0.6960227 5.472059
vn 3.685489 0.5113317 5.167814
vn 3.634302 0.6777194 5.472312
vn 3.584615 0.665554 5.472316
vn 3.688994 0.499062 5.043112
vn 3.613178 0.4938604 5.167986
vn 3.534625 0.6601675 5.472449
vn 3.614937 0.4811797 5.043335
vn 3.54051 0.4861211 5.168245
vn 3.614957 0.4811795 5.050172
vn 3.689016 0.4990625 5.049949
vn 3.614955 0.4816754 5.071016
vn 3.540599 0.4737606 5.071296
vn 3.540528 0.4732582 5.050468
vn 3.467457 0.4878549 5.1686
vn 3.48439 0.6614337 5.472752
vn 3.540511 0.4732577 5.043614
vn 3.465696 0.4750295 5.043967
vn 3.390405 0.4867609 5.044376
vn 3.393944 0.4993202 5.169046
vn 3.433871 0.669462 5.473167
vn 3.384747 0.6837747 5.473325
vn 3.465712 0.4750319 5.050804
vn 3.322582 0.5203441 5.16944
vn 3.338778 0.7040962 5.47359
vn 3.465872 0.4755316 5.071649
vn 3.390458 0.4867581 5.051213
vn 3.466382 0.4789374 5.114573
vn 3.540652 0.4771788 5.114238
vn 3.255765 0.5499817 5.169891
vn 3.19336 0.5880159 5.170413
vn 3.295871 0.7303126 5.473989
vn 3.317331 0.5082999 5.044825
vn 3.248915 0.5386501 5.045311
vn 3.248953 0.5386527 5.052147
vn 3.317367 0.5083015 5.051661
vn 3.249339 0.5390831 5.072992
vn 3.317682 0.508764 5.072506
vn 3.390687 0.4872463 5.072058
vn 3.391675 0.4905814 5.114999
vn 3.397275 0.512825 5.221364
vn 3.319145 0.5119572 5.115431
vn 3.251234 0.542083 5.1159
vn 3.327709 0.5333304 5.221795
vn 3.38834 0.6933885 5.482478
vn 3.343641 0.7132567 5.482824
vn 3.436092 0.6791909 5.48208
vn 3.485342 0.6716344 5.481916
vn 3.468937 0.5016567 5.220971
vn 3.534238 0.6705094 5.481719
vn 3.540158 0.4999672 5.220635
vn 3.611011 0.5075137 5.220377
vn 3.614515 0.4850416 5.113958
vn 3.582905 0.6756503 5.481496
vn 3.862217 0.8677357 5.472181
vn 4.046361 0.8546729 5.168129
vn 3.882541 0.9137205 5.472419
vn 4.016726 0.7878636 5.167856
vn 3.97869 0.7254502 5.167677
vn 3.836003 0.8248277 5.472103
vn 4.058567 0.8507004 5.04348
vn 4.080108 0.9237741 5.043805
vn 3.931997 0.6675144 5.167604
vn 3.94146 0.659028 5.042885
vn 3.803772 0.7850964 5.472173
vn 3.766827 0.7497281 5.471992
vn 3.878118 0.6162355 5.1675
vn 3.726226 0.7200612 5.471938
vn 3.819037 0.5731879 5.167503
vn 3.886256 0.6065019 5.042832
vn 3.825759 0.5624262 5.042852
vn 3.825763 0.5624177 5.049689
vn 3.886261 0.6064937 5.049686
vn 3.825522 0.5628237 5.070534
vn 4.058557 0.8506666 5.050317
vn 4.080097 0.923735 5.050642
vn 3.885961 0.6068568 5.070514
vn 3.941457 0.6590112 5.04974
vn 3.883803 0.6094245 5.113455
vn 3.823753 0.565675 5.113474
vn 3.869286 0.6268115 5.219905
vn 3.921827 0.6768022 5.219956
vn 3.811692 0.5848475 5.219912
vn 3.720697 0.7287911 5.481218
vn 3.760274 0.7575817 5.481177
vn 3.796445 0.7918394 5.481112
vn 3.827613 0.8307112 5.481299
vn 3.938581 0.6615469 5.113525
vn 3.967325 0.733273 5.220082
vn 3.853041 0.8725052 5.481457
vn 3.941093 0.6593152 5.070585
vn 3.986024 0.7204266 5.113635
vn 3.988839 0.7185766 5.070711
vn 4.027743 0.7824152 5.070891
vn 3.989251 0.7183321 5.049866
vn 4.024689 0.7838744 5.113834
vn 4.004416 0.7941332 5.220262
vn 4.033307 0.8592594 5.220512
vn 3.872917 0.9172251 5.481597
vn 4.054818 0.8517848 5.114086
vn 4.058066 0.8507642 5.071162
vn 3.989261 0.7183579 5.043029
vn 4.028201 0.7822461 5.050064
vn 4.028205 0.7822641 5.04321
vn 4.079585 0.9237632 5.071486
vn 4.091302 0.9989487 5.071865
vn 4.091829 0.999009 5.05102
vn 3.698598 1.391174 5.475941
vn 3.741488 1.36496 5.475657
vn 3.84127 1.510763 5.172847
vn 3.778858 1.548802 5.173317
vn 3.712063 1.578431 5.173806
vn 3.652612 1.411498 5.476328
vn 3.716186 1.591918 5.049287
vn 3.784602 1.561568 5.0488
vn 3.784625 1.561487 5.055655
vn 3.175152 1.227539 5.477355
vn 2.988278 1.244115 5.175133
vn 3.154816 1.18155 5.477235
vn 3.01791 1.310915 5.175369
vn 2.97495 1.249517 5.050631
vn 3.055951 1.373327 5.175585
vn 3.201373 1.270443 5.477542
vn 3.102634 1.431257 5.175744
vn 3.092057 1.44119 5.051226
vn 3.23358 1.310161 5.477772
vn 3.270529 1.345544 5.477663
vn 3.156533 1.48255 5.175762
vn 3.311132 1.375209 5.477592
vn 3.215592 1.525584 5.175725
vn 3.147261 1.493716 5.051279
vn 3.207771 1.537799 5.051259
vn 3.207811 1.537718 5.058113
vn 3.147315 1.493642 5.058134
vn 3.208242 1.537073 5.078941
vn 3.044256 1.38186 5.051082
vn 3.005312 1.317954 5.050901
vn 3.00537 1.317878 5.057755
vn 2.975018 1.249463 5.057486
vn 3.006023 1.317483 5.078582
vn 3.044326 1.381805 5.057954
vn 3.092128 1.441134 5.05808
vn 3.147804 1.49304 5.078961
vn 3.044927 1.381321 5.078781
vn 2.9757 1.249134 5.07833
vn 2.953478 1.176389 5.05716
vn 2.954182 1.176135 5.078005
vn 2.979338 1.247625 5.121218
vn 3.009467 1.315535 5.12147
vn 3.048125 1.378969 5.121669
vn 3.06778 1.3649 5.227771
vn 3.11328 1.421367 5.227902
vn 3.092672 1.440582 5.078907
vn 3.095565 1.437851 5.121794
vn 3.150345 1.489973 5.121847
vn 3.210395 1.533724 5.121827
vn 3.165819 1.47136 5.227948
vn 3.223414 1.513322 5.227931
vn 3.316733 1.366365 5.486721
vn 3.277175 1.337573 5.486712
vn 3.241002 1.303318 5.486574
vn 3.209831 1.264466 5.486578
vn 3.184399 1.222656 5.486485
vn 3.191097 0.8400838 5.475037
vn 3.006076 0.8118072 5.172552
vn 3.041108 0.7476545 5.172
vn 3.16706 0.884239 5.475461
vn 2.979257 0.8811941 5.173122
vn 3.148758 0.9320104 5.475964
vn 3.136597 0.981699 5.476161
vn 2.965705 0.8778538 5.048529
vn 2.961786 0.9535053 5.173572
vn 3.131214 1.031671 5.476415
vn 2.947824 0.9519115 5.04903
vn 2.954045 1.02619 5.174
vn 2.947896 0.9518741 5.055902
vn 2.965773 0.8778328 5.055383
vn 2.955786 1.099243 5.174449
vn 3.132473 1.081924 5.47676
vn 2.948602 0.9518673 5.076729
vn 2.94069 1.026223 5.077195
vn 2.966463 0.8778969 5.076228
vn 2.939974 1.026318 5.056369
vn 2.939902 1.026356 5.049497
vn 2.941678 1.101171 5.049928
vn 2.953409 1.176444 5.050306
vn 2.967249 1.172738 5.174863
vn 3.14051 1.132441 5.477163
vn 3.154816 1.18155 5.477235
vn 2.988278 1.244115 5.175133
vn 2.97495 1.249517 5.050631
vn 2.975018 1.249463 5.057486
vn 2.953478 1.176389 5.05716
vn 2.941748 1.101115 5.056782
vn 2.942464 1.10095 5.077627
vn 2.954182 1.176135 5.078005
vn 2.957953 1.175081 5.120892
vn 2.9757 1.249134 5.07833
vn 2.979338 1.247625 5.121218
vn 2.981295 1.169354 5.227036
vn 2.94631 1.100371 5.120513
vn 3.001796 1.238904 5.227345
vn 3.009467 1.315535 5.12147
vn 3.030688 1.304042 5.227574
vn 3.06778 1.3649 5.227771
vn 3.184399 1.222656 5.486485
vn 3.164528 1.177951 5.486287
vn 3.150326 1.1302 5.48597
vn 3.142773 1.080951 5.485823
vn 2.970127 1.097692 5.226675
vn 3.141639 1.032055 5.485568
vn 2.944548 1.02612 5.120082
vn 2.968429 1.026471 5.226247
vn 2.975975 0.9556025 5.225816
vn 3.146792 0.9833893 5.485241
vn 2.992994 0.885121 5.225334
vn 3.158364 0.9349508 5.484807
vn 3.176444 0.8885226 5.484559
vn 2.952412 0.9522377 5.119636
vn 2.970158 0.8787439 5.119134
vn 2.993908 0.8069198 5.075693
vn 2.997433 0.8082091 5.118599
vn 3.019151 0.8174807 5.224832
vn 3.033039 0.7430112 5.118049
vn 3.053303 0.7549388 5.224304
vn 3.199926 0.8455967 5.484235
vn 3.095266 0.6973443 5.223788
vn 3.228719 0.8060225 5.48385
vn 3.145256 0.6448035 5.223258
vn 3.262972 0.769847 5.48338
vn 3.033039 0.7430112 5.118049
vn 3.053303 0.7549388 5.224304
vn 3.095266 0.6973443 5.223788
vn 3.076784 0.6829694 5.117515
vn 3.029746 0.7413 5.075142
vn 2.997433 0.8082091 5.118599
vn 3.145256 0.6448035 5.223258
vn 2.993908 0.8069198 5.075693
vn 3.073771 0.6808699 5.074592
vn 3.128915 0.6281812 5.116969
vn 2.99325 0.8067739 5.054848
vn 2.965773 0.8778328 5.055383
vn 2.966463 0.8778969 5.076228
vn 2.965705 0.8778538 5.048529
vn 2.993186 0.8067887 5.047994
vn 3.006076 0.8118072 5.172552
vn 3.041108 0.7476545 5.172
vn 3.02913 0.7410791 5.054314
vn 3.0732 0.6805894 5.053765
vn 3.029063 0.7411008 5.047442
vn 3.07314 0.6806006 5.046928
vn 3.125657 0.6254059 5.046363
vn 3.084147 0.6885875 5.171488
vn 3.191097 0.8400838 5.475037
vn 3.220758 0.799491 5.474733
vn 3.135435 0.6346998 5.170995
vn 3.256139 0.7625418 5.474509
vn 3.295871 0.7303126 5.473989
vn 3.19336 0.5880159 5.170413
vn 3.125718 0.6253942 5.053217
vn 3.184987 0.5776054 5.045817
vn 3.255765 0.5499817 5.169891
vn 3.248915 0.5386501 5.045311
vn 3.248953 0.5386527 5.052147
vn 3.185039 0.577601 5.052672
vn 3.249339 0.5390831 5.072992
vn 3.126227 0.6257381 5.074044
vn 3.185499 0.5779846 5.073499
vn 3.187786 0.580749 5.116424
vn 3.251234 0.542083 5.1159
vn 3.201728 0.599308 5.222749
vn 3.262581 0.5622209 5.222248
vn 3.301824 0.7386928 5.483125
vn 3.262972 0.769847 5.48338
vn 3.782913 1.55732 5.119386
vn 3.833376 1.498869 5.225104
vn 3.772535 1.535944 5.225594
vn 3.846361 1.518657 5.118879
vn 3.784425 1.560816 5.076499
vn 3.889853 1.453361 5.224597
vn 3.90524 1.471217 5.118353
vn 3.735603 1.356463 5.484763
vn 3.774475 1.325312 5.484296
vn 4.091829 0.999009 5.05102
vn 4.080108 0.9237741 5.043805
vn 4.080097 0.923735 5.050642
vn 4.091839 0.9990472 5.044184
vn 4.093605 1.073824 5.051451
vn 4.093075 1.073676 5.072296
vn 4.091302 0.9989487 5.071865
vn 4.078856 0.9995502 5.16881
vn 4.067389 0.9260384 5.168487
vn 4.046361 0.8546729 5.168129
vn 3.882541 0.9137205 5.472419
vn 3.896848 0.9628289 5.472787
vn 3.904895 1.013347 5.472887
vn 3.906147 1.0636 5.473117
vn 4.080591 1.072585 5.169208
vn 4.093615 1.073862 5.044615
vn 4.072851 1.145268 5.16969
vn 3.900761 1.113571 5.473492
vn 4.085693 1.148306 5.045081
vn 4.067811 1.222364 5.045582
vn 4.055381 1.217584 5.170228
vn 3.888599 1.16326 5.473981
vn 3.870296 1.21103 5.474196
vn 4.085685 1.148253 5.051918
vn 4.028559 1.286971 5.170709
vn 3.846262 1.255187 5.474494
vn 3.993527 1.351126 5.171206
vn 4.04033 1.293429 5.046118
vn 3.950485 1.410192 5.171774
vn 3.816602 1.295781 5.474925
vn 3.899207 1.464073 5.172356
vn 3.90786 1.474812 5.047749
vn 3.78122 1.332729 5.475447
vn 3.741488 1.36496 5.475657
vn 3.84127 1.510763 5.172847
vn 3.960377 1.419617 5.047184
vn 4.004454 1.359117 5.046651
vn 4.004449 1.359058 5.053506
vn 4.040325 1.293371 5.052955
vn 4.004019 1.3586 5.074333
vn 3.96038 1.419547 5.054055
vn 4.067803 1.222312 5.052419
vn 3.84853 1.522612 5.048294
vn 3.778858 1.548802 5.173317
vn 3.784602 1.561568 5.0488
vn 3.784625 1.561487 5.055655
vn 3.848544 1.522535 5.055148
vn 3.784425 1.560816 5.076499
vn 3.907863 1.474743 5.054603
vn 3.848285 1.521901 5.075975
vn 3.846361 1.518657 5.118879
vn 3.90524 1.471217 5.118353
vn 3.959993 1.419029 5.074882
vn 3.907536 1.474161 5.075447
vn 3.957362 1.416438 5.117803
vn 3.889853 1.453361 5.224597
vn 3.939837 1.40083 5.224066
vn 3.808729 1.289137 5.484036
vn 3.774475 1.325312 5.484296
vn 3.837517 1.249578 5.483701
vn 4.001108 1.356398 5.117238
vn 3.9818 1.343236 5.223539
vn 4.015957 1.280697 5.223021
vn 3.860995 1.206641 5.483326
vn 4.042109 1.213054 5.222523
vn 3.879066 1.160226 5.482878
vn 3.890661 1.11177 5.482633
vn 4.036722 1.291186 5.116723
vn 4.039857 1.29298 5.0738
vn 4.063992 1.220667 5.116186
vn 4.059131 1.142555 5.22204
vn 3.8958 1.063103 5.482363
vn 4.067303 1.222003 5.073264
vn 4.085163 1.148032 5.072762
vn 4.081741 1.147156 5.115686
vn 4.089602 1.073291 5.115218
vn 4.066676 1.071704 5.221577
vn 4.064983 1.000482 5.221181
vn 3.894677 1.014207 5.482052
vn 4.053813 0.92882 5.220822
vn 3.88712 0.9649758 5.481702
vn 3.872917 0.9172251 5.481597
vn 4.033307 0.8592594 5.220512
vn 4.054818 0.8517848 5.114086
vn 4.087842 0.9990226 5.114787
vn 4.076196 0.9243135 5.114427
vn 4.058066 0.8507642 5.071162
vn 4.079585 0.9237632 5.071486
vn 3.540599 0.4737606 5.071296
vn 3.540652 0.4771788 5.114238
vn 3.614515 0.4850416 5.113958
vn 3.614955 0.4816754 5.071016
vn 3.688024 0.5027925 5.113734
vn 3.68151 0.5245357 5.220154
vn 3.611011 0.5075137 5.220377
vn 3.582905 0.6756503 5.481496
vn 3.631361 0.6872439 5.481255
vn 3.677773 0.7053053 5.481242
vn 3.749151 0.5506927 5.220002
vn 3.720697 0.7287911 5.481218
vn 3.811692 0.5848475 5.219912
vn 3.823753 0.565675 5.113474
vn 3.758543 0.5300611 5.113568
vn 3.825522 0.5628237 5.070534
vn 3.688926 0.4995381 5.070794
vn 3.689016 0.4990625 5.049949
vn 3.759903 0.5269851 5.070627
vn 3.760076 0.5265417 5.049782
vn 3.825763 0.5624177 5.049689
vn 3.688994 0.499062 5.043112
vn 3.760059 0.5265428 5.042945
vn 3.825759 0.5624262 5.042852
vn 3.754897 0.5381623 5.167613
vn 3.819037 0.5731879 5.167503
vn 3.251234 0.542083 5.1159
vn 3.262581 0.5622209 5.222248
vn 3.327709 0.5333304 5.221795
vn 3.343641 0.7132567 5.482824
vn 3.201728 0.599308 5.222749
vn 3.301824 0.7386928 5.483125
vn 3.68258 1.150478 5.590896
vn 3.176444 0.8885226 5.484559
vn 3.694495 1.128402 5.590759
vn 3.199926 0.8455967 5.484235
vn 3.228719 0.8060225 5.48385
vn 3.667711 1.170673 5.591125
vn 3.262972 0.769847 5.48338
vn 3.649898 1.188893 5.591433
vn 3.630287 1.205139 5.591492
vn 3.301824 0.7386928 5.483125
vn 3.608931 1.218301 5.591619
vn 3.343641 0.7132567 5.482824
vn 3.38834 0.6933885 5.482478
vn 3.585953 1.228359 5.591824
vn 3.436092 0.6791909 5.48208
vn 3.561426 1.235216 5.5921
vn 3.536317 1.239495 5.59211
vn 3.485342 0.6716344 5.481916
vn 3.511261 1.240202 5.592187
vn 3.534238 0.6705094 5.481719
vn 3.582905 0.6756503 5.481496
vn 3.486328 1.237434 5.592323
vn 3.631361 0.6872439 5.481255
vn 3.461642 1.231111 5.592522
vn 3.437768 1.222245 5.592457
vn 3.677773 0.7053053 5.481242
vn 3.415689 1.210335 5.592442
vn 3.720697 0.7287911 5.481218
vn 3.760274 0.7575817 5.481177
vn 3.395495 1.195465 5.592492
vn 3.796445 0.7918394 5.481112
vn 3.377275 1.177651 5.592593
vn 3.361029 1.15804 5.59243
vn 3.827613 0.8307112 5.481299
vn 3.34787 1.136682 5.592322
vn 3.853041 0.8725052 5.481457
vn 3.872917 0.9172251 5.481597
vn 3.337809 1.113705 5.592277
vn 3.88712 0.9649758 5.481702
vn 3.330953 1.089178 5.592293
vn 3.326671 1.06407 5.592038
vn 3.894677 1.014207 5.482052
vn 3.325949 1.039014 5.591851
vn 3.8958 1.063103 5.482363
vn 3.890661 1.11177 5.482633
vn 3.328732 1.014081 5.59174
vn 3.879066 1.160226 5.482878
vn 3.335058 0.9893951 5.591695
vn 3.343919 0.9655186 5.591394
vn 3.860995 1.206641 5.483326
vn 3.355833 0.9434416 5.591168
vn 3.837517 1.249578 5.483701
vn 3.808729 1.289137 5.484036
vn 3.370702 0.9232467 5.591029
vn 3.774475 1.325312 5.484296
vn 3.388499 0.9050455 5.590967
vn 3.408128 0.8887822 5.590661
vn 3.735603 1.356463 5.484763
vn 3.429467 0.875621 5.590441
vn 3.693806 1.381904 5.485119
vn 3.649085 1.401778 5.485407
vn 3.452463 0.8655621 5.590325
vn 3.601338 1.415974 5.485602
vn 3.47699 0.8587087 5.590303
vn 3.502099 0.8544433 5.590041
vn 3.552105 1.423527 5.485967
vn 3.527154 0.853722 5.58988
vn 3.503208 1.424657 5.486218
vn 3.454542 1.419505 5.486383
vn 3.552086 0.8564898 5.589824
vn 3.406086 1.407927 5.486431
vn 3.576756 0.8628104 5.589875
vn 3.600648 0.8716758 5.589695
vn 3.359674 1.389851 5.486639
vn 3.62271 0.8835841 5.589621
vn 3.316733 1.366365 5.486721
vn 3.277175 1.337573 5.486712
vn 3.64292 0.8984565 5.589659
vn 3.241002 1.303318 5.486574
vn 3.661123 0.9162703 5.589808
vn 3.677385 0.935883 5.58972
vn 3.209831 1.264466 5.486578
vn 3.690545 0.9572396 5.58974
vn 3.184399 1.222656 5.486485
vn 3.164528 1.177951 5.486287
vn 3.70059 0.9802157 5.589876
vn 3.150326 1.1302 5.48597
vn 3.707461 1.004743 5.59011
vn 3.711729 1.029869 5.590112
vn 3.694495 1.128402 5.590759
vn 3.176444 0.8885226 5.484559
vn 3.158364 0.9349508 5.484807
vn 3.703354 1.104525 5.590704
vn 3.709668 1.079841 5.590412
vn 3.146792 0.9833893 5.485241
vn 3.712451 1.054925 5.590208
vn 3.141639 1.032055 5.485568
vn 3.142773 1.080951 5.485823
vn 3.711729 1.029869 5.590112
vn 3.150326 1.1302 5.48597
vn 3.97175 1.336577 5.257418
vn 4.005136 1.275416 5.256954
vn 4.037614 1.29168 5.10777
vn 4.001943 1.356993 5.108303
vn 4.004465 1.359094 5.048889
vn 4.04034 1.293407 5.048338
vn 4.004067 1.359054 5.026652
vn 4.039925 1.293401 5.026101
vn 4.03951 1.293276 5.016499
vn 3.958112 1.417154 5.108854
vn 3.960382 1.419603 5.049439
vn 3.905902 1.472023 5.109419
vn 3.930707 1.392888 5.257964
vn 3.68258 1.150478 5.590896
vn 3.667711 1.170673 5.591125
vn 3.881798 1.444255 5.258547
vn 3.649898 1.188893 5.591433
vn 3.630287 1.205139 5.591492
vn 3.826576 1.48878 5.258986
vn 4.00368 1.358881 5.017049
vn 4.039363 1.293229 5.013731
vn 4.003544 1.358815 5.014283
vn 3.959532 1.419224 5.014815
vn 3.959662 1.419299 5.017581
vn 3.9071 1.474328 5.015362
vn 3.960019 1.419512 5.027184
vn 3.907204 1.474431 5.018129
vn 3.907874 1.47479 5.049986
vn 3.846906 1.519556 5.109945
vn 3.767071 1.525059 5.25942
vn 3.78335 1.558285 5.110452
vn 3.784618 1.561547 5.051038
vn 3.848545 1.522591 5.050531
vn 3.78436 1.561372 5.028801
vn 3.907536 1.474671 5.027732
vn 3.848246 1.522441 5.028295
vn 3.847962 1.52216 5.018674
vn 3.847859 1.522058 5.015908
vn 3.784131 1.561058 5.019198
vn 3.78404 1.560948 5.016432
vn 3.68258 1.150478 5.590896
vn 4.005136 1.275416 5.256954
vn 3.97175 1.336577 5.257418
vn 3.694495 1.128402 5.590759
vn 4.030696 1.209238 5.25653
vn 4.064936 1.22102 5.107252
vn 3.703354 1.104525 5.590704
vn 4.037614 1.29168 5.10777
vn 3.709668 1.079841 5.590412
vn 4.04034 1.293407 5.048338
vn 4.047372 1.140305 5.255974
vn 3.712451 1.054925 5.590208
vn 4.067818 1.222348 5.047802
vn 4.039925 1.293401 5.026101
vn 4.054758 1.071005 5.255511
vn 4.082717 1.147387 5.106733
vn 4.0857 1.148289 5.047301
vn 4.053093 1.001371 5.255148
vn 3.711729 1.029869 5.590112
vn 4.042142 0.9312764 5.254863
vn 4.077162 0.924141 5.105475
vn 3.707461 1.004743 5.59011
vn 3.70059 0.9802157 5.589876
vn 4.022115 0.8632421 5.25449
vn 3.690545 0.9572396 5.58974
vn 4.088828 0.9989905 5.105854
vn 4.090592 1.073382 5.106267
vn 4.09362 1.073861 5.046853
vn 4.093178 1.073974 5.024599
vn 4.091846 0.9990458 5.046422
vn 4.085261 1.148368 5.025064
vn 4.067391 1.222372 5.025566
vn 4.066954 1.222306 5.015963
vn 4.03951 1.293276 5.016499
vn 4.084811 1.148352 5.015462
vn 4.066801 1.222273 5.013196
vn 4.039363 1.293229 5.013731
vn 4.084653 1.148335 5.012695
vn 4.092722 1.074013 5.014996
vn 4.092561 1.074014 5.012229
vn 4.090789 0.9993221 5.011798
vn 4.090949 0.9992858 5.014564
vn 4.079074 0.924154 5.011419
vn 4.091404 0.9991946 5.024167
vn 4.079234 0.9241174 5.014185
vn 4.080112 0.9237548 5.046043
vn 4.057721 0.8511338 5.013861
vn 4.057571 0.8512083 5.011095
vn 4.07968 0.9239718 5.023788
vn 4.058153 0.8509396 5.023464
vn 4.027815 0.782554 5.023211
vn 4.027408 0.7828051 5.013608
vn 4.027256 0.7828735 5.010842
vn 3.988363 0.7190554 5.010643
vn 4.058572 0.8506867 5.045718
vn 3.988506 0.7189655 5.01341
vn 3.94064 0.659825 5.010499
vn 4.055743 0.8514738 5.105134
vn 4.028218 0.7822659 5.045465
vn 3.993861 0.7995304 5.254219
vn 4.025559 0.7834424 5.104881
vn 3.957587 0.7400233 5.254059
vn 3.677385 0.935883 5.58972
vn 3.986829 0.7198874 5.104683
vn 3.939301 0.6609019 5.104576
vn 3.913073 0.6848228 5.25402
vn 3.661123 0.9162703 5.589808
vn 3.64292 0.8984565 5.589659
vn 3.989261 0.7183392 5.045267
vn 3.861697 0.6359035 5.253901
vn 3.62271 0.8835841 5.589621
vn 3.80538 0.5948507 5.253867
vn 3.884423 0.6086839 5.104504
vn 3.82427 0.5648588 5.104524
vn 3.825765 0.562416 5.04509
vn 3.886274 0.606501 5.045087
vn 3.82548 0.5628333 5.022836
vn 3.988878 0.7186606 5.023013
vn 3.94146 0.6590101 5.045141
vn 3.885938 0.6068797 5.022816
vn 3.940759 0.6597049 5.013266
vn 3.941107 0.6593705 5.022869
vn 3.885635 0.6072569 5.013213
vn 3.825218 0.5632391 5.013233
vn 3.885535 0.6073922 5.010464
vn 3.825129 0.5633818 5.010484
vn 3.527154 0.853722 5.58988
vn 3.609106 0.5192283 5.25435
vn 3.552086 0.8564898 5.589824
vn 3.539806 0.5118436 5.254595
vn 3.470171 0.5135044 5.254946
vn 3.502099 0.8544433 5.590041
vn 3.400076 0.5244538 5.255394
vn 3.47699 0.8587087 5.590303
vn 3.452463 0.8655621 5.590325
vn 3.332046 0.5444793 5.25575
vn 3.429467 0.875621 5.590441
vn 3.268334 0.5727282 5.256164
vn 3.208841 0.6089966 5.256675
vn 3.408128 0.8887822 5.590661
vn 3.693806 1.381904 5.485119
vn 3.833376 1.498869 5.225104
vn 3.735603 1.356463 5.484763
vn 3.772535 1.535944 5.225594
vn 3.707392 1.564841 5.226062
vn 3.649085 1.401778 5.485407
vn 3.637826 1.585346 5.22649
vn 3.601338 1.415974 5.485602
vn 3.782913 1.55732 5.119386
vn 3.552105 1.423527 5.485967
vn 3.715003 1.587445 5.119872
vn 3.784425 1.560816 5.076499
vn 3.566165 1.596511 5.22688
vn 3.503208 1.424657 5.486218
vn 3.716081 1.591134 5.076986
vn 3.642478 1.608819 5.120337
vn 3.567769 1.620463 5.120728
vn 3.716202 1.59184 5.056141
vn 3.784625 1.561487 5.055655
vn 3.716186 1.591918 5.049287
vn 3.643112 1.613457 5.049735
vn 3.712063 1.578431 5.173806
vn 3.643132 1.613378 5.056589
vn 3.643097 1.612647 5.077434
vn 3.567893 1.624366 5.077843
vn 3.493165 1.626137 5.078178
vn 3.567857 1.625108 5.056998
vn 3.4935 1.622224 5.121064
vn 3.64068 1.599458 5.174304
vn 3.652612 1.411498 5.476328
vn 3.603503 1.425799 5.476783
vn 3.552968 1.433836 5.476912
vn 3.567188 1.610922 5.174645
vn 3.502733 1.435106 5.477072
vn 3.567821 1.625188 5.050144
vn 3.494134 1.612658 5.174961
vn 3.493042 1.62688 5.057351
vn 3.494945 1.598202 5.227197
vn 3.424093 1.590658 5.227481
vn 3.454542 1.419505 5.486383
vn 3.353595 1.573633 5.227704
vn 3.406086 1.407927 5.486431
vn 3.359674 1.389851 5.486639
vn 3.419635 1.61436 5.121362
vn 3.493006 1.62696 5.050497
vn 3.41858 1.619038 5.050776
vn 3.418614 1.618958 5.057631
vn 3.344523 1.601156 5.050999
vn 3.42145 1.604914 5.175277
vn 3.452744 1.429711 5.477332
vn 3.349139 1.587441 5.175551
vn 3.403053 1.417542 5.477634
vn 3.355285 1.39925 5.477591
vn 3.279745 1.56062 5.175651
vn 3.311132 1.375209 5.477592
vn 3.215592 1.525584 5.175725
vn 3.273458 1.573675 5.051166
vn 3.207771 1.537799 5.051259
vn 3.207811 1.537718 5.058113
vn 3.273512 1.573601 5.05802
vn 3.344555 1.601074 5.057871
vn 3.273862 1.572912 5.078865
vn 3.208242 1.537073 5.078941
vn 3.418808 1.618222 5.078475
vn 3.344838 1.600359 5.078698
vn 3.346125 1.596607 5.121602
vn 3.275606 1.569338 5.121752
vn 3.210395 1.533724 5.121827
vn 3.285954 1.547478 5.22785
vn 3.223414 1.513322 5.227931
vn 3.316733 1.366365 5.486721
vn 3.408128 0.8887822 5.590661
vn 3.153619 0.6535237 5.257254
vn 3.208841 0.6089966 5.256675
vn 3.388499 0.9050455 5.590967
vn 3.370702 0.9232467 5.591029
vn 3.104706 0.704888 5.257694
vn 3.355833 0.9434416 5.591168
vn 3.063657 0.7612071 5.258168
vn 3.104706 0.704888 5.257694
vn 3.128174 0.6274781 5.108035
vn 3.153619 0.6535237 5.257254
vn 3.208841 0.6089966 5.256675
vn 3.187159 0.5799519 5.107471
vn 3.268334 0.5727282 5.256164
vn 3.250714 0.541223 5.106964
vn 3.248914 0.5386478 5.047531
vn 3.184999 0.5775964 5.048055
vn 3.248983 0.5390748 5.025294
vn 3.125677 0.6253898 5.048583
vn 3.073151 0.6805938 5.049148
vn 3.185097 0.5780051 5.025801
vn 3.073315 0.680941 5.026894
vn 3.02926 0.7414099 5.027461
vn 3.125797 0.6257817 5.026346
vn 3.126041 0.6261344 5.016743
vn 3.185284 0.5784039 5.016198
vn 3.12613 0.6262594 5.013977
vn 3.249123 0.5395004 5.015691
vn 3.185361 0.5785384 5.013433
vn 3.249179 0.5396485 5.012925
vn 3.34787 1.136682 5.592322
vn 3.013296 1.234536 5.26117
vn 3.337809 1.113705 5.592277
vn 3.041543 1.29825 5.261367
vn 3.077814 1.357742 5.261586
vn 3.361029 1.15804 5.59243
vn 2.978329 1.248029 5.112283
vn 2.956911 1.175366 5.111977
vn 3.122343 1.412963 5.26178
vn 3.094767 1.438599 5.112879
vn 3.377275 1.177651 5.592593
vn 3.395495 1.195465 5.592492
vn 3.173708 1.461875 5.261761
vn 3.047247 1.379622 5.112735
vn 3.008509 1.316061 5.112518
vn 2.974969 1.249516 5.052869
vn 2.953423 1.176426 5.052544
vn 2.975188 1.249521 5.030632
vn 3.005528 1.317905 5.030885
vn 2.975534 1.249438 5.021029
vn 3.005321 1.31793 5.053139
vn 3.044278 1.381856 5.053338
vn 3.149655 1.490825 5.112915
vn 3.230025 1.502927 5.261703
vn 3.209796 1.534643 5.112894
vn 3.207773 1.537777 5.053497
vn 3.147276 1.493701 5.053517
vn 3.207856 1.537616 5.03126
vn 3.092079 1.441184 5.053463
vn 3.147388 1.49356 5.031263
vn 3.044451 1.381778 5.031083
vn 3.147614 1.493303 5.021659
vn 3.208032 1.537321 5.021657
vn 3.092228 1.441077 5.031209
vn 3.092482 1.440845 5.021606
vn 3.147696 1.493204 5.018893
vn 3.208104 1.537214 5.018873
vn 3.092582 1.440764 5.018839
vn 3.044752 1.381604 5.02148
vn 3.044866 1.381541 5.018713
vn 3.005849 1.317766 5.021282
vn 3.005969 1.317715 5.018516
vn 2.975656 1.249387 5.018262
vn 3.415689 1.210335 5.592442
vn 3.173708 1.461875 5.261761
vn 3.395495 1.195465 5.592492
vn 3.230025 1.502927 5.261703
vn 3.291201 1.53632 5.261663
vn 3.437768 1.222245 5.592457
vn 3.275131 1.570327 5.112801
vn 3.345775 1.597642 5.112668
vn 3.209796 1.534643 5.112894
vn 3.207773 1.537777 5.053497
vn 3.357364 1.561874 5.261586
vn 3.461642 1.231111 5.592522
vn 3.486328 1.237434 5.592323
vn 3.273474 1.57366 5.053404
vn 3.207856 1.537616 5.03126
vn 3.426314 1.57855 5.261305
vn 3.511261 1.240202 5.592187
vn 3.495596 1.585941 5.260993
vn 3.27351 1.573474 5.031167
vn 3.273651 1.57316 5.021564
vn 3.419425 1.615428 5.112428
vn 3.344523 1.601135 5.053255
vn 3.418597 1.619022 5.053014
vn 3.493429 1.623305 5.112131
vn 3.567804 1.621543 5.111796
vn 3.565249 1.584276 5.260708
vn 3.493024 1.626943 5.052735
vn 3.492936 1.62673 5.030499
vn 3.418543 1.618811 5.030777
vn 3.344538 1.600941 5.031
vn 3.344607 1.600598 5.021397
vn 3.418578 1.618461 5.021174
vn 3.344643 1.600474 5.018631
vn 3.273702 1.573041 5.018797
vn 3.208032 1.537321 5.021657
vn 3.208104 1.537214 5.018873
vn 3.41858 1.618329 5.018408
vn 3.492918 1.626372 5.020877
vn 3.567627 1.624602 5.020542
vn 3.492901 1.626239 5.018111
vn 3.567611 1.62447 5.017776
vn 3.511261 1.240202 5.592187
vn 3.565249 1.584276 5.260708
vn 3.495596 1.585941 5.260993
vn 3.536317 1.239495 5.59211
vn 3.635326 1.573326 5.260408
vn 3.642654 1.609879 5.111404
vn 3.561426 1.235216 5.5921
vn 3.585953 1.228359 5.591824
vn 3.567804 1.621543 5.111796
vn 3.703373 1.553302 5.259905
vn 3.608931 1.218301 5.591619
vn 3.767071 1.525059 5.25942
vn 3.826576 1.48878 5.258986
vn 3.630287 1.205139 5.591492
vn 3.715323 1.588462 5.11094
vn 3.78335 1.558285 5.110452
vn 3.784618 1.561547 5.051038
vn 3.716203 1.591898 5.051525
vn 3.78436 1.561372 5.028801
vn 3.567839 1.62517 5.052382
vn 3.643113 1.613442 5.051972
vn 3.715973 1.591709 5.029288
vn 3.493024 1.626943 5.052735
vn 3.493429 1.623305 5.112131
vn 3.492936 1.62673 5.030499
vn 3.567716 1.624957 5.030145
vn 3.567627 1.624602 5.020542
vn 3.642936 1.613236 5.029736
vn 3.642812 1.612886 5.020115
vn 3.715796 1.591374 5.019667
vn 3.784131 1.561058 5.019198
vn 3.642762 1.612758 5.017348
vn 3.567611 1.62447 5.017776
vn 3.715725 1.591252 5.016901
vn 3.78404 1.560948 5.016432
vn 3.759828 0.5269757 5.022929
vn 3.760078 0.5265389 5.045183
vn 3.689013 0.4990565 5.04535
vn 3.6888 0.4995092 5.023078
vn 3.688644 0.4999626 5.013475
vn 3.614797 0.4816388 5.023319
vn 3.614674 0.4820998 5.013716
vn 3.540405 0.4737195 5.023615
vn 3.688576 0.500117 5.010708
vn 3.7596 0.5274007 5.013326
vn 3.759531 0.527555 5.01056
vn 3.614638 0.4822627 5.01095
vn 3.540334 0.4741874 5.014013
vn 3.540316 0.4743519 5.011247
vn 3.465624 0.4761227 5.011581
vn 3.465624 0.4759584 5.014348
vn 3.390455 0.4878356 5.011991
vn 3.390441 0.4876731 5.014758
vn 3.465625 0.4754918 5.023951
vn 3.317458 0.5091853 5.015205
vn 3.317493 0.5093426 5.012439
vn 3.249123 0.5395004 5.015691
vn 3.249179 0.5396485 5.012925
vn 3.317369 0.5087382 5.024808
vn 3.248983 0.5390748 5.025294
vn 3.390385 0.4872164 5.02436
vn 3.317335 0.5082937 5.047045
vn 3.248914 0.5386478 5.047531
vn 3.390421 0.4867513 5.046614
vn 3.391409 0.4896265 5.106048
vn 3.31874 0.5110441 5.106479
vn 3.250714 0.541223 5.106964
vn 3.268334 0.5727282 5.256164
vn 3.332046 0.5444793 5.25575
vn 3.400076 0.5244538 5.255394
vn 3.470171 0.5135044 5.254946
vn 3.465695 0.4750219 5.046205
vn 3.466259 0.4779627 5.105639
vn 3.539806 0.5118436 5.254595
vn 3.54051 0.4732486 5.04587
vn 3.614955 0.4811726 5.045573
vn 3.540651 0.4761998 5.105286
vn 3.614656 0.4840779 5.105007
vn 3.68829 0.501859 5.104784
vn 3.609106 0.5192283 5.25435
vn 3.759828 0.5269757 5.022929
vn 3.688644 0.4999626 5.013475
vn 3.7596 0.5274007 5.013326
vn 3.82548 0.5628333 5.022836
vn 3.760078 0.5265389 5.045183
vn 3.825218 0.5632391 5.013233
vn 3.759531 0.527555 5.01056
vn 3.825129 0.5633818 5.010484
vn 3.825765 0.562416 5.04509
vn 3.758948 0.5291827 5.104617
vn 3.82427 0.5648588 5.104524
vn 3.80538 0.5948507 5.253867
vn 3.68829 0.501859 5.104784
vn 3.689013 0.4990565 5.04535
vn 3.744217 0.5614656 5.253994
vn 3.62271 0.8835841 5.589621
vn 3.600648 0.8716758 5.589695
vn 3.678056 0.5359098 5.254217
vn 3.576756 0.8628104 5.589875
vn 3.552086 0.8564898 5.589824
vn 3.609106 0.5192283 5.25435
vn 3.614955 0.4811726 5.045573
vn 3.614797 0.4816388 5.023319
vn 3.540405 0.4737195 5.023615
vn 2.975534 1.249438 5.021029
vn 2.975656 1.249387 5.018262
vn 2.954152 1.176437 5.01792
vn 2.95402 1.176455 5.020687
vn 2.975188 1.249521 5.030632
vn 2.942302 1.10127 5.020308
vn 2.942437 1.10127 5.017542
vn 2.953658 1.176485 5.030307
vn 2.953423 1.176426 5.052544
vn 2.941933 1.101249 5.029929
vn 2.940159 1.026486 5.029498
vn 2.940529 1.026543 5.019895
vn 2.940665 1.026579 5.017128
vn 2.948573 0.9522561 5.016662
vn 2.941692 1.101153 5.052166
vn 2.956911 1.175366 5.111977
vn 2.948438 0.9522209 5.019429
vn 2.966425 0.8783221 5.016143
vn 2.966299 0.8782498 5.018909
vn 2.948074 0.9520953 5.029032
vn 2.993736 0.8072939 5.018392
vn 2.993861 0.8073662 5.015625
vn 3.029574 0.7416753 5.01784
vn 3.029679 0.7417817 5.015091
vn 3.073698 0.6813643 5.014524
vn 3.073592 0.6812576 5.017291
vn 3.12613 0.6262594 5.013977
vn 3.126041 0.6261344 5.016743
vn 3.073315 0.680941 5.026894
vn 3.125797 0.6257817 5.026346
vn 3.02926 0.7414099 5.027461
vn 2.993405 0.8070633 5.027995
vn 2.965948 0.8780707 5.028512
vn 2.965722 0.8778349 5.050767
vn 2.993194 0.8067914 5.050231
vn 2.969136 0.8784826 5.1102
vn 2.947836 0.9519099 5.051286
vn 3.029081 0.741083 5.049698
vn 3.073151 0.6805938 5.049148
vn 2.939917 1.026338 5.051752
vn 2.996455 0.8078287 5.109647
vn 3.075955 0.6823553 5.108564
vn 3.128174 0.6274781 5.108035
vn 3.104706 0.704888 5.257694
vn 3.063657 0.7612071 5.258168
vn 3.032129 0.7425073 5.109096
vn 3.030267 0.8223665 5.2587
vn 3.355833 0.9434416 5.591168
vn 3.343919 0.9655186 5.591394
vn 3.004714 0.8885283 5.259271
vn 3.335058 0.9893951 5.591695
vn 3.328732 1.014081 5.59174
vn 2.988041 0.9574756 5.259684
vn 3.325949 1.039014 5.591851
vn 2.951354 0.9521173 5.110684
vn 2.98065 1.026777 5.260074
vn 2.943479 1.026123 5.11115
vn 2.945244 1.100516 5.111581
vn 2.982316 1.096412 5.260507
vn 3.326671 1.06407 5.592038
vn 2.993268 1.166503 5.260932
vn 3.013296 1.234536 5.26117
vn 3.330953 1.089178 5.592293
vn 3.337809 1.113705 5.592277
vn 2.939902 1.026356 5.049497
vn 2.941678 1.101171 5.049928
vn 2.941678 1.101171 5.049928
vn 2.939902 1.026356 5.049497
vn 2.941678 1.101171 5.049928
vn 2.953409 1.176444 5.050306
vn 2.953409 1.176444 5.050306
vn 2.97495 1.249517 5.050631
vn 2.939902 1.026356 5.049497
vn 2.947824 0.9519115 5.04903
vn 2.947824 0.9519115 5.04903
vn 2.965705 0.8778538 5.048529
vn 2.965705 0.8778538 5.048529
vn 2.947824 0.9519115 5.04903
vn 2.993186 0.8067887 5.047994
vn 2.993186 0.8067887 5.047994
vn 3.029063 0.7411009 5.04746
vn 3.029063 0.7411009 5.04746
vn 3.029063 0.7411009 5.04746
vn 3.07314 0.6806006 5.046928
vn 3.07314 0.6806006 5.046928
vn 3.125657 0.6254059 5.046363
vn 2.993186 0.8067887 5.047994
vn 2.965705 0.8778538 5.048529
vn 2.965705 0.8778538 5.048529
vn 2.947824 0.9519115 5.04903
vn 2.965705 0.8778538 5.048529
vn 2.993186 0.8067887 5.047994
vn 2.939902 1.026356 5.049497
vn 2.941678 1.101171 5.049928
vn 2.947824 0.9519115 5.04903
vn 2.939902 1.026356 5.049497
vn 2.941678 1.101171 5.049928
vn 2.940132 1.026281 5.063399
vn 2.941986 1.101818 5.064253
vn 2.944476 1.026121 5.119519
vn 2.94692 1.104847 5.122031
vn 2.948192 0.9511134 5.063355
vn 2.98266 1.109944 5.257988
vn 2.99428 1.166258 5.263526
vn 2.977672 1.026691 5.25241
vn 2.989493 0.9440511 5.256999
vn 3.118342 0.9543068 5.453773
vn 3.133503 0.9273473 5.461034
vn 2.953387 0.9478155 5.121096
vn 3.005707 0.8888288 5.261877
vn 2.96595 0.8778302 5.063277
vn 3.023805 0.8342725 5.256208
vn 3.136361 0.8966396 5.453354
vn 2.970605 0.8788506 5.122693
vn 2.995716 0.8123893 5.120114
vn 3.032976 0.7429807 5.117484
vn 3.061132 0.7596731 5.250488
vn 2.993089 0.807475 5.062319
vn 2.993186 0.8067887 5.047994
vn 3.029262 0.7411169 5.061345
vn 3.029063 0.7411009 5.04746
vn 3.029063 0.7411009 5.04746
vn 3.07314 0.6806006 5.046928
vn 3.07314 0.6806006 5.046928
vn 3.125657 0.6254059 5.046363
vn 3.073827 0.6800488 5.061218
vn 3.07314 0.6806006 5.046928
vn 3.125657 0.6254059 5.046363
vn 3.125657 0.6254059 5.046363
vn 3.125657 0.6254059 5.046363
vn 3.184987 0.5776054 5.045817
vn 3.184987 0.5776054 5.045817
vn 3.184987 0.5776054 5.045817
vn 3.248915 0.5386501 5.045311
vn 3.248915 0.5386501 5.045311
vn 3.248915 0.5386501 5.045311
vn 3.184987 0.5776054 5.045817
vn 3.248915 0.5386501 5.045311
vn 3.184987 0.5776054 5.045817
vn 3.248915 0.5386501 5.045311
vn 3.249049 0.5387208 5.059196
vn 3.184527 0.5781085 5.060143
vn 3.251203 0.5420225 5.115335
vn 3.184214 0.5835036 5.117957
vn 3.125854 0.6254565 5.061093
vn 3.079843 0.6796151 5.118978
vn 3.129231 0.6284958 5.120528
vn 3.154323 0.6542621 5.259845
vn 3.197299 0.6160805 5.254175
vn 3.112683 0.6939953 5.254997
vn 3.245298 0.7509126 5.459517
vn 3.218688 0.7667004 5.452231
vn 3.165741 0.8242528 5.44594
vn 2.941678 1.101171 5.049928
vn 2.941678 1.101171 5.049928
vn 2.953409 1.176444 5.050306
vn 2.953409 1.176444 5.050306
vn 2.97495 1.249517 5.050631
vn 2.97495 1.249517 5.050631
vn 3.005312 1.317954 5.050901
vn 2.953409 1.176444 5.050306
vn 2.97495 1.249517 5.050631
vn 2.953409 1.176444 5.050306
vn 2.941678 1.101171 5.049928
vn 2.939902 1.026356 5.049497
vn 2.941678 1.101171 5.049928
vn 2.939902 1.026356 5.049497
vn 2.941986 1.101818 5.064253
vn 2.953659 1.176315 5.065054
vn 2.94692 1.104847 5.122031
vn 2.958411 1.174974 5.124451
vn 2.99428 1.166258 5.263526
vn 2.977969 1.243288 5.122695
vn 3.007833 1.222185 5.258523
vn 3.009401 1.315567 5.120906
vn 3.038897 1.299664 5.253705
vn 3.084883 1.369299 5.259033
vn 2.97492 1.248664 5.064956
vn 2.97495 1.249517 5.050631
vn 3.050895 1.382542 5.123167
vn 3.123116 1.412259 5.264371
vn 3.00552 1.317792 5.064786
vn 3.005312 1.317954 5.050901
vn 3.044904 1.382298 5.065408
vn 3.005312 1.317954 5.050901
vn 3.044256 1.38186 5.051082
vn 3.092057 1.44119 5.051226
vn 3.044256 1.38186 5.051082
vn 3.092271 1.440988 5.065974
vn 3.095918 1.437532 5.125353
vn 3.147017 1.486921 5.123343
vn 3.162783 1.453894 5.259168
vn 3.146854 1.493008 5.065604
vn 3.210362 1.533791 5.121263
vn 3.22842 1.505468 5.25404
vn 3.207909 1.537569 5.065162
vn 3.147261 1.493716 5.051279
vn 3.207758 1.537792 5.051259
vn 3.207771 1.537799 5.051259
vn 3.147261 1.493716 5.051279
vn 3.207771 1.537799 5.051259
vn 3.092057 1.44119 5.051226
vn 3.147261 1.493716 5.051279
vn 3.044256 1.38186 5.051082
vn 3.147261 1.493716 5.051279
vn 3.207771 1.537799 5.051259
vn 3.092057 1.44119 5.051226
vn 3.092057 1.44119 5.051226
vn 3.147261 1.493716 5.051279
vn 3.207771 1.537799 5.051259
vn 3.092057 1.44119 5.051226
vn 3.044256 1.38186 5.051082
vn 3.044256 1.38186 5.051082
vn 3.005312 1.317954 5.050901
vn 3.005312 1.317954 5.050901
vn 2.97495 1.249517 5.050631
vn 2.953409 1.176444 5.050306
vn 3.207771 1.537799 5.051259
vn 3.207771 1.537799 5.051259
vn 3.273458 1.573675 5.051166
vn 3.273458 1.573675 5.051166
vn 3.207771 1.537799 5.051259
vn 3.344523 1.601156 5.051017
vn 3.273458 1.573675 5.051166
vn 3.344523 1.601156 5.051017
vn 3.273458 1.573675 5.051166
vn 3.207771 1.537799 5.051259
vn 3.418983 1.619107 5.050882
vn 3.41858 1.619038 5.050776
vn 3.273458 1.573675 5.051166
vn 3.344523 1.601156 5.051017
vn 3.207758 1.537792 5.051259
vn 3.207909 1.537569 5.065162
vn 3.274289 1.573752 5.065491
vn 3.210362 1.533791 5.121263
vn 3.344523 1.601156 5.051017
vn 3.344523 1.601156 5.051017
vn 3.420782 1.619411 5.051199
vn 3.492566 1.626944 5.05018
vn 3.492725 1.626949 5.050374
vn 3.493006 1.62696 5.050497
vn 3.567821 1.625188 5.050144
vn 3.423794 1.619909 5.051411
vn 3.564157 1.62551 5.047836
vn 3.643112 1.613457 5.049735
vn 3.636152 1.614956 5.041877
vn 3.553549 1.62627 5.042797
vn 3.708486 1.594513 5.032971
vn 3.716186 1.591918 5.049287
vn 3.778541 1.564131 5.022882
vn 3.784602 1.561568 5.0488
vn 3.752343 1.568481 4.951539
vn 3.680382 1.601083 4.992393
vn 3.614092 1.618717 5.023729
vn 3.578658 1.622763 5.00745
vn 3.538924 1.626971 5.038568
vn 3.631183 1.606428 4.943377
vn 3.547594 1.623934 4.99131
vn 3.525727 1.627305 5.037159
vn 3.493359 1.626977 5.049969
vn 3.426331 1.620318 5.051252
vn 3.493852 1.627 5.049422
vn 3.492654 1.626759 5.062127
vn 3.426737 1.620113 5.065067
vn 3.48943 1.622753 5.115355
vn 3.517904 1.627433 5.052453
vn 3.344645 1.60089 5.065765
vn 3.423954 1.615014 5.121907
vn 3.279798 1.57105 5.123233
vn 3.303078 1.542785 5.259056
vn 3.22842 1.505468 5.25404
vn 3.357682 1.560881 5.264173
vn 3.34628 1.596161 5.125145
vn 3.420499 1.579491 5.256392
vn 3.398243 1.432824 5.462768
vn 3.429997 1.451443 5.452933
vn 3.484654 1.591129 5.246054
vn 3.483615 1.463588 5.44864
vn 3.507966 1.452534 5.460952
vn 3.510221 1.595159 5.237348
vn 3.507578 1.45344 5.460061
vn 3.513481 1.624184 5.108378
vn 3.514961 1.603823 5.210552
vn 3.523137 1.627295 5.034851
vn 3.518309 1.611737 5.180863
vn 3.51845 1.54019 5.352262
vn 3.518327 1.625164 5.098459
vn 3.519595 1.626287 5.083711
vn 3.520899 1.627083 5.067483
vn 3.522326 1.626523 5.014676
vn 3.524899 1.618066 5.150455
vn 3.533268 1.614909 4.928474
vn 3.518873 1.624827 4.992033
vn 3.533269 1.57502 5.286907
vn 3.55022 1.440817 5.470802
vn 3.527348 1.398604 5.507243
vn 3.557619 1.57918 5.274538
vn 3.59205 1.448148 5.458431
vn 3.612048 1.571266 5.276508
vn 3.681282 1.435775 5.443953
vn 3.815322 1.403547 5.392418
vn 3.703198 1.552158 5.262742
vn 3.534925 1.619753 5.1393
vn 3.59878 1.614293 5.138171
vn 3.558377 1.618203 5.141238
vn 3.521886 1.627352 5.056929
vn 3.645667 1.608201 5.119509
vn 3.530326 1.627295 5.044806
vn 3.796517 1.521955 5.22714
vn 3.857488 1.498368 5.174731
vn 3.711867 1.591599 5.092386
vn 3.528 1.627318 5.053123
vn 3.510697 1.623079 4.976332
vn 3.524141 1.62735 5.055501
vn 3.491967 1.62159 4.968773
vn 3.444023 1.578717 4.826564
vn 3.455053 1.617716 4.961337
vn 3.495262 1.589991 4.843588
vn 3.538008 1.626895 5.032912
vn 3.78064 1.562443 5.081892
vn 3.519648 1.601795 4.876856
vn 3.520829 1.506203 4.693086
vn 3.471809 1.465134 4.648223
vn 3.553814 1.556557 4.772337
vn 3.374986 1.427149 4.633444
vn 3.226851 1.368096 4.662126
vn 3.348731 1.552473 4.817425
vn 3.518908 1.310857 4.531945
vn 3.451229 1.257119 4.512092
vn 3.574676 1.399163 4.590832
vn 3.586569 1.594277 4.86722
vn 3.390896 1.605676 4.953049
vn 3.226584 1.501444 4.833915
vn 3.139737 1.453091 4.87737
vn 3.305544 1.580387 4.9603
vn 3.220117 1.534092 4.941711
vn 3.701102 1.558752 4.845479
vn 3.637703 1.502342 4.709134
vn 3.678406 1.344158 4.577228
vn 3.773484 1.467424 4.741649
vn 3.827276 1.516348 4.907296
vn 3.539806 1.625197 5.001494
vn 3.546501 1.613113 4.922659
vn 3.11863 1.435466 4.884801
vn 3.882588 1.495499 5.08067
vn 3.778541 1.564131 5.022882
vn 3.784602 1.561568 5.0488
vn 3.84853 1.522612 5.048294
vn 3.8452 1.523753 5.013582
vn 3.752343 1.568481 4.951539
vn 3.90786 1.474812 5.047749
vn 3.827276 1.516348 4.907296
vn 3.905676 1.474863 5.006306
vn 3.958044 1.419484 5.00056
vn 3.960377 1.419617 5.047184
vn 4.001901 1.358889 4.995817
vn 4.004454 1.359117 5.046651
vn 3.93456 1.39982 4.856064
vn 3.888932 1.456754 4.875417
vn 3.820358 1.376319 4.679976
vn 3.773484 1.467424 4.741649
vn 4.001901 1.358889 4.995817
vn 4.004454 1.359117 5.046651
vn 4.04033 1.293429 5.046118
vn 4.037531 1.293202 4.99197
vn 3.971714 1.339734 4.840981
vn 3.958044 1.419484 5.00056
vn 4.067811 1.222364 5.045582
vn 3.93456 1.39982 4.856064
vn 4.064786 1.222245 4.989021
vn 4.001247 1.2765 4.829453
vn 4.082522 1.148327 4.987075
vn 4.085693 1.148306 5.045081
vn 4.090387 1.074076 4.986151
vn 4.044576 1.073219 4.814229
vn 4.093615 1.073862 5.044615
vn 4.088653 0.9994546 4.986196
vn 4.037966 1.141374 4.816086
vn 4.04362 1.004764 4.815335
vn 4.077056 0.9243053 4.98728
vn 3.898435 1.019828 4.614922
vn 3.89795 1.06839 4.613821
vn 3.894375 1.116791 4.615439
vn 3.887478 1.166429 4.620008
vn 4.023492 1.209789 4.821099
vn 3.877222 1.216926 4.628044
vn 3.863245 1.267879 4.639801
vn 3.844758 1.320555 4.656404
vn 3.820358 1.376319 4.679976
vn 3.888932 1.456754 4.875417
vn 4.090387 1.074076 4.986151
vn 4.093615 1.073862 5.044615
vn 4.091839 0.9990472 5.044184
vn 4.088653 0.9994546 4.986196
vn 4.080108 0.9237741 5.043805
vn 4.077056 0.9243053 4.98728
vn 4.055729 0.8513185 4.989386
vn 4.058567 0.8507004 5.04348
vn 4.02563 0.7828997 4.992446
vn 3.993965 0.8012963 4.838012
vn 4.028205 0.7822641 5.04321
vn 3.989261 0.7183579 5.043029
vn 3.986907 0.7188449 4.996476
vn 3.94146 0.659028 5.042885
vn 4.018179 0.8668809 4.827197
vn 4.034848 0.9353208 4.819591
vn 4.04362 1.004764 4.815335
vn 3.895708 0.9697481 4.618952
vn 3.898435 1.019828 4.614922
vn 3.889703 0.9184215 4.626456
vn 3.880018 0.8663121 4.637673
vn 3.865974 0.8120192 4.653743
vn 3.961894 0.73816 4.85244
vn 3.846296 0.7540729 4.676784
vn 3.93926 0.6592698 5.001548
vn 3.921113 0.6774262 4.871163
vn 3.864601 0.6126118 4.902365
vn 3.807162 0.6586885 4.737557
vn 3.883032 0.6055088 5.008225
vn 3.886256 0.6065019 5.042832
vn 3.794314 0.5540605 4.945902
vn 3.742737 0.5607283 4.840238
vn 3.819929 0.5596828 5.017003
vn 3.825759 0.5624262 5.042852
vn 3.89795 1.06839 4.613821
vn 3.713645 1.06145 4.504432
vn 3.71234 1.086188 4.505042
vn 3.894375 1.116791 4.615439
vn 3.710458 1.111984 4.506699
vn 3.887478 1.166429 4.620008
vn 3.877222 1.216926 4.628044
vn 3.708098 1.139295 4.509684
vn 3.863245 1.267879 4.639801
vn 3.704962 1.168421 4.514219
vn 3.700767 1.201032 4.521037
vn 3.844758 1.320555 4.656404
vn 3.694987 1.239528 4.531606
vn 3.820358 1.376319 4.679976
vn 3.773484 1.467424 4.741649
vn 3.678406 1.344158 4.577228
vn 3.585372 1.217164 4.498678
vn 3.588332 1.137595 4.480878
vn 3.819929 0.5596828 5.017003
vn 3.825759 0.5624262 5.042852
vn 3.760059 0.5265428 5.042945
vn 3.752625 0.5235302 5.026681
vn 3.794314 0.5540605 4.945902
vn 3.688994 0.4990621 5.043095
vn 3.725382 0.5152155 4.98624
vn 3.682245 0.4971091 5.035288
vn 3.677174 0.5064702 4.937252
vn 3.742737 0.5607283 4.840238
vn 3.611361 0.4805936 5.041062
vn 3.614937 0.4811797 5.043335
vn 3.540246 0.4732474 5.043526
vn 3.540228 0.4732476 5.043367
vn 3.540511 0.4732577 5.043614
vn 3.465696 0.4750295 5.043967
vn 3.466101 0.4749931 5.044073
vn 3.390405 0.4867609 5.044376
vn 3.601072 0.4790537 5.036075
vn 3.660785 0.491809 5.017208
vn 3.626196 0.4851056 5.000925
vn 3.59561 0.4816269 4.984254
vn 3.632012 0.5158939 4.860872
vn 3.586834 0.4772286 5.031863
vn 3.390405 0.4867609 5.044376
vn 3.467968 0.47483 5.04439
vn 3.317331 0.5082999 5.044825
vn 3.317331 0.5082999 5.044825
vn 3.248915 0.5386501 5.045311
vn 3.317331 0.5082999 5.044825
vn 3.248915 0.5386501 5.045311
vn 3.317331 0.5082999 5.044825
vn 3.390405 0.4867609 5.044376
vn 3.390405 0.4867609 5.044376
vn 3.390405 0.4867609 5.044376
vn 3.317331 0.5082999 5.044825
vn 3.318161 0.508125 5.059132
vn 3.471069 0.4745746 5.044601
vn 3.541215 0.47329 5.043156
vn 3.473677 0.4743742 5.044425
vn 3.573883 0.4758362 5.030294
vn 3.541814 0.4733201 5.042557
vn 3.540616 0.4733092 5.055191
vn 3.474099 0.4744451 5.058222
vn 3.537004 0.4763806 5.108369
vn 3.566059 0.4748701 5.045289
vn 3.39051 0.4868599 5.059107
vn 3.470892 0.4786202 5.115102
vn 3.323462 0.5105813 5.11691
vn 3.251203 0.5420225 5.115335
vn 3.391797 0.4909979 5.118559
vn 3.344395 0.5390435 5.253057
vn 3.266939 0.5701528 5.248465
vn 3.400322 0.52544 5.258003
vn 3.464549 0.5121228 5.24998
vn 3.430314 0.6540223 5.458123
vn 3.399408 0.6544142 5.450773
vn 3.470293 0.833721 5.580301
vn 3.324784 0.6777937 5.444373
vn 3.4128 0.8439816 5.576241
vn 3.26313 0.7257707 5.451791
vn 3.197299 0.6160805 5.254175
vn 3.463527 0.6381657 5.448058
vn 3.473906 0.8312752 5.579605
vn 3.509569 0.8250914 5.578703
vn 3.529586 0.5058932 5.239404
vn 3.518027 0.6304663 5.44358
vn 3.541427 0.6432037 5.455899
vn 3.555506 0.5039574 5.230224
vn 3.54111 0.6419333 5.45465
vn 3.561249 0.4770091 5.101005
vn 3.56095 0.4957438 5.202168
vn 3.571469 0.4757124 5.026841
vn 3.566253 0.4764901 5.090009
vn 3.567328 0.4755664 5.073076
vn 3.564685 0.4881271 5.170396
vn 3.567645 0.4750437 5.053676
vn 3.570395 0.476812 5.00478
vn 3.558941 0.5566651 5.343817
vn 3.556157 0.696595 5.501818
vn 3.5819 0.656047 5.463955
vn 3.570764 0.482338 5.136793
vn 3.575716 0.5231165 5.27539
vn 3.598357 0.5200747 5.260922
vn 3.623062 0.6514857 5.450952
vn 3.578464 0.4810638 5.122643
vn 3.647994 0.5310644 5.263165
vn 3.709013 0.6708567 5.437619
vn 3.83868 0.7141312 5.388843
vn 3.596103 0.483375 5.123544
vn 3.566042 0.4749134 5.039668
vn 3.628522 0.4888317 5.12328
vn 3.733027 0.5559533 5.252899
vn 3.67018 0.497192 5.110915
vn 3.549091 0.4738325 5.033148
vn 3.822419 0.5927476 5.222343
vn 3.882181 0.6215978 5.174248
vn 3.734701 0.5172105 5.090111
vn 3.556087 0.4742075 5.035914
vn 3.561954 0.4746282 5.036443
vn 3.529234 0.481178 4.949612
vn 3.554677 0.4807221 4.959339
vn 3.478734 0.5250189 4.810058
vn 3.481201 0.4832742 4.943289
vn 3.565725 0.4789014 4.978809
vn 3.551136 0.4740575 5.029272
vn 3.805148 0.5512339 5.082952
vn 3.53688 0.5160505 4.828629
vn 3.580562 0.4905993 4.919731
vn 3.564827 0.5043121 4.865043
vn 3.596067 0.5525595 4.76512
vn 3.558043 0.6025493 4.684676
vn 3.540088 0.7977699 4.528294
vn 3.603556 0.7128054 4.586593
vn 3.503913 0.6417944 4.639076
vn 3.675146 0.6132469 4.704422
vn 3.70237 0.7755202 4.574316
vn 3.807162 0.6586885 4.737557
vn 3.400587 0.6739008 4.624794
vn 3.245348 0.7216547 4.657456
vn 3.372926 0.546753 4.803584
vn 3.404553 0.4939983 4.939891
vn 3.242974 0.5918812 4.827049
vn 3.154544 0.6341769 4.876368
vn 3.315851 0.516595 4.955774
vn 3.23631 0.5562235 4.943329
vn 3.561848 0.4762926 5.001944
vn 3.577882 0.4893623 4.923928
vn 3.910378 0.6292183 5.08238
vn 3.138032 0.644461 4.887841
vn 3.594428 0.5667743 4.74097
vn 3.056314 0.7858002 4.820196
vn 3.251203 0.5420225 5.115335
vn 3.197299 0.6160805 5.254175
vn 3.266939 0.5701528 5.248465
vn 3.184214 0.5835036 5.117957
vn 3.245298 0.7509126 5.459517
vn 3.26313 0.7257707 5.451791
vn 3.154323 0.6542621 5.259845
vn 3.061132 0.7596731 5.250488
vn 3.023805 0.8342725 5.256208
vn 3.136361 0.8966396 5.453354
vn 3.165741 0.8242528 5.44594
vn 3.22842 1.505468 5.25404
vn 3.295009 1.400612 5.448688
vn 3.237528 1.347646 5.455511
vn 3.162783 1.453894 5.259168
vn 3.221813 1.321035 5.462916
vn 3.123116 1.412259 5.264371
vn 3.084883 1.369299 5.259033
vn 3.196601 1.303204 5.455437
vn 3.038897 1.299664 5.253705
vn 3.148544 1.241557 5.448427
vn 3.125235 1.166932 5.454971
vn 3.316081 1.153374 5.578467
vn 3.007833 1.222185 5.258523
vn 3.124912 1.136007 5.46228
vn 2.99428 1.166258 5.263526
vn 2.98266 1.109944 5.257988
vn 3.112007 1.107991 5.454682
vn 3.305423 1.093921 5.582547
vn 2.977672 1.026691 5.25241
vn 3.29011 1.037609 5.577911
vn 3.101233 1.030623 5.447421
vn 3.118342 0.9543068 5.453773
vn 3.22842 1.505468 5.25404
vn 3.367463 1.429982 5.455394
vn 3.295009 1.400612 5.448688
vn 3.303078 1.542785 5.259056
vn 3.398243 1.432824 5.462768
vn 3.357682 1.560881 5.264173
vn 3.527348 1.398604 5.507243
vn 3.507578 1.45344 5.460061
vn 3.51845 1.54019 5.352262
vn 3.514785 1.324172 5.555208
vn 3.566588 1.243056 5.588924
vn 3.527348 1.398604 5.507243
vn 3.55022 1.440817 5.470802
vn 3.537867 1.215052 5.59994
vn 3.514785 1.324172 5.555208
vn 3.542942 1.088745 5.622517
vn 3.524776 1.172569 5.611212
vn 3.530872 1.077961 5.623561
vn 3.532881 1.050279 5.624181
vn 3.518767 1.13195 5.618572
vn 3.528088 1.069397 5.623972
vn 3.504601 1.208111 5.602232
vn 3.507578 1.45344 5.460061
vn 3.515314 1.09796 5.622418
vn 3.50742 1.225206 5.597135
vn 3.507983 1.106243 5.621603
vn 3.514644 1.243142 5.591176
vn 3.507966 1.452534 5.460952
vn 3.491315 1.267391 5.581354
vn 3.522133 1.060094 5.624295
vn 3.530026 1.053997 5.62424
vn 3.516212 1.059689 5.624326
vn 3.519454 1.117061 5.620504
vn 3.501446 1.150913 5.615332
vn 3.516864 1.101538 5.622111
vn 3.519983 1.054649 5.624379
vn 3.519349 1.046773 5.624391
vn 3.5129 1.069996 5.624051
vn 3.520741 1.048006 5.624389
vn 3.456303 1.258319 5.582151
vn 3.429997 1.451443 5.452933
vn 3.398243 1.432824 5.462768
vn 3.487385 1.125661 5.618687
vn 3.457503 1.244306 5.587527
vn 3.516036 1.057398 5.62436
vn 3.525392 1.052253 5.624337
vn 3.526414 1.053715 5.624314
vn 3.45292 1.255571 5.58282
vn 3.367463 1.429982 5.455394
vn 3.498028 1.115 5.620442
vn 3.499244 1.127829 5.618883
vn 3.396466 1.240662 5.578612
vn 3.295009 1.400612 5.448688
vn 3.237528 1.347646 5.455511
vn 3.50601 1.067847 5.624033
vn 3.459528 1.141185 5.614297
vn 3.358865 1.195976 5.582897
vn 3.221813 1.321035 5.462916
vn 3.45463 1.099565 5.618919
vn 3.511173 1.054314 5.624364
vn 3.36711 1.187025 5.587604
vn 3.497253 1.05835 5.624018
vn 3.508495 1.049222 5.624346
vn 3.494416 1.045751 5.623957
vn 3.46677 1.095195 5.620468
vn 3.461414 1.10693 5.618931
vn 3.357526 1.194514 5.582897
vn 3.196601 1.303204 5.455437
vn 3.420342 1.09865 5.614225
vn 3.316081 1.153374 5.578467
vn 3.148544 1.241557 5.448427
vn 3.43692 1.060149 5.618771
vn 3.30586 1.095878 5.582556
vn 3.125235 1.166932 5.454971
vn 3.124912 1.136007 5.46228
vn 3.317455 1.092229 5.587276
vn 3.305423 1.093921 5.582547
vn 3.449607 1.062421 5.620355
vn 3.439107 1.06991 5.618817
vn 3.407688 1.042248 5.613955
vn 3.29011 1.037609 5.577911
vn 3.310001 0.9826847 5.581882
vn 3.118342 0.9543068 5.453773
vn 3.133503 0.9273473 5.461034
vn 3.441291 1.017173 5.618504
vn 3.32186 0.9853088 5.586638
vn 3.508723 1.04346 5.624312
vn 3.310604 0.980783 5.581871
vn 3.136361 0.8966396 5.453354
vn 3.451124 1.02549 5.620134
vn 3.438296 1.026723 5.618571
vn 3.325509 0.9243642 5.577098
vn 3.165741 0.8242528 5.44594
vn 3.218688 0.7667004 5.452231
vn 3.498275 1.033417 5.623868
vn 3.42494 0.9870443 5.613559
vn 3.370192 0.8867241 5.581057
vn 3.245298 0.7509126 5.459517
vn 3.466559 0.9821097 5.618186
vn 3.379145 0.8949183 5.585862
vn 3.371654 0.8853671 5.581039
vn 3.511807 1.03858 5.624269
vn 3.470929 0.9942315 5.619865
vn 3.459194 0.9888934 5.618258
vn 3.467475 0.9478745 5.613141
vn 3.4128 0.8439816 5.576241
vn 3.470293 0.833721 5.580301
vn 3.50779 1.024677 5.623776
vn 3.505975 0.9644002 5.617907
vn 3.473941 0.8452635 5.585144
vn 3.516899 1.035902 5.624231
vn 3.503702 0.9770689 5.619618
vn 3.493975 0.965581 5.61773
vn 3.473906 0.8312752 5.579605
vn 3.51482 1.023109 5.623771
vn 3.520617 1.038967 5.624286
vn 3.517269 1.033628 5.62417
vn 3.510063 0.9416003 5.614078
vn 3.509569 0.8250914 5.578703
vn 3.525251 0.97677 5.619666
vn 3.530819 0.8510444 5.58882
vn 3.541427 0.6432037 5.455899
vn 3.522115 0.8682204 5.59498
vn 3.54111 0.6419333 5.45465
vn 3.521375 0.9920102 5.621457
vn 3.5129 0.9865837 5.620888
vn 3.517886 0.8848698 5.600254
vn 3.537621 0.7699486 5.551445
vn 3.519525 0.995429 5.621804
vn 3.525762 0.961829 5.617546
vn 3.523225 1.033717 5.624137
vn 3.529921 1.024942 5.623707
vn 3.520829 1.045663 5.624374
vn 3.535119 0.921746 5.609656
vn 3.533392 1.016625 5.623194
vn 3.533128 1.044394 5.624146
vn 3.551576 0.8803751 5.597793
vn 3.556157 0.696595 5.501818
vn 3.53059 1.040448 5.624159
vn 3.54629 1.006881 5.622027
vn 3.582289 0.8547059 5.586367
vn 3.5819 0.656047 5.463955
vn 3.525815 1.041804 5.624275
vn 3.52696 1.04043 5.624235
vn 3.53133 1.03976 5.624129
vn 3.522961 1.0445 5.624345
vn 3.529974 1.042703 5.624207
vn 3.57753 0.9976147 5.618794
vn 3.544616 1.045645 5.623716
vn 3.533815 1.043848 5.62412
vn 3.532264 1.043108 5.624155
vn 3.54562 1.045117 5.623662
vn 3.527912 1.045892 5.624283
vn 3.521251 1.046421 5.624377
vn 3.532458 1.046121 5.624179
vn 3.534396 1.04554 5.624118
vn 3.534714 1.046844 5.624117
vn 3.534925 1.046174 5.624107
vn 3.546431 1.046068 5.623629
vn 3.578288 1.044078 5.621086
vn 3.546713 1.047038 5.62362
vn 3.532388 1.045029 5.624172
vn 3.527507 1.04524 5.624286
vn 3.528299 1.044535 5.624264
vn 3.577301 1.042351 5.621171
vn 3.532775 1.044253 5.624154
vn 3.523595 1.046949 5.624357
vn 3.576086 1.041453 5.621284
vn 3.636242 1.036804 5.61175
vn 3.637862 1.039518 5.611463
vn 3.636066 0.9932299 5.609073
vn 3.530731 1.047249 5.62423
vn 3.760498 1.025524 5.569856
vn 3.762734 1.032185 5.569078
vn 3.756923 0.9841523 5.567924
vn 3.636118 0.8524207 5.576211
vn 3.623062 0.6514857 5.450952
vn 3.746562 0.8591988 5.541097
vn 3.709013 0.6708567 5.437619
vn 3.89281 0.8855892 5.453075
vn 3.639272 1.042232 5.611202
vn 3.764709 1.037841 5.568307
vn 3.766333 1.042987 5.567628
vn 3.640399 1.044769 5.610987
vn 3.767514 1.047956 5.567104
vn 3.578888 1.045717 5.621037
vn 3.641246 1.047077 5.610817
vn 3.641703 1.049403 5.610724
vn 3.546924 1.046826 5.623608
vn 3.579345 1.04658 5.620993
vn 3.579769 1.047532 5.620952
vn 3.579909 1.049294 5.620941
vn 3.547347 1.04672 5.623585
vn 3.535207 1.045769 5.624095
vn 3.64179 1.051888 5.610702
vn 3.768109 1.052731 5.566814
vn 3.768197 1.057365 5.566728
vn 3.767758 1.061964 5.566855
vn 3.641494 1.054372 5.610754
vn 3.547576 1.047954 5.623579
vn 3.533004 1.047337 5.624171
vn 3.766825 1.066686 5.567176
vn 3.920846 1.071146 5.458886
vn 3.535295 1.047443 5.624102
vn 3.535066 1.049099 5.624115
vn 3.547259 1.049152 5.623599
vn 3.534837 1.048658 5.624121
vn 3.532529 1.050385 5.62419
vn 3.579626 1.051038 5.620972
vn 3.528071 1.049751 5.624295
vn 3.640875 1.056645 5.610869
vn 3.546836 1.049011 5.623621
vn 3.532194 1.04961 5.624199
vn 3.521216 1.047284 5.624382
vn 3.579135 1.051937 5.621024
vn 3.578606 1.052747 5.621078
vn 3.639853 1.058883 5.611063
vn 3.577866 1.054333 5.621148
vn 3.546642 1.048764 5.623631
vn 3.765274 1.071549 5.567741
vn 3.918129 1.085629 5.460545
vn 3.638514 1.061332 5.61131
vn 3.763265 1.076571 5.568465
vn 3.760871 1.082068 5.569283
vn 3.636911 1.063904 5.611597
vn 3.758155 1.088552 5.570107
vn 3.53466 1.047971 5.624125
vn 3.546272 1.049733 5.623651
vn 3.532352 1.048517 5.624193
vn 3.576738 1.05599 5.621252
vn 3.635078 1.066494 5.611914
vn 3.545391 1.050579 5.623695
vn 3.631465 1.109964 5.609722
vn 3.751457 1.129571 5.56853
vn 3.620472 1.249758 5.578767
vn 3.731797 1.252712 5.543084
vn 3.681282 1.435775 5.443953
vn 3.87996 1.239577 5.453897
vn 3.815322 1.403547 5.392418
vn 3.59205 1.448148 5.458431
vn 3.573373 1.100605 5.619401
vn 3.575469 1.056782 5.621374
vn 3.54444 1.04998 5.623742
vn 3.533533 1.050879 5.624162
vn 3.530696 1.054755 5.624219
vn 3.534256 1.049258 5.62414
vn 3.531929 1.051478 5.624205
vn 3.529603 1.051689 5.624261
vn 3.522749 1.049346 5.624374
vn 3.527806 1.048359 5.624298
vn 3.527348 1.048993 5.624308
vn 3.518908 1.310857 4.531945
vn 3.574676 1.399163 4.590832
vn 3.585372 1.217164 4.498678
vn 3.517692 1.146178 4.477755
vn 3.588332 1.137595 4.480878
vn 3.443722 1.107185 4.477195
vn 3.451229 1.257119 4.512092
vn 3.516935 1.088033 4.470953
vn 3.441204 1.060297 4.474761
vn 3.516318 1.079452 4.470452
vn 3.58886 1.118601 4.478335
vn 3.515772 1.072774 4.470151
vn 3.694987 1.239528 4.531606
vn 3.700767 1.201032 4.521037
vn 3.589247 1.103324 4.476751
vn 3.704962 1.168421 4.514219
vn 3.708098 1.139295 4.509684
vn 3.589582 1.090198 4.475721
vn 3.710458 1.111984 4.506699
vn 3.439706 1.057231 4.474915
vn 3.315571 1.032499 4.50618
vn 3.438384 1.055029 4.475071
vn 3.313067 1.034508 4.507056
vn 3.318565 1.068886 4.505115
vn 3.515331 1.067171 4.469959
vn 3.589917 1.078217 4.475049
vn 3.437291 1.05339 4.47521
vn 3.590341 1.067116 4.474666
vn 3.71234 1.086188 4.505042
vn 3.590764 1.056562 4.474504
vn 3.515067 1.05348 4.469718
vn 3.713645 1.06145 4.504432
vn 3.514979 1.057709 4.469758
vn 3.515049 1.06222 4.469835
vn 3.436481 1.052104 4.475317
vn 3.307499 1.04041 4.50905
vn 3.436041 1.051082 4.475377
vn 3.308926 1.038366 4.508538
vn 3.714441 1.036693 4.504769
vn 3.89795 1.06839 4.613821
vn 3.898435 1.019828 4.614922
vn 3.714738 1.010791 4.506139
vn 3.895708 0.9697481 4.618952
vn 3.889703 0.9184215 4.626456
vn 3.591221 1.046043 4.474542
vn 3.310815 1.036411 4.507859
vn 3.150932 1.017208 4.60161
vn 3.148726 1.022511 4.60307
vn 3.153603 1.011446 4.599891
vn 3.156706 1.004663 4.598023
vn 3.158643 1.031412 4.594577
vn 3.147067 1.02762 4.604161
vn 3.146031 1.032606 4.604802
vn 3.306652 1.042542 4.509346
vn 3.16809 1.153183 4.59857
vn 3.435901 1.050201 4.475396
vn 3.306317 1.044656 4.509452
vn 3.306493 1.046806 4.509365
vn 3.43611 1.04932 4.475367
vn 3.307182 1.048973 4.509088
vn 3.329296 1.205542 4.523575
vn 3.374986 1.427149 4.633444
vn 3.226851 1.368096 4.662126
vn 3.471809 1.465134 4.648223
vn 3.515331 1.049269 4.469708
vn 3.436622 1.048333 4.475297
vn 3.59175 1.034924 4.474798
vn 3.515772 1.044776 4.469731
vn 3.516477 1.03986 4.469797
vn 3.592436 1.022943 4.475332
vn 3.517358 1.034309 4.469922
vn 3.437555 1.047117 4.475172
vn 3.714687 0.9833202 4.508821
vn 3.880018 0.8663121 4.637673
vn 3.593196 1.009797 4.476209
vn 3.714017 0.9539284 4.513041
vn 3.712588 0.9209245 4.519518
vn 3.865974 0.8120192 4.653743
vn 3.71007 0.8818557 4.529702
vn 3.846296 0.7540729 4.676784
vn 3.807162 0.6586885 4.737557
vn 3.70237 0.7755202 4.574316
vn 3.594094 0.9944846 4.477619
vn 3.598939 0.8956813 4.496845
vn 3.603556 0.7128054 4.586593
vn 3.540088 0.7977699 4.528294
vn 3.595186 0.9754184 4.479955
vn 3.525357 0.9613606 4.476632
vn 3.518468 1.027684 4.470144
vn 3.448233 0.9942913 4.476511
vn 3.467458 0.8466969 4.508979
vn 3.519807 1.019173 4.470543
vn 3.441996 1.040563 4.474646
vn 3.314688 1.057503 4.506273
vn 3.440269 1.043505 4.474833
vn 3.438771 1.045584 4.475015
vn 3.320364 1.021822 4.504873
vn 3.312327 1.0553 4.507135
vn 3.308472 1.051123 4.508587
vn 3.310212 1.05322 4.507925
vn 3.149533 1.058051 4.601617
vn 3.151809 1.06399 4.599895
vn 3.147697 1.052606 4.603073
vn 3.146382 1.04739 4.604171
vn 3.145696 1.042333 4.604805
vn 3.154417 1.07095 4.598048
vn 3.158225 1.044768 4.594553
vn 3.175558 0.9263929 4.598046
vn 3.34077 0.8884504 4.521482
vn 3.400587 0.6739008 4.624794
vn 3.245348 0.7216547 4.657456
vn 3.503913 0.6417944 4.639076
vn 3.574676 1.399163 4.590832
vn 3.678406 1.344158 4.577228
vn 3.585372 1.217164 4.498678
vn 3.637703 1.502342 4.709134
vn 3.586569 1.594277 4.86722
vn 3.553814 1.556557 4.772337
vn 3.114396 0.7603197 4.75132
vn 3.245348 0.7216547 4.657456
vn 3.372926 0.546753 4.803584
vn 3.045874 0.9455716 4.729766
vn 3.175558 0.9263929 4.598046
vn 3.158225 1.044768 4.594553
vn 3.033441 1.059328 4.731378
vn 3.154417 1.07095 4.598048
vn 3.019291 0.8300481 4.853581
vn 3.154544 0.6341769 4.876368
vn 3.242974 0.5918812 4.827049
vn 3.032787 1.079308 4.733604
vn 3.030899 1.068841 4.735731
vn 3.151809 1.06399 4.599895
vn 3.029386 1.060189 4.737702
vn 3.149533 1.058051 4.601617
vn 3.147697 1.052606 4.603073
vn 2.974166 1.087337 4.853301
vn 2.973217 1.081081 4.854867
vn 2.964374 1.081107 4.881998
vn 2.972889 1.074051 4.854791
vn 2.974514 1.009244 4.853061
vn 3.028233 1.052471 4.739369
vn 3.146382 1.04739 4.604171
vn 2.965015 1.066748 4.877836
vn 2.972031 1.063214 4.856181
vn 2.971475 1.053716 4.857355
vn 2.963409 1.069143 4.883422
vn 3.007985 0.8242851 4.893803
vn 2.969642 0.9758993 4.878266
vn 3.056314 0.7858002 4.820196
vn 3.08293 0.6908754 4.920259
vn 3.315851 0.516595 4.955774
vn 3.404553 0.4939983 4.939891
vn 3.138032 0.644461 4.887841
vn 3.23631 0.5562235 4.943329
vn 3.011996 0.9674046 4.779272
vn 3.594428 0.5667743 4.74097
vn 3.638319 0.7587694 4.563654
vn 3.000784 1.04382 4.788088
vn 3.663589 0.8888912 4.512469
vn 3.66743 0.9260733 4.50369
vn 2.999789 1.041335 4.790154
vn 3.669365 0.9575474 4.497986
vn 2.999014 1.039008 4.791809
vn 2.962802 1.059363 4.884637
vn 2.962432 1.050799 4.885639
vn 2.962266 1.04287 4.886374
vn 2.998445 1.036753 4.793075
vn 3.670213 0.9855278 4.494232
vn 2.998069 1.034549 4.79397
vn 3.670371 1.011624 4.491848
vn 3.669931 1.036205 4.490569
vn 2.997856 1.032382 4.794549
vn 3.669101 1.05964 4.490249
vn 2.971177 1.044941 4.858251
vn 3.027457 1.045246 4.740635
vn 3.02711 1.038356 4.741376
vn 3.145696 1.042333 4.604805
vn 3.02714 1.031766 4.741652
vn 2.971129 1.036677 4.858796
vn 2.962276 1.035381 4.88685
vn 2.997828 1.030268 4.794764
vn 2.971303 1.028765 4.859022
vn 2.998 1.028171 4.794585
vn 3.66792 1.083074 4.490821
vn 2.962453 1.028244 4.887054
vn 2.962806 1.021108 4.886964
vn 2.963351 1.013637 4.886608
vn 2.99837 1.026039 4.79402
vn 3.666284 1.107566 4.492372
vn 2.971707 1.020871 4.858913
vn 2.998899 1.023854 4.793156
vn 3.663907 1.133503 4.495036
vn 3.660679 1.161269 4.499093
vn 2.999628 1.02167 4.791908
vn 2.964112 1.005691 4.88599
vn 3.000561 1.019415 4.790285
vn 3.65608 1.192367 4.505128
vn 3.001733 1.017019 4.788237
vn 2.968327 0.9752971 4.882862
vn 3.649122 1.228945 4.514298
vn 3.614393 1.352834 4.565228
vn 3.007779 1.096103 4.778433
vn 3.5594 1.537858 4.741088
vn 2.966464 0.9873142 4.884065
vn 3.041732 1.284697 4.817596
vn 3.11863 1.435466 4.884801
vn 2.965117 0.9971099 4.885141
vn 2.974557 0.9943529 4.856682
vn 2.976219 0.9834998 4.855447
vn 3.031356 1.00354 4.737946
vn 2.973305 1.003834 4.857713
vn 2.972361 1.012608 4.858488
vn 2.967857 0.9898183 4.878516
vn 2.995274 1.242786 4.89129
vn 3.067512 1.388904 4.917717
vn 3.029666 1.011169 4.739552
vn 3.027564 1.025194 4.741439
vn 2.96583 1.082747 4.877509
vn 3.00693 1.237763 4.851622
vn 3.139737 1.453091 4.87737
vn 2.973123 1.049101 4.852652
vn 3.040143 1.121511 4.729137
vn 3.099082 1.317585 4.751529
vn 3.226584 1.501444 4.833915
vn 3.226851 1.368096 4.662126
vn 3.16809 1.153183 4.59857
vn 3.158643 1.031412 4.594577
vn 2.977114 0.9761515 4.855619
vn 3.035332 1.004722 4.731616
vn 3.156706 1.004663 4.598023
vn 2.978482 0.9701802 4.854176
vn 3.036081 0.9845644 4.734029
vn 3.033469 0.9949415 4.736056
vn 3.153603 1.011446 4.599891
vn 3.150932 1.017208 4.60161
vn 3.148726 1.022511 4.60307
vn 3.147067 1.02762 4.604161
vn 3.028393 1.01834 4.74075
vn 3.146031 1.032606 4.604802
vn 3.145567 1.037469 4.605026
vn 3.306652 1.042542 4.509346
vn 3.306317 1.044656 4.509452
vn 3.306493 1.046806 4.509365
vn 3.307182 1.048973 4.509088
vn 3.89281 0.8855892 5.453075
vn 3.746562 0.8591988 5.541097
vn 3.756923 0.9841523 5.567924
vn 3.908193 0.9809455 5.465778
vn 4.008773 0.9338589 5.325876
vn 3.760498 1.025524 5.569856
vn 3.83868 0.7141312 5.388843
vn 3.709013 0.6708567 5.437619
vn 3.958584 0.787372 5.309911
vn 3.733027 0.5559533 5.252899
vn 3.822419 0.5927476 5.222343
vn 4.015152 0.8025067 5.200779
vn 3.882181 0.6215978 5.174248
vn 3.908389 0.6314607 5.11556
vn 3.989383 0.7280737 5.126129
vn 3.910378 0.6292183 5.08238
vn 4.014084 0.7578722 5.071517
vn 4.054762 0.9031209 5.19632
vn 4.053416 0.8549536 5.132182
vn 4.079494 0.9548594 5.134172
vn 4.068124 0.9711716 5.199037
vn 4.084786 0.9970939 5.135756
vn 4.07591 0.9069903 5.061208
vn 3.594428 0.5667743 4.74097
vn 3.638319 0.7587694 4.563654
vn 4.089871 0.9831808 5.066961
vn 3.663589 0.8888912 4.512469
vn 3.66743 0.9260733 4.50369
vn 4.091951 1.004096 5.066264
vn 3.669365 0.9575474 4.497986
vn 4.017547 0.9856626 5.327039
vn 4.070858 1.002182 5.202008
vn 3.913618 1.015358 5.464942
vn 4.020817 1.010314 5.325757
vn 3.916047 1.026002 5.463374
vn 3.762734 1.032185 5.569078
vn 4.022615 1.023565 5.324071
vn 4.023959 1.034455 5.322438
vn 3.918081 1.034883 5.461835
vn 3.764709 1.037841 5.568307
vn 3.766333 1.042987 5.567628
vn 4.072303 1.018199 5.200956
vn 3.919682 1.042812 5.460496
vn 3.767514 1.047956 5.567104
vn 4.086273 1.014592 5.13495
vn 4.073184 1.03122 5.199921
vn 4.093077 1.021029 5.065635
vn 4.087097 1.028758 5.134181
vn 4.093646 1.035689 5.065112
vn 3.670213 0.9855278 4.494232
vn 4.087524 1.041075 5.133532
vn 4.087665 1.05237 5.133042
vn 4.093839 1.049169 5.064693
vn 3.670371 1.011624 4.491848
vn 3.669931 1.036205 4.490569
vn 4.073702 1.04255 5.199011
vn 4.093728 1.061767 5.064468
vn 3.669101 1.05964 4.490249
vn 4.024926 1.044041 5.321031
vn 4.073937 1.052982 5.198307
vn 3.920809 1.050301 5.459459
vn 4.025541 1.05294 5.31994
vn 3.921335 1.057455 5.458877
vn 3.768109 1.052731 5.566814
vn 4.02576 1.06138 5.319313
vn 4.025631 1.069432 5.319101
vn 3.921359 1.06431 5.458674
vn 3.768197 1.057365 5.566728
vn 3.767758 1.061964 5.566855
vn 3.920846 1.071146 5.458886
vn 4.073913 1.062796 5.19789
vn 4.087571 1.062995 5.13273
vn 4.073664 1.072135 5.197734
vn 4.093365 1.073749 5.064367
vn 4.087272 1.073092 5.132611
vn 4.092748 1.085731 5.064406
vn 3.66792 1.083074 4.490821
vn 4.086768 1.08317 5.132666
vn 4.086019 1.093778 5.132899
vn 4.091825 1.098329 5.064587
vn 3.666284 1.107566 4.492372
vn 3.663907 1.133503 4.495036
vn 4.073192 1.081474 5.197826
vn 4.090528 1.111774 5.064927
vn 3.660679 1.161269 4.499093
vn 4.025156 1.077485 5.319298
vn 4.072454 1.091289 5.198183
vn 3.919785 1.078247 5.459501
vn 3.766825 1.066686 5.567176
vn 3.918129 1.085629 5.460545
vn 4.02431 1.085889 5.319901
vn 4.023044 1.094752 5.320944
vn 4.021369 1.104249 5.322321
vn 4.071411 1.101702 5.19882
vn 4.084976 1.105089 5.133308
vn 3.915948 1.093453 5.461907
vn 3.765274 1.071549 5.567741
vn 3.763265 1.076571 5.568465
vn 3.760871 1.082068 5.569283
vn 3.913267 1.102156 5.463475
vn 3.758155 1.088552 5.570107
vn 4.088752 1.126399 5.06539
vn 4.070014 1.113013 5.19965
vn 4.086228 1.143278 5.065942
vn 3.65608 1.192367 4.505128
vn 4.083567 1.117388 5.133859
vn 4.081604 1.131554 5.134515
vn 4.078707 1.149017 5.135174
vn 4.082404 1.164123 5.06653
vn 3.649122 1.228945 4.514298
vn 3.614393 1.352834 4.565228
vn 4.068116 1.125999 5.200608
vn 4.062287 1.238643 5.060706
vn 3.5594 1.537858 4.741088
vn 4.019212 1.115049 5.323925
vn 4.065414 1.141997 5.201546
vn 3.910073 1.112639 5.46506
vn 4.016431 1.128211 5.325552
vn 3.902116 1.146506 5.466031
vn 3.751457 1.129571 5.56853
vn 4.011325 1.152492 5.326796
vn 3.998849 1.20271 5.325686
vn 3.87996 1.239577 5.453897
vn 3.731797 1.252712 5.543084
vn 3.815322 1.403547 5.392418
vn 3.939977 1.341367 5.310472
vn 4.060225 1.172853 5.198422
vn 4.069997 1.1909 5.133302
vn 4.041796 1.238984 5.195362
vn 3.990652 1.379069 5.070375
vn 3.996365 1.333126 5.19941
vn 4.036354 1.287527 5.130639
vn 3.964924 1.405866 5.123984
vn 3.882588 1.495499 5.08067
vn 3.546501 1.613113 4.922659
vn 3.88257 1.491787 5.113654
vn 3.78064 1.562443 5.081892
vn 3.857488 1.498368 5.174731
vn 3.796517 1.521955 5.22714
vn 3.703198 1.552158 5.262742
vn 3.711867 1.591599 5.092386
vn 3.88257 1.491787 5.113654
vn 3.857488 1.498368 5.174731
vn 3.78064 1.562443 5.081892
vn 3.4128 0.8439816 5.576241
vn 3.324784 0.6777937 5.444373
vn 3.26313 0.7257707 5.451791
vn 3.371654 0.8853671 5.581039
vn 3.245298 0.7509126 5.459517
vn 3.470293 0.833721 5.580301
vn 3.399408 0.6544142 5.450773
vn 3.473941 0.8452635 5.585144
vn 3.430314 0.6540223 5.458123
vn 3.473906 0.8312752 5.579605
vn 3.491315 1.267391 5.581354
vn 3.483615 1.463588 5.44864
vn 3.507966 1.452534 5.460952
vn 3.429997 1.451443 5.452933
vn 3.099082 1.317585 4.751529
vn 3.226584 1.501444 4.833915
vn 3.348731 1.552473 4.817425
vn 3.226851 1.368096 4.662126
vn 3.384747 0.6837747 5.473325
vn 3.433871 0.669462 5.473167
vn 3.492548 0.9275403 5.610726
vn 3.48439 0.6614337 5.472752
vn 3.477024 0.9319984 5.610797
vn 3.512477 1.016079 5.623386
vn 3.338778 0.7040962 5.47359
vn 3.508477 0.9249508 5.610616
vn 3.534625 0.6601675 5.472449
vn 3.462507 0.9383973 5.610891
vn 3.508477 1.017242 5.62341
vn 3.448973 0.9466945 5.61101
vn 3.295871 0.7303126 5.473989
vn 3.436464 0.9568979 5.611146
vn 3.498046 1.023638 5.623495
vn 3.256139 0.7625418 5.474509
vn 3.220758 0.799491 5.474733
vn 3.425257 0.9685267 5.611241
vn 3.191097 0.8400838 5.475037
vn 3.501271 1.021013 5.623465
vn 3.504741 1.018881 5.623435
vn 3.50446 1.018317 5.623399
vn 3.508265 1.016625 5.623372
vn 3.481113 0.9738285 5.618234
vn 3.5009 1.020484 5.623427
vn 3.415884 0.9813192 5.611348
vn 3.495174 1.026634 5.623525
vn 3.408305 0.9952731 5.611471
vn 3.16706 0.884239 5.475461
vn 3.402597 1.010374 5.61161
vn 3.489324 1.037399 5.623614
vn 3.148758 0.9320104 5.475964
vn 3.136597 0.981699 5.476161
vn 3.398702 1.026038 5.611694
vn 3.131214 1.031671 5.476415
vn 3.490804 1.033523 5.623584
vn 3.492759 1.029928 5.623554
vn 3.492214 1.029594 5.623519
vn 3.494663 1.026228 5.623488
vn 3.44975 1.002725 5.618543
vn 3.490222 1.033241 5.623549
vn 3.497588 1.023145 5.623457
vn 3.456021 0.9940903 5.618463
vn 3.471986 0.9793789 5.618305
vn 3.463511 0.9861974 5.618382
vn 3.394457 0.9114782 5.594008
vn 3.377734 0.9290973 5.594195
vn 3.413415 0.8962533 5.593848
vn 3.277087 0.7849955 5.500494
vn 3.244665 0.819143 5.500876
vn 3.313774 0.7555017 5.500197
vn 3.363692 0.9483922 5.594374
vn 3.217427 0.8565357 5.501218
vn 3.195258 0.897131 5.501554
vn 3.433802 0.8838314 5.593685
vn 3.35328 0.7314353 5.499886
vn 3.395567 0.7126685 5.499582
vn 3.352238 0.9693421 5.594543
vn 3.178226 0.9410253 5.501842
vn 3.455616 0.8741392 5.593526
vn 3.44071 0.699311 5.499262
vn 3.444622 1.012081 5.618618
vn 3.343447 0.9920022 5.594705
vn 3.490875 0.9694937 5.618164
vn 3.478911 0.8672366 5.593369
vn 3.488672 1.037188 5.623578
vn 3.512318 1.015427 5.623346
vn 3.337771 1.01563 5.594877
vn 3.167228 0.986801 5.502197
vn 3.440675 1.02223 5.618691
vn 3.438155 1.032802 5.618768
vn 3.437026 1.043427 5.618835
vn 3.335251 1.039365 5.595027
vn 3.162327 1.032807 5.502481
vn 3.163421 1.079025 5.502742
vn 3.487703 1.041311 5.623607
vn 3.335798 1.063223 5.595157
vn 3.170631 1.125559 5.502946
vn 3.488337 1.041434 5.623641
vn 3.487262 1.045469 5.623633
vn 3.396976 1.041808 5.611783
vn 3.487897 1.045487 5.623666
vn 3.397397 1.057667 5.611882
vn 3.132473 1.081924 5.47676
vn 3.488003 1.049575 5.623689
vn 3.488654 1.053645 5.623711
vn 3.399989 1.073595 5.611986
vn 3.14051 1.132441 5.477163
vn 3.154816 1.18155 5.477235
vn 3.48735 1.049628 5.623656
vn 3.404446 1.089101 5.612032
vn 3.175152 1.227539 5.477355
vn 3.437275 1.054087 5.618895
vn 3.488002 1.053804 5.623678
vn 3.339516 1.087239 5.595271
vn 3.438929 1.064836 5.618947
vn 3.346423 1.110551 5.595386
vn 3.183982 1.170703 5.503181
vn 3.442014 1.075249 5.618995
vn 3.446349 1.08501 5.619033
vn 3.356116 1.132364 5.595473
vn 3.202751 1.21299 5.503348
vn 3.226814 1.252498 5.503459
vn 3.489201 1.057874 5.623695
vn 3.368522 1.152749 5.59553
vn 3.256327 1.289185 5.50351
vn 3.489817 1.057645 5.623728
vn 3.490892 1.06168 5.62371
vn 3.410844 1.103637 5.612078
vn 3.491456 1.06138 5.623741
vn 3.419142 1.11717 5.612128
vn 3.201373 1.270443 5.477542
vn 3.493588 1.064852 5.623753
vn 3.496213 1.068076 5.623761
vn 3.429345 1.129662 5.612178
vn 3.23358 1.310161 5.477772
vn 3.270529 1.345544 5.477663
vn 3.493059 1.065222 5.623721
vn 3.440974 1.140869 5.612168
vn 3.311132 1.375209 5.477592
vn 3.451916 1.094138 5.619061
vn 3.49572 1.068534 5.623728
vn 3.383744 1.171692 5.595561
vn 3.458718 1.102613 5.619077
vn 3.40138 1.188416 5.595592
vn 3.290463 1.321601 5.503582
vn 3.466611 1.110102 5.619087
vn 3.475245 1.116392 5.619084
vn 3.420676 1.202474 5.595587
vn 3.327853 1.348841 5.503572
vn 3.36845 1.371025 5.50351
vn 3.498786 1.071459 5.623731
vn 3.441626 1.213927 5.595555
vn 3.412359 1.388049 5.503379
vn 3.499209 1.070948 5.623763
vn 3.502169 1.073908 5.623731
vn 3.453784 1.150261 5.612155
vn 3.502504 1.073362 5.623761
vn 3.467721 1.157821 5.612145
vn 3.355285 1.39925 5.477591
vn 3.506098 1.075318 5.623757
vn 3.509975 1.076798 5.623749
vn 3.482822 1.163545 5.612134
vn 3.403053 1.417542 5.477634
vn 3.452744 1.429711 5.477332
vn 3.505816 1.0759 5.623726
vn 3.498487 1.167439 5.612063
vn 3.502733 1.435106 5.477072
vn 3.484619 1.121503 5.619072
vn 3.509763 1.07745 5.623716
vn 3.464285 1.222722 5.595494
vn 3.494751 1.125448 5.619046
vn 3.487914 1.228397 5.59543
vn 3.458137 1.399057 5.503271
vn 3.505323 1.127986 5.619015
vn 3.515948 1.129113 5.618975
vn 3.511648 1.230916 5.59534
vn 3.504125 1.403941 5.5031
vn 3.550361 1.402855 5.502879
vn 3.513886 1.078437 5.623703
vn 3.535489 1.23035 5.59523
vn 3.596878 1.39566 5.502587
vn 3.51401 1.077785 5.623736
vn 3.518009 1.07886 5.623688
vn 3.514274 1.169165 5.611992
vn 3.518045 1.078225 5.62372
vn 3.530114 1.168744 5.611928
vn 3.552968 1.433836 5.476912
vn 3.522133 1.078119 5.623701
vn 3.52622 1.077467 5.62368
vn 3.546043 1.166155 5.611865
vn 3.603503 1.425799 5.476783
vn 3.652612 1.411498 5.476328
vn 3.522185 1.078771 5.623669
vn 3.561566 1.161695 5.611745
vn 3.698598 1.391174 5.475941
vn 3.526608 1.128867 5.618924
vn 3.526379 1.078119 5.623646
vn 3.559523 1.22665 5.595087
vn 3.537357 1.127212 5.618864
vn 3.582816 1.219741 5.594956
vn 3.642038 1.382287 5.502354
vn 3.54777 1.12411 5.618804
vn 3.557532 1.119776 5.618735
vn 3.604631 1.210054 5.594805
vn 3.68431 1.363541 5.50205
vn 3.723812 1.339467 5.501736
vn 3.530432 1.076922 5.623621
vn 3.625018 1.197631 5.594642
vn 3.760518 1.309957 5.501361
vn 3.53022 1.076305 5.623654
vn 3.534238 1.07523 5.623594
vn 3.576085 1.155298 5.611634
vn 3.533956 1.074666 5.623627
vn 3.589618 1.147001 5.611535
vn 3.741488 1.36496 5.475657
vn 3.537427 1.072534 5.6236
vn 3.540651 1.069908 5.623571
vn 3.602128 1.136781 5.611443
vn 3.78122 1.332729 5.475447
vn 3.816602 1.295781 5.474925
vn 3.537797 1.073063 5.623566
vn 3.613318 1.12517 5.611303
vn 3.846262 1.255187 5.474494
vn 3.566659 1.114225 5.618661
vn 3.541109 1.070402 5.623535
vn 3.643975 1.182423 5.594451
vn 3.575151 1.107423 5.618579
vn 3.660697 1.164786 5.594289
vn 3.792938 1.275826 5.501049
vn 3.582623 1.099531 5.618504
vn 3.588913 1.090896 5.618425
vn 3.67476 1.145493 5.594112
vn 3.820163 1.238437 5.500721
vn 3.842342 1.197837 5.500382
vn 3.544034 1.067336 5.623504
vn 3.686194 1.124541 5.593942
vn 3.859363 1.153946 5.500016
vn 3.543524 1.066913 5.62354
vn 3.546484 1.063971 5.623474
vn 3.62271 1.112361 5.611176
vn 3.545938 1.063618 5.62351
vn 3.630267 1.098405 5.611074
vn 3.870296 1.21103 5.474196
vn 3.547893 1.060041 5.62348
vn 3.549374 1.056147 5.623452
vn 3.635994 1.083322 5.610982
vn 3.888599 1.16326 5.473981
vn 3.900761 1.113571 5.473492
vn 3.548474 1.060305 5.623444
vn 3.639887 1.067657 5.610851
vn 3.906147 1.0636 5.473117
vn 3.594023 1.081522 5.61835
vn 3.550025 1.056359 5.623413
vn 3.695004 1.101882 5.593756
vn 3.597969 1.07139 5.618269
vn 3.700661 1.078253 5.59361
vn 3.870376 1.108152 5.499736
vn 3.600507 1.060801 5.618199
vn 3.601636 1.050193 5.618133
vn 3.703181 1.054519 5.593462
vn 3.875257 1.062163 5.499456
vn 3.874172 1.015945 5.499186
vn 3.551012 1.052236 5.623385
vn 3.702632 1.030661 5.593321
vn 3.866961 0.9694105 5.498918
vn 3.55036 1.05213 5.623424
vn 3.551435 1.048113 5.62336
vn 3.641614 1.05187 5.610741
vn 3.550801 1.048077 5.623398
vn 3.641191 1.03603 5.610662
vn 3.904895 1.013347 5.472887
vn 3.550695 1.043989 5.623375
vn 3.550043 1.039901 5.623355
vn 3.638601 1.020101 5.610604
vn 3.896848 0.9628289 5.472787
vn 3.882541 0.9137205 5.472419
vn 3.551347 1.043937 5.623336
vn 3.634143 1.004578 5.61051
vn 3.862217 0.8677357 5.472181
vn 3.601388 1.039533 5.618072
vn 3.550694 1.039743 5.623314
vn 3.698914 1.006645 5.593191
vn 3.599732 1.028785 5.618014
vn 3.692009 0.9833512 5.5931
vn 3.853608 0.9242488 5.498747
vn 3.59663 1.018354 5.617972
vn 3.592296 1.008592 5.617936
vn 3.682334 0.9615382 5.593017
vn 3.834844 0.8819765 5.498594
vn 3.810772 0.8424727 5.498472
vn 3.549496 1.03569 5.623297
vn 3.669916 0.9411491 5.592953
vn 3.781276 0.8057866 5.498354
vn 3.54888 1.035902 5.623337
vn 3.547805 1.031884 5.623282
vn 3.627749 0.9900579 5.610445
vn 3.547241 1.032166 5.623322
vn 3.619448 0.9765266 5.610415
vn 3.836003 0.8248277 5.472103
vn 3.545109 1.028695 5.623312
vn 3.542484 1.025471 5.623306
vn 3.609229 0.9640161 5.610412
vn 3.803772 0.7850964 5.472173
vn 3.766827 0.7497281 5.471992
vn 3.545638 1.028325 5.623271
vn 3.597618 0.9528266 5.610377
vn 3.726226 0.7200612 5.471938
vn 3.586745 0.9994658 5.617907
vn 3.542977 1.025012 5.623264
vn 3.654689 0.9221922 5.5929
vn 3.579945 0.9909889 5.617885
vn 3.637052 0.90547 5.592897
vn 3.747125 0.7733514 5.498354
vn 3.572051 0.9835005 5.617879
vn 3.563416 0.9772291 5.617884
vn 3.617759 0.8914068 5.5929
vn 3.709738 0.7461228 5.49837
vn 3.669141 0.7239383 5.498415
vn 3.539911 1.022088 5.62326
vn 3.596808 0.8799714 5.59293
vn 3.625248 0.7069176 5.498479
vn 3.539489 1.022598 5.623302
vn 3.536528 1.019638 5.623262
vn 3.584807 0.9434357 5.610371
vn 3.536194 1.020184 5.623302
vn 3.570852 0.93586 5.610398
vn 3.682072 0.6960227 5.472059
vn 3.532616 1.018229 5.623307
vn 3.528723 1.016748 5.623317
vn 3.55577 0.9301494 5.610457
vn 3.634302 0.6777194 5.472312
vn 3.584615 0.665554 5.472316
vn 3.532881 1.017647 5.623267
vn 3.540105 0.9262573 5.610482
vn 3.554043 0.9720998 5.617895
vn 3.524317 0.9245308 5.610533
vn 3.528934 1.016114 5.623276
vn 3.574164 0.871166 5.592965
vn 3.524688 1.015762 5.623329
vn 3.516565 1.015427 5.623363
vn 3.543911 0.968155 5.617914
vn 3.550518 0.8654926 5.59305
vn 3.579468 0.6959126 5.498659
vn 3.533321 0.9656348 5.617952
vn 3.522714 0.9645061 5.617993
vn 3.524811 1.015128 5.623289
vn 3.526784 0.8629709 5.593144
vn 3.533463 0.6910241 5.498844
vn 3.487245 0.6921057 5.499047
vn 3.502944 0.8635334 5.593254
vn 3.52067 1.014687 5.623305
vn 3.512054 0.9647534 5.618042
vn 3.520635 1.015321 5.623344
vn 3.516512 1.014775 5.623324
vn 3.501306 0.9664094 5.618098
vt 0.5465212 0.6998754
vt 0.5435606 0.6935195
vt 0.5435491 0.6988217
vt 0.5466033 0.6764364
vt 0.5436569 0.6710246
vt 0.5436262 0.6766446
vt 0.820007 0.6361197
vt 0.822235 0.6361583
vt 0.8222386 0.6336364
vt 0.7892521 0.6432804
vt 0.7893439 0.6378931
vt 0.7870499 0.6379095
vt 0.7734371 0.6378435
vt 0.7713027 0.6433389
vt 0.7735491 0.6433424
vt 0.09231331 0.3712318
vt 0.083199 0.3691432
vt 0.08321424 0.3712724
vt 0.1010529 0.3711924
vt 0.09229839 0.3691026
vt 0.109073 0.3711568
vt 0.1090575 0.369027
vt 0.1159987 0.3689958
vt 0.1160133 0.3711251
vt 0.1215155 0.3711009
vt 0.1215006 0.3689717
vt 0.1257292 0.3709904
vt 0.1302802 0.2927557
vt 0.1269027 0.2700793
vt 0.1298841 0.2939892
vt 0.1272365 0.2693723
vt 0.1216588 0.2499384
vt 0.7576339 0.6764353
vt 0.7585039 0.6579013
vt 0.756897 0.6579605
vt 0.292492 0.2902189
vt 0.2928772 0.2915234
vt 0.295864 0.2675821
vt 0.2955393 0.2668118
vt 0.3011075 0.2474075
vt 0.1181454 0.3163198
vt 0.1141477 0.3330604
vt 0.1144294 0.3351969
vt 0.1194762 0.2934747
vt 0.118914 0.3187047
vt 0.1188314 0.2711109
vt 0.1183007 0.2705144
vt 0.1200822 0.2946568
vt 0.7443187 0.6767948
vt 0.7441379 0.6582628
vt 0.7429392 0.6587339
vt 0.1000057 0.2306626
vt 0.1087738 0.2383471
vt 0.1007257 0.2306756
vt 0.08755468 0.8352596
vt 0.08785163 0.8421221
vt 0.08799556 0.8402778
vt 0.1133985 0.2367133
vt 0.1129656 0.2371131
vt 0.1210426 0.2504237
vt 0.3187838 0.2263951
vt 0.3093593 0.2341642
vt 0.3097848 0.2346051
vt 0.8352891 0.6333165
vt 0.8341705 0.635433
vt 0.8352965 0.6351672
vt 0.8459535 0.6337229
vt 0.8470147 0.632175
vt 0.8457956 0.6321912
vt 0.1104465 0.8498304
vt 0.1111184 0.8472795
vt 0.111066 0.8463093
vt 0.1115072 0.8419808
vt 0.1113505 0.8401393
vt 0.1117621 0.8351153
vt 0.111487 0.8351378
vt 0.1118933 0.8267183
vt 0.1313587 0.3185233
vt 0.1312501 0.3447003
vt 0.1320095 0.3389898
vt 0.132215 0.3579889
vt 0.1309954 0.3554366
vt 0.2784311 0.6845699
vt 0.278237 0.675661
vt 0.2779036 0.6844585
vt 0.2779525 0.674609
vt 0.2784123 0.6699166
vt 0.2782619 0.6672909
vt 0.2787495 0.6627585
vt 0.2794189 0.6583239
vt 0.2787029 0.6609092
vt 0.279436 0.6603143
vt 0.6590586 0.5380674
vt 0.6553906 0.5389216
vt 0.6554324 0.5422117
vt 0.6591018 0.5413524
vt 0.6554767 0.5461732
vt 0.6591464 0.5453084
vt 0.6627747 0.5420535
vt 0.6627329 0.5388537
vt 0.6628183 0.5459074
vt 0.6591918 0.5498318
vt 0.6628633 0.5503659
vt 0.6658813 0.5477517
vt 0.6592383 0.5548726
vt 0.662908 0.5553392
vt 0.6629527 0.5607376
vt 0.6592833 0.5603821
vt 0.6556104 0.5608179
vt 0.6629959 0.5664711
vt 0.6593272 0.5662408
vt 0.6591918 0.5498318
vt 0.6591464 0.5453084
vt 0.6554767 0.5461732
vt 0.6555214 0.550542
vt 0.6592383 0.5548726
vt 0.6555657 0.555397
vt 0.6556104 0.5608179
vt 0.6525452 0.5621457
vt 0.6525044 0.5570334
vt 0.6525844 0.5676476
vt 0.6556532 0.5666043
vt 0.6592833 0.5603821
vt 0.6593272 0.5662408
vt 0.6556947 0.5725555
vt 0.6526248 0.5731789
vt 0.6557332 0.5786113
vt 0.659408 0.5785511
vt 0.6557668 0.5847103
vt 0.6593694 0.5723295
vt 0.6629959 0.5664711
vt 0.6630381 0.5724498
vt 0.6630756 0.5785675
vt 0.6631106 0.584718
vt 0.6594437 0.5848089
vt 0.6631417 0.5907947
vt 0.6557976 0.5907707
vt 0.6527191 0.5900362
vt 0.6558247 0.5967101
vt 0.6594751 0.5910005
vt 0.659502 0.5970231
vt 0.6631684 0.5966918
vt 0.6595237 0.6027585
vt 0.6558462 0.6023437
vt 0.4924226 0.7052494
vt 0.4894789 0.7075915
vt 0.4924659 0.7098554
vt 0.489438 0.7034016
vt 0.4923817 0.7002199
vt 0.4893992 0.6988616
vt 0.4893646 0.6936861
vt 0.492344 0.6947119
vt 0.4893325 0.6881819
vt 0.4923083 0.688904
vt 0.4922755 0.6829782
vt 0.4893014 0.6826567
vt 0.4922476 0.6770138
vt 0.4892734 0.677149
vt 0.4892546 0.6716982
vt 0.4922252 0.6710927
vt 0.4892392 0.6662894
vt 0.4922077 0.6652734
vt 0.4921941 0.6596155
vt 0.4892256 0.6609099
vt 0.4921868 0.6543149
vt 0.4892165 0.6559108
vt 0.4892182 0.6516451
vt 0.4921861 0.6495674
vt 0.8698766 0.5031024
vt 0.8736627 0.499345
vt 0.8714558 0.4973385
vt 0.8680314 0.5009946
vt 0.8648057 0.4972688
vt 0.8617643 0.5002065
vt 0.8642505 0.5041088
vt 0.8598199 0.5061974
vt 0.8578091 0.5017021
vt 0.8550516 0.5077323
vt 0.8593137 0.4963467
vt 0.8676025 0.4938056
vt 0.8602086 0.4927748
vt 0.8708238 0.4907336
vt 0.8748177 0.4936248
vt 0.8735014 0.4874608
vt 0.8776108 0.4896008
vt 0.8793278 0.4850136
vt 0.8746666 0.4833963
vt 0.8804652 0.480135
vt 0.8694474 0.4853418
vt 0.8659592 0.4865303
vt 0.8622124 0.4888499
vt 0.8553953 0.4825745
vt 0.8542499 0.488361
vt 0.8438424 0.471936
vt 0.8610681 0.4809572
vt 0.868436 0.4818003
vt 0.8753569 0.4789983
vt 0.8556988 0.4956323
vt 0.8591666 0.4753729
vt 0.8766106 0.4747272
vt 0.8815199 0.4752378
vt 0.8682088 0.4773998
vt 0.8702937 0.4735174
vt 0.8772931 0.470554
vt 0.8819268 0.4703561
vt 0.8811198 0.4655249
vt 0.8632708 0.4711359
vt 0.8727214 0.4707448
vt 0.8762697 0.4664511
vt 0.8796657 0.4607309
vt 0.8700739 0.468183
vt 0.8746688 0.4622974
vt 0.8588321 0.4672503
vt 0.8736188 0.4579712
vt 0.8781307 0.4559628
vt 0.8676765 0.4644851
vt 0.8675408 0.4600806
vt 0.8602677 0.4615288
vt 0.8721234 0.4540163
vt 0.8760421 0.4515319
vt 0.8729276 0.4477511
vt 0.8682577 0.456466
vt 0.8544809 0.4603834
vt 0.8528636 0.4547102
vt 0.8472793 0.4566118
vt 0.8691857 0.4509746
vt 0.8646834 0.4555705
vt 0.8692715 0.4443263
vt 0.8750626 0.4459096
vt 0.871305 0.4421228
vt 0.8657226 0.4481778
vt 0.8607585 0.4535667
vt 0.8584389 0.4498199
vt 0.8626502 0.4449561
vt 0.8655578 0.4409644
vt 0.8572529 0.4463319
vt 0.8593774 0.4422782
vt 0.8615336 0.4381713
vt 0.8569463 0.4364542
vt 0.8553126 0.4411133
vt 0.8520678 0.4353166
vt 0.8537092 0.4473429
vt 0.8509149 0.4404228
vt 0.8493084 0.4475699
vt 0.8466435 0.439169
vt 0.8471706 0.4342616
vt 0.845426 0.445485
vt 0.8424706 0.4384865
vt 0.8422891 0.433855
vt 0.837458 0.4346617
vt 0.843042 0.4525076
vt 0.8426555 0.4430576
vt 0.8383677 0.4395096
vt 0.8326642 0.4361155
vt 0.8400916 0.4457045
vt 0.834214 0.4411105
vt 0.8391567 0.4569459
vt 0.8298882 0.4421602
vt 0.8278955 0.4376504
vt 0.836394 0.4481016
vt 0.8319895 0.4482372
vt 0.8259329 0.4436559
vt 0.823465 0.439739
vt 0.8196841 0.4428536
vt 0.8334352 0.4555104
vt 0.8283767 0.447521
vt 0.8228915 0.4465936
vt 0.8274794 0.4510947
vt 0.8162596 0.4465094
vt 0.8178698 0.4407219
vt 0.8140837 0.4444793
vt 0.8200947 0.4500568
vt 0.8322898 0.4612972
vt 0.8168734 0.4531288
vt 0.8128977 0.450223
vt 0.8254756 0.4550196
vt 0.8217291 0.4573392
vt 0.8266169 0.4629145
vt 0.8141958 0.4564016
vt 0.810105 0.454247
vt 0.8083879 0.4588348
vt 0.818243 0.4585255
vt 0.8130309 0.4604661
vt 0.8072503 0.4637131
vt 0.8285182 0.4684985
vt 0.8244144 0.4727358
vt 0.828853 0.4766214
vt 0.8192521 0.4620689
vt 0.8123403 0.4648638
vt 0.8194794 0.4664697
vt 0.8173945 0.4703521
vt 0.8110865 0.4691352
vt 0.8061956 0.4686103
vt 0.8149693 0.4731229
vt 0.8104041 0.4733084
vt 0.805789 0.4734917
vt 0.8065959 0.4783232
vt 0.8114275 0.477411
vt 0.8080501 0.483117
vt 0.8176141 0.4756865
vt 0.8130284 0.4815647
vt 0.8200114 0.4793844
vt 0.8140785 0.4858909
vt 0.809585 0.4878851
vt 0.820147 0.4837889
vt 0.815574 0.4898461
vt 0.8116736 0.4923162
vt 0.8147879 0.4960968
vt 0.8274174 0.4823428
vt 0.819433 0.4874017
vt 0.8185114 0.4928875
vt 0.8230045 0.4882987
vt 0.818444 0.4995216
vt 0.8126838 0.4979144
vt 0.8164414 0.5017012
vt 0.8219746 0.4956846
vt 0.8332039 0.4834886
vt 0.825047 0.4989063
vt 0.8221576 0.5028838
vt 0.8269294 0.4903028
vt 0.829249 0.4940493
vt 0.8283197 0.5015838
vt 0.8261816 0.5056765
vt 0.8307694 0.5073939
vt 0.8348215 0.4891614
vt 0.8304378 0.4975357
vt 0.8323846 0.5027488
vt 0.835648 0.5085312
vt 0.833979 0.4965263
vt 0.8367823 0.5034396
vt 0.8404059 0.4872602
vt 0.8410537 0.5046934
vt 0.8405452 0.5095862
vt 0.8383798 0.4962993
vt 0.8422619 0.4983845
vt 0.8446432 0.4913643
vt 0.8452266 0.5053759
vt 0.8454263 0.5099931
vt 0.8502578 0.5091864
vt 0.8450349 0.5008097
vt 0.8493295 0.5043527
vt 0.8485284 0.4869258
vt 0.8475966 0.498165
vt 0.8534832 0.5027519
vt 0.8512942 0.4957679
vt 0.6555657 0.555397
vt 0.6555214 0.550542
vt 0.6524637 0.552671
vt 0.6525044 0.5570334
vt 0.6628633 0.5503659
vt 0.6659235 0.5519701
vt 0.6658813 0.5477517
vt 0.662908 0.5553392
vt 0.6659664 0.5566759
vt 0.6660085 0.5617838
vt 0.6629527 0.5607376
vt 0.6660489 0.5672086
vt 0.6629959 0.5664711
vt 0.6630381 0.5724498
vt 0.6660886 0.5728656
vt 0.6630756 0.5785675
vt 0.666124 0.5786541
vt 0.6661572 0.5844734
vt 0.6631106 0.584718
vt 0.6661865 0.5902231
vt 0.6631417 0.5907947
vt 0.6631684 0.5966918
vt 0.6662118 0.5958027
vt 0.6631888 0.6023144
vt 0.6662319 0.6011228
vt 0.6662469 0.6060945
vt 0.6632049 0.6075689
vt 0.6662565 0.6106285
vt 0.6632153 0.6123607
vt 0.6557332 0.5786113
vt 0.6526248 0.5731789
vt 0.6526605 0.5787535
vt 0.6526913 0.5843857
vt 0.6557668 0.5847103
vt 0.6527191 0.5900362
vt 0.6558247 0.5967101
vt 0.6527452 0.5956652
vt 0.6558462 0.6023437
vt 0.6527674 0.6009586
vt 0.6527788 0.6056017
vt 0.6558615 0.6074869
vt 0.6527867 0.6098866
vt 0.6558708 0.6121975
vt 0.6595237 0.6027585
vt 0.6631684 0.5966918
vt 0.659502 0.5970231
vt 0.6631888 0.6023144
vt 0.6632049 0.6075689
vt 0.6595398 0.6080878
vt 0.6632153 0.6123607
vt 0.6558615 0.6074869
vt 0.6558462 0.6023437
vt 0.6558708 0.6121975
vt 0.6595502 0.6129529
vt 0.6595548 0.6172959
vt 0.6558765 0.6165333
vt 0.6632199 0.6165957
vt 0.6662565 0.6106285
vt 0.6662612 0.6146356
vt 0.6595538 0.6210082
vt 0.6558758 0.6202352
vt 0.6632181 0.6202169
vt 0.5536914 0.7051688
vt 0.5536907 0.709914
vt 0.5567049 0.707864
vt 0.5567031 0.7036005
vt 0.5567119 0.6986031
vt 0.5536991 0.6998704
vt 0.5567262 0.6932259
vt 0.5537127 0.6942145
vt 0.5537299 0.6883975
vt 0.5567408 0.6878196
vt 0.5537522 0.682479
vt 0.55676 0.6823707
vt 0.556788 0.6768656
vt 0.5537812 0.6765174
vt 0.556819 0.6713427
vt 0.5538133 0.670594
vt 0.5538483 0.6647885
vt 0.5568516 0.6658411
vt 0.5538863 0.6592824
vt 0.5568861 0.6606671
vt 0.5569245 0.6561289
vt 0.5539275 0.6542554
vt 0.5569654 0.6519408
vt 0.5539708 0.6496513
vt 0.546515 0.7051513
vt 0.5435407 0.7084137
vt 0.5465133 0.7100128
vt 0.5435424 0.7038145
vt 0.5435491 0.6988217
vt 0.5465212 0.6998754
vt 0.5500966 0.7056441
vt 0.5501039 0.7002591
vt 0.5536991 0.6998704
vt 0.5536914 0.7051688
vt 0.5537127 0.6942145
vt 0.5465338 0.694271
vt 0.5435606 0.6935195
vt 0.5501165 0.6945326
vt 0.550135 0.6885816
vt 0.5537299 0.6883975
vt 0.546552 0.6884272
vt 0.543578 0.68799
vt 0.5501587 0.6825006
vt 0.5537522 0.682479
vt 0.5465757 0.6824479
vt 0.5436004 0.6823323
vt 0.5436262 0.6766446
vt 0.5466033 0.6764364
vt 0.5501871 0.6763844
vt 0.5501587 0.6825006
vt 0.5537522 0.682479
vt 0.5537812 0.6765174
vt 0.5501871 0.6763844
vt 0.5538133 0.670594
vt 0.5502205 0.6703324
vt 0.5466354 0.6704965
vt 0.5466033 0.6764364
vt 0.5436569 0.6710246
vt 0.5502562 0.6644456
vt 0.5538483 0.6647885
vt 0.5466715 0.664733
vt 0.5436905 0.6655715
vt 0.5502953 0.6588399
vt 0.5538863 0.6592824
vt 0.5467098 0.659237
vt 0.5437268 0.6603709
vt 0.543766 0.6555119
vt 0.5467511 0.6541014
vt 0.6044776 0.6210129
vt 0.6008509 0.616984
vt 0.6008088 0.6201842
vt 0.6045208 0.6177276
vt 0.6008949 0.6131296
vt 0.6081942 0.6169108
vt 0.608152 0.6202012
vt 0.6082385 0.6129484
vt 0.6045651 0.613771
vt 0.6046109 0.6092471
vt 0.6009396 0.6086704
vt 0.6046576 0.6042055
vt 0.6082829 0.6085792
vt 0.6009849 0.6036965
vt 0.6083282 0.6037233
vt 0.6083722 0.598302
vt 0.6010293 0.5982974
vt 0.6047024 0.5986953
vt 0.6010718 0.5925633
vt 0.6047466 0.5928358
vt 0.5467511 0.6541014
vt 0.546794 0.649418
vt 0.5438068 0.6510803
vt 0.543766 0.6555119
vt 0.6083282 0.6037233
vt 0.6082829 0.6085792
vt 0.6113445 0.6064855
vt 0.6113856 0.6021226
vt 0.611426 0.5970097
vt 0.6083722 0.598302
vt 0.6114653 0.5915068
vt 0.6084151 0.5925151
vt 0.6084565 0.586563
vt 0.6115053 0.5859751
vt 0.6084948 0.5805064
vt 0.6115421 0.5803997
vt 0.6115718 0.5747666
vt 0.6085294 0.5744066
vt 0.6116 0.5691154
vt 0.6085594 0.5683454
vt 0.6085865 0.5624054
vt 0.6116261 0.5634856
vt 0.6086084 0.556771
vt 0.6116483 0.5581918
vt 0.6116597 0.5535479
vt 0.6086237 0.5516271
vt 0.6116676 0.5492623
vt 0.6086327 0.5469158
vt 0.6009396 0.6086704
vt 0.5978382 0.6112499
vt 0.6008949 0.6131296
vt 0.5978804 0.6070307
vt 0.6009849 0.6036965
vt 0.5979233 0.6023243
vt 0.5979655 0.5972157
vt 0.6010293 0.5982974
vt 0.5980058 0.5917902
vt 0.6010718 0.5925633
vt 0.6011136 0.5865836
vt 0.5980455 0.5861325
vt 0.6011515 0.5804652
vt 0.5980812 0.5803432
vt 0.5981145 0.5745232
vt 0.6011872 0.574314
vt 0.5981434 0.5687728
vt 0.6012176 0.5682365
vt 0.6012444 0.5623387
vt 0.5981681 0.5631924
vt 0.6012647 0.5567151
vt 0.598188 0.5578716
vt 0.5982038 0.5528992
vt 0.6012812 0.5514601
vt 0.5982134 0.5483646
vt 0.6012912 0.5466676
vt 0.6012958 0.5424321
vt 0.5982181 0.544357
vt 0.6047024 0.5986953
vt 0.6083722 0.598302
vt 0.6084151 0.5925151
vt 0.6047466 0.5928358
vt 0.6047881 0.5867465
vt 0.6010718 0.5925633
vt 0.6084565 0.586563
vt 0.6048278 0.580524
vt 0.6011136 0.5865836
vt 0.6084948 0.5805064
vt 0.6011515 0.5804652
vt 0.6085294 0.5744066
vt 0.6011872 0.574314
vt 0.6048624 0.5742654
vt 0.6085594 0.5683454
vt 0.6012176 0.5682365
vt 0.6048942 0.5680733
vt 0.604921 0.5620498
vt 0.6085865 0.5624054
vt 0.6049432 0.5563136
vt 0.6012444 0.5623387
vt 0.6086084 0.556771
vt 0.6012647 0.5567151
vt 0.6086237 0.5516271
vt 0.6012812 0.5514601
vt 0.6049592 0.5509837
vt 0.6086327 0.5469158
vt 0.6012912 0.5466676
vt 0.6049693 0.5461177
vt 0.6049743 0.5417743
vt 0.608638 0.5425797
vt 0.6012958 0.5424321
vt 0.6049728 0.5380616
vt 0.6086373 0.5388771
vt 0.601294 0.5388103
vt 0.4993662 0.6542674
vt 0.5023735 0.6509768
vt 0.4993644 0.6494046
vt 0.5023752 0.6555783
vt 0.5023819 0.6605727
vt 0.4993725 0.659546
vt 0.5023941 0.6658775
vt 0.4993847 0.6651525
vt 0.4994036 0.6709988
vt 0.5024116 0.671409
vt 0.4957695 0.6538066
vt 0.4993725 0.659546
vt 0.4993662 0.6542674
vt 0.4957768 0.6591938
vt 0.4993847 0.6651525
vt 0.4957898 0.664923
vt 0.4922077 0.6652734
vt 0.4921941 0.6596155
vt 0.4921868 0.6543149
vt 0.4959683 0.7006304
vt 0.492344 0.6947119
vt 0.4923817 0.7002199
vt 0.4959288 0.6950225
vt 0.4923083 0.688904
vt 0.4995224 0.6947028
vt 0.4995611 0.7002007
vt 0.4958928 0.6891332
vt 0.4994867 0.6889369
vt 0.4958603 0.6830791
vt 0.4922755 0.6829782
vt 0.4958317 0.67696
vt 0.4922476 0.6770138
vt 0.4922252 0.6710927
vt 0.4994542 0.6829945
vt 0.5024899 0.6883817
vt 0.5025234 0.693837
vt 0.5025604 0.6990394
vt 0.5025992 0.7039005
vt 0.499602 0.7053388
vt 0.5026397 0.7083339
vt 0.4996446 0.7100238
vt 0.5024598 0.6827594
vt 0.499427 0.6769806
vt 0.5024329 0.677069
vt 0.5024116 0.671409
vt 0.4994036 0.6709988
vt 0.4958083 0.6708765
vt 0.4993847 0.6651525
vt 0.4922077 0.6652734
vt 0.4957898 0.664923
vt 0.4666763 0.8279374
vt 0.4674051 0.8305536
vt 0.4674017 0.828112
vt 0.4666798 0.8304173
vt 0.4674112 0.8331467
vt 0.4666855 0.833051
vt 0.4666941 0.8357972
vt 0.4686288 0.8331416
vt 0.4674191 0.8358511
vt 0.4667055 0.8386074
vt 0.4686367 0.8358454
vt 0.4674302 0.8386179
vt 0.4704908 0.8358371
vt 0.4704829 0.833133
vt 0.4726487 0.8358362
vt 0.4726595 0.8385963
vt 0.470502 0.8386039
vt 0.4674425 0.8413993
vt 0.4667182 0.8414326
vt 0.4686472 0.8386122
vt 0.4686601 0.8413939
vt 0.4686747 0.844142
vt 0.4674574 0.8441477
vt 0.4667337 0.8442238
vt 0.4667502 0.8469323
vt 0.4705146 0.8413857
vt 0.4674742 0.8468147
vt 0.4667686 0.849515
vt 0.4726719 0.8413714
vt 0.4705295 0.8441338
vt 0.4747974 0.8413479
vt 0.474785 0.8385932
vt 0.467492 0.8493574
vt 0.467511 0.851734
vt 0.4667879 0.8519286
vt 0.4686919 0.8468093
vt 0.4687093 0.8493523
vt 0.4705641 0.8493438
vt 0.470546 0.8468007
vt 0.4727213 0.8493102
vt 0.4727032 0.8467731
vt 0.4726874 0.8441125
vt 0.4748119 0.8440694
vt 0.4765707 0.8439943
vt 0.4748287 0.8467107
vt 0.4748465 0.8492296
vt 0.4765866 0.8465969
vt 0.4776428 0.8464156
vt 0.4776596 0.8488362
vt 0.4776273 0.8438773
vt 0.4776127 0.8412617
vt 0.4765561 0.8413128
vt 0.4776003 0.8386144
vt 0.4765434 0.8385979
vt 0.476533 0.8358977
vt 0.4747739 0.835853
vt 0.4775905 0.835981
vt 0.0298496 0.8104441
vt 0.02906226 0.8133309
vt 0.02983906 0.8132126
vt 0.02907212 0.810605
vt 0.02908028 0.8080576
vt 0.02985775 0.807857
vt 0.02775673 0.8133233
vt 0.02774483 0.816182
vt 0.02908537 0.8057345
vt 0.02777983 0.8057269
vt 0.02986251 0.8054975
vt 0.02986455 0.8034122
vt 0.02908707 0.8036814
vt 0.02986421 0.8016294
vt 0.02908673 0.8019258
vt 0.02778221 0.8036738
vt 0.02778221 0.8019184
vt 0.02579332 0.8019068
vt 0.025794 0.8036624
vt 0.02348093 0.8019398
vt 0.02576885 0.8133119
vt 0.02575594 0.8161705
vt 0.02348093 0.8036911
vt 0.02579196 0.8057154
vt 0.02120253 0.8038045
vt 0.02120253 0.802066
vt 0.01931762 0.8040469
vt 0.01931558 0.8060505
vt 0.01931728 0.8023337
vt 0.01818266 0.8027916
vt 0.01818334 0.8044624
vt 0.0181813 0.8064165
vt 0.01817654 0.8086275
vt 0.02120117 0.8058378
vt 0.01931014 0.8083177
vt 0.01816907 0.811052
vt 0.02347958 0.8057393
vt 0.02119641 0.8081385
vt 0.02347448 0.8080568
vt 0.02346666 0.8105979
vt 0.0257872 0.8080386
vt 0.02118826 0.8106613
vt 0.01930301 0.8108035
vt 0.01929281 0.8134636
vt 0.01815956 0.8136463
vt 0.02117772 0.8133608
vt 0.02345579 0.8133173
vt 0.02777508 0.8080499
vt 0.02577939 0.8105859
vt 0.02776726 0.8105973
vt 0.02344356 0.8161692
vt 0.02342894 0.8191081
vt 0.02574133 0.8191165
vt 0.5283368 0.8303329
vt 0.5283562 0.8279145
vt 0.5276325 0.8281031
vt 0.5276132 0.8304844
vt 0.5275954 0.8330328
vt 0.5283187 0.8329213
vt 0.5263761 0.8330275
vt 0.5263933 0.8304787
vt 0.5245349 0.8304704
vt 0.04233931 0.6818916
vt 0.04310165 0.678994
vt 0.04232877 0.6791213
vt 0.04311185 0.6817217
vt 0.04440701 0.6789865
vt 0.04312001 0.6842707
vt 0.04234713 0.6844804
vt 0.04312477 0.6865953
vt 0.04443115 0.6865878
vt 0.04235189 0.6868414
vt 0.04235427 0.6889279
vt 0.04312681 0.6886498
vt 0.04235359 0.6907121
vt 0.04312613 0.6904064
vt 0.04443251 0.6886422
vt 0.04443217 0.6903989
vt 0.04642133 0.6903874
vt 0.04642201 0.6886307
vt 0.04873521 0.6903275
vt 0.04442503 0.6842632
vt 0.04441755 0.6817142
vt 0.04640705 0.6817027
vt 0.04639651 0.6789749
vt 0.04872059 0.6816638
vt 0.04641521 0.6842517
vt 0.04642031 0.6865762
vt 0.04873521 0.6885751
vt 0.04872841 0.6842066
vt 0.04870971 0.6789426
vt 0.04638358 0.6761142
vt 0.04869781 0.6760888
vt 0.05098788 0.6788725
vt 0.05099809 0.681574
vt 0.05100557 0.6840985
vt 0.0528883 0.6838976
vt 0.05289271 0.686166
vt 0.04873385 0.6865255
vt 0.05101033 0.6864005
vt 0.05101305 0.6884353
vt 0.05101271 0.690175
vt 0.0528951 0.6881709
vt 0.05289441 0.6898853
vt 0.05402058 0.689414
vt 0.0540216 0.6877421
vt 0.05401956 0.6857867
vt 0.0540148 0.6835743
vt 0.05400732 0.6811482
vt 0.04220058 0.6587471
vt 0.04299794 0.6615523
vt 0.04297618 0.6589335
vt 0.04222302 0.6614069
vt 0.04301868 0.6643338
vt 0.0422441 0.6642317
vt 0.04226416 0.6671775
vt 0.04432438 0.6643263
vt 0.04303874 0.6672341
vt 0.0422832 0.6701916
vt 0.0443441 0.6672266
vt 0.0430571 0.6702018
vt 0.0463336 0.667215
vt 0.04631354 0.6643148
vt 0.0430741 0.6731854
vt 0.04230054 0.6732221
vt 0.0486468 0.6672112
vt 0.04866618 0.6701717
vt 0.04862742 0.6643178
vt 0.0463523 0.6701828
vt 0.04436281 0.6701943
vt 0.04437981 0.673178
vt 0.04439477 0.6761259
vt 0.04308873 0.6761335
vt 0.04231516 0.676216
vt 0.04232877 0.6791213
vt 0.04310165 0.678994
vt 0.04440701 0.6789865
vt 0.04639651 0.6789749
vt 0.04638358 0.6761142
vt 0.0463693 0.6731663
vt 0.04868285 0.6731481
vt 0.04869781 0.6760888
vt 0.0509753 0.6760395
vt 0.04870971 0.6789426
vt 0.05098788 0.6788725
vt 0.05285769 0.6759564
vt 0.05096103 0.6731201
vt 0.05287027 0.6787481
vt 0.05099809 0.681574
vt 0.05288047 0.6814101
vt 0.0528883 0.6838976
vt 0.05400732 0.6811482
vt 0.05399746 0.6785522
vt 0.05398522 0.6758295
vt 0.05397162 0.6730238
vt 0.05284341 0.6730797
vt 0.0539553 0.670184
vt 0.05094402 0.6701653
vt 0.05282675 0.670168
vt 0.05280873 0.6672719
vt 0.05393694 0.6673595
vt 0.05278901 0.6644415
vt 0.05391858 0.6645991
vt 0.05389851 0.661952
vt 0.05092532 0.6672263
vt 0.0509056 0.6643538
vt 0.04860634 0.6615433
vt 0.05088486 0.6615993
vt 0.0527686 0.6617272
vt 0.05086344 0.6590058
vt 0.05274718 0.6591715
vt 0.05387777 0.6594594
vt 0.05272644 0.6568171
vt 0.05385703 0.6571633
vt 0.05270468 0.6547063
vt 0.05383697 0.6551046
vt 0.05086344 0.6590058
vt 0.05274718 0.6591715
vt 0.05272644 0.6568171
vt 0.05084201 0.6566165
vt 0.04858526 0.6589307
vt 0.05088486 0.6615993
vt 0.05270468 0.6547063
vt 0.04860634 0.6615433
vt 0.0485635 0.6565238
vt 0.05082025 0.6544744
vt 0.04629314 0.6615334
vt 0.04631354 0.6643148
vt 0.04862742 0.6643178
vt 0.04432438 0.6643263
vt 0.04430296 0.6615449
vt 0.04299794 0.6615523
vt 0.04297618 0.6589335
vt 0.04627138 0.6589146
vt 0.04624961 0.6565021
vt 0.0442812 0.658926
vt 0.04425978 0.6565136
vt 0.04423802 0.6543506
vt 0.04295475 0.656521
vt 0.04220058 0.6587471
vt 0.04217881 0.656297
vt 0.04293231 0.6543581
vt 0.04215705 0.6541001
vt 0.04213529 0.6522014
vt 0.04291089 0.6524886
vt 0.04622751 0.6543391
vt 0.04421693 0.652481
vt 0.04289049 0.6509362
vt 0.04419619 0.6509286
vt 0.04618569 0.6509173
vt 0.04620609 0.6524695
vt 0.04849957 0.6509525
vt 0.04854139 0.6543661
vt 0.04852031 0.6525011
vt 0.05079883 0.652623
vt 0.05077911 0.6510857
vt 0.05268428 0.6528819
vt 0.0526649 0.6513672
vt 0.05381623 0.6533253
vt 0.05383697 0.6551046
vt 0.02096908 0.8411301
vt 0.01910728 0.8393131
vt 0.01908689 0.840827
vt 0.02098981 0.8395937
vt 0.02324613 0.8412893
vt 0.01912767 0.8374897
vt 0.02101054 0.8377434
vt 0.01797844 0.8388571
vt 0.01799849 0.8370788
vt 0.02574133 0.8191165
vt 0.02774483 0.816182
vt 0.02575594 0.8161705
vt 0.0277292 0.819128
vt 0.02572434 0.8220983
vt 0.02341195 0.8220826
vt 0.02342894 0.8191081
vt 0.0290344 0.8191355
vt 0.02904935 0.8161897
vt 0.02906226 0.8133309
vt 0.02983906 0.8132126
vt 0.02982683 0.8161161
vt 0.02981086 0.8191081
vt 0.02979387 0.8221363
vt 0.02901741 0.8221173
vt 0.02771221 0.8221098
vt 0.02899872 0.8250831
vt 0.02977484 0.8251486
vt 0.02769386 0.8250756
vt 0.02767381 0.827974
vt 0.02897867 0.8279817
vt 0.02975479 0.8280925
vt 0.02973372 0.8309155
vt 0.02570599 0.8250641
vt 0.0289576 0.8307612
vt 0.02971164 0.8335735
vt 0.02893654 0.8333783
vt 0.02765309 0.8307536
vt 0.02891479 0.8357893
vt 0.02968921 0.8360223
vt 0.0288927 0.8379506
vt 0.02758784 0.8379432
vt 0.02966712 0.8382176
vt 0.02964571 0.8401152
vt 0.02887163 0.8398191
vt 0.02760993 0.8357818
vt 0.02763134 0.8333707
vt 0.02564381 0.8333593
vt 0.02566521 0.8307422
vt 0.02333142 0.8333164
vt 0.02562206 0.8357705
vt 0.02568594 0.8279626
vt 0.02756711 0.8398116
vt 0.0288509 0.8413705
vt 0.02754605 0.841363
vt 0.02555817 0.8413514
vt 0.0255789 0.8398002
vt 0.02324613 0.8412893
vt 0.02559963 0.8379318
vt 0.02326618 0.8397419
vt 0.02098981 0.8395937
vt 0.02101054 0.8377434
vt 0.02330967 0.8357217
vt 0.02328792 0.837878
vt 0.02103228 0.8356029
vt 0.01912767 0.8374897
vt 0.01914839 0.8353804
vt 0.01801921 0.8350216
vt 0.01799849 0.8370788
vt 0.01804028 0.8327269
vt 0.02105369 0.8332149
vt 0.01917014 0.8330275
vt 0.01919087 0.8304735
vt 0.01806033 0.830236
vt 0.01921126 0.8277611
vt 0.01808038 0.8275905
vt 0.01809941 0.8248318
vt 0.02107544 0.830623
vt 0.02335283 0.8307058
vt 0.02109617 0.8278704
vt 0.01923097 0.8249325
vt 0.01811674 0.822009
vt 0.02337356 0.8279328
vt 0.02339292 0.8250414
vt 0.02111554 0.8249999
vt 0.02113389 0.8220627
vt 0.01924966 0.8220382
vt 0.01926597 0.8191283
vt 0.01813305 0.8191712
vt 0.0192799 0.8162535
vt 0.01814732 0.8163673
vt 0.01815956 0.8136463
vt 0.01929281 0.8134636
vt 0.02117772 0.8133608
vt 0.02115088 0.8191097
vt 0.02116583 0.8161922
vt 0.02345579 0.8133173
vt 0.02344356 0.8161692
vt 0.4726595 0.8385963
vt 0.474785 0.8385932
vt 0.4747739 0.835853
vt 0.4726487 0.8358362
vt 0.474766 0.8331749
vt 0.476525 0.8332589
vt 0.476533 0.8358977
vt 0.4775905 0.835981
vt 0.4775823 0.8334073
vt 0.4775766 0.8309391
vt 0.476519 0.8307286
vt 0.477574 0.8286157
vt 0.4765155 0.8283457
vt 0.4747568 0.8281891
vt 0.4747603 0.8306072
vt 0.4726313 0.8281161
vt 0.4726402 0.8331388
vt 0.4704829 0.833133
vt 0.4726348 0.8305517
vt 0.4704772 0.8305399
vt 0.4704741 0.8280984
vt 0.4686288 0.8331416
vt 0.4686221 0.8305485
vt 0.4686186 0.8281066
vt 0.4674051 0.8305536
vt 0.4674017 0.828112
vt 0.8034029 0.6398083
vt 0.8052734 0.6396477
vt 0.8052541 0.6370074
vt 0.8063957 0.6393898
vt 0.8052925 0.6421148
vt 0.8064153 0.6417961
vt 0.145729 0.6938004
vt 0.1477097 0.6955518
vt 0.1479557 0.6950175
vt 0.1454155 0.6942977
vt 0.1433024 0.6927593
vt 0.1436779 0.6923071
vt 0.1414075 0.6909592
vt 0.141839 0.6905602
vt 0.1402496 0.6885839
vt 0.1397698 0.6889234
vt 0.1389298 0.686417
vt 0.13841 0.6866905
vt 0.1373494 0.6843008
vt 0.1379002 0.6840977
vt 0.1366084 0.681795
vt 0.1371811 0.6816654
vt 0.1367927 0.6791593
vt 0.1362081 0.6792128
vt 0.1367332 0.6766228
vt 0.1361471 0.6765993
vt 0.1364231 0.6739997
vt 0.1370014 0.6740994
vt 0.1370343 0.6714588
vt 0.1375945 0.6716334
vt 0.1385111 0.6692684
vt 0.1379788 0.6690221
vt 0.1397282 0.6670424
vt 0.1392328 0.6667285
vt 0.1407713 0.6646149
vt 0.1412219 0.664991
vt 0.142571 0.6627199
vt 0.1429685 0.6631518
vt 0.1449448 0.6615626
vt 0.1446074 0.6610822
vt 0.147112 0.6602426
vt 0.1468403 0.6597224
vt 0.1492297 0.6586615
vt 0.1494313 0.6592126
vt 0.1517355 0.6579208
vt 0.1518629 0.6584938
vt 0.1543697 0.6581054
vt 0.1543177 0.6575205
vt 0.1569061 0.6580459
vt 0.1569315 0.6574592
vt 0.1595312 0.6577352
vt 0.1594295 0.6583139
vt 0.1620717 0.6583461
vt 0.1618952 0.6589066
vt 0.1642599 0.6598232
vt 0.1645081 0.6592909
vt 0.1664865 0.6610406
vt 0.1668023 0.6605446
vt 0.1689157 0.6620834
vt 0.1685376 0.6625337
vt 0.1708103 0.6638831
vt 0.1703765 0.6642806
vt 0.171966 0.6662569
vt 0.172448 0.6659192
vt 0.1732858 0.6684241
vt 0.1738078 0.6681522
vt 0.1748683 0.6705415
vt 0.1743154 0.670743
vt 0.1756094 0.6730473
vt 0.1750345 0.6731753
vt 0.1754232 0.6756815
vt 0.1760094 0.6756295
vt 0.1754824 0.6782182
vt 0.1760707 0.6782433
vt 0.175795 0.6808427
vt 0.1752145 0.6807416
vt 0.1751835 0.6833838
vt 0.1746214 0.6832073
vt 0.1737045 0.6855723
vt 0.174239 0.6858202
vt 0.1724877 0.6877987
vt 0.172985 0.6881141
vt 0.1714462 0.6902275
vt 0.1709937 0.68985
vt 0.1696467 0.6921224
vt 0.1692474 0.6916893
vt 0.1672708 0.6932784
vt 0.1676104 0.6937601
vt 0.1651039 0.6945982
vt 0.1653774 0.6951199
vt 0.1629881 0.6961808
vt 0.1627846 0.6956281
vt 0.1604822 0.6969218
vt 0.1603524 0.6963472
vt 0.1578462 0.6967356
vt 0.1479557 0.6950175
vt 0.1477097 0.6955518
vt 0.1501461 0.6964962
vt 0.1503204 0.6959342
vt 0.1527864 0.6965272
vt 0.1526866 0.6971071
vt 0.1553095 0.6967951
vt 0.1552863 0.6973831
vt 0.1578998 0.6973221
vt 0.1578462 0.6967356
vt 0.1604822 0.6969218
vt 0.1856361 0.8277614
vt 0.1856171 0.830103
vt 0.1878915 0.8302929
vt 0.1879098 0.8279994
vt 0.1916999 0.8280835
vt 0.1916813 0.8303635
vt 0.196626 0.8280518
vt 0.1966077 0.8303447
vt 0.2022919 0.8302664
vt 0.1879294 0.8258867
vt 0.1917192 0.8259829
vt 0.1879484 0.8239927
vt 0.1856554 0.8256042
vt 0.1846867 0.8274381
vt 0.1847067 0.8252181
vt 0.1856757 0.8236703
vt 0.1847273 0.8232278
vt 0.1847463 0.8215076
vt 0.185694 0.8219986
vt 0.2023098 0.827943
vt 0.2083537 0.8301582
vt 0.2083733 0.8277957
vt 0.208393 0.8256192
vt 0.2023295 0.8258026
vt 0.2084126 0.8236682
vt 0.1966457 0.8259394
vt 0.2023491 0.8238838
vt 0.1917378 0.8240998
vt 0.1879674 0.8223554
vt 0.1857126 0.8206109
vt 0.1879853 0.8209961
vt 0.1917741 0.8211207
vt 0.1917565 0.8224722
vt 0.1967009 0.8210496
vt 0.196664 0.8240457
vt 0.1966829 0.8224088
vt 0.2023678 0.8222252
vt 0.2084319 0.8219818
vt 0.2023857 0.8208482
vt 0.2084502 0.8205815
vt 0.1846867 0.8274381
vt 0.1856171 0.830103
vt 0.1856361 0.8277614
vt 0.184667 0.8298478
vt 0.1855981 0.8325898
vt 0.1878732 0.8327284
vt 0.1846477 0.8324071
vt 0.1878915 0.8302929
vt 0.1846294 0.835076
vt 0.1916813 0.8303635
vt 0.1855805 0.8351832
vt 0.1846118 0.8378068
vt 0.191663 0.832785
vt 0.1966077 0.8303447
vt 0.1855639 0.8378368
vt 0.1878556 0.8352684
vt 0.1916457 0.8353102
vt 0.1855493 0.8405045
vt 0.1845962 0.8405523
vt 0.1855355 0.8431403
vt 0.1878116 0.8430615
vt 0.1845827 0.8432647
vt 0.1845708 0.845897
vt 0.185524 0.8456981
vt 0.1845613 0.848407
vt 0.1878244 0.84048
vt 0.1878393 0.8378672
vt 0.1916291 0.837894
vt 0.1965552 0.8379177
vt 0.1916142 0.8404916
vt 0.1965712 0.8353192
vt 0.1965891 0.8327799
vt 0.2022726 0.8327338
vt 0.2022919 0.8302664
vt 0.2022546 0.8353068
vt 0.2083354 0.8326671
vt 0.2083537 0.8301582
vt 0.2083171 0.8352836
vt 0.2022384 0.8379397
vt 0.2083002 0.8379608
vt 0.2082849 0.8406523
vt 0.2022235 0.8405867
vt 0.2082714 0.8433116
vt 0.196541 0.84053
vt 0.2022102 0.8432019
vt 0.1916013 0.843058
vt 0.2021991 0.8457397
vt 0.2082599 0.8458921
vt 0.1965278 0.8431111
vt 0.1965159 0.8456159
vt 0.1965071 0.8480041
vt 0.2021896 0.8481596
vt 0.2082504 0.8483528
vt 0.2082439 0.8506521
vt 0.1915905 0.8455487
vt 0.2021825 0.850421
vt 0.2082392 0.8527491
vt 0.1878004 0.8455666
vt 0.1915814 0.8479234
vt 0.1855148 0.8481371
vt 0.1877916 0.8479552
vt 0.1855084 0.8504161
vt 0.1845542 0.8507525
vt 0.1877845 0.8501875
vt 0.1877797 0.8522231
vt 0.1855036 0.8524945
vt 0.1845498 0.8528914
vt 0.1845478 0.8547817
vt 0.1915749 0.8501427
vt 0.1855012 0.8543316
vt 0.1845481 0.8563984
vt 0.1855019 0.8559024
vt 0.1877784 0.8540222
vt 0.1877787 0.8555605
vt 0.1915691 0.8554846
vt 0.1915688 0.8539551
vt 0.1964949 0.855608
vt 0.1965 0.8502359
vt 0.1915702 0.8521665
vt 0.1964939 0.8540698
vt 0.2021777 0.8524834
vt 0.196496 0.852271
vt 0.2021764 0.8543059
vt 0.2021774 0.8558643
vt 0.2082368 0.8546025
vt 0.2082382 0.8561872
vt 0.6892447 0.7841246
vt 0.6867912 0.7832471
vt 0.6867003 0.7841347
vt 0.6892633 0.7832376
vt 0.6917489 0.7832259
vt 0.6918026 0.7841132
vt 0.6942046 0.7832127
vt 0.6943296 0.7840997
vt 0.6967821 0.7840842
vt 0.6965874 0.7831978
vt 0.6991203 0.7840678
vt 0.6988597 0.7831817
vt 0.7009834 0.7831647
vt 0.7013056 0.7840501
vt 0.5174307 0.8309155
vt 0.5185041 0.8283579
vt 0.5174488 0.8286489
vt 0.5184851 0.8306817
vt 0.5184676 0.8331688
vt 0.5174132 0.833341
vt 0.5184514 0.8357769
vt 0.5173976 0.8358846
vt 0.5202447 0.8305467
vt 0.5173837 0.8385058
vt 0.5202269 0.8330703
vt 0.5223734 0.8304847
vt 0.5184371 0.8384645
vt 0.5173713 0.841159
vt 0.522355 0.8330271
vt 0.5202107 0.8357172
vt 0.5201957 0.8384448
vt 0.5245168 0.8330189
vt 0.5245349 0.8304704
vt 0.5263761 0.8330275
vt 0.5263587 0.8356997
vt 0.5275954 0.8330328
vt 0.5245 0.8356915
vt 0.5223388 0.8356928
vt 0.5223235 0.8384407
vt 0.5223112 0.8412213
vt 0.5244853 0.8384457
vt 0.5201827 0.8412054
vt 0.5275785 0.8357052
vt 0.5283187 0.8329213
vt 0.5283016 0.8356355
vt 0.5282863 0.8384327
vt 0.5275636 0.8384594
vt 0.5282736 0.8412638
vt 0.5263437 0.8384537
vt 0.5275509 0.8412467
vt 0.5244726 0.841233
vt 0.5184241 0.8411847
vt 0.5184136 0.8438907
vt 0.5173608 0.8437976
vt 0.518406 0.846535
vt 0.5173529 0.8463772
vt 0.5173469 0.8488503
vt 0.5201729 0.8439514
vt 0.526331 0.8412416
vt 0.5263209 0.8440143
vt 0.5244615 0.8440057
vt 0.5263123 0.846724
vt 0.5275398 0.8440197
vt 0.5282625 0.84408
vt 0.5275322 0.8467295
vt 0.5282543 0.8468321
vt 0.5282482 0.8494713
vt 0.5275264 0.849328
vt 0.5282447 0.8519565
vt 0.5275229 0.8517751
vt 0.5263063 0.8493227
vt 0.5263028 0.8517694
vt 0.5244443 0.8517612
vt 0.5244479 0.8493141
vt 0.5244536 0.8467155
vt 0.5222861 0.8492829
vt 0.5222825 0.8517237
vt 0.5223004 0.8439873
vt 0.5222918 0.8466907
vt 0.5201643 0.8466351
vt 0.5201582 0.8492086
vt 0.5201548 0.8516318
vt 0.5184003 0.8490711
vt 0.5183967 0.8514587
vt 0.5173446 0.8511788
vt 0.3038957 0.8546931
vt 0.3029265 0.8525423
vt 0.3029458 0.8542132
vt 0.3038768 0.8529735
vt 0.3038561 0.8509843
vt 0.3029069 0.8506095
vt 0.3038361 0.8487654
vt 0.3028879 0.8484535
vt 0.3029069 0.8506095
vt 0.3006539 0.8522465
vt 0.3029265 0.8525423
vt 0.3029458 0.8542132
vt 0.3006722 0.8538829
vt 0.3029641 0.8556004
vt 0.3006901 0.8552415
vt 0.2969023 0.855161
vt 0.2968844 0.8538101
vt 0.2919787 0.8552887
vt 0.2968661 0.8521832
vt 0.2968471 0.8503011
vt 0.2919607 0.8539304
vt 0.2919235 0.8504017
vt 0.2919042 0.8482903
vt 0.2919424 0.8522944
vt 0.2862612 0.8525218
vt 0.2862798 0.8541795
vt 0.2802011 0.8528073
vt 0.2862981 0.855556
vt 0.2802204 0.854493
vt 0.280239 0.8558927
vt 0.3037109 0.8278074
vt 0.3027755 0.8305257
vt 0.30372 0.830316
vt 0.302766 0.8280881
vt 0.3027593 0.8258101
vt 0.3037034 0.8254631
vt 0.3005056 0.8306835
vt 0.3005168 0.8331873
vt 0.3027552 0.8237327
vt 0.3004853 0.8240303
vt 0.3036994 0.823325
vt 0.3036973 0.8214357
vt 0.3027532 0.8218967
vt 0.3004897 0.8260651
vt 0.3004965 0.8282961
vt 0.2967188 0.8307453
vt 0.2967296 0.8332346
vt 0.2917938 0.830735
vt 0.291785 0.8283482
vt 0.2861112 0.8306769
vt 0.2967097 0.8283717
vt 0.2967032 0.8261536
vt 0.3004833 0.8222324
vt 0.3027542 0.8203267
vt 0.300484 0.8206946
vt 0.2966968 0.8208144
vt 0.2966965 0.822343
vt 0.2917728 0.820748
vt 0.2966985 0.8241307
vt 0.2917718 0.8222853
vt 0.2917786 0.8261175
vt 0.2860885 0.8221151
vt 0.2860889 0.8205574
vt 0.2917739 0.8240832
vt 0.2860906 0.8239368
vt 0.2800257 0.8218889
vt 0.2800267 0.820305
vt 0.2800281 0.8237412
vt 0.2860953 0.825998
vt 0.2800328 0.8258371
vt 0.2861017 0.8282582
vt 0.2800396 0.8281354
vt 0.2800488 0.8305946
vt 0.5848405 0.8299202
vt 0.5857216 0.828209
vt 0.5848409 0.8278503
vt 0.5857206 0.8302202
vt 0.5857181 0.8324031
vt 0.5848374 0.8321663
vt 0.5878347 0.8325774
vt 0.5878303 0.8348482
vt 0.5878382 0.8304397
vt 0.5913707 0.8305132
vt 0.5857127 0.8347219
vt 0.5848317 0.8345526
vt 0.5848244 0.8370409
vt 0.5913672 0.8326387
vt 0.5959636 0.8304775
vt 0.5857058 0.8371397
vt 0.584814 0.8395869
vt 0.585696 0.8396134
vt 0.5959608 0.832615
vt 0.601262 0.8325354
vt 0.5878224 0.8372161
vt 0.5913625 0.8348961
vt 0.5913546 0.8372505
vt 0.5878132 0.8396394
vt 0.5878022 0.8420746
vt 0.5856846 0.8421005
vt 0.5913458 0.8396596
vt 0.595939 0.8396757
vt 0.5959485 0.8372534
vt 0.5959557 0.8348854
vt 0.6012575 0.8348358
vt 0.6012496 0.8372347
vt 0.6069121 0.8347664
vt 0.6069174 0.8324271
vt 0.6012654 0.8303696
vt 0.6069199 0.8302249
vt 0.6069044 0.837206
vt 0.6012395 0.8396896
vt 0.6012285 0.8421573
vt 0.6068944 0.8397019
vt 0.606883 0.842211
vt 0.584814 0.8395869
vt 0.5856846 0.8421005
vt 0.585696 0.8396134
vt 0.5848023 0.8421463
vt 0.5856711 0.8445578
vt 0.5877892 0.8444817
vt 0.5847891 0.8446749
vt 0.5847736 0.8471292
vt 0.5878022 0.8420746
vt 0.5856565 0.8469425
vt 0.5847578 0.8494694
vt 0.5856404 0.8492164
vt 0.585623 0.8513409
vt 0.5847395 0.8516557
vt 0.5877751 0.8468171
vt 0.5877593 0.8490443
vt 0.5912915 0.8490099
vt 0.5913072 0.8467957
vt 0.5958847 0.849079
vt 0.5913344 0.8420809
vt 0.5913215 0.8444738
vt 0.5959005 0.8468528
vt 0.5913458 0.8396596
vt 0.5878132 0.8396394
vt 0.595939 0.8396757
vt 0.595928 0.8421115
vt 0.6012285 0.8421573
vt 0.5959153 0.8445177
vt 0.6012152 0.8445951
vt 0.601201 0.8469615
vt 0.6011846 0.8492174
vt 0.6068698 0.8446901
vt 0.606883 0.842211
vt 0.6068546 0.8470963
vt 0.6068385 0.8493901
vt 0.6821784 0.7730182
vt 0.6822428 0.7776071
vt 0.6844987 0.7776024
vt 0.6844469 0.7730129
vt 0.6843494 0.7677188
vt 0.6868127 0.773006
vt 0.6867467 0.7677115
vt 0.6892337 0.7729968
vt 0.6842292 0.7620725
vt 0.6820506 0.7677245
vt 0.6818916 0.7620779
vt 0.6866672 0.7620646
vt 0.6891996 0.767702
vt 0.6891614 0.7620548
vt 0.6916688 0.7620435
vt 0.6916659 0.7676904
vt 0.6941462 0.7620299
vt 0.6941023 0.7676777
vt 0.6916676 0.7729855
vt 0.6964666 0.7676629
vt 0.6965508 0.762015
vt 0.6987212 0.7676468
vt 0.698843 0.761999
vt 0.6964056 0.772958
vt 0.6986309 0.7729419
vt 0.6940721 0.7729725
vt 0.6963902 0.7775465
vt 0.6986029 0.7775313
vt 0.6940699 0.777562
vt 0.6941093 0.7810928
vt 0.6964435 0.7810785
vt 0.6986688 0.7810621
vt 0.6988597 0.7831817
vt 0.6965874 0.7831978
vt 0.6942046 0.7832127
vt 0.6917489 0.7832259
vt 0.6916789 0.7775746
vt 0.6917045 0.7811056
vt 0.6892633 0.7832376
vt 0.6892589 0.7775853
vt 0.6868515 0.7775944
vt 0.68927 0.7811167
vt 0.686849 0.7811258
vt 0.6844823 0.7811334
vt 0.6867912 0.7832471
vt 0.6821784 0.7730182
vt 0.6843494 0.7677188
vt 0.6820506 0.7677245
vt 0.6800421 0.7730207
vt 0.6822428 0.7776071
vt 0.6798862 0.7677267
vt 0.6818916 0.7620779
vt 0.6796909 0.7620801
vt 0.6801187 0.7776099
vt 0.6822131 0.7811382
vt 0.6800765 0.7811413
vt 0.6798764 0.7832625
vt 0.6844823 0.7811334
vt 0.6844987 0.7776024
vt 0.6820585 0.7832597
vt 0.6795845 0.7841511
vt 0.6818294 0.784148
vt 0.684375 0.783254
vt 0.6842141 0.7841426
vt 0.6867003 0.7841347
vt 0.6867912 0.7832471
vt 0.6868515 0.7775944
vt 0.6868127 0.773006
vt 0.6892337 0.7729968
vt 0.2861112 0.8306769
vt 0.2800488 0.8305946
vt 0.2800603 0.833174
vt 0.2861227 0.8332135
vt 0.2917938 0.830735
vt 0.2861352 0.8358274
vt 0.2800735 0.8358319
vt 0.2918057 0.8332385
vt 0.2967296 0.8332346
vt 0.2918185 0.8358183
vt 0.2918331 0.8384293
vt 0.2861505 0.8384729
vt 0.280089 0.8385221
vt 0.2801059 0.841198
vt 0.2967428 0.8357998
vt 0.3005168 0.8331873
vt 0.2861671 0.8411044
vt 0.2801236 0.843813
vt 0.286185 0.8436762
vt 0.2918497 0.8410264
vt 0.2862029 0.8461425
vt 0.2801432 0.8463209
vt 0.2862226 0.8484646
vt 0.2801622 0.8486819
vt 0.2801818 0.8508572
vt 0.2862415 0.8506039
vt 0.2802011 0.8528073
vt 0.2862612 0.8525218
vt 0.2919235 0.8504017
vt 0.2919424 0.8522944
vt 0.2919042 0.8482903
vt 0.2918849 0.8459986
vt 0.291867 0.8435645
vt 0.2967913 0.8435025
vt 0.2968092 0.8459229
vt 0.3005781 0.8435151
vt 0.296774 0.8409788
vt 0.2968282 0.8482018
vt 0.2968471 0.8503011
vt 0.2967574 0.8383962
vt 0.3005967 0.8459496
vt 0.300635 0.8503534
vt 0.3006539 0.8522465
vt 0.3029069 0.8506095
vt 0.3028879 0.8484535
vt 0.3006153 0.8482417
vt 0.3028686 0.846113
vt 0.3038361 0.8487654
vt 0.3038165 0.846357
vt 0.3028503 0.8436275
vt 0.3037972 0.8437989
vt 0.3037789 0.8411316
vt 0.3028327 0.8410355
vt 0.3037613 0.8384021
vt 0.3005608 0.8409767
vt 0.3028158 0.8383831
vt 0.3005442 0.838379
vt 0.30053 0.8357675
vt 0.3028002 0.8357168
vt 0.3037461 0.8356581
vt 0.302787 0.8330823
vt 0.3027755 0.8305257
vt 0.3037322 0.8329468
vt 0.30372 0.830316
vt 0.4040594 0.695578
vt 0.4065987 0.7048891
vt 0.4065448 0.6955639
vt 0.4041133 0.704903
vt 0.4066549 0.714598
vt 0.4091104 0.7145858
vt 0.4090542 0.7048769
vt 0.4114372 0.7048664
vt 0.4041696 0.7146115
vt 0.4016975 0.7146271
vt 0.4016412 0.7049183
vt 0.3992816 0.7146441
vt 0.3992257 0.7049352
vt 0.4015873 0.695594
vt 0.3969084 0.7049525
vt 0.3969647 0.7146617
vt 0.3947274 0.7049704
vt 0.3946735 0.6956455
vt 0.3947833 0.714679
vt 0.3927737 0.714698
vt 0.3927178 0.7049891
vt 0.3909723 0.7147159
vt 0.3968549 0.6956275
vt 0.3991714 0.6956102
vt 0.399122 0.6870532
vt 0.4015382 0.6870366
vt 0.3990793 0.6796474
vt 0.3968054 0.6870705
vt 0.40401 0.6870207
vt 0.4064953 0.6870071
vt 0.4014951 0.6796311
vt 0.4039673 0.6796155
vt 0.4064526 0.6796016
vt 0.4039334 0.6737447
vt 0.4064187 0.6737309
vt 0.4039158 0.6692505
vt 0.4063692 0.6692367
vt 0.4014612 0.6737607
vt 0.4062801 0.665958
vt 0.4086218 0.6659461
vt 0.4039229 0.6659706
vt 0.4015826 0.6659861
vt 0.4018195 0.6637607
vt 0.3996937 0.663776
vt 0.4014768 0.6692658
vt 0.3992826 0.6660017
vt 0.3990454 0.6737773
vt 0.397047 0.6660183
vt 0.3975794 0.6637909
vt 0.3990898 0.6692817
vt 0.3967932 0.6692986
vt 0.3946339 0.6693169
vt 0.3949524 0.6660353
vt 0.3967285 0.6737946
vt 0.3967624 0.679665
vt 0.3945471 0.6738122
vt 0.3946237 0.6870881
vt 0.394581 0.6796829
vt 0.3925714 0.6797009
vt 0.3926142 0.6871068
vt 0.39077 0.6797192
vt 0.3925376 0.6738309
vt 0.392664 0.6956642
vt 0.3908127 0.6871247
vt 0.390916 0.705007
vt 0.3908621 0.6956818
vt 0.3893589 0.7050247
vt 0.3894148 0.7147332
vt 0.3893047 0.6956998
vt 0.3880657 0.7050416
vt 0.3881216 0.7147501
vt 0.3880118 0.6957167
vt 0.3892552 0.6871424
vt 0.3879623 0.6871593
vt 0.3892125 0.6797372
vt 0.3879193 0.6797541
vt 0.3878854 0.6738834
vt 0.3891786 0.6738667
vt 0.3880461 0.6693875
vt 0.3893335 0.6693705
vt 0.3907357 0.6738488
vt 0.3926572 0.6693352
vt 0.3908838 0.6693529
vt 0.3913874 0.6660699
vt 0.389857 0.6660872
vt 0.3930757 0.6660522
vt 0.392419 0.6638387
vt 0.3939382 0.6638221
vt 0.3956152 0.6638068
vt 0.4065448 0.6955639
vt 0.4065987 0.7048891
vt 0.4090542 0.7048769
vt 0.4090003 0.6955516
vt 0.4113833 0.6955408
vt 0.4114372 0.7048664
vt 0.4136551 0.6955323
vt 0.4089508 0.6869946
vt 0.4113338 0.6869834
vt 0.4089081 0.6795891
vt 0.4064953 0.6870071
vt 0.4040594 0.695578
vt 0.4064526 0.6796016
vt 0.40401 0.6870207
vt 0.4064187 0.6737309
vt 0.4088739 0.6737187
vt 0.4063692 0.6692367
vt 0.4087963 0.6692241
vt 0.4086218 0.6659461
vt 0.4111569 0.6692133
vt 0.4109167 0.6659353
vt 0.4134054 0.6692048
vt 0.4130936 0.6659268
vt 0.4150815 0.6659211
vt 0.4112569 0.6737075
vt 0.4112908 0.6795782
vt 0.4154949 0.669199
vt 0.4169023 0.6659173
vt 0.4135291 0.673699
vt 0.4136057 0.6869749
vt 0.4156522 0.6736929
vt 0.413563 0.6795694
vt 0.415686 0.679563
vt 0.4176224 0.6795592
vt 0.4157291 0.6869689
vt 0.4175885 0.6736885
vt 0.4174021 0.6691946
vt 0.4191043 0.669193
vt 0.4185773 0.6659153
vt 0.4192998 0.6736872
vt 0.4205595 0.669193
vt 0.4200071 0.665916
vt 0.4207631 0.6736872
vt 0.4193337 0.6795576
vt 0.420797 0.6795579
vt 0.4208397 0.6869627
vt 0.4193768 0.6869627
vt 0.4208895 0.6955205
vt 0.4176654 0.6869645
vt 0.4194259 0.6955205
vt 0.4157785 0.6955262
vt 0.4194798 0.7048451
vt 0.4209434 0.7048451
vt 0.4177149 0.6955218
vt 0.4177684 0.7048467
vt 0.4195361 0.7145536
vt 0.4209993 0.7145543
vt 0.4178247 0.714556
vt 0.4158324 0.7048508
vt 0.4158883 0.7145594
vt 0.413709 0.7048572
vt 0.4137653 0.7145655
vt 0.4114931 0.7145746
vt 0.4091104 0.7145858
vt 0.3303531 0.3687754
vt 0.3394355 0.368816
vt 0.3394383 0.3667758
vt 0.3303563 0.3667346
vt 0.3216305 0.3687364
vt 0.3394431 0.3646084
vt 0.3216333 0.3666956
vt 0.330361 0.3645675
vt 0.3136284 0.3666594
vt 0.3136252 0.3687003
vt 0.3303686 0.3623076
vt 0.3394495 0.3623482
vt 0.3067006 0.3666283
vt 0.3067057 0.3644613
vt 0.3066984 0.3686692
vt 0.3012067 0.3686445
vt 0.3012095 0.3666036
vt 0.2970026 0.3685202
vt 0.3136331 0.3644927
vt 0.3216384 0.3645285
vt 0.3216451 0.3622686
vt 0.3216359 0.359802
vt 0.3303769 0.3599951
vt 0.3394583 0.3600357
vt 0.3394697 0.3577111
vt 0.3136401 0.3622322
vt 0.3303877 0.3576699
vt 0.3394821 0.3554141
vt 0.3304003 0.3553735
vt 0.3215921 0.3570159
vt 0.3304136 0.3531444
vt 0.339496 0.3531849
vt 0.3304292 0.3510185
vt 0.3395113 0.3510595
vt 0.3218435 0.349199
vt 0.3217072 0.3515568
vt 0.3215908 0.3541778
vt 0.3133269 0.350674
vt 0.31337 0.3551345
vt 0.3137514 0.3468754
vt 0.305465 0.3421333
vt 0.3063003 0.3529722
vt 0.3135767 0.359305
vt 0.306713 0.3622014
vt 0.3066138 0.3587407
vt 0.3011604 0.3583483
vt 0.3012213 0.3621767
vt 0.2970058 0.3581746
vt 0.300961 0.351475
vt 0.3012146 0.3644366
vt 0.2970172 0.3621187
vt 0.2970058 0.3665
vt 0.2939394 0.3662308
vt 0.2939372 0.3681905
vt 0.2939451 0.3641393
vt 0.2970105 0.3643517
vt 0.2939509 0.3619881
vt 0.2918682 0.3637338
vt 0.2918735 0.3617456
vt 0.2939366 0.3582681
vt 0.2918434 0.3585708
vt 0.291741 0.353035
vt 0.2938786 0.3514703
vt 0.2914919 0.3422877
vt 0.2969538 0.3508914
vt 0.2939306 0.3389107
vt 0.3005102 0.338917
vt 0.2942472 0.3179043
vt 0.2923601 0.3179185
vt 0.2968761 0.3380586
vt 0.2967829 0.3174627
vt 0.2974711 0.2931376
vt 0.299693 0.318033
vt 0.2954167 0.2930088
vt 0.3022712 0.3181376
vt 0.2996398 0.2933072
vt 0.2937828 0.2925834
vt 0.2928772 0.2915234
vt 0.2913964 0.3160666
vt 0.2966419 0.268259
vt 0.295864 0.2675821
vt 0.3017161 0.247936
vt 0.3011075 0.2474075
vt 0.3093593 0.2341642
vt 0.3097848 0.2346051
vt 0.2980291 0.2687826
vt 0.310648 0.2350492
vt 0.3028513 0.2484035
vt 0.2997383 0.2691164
vt 0.3196321 0.2272101
vt 0.3205983 0.2275816
vt 0.3188815 0.2268173
vt 0.3270407 0.223122
vt 0.328013 0.2233776
vt 0.3117606 0.2354394
vt 0.3014815 0.2692239
vt 0.3042721 0.2487627
vt 0.3057389 0.2489672
vt 0.3070101 0.2489697
vt 0.3129304 0.235721
vt 0.3029715 0.2690676
vt 0.3291802 0.2236239
vt 0.3348016 0.2217919
vt 0.3015075 0.2931258
vt 0.3026576 0.2922021
vt 0.3039193 0.2686118
vt 0.3038102 0.3162983
vt 0.307845 0.2487231
vt 0.3146834 0.2357314
vt 0.3139679 0.2358367
vt 0.3032739 0.2909502
vt 0.3044585 0.2679518
vt 0.30459 0.3138352
vt 0.3074757 0.3361173
vt 0.3213417 0.2279386
vt 0.3220049 0.2281541
vt 0.3292781 0.2244078
vt 0.3292569 0.224075
vt 0.3357285 0.2224665
vt 0.3142516 0.3438204
vt 0.3082888 0.3327453
vt 0.3085852 0.3305086
vt 0.3144352 0.3415903
vt 0.3219012 0.3471515
vt 0.3362927 0.2219092
vt 0.3407232 0.2207813
vt 0.3398086 0.2214505
vt 0.3390088 0.2206957
vt 0.3968816 0.8670814
vt 0.4067697 0.8671386
vt 0.4067869 0.8658217
vt 0.3968989 0.8657644
vt 0.3875341 0.8670281
vt 0.4068052 0.8642356
vt 0.3875969 0.8657135
vt 0.3969168 0.8641785
vt 0.3969351 0.8623437
vt 0.4068228 0.8624007
vt 0.3969534 0.8602968
vt 0.4068414 0.8603541
vt 0.3876379 0.8623099
vt 0.3876172 0.8641355
vt 0.3794956 0.8641209
vt 0.3794683 0.8656754
vt 0.3969534 0.8602968
vt 0.4068414 0.8603541
vt 0.4068604 0.8581324
vt 0.396972 0.8580751
vt 0.3876576 0.8602737
vt 0.3969351 0.8623437
vt 0.4068777 0.8557727
vt 0.3876379 0.8623099
vt 0.39699 0.8557156
vt 0.3876773 0.8580637
vt 0.3970072 0.8532552
vt 0.4068949 0.8533123
vt 0.3970228 0.8507374
vt 0.3877297 0.8507646
vt 0.4069108 0.8507947
vt 0.3970373 0.8482063
vt 0.3877135 0.8532689
vt 0.3877432 0.8482469
vt 0.3970493 0.8457054
vt 0.3796391 0.8484834
vt 0.379626 0.8509603
vt 0.3796095 0.8534243
vt 0.3795908 0.8558328
vt 0.3876956 0.8557163
vt 0.3795698 0.8581429
vt 0.3795467 0.8603185
vt 0.3795215 0.8623233
vt 0.3794956 0.8641209
vt 0.3876172 0.8641355
vt 0.3970228 0.8507374
vt 0.4069108 0.8507947
vt 0.4069253 0.8482635
vt 0.3970373 0.8482063
vt 0.4069377 0.8457626
vt 0.3970493 0.8457054
vt 0.3970607 0.8432788
vt 0.4069484 0.8433357
vt 0.3970694 0.8409648
vt 0.3877729 0.8410448
vt 0.4069577 0.8410218
vt 0.4069636 0.8388595
vt 0.3970759 0.8388021
vt 0.4069681 0.8368873
vt 0.3877656 0.8433461
vt 0.3877553 0.8457597
vt 0.3877432 0.8482469
vt 0.3796498 0.8460367
vt 0.3796391 0.8484834
vt 0.3796561 0.8436627
vt 0.3796595 0.8413996
vt 0.3796588 0.8392851
vt 0.3877781 0.8388943
vt 0.379655 0.8373573
vt 0.3970801 0.8368303
vt 0.3877801 0.8369334
vt 0.3877794 0.8352003
vt 0.3796478 0.8356541
vt 0.3970818 0.8350874
vt 0.4069695 0.8351445
vt 0.3877332 0.8337063
vt 0.3794649 0.8341483
vt 0.3970818 0.833597
vt 0.4069691 0.8336542
vt 0.612323 0.2624753
vt 0.6119146 0.2520543
vt 0.609745 0.252273
vt 0.6100802 0.2627088
vt 0.6076236 0.252748
vt 0.6078876 0.2632221
vt 0.6057848 0.2640142
vt 0.6055878 0.2534781
vt 0.6038043 0.2650638
vt 0.6036705 0.2544452
vt 0.601903 0.2556293
vt 0.6019793 0.2663513
vt 0.6003173 0.2570125
vt 0.6003431 0.2678567
vt 0.5989281 0.2695592
vt 0.598945 0.2585765
vt 0.5989394 0.2402987
vt 0.6002398 0.2389663
vt 0.09223709 0.3534411
vt 0.08313833 0.3534824
vt 0.08314119 0.3555265
vt 0.09224027 0.3554859
vt 0.1008401 0.3516238
vt 0.08314596 0.357698
vt 0.1009639 0.3538997
vt 0.09224503 0.357657
vt 0.1089377 0.3492243
vt 0.1084489 0.3462541
vt 0.09225202 0.3599215
vt 0.08315231 0.3599625
vt 0.09226091 0.3622385
vt 0.1010189 0.3620457
vt 0.08316183 0.3622794
vt 0.08317263 0.3646078
vt 0.09227203 0.3645672
vt 0.08318534 0.3669098
vt 0.1010643 0.3592673
vt 0.1010722 0.3564625
vt 0.1093528 0.3529606
vt 0.1172332 0.344424
vt 0.1152304 0.3384835
vt 0.1093023 0.3573861
vt 0.0922841 0.3668692
vt 0.1010112 0.3645284
vt 0.09229839 0.3691026
vt 0.083199 0.3691432
vt 0.09231331 0.3712318
vt 0.1010379 0.3690632
vt 0.1010529 0.3711924
vt 0.1090575 0.369027
vt 0.1010236 0.3668298
vt 0.1090438 0.3667936
vt 0.1159844 0.3667625
vt 0.1159987 0.3689958
vt 0.1215006 0.3689717
vt 0.1090311 0.3644922
vt 0.1090934 0.3615483
vt 0.115972 0.3644611
vt 0.1163865 0.3552232
vt 0.1160695 0.3609836
vt 0.1215333 0.3605904
vt 0.1214736 0.3644363
vt 0.1256987 0.3604316
vt 0.1217353 0.3537235
vt 0.121486 0.3667377
vt 0.1256882 0.3643956
vt 0.1257149 0.3688828
vt 0.1257292 0.3709904
vt 0.1257006 0.3666703
vt 0.1287931 0.3686617
vt 0.1288077 0.370702
vt 0.1287804 0.3665109
vt 0.128768 0.3643156
vt 0.1308753 0.3662098
vt 0.1308877 0.3682374
vt 0.1321499 0.3675399
vt 0.1309004 0.3701437
vt 0.1321597 0.3692232
vt 0.1309147 0.3718168
vt 0.1288223 0.3725651
vt 0.1308639 0.3641746
vt 0.1321293 0.3639497
vt 0.1321445 0.3615884
vt 0.1287804 0.3605717
vt 0.1308912 0.3609706
vt 0.1309954 0.3554366
vt 0.1288404 0.3537734
vt 0.1312501 0.3447003
vt 0.1257524 0.3531518
vt 0.1287938 0.3412295
vt 0.1221952 0.3411921
vt 0.1258381 0.3403406
vt 0.125942 0.3197826
vt 0.128486 0.3202492
vt 0.1252658 0.2955049
vt 0.1230264 0.320354
vt 0.1303843 0.3203101
vt 0.1313587 0.3185233
vt 0.1298841 0.2939892
vt 0.1273267 0.2953889
vt 0.1289684 0.2949967
vt 0.1261157 0.2707101
vt 0.1269027 0.2700793
vt 0.1247218 0.2712062
vt 0.1210426 0.2504237
vt 0.1216588 0.2499384
vt 0.1133985 0.2367133
vt 0.1199021 0.2508658
vt 0.123008 0.2715314
vt 0.1120969 0.2375327
vt 0.1129656 0.2371131
vt 0.1031001 0.229706
vt 0.1021308 0.2300699
vt 0.1038554 0.229336
vt 0.09568278 0.2256498
vt 0.09470551 0.2258845
vt 0.1109815 0.2379154
vt 0.1184773 0.2512174
vt 0.117009 0.2514308
vt 0.121263 0.2716486
vt 0.1157389 0.2514597
vt 0.1098105 0.2382057
vt 0.1230947 0.2956821
vt 0.09353546 0.226124
vt 0.08790718 0.2243175
vt 0.1197741 0.2715206
vt 0.1204474 0.3204871
vt 0.1212278 0.2955296
vt 0.118914 0.3187047
vt 0.1200822 0.2946568
vt 0.1194762 0.2934747
vt 0.1181454 0.3163198
vt 0.1188314 0.2711109
vt 0.1144294 0.3351969
vt 0.1141477 0.3330604
vt 0.1082806 0.3441261
vt 0.1149084 0.2512564
vt 0.1080637 0.2382832
vt 0.1087738 0.2383471
vt 0.101387 0.2304355
vt 0.1007257 0.2306756
vt 0.09344113 0.226938
vt 0.09345955 0.2265833
vt 0.0869785 0.2249933
vt 0.08641221 0.2244293
vt 0.08197876 0.2233373
vt 0.08369669 0.2232544
vt 0.08289568 0.2240107
vt 0.07957703 0.2227044
vt 0.08064926 0.2234609
vt 0.3880461 0.6693875
vt 0.389857 0.6660872
vt 0.3885859 0.6661027
vt 0.3893335 0.6693705
vt 0.392419 0.6638387
vt 0.3909289 0.6638546
vt 0.3913874 0.6660699
vt 0.3949524 0.6660353
vt 0.397047 0.6660183
vt 0.3975794 0.6637909
vt 0.3956152 0.6638068
vt 0.4200071 0.665916
vt 0.4189281 0.6636953
vt 0.4175479 0.6636956
vt 0.4185773 0.6659153
vt 0.4159273 0.6636984
vt 0.4169023 0.6659173
vt 0.4150815 0.6659211
vt 0.41428 0.6637011
vt 0.4130936 0.6659268
vt 0.4124952 0.6637065
vt 0.4104612 0.6637143
vt 0.4115114 0.6623822
vt 0.4109167 0.6659353
vt 0.4082981 0.6637245
vt 0.4086218 0.6659461
vt 0.4062801 0.665958
vt 0.4061266 0.663735
vt 0.405885 0.6624086
vt 0.4039229 0.6659706
vt 0.4040408 0.6624181
vt 0.4039622 0.6637461
vt 0.4018195 0.6637607
vt 0.2939372 0.3681905
vt 0.2918634 0.3657113
vt 0.2918599 0.3675492
vt 0.2939394 0.3662308
vt 0.2918682 0.3637338
vt 0.2939451 0.3641393
vt 0.2913964 0.3160666
vt 0.2914919 0.3422877
vt 0.2923601 0.3179185
vt 0.2907482 0.3364828
vt 0.498631 0.2717711
vt 0.4991267 0.2970518
vt 0.4994489 0.2730469
vt 0.498204 0.2946973
vt 0.4981554 0.3170201
vt 0.4970969 0.2930804
vt 0.4972466 0.3139388
vt 0.496087 0.3120602
vt 0.4947945 0.3107816
vt 0.495537 0.325778
vt 0.4944218 0.3242179
vt 0.4961599 0.3283244
vt 0.4991829 0.3226977
vt 0.4938625 0.3305691
vt 0.4965475 0.3316463
vt 0.4934789 0.3336017
vt 0.4969576 0.3355312
vt 0.4991246 0.3332092
vt 0.4970841 0.3390673
vt 0.4924334 0.3314081
vt 0.4931484 0.3230666
vt 0.4904526 0.3354868
vt 0.4942314 0.3378686
vt 0.4951904 0.3393308
vt 0.4934147 0.3357631
vt 0.4896861 0.3377371
vt 0.483509 0.3391231
vt 0.4913405 0.3394455
vt 0.4881659 0.3348345
vt 0.4966213 0.3413424
vt 0.4986381 0.3417287
vt 0.498049 0.3436733
vt 0.4940928 0.340638
vt 0.4959748 0.3430216
vt 0.4895512 0.3410119
vt 0.4909294 0.3304948
vt 0.4901292 0.3289321
vt 0.4955497 0.3447706
vt 0.4974255 0.3456074
vt 0.4931264 0.3421296
vt 0.4930712 0.3439065
vt 0.4949445 0.3463692
vt 0.4965775 0.3474051
vt 0.4953144 0.3489395
vt 0.4901298 0.343318
vt 0.4933664 0.345369
vt 0.4937573 0.3475994
vt 0.4938318 0.3503294
vt 0.4919181 0.3457265
vt 0.4877973 0.3437797
vt 0.4923578 0.3487308
vt 0.4871453 0.3460666
vt 0.4848943 0.3453001
vt 0.4831862 0.3469546
vt 0.490335 0.3465351
vt 0.489399 0.3480465
vt 0.4911151 0.3500324
vt 0.4923249 0.3516924
vt 0.4889237 0.3494604
vt 0.4897915 0.3511145
vt 0.4906916 0.352825
vt 0.48749 0.3490461
vt 0.4881483 0.3515864
vt 0.4888307 0.3535226
vt 0.486852 0.3539849
vt 0.4863708 0.351866
vt 0.4846438 0.3523723
vt 0.485715 0.348955
vt 0.4841487 0.3497955
vt 0.4830309 0.3507824
vt 0.4829565 0.3526477
vt 0.4812978 0.3522344
vt 0.4809242 0.3542497
vt 0.4789792 0.3536606
vt 0.4819957 0.3497069
vt 0.4796182 0.3515882
vt 0.4816199 0.3451653
vt 0.4778696 0.3511631
vt 0.4770451 0.3530368
vt 0.480504 0.3487404
vt 0.4787275 0.3486856
vt 0.4762706 0.3505576
vt 0.4752478 0.3521891
vt 0.4737134 0.350926
vt 0.4793138 0.3457441
vt 0.4772665 0.3489804
vt 0.4750407 0.3493708
vt 0.4723234 0.3494433
vt 0.4769072 0.3475322
vt 0.4739093 0.3479709
vt 0.4726077 0.3467285
vt 0.4788521 0.3434117
vt 0.4760986 0.3459491
vt 0.4745874 0.3450131
vt 0.4731751 0.3445377
vt 0.4715257 0.345405
vt 0.4710538 0.3437617
vt 0.4765652 0.3427593
vt 0.4735878 0.3431044
vt 0.4707741 0.3419842
vt 0.4773316 0.3405087
vt 0.4736789 0.3413291
vt 0.4728384 0.3397627
vt 0.4702681 0.3402572
vt 0.4756775 0.3388006
vt 0.4774665 0.3372343
vt 0.4768879 0.3349281
vt 0.4718543 0.33837
vt 0.469994 0.3379517
vt 0.4729283 0.3369915
vt 0.4704107 0.3344379
vt 0.4684574 0.3319464
vt 0.4711375 0.3306002
vt 0.469263 0.3214656
vt 0.4739149 0.3349604
vt 0.4740281 0.3328009
vt 0.4717948 0.3273214
vt 0.4707425 0.3158909
vt 0.4738954 0.3297469
vt 0.4726223 0.3248345
vt 0.47525 0.3307003
vt 0.4738616 0.3233711
vt 0.4792204 0.3344659
vt 0.4718965 0.3128949
vt 0.4732055 0.311118
vt 0.4745992 0.3099498
vt 0.4725321 0.29364
vt 0.4714271 0.2959114
vt 0.4752255 0.3223284
vt 0.4737658 0.2921198
vt 0.473993 0.2707569
vt 0.473084 0.2719612
vt 0.4768241 0.329914
vt 0.4777502 0.3284221
vt 0.4764282 0.321104
vt 0.4798728 0.3321795
vt 0.4783086 0.3256546
vt 0.4750928 0.2697099
vt 0.4751204 0.2910179
vt 0.4760068 0.3087793
vt 0.4777086 0.3200864
vt 0.4765872 0.2900034
vt 0.4796368 0.3274513
vt 0.4821237 0.332946
vt 0.479306 0.319666
vt 0.4775319 0.3078085
vt 0.4792787 0.3072393
vt 0.481139 0.3068685
vt 0.4781905 0.2891642
vt 0.479359 0.267338
vt 0.4799537 0.2885872
vt 0.4810364 0.319423
vt 0.4814001 0.3275518
vt 0.4829544 0.3267165
vt 0.4777924 0.2679975
vt 0.4827147 0.3189377
vt 0.4838315 0.3312913
vt 0.4763652 0.2687978
vt 0.4779111 0.2465552
vt 0.4792452 0.2459841
vt 0.4767373 0.2472228
vt 0.4841167 0.3243837
vt 0.4793345 0.2275546
vt 0.4805692 0.2271838
vt 0.4782503 0.2279924
vt 0.4757436 0.24793
vt 0.4749498 0.2486202
vt 0.4773335 0.2284695
vt 0.4766018 0.2289585
vt 0.4783114 0.2156838
vt 0.4807136 0.2455163
vt 0.4819296 0.2268843
vt 0.4833912 0.2266604
vt 0.4822896 0.2451594
vt 0.4849297 0.2265169
vt 0.4810503 0.2668476
vt 0.4839468 0.2449207
vt 0.4856589 0.2448069
vt 0.4818155 0.2881984
vt 0.48283 0.2665152
vt 0.4846621 0.2663288
vt 0.4865165 0.2663105
vt 0.4837155 0.2879249
vt 0.4830043 0.3064943
vt 0.4873961 0.2448171
vt 0.4865202 0.2264583
vt 0.4881352 0.2264834
vt 0.4897469 0.2265913
vt 0.489128 0.2449498
vt 0.4856279 0.2878557
vt 0.484353 0.318668
vt 0.4913272 0.2267804
vt 0.4901412 0.2145099
vt 0.4848627 0.3063442
vt 0.4867028 0.3066462
vt 0.4875285 0.2880815
vt 0.4885312 0.307173
vt 0.485964 0.3190714
vt 0.4883625 0.2664814
vt 0.4850828 0.3268043
vt 0.4908249 0.2452037
vt 0.489399 0.2885106
vt 0.4875967 0.319693
vt 0.4853978 0.3330809
vt 0.4901729 0.2668175
vt 0.4919191 0.2672956
vt 0.4924564 0.2455783
vt 0.4935639 0.2679231
vt 0.4912224 0.289051
vt 0.4928477 0.2270502
vt 0.4931056 0.2148603
vt 0.4939967 0.2460635
vt 0.4942847 0.227393
vt 0.4956145 0.2278032
vt 0.4954208 0.2466498
vt 0.4968129 0.2282745
vt 0.4903542 0.3076951
vt 0.492932 0.2897709
vt 0.4893007 0.3200778
vt 0.4950701 0.2687091
vt 0.4967022 0.2473288
vt 0.4944605 0.2907392
vt 0.4978158 0.2480906
vt 0.4978562 0.2287994
vt 0.498751 0.2488775
vt 0.498733 0.2293504
vt 0.499434 0.2298989
vt 0.4987466 0.216525
vt 0.4994191 0.216946
vt 0.4994976 0.2496309
vt 0.497618 0.2706376
vt 0.4964259 0.2696237
vt 0.4958384 0.2918712
vt 0.4934879 0.3094989
vt 0.4920505 0.3217474
vt 0.4920481 0.3084064
vt 0.4908584 0.3206281
vt 0.4898008 0.326128
vt 0.487704 0.332502
vt 0.4883287 0.3278094
vt 0.486563 0.3277642
vt 0.5979001 0.2193715
vt 0.5978414 0.2420521
vt 0.5989394 0.2402987
vt 0.5989183 0.218216
vt 0.6002398 0.2389663
vt 0.5988901 0.1958179
vt 0.5979453 0.1965785
vt 0.6001326 0.2171623
vt 0.6000183 0.195046
vt 0.6015325 0.2162267
vt 0.6017408 0.237786
vt 0.6030899 0.2154224
vt 0.6003173 0.2570125
vt 0.601903 0.2556293
vt 0.6034132 0.2367737
vt 0.6036705 0.2544452
vt 0.6055878 0.2534781
vt 0.6052256 0.2359462
vt 0.6076236 0.252748
vt 0.601317 0.1943577
vt 0.5999196 0.1760617
vt 0.6027597 0.1937633
vt 0.6011339 0.1755844
vt 0.5988627 0.1765942
vt 0.6047767 0.2147617
vt 0.6071486 0.2353182
vt 0.6043208 0.1932719
vt 0.6091518 0.2349063
vt 0.609745 0.252273
vt 0.6111996 0.2347125
vt 0.6103274 0.2137583
vt 0.6119146 0.2520543
vt 0.6084257 0.2139232
vt 0.6065646 0.2142578
vt 0.6059743 0.1928927
vt 0.6054785 0.174548
vt 0.6076934 0.1926354
vt 0.6039375 0.174821
vt 0.6140949 0.2520939
vt 0.612323 0.2624753
vt 0.6145775 0.2625237
vt 0.6162489 0.252393
vt 0.616805 0.2628548
vt 0.6189658 0.2634709
vt 0.6132564 0.2347376
vt 0.6024813 0.1751685
vt 0.6023126 0.1630104
vt 0.6037063 0.1627544
vt 0.6010223 0.1633123
vt 0.5998583 0.1636554
vt 0.5988439 0.1640346
vt 0.60518 0.1625489
vt 0.6067101 0.1623994
vt 0.6070795 0.1743564
vt 0.5979922 0.1643859
vt 0.6094484 0.1925006
vt 0.6087126 0.174247
vt 0.6103491 0.1742216
vt 0.6112087 0.1924905
vt 0.6119611 0.174281
vt 0.5979761 0.1771057
vt 0.5972739 0.1775216
vt 0.5973154 0.164646
vt 0.5971979 0.1972326
vt 0.612236 0.2137661
vt 0.6129435 0.1926055
vt 0.6152866 0.234983
vt 0.6141185 0.2139468
vt 0.6159422 0.2143024
vt 0.6172549 0.2354504
vt 0.6176783 0.2148217
vt 0.6146227 0.1928478
vt 0.6183375 0.2529535
vt 0.6210262 0.2643547
vt 0.6191298 0.2361265
vt 0.6203281 0.253759
vt 0.6221873 0.2547942
vt 0.6229507 0.2654879
vt 0.6238816 0.2560424
vt 0.6247057 0.2668533
vt 0.6262558 0.2684339
vt 0.625378 0.2574879
vt 0.6208797 0.2369977
vt 0.6238794 0.239272
vt 0.6251236 0.2409283
vt 0.6231829 0.2183304
vt 0.6224735 0.2380505
vt 0.6220679 0.2172631
vt 0.619297 0.2154953
vt 0.6202489 0.1949379
vt 0.6212586 0.1956184
vt 0.6207701 0.2163125
vt 0.6190594 0.1942615
vt 0.6176299 0.1753325
vt 0.6177076 0.1936828
vt 0.6162196 0.1932091
vt 0.6187292 0.1757761
vt 0.6163793 0.1749567
vt 0.6135197 0.1744264
vt 0.615001 0.1746529
vt 0.6142677 0.1625181
vt 0.6155803 0.1627129
vt 0.6128568 0.1623777
vt 0.6113701 0.1622941
vt 0.6098323 0.1622709
vt 0.6167707 0.1629589
vt 0.617815 0.1632533
vt 0.6186994 0.1635332
vt 0.6196607 0.1762128
vt 0.6204101 0.1765687
vt 0.6194088 0.1637358
vt 0.622072 0.1962084
vt 0.30459 0.3138352
vt 0.3085852 0.3305086
vt 0.3048893 0.312066
vt 0.3082888 0.3327453
vt 0.3074757 0.3361173
vt 0.3038102 0.3162983
vt 0.08804365 0.8283281
vt 0.08748136 0.8197959
vt 0.08692378 0.8190439
vt 0.08876535 0.828989
vt 0.08824072 0.8202838
vt 0.08918741 0.8205862
vt 0.08968075 0.8293804
vt 0.09030526 0.8207816
vt 0.08829453 0.8363354
vt 0.08783178 0.835279
vt 0.08752205 0.8275657
vt 0.09076902 0.8296212
vt 0.09201029 0.8298311
vt 0.0915795 0.8209521
vt 0.09338003 0.8300049
vt 0.09298455 0.8210927
vt 0.09449486 0.8212033
vt 0.09093044 0.8384914
vt 0.08985227 0.8382096
vt 0.09094355 0.8458577
vt 0.09216062 0.8387372
vt 0.08896175 0.8375911
vt 0.09485302 0.8301424
vt 0.09608623 0.821281
vt 0.08986571 0.8455436
vt 0.09351792 0.8389417
vt 0.09497879 0.8391028
vt 0.09217306 0.8461314
vt 0.08834935 0.8427345
vt 0.08898562 0.8446746
vt 0.08899336 0.8488238
vt 0.08799556 0.8402778
vt 0.08755468 0.8352596
vt 0.08720694 0.8268656
vt 0.08832345 0.8464452
vt 0.08785163 0.8421221
vt 0.08988455 0.8498529
vt 0.08899874 0.8499592
vt 0.08990069 0.8510478
vt 0.09096172 0.8501865
vt 0.09097819 0.8513874
vt 0.0922077 0.8516837
vt 0.09219122 0.8504771
vt 0.09356433 0.8519302
vt 0.09354819 0.8507189
vt 0.09353002 0.8463594
vt 0.09499057 0.8465397
vt 0.09652947 0.8466678
vt 0.09500805 0.8509102
vt 0.09502453 0.8521259
vt 0.09654696 0.8510467
vt 0.09656344 0.8522648
vt 0.09815648 0.8523445
vt 0.09814 0.8511245
vt 0.09977576 0.8523651
vt 0.0965177 0.8392168
vt 0.09640537 0.8302393
vt 0.09801187 0.8302938
vt 0.09773241 0.8213233
vt 0.0996446 0.8303052
vt 0.09811108 0.8392814
vt 0.09812251 0.8467408
vt 0.09975962 0.851144
vt 0.09973036 0.8392968
vt 0.1013772 0.8511056
vt 0.1013934 0.8523257
vt 0.09974213 0.846759
vt 0.1013597 0.8467219
vt 0.1029474 0.8466298
vt 0.1029649 0.8510088
vt 0.102981 0.8522265
vt 0.101348 0.8392622
vt 0.1044947 0.8508537
vt 0.1045112 0.8520688
vt 0.1059589 0.8518566
vt 0.1059428 0.8506452
vt 0.1044772 0.8464829
vt 0.1072846 0.8503863
vt 0.1073008 0.8515929
vt 0.1084956 0.8500823
vt 0.1084775 0.8457537
vt 0.1085121 0.8512835
vt 0.1095691 0.8509308
vt 0.1095526 0.8497359
vt 0.1104465 0.8498304
vt 0.1072665 0.846041
vt 0.1104206 0.8486961
vt 0.111066 0.8463093
vt 0.1059246 0.8462855
vt 0.1059125 0.8388674
vt 0.1072537 0.8386468
vt 0.1058752 0.8299309
vt 0.1044651 0.8390459
vt 0.1029356 0.8391784
vt 0.1095341 0.8454266
vt 0.1110105 0.8425989
vt 0.1113505 0.8401393
vt 0.1044167 0.8300856
vt 0.101275 0.8302743
vt 0.1103927 0.8445468
vt 0.1110371 0.8361992
vt 0.111487 0.8351378
vt 0.1103893 0.8374623
vt 0.1103977 0.8288594
vt 0.1110942 0.8281909
vt 0.1115943 0.8274218
vt 0.1111309 0.8196546
vt 0.1104065 0.8201517
vt 0.1094948 0.8204644
vt 0.1095207 0.8380922
vt 0.1095089 0.8292614
vt 0.1084089 0.8206736
vt 0.1084647 0.8383875
vt 0.1084455 0.8295162
vt 0.1072261 0.8297399
vt 0.1071629 0.8208593
vt 0.1057817 0.8210167
vt 0.1042899 0.8211448
vt 0.1027123 0.8212413
vt 0.1028751 0.830201
vt 0.1010745 0.8213035
vt 0.09940482 0.8213301
vt 0.100679 0.8138945
vt 0.09893098 0.8139194
vt 0.0971792 0.8139157
vt 0.09545365 0.8138857
vt 0.2785929 0.6948501
vt 0.2775145 0.7038678
vt 0.2785255 0.7038394
vt 0.2795529 0.6947479
vt 0.2791642 0.6843251
vt 0.2797214 0.7036862
vt 0.277826 0.6947312
vt 0.2767074 0.703623
vt 0.2784311 0.6845699
vt 0.2772701 0.6942652
vt 0.2779036 0.6844585
vt 0.2787136 0.6751205
vt 0.278237 0.675661
vt 0.2784123 0.6699166
vt 0.2787826 0.6674834
vt 0.2787495 0.6627585
vt 0.279436 0.6603143
vt 0.2793967 0.6740412
vt 0.279438 0.6655278
vt 0.2803355 0.6646498
vt 0.2803037 0.6734781
vt 0.2814309 0.6643298
vt 0.2803437 0.6592593
vt 0.2794189 0.6583239
vt 0.2803362 0.6572172
vt 0.2814391 0.6589201
vt 0.2814312 0.6568719
vt 0.2826808 0.6565707
vt 0.282689 0.6586251
vt 0.2840603 0.6563201
vt 0.2800944 0.6840698
vt 0.2813998 0.6731908
vt 0.2806893 0.6945486
vt 0.2812008 0.6838239
vt 0.2819847 0.6943766
vt 0.2810828 0.7035546
vt 0.2824627 0.6836113
vt 0.2838549 0.6834338
vt 0.2834131 0.6942331
vt 0.2825827 0.7034452
vt 0.2841944 0.7033604
vt 0.2826504 0.672942
vt 0.2849489 0.6941209
vt 0.2858905 0.7033016
vt 0.2826812 0.6640522
vt 0.2840303 0.6727341
vt 0.2840686 0.6583793
vt 0.2840607 0.6638204
vt 0.2855527 0.6581847
vt 0.2855448 0.6561211
vt 0.2855452 0.6636372
vt 0.2871096 0.6635069
vt 0.2871172 0.6580459
vt 0.287109 0.6559799
vt 0.2887288 0.6558989
vt 0.2855151 0.6725703
vt 0.2887367 0.6579666
vt 0.290375 0.655878
vt 0.2853527 0.683294
vt 0.2870799 0.6724538
vt 0.2865664 0.6940423
vt 0.2869305 0.6831955
vt 0.2882399 0.6939992
vt 0.2876447 0.7032709
vt 0.288564 0.6831402
vt 0.2902235 0.6831292
vt 0.2899405 0.6939909
vt 0.2894256 0.7032685
vt 0.2912027 0.7032924
vt 0.2916376 0.694019
vt 0.2886994 0.6723881
vt 0.2887295 0.6634327
vt 0.2903459 0.6723724
vt 0.2903832 0.6579471
vt 0.2903757 0.6634142
vt 0.2920277 0.6579865
vt 0.2920195 0.655918
vt 0.2920202 0.6634522
vt 0.2936342 0.6635455
vt 0.2936417 0.6580846
vt 0.2936336 0.6560189
vt 0.2951891 0.6561792
vt 0.2919904 0.6724073
vt 0.295197 0.6582422
vt 0.296661 0.656395
vt 0.2918814 0.6831607
vt 0.2936041 0.6724924
vt 0.2933029 0.6940819
vt 0.292945 0.7033433
vt 0.2949064 0.6941804
vt 0.2935081 0.6832348
vt 0.2950753 0.6833518
vt 0.2965577 0.6835094
vt 0.2951594 0.6726274
vt 0.2951895 0.6636946
vt 0.296423 0.6943107
vt 0.2946219 0.7034226
vt 0.2962066 0.7035266
vt 0.297673 0.7036534
vt 0.2978271 0.694471
vt 0.2989943 0.7038018
vt 0.2966692 0.6584541
vt 0.2966309 0.672809
vt 0.2980329 0.6587174
vt 0.2980254 0.656663
vt 0.2966613 0.6638953
vt 0.2980254 0.6641442
vt 0.2992566 0.6644362
vt 0.2992644 0.6590264
vt 0.2992566 0.6569775
vt 0.3003311 0.6573362
vt 0.2979943 0.6730336
vt 0.300339 0.6593783
vt 0.3012228 0.6584548
vt 0.2979314 0.6837039
vt 0.2992251 0.6732972
vt 0.2990942 0.694659
vt 0.2991711 0.6839313
vt 0.3001978 0.694872
vt 0.3001444 0.7039689
vt 0.3002518 0.6841897
vt 0.3011561 0.6844571
vt 0.3011267 0.6949852
vt 0.301112 0.7040086
vt 0.3018683 0.694874
vt 0.3018652 0.6847097
vt 0.300299 0.673597
vt 0.3003304 0.6647688
vt 0.30118 0.6741714
vt 0.3012193 0.660445
vt 0.3018337 0.6752589
vt 0.3012009 0.6656581
vt 0.30182 0.6676208
vt 0.3018696 0.662897
vt 0.3019062 0.6610481
vt 0.3021558 0.6700588
vt 0.3023106 0.6674345
vt 0.3022857 0.6758046
vt 0.3023759 0.6846045
vt 0.3024108 0.6944153
vt 0.3025623 0.6747561
vt 0.3021558 0.6700588
vt 0.3022857 0.6758046
vt 0.3023106 0.6674345
vt 0.4715257 0.345405
vt 0.4698279 0.3463035
vt 0.4709601 0.3479368
vt 0.4726077 0.3467285
vt 0.4723234 0.3494433
vt 0.4710538 0.3437617
vt 0.4691305 0.3444425
vt 0.4707741 0.3419842
vt 0.4686683 0.3424635
vt 0.4702681 0.3402572
vt 0.2906157 0.3590244
vt 0.2918434 0.3585708
vt 0.291741 0.353035
vt 0.2918735 0.3617456
vt 0.1110942 0.8281909
vt 0.1115943 0.8274218
vt 0.1116538 0.8188956
vt 0.1111309 0.8196546
vt 0.8125352 0.1651023
vt 0.811747 0.1624373
vt 0.8107914 0.1626538
vt 0.8113216 0.159691
vt 0.8116157 0.1654417
vt 0.8088762 0.1630843
vt 0.8136634 0.1676435
vt 0.8103459 0.1597805
vt 0.8112564 0.1569112
vt 0.812796 0.1681007
vt 0.8097733 0.1661185
vt 0.8143091 0.1705851
vt 0.8151098 0.1700184
vt 0.8161313 0.1728508
vt 0.8146877 0.1741818
vt 0.8168515 0.1721843
vt 0.8188667 0.1740979
vt 0.8182395 0.174853
vt 0.8211144 0.1757348
vt 0.8127046 0.1717161
vt 0.811058 0.1690121
vt 0.8081601 0.1705305
vt 0.8067018 0.1672458
vt 0.8046623 0.1723649
vt 0.8100296 0.1735997
vt 0.820591 0.1765654
vt 0.8169822 0.1763611
vt 0.8231437 0.1779603
vt 0.8235542 0.1770682
vt 0.8258548 0.1790117
vt 0.8252696 0.1808863
vt 0.8261452 0.1780732
vt 0.8288476 0.1787229
vt 0.8286817 0.1796917
vt 0.8316124 0.1790161
vt 0.8223193 0.1797429
vt 0.8195414 0.1782245
vt 0.8177906 0.1809886
vt 0.8148855 0.1788732
vt 0.8156781 0.1843273
vt 0.8209444 0.1827123
vt 0.8122807 0.1763992
vt 0.812355 0.1819075
vt 0.8068004 0.1758758
vt 0.8093759 0.1790775
vt 0.8064371 0.1817918
vt 0.8097957 0.184982
vt 0.8035341 0.1781824
vt 0.8039305 0.1841159
vt 0.807613 0.1876139
vt 0.8007472 0.1801577
vt 0.8135421 0.1877097
vt 0.8117211 0.1906052
vt 0.8161802 0.1930422
vt 0.8011236 0.1742239
vt 0.798104 0.1758178
vt 0.7960417 0.1711731
vt 0.8176085 0.1899321
vt 0.820916 0.1948784
vt 0.7992431 0.1699884
vt 0.7946016 0.1663026
vt 0.8192853 0.1862989
vt 0.8219275 0.1916064
vt 0.8029942 0.1686076
vt 0.7979296 0.1655465
vt 0.8242937 0.1840104
vt 0.8056835 0.163801
vt 0.8264309 0.19269
vt 0.8258548 0.1960661
vt 0.8231165 0.1877843
vt 0.8271115 0.1887449
vt 0.8311994 0.1891788
vt 0.8310394 0.1931788
vt 0.8309078 0.1966023
vt 0.8359882 0.1964835
vt 0.8277862 0.184851
vt 0.8356726 0.1930705
vt 0.8410075 0.1957056
vt 0.8283464 0.1816268
vt 0.83136 0.1852303
vt 0.831574 0.1799986
vt 0.8314942 0.1819609
vt 0.8344823 0.1799306
vt 0.8343925 0.1789512
vt 0.8346592 0.1818866
vt 0.8377864 0.1814019
vt 0.8373556 0.1794852
vt 0.8371385 0.1785255
vt 0.8398038 0.1777373
vt 0.8349533 0.1851461
vt 0.8401442 0.1786605
vt 0.842345 0.1766091
vt 0.8353088 0.1890827
vt 0.8385028 0.1845959
vt 0.8402498 0.1923609
vt 0.8393697 0.1884533
vt 0.8446918 0.1910475
vt 0.8458786 0.1942655
vt 0.8433101 0.187288
vt 0.847067 0.1856199
vt 0.8489276 0.189167
vt 0.850523 0.1922031
vt 0.8548633 0.1895597
vt 0.8419479 0.1835769
vt 0.8528854 0.1867562
vt 0.8588214 0.1863763
vt 0.840821 0.1805045
vt 0.8452327 0.1821187
vt 0.8428026 0.1774799
vt 0.8437143 0.1792198
vt 0.8452869 0.1759668
vt 0.8447199 0.1751627
vt 0.8464179 0.1775732
vt 0.8488839 0.1755897
vt 0.8475527 0.1741447
vt 0.8468855 0.1734207
vt 0.8487997 0.1714058
vt 0.8483022 0.1802494
vt 0.8495551 0.1720364
vt 0.8504363 0.1691581
vt 0.8505782 0.1834814
vt 0.8511016 0.1779977
vt 0.8564952 0.1838529
vt 0.8537803 0.180906
vt 0.8596854 0.1804946
vt 0.8623195 0.1826932
vt 0.8566099 0.1779269
vt 0.8590298 0.1746035
vt 0.862413 0.1767482
vt 0.8653107 0.1785854
vt 0.867748 0.1741259
vt 0.8535756 0.1753932
vt 0.8646361 0.1726815
vt 0.8695843 0.1693902
vt 0.8510633 0.1732953
vt 0.8556911 0.1724878
vt 0.8512675 0.1696849
vt 0.8529269 0.1707361
vt 0.8526627 0.1671323
vt 0.8517697 0.166718
vt 0.854445 0.1679582
vt 0.8555887 0.1650075
vt 0.8537139 0.1644214
vt 0.8527744 0.1641267
vt 0.8534244 0.1614246
vt 0.8574144 0.1693344
vt 0.8543938 0.1615943
vt 0.8537182 0.1586595
vt 0.8610014 0.1709962
vt 0.8587132 0.165985
vt 0.8663101 0.1683621
vt 0.8624867 0.1671653
vt 0.8673937 0.1638587
vt 0.870772 0.1644514
vt 0.863448 0.1631704
vt 0.8638819 0.1590818
vt 0.8678831 0.1592502
vt 0.8713085 0.1593981
vt 0.8711897 0.154318
vt 0.8595532 0.1624919
vt 0.8677745 0.1546174
vt 0.8704121 0.1492984
vt 0.8563293 0.1619311
vt 0.8599328 0.1589181
vt 0.8547007 0.1587016
vt 0.8566633 0.158783
vt 0.8546331 0.1557933
vt 0.853653 0.1558797
vt 0.8565891 0.155618
vt 0.8561047 0.1524911
vt 0.8541877 0.15292
vt 0.8532276 0.1531333
vt 0.8524394 0.1504684
vt 0.8598486 0.1553251
vt 0.8533633 0.1501321
vt 0.8513112 0.1479269
vt 0.8637858 0.1549724
vt 0.8592986 0.1517753
vt 0.8670653 0.1500398
vt 0.8631564 0.1509119
vt 0.8657518 0.1455979
vt 0.8689716 0.1444279
vt 0.861991 0.1469715
vt 0.860323 0.1432142
vt 0.8638713 0.1413624
vt 0.8669096 0.1397829
vt 0.8642665 0.1354429
vt 0.8582799 0.1483305
vt 0.8614608 0.1374039
vt 0.8610834 0.1314848
vt 0.8552073 0.1494565
vt 0.8568214 0.1450458
vt 0.8521827 0.1474734
vt 0.8539225 0.1465629
vt 0.8506699 0.144989
vt 0.8498652 0.1455523
vt 0.8522763 0.1438593
vt 0.8502928 0.1413936
vt 0.8488474 0.142723
vt 0.8481231 0.1433864
vt 0.8461079 0.1414725
vt 0.8549525 0.1419762
vt 0.8467392 0.1407205
vt 0.8438603 0.1398359
vt 0.8581851 0.139703
vt 0.8527011 0.1391771
vt 0.8585578 0.1337945
vt 0.85561 0.1365013
vt 0.8551995 0.1306043
vt 0.8574004 0.1279864
vt 0.8526306 0.1336716
vt 0.8493075 0.1312518
vt 0.8514528 0.1278766
vt 0.8532925 0.1249954
vt 0.8488331 0.1225588
vt 0.8500966 0.1367031
vt 0.8473864 0.1256545
vt 0.8440973 0.1207226
vt 0.8479987 0.1392143
vt 0.8471909 0.1345877
vt 0.8443877 0.1390087
vt 0.8454394 0.1373509
vt 0.8418353 0.1376132
vt 0.8414205 0.1385025
vt 0.8426613 0.1358328
vt 0.8397112 0.134689
vt 0.8391242 0.1365624
vt 0.8388291 0.1374978
vt 0.836127 0.1368478
vt 0.8440374 0.132864
vt 0.8362973 0.1358824
vt 0.8333619 0.1365543
vt 0.8457002 0.1292805
vt 0.8406881 0.1315659
vt 0.8430673 0.1239799
vt 0.841869 0.1277952
vt 0.838564 0.1228966
vt 0.8391588 0.1195345
vt 0.8378741 0.1268342
vt 0.8337861 0.1264003
vt 0.8339555 0.1224075
vt 0.8341055 0.1189983
vt 0.8290254 0.1191175
vt 0.8371953 0.1307253
vt 0.8293226 0.1225161
vt 0.8240058 0.1198951
vt 0.8366345 0.1339489
vt 0.8336214 0.1303463
vt 0.8334047 0.1355755
vt 0.8334864 0.1336145
vt 0.8304967 0.1356435
vt 0.8305825 0.1366195
vt 0.8303214 0.1336887
vt 0.8271945 0.1341731
vt 0.8276234 0.1360886
vt 0.8278361 0.1370449
vt 0.8251708 0.1378334
vt 0.8300288 0.1304302
vt 0.8248349 0.1369133
vt 0.8226296 0.1389616
vt 0.8296764 0.1264964
vt 0.8264787 0.1309801
vt 0.8247451 0.1232254
vt 0.8256159 0.1271258
vt 0.8203028 0.1245391
vt 0.819135 0.1213355
vt 0.8216755 0.1282911
vt 0.8179185 0.1299595
vt 0.8160673 0.1264199
vt 0.8144906 0.1233978
vt 0.81015 0.1260413
vt 0.8230339 0.1319994
vt 0.8121095 0.1288304
vt 0.8061919 0.1292247
vt 0.8241599 0.1350711
vt 0.8197491 0.1334576
vt 0.8221762 0.1380939
vt 0.8212666 0.1363556
vt 0.8196918 0.139607
vt 0.8202547 0.1404076
vt 0.8185626 0.1380025
vt 0.816097 0.1399853
vt 0.817426 0.1414295
vt 0.8180891 0.1421497
vt 0.8161749 0.1441652
vt 0.8166796 0.1353272
vt 0.8154235 0.1435374
vt 0.8145387 0.1464126
vt 0.8144073 0.1320974
vt 0.8138805 0.1375783
vt 0.8084998 0.1317334
vt 0.8112053 0.1346728
vt 0.8053095 0.135092
vt 0.8026938 0.1329074
vt 0.8083753 0.1376519
vt 0.8059558 0.1409756
vt 0.8025818 0.1388384
vt 0.7997029 0.1370156
vt 0.7972656 0.1414747
vt 0.8114064 0.1401831
vt 0.8003591 0.1429048
vt 0.7954293 0.1462108
vt 0.8139173 0.1422797
vt 0.8092911 0.1430885
vt 0.8137115 0.1458889
vt 0.812054 0.1448393
vt 0.8123163 0.1484416
vt 0.8132049 0.1488527
vt 0.8105359 0.1476172
vt 0.8093918 0.1505675
vt 0.8112651 0.1511527
vt 0.8122 0.151444
vt 0.8115502 0.1541461
vt 0.8075674 0.1462419
vt 0.8105848 0.1539796
vt 0.8039842 0.1445829
vt 0.8102779 0.1568725
vt 0.8062686 0.1495916
vt 0.7986848 0.1472242
vt 0.8086516 0.1536442
vt 0.8083915 0.1599573
vt 0.8024989 0.1484141
vt 0.7976012 0.1517275
vt 0.7942413 0.1511493
vt 0.8015375 0.1524091
vt 0.8011037 0.156497
vt 0.8054283 0.1530841
vt 0.7971118 0.156336
vt 0.7937048 0.1562026
vt 0.7938237 0.161283
vt 0.7972203 0.1609692
vt 0.8050491 0.1566582
vt 0.8011997 0.1606067
vt 0.8083176 0.1567924
vt 0.8051333 0.1602512
vt 0.8018289 0.1646672
usemtl No Name SourceFiles
f 3174/3174/3174 3173/3173/3173 3172/3172/3172
f 3177/3177/3177 3176/3176/3176 3175/3175/3175
f 3180/3180/3180 3179/3179/3179 3178/3178/3178
f 3183/3183/3183 3182/3182/3182 3181/3181/3181
f 3186/3186/3186 3185/3185/3185 3184/3184/3184
f 3189/3189/3189 3188/3188/3188 3187/3187/3187
f 3187/3187/3187 3191/3191/3191 3190/3190/3190
f 3193/3193/3193 3192/3192/3192 3190/3190/3190
f 3193/3193/3193 3194/3194/3194 3192/3192/3192
f 3194/3194/3194 3195/3195/3195 3192/3192/3192
f 3195/3195/3195 3194/3194/3194 3196/3196/3196
f 3194/3194/3194 3197/3197/3197 3196/3196/3196
f 3196/3196/3196 3197/3197/3197 3198/3198/3198
f 3201/3201/3201 3200/3200/3200 3199/3199/3199
f 3200/3200/3200 3203/3203/3203 3202/3202/3202
f 3206/3206/3206 3205/3205/3205 3204/3204/3204
f 3209/3209/3209 3208/3208/3208 3207/3207/3207
f 3211/3211/3211 3209/3209/3209 3210/3210/3210
f 3214/3214/3214 3213/3213/3213 3212/3212/3212
f 3216/3216/3216 3212/3212/3212 3215/3215/3215
f 3218/3218/3218 3217/3217/3217 3215/3215/3215
f 3217/3217/3217 3219/3219/3219 3215/3215/3215
f 3222/3222/3222 3221/3221/3221 3220/3220/3220
f 3225/3225/3225 3224/3224/3224 3223/3223/3223
f 3228/3228/3228 3227/3227/3227 3226/3226/3226
f 3231/3231/3231 3230/3230/3230 3229/3229/3229
f 3234/3234/3234 3233/3233/3233 3232/3232/3232
f 3237/3237/3237 3236/3236/3236 3235/3235/3235
f 3240/3240/3240 3239/3239/3239 3238/3238/3238
f 3243/3243/3243 3242/3242/3242 3241/3241/3241
f 3245/3245/3245 3244/3244/3244 3243/3243/3243
f 3244/3244/3244 3245/3245/3245 3246/3246/3246
f 3245/3245/3245 3247/3247/3247 3246/3246/3246
f 3246/3246/3246 3247/3247/3247 3248/3248/3248
f 3251/3251/3251 3250/3250/3250 3249/3249/3249
f 3253/3253/3253 3250/3250/3250 3252/3252/3252
f 3256/3256/3256 3255/3255/3255 3254/3254/3254
f 3258/3258/3258 3255/3255/3255 3257/3257/3257
f 3259/3259/3259 3258/3258/3258 3257/3257/3257
f 3258/3258/3258 3259/3259/3259 3260/3260/3260
f 3260/3260/3260 3262/3262/3262 3261/3261/3261
f 3263/3263/3263 3260/3260/3260 3261/3261/3261
f 3266/3266/3266 3265/3265/3265 3264/3264/3264
f 3267/3267/3267 3266/3266/3266 3264/3264/3264
f 3268/3268/3268 3266/3266/3266 3267/3267/3267
f 3269/3269/3269 3268/3268/3268 3267/3267/3267
f 3270/3270/3270 3267/3267/3267 3264/3264/3264
f 3271/3271/3271 3270/3270/3270 3264/3264/3264
f 3270/3270/3270 3272/3272/3272 3267/3267/3267
f 3272/3272/3272 3269/3269/3269 3267/3267/3267
f 3269/3269/3269 3272/3272/3272 3273/3273/3273
f 3272/3272/3272 3274/3274/3274 3273/3273/3273
f 3272/3272/3272 3275/3275/3275 3274/3274/3274
f 3273/3273/3273 3274/3274/3274 3276/3276/3276
f 3274/3274/3274 3277/3277/3277 3276/3276/3276
f 3277/3277/3277 3278/3278/3278 3276/3276/3276
f 3278/3278/3278 3279/3279/3279 3276/3276/3276
f 3279/3279/3279 3280/3280/3280 3276/3276/3276
f 3278/3278/3278 3281/3281/3281 3279/3279/3279
f 3281/3281/3281 3282/3282/3282 3279/3279/3279
f 3285/3285/3285 3284/3284/3284 3283/3283/3283
f 3286/3286/3286 3285/3285/3285 3283/3283/3283
f 3286/3286/3286 3283/3283/3283 3287/3287/3287
f 3288/3288/3288 3286/3286/3286 3287/3287/3287
f 3289/3289/3289 3288/3288/3288 3287/3287/3287
f 3289/3289/3289 3290/3290/3290 3288/3288/3288
f 3290/3290/3290 3291/3291/3291 3288/3288/3288
f 3292/3292/3292 3290/3290/3290 3289/3289/3289
f 3293/3293/3293 3292/3292/3292 3289/3289/3289
f 3293/3293/3293 3289/3289/3289 3294/3294/3294
f 3295/3295/3295 3293/3293/3293 3294/3294/3294
f 3292/3292/3292 3293/3293/3293 3296/3296/3296
f 3297/3297/3297 3292/3292/3292 3296/3296/3296
f 3297/3297/3297 3296/3296/3296 3298/3298/3298
f 3298/3298/3298 3296/3296/3296 3299/3299/3299
f 3300/3300/3300 3298/3298/3298 3299/3299/3299
f 3293/3293/3293 3295/3295/3295 3301/3301/3301
f 3296/3296/3296 3293/3293/3293 3301/3301/3301
f 3296/3296/3296 3301/3301/3301 3299/3299/3299
f 3295/3295/3295 3302/3302/3302 3301/3301/3301
f 3302/3302/3302 3303/3303/3303 3301/3301/3301
f 3301/3301/3301 3303/3303/3303 3299/3299/3299
f 3303/3303/3303 3304/3304/3304 3299/3299/3299
f 3304/3304/3304 3305/3305/3305 3299/3299/3299
f 3305/3305/3305 3306/3306/3306 3299/3299/3299
f 3306/3306/3306 3300/3300/3300 3299/3299/3299
f 3305/3305/3305 3307/3307/3307 3306/3306/3306
f 3308/3308/3308 3300/3300/3300 3306/3306/3306
f 3308/3308/3308 3309/3309/3309 3300/3300/3300
f 3309/3309/3309 3308/3308/3308 3310/3310/3310
f 3307/3307/3307 3311/3311/3311 3306/3306/3306
f 3311/3311/3311 3308/3308/3308 3306/3306/3306
f 3311/3311/3311 3307/3307/3307 3312/3312/3312
f 3308/3308/3308 3311/3311/3311 3312/3312/3312
f 3310/3310/3310 3308/3308/3308 3312/3312/3312
f 3307/3307/3307 3313/3313/3313 3312/3312/3312
f 3310/3310/3310 3312/3312/3312 3314/3314/3314
f 3315/3315/3315 3310/3310/3310 3314/3314/3314
f 3318/3318/3318 3317/3317/3317 3316/3316/3316
f 3317/3317/3317 3319/3319/3319 3316/3316/3316
f 3316/3316/3316 3319/3319/3319 3320/3320/3320
f 3319/3319/3319 3321/3321/3321 3320/3320/3320
f 3321/3321/3321 3322/3322/3322 3320/3320/3320
f 3322/3322/3322 3323/3323/3323 3320/3320/3320
f 3322/3322/3322 3324/3324/3324 3323/3323/3323
f 3324/3324/3324 3325/3325/3325 3323/3323/3323
f 3325/3325/3325 3324/3324/3324 3326/3326/3326
f 3324/3324/3324 3327/3327/3327 3326/3326/3326
f 3326/3326/3326 3327/3327/3327 3328/3328/3328
f 3327/3327/3327 3329/3329/3329 3328/3328/3328
f 3329/3329/3329 3330/3330/3330 3328/3328/3328
f 3330/3330/3330 3331/3331/3331 3328/3328/3328
f 3330/3330/3330 3332/3332/3332 3331/3331/3331
f 3332/3332/3332 3333/3333/3333 3331/3331/3331
f 3333/3333/3333 3332/3332/3332 3334/3334/3334
f 3332/3332/3332 3335/3335/3335 3334/3334/3334
f 3334/3334/3334 3335/3335/3335 3336/3336/3336
f 3335/3335/3335 3337/3337/3337 3336/3336/3336
f 3337/3337/3337 3338/3338/3338 3336/3336/3336
f 3338/3338/3338 3339/3339/3339 3336/3336/3336
f 3342/3342/3342 3341/3341/3341 3340/3340/3340
f 3343/3343/3343 3342/3342/3342 3340/3340/3340
f 3342/3342/3342 3343/3343/3343 3344/3344/3344
f 3344/3344/3344 3343/3343/3343 3345/3345/3345
f 3343/3343/3343 3346/3346/3346 3345/3345/3345
f 3346/3346/3346 3347/3347/3347 3345/3345/3345
f 3347/3347/3347 3348/3348/3348 3345/3345/3345
f 3347/3347/3347 3349/3349/3349 3348/3348/3348
f 3344/3344/3344 3345/3345/3345 3350/3350/3350
f 3345/3345/3345 3348/3348/3348 3350/3350/3350
f 3351/3351/3351 3342/3342/3342 3344/3344/3344
f 3352/3352/3352 3344/3344/3344 3350/3350/3350
f 3351/3351/3351 3344/3344/3344 3352/3352/3352
f 3342/3342/3342 3351/3351/3351 3353/3353/3353
f 3354/3354/3354 3342/3342/3342 3353/3353/3353
f 3354/3354/3354 3353/3353/3353 3355/3355/3355
f 3356/3356/3356 3354/3354/3354 3355/3355/3355
f 3357/3357/3357 3356/3356/3356 3355/3355/3355
f 3358/3358/3358 3357/3357/3357 3355/3355/3355
f 3359/3359/3359 3357/3357/3357 3358/3358/3358
f 3355/3355/3355 3353/3353/3353 3360/3360/3360
f 3358/3358/3358 3355/3355/3355 3360/3360/3360
f 3353/3353/3353 3351/3351/3351 3361/3361/3361
f 3353/3353/3353 3361/3361/3361 3360/3360/3360
f 3362/3362/3362 3351/3351/3351 3352/3352/3352
f 3351/3351/3351 3362/3362/3362 3361/3361/3361
f 3363/3363/3363 3362/3362/3362 3352/3352/3352
f 3362/3362/3362 3363/3363/3363 3361/3361/3361
f 3364/3364/3364 3352/3352/3352 3350/3350/3350
f 3364/3364/3364 3363/3363/3363 3352/3352/3352
f 3365/3365/3365 3363/3363/3363 3364/3364/3364
f 3363/3363/3363 3366/3366/3366 3361/3361/3361
f 3361/3361/3361 3366/3366/3366 3360/3360/3360
f 3363/3363/3363 3365/3365/3365 3366/3366/3366
f 3367/3367/3367 3358/3358/3358 3360/3360/3360
f 3366/3366/3366 3367/3367/3367 3360/3360/3360
f 3368/3368/3368 3359/3359/3359 3358/3358/3358
f 3368/3368/3368 3358/3358/3358 3367/3367/3367
f 3369/3369/3369 3364/3364/3364 3350/3350/3350
f 3348/3348/3348 3369/3369/3369 3350/3350/3350
f 3366/3366/3366 3370/3370/3370 3367/3367/3367
f 3365/3365/3365 3370/3370/3370 3366/3366/3366
f 3359/3359/3359 3368/3368/3368 3371/3371/3371
f 3372/3372/3372 3359/3359/3359 3371/3371/3371
f 3373/3373/3373 3368/3368/3368 3367/3367/3367
f 3370/3370/3370 3373/3373/3373 3367/3367/3367
f 3368/3368/3368 3373/3373/3373 3374/3374/3374
f 3373/3373/3373 3370/3370/3370 3374/3374/3374
f 3371/3371/3371 3368/3368/3368 3374/3374/3374
f 3372/3372/3372 3371/3371/3371 3375/3375/3375
f 3376/3376/3376 3372/3372/3372 3375/3375/3375
f 3377/3377/3377 3376/3376/3376 3375/3375/3375
f 3370/3370/3370 3378/3378/3378 3374/3374/3374
f 3370/3370/3370 3365/3365/3365 3378/3378/3378
f 3371/3371/3371 3374/3374/3374 3379/3379/3379
f 3375/3375/3375 3371/3371/3371 3379/3379/3379
f 3374/3374/3374 3378/3378/3378 3379/3379/3379
f 3380/3380/3380 3377/3377/3377 3375/3375/3375
f 3380/3380/3380 3375/3375/3375 3379/3379/3379
f 3381/3381/3381 3377/3377/3377 3380/3380/3380
f 3378/3378/3378 3382/3382/3382 3379/3379/3379
f 3382/3382/3382 3380/3380/3380 3379/3379/3379
f 3383/3383/3383 3381/3381/3381 3380/3380/3380
f 3383/3383/3383 3380/3380/3380 3382/3382/3382
f 3378/3378/3378 3384/3384/3384 3382/3382/3382
f 3365/3365/3365 3384/3384/3384 3378/3378/3378
f 3381/3381/3381 3383/3383/3383 3385/3385/3385
f 3386/3386/3386 3381/3381/3381 3385/3385/3385
f 3387/3387/3387 3383/3383/3383 3382/3382/3382
f 3384/3384/3384 3387/3387/3387 3382/3382/3382
f 3383/3383/3383 3387/3387/3387 3388/3388/3388
f 3387/3387/3387 3384/3384/3384 3388/3388/3388
f 3385/3385/3385 3383/3383/3383 3388/3388/3388
f 3384/3384/3384 3365/3365/3365 3389/3389/3389
f 3384/3384/3384 3389/3389/3389 3388/3388/3388
f 3386/3386/3386 3385/3385/3385 3390/3390/3390
f 3391/3391/3391 3386/3386/3386 3390/3390/3390
f 3392/3392/3392 3391/3391/3391 3390/3390/3390
f 3385/3385/3385 3388/3388/3388 3393/3393/3393
f 3390/3390/3390 3385/3385/3385 3393/3393/3393
f 3388/3388/3388 3389/3389/3389 3393/3393/3393
f 3365/3365/3365 3394/3394/3394 3389/3389/3389
f 3394/3394/3394 3365/3365/3365 3395/3395/3395
f 3365/3365/3365 3396/3396/3396 3395/3395/3395
f 3397/3397/3397 3392/3392/3392 3390/3390/3390
f 3397/3397/3397 3390/3390/3390 3393/3393/3393
f 3389/3389/3389 3398/3398/3398 3393/3393/3393
f 3389/3389/3389 3394/3394/3394 3398/3398/3398
f 3398/3398/3398 3397/3397/3397 3393/3393/3393
f 3399/3399/3399 3392/3392/3392 3397/3397/3397
f 3392/3392/3392 3399/3399/3399 3400/3400/3400
f 3399/3399/3399 3401/3401/3401 3400/3400/3400
f 3402/3402/3402 3397/3397/3397 3398/3398/3398
f 3402/3402/3402 3399/3399/3399 3397/3397/3397
f 3394/3394/3394 3403/3403/3403 3398/3398/3398
f 3403/3403/3403 3402/3402/3402 3398/3398/3398
f 3403/3403/3403 3394/3394/3394 3404/3404/3404
f 3402/3402/3402 3403/3403/3403 3404/3404/3404
f 3394/3394/3394 3395/3395/3395 3404/3404/3404
f 3399/3399/3399 3402/3402/3402 3405/3405/3405
f 3405/3405/3405 3402/3402/3402 3404/3404/3404
f 3406/3406/3406 3399/3399/3399 3405/3405/3405
f 3404/3404/3404 3395/3395/3395 3407/3407/3407
f 3405/3405/3405 3404/3404/3404 3407/3407/3407
f 3406/3406/3406 3405/3405/3405 3408/3408/3408
f 3408/3408/3408 3405/3405/3405 3407/3407/3407
f 3409/3409/3409 3406/3406/3406 3408/3408/3408
f 3410/3410/3410 3409/3409/3409 3408/3408/3408
f 3411/3411/3411 3410/3410/3410 3408/3408/3408
f 3411/3411/3411 3408/3408/3408 3407/3407/3407
f 3412/3412/3412 3410/3410/3410 3411/3411/3411
f 3395/3395/3395 3413/3413/3413 3407/3407/3407
f 3413/3413/3413 3411/3411/3411 3407/3407/3407
f 3395/3395/3395 3396/3396/3396 3413/3413/3413
f 3414/3414/3414 3412/3412/3412 3411/3411/3411
f 3414/3414/3414 3411/3411/3411 3413/3413/3413
f 3396/3396/3396 3415/3415/3415 3413/3413/3413
f 3415/3415/3415 3414/3414/3414 3413/3413/3413
f 3412/3412/3412 3414/3414/3414 3416/3416/3416
f 3417/3417/3417 3412/3412/3412 3416/3416/3416
f 3414/3414/3414 3415/3415/3415 3418/3418/3418
f 3415/3415/3415 3396/3396/3396 3418/3418/3418
f 3416/3416/3416 3414/3414/3414 3418/3418/3418
f 3417/3417/3417 3416/3416/3416 3419/3419/3419
f 3420/3420/3420 3417/3417/3417 3419/3419/3419
f 3421/3421/3421 3420/3420/3420 3419/3419/3419
f 3396/3396/3396 3422/3422/3422 3418/3418/3418
f 3396/3396/3396 3365/3365/3365 3422/3422/3422
f 3416/3416/3416 3418/3418/3418 3423/3423/3423
f 3419/3419/3419 3416/3416/3416 3423/3423/3423
f 3418/3418/3418 3422/3422/3422 3423/3423/3423
f 3424/3424/3424 3421/3421/3421 3419/3419/3419
f 3424/3424/3424 3419/3419/3419 3423/3423/3423
f 3425/3425/3425 3421/3421/3421 3424/3424/3424
f 3422/3422/3422 3426/3426/3426 3423/3423/3423
f 3426/3426/3426 3424/3424/3424 3423/3423/3423
f 3427/3427/3427 3425/3425/3425 3424/3424/3424
f 3427/3427/3427 3424/3424/3424 3426/3426/3426
f 3422/3422/3422 3428/3428/3428 3426/3426/3426
f 3365/3365/3365 3428/3428/3428 3422/3422/3422
f 3425/3425/3425 3427/3427/3427 3429/3429/3429
f 3430/3430/3430 3425/3425/3425 3429/3429/3429
f 3431/3431/3431 3427/3427/3427 3426/3426/3426
f 3428/3428/3428 3431/3431/3431 3426/3426/3426
f 3427/3427/3427 3431/3431/3431 3432/3432/3432
f 3431/3431/3431 3428/3428/3428 3432/3432/3432
f 3429/3429/3429 3427/3427/3427 3432/3432/3432
f 3430/3430/3430 3429/3429/3429 3433/3433/3433
f 3434/3434/3434 3430/3430/3430 3433/3433/3433
f 3435/3435/3435 3434/3434/3434 3433/3433/3433
f 3428/3428/3428 3436/3436/3436 3432/3432/3432
f 3428/3428/3428 3365/3365/3365 3436/3436/3436
f 3429/3429/3429 3432/3432/3432 3437/3437/3437
f 3433/3433/3433 3429/3429/3429 3437/3437/3437
f 3432/3432/3432 3436/3436/3436 3437/3437/3437
f 3438/3438/3438 3435/3435/3435 3433/3433/3433
f 3438/3438/3438 3433/3433/3433 3437/3437/3437
f 3436/3436/3436 3439/3439/3439 3437/3437/3437
f 3439/3439/3439 3438/3438/3438 3437/3437/3437
f 3440/3440/3440 3435/3435/3435 3438/3438/3438
f 3435/3435/3435 3440/3440/3440 3441/3441/3441
f 3440/3440/3440 3442/3442/3442 3441/3441/3441
f 3443/3443/3443 3440/3440/3440 3438/3438/3438
f 3443/3443/3443 3438/3438/3438 3439/3439/3439
f 3436/3436/3436 3444/3444/3444 3439/3439/3439
f 3365/3365/3365 3444/3444/3444 3436/3436/3436
f 3440/3440/3440 3443/3443/3443 3445/3445/3445
f 3446/3446/3446 3440/3440/3440 3445/3445/3445
f 3447/3447/3447 3443/3443/3443 3439/3439/3439
f 3444/3444/3444 3447/3447/3447 3439/3439/3439
f 3443/3443/3443 3447/3447/3447 3448/3448/3448
f 3447/3447/3447 3444/3444/3444 3448/3448/3448
f 3445/3445/3445 3443/3443/3443 3448/3448/3448
f 3444/3444/3444 3365/3365/3365 3449/3449/3449
f 3444/3444/3444 3449/3449/3449 3448/3448/3448
f 3446/3446/3446 3445/3445/3445 3450/3450/3450
f 3451/3451/3451 3446/3446/3446 3450/3450/3450
f 3452/3452/3452 3451/3451/3451 3450/3450/3450
f 3445/3445/3445 3448/3448/3448 3453/3453/3453
f 3450/3450/3450 3445/3445/3445 3453/3453/3453
f 3448/3448/3448 3449/3449/3449 3453/3453/3453
f 3454/3454/3454 3452/3452/3452 3450/3450/3450
f 3454/3454/3454 3450/3450/3450 3453/3453/3453
f 3455/3455/3455 3452/3452/3452 3454/3454/3454
f 3365/3365/3365 3456/3456/3456 3449/3449/3449
f 3456/3456/3456 3365/3365/3365 3457/3457/3457
f 3365/3365/3365 3458/3458/3458 3457/3457/3457
f 3449/3449/3449 3459/3459/3459 3453/3453/3453
f 3459/3459/3459 3454/3454/3454 3453/3453/3453
f 3449/3449/3449 3456/3456/3456 3459/3459/3459
f 3460/3460/3460 3455/3455/3455 3454/3454/3454
f 3460/3460/3460 3454/3454/3454 3459/3459/3459
f 3456/3456/3456 3461/3461/3461 3459/3459/3459
f 3461/3461/3461 3460/3460/3460 3459/3459/3459
f 3461/3461/3461 3456/3456/3456 3462/3462/3462
f 3460/3460/3460 3461/3461/3461 3462/3462/3462
f 3456/3456/3456 3457/3457/3457 3462/3462/3462
f 3455/3455/3455 3460/3460/3460 3463/3463/3463
f 3463/3463/3463 3460/3460/3460 3462/3462/3462
f 3464/3464/3464 3455/3455/3455 3463/3463/3463
f 3462/3462/3462 3457/3457/3457 3465/3465/3465
f 3463/3463/3463 3462/3462/3462 3465/3465/3465
f 3464/3464/3464 3463/3463/3463 3466/3466/3466
f 3466/3466/3466 3463/3463/3463 3465/3465/3465
f 3467/3467/3467 3464/3464/3464 3466/3466/3466
f 3468/3468/3468 3467/3467/3467 3466/3466/3466
f 3469/3469/3469 3468/3468/3468 3466/3466/3466
f 3469/3469/3469 3466/3466/3466 3465/3465/3465
f 3470/3470/3470 3468/3468/3468 3469/3469/3469
f 3457/3457/3457 3471/3471/3471 3465/3465/3465
f 3471/3471/3471 3469/3469/3469 3465/3465/3465
f 3457/3457/3457 3458/3458/3458 3471/3471/3471
f 3472/3472/3472 3470/3470/3470 3469/3469/3469
f 3472/3472/3472 3469/3469/3469 3471/3471/3471
f 3458/3458/3458 3473/3473/3473 3471/3471/3471
f 3473/3473/3473 3472/3472/3472 3471/3471/3471
f 3470/3470/3470 3472/3472/3472 3474/3474/3474
f 3475/3475/3475 3470/3470/3470 3474/3474/3474
f 3472/3472/3472 3473/3473/3473 3476/3476/3476
f 3473/3473/3473 3458/3458/3458 3476/3476/3476
f 3474/3474/3474 3472/3472/3472 3476/3476/3476
f 3475/3475/3475 3474/3474/3474 3477/3477/3477
f 3478/3478/3478 3475/3475/3475 3477/3477/3477
f 3479/3479/3479 3478/3478/3478 3477/3477/3477
f 3458/3458/3458 3480/3480/3480 3476/3476/3476
f 3458/3458/3458 3365/3365/3365 3480/3480/3480
f 3474/3474/3474 3476/3476/3476 3481/3481/3481
f 3477/3477/3477 3474/3474/3474 3481/3481/3481
f 3476/3476/3476 3480/3480/3480 3481/3481/3481
f 3482/3482/3482 3479/3479/3479 3477/3477/3477
f 3482/3482/3482 3477/3477/3477 3481/3481/3481
f 3480/3480/3480 3483/3483/3483 3481/3481/3481
f 3483/3483/3483 3482/3482/3482 3481/3481/3481
f 3484/3484/3484 3479/3479/3479 3482/3482/3482
f 3479/3479/3479 3484/3484/3484 3485/3485/3485
f 3484/3484/3484 3486/3486/3486 3485/3485/3485
f 3487/3487/3487 3484/3484/3484 3482/3482/3482
f 3487/3487/3487 3482/3482/3482 3483/3483/3483
f 3480/3480/3480 3488/3488/3488 3483/3483/3483
f 3365/3365/3365 3488/3488/3488 3480/3480/3480
f 3484/3484/3484 3487/3487/3487 3489/3489/3489
f 3490/3490/3490 3484/3484/3484 3489/3489/3489
f 3491/3491/3491 3487/3487/3487 3483/3483/3483
f 3488/3488/3488 3491/3491/3491 3483/3483/3483
f 3487/3487/3487 3491/3491/3491 3492/3492/3492
f 3491/3491/3491 3488/3488/3488 3492/3492/3492
f 3489/3489/3489 3487/3487/3487 3492/3492/3492
f 3490/3490/3490 3489/3489/3489 3493/3493/3493
f 3494/3494/3494 3490/3490/3490 3493/3493/3493
f 3495/3495/3495 3494/3494/3494 3493/3493/3493
f 3488/3488/3488 3496/3496/3496 3492/3492/3492
f 3488/3488/3488 3365/3365/3365 3496/3496/3496
f 3489/3489/3489 3492/3492/3492 3497/3497/3497
f 3493/3493/3493 3489/3489/3489 3497/3497/3497
f 3492/3492/3492 3496/3496/3496 3497/3497/3497
f 3498/3498/3498 3495/3495/3495 3493/3493/3493
f 3498/3498/3498 3493/3493/3493 3497/3497/3497
f 3499/3499/3499 3495/3495/3495 3498/3498/3498
f 3496/3496/3496 3500/3500/3500 3497/3497/3497
f 3500/3500/3500 3498/3498/3498 3497/3497/3497
f 3501/3501/3501 3499/3499/3499 3498/3498/3498
f 3501/3501/3501 3498/3498/3498 3500/3500/3500
f 3496/3496/3496 3502/3502/3502 3500/3500/3500
f 3365/3365/3365 3502/3502/3502 3496/3496/3496
f 3499/3499/3499 3501/3501/3501 3503/3503/3503
f 3504/3504/3504 3499/3499/3499 3503/3503/3503
f 3505/3505/3505 3501/3501/3501 3500/3500/3500
f 3502/3502/3502 3505/3505/3505 3500/3500/3500
f 3501/3501/3501 3505/3505/3505 3506/3506/3506
f 3505/3505/3505 3502/3502/3502 3506/3506/3506
f 3503/3503/3503 3501/3501/3501 3506/3506/3506
f 3502/3502/3502 3365/3365/3365 3507/3507/3507
f 3502/3502/3502 3507/3507/3507 3506/3506/3506
f 3504/3504/3504 3503/3503/3503 3508/3508/3508
f 3509/3509/3509 3504/3504/3504 3508/3508/3508
f 3510/3510/3510 3509/3509/3509 3508/3508/3508
f 3503/3503/3503 3506/3506/3506 3511/3511/3511
f 3508/3508/3508 3503/3503/3503 3511/3511/3511
f 3506/3506/3506 3507/3507/3507 3511/3511/3511
f 3512/3512/3512 3510/3510/3510 3508/3508/3508
f 3512/3512/3512 3508/3508/3508 3511/3511/3511
f 3349/3349/3349 3510/3510/3510 3512/3512/3512
f 3365/3365/3365 3513/3513/3513 3507/3507/3507
f 3513/3513/3513 3365/3365/3365 3364/3364/3364
f 3513/3513/3513 3364/3364/3364 3369/3369/3369
f 3507/3507/3507 3514/3514/3514 3511/3511/3511
f 3514/3514/3514 3512/3512/3512 3511/3511/3511
f 3507/3507/3507 3513/3513/3513 3514/3514/3514
f 3515/3515/3515 3349/3349/3349 3512/3512/3512
f 3515/3515/3515 3512/3512/3512 3514/3514/3514
f 3349/3349/3349 3515/3515/3515 3348/3348/3348
f 3348/3348/3348 3515/3515/3515 3369/3369/3369
f 3516/3516/3516 3513/3513/3513 3369/3369/3369
f 3513/3513/3513 3516/3516/3516 3514/3514/3514
f 3515/3515/3515 3516/3516/3516 3369/3369/3369
f 3516/3516/3516 3515/3515/3515 3514/3514/3514
f 3519/3519/3519 3518/3518/3518 3517/3517/3517
f 3520/3520/3520 3519/3519/3519 3517/3517/3517
f 3523/3523/3523 3522/3522/3522 3521/3521/3521
f 3521/3521/3521 3522/3522/3522 3524/3524/3524
f 3522/3522/3522 3525/3525/3525 3524/3524/3524
f 3525/3525/3525 3526/3526/3526 3524/3524/3524
f 3526/3526/3526 3527/3527/3527 3524/3524/3524
f 3526/3526/3526 3528/3528/3528 3527/3527/3527
f 3528/3528/3528 3529/3529/3529 3527/3527/3527
f 3529/3529/3529 3528/3528/3528 3530/3530/3530
f 3528/3528/3528 3531/3531/3531 3530/3530/3530
f 3530/3530/3530 3531/3531/3531 3532/3532/3532
f 3531/3531/3531 3533/3533/3533 3532/3532/3532
f 3533/3533/3533 3534/3534/3534 3532/3532/3532
f 3534/3534/3534 3535/3535/3535 3532/3532/3532
f 3534/3534/3534 3536/3536/3536 3535/3535/3535
f 3536/3536/3536 3537/3537/3537 3535/3535/3535
f 3537/3537/3537 3536/3536/3536 3538/3538/3538
f 3536/3536/3536 3539/3539/3539 3538/3538/3538
f 3538/3538/3538 3539/3539/3539 3540/3540/3540
f 3539/3539/3539 3541/3541/3541 3540/3540/3540
f 3541/3541/3541 3542/3542/3542 3540/3540/3540
f 3542/3542/3542 3543/3543/3543 3540/3540/3540
f 3542/3542/3542 3544/3544/3544 3543/3543/3543
f 3544/3544/3544 3545/3545/3545 3543/3543/3543
f 3548/3548/3548 3547/3547/3547 3546/3546/3546
f 3549/3549/3549 3548/3548/3548 3546/3546/3546
f 3550/3550/3550 3549/3549/3549 3546/3546/3546
f 3551/3551/3551 3549/3549/3549 3550/3550/3550
f 3553/3553/3553 3551/3551/3551 3552/3552/3552
f 3553/3553/3553 3552/3552/3552 3554/3554/3554
f 3555/3555/3555 3553/3553/3553 3554/3554/3554
f 3556/3556/3556 3555/3555/3555 3554/3554/3554
f 3557/3557/3557 3556/3556/3556 3554/3554/3554
f 3558/3558/3558 3556/3556/3556 3557/3557/3557
f 3559/3559/3559 3558/3558/3558 3557/3557/3557
f 3562/3562/3562 3561/3561/3561 3560/3560/3560
f 3561/3561/3561 3563/3563/3563 3560/3560/3560
f 3563/3563/3563 3564/3564/3564 3560/3560/3560
f 3564/3564/3564 3565/3565/3565 3560/3560/3560
f 3564/3564/3564 3566/3566/3566 3565/3565/3565
f 3565/3565/3565 3567/3567/3567 3560/3560/3560
f 3567/3567/3567 3568/3568/3568 3560/3560/3560
f 3569/3569/3569 3567/3567/3567 3565/3565/3565
f 3570/3570/3570 3569/3569/3569 3565/3565/3565
f 3566/3566/3566 3570/3570/3570 3565/3565/3565
f 3569/3569/3569 3570/3570/3570 3571/3571/3571
f 3570/3570/3570 3566/3566/3566 3571/3571/3571
f 3572/3572/3572 3569/3569/3569 3571/3571/3571
f 3566/3566/3566 3573/3573/3573 3571/3571/3571
f 3566/3566/3566 3574/3574/3574 3573/3573/3573
f 3574/3574/3574 3575/3575/3575 3573/3573/3573
f 3572/3572/3572 3571/3571/3571 3576/3576/3576
f 3571/3571/3571 3573/3573/3573 3576/3576/3576
f 3577/3577/3577 3572/3572/3572 3576/3576/3576
f 3573/3573/3573 3578/3578/3578 3576/3576/3576
f 3581/3581/3581 3580/3580/3580 3579/3579/3579
f 3582/3582/3582 3581/3581/3581 3579/3579/3579
f 3583/3583/3583 3582/3582/3582 3579/3579/3579
f 3584/3584/3584 3583/3583/3583 3579/3579/3579
f 3585/3585/3585 3583/3583/3583 3584/3584/3584
f 3586/3586/3586 3585/3585/3585 3584/3584/3584
f 3585/3585/3585 3586/3586/3586 3587/3587/3587
f 3588/3588/3588 3585/3585/3585 3587/3587/3587
f 3588/3588/3588 3587/3587/3587 3589/3589/3589
f 3590/3590/3590 3588/3588/3588 3589/3589/3589
f 3591/3591/3591 3590/3590/3590 3589/3589/3589
f 3592/3592/3592 3591/3591/3591 3589/3589/3589
f 3593/3593/3593 3591/3591/3591 3592/3592/3592
f 3594/3594/3594 3593/3593/3593 3592/3592/3592
f 3593/3593/3593 3594/3594/3594 3595/3595/3595
f 3596/3596/3596 3593/3593/3593 3595/3595/3595
f 3596/3596/3596 3595/3595/3595 3597/3597/3597
f 3598/3598/3598 3596/3596/3596 3597/3597/3597
f 3599/3599/3599 3598/3598/3598 3597/3597/3597
f 3600/3600/3600 3599/3599/3599 3597/3597/3597
f 3601/3601/3601 3599/3599/3599 3600/3600/3600
f 3602/3602/3602 3601/3601/3601 3600/3600/3600
f 3605/3605/3605 3604/3604/3604 3603/3603/3603
f 3604/3604/3604 3606/3606/3606 3603/3603/3603
f 3606/3606/3606 3607/3607/3607 3603/3603/3603
f 3607/3607/3607 3608/3608/3608 3603/3603/3603
f 3603/3603/3603 3608/3608/3608 3609/3609/3609
f 3608/3608/3608 3610/3610/3610 3609/3609/3609
f 3610/3610/3610 3611/3611/3611 3609/3609/3609
f 3611/3611/3611 3612/3612/3612 3609/3609/3609
f 3613/3613/3613 3611/3611/3611 3610/3610/3610
f 3608/3608/3608 3614/3614/3614 3610/3610/3610
f 3615/3615/3615 3614/3614/3614 3608/3608/3608
f 3616/3616/3616 3613/3613/3613 3610/3610/3610
f 3614/3614/3614 3616/3616/3616 3610/3610/3610
f 3613/3613/3613 3616/3616/3616 3617/3617/3617
f 3616/3616/3616 3614/3614/3614 3617/3617/3617
f 3618/3618/3618 3613/3613/3613 3617/3617/3617
f 3614/3614/3614 3615/3615/3615 3619/3619/3619
f 3614/3614/3614 3619/3619/3619 3617/3617/3617
f 3615/3615/3615 3620/3620/3620 3619/3619/3619
f 3618/3618/3618 3617/3617/3617 3621/3621/3621
f 3617/3617/3617 3619/3619/3619 3621/3621/3621
f 3622/3622/3622 3618/3618/3618 3621/3621/3621
f 3619/3619/3619 3620/3620/3620 3623/3623/3623
f 3619/3619/3619 3623/3623/3623 3621/3621/3621
f 3620/3620/3620 3624/3624/3624 3623/3623/3623
f 3624/3624/3624 3625/3625/3625 3623/3623/3623
f 3625/3625/3625 3626/3626/3626 3623/3623/3623
f 3623/3623/3623 3626/3626/3626 3621/3621/3621
f 3626/3626/3626 3627/3627/3627 3621/3621/3621
f 3630/3630/3630 3629/3629/3629 3628/3628/3628
f 3631/3631/3631 3630/3630/3630 3628/3628/3628
f 3632/3632/3632 3630/3630/3630 3631/3631/3631
f 3633/3633/3633 3632/3632/3632 3631/3631/3631
f 3634/3634/3634 3633/3633/3633 3631/3631/3631
f 3635/3635/3635 3634/3634/3634 3631/3631/3631
f 3636/3636/3636 3634/3634/3634 3635/3635/3635
f 3632/3632/3632 3633/3633/3633 3637/3637/3637
f 3633/3633/3633 3634/3634/3634 3637/3637/3637
f 3638/3638/3638 3632/3632/3632 3637/3637/3637
f 3634/3634/3634 3636/3636/3636 3639/3639/3639
f 3634/3634/3634 3639/3639/3639 3637/3637/3637
f 3636/3636/3636 3640/3640/3640 3639/3639/3639
f 3638/3638/3638 3637/3637/3637 3641/3641/3641
f 3637/3637/3637 3639/3639/3639 3641/3641/3641
f 3642/3642/3642 3638/3638/3638 3641/3641/3641
f 3639/3639/3639 3643/3643/3643 3641/3641/3641
f 3639/3639/3639 3640/3640/3640 3643/3643/3643
f 3640/3640/3640 3644/3644/3644 3643/3643/3643
f 3644/3644/3644 3645/3645/3645 3643/3643/3643
f 3645/3645/3645 3646/3646/3646 3643/3643/3643
f 3649/3649/3649 3648/3648/3648 3647/3647/3647
f 3648/3648/3648 3650/3650/3650 3647/3647/3647
f 3648/3648/3648 3651/3651/3651 3650/3650/3650
f 3650/3650/3650 3652/3652/3652 3647/3647/3647
f 3652/3652/3652 3653/3653/3653 3647/3647/3647
f 3654/3654/3654 3652/3652/3652 3650/3650/3650
f 3651/3651/3651 3655/3655/3655 3650/3650/3650
f 3655/3655/3655 3654/3654/3654 3650/3650/3650
f 3655/3655/3655 3651/3651/3651 3656/3656/3656
f 3654/3654/3654 3655/3655/3655 3656/3656/3656
f 3651/3651/3651 3657/3657/3657 3656/3656/3656
f 3656/3656/3656 3657/3657/3657 3658/3658/3658
f 3659/3659/3659 3654/3654/3654 3656/3656/3656
f 3659/3659/3659 3656/3656/3656 3658/3658/3658
f 3657/3657/3657 3660/3660/3660 3658/3658/3658
f 3661/3661/3661 3659/3659/3659 3658/3658/3658
f 3662/3662/3662 3661/3661/3661 3658/3658/3658
f 3660/3660/3660 3663/3663/3663 3658/3658/3658
f 3664/3664/3664 3662/3662/3662 3658/3658/3658
f 3663/3663/3663 3664/3664/3664 3658/3658/3658
f 3663/3663/3663 3665/3665/3665 3664/3664/3664
f 3665/3665/3665 3666/3666/3666 3664/3664/3664
f 3669/3669/3669 3668/3668/3668 3667/3667/3667
f 3670/3670/3670 3669/3669/3669 3667/3667/3667
f 3673/3673/3673 3672/3672/3672 3671/3671/3671
f 3674/3674/3674 3673/3673/3673 3671/3671/3671
f 3675/3675/3675 3674/3674/3674 3671/3671/3671
f 3676/3676/3676 3675/3675/3675 3671/3671/3671
f 3677/3677/3677 3675/3675/3675 3676/3676/3676
f 3678/3678/3678 3677/3677/3677 3676/3676/3676
f 3677/3677/3677 3678/3678/3678 3679/3679/3679
f 3680/3680/3680 3677/3677/3677 3679/3679/3679
f 3680/3680/3680 3679/3679/3679 3681/3681/3681
f 3682/3682/3682 3680/3680/3680 3681/3681/3681
f 3683/3683/3683 3682/3682/3682 3681/3681/3681
f 3684/3684/3684 3683/3683/3683 3681/3681/3681
f 3685/3685/3685 3683/3683/3683 3684/3684/3684
f 3686/3686/3686 3685/3685/3685 3684/3684/3684
f 3685/3685/3685 3686/3686/3686 3687/3687/3687
f 3688/3688/3688 3685/3685/3685 3687/3687/3687
f 3688/3688/3688 3687/3687/3687 3689/3689/3689
f 3690/3690/3690 3688/3688/3688 3689/3689/3689
f 3691/3691/3691 3690/3690/3690 3689/3689/3689
f 3692/3692/3692 3691/3691/3691 3689/3689/3689
f 3693/3693/3693 3691/3691/3691 3692/3692/3692
f 3694/3694/3694 3693/3693/3693 3692/3692/3692
f 3697/3697/3697 3696/3696/3696 3695/3695/3695
f 3696/3696/3696 3698/3698/3698 3695/3695/3695
f 3695/3695/3695 3698/3698/3698 3699/3699/3699
f 3698/3698/3698 3700/3700/3700 3699/3699/3699
f 3700/3700/3700 3701/3701/3701 3699/3699/3699
f 3701/3701/3701 3702/3702/3702 3699/3699/3699
f 3701/3701/3701 3703/3703/3703 3702/3702/3702
f 3703/3703/3703 3704/3704/3704 3702/3702/3702
f 3704/3704/3704 3703/3703/3703 3705/3705/3705
f 3703/3703/3703 3706/3706/3706 3705/3705/3705
f 3705/3705/3705 3706/3706/3706 3707/3707/3707
f 3706/3706/3706 3708/3708/3708 3707/3707/3707
f 3708/3708/3708 3709/3709/3709 3707/3707/3707
f 3709/3709/3709 3710/3710/3710 3707/3707/3707
f 3709/3709/3709 3711/3711/3711 3710/3710/3710
f 3711/3711/3711 3712/3712/3712 3710/3710/3710
f 3712/3712/3712 3711/3711/3711 3713/3713/3713
f 3711/3711/3711 3714/3714/3714 3713/3713/3713
f 3713/3713/3713 3714/3714/3714 3715/3715/3715
f 3714/3714/3714 3716/3716/3716 3715/3715/3715
f 3716/3716/3716 3717/3717/3717 3715/3715/3715
f 3717/3717/3717 3718/3718/3718 3715/3715/3715
f 3717/3717/3717 3719/3719/3719 3718/3718/3718
f 3719/3719/3719 3720/3720/3720 3718/3718/3718
f 3720/3720/3720 3719/3719/3719 3721/3721/3721
f 3719/3719/3719 3722/3722/3722 3721/3721/3721
f 3725/3725/3725 3724/3724/3724 3723/3723/3723
f 3726/3726/3726 3725/3725/3725 3723/3723/3723
f 3725/3725/3725 3726/3726/3726 3727/3727/3727
f 3726/3726/3726 3728/3728/3728 3727/3727/3727
f 3729/3729/3729 3725/3725/3725 3727/3727/3727
f 3729/3729/3729 3727/3727/3727 3730/3730/3730
f 3728/3728/3728 3731/3731/3731 3727/3727/3727
f 3727/3727/3727 3731/3731/3731 3730/3730/3730
f 3732/3732/3732 3729/3729/3729 3730/3730/3730
f 3731/3731/3731 3733/3733/3733 3730/3730/3730
f 3734/3734/3734 3732/3732/3732 3730/3730/3730
f 3733/3733/3733 3735/3735/3735 3730/3730/3730
f 3736/3736/3736 3734/3734/3734 3730/3730/3730
f 3735/3735/3735 3736/3736/3736 3730/3730/3730
f 3737/3737/3737 3734/3734/3734 3736/3736/3736
f 3735/3735/3735 3738/3738/3738 3736/3736/3736
f 3739/3739/3739 3737/3737/3737 3736/3736/3736
f 3738/3738/3738 3739/3739/3739 3736/3736/3736
f 3737/3737/3737 3739/3739/3739 3740/3740/3740
f 3739/3739/3739 3738/3738/3738 3740/3740/3740
f 3741/3741/3741 3737/3737/3737 3740/3740/3740
f 3741/3741/3741 3740/3740/3740 3742/3742/3742
f 3738/3738/3738 3743/3743/3743 3740/3740/3740
f 3740/3740/3740 3743/3743/3743 3742/3742/3742
f 3744/3744/3744 3741/3741/3741 3742/3742/3742
f 3743/3743/3743 3745/3745/3745 3742/3742/3742
f 3746/3746/3746 3744/3744/3744 3742/3742/3742
f 3745/3745/3745 3747/3747/3747 3742/3742/3742
f 3748/3748/3748 3746/3746/3746 3742/3742/3742
f 3747/3747/3747 3748/3748/3748 3742/3742/3742
f 3749/3749/3749 3746/3746/3746 3748/3748/3748
f 3747/3747/3747 3750/3750/3750 3748/3748/3748
f 3751/3751/3751 3749/3749/3749 3748/3748/3748
f 3750/3750/3750 3751/3751/3751 3748/3748/3748
f 3749/3749/3749 3751/3751/3751 3752/3752/3752
f 3751/3751/3751 3750/3750/3750 3752/3752/3752
f 3753/3753/3753 3749/3749/3749 3752/3752/3752
f 3750/3750/3750 3754/3754/3754 3752/3752/3752
f 3753/3753/3753 3752/3752/3752 3755/3755/3755
f 3752/3752/3752 3754/3754/3754 3755/3755/3755
f 3756/3756/3756 3753/3753/3753 3755/3755/3755
f 3754/3754/3754 3757/3757/3757 3755/3755/3755
f 3760/3760/3760 3759/3759/3759 3758/3758/3758
f 3759/3759/3759 3761/3761/3761 3758/3758/3758
f 3761/3761/3761 3762/3762/3762 3758/3758/3758
f 3762/3762/3762 3763/3763/3763 3758/3758/3758
f 3762/3762/3762 3764/3764/3764 3763/3763/3763
f 3764/3764/3764 3765/3765/3765 3763/3763/3763
f 3765/3765/3765 3764/3764/3764 3766/3766/3766
f 3764/3764/3764 3767/3767/3767 3766/3766/3766
f 3770/3770/3770 3769/3769/3769 3768/3768/3768
f 3769/3769/3769 3771/3771/3771 3768/3768/3768
f 3769/3769/3769 3772/3772/3772 3771/3771/3771
f 3772/3772/3772 3773/3773/3773 3771/3771/3771
f 3773/3773/3773 3774/3774/3774 3771/3771/3771
f 3774/3774/3774 3775/3775/3775 3771/3771/3771
f 3771/3771/3771 3775/3775/3775 3768/3768/3768
f 3775/3775/3775 3776/3776/3776 3768/3768/3768
f 3779/3779/3779 3778/3778/3778 3777/3777/3777
f 3778/3778/3778 3780/3780/3780 3777/3777/3777
f 3778/3778/3778 3781/3781/3781 3780/3780/3780
f 3780/3780/3780 3782/3782/3782 3777/3777/3777
f 3782/3782/3782 3783/3783/3783 3777/3777/3777
f 3781/3781/3781 3784/3784/3784 3780/3780/3780
f 3784/3784/3784 3785/3785/3785 3780/3780/3780
f 3785/3785/3785 3782/3782/3782 3780/3780/3780
f 3784/3784/3784 3781/3781/3781 3786/3786/3786
f 3785/3785/3785 3784/3784/3784 3786/3786/3786
f 3781/3781/3781 3787/3787/3787 3786/3786/3786
f 3786/3786/3786 3787/3787/3787 3788/3788/3788
f 3787/3787/3787 3789/3789/3789 3788/3788/3788
f 3789/3789/3789 3790/3790/3790 3788/3788/3788
f 3791/3791/3791 3785/3785/3785 3786/3786/3786
f 3791/3791/3791 3786/3786/3786 3788/3788/3788
f 3785/3785/3785 3792/3792/3792 3782/3782/3782
f 3792/3792/3792 3785/3785/3785 3791/3791/3791
f 3792/3792/3792 3793/3793/3793 3782/3782/3782
f 3782/3782/3782 3793/3793/3793 3783/3783/3783
f 3793/3793/3793 3794/3794/3794 3783/3783/3783
f 3794/3794/3794 3795/3795/3795 3783/3783/3783
f 3795/3795/3795 3796/3796/3796 3783/3783/3783
f 3795/3795/3795 3797/3797/3797 3796/3796/3796
f 3797/3797/3797 3798/3798/3798 3796/3796/3796
f 3799/3799/3799 3792/3792/3792 3791/3791/3791
f 3799/3799/3799 3791/3791/3791 3800/3800/3800
f 3800/3800/3800 3791/3791/3791 3788/3788/3788
f 3801/3801/3801 3799/3799/3799 3800/3800/3800
f 3802/3802/3802 3801/3801/3801 3800/3800/3800
f 3803/3803/3803 3802/3802/3802 3800/3800/3800
f 3803/3803/3803 3800/3800/3800 3788/3788/3788
f 3804/3804/3804 3803/3803/3803 3788/3788/3788
f 3790/3790/3790 3804/3804/3804 3788/3788/3788
f 3805/3805/3805 3803/3803/3803 3804/3804/3804
f 3790/3790/3790 3806/3806/3806 3804/3804/3804
f 3807/3807/3807 3805/3805/3805 3804/3804/3804
f 3806/3806/3806 3807/3807/3807 3804/3804/3804
f 3810/3810/3810 3809/3809/3809 3808/3808/3808
f 3809/3809/3809 3811/3811/3811 3808/3808/3808
f 3809/3809/3809 3812/3812/3812 3811/3811/3811
f 3812/3812/3812 3813/3813/3813 3811/3811/3811
f 3813/3813/3813 3812/3812/3812 3814/3814/3814
f 3815/3815/3815 3812/3812/3812 3809/3809/3809
f 3812/3812/3812 3816/3816/3816 3814/3814/3814
f 3812/3812/3812 3815/3815/3815 3816/3816/3816
f 3814/3814/3814 3816/3816/3816 3817/3817/3817
f 3815/3815/3815 3818/3818/3818 3816/3816/3816
f 3816/3816/3816 3819/3819/3819 3817/3817/3817
f 3816/3816/3816 3818/3818/3818 3819/3819/3819
f 3818/3818/3818 3815/3815/3815 3820/3820/3820
f 3815/3815/3815 3821/3821/3821 3820/3820/3820
f 3820/3820/3820 3821/3821/3821 3822/3822/3822
f 3820/3820/3820 3822/3822/3822 3823/3823/3823
f 3818/3818/3818 3820/3820/3820 3824/3824/3824
f 3824/3824/3824 3820/3820/3820 3823/3823/3823
f 3819/3819/3819 3825/3825/3825 3817/3817/3817
f 3825/3825/3825 3826/3826/3826 3817/3817/3817
f 3818/3818/3818 3827/3827/3827 3819/3819/3819
f 3827/3827/3827 3818/3818/3818 3824/3824/3824
f 3827/3827/3827 3828/3828/3828 3819/3819/3819
f 3828/3828/3828 3827/3827/3827 3824/3824/3824
f 3828/3828/3828 3825/3825/3825 3819/3819/3819
f 3828/3828/3828 3829/3829/3829 3825/3825/3825
f 3825/3825/3825 3830/3830/3830 3826/3826/3826
f 3829/3829/3829 3830/3830/3830 3825/3825/3825
f 3830/3830/3830 3831/3831/3831 3826/3826/3826
f 3831/3831/3831 3830/3830/3830 3832/3832/3832
f 3833/3833/3833 3828/3828/3828 3824/3824/3824
f 3833/3833/3833 3824/3824/3824 3823/3823/3823
f 3829/3829/3829 3828/3828/3828 3833/3833/3833
f 3830/3830/3830 3834/3834/3834 3832/3832/3832
f 3830/3830/3830 3829/3829/3829 3834/3834/3834
f 3832/3832/3832 3834/3834/3834 3835/3835/3835
f 3836/3836/3836 3833/3833/3833 3823/3823/3823
f 3837/3837/3837 3829/3829/3829 3833/3833/3833
f 3837/3837/3837 3833/3833/3833 3836/3836/3836
f 3838/3838/3838 3836/3836/3836 3823/3823/3823
f 3839/3839/3839 3838/3838/3838 3823/3823/3823
f 3834/3834/3834 3840/3840/3840 3835/3835/3835
f 3840/3840/3840 3841/3841/3841 3835/3835/3835
f 3841/3841/3841 3842/3842/3842 3835/3835/3835
f 3834/3834/3834 3843/3843/3843 3840/3840/3840
f 3829/3829/3829 3843/3843/3843 3834/3834/3834
f 3843/3843/3843 3844/3844/3844 3840/3840/3840
f 3844/3844/3844 3843/3843/3843 3845/3845/3845
f 3843/3843/3843 3829/3829/3829 3846/3846/3846
f 3843/3843/3843 3846/3846/3846 3845/3845/3845
f 3829/3829/3829 3837/3837/3837 3846/3846/3846
f 3845/3845/3845 3846/3846/3846 3847/3847/3847
f 3846/3846/3846 3837/3837/3837 3848/3848/3848
f 3846/3846/3846 3848/3848/3848 3847/3847/3847
f 3837/3837/3837 3849/3849/3849 3848/3848/3848
f 3849/3849/3849 3837/3837/3837 3836/3836/3836
f 3850/3850/3850 3849/3849/3849 3836/3836/3836
f 3849/3849/3849 3850/3850/3850 3848/3848/3848
f 3838/3838/3838 3850/3850/3850 3836/3836/3836
f 3851/3851/3851 3850/3850/3850 3838/3838/3838
f 3848/3848/3848 3852/3852/3852 3847/3847/3847
f 3850/3850/3850 3852/3852/3852 3848/3848/3848
f 3850/3850/3850 3851/3851/3851 3852/3852/3852
f 3852/3852/3852 3853/3853/3853 3847/3847/3847
f 3852/3852/3852 3854/3854/3854 3853/3853/3853
f 3851/3851/3851 3854/3854/3854 3852/3852/3852
f 3854/3854/3854 3851/3851/3851 3855/3855/3855
f 3854/3854/3854 3855/3855/3855 3856/3856/3856
f 3851/3851/3851 3857/3857/3857 3855/3855/3855
f 3857/3857/3857 3851/3851/3851 3858/3858/3858
f 3859/3859/3859 3851/3851/3851 3838/3838/3838
f 3851/3851/3851 3859/3859/3859 3858/3858/3858
f 3859/3859/3859 3838/3838/3838 3839/3839/3839
f 3858/3858/3858 3859/3859/3859 3860/3860/3860
f 3861/3861/3861 3859/3859/3859 3839/3839/3839
f 3859/3859/3859 3861/3861/3861 3860/3860/3860
f 3862/3862/3862 3861/3861/3861 3839/3839/3839
f 3861/3861/3861 3862/3862/3862 3860/3860/3860
f 3863/3863/3863 3862/3862/3862 3839/3839/3839
f 3862/3862/3862 3864/3864/3864 3860/3860/3860
f 3867/3867/3867 3866/3866/3866 3865/3865/3865
f 3866/3866/3866 3868/3868/3868 3865/3865/3865
f 3868/3868/3868 3869/3869/3869 3865/3865/3865
f 3869/3869/3869 3870/3870/3870 3865/3865/3865
f 3866/3866/3866 3871/3871/3871 3868/3868/3868
f 3872/3872/3872 3871/3871/3871 3866/3866/3866
f 3869/3869/3869 3873/3873/3873 3870/3870/3870
f 3874/3874/3874 3873/3873/3873 3869/3869/3869
f 3873/3873/3873 3875/3875/3875 3870/3870/3870
f 3875/3875/3875 3873/3873/3873 3876/3876/3876
f 3873/3873/3873 3877/3877/3877 3876/3876/3876
f 3873/3873/3873 3874/3874/3874 3877/3877/3877
f 3876/3876/3876 3877/3877/3877 3878/3878/3878
f 3877/3877/3877 3879/3879/3879 3878/3878/3878
f 3877/3877/3877 3880/3880/3880 3879/3879/3879
f 3874/3874/3874 3880/3880/3880 3877/3877/3877
f 3880/3880/3880 3881/3881/3881 3879/3879/3879
f 3881/3881/3881 3880/3880/3880 3882/3882/3882
f 3880/3880/3880 3883/3883/3883 3882/3882/3882
f 3880/3880/3880 3874/3874/3874 3883/3883/3883
f 3882/3882/3882 3883/3883/3883 3884/3884/3884
f 3871/3871/3871 3872/3872/3872 3885/3885/3885
f 3872/3872/3872 3886/3886/3886 3885/3885/3885
f 3883/3883/3883 3887/3887/3887 3884/3884/3884
f 3874/3874/3874 3888/3888/3888 3883/3883/3883
f 3883/3883/3883 3888/3888/3888 3887/3887/3887
f 3887/3887/3887 3889/3889/3889 3884/3884/3884
f 3889/3889/3889 3890/3890/3890 3884/3884/3884
f 3889/3889/3889 3891/3891/3891 3890/3890/3890
f 3892/3892/3892 3891/3891/3891 3889/3889/3889
f 3891/3891/3891 3893/3893/3893 3890/3890/3890
f 3893/3893/3893 3891/3891/3891 3894/3894/3894
f 3891/3891/3891 3895/3895/3895 3894/3894/3894
f 3891/3891/3891 3892/3892/3892 3895/3895/3895
f 3892/3892/3892 3896/3896/3896 3895/3895/3895
f 3896/3896/3896 3892/3892/3892 3897/3897/3897
f 3898/3898/3898 3889/3889/3889 3887/3887/3887
f 3898/3898/3898 3892/3892/3892 3889/3889/3889
f 3892/3892/3892 3899/3899/3899 3897/3897/3897
f 3897/3897/3897 3899/3899/3899 3900/3900/3900
f 3888/3888/3888 3901/3901/3901 3887/3887/3887
f 3901/3901/3901 3898/3898/3898 3887/3887/3887
f 3892/3892/3892 3898/3898/3898 3902/3902/3902
f 3899/3899/3899 3892/3892/3892 3902/3902/3902
f 3898/3898/3898 3901/3901/3901 3903/3903/3903
f 3901/3901/3901 3888/3888/3888 3903/3903/3903
f 3902/3902/3902 3898/3898/3898 3903/3903/3903
f 3902/3902/3902 3903/3903/3903 3904/3904/3904
f 3888/3888/3888 3905/3905/3905 3903/3903/3903
f 3903/3903/3903 3905/3905/3905 3904/3904/3904
f 3888/3888/3888 3874/3874/3874 3905/3905/3905
f 3899/3899/3899 3902/3902/3902 3906/3906/3906
f 3906/3906/3906 3902/3902/3902 3904/3904/3904
f 3899/3899/3899 3907/3907/3907 3900/3900/3900
f 3907/3907/3907 3899/3899/3899 3906/3906/3906
f 3907/3907/3907 3908/3908/3908 3900/3900/3900
f 3908/3908/3908 3907/3907/3907 3906/3906/3906
f 3908/3908/3908 3909/3909/3909 3900/3900/3900
f 3910/3910/3910 3908/3908/3908 3906/3906/3906
f 3910/3910/3910 3906/3906/3906 3904/3904/3904
f 3911/3911/3911 3910/3910/3910 3904/3904/3904
f 3874/3874/3874 3912/3912/3912 3905/3905/3905
f 3912/3912/3912 3874/3874/3874 3869/3869/3869
f 3912/3912/3912 3869/3869/3869 3868/3868/3868
f 3905/3905/3905 3913/3913/3913 3904/3904/3904
f 3905/3905/3905 3912/3912/3912 3913/3913/3913
f 3914/3914/3914 3912/3912/3912 3868/3868/3868
f 3912/3912/3912 3914/3914/3914 3913/3913/3913
f 3871/3871/3871 3914/3914/3914 3868/3868/3868
f 3914/3914/3914 3871/3871/3871 3913/3913/3913
f 3871/3871/3871 3885/3885/3885 3913/3913/3913
f 3913/3913/3913 3885/3885/3885 3904/3904/3904
f 3885/3885/3885 3911/3911/3911 3904/3904/3904
f 3885/3885/3885 3886/3886/3886 3911/3911/3911
f 3886/3886/3886 3915/3915/3915 3911/3911/3911
f 3915/3915/3915 3886/3886/3886 3916/3916/3916
f 3886/3886/3886 3917/3917/3917 3916/3916/3916
f 3920/3920/3920 3919/3919/3919 3918/3918/3918
f 3921/3921/3921 3920/3920/3920 3918/3918/3918
f 3922/3922/3922 3921/3921/3921 3918/3918/3918
f 3923/3923/3923 3922/3922/3922 3918/3918/3918
f 3922/3922/3922 3924/3924/3924 3921/3921/3921
f 3924/3924/3924 3925/3925/3925 3921/3921/3921
f 3925/3925/3925 3924/3924/3924 3926/3926/3926
f 3929/3929/3929 3928/3928/3928 3927/3927/3927
f 3928/3928/3928 3930/3930/3930 3927/3927/3927
f 3928/3928/3928 3931/3931/3931 3930/3930/3930
f 3930/3930/3930 3932/3932/3932 3927/3927/3927
f 3932/3932/3932 3933/3933/3933 3927/3927/3927
f 3932/3932/3932 3934/3934/3934 3933/3933/3933
f 3935/3935/3935 3934/3934/3934 3932/3932/3932
f 3934/3934/3934 3936/3936/3936 3933/3933/3933
f 3936/3936/3936 3934/3934/3934 3937/3937/3937
f 3934/3934/3934 3938/3938/3938 3937/3937/3937
f 3934/3934/3934 3935/3935/3935 3938/3938/3938
f 3937/3937/3937 3938/3938/3938 3939/3939/3939
f 3938/3938/3938 3940/3940/3940 3939/3939/3939
f 3938/3938/3938 3941/3941/3941 3940/3940/3940
f 3935/3935/3935 3941/3941/3941 3938/3938/3938
f 3941/3941/3941 3942/3942/3942 3940/3940/3940
f 3942/3942/3942 3941/3941/3941 3943/3943/3943
f 3941/3941/3941 3944/3944/3944 3943/3943/3943
f 3941/3941/3941 3935/3935/3935 3944/3944/3944
f 3943/3943/3943 3944/3944/3944 3945/3945/3945
f 3946/3946/3946 3932/3932/3932 3930/3930/3930
f 3946/3946/3946 3935/3935/3935 3932/3932/3932
f 3947/3947/3947 3946/3946/3946 3930/3930/3930
f 3931/3931/3931 3947/3947/3947 3930/3930/3930
f 3947/3947/3947 3931/3931/3931 3948/3948/3948
f 3946/3946/3946 3947/3947/3947 3948/3948/3948
f 3931/3931/3931 3949/3949/3949 3948/3948/3948
f 3948/3948/3948 3949/3949/3949 3950/3950/3950
f 3951/3951/3951 3946/3946/3946 3948/3948/3948
f 3935/3935/3935 3946/3946/3946 3951/3951/3951
f 3951/3951/3951 3948/3948/3948 3950/3950/3950
f 3935/3935/3935 3952/3952/3952 3944/3944/3944
f 3952/3952/3952 3935/3935/3935 3951/3951/3951
f 3944/3944/3944 3953/3953/3953 3945/3945/3945
f 3944/3944/3944 3952/3952/3952 3953/3953/3953
f 3952/3952/3952 3951/3951/3951 3954/3954/3954
f 3954/3954/3954 3951/3951/3951 3950/3950/3950
f 3949/3949/3949 3955/3955/3955 3950/3950/3950
f 3949/3949/3949 3956/3956/3956 3955/3955/3955
f 3956/3956/3956 3957/3957/3957 3955/3955/3955
f 3955/3955/3955 3958/3958/3958 3950/3950/3950
f 3958/3958/3958 3959/3959/3959 3950/3950/3950
f 3959/3959/3959 3960/3960/3960 3950/3950/3950
f 3960/3960/3960 3954/3954/3954 3950/3950/3950
f 3961/3961/3961 3960/3960/3960 3959/3959/3959
f 3961/3961/3961 3962/3962/3962 3960/3960/3960
f 3963/3963/3963 3952/3952/3952 3954/3954/3954
f 3952/3952/3952 3963/3963/3963 3953/3953/3953
f 3960/3960/3960 3964/3964/3964 3954/3954/3954
f 3964/3964/3964 3963/3963/3963 3954/3954/3954
f 3963/3963/3963 3964/3964/3964 3953/3953/3953
f 3962/3962/3962 3964/3964/3964 3960/3960/3960
f 3964/3964/3964 3965/3965/3965 3953/3953/3953
f 3964/3964/3964 3962/3962/3962 3965/3965/3965
f 3953/3953/3953 3965/3965/3965 3945/3945/3945
f 3965/3965/3965 3966/3966/3966 3945/3945/3945
f 3965/3965/3965 3967/3967/3967 3966/3966/3966
f 3962/3962/3962 3967/3967/3967 3965/3965/3965
f 3967/3967/3967 3968/3968/3968 3966/3966/3966
f 3968/3968/3968 3967/3967/3967 3969/3969/3969
f 3967/3967/3967 3970/3970/3970 3969/3969/3969
f 3967/3967/3967 3962/3962/3962 3970/3970/3970
f 3962/3962/3962 3971/3971/3971 3970/3970/3970
f 3971/3971/3971 3962/3962/3962 3972/3972/3972
f 3962/3962/3962 3961/3961/3961 3972/3972/3972
f 3972/3972/3972 3961/3961/3961 3973/3973/3973
f 3976/3976/3976 3975/3975/3975 3974/3974/3974
f 3975/3975/3975 3977/3977/3977 3974/3974/3974
f 3975/3975/3975 3978/3978/3978 3977/3977/3977
f 3978/3978/3978 3979/3979/3979 3977/3977/3977
f 3979/3979/3979 3978/3978/3978 3980/3980/3980
f 3981/3981/3981 3978/3978/3978 3975/3975/3975
f 3978/3978/3978 3982/3982/3982 3980/3980/3980
f 3978/3978/3978 3981/3981/3981 3982/3982/3982
f 3980/3980/3980 3982/3982/3982 3983/3983/3983
f 3981/3981/3981 3984/3984/3984 3982/3982/3982
f 3982/3982/3982 3985/3985/3985 3983/3983/3983
f 3982/3982/3982 3984/3984/3984 3985/3985/3985
f 3984/3984/3984 3981/3981/3981 3986/3986/3986
f 3981/3981/3981 3987/3987/3987 3986/3986/3986
f 3985/3985/3985 3988/3988/3988 3983/3983/3983
f 3988/3988/3988 3989/3989/3989 3983/3983/3983
f 3986/3986/3986 3987/3987/3987 3990/3990/3990
f 3986/3986/3986 3990/3990/3990 3991/3991/3991
f 3987/3987/3987 3992/3992/3992 3990/3990/3990
f 3984/3984/3984 3986/3986/3986 3993/3993/3993
f 3993/3993/3993 3986/3986/3986 3991/3991/3991
f 3984/3984/3984 3994/3994/3994 3985/3985/3985
f 3994/3994/3994 3984/3984/3984 3993/3993/3993
f 3994/3994/3994 3995/3995/3995 3985/3985/3985
f 3995/3995/3995 3994/3994/3994 3993/3993/3993
f 3995/3995/3995 3988/3988/3988 3985/3985/3985
f 3995/3995/3995 3996/3996/3996 3988/3988/3988
f 3988/3988/3988 3997/3997/3997 3989/3989/3989
f 3996/3996/3996 3997/3997/3997 3988/3988/3988
f 3997/3997/3997 3998/3998/3998 3989/3989/3989
f 3998/3998/3998 3997/3997/3997 3999/3999/3999
f 3997/3997/3997 4000/4000/4000 3999/3999/3999
f 3997/3997/3997 3996/3996/3996 4000/4000/4000
f 3996/3996/3996 4001/4001/4001 4000/4000/4000
f 4001/4001/4001 3996/3996/3996 4002/4002/4002
f 3996/3996/3996 4003/4003/4003 4002/4002/4002
f 4004/4004/4004 3995/3995/3995 3993/3993/3993
f 3996/3996/3996 3995/3995/3995 4004/4004/4004
f 4003/4003/4003 3996/3996/3996 4004/4004/4004
f 4004/4004/4004 3993/3993/3993 3991/3991/3991
f 4003/4003/4003 4004/4004/4004 4005/4005/4005
f 4005/4005/4005 4004/4004/4004 3991/3991/3991
f 4006/4006/4006 4003/4003/4003 4005/4005/4005
f 4007/4007/4007 4006/4006/4006 4005/4005/4005
f 4006/4006/4006 4007/4007/4007 4008/4008/4008
f 4007/4007/4007 4009/4009/4009 4008/4008/4008
f 4007/4007/4007 4010/4010/4010 4009/4009/4009
f 4011/4011/4011 4007/4007/4007 4005/4005/4005
f 4011/4011/4011 4005/4005/4005 3991/3991/3991
f 4010/4010/4010 4007/4007/4007 4011/4011/4011
f 4010/4010/4010 4012/4012/4012 4009/4009/4009
f 4009/4009/4009 4012/4012/4012 4013/4013/4013
f 4012/4012/4012 4014/4014/4014 4013/4013/4013
f 4014/4014/4014 4015/4015/4015 4013/4013/4013
f 4015/4015/4015 4014/4014/4014 4016/4016/4016
f 4014/4014/4014 4012/4012/4012 4016/4016/4016
f 4012/4012/4012 4017/4017/4017 4016/4016/4016
f 4012/4012/4012 4010/4010/4010 4017/4017/4017
f 4010/4010/4010 4018/4018/4018 4017/4017/4017
f 4018/4018/4018 4010/4010/4010 4019/4019/4019
f 4010/4010/4010 4020/4020/4020 4019/4019/4019
f 4020/4020/4020 4010/4010/4010 4011/4011/4011
f 4019/4019/4019 4020/4020/4020 4021/4021/4021
f 4022/4022/4022 4011/4011/4011 3991/3991/3991
f 4020/4020/4020 4011/4011/4011 4022/4022/4022
f 4020/4020/4020 4023/4023/4023 4021/4021/4021
f 4023/4023/4023 4020/4020/4020 4022/4022/4022
f 4023/4023/4023 4024/4024/4024 4021/4021/4021
f 4024/4024/4024 4023/4023/4023 4022/4022/4022
f 4024/4024/4024 4025/4025/4025 4021/4021/4021
f 4024/4024/4024 4026/4026/4026 4025/4025/4025
f 4026/4026/4026 4027/4027/4027 4025/4025/4025
f 4027/4027/4027 4026/4026/4026 4028/4028/4028
f 4029/4029/4029 4022/4022/4022 3991/3991/3991
f 4029/4029/4029 4024/4024/4024 4022/4022/4022
f 4026/4026/4026 4024/4024/4024 4029/4029/4029
f 3990/3990/3990 4029/4029/4029 3991/3991/3991
f 4030/4030/4030 4029/4029/4029 3990/3990/3990
f 4030/4030/4030 4026/4026/4026 4029/4029/4029
f 3992/3992/3992 4030/4030/4030 3990/3990/3990
f 4030/4030/4030 3992/3992/3992 4031/4031/4031
f 4032/4032/4032 4030/4030/4030 4031/4031/4031
f 4026/4026/4026 4030/4030/4030 4032/4032/4032
f 4026/4026/4026 4033/4033/4033 4028/4028/4028
f 4033/4033/4033 4026/4026/4026 4032/4032/4032
f 4033/4033/4033 4032/4032/4032 4034/4034/4034
f 4035/4035/4035 4033/4033/4033 4034/4034/4034
f 4028/4028/4028 4033/4033/4033 4036/4036/4036
f 4033/4033/4033 4035/4035/4035 4036/4036/4036
f 4035/4035/4035 4037/4037/4037 4036/4036/4036
f 4037/4037/4037 4038/4038/4038 4036/4036/4036
f 4037/4037/4037 4039/4039/4039 4038/4038/4038
f 4039/4039/4039 4040/4040/4040 4038/4038/4038
f 4043/4043/4043 4042/4042/4042 4041/4041/4041
f 4044/4044/4044 4043/4043/4043 4041/4041/4041
f 4044/4044/4044 4041/4041/4041 4045/4045/4045
f 4041/4041/4041 4046/4046/4046 4045/4045/4045
f 4047/4047/4047 4043/4043/4043 4044/4044/4044
f 4046/4046/4046 4048/4048/4048 4045/4045/4045
f 4049/4049/4049 4044/4044/4044 4045/4045/4045
f 4050/4050/4050 4047/4047/4047 4044/4044/4044
f 4050/4050/4050 4044/4044/4044 4049/4049/4049
f 4048/4048/4048 4051/4051/4051 4045/4045/4045
f 4052/4052/4052 4051/4051/4051 4048/4048/4048
f 4053/4053/4053 4052/4052/4052 4048/4048/4048
f 4052/4052/4052 4054/4054/4054 4051/4051/4051
f 4054/4054/4054 4055/4055/4055 4051/4051/4051
f 4055/4055/4055 4054/4054/4054 4056/4056/4056
f 4055/4055/4055 4056/4056/4056 4057/4057/4057
f 4051/4051/4051 4058/4058/4058 4045/4045/4045
f 4051/4051/4051 4055/4055/4055 4058/4058/4058
f 4059/4059/4059 4049/4049/4049 4045/4045/4045
f 4058/4058/4058 4059/4059/4059 4045/4045/4045
f 4055/4055/4055 4060/4060/4060 4058/4058/4058
f 4060/4060/4060 4055/4055/4055 4057/4057/4057
f 4060/4060/4060 4061/4061/4061 4058/4058/4058
f 4061/4061/4061 4060/4060/4060 4057/4057/4057
f 4061/4061/4061 4059/4059/4059 4058/4058/4058
f 4061/4061/4061 4062/4062/4062 4059/4059/4059
f 4063/4063/4063 4061/4061/4061 4057/4057/4057
f 4062/4062/4062 4061/4061/4061 4063/4063/4063
f 4063/4063/4063 4057/4057/4057 4064/4064/4064
f 4065/4065/4065 4063/4063/4063 4064/4064/4064
f 4066/4066/4066 4063/4063/4063 4065/4065/4065
f 4066/4066/4066 4062/4062/4062 4063/4063/4063
f 4067/4067/4067 4066/4066/4066 4065/4065/4065
f 4066/4066/4066 4067/4067/4067 4068/4068/4068
f 4069/4069/4069 4066/4066/4066 4068/4068/4068
f 4062/4062/4062 4066/4066/4066 4069/4069/4069
f 4059/4059/4059 4070/4070/4070 4049/4049/4049
f 4062/4062/4062 4070/4070/4070 4059/4059/4059
f 4071/4071/4071 4062/4062/4062 4069/4069/4069
f 4071/4071/4071 4069/4069/4069 4072/4072/4072
f 4073/4073/4073 4071/4071/4071 4072/4072/4072
f 4071/4071/4071 4073/4073/4073 4074/4074/4074
f 4062/4062/4062 4071/4071/4071 4075/4075/4075
f 4075/4075/4075 4071/4071/4071 4074/4074/4074
f 4070/4070/4070 4062/4062/4062 4075/4075/4075
f 4075/4075/4075 4074/4074/4074 4076/4076/4076
f 4070/4070/4070 4077/4077/4077 4049/4049/4049
f 4077/4077/4077 4050/4050/4050 4049/4049/4049
f 4070/4070/4070 4075/4075/4075 4078/4078/4078
f 4077/4077/4077 4070/4070/4070 4078/4078/4078
f 4078/4078/4078 4075/4075/4075 4076/4076/4076
f 4050/4050/4050 4077/4077/4077 4078/4078/4078
f 4079/4079/4079 4078/4078/4078 4076/4076/4076
f 4079/4079/4079 4050/4050/4050 4078/4078/4078
f 4080/4080/4080 4079/4079/4079 4076/4076/4076
f 4047/4047/4047 4050/4050/4050 4079/4079/4079
f 4081/4081/4081 4079/4079/4079 4080/4080/4080
f 4081/4081/4081 4047/4047/4047 4079/4079/4079
f 4082/4082/4082 4081/4081/4081 4080/4080/4080
f 4047/4047/4047 4081/4081/4081 4083/4083/4083
f 4084/4084/4084 4047/4047/4047 4083/4083/4083
f 4087/4087/4087 4086/4086/4086 4085/4085/4085
f 4086/4086/4086 4088/4088/4088 4085/4085/4085
f 4085/4085/4085 4088/4088/4088 4089/4089/4089
f 4086/4086/4086 4090/4090/4090 4088/4088/4088
f 4090/4090/4090 4091/4091/4091 4088/4088/4088
f 4090/4090/4090 4086/4086/4086 4092/4092/4092
f 4093/4093/4093 4090/4090/4090 4092/4092/4092
f 4096/4096/4096 4095/4095/4095 4094/4094/4094
f 4095/4095/4095 4097/4097/4097 4094/4094/4094
f 4094/4094/4094 4097/4097/4097 4098/4098/4098
f 4094/4094/4094 4098/4098/4098 4099/4099/4099
f 4100/4100/4100 4094/4094/4094 4099/4099/4099
f 4097/4097/4097 4095/4095/4095 4101/4101/4101
f 4095/4095/4095 4102/4102/4102 4101/4101/4101
f 4102/4102/4102 4095/4095/4095 4103/4103/4103
f 4102/4102/4102 4103/4103/4103 4104/4104/4104
f 4105/4105/4105 4102/4102/4102 4104/4104/4104
f 4102/4102/4102 4105/4105/4105 4106/4106/4106
f 4101/4101/4101 4102/4102/4102 4106/4106/4106
f 4101/4101/4101 4106/4106/4106 4107/4107/4107
f 4097/4097/4097 4101/4101/4101 4108/4108/4108
f 4108/4108/4108 4101/4101/4101 4107/4107/4107
f 4097/4097/4097 4109/4109/4109 4098/4098/4098
f 4109/4109/4109 4097/4097/4097 4108/4108/4108
f 4110/4110/4110 4108/4108/4108 4107/4107/4107
f 4111/4111/4111 4110/4110/4110 4107/4107/4107
f 4112/4112/4112 4109/4109/4109 4108/4108/4108
f 4109/4109/4109 4112/4112/4112 4098/4098/4098
f 4110/4110/4110 4112/4112/4112 4108/4108/4108
f 4113/4113/4113 4112/4112/4112 4110/4110/4110
f 4114/4114/4114 4110/4110/4110 4111/4111/4111
f 4114/4114/4114 4113/4113/4113 4110/4110/4110
f 4115/4115/4115 4114/4114/4114 4111/4111/4111
f 4114/4114/4114 4115/4115/4115 4116/4116/4116
f 4112/4112/4112 4117/4117/4117 4098/4098/4098
f 4112/4112/4112 4113/4113/4113 4117/4117/4117
f 4098/4098/4098 4117/4117/4117 4099/4099/4099
f 4118/4118/4118 4114/4114/4114 4116/4116/4116
f 4113/4113/4113 4114/4114/4114 4118/4118/4118
f 4118/4118/4118 4116/4116/4116 4119/4119/4119
f 4120/4120/4120 4118/4118/4118 4119/4119/4119
f 4121/4121/4121 4113/4113/4113 4118/4118/4118
f 4121/4121/4121 4118/4118/4118 4120/4120/4120
f 4122/4122/4122 4120/4120/4120 4119/4119/4119
f 4123/4123/4123 4122/4122/4122 4119/4119/4119
f 4124/4124/4124 4122/4122/4122 4123/4123/4123
f 4124/4124/4124 4125/4125/4125 4122/4122/4122
f 4126/4126/4126 4124/4124/4124 4123/4123/4123
f 4124/4124/4124 4126/4126/4126 4127/4127/4127
f 4128/4128/4128 4124/4124/4124 4127/4127/4127
f 4125/4125/4125 4124/4124/4124 4128/4128/4128
f 4122/4122/4122 4129/4129/4129 4120/4120/4120
f 4125/4125/4125 4129/4129/4129 4122/4122/4122
f 4130/4130/4130 4121/4121/4121 4120/4120/4120
f 4129/4129/4129 4130/4130/4130 4120/4120/4120
f 4121/4121/4121 4130/4130/4130 4131/4131/4131
f 4130/4130/4130 4129/4129/4129 4131/4131/4131
f 4113/4113/4113 4121/4121/4121 4132/4132/4132
f 4132/4132/4132 4121/4121/4121 4131/4131/4131
f 4132/4132/4132 4131/4131/4131 4133/4133/4133
f 4129/4129/4129 4134/4134/4134 4131/4131/4131
f 4129/4129/4129 4125/4125/4125 4134/4134/4134
f 4131/4131/4131 4134/4134/4134 4133/4133/4133
f 4135/4135/4135 4113/4113/4113 4132/4132/4132
f 4113/4113/4113 4135/4135/4135 4117/4117/4117
f 4136/4136/4136 4125/4125/4125 4128/4128/4128
f 4136/4136/4136 4128/4128/4128 4137/4137/4137
f 4138/4138/4138 4136/4136/4136 4137/4137/4137
f 4136/4136/4136 4138/4138/4138 4139/4139/4139
f 4140/4140/4140 4136/4136/4136 4139/4139/4139
f 4125/4125/4125 4136/4136/4136 4140/4140/4140
f 4140/4140/4140 4139/4139/4139 4141/4141/4141
f 4125/4125/4125 4142/4142/4142 4134/4134/4134
f 4142/4142/4142 4125/4125/4125 4140/4140/4140
f 4143/4143/4143 4140/4140/4140 4141/4141/4141
f 4142/4142/4142 4140/4140/4140 4143/4143/4143
f 4144/4144/4144 4143/4143/4143 4141/4141/4141
f 4144/4144/4144 4145/4145/4145 4143/4143/4143
f 4134/4134/4134 4142/4142/4142 4146/4146/4146
f 4134/4134/4134 4146/4146/4146 4133/4133/4133
f 4147/4147/4147 4142/4142/4142 4143/4143/4143
f 4145/4145/4145 4147/4147/4147 4143/4143/4143
f 4142/4142/4142 4147/4147/4147 4146/4146/4146
f 4147/4147/4147 4145/4145/4145 4146/4146/4146
f 4145/4145/4145 4148/4148/4148 4146/4146/4146
f 4146/4146/4146 4148/4148/4148 4133/4133/4133
f 4145/4145/4145 4149/4149/4149 4148/4148/4148
f 4149/4149/4149 4150/4150/4150 4148/4148/4148
f 4150/4150/4150 4149/4149/4149 4151/4151/4151
f 4149/4149/4149 4152/4152/4152 4151/4151/4151
f 4150/4150/4150 4151/4151/4151 4153/4153/4153
f 4148/4148/4148 4150/4150/4150 4154/4154/4154
f 4148/4148/4148 4154/4154/4154 4133/4133/4133
f 4155/4155/4155 4150/4150/4150 4153/4153/4153
f 4150/4150/4150 4155/4155/4155 4154/4154/4154
f 4156/4156/4156 4155/4155/4155 4153/4153/4153
f 4155/4155/4155 4156/4156/4156 4154/4154/4154
f 4157/4157/4157 4156/4156/4156 4153/4153/4153
f 4158/4158/4158 4156/4156/4156 4157/4157/4157
f 4159/4159/4159 4158/4158/4158 4157/4157/4157
f 4158/4158/4158 4159/4159/4159 4160/4160/4160
f 4156/4156/4156 4161/4161/4161 4154/4154/4154
f 4154/4154/4154 4161/4161/4161 4133/4133/4133
f 4156/4156/4156 4158/4158/4158 4161/4161/4161
f 4161/4161/4161 4162/4162/4162 4133/4133/4133
f 4162/4162/4162 4132/4132/4132 4133/4133/4133
f 4135/4135/4135 4132/4132/4132 4162/4162/4162
f 4161/4161/4161 4163/4163/4163 4162/4162/4162
f 4158/4158/4158 4163/4163/4163 4161/4161/4161
f 4164/4164/4164 4158/4158/4158 4160/4160/4160
f 4164/4164/4164 4160/4160/4160 4165/4165/4165
f 4166/4166/4166 4135/4135/4135 4162/4162/4162
f 4163/4163/4163 4166/4166/4166 4162/4162/4162
f 4135/4135/4135 4166/4166/4166 4167/4167/4167
f 4166/4166/4166 4163/4163/4163 4167/4167/4167
f 4117/4117/4117 4135/4135/4135 4167/4167/4167
f 4117/4117/4117 4167/4167/4167 4099/4099/4099
f 4163/4163/4163 4158/4158/4158 4168/4168/4168
f 4163/4163/4163 4168/4168/4168 4167/4167/4167
f 4158/4158/4158 4164/4164/4164 4168/4168/4168
f 4167/4167/4167 4168/4168/4168 4099/4099/4099
f 4168/4168/4168 4164/4164/4164 4169/4169/4169
f 4168/4168/4168 4169/4169/4169 4099/4099/4099
f 4170/4170/4170 4164/4164/4164 4165/4165/4165
f 4164/4164/4164 4170/4170/4170 4169/4169/4169
f 4171/4171/4171 4170/4170/4170 4165/4165/4165
f 4170/4170/4170 4171/4171/4171 4169/4169/4169
f 4172/4172/4172 4171/4171/4171 4165/4165/4165
f 4173/4173/4173 4171/4171/4171 4172/4172/4172
f 4174/4174/4174 4173/4173/4173 4172/4172/4172
f 4173/4173/4173 4174/4174/4174 4175/4175/4175
f 4176/4176/4176 4173/4173/4173 4175/4175/4175
f 4173/4173/4173 4176/4176/4176 4177/4177/4177
f 4169/4169/4169 4178/4178/4178 4099/4099/4099
f 4171/4171/4171 4178/4178/4178 4169/4169/4169
f 4171/4171/4171 4173/4173/4173 4178/4178/4178
f 4178/4178/4178 4100/4100/4100 4099/4099/4099
f 4179/4179/4179 4173/4173/4173 4177/4177/4177
f 4173/4173/4173 4179/4179/4179 4178/4178/4178
f 4178/4178/4178 4179/4179/4179 4100/4100/4100
f 4179/4179/4179 4177/4177/4177 4180/4180/4180
f 4179/4179/4179 4181/4181/4181 4100/4100/4100
f 4181/4181/4181 4179/4179/4179 4180/4180/4180
f 4184/4184/4184 4183/4183/4183 4182/4182/4182
f 4185/4185/4185 4184/4184/4184 4182/4182/4182
f 4186/4186/4186 4184/4184/4184 4185/4185/4185
f 4186/4186/4186 4187/4187/4187 4184/4184/4184
f 4187/4187/4187 4188/4188/4188 4184/4184/4184
f 4188/4188/4188 4187/4187/4187 4189/4189/4189
f 4187/4187/4187 4190/4190/4190 4189/4189/4189
f 4190/4190/4190 4187/4187/4187 4191/4191/4191
f 4187/4187/4187 4192/4192/4192 4191/4191/4191
f 4191/4191/4191 4192/4192/4192 4193/4193/4193
f 4192/4192/4192 4194/4194/4194 4193/4193/4193
f 4194/4194/4194 4192/4192/4192 4195/4195/4195
f 4192/4192/4192 4187/4187/4187 4196/4196/4196
f 4192/4192/4192 4196/4196/4196 4195/4195/4195
f 4187/4187/4187 4186/4186/4186 4196/4196/4196
f 4195/4195/4195 4196/4196/4196 4197/4197/4197
f 4198/4198/4198 4186/4186/4186 4185/4185/4185
f 4199/4199/4199 4198/4198/4198 4185/4185/4185
f 4196/4196/4196 4186/4186/4186 4200/4200/4200
f 4186/4186/4186 4198/4198/4198 4200/4200/4200
f 4196/4196/4196 4200/4200/4200 4197/4197/4197
f 4198/4198/4198 4199/4199/4199 4200/4200/4200
f 4200/4200/4200 4201/4201/4201 4197/4197/4197
f 4199/4199/4199 4201/4201/4201 4200/4200/4200
f 4201/4201/4201 4202/4202/4202 4197/4197/4197
f 4199/4199/4199 4203/4203/4203 4201/4201/4201
f 4201/4201/4201 4204/4204/4204 4202/4202/4202
f 4203/4203/4203 4204/4204/4204 4201/4201/4201
f 4204/4204/4204 4205/4205/4205 4202/4202/4202
f 4204/4204/4204 4203/4203/4203 4206/4206/4206
f 4205/4205/4205 4204/4204/4204 4207/4207/4207
f 4204/4204/4204 4206/4206/4206 4207/4207/4207
f 4210/4210/4210 4209/4209/4209 4208/4208/4208
f 4209/4209/4209 4210/4210/4210 4211/4211/4211
f 4212/4212/4212 4209/4209/4209 4211/4211/4211
f 4213/4213/4213 4212/4212/4212 4211/4211/4211
f 4216/4216/4216 4215/4215/4215 4214/4214/4214
f 4215/4215/4215 4217/4217/4217 4214/4214/4214
f 4217/4217/4217 4218/4218/4218 4214/4214/4214
f 4218/4218/4218 4219/4219/4219 4214/4214/4214
f 4218/4218/4218 4220/4220/4220 4219/4219/4219
f 4220/4220/4220 4221/4221/4221 4219/4219/4219
f 4221/4221/4221 4220/4220/4220 4222/4222/4222
f 4220/4220/4220 4223/4223/4223 4222/4222/4222
f 4222/4222/4222 4223/4223/4223 4224/4224/4224
f 4223/4223/4223 4225/4225/4225 4224/4224/4224
f 4225/4225/4225 4226/4226/4226 4224/4224/4224
f 4226/4226/4226 4227/4227/4227 4224/4224/4224
f 4226/4226/4226 4228/4228/4228 4227/4227/4227
f 4228/4228/4228 4229/4229/4229 4227/4227/4227
f 4229/4229/4229 4228/4228/4228 4230/4230/4230
f 4228/4228/4228 4231/4231/4231 4230/4230/4230
f 4230/4230/4230 4231/4231/4231 4232/4232/4232
f 4231/4231/4231 4233/4233/4233 4232/4232/4232
f 4233/4233/4233 4234/4234/4234 4232/4232/4232
f 4234/4234/4234 4235/4235/4235 4232/4232/4232
f 4234/4234/4234 4236/4236/4236 4235/4235/4235
f 4236/4236/4236 4237/4237/4237 4235/4235/4235
f 4237/4237/4237 4236/4236/4236 4238/4238/4238
f 4236/4236/4236 4239/4239/4239 4238/4238/4238
f 4238/4238/4238 4239/4239/4239 4240/4240/4240
f 4239/4239/4239 4241/4241/4241 4240/4240/4240
f 4241/4241/4241 4242/4242/4242 4240/4240/4240
f 4242/4242/4242 4243/4243/4243 4240/4240/4240
f 4242/4242/4242 4244/4244/4244 4243/4243/4243
f 4244/4244/4244 4245/4245/4245 4243/4243/4243
f 4245/4245/4245 4244/4244/4244 4246/4246/4246
f 4244/4244/4244 4247/4247/4247 4246/4246/4246
f 4246/4246/4246 4247/4247/4247 4248/4248/4248
f 4247/4247/4247 4249/4249/4249 4248/4248/4248
f 4249/4249/4249 4250/4250/4250 4248/4248/4248
f 4250/4250/4250 4251/4251/4251 4248/4248/4248
f 4250/4250/4250 4252/4252/4252 4251/4251/4251
f 4252/4252/4252 4253/4253/4253 4251/4251/4251
f 4253/4253/4253 4252/4252/4252 4254/4254/4254
f 4252/4252/4252 4255/4255/4255 4254/4254/4254
f 4254/4254/4254 4255/4255/4255 4256/4256/4256
f 4255/4255/4255 4257/4257/4257 4256/4256/4256
f 4257/4257/4257 4258/4258/4258 4256/4256/4256
f 4258/4258/4258 4259/4259/4259 4256/4256/4256
f 4258/4258/4258 4260/4260/4260 4259/4259/4259
f 4260/4260/4260 4261/4261/4261 4259/4259/4259
f 4261/4261/4261 4260/4260/4260 4262/4262/4262
f 4260/4260/4260 4263/4263/4263 4262/4262/4262
f 4262/4262/4262 4263/4263/4263 4264/4264/4264
f 4263/4263/4263 4265/4265/4265 4264/4264/4264
f 4265/4265/4265 4266/4266/4266 4264/4264/4264
f 4266/4266/4266 4267/4267/4267 4264/4264/4264
f 4266/4266/4266 4268/4268/4268 4267/4267/4267
f 4268/4268/4268 4269/4269/4269 4267/4267/4267
f 4269/4269/4269 4268/4268/4268 4270/4270/4270
f 4268/4268/4268 4271/4271/4271 4270/4270/4270
f 4270/4270/4270 4271/4271/4271 4272/4272/4272
f 4271/4271/4271 4273/4273/4273 4272/4272/4272
f 4273/4273/4273 4274/4274/4274 4272/4272/4272
f 4274/4274/4274 4275/4275/4275 4272/4272/4272
f 4274/4274/4274 4276/4276/4276 4275/4275/4275
f 4276/4276/4276 4277/4277/4277 4275/4275/4275
f 4277/4277/4277 4276/4276/4276 4278/4278/4278
f 4276/4276/4276 4279/4279/4279 4278/4278/4278
f 4278/4278/4278 4279/4279/4279 4280/4280/4280
f 4279/4279/4279 4281/4281/4281 4280/4280/4280
f 4281/4281/4281 4282/4282/4282 4280/4280/4280
f 4282/4282/4282 4283/4283/4283 4280/4280/4280
f 4282/4282/4282 4284/4284/4284 4283/4283/4283
f 4284/4284/4284 4285/4285/4285 4283/4283/4283
f 4285/4285/4285 4284/4284/4284 4286/4286/4286
f 4284/4284/4284 4287/4287/4287 4286/4286/4286
f 4286/4286/4286 4287/4287/4287 4288/4288/4288
f 4287/4287/4287 4289/4289/4289 4288/4288/4288
f 4289/4289/4289 4290/4290/4290 4288/4288/4288
f 4290/4290/4290 4291/4291/4291 4288/4288/4288
f 4290/4290/4290 4292/4292/4292 4291/4291/4291
f 4292/4292/4292 4293/4293/4293 4291/4291/4291
f 4293/4293/4293 4292/4292/4292 4294/4294/4294
f 4292/4292/4292 4295/4295/4295 4294/4294/4294
f 4294/4294/4294 4295/4295/4295 4296/4296/4296
f 4295/4295/4295 4297/4297/4297 4296/4296/4296
f 4297/4297/4297 4298/4298/4298 4296/4296/4296
f 4298/4298/4298 4299/4299/4299 4296/4296/4296
f 4298/4298/4298 4300/4300/4300 4299/4299/4299
f 4300/4300/4300 4301/4301/4301 4299/4299/4299
f 4301/4301/4301 4300/4300/4300 4302/4302/4302
f 4305/4305/4305 4304/4304/4304 4303/4303/4303
f 4306/4306/4306 4305/4305/4305 4303/4303/4303
f 4305/4305/4305 4306/4306/4306 4307/4307/4307
f 4308/4308/4308 4305/4305/4305 4307/4307/4307
f 4308/4308/4308 4307/4307/4307 4309/4309/4309
f 4310/4310/4310 4308/4308/4308 4309/4309/4309
f 4311/4311/4311 4310/4310/4310 4309/4309/4309
f 4312/4312/4312 4311/4311/4311 4309/4309/4309
f 4313/4313/4313 4311/4311/4311 4312/4312/4312
f 4316/4316/4316 4315/4315/4315 4314/4314/4314
f 4317/4317/4317 4316/4316/4316 4314/4314/4314
f 4316/4316/4316 4317/4317/4317 4318/4318/4318
f 4319/4319/4319 4316/4316/4316 4318/4318/4318
f 4319/4319/4319 4318/4318/4318 4320/4320/4320
f 4321/4321/4321 4319/4319/4319 4320/4320/4320
f 4322/4322/4322 4321/4321/4321 4320/4320/4320
f 4323/4323/4323 4317/4317/4317 4314/4314/4314
f 4317/4317/4317 4323/4323/4323 4318/4318/4318
f 4318/4318/4318 4324/4324/4324 4320/4320/4320
f 4323/4323/4323 4324/4324/4324 4318/4318/4318
f 4323/4323/4323 4325/4325/4325 4324/4324/4324
f 4326/4326/4326 4323/4323/4323 4314/4314/4314
f 4325/4325/4325 4323/4323/4323 4326/4326/4326
f 4326/4326/4326 4314/4314/4314 4327/4327/4327
f 4328/4328/4328 4326/4326/4326 4327/4327/4327
f 4329/4329/4329 4326/4326/4326 4328/4328/4328
f 4329/4329/4329 4325/4325/4325 4326/4326/4326
f 4330/4330/4330 4329/4329/4329 4328/4328/4328
f 4329/4329/4329 4330/4330/4330 4331/4331/4331
f 4332/4332/4332 4329/4329/4329 4331/4331/4331
f 4325/4325/4325 4329/4329/4329 4332/4332/4332
f 4333/4333/4333 4322/4322/4322 4320/4320/4320
f 4334/4334/4334 4322/4322/4322 4333/4333/4333
f 4335/4335/4335 4334/4334/4334 4333/4333/4333
f 4336/4336/4336 4335/4335/4335 4333/4333/4333
f 4337/4337/4337 4336/4336/4336 4333/4333/4333
f 4337/4337/4337 4333/4333/4333 4320/4320/4320
f 4338/4338/4338 4336/4336/4336 4337/4337/4337
f 4339/4339/4339 4337/4337/4337 4320/4320/4320
f 4324/4324/4324 4339/4339/4339 4320/4320/4320
f 4340/4340/4340 4338/4338/4338 4337/4337/4337
f 4340/4340/4340 4337/4337/4337 4339/4339/4339
f 4324/4324/4324 4341/4341/4341 4339/4339/4339
f 4325/4325/4325 4341/4341/4341 4324/4324/4324
f 4342/4342/4342 4325/4325/4325 4332/4332/4332
f 4342/4342/4342 4332/4332/4332 4343/4343/4343
f 4344/4344/4344 4342/4342/4342 4343/4343/4343
f 4342/4342/4342 4344/4344/4344 4345/4345/4345
f 4325/4325/4325 4342/4342/4342 4346/4346/4346
f 4346/4346/4346 4342/4342/4342 4345/4345/4345
f 4341/4341/4341 4325/4325/4325 4346/4346/4346
f 4346/4346/4346 4345/4345/4345 4347/4347/4347
f 4341/4341/4341 4348/4348/4348 4339/4339/4339
f 4348/4348/4348 4340/4340/4340 4339/4339/4339
f 4341/4341/4341 4346/4346/4346 4349/4349/4349
f 4348/4348/4348 4341/4341/4341 4349/4349/4349
f 4349/4349/4349 4346/4346/4346 4347/4347/4347
f 4340/4340/4340 4348/4348/4348 4349/4349/4349
f 4338/4338/4338 4340/4340/4340 4350/4350/4350
f 4350/4350/4350 4340/4340/4340 4349/4349/4349
f 4350/4350/4350 4349/4349/4349 4347/4347/4347
f 4351/4351/4351 4338/4338/4338 4350/4350/4350
f 4352/4352/4352 4350/4350/4350 4347/4347/4347
f 4351/4351/4351 4350/4350/4350 4352/4352/4352
f 4353/4353/4353 4351/4351/4351 4352/4352/4352
f 4356/4356/4356 4355/4355/4355 4354/4354/4354
f 4355/4355/4355 4357/4357/4357 4354/4354/4354
f 4355/4355/4355 4358/4358/4358 4357/4357/4357
f 4359/4359/4359 4358/4358/4358 4355/4355/4355
f 4358/4358/4358 4360/4360/4360 4357/4357/4357
f 4361/4361/4361 4359/4359/4359 4355/4355/4355
f 4360/4360/4360 4358/4358/4358 4362/4362/4362
f 4359/4359/4359 4361/4361/4361 4363/4363/4363
f 4358/4358/4358 4364/4364/4364 4362/4362/4362
f 4358/4358/4358 4359/4359/4359 4364/4364/4364
f 4362/4362/4362 4364/4364/4364 4365/4365/4365
f 4366/4366/4366 4359/4359/4359 4363/4363/4363
f 4366/4366/4366 4363/4363/4363 4367/4367/4367
f 4364/4364/4364 4368/4368/4368 4365/4365/4365
f 4359/4359/4359 4369/4369/4369 4364/4364/4364
f 4364/4364/4364 4369/4369/4369 4368/4368/4368
f 4359/4359/4359 4366/4366/4366 4370/4370/4370
f 4369/4369/4369 4359/4359/4359 4370/4370/4370
f 4368/4368/4368 4371/4371/4371 4365/4365/4365
f 4371/4371/4371 4372/4372/4372 4365/4365/4365
f 4371/4371/4371 4373/4373/4373 4372/4372/4372
f 4374/4374/4374 4373/4373/4373 4371/4371/4371
f 4373/4373/4373 4375/4375/4375 4372/4372/4372
f 4375/4375/4375 4373/4373/4373 4376/4376/4376
f 4373/4373/4373 4377/4377/4377 4376/4376/4376
f 4373/4373/4373 4374/4374/4374 4377/4377/4377
f 4376/4376/4376 4377/4377/4377 4378/4378/4378
f 4379/4379/4379 4371/4371/4371 4368/4368/4368
f 4379/4379/4379 4374/4374/4374 4371/4371/4371
f 4369/4369/4369 4380/4380/4380 4368/4368/4368
f 4380/4380/4380 4379/4379/4379 4368/4368/4368
f 4380/4380/4380 4369/4369/4369 4381/4381/4381
f 4379/4379/4379 4380/4380/4380 4381/4381/4381
f 4369/4369/4369 4370/4370/4370 4381/4381/4381
f 4381/4381/4381 4370/4370/4370 4382/4382/4382
f 4383/4383/4383 4379/4379/4379 4381/4381/4381
f 4374/4374/4374 4379/4379/4379 4383/4383/4383
f 4383/4383/4383 4381/4381/4381 4382/4382/4382
f 4370/4370/4370 4384/4384/4384 4382/4382/4382
f 4370/4370/4370 4366/4366/4366 4384/4384/4384
f 4366/4366/4366 4385/4385/4385 4384/4384/4384
f 4385/4385/4385 4366/4366/4366 4367/4367/4367
f 4386/4386/4386 4385/4385/4385 4367/4367/4367
f 4385/4385/4385 4386/4386/4386 4384/4384/4384
f 4387/4387/4387 4386/4386/4386 4367/4367/4367
f 4386/4386/4386 4388/4388/4388 4384/4384/4384
f 4384/4384/4384 4388/4388/4388 4382/4382/4382
f 4389/4389/4389 4386/4386/4386 4387/4387/4387
f 4386/4386/4386 4389/4389/4389 4388/4388/4388
f 4390/4390/4390 4389/4389/4389 4387/4387/4387
f 4389/4389/4389 4391/4391/4391 4388/4388/4388
f 4388/4388/4388 4391/4391/4391 4392/4392/4392
f 4388/4388/4388 4392/4392/4392 4382/4382/4382
f 4391/4391/4391 4393/4393/4393 4392/4392/4392
f 4393/4393/4393 4394/4394/4394 4392/4392/4392
f 4394/4394/4394 4395/4395/4395 4392/4392/4392
f 4392/4392/4392 4395/4395/4395 4382/4382/4382
f 4394/4394/4394 4396/4396/4396 4395/4395/4395
f 4395/4395/4395 4397/4397/4397 4382/4382/4382
f 4397/4397/4397 4383/4383/4383 4382/4382/4382
f 4396/4396/4396 4398/4398/4398 4395/4395/4395
f 4395/4395/4395 4398/4398/4398 4397/4397/4397
f 4399/4399/4399 4383/4383/4383 4397/4397/4397
f 4399/4399/4399 4374/4374/4374 4383/4383/4383
f 4398/4398/4398 4396/4396/4396 4400/4400/4400
f 4396/4396/4396 4401/4401/4401 4400/4400/4400
f 4398/4398/4398 4402/4402/4402 4397/4397/4397
f 4402/4402/4402 4399/4399/4399 4397/4397/4397
f 4402/4402/4402 4398/4398/4398 4403/4403/4403
f 4399/4399/4399 4402/4402/4402 4403/4403/4403
f 4398/4398/4398 4400/4400/4400 4403/4403/4403
f 4403/4403/4403 4400/4400/4400 4404/4404/4404
f 4400/4400/4400 4401/4401/4401 4405/4405/4405
f 4400/4400/4400 4405/4405/4405 4404/4404/4404
f 4401/4401/4401 4406/4406/4406 4405/4405/4405
f 4406/4406/4406 4407/4407/4407 4405/4405/4405
f 4408/4408/4408 4399/4399/4399 4403/4403/4403
f 4374/4374/4374 4399/4399/4399 4408/4408/4408
f 4408/4408/4408 4403/4403/4403 4404/4404/4404
f 4407/4407/4407 4409/4409/4409 4405/4405/4405
f 4405/4405/4405 4409/4409/4409 4404/4404/4404
f 4407/4407/4407 4410/4410/4410 4409/4409/4409
f 4411/4411/4411 4374/4374/4374 4408/4408/4408
f 4374/4374/4374 4411/4411/4411 4377/4377/4377
f 4412/4412/4412 4408/4408/4408 4404/4404/4404
f 4411/4411/4411 4408/4408/4408 4412/4412/4412
f 4377/4377/4377 4411/4411/4411 4413/4413/4413
f 4377/4377/4377 4413/4413/4413 4378/4378/4378
f 4414/4414/4414 4411/4411/4411 4412/4412/4412
f 4411/4411/4411 4414/4414/4414 4413/4413/4413
f 4413/4413/4413 4415/4415/4415 4378/4378/4378
f 4415/4415/4415 4416/4416/4416 4378/4378/4378
f 4414/4414/4414 4417/4417/4417 4413/4413/4413
f 4417/4417/4417 4414/4414/4414 4412/4412/4412
f 4417/4417/4417 4415/4415/4415 4413/4413/4413
f 4417/4417/4417 4418/4418/4418 4415/4415/4415
f 4415/4415/4415 4419/4419/4419 4416/4416/4416
f 4418/4418/4418 4419/4419/4419 4415/4415/4415
f 4419/4419/4419 4420/4420/4420 4416/4416/4416
f 4420/4420/4420 4419/4419/4419 4421/4421/4421
f 4422/4422/4422 4417/4417/4417 4412/4412/4412
f 4422/4422/4422 4412/4412/4412 4404/4404/4404
f 4418/4418/4418 4417/4417/4417 4422/4422/4422
f 4419/4419/4419 4423/4423/4423 4421/4421/4421
f 4419/4419/4419 4418/4418/4418 4423/4423/4423
f 4421/4421/4421 4423/4423/4423 4424/4424/4424
f 4423/4423/4423 4425/4425/4425 4424/4424/4424
f 4423/4423/4423 4426/4426/4426 4425/4425/4425
f 4418/4418/4418 4426/4426/4426 4423/4423/4423
f 4426/4426/4426 4427/4427/4427 4425/4425/4425
f 4427/4427/4427 4426/4426/4426 4428/4428/4428
f 4426/4426/4426 4429/4429/4429 4428/4428/4428
f 4426/4426/4426 4418/4418/4418 4429/4429/4429
f 4428/4428/4428 4429/4429/4429 4430/4430/4430
f 4431/4431/4431 4422/4422/4422 4404/4404/4404
f 4409/4409/4409 4431/4431/4431 4404/4404/4404
f 4432/4432/4432 4418/4418/4418 4422/4422/4422
f 4418/4418/4418 4432/4432/4432 4429/4429/4429
f 4432/4432/4432 4422/4422/4422 4431/4431/4431
f 4429/4429/4429 4433/4433/4433 4430/4430/4430
f 4429/4429/4429 4432/4432/4432 4433/4433/4433
f 4409/4409/4409 4434/4434/4434 4431/4431/4431
f 4410/4410/4410 4434/4434/4434 4409/4409/4409
f 4435/4435/4435 4432/4432/4432 4431/4431/4431
f 4432/4432/4432 4435/4435/4435 4433/4433/4433
f 4434/4434/4434 4435/4435/4435 4431/4431/4431
f 4435/4435/4435 4434/4434/4434 4433/4433/4433
f 4433/4433/4433 4436/4436/4436 4430/4430/4430
f 4434/4434/4434 4436/4436/4436 4433/4433/4433
f 4434/4434/4434 4410/4410/4410 4436/4436/4436
f 4436/4436/4436 4437/4437/4437 4430/4430/4430
f 4410/4410/4410 4438/4438/4438 4436/4436/4436
f 4436/4436/4436 4438/4438/4438 4437/4437/4437
f 4438/4438/4438 4439/4439/4439 4437/4437/4437
f 4442/4442/4442 4441/4441/4441 4440/4440/4440
f 4441/4441/4441 4443/4443/4443 4440/4440/4440
f 4443/4443/4443 4444/4444/4444 4440/4440/4440
f 4444/4444/4444 4445/4445/4445 4440/4440/4440
f 4444/4444/4444 4446/4446/4446 4445/4445/4445
f 4446/4446/4446 4447/4447/4447 4445/4445/4445
f 4447/4447/4447 4446/4446/4446 4448/4448/4448
f 4446/4446/4446 4449/4449/4449 4448/4448/4448
f 4448/4448/4448 4449/4449/4449 4450/4450/4450
f 4449/4449/4449 4451/4451/4451 4450/4450/4450
f 4451/4451/4451 4452/4452/4452 4450/4450/4450
f 4452/4452/4452 4453/4453/4453 4450/4450/4450
f 4456/4456/4456 4455/4455/4455 4454/4454/4454
f 4455/4455/4455 4457/4457/4457 4454/4454/4454
f 4457/4457/4457 4458/4458/4458 4454/4454/4454
f 4458/4458/4458 4459/4459/4459 4454/4454/4454
f 4458/4458/4458 4460/4460/4460 4459/4459/4459
f 4460/4460/4460 4461/4461/4461 4459/4459/4459
f 4458/4458/4458 4457/4457/4457 4462/4462/4462
f 4461/4461/4461 4460/4460/4460 4463/4463/4463
f 4464/4464/4464 4458/4458/4458 4462/4462/4462
f 4460/4460/4460 4458/4458/4458 4464/4464/4464
f 4464/4464/4464 4462/4462/4462 4465/4465/4465
f 4460/4460/4460 4466/4466/4466 4463/4463/4463
f 4463/4463/4463 4466/4466/4466 4467/4467/4467
f 4468/4468/4468 4464/4464/4464 4465/4465/4465
f 4469/4469/4469 4460/4460/4460 4464/4464/4464
f 4469/4469/4469 4464/4464/4464 4468/4468/4468
f 4466/4466/4466 4460/4460/4460 4470/4470/4470
f 4460/4460/4460 4469/4469/4469 4470/4470/4470
f 4471/4471/4471 4468/4468/4468 4465/4465/4465
f 4472/4472/4472 4471/4471/4471 4465/4465/4465
f 4473/4473/4473 4471/4471/4471 4472/4472/4472
f 4473/4473/4473 4474/4474/4474 4471/4471/4471
f 4474/4474/4474 4473/4473/4473 4475/4475/4475
f 4471/4471/4471 4476/4476/4476 4468/4468/4468
f 4474/4474/4474 4476/4476/4476 4471/4471/4471
f 4477/4477/4477 4469/4469/4469 4468/4468/4468
f 4476/4476/4476 4477/4477/4477 4468/4468/4468
f 4469/4469/4469 4477/4477/4477 4478/4478/4478
f 4477/4477/4477 4476/4476/4476 4478/4478/4478
f 4470/4470/4470 4469/4469/4469 4478/4478/4478
f 4470/4470/4470 4478/4478/4478 4479/4479/4479
f 4476/4476/4476 4480/4480/4480 4478/4478/4478
f 4476/4476/4476 4474/4474/4474 4480/4480/4480
f 4478/4478/4478 4480/4480/4480 4479/4479/4479
f 4466/4466/4466 4470/4470/4470 4481/4481/4481
f 4481/4481/4481 4470/4470/4470 4479/4479/4479
f 4482/4482/4482 4474/4474/4474 4475/4475/4475
f 4482/4482/4482 4475/4475/4475 4483/4483/4483
f 4484/4484/4484 4482/4482/4482 4483/4483/4483
f 4482/4482/4482 4484/4484/4484 4485/4485/4485
f 4486/4486/4486 4482/4482/4482 4485/4485/4485
f 4474/4474/4474 4482/4482/4482 4486/4486/4486
f 4486/4486/4486 4485/4485/4485 4487/4487/4487
f 4474/4474/4474 4488/4488/4488 4480/4480/4480
f 4488/4488/4488 4474/4474/4474 4486/4486/4486
f 4489/4489/4489 4486/4486/4486 4487/4487/4487
f 4488/4488/4488 4486/4486/4486 4489/4489/4489
f 4480/4480/4480 4488/4488/4488 4490/4490/4490
f 4480/4480/4480 4490/4490/4490 4479/4479/4479
f 4491/4491/4491 4466/4466/4466 4481/4481/4481
f 4466/4466/4466 4491/4491/4491 4467/4467/4467
f 4491/4491/4491 4492/4492/4492 4467/4467/4467
f 4492/4492/4492 4491/4491/4491 4481/4481/4481
f 4492/4492/4492 4493/4493/4493 4467/4467/4467
f 4492/4492/4492 4494/4494/4494 4493/4493/4493
f 4494/4494/4494 4495/4495/4495 4493/4493/4493
f 4495/4495/4495 4494/4494/4494 4496/4496/4496
f 4497/4497/4497 4492/4492/4492 4481/4481/4481
f 4497/4497/4497 4481/4481/4481 4479/4479/4479
f 4494/4494/4494 4492/4492/4492 4497/4497/4497
f 4498/4498/4498 4488/4488/4488 4489/4489/4489
f 4488/4488/4488 4498/4498/4498 4490/4490/4490
f 4499/4499/4499 4498/4498/4498 4489/4489/4489
f 4498/4498/4498 4499/4499/4499 4490/4490/4490
f 4490/4490/4490 4500/4500/4500 4479/4479/4479
f 4499/4499/4499 4500/4500/4500 4490/4490/4490
f 4499/4499/4499 4501/4501/4501 4500/4500/4500
f 4502/4502/4502 4499/4499/4499 4489/4489/4489
f 4501/4501/4501 4499/4499/4499 4502/4502/4502
f 4502/4502/4502 4489/4489/4489 4487/4487/4487
f 4503/4503/4503 4502/4502/4502 4487/4487/4487
f 4504/4504/4504 4502/4502/4502 4503/4503/4503
f 4504/4504/4504 4501/4501/4501 4502/4502/4502
f 4505/4505/4505 4504/4504/4504 4503/4503/4503
f 4504/4504/4504 4505/4505/4505 4506/4506/4506
f 4507/4507/4507 4504/4504/4504 4506/4506/4506
f 4501/4501/4501 4504/4504/4504 4507/4507/4507
f 4507/4507/4507 4506/4506/4506 4508/4508/4508
f 4509/4509/4509 4507/4507/4507 4508/4508/4508
f 4510/4510/4510 4507/4507/4507 4509/4509/4509
f 4510/4510/4510 4501/4501/4501 4507/4507/4507
f 4511/4511/4511 4510/4510/4510 4509/4509/4509
f 4510/4510/4510 4511/4511/4511 4512/4512/4512
f 4513/4513/4513 4510/4510/4510 4512/4512/4512
f 4501/4501/4501 4510/4510/4510 4513/4513/4513
f 4514/4514/4514 4501/4501/4501 4513/4513/4513
f 4501/4501/4501 4514/4514/4514 4500/4500/4500
f 4514/4514/4514 4513/4513/4513 4515/4515/4515
f 4515/4515/4515 4513/4513/4513 4516/4516/4516
f 4500/4500/4500 4514/4514/4514 4517/4517/4517
f 4500/4500/4500 4517/4517/4517 4479/4479/4479
f 4517/4517/4517 4497/4497/4497 4479/4479/4479
f 4514/4514/4514 4518/4518/4518 4517/4517/4517
f 4518/4518/4518 4514/4514/4514 4515/4515/4515
f 4519/4519/4519 4497/4497/4497 4517/4517/4517
f 4518/4518/4518 4519/4519/4519 4517/4517/4517
f 4519/4519/4519 4518/4518/4518 4515/4515/4515
f 4519/4519/4519 4494/4494/4494 4497/4497/4497
f 4520/4520/4520 4515/4515/4515 4516/4516/4516
f 4520/4520/4520 4519/4519/4519 4515/4515/4515
f 4494/4494/4494 4519/4519/4519 4520/4520/4520
f 4521/4521/4521 4520/4520/4520 4516/4516/4516
f 4522/4522/4522 4494/4494/4494 4520/4520/4520
f 4522/4522/4522 4520/4520/4520 4521/4521/4521
f 4494/4494/4494 4522/4522/4522 4496/4496/4496
f 4523/4523/4523 4522/4522/4522 4521/4521/4521
f 4496/4496/4496 4522/4522/4522 4524/4524/4524
f 4522/4522/4522 4523/4523/4523 4524/4524/4524
f 4527/4527/4527 4526/4526/4526 4525/4525/4525
f 4526/4526/4526 4528/4528/4528 4525/4525/4525
f 4528/4528/4528 4526/4526/4526 4529/4529/4529
f 4526/4526/4526 4530/4530/4530 4529/4529/4529
f 4529/4529/4529 4530/4530/4530 4531/4531/4531
f 4530/4530/4530 4532/4532/4532 4531/4531/4531
f 4535/4535/4535 4534/4534/4534 4533/4533/4533
f 4534/4534/4534 4535/4535/4535 4536/4536/4536
f 4537/4537/4537 4534/4534/4534 4536/4536/4536
f 4537/4537/4537 4536/4536/4536 4538/4538/4538
f 4539/4539/4539 4537/4537/4537 4538/4538/4538
f 4537/4537/4537 4539/4539/4539 4540/4540/4540
f 4541/4541/4541 4537/4537/4537 4540/4540/4540
f 4534/4534/4534 4537/4537/4537 4541/4541/4541
f 4541/4541/4541 4540/4540/4540 4542/4542/4542
f 4543/4543/4543 4534/4534/4534 4541/4541/4541
f 4534/4534/4534 4543/4543/4543 4544/4544/4544
f 4545/4545/4545 4541/4541/4541 4542/4542/4542
f 4543/4543/4543 4541/4541/4541 4545/4545/4545
f 4544/4544/4544 4543/4543/4543 4546/4546/4546
f 4544/4544/4544 4546/4546/4546 4547/4547/4547
f 4543/4543/4543 4548/4548/4548 4546/4546/4546
f 4548/4548/4548 4543/4543/4543 4545/4545/4545
f 4549/4549/4549 4548/4548/4548 4545/4545/4545
f 4550/4550/4550 4545/4545/4545 4542/4542/4542
f 4550/4550/4550 4549/4549/4549 4545/4545/4545
f 4551/4551/4551 4549/4549/4549 4550/4550/4550
f 4552/4552/4552 4550/4550/4550 4542/4542/4542
f 4553/4553/4553 4551/4551/4551 4550/4550/4550
f 4553/4553/4553 4550/4550/4550 4552/4552/4552
f 4554/4554/4554 4553/4553/4553 4552/4552/4552
f 4557/4557/4557 4556/4556/4556 4555/4555/4555
f 4556/4556/4556 4558/4558/4558 4555/4555/4555
f 4558/4558/4558 4559/4559/4559 4555/4555/4555
f 4559/4559/4559 4560/4560/4560 4555/4555/4555
f 4556/4556/4556 4561/4561/4561 4558/4558/4558
f 4562/4562/4562 4561/4561/4561 4556/4556/4556
f 4559/4559/4559 4563/4563/4563 4560/4560/4560
f 4564/4564/4564 4563/4563/4563 4559/4559/4559
f 4563/4563/4563 4565/4565/4565 4560/4560/4560
f 4565/4565/4565 4563/4563/4563 4566/4566/4566
f 4563/4563/4563 4567/4567/4567 4566/4566/4566
f 4563/4563/4563 4564/4564/4564 4567/4567/4567
f 4568/4568/4568 4559/4559/4559 4558/4558/4558
f 4568/4568/4568 4564/4564/4564 4559/4559/4559
f 4561/4561/4561 4569/4569/4569 4558/4558/4558
f 4569/4569/4569 4568/4568/4568 4558/4558/4558
f 4561/4561/4561 4562/4562/4562 4570/4570/4570
f 4562/4562/4562 4571/4571/4571 4570/4570/4570
f 4570/4570/4570 4571/4571/4571 4572/4572/4572
f 4570/4570/4570 4572/4572/4572 4573/4573/4573
f 4572/4572/4572 4574/4574/4574 4573/4573/4573
f 4569/4569/4569 4561/4561/4561 4575/4575/4575
f 4561/4561/4561 4570/4570/4570 4575/4575/4575
f 4568/4568/4568 4569/4569/4569 4575/4575/4575
f 4575/4575/4575 4570/4570/4570 4573/4573/4573
f 4576/4576/4576 4568/4568/4568 4575/4575/4575
f 4564/4564/4564 4568/4568/4568 4576/4576/4576
f 4576/4576/4576 4575/4575/4575 4573/4573/4573
f 4564/4564/4564 4577/4577/4577 4567/4567/4567
f 4567/4567/4567 4577/4577/4577 4578/4578/4578
f 4577/4577/4577 4579/4579/4579 4578/4578/4578
f 4579/4579/4579 4577/4577/4577 4580/4580/4580
f 4577/4577/4577 4581/4581/4581 4580/4580/4580
f 4577/4577/4577 4564/4564/4564 4581/4581/4581
f 4580/4580/4580 4581/4581/4581 4582/4582/4582
f 4583/4583/4583 4564/4564/4564 4576/4576/4576
f 4564/4564/4564 4583/4583/4583 4581/4581/4581
f 4581/4581/4581 4584/4584/4584 4582/4582/4582
f 4581/4581/4581 4583/4583/4583 4584/4584/4584
f 4583/4583/4583 4576/4576/4576 4585/4585/4585
f 4585/4585/4585 4576/4576/4576 4573/4573/4573
f 4584/4584/4584 4586/4586/4586 4582/4582/4582
f 4586/4586/4586 4587/4587/4587 4582/4582/4582
f 4583/4583/4583 4588/4588/4588 4584/4584/4584
f 4588/4588/4588 4583/4583/4583 4585/4585/4585
f 4588/4588/4588 4589/4589/4589 4584/4584/4584
f 4589/4589/4589 4588/4588/4588 4585/4585/4585
f 4589/4589/4589 4586/4586/4586 4584/4584/4584
f 4586/4586/4586 4590/4590/4590 4587/4587/4587
f 4590/4590/4590 4591/4591/4591 4587/4587/4587
f 4592/4592/4592 4590/4590/4590 4586/4586/4586
f 4589/4589/4589 4592/4592/4592 4586/4586/4586
f 4593/4593/4593 4589/4589/4589 4585/4585/4585
f 4592/4592/4592 4589/4589/4589 4593/4593/4593
f 4593/4593/4593 4585/4585/4585 4573/4573/4573
f 4594/4594/4594 4592/4592/4592 4593/4593/4593
f 4595/4595/4595 4593/4593/4593 4573/4573/4573
f 4594/4594/4594 4593/4593/4593 4595/4595/4595
f 4574/4574/4574 4595/4595/4595 4573/4573/4573
f 4596/4596/4596 4594/4594/4594 4595/4595/4595
f 4574/4574/4574 4597/4597/4597 4595/4595/4595
f 4597/4597/4597 4596/4596/4596 4595/4595/4595
f 4600/4600/4600 4599/4599/4599 4598/4598/4598
f 4599/4599/4599 4601/4601/4601 4598/4598/4598
f 4601/4601/4601 4602/4602/4602 4598/4598/4598
f 4602/4602/4602 4603/4603/4603 4598/4598/4598
f 4604/4604/4604 4602/4602/4602 4601/4601/4601
f 4604/4604/4604 4605/4605/4605 4602/4602/4602
f 4606/4606/4606 4604/4604/4604 4601/4601/4601
f 4604/4604/4604 4606/4606/4606 4607/4607/4607
f 4602/4602/4602 4608/4608/4608 4603/4603/4603
f 4605/4605/4605 4608/4608/4608 4602/4602/4602
f 4608/4608/4608 4609/4609/4609 4603/4603/4603
f 4609/4609/4609 4608/4608/4608 4610/4610/4610
f 4611/4611/4611 4604/4604/4604 4607/4607/4607
f 4605/4605/4605 4604/4604/4604 4611/4611/4611
f 4611/4611/4611 4607/4607/4607 4612/4612/4612
f 4608/4608/4608 4613/4613/4613 4610/4610/4610
f 4608/4608/4608 4605/4605/4605 4613/4613/4613
f 4610/4610/4610 4613/4613/4613 4614/4614/4614
f 4613/4613/4613 4615/4615/4615 4614/4614/4614
f 4616/4616/4616 4611/4611/4611 4612/4612/4612
f 4617/4617/4617 4616/4616/4616 4612/4612/4612
f 4605/4605/4605 4618/4618/4618 4613/4613/4613
f 4613/4613/4613 4618/4618/4618 4615/4615/4615
f 4619/4619/4619 4605/4605/4605 4611/4611/4611
f 4619/4619/4619 4611/4611/4611 4616/4616/4616
f 4618/4618/4618 4605/4605/4605 4620/4620/4620
f 4605/4605/4605 4619/4619/4619 4620/4620/4620
f 4618/4618/4618 4621/4621/4621 4615/4615/4615
f 4621/4621/4621 4622/4622/4622 4615/4615/4615
f 4622/4622/4622 4623/4623/4623 4615/4615/4615
f 4621/4621/4621 4618/4618/4618 4624/4624/4624
f 4618/4618/4618 4620/4620/4620 4624/4624/4624
f 4624/4624/4624 4620/4620/4620 4625/4625/4625
f 4620/4620/4620 4619/4619/4619 4626/4626/4626
f 4620/4620/4620 4626/4626/4626 4625/4625/4625
f 4627/4627/4627 4619/4619/4619 4616/4616/4616
f 4619/4619/4619 4627/4627/4627 4626/4626/4626
f 4628/4628/4628 4627/4627/4627 4616/4616/4616
f 4627/4627/4627 4628/4628/4628 4626/4626/4626
f 4617/4617/4617 4628/4628/4628 4616/4616/4616
f 4626/4626/4626 4629/4629/4629 4625/4625/4625
f 4628/4628/4628 4629/4629/4629 4626/4626/4626
f 4630/4630/4630 4628/4628/4628 4617/4617/4617
f 4628/4628/4628 4630/4630/4630 4629/4629/4629
f 4631/4631/4631 4630/4630/4630 4617/4617/4617
f 4631/4631/4631 4617/4617/4617 4632/4632/4632
f 4633/4633/4633 4631/4631/4631 4632/4632/4632
f 4630/4630/4630 4634/4634/4634 4629/4629/4629
f 4629/4629/4629 4635/4635/4635 4625/4625/4625
f 4629/4629/4629 4634/4634/4634 4635/4635/4635
f 4635/4635/4635 4636/4636/4636 4625/4625/4625
f 4634/4634/4634 4637/4637/4637 4635/4635/4635
f 4638/4638/4638 4636/4636/4636 4635/4635/4635
f 4637/4637/4637 4638/4638/4638 4635/4635/4635
f 4641/4641/4641 4640/4640/4640 4639/4639/4639
f 4640/4640/4640 4642/4642/4642 4639/4639/4639
f 4640/4640/4640 4643/4643/4643 4642/4642/4642
f 4644/4644/4644 4643/4643/4643 4640/4640/4640
f 4643/4643/4643 4645/4645/4645 4642/4642/4642
f 4645/4645/4645 4643/4643/4643 4646/4646/4646
f 4647/4647/4647 4644/4644/4644 4640/4640/4640
f 4643/4643/4643 4648/4648/4648 4646/4646/4646
f 4643/4643/4643 4644/4644/4644 4648/4648/4648
f 4646/4646/4646 4648/4648/4648 4649/4649/4649
f 4648/4648/4648 4650/4650/4650 4649/4649/4649
f 4650/4650/4650 4651/4651/4651 4649/4649/4649
f 4651/4651/4651 4652/4652/4652 4649/4649/4649
f 4648/4648/4648 4653/4653/4653 4650/4650/4650
f 4644/4644/4644 4653/4653/4653 4648/4648/4648
f 4653/4653/4653 4654/4654/4654 4650/4650/4650
f 4654/4654/4654 4653/4653/4653 4655/4655/4655
f 4653/4653/4653 4656/4656/4656 4655/4655/4655
f 4653/4653/4653 4644/4644/4644 4656/4656/4656
f 4655/4655/4655 4656/4656/4656 4657/4657/4657
f 4644/4644/4644 4647/4647/4647 4658/4658/4658
f 4644/4644/4644 4659/4659/4659 4656/4656/4656
f 4659/4659/4659 4644/4644/4644 4658/4658/4658
f 4656/4656/4656 4660/4660/4660 4657/4657/4657
f 4656/4656/4656 4659/4659/4659 4660/4660/4660
f 4658/4658/4658 4647/4647/4647 4661/4661/4661
f 4647/4647/4647 4662/4662/4662 4661/4661/4661
f 4658/4658/4658 4661/4661/4661 4663/4663/4663
f 4664/4664/4664 4658/4658/4658 4663/4663/4663
f 4659/4659/4659 4658/4658/4658 4664/4664/4664
f 4665/4665/4665 4664/4664/4664 4663/4663/4663
f 4666/4666/4666 4659/4659/4659 4664/4664/4664
f 4659/4659/4659 4666/4666/4666 4660/4660/4660
f 4667/4667/4667 4666/4666/4666 4664/4664/4664
f 4665/4665/4665 4667/4667/4667 4664/4664/4664
f 4666/4666/4666 4667/4667/4667 4660/4660/4660
f 4660/4660/4660 4668/4668/4668 4657/4657/4657
f 4667/4667/4667 4668/4668/4668 4660/4660/4660
f 4668/4668/4668 4669/4669/4669 4657/4657/4657
f 4670/4670/4670 4667/4667/4667 4665/4665/4665
f 4667/4667/4667 4670/4670/4670 4668/4668/4668
f 4671/4671/4671 4670/4670/4670 4665/4665/4665
f 4670/4670/4670 4672/4672/4672 4668/4668/4668
f 4668/4668/4668 4672/4672/4672 4669/4669/4669
f 4672/4672/4672 4673/4673/4673 4669/4669/4669
f 4676/4676/4676 4675/4675/4675 4674/4674/4674
f 4677/4677/4677 4676/4676/4676 4674/4674/4674
f 4678/4678/4678 4677/4677/4677 4674/4674/4674
f 4676/4676/4676 4677/4677/4677 4679/4679/4679
f 4677/4677/4677 4678/4678/4678 4679/4679/4679
f 4678/4678/4678 4680/4680/4680 4679/4679/4679
f 4679/4679/4679 4680/4680/4680 4681/4681/4681
f 4678/4678/4678 4682/4682/4682 4680/4680/4680
f 4682/4682/4682 4678/4678/4678 4683/4683/4683
f 4684/4684/4684 4682/4682/4682 4683/4683/4683
f 4682/4682/4682 4685/4685/4685 4680/4680/4680
f 4680/4680/4680 4685/4685/4685 4686/4686/4686
f 4680/4680/4680 4686/4686/4686 4681/4681/4681
f 4685/4685/4685 4687/4687/4687 4686/4686/4686
f 4687/4687/4687 4688/4688/4688 4686/4686/4686
f 4688/4688/4688 4689/4689/4689 4686/4686/4686
f 4686/4686/4686 4689/4689/4689 4681/4681/4681
f 4688/4688/4688 4690/4690/4690 4689/4689/4689
f 4690/4690/4690 4691/4691/4691 4689/4689/4689
f 4689/4689/4689 4692/4692/4692 4681/4681/4681
f 4689/4689/4689 4691/4691/4691 4692/4692/4692
f 4691/4691/4691 4690/4690/4690 4693/4693/4693
f 4690/4690/4690 4694/4694/4694 4693/4693/4693
f 4693/4693/4693 4694/4694/4694 4695/4695/4695
f 4694/4694/4694 4696/4696/4696 4695/4695/4695
f 4691/4691/4691 4693/4693/4693 4697/4697/4697
f 4697/4697/4697 4693/4693/4693 4698/4698/4698
f 4691/4691/4691 4699/4699/4699 4692/4692/4692
f 4699/4699/4699 4691/4691/4691 4697/4697/4697
f 4700/4700/4700 4697/4697/4697 4698/4698/4698
f 4701/4701/4701 4700/4700/4700 4698/4698/4698
f 4702/4702/4702 4699/4699/4699 4697/4697/4697
f 4699/4699/4699 4702/4702/4702 4692/4692/4692
f 4700/4700/4700 4702/4702/4702 4697/4697/4697
f 4703/4703/4703 4702/4702/4702 4700/4700/4700
f 4704/4704/4704 4700/4700/4700 4701/4701/4701
f 4704/4704/4704 4703/4703/4703 4700/4700/4700
f 4705/4705/4705 4704/4704/4704 4701/4701/4701
f 4704/4704/4704 4705/4705/4705 4706/4706/4706
f 4707/4707/4707 4704/4704/4704 4706/4706/4706
f 4703/4703/4703 4704/4704/4704 4707/4707/4707
f 4708/4708/4708 4703/4703/4703 4707/4707/4707
f 4703/4703/4703 4708/4708/4708 4709/4709/4709
f 4702/4702/4702 4710/4710/4710 4692/4692/4692
f 4702/4702/4702 4703/4703/4703 4710/4710/4710
f 4692/4692/4692 4710/4710/4710 4681/4681/4681
f 4711/4711/4711 4703/4703/4703 4709/4709/4709
f 4703/4703/4703 4711/4711/4711 4710/4710/4710
f 4711/4711/4711 4709/4709/4709 4712/4712/4712
f 4710/4710/4710 4713/4713/4713 4681/4681/4681
f 4710/4710/4710 4711/4711/4711 4713/4713/4713
f 4713/4713/4713 4714/4714/4714 4681/4681/4681
f 4715/4715/4715 4711/4711/4711 4712/4712/4712
f 4711/4711/4711 4715/4715/4715 4713/4713/4713
f 4716/4716/4716 4714/4714/4714 4713/4713/4713
f 4715/4715/4715 4716/4716/4716 4713/4713/4713
f 4716/4716/4716 4715/4715/4715 4712/4712/4712
f 4716/4716/4716 4717/4717/4717 4714/4714/4714
f 4718/4718/4718 4716/4716/4716 4712/4712/4712
f 4717/4717/4717 4716/4716/4716 4718/4718/4718
f 4721/4721/4721 4720/4720/4720 4719/4719/4719
f 4721/4721/4721 4719/4719/4719 4722/4722/4722
f 4719/4719/4719 4723/4723/4723 4722/4722/4722
f 4724/4724/4724 4721/4721/4721 4722/4722/4722
f 4725/4725/4725 4721/4721/4721 4724/4724/4724
f 4726/4726/4726 4725/4725/4725 4724/4724/4724
f 4723/4723/4723 4727/4727/4727 4722/4722/4722
f 4723/4723/4723 4728/4728/4728 4727/4727/4727
f 4728/4728/4728 4729/4729/4729 4727/4727/4727
f 4729/4729/4729 4728/4728/4728 4730/4730/4730
f 4731/4731/4731 4728/4728/4728 4723/4723/4723
f 4732/4732/4732 4731/4731/4731 4723/4723/4723
f 4728/4728/4728 4733/4733/4733 4730/4730/4730
f 4728/4728/4728 4731/4731/4731 4733/4733/4733
f 4730/4730/4730 4733/4733/4733 4734/4734/4734
f 4733/4733/4733 4735/4735/4735 4734/4734/4734
f 4733/4733/4733 4736/4736/4736 4735/4735/4735
f 4731/4731/4731 4736/4736/4736 4733/4733/4733
f 4736/4736/4736 4737/4737/4737 4735/4735/4735
f 4737/4737/4737 4736/4736/4736 4738/4738/4738
f 4736/4736/4736 4739/4739/4739 4738/4738/4738
f 4736/4736/4736 4731/4731/4731 4739/4739/4739
f 4731/4731/4731 4732/4732/4732 4740/4740/4740
f 4740/4740/4740 4732/4732/4732 4741/4741/4741
f 4740/4740/4740 4741/4741/4741 4742/4742/4742
f 4745/4745/4745 4744/4744/4744 4743/4743/4743
f 4746/4746/4746 4745/4745/4745 4743/4743/4743
f 4746/4746/4746 4743/4743/4743 4747/4747/4747
f 4745/4745/4745 4746/4746/4746 4748/4748/4748
f 4749/4749/4749 4745/4745/4745 4748/4748/4748
f 4750/4750/4750 4746/4746/4746 4747/4747/4747
f 4751/4751/4751 4750/4750/4750 4747/4747/4747
f 4746/4746/4746 4750/4750/4750 4752/4752/4752
f 4750/4750/4750 4751/4751/4751 4752/4752/4752
f 4748/4748/4748 4746/4746/4746 4752/4752/4752
f 4748/4748/4748 4752/4752/4752 4753/4753/4753
f 4749/4749/4749 4748/4748/4748 4754/4754/4754
f 4754/4754/4754 4748/4748/4748 4753/4753/4753
f 4755/4755/4755 4749/4749/4749 4754/4754/4754
f 4756/4756/4756 4755/4755/4755 4754/4754/4754
f 4751/4751/4751 4757/4757/4757 4752/4752/4752
f 4752/4752/4752 4757/4757/4757 4753/4753/4753
f 4751/4751/4751 4758/4758/4758 4757/4757/4757
f 4759/4759/4759 4756/4756/4756 4754/4754/4754
f 4759/4759/4759 4754/4754/4754 4753/4753/4753
f 4760/4760/4760 4756/4756/4756 4759/4759/4759
f 4761/4761/4761 4760/4760/4760 4759/4759/4759
f 4762/4762/4762 4759/4759/4759 4753/4753/4753
f 4761/4761/4761 4759/4759/4759 4762/4762/4762
f 4760/4760/4760 4761/4761/4761 4763/4763/4763
f 4764/4764/4764 4760/4760/4760 4763/4763/4763
f 4764/4764/4764 4763/4763/4763 4765/4765/4765
f 4766/4766/4766 4764/4764/4764 4765/4765/4765
f 4767/4767/4767 4766/4766/4766 4765/4765/4765
f 4768/4768/4768 4767/4767/4767 4765/4765/4765
f 4769/4769/4769 4767/4767/4767 4768/4768/4768
f 4770/4770/4770 4769/4769/4769 4768/4768/4768
f 4770/4770/4770 4768/4768/4768 4771/4771/4771
f 4772/4772/4772 4770/4770/4770 4771/4771/4771
f 4771/4771/4771 4768/4768/4768 4773/4773/4773
f 4768/4768/4768 4765/4765/4765 4773/4773/4773
f 4765/4765/4765 4763/4763/4763 4773/4773/4773
f 4763/4763/4763 4761/4761/4761 4774/4774/4774
f 4763/4763/4763 4774/4774/4774 4773/4773/4773
f 4775/4775/4775 4761/4761/4761 4762/4762/4762
f 4761/4761/4761 4775/4775/4775 4774/4774/4774
f 4776/4776/4776 4775/4775/4775 4762/4762/4762
f 4775/4775/4775 4776/4776/4776 4774/4774/4774
f 4774/4774/4774 4777/4777/4777 4773/4773/4773
f 4776/4776/4776 4777/4777/4777 4774/4774/4774
f 4776/4776/4776 4778/4778/4778 4777/4777/4777
f 4779/4779/4779 4776/4776/4776 4762/4762/4762
f 4778/4778/4778 4776/4776/4776 4779/4779/4779
f 4779/4779/4779 4762/4762/4762 4753/4753/4753
f 4777/4777/4777 4780/4780/4780 4773/4773/4773
f 4780/4780/4780 4781/4781/4781 4773/4773/4773
f 4782/4782/4782 4779/4779/4779 4753/4753/4753
f 4757/4757/4757 4782/4782/4782 4753/4753/4753
f 4778/4778/4778 4783/4783/4783 4777/4777/4777
f 4777/4777/4777 4783/4783/4783 4780/4780/4780
f 4784/4784/4784 4781/4781/4781 4780/4780/4780
f 4784/4784/4784 4785/4785/4785 4781/4781/4781
f 4785/4785/4785 4784/4784/4784 4786/4786/4786
f 4786/4786/4786 4784/4784/4784 4787/4787/4787
f 4788/4788/4788 4784/4784/4784 4780/4780/4780
f 4783/4783/4783 4788/4788/4788 4780/4780/4780
f 4784/4784/4784 4788/4788/4788 4787/4787/4787
f 4788/4788/4788 4783/4783/4783 4787/4787/4787
f 4783/4783/4783 4789/4789/4789 4787/4787/4787
f 4783/4783/4783 4778/4778/4778 4789/4789/4789
f 4787/4787/4787 4789/4789/4789 4790/4790/4790
f 4789/4789/4789 4791/4791/4791 4790/4790/4790
f 4789/4789/4789 4792/4792/4792 4791/4791/4791
f 4778/4778/4778 4792/4792/4792 4789/4789/4789
f 4792/4792/4792 4793/4793/4793 4791/4791/4791
f 4793/4793/4793 4792/4792/4792 4794/4794/4794
f 4792/4792/4792 4795/4795/4795 4794/4794/4794
f 4792/4792/4792 4778/4778/4778 4795/4795/4795
f 4794/4794/4794 4795/4795/4795 4796/4796/4796
f 4778/4778/4778 4797/4797/4797 4795/4795/4795
f 4797/4797/4797 4778/4778/4778 4779/4779/4779
f 4797/4797/4797 4779/4779/4779 4782/4782/4782
f 4795/4795/4795 4798/4798/4798 4796/4796/4796
f 4795/4795/4795 4797/4797/4797 4798/4798/4798
f 4799/4799/4799 4797/4797/4797 4782/4782/4782
f 4797/4797/4797 4799/4799/4799 4798/4798/4798
f 4800/4800/4800 4799/4799/4799 4782/4782/4782
f 4799/4799/4799 4800/4800/4800 4798/4798/4798
f 4757/4757/4757 4800/4800/4800 4782/4782/4782
f 4758/4758/4758 4800/4800/4800 4757/4757/4757
f 4798/4798/4798 4801/4801/4801 4796/4796/4796
f 4800/4800/4800 4801/4801/4801 4798/4798/4798
f 4800/4800/4800 4758/4758/4758 4801/4801/4801
f 4801/4801/4801 4802/4802/4802 4796/4796/4796
f 4758/4758/4758 4803/4803/4803 4801/4801/4801
f 4801/4801/4801 4803/4803/4803 4802/4802/4802
f 4803/4803/4803 4758/4758/4758 4804/4804/4804
f 4803/4803/4803 4805/4805/4805 4802/4802/4802
f 4803/4803/4803 4804/4804/4804 4806/4806/4806
f 4805/4805/4805 4803/4803/4803 4806/4806/4806
f 4809/4809/4809 4808/4808/4808 4807/4807/4807
f 4808/4808/4808 4810/4810/4810 4807/4807/4807
f 4808/4808/4808 4811/4811/4811 4810/4810/4810
f 4812/4812/4812 4811/4811/4811 4808/4808/4808
f 4813/4813/4813 4812/4812/4812 4808/4808/4808
f 4812/4812/4812 4813/4813/4813 4814/4814/4814
f 4811/4811/4811 4815/4815/4815 4810/4810/4810
f 4815/4815/4815 4816/4816/4816 4810/4810/4810
f 4816/4816/4816 4817/4817/4817 4810/4810/4810
f 4810/4810/4810 4817/4817/4817 4807/4807/4807
f 4816/4816/4816 4818/4818/4818 4817/4817/4817
f 4818/4818/4818 4819/4819/4819 4817/4817/4817
f 4817/4817/4817 4820/4820/4820 4807/4807/4807
f 4817/4817/4817 4819/4819/4819 4820/4820/4820
f 4819/4819/4819 4818/4818/4818 4821/4821/4821
f 4818/4818/4818 4822/4822/4822 4821/4821/4821
f 4821/4821/4821 4822/4822/4822 4823/4823/4823
f 4821/4821/4821 4823/4823/4823 4824/4824/4824
f 4822/4822/4822 4825/4825/4825 4823/4823/4823
f 4825/4825/4825 4826/4826/4826 4823/4823/4823
f 4826/4826/4826 4827/4827/4827 4823/4823/4823
f 4823/4823/4823 4827/4827/4827 4824/4824/4824
f 4826/4826/4826 4828/4828/4828 4827/4827/4827
f 4819/4819/4819 4821/4821/4821 4829/4829/4829
f 4829/4829/4829 4821/4821/4821 4824/4824/4824
f 4819/4819/4819 4830/4830/4830 4820/4820/4820
f 4830/4830/4830 4819/4819/4819 4829/4829/4829
f 4830/4830/4830 4831/4831/4831 4820/4820/4820
f 4831/4831/4831 4830/4830/4830 4829/4829/4829
f 4820/4820/4820 4832/4832/4832 4807/4807/4807
f 4831/4831/4831 4832/4832/4832 4820/4820/4820
f 4831/4831/4831 4833/4833/4833 4832/4832/4832
f 4834/4834/4834 4831/4831/4831 4829/4829/4829
f 4834/4834/4834 4829/4829/4829 4824/4824/4824
f 4833/4833/4833 4831/4831/4831 4834/4834/4834
f 4832/4832/4832 4835/4835/4835 4807/4807/4807
f 4835/4835/4835 4836/4836/4836 4807/4807/4807
f 4832/4832/4832 4837/4837/4837 4835/4835/4835
f 4833/4833/4833 4837/4837/4837 4832/4832/4832
f 4837/4837/4837 4838/4838/4838 4835/4835/4835
f 4838/4838/4838 4839/4839/4839 4835/4835/4835
f 4839/4839/4839 4838/4838/4838 4840/4840/4840
f 4838/4838/4838 4837/4837/4837 4840/4840/4840
f 4841/4841/4841 4839/4839/4839 4840/4840/4840
f 4841/4841/4841 4840/4840/4840 4842/4842/4842
f 4843/4843/4843 4841/4841/4841 4842/4842/4842
f 4837/4837/4837 4844/4844/4844 4840/4840/4840
f 4837/4837/4837 4833/4833/4833 4844/4844/4844
f 4840/4840/4840 4844/4844/4844 4842/4842/4842
f 4845/4845/4845 4843/4843/4843 4842/4842/4842
f 4845/4845/4845 4846/4846/4846 4843/4843/4843
f 4847/4847/4847 4845/4845/4845 4842/4842/4842
f 4848/4848/4848 4847/4847/4847 4842/4842/4842
f 4848/4848/4848 4849/4849/4849 4847/4847/4847
f 4850/4850/4850 4849/4849/4849 4848/4848/4848
f 4844/4844/4844 4851/4851/4851 4842/4842/4842
f 4851/4851/4851 4848/4848/4848 4842/4842/4842
f 4852/4852/4852 4850/4850/4850 4848/4848/4848
f 4852/4852/4852 4848/4848/4848 4851/4851/4851
f 4844/4844/4844 4853/4853/4853 4851/4851/4851
f 4833/4833/4833 4853/4853/4853 4844/4844/4844
f 4850/4850/4850 4852/4852/4852 4854/4854/4854
f 4855/4855/4855 4850/4850/4850 4854/4854/4854
f 4856/4856/4856 4852/4852/4852 4851/4851/4851
f 4853/4853/4853 4856/4856/4856 4851/4851/4851
f 4852/4852/4852 4856/4856/4856 4857/4857/4857
f 4854/4854/4854 4852/4852/4852 4857/4857/4857
f 4856/4856/4856 4853/4853/4853 4857/4857/4857
f 4854/4854/4854 4857/4857/4857 4858/4858/4858
f 4859/4859/4859 4854/4854/4854 4858/4858/4858
f 4853/4853/4853 4860/4860/4860 4857/4857/4857
f 4853/4853/4853 4833/4833/4833 4860/4860/4860
f 4857/4857/4857 4860/4860/4860 4858/4858/4858
f 4833/4833/4833 4861/4861/4861 4860/4860/4860
f 4861/4861/4861 4833/4833/4833 4834/4834/4834
f 4860/4860/4860 4862/4862/4862 4858/4858/4858
f 4860/4860/4860 4861/4861/4861 4862/4862/4862
f 4861/4861/4861 4834/4834/4834 4863/4863/4863
f 4863/4863/4863 4834/4834/4834 4824/4824/4824
f 4861/4861/4861 4864/4864/4864 4862/4862/4862
f 4864/4864/4864 4861/4861/4861 4863/4863/4863
f 4864/4864/4864 4865/4865/4865 4862/4862/4862
f 4865/4865/4865 4864/4864/4864 4863/4863/4863
f 4866/4866/4866 4863/4863/4863 4824/4824/4824
f 4866/4866/4866 4865/4865/4865 4863/4863/4863
f 4867/4867/4867 4865/4865/4865 4866/4866/4866
f 4865/4865/4865 4868/4868/4868 4862/4862/4862
f 4862/4862/4862 4868/4868/4868 4858/4858/4858
f 4865/4865/4865 4867/4867/4867 4868/4868/4868
f 4869/4869/4869 4866/4866/4866 4824/4824/4824
f 4827/4827/4827 4869/4869/4869 4824/4824/4824
f 4870/4870/4870 4867/4867/4867 4866/4866/4866
f 4870/4870/4870 4866/4866/4866 4869/4869/4869
f 4827/4827/4827 4871/4871/4871 4869/4869/4869
f 4828/4828/4828 4871/4871/4871 4827/4827/4827
f 4872/4872/4872 4870/4870/4870 4869/4869/4869
f 4871/4871/4871 4872/4872/4872 4869/4869/4869
f 4871/4871/4871 4828/4828/4828 4873/4873/4873
f 4828/4828/4828 4874/4874/4874 4873/4873/4873
f 4872/4872/4872 4871/4871/4871 4875/4875/4875
f 4870/4870/4870 4872/4872/4872 4875/4875/4875
f 4871/4871/4871 4873/4873/4873 4875/4875/4875
f 4873/4873/4873 4874/4874/4874 4876/4876/4876
f 4874/4874/4874 4877/4877/4877 4876/4876/4876
f 4873/4873/4873 4876/4876/4876 4878/4878/4878
f 4875/4875/4875 4873/4873/4873 4878/4878/4878
f 4879/4879/4879 4870/4870/4870 4875/4875/4875
f 4879/4879/4879 4875/4875/4875 4878/4878/4878
f 4867/4867/4867 4870/4870/4870 4879/4879/4879
f 4880/4880/4880 4879/4879/4879 4878/4878/4878
f 4881/4881/4881 4879/4879/4879 4880/4880/4880
f 4881/4881/4881 4867/4867/4867 4879/4879/4879
f 4882/4882/4882 4881/4881/4881 4880/4880/4880
f 4881/4881/4881 4882/4882/4882 4883/4883/4883
f 4884/4884/4884 4881/4881/4881 4883/4883/4883
f 4867/4867/4867 4881/4881/4881 4884/4884/4884
f 4884/4884/4884 4883/4883/4883 4885/4885/4885
f 4886/4886/4886 4884/4884/4884 4885/4885/4885
f 4887/4887/4887 4867/4867/4867 4884/4884/4884
f 4887/4887/4887 4884/4884/4884 4886/4886/4886
f 4867/4867/4867 4887/4887/4887 4868/4868/4868
f 4868/4868/4868 4887/4887/4887 4888/4888/4888
f 4868/4868/4868 4888/4888/4888 4858/4858/4858
f 4889/4889/4889 4887/4887/4887 4886/4886/4886
f 4887/4887/4887 4889/4889/4889 4888/4888/4888
f 4890/4890/4890 4889/4889/4889 4886/4886/4886
f 4889/4889/4889 4890/4890/4890 4888/4888/4888
f 4891/4891/4891 4890/4890/4890 4886/4886/4886
f 4888/4888/4888 4892/4892/4892 4858/4858/4858
f 4890/4890/4890 4892/4892/4892 4888/4888/4888
f 4890/4890/4890 4893/4893/4893 4892/4892/4892
f 4892/4892/4892 4859/4859/4859 4858/4858/4858
f 4893/4893/4893 4894/4894/4894 4892/4892/4892
f 4892/4892/4892 4894/4894/4894 4859/4859/4859
f 4894/4894/4894 4895/4895/4895 4859/4859/4859
f 4898/4898/4898 4897/4897/4897 4896/4896/4896
f 4899/4899/4899 4898/4898/4898 4896/4896/4896
f 4898/4898/4898 4899/4899/4899 4900/4900/4900
f 4901/4901/4901 4898/4898/4898 4900/4900/4900
f 4901/4901/4901 4900/4900/4900 4902/4902/4902
f 4903/4903/4903 4899/4899/4899 4896/4896/4896
f 4899/4899/4899 4903/4903/4903 4900/4900/4900
f 4900/4900/4900 4904/4904/4904 4902/4902/4902
f 4903/4903/4903 4904/4904/4904 4900/4900/4900
f 4903/4903/4903 4905/4905/4905 4904/4904/4904
f 4906/4906/4906 4903/4903/4903 4896/4896/4896
f 4905/4905/4905 4903/4903/4903 4906/4906/4906
f 4906/4906/4906 4896/4896/4896 4907/4907/4907
f 4908/4908/4908 4905/4905/4905 4906/4906/4906
f 4908/4908/4908 4906/4906/4906 4909/4909/4909
f 4905/4905/4905 4908/4908/4908 4910/4910/4910
f 4911/4911/4911 4905/4905/4905 4910/4910/4910
f 4911/4911/4911 4910/4910/4910 4912/4912/4912
f 4913/4913/4913 4911/4911/4911 4912/4912/4912
f 4914/4914/4914 4913/4913/4913 4912/4912/4912
f 4913/4913/4913 4914/4914/4914 4915/4915/4915
f 4911/4911/4911 4913/4913/4913 4915/4915/4915
f 4914/4914/4914 4916/4916/4916 4915/4915/4915
f 4915/4915/4915 4916/4916/4916 4917/4917/4917
f 4916/4916/4916 4918/4918/4918 4917/4917/4917
f 4918/4918/4918 4919/4919/4919 4917/4917/4917
f 4920/4920/4920 4911/4911/4911 4915/4915/4915
f 4905/4905/4905 4911/4911/4911 4920/4920/4920
f 4920/4920/4920 4915/4915/4915 4917/4917/4917
f 4921/4921/4921 4905/4905/4905 4920/4920/4920
f 4905/4905/4905 4921/4921/4921 4904/4904/4904
f 4919/4919/4919 4922/4922/4922 4917/4917/4917
f 4919/4919/4919 4923/4923/4923 4922/4922/4922
f 4924/4924/4924 4920/4920/4920 4917/4917/4917
f 4921/4921/4921 4920/4920/4920 4924/4924/4924
f 4904/4904/4904 4921/4921/4921 4925/4925/4925
f 4904/4904/4904 4925/4925/4925 4902/4902/4902
f 4922/4922/4922 4926/4926/4926 4917/4917/4917
f 4926/4926/4926 4924/4924/4924 4917/4917/4917
f 4927/4927/4927 4921/4921/4921 4924/4924/4924
f 4921/4921/4921 4927/4927/4927 4925/4925/4925
f 4928/4928/4928 4927/4927/4927 4924/4924/4924
f 4927/4927/4927 4928/4928/4928 4925/4925/4925
f 4926/4926/4926 4928/4928/4928 4924/4924/4924
f 4929/4929/4929 4928/4928/4928 4926/4926/4926
f 4928/4928/4928 4930/4930/4930 4925/4925/4925
f 4925/4925/4925 4930/4930/4930 4902/4902/4902
f 4928/4928/4928 4929/4929/4929 4930/4930/4930
f 4931/4931/4931 4926/4926/4926 4922/4922/4922
f 4931/4931/4931 4929/4929/4929 4926/4926/4926
f 4923/4923/4923 4932/4932/4932 4922/4922/4922
f 4932/4932/4932 4931/4931/4931 4922/4922/4922
f 4932/4932/4932 4923/4923/4923 4933/4933/4933
f 4931/4931/4931 4932/4932/4932 4933/4933/4933
f 4923/4923/4923 4934/4934/4934 4933/4933/4933
f 4935/4935/4935 4931/4931/4931 4933/4933/4933
f 4929/4929/4929 4931/4931/4931 4935/4935/4935
f 4933/4933/4933 4934/4934/4934 4936/4936/4936
f 4935/4935/4935 4933/4933/4933 4936/4936/4936
f 4934/4934/4934 4937/4937/4937 4936/4936/4936
f 4938/4938/4938 4935/4935/4935 4936/4936/4936
f 4939/4939/4939 4935/4935/4935 4938/4938/4938
f 4939/4939/4939 4929/4929/4929 4935/4935/4935
f 4940/4940/4940 4939/4939/4939 4938/4938/4938
f 4939/4939/4939 4940/4940/4940 4941/4941/4941
f 4942/4942/4942 4939/4939/4939 4941/4941/4941
f 4929/4929/4929 4939/4939/4939 4942/4942/4942
f 4942/4942/4942 4941/4941/4941 4943/4943/4943
f 4944/4944/4944 4929/4929/4929 4942/4942/4942
f 4929/4929/4929 4944/4944/4944 4930/4930/4930
f 4945/4945/4945 4942/4942/4942 4943/4943/4943
f 4944/4944/4944 4942/4942/4942 4945/4945/4945
f 4930/4930/4930 4944/4944/4944 4946/4946/4946
f 4930/4930/4930 4946/4946/4946 4902/4902/4902
f 4947/4947/4947 4945/4945/4945 4943/4943/4943
f 4948/4948/4948 4947/4947/4947 4943/4943/4943
f 4949/4949/4949 4944/4944/4944 4945/4945/4945
f 4944/4944/4944 4949/4949/4949 4946/4946/4946
f 4950/4950/4950 4949/4949/4949 4945/4945/4945
f 4949/4949/4949 4950/4950/4950 4946/4946/4946
f 4947/4947/4947 4950/4950/4950 4945/4945/4945
f 4951/4951/4951 4947/4947/4947 4948/4948/4948
f 4952/4952/4952 4951/4951/4951 4948/4948/4948
f 4951/4951/4951 4953/4953/4953 4947/4947/4947
f 4953/4953/4953 4950/4950/4950 4947/4947/4947
f 4950/4950/4950 4954/4954/4954 4946/4946/4946
f 4950/4950/4950 4953/4953/4953 4954/4954/4954
f 4946/4946/4946 4954/4954/4954 4902/4902/4902
f 4953/4953/4953 4955/4955/4955 4954/4954/4954
f 4954/4954/4954 4956/4956/4956 4902/4902/4902
f 4954/4954/4954 4955/4955/4955 4956/4956/4956
f 4955/4955/4955 4957/4957/4957 4956/4956/4956
f 4956/4956/4956 4901/4901/4901 4902/4902/4902
f 4957/4957/4957 4958/4958/4958 4956/4956/4956
f 4958/4958/4958 4901/4901/4901 4956/4956/4956
f 4958/4958/4958 4959/4959/4959 4901/4901/4901
f 4962/4962/4962 4961/4961/4961 4960/4960/4960
f 4963/4963/4963 4962/4962/4962 4960/4960/4960
f 4963/4963/4963 4960/4960/4960 4964/4964/4964
f 4965/4965/4965 4962/4962/4962 4963/4963/4963
f 4966/4966/4966 4963/4963/4963 4964/4964/4964
f 4967/4967/4967 4965/4965/4965 4963/4963/4963
f 4967/4967/4967 4963/4963/4963 4966/4966/4966
f 4968/4968/4968 4966/4966/4966 4964/4964/4964
f 4969/4969/4969 4968/4968/4968 4964/4964/4964
f 4965/4965/4965 4967/4967/4967 4970/4970/4970
f 4971/4971/4971 4965/4965/4965 4970/4970/4970
f 4972/4972/4972 4968/4968/4968 4969/4969/4969
f 4972/4972/4972 4973/4973/4973 4968/4968/4968
f 4974/4974/4974 4972/4972/4972 4969/4969/4969
f 4972/4972/4972 4974/4974/4974 4975/4975/4975
f 4976/4976/4976 4972/4972/4972 4975/4975/4975
f 4973/4973/4973 4972/4972/4972 4976/4976/4976
f 4976/4976/4976 4975/4975/4975 4977/4977/4977
f 4968/4968/4968 4978/4978/4978 4966/4966/4966
f 4973/4973/4973 4978/4978/4978 4968/4968/4968
f 4979/4979/4979 4967/4967/4967 4966/4966/4966
f 4978/4978/4978 4979/4979/4979 4966/4966/4966
f 4967/4967/4967 4979/4979/4979 4980/4980/4980
f 4979/4979/4979 4978/4978/4978 4980/4980/4980
f 4970/4970/4970 4967/4967/4967 4980/4980/4980
f 4970/4970/4970 4980/4980/4980 4981/4981/4981
f 4971/4971/4971 4970/4970/4970 4982/4982/4982
f 4982/4982/4982 4970/4970/4970 4981/4981/4981
f 4983/4983/4983 4971/4971/4971 4982/4982/4982
f 4984/4984/4984 4983/4983/4983 4982/4982/4982
f 4978/4978/4978 4985/4985/4985 4980/4980/4980
f 4978/4978/4978 4973/4973/4973 4985/4985/4985
f 4980/4980/4980 4985/4985/4985 4981/4981/4981
f 4986/4986/4986 4984/4984/4984 4982/4982/4982
f 4986/4986/4986 4982/4982/4982 4981/4981/4981
f 4987/4987/4987 4984/4984/4984 4986/4986/4986
f 4988/4988/4988 4987/4987/4987 4986/4986/4986
f 4989/4989/4989 4986/4986/4986 4981/4981/4981
f 4988/4988/4988 4986/4986/4986 4989/4989/4989
f 4987/4987/4987 4988/4988/4988 4990/4990/4990
f 4991/4991/4991 4987/4987/4987 4990/4990/4990
f 4991/4991/4991 4990/4990/4990 4992/4992/4992
f 4993/4993/4993 4991/4991/4991 4992/4992/4992
f 4992/4992/4992 4990/4990/4990 4994/4994/4994
f 4990/4990/4990 4988/4988/4988 4995/4995/4995
f 4990/4990/4990 4995/4995/4995 4994/4994/4994
f 4996/4996/4996 4988/4988/4988 4989/4989/4989
f 4988/4988/4988 4996/4996/4996 4995/4995/4995
f 4997/4997/4997 4996/4996/4996 4989/4989/4989
f 4996/4996/4996 4997/4997/4997 4995/4995/4995
f 4998/4998/4998 4989/4989/4989 4981/4981/4981
f 4998/4998/4998 4997/4997/4997 4989/4989/4989
f 4997/4997/4997 4999/4999/4999 4995/4995/4995
f 4995/4995/4995 4999/4999/4999 4994/4994/4994
f 5000/5000/5000 4997/4997/4997 4998/4998/4998
f 4997/4997/4997 5000/5000/5000 4999/4999/4999
f 5001/5001/5001 5000/5000/5000 4998/4998/4998
f 5002/5002/5002 4998/4998/4998 4981/4981/4981
f 5001/5001/5001 4998/4998/4998 5002/5002/5002
f 4985/4985/4985 5002/5002/5002 4981/4981/4981
f 4985/4985/4985 5003/5003/5003 5002/5002/5002
f 4973/4973/4973 5003/5003/5003 4985/4985/4985
f 5004/5004/5004 5001/5001/5001 5002/5002/5002
f 5003/5003/5003 5004/5004/5004 5002/5002/5002
f 5001/5001/5001 5004/5004/5004 5005/5005/5005
f 5004/5004/5004 5003/5003/5003 5005/5005/5005
f 5003/5003/5003 4973/4973/4973 5006/5006/5006
f 5003/5003/5003 5006/5006/5006 5005/5005/5005
f 5005/5005/5005 5006/5006/5006 5007/5007/5007
f 5008/5008/5008 5001/5001/5001 5005/5005/5005
f 5000/5000/5000 5001/5001/5001 5008/5008/5008
f 5008/5008/5008 5005/5005/5005 5007/5007/5007
f 4973/4973/4973 5009/5009/5009 5006/5006/5006
f 5009/5009/5009 4973/4973/4973 4976/4976/4976
f 5006/5006/5006 5010/5010/5010 5007/5007/5007
f 5006/5006/5006 5009/5009/5009 5010/5010/5010
f 5009/5009/5009 4976/4976/4976 5011/5011/5011
f 5011/5011/5011 4976/4976/4976 4977/4977/4977
f 5012/5012/5012 5011/5011/5011 4977/4977/4977
f 5013/5013/5013 5012/5012/5012 4977/4977/4977
f 5012/5012/5012 5014/5014/5014 5011/5011/5011
f 5015/5015/5015 5009/5009/5009 5011/5011/5011
f 5009/5009/5009 5015/5015/5015 5010/5010/5010
f 5014/5014/5014 5015/5015/5015 5011/5011/5011
f 5015/5015/5015 5014/5014/5014 5010/5010/5010
f 5014/5014/5014 5016/5016/5016 5010/5010/5010
f 5010/5010/5010 5016/5016/5016 5007/5007/5007
f 5014/5014/5014 5017/5017/5017 5016/5016/5016
f 5017/5017/5017 5018/5018/5018 5016/5016/5016
f 5016/5016/5016 5018/5018/5018 5019/5019/5019
f 5016/5016/5016 5019/5019/5019 5007/5007/5007
f 5018/5018/5018 5020/5020/5020 5019/5019/5019
f 5020/5020/5020 5021/5021/5021 5019/5019/5019
f 5021/5021/5021 5022/5022/5022 5019/5019/5019
f 5019/5019/5019 5022/5022/5022 5007/5007/5007
f 5021/5021/5021 5023/5023/5023 5022/5022/5022
f 5022/5022/5022 5024/5024/5024 5007/5007/5007
f 5024/5024/5024 5008/5008/5008 5007/5007/5007
f 5023/5023/5023 5025/5025/5025 5022/5022/5022
f 5022/5022/5022 5025/5025/5025 5024/5024/5024
f 5026/5026/5026 5008/5008/5008 5024/5024/5024
f 5026/5026/5026 5000/5000/5000 5008/5008/5008
f 5025/5025/5025 5023/5023/5023 5027/5027/5027
f 5023/5023/5023 5028/5028/5028 5027/5027/5027
f 5025/5025/5025 5029/5029/5029 5024/5024/5024
f 5029/5029/5029 5026/5026/5026 5024/5024/5024
f 5029/5029/5029 5025/5025/5025 5030/5030/5030
f 5026/5026/5026 5029/5029/5029 5030/5030/5030
f 5025/5025/5025 5027/5027/5027 5030/5030/5030
f 5030/5030/5030 5027/5027/5027 5031/5031/5031
f 5032/5032/5032 5026/5026/5026 5030/5030/5030
f 5000/5000/5000 5026/5026/5026 5032/5032/5032
f 5032/5032/5032 5030/5030/5030 5031/5031/5031
f 5027/5027/5027 5028/5028/5028 5033/5033/5033
f 5027/5027/5027 5033/5033/5033 5031/5031/5031
f 5034/5034/5034 5000/5000/5000 5032/5032/5032
f 5035/5035/5035 5032/5032/5032 5031/5031/5031
f 5034/5034/5034 5032/5032/5032 5035/5035/5035
f 5028/5028/5028 5036/5036/5036 5033/5033/5033
f 5036/5036/5036 5028/5028/5028 5037/5037/5037
f 5028/5028/5028 5038/5038/5038 5037/5037/5037
f 5039/5039/5039 5036/5036/5036 5037/5037/5037
f 5036/5036/5036 5039/5039/5039 5033/5033/5033
f 5040/5040/5040 5039/5039/5039 5037/5037/5037
f 5041/5041/5041 5039/5039/5039 5040/5040/5040
f 5042/5042/5042 5041/5041/5041 5040/5040/5040
f 5041/5041/5041 5042/5042/5042 5043/5043/5043
f 5044/5044/5044 5041/5041/5041 5043/5043/5043
f 5039/5039/5039 5045/5045/5045 5033/5033/5033
f 5033/5033/5033 5045/5045/5045 5031/5031/5031
f 5039/5039/5039 5041/5041/5041 5045/5045/5045
f 5041/5041/5041 5044/5044/5044 5046/5046/5046
f 5041/5041/5041 5047/5047/5047 5045/5045/5045
f 5047/5047/5047 5041/5041/5041 5046/5046/5046
f 5045/5045/5045 5048/5048/5048 5031/5031/5031
f 5045/5045/5045 5047/5047/5047 5048/5048/5048
f 5046/5046/5046 5044/5044/5044 5049/5049/5049
f 5046/5046/5046 5049/5049/5049 5050/5050/5050
f 5044/5044/5044 5051/5051/5051 5049/5049/5049
f 5051/5051/5051 5052/5052/5052 5049/5049/5049
f 5052/5052/5052 5053/5053/5053 5049/5049/5049
f 5049/5049/5049 5053/5053/5053 5050/5050/5050
f 5047/5047/5047 5046/5046/5046 5054/5054/5054
f 5054/5054/5054 5046/5046/5046 5050/5050/5050
f 5048/5048/5048 5055/5055/5055 5031/5031/5031
f 5055/5055/5055 5035/5035/5035 5031/5031/5031
f 5047/5047/5047 5056/5056/5056 5048/5048/5048
f 5056/5056/5056 5047/5047/5047 5054/5054/5054
f 5056/5056/5056 5057/5057/5057 5048/5048/5048
f 5057/5057/5057 5056/5056/5056 5054/5054/5054
f 5057/5057/5057 5055/5055/5055 5048/5048/5048
f 5057/5057/5057 5058/5058/5058 5055/5055/5055
f 5059/5059/5059 5057/5057/5057 5054/5054/5054
f 5059/5059/5059 5054/5054/5054 5050/5050/5050
f 5058/5058/5058 5057/5057/5057 5059/5059/5059
f 5055/5055/5055 5060/5060/5060 5035/5035/5035
f 5058/5058/5058 5060/5060/5060 5055/5055/5055
f 5053/5053/5053 5061/5061/5061 5050/5050/5050
f 5053/5053/5053 5062/5062/5062 5061/5061/5061
f 5060/5060/5060 5063/5063/5063 5035/5035/5035
f 5063/5063/5063 5034/5034/5034 5035/5035/5035
f 5063/5063/5063 5060/5060/5060 5064/5064/5064
f 5034/5034/5034 5063/5063/5063 5064/5064/5064
f 5060/5060/5060 5058/5058/5058 5065/5065/5065
f 5060/5060/5060 5065/5065/5065 5064/5064/5064
f 5066/5066/5066 5034/5034/5034 5064/5064/5064
f 5000/5000/5000 5034/5034/5034 5066/5066/5066
f 5058/5058/5058 5067/5067/5067 5065/5065/5065
f 5067/5067/5067 5058/5058/5058 5068/5068/5068
f 5058/5058/5058 5069/5069/5069 5068/5068/5068
f 5069/5069/5069 5058/5058/5058 5059/5059/5059
f 5064/5064/5064 5065/5065/5065 5070/5070/5070
f 5066/5066/5066 5064/5064/5064 5070/5070/5070
f 5065/5065/5065 5071/5071/5071 5070/5070/5070
f 5072/5072/5072 5066/5066/5066 5070/5070/5070
f 5073/5073/5073 5000/5000/5000 5066/5066/5066
f 5000/5000/5000 5073/5073/5073 4999/4999/4999
f 5069/5069/5069 5059/5059/5059 5074/5074/5074
f 5075/5075/5075 5069/5069/5069 5074/5074/5074
f 5076/5076/5076 5075/5075/5075 5074/5074/5074
f 5074/5074/5074 5059/5059/5059 5050/5050/5050
f 5077/5077/5077 5074/5074/5074 5050/5050/5050
f 5061/5061/5061 5077/5077/5077 5050/5050/5050
f 5078/5078/5078 5077/5077/5077 5061/5061/5061
f 4999/4999/4999 5073/5073/5073 5079/5079/5079
f 5073/5073/5073 5080/5080/5080 5079/5079/5079
f 5080/5080/5080 5081/5081/5081 5079/5079/5079
f 4999/4999/4999 5079/5079/5079 4994/4994/4994
f 5081/5081/5081 5082/5082/5082 5079/5079/5079
f 5079/5079/5079 5082/5082/5082 4994/4994/4994
f 5082/5082/5082 5083/5083/5083 4994/4994/4994
f 5084/5084/5084 5078/5078/5078 5061/5061/5061
f 5062/5062/5062 5084/5084/5084 5061/5061/5061
f 5078/5078/5078 5084/5084/5084 5085/5085/5085
f 5084/5084/5084 5062/5062/5062 5085/5085/5085
f 5086/5086/5086 5078/5078/5078 5085/5085/5085
f 5062/5062/5062 5087/5087/5087 5085/5085/5085
f 5090/5090/5090 5089/5089/5089 5088/5088/5088
f 5091/5091/5091 5090/5090/5090 5088/5088/5088
f 5091/5091/5091 5088/5088/5088 5092/5092/5092
f 5093/5093/5093 5090/5090/5090 5091/5091/5091
f 5094/5094/5094 5091/5091/5091 5092/5092/5092
f 5095/5095/5095 5093/5093/5093 5091/5091/5091
f 5095/5095/5095 5091/5091/5091 5094/5094/5094
f 5093/5093/5093 5095/5095/5095 5096/5096/5096
f 5097/5097/5097 5093/5093/5093 5096/5096/5096
f 5097/5097/5097 5096/5096/5096 5098/5098/5098
f 5099/5099/5099 5097/5097/5097 5098/5098/5098
f 5096/5096/5096 5095/5095/5095 5100/5100/5100
f 5095/5095/5095 5101/5101/5101 5100/5100/5100
f 5101/5101/5101 5095/5095/5095 5094/5094/5094
f 5102/5102/5102 5101/5101/5101 5094/5094/5094
f 5103/5103/5103 5102/5102/5102 5094/5094/5094
f 5106/5106/5106 5105/5105/5105 5104/5104/5104
f 5107/5107/5107 5106/5106/5106 5104/5104/5104
f 5107/5107/5107 5104/5104/5104 5108/5108/5108
f 5104/5104/5104 5109/5109/5109 5108/5108/5108
f 5110/5110/5110 5106/5106/5106 5107/5107/5107
f 5109/5109/5109 5111/5111/5111 5108/5108/5108
f 5112/5112/5112 5110/5110/5110 5107/5107/5107
f 5113/5113/5113 5107/5107/5107 5108/5108/5108
f 5112/5112/5112 5107/5107/5107 5113/5113/5113
f 5110/5110/5110 5112/5112/5112 5114/5114/5114
f 5115/5115/5115 5110/5110/5110 5114/5114/5114
f 5115/5115/5115 5114/5114/5114 5116/5116/5116
f 5116/5116/5116 5114/5114/5114 5117/5117/5117
f 5118/5118/5118 5115/5115/5115 5116/5116/5116
f 5119/5119/5119 5116/5116/5116 5117/5117/5117
f 5114/5114/5114 5112/5112/5112 5120/5120/5120
f 5114/5114/5114 5120/5120/5120 5117/5117/5117
f 5121/5121/5121 5119/5119/5119 5117/5117/5117
f 5122/5122/5122 5119/5119/5119 5121/5121/5121
f 5123/5123/5123 5121/5121/5121 5117/5117/5117
f 5124/5124/5124 5123/5123/5123 5117/5117/5117
f 5125/5125/5125 5124/5124/5124 5117/5117/5117
f 5120/5120/5120 5125/5125/5125 5117/5117/5117
f 5126/5126/5126 5125/5125/5125 5120/5120/5120
f 5112/5112/5112 5127/5127/5127 5120/5120/5120
f 5127/5127/5127 5126/5126/5126 5120/5120/5120
f 5127/5127/5127 5112/5112/5112 5113/5113/5113
f 5126/5126/5126 5127/5127/5127 5113/5113/5113
f 5128/5128/5128 5126/5126/5126 5113/5113/5113
f 5128/5128/5128 5113/5113/5113 5108/5108/5108
f 5129/5129/5129 5128/5128/5128 5108/5108/5108
f 5130/5130/5130 5129/5129/5129 5108/5108/5108
f 5111/5111/5111 5130/5130/5130 5108/5108/5108
f 5131/5131/5131 5130/5130/5130 5111/5111/5111
f 5132/5132/5132 5131/5131/5131 5111/5111/5111
f 5135/5135/5135 5134/5134/5134 5133/5133/5133
f 5136/5136/5136 5135/5135/5135 5133/5133/5133
f 5137/5137/5137 5135/5135/5135 5136/5136/5136
f 5138/5138/5138 5137/5137/5137 5136/5136/5136
f 5137/5137/5137 5138/5138/5138 5139/5139/5139
f 5140/5140/5140 5137/5137/5137 5139/5139/5139
f 5140/5140/5140 5139/5139/5139 5141/5141/5141
f 5141/5141/5141 5139/5139/5139 5142/5142/5142
f 5143/5143/5143 5140/5140/5140 5141/5141/5141
f 5144/5144/5144 5143/5143/5143 5141/5141/5141
f 5145/5145/5145 5144/5144/5144 5141/5141/5141
f 5145/5145/5145 5141/5141/5141 5142/5142/5142
f 5146/5146/5146 5144/5144/5144 5145/5145/5145
f 5139/5139/5139 5138/5138/5138 5147/5147/5147
f 5139/5139/5139 5147/5147/5147 5142/5142/5142
f 5138/5138/5138 5148/5148/5148 5147/5147/5147
f 5148/5148/5148 5138/5138/5138 5149/5149/5149
f 5150/5150/5150 5148/5148/5148 5149/5149/5149
f 5148/5148/5148 5150/5150/5150 5147/5147/5147
f 5151/5151/5151 5150/5150/5150 5149/5149/5149
f 5150/5150/5150 5152/5152/5152 5147/5147/5147
f 5147/5147/5147 5152/5152/5152 5142/5142/5142
f 5152/5152/5152 5153/5153/5153 5142/5142/5142
f 5153/5153/5153 5154/5154/5154 5142/5142/5142
f 5154/5154/5154 5155/5155/5155 5142/5142/5142
f 5155/5155/5155 5145/5145/5145 5142/5142/5142
f 5154/5154/5154 5156/5156/5156 5155/5155/5155
f 5157/5157/5157 5146/5146/5146 5145/5145/5145
f 5157/5157/5157 5145/5145/5145 5155/5155/5155
f 5156/5156/5156 5158/5158/5158 5155/5155/5155
f 5158/5158/5158 5157/5157/5157 5155/5155/5155
f 5158/5158/5158 5156/5156/5156 5159/5159/5159
f 5157/5157/5157 5158/5158/5158 5159/5159/5159
f 5156/5156/5156 5160/5160/5160 5159/5159/5159
f 5146/5146/5146 5157/5157/5157 5161/5161/5161
f 5161/5161/5161 5157/5157/5157 5159/5159/5159
f 5162/5162/5162 5146/5146/5146 5161/5161/5161
f 5159/5159/5159 5160/5160/5160 5163/5163/5163
f 5161/5161/5161 5159/5159/5159 5163/5163/5163
f 5160/5160/5160 5164/5164/5164 5163/5163/5163
f 5165/5165/5165 5161/5161/5161 5163/5163/5163
f 5162/5162/5162 5161/5161/5161 5165/5165/5165
f 5166/5166/5166 5162/5162/5162 5165/5165/5165
f 5169/5169/5169 5168/5168/5168 5167/5167/5167
f 5170/5170/5170 5169/5169/5169 5167/5167/5167
f 5171/5171/5171 5169/5169/5169 5170/5170/5170
f 5172/5172/5172 5171/5171/5171 5170/5170/5170
f 5171/5171/5171 5172/5172/5172 5173/5173/5173
f 5174/5174/5174 5171/5171/5171 5173/5173/5173
f 5174/5174/5174 5173/5173/5173 5175/5175/5175
f 5176/5176/5176 5174/5174/5174 5175/5175/5175
f 5177/5177/5177 5176/5176/5176 5175/5175/5175
f 5178/5178/5178 5177/5177/5177 5175/5175/5175
f 5179/5179/5179 5177/5177/5177 5178/5178/5178
f 5180/5180/5180 5179/5179/5179 5178/5178/5178
f 5179/5179/5179 5180/5180/5180 5181/5181/5181
f 5182/5182/5182 5179/5179/5179 5181/5181/5181
f 5179/5179/5179 5182/5182/5182 5183/5183/5183
f 5184/5184/5184 5179/5179/5179 5183/5183/5183
f 5187/5187/5187 5186/5186/5186 5185/5185/5185
f 5188/5188/5188 5187/5187/5187 5185/5185/5185
f 5188/5188/5188 5185/5185/5185 5189/5189/5189
f 5190/5190/5190 5187/5187/5187 5188/5188/5188
f 5191/5191/5191 5188/5188/5188 5189/5189/5189
f 5192/5192/5192 5190/5190/5190 5188/5188/5188
f 5192/5192/5192 5188/5188/5188 5191/5191/5191
f 5193/5193/5193 5191/5191/5191 5189/5189/5189
f 5194/5194/5194 5193/5193/5193 5189/5189/5189
f 5190/5190/5190 5192/5192/5192 5195/5195/5195
f 5196/5196/5196 5190/5190/5190 5195/5195/5195
f 5196/5196/5196 5195/5195/5195 5197/5197/5197
f 5197/5197/5197 5195/5195/5195 5198/5198/5198
f 5199/5199/5199 5196/5196/5196 5197/5197/5197
f 5200/5200/5200 5199/5199/5199 5197/5197/5197
f 5201/5201/5201 5200/5200/5200 5197/5197/5197
f 5201/5201/5201 5197/5197/5197 5198/5198/5198
f 5202/5202/5202 5200/5200/5200 5201/5201/5201
f 5195/5195/5195 5192/5192/5192 5203/5203/5203
f 5195/5195/5195 5203/5203/5203 5198/5198/5198
f 5204/5204/5204 5192/5192/5192 5191/5191/5191
f 5192/5192/5192 5204/5204/5204 5203/5203/5203
f 5205/5205/5205 5204/5204/5204 5191/5191/5191
f 5204/5204/5204 5205/5205/5205 5203/5203/5203
f 5193/5193/5193 5205/5205/5205 5191/5191/5191
f 5206/5206/5206 5205/5205/5205 5193/5193/5193
f 5207/5207/5207 5206/5206/5206 5193/5193/5193
f 5205/5205/5205 5206/5206/5206 5208/5208/5208
f 5205/5205/5205 5208/5208/5208 5203/5203/5203
f 5203/5203/5203 5208/5208/5208 5198/5198/5198
f 5207/5207/5207 5193/5193/5193 5194/5194/5194
f 5209/5209/5209 5202/5202/5202 5201/5201/5201
f 5210/5210/5210 5201/5201/5201 5198/5198/5198
f 5209/5209/5209 5201/5201/5201 5210/5210/5210
f 5202/5202/5202 5209/5209/5209 5211/5211/5211
f 5212/5212/5212 5202/5202/5202 5211/5211/5211
f 5212/5212/5212 5211/5211/5211 5213/5213/5213
f 5211/5211/5211 5209/5209/5209 5214/5214/5214
f 5211/5211/5211 5214/5214/5214 5215/5215/5215
f 5214/5214/5214 5216/5216/5216 5215/5215/5215
f 5209/5209/5209 5217/5217/5217 5214/5214/5214
f 5217/5217/5217 5209/5209/5209 5210/5210/5210
f 5217/5217/5217 5218/5218/5218 5214/5214/5214
f 5218/5218/5218 5216/5216/5216 5214/5214/5214
f 5218/5218/5218 5217/5217/5217 5210/5210/5210
f 5218/5218/5218 5219/5219/5219 5216/5216/5216
f 5219/5219/5219 5220/5220/5220 5216/5216/5216
f 5220/5220/5220 5219/5219/5219 5221/5221/5221
f 5222/5222/5222 5218/5218/5218 5210/5210/5210
f 5219/5219/5219 5218/5218/5218 5222/5222/5222
f 5222/5222/5222 5210/5210/5210 5198/5198/5198
f 5223/5223/5223 5222/5222/5222 5198/5198/5198
f 5208/5208/5208 5223/5223/5223 5198/5198/5198
f 5224/5224/5224 5219/5219/5219 5222/5222/5222
f 5224/5224/5224 5222/5222/5222 5223/5223/5223
f 5208/5208/5208 5225/5225/5225 5223/5223/5223
f 5206/5206/5206 5225/5225/5225 5208/5208/5208
f 5226/5226/5226 5224/5224/5224 5223/5223/5223
f 5225/5225/5225 5226/5226/5226 5223/5223/5223
f 5224/5224/5224 5226/5226/5226 5227/5227/5227
f 5226/5226/5226 5225/5225/5225 5227/5227/5227
f 5219/5219/5219 5224/5224/5224 5228/5228/5228
f 5228/5228/5228 5224/5224/5224 5227/5227/5227
f 5228/5228/5228 5227/5227/5227 5229/5229/5229
f 5225/5225/5225 5230/5230/5230 5227/5227/5227
f 5225/5225/5225 5206/5206/5206 5230/5230/5230
f 5227/5227/5227 5230/5230/5230 5229/5229/5229
f 5231/5231/5231 5219/5219/5219 5228/5228/5228
f 5219/5219/5219 5231/5231/5231 5221/5221/5221
f 5232/5232/5232 5228/5228/5228 5229/5229/5229
f 5231/5231/5231 5228/5228/5228 5232/5232/5232
f 5221/5221/5221 5231/5231/5231 5233/5233/5233
f 5221/5221/5221 5233/5233/5233 5234/5234/5234
f 5235/5235/5235 5231/5231/5231 5232/5232/5232
f 5231/5231/5231 5235/5235/5235 5233/5233/5233
f 5233/5233/5233 5236/5236/5236 5234/5234/5234
f 5236/5236/5236 5237/5237/5237 5234/5234/5234
f 5235/5235/5235 5238/5238/5238 5233/5233/5233
f 5238/5238/5238 5235/5235/5235 5232/5232/5232
f 5238/5238/5238 5236/5236/5236 5233/5233/5233
f 5239/5239/5239 5238/5238/5238 5232/5232/5232
f 5239/5239/5239 5232/5232/5232 5229/5229/5229
f 5238/5238/5238 5240/5240/5240 5236/5236/5236
f 5240/5240/5240 5238/5238/5238 5239/5239/5239
f 5236/5236/5236 5241/5241/5241 5237/5237/5237
f 5240/5240/5240 5241/5241/5241 5236/5236/5236
f 5241/5241/5241 5240/5240/5240 5242/5242/5242
f 5241/5241/5241 5243/5243/5243 5237/5237/5237
f 5243/5243/5243 5241/5241/5241 5244/5244/5244
f 5243/5243/5243 5245/5245/5245 5237/5237/5237
f 5245/5245/5245 5246/5246/5246 5237/5237/5237
f 5247/5247/5247 5240/5240/5240 5239/5239/5239
f 5240/5240/5240 5247/5247/5247 5248/5248/5248
f 5248/5248/5248 5247/5247/5247 5249/5249/5249
f 5247/5247/5247 5239/5239/5239 5250/5250/5250
f 5250/5250/5250 5239/5239/5239 5229/5229/5229
f 5247/5247/5247 5251/5251/5251 5249/5249/5249
f 5251/5251/5251 5247/5247/5247 5250/5250/5250
f 5251/5251/5251 5252/5252/5252 5249/5249/5249
f 5252/5252/5252 5251/5251/5251 5250/5250/5250
f 5253/5253/5253 5252/5252/5252 5250/5250/5250
f 5253/5253/5253 5250/5250/5250 5229/5229/5229
f 5254/5254/5254 5252/5252/5252 5253/5253/5253
f 5255/5255/5255 5253/5253/5253 5229/5229/5229
f 5230/5230/5230 5255/5255/5255 5229/5229/5229
f 5256/5256/5256 5254/5254/5254 5253/5253/5253
f 5256/5256/5256 5253/5253/5253 5255/5255/5255
f 5230/5230/5230 5257/5257/5257 5255/5255/5255
f 5206/5206/5206 5257/5257/5257 5230/5230/5230
f 5258/5258/5258 5256/5256/5256 5255/5255/5255
f 5257/5257/5257 5258/5258/5258 5255/5255/5255
f 5256/5256/5256 5258/5258/5258 5259/5259/5259
f 5258/5258/5258 5257/5257/5257 5259/5259/5259
f 5254/5254/5254 5256/5256/5256 5260/5260/5260
f 5260/5260/5260 5256/5256/5256 5259/5259/5259
f 5260/5260/5260 5259/5259/5259 5261/5261/5261
f 5257/5257/5257 5262/5262/5262 5259/5259/5259
f 5257/5257/5257 5206/5206/5206 5262/5262/5262
f 5259/5259/5259 5262/5262/5262 5261/5261/5261
f 5263/5263/5263 5254/5254/5254 5260/5260/5260
f 5254/5254/5254 5263/5263/5263 5264/5264/5264
f 5264/5264/5264 5263/5263/5263 5265/5265/5265
f 5263/5263/5263 5260/5260/5260 5266/5266/5266
f 5266/5266/5266 5260/5260/5260 5261/5261/5261
f 5263/5263/5263 5267/5267/5267 5265/5265/5265
f 5267/5267/5267 5263/5263/5263 5266/5266/5266
f 5267/5267/5267 5268/5268/5268 5265/5265/5265
f 5268/5268/5268 5267/5267/5267 5266/5266/5266
f 5268/5268/5268 5269/5269/5269 5265/5265/5265
f 5270/5270/5270 5268/5268/5268 5266/5266/5266
f 5270/5270/5270 5266/5266/5266 5261/5261/5261
f 5268/5268/5268 5271/5271/5271 5269/5269/5269
f 5271/5271/5271 5268/5268/5268 5270/5270/5270
f 5271/5271/5271 5272/5272/5272 5269/5269/5269
f 5272/5272/5272 5271/5271/5271 5273/5273/5273
f 5274/5274/5274 5271/5271/5271 5270/5270/5270
f 5275/5275/5275 5270/5270/5270 5261/5261/5261
f 5274/5274/5274 5270/5270/5270 5275/5275/5275
f 5271/5271/5271 5274/5274/5274 5276/5276/5276
f 5277/5277/5277 5271/5271/5271 5276/5276/5276
f 5277/5277/5277 5276/5276/5276 5278/5278/5278
f 5278/5278/5278 5276/5276/5276 5279/5279/5279
f 5280/5280/5280 5277/5277/5277 5278/5278/5278
f 5281/5281/5281 5280/5280/5280 5278/5278/5278
f 5282/5282/5282 5281/5281/5281 5278/5278/5278
f 5282/5282/5282 5278/5278/5278 5279/5279/5279
f 5276/5276/5276 5274/5274/5274 5283/5283/5283
f 5276/5276/5276 5283/5283/5283 5279/5279/5279
f 5284/5284/5284 5274/5274/5274 5275/5275/5275
f 5274/5274/5274 5284/5284/5284 5283/5283/5283
f 5285/5285/5285 5284/5284/5284 5275/5275/5275
f 5284/5284/5284 5285/5285/5285 5283/5283/5283
f 5286/5286/5286 5275/5275/5275 5261/5261/5261
f 5286/5286/5286 5285/5285/5285 5275/5275/5275
f 5287/5287/5287 5285/5285/5285 5286/5286/5286
f 5285/5285/5285 5288/5288/5288 5283/5283/5283
f 5283/5283/5283 5288/5288/5288 5279/5279/5279
f 5285/5285/5285 5287/5287/5287 5288/5288/5288
f 5289/5289/5289 5286/5286/5286 5261/5261/5261
f 5262/5262/5262 5289/5289/5289 5261/5261/5261
f 5290/5290/5290 5282/5282/5282 5279/5279/5279
f 5291/5291/5291 5282/5282/5282 5290/5290/5290
f 5292/5292/5292 5287/5287/5287 5286/5286/5286
f 5292/5292/5292 5286/5286/5286 5289/5289/5289
f 5262/5262/5262 5293/5293/5293 5289/5289/5289
f 5206/5206/5206 5293/5293/5293 5262/5262/5262
f 5294/5294/5294 5292/5292/5292 5289/5289/5289
f 5293/5293/5293 5294/5294/5294 5289/5289/5289
f 5293/5293/5293 5206/5206/5206 5295/5295/5295
f 5206/5206/5206 5207/5207/5207 5295/5295/5295
f 5294/5294/5294 5293/5293/5293 5296/5296/5296
f 5292/5292/5292 5294/5294/5294 5296/5296/5296
f 5293/5293/5293 5295/5295/5295 5296/5296/5296
f 5296/5296/5296 5295/5295/5295 5297/5297/5297
f 5295/5295/5295 5207/5207/5207 5298/5298/5298
f 5299/5299/5299 5292/5292/5292 5296/5296/5296
f 5287/5287/5287 5292/5292/5292 5299/5299/5299
f 5207/5207/5207 5300/5300/5300 5298/5298/5298
f 5300/5300/5300 5207/5207/5207 5194/5194/5194
f 5301/5301/5301 5300/5300/5300 5194/5194/5194
f 5302/5302/5302 5301/5301/5301 5194/5194/5194
f 5303/5303/5303 5287/5287/5287 5299/5299/5299
f 5287/5287/5287 5303/5303/5303 5304/5304/5304
f 5305/5305/5305 5287/5287/5287 5304/5304/5304
f 5287/5287/5287 5305/5305/5305 5288/5288/5288
f 5288/5288/5288 5305/5305/5305 5306/5306/5306
f 5305/5305/5305 5307/5307/5307 5306/5306/5306
f 5307/5307/5307 5308/5308/5308 5306/5306/5306
f 5288/5288/5288 5306/5306/5306 5279/5279/5279
f 5306/5306/5306 5309/5309/5309 5279/5279/5279
f 5309/5309/5309 5290/5290/5290 5279/5279/5279
f 5309/5309/5309 5310/5310/5310 5290/5290/5290
f 5310/5310/5310 5311/5311/5311 5290/5290/5290
f 5311/5311/5311 5291/5291/5291 5290/5290/5290
f 5311/5311/5311 5310/5310/5310 5312/5312/5312
f 5291/5291/5291 5311/5311/5311 5312/5312/5312
f 5313/5313/5313 5291/5291/5291 5312/5312/5312
f 5310/5310/5310 5314/5314/5314 5312/5312/5312
f 5312/5312/5312 5314/5314/5314 5315/5315/5315
f 5314/5314/5314 5316/5316/5316 5315/5315/5315
f 5319/5319/5319 5318/5318/5318 5317/5317/5317
f 5318/5318/5318 5320/5320/5320 5317/5317/5317
f 5322/5322/5322 5321/5321/5321 5318/5318/5318
f 5321/5321/5321 5323/5323/5323 5318/5318/5318
f 5326/5326/5326 5325/5325/5325 5324/5324/5324
f 5327/5327/5327 5326/5326/5326 5324/5324/5324
f 5330/5330/5330 5329/5329/5329 5328/5328/5328
f 5331/5331/5331 5330/5330/5330 5328/5328/5328
f 5332/5332/5332 5330/5330/5330 5331/5331/5331
f 5333/5333/5333 5332/5332/5332 5331/5331/5331
f 5332/5332/5332 5333/5333/5333 5334/5334/5334
f 5335/5335/5335 5332/5332/5332 5334/5334/5334
f 5335/5335/5335 5334/5334/5334 5336/5336/5336
f 5337/5337/5337 5335/5335/5335 5336/5336/5336
f 5338/5338/5338 5337/5337/5337 5336/5336/5336
f 5337/5337/5337 5338/5338/5338 5339/5339/5339
f 5340/5340/5340 5338/5338/5338 5336/5336/5336
f 5341/5341/5341 5338/5338/5338 5340/5340/5340
f 5342/5342/5342 5341/5341/5341 5340/5340/5340
f 5341/5341/5341 5342/5342/5342 5343/5343/5343
f 5344/5344/5344 5341/5341/5341 5343/5343/5343
f 5341/5341/5341 5344/5344/5344 5345/5345/5345
f 5344/5344/5344 5343/5343/5343 5346/5346/5346
f 5345/5345/5345 5344/5344/5344 5347/5347/5347
f 5348/5348/5348 5344/5344/5344 5346/5346/5346
f 5344/5344/5344 5348/5348/5348 5347/5347/5347
f 5349/5349/5349 5348/5348/5348 5346/5346/5346
f 5348/5348/5348 5349/5349/5349 5347/5347/5347
f 5352/5352/5352 5351/5351/5351 5350/5350/5350
f 5351/5351/5351 5353/5353/5353 5350/5350/5350
f 5351/5351/5351 5354/5354/5354 5353/5353/5353
f 5354/5354/5354 5355/5355/5355 5353/5353/5353
f 5358/5358/5358 5357/5357/5357 5356/5356/5356
f 5357/5357/5357 5359/5359/5359 5356/5356/5356
f 5362/5362/5362 5361/5361/5361 5360/5360/5360
f 5361/5361/5361 5363/5363/5363 5360/5360/5360
f 5361/5361/5361 5364/5364/5364 5363/5363/5363
f 5363/5363/5363 5365/5365/5365 5360/5360/5360
f 5364/5364/5364 5366/5366/5366 5363/5363/5363
f 5366/5366/5366 5367/5367/5367 5363/5363/5363
f 5367/5367/5367 5365/5365/5365 5363/5363/5363
f 5367/5367/5367 5368/5368/5368 5365/5365/5365
f 5366/5366/5366 5364/5364/5364 5369/5369/5369
f 5367/5367/5367 5366/5366/5366 5369/5369/5369
f 5368/5368/5368 5367/5367/5367 5370/5370/5370
f 5370/5370/5370 5367/5367/5367 5369/5369/5369
f 5364/5364/5364 5371/5371/5371 5369/5369/5369
f 5364/5364/5364 5372/5372/5372 5371/5371/5371
f 5370/5370/5370 5369/5369/5369 5373/5373/5373
f 5369/5369/5369 5371/5371/5371 5373/5373/5373
f 5372/5372/5372 5374/5374/5374 5371/5371/5371
f 5371/5371/5371 5375/5375/5375 5373/5373/5373
f 5371/5371/5371 5374/5374/5374 5375/5375/5375
f 5374/5374/5374 5372/5372/5372 5376/5376/5376
f 5372/5372/5372 5377/5377/5377 5376/5376/5376
f 5376/5376/5376 5377/5377/5377 5378/5378/5378
f 5379/5379/5379 5370/5370/5370 5373/5373/5373
f 5380/5380/5380 5368/5368/5368 5370/5370/5370
f 5380/5380/5380 5370/5370/5370 5379/5379/5379
f 5375/5375/5375 5381/5381/5381 5373/5373/5373
f 5381/5381/5381 5379/5379/5379 5373/5373/5373
f 5374/5374/5374 5376/5376/5376 5382/5382/5382
f 5376/5376/5376 5378/5378/5378 5383/5383/5383
f 5382/5382/5382 5376/5376/5376 5383/5383/5383
f 5374/5374/5374 5384/5384/5384 5375/5375/5375
f 5384/5384/5384 5374/5374/5374 5382/5382/5382
f 5384/5384/5384 5385/5385/5385 5375/5375/5375
f 5385/5385/5385 5384/5384/5384 5382/5382/5382
f 5385/5385/5385 5381/5381/5381 5375/5375/5375
f 5385/5385/5385 5386/5386/5386 5381/5381/5381
f 5387/5387/5387 5385/5385/5385 5382/5382/5382
f 5387/5387/5387 5382/5382/5382 5383/5383/5383
f 5386/5386/5386 5385/5385/5385 5387/5387/5387
f 5381/5381/5381 5388/5388/5388 5379/5379/5379
f 5386/5386/5386 5388/5388/5388 5381/5381/5381
f 5378/5378/5378 5389/5389/5389 5383/5383/5383
f 5390/5390/5390 5389/5389/5389 5378/5378/5378
f 5390/5390/5390 5391/5391/5391 5389/5389/5389
f 5392/5392/5392 5387/5387/5387 5383/5383/5383
f 5389/5389/5389 5392/5392/5392 5383/5383/5383
f 5391/5391/5391 5393/5393/5393 5389/5389/5389
f 5389/5389/5389 5393/5393/5393 5392/5392/5392
f 5394/5394/5394 5387/5387/5387 5392/5392/5392
f 5394/5394/5394 5386/5386/5386 5387/5387/5387
f 5388/5388/5388 5395/5395/5395 5379/5379/5379
f 5395/5395/5395 5380/5380/5380 5379/5379/5379
f 5395/5395/5395 5388/5388/5388 5396/5396/5396
f 5380/5380/5380 5395/5395/5395 5396/5396/5396
f 5393/5393/5393 5391/5391/5391 5397/5397/5397
f 5391/5391/5391 5398/5398/5398 5397/5397/5397
f 5393/5393/5393 5399/5399/5399 5392/5392/5392
f 5399/5399/5399 5394/5394/5394 5392/5392/5392
f 5399/5399/5399 5393/5393/5393 5400/5400/5400
f 5394/5394/5394 5399/5399/5399 5400/5400/5400
f 5393/5393/5393 5397/5397/5397 5400/5400/5400
f 5397/5397/5397 5398/5398/5398 5401/5401/5401
f 5398/5398/5398 5402/5402/5402 5401/5401/5401
f 5402/5402/5402 5403/5403/5403 5401/5401/5401
f 5404/5404/5404 5394/5394/5394 5400/5400/5400
f 5386/5386/5386 5394/5394/5394 5404/5404/5404
f 5400/5400/5400 5397/5397/5397 5405/5405/5405
f 5397/5397/5397 5401/5401/5401 5405/5405/5405
f 5404/5404/5404 5400/5400/5400 5405/5405/5405
f 5403/5403/5403 5406/5406/5406 5401/5401/5401
f 5401/5401/5401 5406/5406/5406 5405/5405/5405
f 5403/5403/5403 5407/5407/5407 5406/5406/5406
f 5408/5408/5408 5404/5404/5404 5405/5405/5405
f 5406/5406/5406 5408/5408/5408 5405/5405/5405
f 5409/5409/5409 5386/5386/5386 5404/5404/5404
f 5409/5409/5409 5404/5404/5404 5408/5408/5408
f 5407/5407/5407 5410/5410/5410 5406/5406/5406
f 5406/5406/5406 5410/5410/5410 5408/5408/5408
f 5386/5386/5386 5409/5409/5409 5411/5411/5411
f 5412/5412/5412 5386/5386/5386 5411/5411/5411
f 5386/5386/5386 5412/5412/5412 5413/5413/5413
f 5414/5414/5414 5409/5409/5409 5408/5408/5408
f 5410/5410/5410 5414/5414/5414 5408/5408/5408
f 5409/5409/5409 5414/5414/5414 5415/5415/5415
f 5414/5414/5414 5410/5410/5410 5415/5415/5415
f 5411/5411/5411 5409/5409/5409 5415/5415/5415
f 5410/5410/5410 5407/5407/5407 5416/5416/5416
f 5410/5410/5410 5416/5416/5416 5415/5415/5415
f 5407/5407/5407 5417/5417/5417 5416/5416/5416
f 5411/5411/5411 5415/5415/5415 5418/5418/5418
f 5415/5415/5415 5416/5416/5416 5418/5418/5418
f 5416/5416/5416 5417/5417/5417 5419/5419/5419
f 5416/5416/5416 5419/5419/5419 5418/5418/5418
f 5417/5417/5417 5420/5420/5420 5419/5419/5419
f 5421/5421/5421 5411/5411/5411 5418/5418/5418
f 5412/5412/5412 5411/5411/5411 5421/5421/5421
f 5419/5419/5419 5422/5422/5422 5418/5418/5418
f 5422/5422/5422 5421/5421/5421 5418/5418/5418
f 5423/5423/5423 5422/5422/5422 5419/5419/5419
f 5423/5423/5423 5424/5424/5424 5422/5422/5422
f 5424/5424/5424 5425/5425/5425 5422/5422/5422
f 5422/5422/5422 5425/5425/5425 5421/5421/5421
f 5425/5425/5425 5424/5424/5424 5426/5426/5426
f 5427/5427/5427 5412/5412/5412 5421/5421/5421
f 5425/5425/5425 5427/5427/5427 5421/5421/5421
f 5412/5412/5412 5427/5427/5427 5428/5428/5428
f 5427/5427/5427 5425/5425/5425 5428/5428/5428
f 5425/5425/5425 5426/5426/5426 5428/5428/5428
f 5413/5413/5413 5412/5412/5412 5428/5428/5428
f 5428/5428/5428 5426/5426/5426 5429/5429/5429
f 5413/5413/5413 5428/5428/5428 5429/5429/5429
f 5426/5426/5426 5430/5430/5430 5429/5429/5429
f 5430/5430/5430 5431/5431/5431 5429/5429/5429
f 5432/5432/5432 5431/5431/5431 5430/5430/5430
f 5432/5432/5432 5433/5433/5433 5431/5431/5431
f 5434/5434/5434 5413/5413/5413 5429/5429/5429
f 5431/5431/5431 5434/5434/5434 5429/5429/5429
f 5433/5433/5433 5435/5435/5435 5431/5431/5431
f 5431/5431/5431 5435/5435/5435 5434/5434/5434
f 5436/5436/5436 5413/5413/5413 5434/5434/5434
f 5436/5436/5436 5386/5386/5386 5413/5413/5413
f 5435/5435/5435 5433/5433/5433 5437/5437/5437
f 5433/5433/5433 5438/5438/5438 5437/5437/5437
f 5435/5435/5435 5439/5439/5439 5434/5434/5434
f 5439/5439/5439 5436/5436/5436 5434/5434/5434
f 5439/5439/5439 5435/5435/5435 5440/5440/5440
f 5436/5436/5436 5439/5439/5439 5440/5440/5440
f 5435/5435/5435 5437/5437/5437 5440/5440/5440
f 5437/5437/5437 5438/5438/5438 5441/5441/5441
f 5438/5438/5438 5442/5442/5442 5441/5441/5441
f 5442/5442/5442 5443/5443/5443 5441/5441/5441
f 5444/5444/5444 5436/5436/5436 5440/5440/5440
f 5386/5386/5386 5436/5436/5436 5444/5444/5444
f 5440/5440/5440 5437/5437/5437 5445/5445/5445
f 5437/5437/5437 5441/5441/5441 5445/5445/5445
f 5444/5444/5444 5440/5440/5440 5445/5445/5445
f 5443/5443/5443 5446/5446/5446 5441/5441/5441
f 5441/5441/5441 5446/5446/5446 5445/5445/5445
f 5443/5443/5443 5447/5447/5447 5446/5446/5446
f 5448/5448/5448 5444/5444/5444 5445/5445/5445
f 5446/5446/5446 5448/5448/5448 5445/5445/5445
f 5447/5447/5447 5449/5449/5449 5446/5446/5446
f 5446/5446/5446 5449/5449/5449 5448/5448/5448
f 5449/5449/5449 5447/5447/5447 5450/5450/5450
f 5451/5451/5451 5444/5444/5444 5448/5448/5448
f 5451/5451/5451 5386/5386/5386 5444/5444/5444
f 5449/5449/5449 5452/5452/5452 5448/5448/5448
f 5452/5452/5452 5451/5451/5451 5448/5448/5448
f 5452/5452/5452 5449/5449/5449 5453/5453/5453
f 5449/5449/5449 5450/5450/5450 5453/5453/5453
f 5451/5451/5451 5452/5452/5452 5453/5453/5453
f 5453/5453/5453 5450/5450/5450 5454/5454/5454
f 5450/5450/5450 5455/5455/5455 5454/5454/5454
f 5455/5455/5455 5456/5456/5456 5454/5454/5454
f 5457/5457/5457 5451/5451/5451 5453/5453/5453
f 5457/5457/5457 5453/5453/5453 5454/5454/5454
f 5386/5386/5386 5451/5451/5451 5457/5457/5457
f 5456/5456/5456 5458/5458/5458 5454/5454/5454
f 5458/5458/5458 5457/5457/5457 5454/5454/5454
f 5456/5456/5456 5459/5459/5459 5458/5458/5458
f 5460/5460/5460 5386/5386/5386 5457/5457/5457
f 5460/5460/5460 5457/5457/5457 5458/5458/5458
f 5459/5459/5459 5461/5461/5461 5458/5458/5458
f 5461/5461/5461 5460/5460/5460 5458/5458/5458
f 5461/5461/5461 5459/5459/5459 5462/5462/5462
f 5460/5460/5460 5461/5461/5461 5462/5462/5462
f 5459/5459/5459 5463/5463/5463 5462/5462/5462
f 5386/5386/5386 5460/5460/5460 5464/5464/5464
f 5464/5464/5464 5460/5460/5460 5462/5462/5462
f 5465/5465/5465 5386/5386/5386 5464/5464/5464
f 5386/5386/5386 5465/5465/5465 5466/5466/5466
f 5462/5462/5462 5463/5463/5463 5467/5467/5467
f 5464/5464/5464 5462/5462/5462 5467/5467/5467
f 5463/5463/5463 5468/5468/5468 5467/5467/5467
f 5469/5469/5469 5464/5464/5464 5467/5467/5467
f 5465/5465/5465 5464/5464/5464 5469/5469/5469
f 5468/5468/5468 5470/5470/5470 5467/5467/5467
f 5470/5470/5470 5469/5469/5469 5467/5467/5467
f 5471/5471/5471 5470/5470/5470 5468/5468/5468
f 5470/5470/5470 5472/5472/5472 5469/5469/5469
f 5473/5473/5473 5472/5472/5472 5470/5470/5470
f 5474/5474/5474 5465/5465/5465 5469/5469/5469
f 5472/5472/5472 5474/5474/5474 5469/5469/5469
f 5465/5465/5465 5474/5474/5474 5475/5475/5475
f 5474/5474/5474 5472/5472/5472 5475/5475/5475
f 5466/5466/5466 5465/5465/5465 5475/5475/5475
f 5472/5472/5472 5473/5473/5473 5476/5476/5476
f 5472/5472/5472 5476/5476/5476 5475/5475/5475
f 5473/5473/5473 5477/5477/5477 5476/5476/5476
f 5475/5475/5475 5476/5476/5476 5478/5478/5478
f 5466/5466/5466 5475/5475/5475 5478/5478/5478
f 5476/5476/5476 5477/5477/5477 5479/5479/5479
f 5476/5476/5476 5479/5479/5479 5478/5478/5478
f 5480/5480/5480 5466/5466/5466 5478/5478/5478
f 5479/5479/5479 5481/5481/5481 5478/5478/5478
f 5481/5481/5481 5480/5480/5480 5478/5478/5478
f 5482/5482/5482 5466/5466/5466 5480/5480/5480
f 5482/5482/5482 5386/5386/5386 5466/5466/5466
f 5477/5477/5477 5483/5483/5483 5479/5479/5479
f 5483/5483/5483 5484/5484/5484 5479/5479/5479
f 5484/5484/5484 5481/5481/5481 5479/5479/5479
f 5484/5484/5484 5485/5485/5485 5481/5481/5481
f 5483/5483/5483 5477/5477/5477 5486/5486/5486
f 5484/5484/5484 5483/5483/5483 5486/5486/5486
f 5477/5477/5477 5487/5487/5487 5486/5486/5486
f 5481/5481/5481 5488/5488/5488 5480/5480/5480
f 5485/5485/5485 5488/5488/5488 5481/5481/5481
f 5489/5489/5489 5484/5484/5484 5486/5486/5486
f 5485/5485/5485 5484/5484/5484 5489/5489/5489
f 5486/5486/5486 5487/5487/5487 5490/5490/5490
f 5489/5489/5489 5486/5486/5486 5490/5490/5490
f 5487/5487/5487 5491/5491/5491 5490/5490/5490
f 5492/5492/5492 5482/5482/5482 5480/5480/5480
f 5488/5488/5488 5492/5492/5492 5480/5480/5480
f 5482/5482/5482 5492/5492/5492 5493/5493/5493
f 5492/5492/5492 5488/5488/5488 5493/5493/5493
f 5488/5488/5488 5485/5485/5485 5494/5494/5494
f 5488/5488/5488 5494/5494/5494 5493/5493/5493
f 5495/5495/5495 5482/5482/5482 5493/5493/5493
f 5386/5386/5386 5482/5482/5482 5495/5495/5495
f 5493/5493/5493 5494/5494/5494 5496/5496/5496
f 5495/5495/5495 5493/5493/5493 5496/5496/5496
f 5497/5497/5497 5489/5489/5489 5490/5490/5490
f 5498/5498/5498 5485/5485/5485 5489/5489/5489
f 5498/5498/5498 5489/5489/5489 5497/5497/5497
f 5485/5485/5485 5499/5499/5499 5494/5494/5494
f 5494/5494/5494 5500/5500/5500 5496/5496/5496
f 5494/5494/5494 5499/5499/5499 5500/5500/5500
f 5485/5485/5485 5498/5498/5498 5501/5501/5501
f 5499/5499/5499 5485/5485/5485 5501/5501/5501
f 5502/5502/5502 5495/5495/5495 5496/5496/5496
f 5503/5503/5503 5386/5386/5386 5495/5495/5495
f 5503/5503/5503 5495/5495/5495 5502/5502/5502
f 5500/5500/5500 5504/5504/5504 5496/5496/5496
f 5504/5504/5504 5502/5502/5502 5496/5496/5496
f 5499/5499/5499 5505/5505/5505 5500/5500/5500
f 5505/5505/5505 5506/5506/5506 5500/5500/5500
f 5506/5506/5506 5504/5504/5504 5500/5500/5500
f 5506/5506/5506 5507/5507/5507 5504/5504/5504
f 5505/5505/5505 5499/5499/5499 5508/5508/5508
f 5506/5506/5506 5505/5505/5505 5508/5508/5508
f 5499/5499/5499 5501/5501/5501 5508/5508/5508
f 5508/5508/5508 5501/5501/5501 5509/5509/5509
f 5510/5510/5510 5506/5506/5506 5508/5508/5508
f 5507/5507/5507 5506/5506/5506 5510/5510/5510
f 5510/5510/5510 5508/5508/5508 5509/5509/5509
f 5504/5504/5504 5511/5511/5511 5502/5502/5502
f 5507/5507/5507 5511/5511/5511 5504/5504/5504
f 5512/5512/5512 5503/5503/5503 5502/5502/5502
f 5511/5511/5511 5512/5512/5512 5502/5502/5502
f 5503/5503/5503 5512/5512/5512 5513/5513/5513
f 5512/5512/5512 5511/5511/5511 5513/5513/5513
f 5501/5501/5501 5514/5514/5514 5509/5509/5509
f 5501/5501/5501 5498/5498/5498 5514/5514/5514
f 5511/5511/5511 5507/5507/5507 5515/5515/5515
f 5511/5511/5511 5515/5515/5515 5513/5513/5513
f 5516/5516/5516 5503/5503/5503 5513/5513/5513
f 5386/5386/5386 5503/5503/5503 5516/5516/5516
f 5498/5498/5498 5517/5517/5517 5514/5514/5514
f 5517/5517/5517 5498/5498/5498 5497/5497/5497
f 5517/5517/5517 5518/5518/5518 5514/5514/5514
f 5518/5518/5518 5517/5517/5517 5497/5497/5497
f 5514/5514/5514 5519/5519/5519 5509/5509/5509
f 5518/5518/5518 5519/5519/5519 5514/5514/5514
f 5520/5520/5520 5518/5518/5518 5497/5497/5497
f 5520/5520/5520 5497/5497/5497 5490/5490/5490
f 5513/5513/5513 5515/5515/5515 5521/5521/5521
f 5516/5516/5516 5513/5513/5513 5521/5521/5521
f 5518/5518/5518 5522/5522/5522 5519/5519/5519
f 5522/5522/5522 5518/5518/5518 5520/5520/5520
f 5522/5522/5522 5523/5523/5523 5519/5519/5519
f 5524/5524/5524 5522/5522/5522 5520/5520/5520
f 5525/5525/5525 5520/5520/5520 5490/5490/5490
f 5524/5524/5524 5520/5520/5520 5525/5525/5525
f 5526/5526/5526 5525/5525/5525 5490/5490/5490
f 5527/5527/5527 5524/5524/5524 5525/5525/5525
f 5528/5528/5528 5527/5527/5527 5525/5525/5525
f 5527/5527/5527 5528/5528/5528 5529/5529/5529
f 5519/5519/5519 5523/5523/5523 5530/5530/5530
f 5523/5523/5523 5531/5531/5531 5530/5530/5530
f 5531/5531/5531 5532/5532/5532 5530/5530/5530
f 5519/5519/5519 5530/5530/5530 5509/5509/5509
f 5532/5532/5532 5533/5533/5533 5530/5530/5530
f 5530/5530/5530 5533/5533/5533 5509/5509/5509
f 5532/5532/5532 5534/5534/5534 5533/5533/5533
f 5533/5533/5533 5535/5535/5535 5509/5509/5509
f 5535/5535/5535 5510/5510/5510 5509/5509/5509
f 5534/5534/5534 5536/5536/5536 5533/5533/5533
f 5533/5533/5533 5536/5536/5536 5535/5535/5535
f 5536/5536/5536 5534/5534/5534 5537/5537/5537
f 5538/5538/5538 5510/5510/5510 5535/5535/5535
f 5538/5538/5538 5507/5507/5507 5510/5510/5510
f 5536/5536/5536 5539/5539/5539 5535/5535/5535
f 5539/5539/5539 5538/5538/5538 5535/5535/5535
f 5539/5539/5539 5536/5536/5536 5540/5540/5540
f 5538/5538/5538 5539/5539/5539 5540/5540/5540
f 5536/5536/5536 5537/5537/5537 5540/5540/5540
f 5540/5540/5540 5537/5537/5537 5541/5541/5541
f 5542/5542/5542 5538/5538/5538 5540/5540/5540
f 5507/5507/5507 5538/5538/5538 5542/5542/5542
f 5542/5542/5542 5540/5540/5540 5541/5541/5541
f 5543/5543/5543 5507/5507/5507 5542/5542/5542
f 5507/5507/5507 5543/5543/5543 5515/5515/5515
f 5537/5537/5537 5544/5544/5544 5541/5541/5541
f 5537/5537/5537 5545/5545/5545 5544/5544/5544
f 5545/5545/5545 5546/5546/5546 5544/5544/5544
f 5546/5546/5546 5547/5547/5547 5544/5544/5544
f 5547/5547/5547 5548/5548/5548 5544/5544/5544
f 5544/5544/5544 5548/5548/5548 5541/5541/5541
f 5549/5549/5549 5542/5542/5542 5541/5541/5541
f 5543/5543/5543 5542/5542/5542 5549/5549/5549
f 5515/5515/5515 5543/5543/5543 5550/5550/5550
f 5515/5515/5515 5550/5550/5550 5521/5521/5521
f 5547/5547/5547 5551/5551/5551 5548/5548/5548
f 5551/5551/5551 5547/5547/5547 5552/5552/5552
f 5553/5553/5553 5543/5543/5543 5549/5549/5549
f 5543/5543/5543 5553/5553/5553 5550/5550/5550
f 5554/5554/5554 5553/5553/5553 5549/5549/5549
f 5553/5553/5553 5554/5554/5554 5550/5550/5550
f 5555/5555/5555 5549/5549/5549 5541/5541/5541
f 5555/5555/5555 5554/5554/5554 5549/5549/5549
f 5556/5556/5556 5554/5554/5554 5555/5555/5555
f 5554/5554/5554 5557/5557/5557 5550/5550/5550
f 5550/5550/5550 5557/5557/5557 5521/5521/5521
f 5554/5554/5554 5556/5556/5556 5557/5557/5557
f 5548/5548/5548 5558/5558/5558 5541/5541/5541
f 5558/5558/5558 5555/5555/5555 5541/5541/5541
f 5557/5557/5557 5559/5559/5559 5521/5521/5521
f 5559/5559/5559 5516/5516/5516 5521/5521/5521
f 5551/5551/5551 5560/5560/5560 5548/5548/5548
f 5548/5548/5548 5560/5560/5560 5558/5558/5558
f 5561/5561/5561 5555/5555/5555 5558/5558/5558
f 5561/5561/5561 5556/5556/5556 5555/5555/5555
f 5557/5557/5557 5562/5562/5562 5559/5559/5559
f 5556/5556/5556 5562/5562/5562 5557/5557/5557
f 5563/5563/5563 5516/5516/5516 5559/5559/5559
f 5563/5563/5563 5386/5386/5386 5516/5516/5516
f 5560/5560/5560 5564/5564/5564 5558/5558/5558
f 5564/5564/5564 5561/5561/5561 5558/5558/5558
f 5564/5564/5564 5560/5560/5560 5565/5565/5565
f 5561/5561/5561 5564/5564/5564 5565/5565/5565
f 5560/5560/5560 5551/5551/5551 5566/5566/5566
f 5560/5560/5560 5566/5566/5566 5565/5565/5565
f 5565/5565/5565 5566/5566/5566 5567/5567/5567
f 5568/5568/5568 5561/5561/5561 5565/5565/5565
f 5556/5556/5556 5561/5561/5561 5568/5568/5568
f 5568/5568/5568 5565/5565/5565 5567/5567/5567
f 5551/5551/5551 5569/5569/5569 5566/5566/5566
f 5569/5569/5569 5551/5551/5551 5570/5570/5570
f 5566/5566/5566 5569/5569/5569 5571/5571/5571
f 5566/5566/5566 5571/5571/5571 5567/5567/5567
f 5569/5569/5569 5572/5572/5572 5571/5571/5571
f 5572/5572/5572 5573/5573/5573 5571/5571/5571
f 5573/5573/5573 5574/5574/5574 5571/5571/5571
f 5571/5571/5571 5574/5574/5574 5567/5567/5567
f 5573/5573/5573 5575/5575/5575 5574/5574/5574
f 5576/5576/5576 5556/5556/5556 5568/5568/5568
f 5577/5577/5577 5568/5568/5568 5567/5567/5567
f 5576/5576/5576 5568/5568/5568 5577/5577/5577
f 5556/5556/5556 5576/5576/5576 5578/5578/5578
f 5562/5562/5562 5556/5556/5556 5578/5578/5578
f 5574/5574/5574 5579/5579/5579 5567/5567/5567
f 5575/5575/5575 5580/5580/5580 5574/5574/5574
f 5574/5574/5574 5580/5580/5580 5579/5579/5579
f 5581/5581/5581 5577/5577/5577 5567/5567/5567
f 5579/5579/5579 5581/5581/5581 5567/5567/5567
f 5580/5580/5580 5575/5575/5575 5582/5582/5582
f 5575/5575/5575 5583/5583/5583 5582/5582/5582
f 5582/5582/5582 5583/5583/5583 5584/5584/5584
f 5583/5583/5583 5585/5585/5585 5584/5584/5584
f 5585/5585/5585 5586/5586/5586 5584/5584/5584
f 5586/5586/5586 5585/5585/5585 5587/5587/5587
f 5588/5588/5588 5586/5586/5586 5587/5587/5587
f 5582/5582/5582 5584/5584/5584 5360/5360/5360
f 5584/5584/5584 5589/5589/5589 5360/5360/5360
f 5590/5590/5590 5582/5582/5582 5360/5360/5360
f 5580/5580/5580 5582/5582/5582 5590/5590/5590
f 5365/5365/5365 5590/5590/5590 5360/5360/5360
f 5580/5580/5580 5591/5591/5591 5579/5579/5579
f 5591/5591/5591 5580/5580/5580 5590/5590/5590
f 5365/5365/5365 5592/5592/5592 5590/5590/5590
f 5592/5592/5592 5591/5591/5591 5590/5590/5590
f 5591/5591/5591 5592/5592/5592 5579/5579/5579
f 5368/5368/5368 5592/5592/5592 5365/5365/5365
f 5592/5592/5592 5581/5581/5581 5579/5579/5579
f 5592/5592/5592 5368/5368/5368 5581/5581/5581
f 5368/5368/5368 5593/5593/5593 5581/5581/5581
f 5581/5581/5581 5593/5593/5593 5577/5577/5577
f 5593/5593/5593 5368/5368/5368 5594/5594/5594
f 5368/5368/5368 5380/5380/5380 5594/5594/5594
f 5594/5594/5594 5380/5380/5380 5396/5396/5396
f 5593/5593/5593 5595/5595/5595 5577/5577/5577
f 5595/5595/5595 5576/5576/5576 5577/5577/5577
f 5595/5595/5595 5593/5593/5593 5596/5596/5596
f 5576/5576/5576 5595/5595/5595 5596/5596/5596
f 5593/5593/5593 5594/5594/5594 5596/5596/5596
f 5578/5578/5578 5576/5576/5576 5596/5596/5596
f 5596/5596/5596 5594/5594/5594 5597/5597/5597
f 5594/5594/5594 5396/5396/5396 5597/5597/5597
f 5578/5578/5578 5596/5596/5596 5597/5597/5597
f 5396/5396/5396 5598/5598/5598 5597/5597/5597
f 5388/5388/5388 5598/5598/5598 5396/5396/5396
f 5388/5388/5388 5386/5386/5386 5598/5598/5598
f 5386/5386/5386 5563/5563/5563 5598/5598/5598
f 5599/5599/5599 5578/5578/5578 5597/5597/5597
f 5598/5598/5598 5599/5599/5599 5597/5597/5597
f 5598/5598/5598 5563/5563/5563 5599/5599/5599
f 5562/5562/5562 5578/5578/5578 5599/5599/5599
f 5563/5563/5563 5600/5600/5600 5599/5599/5599
f 5600/5600/5600 5562/5562/5562 5599/5599/5599
f 5600/5600/5600 5563/5563/5563 5559/5559/5559
f 5562/5562/5562 5600/5600/5600 5559/5559/5559
f 5603/5603/5603 5602/5602/5602 5601/5601/5601
f 5604/5604/5604 5603/5603/5603 5601/5601/5601
f 5605/5605/5605 5603/5603/5603 5604/5604/5604
f 5606/5606/5606 5604/5604/5604 5601/5601/5601
f 5607/5607/5607 5606/5606/5606 5601/5601/5601
f 5608/5608/5608 5605/5605/5605 5604/5604/5604
f 5609/5609/5609 5608/5608/5608 5604/5604/5604
f 5606/5606/5606 5609/5609/5609 5604/5604/5604
f 5605/5605/5605 5608/5608/5608 5610/5610/5610
f 5608/5608/5608 5609/5609/5609 5610/5610/5610
f 5611/5611/5611 5605/5605/5605 5610/5610/5610
f 5611/5611/5611 5610/5610/5610 5612/5612/5612
f 5613/5613/5613 5605/5605/5605 5611/5611/5611
f 5614/5614/5614 5613/5613/5613 5611/5611/5611
f 5614/5614/5614 5611/5611/5611 5615/5615/5615
f 5615/5615/5615 5611/5611/5611 5612/5612/5612
f 5616/5616/5616 5614/5614/5614 5615/5615/5615
f 5617/5617/5617 5616/5616/5616 5615/5615/5615
f 5618/5618/5618 5617/5617/5617 5615/5615/5615
f 5618/5618/5618 5615/5615/5615 5612/5612/5612
f 5619/5619/5619 5617/5617/5617 5618/5618/5618
f 5609/5609/5609 5620/5620/5620 5610/5610/5610
f 5610/5610/5610 5620/5620/5620 5612/5612/5612
f 5621/5621/5621 5609/5609/5609 5606/5606/5606
f 5609/5609/5609 5621/5621/5621 5620/5620/5620
f 5620/5620/5620 5622/5622/5622 5612/5612/5612
f 5620/5620/5620 5623/5623/5623 5622/5622/5622
f 5624/5624/5624 5621/5621/5621 5606/5606/5606
f 5624/5624/5624 5606/5606/5606 5607/5607/5607
f 5625/5625/5625 5618/5618/5618 5612/5612/5612
f 5626/5626/5626 5619/5619/5619 5618/5618/5618
f 5626/5626/5626 5618/5618/5618 5625/5625/5625
f 5622/5622/5622 5627/5627/5627 5612/5612/5612
f 5627/5627/5627 5625/5625/5625 5612/5612/5612
f 5619/5619/5619 5626/5626/5626 5628/5628/5628
f 5629/5629/5629 5619/5619/5619 5628/5628/5628
f 5629/5629/5629 5628/5628/5628 5630/5630/5630
f 5630/5630/5630 5628/5628/5628 5631/5631/5631
f 5632/5632/5632 5629/5629/5629 5630/5630/5630
f 5628/5628/5628 5626/5626/5626 5633/5633/5633
f 5628/5628/5628 5633/5633/5633 5631/5631/5631
f 5634/5634/5634 5626/5626/5626 5625/5625/5625
f 5626/5626/5626 5634/5634/5634 5633/5633/5633
f 5635/5635/5635 5634/5634/5634 5625/5625/5625
f 5634/5634/5634 5635/5635/5635 5633/5633/5633
f 5627/5627/5627 5635/5635/5635 5625/5625/5625
f 5636/5636/5636 5635/5635/5635 5627/5627/5627
f 5635/5635/5635 5637/5637/5637 5633/5633/5633
f 5633/5633/5633 5637/5637/5637 5631/5631/5631
f 5635/5635/5635 5636/5636/5636 5637/5637/5637
f 5638/5638/5638 5627/5627/5627 5622/5622/5622
f 5638/5638/5638 5636/5636/5636 5627/5627/5627
f 5639/5639/5639 5632/5632/5632 5630/5630/5630
f 5632/5632/5632 5639/5639/5639 5640/5640/5640
f 5639/5639/5639 5641/5641/5641 5640/5640/5640
f 5639/5639/5639 5642/5642/5642 5641/5641/5641
f 5642/5642/5642 5643/5643/5643 5641/5641/5641
f 5643/5643/5643 5642/5642/5642 5644/5644/5644
f 5645/5645/5645 5639/5639/5639 5630/5630/5630
f 5642/5642/5642 5639/5639/5639 5645/5645/5645
f 5645/5645/5645 5630/5630/5630 5631/5631/5631
f 5646/5646/5646 5638/5638/5638 5622/5622/5622
f 5623/5623/5623 5646/5646/5646 5622/5622/5622
f 5638/5638/5638 5646/5646/5646 5647/5647/5647
f 5646/5646/5646 5623/5623/5623 5647/5647/5647
f 5648/5648/5648 5638/5638/5638 5647/5647/5647
f 5623/5623/5623 5649/5649/5649 5647/5647/5647
f 5636/5636/5636 5638/5638/5638 5648/5648/5648
f 5623/5623/5623 5621/5621/5621 5649/5649/5649
f 5621/5621/5621 5650/5650/5650 5649/5649/5649
f 5650/5650/5650 5621/5621/5621 5651/5651/5651
f 5652/5652/5652 5636/5636/5636 5648/5648/5648
f 5636/5636/5636 5652/5652/5652 5653/5653/5653
f 5621/5621/5621 5624/5624/5624 5651/5651/5651
f 5654/5654/5654 5636/5636/5636 5653/5653/5653
f 5636/5636/5636 5654/5654/5654 5637/5637/5637
f 5651/5651/5651 5624/5624/5624 5655/5655/5655
f 5637/5637/5637 5654/5654/5654 5656/5656/5656
f 5654/5654/5654 5657/5657/5657 5656/5656/5656
f 5657/5657/5657 5658/5658/5658 5656/5656/5656
f 5637/5637/5637 5656/5656/5656 5631/5631/5631
f 5658/5658/5658 5659/5659/5659 5656/5656/5656
f 5656/5656/5656 5659/5659/5659 5631/5631/5631
f 5658/5658/5658 5660/5660/5660 5659/5659/5659
f 5624/5624/5624 5661/5661/5661 5655/5655/5655
f 5661/5661/5661 5624/5624/5624 5607/5607/5607
f 5661/5661/5661 5662/5662/5662 5655/5655/5655
f 5662/5662/5662 5661/5661/5661 5607/5607/5607
f 5662/5662/5662 5663/5663/5663 5655/5655/5655
f 5664/5664/5664 5662/5662/5662 5607/5607/5607
f 5659/5659/5659 5665/5665/5665 5631/5631/5631
f 5665/5665/5665 5645/5645/5645 5631/5631/5631
f 5660/5660/5660 5666/5666/5666 5659/5659/5659
f 5659/5659/5659 5666/5666/5666 5665/5665/5665
f 5667/5667/5667 5645/5645/5645 5665/5665/5665
f 5667/5667/5667 5642/5642/5642 5645/5645/5645
f 5666/5666/5666 5668/5668/5668 5665/5665/5665
f 5668/5668/5668 5667/5667/5667 5665/5665/5665
f 5668/5668/5668 5666/5666/5666 5669/5669/5669
f 5667/5667/5667 5668/5668/5668 5669/5669/5669
f 5642/5642/5642 5667/5667/5667 5670/5670/5670
f 5670/5670/5670 5667/5667/5667 5669/5669/5669
f 5670/5670/5670 5669/5669/5669 5671/5671/5671
f 5666/5666/5666 5672/5672/5672 5669/5669/5669
f 5666/5666/5666 5660/5660/5660 5672/5672/5672
f 5669/5669/5669 5672/5672/5672 5671/5671/5671
f 5673/5673/5673 5642/5642/5642 5670/5670/5670
f 5642/5642/5642 5673/5673/5673 5644/5644/5644
f 5644/5644/5644 5673/5673/5673 5674/5674/5674
f 5673/5673/5673 5670/5670/5670 5675/5675/5675
f 5675/5675/5675 5670/5670/5670 5671/5671/5671
f 5673/5673/5673 5676/5676/5676 5674/5674/5674
f 5676/5676/5676 5673/5673/5673 5675/5675/5675
f 5676/5676/5676 5677/5677/5677 5674/5674/5674
f 5677/5677/5677 5676/5676/5676 5675/5675/5675
f 5677/5677/5677 5678/5678/5678 5674/5674/5674
f 5677/5677/5677 5679/5679/5679 5678/5678/5678
f 5679/5679/5679 5680/5680/5680 5678/5678/5678
f 5680/5680/5680 5679/5679/5679 5681/5681/5681
f 5679/5679/5679 5682/5682/5682 5681/5681/5681
f 5683/5683/5683 5677/5677/5677 5675/5675/5675
f 5683/5683/5683 5675/5675/5675 5671/5671/5671
f 5679/5679/5679 5677/5677/5677 5683/5683/5683
f 5682/5682/5682 5679/5679/5679 5684/5684/5684
f 5682/5682/5682 5684/5684/5684 5685/5685/5685
f 5685/5685/5685 5684/5684/5684 5686/5686/5686
f 5687/5687/5687 5679/5679/5679 5683/5683/5683
f 5679/5679/5679 5687/5687/5687 5684/5684/5684
f 5684/5684/5684 5688/5688/5688 5686/5686/5686
f 5684/5684/5684 5687/5687/5687 5688/5688/5688
f 5687/5687/5687 5683/5683/5683 5689/5689/5689
f 5689/5689/5689 5683/5683/5683 5671/5671/5671
f 5688/5688/5688 5690/5690/5690 5686/5686/5686
f 5690/5690/5690 5691/5691/5691 5686/5686/5686
f 5687/5687/5687 5692/5692/5692 5688/5688/5688
f 5692/5692/5692 5687/5687/5687 5689/5689/5689
f 5692/5692/5692 5693/5693/5693 5688/5688/5688
f 5693/5693/5693 5692/5692/5692 5689/5689/5689
f 5693/5693/5693 5690/5690/5690 5688/5688/5688
f 5693/5693/5693 5694/5694/5694 5690/5690/5690
f 5695/5695/5695 5693/5693/5693 5689/5689/5689
f 5695/5695/5695 5689/5689/5689 5671/5671/5671
f 5694/5694/5694 5693/5693/5693 5695/5695/5695
f 5696/5696/5696 5695/5695/5695 5671/5671/5671
f 5672/5672/5672 5696/5696/5696 5671/5671/5671
f 5690/5690/5690 5697/5697/5697 5691/5691/5691
f 5694/5694/5694 5697/5697/5697 5690/5690/5690
f 5698/5698/5698 5695/5695/5695 5696/5696/5696
f 5698/5698/5698 5694/5694/5694 5695/5695/5695
f 5672/5672/5672 5699/5699/5699 5696/5696/5696
f 5660/5660/5660 5699/5699/5699 5672/5672/5672
f 5700/5700/5700 5698/5698/5698 5696/5696/5696
f 5699/5699/5699 5700/5700/5700 5696/5696/5696
f 5698/5698/5698 5700/5700/5700 5701/5701/5701
f 5700/5700/5700 5699/5699/5699 5701/5701/5701
f 5702/5702/5702 5698/5698/5698 5701/5701/5701
f 5694/5694/5694 5698/5698/5698 5702/5702/5702
f 5699/5699/5699 5703/5703/5703 5701/5701/5701
f 5699/5699/5699 5660/5660/5660 5703/5703/5703
f 5660/5660/5660 5704/5704/5704 5703/5703/5703
f 5704/5704/5704 5660/5660/5660 5705/5705/5705
f 5706/5706/5706 5694/5694/5694 5702/5702/5702
f 5694/5694/5694 5706/5706/5706 5707/5707/5707
f 5697/5697/5697 5694/5694/5694 5707/5707/5707
f 5697/5697/5697 5707/5707/5707 5708/5708/5708
f 5709/5709/5709 5697/5697/5697 5708/5708/5708
f 5697/5697/5697 5709/5709/5709 5691/5691/5691
f 5710/5710/5710 5709/5709/5709 5708/5708/5708
f 5709/5709/5709 5710/5710/5710 5691/5691/5691
f 5711/5711/5711 5710/5710/5710 5708/5708/5708
f 5710/5710/5710 5712/5712/5712 5691/5691/5691
f 5715/5715/5715 5714/5714/5714 5713/5713/5713
f 5714/5714/5714 5716/5716/5716 5713/5713/5713
f 5716/5716/5716 5717/5717/5717 5713/5713/5713
f 5717/5717/5717 5718/5718/5718 5713/5713/5713
f 5721/5721/5721 5720/5720/5720 5719/5719/5719
f 5719/5719/5719 5720/5720/5720 5722/5722/5722
f 5720/5720/5720 5723/5723/5723 5722/5722/5722
f 5723/5723/5723 5724/5724/5724 5722/5722/5722
f 5724/5724/5724 5725/5725/5725 5722/5722/5722
f 5724/5724/5724 5726/5726/5726 5725/5725/5725
f 5727/5727/5727 5719/5719/5719 5722/5722/5722
f 5727/5727/5727 5728/5728/5728 5719/5719/5719
f 5728/5728/5728 5729/5729/5729 5719/5719/5719
f 5726/5726/5726 5730/5730/5730 5725/5725/5725
f 5730/5730/5730 5726/5726/5726 5731/5731/5731
f 5726/5726/5726 5732/5732/5732 5731/5731/5731
f 5731/5731/5731 5732/5732/5732 5733/5733/5733
f 5732/5732/5732 5734/5734/5734 5733/5733/5733
f 5734/5734/5734 5735/5735/5735 5733/5733/5733
f 5730/5730/5730 5736/5736/5736 5725/5725/5725
f 5736/5736/5736 5730/5730/5730 5731/5731/5731
f 5725/5725/5725 5737/5737/5737 5722/5722/5722
f 5736/5736/5736 5737/5737/5737 5725/5725/5725
f 5736/5736/5736 5738/5738/5738 5737/5737/5737
f 5739/5739/5739 5736/5736/5736 5731/5731/5731
f 5739/5739/5739 5731/5731/5731 5733/5733/5733
f 5738/5738/5738 5736/5736/5736 5739/5739/5739
f 5737/5737/5737 5740/5740/5740 5722/5722/5722
f 5740/5740/5740 5727/5727/5727 5722/5722/5722
f 5735/5735/5735 5741/5741/5741 5733/5733/5733
f 5735/5735/5735 5742/5742/5742 5741/5741/5741
f 5738/5738/5738 5743/5743/5743 5737/5737/5737
f 5737/5737/5737 5743/5743/5743 5740/5740/5740
f 5744/5744/5744 5739/5739/5739 5733/5733/5733
f 5741/5741/5741 5745/5745/5745 5733/5733/5733
f 5745/5745/5745 5744/5744/5744 5733/5733/5733
f 5746/5746/5746 5738/5738/5738 5739/5739/5739
f 5746/5746/5746 5739/5739/5739 5744/5744/5744
f 5747/5747/5747 5727/5727/5727 5740/5740/5740
f 5743/5743/5743 5748/5748/5748 5740/5740/5740
f 5748/5748/5748 5747/5747/5747 5740/5740/5740
f 5748/5748/5748 5743/5743/5743 5749/5749/5749
f 5747/5747/5747 5748/5748/5748 5749/5749/5749
f 5747/5747/5747 5750/5750/5750 5727/5727/5727
f 5750/5750/5750 5728/5728/5728 5727/5727/5727
f 5728/5728/5728 5750/5750/5750 5751/5751/5751
f 5728/5728/5728 5751/5751/5751 5752/5752/5752
f 5750/5750/5750 5747/5747/5747 5753/5753/5753
f 5753/5753/5753 5747/5747/5747 5749/5749/5749
f 5754/5754/5754 5750/5750/5750 5753/5753/5753
f 5743/5743/5743 5755/5755/5755 5749/5749/5749
f 5749/5749/5749 5755/5755/5755 5756/5756/5756
f 5755/5755/5755 5757/5757/5757 5756/5756/5756
f 5743/5743/5743 5738/5738/5738 5755/5755/5755
f 5755/5755/5755 5758/5758/5758 5757/5757/5757
f 5738/5738/5738 5758/5758/5758 5755/5755/5755
f 5758/5758/5758 5759/5759/5759 5757/5757/5757
f 5759/5759/5759 5758/5758/5758 5760/5760/5760
f 5758/5758/5758 5738/5738/5738 5761/5761/5761
f 5758/5758/5758 5761/5761/5761 5760/5760/5760
f 5738/5738/5738 5746/5746/5746 5761/5761/5761
f 5760/5760/5760 5761/5761/5761 5762/5762/5762
f 5761/5761/5761 5746/5746/5746 5763/5763/5763
f 5761/5761/5761 5763/5763/5763 5762/5762/5762
f 5746/5746/5746 5764/5764/5764 5763/5763/5763
f 5764/5764/5764 5746/5746/5746 5744/5744/5744
f 5765/5765/5765 5764/5764/5764 5744/5744/5744
f 5764/5764/5764 5765/5765/5765 5763/5763/5763
f 5745/5745/5745 5765/5765/5765 5744/5744/5744
f 5766/5766/5766 5765/5765/5765 5745/5745/5745
f 5763/5763/5763 5767/5767/5767 5762/5762/5762
f 5765/5765/5765 5767/5767/5767 5763/5763/5763
f 5765/5765/5765 5766/5766/5766 5767/5767/5767
f 5767/5767/5767 5768/5768/5768 5762/5762/5762
f 5767/5767/5767 5769/5769/5769 5768/5768/5768
f 5766/5766/5766 5769/5769/5769 5767/5767/5767
f 5769/5769/5769 5770/5770/5770 5768/5768/5768
f 5770/5770/5770 5769/5769/5769 5771/5771/5771
f 5769/5769/5769 5772/5772/5772 5771/5771/5771
f 5769/5769/5769 5766/5766/5766 5772/5772/5772
f 5771/5771/5771 5772/5772/5772 5773/5773/5773
f 5774/5774/5774 5766/5766/5766 5745/5745/5745
f 5774/5774/5774 5745/5745/5745 5741/5741/5741
f 5775/5775/5775 5774/5774/5774 5741/5741/5741
f 5742/5742/5742 5775/5775/5775 5741/5741/5741
f 5775/5775/5775 5742/5742/5742 5776/5776/5776
f 5774/5774/5774 5775/5775/5775 5776/5776/5776
f 5742/5742/5742 5777/5777/5777 5776/5776/5776
f 5776/5776/5776 5777/5777/5777 5778/5778/5778
f 5779/5779/5779 5774/5774/5774 5776/5776/5776
f 5766/5766/5766 5774/5774/5774 5779/5779/5779
f 5779/5779/5779 5776/5776/5776 5778/5778/5778
f 5766/5766/5766 5780/5780/5780 5772/5772/5772
f 5780/5780/5780 5766/5766/5766 5779/5779/5779
f 5772/5772/5772 5781/5781/5781 5773/5773/5773
f 5772/5772/5772 5780/5780/5780 5781/5781/5781
f 5780/5780/5780 5779/5779/5779 5782/5782/5782
f 5782/5782/5782 5779/5779/5779 5778/5778/5778
f 5781/5781/5781 5783/5783/5783 5773/5773/5773
f 5783/5783/5783 5784/5784/5784 5773/5773/5773
f 5780/5780/5780 5785/5785/5785 5781/5781/5781
f 5785/5785/5785 5780/5780/5780 5782/5782/5782
f 5785/5785/5785 5786/5786/5786 5781/5781/5781
f 5786/5786/5786 5785/5785/5785 5782/5782/5782
f 5786/5786/5786 5783/5783/5783 5781/5781/5781
f 5786/5786/5786 5787/5787/5787 5783/5783/5783
f 5783/5783/5783 5788/5788/5788 5784/5784/5784
f 5787/5787/5787 5788/5788/5788 5783/5783/5783
f 5788/5788/5788 5789/5789/5789 5784/5784/5784
f 5790/5790/5790 5786/5786/5786 5782/5782/5782
f 5790/5790/5790 5782/5782/5782 5778/5778/5778
f 5787/5787/5787 5786/5786/5786 5790/5790/5790
f 5788/5788/5788 5787/5787/5787 5791/5791/5791
f 5788/5788/5788 5791/5791/5791 5792/5792/5792
f 5792/5792/5792 5791/5791/5791 5793/5793/5793
f 5791/5791/5791 5794/5794/5794 5793/5793/5793
f 5787/5787/5787 5795/5795/5795 5791/5791/5791
f 5791/5791/5791 5795/5795/5795 5794/5794/5794
f 5794/5794/5794 5796/5796/5796 5793/5793/5793
f 5796/5796/5796 5797/5797/5797 5793/5793/5793
f 5796/5796/5796 5798/5798/5798 5797/5797/5797
f 5799/5799/5799 5798/5798/5798 5796/5796/5796
f 5798/5798/5798 5800/5800/5800 5797/5797/5797
f 5800/5800/5800 5798/5798/5798 5801/5801/5801
f 5798/5798/5798 5802/5802/5802 5801/5801/5801
f 5798/5798/5798 5799/5799/5799 5802/5802/5802
f 5801/5801/5801 5802/5802/5802 5803/5803/5803
f 5804/5804/5804 5796/5796/5796 5794/5794/5794
f 5804/5804/5804 5799/5799/5799 5796/5796/5796
f 5802/5802/5802 5805/5805/5805 5803/5803/5803
f 5805/5805/5805 5806/5806/5806 5803/5803/5803
f 5795/5795/5795 5807/5807/5807 5794/5794/5794
f 5807/5807/5807 5804/5804/5804 5794/5794/5794
f 5807/5807/5807 5795/5795/5795 5808/5808/5808
f 5804/5804/5804 5807/5807/5807 5808/5808/5808
f 5799/5799/5799 5804/5804/5804 5809/5809/5809
f 5809/5809/5809 5804/5804/5804 5808/5808/5808
f 5809/5809/5809 5808/5808/5808 5810/5810/5810
f 5795/5795/5795 5811/5811/5811 5808/5808/5808
f 5808/5808/5808 5811/5811/5811 5810/5810/5810
f 5795/5795/5795 5787/5787/5787 5811/5811/5811
f 5787/5787/5787 5812/5812/5812 5811/5811/5811
f 5812/5812/5812 5787/5787/5787 5790/5790/5790
f 5802/5802/5802 5813/5813/5813 5805/5805/5805
f 5799/5799/5799 5813/5813/5813 5802/5802/5802
f 5814/5814/5814 5806/5806/5806 5805/5805/5805
f 5814/5814/5814 5815/5815/5815 5806/5806/5806
f 5811/5811/5811 5816/5816/5816 5810/5810/5810
f 5811/5811/5811 5812/5812/5812 5816/5816/5816
f 5812/5812/5812 5790/5790/5790 5817/5817/5817
f 5817/5817/5817 5790/5790/5790 5778/5778/5778
f 5813/5813/5813 5818/5818/5818 5805/5805/5805
f 5818/5818/5818 5814/5814/5814 5805/5805/5805
f 5815/5815/5815 5814/5814/5814 5819/5819/5819
f 5820/5820/5820 5815/5815/5815 5819/5819/5819
f 5814/5814/5814 5818/5818/5818 5821/5821/5821
f 5818/5818/5818 5813/5813/5813 5821/5821/5821
f 5819/5819/5819 5814/5814/5814 5821/5821/5821
f 5819/5819/5819 5821/5821/5821 5822/5822/5822
f 5820/5820/5820 5819/5819/5819 5823/5823/5823
f 5823/5823/5823 5819/5819/5819 5822/5822/5822
f 5824/5824/5824 5820/5820/5820 5823/5823/5823
f 5825/5825/5825 5823/5823/5823 5822/5822/5822
f 5826/5826/5826 5825/5825/5825 5822/5822/5822
f 5827/5827/5827 5826/5826/5826 5822/5822/5822
f 5813/5813/5813 5828/5828/5828 5821/5821/5821
f 5821/5821/5821 5828/5828/5828 5822/5822/5822
f 5813/5813/5813 5799/5799/5799 5828/5828/5828
f 5829/5829/5829 5827/5827/5827 5822/5822/5822
f 5828/5828/5828 5829/5829/5829 5822/5822/5822
f 5830/5830/5830 5827/5827/5827 5829/5829/5829
f 5799/5799/5799 5831/5831/5831 5828/5828/5828
f 5828/5828/5828 5831/5831/5831 5829/5829/5829
f 5831/5831/5831 5799/5799/5799 5809/5809/5809
f 5832/5832/5832 5830/5830/5830 5829/5829/5829
f 5831/5831/5831 5832/5832/5832 5829/5829/5829
f 5831/5831/5831 5809/5809/5809 5833/5833/5833
f 5832/5832/5832 5831/5831/5831 5833/5833/5833
f 5830/5830/5830 5832/5832/5832 5833/5833/5833
f 5834/5834/5834 5830/5830/5830 5833/5833/5833
f 5833/5833/5833 5809/5809/5809 5810/5810/5810
f 5834/5834/5834 5833/5833/5833 5810/5810/5810
f 5835/5835/5835 5834/5834/5834 5810/5810/5810
f 5836/5836/5836 5835/5835/5835 5810/5810/5810
f 5816/5816/5816 5836/5836/5836 5810/5810/5810
f 5837/5837/5837 5836/5836/5836 5816/5816/5816
f 5838/5838/5838 5837/5837/5837 5816/5816/5816
f 5812/5812/5812 5838/5838/5838 5816/5816/5816
f 5838/5838/5838 5812/5812/5812 5817/5817/5817
f 5837/5837/5837 5838/5838/5838 5817/5817/5817
f 5839/5839/5839 5837/5837/5837 5817/5817/5817
f 5839/5839/5839 5817/5817/5817 5778/5778/5778
f 5840/5840/5840 5839/5839/5839 5778/5778/5778
f 5841/5841/5841 5839/5839/5839 5840/5840/5840
f 5842/5842/5842 5841/5841/5841 5840/5840/5840
f 5777/5777/5777 5840/5840/5840 5778/5778/5778
f 5843/5843/5843 5842/5842/5842 5840/5840/5840
f 5777/5777/5777 5843/5843/5843 5840/5840/5840
f 5844/5844/5844 5843/5843/5843 5777/5777/5777
f 5847/5847/5847 5846/5846/5846 5845/5845/5845
f 5848/5848/5848 5847/5847/5847 5845/5845/5845
f 5848/5848/5848 5845/5845/5845 5849/5849/5849
f 5850/5850/5850 5847/5847/5847 5848/5848/5848
f 5845/5845/5845 5851/5851/5851 5849/5849/5849
f 5852/5852/5852 5851/5851/5851 5845/5845/5845
f 5851/5851/5851 5853/5853/5853 5849/5849/5849
f 5851/5851/5851 5854/5854/5854 5853/5853/5853
f 5854/5854/5854 5855/5855/5855 5853/5853/5853
f 5853/5853/5853 5856/5856/5856 5849/5849/5849
f 5857/5857/5857 5856/5856/5856 5853/5853/5853
f 5857/5857/5857 5858/5858/5858 5856/5856/5856
f 5858/5858/5858 5859/5859/5859 5856/5856/5856
f 5859/5859/5859 5858/5858/5858 5860/5860/5860
f 5859/5859/5859 5860/5860/5860 5861/5861/5861
f 5856/5856/5856 5859/5859/5859 5862/5862/5862
f 5856/5856/5856 5862/5862/5862 5849/5849/5849
f 5863/5863/5863 5859/5859/5859 5861/5861/5861
f 5859/5859/5859 5863/5863/5863 5862/5862/5862
f 5864/5864/5864 5863/5863/5863 5861/5861/5861
f 5863/5863/5863 5864/5864/5864 5862/5862/5862
f 5862/5862/5862 5865/5865/5865 5849/5849/5849
f 5864/5864/5864 5865/5865/5865 5862/5862/5862
f 5864/5864/5864 5866/5866/5866 5865/5865/5865
f 5867/5867/5867 5864/5864/5864 5861/5861/5861
f 5866/5866/5866 5864/5864/5864 5867/5867/5867
f 5867/5867/5867 5861/5861/5861 5868/5868/5868
f 5869/5869/5869 5867/5867/5867 5868/5868/5868
f 5870/5870/5870 5867/5867/5867 5869/5869/5869
f 5870/5870/5870 5866/5866/5866 5867/5867/5867
f 5871/5871/5871 5870/5870/5870 5869/5869/5869
f 5870/5870/5870 5871/5871/5871 5872/5872/5872
f 5866/5866/5866 5870/5870/5870 5873/5873/5873
f 5873/5873/5873 5872/5872/5872 5874/5874/5874
f 5865/5865/5865 5875/5875/5875 5849/5849/5849
f 5875/5875/5875 5848/5848/5848 5849/5849/5849
f 5866/5866/5866 5876/5876/5876 5865/5865/5865
f 5865/5865/5865 5876/5876/5876 5875/5875/5875
f 5877/5877/5877 5848/5848/5848 5875/5875/5875
f 5877/5877/5877 5850/5850/5850 5848/5848/5848
f 5876/5876/5876 5878/5878/5878 5875/5875/5875
f 5878/5878/5878 5877/5877/5877 5875/5875/5875
f 5850/5850/5850 5877/5877/5877 5879/5879/5879
f 5880/5880/5880 5850/5850/5850 5879/5879/5879
f 5877/5877/5877 5878/5878/5878 5881/5881/5881
f 5878/5878/5878 5876/5876/5876 5881/5881/5881
f 5879/5879/5879 5877/5877/5877 5881/5881/5881
f 5879/5879/5879 5881/5881/5881 5882/5882/5882
f 5880/5880/5880 5879/5879/5879 5883/5883/5883
f 5883/5883/5883 5879/5879/5879 5882/5882/5882
f 5884/5884/5884 5880/5880/5880 5883/5883/5883
f 5885/5885/5885 5884/5884/5884 5883/5883/5883
f 5876/5876/5876 5886/5886/5886 5881/5881/5881
f 5876/5876/5876 5866/5866/5866 5886/5886/5886
f 5881/5881/5881 5886/5886/5886 5882/5882/5882
f 5887/5887/5887 5885/5885/5885 5883/5883/5883
f 5887/5887/5887 5883/5883/5883 5882/5882/5882
f 5888/5888/5888 5885/5885/5885 5887/5887/5887
f 5866/5866/5866 5889/5889/5889 5886/5886/5886
f 5889/5889/5889 5866/5866/5866 5873/5873/5873
f 5886/5886/5886 5890/5890/5890 5882/5882/5882
f 5886/5886/5886 5889/5889/5889 5890/5890/5890
f 5889/5889/5889 5873/5873/5873 5891/5891/5891
f 5891/5891/5891 5873/5873/5873 5874/5874/5874
f 5889/5889/5889 5892/5892/5892 5890/5890/5890
f 5892/5892/5892 5889/5889/5889 5891/5891/5891
f 5893/5893/5893 5891/5891/5891 5874/5874/5874
f 5894/5894/5894 5893/5893/5893 5874/5874/5874
f 5895/5895/5895 5892/5892/5892 5891/5891/5891
f 5892/5892/5892 5895/5895/5895 5890/5890/5890
f 5893/5893/5893 5895/5895/5895 5891/5891/5891
f 5896/5896/5896 5895/5895/5895 5893/5893/5893
f 5897/5897/5897 5893/5893/5893 5894/5894/5894
f 5897/5897/5897 5896/5896/5896 5893/5893/5893
f 5898/5898/5898 5897/5897/5897 5894/5894/5894
f 5897/5897/5897 5898/5898/5898 5899/5899/5899
f 5895/5895/5895 5900/5900/5900 5890/5890/5890
f 5890/5890/5890 5900/5900/5900 5882/5882/5882
f 5895/5895/5895 5896/5896/5896 5900/5900/5900
f 5901/5901/5901 5897/5897/5897 5899/5899/5899
f 5896/5896/5896 5897/5897/5897 5901/5901/5901
f 5901/5901/5901 5899/5899/5899 5902/5902/5902
f 5900/5900/5900 5903/5903/5903 5882/5882/5882
f 5903/5903/5903 5887/5887/5887 5882/5882/5882
f 5896/5896/5896 5904/5904/5904 5900/5900/5900
f 5900/5900/5900 5904/5904/5904 5903/5903/5903
f 5905/5905/5905 5887/5887/5887 5903/5903/5903
f 5905/5905/5905 5888/5888/5888 5887/5887/5887
f 5904/5904/5904 5906/5906/5906 5903/5903/5903
f 5906/5906/5906 5905/5905/5905 5903/5903/5903
f 5888/5888/5888 5905/5905/5905 5907/5907/5907
f 5908/5908/5908 5888/5888/5888 5907/5907/5907
f 5905/5905/5905 5906/5906/5906 5909/5909/5909
f 5906/5906/5906 5904/5904/5904 5909/5909/5909
f 5907/5907/5907 5905/5905/5905 5909/5909/5909
f 5907/5907/5907 5909/5909/5909 5910/5910/5910
f 5908/5908/5908 5907/5907/5907 5911/5911/5911
f 5911/5911/5911 5907/5907/5907 5910/5910/5910
f 5912/5912/5912 5908/5908/5908 5911/5911/5911
f 5913/5913/5913 5912/5912/5912 5911/5911/5911
f 5914/5914/5914 5913/5913/5913 5911/5911/5911
f 5914/5914/5914 5911/5911/5911 5910/5910/5910
f 5904/5904/5904 5915/5915/5915 5909/5909/5909
f 5909/5909/5909 5915/5915/5915 5910/5910/5910
f 5904/5904/5904 5896/5896/5896 5915/5915/5915
f 5896/5896/5896 5916/5916/5916 5915/5915/5915
f 5916/5916/5916 5896/5896/5896 5901/5901/5901
f 5915/5915/5915 5917/5917/5917 5910/5910/5910
f 5915/5915/5915 5916/5916/5916 5917/5917/5917
f 5916/5916/5916 5901/5901/5901 5918/5918/5918
f 5918/5918/5918 5901/5901/5901 5902/5902/5902
f 5916/5916/5916 5919/5919/5919 5917/5917/5917
f 5919/5919/5919 5916/5916/5916 5918/5918/5918
f 5920/5920/5920 5918/5918/5918 5902/5902/5902
f 5921/5921/5921 5920/5920/5920 5902/5902/5902
f 5922/5922/5922 5919/5919/5919 5918/5918/5918
f 5919/5919/5919 5922/5922/5922 5917/5917/5917
f 5920/5920/5920 5922/5922/5922 5918/5918/5918
f 5923/5923/5923 5922/5922/5922 5920/5920/5920
f 5924/5924/5924 5920/5920/5920 5921/5921/5921
f 5924/5924/5924 5923/5923/5923 5920/5920/5920
f 5925/5925/5925 5924/5924/5924 5921/5921/5921
f 5924/5924/5924 5925/5925/5925 5926/5926/5926
f 5922/5922/5922 5927/5927/5927 5917/5917/5917
f 5917/5917/5917 5927/5927/5927 5910/5910/5910
f 5922/5922/5922 5923/5923/5923 5927/5927/5927
f 5928/5928/5928 5924/5924/5924 5926/5926/5926
f 5923/5923/5923 5924/5924/5924 5928/5928/5928
f 5928/5928/5928 5926/5926/5926 5929/5929/5929
f 5927/5927/5927 5930/5930/5930 5910/5910/5910
f 5930/5930/5930 5914/5914/5914 5910/5910/5910
f 5923/5923/5923 5931/5931/5931 5927/5927/5927
f 5927/5927/5927 5931/5931/5931 5930/5930/5930
f 5932/5932/5932 5914/5914/5914 5930/5930/5930
f 5932/5932/5932 5933/5933/5933 5914/5914/5914
f 5933/5933/5933 5932/5932/5932 5934/5934/5934
f 5935/5935/5935 5932/5932/5932 5930/5930/5930
f 5931/5931/5931 5935/5935/5935 5930/5930/5930
f 5932/5932/5932 5935/5935/5935 5936/5936/5936
f 5935/5935/5935 5931/5931/5931 5936/5936/5936
f 5934/5934/5934 5932/5932/5932 5936/5936/5936
f 5934/5934/5934 5936/5936/5936 5937/5937/5937
f 5931/5931/5931 5938/5938/5938 5936/5936/5936
f 5931/5931/5931 5923/5923/5923 5938/5938/5938
f 5936/5936/5936 5938/5938/5938 5937/5937/5937
f 5939/5939/5939 5923/5923/5923 5928/5928/5928
f 5923/5923/5923 5939/5939/5939 5938/5938/5938
f 5940/5940/5940 5934/5934/5934 5937/5937/5937
f 5941/5941/5941 5934/5934/5934 5940/5940/5940
f 5942/5942/5942 5941/5941/5941 5940/5940/5940
f 5943/5943/5943 5942/5942/5942 5940/5940/5940
f 5944/5944/5944 5943/5943/5943 5940/5940/5940
f 5944/5944/5944 5940/5940/5940 5937/5937/5937
f 5945/5945/5945 5943/5943/5943 5944/5944/5944
f 5939/5939/5939 5928/5928/5928 5946/5946/5946
f 5946/5946/5946 5928/5928/5928 5929/5929/5929
f 5938/5938/5938 5939/5939/5939 5947/5947/5947
f 5938/5938/5938 5947/5947/5947 5937/5937/5937
f 5948/5948/5948 5946/5946/5946 5929/5929/5929
f 5949/5949/5949 5948/5948/5948 5929/5929/5929
f 5950/5950/5950 5939/5939/5939 5946/5946/5946
f 5939/5939/5939 5950/5950/5950 5947/5947/5947
f 5951/5951/5951 5950/5950/5950 5946/5946/5946
f 5950/5950/5950 5951/5951/5951 5947/5947/5947
f 5948/5948/5948 5951/5951/5951 5946/5946/5946
f 5952/5952/5952 5951/5951/5951 5948/5948/5948
f 5953/5953/5953 5948/5948/5948 5949/5949/5949
f 5953/5953/5953 5952/5952/5952 5948/5948/5948
f 5954/5954/5954 5953/5953/5953 5949/5949/5949
f 5953/5953/5953 5954/5954/5954 5955/5955/5955
f 5951/5951/5951 5956/5956/5956 5947/5947/5947
f 5947/5947/5947 5956/5956/5956 5937/5937/5937
f 5951/5951/5951 5952/5952/5952 5956/5956/5956
f 5957/5957/5957 5953/5953/5953 5955/5955/5955
f 5952/5952/5952 5953/5953/5953 5957/5957/5957
f 5957/5957/5957 5955/5955/5955 5958/5958/5958
f 5956/5956/5956 5959/5959/5959 5937/5937/5937
f 5959/5959/5959 5944/5944/5944 5937/5937/5937
f 5952/5952/5952 5960/5960/5960 5956/5956/5956
f 5956/5956/5956 5960/5960/5960 5959/5959/5959
f 5961/5961/5961 5944/5944/5944 5959/5959/5959
f 5961/5961/5961 5945/5945/5945 5944/5944/5944
f 5960/5960/5960 5962/5962/5962 5959/5959/5959
f 5962/5962/5962 5961/5961/5961 5959/5959/5959
f 5945/5945/5945 5961/5961/5961 5963/5963/5963
f 5964/5964/5964 5945/5945/5945 5963/5963/5963
f 5961/5961/5961 5962/5962/5962 5965/5965/5965
f 5962/5962/5962 5960/5960/5960 5965/5965/5965
f 5963/5963/5963 5961/5961/5961 5965/5965/5965
f 5963/5963/5963 5965/5965/5965 5966/5966/5966
f 5964/5964/5964 5963/5963/5963 5967/5967/5967
f 5967/5967/5967 5963/5963/5963 5966/5966/5966
f 5968/5968/5968 5964/5964/5964 5967/5967/5967
f 5969/5969/5969 5967/5967/5967 5966/5966/5966
f 5970/5970/5970 5969/5969/5969 5966/5966/5966
f 5960/5960/5960 5971/5971/5971 5965/5965/5965
f 5965/5965/5965 5971/5971/5971 5966/5966/5966
f 5960/5960/5960 5952/5952/5952 5971/5971/5971
f 5952/5952/5952 5972/5972/5972 5971/5971/5971
f 5972/5972/5972 5952/5952/5952 5957/5957/5957
f 5971/5971/5971 5973/5973/5973 5966/5966/5966
f 5971/5971/5971 5972/5972/5972 5973/5973/5973
f 5972/5972/5972 5957/5957/5957 5974/5974/5974
f 5974/5974/5974 5957/5957/5957 5958/5958/5958
f 5975/5975/5975 5970/5970/5970 5966/5966/5966
f 5973/5973/5973 5975/5975/5975 5966/5966/5966
f 5972/5972/5972 5976/5976/5976 5973/5973/5973
f 5976/5976/5976 5972/5972/5972 5974/5974/5974
f 5976/5976/5976 5977/5977/5977 5973/5973/5973
f 5977/5977/5977 5976/5976/5976 5974/5974/5974
f 5977/5977/5977 5975/5975/5975 5973/5973/5973
f 5978/5978/5978 5974/5974/5974 5958/5958/5958
f 5978/5978/5978 5977/5977/5977 5974/5974/5974
f 5979/5979/5979 5978/5978/5978 5958/5958/5958
f 5980/5980/5980 5977/5977/5977 5978/5978/5978
f 5977/5977/5977 5980/5980/5980 5975/5975/5975
f 5981/5981/5981 5980/5980/5980 5978/5978/5978
f 5980/5980/5980 5982/5982/5982 5975/5975/5975
f 5975/5975/5975 5982/5982/5982 5970/5970/5970
f 5982/5982/5982 5983/5983/5983 5970/5970/5970
f 5983/5983/5983 5984/5984/5984 5970/5970/5970
f 5987/5987/5987 5986/5986/5986 5985/5985/5985
f 5986/5986/5986 5988/5988/5988 5985/5985/5985
f 5991/5991/5991 5990/5990/5990 5989/5989/5989
f 5992/5992/5992 5991/5991/5991 5989/5989/5989
f 5993/5993/5993 5991/5991/5991 5992/5992/5992
f 5995/5995/5995 5994/5994/5994 5989/5989/5989
f 5997/5997/5997 5996/5996/5996 5994/5994/5994
f 5996/5996/5996 5997/5997/5997 5998/5998/5998
f 6001/6001/6001 6000/6000/6000 5999/5999/5999
f 6000/6000/6000 6002/6002/6002 5999/5999/5999
f 6005/6005/6005 6004/6004/6004 6003/6003/6003
f 6006/6006/6006 6005/6005/6005 6003/6003/6003
f 6009/6009/6009 6008/6008/6008 6007/6007/6007
f 6008/6008/6008 6009/6009/6009 6010/6010/6010
f 6011/6011/6011 6009/6009/6009 6007/6007/6007
f 6012/6012/6012 6009/6009/6009 6011/6011/6011
f 6011/6011/6011 6007/6007/6007 6013/6013/6013
f 6009/6009/6009 6014/6014/6014 6010/6010/6010
f 6009/6009/6009 6012/6012/6012 6014/6014/6014
f 6010/6010/6010 6014/6014/6014 6015/6015/6015
f 6016/6016/6016 6011/6011/6011 6013/6013/6013
f 6017/6017/6017 6012/6012/6012 6011/6011/6011
f 6017/6017/6017 6011/6011/6011 6016/6016/6016
f 6018/6018/6018 6016/6016/6016 6013/6013/6013
f 6019/6019/6019 6018/6018/6018 6013/6013/6013
f 6020/6020/6020 6018/6018/6018 6019/6019/6019
f 6020/6020/6020 6021/6021/6021 6018/6018/6018
f 6022/6022/6022 6020/6020/6020 6019/6019/6019
f 6020/6020/6020 6022/6022/6022 6023/6023/6023
f 6024/6024/6024 6020/6020/6020 6023/6023/6023
f 6021/6021/6021 6020/6020/6020 6024/6024/6024
f 6024/6024/6024 6023/6023/6023 6025/6025/6025
f 6018/6018/6018 6026/6026/6026 6016/6016/6016
f 6021/6021/6021 6026/6026/6026 6018/6018/6018
f 6027/6027/6027 6017/6017/6017 6016/6016/6016
f 6026/6026/6026 6027/6027/6027 6016/6016/6016
f 6017/6017/6017 6027/6027/6027 6028/6028/6028
f 6027/6027/6027 6026/6026/6026 6028/6028/6028
f 6012/6012/6012 6017/6017/6017 6029/6029/6029
f 6029/6029/6029 6017/6017/6017 6028/6028/6028
f 6029/6029/6029 6028/6028/6028 6030/6030/6030
f 6026/6026/6026 6031/6031/6031 6028/6028/6028
f 6026/6026/6026 6021/6021/6021 6031/6031/6031
f 6028/6028/6028 6031/6031/6031 6030/6030/6030
f 6032/6032/6032 6024/6024/6024 6025/6025/6025
f 6033/6033/6033 6021/6021/6021 6024/6024/6024
f 6033/6033/6033 6024/6024/6024 6032/6032/6032
f 6034/6034/6034 6032/6032/6032 6025/6025/6025
f 6035/6035/6035 6034/6034/6034 6025/6025/6025
f 6036/6036/6036 6034/6034/6034 6035/6035/6035
f 6036/6036/6036 6037/6037/6037 6034/6034/6034
f 6038/6038/6038 6036/6036/6036 6035/6035/6035
f 6036/6036/6036 6038/6038/6038 6039/6039/6039
f 6040/6040/6040 6036/6036/6036 6039/6039/6039
f 6037/6037/6037 6036/6036/6036 6040/6040/6040
f 6040/6040/6040 6039/6039/6039 6041/6041/6041
f 6034/6034/6034 6042/6042/6042 6032/6032/6032
f 6037/6037/6037 6042/6042/6042 6034/6034/6034
f 6043/6043/6043 6033/6033/6033 6032/6032/6032
f 6042/6042/6042 6043/6043/6043 6032/6032/6032
f 6033/6033/6033 6043/6043/6043 6044/6044/6044
f 6043/6043/6043 6042/6042/6042 6044/6044/6044
f 6021/6021/6021 6033/6033/6033 6045/6045/6045
f 6045/6045/6045 6033/6033/6033 6044/6044/6044
f 6045/6045/6045 6044/6044/6044 6046/6046/6046
f 6042/6042/6042 6047/6047/6047 6044/6044/6044
f 6042/6042/6042 6037/6037/6037 6047/6047/6047
f 6044/6044/6044 6047/6047/6047 6046/6046/6046
f 6048/6048/6048 6021/6021/6021 6045/6045/6045
f 6021/6021/6021 6048/6048/6048 6031/6031/6031
f 6049/6049/6049 6045/6045/6045 6046/6046/6046
f 6048/6048/6048 6045/6045/6045 6049/6049/6049
f 6031/6031/6031 6048/6048/6048 6050/6050/6050
f 6031/6031/6031 6050/6050/6050 6030/6030/6030
f 6051/6051/6051 6048/6048/6048 6049/6049/6049
f 6048/6048/6048 6051/6051/6051 6050/6050/6050
f 6052/6052/6052 6051/6051/6051 6049/6049/6049
f 6051/6051/6051 6052/6052/6052 6050/6050/6050
f 6053/6053/6053 6049/6049/6049 6046/6046/6046
f 6053/6053/6053 6052/6052/6052 6049/6049/6049
f 6052/6052/6052 6054/6054/6054 6050/6050/6050
f 6050/6050/6050 6054/6054/6054 6030/6030/6030
f 6055/6055/6055 6052/6052/6052 6053/6053/6053
f 6052/6052/6052 6055/6055/6055 6054/6054/6054
f 6056/6056/6056 6055/6055/6055 6053/6053/6053
f 6055/6055/6055 6057/6057/6057 6054/6054/6054
f 6056/6056/6056 6053/6053/6053 6058/6058/6058
f 6058/6058/6058 6053/6053/6053 6046/6046/6046
f 6059/6059/6059 6056/6056/6056 6058/6058/6058
f 6060/6060/6060 6059/6059/6059 6058/6058/6058
f 6054/6054/6054 6057/6057/6057 6061/6061/6061
f 6054/6054/6054 6061/6061/6061 6030/6030/6030
f 6057/6057/6057 6062/6062/6062 6061/6061/6061
f 6062/6062/6062 6063/6063/6063 6061/6061/6061
f 6064/6064/6064 6060/6060/6060 6058/6058/6058
f 6064/6064/6064 6058/6058/6058 6046/6046/6046
f 6065/6065/6065 6060/6060/6060 6064/6064/6064
f 6063/6063/6063 6066/6066/6066 6061/6061/6061
f 6061/6061/6061 6066/6066/6066 6030/6030/6030
f 6063/6063/6063 6067/6067/6067 6066/6066/6066
f 6068/6068/6068 6064/6064/6064 6046/6046/6046
f 6047/6047/6047 6068/6068/6068 6046/6046/6046
f 6069/6069/6069 6065/6065/6065 6064/6064/6064
f 6069/6069/6069 6064/6064/6064 6068/6068/6068
f 6066/6066/6066 6070/6070/6070 6030/6030/6030
f 6070/6070/6070 6029/6029/6029 6030/6030/6030
f 6067/6067/6067 6071/6071/6071 6066/6066/6066
f 6066/6066/6066 6071/6071/6071 6070/6070/6070
f 6047/6047/6047 6072/6072/6072 6068/6068/6068
f 6037/6037/6037 6072/6072/6072 6047/6047/6047
f 6073/6073/6073 6029/6029/6029 6070/6070/6070
f 6073/6073/6073 6012/6012/6012 6029/6029/6029
f 6065/6065/6065 6069/6069/6069 6074/6074/6074
f 6075/6075/6075 6065/6065/6065 6074/6074/6074
f 6076/6076/6076 6069/6069/6069 6068/6068/6068
f 6072/6072/6072 6076/6076/6076 6068/6068/6068
f 6069/6069/6069 6076/6076/6076 6077/6077/6077
f 6076/6076/6076 6072/6072/6072 6077/6077/6077
f 6074/6074/6074 6069/6069/6069 6077/6077/6077
f 6074/6074/6074 6077/6077/6077 6078/6078/6078
f 6075/6075/6075 6074/6074/6074 6079/6079/6079
f 6079/6079/6079 6074/6074/6074 6078/6078/6078
f 6080/6080/6080 6075/6075/6075 6079/6079/6079
f 6081/6081/6081 6080/6080/6080 6079/6079/6079
f 6072/6072/6072 6082/6082/6082 6077/6077/6077
f 6077/6077/6077 6082/6082/6082 6078/6078/6078
f 6072/6072/6072 6037/6037/6037 6082/6082/6082
f 6083/6083/6083 6081/6081/6081 6079/6079/6079
f 6083/6083/6083 6079/6079/6079 6078/6078/6078
f 6084/6084/6084 6081/6081/6081 6083/6083/6083
f 6037/6037/6037 6085/6085/6085 6082/6082/6082
f 6085/6085/6085 6037/6037/6037 6040/6040/6040
f 6082/6082/6082 6086/6086/6086 6078/6078/6078
f 6082/6082/6082 6085/6085/6085 6086/6086/6086
f 6085/6085/6085 6040/6040/6040 6087/6087/6087
f 6087/6087/6087 6040/6040/6040 6041/6041/6041
f 6085/6085/6085 6088/6088/6088 6086/6086/6086
f 6088/6088/6088 6085/6085/6085 6087/6087/6087
f 6089/6089/6089 6087/6087/6087 6041/6041/6041
f 6090/6090/6090 6089/6089/6089 6041/6041/6041
f 6091/6091/6091 6088/6088/6088 6087/6087/6087
f 6088/6088/6088 6091/6091/6091 6086/6086/6086
f 6089/6089/6089 6091/6091/6091 6087/6087/6087
f 6092/6092/6092 6091/6091/6091 6089/6089/6089
f 6093/6093/6093 6089/6089/6089 6090/6090/6090
f 6093/6093/6093 6092/6092/6092 6089/6089/6089
f 6094/6094/6094 6093/6093/6093 6090/6090/6090
f 6093/6093/6093 6094/6094/6094 6095/6095/6095
f 6091/6091/6091 6096/6096/6096 6086/6086/6086
f 6086/6086/6086 6096/6096/6096 6078/6078/6078
f 6091/6091/6091 6092/6092/6092 6096/6096/6096
f 6097/6097/6097 6093/6093/6093 6095/6095/6095
f 6092/6092/6092 6093/6093/6093 6097/6097/6097
f 6097/6097/6097 6095/6095/6095 6098/6098/6098
f 6096/6096/6096 6099/6099/6099 6078/6078/6078
f 6099/6099/6099 6083/6083/6083 6078/6078/6078
f 6092/6092/6092 6100/6100/6100 6096/6096/6096
f 6096/6096/6096 6100/6100/6100 6099/6099/6099
f 6101/6101/6101 6083/6083/6083 6099/6099/6099
f 6101/6101/6101 6084/6084/6084 6083/6083/6083
f 6100/6100/6100 6102/6102/6102 6099/6099/6099
f 6102/6102/6102 6101/6101/6101 6099/6099/6099
f 6084/6084/6084 6101/6101/6101 6103/6103/6103
f 6104/6104/6104 6084/6084/6084 6103/6103/6103
f 6101/6101/6101 6102/6102/6102 6105/6105/6105
f 6102/6102/6102 6100/6100/6100 6105/6105/6105
f 6103/6103/6103 6101/6101/6101 6105/6105/6105
f 6103/6103/6103 6105/6105/6105 6106/6106/6106
f 6104/6104/6104 6103/6103/6103 6107/6107/6107
f 6107/6107/6107 6103/6103/6103 6106/6106/6106
f 6108/6108/6108 6104/6104/6104 6107/6107/6107
f 6109/6109/6109 6108/6108/6108 6107/6107/6107
f 6100/6100/6100 6110/6110/6110 6105/6105/6105
f 6100/6100/6100 6092/6092/6092 6110/6110/6110
f 6105/6105/6105 6110/6110/6110 6106/6106/6106
f 6111/6111/6111 6109/6109/6109 6107/6107/6107
f 6111/6111/6111 6107/6107/6107 6106/6106/6106
f 6112/6112/6112 6109/6109/6109 6111/6111/6111
f 6092/6092/6092 6113/6113/6113 6110/6110/6110
f 6113/6113/6113 6092/6092/6092 6097/6097/6097
f 6110/6110/6110 6114/6114/6114 6106/6106/6106
f 6110/6110/6110 6113/6113/6113 6114/6114/6114
f 6113/6113/6113 6097/6097/6097 6115/6115/6115
f 6115/6115/6115 6097/6097/6097 6098/6098/6098
f 6113/6113/6113 6116/6116/6116 6114/6114/6114
f 6116/6116/6116 6113/6113/6113 6115/6115/6115
f 6117/6117/6117 6115/6115/6115 6098/6098/6098
f 6118/6118/6118 6117/6117/6117 6098/6098/6098
f 6119/6119/6119 6116/6116/6116 6115/6115/6115
f 6116/6116/6116 6119/6119/6119 6114/6114/6114
f 6117/6117/6117 6119/6119/6119 6115/6115/6115
f 6120/6120/6120 6119/6119/6119 6117/6117/6117
f 6121/6121/6121 6117/6117/6117 6118/6118/6118
f 6121/6121/6121 6120/6120/6120 6117/6117/6117
f 6122/6122/6122 6121/6121/6121 6118/6118/6118
f 6121/6121/6121 6122/6122/6122 6123/6123/6123
f 6119/6119/6119 6124/6124/6124 6114/6114/6114
f 6114/6114/6114 6124/6124/6124 6106/6106/6106
f 6119/6119/6119 6120/6120/6120 6124/6124/6124
f 6125/6125/6125 6121/6121/6121 6123/6123/6123
f 6120/6120/6120 6121/6121/6121 6125/6125/6125
f 6125/6125/6125 6123/6123/6123 6126/6126/6126
f 6124/6124/6124 6127/6127/6127 6106/6106/6106
f 6127/6127/6127 6111/6111/6111 6106/6106/6106
f 6120/6120/6120 6128/6128/6128 6124/6124/6124
f 6124/6124/6124 6128/6128/6128 6127/6127/6127
f 6129/6129/6129 6111/6111/6111 6127/6127/6127
f 6129/6129/6129 6112/6112/6112 6111/6111/6111
f 6128/6128/6128 6130/6130/6130 6127/6127/6127
f 6130/6130/6130 6129/6129/6129 6127/6127/6127
f 6112/6112/6112 6129/6129/6129 6131/6131/6131
f 6132/6132/6132 6112/6112/6112 6131/6131/6131
f 6129/6129/6129 6130/6130/6130 6133/6133/6133
f 6130/6130/6130 6128/6128/6128 6133/6133/6133
f 6131/6131/6131 6129/6129/6129 6133/6133/6133
f 6131/6131/6131 6133/6133/6133 6134/6134/6134
f 6132/6132/6132 6131/6131/6131 6135/6135/6135
f 6135/6135/6135 6131/6131/6131 6134/6134/6134
f 6136/6136/6136 6132/6132/6132 6135/6135/6135
f 6137/6137/6137 6136/6136/6136 6135/6135/6135
f 6128/6128/6128 6138/6138/6138 6133/6133/6133
f 6128/6128/6128 6120/6120/6120 6138/6138/6138
f 6133/6133/6133 6138/6138/6138 6134/6134/6134
f 6139/6139/6139 6137/6137/6137 6135/6135/6135
f 6139/6139/6139 6135/6135/6135 6134/6134/6134
f 6140/6140/6140 6137/6137/6137 6139/6139/6139
f 6120/6120/6120 6141/6141/6141 6138/6138/6138
f 6141/6141/6141 6120/6120/6120 6125/6125/6125
f 6138/6138/6138 6142/6142/6142 6134/6134/6134
f 6138/6138/6138 6141/6141/6141 6142/6142/6142
f 6141/6141/6141 6125/6125/6125 6143/6143/6143
f 6143/6143/6143 6125/6125/6125 6126/6126/6126
f 6141/6141/6141 6144/6144/6144 6142/6142/6142
f 6144/6144/6144 6141/6141/6141 6143/6143/6143
f 6145/6145/6145 6143/6143/6143 6126/6126/6126
f 6146/6146/6146 6145/6145/6145 6126/6126/6126
f 6147/6147/6147 6144/6144/6144 6143/6143/6143
f 6144/6144/6144 6147/6147/6147 6142/6142/6142
f 6145/6145/6145 6147/6147/6147 6143/6143/6143
f 6148/6148/6148 6147/6147/6147 6145/6145/6145
f 6149/6149/6149 6145/6145/6145 6146/6146/6146
f 6149/6149/6149 6148/6148/6148 6145/6145/6145
f 6150/6150/6150 6149/6149/6149 6146/6146/6146
f 6149/6149/6149 6150/6150/6150 6151/6151/6151
f 6147/6147/6147 6152/6152/6152 6142/6142/6142
f 6142/6142/6142 6152/6152/6152 6134/6134/6134
f 6147/6147/6147 6148/6148/6148 6152/6152/6152
f 6153/6153/6153 6149/6149/6149 6151/6151/6151
f 6148/6148/6148 6149/6149/6149 6153/6153/6153
f 6153/6153/6153 6151/6151/6151 6154/6154/6154
f 6152/6152/6152 6155/6155/6155 6134/6134/6134
f 6155/6155/6155 6139/6139/6139 6134/6134/6134
f 6148/6148/6148 6156/6156/6156 6152/6152/6152
f 6152/6152/6152 6156/6156/6156 6155/6155/6155
f 6157/6157/6157 6139/6139/6139 6155/6155/6155
f 6157/6157/6157 6140/6140/6140 6139/6139/6139
f 6156/6156/6156 6158/6158/6158 6155/6155/6155
f 6158/6158/6158 6157/6157/6157 6155/6155/6155
f 6140/6140/6140 6157/6157/6157 6159/6159/6159
f 6160/6160/6160 6140/6140/6140 6159/6159/6159
f 6157/6157/6157 6158/6158/6158 6161/6161/6161
f 6158/6158/6158 6156/6156/6156 6161/6161/6161
f 6159/6159/6159 6157/6157/6157 6161/6161/6161
f 6159/6159/6159 6161/6161/6161 6162/6162/6162
f 6160/6160/6160 6159/6159/6159 6163/6163/6163
f 6163/6163/6163 6159/6159/6159 6162/6162/6162
f 6164/6164/6164 6160/6160/6160 6163/6163/6163
f 6165/6165/6165 6164/6164/6164 6163/6163/6163
f 6156/6156/6156 6166/6166/6166 6161/6161/6161
f 6156/6156/6156 6148/6148/6148 6166/6166/6166
f 6161/6161/6161 6166/6166/6166 6162/6162/6162
f 6167/6167/6167 6165/6165/6165 6163/6163/6163
f 6167/6167/6167 6163/6163/6163 6162/6162/6162
f 6168/6168/6168 6165/6165/6165 6167/6167/6167
f 6148/6148/6148 6169/6169/6169 6166/6166/6166
f 6169/6169/6169 6148/6148/6148 6153/6153/6153
f 6166/6166/6166 6170/6170/6170 6162/6162/6162
f 6166/6166/6166 6169/6169/6169 6170/6170/6170
f 6169/6169/6169 6153/6153/6153 6171/6171/6171
f 6171/6171/6171 6153/6153/6153 6154/6154/6154
f 6169/6169/6169 6172/6172/6172 6170/6170/6170
f 6172/6172/6172 6169/6169/6169 6171/6171/6171
f 6173/6173/6173 6171/6171/6171 6154/6154/6154
f 6174/6174/6174 6173/6173/6173 6154/6154/6154
f 6175/6175/6175 6172/6172/6172 6171/6171/6171
f 6172/6172/6172 6175/6175/6175 6170/6170/6170
f 6173/6173/6173 6175/6175/6175 6171/6171/6171
f 6176/6176/6176 6175/6175/6175 6173/6173/6173
f 6177/6177/6177 6173/6173/6173 6174/6174/6174
f 6177/6177/6177 6176/6176/6176 6173/6173/6173
f 6178/6178/6178 6177/6177/6177 6174/6174/6174
f 6177/6177/6177 6178/6178/6178 6179/6179/6179
f 6175/6175/6175 6180/6180/6180 6170/6170/6170
f 6170/6170/6170 6180/6180/6180 6162/6162/6162
f 6175/6175/6175 6176/6176/6176 6180/6180/6180
f 6181/6181/6181 6177/6177/6177 6179/6179/6179
f 6176/6176/6176 6177/6177/6177 6181/6181/6181
f 6181/6181/6181 6179/6179/6179 6182/6182/6182
f 6180/6180/6180 6183/6183/6183 6162/6162/6162
f 6183/6183/6183 6167/6167/6167 6162/6162/6162
f 6176/6176/6176 6184/6184/6184 6180/6180/6180
f 6180/6180/6180 6184/6184/6184 6183/6183/6183
f 6185/6185/6185 6167/6167/6167 6183/6183/6183
f 6185/6185/6185 6168/6168/6168 6167/6167/6167
f 6184/6184/6184 6186/6186/6186 6183/6183/6183
f 6186/6186/6186 6185/6185/6185 6183/6183/6183
f 6168/6168/6168 6185/6185/6185 6187/6187/6187
f 6188/6188/6188 6168/6168/6168 6187/6187/6187
f 6185/6185/6185 6186/6186/6186 6189/6189/6189
f 6186/6186/6186 6184/6184/6184 6189/6189/6189
f 6187/6187/6187 6185/6185/6185 6189/6189/6189
f 6187/6187/6187 6189/6189/6189 6190/6190/6190
f 6188/6188/6188 6187/6187/6187 6191/6191/6191
f 6191/6191/6191 6187/6187/6187 6190/6190/6190
f 6192/6192/6192 6188/6188/6188 6191/6191/6191
f 6193/6193/6193 6192/6192/6192 6191/6191/6191
f 6184/6184/6184 6194/6194/6194 6189/6189/6189
f 6184/6184/6184 6176/6176/6176 6194/6194/6194
f 6189/6189/6189 6194/6194/6194 6190/6190/6190
f 6195/6195/6195 6193/6193/6193 6191/6191/6191
f 6195/6195/6195 6191/6191/6191 6190/6190/6190
f 6196/6196/6196 6193/6193/6193 6195/6195/6195
f 6176/6176/6176 6197/6197/6197 6194/6194/6194
f 6197/6197/6197 6176/6176/6176 6181/6181/6181
f 6194/6194/6194 6198/6198/6198 6190/6190/6190
f 6194/6194/6194 6197/6197/6197 6198/6198/6198
f 6197/6197/6197 6181/6181/6181 6199/6199/6199
f 6199/6199/6199 6181/6181/6181 6182/6182/6182
f 6197/6197/6197 6200/6200/6200 6198/6198/6198
f 6200/6200/6200 6197/6197/6197 6199/6199/6199
f 6201/6201/6201 6199/6199/6199 6182/6182/6182
f 6202/6202/6202 6201/6201/6201 6182/6182/6182
f 6203/6203/6203 6200/6200/6200 6199/6199/6199
f 6200/6200/6200 6203/6203/6203 6198/6198/6198
f 6201/6201/6201 6203/6203/6203 6199/6199/6199
f 6204/6204/6204 6203/6203/6203 6201/6201/6201
f 6205/6205/6205 6201/6201/6201 6202/6202/6202
f 6205/6205/6205 6204/6204/6204 6201/6201/6201
f 6206/6206/6206 6205/6205/6205 6202/6202/6202
f 6205/6205/6205 6206/6206/6206 6207/6207/6207
f 6203/6203/6203 6208/6208/6208 6198/6198/6198
f 6198/6198/6198 6208/6208/6208 6190/6190/6190
f 6203/6203/6203 6204/6204/6204 6208/6208/6208
f 6209/6209/6209 6205/6205/6205 6207/6207/6207
f 6204/6204/6204 6205/6205/6205 6209/6209/6209
f 6209/6209/6209 6207/6207/6207 6210/6210/6210
f 6208/6208/6208 6211/6211/6211 6190/6190/6190
f 6211/6211/6211 6195/6195/6195 6190/6190/6190
f 6204/6204/6204 6212/6212/6212 6208/6208/6208
f 6208/6208/6208 6212/6212/6212 6211/6211/6211
f 6213/6213/6213 6195/6195/6195 6211/6211/6211
f 6213/6213/6213 6196/6196/6196 6195/6195/6195
f 6212/6212/6212 6214/6214/6214 6211/6211/6211
f 6214/6214/6214 6213/6213/6213 6211/6211/6211
f 6196/6196/6196 6213/6213/6213 6215/6215/6215
f 6216/6216/6216 6196/6196/6196 6215/6215/6215
f 6213/6213/6213 6214/6214/6214 6217/6217/6217
f 6214/6214/6214 6212/6212/6212 6217/6217/6217
f 6215/6215/6215 6213/6213/6213 6217/6217/6217
f 6215/6215/6215 6217/6217/6217 6218/6218/6218
f 6216/6216/6216 6215/6215/6215 6219/6219/6219
f 6219/6219/6219 6215/6215/6215 6218/6218/6218
f 6220/6220/6220 6216/6216/6216 6219/6219/6219
f 6221/6221/6221 6220/6220/6220 6219/6219/6219
f 6212/6212/6212 6222/6222/6222 6217/6217/6217
f 6212/6212/6212 6204/6204/6204 6222/6222/6222
f 6217/6217/6217 6222/6222/6222 6218/6218/6218
f 6223/6223/6223 6221/6221/6221 6219/6219/6219
f 6223/6223/6223 6219/6219/6219 6218/6218/6218
f 6224/6224/6224 6221/6221/6221 6223/6223/6223
f 6204/6204/6204 6225/6225/6225 6222/6222/6222
f 6225/6225/6225 6204/6204/6204 6209/6209/6209
f 6222/6222/6222 6226/6226/6226 6218/6218/6218
f 6222/6222/6222 6225/6225/6225 6226/6226/6226
f 6225/6225/6225 6209/6209/6209 6227/6227/6227
f 6227/6227/6227 6209/6209/6209 6210/6210/6210
f 6225/6225/6225 6228/6228/6228 6226/6226/6226
f 6228/6228/6228 6225/6225/6225 6227/6227/6227
f 6229/6229/6229 6227/6227/6227 6210/6210/6210
f 6230/6230/6230 6229/6229/6229 6210/6210/6210
f 6231/6231/6231 6228/6228/6228 6227/6227/6227
f 6228/6228/6228 6231/6231/6231 6226/6226/6226
f 6229/6229/6229 6231/6231/6231 6227/6227/6227
f 6232/6232/6232 6231/6231/6231 6229/6229/6229
f 6233/6233/6233 6229/6229/6229 6230/6230/6230
f 6233/6233/6233 6232/6232/6232 6229/6229/6229
f 6234/6234/6234 6233/6233/6233 6230/6230/6230
f 6233/6233/6233 6234/6234/6234 6235/6235/6235
f 6231/6231/6231 6236/6236/6236 6226/6226/6226
f 6226/6226/6226 6236/6236/6236 6218/6218/6218
f 6231/6231/6231 6232/6232/6232 6236/6236/6236
f 6237/6237/6237 6233/6233/6233 6235/6235/6235
f 6232/6232/6232 6233/6233/6233 6237/6237/6237
f 6237/6237/6237 6235/6235/6235 6238/6238/6238
f 6236/6236/6236 6239/6239/6239 6218/6218/6218
f 6239/6239/6239 6223/6223/6223 6218/6218/6218
f 6232/6232/6232 6240/6240/6240 6236/6236/6236
f 6236/6236/6236 6240/6240/6240 6239/6239/6239
f 6241/6241/6241 6223/6223/6223 6239/6239/6239
f 6241/6241/6241 6224/6224/6224 6223/6223/6223
f 6240/6240/6240 6242/6242/6242 6239/6239/6239
f 6242/6242/6242 6241/6241/6241 6239/6239/6239
f 6224/6224/6224 6241/6241/6241 6243/6243/6243
f 6244/6244/6244 6224/6224/6224 6243/6243/6243
f 6241/6241/6241 6242/6242/6242 6245/6245/6245
f 6242/6242/6242 6240/6240/6240 6245/6245/6245
f 6243/6243/6243 6241/6241/6241 6245/6245/6245
f 6243/6243/6243 6245/6245/6245 6246/6246/6246
f 6244/6244/6244 6243/6243/6243 6247/6247/6247
f 6247/6247/6247 6243/6243/6243 6246/6246/6246
f 6248/6248/6248 6244/6244/6244 6247/6247/6247
f 6249/6249/6249 6248/6248/6248 6247/6247/6247
f 6240/6240/6240 6250/6250/6250 6245/6245/6245
f 6240/6240/6240 6232/6232/6232 6250/6250/6250
f 6245/6245/6245 6250/6250/6250 6246/6246/6246
f 6251/6251/6251 6249/6249/6249 6247/6247/6247
f 6251/6251/6251 6247/6247/6247 6246/6246/6246
f 6252/6252/6252 6249/6249/6249 6251/6251/6251
f 6232/6232/6232 6253/6253/6253 6250/6250/6250
f 6253/6253/6253 6232/6232/6232 6237/6237/6237
f 6250/6250/6250 6254/6254/6254 6246/6246/6246
f 6250/6250/6250 6253/6253/6253 6254/6254/6254
f 6253/6253/6253 6237/6237/6237 6255/6255/6255
f 6255/6255/6255 6237/6237/6237 6238/6238/6238
f 6253/6253/6253 6256/6256/6256 6254/6254/6254
f 6256/6256/6256 6253/6253/6253 6255/6255/6255
f 6257/6257/6257 6255/6255/6255 6238/6238/6238
f 6258/6258/6258 6257/6257/6257 6238/6238/6238
f 6259/6259/6259 6256/6256/6256 6255/6255/6255
f 6256/6256/6256 6259/6259/6259 6254/6254/6254
f 6257/6257/6257 6259/6259/6259 6255/6255/6255
f 6260/6260/6260 6259/6259/6259 6257/6257/6257
f 6261/6261/6261 6257/6257/6257 6258/6258/6258
f 6261/6261/6261 6260/6260/6260 6257/6257/6257
f 6262/6262/6262 6261/6261/6261 6258/6258/6258
f 6261/6261/6261 6262/6262/6262 6263/6263/6263
f 6259/6259/6259 6264/6264/6264 6254/6254/6254
f 6254/6254/6254 6264/6264/6264 6246/6246/6246
f 6259/6259/6259 6260/6260/6260 6264/6264/6264
f 6265/6265/6265 6261/6261/6261 6263/6263/6263
f 6260/6260/6260 6261/6261/6261 6265/6265/6265
f 6265/6265/6265 6263/6263/6263 6266/6266/6266
f 6264/6264/6264 6267/6267/6267 6246/6246/6246
f 6267/6267/6267 6251/6251/6251 6246/6246/6246
f 6260/6260/6260 6268/6268/6268 6264/6264/6264
f 6264/6264/6264 6268/6268/6268 6267/6267/6267
f 6269/6269/6269 6251/6251/6251 6267/6267/6267
f 6269/6269/6269 6252/6252/6252 6251/6251/6251
f 6268/6268/6268 6270/6270/6270 6267/6267/6267
f 6270/6270/6270 6269/6269/6269 6267/6267/6267
f 6252/6252/6252 6269/6269/6269 6271/6271/6271
f 6272/6272/6272 6252/6252/6252 6271/6271/6271
f 6269/6269/6269 6270/6270/6270 6273/6273/6273
f 6270/6270/6270 6268/6268/6268 6273/6273/6273
f 6271/6271/6271 6269/6269/6269 6273/6273/6273
f 6271/6271/6271 6273/6273/6273 6274/6274/6274
f 6272/6272/6272 6271/6271/6271 6275/6275/6275
f 6275/6275/6275 6271/6271/6271 6274/6274/6274
f 6276/6276/6276 6272/6272/6272 6275/6275/6275
f 6277/6277/6277 6276/6276/6276 6275/6275/6275
f 6268/6268/6268 6278/6278/6278 6273/6273/6273
f 6268/6268/6268 6260/6260/6260 6278/6278/6278
f 6273/6273/6273 6278/6278/6278 6274/6274/6274
f 6279/6279/6279 6277/6277/6277 6275/6275/6275
f 6279/6279/6279 6275/6275/6275 6274/6274/6274
f 6280/6280/6280 6277/6277/6277 6279/6279/6279
f 6260/6260/6260 6281/6281/6281 6278/6278/6278
f 6281/6281/6281 6260/6260/6260 6265/6265/6265
f 6278/6278/6278 6282/6282/6282 6274/6274/6274
f 6278/6278/6278 6281/6281/6281 6282/6282/6282
f 6281/6281/6281 6265/6265/6265 6283/6283/6283
f 6283/6283/6283 6265/6265/6265 6266/6266/6266
f 6281/6281/6281 6284/6284/6284 6282/6282/6282
f 6284/6284/6284 6281/6281/6281 6283/6283/6283
f 6285/6285/6285 6283/6283/6283 6266/6266/6266
f 6286/6286/6286 6285/6285/6285 6266/6266/6266
f 6287/6287/6287 6284/6284/6284 6283/6283/6283
f 6284/6284/6284 6287/6287/6287 6282/6282/6282
f 6285/6285/6285 6287/6287/6287 6283/6283/6283
f 6288/6288/6288 6287/6287/6287 6285/6285/6285
f 6289/6289/6289 6285/6285/6285 6286/6286/6286
f 6289/6289/6289 6288/6288/6288 6285/6285/6285
f 6290/6290/6290 6289/6289/6289 6286/6286/6286
f 6289/6289/6289 6290/6290/6290 6291/6291/6291
f 6287/6287/6287 6292/6292/6292 6282/6282/6282
f 6282/6282/6282 6292/6292/6292 6274/6274/6274
f 6287/6287/6287 6288/6288/6288 6292/6292/6292
f 6293/6293/6293 6289/6289/6289 6291/6291/6291
f 6288/6288/6288 6289/6289/6289 6293/6293/6293
f 6293/6293/6293 6291/6291/6291 6294/6294/6294
f 6292/6292/6292 6295/6295/6295 6274/6274/6274
f 6295/6295/6295 6279/6279/6279 6274/6274/6274
f 6288/6288/6288 6296/6296/6296 6292/6292/6292
f 6292/6292/6292 6296/6296/6296 6295/6295/6295
f 6297/6297/6297 6279/6279/6279 6295/6295/6295
f 6297/6297/6297 6280/6280/6280 6279/6279/6279
f 6296/6296/6296 6298/6298/6298 6295/6295/6295
f 6298/6298/6298 6297/6297/6297 6295/6295/6295
f 6280/6280/6280 6297/6297/6297 6299/6299/6299
f 6300/6300/6300 6280/6280/6280 6299/6299/6299
f 6297/6297/6297 6298/6298/6298 6301/6301/6301
f 6298/6298/6298 6296/6296/6296 6301/6301/6301
f 6299/6299/6299 6297/6297/6297 6301/6301/6301
f 6299/6299/6299 6301/6301/6301 6302/6302/6302
f 6300/6300/6300 6299/6299/6299 6303/6303/6303
f 6303/6303/6303 6299/6299/6299 6302/6302/6302
f 6304/6304/6304 6300/6300/6300 6303/6303/6303
f 6305/6305/6305 6304/6304/6304 6303/6303/6303
f 6296/6296/6296 6306/6306/6306 6301/6301/6301
f 6296/6296/6296 6288/6288/6288 6306/6306/6306
f 6301/6301/6301 6306/6306/6306 6302/6302/6302
f 6307/6307/6307 6305/6305/6305 6303/6303/6303
f 6307/6307/6307 6303/6303/6303 6302/6302/6302
f 6308/6308/6308 6305/6305/6305 6307/6307/6307
f 6288/6288/6288 6309/6309/6309 6306/6306/6306
f 6309/6309/6309 6288/6288/6288 6293/6293/6293
f 6306/6306/6306 6310/6310/6310 6302/6302/6302
f 6306/6306/6306 6309/6309/6309 6310/6310/6310
f 6309/6309/6309 6293/6293/6293 6311/6311/6311
f 6311/6311/6311 6293/6293/6293 6294/6294/6294
f 6309/6309/6309 6312/6312/6312 6310/6310/6310
f 6312/6312/6312 6309/6309/6309 6311/6311/6311
f 6313/6313/6313 6311/6311/6311 6294/6294/6294
f 6314/6314/6314 6313/6313/6313 6294/6294/6294
f 6315/6315/6315 6312/6312/6312 6311/6311/6311
f 6312/6312/6312 6315/6315/6315 6310/6310/6310
f 6313/6313/6313 6315/6315/6315 6311/6311/6311
f 6316/6316/6316 6315/6315/6315 6313/6313/6313
f 6317/6317/6317 6313/6313/6313 6314/6314/6314
f 6317/6317/6317 6316/6316/6316 6313/6313/6313
f 6318/6318/6318 6317/6317/6317 6314/6314/6314
f 6317/6317/6317 6318/6318/6318 6319/6319/6319
f 6315/6315/6315 6320/6320/6320 6310/6310/6310
f 6310/6310/6310 6320/6320/6320 6302/6302/6302
f 6315/6315/6315 6316/6316/6316 6320/6320/6320
f 6321/6321/6321 6317/6317/6317 6319/6319/6319
f 6316/6316/6316 6317/6317/6317 6321/6321/6321
f 6321/6321/6321 6319/6319/6319 6015/6015/6015
f 6320/6320/6320 6322/6322/6322 6302/6302/6302
f 6322/6322/6322 6307/6307/6307 6302/6302/6302
f 6323/6323/6323 6321/6321/6321 6015/6015/6015
f 6014/6014/6014 6323/6323/6323 6015/6015/6015
f 6316/6316/6316 6324/6324/6324 6320/6320/6320
f 6320/6320/6320 6324/6324/6324 6322/6322/6322
f 6325/6325/6325 6307/6307/6307 6322/6322/6322
f 6325/6325/6325 6308/6308/6308 6307/6307/6307
f 6326/6326/6326 6316/6316/6316 6321/6321/6321
f 6326/6326/6326 6321/6321/6321 6323/6323/6323
f 6014/6014/6014 6327/6327/6327 6323/6323/6323
f 6012/6012/6012 6327/6327/6327 6014/6014/6014
f 6324/6324/6324 6328/6328/6328 6322/6322/6322
f 6328/6328/6328 6325/6325/6325 6322/6322/6322
f 6308/6308/6308 6325/6325/6325 6329/6329/6329
f 6330/6330/6330 6308/6308/6308 6329/6329/6329
f 6325/6325/6325 6328/6328/6328 6331/6331/6331
f 6328/6328/6328 6324/6324/6324 6331/6331/6331
f 6329/6329/6329 6325/6325/6325 6331/6331/6331
f 6329/6329/6329 6331/6331/6331 6332/6332/6332
f 6324/6324/6324 6316/6316/6316 6333/6333/6333
f 6324/6324/6324 6333/6333/6333 6331/6331/6331
f 6316/6316/6316 6326/6326/6326 6333/6333/6333
f 6331/6331/6331 6333/6333/6333 6332/6332/6332
f 6330/6330/6330 6329/6329/6329 6334/6334/6334
f 6334/6334/6334 6329/6329/6329 6332/6332/6332
f 6335/6335/6335 6330/6330/6330 6334/6334/6334
f 6336/6336/6336 6335/6335/6335 6334/6334/6334
f 6337/6337/6337 6336/6336/6336 6334/6334/6334
f 6337/6337/6337 6334/6334/6334 6332/6332/6332
f 6067/6067/6067 6336/6336/6336 6337/6337/6337
f 6071/6071/6071 6067/6067/6067 6337/6337/6337
f 6333/6333/6333 6326/6326/6326 6338/6338/6338
f 6333/6333/6333 6338/6338/6338 6332/6332/6332
f 6339/6339/6339 6337/6337/6337 6332/6332/6332
f 6071/6071/6071 6337/6337/6337 6339/6339/6339
f 6326/6326/6326 6340/6340/6340 6338/6338/6338
f 6340/6340/6340 6326/6326/6326 6323/6323/6323
f 6327/6327/6327 6340/6340/6340 6323/6323/6323
f 6340/6340/6340 6327/6327/6327 6338/6338/6338
f 6338/6338/6338 6341/6341/6341 6332/6332/6332
f 6327/6327/6327 6341/6341/6341 6338/6338/6338
f 6341/6341/6341 6339/6339/6339 6332/6332/6332
f 6327/6327/6327 6012/6012/6012 6341/6341/6341
f 6012/6012/6012 6073/6073/6073 6341/6341/6341
f 6341/6341/6341 6073/6073/6073 6339/6339/6339
f 6342/6342/6342 6071/6071/6071 6339/6339/6339
f 6073/6073/6073 6342/6342/6342 6339/6339/6339
f 6071/6071/6071 6342/6342/6342 6070/6070/6070
f 6342/6342/6342 6073/6073/6073 6070/6070/6070
