mtllib Bottle_2bec3ee8.mtl
g Bottle_2bec3ee8
v 1.26221 1.79926 -3.25089
v 1.27581 1.82037 -3.26696
v 1.29455 1.79926 -3.25089
v 1.22171 1.79895 -3.31269
v 1.22387 1.78772 -3.32375
v 1.22986 1.79926 -3.31985
v 1.21744 1.59394 -3.31732
v 1.22387 1.59394 -3.32375
v 1.22387 1.58751 -3.31732
v 1.27256 1.82439 -3.29968
v 1.28341 1.82067 -3.29616
v 1.27889 1.82439 -3.29335
v 1.27889 1.82439 -3.2774
v 1.27581 1.82037 -3.26696
v 1.27256 1.82439 -3.27107
v 1.22045 1.59513 -3.25462
v 1.22506 1.59051 -3.25462
v 1.22506 1.59513 -3.25
v 1.27515 1.81804 -3.26894
v 1.29364 1.7974 -3.25337
v 1.30029 1.79701 -3.25902
v 1.2717 1.82231 -3.29745
v 1.27684 1.82218 -3.29244
v 1.28156 1.81826 -3.29547
v 1.29364 1.7974 -3.31738
v 1.30029 1.79701 -3.31173
v 1.2717 1.82231 -3.29745
v 1.26672 1.83468 -3.29076
v 1.26833 1.83469 -3.28882
v 1.27169 1.82231 -3.2733
v 1.26672 1.83468 -3.27999
v 1.26221 1.83498 -3.27825
v 1.26221 1.82269 -3.2736
v 1.26221 1.81837 -3.26921
v 1.27515 1.81804 -3.26894
v 1.26221 1.79783 -3.25358
v 1.26221 1.59394 -3.247
v 1.30054 1.78772 -3.247
v 1.30054 1.59394 -3.247
v 1.26221 1.78772 -3.247
v 1.22387 1.59394 -3.247
v 1.29455 1.79926 -3.25089
v 1.22387 1.78772 -3.247
v 1.26221 1.79926 -3.25089
v 1.22986 1.79926 -3.25089
v 1.26221 1.82037 -3.26696
v 1.27581 1.82037 -3.26696
v 1.2486 1.82037 -3.26696
v 1.27256 1.82439 -3.27107
v 1.26221 1.82439 -3.27107
v 1.25185 1.82439 -3.27107
v 1.25517 1.83107 -3.27469
v 1.26221 1.83107 -3.27346
v 1.26924 1.83107 -3.27469
v 1.3027 1.79895 -3.25806
v 1.30054 1.78772 -3.247
v 1.29455 1.79926 -3.25089
v 1.30697 1.78772 -3.25343
v 1.30697 1.59394 -3.25343
v 1.30054 1.59394 -3.247
v 1.30054 1.58751 -3.25343
v 1.30697 1.78772 -3.28537
v 1.30697 1.59394 -3.28537
v 1.3027 1.79895 -3.28537
v 1.30697 1.78772 -3.31732
v 1.30697 1.59394 -3.31732
v 1.3027 1.79895 -3.31269
v 1.28341 1.82067 -3.29616
v 1.28341 1.82067 -3.28537
v 1.28341 1.82067 -3.27459
v 1.27889 1.82439 -3.29335
v 1.27889 1.82439 -3.28537
v 1.27889 1.82439 -3.2774
v 1.27399 1.83107 -3.27921
v 1.27526 1.83107 -3.28537
v 1.27399 1.83107 -3.29153
v 1.22171 1.79895 -3.25806
v 1.22986 1.79926 -3.25089
v 1.22387 1.78772 -3.247
v 1.21744 1.78772 -3.25343
v 1.22387 1.59394 -3.247
v 1.21744 1.59394 -3.25343
v 1.26924 1.83107 -3.27469
v 1.27889 1.82439 -3.2774
v 1.27256 1.82439 -3.27107
v 1.27399 1.83107 -3.27921
v 1.25185 1.82439 -3.27107
v 1.25042 1.83107 -3.27921
v 1.25517 1.83107 -3.27469
v 1.24552 1.82439 -3.2774
v 1.24915 1.83107 -3.28537
v 1.24552 1.82439 -3.28537
v 1.25042 1.83107 -3.29153
v 1.241 1.82067 -3.28537
v 1.241 1.82067 -3.27459
v 1.24552 1.82439 -3.29335
v 1.25517 1.83107 -3.29606
v 1.25185 1.82439 -3.29968
v 1.241 1.82067 -3.29616
v 1.22171 1.79895 -3.31269
v 1.22171 1.79895 -3.28537
v 1.22171 1.79895 -3.25806
v 1.21744 1.78772 -3.31732
v 1.22387 1.78772 -3.32375
v 1.21744 1.59394 -3.31732
v 1.21744 1.78772 -3.28537
v 1.21744 1.78772 -3.25343
v 1.21744 1.59394 -3.28537
v 1.21744 1.59394 -3.25343
v 1.27399 1.83107 -3.27921
v 1.26924 1.83107 -3.27469
v 1.2692 1.83252 -3.2747
v 1.27394 1.83252 -3.27922
v 1.26924 1.83107 -3.27469
v 1.26221 1.83252 -3.27346
v 1.2692 1.83252 -3.2747
v 1.26221 1.83107 -3.27346
v 1.25521 1.83252 -3.2747
v 1.25517 1.83107 -3.27469
v 1.25517 1.83107 -3.27469
v 1.25047 1.83252 -3.27922
v 1.25521 1.83252 -3.2747
v 1.25042 1.83107 -3.27921
v 1.24919 1.83252 -3.28537
v 1.24915 1.83107 -3.28537
v 1.25047 1.83252 -3.29153
v 1.25042 1.83107 -3.29153
v 1.29455 1.79926 -3.31985
v 1.30697 1.78772 -3.31732
v 1.3027 1.79895 -3.31269
v 1.30054 1.78772 -3.32375
v 1.30054 1.59394 -3.32375
v 1.30697 1.59394 -3.31732
v 1.30054 1.58751 -3.31732
v 1.27256 1.82439 -3.29968
v 1.27399 1.83107 -3.29153
v 1.26924 1.83107 -3.29606
v 1.27889 1.82439 -3.29335
v 1.25185 1.82439 -3.29968
v 1.26221 1.83107 -3.29729
v 1.25517 1.83107 -3.29606
v 1.26221 1.82439 -3.29968
v 1.26924 1.83107 -3.29606
v 1.27256 1.82439 -3.29968
v 1.27581 1.82037 -3.30379
v 1.26221 1.82037 -3.30379
v 1.2486 1.82037 -3.30379
v 1.29455 1.79926 -3.31985
v 1.26221 1.79926 -3.31985
v 1.22986 1.79926 -3.31985
v 1.30054 1.78772 -3.32375
v 1.26221 1.78772 -3.32375
v 1.22387 1.78772 -3.32375
v 1.30054 1.59394 -3.32375
v 1.26221 1.59394 -3.32375
v 1.30054 1.58751 -3.31732
v 1.22387 1.59394 -3.32375
v 1.26221 1.58751 -3.31732
v 1.22387 1.58751 -3.31732
v 1.26221 1.83107 -3.29729
v 1.26924 1.83107 -3.29606
v 1.2692 1.83252 -3.29605
v 1.26221 1.83252 -3.29729
v 1.25517 1.83107 -3.29606
v 1.25521 1.83252 -3.29605
v 1.26924 1.83107 -3.29606
v 1.27394 1.83252 -3.29153
v 1.2692 1.83252 -3.29605
v 1.27399 1.83107 -3.29153
v 1.27522 1.83252 -3.28537
v 1.27526 1.83107 -3.28537
v 1.27394 1.83252 -3.27922
v 1.27399 1.83107 -3.27921
v 1.25042 1.83107 -3.29153
v 1.25517 1.83107 -3.29606
v 1.25521 1.83252 -3.29605
v 1.25047 1.83252 -3.29153
v 1.21744 1.59394 -3.25343
v 1.22387 1.59394 -3.247
v 1.22387 1.58751 -3.25343
v 1.22387 1.58751 -3.28537
v 1.21744 1.59394 -3.28537
v 1.22387 1.58751 -3.31732
v 1.21744 1.59394 -3.31732
v 1.30697 1.59394 -3.31732
v 1.30054 1.58751 -3.31732
v 1.30054 1.58751 -3.28537
v 1.30697 1.59394 -3.28537
v 1.30054 1.58751 -3.25343
v 1.30697 1.59394 -3.25343
v 1.24552 1.82439 -3.2774
v 1.25185 1.82439 -3.27107
v 1.2486 1.82037 -3.26696
v 1.241 1.82067 -3.27459
v 1.22986 1.79926 -3.25089
v 1.241 1.82067 -3.27459
v 1.2486 1.82037 -3.26696
v 1.22171 1.79895 -3.25806
v 1.24552 1.82439 -3.29335
v 1.241 1.82067 -3.29616
v 1.2486 1.82037 -3.30379
v 1.25185 1.82439 -3.29968
v 1.2486 1.82037 -3.30379
v 1.241 1.82067 -3.29616
v 1.22171 1.79895 -3.31269
v 1.22986 1.79926 -3.31985
v 1.27256 1.82439 -3.29968
v 1.27581 1.82037 -3.30379
v 1.28341 1.82067 -3.29616
v 1.29455 1.79926 -3.31985
v 1.3027 1.79895 -3.31269
v 1.27889 1.82439 -3.2774
v 1.28341 1.82067 -3.27459
v 1.27581 1.82037 -3.26696
v 1.3027 1.79895 -3.25806
v 1.29455 1.79926 -3.25089
v 1.26221 1.59394 -3.247
v 1.22387 1.58751 -3.25343
v 1.22387 1.59394 -3.247
v 1.26221 1.58751 -3.25343
v 1.30054 1.59394 -3.247
v 1.30054 1.58751 -3.25343
v 1.26221 1.58751 -3.31732
v 1.22387 1.58751 -3.31732
v 1.22387 1.58751 -3.28537
v 1.26221 1.58751 -3.28537
v 1.30054 1.58751 -3.31732
v 1.22387 1.58751 -3.25343
v 1.30054 1.58751 -3.28537
v 1.26221 1.58751 -3.25343
v 1.30054 1.58751 -3.25343
v 1.27399 1.83107 -3.27921
v 1.27526 1.83107 -3.28537
v 1.27399 1.83107 -3.29153
v 1.26924 1.83107 -3.27469
v 1.26924 1.83107 -3.29606
v 1.26221 1.83107 -3.27346
v 1.26221 1.83107 -3.29729
v 1.25517 1.83107 -3.27469
v 1.25517 1.83107 -3.29606
v 1.25042 1.83107 -3.27921
v 1.25042 1.83107 -3.29153
v 1.24915 1.83107 -3.28537
v 1.30029 1.79701 -3.25902
v 1.29364 1.7974 -3.25337
v 1.29924 1.78698 -3.24996
v 1.30401 1.78693 -3.25475
v 1.30396 1.59513 -3.25462
v 1.29935 1.59513 -3.25
v 1.29935 1.59051 -3.25462
v 1.26221 1.79783 -3.25358
v 1.29364 1.7974 -3.25337
v 1.27515 1.81804 -3.26894
v 1.26221 1.78722 -3.25
v 1.29924 1.78698 -3.24996
v 1.26221 1.59518 -3.25
v 1.29935 1.59513 -3.25
v 1.26221 1.59051 -3.25467
v 1.29935 1.59051 -3.25462
v 1.22506 1.59051 -3.25462
v 1.22506 1.59513 -3.25
v 1.22517 1.78698 -3.24996
v 1.23077 1.7974 -3.25337
v 1.26221 1.81837 -3.26921
v 1.24926 1.81804 -3.26894
v 1.26221 1.82269 -3.2736
v 1.25272 1.82231 -3.2733
v 1.25769 1.83468 -3.27999
v 1.26221 1.83498 -3.27825
v 1.27169 1.82231 -3.2733
v 1.22412 1.79701 -3.25902
v 1.22517 1.78698 -3.24996
v 1.23077 1.7974 -3.25337
v 1.2204 1.78693 -3.25475
v 1.22506 1.59513 -3.25
v 1.22045 1.59513 -3.25462
v 1.22044 1.59518 -3.28537
v 1.22044 1.78717 -3.28537
v 1.22045 1.59513 -3.31613
v 1.22432 1.79737 -3.28537
v 1.24285 1.81826 -3.27528
v 1.2204 1.78693 -3.316
v 1.24309 1.81851 -3.28537
v 1.24757 1.82218 -3.27831
v 1.22412 1.79701 -3.31173
v 1.22517 1.78698 -3.32079
v 1.23077 1.7974 -3.31738
v 1.22506 1.59513 -3.32074
v 1.22506 1.59051 -3.31613
v 1.24285 1.81826 -3.29547
v 1.24784 1.82243 -3.28537
v 1.24757 1.82218 -3.29244
v 1.25476 1.83494 -3.28537
v 1.25608 1.83469 -3.28193
v 1.25272 1.82231 -3.2733
v 1.25769 1.83468 -3.27999
v 1.25608 1.83469 -3.28882
v 1.25769 1.83468 -3.29076
v 1.25272 1.82231 -3.29745
v 1.29364 1.7974 -3.31738
v 1.30029 1.79701 -3.31173
v 1.30401 1.78693 -3.316
v 1.29924 1.78698 -3.32079
v 1.29935 1.59513 -3.32074
v 1.30396 1.59513 -3.31613
v 1.29935 1.59051 -3.31613
v 1.22506 1.59513 -3.32074
v 1.26221 1.59051 -3.31608
v 1.22506 1.59051 -3.31613
v 1.26221 1.59518 -3.32075
v 1.29935 1.59051 -3.31613
v 1.22517 1.78698 -3.32079
v 1.29935 1.59513 -3.32074
v 1.26221 1.78722 -3.32075
v 1.23077 1.7974 -3.31738
v 1.29924 1.78698 -3.32079
v 1.26221 1.79783 -3.31717
v 1.24926 1.81804 -3.3018
v 1.29364 1.7974 -3.31738
v 1.26221 1.81837 -3.30153
v 1.27515 1.81804 -3.3018
v 1.25272 1.82231 -3.29745
v 1.26221 1.82269 -3.29714
v 1.2717 1.82231 -3.29745
v 1.26672 1.83468 -3.29076
v 1.26221 1.83498 -3.2925
v 1.25769 1.83468 -3.29076
v 1.24757 1.82218 -3.27831
v 1.24926 1.81804 -3.26894
v 1.25272 1.82231 -3.2733
v 1.24285 1.81826 -3.27528
v 1.23077 1.7974 -3.25337
v 1.22412 1.79701 -3.25902
v 1.27684 1.82218 -3.27831
v 1.27169 1.82231 -3.2733
v 1.27515 1.81804 -3.26894
v 1.28156 1.81826 -3.27528
v 1.30029 1.79701 -3.25902
v 1.2717 1.82231 -3.29745
v 1.28156 1.81826 -3.29547
v 1.27515 1.81804 -3.3018
v 1.29364 1.7974 -3.31738
v 1.24757 1.82218 -3.29244
v 1.25272 1.82231 -3.29745
v 1.24926 1.81804 -3.3018
v 1.24285 1.81826 -3.29547
v 1.22412 1.79701 -3.31173
v 1.23077 1.7974 -3.31738
v 1.22044 1.59518 -3.28537
v 1.22045 1.59513 -3.31613
v 1.22506 1.59051 -3.31613
v 1.22511 1.59051 -3.28537
v 1.22045 1.59513 -3.25462
v 1.22506 1.59051 -3.25462
v 1.26221 1.59051 -3.31608
v 1.22511 1.59051 -3.28537
v 1.22506 1.59051 -3.31613
v 1.26221 1.59051 -3.28537
v 1.29935 1.59051 -3.31613
v 1.22506 1.59051 -3.25462
v 1.2993 1.59051 -3.28537
v 1.26221 1.59051 -3.25467
v 1.29935 1.59051 -3.25462
v 1.30396 1.59513 -3.31613
v 1.2993 1.59051 -3.28537
v 1.29935 1.59051 -3.31613
v 1.30397 1.59518 -3.28537
v 1.29935 1.59051 -3.25462
v 1.30401 1.78693 -3.316
v 1.30396 1.59513 -3.25462
v 1.30397 1.78717 -3.28537
v 1.30029 1.79701 -3.31173
v 1.30401 1.78693 -3.25475
v 1.30009 1.79737 -3.28537
v 1.28156 1.81826 -3.29547
v 1.30029 1.79701 -3.25902
v 1.28132 1.81851 -3.28537
v 1.28156 1.81826 -3.27528
v 1.27684 1.82218 -3.29244
v 1.27657 1.82243 -3.28537
v 1.27684 1.82218 -3.27831
v 1.26965 1.83494 -3.28537
v 1.26833 1.83469 -3.28882
v 1.2717 1.82231 -3.29745
v 1.26833 1.83469 -3.28193
v 1.26672 1.83468 -3.27999
v 1.27169 1.82231 -3.2733
v 1.25476 1.83494 -3.28537
v 1.25476 1.88902 -3.28537
v 1.25608 1.88877 -3.28193
v 1.25608 1.83469 -3.28193
v 1.25769 1.88876 -3.27999
v 1.25769 1.83468 -3.27999
v 1.25608 1.83469 -3.28882
v 1.25476 1.88902 -3.28537
v 1.25476 1.83494 -3.28537
v 1.25608 1.88877 -3.28882
v 1.25769 1.83468 -3.29076
v 1.25769 1.88876 -3.29076
v 1.26833 1.88877 -3.28882
v 1.26965 1.88902 -3.28537
v 1.26833 1.88877 -3.28193
v 1.26672 1.88876 -3.27999
v 1.26672 1.88876 -3.29076
v 1.26221 1.88906 -3.27825
v 1.26221 1.88906 -3.2925
v 1.25769 1.88876 -3.29076
v 1.25769 1.88876 -3.27999
v 1.25608 1.88877 -3.28882
v 1.25608 1.88877 -3.28193
v 1.25476 1.88902 -3.28537
v 1.26833 1.83469 -3.28882
v 1.26672 1.88876 -3.29076
v 1.26672 1.83468 -3.29076
v 1.26833 1.88877 -3.28882
v 1.26965 1.83494 -3.28537
v 1.26965 1.88902 -3.28537
v 1.26833 1.83469 -3.28193
v 1.26965 1.88902 -3.28537
v 1.26965 1.83494 -3.28537
v 1.26833 1.88877 -3.28193
v 1.26672 1.83468 -3.27999
v 1.26672 1.88876 -3.27999
v 1.26221 1.83498 -3.2925
v 1.26221 1.88906 -3.2925
v 1.25769 1.88876 -3.29076
v 1.25769 1.83468 -3.29076
v 1.26672 1.83468 -3.29076
v 1.26221 1.88906 -3.2925
v 1.26221 1.83498 -3.2925
v 1.26672 1.88876 -3.29076
v 1.25769 1.83468 -3.27999
v 1.25769 1.88876 -3.27999
v 1.26221 1.88906 -3.27825
v 1.26221 1.83498 -3.27825
v 1.26221 1.83498 -3.27825
v 1.26221 1.88906 -3.27825
v 1.26672 1.88876 -3.27999
v 1.26672 1.83468 -3.27999
v 1.26221 1.87202 -3.27298
v 1.25601 1.87202 -3.27464
v 1.25601 1.89314 -3.27464
v 1.26221 1.89314 -3.27298
v 1.2684 1.87202 -3.27464
v 1.2684 1.89314 -3.27464
v 1.26811 1.89548 -3.27514
v 1.26221 1.89548 -3.27356
v 1.2563 1.89548 -3.27514
v 1.2684 1.89314 -3.27464
v 1.26811 1.89548 -3.27514
v 1.27244 1.89548 -3.27947
v 1.27294 1.89314 -3.27918
v 1.27294 1.87202 -3.27918
v 1.2684 1.87202 -3.27464
v 1.24981 1.87202 -3.28537
v 1.25147 1.87202 -3.29157
v 1.25147 1.89314 -3.29157
v 1.24981 1.89314 -3.28537
v 1.25147 1.87202 -3.27918
v 1.25039 1.89548 -3.28537
v 1.25197 1.89548 -3.29128
v 1.25197 1.89548 -3.27947
v 1.25147 1.89314 -3.27918
v 1.25601 1.87202 -3.27464
v 1.2563 1.89548 -3.27514
v 1.25601 1.89314 -3.27464
v 1.25147 1.87202 -3.29157
v 1.25601 1.87202 -3.29611
v 1.25601 1.89314 -3.29611
v 1.25147 1.89314 -3.29157
v 1.25197 1.89548 -3.29128
v 1.2563 1.89548 -3.29561
v 1.2746 1.87202 -3.28537
v 1.27294 1.87202 -3.27918
v 1.27294 1.89314 -3.27918
v 1.2746 1.89314 -3.28537
v 1.27294 1.87202 -3.29157
v 1.27402 1.89548 -3.28537
v 1.27244 1.89548 -3.27947
v 1.27244 1.89548 -3.29128
v 1.27294 1.89314 -3.29157
v 1.2684 1.87202 -3.29611
v 1.26811 1.89548 -3.29561
v 1.2684 1.89314 -3.29611
v 1.26221 1.87202 -3.29777
v 1.2684 1.87202 -3.29611
v 1.2684 1.89314 -3.29611
v 1.26221 1.89314 -3.29777
v 1.25601 1.87202 -3.29611
v 1.25601 1.89314 -3.29611
v 1.2563 1.89548 -3.29561
v 1.26221 1.89548 -3.29719
v 1.26811 1.89548 -3.29561
v 1.27244 1.89548 -3.29128
v 1.27402 1.89548 -3.28537
v 1.27244 1.89548 -3.27947
v 1.26811 1.89548 -3.29561
v 1.26811 1.89548 -3.27514
v 1.26221 1.89548 -3.29719
v 1.26221 1.89548 -3.27356
v 1.2563 1.89548 -3.29561
v 1.2563 1.89548 -3.27514
v 1.25197 1.89548 -3.29128
v 1.25197 1.89548 -3.27947
v 1.25039 1.89548 -3.28537
v 1.26221 1.87093 -3.27341
v 1.25618 1.87093 -3.275
v 1.25622 1.87273 -3.27501
v 1.25622 1.87273 -3.29574
v 1.26221 1.88861 -3.29669
v 1.25655 1.88861 -3.29518
v 1.26221 1.87273 -3.29734
v 1.26786 1.88861 -3.29518
v 1.25618 1.87093 -3.29575
v 1.26819 1.87273 -3.29574
v 1.26221 1.87093 -3.29734
v 1.26823 1.87093 -3.29575
v 1.25184 1.87273 -3.29136
v 1.25655 1.88861 -3.29518
v 1.2524 1.88861 -3.29103
v 1.25622 1.87273 -3.29574
v 1.25178 1.87093 -3.29137
v 1.25618 1.87093 -3.29575
v 1.26819 1.87273 -3.29574
v 1.27201 1.88861 -3.29103
v 1.26786 1.88861 -3.29518
v 1.27257 1.87273 -3.29136
v 1.26823 1.87093 -3.29575
v 1.27352 1.88861 -3.28537
v 1.27263 1.87093 -3.29137
v 1.27417 1.87273 -3.28537
v 1.27201 1.88861 -3.27971
v 1.27257 1.87273 -3.27939
v 1.27422 1.87093 -3.28537
v 1.27263 1.87093 -3.27938
v 1.25178 1.87093 -3.29137
v 1.25019 1.87093 -3.28537
v 1.25184 1.87273 -3.29136
v 1.25178 1.87093 -3.27938
v 1.25618 1.87093 -3.275
v 1.25024 1.87273 -3.28537
v 1.2524 1.88861 -3.29103
v 1.25089 1.88861 -3.28537
v 1.25184 1.87273 -3.27939
v 1.25622 1.87273 -3.27501
v 1.2524 1.88861 -3.27971
v 1.25655 1.88861 -3.27557
v 1.26819 1.87273 -3.27501
v 1.26221 1.88861 -3.27405
v 1.26786 1.88861 -3.27557
v 1.26221 1.87273 -3.27341
v 1.25655 1.88861 -3.27557
v 1.25622 1.87273 -3.27501
v 1.26823 1.87093 -3.275
v 1.26221 1.87093 -3.27341
v 1.2692 1.83252 -3.2747
v 1.26221 1.83252 -3.27346
v 1.25618 1.87093 -3.275
v 1.25521 1.83252 -3.2747
v 1.27257 1.87273 -3.27939
v 1.26786 1.88861 -3.27557
v 1.27201 1.88861 -3.27971
v 1.26819 1.87273 -3.27501
v 1.27263 1.87093 -3.27938
v 1.26823 1.87093 -3.275
v 1.26221 1.6157 -3.24637
v 1.29538 1.78342 -3.24637
v 1.29538 1.6157 -3.24637
v 1.26221 1.78342 -3.24637
v 1.22903 1.6157 -3.24637
v 1.22903 1.78342 -3.24637
v 1.26221 1.6157 -3.3239
v 1.22903 1.78342 -3.3239
v 1.22903 1.6157 -3.3239
v 1.26221 1.78342 -3.3239
v 1.29538 1.6157 -3.3239
v 1.29538 1.78342 -3.3239
vn 1.2622 2.001906 -2.789251
vn 1.344793 2.10145 -2.872312
vn 1.354686 2.031821 -2.817375
vn 0.8211313 2.061991 -3.3972
vn 1.178593 1.717648 -3.856534
vn 1.169718 2.031813 -3.753384
vn 0.6929008 1.689333 -3.379889
vn 1.180909 1.689129 -3.856708
vn 1.18499 1.141712 -3.376201
vn 1.409459 2.105171 -3.676281
vn 1.641657 2.129565 -3.387673
vn 1.628711 2.123817 -3.443336
vn 1.621757 2.130363 -3.128867
vn 1.344793 2.10145 -2.872312
vn 1.417162 2.102156 -2.894387
vn 1.834603 1.71962 -3.359672
vn 1.322792 2.276233 -3.35752
vn 1.325185 1.719606 -3.859134
vn 1.187262 1.315806 -3.703683
vn 1.179123 1.386647 -3.758714
vn 0.8155242 1.354681 -3.385133
vn 1.112423 1.330075 -2.874143
vn 0.8714582 1.312806 -3.125493
vn 0.8780578 1.286217 -3.190362
vn 1.169761 1.380862 -2.817756
vn 0.8115225 1.35824 -3.191287
vn 1.112423 1.330075 -2.874143
vn 1.081317 1.434018 -2.809665
vn 0.8700908 1.37138 -3.026154
vn 1.10407 1.340297 -3.702671
vn 0.9971896 1.380572 -3.681349
vn 1.29341 1.462638 -3.807709
vn 1.271511 1.407542 -3.779136
vn 1.263039 1.348135 -3.737947
vn 1.187262 1.315806 -3.703683
vn 1.262666 1.408952 -3.780074
vn 1.2622 1.688095 -2.708324
vn 1.34581 1.717649 -2.714219
vn 1.343494 1.68913 -2.714046
vn 1.2622 1.716944 -2.708119
vn 1.180907 1.689129 -2.714046
vn 1.354686 2.031821 -2.817375
vn 1.178268 1.716936 -2.714253
vn 1.2622 2.001906 -2.789251
vn 1.157993 2.037875 -2.824133
vn 1.2622 2.064613 -2.832414
vn 1.344793 2.10145 -2.872312
vn 1.149865 2.114402 -2.892401
vn 1.417162 2.102156 -2.894387
vn 1.253613 2.026973 -2.805132
vn 1.115361 2.101945 -2.891053
vn 1.109884 2.00876 -2.817567
vn 1.238447 1.924188 -2.751116
vn 1.47235 2.037601 -2.861557
vn 1.703268 2.061994 -3.173558
vn 1.34581 1.717649 -2.714219
vn 1.354686 2.031821 -2.817375
vn 1.831277 1.717754 -3.188627
vn 1.8315 1.689333 -3.190864
vn 1.343494 1.68913 -2.714046
vn 1.339412 1.141712 -3.194552
vn 1.839438 1.71803 -3.285377
vn 1.839253 1.688095 -3.285377
vn 1.735384 2.037424 -3.285377
vn 1.831209 1.7191 -3.382366
vn 1.831501 1.689333 -3.379882
vn 1.707516 2.058767 -3.390356
vn 1.641657 2.129565 -3.387673
vn 1.686705 2.097939 -3.285377
vn 1.61939 2.138997 -3.148265
vn 1.628711 2.123817 -3.443336
vn 1.703308 2.079009 -3.276147
vn 1.621757 2.130363 -3.128867
vn 1.683165 2.044833 -3.081085
vn 1.756191 2.004612 -3.262827
vn 1.651709 2.060454 -3.522903
vn 0.8169225 2.05945 -3.182552
vn 1.157993 2.037875 -2.824133
vn 1.178268 1.716936 -2.714253
vn 0.6930814 1.71849 -3.18896
vn 1.180907 1.689129 -2.714046
vn 0.6929002 1.689333 -3.190868
vn 1.47235 2.037601 -2.861557
vn 1.621757 2.130363 -3.128867
vn 1.417162 2.102156 -2.894387
vn 1.683165 2.044833 -3.081085
vn 1.115361 2.101945 -2.891053
vn 0.8726971 2.060455 -3.047842
vn 1.109884 2.00876 -2.817567
vn 0.9002852 2.125278 -3.120825
vn 0.7681989 2.004594 -3.307928
vn 0.8210974 2.079014 -3.294608
vn 0.8412244 2.044807 -3.489688
vn 0.8376946 2.097938 -3.285377
vn 0.8837143 2.13023 -3.182238
vn 0.9026529 2.130371 -3.441887
vn 1.052051 2.03762 -3.709182
vn 1.107244 2.10217 -3.676354
vn 0.9050111 2.138998 -3.42249
vn 0.8211313 2.061991 -3.3972
vn 0.7890172 2.037426 -3.285377
vn 0.8169225 2.05945 -3.182552
vn 0.6931236 1.717754 -3.38213
vn 1.178593 1.717648 -3.856534
vn 0.6929008 1.689333 -3.379889
vn 0.6849626 1.718031 -3.285377
vn 0.6930814 1.71849 -3.18896
vn 0.6851472 1.688095 -3.285377
vn 0.6929002 1.689333 -3.190868
vn 1.765736 1.724865 -3.003503
vn 1.518128 1.716501 -2.767944
vn 1.521081 1.713531 -2.769366
vn 1.765967 1.724007 -3.003863
vn 1.518128 1.716501 -2.767944
vn 1.260738 1.709262 -2.708034
vn 1.521081 1.713531 -2.769366
vn 1.261726 1.706253 -2.708027
vn 1.006134 1.717962 -2.768042
vn 1.007166 1.717095 -2.767514
vn 1.007166 1.717095 -2.767514
vn 0.7597324 1.722716 -3.001475
vn 1.006134 1.717962 -2.768042
vn 0.7591009 1.724652 -3.002712
vn 0.6851112 1.723927 -3.286821
vn 0.6850569 1.722072 -3.285841
vn 0.7584279 1.724007 -3.566881
vn 0.7586618 1.724834 -3.567247
vn 1.365347 2.037423 -3.747182
vn 1.831209 1.7191 -3.382366
vn 1.707516 2.058767 -3.390356
vn 1.345988 1.716852 -3.856523
vn 1.343492 1.68913 -3.856707
vn 1.831501 1.689333 -3.379882
vn 1.339415 1.141713 -3.376201
vn 1.409459 2.105171 -3.676281
vn 1.651709 2.060454 -3.522903
vn 1.414517 2.008773 -3.753178
vn 1.628711 2.123817 -3.443336
vn 1.107244 2.10217 -3.676354
vn 1.285953 1.924198 -3.819633
vn 1.052051 2.03762 -3.709182
vn 1.270787 2.026992 -3.765609
vn 1.414517 2.008773 -3.753178
vn 1.409459 2.105171 -3.676281
vn 1.375504 2.114579 -3.677889
vn 1.2622 2.06461 -3.738342
vn 1.179608 2.101448 -3.698443
vn 1.365347 2.037423 -3.747182
vn 1.2622 2.001901 -3.781505
vn 1.169718 2.031813 -3.753384
vn 1.345988 1.716852 -3.856523
vn 1.2622 1.716943 -3.862634
vn 1.178593 1.717648 -3.856534
vn 1.343492 1.68913 -3.856707
vn 1.2622 1.688095 -3.862429
vn 1.339415 1.141713 -3.376201
vn 1.180909 1.689129 -3.856708
vn 1.2622 1.137205 -3.380757
vn 1.18499 1.141712 -3.376201
vn 1.262665 1.706242 -3.862726
vn 1.517252 1.717044 -3.803231
vn 1.518268 1.717963 -3.80271
vn 1.263662 1.709261 -3.862719
vn 1.006317 1.716374 -3.802834
vn 1.003329 1.713526 -3.801391
vn 1.517252 1.717044 -3.803231
vn 1.764669 1.722721 -3.569277
vn 1.518268 1.717963 -3.80271
vn 1.765297 1.724665 -3.568044
vn 1.839289 1.723928 -3.283945
vn 1.839344 1.722054 -3.284915
vn 1.765967 1.724007 -3.003863
vn 1.765736 1.724865 -3.003503
vn 0.7586618 1.724834 -3.567247
vn 1.006317 1.716374 -3.802834
vn 1.003329 1.713526 -3.801391
vn 0.7584279 1.724007 -3.566881
vn 0.6929002 1.689333 -3.190868
vn 1.180907 1.689129 -2.714046
vn 1.184986 1.141713 -3.194553
vn 1.180132 1.135134 -3.285377
vn 0.6851472 1.688095 -3.285377
vn 1.18499 1.141712 -3.376201
vn 0.6929008 1.689333 -3.379889
vn 1.831501 1.689333 -3.379882
vn 1.339415 1.141713 -3.376201
vn 1.344268 1.135134 -3.285377
vn 1.839253 1.688095 -3.285377
vn 1.339412 1.141712 -3.194552
vn 1.8315 1.689333 -3.190864
vn 0.9002852 2.125278 -3.120825
vn 1.115361 2.101945 -2.891053
vn 1.149865 2.114402 -2.892401
vn 0.8837143 2.13023 -3.182238
vn 1.157993 2.037875 -2.824133
vn 0.8837143 2.13023 -3.182238
vn 1.149865 2.114402 -2.892401
vn 0.8169225 2.05945 -3.182552
vn 0.9026529 2.130371 -3.441887
vn 0.9050111 2.138998 -3.42249
vn 1.179608 2.101448 -3.698443
vn 1.107244 2.10217 -3.676354
vn 1.179608 2.101448 -3.698443
vn 0.9050111 2.138998 -3.42249
vn 0.8211313 2.061991 -3.3972
vn 1.169718 2.031813 -3.753384
vn 1.409459 2.105171 -3.676281
vn 1.375504 2.114579 -3.677889
vn 1.641657 2.129565 -3.387673
vn 1.365347 2.037423 -3.747182
vn 1.707516 2.058767 -3.390356
vn 1.621757 2.130363 -3.128867
vn 1.61939 2.138997 -3.148265
vn 1.344793 2.10145 -2.872312
vn 1.703268 2.061994 -3.173558
vn 1.354686 2.031821 -2.817375
vn 1.2622 1.688095 -2.708324
vn 1.184986 1.141713 -3.194553
vn 1.180907 1.689129 -2.714046
vn 1.2622 1.137205 -3.189996
vn 1.343494 1.68913 -2.714046
vn 1.339412 1.141712 -3.194552
vn 1.2622 1.137205 -3.380757
vn 1.18499 1.141712 -3.376201
vn 1.180132 1.135134 -3.285377
vn 1.2622 1.129272 -3.285377
vn 1.339415 1.141713 -3.376201
vn 1.184986 1.141713 -3.194553
vn 1.344268 1.135134 -3.285377
vn 1.2622 1.137205 -3.189996
vn 1.339412 1.141712 -3.194552
vn 1.262199 1.129272 -3.285377
vn 1.262144 1.129272 -3.285377
vn 1.262184 1.129272 -3.285377
vn 1.262218 1.129272 -3.285377
vn 1.262194 1.129272 -3.285377
vn 1.262208 1.129272 -3.285377
vn 1.262191 1.129272 -3.285377
vn 1.262198 1.129272 -3.285377
vn 1.262188 1.129272 -3.285377
vn 1.262201 1.129272 -3.285377
vn 1.262202 1.129272 -3.285377
vn 1.262257 1.129272 -3.285377
vn 0.8155242 1.354681 -3.385133
vn 1.179123 1.386647 -3.758714
vn 1.196216 1.697299 -3.858868
vn 0.6901377 1.697268 -3.362774
vn 0.6897883 1.719496 -3.359621
vn 1.199152 1.719739 -3.859124
vn 1.201559 2.276248 -3.357362
vn 1.262666 1.408952 -3.780074
vn 1.179123 1.386647 -3.758714
vn 1.187262 1.315806 -3.703683
vn 1.262275 1.697032 -3.862647
vn 1.196216 1.697299 -3.858868
vn 1.262242 1.72036 -3.862563
vn 1.199152 1.719739 -3.859124
vn 1.262216 2.279022 -3.360813
vn 1.201559 2.276248 -3.357362
vn 1.322792 2.276233 -3.35752
vn 1.325185 1.719606 -3.859134
vn 1.328429 1.697985 -3.85885
vn 1.355844 1.380371 -3.752415
vn 1.263039 1.348135 -3.737947
vn 1.366181 1.302709 -3.684596
vn 1.271511 1.407542 -3.779136
vn 1.411962 1.333208 -3.699463
vn 1.443084 1.434033 -3.761097
vn 1.29341 1.462638 -3.807709
vn 1.10407 1.340297 -3.702671
vn 1.712806 1.357578 -3.377336
vn 1.328429 1.697985 -3.85885
vn 1.355844 1.380371 -3.752415
vn 1.834285 1.696583 -3.362525
vn 1.325185 1.719606 -3.859134
vn 1.834603 1.71962 -3.359672
vn 1.839387 1.720361 -3.285333
vn 1.839455 1.696123 -3.285294
vn 1.834611 1.719496 -3.211122
vn 1.73329 1.372844 -3.284935
vn 1.64532 1.285468 -3.3812
vn 1.834264 1.697268 -3.207991
vn 1.686405 1.314981 -3.284458
vn 1.648522 1.310832 -3.451024
vn 1.708874 1.354677 -3.185623
vn 1.328177 1.697299 -2.711884
vn 1.345273 1.38665 -2.812037
vn 1.325246 1.719739 -2.711629
vn 1.322841 2.276248 -3.213392
vn 1.624382 1.276289 -3.155102
vn 1.721285 1.356583 -3.278533
vn 1.648158 1.307744 -3.126423
vn 1.749246 1.397455 -3.262226
vn 1.65432 1.371397 -3.544605
vn 1.411962 1.333208 -3.699463
vn 1.443084 1.434033 -3.761097
vn 1.708675 1.392023 -3.098237
vn 1.527201 1.380574 -2.889396
vn 1.420323 1.340291 -2.868085
vn 1.169761 1.380862 -2.817756
vn 0.8115225 1.35824 -3.191287
vn 0.6902057 1.695985 -3.207644
vn 1.196155 1.698093 -2.71188
vn 1.199218 1.719607 -2.711619
vn 0.6897971 1.71962 -3.211086
vn 1.20161 2.276233 -3.213234
vn 1.325246 1.719739 -2.711629
vn 1.262184 2.279022 -3.209939
vn 1.322841 2.276248 -3.213392
vn 1.262159 1.72036 -2.70819
vn 1.20161 2.276233 -3.213234
vn 1.328177 1.697299 -2.711884
vn 1.199218 1.719607 -2.711619
vn 1.262125 1.697032 -2.708106
vn 1.345273 1.38665 -2.812037
vn 1.196155 1.698093 -2.71188
vn 1.261735 1.408953 -2.790679
vn 1.337134 1.31581 -2.867065
vn 1.169761 1.380862 -2.817756
vn 1.261362 1.348137 -2.832804
vn 1.157057 1.302507 -2.886667
vn 1.420323 1.340291 -2.868085
vn 1.252892 1.407543 -2.791617
vn 1.112423 1.330075 -2.874143
vn 1.081317 1.434018 -2.809665
vn 1.230994 1.462619 -2.763052
vn 1.527201 1.380574 -2.889396
vn 1.648522 1.310832 -3.451024
vn 1.366181 1.302709 -3.684596
vn 1.411962 1.333208 -3.699463
vn 1.64532 1.285468 -3.3812
vn 1.355844 1.380371 -3.752415
vn 1.712806 1.357578 -3.377336
vn 0.8762453 1.307739 -3.444325
vn 1.10407 1.340297 -3.702671
vn 1.187262 1.315806 -3.703683
vn 0.9000193 1.276288 -3.415649
vn 0.8155242 1.354681 -3.385133
vn 1.112423 1.330075 -2.874143
vn 0.8780578 1.286217 -3.190362
vn 1.157057 1.302507 -2.886667
vn 1.169761 1.380862 -2.817756
vn 1.648158 1.307744 -3.126423
vn 1.420323 1.340291 -2.868085
vn 1.337134 1.31581 -2.867065
vn 1.624382 1.276289 -3.155102
vn 1.708874 1.354677 -3.185623
vn 1.345273 1.38665 -2.812037
vn 1.839387 1.720361 -3.285333
vn 1.834611 1.719496 -3.211122
vn 1.322841 2.276248 -3.213392
vn 1.326225 2.280411 -3.285392
vn 1.834603 1.71962 -3.359672
vn 1.322792 2.276233 -3.35752
vn 1.262184 2.279022 -3.209939
vn 1.326225 2.280411 -3.285392
vn 1.322841 2.276248 -3.213392
vn 1.2622 2.283972 -3.285377
vn 1.20161 2.276233 -3.213234
vn 1.322792 2.276233 -3.35752
vn 1.198177 2.280411 -3.285361
vn 1.262216 2.279022 -3.360813
vn 1.201559 2.276248 -3.357362
vn 0.6897971 1.71962 -3.211086
vn 1.198177 2.280411 -3.285361
vn 1.20161 2.276233 -3.213234
vn 0.6850134 1.720361 -3.285415
vn 1.201559 2.276248 -3.357362
vn 0.6902057 1.695985 -3.207644
vn 0.6897883 1.719496 -3.359621
vn 0.6849454 1.696123 -3.285463
vn 0.8115225 1.35824 -3.191287
vn 0.6901377 1.697268 -3.362774
vn 0.7911081 1.372847 -3.28582
vn 0.8780578 1.286217 -3.190362
vn 0.8155242 1.354681 -3.385133
vn 0.8379974 1.314978 -3.286296
vn 0.9000193 1.276288 -3.415649
vn 0.8714582 1.312806 -3.125493
vn 0.8031195 1.356577 -3.292215
vn 0.8762453 1.307739 -3.444325
vn 0.775159 1.397449 -3.30854
vn 0.8700908 1.37138 -3.026154
vn 1.112423 1.330075 -2.874143
vn 0.8157355 1.392017 -3.472531
vn 0.9971896 1.380572 -3.681349
vn 1.10407 1.340297 -3.702671
vn 0.6848499 1.706622 -3.285394
vn 0.6848499 1.706622 -3.285359
vn 0.7539092 1.706622 -3.011564
vn 0.7558944 1.706622 -3.00791
vn 0.9670184 1.706622 -2.78919
vn 0.9627421 1.706622 -2.791759
vn 0.7559015 1.706622 -3.562856
vn 0.6848499 1.706622 -3.285359
vn 0.6848499 1.706622 -3.285394
vn 0.7538829 1.706622 -3.559141
vn 0.9627577 1.706622 -3.779003
vn 0.967003 1.706622 -3.781554
vn 1.25037 2.283851 -3.285377
vn 1.154543 2.273846 -3.285377
vn 1.246602 2.283761 -3.285377
vn 1.296789 2.282935 -3.285377
vn 1.296585 2.282947 -3.285377
vn 1.2622 2.283972 -3.285377
vn 1.2622 2.283972 -3.285377
vn 1.227816 2.282947 -3.285377
vn 1.227613 2.282935 -3.285377
vn 1.274028 2.283851 -3.285377
vn 1.277798 2.283761 -3.285377
vn 1.369866 2.273844 -3.285377
vn 1.768501 1.706622 -3.562852
vn 1.557406 1.706622 -3.781549
vn 1.56166 1.706622 -3.778993
vn 1.770511 1.706622 -3.559153
vn 1.83955 1.706622 -3.285395
vn 1.83955 1.706622 -3.285394
vn 1.768496 1.706622 -3.007891
vn 1.83955 1.706622 -3.285394
vn 1.83955 1.706622 -3.285395
vn 1.770523 1.706622 -3.011622
vn 1.561643 1.706622 -2.79175
vn 1.557406 1.706622 -2.789204
vn 1.2622 1.706622 -3.862727
vn 1.2622 1.706622 -3.862727
vn 0.967003 1.706622 -3.781554
vn 0.9627577 1.706622 -3.779003
vn 1.56166 1.706622 -3.778993
vn 1.2622 1.706622 -3.862727
vn 1.2622 1.706622 -3.862727
vn 1.557406 1.706622 -3.781549
vn 0.9627421 1.706622 -2.791759
vn 0.9670184 1.706622 -2.78919
vn 1.2622 1.706622 -2.708026
vn 1.2622 1.706622 -2.708026
vn 1.2622 1.706622 -2.708026
vn 1.2622 1.706622 -2.708026
vn 1.557406 1.706622 -2.789204
vn 1.561643 1.706622 -2.79175
vn 1.262201 1.706622 -2.708026
vn 0.9735189 1.706622 -2.78538
vn 0.9733678 1.720089 -2.785649
vn 1.261937 1.720093 -2.708184
vn 1.550881 1.706622 -2.78538
vn 1.550575 1.720094 -2.785385
vn 1.301487 2.278506 -3.216544
vn 1.261835 2.279249 -3.211679
vn 1.215477 2.27649 -3.205374
vn 1.550575 1.720094 -2.785385
vn 1.301487 2.278506 -3.216544
vn 1.366478 2.271202 -3.224478
vn 1.761934 1.720091 -2.996555
vn 1.762198 1.706622 -2.996697
vn 1.550881 1.706622 -2.78538
vn 0.6848499 1.706622 -3.285388
vn 0.7621978 1.706622 -3.574048
vn 0.7624607 1.720092 -3.574188
vn 0.6850072 1.720094 -3.285628
vn 0.7621984 1.706622 -2.996705
vn 0.9122106 2.165792 -3.287117
vn 1.157925 2.271202 -3.346276
vn 1.102267 2.253818 -3.194106
vn 0.7622079 1.720094 -2.997003
vn 0.9735189 1.706622 -2.78538
vn 1.215477 2.27649 -3.205374
vn 0.9733678 1.720089 -2.785649
vn 0.7621978 1.706622 -3.574048
vn 0.9735205 1.706622 -3.785374
vn 0.9738322 1.720093 -3.785372
vn 0.7624607 1.720092 -3.574188
vn 1.157925 2.271202 -3.346276
vn 1.222935 2.278508 -3.354209
vn 1.83955 1.706622 -3.285366
vn 1.762198 1.706622 -2.996697
vn 1.761934 1.720091 -2.996555
vn 1.839393 1.720093 -3.285125
vn 1.762207 1.706622 -3.574039
vn 1.612202 2.165783 -3.283636
vn 1.366478 2.271202 -3.224478
vn 1.422113 2.253824 -3.376648
vn 1.762197 1.720092 -3.573742
vn 1.550875 1.706622 -3.785377
vn 1.308898 2.276492 -3.365376
vn 1.551024 1.720093 -3.785109
vn 1.2622 1.706622 -3.862727
vn 1.550875 1.706622 -3.785377
vn 1.551024 1.720093 -3.785109
vn 1.262462 1.720087 -3.86257
vn 0.9735205 1.706622 -3.785374
vn 0.9738322 1.720093 -3.785372
vn 1.222935 2.278508 -3.354209
vn 1.262569 2.279249 -3.359075
vn 1.308898 2.276492 -3.365376
vn 1.422113 2.253824 -3.376648
vn 1.612202 2.165783 -3.283636
vn 1.366478 2.271202 -3.224478
vn 1.308898 2.276492 -3.365376
vn 1.301487 2.278506 -3.216544
vn 1.262569 2.279249 -3.359075
vn 1.261835 2.279249 -3.211679
vn 1.222935 2.278508 -3.354209
vn 1.215477 2.27649 -3.205374
vn 1.157925 2.271202 -3.346276
vn 1.102267 2.253818 -3.194106
vn 0.9122106 2.165792 -3.287117
vn 1.260363 1.709669 -2.708037
vn 0.9801811 1.713747 -2.781643
vn 0.9747711 1.728778 -2.78515
vn 0.9731627 1.728892 -3.784671
vn 1.261165 1.730146 -3.862246
vn 0.9728739 1.730149 -3.784446
vn 1.261416 1.727736 -3.86234
vn 1.549731 1.730146 -3.785483
vn 0.9767567 1.71861 -3.787085
vn 1.549636 1.728786 -3.785599
vn 1.264038 1.709676 -3.862716
vn 1.544225 1.713755 -3.789107
vn 0.7622016 1.729554 -3.573142
vn 0.9728739 1.730149 -3.784446
vn 0.7621008 1.730152 -3.572918
vn 0.9731627 1.728892 -3.784671
vn 0.7620095 1.722661 -3.573275
vn 0.9767567 1.71861 -3.787085
vn 1.549636 1.728786 -3.785599
vn 1.761262 1.730154 -3.574715
vn 1.549731 1.730146 -3.785483
vn 1.761294 1.729592 -3.574705
vn 1.544225 1.713755 -3.789107
vn 1.83907 1.730157 -3.286419
vn 1.760944 1.723847 -3.575706
vn 1.839103 1.729334 -3.286161
vn 1.762299 1.730161 -2.997835
vn 1.762199 1.72956 -2.997612
vn 1.839288 1.723972 -3.28391
vn 1.762384 1.722658 -2.997467
vn 0.7620095 1.722661 -3.573275
vn 0.6851125 1.723972 -3.286831
vn 0.7622016 1.729554 -3.573142
vn 0.763466 1.723848 -2.995031
vn 0.9801811 1.713747 -2.781643
vn 0.6852972 1.729331 -3.284578
vn 0.7621008 1.730152 -3.572918
vn 0.6853305 1.730151 -3.284349
vn 0.7631114 1.729588 -2.996039
vn 0.9747711 1.728778 -2.78515
vn 0.7631375 1.730157 -2.99604
vn 0.9746612 1.730158 -2.785276
vn 1.551229 1.728876 -2.786077
vn 1.263226 1.730158 -2.708507
vn 1.55154 1.730174 -2.786316
vn 1.262981 1.727723 -2.708413
vn 0.9746612 1.730158 -2.785276
vn 0.9747711 1.728778 -2.78515
vn 1.547632 1.718598 -2.783661
vn 1.260363 1.709669 -2.708037
vn 1.521081 1.713531 -2.769366
vn 1.260738 1.709262 -2.708034
vn 0.9801811 1.713747 -2.781643
vn 1.006134 1.717962 -2.768042
vn 1.762199 1.72956 -2.997612
vn 1.55154 1.730174 -2.786316
vn 1.762299 1.730161 -2.997835
vn 1.551229 1.728876 -2.786077
vn 1.762384 1.722658 -2.997467
vn 1.547632 1.718598 -2.783661
vn 1.2622 1.706622 -2.708026
vn 1.2622 1.706622 -2.708026
vn 1.2622 1.706622 -2.708026
vn 1.2622 1.706622 -2.708026
vn 1.2622 1.706622 -2.708026
vn 1.2622 1.706622 -2.708026
vn 1.2622 1.706622 -3.862727
vn 1.2622 1.706622 -3.862727
vn 1.2622 1.706622 -3.862727
vn 1.2622 1.706622 -3.862727
vn 1.2622 1.706622 -3.862727
vn 1.2622 1.706622 -3.862727
vt 0.8183695 0.3291524
vt 0.8321941 0.3505924
vt 0.8512305 0.3291524
vt 0.7385077 0.6188782
vt 0.7501193 0.6306789
vt 0.7460305 0.6185548
vt 0.7433677 0.8342248
vt 0.7501193 0.8342248
vt 0.7433677 0.8409765
vt 0.04728644 0.6344773
vt 0.04325862 0.6220694
vt 0.04004518 0.6272358
vt 0.1289907 0.6333575
vt 0.1170522 0.6368771
vt 0.1217495 0.6405989
vt 0.4819648 0.1159427
vt 0.4819648 0.1111331
vt 0.4771552 0.1159427
vt 0.3396366 0.6712152
vt 0.3574387 0.6500815
vt 0.3509885 0.6424815
vt 0.4066846 0.675168
vt 0.4124084 0.6692817
vt 0.4089496 0.6638952
vt 0.3839065 0.6500818
vt 0.3903565 0.6424821
vt 0.3837188 0.1243029
vt 0.3767441 0.1114008
vt 0.3747145 0.1113894
vt 0.08341266 0.1274979
vt 0.07837114 0.1149499
vt 0.07378639 0.1146461
vt 0.07378648 0.1271148
vt 0.07378639 0.131493
vt 0.08692056 0.1318282
vt 0.07378639 0.1523297
vt 0.8183696 0.1205845
vt 0.8573087 0.3174275
vt 0.8573087 0.1205845
vt 0.8183696 0.3174275
vt 0.7794304 0.1205845
vt 0.8512305 0.3291524
vt 0.7794304 0.3174275
vt 0.8183695 0.3291524
vt 0.7855086 0.3291524
vt 0.8183695 0.3505924
vt 0.8321941 0.3505924
vt 0.8045452 0.3505924
vt 0.8288881 0.3546801
vt 0.8183696 0.3546801
vt 0.8078511 0.3546801
vt 0.8112277 0.3614703
vt 0.8183695 0.3614703
vt 0.8255115 0.3614703
vt 0.634003 0.3319407
vt 0.6223907 0.32014
vt 0.6264798 0.3322641
vt 0.6291426 0.32014
vt 0.6291426 0.1165944
vt 0.6223907 0.1165944
vt 0.6291426 0.1098426
vt 0.6626984 0.32014
vt 0.6626984 0.1165944
vt 0.6626984 0.3319407
vt 0.6962542 0.32014
vt 0.6962542 0.1165944
vt 0.6913943 0.3319407
vt 0.6740257 0.3547578
vt 0.6626984 0.3547578
vt 0.6513715 0.3547578
vt 0.6710739 0.3586611
vt 0.6626984 0.3586611
vt 0.654323 0.3586611
vt 0.6562272 0.3656827
vt 0.6626984 0.3656827
vt 0.6691694 0.3656827
vt 0.6811164 0.6188782
vt 0.6735933 0.6185548
vt 0.6695042 0.6306789
vt 0.6762561 0.6306789
vt 0.6695042 0.8342248
vt 0.6762561 0.8342248
vt 0.6514744 0.3656827
vt 0.654323 0.3586611
vt 0.6476713 0.3586611
vt 0.6562272 0.3656827
vt 0.6947846 0.5921578
vt 0.7033406 0.5851364
vt 0.6985878 0.5851364
vt 0.7014364 0.5921578
vt 0.7098114 0.5851364
vt 0.7098119 0.5921578
vt 0.7162828 0.5851364
vt 0.7098119 0.5960611
vt 0.698485 0.5960611
vt 0.7181873 0.5921578
vt 0.7210355 0.5851364
vt 0.724839 0.5921578
vt 0.7211391 0.5960611
vt 0.7385077 0.6188782
vt 0.7098119 0.6188782
vt 0.6811164 0.6188782
vt 0.7433677 0.6306789
vt 0.7501193 0.6306789
vt 0.7433677 0.8342248
vt 0.7098119 0.6306789
vt 0.6762561 0.6306789
vt 0.7098119 0.8342248
vt 0.6762561 0.8342248
vt 0.2137542 0.5032434
vt 0.2088 0.5032434
vt 0.2088122 0.5048273
vt 0.2137609 0.5048273
vt 0.140417 0.5055838
vt 0.1332911 0.5070497
vt 0.14038 0.5070497
vt 0.1332911 0.5055838
vt 0.126202 0.5070497
vt 0.1261652 0.5055838
vt 0.1616585 0.5662415
vt 0.1666194 0.5646576
vt 0.1616707 0.5646576
vt 0.1666127 0.5662415
vt 0.1733574 0.5646576
vt 0.1733574 0.5662415
vt 0.1800962 0.5646576
vt 0.1801028 0.5662415
vt 0.698917 0.3322641
vt 0.6962542 0.32014
vt 0.6913943 0.3319407
vt 0.7030059 0.32014
vt 0.7030059 0.1165944
vt 0.6962542 0.1165944
vt 0.6962542 0.1098426
vt 0.6777256 0.3586611
vt 0.6691694 0.3656827
vt 0.6739221 0.3656827
vt 0.6710739 0.3586611
vt 0.8535659 0.596139
vt 0.8640843 0.5893488
vt 0.8569425 0.5893488
vt 0.8640844 0.596139
vt 0.8712262 0.5893488
vt 0.8746028 0.596139
vt 0.8779089 0.6002268
vt 0.8640843 0.6002268
vt 0.85026 0.6002268
vt 0.8969452 0.6216667
vt 0.8640843 0.6216667
vt 0.8312234 0.6216667
vt 0.9030234 0.6333916
vt 0.8640844 0.6333916
vt 0.8251452 0.6333916
vt 0.9030234 0.8302345
vt 0.8640844 0.8302345
vt 0.9030234 0.8367639
vt 0.8251452 0.8302345
vt 0.8640844 0.8367639
vt 0.8251452 0.8367639
vt 0.1002997 0.5639014
vt 0.1074257 0.5639014
vt 0.1073887 0.5624354
vt 0.1002997 0.5624354
vt 0.09317388 0.5639014
vt 0.09321064 0.5624354
vt 0.2321982 0.5032434
vt 0.2272377 0.5048273
vt 0.2321862 0.5048273
vt 0.2272442 0.5032434
vt 0.2204989 0.5048273
vt 0.2204993 0.5032434
vt 0.2137609 0.5048273
vt 0.2137542 0.5032434
vt 0.1801028 0.5662415
vt 0.1850567 0.5662415
vt 0.1850447 0.5646576
vt 0.1800962 0.5646576
vt 0.6762561 0.8342248
vt 0.6695042 0.8342248
vt 0.6762561 0.8409765
vt 0.7098119 0.8409765
vt 0.7098119 0.8342248
vt 0.7433677 0.8409765
vt 0.7433677 0.8342248
vt 0.6962542 0.1165944
vt 0.6962542 0.1098426
vt 0.6626984 0.1098426
vt 0.6626984 0.1165944
vt 0.6291426 0.1098426
vt 0.6291426 0.1165944
vt 0.1876257 0.6133769
vt 0.1803846 0.6061357
vt 0.1756873 0.609857
vt 0.1844128 0.6185437
vt 0.1573154 0.6312859
vt 0.1844128 0.6185437
vt 0.1756873 0.609857
vt 0.1655052 0.6405982
vt 0.2159505 0.6458076
vt 0.2191639 0.6509745
vt 0.2278894 0.6422877
vt 0.2231917 0.6385666
vt 0.2278894 0.6422877
vt 0.2191639 0.6509745
vt 0.2380715 0.6730289
vt 0.2462608 0.6637167
vt 0.04728644 0.6344773
vt 0.05198428 0.6307555
vt 0.04325862 0.6220694
vt 0.07035594 0.6093266
vt 0.06216648 0.6000141
vt 0.1289907 0.6333575
vt 0.1257778 0.6281911
vt 0.1170522 0.6368771
vt 0.1068701 0.606136
vt 0.09868027 0.6154485
vt 0.8183696 0.1205845
vt 0.7794304 0.1140552
vt 0.7794304 0.1205845
vt 0.8183696 0.1140552
vt 0.8573087 0.1205845
vt 0.8573087 0.1140552
vt 0.4017196 0.5531819
vt 0.4017196 0.5915151
vt 0.4336653 0.5915151
vt 0.4336653 0.5531819
vt 0.4017196 0.5148491
vt 0.465611 0.5915151
vt 0.4336653 0.5148491
vt 0.465611 0.5531819
vt 0.465611 0.5148491
vt 0.5131837 0.8209346
vt 0.507023 0.8196633
vt 0.5008627 0.8209346
vt 0.5177085 0.8256884
vt 0.496338 0.8256884
vt 0.5189341 0.832719
vt 0.4951122 0.832719
vt 0.5177085 0.8397496
vt 0.496338 0.8397496
vt 0.5131837 0.8445035
vt 0.5008627 0.8445035
vt 0.5070235 0.8457749
vt 0.34363 0.1506928
vt 0.3377449 0.1502837
vt 0.3341852 0.1611609
vt 0.3391807 0.1612092
vt 0.3390417 0.3612664
vt 0.334232 0.3612664
vt 0.3390417 0.3660761
vt 0.07378639 0.1523297
vt 0.1056732 0.1527656
vt 0.08692056 0.1318282
vt 0.07378648 0.1630917
vt 0.1113533 0.163344
vt 0.07378648 0.3579006
vt 0.1114665 0.3579563
vt 0.07378648 0.3626382
vt 0.1114665 0.3626339
vt 0.03610641 0.3626339
vt 0.03610641 0.3579563
vt 0.03621929 0.163344
vt 0.04189967 0.1527656
vt 0.07378639 0.131493
vt 0.06065242 0.1318282
vt 0.07378648 0.1271148
vt 0.06416021 0.1274979
vt 0.06920154 0.1149499
vt 0.07378639 0.1146461
vt 0.08341266 0.1274979
vt 0.4865531 0.3265162
vt 0.4771084 0.3160481
vt 0.480668 0.3269253
vt 0.4821039 0.3159999
vt 0.4771552 0.1159427
vt 0.4819648 0.1159427
vt 0.5140465 0.116
vt 0.5140465 0.3162466
vt 0.5461281 0.1159427
vt 0.5140465 0.3268905
vt 0.5035176 0.348679
vt 0.5459896 0.3159999
vt 0.5140465 0.3489347
vt 0.5066736 0.3527628
vt 0.5415398 0.3265162
vt 0.550985 0.3160481
vt 0.5474249 0.3269253
vt 0.5509379 0.1159427
vt 0.5461281 0.1111331
vt 0.5245753 0.348679
vt 0.5140465 0.3530276
vt 0.5214195 0.3527628
vt 0.5140461 0.3660804
vt 0.5104551 0.3658196
vt 0.501451 0.3529061
vt 0.5084257 0.3658082
vt 0.5176377 0.3658196
vt 0.5196672 0.3658082
vt 0.5266419 0.3529061
vt 0.4045018 0.1502837
vt 0.3986167 0.1506928
vt 0.4030665 0.1612092
vt 0.4080619 0.1611609
vt 0.4080148 0.3612664
vt 0.403205 0.3612664
vt 0.403205 0.3660761
vt 0.1865421 0.119328
vt 0.2242222 0.1146461
vt 0.1865421 0.1146504
vt 0.2242222 0.1193837
vt 0.2619022 0.1146504
vt 0.186655 0.3139403
vt 0.2619022 0.119328
vt 0.2242222 0.3141926
vt 0.1923354 0.3245187
vt 0.261789 0.3139403
vt 0.2242221 0.3249546
vt 0.2110882 0.345456
vt 0.2561089 0.3245187
vt 0.2242221 0.3457913
vt 0.2373563 0.345456
vt 0.2145959 0.3497864
vt 0.2242222 0.3501695
vt 0.2338485 0.3497864
vt 0.2288069 0.3623344
vt 0.2242221 0.3626382
vt 0.2196373 0.3623344
vt 0.2739654 0.6438448
vt 0.2846662 0.6419114
vt 0.2796895 0.6379582
vt 0.2774245 0.6492313
vt 0.3024682 0.663045
vt 0.296018 0.6706449
vt 0.3289357 0.669282
vt 0.3346599 0.6751686
vt 0.3396366 0.6712152
vt 0.3323948 0.6638954
vt 0.3509885 0.6424815
vt 0.4066846 0.675168
vt 0.4089496 0.6638952
vt 0.401708 0.6712148
vt 0.3839065 0.6500818
vt 0.4673791 0.6483684
vt 0.4616552 0.6424817
vt 0.4566786 0.6464349
vt 0.4639202 0.6537547
vt 0.4453268 0.6751683
vt 0.4388767 0.6675684
vt 0.5140465 0.116
vt 0.5461281 0.1159427
vt 0.5461281 0.1111331
vt 0.5140465 0.1111287
vt 0.4819648 0.1159427
vt 0.4819648 0.1111331
vt 0.3372055 0.5509582
vt 0.3065021 0.5880488
vt 0.3372601 0.5881032
vt 0.3065021 0.5509582
vt 0.3372601 0.513813
vt 0.275744 0.5881032
vt 0.3065021 0.513868
vt 0.275799 0.5509582
vt 0.275744 0.513813
vt 0.403205 0.3612664
vt 0.3711234 0.3660805
vt 0.403205 0.3660761
vt 0.3711234 0.3612092
vt 0.3390417 0.3660761
vt 0.4030665 0.1612092
vt 0.3390417 0.3612664
vt 0.3711234 0.1609624
vt 0.3986167 0.1506928
vt 0.3391807 0.1612092
vt 0.3711234 0.1503186
vt 0.3816522 0.12853
vt 0.34363 0.1506928
vt 0.3711234 0.1282743
vt 0.3605945 0.12853
vt 0.3784963 0.1244462
vt 0.3711234 0.1241815
vt 0.3637505 0.1244462
vt 0.3711234 0.1111286
vt 0.3747145 0.1113894
vt 0.3837188 0.1243029
vt 0.3675319 0.1113894
vt 0.3655025 0.1114008
vt 0.3585279 0.1243029
vt 0.02394952 0.5605345
vt 0.02394952 0.5024746
vt 0.02025303 0.5027432
vt 0.02025303 0.5608029
vt 0.01816409 0.5027547
vt 0.01816409 0.5608147
vt 0.02764643 0.5608029
vt 0.02394952 0.5024746
vt 0.02394952 0.5605345
vt 0.02764643 0.5027432
vt 0.02973558 0.5608147
vt 0.02973558 0.5027547
vt 0.7650619 0.9608593
vt 0.7616144 0.9595395
vt 0.7581665 0.9608593
vt 0.7562183 0.9624706
vt 0.7670103 0.9624706
vt 0.7544804 0.9669962
vt 0.768748 0.9669962
vt 0.7670103 0.9715221
vt 0.7562183 0.9715221
vt 0.7650619 0.9731335
vt 0.7581665 0.9731335
vt 0.761614 0.9744532
vt 0.01600237 0.6114386
vt 0.0180915 0.6694865
vt 0.0180915 0.6114268
vt 0.01600237 0.669498
vt 0.0123059 0.611707
vt 0.0123059 0.6697666
vt 0.008609016 0.6114386
vt 0.0123059 0.6697666
vt 0.0123059 0.611707
vt 0.008609016 0.669498
vt 0.006520085 0.6114268
vt 0.006520085 0.6694865
vt 0.07216996 0.559511
vt 0.07216996 0.5035422
vt 0.06749213 0.5038522
vt 0.06749213 0.559821
vt 0.07684769 0.559821
vt 0.07216996 0.5035422
vt 0.07216996 0.559511
vt 0.07684769 0.5038522
vt 0.04422329 0.5035421
vt 0.04422329 0.5595118
vt 0.0489012 0.5598218
vt 0.0489012 0.5038521
vt 0.0489012 0.5038521
vt 0.0489012 0.5598218
vt 0.05357901 0.5595118
vt 0.05357901 0.5035421
vt 0.602235 0.8182032
vt 0.5959221 0.8182032
vt 0.5959221 0.8397286
vt 0.602235 0.8397286
vt 0.6085482 0.8182032
vt 0.6085482 0.8397286
vt 0.6082543 0.8421118
vt 0.602235 0.8421118
vt 0.5962161 0.8421118
vt 0.6304159 0.9855787
vt 0.6309628 0.9881396
vt 0.6356981 0.9881396
vt 0.6353825 0.9855787
vt 0.6353825 0.9624476
vt 0.6304159 0.9624476
vt 0.6898071 0.9881392
vt 0.6965913 0.9881392
vt 0.6965913 0.9650083
vt 0.6898071 0.9650083
vt 0.6830236 0.9881392
vt 0.6898071 0.9624474
vt 0.6962757 0.9624474
vt 0.6833392 0.9624474
vt 0.6830236 0.9650083
vt 0.678057 0.9881392
vt 0.6786041 0.9624474
vt 0.678057 0.9650083
vt 0.6965913 0.9881392
vt 0.7015578 0.9881392
vt 0.7015578 0.9650083
vt 0.6965913 0.9650083
vt 0.6962757 0.9624474
vt 0.7010106 0.9624474
vt 0.642166 0.9624476
vt 0.6353825 0.9624476
vt 0.6353825 0.9855787
vt 0.642166 0.9855787
vt 0.6489502 0.9624476
vt 0.642166 0.9881396
vt 0.6356981 0.9881396
vt 0.6486347 0.9881396
vt 0.6489502 0.9855787
vt 0.6539168 0.9624476
vt 0.6533697 0.9881396
vt 0.6539168 0.9855787
vt 0.7286669 0.9872468
vt 0.7349797 0.9872468
vt 0.7349797 0.9657228
vt 0.7286669 0.9657228
vt 0.7223543 0.9872468
vt 0.7223543 0.9657228
vt 0.7226484 0.9633397
vt 0.7286669 0.9633397
vt 0.7346858 0.9633397
vt 0.565883 0.820085
vt 0.5599748 0.8185019
vt 0.5540673 0.820085
vt 0.5702077 0.8244097
vt 0.5497425 0.8244097
vt 0.5717905 0.8303175
vt 0.5481599 0.8303175
vt 0.5702077 0.8362249
vt 0.5497425 0.8362249
vt 0.565883 0.8405495
vt 0.5540673 0.8405495
vt 0.5599748 0.8421329
vt 0.1332909 0.5459774
vt 0.1271805 0.5459774
vt 0.1272265 0.5478057
vt 0.09423514 0.5216796
vt 0.1002995 0.5055834
vt 0.0945632 0.5055834
vt 0.1002995 0.5216796
vt 0.1060359 0.5055834
vt 0.09418915 0.5235078
vt 0.1063642 0.5216796
vt 0.1002995 0.5235078
vt 0.1064101 0.5235078
vt 0.1799086 0.5206313
vt 0.1840904 0.5032434
vt 0.1795543 0.5032434
vt 0.1847046 0.5206313
vt 0.179917 0.5226063
vt 0.1847202 0.5226063
vt 0.2318461 0.5488538
vt 0.2266958 0.5662416
vt 0.2312319 0.5662416
vt 0.2270501 0.5488538
vt 0.2318617 0.5468788
vt 0.2204989 0.5662416
vt 0.2270585 0.5468788
vt 0.2204989 0.5488538
vt 0.2143024 0.5662416
vt 0.2139476 0.5488538
vt 0.2204989 0.5468788
vt 0.2139394 0.5468788
vt 0.179917 0.5226063
vt 0.1733574 0.5226063
vt 0.1799086 0.5206313
vt 0.1667979 0.5226063
vt 0.1619952 0.5226063
vt 0.1733574 0.5206313
vt 0.1795543 0.5032434
vt 0.1733574 0.5032434
vt 0.1668061 0.5206313
vt 0.1620102 0.5206313
vt 0.1671609 0.5032434
vt 0.1626248 0.5032434
vt 0.1393555 0.5478057
vt 0.1332909 0.5639018
vt 0.1390272 0.5639018
vt 0.1332909 0.5478057
vt 0.1275545 0.5639018
vt 0.1272265 0.5478057
vt 0.1394014 0.5459774
vt 0.1332909 0.5459774
vt 0.14038 0.5070497
vt 0.1332911 0.5070497
vt 0.1271805 0.5459774
vt 0.126202 0.5070497
vt 0.2139476 0.5488538
vt 0.2097663 0.5662416
vt 0.2143024 0.5662416
vt 0.2091517 0.5488538
vt 0.2139394 0.5468788
vt 0.2091368 0.5468788
vt 0.1869777 0.7508096
vt 0.2488893 0.9999627
vt 0.2488893 0.7508096
vt 0.1869777 0.9999627
vt 0.125066 0.7508096
vt 0.1250661 0.9999627
vt 0.5655162 0.7251933
vt 0.5323368 0.5574664
vt 0.5323368 0.7251933
vt 0.5655162 0.5574664
vt 0.5986958 0.7251933
vt 0.5986958 0.5574664
usemtl Glass_Detailed_White_Mat
f 3/3/3 2/2/2 1/1/1
f 6/6/6 5/5/5 4/4/4
f 8/8/8 7/7/7 5/5/5
f 8/8/8 9/9/9 7/7/7
f 12/12/12 11/11/11 10/10/10
f 15/15/15 14/14/14 13/13/13
f 18/18/18 17/17/17 16/16/16
f 21/21/21 20/20/20 19/19/19
f 24/24/24 23/23/23 22/22/22
f 26/26/26 24/24/24 25/25/25
f 29/29/29 28/28/28 27/27/27
f 32/32/32 31/31/31 30/30/30
f 34/34/34 33/33/33 30/30/30
f 35/35/35 34/34/34 30/30/30
f 34/34/34 35/35/35 36/36/36
f 39/39/39 38/38/38 37/37/37
f 38/38/38 40/40/40 37/37/37
f 37/37/37 40/40/40 41/41/41
f 40/40/40 38/38/38 42/42/42
f 40/40/40 43/43/43 41/41/41
f 44/44/44 40/40/40 42/42/42
f 43/43/43 40/40/40 44/44/44
f 45/45/45 43/43/43 44/44/44
f 44/44/44 46/46/46 45/45/45
f 47/47/47 46/46/46 44/44/44
f 46/46/46 48/48/48 45/45/45
f 46/46/46 47/47/47 49/49/49
f 48/48/48 46/46/46 50/50/50
f 50/50/50 46/46/46 49/49/49
f 51/51/51 48/48/48 50/50/50
f 52/52/52 51/51/51 50/50/50
f 53/53/53 52/52/52 50/50/50
f 53/53/53 50/50/50 49/49/49
f 54/54/54 53/53/53 49/49/49
f 57/57/57 56/56/56 55/55/55
f 56/56/56 58/58/58 55/55/55
f 59/59/59 58/58/58 56/56/56
f 60/60/60 59/59/59 56/56/56
f 60/60/60 61/61/61 59/59/59
f 62/62/62 58/58/58 59/59/59
f 63/63/63 62/62/62 59/59/59
f 55/55/55 58/58/58 64/64/64
f 58/58/58 62/62/62 64/64/64
f 65/65/65 62/62/62 63/63/63
f 66/66/66 65/65/65 63/63/63
f 62/62/62 65/65/65 67/67/67
f 64/64/64 62/62/62 67/67/67
f 67/67/67 68/68/68 64/64/64
f 64/64/64 69/69/69 55/55/55
f 68/68/68 69/69/69 64/64/64
f 69/69/69 70/70/70 55/55/55
f 69/69/69 68/68/68 71/71/71
f 70/70/70 69/69/69 72/72/72
f 72/72/72 69/69/69 71/71/71
f 73/73/73 70/70/70 72/72/72
f 74/74/74 73/73/73 72/72/72
f 75/75/75 74/74/74 72/72/72
f 75/75/75 72/72/72 71/71/71
f 76/76/76 75/75/75 71/71/71
f 79/79/79 78/78/78 77/77/77
f 80/80/80 79/79/79 77/77/77
f 79/79/79 80/80/80 81/81/81
f 80/80/80 82/82/82 81/81/81
f 85/85/85 84/84/84 83/83/83
f 84/84/84 86/86/86 83/83/83
f 89/89/89 88/88/88 87/87/87
f 88/88/88 90/90/90 87/87/87
f 88/88/88 91/91/91 90/90/90
f 91/91/91 92/92/92 90/90/90
f 91/91/91 93/93/93 92/92/92
f 92/92/92 94/94/94 90/90/90
f 94/94/94 95/95/95 90/90/90
f 93/93/93 96/96/96 92/92/92
f 93/93/93 97/97/97 96/96/96
f 97/97/97 98/98/98 96/96/96
f 96/96/96 99/99/99 92/92/92
f 99/99/99 94/94/94 92/92/92
f 94/94/94 99/99/99 100/100/100
f 95/95/95 94/94/94 101/101/101
f 101/101/101 94/94/94 100/100/100
f 102/102/102 95/95/95 101/101/101
f 100/100/100 103/103/103 101/101/101
f 104/104/104 103/103/103 100/100/100
f 105/105/105 103/103/103 104/104/104
f 101/101/101 106/106/106 102/102/102
f 103/103/103 106/106/106 101/101/101
f 106/106/106 103/103/103 105/105/105
f 106/106/106 107/107/107 102/102/102
f 108/108/108 106/106/106 105/105/105
f 107/107/107 106/106/106 108/108/108
f 109/109/109 107/107/107 108/108/108
f 112/112/112 111/111/111 110/110/110
f 113/113/113 112/112/112 110/110/110
f 116/116/116 115/115/115 114/114/114
f 115/115/115 117/117/117 114/114/114
f 115/115/115 118/118/118 117/117/117
f 118/118/118 119/119/119 117/117/117
f 122/122/122 121/121/121 120/120/120
f 121/121/121 123/123/123 120/120/120
f 121/121/121 124/124/124 123/123/123
f 124/124/124 125/125/125 123/123/123
f 124/124/124 126/126/126 125/125/125
f 126/126/126 127/127/127 125/125/125
f 130/130/130 129/129/129 128/128/128
f 129/129/129 131/131/131 128/128/128
f 131/131/131 129/129/129 132/132/132
f 129/129/129 133/133/133 132/132/132
f 133/133/133 134/134/134 132/132/132
f 137/137/137 136/136/136 135/135/135
f 136/136/136 138/138/138 135/135/135
f 141/141/141 140/140/140 139/139/139
f 140/140/140 142/142/142 139/139/139
f 140/140/140 143/143/143 142/142/142
f 143/143/143 144/144/144 142/142/142
f 144/144/144 145/145/145 142/142/142
f 142/142/142 146/146/146 139/139/139
f 145/145/145 146/146/146 142/142/142
f 146/146/146 147/147/147 139/139/139
f 146/146/146 145/145/145 148/148/148
f 147/147/147 146/146/146 149/149/149
f 149/149/149 146/146/146 148/148/148
f 150/150/150 147/147/147 149/149/149
f 148/148/148 151/151/151 149/149/149
f 149/149/149 152/152/152 150/150/150
f 151/151/151 152/152/152 149/149/149
f 152/152/152 153/153/153 150/150/150
f 152/152/152 151/151/151 154/154/154
f 153/153/153 152/152/152 155/155/155
f 155/155/155 152/152/152 154/154/154
f 154/154/154 156/156/156 155/155/155
f 157/157/157 153/153/153 155/155/155
f 156/156/156 158/158/158 155/155/155
f 155/155/155 158/158/158 157/157/157
f 158/158/158 159/159/159 157/157/157
f 162/162/162 161/161/161 160/160/160
f 163/163/163 162/162/162 160/160/160
f 163/163/163 160/160/160 164/164/164
f 165/165/165 163/163/163 164/164/164
f 168/168/168 167/167/167 166/166/166
f 167/167/167 169/169/169 166/166/166
f 167/167/167 170/170/170 169/169/169
f 170/170/170 171/171/171 169/169/169
f 170/170/170 172/172/172 171/171/171
f 172/172/172 173/173/173 171/171/171
f 176/176/176 175/175/175 174/174/174
f 177/177/177 176/176/176 174/174/174
f 180/180/180 179/179/179 178/178/178
f 181/181/181 180/180/180 178/178/178
f 182/182/182 181/181/181 178/178/178
f 183/183/183 181/181/181 182/182/182
f 184/184/184 183/183/183 182/182/182
f 187/187/187 186/186/186 185/185/185
f 188/188/188 187/187/187 185/185/185
f 189/189/189 187/187/187 188/188/188
f 190/190/190 189/189/189 188/188/188
f 193/193/193 192/192/192 191/191/191
f 194/194/194 193/193/193 191/191/191
f 197/197/197 196/196/196 195/195/195
f 196/196/196 198/198/198 195/195/195
f 201/201/201 200/200/200 199/199/199
f 202/202/202 201/201/201 199/199/199
f 205/205/205 204/204/204 203/203/203
f 206/206/206 205/205/205 203/203/203
f 209/209/209 208/208/208 207/207/207
f 208/208/208 209/209/209 210/210/210
f 209/209/209 211/211/211 210/210/210
f 214/214/214 213/213/213 212/212/212
f 215/215/215 213/213/213 214/214/214
f 216/216/216 215/215/215 214/214/214
f 219/219/219 218/218/218 217/217/217
f 218/218/218 220/220/220 217/217/217
f 217/217/217 220/220/220 221/221/221
f 220/220/220 222/222/222 221/221/221
f 225/225/225 224/224/224 223/223/223
f 226/226/226 225/225/225 223/223/223
f 226/226/226 223/223/223 227/227/227
f 228/228/228 225/225/225 226/226/226
f 229/229/229 226/226/226 227/227/227
f 230/230/230 228/228/228 226/226/226
f 230/230/230 226/226/226 229/229/229
f 231/231/231 230/230/230 229/229/229
f 234/234/234 233/233/233 232/232/232
f 232/232/232 235/235/235 234/234/234
f 235/235/235 236/236/236 234/234/234
f 235/235/235 237/237/237 236/236/236
f 237/237/237 238/238/238 236/236/236
f 237/237/237 239/239/239 238/238/238
f 239/239/239 240/240/240 238/238/238
f 239/239/239 241/241/241 240/240/240
f 241/241/241 242/242/242 240/240/240
f 241/241/241 243/243/243 242/242/242
f 246/246/246 245/245/245 244/244/244
f 247/247/247 246/246/246 244/244/244
f 247/247/247 248/248/248 246/246/246
f 248/248/248 249/249/249 246/246/246
f 250/250/250 249/249/249 248/248/248
f 253/253/253 252/252/252 251/251/251
f 254/254/254 251/251/251 252/252/252
f 255/255/255 254/254/254 252/252/252
f 254/254/254 255/255/255 256/256/256
f 255/255/255 257/257/257 256/256/256
f 258/258/258 256/256/256 257/257/257
f 259/259/259 258/258/258 257/257/257
f 258/258/258 260/260/260 256/256/256
f 260/260/260 261/261/261 256/256/256
f 254/254/254 256/256/256 261/261/261
f 262/262/262 254/254/254 261/261/261
f 254/254/254 262/262/262 251/251/251
f 262/262/262 263/263/263 251/251/251
f 264/264/264 251/251/251 263/263/263
f 265/265/265 264/264/264 263/263/263
f 264/264/264 265/265/265 266/266/266
f 265/265/265 267/267/267 266/266/266
f 267/267/267 268/268/268 266/266/266
f 268/268/268 269/269/269 266/266/266
f 266/266/266 269/269/269 270/270/270
f 273/273/273 272/272/272 271/271/271
f 272/272/272 274/274/274 271/271/271
f 274/274/274 272/272/272 275/275/275
f 276/276/276 274/274/274 275/275/275
f 274/274/274 276/276/276 277/277/277
f 278/278/278 274/274/274 277/277/277
f 274/274/274 278/278/278 271/271/271
f 278/278/278 277/277/277 279/279/279
f 278/278/278 280/280/280 271/271/271
f 281/281/281 271/271/271 280/280/280
f 282/282/282 278/278/278 279/279/279
f 278/278/278 282/282/282 280/280/280
f 283/283/283 281/281/281 280/280/280
f 281/281/281 283/283/283 284/284/284
f 282/282/282 285/285/285 280/280/280
f 283/283/283 280/280/280 285/285/285
f 282/282/282 279/279/279 286/286/286
f 282/282/282 286/286/286 285/285/285
f 286/286/286 287/287/287 285/285/285
f 279/279/279 288/288/288 286/286/286
f 289/289/289 288/288/288 279/279/279
f 290/290/290 283/283/283 285/285/285
f 283/283/283 290/290/290 291/291/291
f 283/283/283 291/291/291 284/284/284
f 290/290/290 292/292/292 291/291/291
f 291/291/291 293/293/293 284/284/284
f 293/293/293 294/294/294 284/284/284
f 284/284/284 294/294/294 295/295/295
f 294/294/294 296/296/296 295/295/295
f 297/297/297 293/293/293 291/291/291
f 292/292/292 297/297/297 291/291/291
f 298/298/298 297/297/297 292/292/292
f 299/299/299 298/298/298 292/292/292
f 302/302/302 301/301/301 300/300/300
f 303/303/303 302/302/302 300/300/300
f 302/302/302 303/303/303 304/304/304
f 305/305/305 302/302/302 304/304/304
f 306/306/306 305/305/305 304/304/304
f 309/309/309 308/308/308 307/307/307
f 308/308/308 310/310/310 307/307/307
f 308/308/308 311/311/311 310/310/310
f 312/312/312 307/307/307 310/310/310
f 311/311/311 313/313/313 310/310/310
f 314/314/314 312/312/312 310/310/310
f 314/314/314 310/310/310 313/313/313
f 312/312/312 314/314/314 315/315/315
f 316/316/316 314/314/314 313/313/313
f 314/314/314 317/317/317 315/315/315
f 314/314/314 316/316/316 317/317/317
f 318/318/318 315/315/315 317/317/317
f 316/316/316 319/319/319 317/317/317
f 320/320/320 318/318/318 317/317/317
f 320/320/320 317/317/317 319/319/319
f 321/321/321 320/320/320 319/319/319
f 318/318/318 320/320/320 322/322/322
f 320/320/320 321/321/321 323/323/323
f 320/320/320 323/323/323 322/322/322
f 321/321/321 324/324/324 323/323/323
f 324/324/324 325/325/325 323/323/323
f 325/325/325 326/326/326 323/323/323
f 323/323/323 326/326/326 322/322/322
f 326/326/326 327/327/327 322/322/322
f 330/330/330 329/329/329 328/328/328
f 329/329/329 331/331/331 328/328/328
f 331/331/331 329/329/329 332/332/332
f 333/333/333 331/331/331 332/332/332
f 336/336/336 335/335/335 334/334/334
f 337/337/337 336/336/336 334/334/334
f 337/337/337 338/338/338 336/336/336
f 341/341/341 340/340/340 339/339/339
f 340/340/340 341/341/341 342/342/342
f 345/345/345 344/344/344 343/343/343
f 346/346/346 345/345/345 343/343/343
f 346/346/346 347/347/347 345/345/345
f 347/347/347 348/348/348 345/345/345
f 351/351/351 350/350/350 349/349/349
f 352/352/352 351/351/351 349/349/349
f 352/352/352 349/349/349 353/353/353
f 354/354/354 352/352/352 353/353/353
f 357/357/357 356/356/356 355/355/355
f 356/356/356 358/358/358 355/355/355
f 355/355/355 358/358/358 359/359/359
f 356/356/356 360/360/360 358/358/358
f 358/358/358 361/361/361 359/359/359
f 360/360/360 362/362/362 358/358/358
f 358/358/358 362/362/362 361/361/361
f 362/362/362 363/363/363 361/361/361
f 366/366/366 365/365/365 364/364/364
f 365/365/365 367/367/367 364/364/364
f 365/365/365 368/368/368 367/367/367
f 369/369/369 364/364/364 367/367/367
f 368/368/368 370/370/370 367/367/367
f 371/371/371 369/369/369 367/367/367
f 371/371/371 367/367/367 370/370/370
f 369/369/369 371/371/371 372/372/372
f 373/373/373 371/371/371 370/370/370
f 371/371/371 374/374/374 372/372/372
f 371/371/371 373/373/373 374/374/374
f 375/375/375 372/372/372 374/374/374
f 373/373/373 376/376/376 374/374/374
f 377/377/377 375/375/375 374/374/374
f 377/377/377 374/374/374 376/376/376
f 378/378/378 377/377/377 376/376/376
f 375/375/375 377/377/377 379/379/379
f 377/377/377 378/378/378 380/380/380
f 377/377/377 380/380/380 379/379/379
f 378/378/378 381/381/381 380/380/380
f 380/380/380 382/382/382 379/379/379
f 382/382/382 383/383/383 379/379/379
f 379/379/379 383/383/383 384/384/384
f 385/385/385 382/382/382 380/380/380
f 381/381/381 385/385/385 380/380/380
f 385/385/385 381/381/381 386/386/386
f 381/381/381 387/387/387 386/386/386
f 390/390/390 389/389/389 388/388/388
f 391/391/391 390/390/390 388/388/388
f 392/392/392 390/390/390 391/391/391
f 393/393/393 392/392/392 391/391/391
f 396/396/396 395/395/395 394/394/394
f 395/395/395 397/397/397 394/394/394
f 394/394/394 397/397/397 398/398/398
f 397/397/397 399/399/399 398/398/398
f 402/402/402 401/401/401 400/400/400
f 400/400/400 403/403/403 402/402/402
f 400/400/400 404/404/404 403/403/403
f 404/404/404 405/405/405 403/403/403
f 404/404/404 406/406/406 405/405/405
f 406/406/406 407/407/407 405/405/405
f 407/407/407 408/408/408 405/405/405
f 407/407/407 409/409/409 408/408/408
f 409/409/409 410/410/410 408/408/408
f 409/409/409 411/411/411 410/410/410
f 414/414/414 413/413/413 412/412/412
f 413/413/413 415/415/415 412/412/412
f 412/412/412 415/415/415 416/416/416
f 415/415/415 417/417/417 416/416/416
f 420/420/420 419/419/419 418/418/418
f 419/419/419 421/421/421 418/418/418
f 418/418/418 421/421/421 422/422/422
f 421/421/421 423/423/423 422/422/422
f 426/426/426 425/425/425 424/424/424
f 427/427/427 426/426/426 424/424/424
f 430/430/430 429/429/429 428/428/428
f 429/429/429 431/431/431 428/428/428
f 434/434/434 433/433/433 432/432/432
f 435/435/435 434/434/434 432/432/432
f 438/438/438 437/437/437 436/436/436
f 439/439/439 438/438/438 436/436/436
usemtl Brass_Mat
f 442/442/442 441/441/441 440/440/440
f 443/443/443 442/442/442 440/440/440
f 443/443/443 440/440/440 444/444/444
f 445/445/445 443/443/443 444/444/444
f 445/445/445 446/446/446 443/443/443
f 446/446/446 447/447/447 443/443/443
f 443/443/443 447/447/447 442/442/442
f 447/447/447 448/448/448 442/442/442
f 451/451/451 450/450/450 449/449/449
f 452/452/452 451/451/451 449/449/449
f 452/452/452 449/449/449 453/453/453
f 449/449/449 454/454/454 453/453/453
f 457/457/457 456/456/456 455/455/455
f 458/458/458 457/457/457 455/455/455
f 458/458/458 455/455/455 459/459/459
f 458/458/458 460/460/460 457/457/457
f 460/460/460 461/461/461 457/457/457
f 462/462/462 460/460/460 458/458/458
f 463/463/463 458/458/458 459/459/459
f 463/463/463 462/462/462 458/458/458
f 463/463/463 459/459/459 464/464/464
f 465/465/465 462/462/462 463/463/463
f 466/466/466 463/463/463 464/464/464
f 466/466/466 465/465/465 463/463/463
f 469/469/469 468/468/468 467/467/467
f 470/470/470 469/469/469 467/467/467
f 470/470/470 471/471/471 469/469/469
f 471/471/471 472/472/472 469/469/469
f 475/475/475 474/474/474 473/473/473
f 476/476/476 475/475/475 473/473/473
f 476/476/476 473/473/473 477/477/477
f 476/476/476 478/478/478 475/475/475
f 478/478/478 479/479/479 475/475/475
f 480/480/480 478/478/478 476/476/476
f 481/481/481 476/476/476 477/477/477
f 481/481/481 480/480/480 476/476/476
f 481/481/481 477/477/477 482/482/482
f 483/483/483 480/480/480 481/481/481
f 484/484/484 481/481/481 482/482/482
f 484/484/484 483/483/483 481/481/481
f 487/487/487 486/486/486 485/485/485
f 488/488/488 487/487/487 485/485/485
f 488/488/488 485/485/485 489/489/489
f 490/490/490 488/488/488 489/489/489
f 490/490/490 491/491/491 488/488/488
f 491/491/491 492/492/492 488/488/488
f 488/488/488 492/492/492 487/487/487
f 492/492/492 493/493/493 487/487/487
f 496/496/496 495/495/495 494/494/494
f 494/494/494 497/497/497 496/496/496
f 497/497/497 498/498/498 496/496/496
f 497/497/497 499/499/499 498/498/498
f 499/499/499 500/500/500 498/498/498
f 499/499/499 501/501/501 500/500/500
f 501/501/501 502/502/502 500/500/500
f 501/501/501 503/503/503 502/502/502
f 503/503/503 504/504/504 502/502/502
f 503/503/503 505/505/505 504/504/504
usemtl BlackFoil
f 508/508/508 507/507/507 506/506/506
f 511/511/511 510/510/510 509/509/509
f 510/510/510 512/512/512 509/509/509
f 510/510/510 513/513/513 512/512/512
f 509/509/509 512/512/512 514/514/514
f 513/513/513 515/515/515 512/512/512
f 512/512/512 516/516/516 514/514/514
f 512/512/512 515/515/515 516/516/516
f 514/514/514 516/516/516 165/165/165
f 515/515/515 517/517/517 516/516/516
f 516/516/516 163/163/163 165/165/165
f 516/516/516 517/517/517 163/163/163
f 517/517/517 162/162/162 163/163/163
f 520/520/520 519/519/519 518/518/518
f 519/519/519 521/521/521 518/518/518
f 518/518/518 521/521/521 522/522/522
f 521/521/521 523/523/523 522/522/522
f 522/522/522 523/523/523 177/177/177
f 523/523/523 176/176/176 177/177/177
f 526/526/526 525/525/525 524/524/524
f 525/525/525 527/527/527 524/524/524
f 524/524/524 527/527/527 528/528/528
f 525/525/525 529/529/529 527/527/527
f 527/527/527 530/530/530 528/528/528
f 528/528/528 530/530/530 168/168/168
f 530/530/530 167/167/167 168/168/168
f 529/529/529 531/531/531 527/527/527
f 527/527/527 531/531/531 530/530/530
f 529/529/529 532/532/532 531/531/531
f 532/532/532 533/533/533 531/531/531
f 530/530/530 534/534/534 167/167/167
f 531/531/531 534/534/534 530/530/530
f 531/531/531 533/533/533 534/534/534
f 534/534/534 170/170/170 167/167/167
f 533/533/533 535/535/535 534/534/534
f 534/534/534 535/535/535 170/170/170
f 535/535/535 172/172/172 170/170/170
f 536/536/536 126/126/126 124/124/124
f 537/537/537 536/536/536 124/124/124
f 537/537/537 124/124/124 121/121/121
f 538/538/538 536/536/536 537/537/537
f 539/539/539 537/537/537 121/121/121
f 539/539/539 121/121/121 122/122/122
f 540/540/540 539/539/539 122/122/122
f 541/541/541 538/538/538 537/537/537
f 541/541/541 537/537/537 539/539/539
f 542/542/542 538/538/538 541/541/541
f 543/543/543 542/542/542 541/541/541
f 544/544/544 539/539/539 540/540/540
f 544/544/544 541/541/541 539/539/539
f 543/543/543 541/541/541 544/544/544
f 545/545/545 544/544/544 540/540/540
f 546/546/546 543/543/543 544/544/544
f 546/546/546 544/544/544 545/545/545
f 547/547/547 546/546/546 545/545/545
f 550/550/550 549/549/549 548/548/548
f 549/549/549 551/551/551 548/548/548
f 549/549/549 552/552/552 551/551/551
f 552/552/552 553/553/553 551/551/551
f 548/548/548 551/551/551 554/554/554
f 551/551/551 553/553/553 555/555/555
f 551/551/551 555/555/555 554/554/554
f 554/554/554 555/555/555 556/556/556
f 555/555/555 557/557/557 556/556/556
f 555/555/555 558/558/558 557/557/557
f 558/558/558 559/559/559 557/557/557
f 562/562/562 561/561/561 560/560/560
f 561/561/561 563/563/563 560/560/560
f 560/560/560 563/563/563 564/564/564
f 563/563/563 565/565/565 564/564/564
f 564/564/564 565/565/565 113/113/113
f 565/565/565 112/112/112 113/113/113
usemtl Labels
f 568/568/568 567/567/567 566/566/566
f 567/567/567 569/569/569 566/566/566
f 566/566/566 569/569/569 570/570/570
f 569/569/569 571/571/571 570/570/570
f 574/574/574 573/573/573 572/572/572
f 573/573/573 575/575/575 572/572/572
f 572/572/572 575/575/575 576/576/576
f 575/575/575 577/577/577 576/576/576
g Bottle_2bec3ee8
v 1.26221 1.79926 -3.25089
v 1.27581 1.82037 -3.26696
v 1.29455 1.79926 -3.25089
v 1.22171 1.79895 -3.31269
v 1.22387 1.78772 -3.32375
v 1.22986 1.79926 -3.31985
v 1.21744 1.59394 -3.31732
v 1.22387 1.59394 -3.32375
v 1.22387 1.58751 -3.31732
v 1.27256 1.82439 -3.29968
v 1.28341 1.82067 -3.29616
v 1.27889 1.82439 -3.29335
v 1.27889 1.82439 -3.2774
v 1.27581 1.82037 -3.26696
v 1.27256 1.82439 -3.27107
v 1.22045 1.59513 -3.25462
v 1.22506 1.59051 -3.25462
v 1.22506 1.59513 -3.25
v 1.27515 1.81804 -3.26894
v 1.29364 1.7974 -3.25337
v 1.30029 1.79701 -3.25902
v 1.2717 1.82231 -3.29745
v 1.27684 1.82218 -3.29244
v 1.28156 1.81826 -3.29547
v 1.29364 1.7974 -3.31738
v 1.30029 1.79701 -3.31173
v 1.2717 1.82231 -3.29745
v 1.26672 1.83468 -3.29076
v 1.26833 1.83469 -3.28882
v 1.27169 1.82231 -3.2733
v 1.26672 1.83468 -3.27999
v 1.26221 1.83498 -3.27825
v 1.26221 1.82269 -3.2736
v 1.26221 1.81837 -3.26921
v 1.27515 1.81804 -3.26894
v 1.26221 1.79783 -3.25358
v 1.26221 1.59394 -3.247
v 1.30054 1.78772 -3.247
v 1.30054 1.59394 -3.247
v 1.26221 1.78772 -3.247
v 1.22387 1.59394 -3.247
v 1.29455 1.79926 -3.25089
v 1.22387 1.78772 -3.247
v 1.26221 1.79926 -3.25089
v 1.22986 1.79926 -3.25089
v 1.26221 1.82037 -3.26696
v 1.27581 1.82037 -3.26696
v 1.2486 1.82037 -3.26696
v 1.27256 1.82439 -3.27107
v 1.26221 1.82439 -3.27107
v 1.25185 1.82439 -3.27107
v 1.25517 1.83107 -3.27469
v 1.26221 1.83107 -3.27346
v 1.26924 1.83107 -3.27469
v 1.3027 1.79895 -3.25806
v 1.30054 1.78772 -3.247
v 1.29455 1.79926 -3.25089
v 1.30697 1.78772 -3.25343
v 1.30697 1.59394 -3.25343
v 1.30054 1.59394 -3.247
v 1.30054 1.58751 -3.25343
v 1.30697 1.78772 -3.28537
v 1.30697 1.59394 -3.28537
v 1.3027 1.79895 -3.28537
v 1.30697 1.78772 -3.31732
v 1.30697 1.59394 -3.31732
v 1.3027 1.79895 -3.31269
v 1.28341 1.82067 -3.29616
v 1.28341 1.82067 -3.28537
v 1.28341 1.82067 -3.27459
v 1.27889 1.82439 -3.29335
v 1.27889 1.82439 -3.28537
v 1.27889 1.82439 -3.2774
v 1.27399 1.83107 -3.27921
v 1.27526 1.83107 -3.28537
v 1.27399 1.83107 -3.29153
v 1.22171 1.79895 -3.25806
v 1.22986 1.79926 -3.25089
v 1.22387 1.78772 -3.247
v 1.21744 1.78772 -3.25343
v 1.22387 1.59394 -3.247
v 1.21744 1.59394 -3.25343
v 1.26924 1.83107 -3.27469
v 1.27889 1.82439 -3.2774
v 1.27256 1.82439 -3.27107
v 1.27399 1.83107 -3.27921
v 1.25185 1.82439 -3.27107
v 1.25042 1.83107 -3.27921
v 1.25517 1.83107 -3.27469
v 1.24552 1.82439 -3.2774
v 1.24915 1.83107 -3.28537
v 1.24552 1.82439 -3.28537
v 1.25042 1.83107 -3.29153
v 1.241 1.82067 -3.28537
v 1.241 1.82067 -3.27459
v 1.24552 1.82439 -3.29335
v 1.25517 1.83107 -3.29606
v 1.25185 1.82439 -3.29968
v 1.241 1.82067 -3.29616
v 1.22171 1.79895 -3.31269
v 1.22171 1.79895 -3.28537
v 1.22171 1.79895 -3.25806
v 1.21744 1.78772 -3.31732
v 1.22387 1.78772 -3.32375
v 1.21744 1.59394 -3.31732
v 1.21744 1.78772 -3.28537
v 1.21744 1.78772 -3.25343
v 1.21744 1.59394 -3.28537
v 1.21744 1.59394 -3.25343
v 1.27399 1.83107 -3.27921
v 1.26924 1.83107 -3.27469
v 1.2692 1.83252 -3.2747
v 1.27394 1.83252 -3.27922
v 1.26924 1.83107 -3.27469
v 1.26221 1.83252 -3.27346
v 1.2692 1.83252 -3.2747
v 1.26221 1.83107 -3.27346
v 1.25521 1.83252 -3.2747
v 1.25517 1.83107 -3.27469
v 1.25517 1.83107 -3.27469
v 1.25047 1.83252 -3.27922
v 1.25521 1.83252 -3.2747
v 1.25042 1.83107 -3.27921
v 1.24919 1.83252 -3.28537
v 1.24915 1.83107 -3.28537
v 1.25047 1.83252 -3.29153
v 1.25042 1.83107 -3.29153
v 1.29455 1.79926 -3.31985
v 1.30697 1.78772 -3.31732
v 1.3027 1.79895 -3.31269
v 1.30054 1.78772 -3.32375
v 1.30054 1.59394 -3.32375
v 1.30697 1.59394 -3.31732
v 1.30054 1.58751 -3.31732
v 1.27256 1.82439 -3.29968
v 1.27399 1.83107 -3.29153
v 1.26924 1.83107 -3.29606
v 1.27889 1.82439 -3.29335
v 1.25185 1.82439 -3.29968
v 1.26221 1.83107 -3.29729
v 1.25517 1.83107 -3.29606
v 1.26221 1.82439 -3.29968
v 1.26924 1.83107 -3.29606
v 1.27256 1.82439 -3.29968
v 1.27581 1.82037 -3.30379
v 1.26221 1.82037 -3.30379
v 1.2486 1.82037 -3.30379
v 1.29455 1.79926 -3.31985
v 1.26221 1.79926 -3.31985
v 1.22986 1.79926 -3.31985
v 1.30054 1.78772 -3.32375
v 1.26221 1.78772 -3.32375
v 1.22387 1.78772 -3.32375
v 1.30054 1.59394 -3.32375
v 1.26221 1.59394 -3.32375
v 1.30054 1.58751 -3.31732
v 1.22387 1.59394 -3.32375
v 1.26221 1.58751 -3.31732
v 1.22387 1.58751 -3.31732
v 1.26221 1.83107 -3.29729
v 1.26924 1.83107 -3.29606
v 1.2692 1.83252 -3.29605
v 1.26221 1.83252 -3.29729
v 1.25517 1.83107 -3.29606
v 1.25521 1.83252 -3.29605
v 1.26924 1.83107 -3.29606
v 1.27394 1.83252 -3.29153
v 1.2692 1.83252 -3.29605
v 1.27399 1.83107 -3.29153
v 1.27522 1.83252 -3.28537
v 1.27526 1.83107 -3.28537
v 1.27394 1.83252 -3.27922
v 1.27399 1.83107 -3.27921
v 1.25042 1.83107 -3.29153
v 1.25517 1.83107 -3.29606
v 1.25521 1.83252 -3.29605
v 1.25047 1.83252 -3.29153
v 1.21744 1.59394 -3.25343
v 1.22387 1.59394 -3.247
v 1.22387 1.58751 -3.25343
v 1.22387 1.58751 -3.28537
v 1.21744 1.59394 -3.28537
v 1.22387 1.58751 -3.31732
v 1.21744 1.59394 -3.31732
v 1.30697 1.59394 -3.31732
v 1.30054 1.58751 -3.31732
v 1.30054 1.58751 -3.28537
v 1.30697 1.59394 -3.28537
v 1.30054 1.58751 -3.25343
v 1.30697 1.59394 -3.25343
v 1.24552 1.82439 -3.2774
v 1.25185 1.82439 -3.27107
v 1.2486 1.82037 -3.26696
v 1.241 1.82067 -3.27459
v 1.22986 1.79926 -3.25089
v 1.241 1.82067 -3.27459
v 1.2486 1.82037 -3.26696
v 1.22171 1.79895 -3.25806
v 1.24552 1.82439 -3.29335
v 1.241 1.82067 -3.29616
v 1.2486 1.82037 -3.30379
v 1.25185 1.82439 -3.29968
v 1.2486 1.82037 -3.30379
v 1.241 1.82067 -3.29616
v 1.22171 1.79895 -3.31269
v 1.22986 1.79926 -3.31985
v 1.27256 1.82439 -3.29968
v 1.27581 1.82037 -3.30379
v 1.28341 1.82067 -3.29616
v 1.29455 1.79926 -3.31985
v 1.3027 1.79895 -3.31269
v 1.27889 1.82439 -3.2774
v 1.28341 1.82067 -3.27459
v 1.27581 1.82037 -3.26696
v 1.3027 1.79895 -3.25806
v 1.29455 1.79926 -3.25089
v 1.26221 1.59394 -3.247
v 1.22387 1.58751 -3.25343
v 1.22387 1.59394 -3.247
v 1.26221 1.58751 -3.25343
v 1.30054 1.59394 -3.247
v 1.30054 1.58751 -3.25343
v 1.26221 1.58751 -3.31732
v 1.22387 1.58751 -3.31732
v 1.22387 1.58751 -3.28537
v 1.26221 1.58751 -3.28537
v 1.30054 1.58751 -3.31732
v 1.22387 1.58751 -3.25343
v 1.30054 1.58751 -3.28537
v 1.26221 1.58751 -3.25343
v 1.30054 1.58751 -3.25343
v 1.27399 1.83107 -3.27921
v 1.27526 1.83107 -3.28537
v 1.27399 1.83107 -3.29153
v 1.26924 1.83107 -3.27469
v 1.26924 1.83107 -3.29606
v 1.26221 1.83107 -3.27346
v 1.26221 1.83107 -3.29729
v 1.25517 1.83107 -3.27469
v 1.25517 1.83107 -3.29606
v 1.25042 1.83107 -3.27921
v 1.25042 1.83107 -3.29153
v 1.24915 1.83107 -3.28537
v 1.30029 1.79701 -3.25902
v 1.29364 1.7974 -3.25337
v 1.29924 1.78698 -3.24996
v 1.30401 1.78693 -3.25475
v 1.30396 1.59513 -3.25462
v 1.29935 1.59513 -3.25
v 1.29935 1.59051 -3.25462
v 1.26221 1.79783 -3.25358
v 1.29364 1.7974 -3.25337
v 1.27515 1.81804 -3.26894
v 1.26221 1.78722 -3.25
v 1.29924 1.78698 -3.24996
v 1.26221 1.59518 -3.25
v 1.29935 1.59513 -3.25
v 1.26221 1.59051 -3.25467
v 1.29935 1.59051 -3.25462
v 1.22506 1.59051 -3.25462
v 1.22506 1.59513 -3.25
v 1.22517 1.78698 -3.24996
v 1.23077 1.7974 -3.25337
v 1.26221 1.81837 -3.26921
v 1.24926 1.81804 -3.26894
v 1.26221 1.82269 -3.2736
v 1.25272 1.82231 -3.2733
v 1.25769 1.83468 -3.27999
v 1.26221 1.83498 -3.27825
v 1.27169 1.82231 -3.2733
v 1.22412 1.79701 -3.25902
v 1.22517 1.78698 -3.24996
v 1.23077 1.7974 -3.25337
v 1.2204 1.78693 -3.25475
v 1.22506 1.59513 -3.25
v 1.22045 1.59513 -3.25462
v 1.22044 1.59518 -3.28537
v 1.22044 1.78717 -3.28537
v 1.22045 1.59513 -3.31613
v 1.22432 1.79737 -3.28537
v 1.24285 1.81826 -3.27528
v 1.2204 1.78693 -3.316
v 1.24309 1.81851 -3.28537
v 1.24757 1.82218 -3.27831
v 1.22412 1.79701 -3.31173
v 1.22517 1.78698 -3.32079
v 1.23077 1.7974 -3.31738
v 1.22506 1.59513 -3.32074
v 1.22506 1.59051 -3.31613
v 1.24285 1.81826 -3.29547
v 1.24784 1.82243 -3.28537
v 1.24757 1.82218 -3.29244
v 1.25476 1.83494 -3.28537
v 1.25608 1.83469 -3.28193
v 1.25272 1.82231 -3.2733
v 1.25769 1.83468 -3.27999
v 1.25608 1.83469 -3.28882
v 1.25769 1.83468 -3.29076
v 1.25272 1.82231 -3.29745
v 1.29364 1.7974 -3.31738
v 1.30029 1.79701 -3.31173
v 1.30401 1.78693 -3.316
v 1.29924 1.78698 -3.32079
v 1.29935 1.59513 -3.32074
v 1.30396 1.59513 -3.31613
v 1.29935 1.59051 -3.31613
v 1.22506 1.59513 -3.32074
v 1.26221 1.59051 -3.31608
v 1.22506 1.59051 -3.31613
v 1.26221 1.59518 -3.32075
v 1.29935 1.59051 -3.31613
v 1.22517 1.78698 -3.32079
v 1.29935 1.59513 -3.32074
v 1.26221 1.78722 -3.32075
v 1.23077 1.7974 -3.31738
v 1.29924 1.78698 -3.32079
v 1.26221 1.79783 -3.31717
v 1.24926 1.81804 -3.3018
v 1.29364 1.7974 -3.31738
v 1.26221 1.81837 -3.30153
v 1.27515 1.81804 -3.3018
v 1.25272 1.82231 -3.29745
v 1.26221 1.82269 -3.29714
v 1.2717 1.82231 -3.29745
v 1.26672 1.83468 -3.29076
v 1.26221 1.83498 -3.2925
v 1.25769 1.83468 -3.29076
v 1.24757 1.82218 -3.27831
v 1.24926 1.81804 -3.26894
v 1.25272 1.82231 -3.2733
v 1.24285 1.81826 -3.27528
v 1.23077 1.7974 -3.25337
v 1.22412 1.79701 -3.25902
v 1.27684 1.82218 -3.27831
v 1.27169 1.82231 -3.2733
v 1.27515 1.81804 -3.26894
v 1.28156 1.81826 -3.27528
v 1.30029 1.79701 -3.25902
v 1.2717 1.82231 -3.29745
v 1.28156 1.81826 -3.29547
v 1.27515 1.81804 -3.3018
v 1.29364 1.7974 -3.31738
v 1.24757 1.82218 -3.29244
v 1.25272 1.82231 -3.29745
v 1.24926 1.81804 -3.3018
v 1.24285 1.81826 -3.29547
v 1.22412 1.79701 -3.31173
v 1.23077 1.7974 -3.31738
v 1.22044 1.59518 -3.28537
v 1.22045 1.59513 -3.31613
v 1.22506 1.59051 -3.31613
v 1.22511 1.59051 -3.28537
v 1.22045 1.59513 -3.25462
v 1.22506 1.59051 -3.25462
v 1.26221 1.59051 -3.31608
v 1.22511 1.59051 -3.28537
v 1.22506 1.59051 -3.31613
v 1.26221 1.59051 -3.28537
v 1.29935 1.59051 -3.31613
v 1.22506 1.59051 -3.25462
v 1.2993 1.59051 -3.28537
v 1.26221 1.59051 -3.25467
v 1.29935 1.59051 -3.25462
v 1.30396 1.59513 -3.31613
v 1.2993 1.59051 -3.28537
v 1.29935 1.59051 -3.31613
v 1.30397 1.59518 -3.28537
v 1.29935 1.59051 -3.25462
v 1.30401 1.78693 -3.316
v 1.30396 1.59513 -3.25462
v 1.30397 1.78717 -3.28537
v 1.30029 1.79701 -3.31173
v 1.30401 1.78693 -3.25475
v 1.30009 1.79737 -3.28537
v 1.28156 1.81826 -3.29547
v 1.30029 1.79701 -3.25902
v 1.28132 1.81851 -3.28537
v 1.28156 1.81826 -3.27528
v 1.27684 1.82218 -3.29244
v 1.27657 1.82243 -3.28537
v 1.27684 1.82218 -3.27831
v 1.26965 1.83494 -3.28537
v 1.26833 1.83469 -3.28882
v 1.2717 1.82231 -3.29745
v 1.26833 1.83469 -3.28193
v 1.26672 1.83468 -3.27999
v 1.27169 1.82231 -3.2733
v 1.25476 1.83494 -3.28537
v 1.25476 1.88902 -3.28537
v 1.25608 1.88877 -3.28193
v 1.25608 1.83469 -3.28193
v 1.25769 1.88876 -3.27999
v 1.25769 1.83468 -3.27999
v 1.25608 1.83469 -3.28882
v 1.25476 1.88902 -3.28537
v 1.25476 1.83494 -3.28537
v 1.25608 1.88877 -3.28882
v 1.25769 1.83468 -3.29076
v 1.25769 1.88876 -3.29076
v 1.26833 1.88877 -3.28882
v 1.26965 1.88902 -3.28537
v 1.26833 1.88877 -3.28193
v 1.26672 1.88876 -3.27999
v 1.26672 1.88876 -3.29076
v 1.26221 1.88906 -3.27825
v 1.26221 1.88906 -3.2925
v 1.25769 1.88876 -3.29076
v 1.25769 1.88876 -3.27999
v 1.25608 1.88877 -3.28882
v 1.25608 1.88877 -3.28193
v 1.25476 1.88902 -3.28537
v 1.26833 1.83469 -3.28882
v 1.26672 1.88876 -3.29076
v 1.26672 1.83468 -3.29076
v 1.26833 1.88877 -3.28882
v 1.26965 1.83494 -3.28537
v 1.26965 1.88902 -3.28537
v 1.26833 1.83469 -3.28193
v 1.26965 1.88902 -3.28537
v 1.26965 1.83494 -3.28537
v 1.26833 1.88877 -3.28193
v 1.26672 1.83468 -3.27999
v 1.26672 1.88876 -3.27999
v 1.26221 1.83498 -3.2925
v 1.26221 1.88906 -3.2925
v 1.25769 1.88876 -3.29076
v 1.25769 1.83468 -3.29076
v 1.26672 1.83468 -3.29076
v 1.26221 1.88906 -3.2925
v 1.26221 1.83498 -3.2925
v 1.26672 1.88876 -3.29076
v 1.25769 1.83468 -3.27999
v 1.25769 1.88876 -3.27999
v 1.26221 1.88906 -3.27825
v 1.26221 1.83498 -3.27825
v 1.26221 1.83498 -3.27825
v 1.26221 1.88906 -3.27825
v 1.26672 1.88876 -3.27999
v 1.26672 1.83468 -3.27999
v 1.26221 1.87202 -3.27298
v 1.25601 1.87202 -3.27464
v 1.25601 1.89314 -3.27464
v 1.26221 1.89314 -3.27298
v 1.2684 1.87202 -3.27464
v 1.2684 1.89314 -3.27464
v 1.26811 1.89548 -3.27514
v 1.26221 1.89548 -3.27356
v 1.2563 1.89548 -3.27514
v 1.2684 1.89314 -3.27464
v 1.26811 1.89548 -3.27514
v 1.27244 1.89548 -3.27947
v 1.27294 1.89314 -3.27918
v 1.27294 1.87202 -3.27918
v 1.2684 1.87202 -3.27464
v 1.24981 1.87202 -3.28537
v 1.25147 1.87202 -3.29157
v 1.25147 1.89314 -3.29157
v 1.24981 1.89314 -3.28537
v 1.25147 1.87202 -3.27918
v 1.25039 1.89548 -3.28537
v 1.25197 1.89548 -3.29128
v 1.25197 1.89548 -3.27947
v 1.25147 1.89314 -3.27918
v 1.25601 1.87202 -3.27464
v 1.2563 1.89548 -3.27514
v 1.25601 1.89314 -3.27464
v 1.25147 1.87202 -3.29157
v 1.25601 1.87202 -3.29611
v 1.25601 1.89314 -3.29611
v 1.25147 1.89314 -3.29157
v 1.25197 1.89548 -3.29128
v 1.2563 1.89548 -3.29561
v 1.2746 1.87202 -3.28537
v 1.27294 1.87202 -3.27918
v 1.27294 1.89314 -3.27918
v 1.2746 1.89314 -3.28537
v 1.27294 1.87202 -3.29157
v 1.27402 1.89548 -3.28537
v 1.27244 1.89548 -3.27947
v 1.27244 1.89548 -3.29128
v 1.27294 1.89314 -3.29157
v 1.2684 1.87202 -3.29611
v 1.26811 1.89548 -3.29561
v 1.2684 1.89314 -3.29611
v 1.26221 1.87202 -3.29777
v 1.2684 1.87202 -3.29611
v 1.2684 1.89314 -3.29611
v 1.26221 1.89314 -3.29777
v 1.25601 1.87202 -3.29611
v 1.25601 1.89314 -3.29611
v 1.2563 1.89548 -3.29561
v 1.26221 1.89548 -3.29719
v 1.26811 1.89548 -3.29561
v 1.27244 1.89548 -3.29128
v 1.27402 1.89548 -3.28537
v 1.27244 1.89548 -3.27947
v 1.26811 1.89548 -3.29561
v 1.26811 1.89548 -3.27514
v 1.26221 1.89548 -3.29719
v 1.26221 1.89548 -3.27356
v 1.2563 1.89548 -3.29561
v 1.2563 1.89548 -3.27514
v 1.25197 1.89548 -3.29128
v 1.25197 1.89548 -3.27947
v 1.25039 1.89548 -3.28537
v 1.26221 1.87093 -3.27341
v 1.25618 1.87093 -3.275
v 1.25622 1.87273 -3.27501
v 1.25622 1.87273 -3.29574
v 1.26221 1.88861 -3.29669
v 1.25655 1.88861 -3.29518
v 1.26221 1.87273 -3.29734
v 1.26786 1.88861 -3.29518
v 1.25618 1.87093 -3.29575
v 1.26819 1.87273 -3.29574
v 1.26221 1.87093 -3.29734
v 1.26823 1.87093 -3.29575
v 1.25184 1.87273 -3.29136
v 1.25655 1.88861 -3.29518
v 1.2524 1.88861 -3.29103
v 1.25622 1.87273 -3.29574
v 1.25178 1.87093 -3.29137
v 1.25618 1.87093 -3.29575
v 1.26819 1.87273 -3.29574
v 1.27201 1.88861 -3.29103
v 1.26786 1.88861 -3.29518
v 1.27257 1.87273 -3.29136
v 1.26823 1.87093 -3.29575
v 1.27352 1.88861 -3.28537
v 1.27263 1.87093 -3.29137
v 1.27417 1.87273 -3.28537
v 1.27201 1.88861 -3.27971
v 1.27257 1.87273 -3.27939
v 1.27422 1.87093 -3.28537
v 1.27263 1.87093 -3.27938
v 1.25178 1.87093 -3.29137
v 1.25019 1.87093 -3.28537
v 1.25184 1.87273 -3.29136
v 1.25178 1.87093 -3.27938
v 1.25618 1.87093 -3.275
v 1.25024 1.87273 -3.28537
v 1.2524 1.88861 -3.29103
v 1.25089 1.88861 -3.28537
v 1.25184 1.87273 -3.27939
v 1.25622 1.87273 -3.27501
v 1.2524 1.88861 -3.27971
v 1.25655 1.88861 -3.27557
v 1.26819 1.87273 -3.27501
v 1.26221 1.88861 -3.27405
v 1.26786 1.88861 -3.27557
v 1.26221 1.87273 -3.27341
v 1.25655 1.88861 -3.27557
v 1.25622 1.87273 -3.27501
v 1.26823 1.87093 -3.275
v 1.26221 1.87093 -3.27341
v 1.2692 1.83252 -3.2747
v 1.26221 1.83252 -3.27346
v 1.25618 1.87093 -3.275
v 1.25521 1.83252 -3.2747
v 1.27257 1.87273 -3.27939
v 1.26786 1.88861 -3.27557
v 1.27201 1.88861 -3.27971
v 1.26819 1.87273 -3.27501
v 1.27263 1.87093 -3.27938
v 1.26823 1.87093 -3.275
v 1.26221 1.6157 -3.24637
v 1.29538 1.78342 -3.24637
v 1.29538 1.6157 -3.24637
v 1.26221 1.78342 -3.24637
v 1.22903 1.6157 -3.24637
v 1.22903 1.78342 -3.24637
v 1.26221 1.6157 -3.3239
v 1.22903 1.78342 -3.3239
v 1.22903 1.6157 -3.3239
v 1.26221 1.78342 -3.3239
v 1.29538 1.6157 -3.3239
v 1.29538 1.78342 -3.3239
vn 1.2622 2.001906 -2.789251
vn 1.344793 2.10145 -2.872312
vn 1.354686 2.031821 -2.817375
vn 0.8211313 2.061991 -3.3972
vn 1.178593 1.717648 -3.856534
vn 1.169718 2.031813 -3.753384
vn 0.6929008 1.689333 -3.379889
vn 1.180909 1.689129 -3.856708
vn 1.18499 1.141712 -3.376201
vn 1.409459 2.105171 -3.676281
vn 1.641657 2.129565 -3.387673
vn 1.628711 2.123817 -3.443336
vn 1.621757 2.130363 -3.128867
vn 1.344793 2.10145 -2.872312
vn 1.417162 2.102156 -2.894387
vn 1.834603 1.71962 -3.359672
vn 1.322792 2.276233 -3.35752
vn 1.325185 1.719606 -3.859134
vn 1.187262 1.315806 -3.703683
vn 1.179123 1.386647 -3.758714
vn 0.8155242 1.354681 -3.385133
vn 1.112423 1.330075 -2.874143
vn 0.8714582 1.312806 -3.125493
vn 0.8780578 1.286217 -3.190362
vn 1.169761 1.380862 -2.817756
vn 0.8115225 1.35824 -3.191287
vn 1.112423 1.330075 -2.874143
vn 1.081317 1.434018 -2.809665
vn 0.8700908 1.37138 -3.026154
vn 1.10407 1.340297 -3.702671
vn 0.9971896 1.380572 -3.681349
vn 1.29341 1.462638 -3.807709
vn 1.271511 1.407542 -3.779136
vn 1.263039 1.348135 -3.737947
vn 1.187262 1.315806 -3.703683
vn 1.262666 1.408952 -3.780074
vn 1.2622 1.688095 -2.708324
vn 1.34581 1.717649 -2.714219
vn 1.343494 1.68913 -2.714046
vn 1.2622 1.716944 -2.708119
vn 1.180907 1.689129 -2.714046
vn 1.354686 2.031821 -2.817375
vn 1.178268 1.716936 -2.714253
vn 1.2622 2.001906 -2.789251
vn 1.157993 2.037875 -2.824133
vn 1.2622 2.064613 -2.832414
vn 1.344793 2.10145 -2.872312
vn 1.149865 2.114402 -2.892401
vn 1.417162 2.102156 -2.894387
vn 1.253613 2.026973 -2.805132
vn 1.115361 2.101945 -2.891053
vn 1.109884 2.00876 -2.817567
vn 1.238447 1.924188 -2.751116
vn 1.47235 2.037601 -2.861557
vn 1.703268 2.061994 -3.173558
vn 1.34581 1.717649 -2.714219
vn 1.354686 2.031821 -2.817375
vn 1.831277 1.717754 -3.188627
vn 1.8315 1.689333 -3.190864
vn 1.343494 1.68913 -2.714046
vn 1.339412 1.141712 -3.194552
vn 1.839438 1.71803 -3.285377
vn 1.839253 1.688095 -3.285377
vn 1.735384 2.037424 -3.285377
vn 1.831209 1.7191 -3.382366
vn 1.831501 1.689333 -3.379882
vn 1.707516 2.058767 -3.390356
vn 1.641657 2.129565 -3.387673
vn 1.686705 2.097939 -3.285377
vn 1.61939 2.138997 -3.148265
vn 1.628711 2.123817 -3.443336
vn 1.703308 2.079009 -3.276147
vn 1.621757 2.130363 -3.128867
vn 1.683165 2.044833 -3.081085
vn 1.756191 2.004612 -3.262827
vn 1.651709 2.060454 -3.522903
vn 0.8169225 2.05945 -3.182552
vn 1.157993 2.037875 -2.824133
vn 1.178268 1.716936 -2.714253
vn 0.6930814 1.71849 -3.18896
vn 1.180907 1.689129 -2.714046
vn 0.6929002 1.689333 -3.190868
vn 1.47235 2.037601 -2.861557
vn 1.621757 2.130363 -3.128867
vn 1.417162 2.102156 -2.894387
vn 1.683165 2.044833 -3.081085
vn 1.115361 2.101945 -2.891053
vn 0.8726971 2.060455 -3.047842
vn 1.109884 2.00876 -2.817567
vn 0.9002852 2.125278 -3.120825
vn 0.7681989 2.004594 -3.307928
vn 0.8210974 2.079014 -3.294608
vn 0.8412244 2.044807 -3.489688
vn 0.8376946 2.097938 -3.285377
vn 0.8837143 2.13023 -3.182238
vn 0.9026529 2.130371 -3.441887
vn 1.052051 2.03762 -3.709182
vn 1.107244 2.10217 -3.676354
vn 0.9050111 2.138998 -3.42249
vn 0.8211313 2.061991 -3.3972
vn 0.7890172 2.037426 -3.285377
vn 0.8169225 2.05945 -3.182552
vn 0.6931236 1.717754 -3.38213
vn 1.178593 1.717648 -3.856534
vn 0.6929008 1.689333 -3.379889
vn 0.6849626 1.718031 -3.285377
vn 0.6930814 1.71849 -3.18896
vn 0.6851472 1.688095 -3.285377
vn 0.6929002 1.689333 -3.190868
vn 1.765736 1.724865 -3.003503
vn 1.518128 1.716501 -2.767944
vn 1.521081 1.713531 -2.769366
vn 1.765967 1.724007 -3.003863
vn 1.518128 1.716501 -2.767944
vn 1.260738 1.709262 -2.708034
vn 1.521081 1.713531 -2.769366
vn 1.261726 1.706253 -2.708027
vn 1.006134 1.717962 -2.768042
vn 1.007166 1.717095 -2.767514
vn 1.007166 1.717095 -2.767514
vn 0.7597324 1.722716 -3.001475
vn 1.006134 1.717962 -2.768042
vn 0.7591009 1.724652 -3.002712
vn 0.6851112 1.723927 -3.286821
vn 0.6850569 1.722072 -3.285841
vn 0.7584279 1.724007 -3.566881
vn 0.7586618 1.724834 -3.567247
vn 1.365347 2.037423 -3.747182
vn 1.831209 1.7191 -3.382366
vn 1.707516 2.058767 -3.390356
vn 1.345988 1.716852 -3.856523
vn 1.343492 1.68913 -3.856707
vn 1.831501 1.689333 -3.379882
vn 1.339415 1.141713 -3.376201
vn 1.409459 2.105171 -3.676281
vn 1.651709 2.060454 -3.522903
vn 1.414517 2.008773 -3.753178
vn 1.628711 2.123817 -3.443336
vn 1.107244 2.10217 -3.676354
vn 1.285953 1.924198 -3.819633
vn 1.052051 2.03762 -3.709182
vn 1.270787 2.026992 -3.765609
vn 1.414517 2.008773 -3.753178
vn 1.409459 2.105171 -3.676281
vn 1.375504 2.114579 -3.677889
vn 1.2622 2.06461 -3.738342
vn 1.179608 2.101448 -3.698443
vn 1.365347 2.037423 -3.747182
vn 1.2622 2.001901 -3.781505
vn 1.169718 2.031813 -3.753384
vn 1.345988 1.716852 -3.856523
vn 1.2622 1.716943 -3.862634
vn 1.178593 1.717648 -3.856534
vn 1.343492 1.68913 -3.856707
vn 1.2622 1.688095 -3.862429
vn 1.339415 1.141713 -3.376201
vn 1.180909 1.689129 -3.856708
vn 1.2622 1.137205 -3.380757
vn 1.18499 1.141712 -3.376201
vn 1.262665 1.706242 -3.862726
vn 1.517252 1.717044 -3.803231
vn 1.518268 1.717963 -3.80271
vn 1.263662 1.709261 -3.862719
vn 1.006317 1.716374 -3.802834
vn 1.003329 1.713526 -3.801391
vn 1.517252 1.717044 -3.803231
vn 1.764669 1.722721 -3.569277
vn 1.518268 1.717963 -3.80271
vn 1.765297 1.724665 -3.568044
vn 1.839289 1.723928 -3.283945
vn 1.839344 1.722054 -3.284915
vn 1.765967 1.724007 -3.003863
vn 1.765736 1.724865 -3.003503
vn 0.7586618 1.724834 -3.567247
vn 1.006317 1.716374 -3.802834
vn 1.003329 1.713526 -3.801391
vn 0.7584279 1.724007 -3.566881
vn 0.6929002 1.689333 -3.190868
vn 1.180907 1.689129 -2.714046
vn 1.184986 1.141713 -3.194553
vn 1.180132 1.135134 -3.285377
vn 0.6851472 1.688095 -3.285377
vn 1.18499 1.141712 -3.376201
vn 0.6929008 1.689333 -3.379889
vn 1.831501 1.689333 -3.379882
vn 1.339415 1.141713 -3.376201
vn 1.344268 1.135134 -3.285377
vn 1.839253 1.688095 -3.285377
vn 1.339412 1.141712 -3.194552
vn 1.8315 1.689333 -3.190864
vn 0.9002852 2.125278 -3.120825
vn 1.115361 2.101945 -2.891053
vn 1.149865 2.114402 -2.892401
vn 0.8837143 2.13023 -3.182238
vn 1.157993 2.037875 -2.824133
vn 0.8837143 2.13023 -3.182238
vn 1.149865 2.114402 -2.892401
vn 0.8169225 2.05945 -3.182552
vn 0.9026529 2.130371 -3.441887
vn 0.9050111 2.138998 -3.42249
vn 1.179608 2.101448 -3.698443
vn 1.107244 2.10217 -3.676354
vn 1.179608 2.101448 -3.698443
vn 0.9050111 2.138998 -3.42249
vn 0.8211313 2.061991 -3.3972
vn 1.169718 2.031813 -3.753384
vn 1.409459 2.105171 -3.676281
vn 1.375504 2.114579 -3.677889
vn 1.641657 2.129565 -3.387673
vn 1.365347 2.037423 -3.747182
vn 1.707516 2.058767 -3.390356
vn 1.621757 2.130363 -3.128867
vn 1.61939 2.138997 -3.148265
vn 1.344793 2.10145 -2.872312
vn 1.703268 2.061994 -3.173558
vn 1.354686 2.031821 -2.817375
vn 1.2622 1.688095 -2.708324
vn 1.184986 1.141713 -3.194553
vn 1.180907 1.689129 -2.714046
vn 1.2622 1.137205 -3.189996
vn 1.343494 1.68913 -2.714046
vn 1.339412 1.141712 -3.194552
vn 1.2622 1.137205 -3.380757
vn 1.18499 1.141712 -3.376201
vn 1.180132 1.135134 -3.285377
vn 1.2622 1.129272 -3.285377
vn 1.339415 1.141713 -3.376201
vn 1.184986 1.141713 -3.194553
vn 1.344268 1.135134 -3.285377
vn 1.2622 1.137205 -3.189996
vn 1.339412 1.141712 -3.194552
vn 1.262199 1.129272 -3.285377
vn 1.262144 1.129272 -3.285377
vn 1.262184 1.129272 -3.285377
vn 1.262218 1.129272 -3.285377
vn 1.262194 1.129272 -3.285377
vn 1.262208 1.129272 -3.285377
vn 1.262191 1.129272 -3.285377
vn 1.262198 1.129272 -3.285377
vn 1.262188 1.129272 -3.285377
vn 1.262201 1.129272 -3.285377
vn 1.262202 1.129272 -3.285377
vn 1.262257 1.129272 -3.285377
vn 0.8155242 1.354681 -3.385133
vn 1.179123 1.386647 -3.758714
vn 1.196216 1.697299 -3.858868
vn 0.6901377 1.697268 -3.362774
vn 0.6897883 1.719496 -3.359621
vn 1.199152 1.719739 -3.859124
vn 1.201559 2.276248 -3.357362
vn 1.262666 1.408952 -3.780074
vn 1.179123 1.386647 -3.758714
vn 1.187262 1.315806 -3.703683
vn 1.262275 1.697032 -3.862647
vn 1.196216 1.697299 -3.858868
vn 1.262242 1.72036 -3.862563
vn 1.199152 1.719739 -3.859124
vn 1.262216 2.279022 -3.360813
vn 1.201559 2.276248 -3.357362
vn 1.322792 2.276233 -3.35752
vn 1.325185 1.719606 -3.859134
vn 1.328429 1.697985 -3.85885
vn 1.355844 1.380371 -3.752415
vn 1.263039 1.348135 -3.737947
vn 1.366181 1.302709 -3.684596
vn 1.271511 1.407542 -3.779136
vn 1.411962 1.333208 -3.699463
vn 1.443084 1.434033 -3.761097
vn 1.29341 1.462638 -3.807709
vn 1.10407 1.340297 -3.702671
vn 1.712806 1.357578 -3.377336
vn 1.328429 1.697985 -3.85885
vn 1.355844 1.380371 -3.752415
vn 1.834285 1.696583 -3.362525
vn 1.325185 1.719606 -3.859134
vn 1.834603 1.71962 -3.359672
vn 1.839387 1.720361 -3.285333
vn 1.839455 1.696123 -3.285294
vn 1.834611 1.719496 -3.211122
vn 1.73329 1.372844 -3.284935
vn 1.64532 1.285468 -3.3812
vn 1.834264 1.697268 -3.207991
vn 1.686405 1.314981 -3.284458
vn 1.648522 1.310832 -3.451024
vn 1.708874 1.354677 -3.185623
vn 1.328177 1.697299 -2.711884
vn 1.345273 1.38665 -2.812037
vn 1.325246 1.719739 -2.711629
vn 1.322841 2.276248 -3.213392
vn 1.624382 1.276289 -3.155102
vn 1.721285 1.356583 -3.278533
vn 1.648158 1.307744 -3.126423
vn 1.749246 1.397455 -3.262226
vn 1.65432 1.371397 -3.544605
vn 1.411962 1.333208 -3.699463
vn 1.443084 1.434033 -3.761097
vn 1.708675 1.392023 -3.098237
vn 1.527201 1.380574 -2.889396
vn 1.420323 1.340291 -2.868085
vn 1.169761 1.380862 -2.817756
vn 0.8115225 1.35824 -3.191287
vn 0.6902057 1.695985 -3.207644
vn 1.196155 1.698093 -2.71188
vn 1.199218 1.719607 -2.711619
vn 0.6897971 1.71962 -3.211086
vn 1.20161 2.276233 -3.213234
vn 1.325246 1.719739 -2.711629
vn 1.262184 2.279022 -3.209939
vn 1.322841 2.276248 -3.213392
vn 1.262159 1.72036 -2.70819
vn 1.20161 2.276233 -3.213234
vn 1.328177 1.697299 -2.711884
vn 1.199218 1.719607 -2.711619
vn 1.262125 1.697032 -2.708106
vn 1.345273 1.38665 -2.812037
vn 1.196155 1.698093 -2.71188
vn 1.261735 1.408953 -2.790679
vn 1.337134 1.31581 -2.867065
vn 1.169761 1.380862 -2.817756
vn 1.261362 1.348137 -2.832804
vn 1.157057 1.302507 -2.886667
vn 1.420323 1.340291 -2.868085
vn 1.252892 1.407543 -2.791617
vn 1.112423 1.330075 -2.874143
vn 1.081317 1.434018 -2.809665
vn 1.230994 1.462619 -2.763052
vn 1.527201 1.380574 -2.889396
vn 1.648522 1.310832 -3.451024
vn 1.366181 1.302709 -3.684596
vn 1.411962 1.333208 -3.699463
vn 1.64532 1.285468 -3.3812
vn 1.355844 1.380371 -3.752415
vn 1.712806 1.357578 -3.377336
vn 0.8762453 1.307739 -3.444325
vn 1.10407 1.340297 -3.702671
vn 1.187262 1.315806 -3.703683
vn 0.9000193 1.276288 -3.415649
vn 0.8155242 1.354681 -3.385133
vn 1.112423 1.330075 -2.874143
vn 0.8780578 1.286217 -3.190362
vn 1.157057 1.302507 -2.886667
vn 1.169761 1.380862 -2.817756
vn 1.648158 1.307744 -3.126423
vn 1.420323 1.340291 -2.868085
vn 1.337134 1.31581 -2.867065
vn 1.624382 1.276289 -3.155102
vn 1.708874 1.354677 -3.185623
vn 1.345273 1.38665 -2.812037
vn 1.839387 1.720361 -3.285333
vn 1.834611 1.719496 -3.211122
vn 1.322841 2.276248 -3.213392
vn 1.326225 2.280411 -3.285392
vn 1.834603 1.71962 -3.359672
vn 1.322792 2.276233 -3.35752
vn 1.262184 2.279022 -3.209939
vn 1.326225 2.280411 -3.285392
vn 1.322841 2.276248 -3.213392
vn 1.2622 2.283972 -3.285377
vn 1.20161 2.276233 -3.213234
vn 1.322792 2.276233 -3.35752
vn 1.198177 2.280411 -3.285361
vn 1.262216 2.279022 -3.360813
vn 1.201559 2.276248 -3.357362
vn 0.6897971 1.71962 -3.211086
vn 1.198177 2.280411 -3.285361
vn 1.20161 2.276233 -3.213234
vn 0.6850134 1.720361 -3.285415
vn 1.201559 2.276248 -3.357362
vn 0.6902057 1.695985 -3.207644
vn 0.6897883 1.719496 -3.359621
vn 0.6849454 1.696123 -3.285463
vn 0.8115225 1.35824 -3.191287
vn 0.6901377 1.697268 -3.362774
vn 0.7911081 1.372847 -3.28582
vn 0.8780578 1.286217 -3.190362
vn 0.8155242 1.354681 -3.385133
vn 0.8379974 1.314978 -3.286296
vn 0.9000193 1.276288 -3.415649
vn 0.8714582 1.312806 -3.125493
vn 0.8031195 1.356577 -3.292215
vn 0.8762453 1.307739 -3.444325
vn 0.775159 1.397449 -3.30854
vn 0.8700908 1.37138 -3.026154
vn 1.112423 1.330075 -2.874143
vn 0.8157355 1.392017 -3.472531
vn 0.9971896 1.380572 -3.681349
vn 1.10407 1.340297 -3.702671
vn 0.6848499 1.706622 -3.285394
vn 0.6848499 1.706622 -3.285359
vn 0.7539092 1.706622 -3.011564
vn 0.7558944 1.706622 -3.00791
vn 0.9670184 1.706622 -2.78919
vn 0.9627421 1.706622 -2.791759
vn 0.7559015 1.706622 -3.562856
vn 0.6848499 1.706622 -3.285359
vn 0.6848499 1.706622 -3.285394
vn 0.7538829 1.706622 -3.559141
vn 0.9627577 1.706622 -3.779003
vn 0.967003 1.706622 -3.781554
vn 1.25037 2.283851 -3.285377
vn 1.154543 2.273846 -3.285377
vn 1.246602 2.283761 -3.285377
vn 1.296789 2.282935 -3.285377
vn 1.296585 2.282947 -3.285377
vn 1.2622 2.283972 -3.285377
vn 1.2622 2.283972 -3.285377
vn 1.227816 2.282947 -3.285377
vn 1.227613 2.282935 -3.285377
vn 1.274028 2.283851 -3.285377
vn 1.277798 2.283761 -3.285377
vn 1.369866 2.273844 -3.285377
vn 1.768501 1.706622 -3.562852
vn 1.557406 1.706622 -3.781549
vn 1.56166 1.706622 -3.778993
vn 1.770511 1.706622 -3.559153
vn 1.83955 1.706622 -3.285395
vn 1.83955 1.706622 -3.285394
vn 1.768496 1.706622 -3.007891
vn 1.83955 1.706622 -3.285394
vn 1.83955 1.706622 -3.285395
vn 1.770523 1.706622 -3.011622
vn 1.561643 1.706622 -2.79175
vn 1.557406 1.706622 -2.789204
vn 1.2622 1.706622 -3.862727
vn 1.2622 1.706622 -3.862727
vn 0.967003 1.706622 -3.781554
vn 0.9627577 1.706622 -3.779003
vn 1.56166 1.706622 -3.778993
vn 1.2622 1.706622 -3.862727
vn 1.2622 1.706622 -3.862727
vn 1.557406 1.706622 -3.781549
vn 0.9627421 1.706622 -2.791759
vn 0.9670184 1.706622 -2.78919
vn 1.2622 1.706622 -2.708026
vn 1.2622 1.706622 -2.708026
vn 1.2622 1.706622 -2.708026
vn 1.2622 1.706622 -2.708026
vn 1.557406 1.706622 -2.789204
vn 1.561643 1.706622 -2.79175
vn 1.262201 1.706622 -2.708026
vn 0.9735189 1.706622 -2.78538
vn 0.9733678 1.720089 -2.785649
vn 1.261937 1.720093 -2.708184
vn 1.550881 1.706622 -2.78538
vn 1.550575 1.720094 -2.785385
vn 1.301487 2.278506 -3.216544
vn 1.261835 2.279249 -3.211679
vn 1.215477 2.27649 -3.205374
vn 1.550575 1.720094 -2.785385
vn 1.301487 2.278506 -3.216544
vn 1.366478 2.271202 -3.224478
vn 1.761934 1.720091 -2.996555
vn 1.762198 1.706622 -2.996697
vn 1.550881 1.706622 -2.78538
vn 0.6848499 1.706622 -3.285388
vn 0.7621978 1.706622 -3.574048
vn 0.7624607 1.720092 -3.574188
vn 0.6850072 1.720094 -3.285628
vn 0.7621984 1.706622 -2.996705
vn 0.9122106 2.165792 -3.287117
vn 1.157925 2.271202 -3.346276
vn 1.102267 2.253818 -3.194106
vn 0.7622079 1.720094 -2.997003
vn 0.9735189 1.706622 -2.78538
vn 1.215477 2.27649 -3.205374
vn 0.9733678 1.720089 -2.785649
vn 0.7621978 1.706622 -3.574048
vn 0.9735205 1.706622 -3.785374
vn 0.9738322 1.720093 -3.785372
vn 0.7624607 1.720092 -3.574188
vn 1.157925 2.271202 -3.346276
vn 1.222935 2.278508 -3.354209
vn 1.83955 1.706622 -3.285366
vn 1.762198 1.706622 -2.996697
vn 1.761934 1.720091 -2.996555
vn 1.839393 1.720093 -3.285125
vn 1.762207 1.706622 -3.574039
vn 1.612202 2.165783 -3.283636
vn 1.366478 2.271202 -3.224478
vn 1.422113 2.253824 -3.376648
vn 1.762197 1.720092 -3.573742
vn 1.550875 1.706622 -3.785377
vn 1.308898 2.276492 -3.365376
vn 1.551024 1.720093 -3.785109
vn 1.2622 1.706622 -3.862727
vn 1.550875 1.706622 -3.785377
vn 1.551024 1.720093 -3.785109
vn 1.262462 1.720087 -3.86257
vn 0.9735205 1.706622 -3.785374
vn 0.9738322 1.720093 -3.785372
vn 1.222935 2.278508 -3.354209
vn 1.262569 2.279249 -3.359075
vn 1.308898 2.276492 -3.365376
vn 1.422113 2.253824 -3.376648
vn 1.612202 2.165783 -3.283636
vn 1.366478 2.271202 -3.224478
vn 1.308898 2.276492 -3.365376
vn 1.301487 2.278506 -3.216544
vn 1.262569 2.279249 -3.359075
vn 1.261835 2.279249 -3.211679
vn 1.222935 2.278508 -3.354209
vn 1.215477 2.27649 -3.205374
vn 1.157925 2.271202 -3.346276
vn 1.102267 2.253818 -3.194106
vn 0.9122106 2.165792 -3.287117
vn 1.260363 1.709669 -2.708037
vn 0.9801811 1.713747 -2.781643
vn 0.9747711 1.728778 -2.78515
vn 0.9731627 1.728892 -3.784671
vn 1.261165 1.730146 -3.862246
vn 0.9728739 1.730149 -3.784446
vn 1.261416 1.727736 -3.86234
vn 1.549731 1.730146 -3.785483
vn 0.9767567 1.71861 -3.787085
vn 1.549636 1.728786 -3.785599
vn 1.264038 1.709676 -3.862716
vn 1.544225 1.713755 -3.789107
vn 0.7622016 1.729554 -3.573142
vn 0.9728739 1.730149 -3.784446
vn 0.7621008 1.730152 -3.572918
vn 0.9731627 1.728892 -3.784671
vn 0.7620095 1.722661 -3.573275
vn 0.9767567 1.71861 -3.787085
vn 1.549636 1.728786 -3.785599
vn 1.761262 1.730154 -3.574715
vn 1.549731 1.730146 -3.785483
vn 1.761294 1.729592 -3.574705
vn 1.544225 1.713755 -3.789107
vn 1.83907 1.730157 -3.286419
vn 1.760944 1.723847 -3.575706
vn 1.839103 1.729334 -3.286161
vn 1.762299 1.730161 -2.997835
vn 1.762199 1.72956 -2.997612
vn 1.839288 1.723972 -3.28391
vn 1.762384 1.722658 -2.997467
vn 0.7620095 1.722661 -3.573275
vn 0.6851125 1.723972 -3.286831
vn 0.7622016 1.729554 -3.573142
vn 0.763466 1.723848 -2.995031
vn 0.9801811 1.713747 -2.781643
vn 0.6852972 1.729331 -3.284578
vn 0.7621008 1.730152 -3.572918
vn 0.6853305 1.730151 -3.284349
vn 0.7631114 1.729588 -2.996039
vn 0.9747711 1.728778 -2.78515
vn 0.7631375 1.730157 -2.99604
vn 0.9746612 1.730158 -2.785276
vn 1.551229 1.728876 -2.786077
vn 1.263226 1.730158 -2.708507
vn 1.55154 1.730174 -2.786316
vn 1.262981 1.727723 -2.708413
vn 0.9746612 1.730158 -2.785276
vn 0.9747711 1.728778 -2.78515
vn 1.547632 1.718598 -2.783661
vn 1.260363 1.709669 -2.708037
vn 1.521081 1.713531 -2.769366
vn 1.260738 1.709262 -2.708034
vn 0.9801811 1.713747 -2.781643
vn 1.006134 1.717962 -2.768042
vn 1.762199 1.72956 -2.997612
vn 1.55154 1.730174 -2.786316
vn 1.762299 1.730161 -2.997835
vn 1.551229 1.728876 -2.786077
vn 1.762384 1.722658 -2.997467
vn 1.547632 1.718598 -2.783661
vn 1.2622 1.706622 -2.708026
vn 1.2622 1.706622 -2.708026
vn 1.2622 1.706622 -2.708026
vn 1.2622 1.706622 -2.708026
vn 1.2622 1.706622 -2.708026
vn 1.2622 1.706622 -2.708026
vn 1.2622 1.706622 -3.862727
vn 1.2622 1.706622 -3.862727
vn 1.2622 1.706622 -3.862727
vn 1.2622 1.706622 -3.862727
vn 1.2622 1.706622 -3.862727
vn 1.2622 1.706622 -3.862727
vt 0.8183695 0.3291524
vt 0.8321941 0.3505924
vt 0.8512305 0.3291524
vt 0.7385077 0.6188782
vt 0.7501193 0.6306789
vt 0.7460305 0.6185548
vt 0.7433677 0.8342248
vt 0.7501193 0.8342248
vt 0.7433677 0.8409765
vt 0.04728644 0.6344773
vt 0.04325862 0.6220694
vt 0.04004518 0.6272358
vt 0.1289907 0.6333575
vt 0.1170522 0.6368771
vt 0.1217495 0.6405989
vt 0.4819648 0.1159427
vt 0.4819648 0.1111331
vt 0.4771552 0.1159427
vt 0.3396366 0.6712152
vt 0.3574387 0.6500815
vt 0.3509885 0.6424815
vt 0.4066846 0.675168
vt 0.4124084 0.6692817
vt 0.4089496 0.6638952
vt 0.3839065 0.6500818
vt 0.3903565 0.6424821
vt 0.3837188 0.1243029
vt 0.3767441 0.1114008
vt 0.3747145 0.1113894
vt 0.08341266 0.1274979
vt 0.07837114 0.1149499
vt 0.07378639 0.1146461
vt 0.07378648 0.1271148
vt 0.07378639 0.131493
vt 0.08692056 0.1318282
vt 0.07378639 0.1523297
vt 0.8183696 0.1205845
vt 0.8573087 0.3174275
vt 0.8573087 0.1205845
vt 0.8183696 0.3174275
vt 0.7794304 0.1205845
vt 0.8512305 0.3291524
vt 0.7794304 0.3174275
vt 0.8183695 0.3291524
vt 0.7855086 0.3291524
vt 0.8183695 0.3505924
vt 0.8321941 0.3505924
vt 0.8045452 0.3505924
vt 0.8288881 0.3546801
vt 0.8183696 0.3546801
vt 0.8078511 0.3546801
vt 0.8112277 0.3614703
vt 0.8183695 0.3614703
vt 0.8255115 0.3614703
vt 0.634003 0.3319407
vt 0.6223907 0.32014
vt 0.6264798 0.3322641
vt 0.6291426 0.32014
vt 0.6291426 0.1165944
vt 0.6223907 0.1165944
vt 0.6291426 0.1098426
vt 0.6626984 0.32014
vt 0.6626984 0.1165944
vt 0.6626984 0.3319407
vt 0.6962542 0.32014
vt 0.6962542 0.1165944
vt 0.6913943 0.3319407
vt 0.6740257 0.3547578
vt 0.6626984 0.3547578
vt 0.6513715 0.3547578
vt 0.6710739 0.3586611
vt 0.6626984 0.3586611
vt 0.654323 0.3586611
vt 0.6562272 0.3656827
vt 0.6626984 0.3656827
vt 0.6691694 0.3656827
vt 0.6811164 0.6188782
vt 0.6735933 0.6185548
vt 0.6695042 0.6306789
vt 0.6762561 0.6306789
vt 0.6695042 0.8342248
vt 0.6762561 0.8342248
vt 0.6514744 0.3656827
vt 0.654323 0.3586611
vt 0.6476713 0.3586611
vt 0.6562272 0.3656827
vt 0.6947846 0.5921578
vt 0.7033406 0.5851364
vt 0.6985878 0.5851364
vt 0.7014364 0.5921578
vt 0.7098114 0.5851364
vt 0.7098119 0.5921578
vt 0.7162828 0.5851364
vt 0.7098119 0.5960611
vt 0.698485 0.5960611
vt 0.7181873 0.5921578
vt 0.7210355 0.5851364
vt 0.724839 0.5921578
vt 0.7211391 0.5960611
vt 0.7385077 0.6188782
vt 0.7098119 0.6188782
vt 0.6811164 0.6188782
vt 0.7433677 0.6306789
vt 0.7501193 0.6306789
vt 0.7433677 0.8342248
vt 0.7098119 0.6306789
vt 0.6762561 0.6306789
vt 0.7098119 0.8342248
vt 0.6762561 0.8342248
vt 0.2137542 0.5032434
vt 0.2088 0.5032434
vt 0.2088122 0.5048273
vt 0.2137609 0.5048273
vt 0.140417 0.5055838
vt 0.1332911 0.5070497
vt 0.14038 0.5070497
vt 0.1332911 0.5055838
vt 0.126202 0.5070497
vt 0.1261652 0.5055838
vt 0.1616585 0.5662415
vt 0.1666194 0.5646576
vt 0.1616707 0.5646576
vt 0.1666127 0.5662415
vt 0.1733574 0.5646576
vt 0.1733574 0.5662415
vt 0.1800962 0.5646576
vt 0.1801028 0.5662415
vt 0.698917 0.3322641
vt 0.6962542 0.32014
vt 0.6913943 0.3319407
vt 0.7030059 0.32014
vt 0.7030059 0.1165944
vt 0.6962542 0.1165944
vt 0.6962542 0.1098426
vt 0.6777256 0.3586611
vt 0.6691694 0.3656827
vt 0.6739221 0.3656827
vt 0.6710739 0.3586611
vt 0.8535659 0.596139
vt 0.8640843 0.5893488
vt 0.8569425 0.5893488
vt 0.8640844 0.596139
vt 0.8712262 0.5893488
vt 0.8746028 0.596139
vt 0.8779089 0.6002268
vt 0.8640843 0.6002268
vt 0.85026 0.6002268
vt 0.8969452 0.6216667
vt 0.8640843 0.6216667
vt 0.8312234 0.6216667
vt 0.9030234 0.6333916
vt 0.8640844 0.6333916
vt 0.8251452 0.6333916
vt 0.9030234 0.8302345
vt 0.8640844 0.8302345
vt 0.9030234 0.8367639
vt 0.8251452 0.8302345
vt 0.8640844 0.8367639
vt 0.8251452 0.8367639
vt 0.1002997 0.5639014
vt 0.1074257 0.5639014
vt 0.1073887 0.5624354
vt 0.1002997 0.5624354
vt 0.09317388 0.5639014
vt 0.09321064 0.5624354
vt 0.2321982 0.5032434
vt 0.2272377 0.5048273
vt 0.2321862 0.5048273
vt 0.2272442 0.5032434
vt 0.2204989 0.5048273
vt 0.2204993 0.5032434
vt 0.2137609 0.5048273
vt 0.2137542 0.5032434
vt 0.1801028 0.5662415
vt 0.1850567 0.5662415
vt 0.1850447 0.5646576
vt 0.1800962 0.5646576
vt 0.6762561 0.8342248
vt 0.6695042 0.8342248
vt 0.6762561 0.8409765
vt 0.7098119 0.8409765
vt 0.7098119 0.8342248
vt 0.7433677 0.8409765
vt 0.7433677 0.8342248
vt 0.6962542 0.1165944
vt 0.6962542 0.1098426
vt 0.6626984 0.1098426
vt 0.6626984 0.1165944
vt 0.6291426 0.1098426
vt 0.6291426 0.1165944
vt 0.1876257 0.6133769
vt 0.1803846 0.6061357
vt 0.1756873 0.609857
vt 0.1844128 0.6185437
vt 0.1573154 0.6312859
vt 0.1844128 0.6185437
vt 0.1756873 0.609857
vt 0.1655052 0.6405982
vt 0.2159505 0.6458076
vt 0.2191639 0.6509745
vt 0.2278894 0.6422877
vt 0.2231917 0.6385666
vt 0.2278894 0.6422877
vt 0.2191639 0.6509745
vt 0.2380715 0.6730289
vt 0.2462608 0.6637167
vt 0.04728644 0.6344773
vt 0.05198428 0.6307555
vt 0.04325862 0.6220694
vt 0.07035594 0.6093266
vt 0.06216648 0.6000141
vt 0.1289907 0.6333575
vt 0.1257778 0.6281911
vt 0.1170522 0.6368771
vt 0.1068701 0.606136
vt 0.09868027 0.6154485
vt 0.8183696 0.1205845
vt 0.7794304 0.1140552
vt 0.7794304 0.1205845
vt 0.8183696 0.1140552
vt 0.8573087 0.1205845
vt 0.8573087 0.1140552
vt 0.4017196 0.5531819
vt 0.4017196 0.5915151
vt 0.4336653 0.5915151
vt 0.4336653 0.5531819
vt 0.4017196 0.5148491
vt 0.465611 0.5915151
vt 0.4336653 0.5148491
vt 0.465611 0.5531819
vt 0.465611 0.5148491
vt 0.5131837 0.8209346
vt 0.507023 0.8196633
vt 0.5008627 0.8209346
vt 0.5177085 0.8256884
vt 0.496338 0.8256884
vt 0.5189341 0.832719
vt 0.4951122 0.832719
vt 0.5177085 0.8397496
vt 0.496338 0.8397496
vt 0.5131837 0.8445035
vt 0.5008627 0.8445035
vt 0.5070235 0.8457749
vt 0.34363 0.1506928
vt 0.3377449 0.1502837
vt 0.3341852 0.1611609
vt 0.3391807 0.1612092
vt 0.3390417 0.3612664
vt 0.334232 0.3612664
vt 0.3390417 0.3660761
vt 0.07378639 0.1523297
vt 0.1056732 0.1527656
vt 0.08692056 0.1318282
vt 0.07378648 0.1630917
vt 0.1113533 0.163344
vt 0.07378648 0.3579006
vt 0.1114665 0.3579563
vt 0.07378648 0.3626382
vt 0.1114665 0.3626339
vt 0.03610641 0.3626339
vt 0.03610641 0.3579563
vt 0.03621929 0.163344
vt 0.04189967 0.1527656
vt 0.07378639 0.131493
vt 0.06065242 0.1318282
vt 0.07378648 0.1271148
vt 0.06416021 0.1274979
vt 0.06920154 0.1149499
vt 0.07378639 0.1146461
vt 0.08341266 0.1274979
vt 0.4865531 0.3265162
vt 0.4771084 0.3160481
vt 0.480668 0.3269253
vt 0.4821039 0.3159999
vt 0.4771552 0.1159427
vt 0.4819648 0.1159427
vt 0.5140465 0.116
vt 0.5140465 0.3162466
vt 0.5461281 0.1159427
vt 0.5140465 0.3268905
vt 0.5035176 0.348679
vt 0.5459896 0.3159999
vt 0.5140465 0.3489347
vt 0.5066736 0.3527628
vt 0.5415398 0.3265162
vt 0.550985 0.3160481
vt 0.5474249 0.3269253
vt 0.5509379 0.1159427
vt 0.5461281 0.1111331
vt 0.5245753 0.348679
vt 0.5140465 0.3530276
vt 0.5214195 0.3527628
vt 0.5140461 0.3660804
vt 0.5104551 0.3658196
vt 0.501451 0.3529061
vt 0.5084257 0.3658082
vt 0.5176377 0.3658196
vt 0.5196672 0.3658082
vt 0.5266419 0.3529061
vt 0.4045018 0.1502837
vt 0.3986167 0.1506928
vt 0.4030665 0.1612092
vt 0.4080619 0.1611609
vt 0.4080148 0.3612664
vt 0.403205 0.3612664
vt 0.403205 0.3660761
vt 0.1865421 0.119328
vt 0.2242222 0.1146461
vt 0.1865421 0.1146504
vt 0.2242222 0.1193837
vt 0.2619022 0.1146504
vt 0.186655 0.3139403
vt 0.2619022 0.119328
vt 0.2242222 0.3141926
vt 0.1923354 0.3245187
vt 0.261789 0.3139403
vt 0.2242221 0.3249546
vt 0.2110882 0.345456
vt 0.2561089 0.3245187
vt 0.2242221 0.3457913
vt 0.2373563 0.345456
vt 0.2145959 0.3497864
vt 0.2242222 0.3501695
vt 0.2338485 0.3497864
vt 0.2288069 0.3623344
vt 0.2242221 0.3626382
vt 0.2196373 0.3623344
vt 0.2739654 0.6438448
vt 0.2846662 0.6419114
vt 0.2796895 0.6379582
vt 0.2774245 0.6492313
vt 0.3024682 0.663045
vt 0.296018 0.6706449
vt 0.3289357 0.669282
vt 0.3346599 0.6751686
vt 0.3396366 0.6712152
vt 0.3323948 0.6638954
vt 0.3509885 0.6424815
vt 0.4066846 0.675168
vt 0.4089496 0.6638952
vt 0.401708 0.6712148
vt 0.3839065 0.6500818
vt 0.4673791 0.6483684
vt 0.4616552 0.6424817
vt 0.4566786 0.6464349
vt 0.4639202 0.6537547
vt 0.4453268 0.6751683
vt 0.4388767 0.6675684
vt 0.5140465 0.116
vt 0.5461281 0.1159427
vt 0.5461281 0.1111331
vt 0.5140465 0.1111287
vt 0.4819648 0.1159427
vt 0.4819648 0.1111331
vt 0.3372055 0.5509582
vt 0.3065021 0.5880488
vt 0.3372601 0.5881032
vt 0.3065021 0.5509582
vt 0.3372601 0.513813
vt 0.275744 0.5881032
vt 0.3065021 0.513868
vt 0.275799 0.5509582
vt 0.275744 0.513813
vt 0.403205 0.3612664
vt 0.3711234 0.3660805
vt 0.403205 0.3660761
vt 0.3711234 0.3612092
vt 0.3390417 0.3660761
vt 0.4030665 0.1612092
vt 0.3390417 0.3612664
vt 0.3711234 0.1609624
vt 0.3986167 0.1506928
vt 0.3391807 0.1612092
vt 0.3711234 0.1503186
vt 0.3816522 0.12853
vt 0.34363 0.1506928
vt 0.3711234 0.1282743
vt 0.3605945 0.12853
vt 0.3784963 0.1244462
vt 0.3711234 0.1241815
vt 0.3637505 0.1244462
vt 0.3711234 0.1111286
vt 0.3747145 0.1113894
vt 0.3837188 0.1243029
vt 0.3675319 0.1113894
vt 0.3655025 0.1114008
vt 0.3585279 0.1243029
vt 0.02394952 0.5605345
vt 0.02394952 0.5024746
vt 0.02025303 0.5027432
vt 0.02025303 0.5608029
vt 0.01816409 0.5027547
vt 0.01816409 0.5608147
vt 0.02764643 0.5608029
vt 0.02394952 0.5024746
vt 0.02394952 0.5605345
vt 0.02764643 0.5027432
vt 0.02973558 0.5608147
vt 0.02973558 0.5027547
vt 0.7650619 0.9608593
vt 0.7616144 0.9595395
vt 0.7581665 0.9608593
vt 0.7562183 0.9624706
vt 0.7670103 0.9624706
vt 0.7544804 0.9669962
vt 0.768748 0.9669962
vt 0.7670103 0.9715221
vt 0.7562183 0.9715221
vt 0.7650619 0.9731335
vt 0.7581665 0.9731335
vt 0.761614 0.9744532
vt 0.01600237 0.6114386
vt 0.0180915 0.6694865
vt 0.0180915 0.6114268
vt 0.01600237 0.669498
vt 0.0123059 0.611707
vt 0.0123059 0.6697666
vt 0.008609016 0.6114386
vt 0.0123059 0.6697666
vt 0.0123059 0.611707
vt 0.008609016 0.669498
vt 0.006520085 0.6114268
vt 0.006520085 0.6694865
vt 0.07216996 0.559511
vt 0.07216996 0.5035422
vt 0.06749213 0.5038522
vt 0.06749213 0.559821
vt 0.07684769 0.559821
vt 0.07216996 0.5035422
vt 0.07216996 0.559511
vt 0.07684769 0.5038522
vt 0.04422329 0.5035421
vt 0.04422329 0.5595118
vt 0.0489012 0.5598218
vt 0.0489012 0.5038521
vt 0.0489012 0.5038521
vt 0.0489012 0.5598218
vt 0.05357901 0.5595118
vt 0.05357901 0.5035421
vt 0.602235 0.8182032
vt 0.5959221 0.8182032
vt 0.5959221 0.8397286
vt 0.602235 0.8397286
vt 0.6085482 0.8182032
vt 0.6085482 0.8397286
vt 0.6082543 0.8421118
vt 0.602235 0.8421118
vt 0.5962161 0.8421118
vt 0.6304159 0.9855787
vt 0.6309628 0.9881396
vt 0.6356981 0.9881396
vt 0.6353825 0.9855787
vt 0.6353825 0.9624476
vt 0.6304159 0.9624476
vt 0.6898071 0.9881392
vt 0.6965913 0.9881392
vt 0.6965913 0.9650083
vt 0.6898071 0.9650083
vt 0.6830236 0.9881392
vt 0.6898071 0.9624474
vt 0.6962757 0.9624474
vt 0.6833392 0.9624474
vt 0.6830236 0.9650083
vt 0.678057 0.9881392
vt 0.6786041 0.9624474
vt 0.678057 0.9650083
vt 0.6965913 0.9881392
vt 0.7015578 0.9881392
vt 0.7015578 0.9650083
vt 0.6965913 0.9650083
vt 0.6962757 0.9624474
vt 0.7010106 0.9624474
vt 0.642166 0.9624476
vt 0.6353825 0.9624476
vt 0.6353825 0.9855787
vt 0.642166 0.9855787
vt 0.6489502 0.9624476
vt 0.642166 0.9881396
vt 0.6356981 0.9881396
vt 0.6486347 0.9881396
vt 0.6489502 0.9855787
vt 0.6539168 0.9624476
vt 0.6533697 0.9881396
vt 0.6539168 0.9855787
vt 0.7286669 0.9872468
vt 0.7349797 0.9872468
vt 0.7349797 0.9657228
vt 0.7286669 0.9657228
vt 0.7223543 0.9872468
vt 0.7223543 0.9657228
vt 0.7226484 0.9633397
vt 0.7286669 0.9633397
vt 0.7346858 0.9633397
vt 0.565883 0.820085
vt 0.5599748 0.8185019
vt 0.5540673 0.820085
vt 0.5702077 0.8244097
vt 0.5497425 0.8244097
vt 0.5717905 0.8303175
vt 0.5481599 0.8303175
vt 0.5702077 0.8362249
vt 0.5497425 0.8362249
vt 0.565883 0.8405495
vt 0.5540673 0.8405495
vt 0.5599748 0.8421329
vt 0.1332909 0.5459774
vt 0.1271805 0.5459774
vt 0.1272265 0.5478057
vt 0.09423514 0.5216796
vt 0.1002995 0.5055834
vt 0.0945632 0.5055834
vt 0.1002995 0.5216796
vt 0.1060359 0.5055834
vt 0.09418915 0.5235078
vt 0.1063642 0.5216796
vt 0.1002995 0.5235078
vt 0.1064101 0.5235078
vt 0.1799086 0.5206313
vt 0.1840904 0.5032434
vt 0.1795543 0.5032434
vt 0.1847046 0.5206313
vt 0.179917 0.5226063
vt 0.1847202 0.5226063
vt 0.2318461 0.5488538
vt 0.2266958 0.5662416
vt 0.2312319 0.5662416
vt 0.2270501 0.5488538
vt 0.2318617 0.5468788
vt 0.2204989 0.5662416
vt 0.2270585 0.5468788
vt 0.2204989 0.5488538
vt 0.2143024 0.5662416
vt 0.2139476 0.5488538
vt 0.2204989 0.5468788
vt 0.2139394 0.5468788
vt 0.179917 0.5226063
vt 0.1733574 0.5226063
vt 0.1799086 0.5206313
vt 0.1667979 0.5226063
vt 0.1619952 0.5226063
vt 0.1733574 0.5206313
vt 0.1795543 0.5032434
vt 0.1733574 0.5032434
vt 0.1668061 0.5206313
vt 0.1620102 0.5206313
vt 0.1671609 0.5032434
vt 0.1626248 0.5032434
vt 0.1393555 0.5478057
vt 0.1332909 0.5639018
vt 0.1390272 0.5639018
vt 0.1332909 0.5478057
vt 0.1275545 0.5639018
vt 0.1272265 0.5478057
vt 0.1394014 0.5459774
vt 0.1332909 0.5459774
vt 0.14038 0.5070497
vt 0.1332911 0.5070497
vt 0.1271805 0.5459774
vt 0.126202 0.5070497
vt 0.2139476 0.5488538
vt 0.2097663 0.5662416
vt 0.2143024 0.5662416
vt 0.2091517 0.5488538
vt 0.2139394 0.5468788
vt 0.2091368 0.5468788
vt 0.1869777 0.7508096
vt 0.2488893 0.9999627
vt 0.2488893 0.7508096
vt 0.1869777 0.9999627
vt 0.125066 0.7508096
vt 0.1250661 0.9999627
vt 0.5655162 0.7251933
vt 0.5323368 0.5574664
vt 0.5323368 0.7251933
vt 0.5655162 0.5574664
vt 0.5986958 0.7251933
vt 0.5986958 0.5574664
usemtl Glass_Detailed_White_Mat
f 580/580/580 579/579/579 578/578/578
f 583/583/583 582/582/582 581/581/581
f 585/585/585 584/584/584 582/582/582
f 585/585/585 586/586/586 584/584/584
f 589/589/589 588/588/588 587/587/587
f 592/592/592 591/591/591 590/590/590
f 595/595/595 594/594/594 593/593/593
f 598/598/598 597/597/597 596/596/596
f 601/601/601 600/600/600 599/599/599
f 603/603/603 601/601/601 602/602/602
f 606/606/606 605/605/605 604/604/604
f 609/609/609 608/608/608 607/607/607
f 611/611/611 610/610/610 607/607/607
f 612/612/612 611/611/611 607/607/607
f 611/611/611 612/612/612 613/613/613
f 616/616/616 615/615/615 614/614/614
f 615/615/615 617/617/617 614/614/614
f 614/614/614 617/617/617 618/618/618
f 617/617/617 615/615/615 619/619/619
f 617/617/617 620/620/620 618/618/618
f 621/621/621 617/617/617 619/619/619
f 620/620/620 617/617/617 621/621/621
f 622/622/622 620/620/620 621/621/621
f 621/621/621 623/623/623 622/622/622
f 624/624/624 623/623/623 621/621/621
f 623/623/623 625/625/625 622/622/622
f 623/623/623 624/624/624 626/626/626
f 625/625/625 623/623/623 627/627/627
f 627/627/627 623/623/623 626/626/626
f 628/628/628 625/625/625 627/627/627
f 629/629/629 628/628/628 627/627/627
f 630/630/630 629/629/629 627/627/627
f 630/630/630 627/627/627 626/626/626
f 631/631/631 630/630/630 626/626/626
f 634/634/634 633/633/633 632/632/632
f 633/633/633 635/635/635 632/632/632
f 636/636/636 635/635/635 633/633/633
f 637/637/637 636/636/636 633/633/633
f 637/637/637 638/638/638 636/636/636
f 639/639/639 635/635/635 636/636/636
f 640/640/640 639/639/639 636/636/636
f 632/632/632 635/635/635 641/641/641
f 635/635/635 639/639/639 641/641/641
f 642/642/642 639/639/639 640/640/640
f 643/643/643 642/642/642 640/640/640
f 639/639/639 642/642/642 644/644/644
f 641/641/641 639/639/639 644/644/644
f 644/644/644 645/645/645 641/641/641
f 641/641/641 646/646/646 632/632/632
f 645/645/645 646/646/646 641/641/641
f 646/646/646 647/647/647 632/632/632
f 646/646/646 645/645/645 648/648/648
f 647/647/647 646/646/646 649/649/649
f 649/649/649 646/646/646 648/648/648
f 650/650/650 647/647/647 649/649/649
f 651/651/651 650/650/650 649/649/649
f 652/652/652 651/651/651 649/649/649
f 652/652/652 649/649/649 648/648/648
f 653/653/653 652/652/652 648/648/648
f 656/656/656 655/655/655 654/654/654
f 657/657/657 656/656/656 654/654/654
f 656/656/656 657/657/657 658/658/658
f 657/657/657 659/659/659 658/658/658
f 662/662/662 661/661/661 660/660/660
f 661/661/661 663/663/663 660/660/660
f 666/666/666 665/665/665 664/664/664
f 665/665/665 667/667/667 664/664/664
f 665/665/665 668/668/668 667/667/667
f 668/668/668 669/669/669 667/667/667
f 668/668/668 670/670/670 669/669/669
f 669/669/669 671/671/671 667/667/667
f 671/671/671 672/672/672 667/667/667
f 670/670/670 673/673/673 669/669/669
f 670/670/670 674/674/674 673/673/673
f 674/674/674 675/675/675 673/673/673
f 673/673/673 676/676/676 669/669/669
f 676/676/676 671/671/671 669/669/669
f 671/671/671 676/676/676 677/677/677
f 672/672/672 671/671/671 678/678/678
f 678/678/678 671/671/671 677/677/677
f 679/679/679 672/672/672 678/678/678
f 677/677/677 680/680/680 678/678/678
f 681/681/681 680/680/680 677/677/677
f 682/682/682 680/680/680 681/681/681
f 678/678/678 683/683/683 679/679/679
f 680/680/680 683/683/683 678/678/678
f 683/683/683 680/680/680 682/682/682
f 683/683/683 684/684/684 679/679/679
f 685/685/685 683/683/683 682/682/682
f 684/684/684 683/683/683 685/685/685
f 686/686/686 684/684/684 685/685/685
f 689/689/689 688/688/688 687/687/687
f 690/690/690 689/689/689 687/687/687
f 693/693/693 692/692/692 691/691/691
f 692/692/692 694/694/694 691/691/691
f 692/692/692 695/695/695 694/694/694
f 695/695/695 696/696/696 694/694/694
f 699/699/699 698/698/698 697/697/697
f 698/698/698 700/700/700 697/697/697
f 698/698/698 701/701/701 700/700/700
f 701/701/701 702/702/702 700/700/700
f 701/701/701 703/703/703 702/702/702
f 703/703/703 704/704/704 702/702/702
f 707/707/707 706/706/706 705/705/705
f 706/706/706 708/708/708 705/705/705
f 708/708/708 706/706/706 709/709/709
f 706/706/706 710/710/710 709/709/709
f 710/710/710 711/711/711 709/709/709
f 714/714/714 713/713/713 712/712/712
f 713/713/713 715/715/715 712/712/712
f 718/718/718 717/717/717 716/716/716
f 717/717/717 719/719/719 716/716/716
f 717/717/717 720/720/720 719/719/719
f 720/720/720 721/721/721 719/719/719
f 721/721/721 722/722/722 719/719/719
f 719/719/719 723/723/723 716/716/716
f 722/722/722 723/723/723 719/719/719
f 723/723/723 724/724/724 716/716/716
f 723/723/723 722/722/722 725/725/725
f 724/724/724 723/723/723 726/726/726
f 726/726/726 723/723/723 725/725/725
f 727/727/727 724/724/724 726/726/726
f 725/725/725 728/728/728 726/726/726
f 726/726/726 729/729/729 727/727/727
f 728/728/728 729/729/729 726/726/726
f 729/729/729 730/730/730 727/727/727
f 729/729/729 728/728/728 731/731/731
f 730/730/730 729/729/729 732/732/732
f 732/732/732 729/729/729 731/731/731
f 731/731/731 733/733/733 732/732/732
f 734/734/734 730/730/730 732/732/732
f 733/733/733 735/735/735 732/732/732
f 732/732/732 735/735/735 734/734/734
f 735/735/735 736/736/736 734/734/734
f 739/739/739 738/738/738 737/737/737
f 740/740/740 739/739/739 737/737/737
f 740/740/740 737/737/737 741/741/741
f 742/742/742 740/740/740 741/741/741
f 745/745/745 744/744/744 743/743/743
f 744/744/744 746/746/746 743/743/743
f 744/744/744 747/747/747 746/746/746
f 747/747/747 748/748/748 746/746/746
f 747/747/747 749/749/749 748/748/748
f 749/749/749 750/750/750 748/748/748
f 753/753/753 752/752/752 751/751/751
f 754/754/754 753/753/753 751/751/751
f 757/757/757 756/756/756 755/755/755
f 758/758/758 757/757/757 755/755/755
f 759/759/759 758/758/758 755/755/755
f 760/760/760 758/758/758 759/759/759
f 761/761/761 760/760/760 759/759/759
f 764/764/764 763/763/763 762/762/762
f 765/765/765 764/764/764 762/762/762
f 766/766/766 764/764/764 765/765/765
f 767/767/767 766/766/766 765/765/765
f 770/770/770 769/769/769 768/768/768
f 771/771/771 770/770/770 768/768/768
f 774/774/774 773/773/773 772/772/772
f 773/773/773 775/775/775 772/772/772
f 778/778/778 777/777/777 776/776/776
f 779/779/779 778/778/778 776/776/776
f 782/782/782 781/781/781 780/780/780
f 783/783/783 782/782/782 780/780/780
f 786/786/786 785/785/785 784/784/784
f 785/785/785 786/786/786 787/787/787
f 786/786/786 788/788/788 787/787/787
f 791/791/791 790/790/790 789/789/789
f 792/792/792 790/790/790 791/791/791
f 793/793/793 792/792/792 791/791/791
f 796/796/796 795/795/795 794/794/794
f 795/795/795 797/797/797 794/794/794
f 794/794/794 797/797/797 798/798/798
f 797/797/797 799/799/799 798/798/798
f 802/802/802 801/801/801 800/800/800
f 803/803/803 802/802/802 800/800/800
f 803/803/803 800/800/800 804/804/804
f 805/805/805 802/802/802 803/803/803
f 806/806/806 803/803/803 804/804/804
f 807/807/807 805/805/805 803/803/803
f 807/807/807 803/803/803 806/806/806
f 808/808/808 807/807/807 806/806/806
f 811/811/811 810/810/810 809/809/809
f 809/809/809 812/812/812 811/811/811
f 812/812/812 813/813/813 811/811/811
f 812/812/812 814/814/814 813/813/813
f 814/814/814 815/815/815 813/813/813
f 814/814/814 816/816/816 815/815/815
f 816/816/816 817/817/817 815/815/815
f 816/816/816 818/818/818 817/817/817
f 818/818/818 819/819/819 817/817/817
f 818/818/818 820/820/820 819/819/819
f 823/823/823 822/822/822 821/821/821
f 824/824/824 823/823/823 821/821/821
f 824/824/824 825/825/825 823/823/823
f 825/825/825 826/826/826 823/823/823
f 827/827/827 826/826/826 825/825/825
f 830/830/830 829/829/829 828/828/828
f 831/831/831 828/828/828 829/829/829
f 832/832/832 831/831/831 829/829/829
f 831/831/831 832/832/832 833/833/833
f 832/832/832 834/834/834 833/833/833
f 835/835/835 833/833/833 834/834/834
f 836/836/836 835/835/835 834/834/834
f 835/835/835 837/837/837 833/833/833
f 837/837/837 838/838/838 833/833/833
f 831/831/831 833/833/833 838/838/838
f 839/839/839 831/831/831 838/838/838
f 831/831/831 839/839/839 828/828/828
f 839/839/839 840/840/840 828/828/828
f 841/841/841 828/828/828 840/840/840
f 842/842/842 841/841/841 840/840/840
f 841/841/841 842/842/842 843/843/843
f 842/842/842 844/844/844 843/843/843
f 844/844/844 845/845/845 843/843/843
f 845/845/845 846/846/846 843/843/843
f 843/843/843 846/846/846 847/847/847
f 850/850/850 849/849/849 848/848/848
f 849/849/849 851/851/851 848/848/848
f 851/851/851 849/849/849 852/852/852
f 853/853/853 851/851/851 852/852/852
f 851/851/851 853/853/853 854/854/854
f 855/855/855 851/851/851 854/854/854
f 851/851/851 855/855/855 848/848/848
f 855/855/855 854/854/854 856/856/856
f 855/855/855 857/857/857 848/848/848
f 858/858/858 848/848/848 857/857/857
f 859/859/859 855/855/855 856/856/856
f 855/855/855 859/859/859 857/857/857
f 860/860/860 858/858/858 857/857/857
f 858/858/858 860/860/860 861/861/861
f 859/859/859 862/862/862 857/857/857
f 860/860/860 857/857/857 862/862/862
f 859/859/859 856/856/856 863/863/863
f 859/859/859 863/863/863 862/862/862
f 863/863/863 864/864/864 862/862/862
f 856/856/856 865/865/865 863/863/863
f 866/866/866 865/865/865 856/856/856
f 867/867/867 860/860/860 862/862/862
f 860/860/860 867/867/867 868/868/868
f 860/860/860 868/868/868 861/861/861
f 867/867/867 869/869/869 868/868/868
f 868/868/868 870/870/870 861/861/861
f 870/870/870 871/871/871 861/861/861
f 861/861/861 871/871/871 872/872/872
f 871/871/871 873/873/873 872/872/872
f 874/874/874 870/870/870 868/868/868
f 869/869/869 874/874/874 868/868/868
f 875/875/875 874/874/874 869/869/869
f 876/876/876 875/875/875 869/869/869
f 879/879/879 878/878/878 877/877/877
f 880/880/880 879/879/879 877/877/877
f 879/879/879 880/880/880 881/881/881
f 882/882/882 879/879/879 881/881/881
f 883/883/883 882/882/882 881/881/881
f 886/886/886 885/885/885 884/884/884
f 885/885/885 887/887/887 884/884/884
f 885/885/885 888/888/888 887/887/887
f 889/889/889 884/884/884 887/887/887
f 888/888/888 890/890/890 887/887/887
f 891/891/891 889/889/889 887/887/887
f 891/891/891 887/887/887 890/890/890
f 889/889/889 891/891/891 892/892/892
f 893/893/893 891/891/891 890/890/890
f 891/891/891 894/894/894 892/892/892
f 891/891/891 893/893/893 894/894/894
f 895/895/895 892/892/892 894/894/894
f 893/893/893 896/896/896 894/894/894
f 897/897/897 895/895/895 894/894/894
f 897/897/897 894/894/894 896/896/896
f 898/898/898 897/897/897 896/896/896
f 895/895/895 897/897/897 899/899/899
f 897/897/897 898/898/898 900/900/900
f 897/897/897 900/900/900 899/899/899
f 898/898/898 901/901/901 900/900/900
f 901/901/901 902/902/902 900/900/900
f 902/902/902 903/903/903 900/900/900
f 900/900/900 903/903/903 899/899/899
f 903/903/903 904/904/904 899/899/899
f 907/907/907 906/906/906 905/905/905
f 906/906/906 908/908/908 905/905/905
f 908/908/908 906/906/906 909/909/909
f 910/910/910 908/908/908 909/909/909
f 913/913/913 912/912/912 911/911/911
f 914/914/914 913/913/913 911/911/911
f 914/914/914 915/915/915 913/913/913
f 918/918/918 917/917/917 916/916/916
f 917/917/917 918/918/918 919/919/919
f 922/922/922 921/921/921 920/920/920
f 923/923/923 922/922/922 920/920/920
f 923/923/923 924/924/924 922/922/922
f 924/924/924 925/925/925 922/922/922
f 928/928/928 927/927/927 926/926/926
f 929/929/929 928/928/928 926/926/926
f 929/929/929 926/926/926 930/930/930
f 931/931/931 929/929/929 930/930/930
f 934/934/934 933/933/933 932/932/932
f 933/933/933 935/935/935 932/932/932
f 932/932/932 935/935/935 936/936/936
f 933/933/933 937/937/937 935/935/935
f 935/935/935 938/938/938 936/936/936
f 937/937/937 939/939/939 935/935/935
f 935/935/935 939/939/939 938/938/938
f 939/939/939 940/940/940 938/938/938
f 943/943/943 942/942/942 941/941/941
f 942/942/942 944/944/944 941/941/941
f 942/942/942 945/945/945 944/944/944
f 946/946/946 941/941/941 944/944/944
f 945/945/945 947/947/947 944/944/944
f 948/948/948 946/946/946 944/944/944
f 948/948/948 944/944/944 947/947/947
f 946/946/946 948/948/948 949/949/949
f 950/950/950 948/948/948 947/947/947
f 948/948/948 951/951/951 949/949/949
f 948/948/948 950/950/950 951/951/951
f 952/952/952 949/949/949 951/951/951
f 950/950/950 953/953/953 951/951/951
f 954/954/954 952/952/952 951/951/951
f 954/954/954 951/951/951 953/953/953
f 955/955/955 954/954/954 953/953/953
f 952/952/952 954/954/954 956/956/956
f 954/954/954 955/955/955 957/957/957
f 954/954/954 957/957/957 956/956/956
f 955/955/955 958/958/958 957/957/957
f 957/957/957 959/959/959 956/956/956
f 959/959/959 960/960/960 956/956/956
f 956/956/956 960/960/960 961/961/961
f 962/962/962 959/959/959 957/957/957
f 958/958/958 962/962/962 957/957/957
f 962/962/962 958/958/958 963/963/963
f 958/958/958 964/964/964 963/963/963
f 967/967/967 966/966/966 965/965/965
f 968/968/968 967/967/967 965/965/965
f 969/969/969 967/967/967 968/968/968
f 970/970/970 969/969/969 968/968/968
f 973/973/973 972/972/972 971/971/971
f 972/972/972 974/974/974 971/971/971
f 971/971/971 974/974/974 975/975/975
f 974/974/974 976/976/976 975/975/975
f 979/979/979 978/978/978 977/977/977
f 977/977/977 980/980/980 979/979/979
f 977/977/977 981/981/981 980/980/980
f 981/981/981 982/982/982 980/980/980
f 981/981/981 983/983/983 982/982/982
f 983/983/983 984/984/984 982/982/982
f 984/984/984 985/985/985 982/982/982
f 984/984/984 986/986/986 985/985/985
f 986/986/986 987/987/987 985/985/985
f 986/986/986 988/988/988 987/987/987
f 991/991/991 990/990/990 989/989/989
f 990/990/990 992/992/992 989/989/989
f 989/989/989 992/992/992 993/993/993
f 992/992/992 994/994/994 993/993/993
f 997/997/997 996/996/996 995/995/995
f 996/996/996 998/998/998 995/995/995
f 995/995/995 998/998/998 999/999/999
f 998/998/998 1000/1000/1000 999/999/999
f 1003/1003/1003 1002/1002/1002 1001/1001/1001
f 1004/1004/1004 1003/1003/1003 1001/1001/1001
f 1007/1007/1007 1006/1006/1006 1005/1005/1005
f 1006/1006/1006 1008/1008/1008 1005/1005/1005
f 1011/1011/1011 1010/1010/1010 1009/1009/1009
f 1012/1012/1012 1011/1011/1011 1009/1009/1009
f 1015/1015/1015 1014/1014/1014 1013/1013/1013
f 1016/1016/1016 1015/1015/1015 1013/1013/1013
usemtl Brass_Mat
f 1019/1019/1019 1018/1018/1018 1017/1017/1017
f 1020/1020/1020 1019/1019/1019 1017/1017/1017
f 1020/1020/1020 1017/1017/1017 1021/1021/1021
f 1022/1022/1022 1020/1020/1020 1021/1021/1021
f 1022/1022/1022 1023/1023/1023 1020/1020/1020
f 1023/1023/1023 1024/1024/1024 1020/1020/1020
f 1020/1020/1020 1024/1024/1024 1019/1019/1019
f 1024/1024/1024 1025/1025/1025 1019/1019/1019
f 1028/1028/1028 1027/1027/1027 1026/1026/1026
f 1029/1029/1029 1028/1028/1028 1026/1026/1026
f 1029/1029/1029 1026/1026/1026 1030/1030/1030
f 1026/1026/1026 1031/1031/1031 1030/1030/1030
f 1034/1034/1034 1033/1033/1033 1032/1032/1032
f 1035/1035/1035 1034/1034/1034 1032/1032/1032
f 1035/1035/1035 1032/1032/1032 1036/1036/1036
f 1035/1035/1035 1037/1037/1037 1034/1034/1034
f 1037/1037/1037 1038/1038/1038 1034/1034/1034
f 1039/1039/1039 1037/1037/1037 1035/1035/1035
f 1040/1040/1040 1035/1035/1035 1036/1036/1036
f 1040/1040/1040 1039/1039/1039 1035/1035/1035
f 1040/1040/1040 1036/1036/1036 1041/1041/1041
f 1042/1042/1042 1039/1039/1039 1040/1040/1040
f 1043/1043/1043 1040/1040/1040 1041/1041/1041
f 1043/1043/1043 1042/1042/1042 1040/1040/1040
f 1046/1046/1046 1045/1045/1045 1044/1044/1044
f 1047/1047/1047 1046/1046/1046 1044/1044/1044
f 1047/1047/1047 1048/1048/1048 1046/1046/1046
f 1048/1048/1048 1049/1049/1049 1046/1046/1046
f 1052/1052/1052 1051/1051/1051 1050/1050/1050
f 1053/1053/1053 1052/1052/1052 1050/1050/1050
f 1053/1053/1053 1050/1050/1050 1054/1054/1054
f 1053/1053/1053 1055/1055/1055 1052/1052/1052
f 1055/1055/1055 1056/1056/1056 1052/1052/1052
f 1057/1057/1057 1055/1055/1055 1053/1053/1053
f 1058/1058/1058 1053/1053/1053 1054/1054/1054
f 1058/1058/1058 1057/1057/1057 1053/1053/1053
f 1058/1058/1058 1054/1054/1054 1059/1059/1059
f 1060/1060/1060 1057/1057/1057 1058/1058/1058
f 1061/1061/1061 1058/1058/1058 1059/1059/1059
f 1061/1061/1061 1060/1060/1060 1058/1058/1058
f 1064/1064/1064 1063/1063/1063 1062/1062/1062
f 1065/1065/1065 1064/1064/1064 1062/1062/1062
f 1065/1065/1065 1062/1062/1062 1066/1066/1066
f 1067/1067/1067 1065/1065/1065 1066/1066/1066
f 1067/1067/1067 1068/1068/1068 1065/1065/1065
f 1068/1068/1068 1069/1069/1069 1065/1065/1065
f 1065/1065/1065 1069/1069/1069 1064/1064/1064
f 1069/1069/1069 1070/1070/1070 1064/1064/1064
f 1073/1073/1073 1072/1072/1072 1071/1071/1071
f 1071/1071/1071 1074/1074/1074 1073/1073/1073
f 1074/1074/1074 1075/1075/1075 1073/1073/1073
f 1074/1074/1074 1076/1076/1076 1075/1075/1075
f 1076/1076/1076 1077/1077/1077 1075/1075/1075
f 1076/1076/1076 1078/1078/1078 1077/1077/1077
f 1078/1078/1078 1079/1079/1079 1077/1077/1077
f 1078/1078/1078 1080/1080/1080 1079/1079/1079
f 1080/1080/1080 1081/1081/1081 1079/1079/1079
f 1080/1080/1080 1082/1082/1082 1081/1081/1081
usemtl BlackFoil
f 1085/1085/1085 1084/1084/1084 1083/1083/1083
f 1088/1088/1088 1087/1087/1087 1086/1086/1086
f 1087/1087/1087 1089/1089/1089 1086/1086/1086
f 1087/1087/1087 1090/1090/1090 1089/1089/1089
f 1086/1086/1086 1089/1089/1089 1091/1091/1091
f 1090/1090/1090 1092/1092/1092 1089/1089/1089
f 1089/1089/1089 1093/1093/1093 1091/1091/1091
f 1089/1089/1089 1092/1092/1092 1093/1093/1093
f 1091/1091/1091 1093/1093/1093 742/742/742
f 1092/1092/1092 1094/1094/1094 1093/1093/1093
f 1093/1093/1093 740/740/740 742/742/742
f 1093/1093/1093 1094/1094/1094 740/740/740
f 1094/1094/1094 739/739/739 740/740/740
f 1097/1097/1097 1096/1096/1096 1095/1095/1095
f 1096/1096/1096 1098/1098/1098 1095/1095/1095
f 1095/1095/1095 1098/1098/1098 1099/1099/1099
f 1098/1098/1098 1100/1100/1100 1099/1099/1099
f 1099/1099/1099 1100/1100/1100 754/754/754
f 1100/1100/1100 753/753/753 754/754/754
f 1103/1103/1103 1102/1102/1102 1101/1101/1101
f 1102/1102/1102 1104/1104/1104 1101/1101/1101
f 1101/1101/1101 1104/1104/1104 1105/1105/1105
f 1102/1102/1102 1106/1106/1106 1104/1104/1104
f 1104/1104/1104 1107/1107/1107 1105/1105/1105
f 1105/1105/1105 1107/1107/1107 745/745/745
f 1107/1107/1107 744/744/744 745/745/745
f 1106/1106/1106 1108/1108/1108 1104/1104/1104
f 1104/1104/1104 1108/1108/1108 1107/1107/1107
f 1106/1106/1106 1109/1109/1109 1108/1108/1108
f 1109/1109/1109 1110/1110/1110 1108/1108/1108
f 1107/1107/1107 1111/1111/1111 744/744/744
f 1108/1108/1108 1111/1111/1111 1107/1107/1107
f 1108/1108/1108 1110/1110/1110 1111/1111/1111
f 1111/1111/1111 747/747/747 744/744/744
f 1110/1110/1110 1112/1112/1112 1111/1111/1111
f 1111/1111/1111 1112/1112/1112 747/747/747
f 1112/1112/1112 749/749/749 747/747/747
f 1113/1113/1113 703/703/703 701/701/701
f 1114/1114/1114 1113/1113/1113 701/701/701
f 1114/1114/1114 701/701/701 698/698/698
f 1115/1115/1115 1113/1113/1113 1114/1114/1114
f 1116/1116/1116 1114/1114/1114 698/698/698
f 1116/1116/1116 698/698/698 699/699/699
f 1117/1117/1117 1116/1116/1116 699/699/699
f 1118/1118/1118 1115/1115/1115 1114/1114/1114
f 1118/1118/1118 1114/1114/1114 1116/1116/1116
f 1119/1119/1119 1115/1115/1115 1118/1118/1118
f 1120/1120/1120 1119/1119/1119 1118/1118/1118
f 1121/1121/1121 1116/1116/1116 1117/1117/1117
f 1121/1121/1121 1118/1118/1118 1116/1116/1116
f 1120/1120/1120 1118/1118/1118 1121/1121/1121
f 1122/1122/1122 1121/1121/1121 1117/1117/1117
f 1123/1123/1123 1120/1120/1120 1121/1121/1121
f 1123/1123/1123 1121/1121/1121 1122/1122/1122
f 1124/1124/1124 1123/1123/1123 1122/1122/1122
f 1127/1127/1127 1126/1126/1126 1125/1125/1125
f 1126/1126/1126 1128/1128/1128 1125/1125/1125
f 1126/1126/1126 1129/1129/1129 1128/1128/1128
f 1129/1129/1129 1130/1130/1130 1128/1128/1128
f 1125/1125/1125 1128/1128/1128 1131/1131/1131
f 1128/1128/1128 1130/1130/1130 1132/1132/1132
f 1128/1128/1128 1132/1132/1132 1131/1131/1131
f 1131/1131/1131 1132/1132/1132 1133/1133/1133
f 1132/1132/1132 1134/1134/1134 1133/1133/1133
f 1132/1132/1132 1135/1135/1135 1134/1134/1134
f 1135/1135/1135 1136/1136/1136 1134/1134/1134
f 1139/1139/1139 1138/1138/1138 1137/1137/1137
f 1138/1138/1138 1140/1140/1140 1137/1137/1137
f 1137/1137/1137 1140/1140/1140 1141/1141/1141
f 1140/1140/1140 1142/1142/1142 1141/1141/1141
f 1141/1141/1141 1142/1142/1142 690/690/690
f 1142/1142/1142 689/689/689 690/690/690
usemtl Labels
f 1145/1145/1145 1144/1144/1144 1143/1143/1143
f 1144/1144/1144 1146/1146/1146 1143/1143/1143
f 1143/1143/1143 1146/1146/1146 1147/1147/1147
f 1146/1146/1146 1148/1148/1148 1147/1147/1147
f 1151/1151/1151 1150/1150/1150 1149/1149/1149
f 1150/1150/1150 1152/1152/1152 1149/1149/1149
f 1149/1149/1149 1152/1152/1152 1153/1153/1153
f 1152/1152/1152 1154/1154/1154 1153/1153/1153
