mtllib Bowl_b059dd76.mtl
g Bowl_b059dd76
v 2.02457 2.61964 -2.13759
v 2.03669 2.61964 -2.13142
v 2.0463 2.63319 -2.14465
v 2.01115 2.61964 -2.13972
v 2.02963 2.63319 -2.15315
v 2.01115 2.63319 -2.15607
v 1.99772 2.61964 -2.13759
v 1.99266 2.63319 -2.15315
v 2.01115 2.65025 -2.16658
v 1.98942 2.65025 -2.16313
v 1.97599 2.61964 -2.1218
v 1.9856 2.61964 -2.13142
v 1.97599 2.63319 -2.14465
v 1.97599 2.61964 -2.1218
v 1.97599 2.63319 -2.14465
v 1.96275 2.63319 -2.13142
v 1.98942 2.61094 -2.10332
v 1.96981 2.61964 -2.10969
v 1.9883 2.61094 -2.09626
v 1.96769 2.61964 -2.09626
v 2.01115 2.60938 -2.09626
v 1.98942 2.61094 -2.0892
v 1.96981 2.61964 -2.08283
v 1.99266 2.61094 -2.10969
v 1.9856 2.61964 -2.13142
v 1.99266 2.61094 -2.08283
v 1.97599 2.61964 -2.07072
v 1.99772 2.61094 -2.11474
v 1.99772 2.61964 -2.13759
v 1.99772 2.61094 -2.07778
v 1.9856 2.61964 -2.0611
v 2.00409 2.61094 -2.11799
v 2.01115 2.61964 -2.13972
v 2.00409 2.61094 -2.07453
v 2.01115 2.61094 -2.11911
v 2.01115 2.61094 -2.07341
v 1.99772 2.61964 -2.05493
v 2.02457 2.61964 -2.13759
v 2.01821 2.61094 -2.11799
v 2.03669 2.61964 -2.13142
v 2.01115 2.61964 -2.0528
v 2.01821 2.61094 -2.07453
v 2.02457 2.61964 -2.05493
v 2.02457 2.61094 -2.07778
v 2.03669 2.61964 -2.0611
v 2.02963 2.61094 -2.08283
v 2.0463 2.61964 -2.07072
v 2.0463 2.63319 -2.04787
v 2.03287 2.61094 -2.0892
v 2.05248 2.61964 -2.08283
v 2.03399 2.61094 -2.09626
v 2.0546 2.61964 -2.09626
v 2.03287 2.61094 -2.10332
v 2.02963 2.61094 -2.10969
v 2.0463 2.63319 -2.14465
v 2.06803 2.65025 -2.13759
v 2.05248 2.65025 -2.15315
v 2.07061 2.66694 -2.13947
v 2.05435 2.66694 -2.15573
v 2.07019 2.66917 -2.13916
v 2.05404 2.66917 -2.15531
v 2.08056 2.66917 -2.11881
v 2.08106 2.66694 -2.11898
v 2.08413 2.66917 -2.09626
v 2.08465 2.66694 -2.09626
v 2.05954 2.63319 -2.13142
v 2.0463 2.63319 -2.14465
v 2.0463 2.61964 -2.07072
v 2.0463 2.63319 -2.04787
v 2.05954 2.63319 -2.0611
v 1.9895 2.61382 -2.09626
v 1.96989 2.62209 -2.09626
v 1.97191 2.62209 -2.10901
v 2.0328 2.61382 -2.09626
v 2.0524 2.62209 -2.09626
v 2.05038 2.62209 -2.08351
v 2.0463 2.61418 -2.14465
v 2.06803 2.63125 -2.13759
v 2.05248 2.63125 -2.15315
v 2.05248 2.60063 -2.10969
v 2.0546 2.60063 -2.09626
v 2.07096 2.61418 -2.09626
v 1.99363 2.59481 -2.08353
v 1.97777 2.60308 -2.07201
v 1.97191 2.60308 -2.08351
v 1.96981 2.58155 -2.10969
v 1.97599 2.58155 -2.1218
v 1.96275 2.5951 -2.13142
v 1.97599 2.5951 -2.14465
v 1.96981 2.61216 -2.15315
v 1.95426 2.61216 -2.13759
v 1.95426 2.5951 -2.11474
v 1.96794 2.62885 -2.15573
v 1.94427 2.61216 -2.11799
v 1.95168 2.62885 -2.13947
v 1.96825 2.63108 -2.15531
v 1.9521 2.63108 -2.13916
v 1.94123 2.62885 -2.11898
v 1.94083 2.61216 -2.09626
v 1.94173 2.63108 -2.11881
v 1.93764 2.62885 -2.09626
v 1.99772 2.58155 -2.05493
v 1.9856 2.58155 -2.0611
v 1.97599 2.5951 -2.04787
v 2.01115 2.60938 -2.09626
v 2.01821 2.61094 -2.11799
v 2.01115 2.61094 -2.11911
v 2.02457 2.61094 -2.11474
v 2.03669 2.61964 -2.13142
v 2.02963 2.61094 -2.10969
v 2.0463 2.61964 -2.1218
v 2.05954 2.63319 -2.13142
v 2.05248 2.61964 -2.10969
v 2.03287 2.61094 -2.10332
v 2.0546 2.61964 -2.09626
v 2.02457 2.61964 -2.13759
v 2.0463 2.63319 -2.14465
v 2.02963 2.63319 -2.15315
v 2.05248 2.65025 -2.15315
v 2.03287 2.65025 -2.16313
v 2.01115 2.63319 -2.15607
v 2.05435 2.66694 -2.15573
v 2.01115 2.65025 -2.16658
v 2.03386 2.66694 -2.16617
v 2.05404 2.66917 -2.15531
v 2.01115 2.66694 -2.16977
v 2.0337 2.66917 -2.16567
v 2.01115 2.66917 -2.16924
v 1.9856 2.61964 -2.13142
v 1.99772 2.61964 -2.13759
v 1.99266 2.63319 -2.15315
v 1.97599 2.63319 -2.14465
v 1.98942 2.65025 -2.16313
v 1.96981 2.65025 -2.15315
v 1.98843 2.66694 -2.16617
v 1.96794 2.66694 -2.15573
v 2.01115 2.66694 -2.16977
v 2.01115 2.65025 -2.16658
v 2.01115 2.66917 -2.16924
v 1.98859 2.66917 -2.16567
v 1.96825 2.66917 -2.15531
v 1.96981 2.61964 -2.10969
v 1.97599 2.61964 -2.1218
v 1.96275 2.63319 -2.13142
v 1.95426 2.63319 -2.11474
v 1.96769 2.61964 -2.09626
v 1.95133 2.63319 -2.09626
v 1.96981 2.61964 -2.08283
v 1.95426 2.63319 -2.07778
v 1.97599 2.61964 -2.07072
v 1.96275 2.63319 -2.0611
v 2.0463 2.63319 -2.14465
v 2.05954 2.63319 -2.13142
v 2.06803 2.65025 -2.13759
v 2.07802 2.65025 -2.11799
v 2.05248 2.65025 -2.15315
v 2.06803 2.65025 -2.13759
v 2.07061 2.66694 -2.13947
v 2.08106 2.66694 -2.11898
v 2.07802 2.65025 -2.11799
v 2.08465 2.66694 -2.09626
v 2.08146 2.65025 -2.09626
v 2.06803 2.63319 -2.11474
v 2.05954 2.63319 -2.13142
v 2.0463 2.61964 -2.1218
v 2.05248 2.61964 -2.10969
v 2.07096 2.63319 -2.09626
v 2.0546 2.61964 -2.09626
v 2.06803 2.63319 -2.07778
v 2.05248 2.61964 -2.08283
v 2.07802 2.65025 -2.07453
v 2.08106 2.66694 -2.07354
v 2.05954 2.63319 -2.0611
v 2.0463 2.61964 -2.07072
v 2.08056 2.66917 -2.07371
v 2.08413 2.66917 -2.09626
v 2.07019 2.66917 -2.05336
v 2.07061 2.66694 -2.05305
v 2.05404 2.66917 -2.03721
v 2.05435 2.66694 -2.03679
v 2.06803 2.65025 -2.05493
v 2.05248 2.65025 -2.03937
v 2.0463 2.63319 -2.04787
v 2.03669 2.61964 -2.0611
v 2.02963 2.63319 -2.03937
v 2.0463 2.63319 -2.04787
v 2.02457 2.61964 -2.05493
v 2.01115 2.63319 -2.03645
v 2.01115 2.61964 -2.0528
v 2.0463 2.63319 -2.04787
v 2.02963 2.63319 -2.03937
v 2.03287 2.65025 -2.02939
v 2.05248 2.65025 -2.03937
v 2.03386 2.66694 -2.02635
v 2.05435 2.66694 -2.03679
v 2.0337 2.66917 -2.02685
v 2.05404 2.66917 -2.03721
v 2.01115 2.66917 -2.02328
v 1.99772 2.61964 -2.05493
v 1.9856 2.61964 -2.0611
v 1.97599 2.63319 -2.04787
v 1.99266 2.63319 -2.03937
v 2.01115 2.61964 -2.0528
v 1.96981 2.65025 -2.03937
v 2.01115 2.63319 -2.03645
v 1.98942 2.65025 -2.02939
v 1.96794 2.66694 -2.03679
v 2.01115 2.65025 -2.02594
v 2.02963 2.63319 -2.03937
v 2.03287 2.65025 -2.02939
v 1.98843 2.66694 -2.02635
v 1.96825 2.66917 -2.03721
v 1.98859 2.66917 -2.02685
v 2.01115 2.66694 -2.02275
v 2.03386 2.66694 -2.02635
v 2.01115 2.66917 -2.02328
v 1.9856 2.61964 -2.0611
v 1.96275 2.63319 -2.0611
v 1.97599 2.63319 -2.04787
v 1.97599 2.61964 -2.07072
v 1.96794 2.66694 -2.03679
v 1.9521 2.66917 -2.05336
v 1.96825 2.66917 -2.03721
v 1.95168 2.66694 -2.05305
v 1.96981 2.65025 -2.03937
v 1.94173 2.66917 -2.07371
v 1.95426 2.65025 -2.05493
v 1.97599 2.63319 -2.04787
v 1.96275 2.63319 -2.0611
v 1.94123 2.66694 -2.07354
v 1.93816 2.66917 -2.09626
v 1.94427 2.65025 -2.07453
v 1.95426 2.63319 -2.07778
v 1.93764 2.66694 -2.09626
v 1.94173 2.66917 -2.11881
v 1.94123 2.66694 -2.11898
v 1.94083 2.65025 -2.09626
v 1.95133 2.63319 -2.09626
v 1.94427 2.65025 -2.11799
v 1.95426 2.63319 -2.11474
v 1.94123 2.66694 -2.11898
v 1.9521 2.66917 -2.13916
v 1.94173 2.66917 -2.11881
v 1.95168 2.66694 -2.13947
v 1.96825 2.66917 -2.15531
v 1.96794 2.66694 -2.15573
v 1.94427 2.65025 -2.11799
v 1.94083 2.65025 -2.09626
v 1.95426 2.65025 -2.13759
v 1.95426 2.63319 -2.11474
v 1.96981 2.65025 -2.15315
v 1.96275 2.63319 -2.13142
v 1.97599 2.63319 -2.14465
v 2.02389 2.62209 -2.1355
v 2.04454 2.63497 -2.14222
v 2.03539 2.62209 -2.12964
v 2.0287 2.63497 -2.15029
v 2.0504 2.65119 -2.15029
v 2.01115 2.62209 -2.13752
v 2.01115 2.63497 -2.15307
v 2.03178 2.65119 -2.15978
v 2.01115 2.65119 -2.16304
v 1.9984 2.62209 -2.1355
v 1.99359 2.63497 -2.15029
v 1.9869 2.62209 -2.12964
v 1.97776 2.63497 -2.14222
v 1.97777 2.62209 -2.12051
v 1.96519 2.63497 -2.12965
v 1.97776 2.63497 -2.14222
v 1.9869 2.62209 -2.12964
v 1.99363 2.61382 -2.10899
v 1.99055 2.61382 -2.10295
v 1.97191 2.62209 -2.10901
v 1.9895 2.61382 -2.09626
v 1.99842 2.61382 -2.11378
v 1.9984 2.62209 -2.1355
v 2.01115 2.61099 -2.09626
v 1.99055 2.61382 -2.08957
v 2.00445 2.61382 -2.11685
v 1.96989 2.62209 -2.09626
v 1.97191 2.62209 -2.08351
v 1.99363 2.61382 -2.08353
v 1.99842 2.61382 -2.07874
v 2.00445 2.61382 -2.07567
v 2.01115 2.61382 -2.07461
v 2.01784 2.61382 -2.07567
v 2.02387 2.61382 -2.07874
v 2.02866 2.61382 -2.08353
v 2.03174 2.61382 -2.08957
v 2.03539 2.62209 -2.06288
v 2.01115 2.62209 -2.13752
v 2.01115 2.61382 -2.11791
v 2.02389 2.62209 -2.1355
v 2.01784 2.61382 -2.11685
v 2.03539 2.62209 -2.12964
v 2.02387 2.61382 -2.11378
v 2.04452 2.62209 -2.12051
v 2.0571 2.63497 -2.12965
v 2.04454 2.63497 -2.14222
v 2.02866 2.61382 -2.10899
v 2.05038 2.62209 -2.10901
v 2.03174 2.61382 -2.10295
v 2.0524 2.62209 -2.09626
v 2.0328 2.61382 -2.09626
v 2.05038 2.62209 -2.08351
v 2.04452 2.62209 -2.07201
v 1.97191 2.62209 -2.10901
v 1.96519 2.63497 -2.12965
v 1.97777 2.62209 -2.12051
v 1.95712 2.63497 -2.11381
v 1.96989 2.62209 -2.09626
v 1.95434 2.63497 -2.09626
v 1.97191 2.62209 -2.08351
v 1.94763 2.65119 -2.1169
v 1.95712 2.63497 -2.07871
v 1.97777 2.62209 -2.07201
v 1.96519 2.63497 -2.06287
v 1.94436 2.65119 -2.09626
v 1.9446 2.66784 -2.11788
v 1.94118 2.66784 -2.09626
v 1.94763 2.65119 -2.07562
v 1.95712 2.65119 -2.05701
v 1.97776 2.63497 -2.0503
v 1.97189 2.65119 -2.04223
v 1.9446 2.66784 -2.07464
v 1.94018 2.66965 -2.09626
v 1.94365 2.66965 -2.07433
v 1.95454 2.66784 -2.05513
v 1.97002 2.66784 -2.03966
v 1.95373 2.66965 -2.05455
v 1.96943 2.66965 -2.03885
v 2.0287 2.63497 -2.15029
v 2.03178 2.65119 -2.15978
v 2.0504 2.65119 -2.15029
v 2.05227 2.66784 -2.15287
v 2.03277 2.66784 -2.1628
v 2.05286 2.66965 -2.15367
v 2.03307 2.66965 -2.16375
v 1.97776 2.63497 -2.14222
v 1.97189 2.65119 -2.15029
v 1.99051 2.65119 -2.15978
v 1.99359 2.63497 -2.15029
v 2.01115 2.65119 -2.16304
v 2.01115 2.66784 -2.16623
v 2.03277 2.66784 -2.1628
v 2.03178 2.65119 -2.15978
v 2.03307 2.66965 -2.16375
v 2.01115 2.66965 -2.16723
v 1.97002 2.66784 -2.15287
v 1.96943 2.66965 -2.15367
v 1.98922 2.66965 -2.16375
v 1.98952 2.66784 -2.1628
v 1.97189 2.65119 -2.15029
v 2.01115 2.66965 -2.16723
v 1.99051 2.65119 -2.15978
v 2.01115 2.66784 -2.16623
v 2.05227 2.66784 -2.15287
v 2.05286 2.66965 -2.15367
v 2.06856 2.66965 -2.13797
v 2.06775 2.66784 -2.13739
v 2.0504 2.65119 -2.15029
v 2.07864 2.66965 -2.11819
v 2.06518 2.65119 -2.13552
v 2.07769 2.66784 -2.11788
v 2.08211 2.66965 -2.09626
v 2.07466 2.65119 -2.1169
v 2.0571 2.63497 -2.12965
v 2.06517 2.63497 -2.11381
v 2.08111 2.66784 -2.09626
v 2.07864 2.66965 -2.07433
v 2.07793 2.65119 -2.09626
v 2.06795 2.63497 -2.09626
v 2.04454 2.63497 -2.14222
v 2.0504 2.65119 -2.15029
v 2.06518 2.65119 -2.13552
v 2.0571 2.63497 -2.12965
v 2.04452 2.62209 -2.12051
v 2.06517 2.63497 -2.11381
v 2.05038 2.62209 -2.10901
v 2.05038 2.62209 -2.10901
v 2.06517 2.63497 -2.11381
v 2.06795 2.63497 -2.09626
v 2.0524 2.62209 -2.09626
v 2.06517 2.63497 -2.07871
v 2.05038 2.62209 -2.08351
v 2.07466 2.65119 -2.07562
v 2.07793 2.65119 -2.09626
v 2.0571 2.63497 -2.06287
v 2.04452 2.62209 -2.07201
v 2.06518 2.65119 -2.05701
v 2.07769 2.66784 -2.07464
v 2.08111 2.66784 -2.09626
v 2.07864 2.66965 -2.07433
v 2.06856 2.66965 -2.05455
v 2.06775 2.66784 -2.05513
v 2.05286 2.66965 -2.03885
v 2.05227 2.66784 -2.03966
v 2.0504 2.65119 -2.04223
v 2.04454 2.63497 -2.0503
v 2.03174 2.61382 -2.08957
v 2.04452 2.62209 -2.07201
v 2.02866 2.61382 -2.08353
v 2.03539 2.62209 -2.06288
v 2.04454 2.63497 -2.0503
v 2.0571 2.63497 -2.06287
v 2.02387 2.61382 -2.07874
v 2.02389 2.62209 -2.05702
v 2.01784 2.61382 -2.07567
v 2.01115 2.62209 -2.05501
v 2.01115 2.61382 -2.07461
v 1.9984 2.62209 -2.05702
v 2.00445 2.61382 -2.07567
v 1.9869 2.62209 -2.06288
v 1.99842 2.61382 -2.07874
v 1.97777 2.62209 -2.07201
v 1.99363 2.61382 -2.08353
v 1.97191 2.62209 -2.08351
v 2.01115 2.62209 -2.05501
v 1.99359 2.63497 -2.04223
v 1.9984 2.62209 -2.05702
v 2.01115 2.63497 -2.03945
v 2.02389 2.62209 -2.05702
v 2.0287 2.63497 -2.04223
v 2.03539 2.62209 -2.06288
v 2.01115 2.65119 -2.02948
v 2.04454 2.63497 -2.0503
v 2.03178 2.65119 -2.03274
v 2.01115 2.66784 -2.02629
v 2.0504 2.65119 -2.04223
v 2.03277 2.66784 -2.02972
v 2.01115 2.66965 -2.02529
v 2.05227 2.66784 -2.03966
v 2.03307 2.66965 -2.02877
v 2.05286 2.66965 -2.03885
v 1.9984 2.62209 -2.05702
v 1.97776 2.63497 -2.0503
v 1.9869 2.62209 -2.06288
v 1.99359 2.63497 -2.04223
v 1.97189 2.65119 -2.04223
v 1.99051 2.65119 -2.03274
v 2.01115 2.63497 -2.03945
v 1.97002 2.66784 -2.03966
v 2.01115 2.65119 -2.02948
v 1.98952 2.66784 -2.02972
v 1.96943 2.66965 -2.03885
v 2.01115 2.66784 -2.02629
v 1.98922 2.66965 -2.02877
v 2.01115 2.66965 -2.02529
v 1.9869 2.62209 -2.06288
v 1.97776 2.63497 -2.0503
v 1.96519 2.63497 -2.06287
v 1.97777 2.62209 -2.07201
v 1.94118 2.66784 -2.09626
v 1.94018 2.66965 -2.09626
v 1.94365 2.66965 -2.11819
v 1.9446 2.66784 -2.11788
v 1.95373 2.66965 -2.13797
v 1.95454 2.66784 -2.13739
v 1.96943 2.66965 -2.15367
v 1.94763 2.65119 -2.1169
v 1.97002 2.66784 -2.15287
v 1.95712 2.65119 -2.13552
v 1.95712 2.63497 -2.11381
v 1.97189 2.65119 -2.15029
v 1.96519 2.63497 -2.12965
v 1.97776 2.63497 -2.14222
v 2.01115 2.59194 -2.11911
v 2.01821 2.59194 -2.11799
v 2.02457 2.60063 -2.13759
v 2.01115 2.60063 -2.13972
v 2.00409 2.59194 -2.11799
v 1.99772 2.60063 -2.13759
v 1.99772 2.59194 -2.11474
v 1.9856 2.60063 -2.13142
v 2.01115 2.59037 -2.09626
v 1.99266 2.59194 -2.10969
v 1.97599 2.60063 -2.1218
v 1.97599 2.61418 -2.14465
v 1.96275 2.61418 -2.13142
v 1.98942 2.59194 -2.10332
v 1.96981 2.60063 -2.10969
v 1.9883 2.59194 -2.09626
v 1.96769 2.60063 -2.09626
v 1.98942 2.59194 -2.0892
v 1.96981 2.60063 -2.08283
v 1.99266 2.59194 -2.08283
v 1.97599 2.60063 -2.07072
v 2.02457 2.60063 -2.13759
v 2.03669 2.60063 -2.13142
v 2.0463 2.61418 -2.14465
v 2.02963 2.61418 -2.15315
v 2.05248 2.63125 -2.15315
v 2.01115 2.60063 -2.13972
v 2.03287 2.63125 -2.16313
v 2.01115 2.61418 -2.15607
v 1.99772 2.60063 -2.13759
v 2.01115 2.63125 -2.16658
v 2.03386 2.64794 -2.16617
v 1.99266 2.61418 -2.15315
v 1.9856 2.60063 -2.13142
v 1.97599 2.61418 -2.14465
v 1.98942 2.63125 -2.16313
v 1.96981 2.63125 -2.15315
v 2.01115 2.64794 -2.16977
v 2.0337 2.65017 -2.16567
v 2.01115 2.65017 -2.16924
v 1.98843 2.64794 -2.16617
v 1.96794 2.64794 -2.15573
v 1.98859 2.65017 -2.16567
v 1.96825 2.65017 -2.15531
v 2.01821 2.59194 -2.11799
v 2.03669 2.60063 -2.13142
v 2.02457 2.60063 -2.13759
v 2.02457 2.59194 -2.11474
v 2.01115 2.59037 -2.09626
v 2.01115 2.59194 -2.11911
v 2.00409 2.59194 -2.11799
v 2.02963 2.59194 -2.10969
v 2.03287 2.59194 -2.10332
v 2.05248 2.60063 -2.10969
v 2.0463 2.60063 -2.1218
v 2.05954 2.61418 -2.13142
v 2.0463 2.61418 -2.14465
v 1.96981 2.60063 -2.10969
v 1.97599 2.60063 -2.1218
v 1.96275 2.61418 -2.13142
v 1.95426 2.61418 -2.11474
v 1.96769 2.60063 -2.09626
v 1.95133 2.61418 -2.09626
v 1.95426 2.63125 -2.13759
v 1.94427 2.63125 -2.11799
v 1.96981 2.63125 -2.15315
v 1.97599 2.61418 -2.14465
v 1.96794 2.64794 -2.15573
v 1.95168 2.64794 -2.13947
v 1.96825 2.65017 -2.15531
v 1.9521 2.65017 -2.13916
v 1.94123 2.64794 -2.11898
v 1.94083 2.63125 -2.09626
v 1.94173 2.65017 -2.11881
v 2.01115 2.59037 -2.09626
v 1.9883 2.59194 -2.09626
v 1.98942 2.59194 -2.0892
v 1.99266 2.59194 -2.08283
v 1.99772 2.59194 -2.07778
v 2.00409 2.59194 -2.07453
v 1.97599 2.60063 -2.07072
v 1.9856 2.60063 -2.0611
v 1.96275 2.61418 -2.0611
v 1.97599 2.61418 -2.04787
v 1.99772 2.60063 -2.05493
v 2.01115 2.59194 -2.07341
v 2.01115 2.60063 -2.0528
v 2.01821 2.59194 -2.07453
v 2.02457 2.60063 -2.05493
v 2.02457 2.59194 -2.07778
v 2.03669 2.60063 -2.0611
v 2.02963 2.59194 -2.08283
v 2.03287 2.59194 -2.0892
v 2.03399 2.59194 -2.09626
v 2.03287 2.59194 -2.10332
v 2.0546 2.60063 -2.09626
v 2.05248 2.60063 -2.10969
v 2.0463 2.60063 -2.07072
v 2.0463 2.61418 -2.04787
v 2.05954 2.61418 -2.0611
v 2.0463 2.61418 -2.14465
v 2.05954 2.61418 -2.13142
v 2.06803 2.63125 -2.13759
v 2.07802 2.63125 -2.11799
v 2.06803 2.61418 -2.11474
v 2.0463 2.60063 -2.1218
v 2.05248 2.60063 -2.10969
v 2.07096 2.61418 -2.09626
v 2.08146 2.63125 -2.09626
v 2.08465 2.64794 -2.09626
v 2.08106 2.64794 -2.11898
v 2.08106 2.64794 -2.07354
v 2.07802 2.63125 -2.07453
v 2.07061 2.64794 -2.05305
v 2.06803 2.63125 -2.05493
v 2.06803 2.61418 -2.07778
v 2.0546 2.60063 -2.09626
v 2.05248 2.60063 -2.08283
v 2.05954 2.61418 -2.0611
v 2.0463 2.60063 -2.07072
v 2.05248 2.63125 -2.03937
v 2.0463 2.61418 -2.04787
v 2.03287 2.63125 -2.16313
v 2.05248 2.63125 -2.15315
v 2.05435 2.64794 -2.15573
v 2.03386 2.64794 -2.16617
v 2.05404 2.65017 -2.15531
v 2.0337 2.65017 -2.16567
v 2.05435 2.64794 -2.15573
v 2.07019 2.65017 -2.13916
v 2.05404 2.65017 -2.15531
v 2.07061 2.64794 -2.13947
v 2.05248 2.63125 -2.15315
v 2.08056 2.65017 -2.11881
v 2.06803 2.63125 -2.13759
v 2.08106 2.64794 -2.11898
v 2.07802 2.63125 -2.11799
v 2.08413 2.65017 -2.09626
v 2.08465 2.64794 -2.09626
v 2.03399 2.59194 -2.09626
v 2.05248 2.60063 -2.08283
v 2.0546 2.60063 -2.09626
v 2.03287 2.59194 -2.0892
v 2.0463 2.60063 -2.07072
v 2.02963 2.59194 -2.08283
v 2.03669 2.60063 -2.0611
v 2.08465 2.64794 -2.09626
v 2.08056 2.65017 -2.07371
v 2.08413 2.65017 -2.09626
v 2.08106 2.64794 -2.07354
v 2.07019 2.65017 -2.05336
v 2.07061 2.64794 -2.05305
v 2.05404 2.65017 -2.03721
v 2.05435 2.64794 -2.03679
v 2.06803 2.63125 -2.05493
v 2.05248 2.63125 -2.03937
v 2.03669 2.60063 -2.0611
v 2.02963 2.61418 -2.03937
v 2.0463 2.61418 -2.04787
v 2.02457 2.60063 -2.05493
v 2.01115 2.61418 -2.03645
v 2.01115 2.60063 -2.0528
v 1.99266 2.61418 -2.03937
v 1.99772 2.60063 -2.05493
v 1.97599 2.61418 -2.04787
v 1.9856 2.60063 -2.0611
v 1.96981 2.63125 -2.03937
v 1.98942 2.63125 -2.02939
v 2.01115 2.63125 -2.02594
v 1.96794 2.64794 -2.03679
v 1.98843 2.64794 -2.02635
v 1.96825 2.65017 -2.03721
v 1.98859 2.65017 -2.02685
v 2.01115 2.64794 -2.02275
v 2.0463 2.61418 -2.04787
v 2.03287 2.63125 -2.02939
v 2.05248 2.63125 -2.03937
v 2.02963 2.61418 -2.03937
v 2.02963 2.61418 -2.03937
v 2.01115 2.61418 -2.03645
v 2.01115 2.63125 -2.02594
v 2.03287 2.63125 -2.02939
v 2.01115 2.64794 -2.02275
v 1.98843 2.64794 -2.02635
v 1.98942 2.63125 -2.02939
v 2.03386 2.64794 -2.02635
v 2.05248 2.63125 -2.03937
v 2.05435 2.64794 -2.03679
v 2.01115 2.65017 -2.02328
v 1.98859 2.65017 -2.02685
v 2.0337 2.65017 -2.02685
v 2.05404 2.65017 -2.03721
v 1.96981 2.60063 -2.08283
v 1.96769 2.60063 -2.09626
v 1.95133 2.61418 -2.09626
v 1.95426 2.61418 -2.07778
v 1.97599 2.60063 -2.07072
v 1.96275 2.61418 -2.0611
v 1.94083 2.63125 -2.09626
v 1.94427 2.63125 -2.11799
v 1.95426 2.61418 -2.11474
v 1.94427 2.63125 -2.07453
v 1.95426 2.63125 -2.05493
v 1.97599 2.61418 -2.04787
v 1.96981 2.63125 -2.03937
v 1.93764 2.64794 -2.09626
v 1.94123 2.64794 -2.11898
v 1.94173 2.65017 -2.11881
v 1.93816 2.65017 -2.09626
v 1.94123 2.64794 -2.07354
v 1.94173 2.65017 -2.07371
v 1.95168 2.64794 -2.05305
v 1.96794 2.64794 -2.03679
v 1.9521 2.65017 -2.05336
v 1.96825 2.65017 -2.03721
v 2.02389 2.60308 -2.1355
v 2.04454 2.61596 -2.14222
v 2.03539 2.60308 -2.12964
v 2.0287 2.61596 -2.15029
v 2.01115 2.60308 -2.13752
v 2.0504 2.63218 -2.15029
v 2.01115 2.61596 -2.15307
v 1.9984 2.60308 -2.1355
v 2.03178 2.63218 -2.15978
v 2.05227 2.64884 -2.15287
v 2.01115 2.63218 -2.16304
v 2.03277 2.64884 -2.1628
v 2.05286 2.65064 -2.15367
v 2.01115 2.64884 -2.16623
v 2.03307 2.65064 -2.16375
v 2.01115 2.65064 -2.16723
v 1.97777 2.60308 -2.12051
v 1.96519 2.61596 -2.12965
v 1.97776 2.61596 -2.14222
v 1.9869 2.60308 -2.12964
v 1.99363 2.59481 -2.10899
v 1.99055 2.59481 -2.10295
v 1.99842 2.59481 -2.11378
v 1.9984 2.60308 -2.1355
v 2.00445 2.59481 -2.11685
v 1.97191 2.60308 -2.10901
v 1.9895 2.59481 -2.09626
v 1.96989 2.60308 -2.09626
v 1.97191 2.60308 -2.10901
v 1.96519 2.61596 -2.12965
v 1.97777 2.60308 -2.12051
v 1.95712 2.61596 -2.11381
v 1.96989 2.60308 -2.09626
v 1.95434 2.61596 -2.09626
v 1.94763 2.63218 -2.1169
v 1.94436 2.63218 -2.09626
v 1.95712 2.63218 -2.13552
v 1.97189 2.63218 -2.15029
v 1.97776 2.61596 -2.14222
v 1.97002 2.64884 -2.15287
v 1.95454 2.64884 -2.13739
v 1.96943 2.65064 -2.15367
v 1.95373 2.65064 -2.13797
v 1.9446 2.64884 -2.11788
v 1.94365 2.65064 -2.11819
v 1.94118 2.64884 -2.09626
v 1.94018 2.65064 -2.09626
v 1.94763 2.63218 -2.07562
v 1.95712 2.61596 -2.07871
v 1.9446 2.64884 -2.07464
v 1.94365 2.65064 -2.07433
v 1.95454 2.64884 -2.05513
v 1.95373 2.65064 -2.05455
v 1.95712 2.63218 -2.05701
v 1.96519 2.61596 -2.06287
v 1.97777 2.60308 -2.07201
v 1.97191 2.60308 -2.08351
v 1.99055 2.59481 -2.08957
v 1.96989 2.60308 -2.09626
v 1.9895 2.59481 -2.09626
v 2.01115 2.59198 -2.09626
v 1.99055 2.59481 -2.10295
v 1.99363 2.59481 -2.10899
v 1.99842 2.59481 -2.11378
v 2.00445 2.59481 -2.11685
v 2.01115 2.59481 -2.11791
v 2.01784 2.59481 -2.11685
v 2.02387 2.59481 -2.11378
v 2.01115 2.60308 -2.13752
v 1.9984 2.60308 -2.1355
v 2.02389 2.60308 -2.1355
v 2.03539 2.60308 -2.12964
v 2.04452 2.60308 -2.12051
v 2.02866 2.59481 -2.10899
v 2.05038 2.60308 -2.10901
v 2.03174 2.59481 -2.10295
v 2.0524 2.60308 -2.09626
v 2.0328 2.59481 -2.09626
v 2.05038 2.60308 -2.08351
v 2.03174 2.59481 -2.08957
v 2.04452 2.60308 -2.07201
v 2.02866 2.59481 -2.08353
v 2.02387 2.59481 -2.07874
v 2.01784 2.59481 -2.07567
v 2.03539 2.60308 -2.06288
v 1.99055 2.59481 -2.08957
v 1.97191 2.60308 -2.08351
v 1.96989 2.60308 -2.09626
v 1.99363 2.59481 -2.08353
v 2.01115 2.59198 -2.09626
v 1.99842 2.59481 -2.07874
v 1.97777 2.60308 -2.07201
v 1.9869 2.60308 -2.06288
v 1.96519 2.61596 -2.06287
v 1.97776 2.61596 -2.0503
v 2.00445 2.59481 -2.07567
v 1.9984 2.60308 -2.05702
v 2.01115 2.59481 -2.07461
v 2.01115 2.60308 -2.05501
v 2.01784 2.59481 -2.07567
v 2.02389 2.60308 -2.05702
v 2.02387 2.59481 -2.07874
v 2.03539 2.60308 -2.06288
v 1.97002 2.64884 -2.15287
v 1.96943 2.65064 -2.15367
v 1.98922 2.65064 -2.16375
v 1.98952 2.64884 -2.1628
v 2.01115 2.65064 -2.16723
v 1.97189 2.63218 -2.15029
v 2.01115 2.64884 -2.16623
v 1.99051 2.63218 -2.15978
v 1.97776 2.61596 -2.14222
v 2.01115 2.63218 -2.16304
v 1.99359 2.61596 -2.15029
v 1.9869 2.60308 -2.12964
v 2.01115 2.61596 -2.15307
v 1.9984 2.60308 -2.1355
v 2.05227 2.64884 -2.15287
v 2.05286 2.65064 -2.15367
v 2.06856 2.65064 -2.13797
v 2.06775 2.64884 -2.13739
v 2.0504 2.63218 -2.15029
v 2.07864 2.65064 -2.11819
v 2.06518 2.63218 -2.13552
v 2.04454 2.61596 -2.14222
v 2.0571 2.61596 -2.12965
v 2.07769 2.64884 -2.11788
v 2.08211 2.65064 -2.09626
v 2.08111 2.64884 -2.09626
v 2.07466 2.63218 -2.1169
v 2.06517 2.61596 -2.11381
v 2.07793 2.63218 -2.09626
v 2.03539 2.60308 -2.12964
v 2.04454 2.61596 -2.14222
v 2.0571 2.61596 -2.12965
v 2.04452 2.60308 -2.12051
v 2.04452 2.60308 -2.12051
v 2.0571 2.61596 -2.12965
v 2.06517 2.61596 -2.11381
v 2.05038 2.60308 -2.10901
v 2.06795 2.61596 -2.09626
v 2.07793 2.63218 -2.09626
v 2.07466 2.63218 -2.1169
v 2.07466 2.63218 -2.07562
v 2.06517 2.61596 -2.07871
v 2.07769 2.64884 -2.07464
v 2.08111 2.64884 -2.09626
v 2.07864 2.65064 -2.07433
v 2.08211 2.65064 -2.09626
v 2.06856 2.65064 -2.05455
v 2.06775 2.64884 -2.05513
v 2.05286 2.65064 -2.03885
v 2.05227 2.64884 -2.03966
v 2.06518 2.63218 -2.05701
v 2.0504 2.63218 -2.04223
v 2.0571 2.61596 -2.06287
v 2.04454 2.61596 -2.0503
v 2.05038 2.60308 -2.08351
v 2.04452 2.60308 -2.07201
v 2.05038 2.60308 -2.10901
v 2.06795 2.61596 -2.09626
v 2.0524 2.60308 -2.09626
v 2.06517 2.61596 -2.07871
v 2.05038 2.60308 -2.08351
v 2.03174 2.59481 -2.08957
v 2.04452 2.60308 -2.07201
v 2.02866 2.59481 -2.08353
v 2.03539 2.60308 -2.06288
v 2.04454 2.61596 -2.0503
v 2.0571 2.61596 -2.06287
v 2.03539 2.60308 -2.06288
v 2.04454 2.61596 -2.0503
v 2.0287 2.61596 -2.04223
v 2.03178 2.63218 -2.03274
v 2.0504 2.63218 -2.04223
v 2.03277 2.64884 -2.02972
v 2.05227 2.64884 -2.03966
v 2.01115 2.64884 -2.02629
v 2.01115 2.63218 -2.02948
v 2.01115 2.65064 -2.02529
v 2.03307 2.65064 -2.02877
v 2.05286 2.65064 -2.03885
v 2.03539 2.60308 -2.06288
v 2.0287 2.61596 -2.04223
v 2.02389 2.60308 -2.05702
v 2.01115 2.61596 -2.03945
v 2.01115 2.60308 -2.05501
v 2.01115 2.63218 -2.02948
v 2.03178 2.63218 -2.03274
v 1.99359 2.61596 -2.04223
v 1.9984 2.60308 -2.05702
v 1.99051 2.63218 -2.03274
v 1.97776 2.61596 -2.0503
v 1.9869 2.60308 -2.06288
v 1.97189 2.63218 -2.04223
v 1.97002 2.64884 -2.03966
v 1.98952 2.64884 -2.02972
v 1.96943 2.65064 -2.03885
v 2.01115 2.64884 -2.02629
v 1.98922 2.65064 -2.02877
v 2.01115 2.65064 -2.02529
v 1.97191 2.60308 -2.08351
v 1.95434 2.61596 -2.09626
v 1.96989 2.60308 -2.09626
v 1.95712 2.61596 -2.07871
v 1.94436 2.63218 -2.09626
v 1.97776 2.61596 -2.0503
v 1.95712 2.63218 -2.05701
v 1.96519 2.61596 -2.06287
v 1.97189 2.63218 -2.04223
v 1.95454 2.64884 -2.05513
v 1.97002 2.64884 -2.03966
v 1.95373 2.65064 -2.05455
v 1.96943 2.65064 -2.03885
v 2.02457 2.58155 -2.13759
v 2.03669 2.58155 -2.13142
v 2.0463 2.5951 -2.14465
v 2.02963 2.5951 -2.15315
v 2.05248 2.61216 -2.15315
v 2.01115 2.58155 -2.13972
v 2.03287 2.61216 -2.16313
v 2.01115 2.5951 -2.15607
v 1.99772 2.58155 -2.13759
v 2.01115 2.61216 -2.16658
v 2.03386 2.62885 -2.16617
v 1.99266 2.5951 -2.15315
v 1.9856 2.58155 -2.13142
v 1.97599 2.5951 -2.14465
v 1.98942 2.61216 -2.16313
v 1.96981 2.61216 -2.15315
v 2.01115 2.62885 -2.16977
v 2.0337 2.63108 -2.16567
v 2.01115 2.63108 -2.16924
v 1.98843 2.62885 -2.16617
v 1.96794 2.62885 -2.15573
v 1.98859 2.63108 -2.16567
v 1.96825 2.63108 -2.15531
v 2.01115 2.57129 -2.09626
v 2.03287 2.57285 -2.10332
v 2.02963 2.57285 -2.10969
v 2.03399 2.57285 -2.09626
v 2.0546 2.58155 -2.09626
v 2.05248 2.58155 -2.10969
v 2.05248 2.58155 -2.08283
v 2.03287 2.57285 -2.0892
v 2.0463 2.58155 -2.07072
v 2.02963 2.57285 -2.08283
v 2.03669 2.58155 -2.0611
v 2.0463 2.5951 -2.04787
v 2.05954 2.5951 -2.0611
v 2.02457 2.57285 -2.07778
v 2.02457 2.58155 -2.05493
v 2.01821 2.57285 -2.07453
v 2.01115 2.58155 -2.0528
v 2.01115 2.57285 -2.07341
v 1.99772 2.58155 -2.05493
v 2.00409 2.57285 -2.07453
v 1.99772 2.57285 -2.07778
v 1.97599 2.58155 -2.1218
v 1.97599 2.5951 -2.14465
v 1.96275 2.5951 -2.13142
v 1.9856 2.58155 -2.13142
v 1.99266 2.57285 -2.10969
v 1.98942 2.57285 -2.10332
v 2.01115 2.57129 -2.09626
v 1.96981 2.58155 -2.10969
v 1.9883 2.57285 -2.09626
v 1.99772 2.57285 -2.11474
v 1.99772 2.58155 -2.13759
v 2.00409 2.57285 -2.11799
v 2.01115 2.58155 -2.13972
v 2.01115 2.57285 -2.11911
v 2.02457 2.58155 -2.13759
v 2.01821 2.57285 -2.11799
v 2.03669 2.58155 -2.13142
v 2.02457 2.57285 -2.11474
v 2.02963 2.57285 -2.10969
v 2.0463 2.58155 -2.1218
v 2.05954 2.5951 -2.13142
v 2.0463 2.5951 -2.14465
v 2.05248 2.58155 -2.10969
v 2.03287 2.57285 -2.10332
v 1.96981 2.58155 -2.10969
v 1.96275 2.5951 -2.13142
v 1.95426 2.5951 -2.11474
v 1.96769 2.58155 -2.09626
v 1.95133 2.5951 -2.09626
v 1.94427 2.61216 -2.11799
v 1.96981 2.58155 -2.08283
v 1.94083 2.61216 -2.09626
v 1.95426 2.5951 -2.07778
v 1.97599 2.58155 -2.07072
v 1.96275 2.5951 -2.0611
v 1.94427 2.61216 -2.07453
v 1.93764 2.62885 -2.09626
v 1.95426 2.61216 -2.05493
v 1.97599 2.5951 -2.04787
v 1.96981 2.61216 -2.03937
v 1.94123 2.62885 -2.07354
v 1.95168 2.62885 -2.05305
v 1.96794 2.62885 -2.03679
v 1.93816 2.63108 -2.09626
v 1.94173 2.63108 -2.11881
v 1.94173 2.63108 -2.07371
v 1.9521 2.63108 -2.05336
v 1.96825 2.63108 -2.03721
v 1.9883 2.57285 -2.09626
v 1.96981 2.58155 -2.10969
v 1.96769 2.58155 -2.09626
v 1.98942 2.57285 -2.0892
v 2.01115 2.57129 -2.09626
v 1.96981 2.58155 -2.08283
v 1.99266 2.57285 -2.08283
v 1.99772 2.57285 -2.07778
v 1.97599 2.58155 -2.07072
v 1.9856 2.58155 -2.0611
v 2.00409 2.57285 -2.07453
v 1.99772 2.58155 -2.05493
v 1.96275 2.5951 -2.0611
v 1.97599 2.5951 -2.04787
v 2.03386 2.62885 -2.16617
v 2.05404 2.63108 -2.15531
v 2.0337 2.63108 -2.16567
v 2.05435 2.62885 -2.15573
v 2.03287 2.61216 -2.16313
v 2.05248 2.61216 -2.15315
v 2.05435 2.62885 -2.15573
v 2.07019 2.63108 -2.13916
v 2.05404 2.63108 -2.15531
v 2.07061 2.62885 -2.13947
v 2.05248 2.61216 -2.15315
v 2.08056 2.63108 -2.11881
v 2.06803 2.61216 -2.13759
v 2.0463 2.5951 -2.14465
v 2.05954 2.5951 -2.13142
v 2.08106 2.62885 -2.11898
v 2.08413 2.63108 -2.09626
v 2.08465 2.62885 -2.09626
v 2.07802 2.61216 -2.11799
v 2.08146 2.61216 -2.09626
v 2.06803 2.5951 -2.11474
v 2.07096 2.5951 -2.09626
v 2.0463 2.58155 -2.1218
v 2.05248 2.58155 -2.10969
v 2.05248 2.58155 -2.10969
v 2.07096 2.5951 -2.09626
v 2.06803 2.5951 -2.11474
v 2.0546 2.58155 -2.09626
v 2.06803 2.5951 -2.07778
v 2.05248 2.58155 -2.08283
v 2.07802 2.61216 -2.07453
v 2.08146 2.61216 -2.09626
v 2.05954 2.5951 -2.0611
v 2.0463 2.58155 -2.07072
v 2.06803 2.61216 -2.05493
v 2.08106 2.62885 -2.07354
v 2.08465 2.62885 -2.09626
v 2.05248 2.61216 -2.03937
v 2.0463 2.5951 -2.04787
v 2.05435 2.62885 -2.03679
v 2.07061 2.62885 -2.05305
v 2.05404 2.63108 -2.03721
v 2.07019 2.63108 -2.05336
v 2.08056 2.63108 -2.07371
v 2.08413 2.63108 -2.09626
v 2.05435 2.62885 -2.03679
v 2.0337 2.63108 -2.02685
v 2.05404 2.63108 -2.03721
v 2.03386 2.62885 -2.02635
v 2.01115 2.63108 -2.02328
v 2.05248 2.61216 -2.03937
v 2.01115 2.62885 -2.02275
v 2.03287 2.61216 -2.02939
v 2.0463 2.5951 -2.04787
v 2.01115 2.61216 -2.02594
v 2.02963 2.5951 -2.03937
v 2.03669 2.58155 -2.0611
v 2.02457 2.58155 -2.05493
v 2.01115 2.5951 -2.03645
v 1.98942 2.61216 -2.02939
v 2.01115 2.58155 -2.0528
v 1.99266 2.5951 -2.03937
v 1.96981 2.61216 -2.03937
v 1.99772 2.58155 -2.05493
v 1.97599 2.5951 -2.04787
v 2.01115 2.62885 -2.02275
v 1.98859 2.63108 -2.02685
v 2.01115 2.63108 -2.02328
v 1.98843 2.62885 -2.02635
v 2.01115 2.61216 -2.02594
v 1.96825 2.63108 -2.03721
v 1.98942 2.61216 -2.02939
v 1.96794 2.62885 -2.03679
v 1.96981 2.61216 -2.03937
v 2.02389 2.584 -2.1355
v 2.04454 2.59688 -2.14222
v 2.03539 2.584 -2.12964
v 2.0287 2.59688 -2.15029
v 2.01115 2.584 -2.13752
v 2.01115 2.59688 -2.15307
v 1.9984 2.584 -2.1355
v 2.03178 2.6131 -2.15978
v 1.99359 2.59688 -2.15029
v 1.9869 2.584 -2.12964
v 1.97776 2.59688 -2.14222
v 2.01115 2.6131 -2.16304
v 2.03277 2.62975 -2.1628
v 1.99051 2.6131 -2.15978
v 1.97189 2.6131 -2.15029
v 2.01115 2.62975 -2.16623
v 2.03307 2.63156 -2.16375
v 2.01115 2.63156 -2.16723
v 1.98952 2.62975 -2.1628
v 1.97002 2.62975 -2.15287
v 1.98922 2.63156 -2.16375
v 1.96943 2.63156 -2.15367
v 2.01115 2.5729 -2.09626
v 2.03174 2.57573 -2.10295
v 2.0328 2.57573 -2.09626
v 2.02866 2.57573 -2.10899
v 2.05038 2.584 -2.10901
v 2.04452 2.584 -2.12051
v 2.02387 2.57573 -2.11378
v 2.03539 2.584 -2.12964
v 2.01784 2.57573 -2.11685
v 2.02389 2.584 -2.1355
v 2.01115 2.57573 -2.11791
v 2.00445 2.57573 -2.11685
v 2.01115 2.584 -2.13752
v 1.9984 2.584 -2.1355
v 1.99842 2.57573 -2.11378
v 1.9869 2.584 -2.12964
v 1.99363 2.57573 -2.10899
v 1.97777 2.584 -2.12051
v 1.97776 2.59688 -2.14222
v 1.96519 2.59688 -2.12965
v 1.99055 2.57573 -2.10295
v 1.97191 2.584 -2.10901
v 1.9895 2.57573 -2.09626
v 1.96989 2.584 -2.09626
v 1.99055 2.57573 -2.08957
v 1.97191 2.584 -2.08351
v 1.99363 2.57573 -2.08353
v 1.99842 2.57573 -2.07874
v 1.97191 2.584 -2.10901
v 1.96519 2.59688 -2.12965
v 1.97777 2.584 -2.12051
v 1.96989 2.584 -2.09626
v 1.95712 2.59688 -2.11381
v 1.95434 2.59688 -2.09626
v 1.97189 2.6131 -2.15029
v 1.97776 2.59688 -2.14222
v 1.95712 2.6131 -2.13552
v 1.97002 2.62975 -2.15287
v 1.95454 2.62975 -2.13739
v 1.96943 2.63156 -2.15367
v 1.95373 2.63156 -2.13797
v 1.9446 2.62975 -2.11788
v 1.94763 2.6131 -2.1169
v 1.97191 2.584 -2.10901
v 1.95712 2.59688 -2.11381
v 1.96519 2.59688 -2.12965
v 1.95712 2.6131 -2.13552
v 1.94763 2.6131 -2.1169
v 1.95454 2.62975 -2.13739
v 1.95434 2.59688 -2.09626
v 1.94436 2.6131 -2.09626
v 1.9446 2.62975 -2.11788
v 1.95712 2.59688 -2.07871
v 1.97191 2.584 -2.08351
v 1.96989 2.584 -2.09626
v 1.97777 2.584 -2.07201
v 1.96519 2.59688 -2.06287
v 1.94763 2.6131 -2.07562
v 1.94118 2.62975 -2.09626
v 1.95712 2.6131 -2.05701
v 1.97776 2.59688 -2.0503
v 1.97189 2.6131 -2.04223
v 1.94365 2.63156 -2.11819
v 1.95373 2.63156 -2.13797
v 1.94018 2.63156 -2.09626
v 1.9446 2.62975 -2.07464
v 1.94365 2.63156 -2.07433
v 1.95454 2.62975 -2.05513
v 1.97002 2.62975 -2.03966
v 1.95373 2.63156 -2.05455
v 1.96943 2.63156 -2.03885
v 2.01115 2.5729 -2.09626
v 2.02387 2.57573 -2.07874
v 2.01784 2.57573 -2.07567
v 2.02866 2.57573 -2.08353
v 2.03539 2.584 -2.06288
v 2.03174 2.57573 -2.08957
v 2.0328 2.57573 -2.09626
v 2.04452 2.584 -2.07201
v 2.04454 2.59688 -2.0503
v 2.0571 2.59688 -2.06287
v 2.05038 2.584 -2.08351
v 2.0524 2.584 -2.09626
v 2.03174 2.57573 -2.10295
v 2.05038 2.584 -2.10901
v 2.0287 2.59688 -2.15029
v 2.0504 2.6131 -2.15029
v 2.04454 2.59688 -2.14222
v 2.03178 2.6131 -2.15978
v 2.05227 2.62975 -2.15287
v 2.03277 2.62975 -2.1628
v 2.05286 2.63156 -2.15367
v 2.03307 2.63156 -2.16375
v 2.05227 2.62975 -2.15287
v 2.05286 2.63156 -2.15367
v 2.06856 2.63156 -2.13797
v 2.06775 2.62975 -2.13739
v 2.0504 2.6131 -2.15029
v 2.07864 2.63156 -2.11819
v 2.06518 2.6131 -2.13552
v 2.04454 2.59688 -2.14222
v 2.0571 2.59688 -2.12965
v 2.07769 2.62975 -2.11788
v 2.07466 2.6131 -2.1169
v 2.08211 2.63156 -2.09626
v 2.08111 2.62975 -2.09626
v 2.03539 2.584 -2.12964
v 2.04454 2.59688 -2.14222
v 2.0571 2.59688 -2.12965
v 2.04452 2.584 -2.12051
v 2.08111 2.62975 -2.09626
v 2.08211 2.63156 -2.09626
v 2.07864 2.63156 -2.07433
v 2.07769 2.62975 -2.07464
v 2.07793 2.6131 -2.09626
v 2.06856 2.63156 -2.05455
v 2.07466 2.6131 -2.07562
v 2.06775 2.62975 -2.05513
v 2.05286 2.63156 -2.03885
v 2.06518 2.6131 -2.05701
v 2.05227 2.62975 -2.03966
v 2.0504 2.6131 -2.04223
v 2.07466 2.6131 -2.1169
v 2.07769 2.62975 -2.11788
v 2.08111 2.62975 -2.09626
v 2.07793 2.6131 -2.09626
v 2.06517 2.59688 -2.11381
v 2.0571 2.59688 -2.12965
v 2.06518 2.6131 -2.13552
v 2.04452 2.584 -2.12051
v 2.05038 2.584 -2.10901
v 2.06795 2.59688 -2.09626
v 2.07466 2.6131 -2.07562
v 2.0524 2.584 -2.09626
v 2.06517 2.59688 -2.07871
v 2.06518 2.6131 -2.05701
v 2.05038 2.584 -2.08351
v 2.0571 2.59688 -2.06287
v 2.04452 2.584 -2.07201
v 2.0504 2.6131 -2.04223
v 2.04454 2.59688 -2.0503
v 2.03539 2.584 -2.06288
v 2.04454 2.59688 -2.0503
v 2.0287 2.59688 -2.04223
v 2.03178 2.6131 -2.03274
v 2.0504 2.6131 -2.04223
v 2.03539 2.584 -2.06288
v 2.0287 2.59688 -2.04223
v 2.02389 2.584 -2.05702
v 2.01115 2.59688 -2.03945
v 2.01115 2.584 -2.05501
v 2.01115 2.6131 -2.02948
v 2.03178 2.6131 -2.03274
v 1.99359 2.59688 -2.04223
v 1.9984 2.584 -2.05702
v 1.97776 2.59688 -2.0503
v 1.9869 2.584 -2.06288
v 1.97189 2.6131 -2.04223
v 1.99051 2.6131 -2.03274
v 1.97002 2.62975 -2.03966
v 1.98952 2.62975 -2.02972
v 1.96943 2.63156 -2.03885
v 1.98922 2.63156 -2.02877
v 2.01115 2.62975 -2.02629
v 2.03277 2.62975 -2.02972
v 2.01115 2.63156 -2.02529
v 2.02387 2.57573 -2.07874
v 2.03539 2.584 -2.06288
v 2.02389 2.584 -2.05702
v 2.01784 2.57573 -2.07567
v 2.01115 2.584 -2.05501
v 2.01115 2.57573 -2.07461
v 2.01115 2.5729 -2.09626
v 1.9984 2.584 -2.05702
v 2.00445 2.57573 -2.07567
v 1.99842 2.57573 -2.07874
v 1.9869 2.584 -2.06288
v 1.97777 2.584 -2.07201
v 1.99363 2.57573 -2.08353
v 1.96519 2.59688 -2.06287
v 1.97776 2.59688 -2.0503
v 1.97191 2.584 -2.08351
v 1.99055 2.57573 -2.08957
v 2.05227 2.62975 -2.03966
v 2.05286 2.63156 -2.03885
v 2.03307 2.63156 -2.02877
v 2.03277 2.62975 -2.02972
v 2.0504 2.6131 -2.04223
v 2.03178 2.6131 -2.03274
v 2.01115 2.63156 -2.02529
v 2.01115 2.62975 -2.02629
v 1.96825 2.66917 -2.15531
v 1.96943 2.66965 -2.15367
v 1.95373 2.66965 -2.13797
v 1.9521 2.66917 -2.13916
v 1.98859 2.66917 -2.16567
v 1.94365 2.66965 -2.11819
v 1.98922 2.66965 -2.16375
v 1.94173 2.66917 -2.11881
v 2.01115 2.66917 -2.16924
v 1.94018 2.66965 -2.09626
v 2.01115 2.66965 -2.16723
v 1.93816 2.66917 -2.09626
v 2.0337 2.66917 -2.16567
v 1.94365 2.66965 -2.07433
v 2.03307 2.66965 -2.16375
v 1.94173 2.66917 -2.07371
v 2.05404 2.66917 -2.15531
v 1.95373 2.66965 -2.05455
v 2.05286 2.66965 -2.15367
v 1.9521 2.66917 -2.05336
v 2.07019 2.66917 -2.13916
v 1.96943 2.66965 -2.03885
v 2.06856 2.66965 -2.13797
v 1.96825 2.66917 -2.03721
v 2.08056 2.66917 -2.11881
v 1.98922 2.66965 -2.02877
v 2.07864 2.66965 -2.11819
v 1.98859 2.66917 -2.02685
v 2.08413 2.66917 -2.09626
v 2.01115 2.66965 -2.02529
v 2.08211 2.66965 -2.09626
v 2.01115 2.66917 -2.02328
v 2.08056 2.66917 -2.07371
v 2.03307 2.66965 -2.02877
v 2.07864 2.66965 -2.07433
v 2.0337 2.66917 -2.02685
v 2.07019 2.66917 -2.05336
v 2.05286 2.66965 -2.03885
v 2.06856 2.66965 -2.05455
v 2.05404 2.66917 -2.03721
v 1.96825 2.65017 -2.15531
v 1.96943 2.65064 -2.15367
v 1.95373 2.65064 -2.13797
v 1.9521 2.65017 -2.13916
v 1.98859 2.65017 -2.16567
v 1.94365 2.65064 -2.11819
v 1.98922 2.65064 -2.16375
v 1.94173 2.65017 -2.11881
v 2.01115 2.65017 -2.16924
v 1.94018 2.65064 -2.09626
v 2.01115 2.65064 -2.16723
v 1.93816 2.65017 -2.09626
v 2.0337 2.65017 -2.16567
v 1.94365 2.65064 -2.07433
v 2.03307 2.65064 -2.16375
v 1.94173 2.65017 -2.07371
v 2.05404 2.65017 -2.15531
v 1.95373 2.65064 -2.05455
v 2.05286 2.65064 -2.15367
v 1.9521 2.65017 -2.05336
v 2.07019 2.65017 -2.13916
v 1.96943 2.65064 -2.03885
v 2.06856 2.65064 -2.13797
v 1.96825 2.65017 -2.03721
v 2.08056 2.65017 -2.11881
v 1.98922 2.65064 -2.02877
v 2.07864 2.65064 -2.11819
v 1.98859 2.65017 -2.02685
v 2.08413 2.65017 -2.09626
v 2.01115 2.65064 -2.02529
v 2.08211 2.65064 -2.09626
v 2.01115 2.65017 -2.02328
v 2.08056 2.65017 -2.07371
v 2.03307 2.65064 -2.02877
v 2.07864 2.65064 -2.07433
v 2.0337 2.65017 -2.02685
v 2.07019 2.65017 -2.05336
v 2.05286 2.65064 -2.03885
v 2.06856 2.65064 -2.05455
v 2.05404 2.65017 -2.03721
v 1.96825 2.63108 -2.15531
v 1.96943 2.63156 -2.15367
v 1.95373 2.63156 -2.13797
v 1.9521 2.63108 -2.13916
v 1.98859 2.63108 -2.16567
v 1.94365 2.63156 -2.11819
v 1.98922 2.63156 -2.16375
v 1.94173 2.63108 -2.11881
v 2.01115 2.63108 -2.16924
v 1.94018 2.63156 -2.09626
v 2.01115 2.63156 -2.16723
v 1.93816 2.63108 -2.09626
v 2.0337 2.63108 -2.16567
v 1.94365 2.63156 -2.07433
v 2.03307 2.63156 -2.16375
v 1.94173 2.63108 -2.07371
v 2.05404 2.63108 -2.15531
v 1.95373 2.63156 -2.05455
v 2.05286 2.63156 -2.15367
v 1.9521 2.63108 -2.05336
v 2.07019 2.63108 -2.13916
v 1.96943 2.63156 -2.03885
v 2.06856 2.63156 -2.13797
v 1.96825 2.63108 -2.03721
v 2.08056 2.63108 -2.11881
v 1.98922 2.63156 -2.02877
v 2.07864 2.63156 -2.11819
v 1.98859 2.63108 -2.02685
v 2.08413 2.63108 -2.09626
v 2.01115 2.63156 -2.02529
v 2.08211 2.63156 -2.09626
v 2.01115 2.63108 -2.02328
v 2.08056 2.63108 -2.07371
v 2.03307 2.63156 -2.02877
v 2.07864 2.63156 -2.07433
v 2.0337 2.63108 -2.02685
v 2.07019 2.63108 -2.05336
v 2.05286 2.63156 -2.03885
v 2.06856 2.63156 -2.05455
v 2.05404 2.63108 -2.03721
vn 2.109761 2.206918 -2.388663
vn 2.195289 2.206919 -2.343877
vn 2.273093 2.32235 -2.451134
vn 2.014577 2.206917 -2.404825
vn 2.150612 2.322352 -2.514715
vn 2.014477 2.322351 -2.537333
vn 1.919065 2.206915 -2.390784
vn 1.878016 2.322349 -2.516775
vn 2.013236 2.483838 -2.633656
vn 1.847069 2.483836 -2.608
vn 1.763531 2.206917 -2.280412
vn 1.832552 2.206919 -2.347917
vn 1.754586 2.322351 -2.455057
vn 1.763531 2.206917 -2.280412
vn 1.754586 2.322351 -2.455057
vn 1.656272 2.322351 -2.35822
vn 1.870981 2.136905 -2.14471
vn 1.718748 2.206915 -2.194884
vn 1.862873 2.136904 -2.09903
vn 1.702584 2.206915 -2.099702
vn 2.011141 2.117535 -2.096265
vn 1.869274 2.136904 -2.053077
vn 1.716623 2.206916 -2.004183
vn 1.892809 2.136905 -2.185652
vn 1.832552 2.206919 -2.347917
vn 1.889559 2.136906 -2.01135
vn 1.759492 2.206915 -1.917682
vn 1.926231 2.136904 -2.217842
vn 1.919065 2.206915 -2.390784
vn 1.921748 2.136906 -1.977934
vn 1.826994 2.206916 -1.848657
vn 1.967959 2.136904 -2.238131
vn 2.014577 2.206917 -2.404825
vn 1.962699 2.136904 -1.956107
vn 2.013902 2.136905 -2.244535
vn 2.008374 2.136905 -1.947996
vn 1.912521 2.206916 -1.803872
vn 2.109761 2.206918 -2.388663
vn 2.059584 2.136904 -2.236422
vn 2.195289 2.206919 -2.343877
vn 2.007704 2.206915 -1.787709
vn 2.054326 2.136904 -1.954399
vn 2.103227 2.206918 -1.801745
vn 2.09605 2.136904 -1.974688
vn 2.189735 2.206919 -1.844618
vn 2.129465 2.136904 -2.006875
vn 2.258752 2.206918 -1.912118
vn 2.267698 2.322353 -1.737474
vn 2.151297 2.136904 -2.047819
vn 2.30353 2.206914 -1.997645
vn 2.159403 2.136903 -2.093499
vn 2.3197 2.206917 -2.09283
vn 2.153003 2.136904 -2.139456
vn 2.132717 2.136904 -2.181178
vn 2.273093 2.32235 -2.451134
vn 2.447131 2.483839 -2.41044
vn 2.328707 2.48384 -2.529792
vn 2.474236 2.614372 -2.431517
vn 2.347973 2.614381 -2.558214
vn 2.36501 3.071692 -2.353414
vn 2.268187 3.071725 -2.450175
vn 2.427138 3.071708 -2.231483
vn 2.555171 2.61438 -2.272002
vn 2.448544 3.071729 -2.096319
vn 2.58285 2.614384 -2.095287
vn 2.369934 2.32235 -2.352815
vn 2.273093 2.32235 -2.451134
vn 2.258752 2.206918 -1.912118
vn 2.267698 2.322353 -1.737474
vn 2.36601 2.322351 -1.834312
vn 2.17366 3.248882 -2.093513
vn 2.319654 3.182881 -2.092827
vn 2.303492 3.182881 -1.997657
vn 1.848624 3.248883 -2.099017
vn 1.702624 3.18288 -2.099701
vn 1.71879 3.182881 -2.194874
vn 2.273093 2.322349 -2.451133
vn 2.447133 2.483842 -2.410438
vn 2.328706 2.483842 -2.529793
vn 2.305661 2.206918 -2.188349
vn 2.319704 2.206919 -2.092831
vn 2.452209 2.322351 -2.092927
vn 2.144239 3.248882 -2.189566
vn 2.262759 3.182878 -2.274827
vn 2.305621 3.182878 -2.188338
vn 1.718752 2.206913 -2.194884
vn 1.763535 2.206915 -2.280412
vn 1.656271 2.32235 -2.358218
vn 1.754589 2.322348 -2.455056
vn 1.696963 2.483843 -2.532255
vn 1.577612 2.483845 -2.413833
vn 1.592692 2.32235 -2.235735
vn 1.675894 2.61438 -2.559366
vn 1.500698 2.483841 -2.264322
vn 1.549196 2.614383 -2.433104
vn 1.753986 3.071732 -2.450089
vn 1.657256 3.071748 -2.353312
vn 1.467717 2.614379 -2.273869
vn 1.473749 2.483841 -2.09836
vn 1.595149 3.071753 -2.231375
vn 1.439431 2.614383 -2.097251
vn 1.912519 2.206916 -1.803872
vn 1.826995 2.206915 -1.848658
vn 1.749187 2.322352 -1.741395
vn 2.011141 2.117535 -2.096265
vn 2.059584 2.136904 -2.236422
vn 2.013902 2.136905 -2.244535
vn 2.100533 2.136904 -2.214588
vn 2.195289 2.206919 -2.343877
vn 2.132717 2.136904 -2.181178
vn 2.262788 2.206916 -2.274852
vn 2.369934 2.32235 -2.352815
vn 2.305657 2.206916 -2.188348
vn 2.153003 2.136904 -2.139456
vn 2.3197 2.206917 -2.09283
vn 2.109761 2.206918 -2.388663
vn 2.273093 2.32235 -2.451134
vn 2.150612 2.322352 -2.514715
vn 2.328707 2.48384 -2.529792
vn 2.179197 2.48384 -2.606707
vn 2.014477 2.322351 -2.537333
vn 2.347973 2.614381 -2.558214
vn 2.013236 2.483838 -2.633656
vn 2.188743 2.614385 -2.63969
vn 2.268187 3.071725 -2.450175
vn 2.012124 2.614377 -2.667974
vn 2.146258 3.071747 -2.51226
vn 2.011096 3.071714 -2.533681
vn 1.832552 2.206919 -2.347917
vn 1.919065 2.206915 -2.390784
vn 1.878016 2.322349 -2.516775
vn 1.754586 2.322351 -2.455057
vn 1.847069 2.483836 -2.608
vn 1.696964 2.48384 -2.532255
vn 1.835408 2.614381 -2.640297
vn 1.675895 2.614381 -2.559367
vn 2.012124 2.614377 -2.667974
vn 2.013236 2.483838 -2.633656
vn 2.011096 3.071714 -2.533681
vn 1.875923 3.071736 -2.512237
vn 1.753998 3.071723 -2.450106
vn 1.718748 2.206915 -2.194884
vn 1.763531 2.206917 -2.280412
vn 1.656272 2.322351 -2.35822
vn 1.59269 2.322352 -2.235736
vn 1.702584 2.206915 -2.099702
vn 1.570072 2.322352 -2.0996
vn 1.716623 2.206916 -2.004183
vn 1.59063 2.322349 -1.963142
vn 1.759492 2.206915 -1.917682
vn 1.652348 2.322349 -1.839714
vn 2.273093 2.32235 -2.451134
vn 2.369934 2.32235 -2.352815
vn 2.447131 2.483839 -2.41044
vn 2.522876 2.483837 -2.260336
vn 2.328707 2.48384 -2.529792
vn 2.447131 2.483839 -2.41044
vn 2.474236 2.614372 -2.431517
vn 2.555171 2.61438 -2.272002
vn 2.522876 2.483837 -2.260336
vn 2.58285 2.614384 -2.095287
vn 2.548531 2.483838 -2.094171
vn 2.431653 2.322351 -2.229388
vn 2.369934 2.32235 -2.352815
vn 2.262788 2.206916 -2.274852
vn 2.305657 2.206916 -2.188348
vn 2.452209 2.322352 -2.092925
vn 2.3197 2.206917 -2.09283
vn 2.429592 2.322353 -1.956794
vn 2.30353 2.206914 -1.997645
vn 2.52158 2.483838 -1.928207
vn 2.554563 2.614377 -1.918659
vn 2.36601 2.322351 -1.834312
vn 2.258752 2.206918 -1.912118
vn 2.427138 3.071743 -1.961144
vn 2.448544 3.071729 -2.096319
vn 2.36502 3.071745 -1.839207
vn 2.473085 2.614373 -1.75943
vn 2.268298 3.071701 -1.742411
vn 2.346385 2.614372 -1.633165
vn 2.444667 2.483842 -1.778699
vn 2.325315 2.483843 -1.660273
vn 2.267698 2.322353 -1.737474
vn 2.189735 2.206919 -1.844618
vn 2.144267 2.322351 -1.675755
vn 2.267698 2.322353 -1.737474
vn 2.103227 2.206918 -1.801745
vn 2.007805 2.322349 -1.655199
vn 2.007704 2.206915 -1.787709
vn 2.267698 2.322353 -1.737474
vn 2.144267 2.322351 -1.675755
vn 2.175212 2.483841 -1.584529
vn 2.325315 2.483843 -1.660273
vn 2.186874 2.614374 -1.552235
vn 2.346385 2.614372 -1.633165
vn 2.146356 3.071717 -1.680276
vn 2.268298 3.071701 -1.742411
vn 2.011199 3.071736 -1.658868
vn 1.912521 2.206916 -1.803872
vn 1.826994 2.206916 -1.848657
vn 1.749187 2.322354 -1.741393
vn 1.871666 2.322349 -1.677819
vn 2.007704 2.206915 -1.787709
vn 1.693575 2.48384 -1.662738
vn 2.007805 2.322349 -1.655199
vn 1.843082 2.48384 -1.585824
vn 1.674305 2.614376 -1.63432
vn 2.009046 2.483843 -1.558873
vn 2.144267 2.322351 -1.675755
vn 2.175212 2.483841 -1.584529
vn 1.833536 2.614376 -1.552842
vn 1.75409 3.071725 -1.742359
vn 1.876017 3.071718 -1.680246
vn 2.010159 2.614381 -1.524556
vn 2.186874 2.614374 -1.552235
vn 2.011199 3.071736 -1.658868
vn 1.826994 2.206916 -1.848657
vn 1.652348 2.322349 -1.839714
vn 1.749187 2.322354 -1.741393
vn 1.759492 2.206915 -1.917682
vn 1.674305 2.614376 -1.63432
vn 1.657301 3.071731 -1.83913
vn 1.75409 3.071725 -1.742359
vn 1.548043 2.61438 -1.761014
vn 1.693575 2.48384 -1.662738
vn 1.595176 3.071741 -1.961039
vn 1.57515 2.483837 -1.782092
vn 1.749187 2.322354 -1.741393
vn 1.652348 2.322349 -1.839714
vn 1.467109 2.614379 -1.920532
vn 1.573749 3.071743 -2.096211
vn 1.499404 2.483838 -1.932197
vn 1.59063 2.322349 -1.963142
vn 1.439431 2.614382 -2.097251
vn 1.595121 3.071723 -2.231373
vn 1.467717 2.614378 -2.273869
vn 1.47375 2.48384 -2.09836
vn 1.570072 2.322352 -2.0996
vn 1.5007 2.483838 -2.264321
vn 1.59269 2.322352 -2.235736
vn 1.467717 2.614378 -2.273869
vn 1.657255 3.071743 -2.353319
vn 1.595121 3.071723 -2.231373
vn 1.549197 2.614382 -2.433105
vn 1.753998 3.071723 -2.450106
vn 1.675895 2.614381 -2.559367
vn 1.5007 2.483838 -2.264321
vn 1.47375 2.48384 -2.09836
vn 1.577615 2.483841 -2.413834
vn 1.59269 2.322352 -2.235736
vn 1.696964 2.48384 -2.532255
vn 1.656272 2.322351 -2.35822
vn 1.754586 2.322351 -2.455057
vn 1.912532 3.18288 -1.803912
vn 1.749156 3.067364 -1.741361
vn 1.827021 3.18288 -1.848688
vn 1.871652 3.067364 -1.677773
vn 1.693012 2.90345 -1.661952
vn 2.007699 3.182879 -1.787748
vn 2.007803 3.067366 -1.655153
vn 1.842793 2.903448 -1.5849
vn 2.009052 2.903453 -1.557908
vn 2.103209 3.182879 -1.801785
vn 2.144281 3.067366 -1.675712
vn 2.189697 3.182881 -1.84465
vn 2.267724 3.067365 -1.737439
vn 2.258711 3.182883 -1.912146
vn 2.366046 3.067367 -1.834287
vn 2.267724 3.067365 -1.737439
vn 2.189697 3.182881 -1.84465
vn 2.140998 3.248883 -1.998507
vn 2.16486 3.248881 -2.043424
vn 2.303492 3.182881 -1.997657
vn 2.17366 3.248882 -2.093513
vn 2.104437 3.248882 -1.963164
vn 2.103209 3.182879 -1.801785
vn 2.011143 3.272235 -2.096266
vn 2.166555 3.248882 -2.143873
vn 2.058755 3.248881 -1.940849
vn 2.319654 3.182881 -2.092827
vn 2.305617 3.18288 -2.188336
vn 2.144244 3.248881 -2.189566
vn 2.108895 3.248883 -2.226125
vn 2.063991 3.248882 -2.249978
vn 2.013896 3.248882 -2.258785
vn 1.963544 3.248883 -2.251682
vn 1.917848 3.248883 -2.229366
vn 1.881277 3.248882 -2.19402
vn 1.857426 3.248882 -2.149105
vn 1.832584 3.182881 -2.34788
vn 2.007699 3.182879 -1.787748
vn 2.008392 3.248883 -1.93375
vn 1.912532 3.18288 -1.803912
vn 1.958301 3.248883 -1.942554
vn 1.827021 3.18288 -1.848688
vn 1.913383 3.248882 -1.966405
vn 1.75953 3.182882 -1.917703
vn 1.65231 3.067364 -1.839686
vn 1.749156 3.067364 -1.741361
vn 1.878042 3.248882 -2.002966
vn 1.716665 3.182882 -2.004198
vn 1.855731 3.248884 -2.048658
vn 1.702624 3.18288 -2.099701
vn 1.848624 3.248883 -2.099017
vn 1.71879 3.182881 -2.194874
vn 1.763569 3.182882 -2.280387
vn 2.303492 3.182881 -1.997657
vn 2.366046 3.067367 -1.834287
vn 2.258711 3.182883 -1.912146
vn 2.429633 3.067364 -1.956781
vn 2.319654 3.182881 -2.092827
vn 2.452255 3.067363 -2.092928
vn 2.305617 3.18288 -2.188336
vn 2.522504 2.903448 -1.927915
vn 2.431696 3.067363 -2.229404
vn 2.262752 3.182881 -2.274827
vn 2.369973 3.067365 -2.352841
vn 2.549499 2.903449 -2.094175
vn 2.545994 2.823964 -1.921325
vn 2.573875 2.823965 -2.095164
vn 2.523794 2.90345 -2.260643
vn 2.447909 2.903449 -2.411015
vn 2.27312 3.067366 -2.45117
vn 2.329267 2.903447 -2.530581
vn 2.546675 2.823959 -2.269111
vn 2.211211 3.236461 -2.096148
vn 2.201482 3.236452 -2.157978
vn 2.46705 2.823961 -2.426142
vn 2.342798 2.823965 -2.55088
vn 2.173031 3.236475 -2.213757
vn 2.128832 3.236471 -2.258024
vn 1.871652 3.067364 -1.677773
vn 1.842793 2.903448 -1.5849
vn 1.693012 2.90345 -1.661952
vn 1.679481 2.823965 -1.641651
vn 1.836196 2.823957 -1.561412
vn 1.893464 3.23647 -1.93449
vn 1.949238 3.236474 -1.906049
vn 2.267724 3.067365 -1.737439
vn 2.325889 2.90345 -1.659496
vn 2.175514 2.90345 -1.58361
vn 2.144281 3.067366 -1.675712
vn 2.009052 2.903453 -1.557908
vn 2.010037 2.823965 -1.53353
vn 1.836196 2.823957 -1.561412
vn 1.842793 2.903448 -1.5849
vn 1.949238 3.236474 -1.906049
vn 2.011036 3.236463 -1.896199
vn 2.341017 2.823963 -1.640356
vn 2.128645 3.236464 -1.934347
vn 2.072848 3.236463 -1.905954
vn 2.183988 2.823959 -1.560731
vn 2.325889 2.90345 -1.659496
vn 2.011036 3.236463 -1.896199
vn 2.175514 2.90345 -1.58361
vn 2.010037 2.823965 -1.53353
vn 1.679481 2.823965 -1.641651
vn 1.893464 3.23647 -1.93449
vn 1.849255 3.236475 -1.978766
vn 1.555231 2.823964 -1.766389
vn 1.693012 2.90345 -1.661952
vn 1.820838 3.236466 -2.034559
vn 1.57437 2.903451 -1.78152
vn 1.475607 2.823962 -1.923417
vn 1.811046 3.236452 -2.096376
vn 1.498487 2.90345 -1.931887
vn 1.65231 3.067364 -1.839686
vn 1.590587 3.067366 -1.963124
vn 1.448403 2.823956 -2.09737
vn 1.820931 3.236473 -2.158201
vn 1.472783 2.903453 -2.098356
vn 1.570028 3.067366 -2.099603
vn 1.749156 3.067364 -1.741361
vn 1.693012 2.90345 -1.661952
vn 1.57437 2.903451 -1.78152
vn 1.65231 3.067364 -1.839686
vn 1.75953 3.182882 -1.917703
vn 1.590587 3.067366 -1.963124
vn 1.716665 3.182882 -2.004198
vn 1.716665 3.182882 -2.004198
vn 1.590587 3.067366 -1.963124
vn 1.570028 3.067366 -2.099603
vn 1.702624 3.18288 -2.099701
vn 1.592648 3.067365 -2.235749
vn 1.71879 3.182881 -2.194874
vn 1.499775 2.903448 -2.264612
vn 1.472783 2.903453 -2.098356
vn 1.656236 3.067366 -2.358245
vn 1.763569 3.182882 -2.280387
vn 1.576831 2.903451 -2.414398
vn 1.476289 2.823965 -2.27121
vn 1.448403 2.823956 -2.09737
vn 1.820931 3.236473 -2.158201
vn 1.849321 3.236456 -2.213942
vn 1.556525 2.823954 -2.427926
vn 1.893631 3.236468 -2.258169
vn 1.681262 2.823967 -2.552172
vn 1.696393 2.90345 -2.533035
vn 1.754556 3.067364 -2.455092
vn 1.857426 3.248882 -2.149105
vn 1.763569 3.182882 -2.280387
vn 1.881277 3.248882 -2.19402
vn 1.832584 3.182881 -2.34788
vn 1.754556 3.067364 -2.455092
vn 1.656236 3.067366 -2.358245
vn 1.917848 3.248883 -2.229366
vn 1.919075 3.182882 -2.390741
vn 1.963544 3.248883 -2.251682
vn 2.014574 3.182882 -2.404778
vn 2.013896 3.248882 -2.258785
vn 2.109747 3.182881 -2.388617
vn 2.063991 3.248882 -2.249978
vn 2.195259 3.182879 -2.343843
vn 2.108895 3.248883 -2.226125
vn 2.262752 3.182881 -2.274827
vn 2.144244 3.248881 -2.189566
vn 2.305617 3.18288 -2.188336
vn 2.014574 3.182882 -2.404778
vn 2.150627 3.067365 -2.514757
vn 2.109747 3.182881 -2.388617
vn 2.014477 3.067366 -2.537377
vn 1.919075 3.182882 -2.390741
vn 1.878002 3.067366 -2.516819
vn 1.832584 3.182881 -2.34788
vn 2.013229 2.903446 -2.634625
vn 1.754556 3.067364 -2.455092
vn 1.846766 2.903446 -2.608922
vn 2.012241 2.82396 -2.659001
vn 1.696393 2.90345 -2.533035
vn 1.838293 2.823963 -2.631799
vn 2.011254 3.236472 -2.296308
vn 1.681262 2.823967 -2.552172
vn 1.94944 3.236472 -2.286552
vn 1.893631 3.236468 -2.258169
vn 2.109747 3.182881 -2.388617
vn 2.27312 3.067366 -2.45117
vn 2.195259 3.182879 -2.343843
vn 2.150627 3.067365 -2.514757
vn 2.329267 2.903447 -2.530581
vn 2.17949 2.903447 -2.60763
vn 2.014477 3.067366 -2.537377
vn 2.342798 2.823965 -2.55088
vn 2.013229 2.903446 -2.634625
vn 2.186084 2.823969 -2.631116
vn 2.128832 3.236471 -2.258024
vn 2.012241 2.82396 -2.659001
vn 2.07305 3.236473 -2.286483
vn 2.011254 3.236472 -2.296308
vn 2.195259 3.182879 -2.343843
vn 2.27312 3.067366 -2.45117
vn 2.369973 3.067365 -2.352841
vn 2.262752 3.182881 -2.274827
vn 2.573875 2.823965 -2.095164
vn 2.211211 3.236461 -2.096148
vn 2.20134 3.236477 -2.034338
vn 2.545994 2.823964 -1.921325
vn 2.172943 3.236461 -1.978586
vn 2.465755 2.823963 -1.764607
vn 2.128645 3.236464 -1.934347
vn 2.522504 2.903448 -1.927915
vn 2.341017 2.823963 -1.640356
vn 2.445451 2.903448 -1.778132
vn 2.429633 3.067364 -1.956781
vn 2.325889 2.90345 -1.659496
vn 2.366046 3.067367 -1.834287
vn 2.267724 3.067365 -1.737439
vn 2.0139 2.136904 -2.244531
vn 2.059579 2.136903 -2.236418
vn 2.10976 2.20692 -2.388665
vn 2.014576 2.206919 -2.404828
vn 1.967953 2.136903 -2.238127
vn 1.919055 2.206919 -2.390787
vn 1.92623 2.136904 -2.217841
vn 1.83255 2.20692 -2.347919
vn 2.011138 2.117535 -2.096265
vn 1.892811 2.136905 -2.185652
vn 1.763528 2.206918 -2.280412
vn 1.754589 2.322349 -2.455057
vn 1.656272 2.322351 -2.35822
vn 1.870987 2.136903 -2.14471
vn 1.718746 2.206917 -2.194885
vn 1.862879 2.136903 -2.099028
vn 1.702578 2.206919 -2.099703
vn 1.869278 2.136904 -2.053075
vn 1.716618 2.206919 -2.004183
vn 1.889566 2.136904 -2.011352
vn 1.759488 2.206918 -1.917681
vn 2.10976 2.20692 -2.388665
vn 2.195289 2.20692 -2.343879
vn 2.273093 2.322349 -2.451133
vn 2.15061 2.322351 -2.514714
vn 2.328706 2.483842 -2.529793
vn 2.014576 2.206919 -2.404828
vn 2.179198 2.483841 -2.606707
vn 2.014479 2.32235 -2.537332
vn 1.919055 2.206919 -2.390787
vn 2.013236 2.48384 -2.633656
vn 2.188745 2.614384 -2.639689
vn 1.878017 2.322347 -2.516774
vn 1.83255 2.20692 -2.347919
vn 1.754589 2.322349 -2.455057
vn 1.84707 2.483837 -2.608001
vn 1.696966 2.483841 -2.532256
vn 2.012123 2.614376 -2.667974
vn 2.146251 3.071764 -2.512247
vn 2.011089 3.07173 -2.533668
vn 1.83541 2.61438 -2.640298
vn 1.675893 2.61438 -2.559365
vn 1.875914 3.07175 -2.512222
vn 1.754002 3.071738 -2.450094
vn 2.059579 2.136903 -2.236418
vn 2.195289 2.20692 -2.343879
vn 2.10976 2.20692 -2.388665
vn 2.100524 2.136903 -2.214589
vn 2.011138 2.117535 -2.096265
vn 2.0139 2.136904 -2.244531
vn 1.967953 2.136903 -2.238127
vn 2.132718 2.136904 -2.181177
vn 2.153004 2.136904 -2.139455
vn 2.305661 2.206918 -2.188349
vn 2.262791 2.206918 -2.274853
vn 2.369933 2.322348 -2.352815
vn 2.273093 2.322349 -2.451133
vn 1.718746 2.206917 -2.194885
vn 1.763528 2.206918 -2.280412
vn 1.656272 2.322351 -2.35822
vn 1.592692 2.322349 -2.235734
vn 1.702578 2.206919 -2.099703
vn 1.570072 2.322351 -2.099598
vn 1.577614 2.483843 -2.413833
vn 1.500698 2.483841 -2.26432
vn 1.696966 2.483841 -2.532256
vn 1.754589 2.322349 -2.455057
vn 1.675893 2.61438 -2.559365
vn 1.549195 2.614382 -2.433103
vn 1.754002 3.071738 -2.450094
vn 1.657278 3.071765 -2.353318
vn 1.467716 2.614379 -2.273868
vn 1.473749 2.483841 -2.098362
vn 1.595115 3.071719 -2.231364
vn 2.011138 2.117535 -2.096265
vn 1.862879 2.136903 -2.099028
vn 1.869278 2.136904 -2.053075
vn 1.889566 2.136904 -2.011352
vn 1.921758 2.136904 -1.977936
vn 1.962699 2.136903 -1.956111
vn 1.759488 2.206918 -1.917681
vn 1.826991 2.206918 -1.848655
vn 1.65235 2.322348 -1.839713
vn 1.749189 2.322352 -1.741394
vn 1.912516 2.206918 -1.80387
vn 2.008375 2.136904 -1.947997
vn 2.007701 2.206917 -1.787706
vn 2.054327 2.136904 -1.954399
vn 2.103224 2.206919 -1.801743
vn 2.096047 2.136904 -1.974688
vn 2.189733 2.206919 -1.844615
vn 2.129455 2.136902 -2.006876
vn 2.151294 2.136904 -2.047818
vn 2.1594 2.136902 -2.093498
vn 2.153004 2.136904 -2.139455
vn 2.319704 2.206919 -2.092831
vn 2.305661 2.206918 -2.188349
vn 2.258756 2.20692 -1.912117
vn 2.267694 2.322351 -1.737474
vn 2.366008 2.32235 -1.834311
vn 2.273093 2.322349 -2.451133
vn 2.369933 2.322348 -2.352815
vn 2.447133 2.483842 -2.410438
vn 2.522877 2.48384 -2.260335
vn 2.43165 2.32235 -2.22939
vn 2.262791 2.206918 -2.274853
vn 2.305661 2.206918 -2.188349
vn 2.452209 2.322351 -2.092927
vn 2.548532 2.48384 -2.094169
vn 2.58285 2.614384 -2.095287
vn 2.555172 2.61438 -2.271998
vn 2.554562 2.614374 -1.918657
vn 2.52158 2.483837 -1.928206
vn 2.473084 2.614372 -1.759429
vn 2.444668 2.483842 -1.7787
vn 2.429589 2.322351 -1.956794
vn 2.319704 2.206919 -2.092831
vn 2.303536 2.206918 -1.997645
vn 2.366008 2.32235 -1.834311
vn 2.258756 2.20692 -1.912117
vn 2.325316 2.483843 -1.660274
vn 2.267694 2.322351 -1.737474
vn 2.179198 2.483841 -2.606707
vn 2.328706 2.483842 -2.529793
vn 2.347972 2.614379 -2.558214
vn 2.188745 2.614384 -2.639689
vn 2.268176 3.071746 -2.45016
vn 2.146251 3.071764 -2.512247
vn 2.347972 2.614379 -2.558214
vn 2.364974 3.071724 -2.353417
vn 2.268176 3.071746 -2.45016
vn 2.474239 2.614371 -2.431513
vn 2.328706 2.483842 -2.529793
vn 2.427107 3.071744 -2.231478
vn 2.447133 2.483842 -2.410438
vn 2.555172 2.61438 -2.271998
vn 2.522877 2.48384 -2.260335
vn 2.448537 3.071737 -2.096319
vn 2.58285 2.614384 -2.095287
vn 2.1594 2.136902 -2.093498
vn 2.303536 2.206918 -1.997645
vn 2.319704 2.206919 -2.092831
vn 2.151294 2.136904 -2.047818
vn 2.258756 2.20692 -1.912117
vn 2.129455 2.136902 -2.006876
vn 2.189733 2.206919 -1.844615
vn 2.58285 2.614384 -2.095287
vn 2.427141 3.071742 -1.961154
vn 2.448537 3.071737 -2.096319
vn 2.554562 2.614374 -1.918657
vn 2.36502 3.071754 -1.839219
vn 2.473084 2.614372 -1.759429
vn 2.268278 3.071724 -1.742421
vn 2.346388 2.614371 -1.633167
vn 2.444668 2.483842 -1.7787
vn 2.325316 2.483843 -1.660274
vn 2.189733 2.206919 -1.844615
vn 2.144266 2.322349 -1.675756
vn 2.267694 2.322351 -1.737474
vn 2.103224 2.206919 -1.801743
vn 2.007804 2.322349 -1.6552
vn 2.007701 2.206917 -1.787706
vn 1.871667 2.322348 -1.67782
vn 1.912516 2.206918 -1.80387
vn 1.749189 2.322352 -1.741394
vn 1.826991 2.206918 -1.848655
vn 1.693572 2.483842 -1.662739
vn 1.843081 2.483841 -1.585824
vn 2.009045 2.483843 -1.558873
vn 1.6743 2.614376 -1.634323
vn 1.833538 2.614375 -1.552842
vn 1.754092 3.071738 -1.742371
vn 1.87604 3.071735 -1.680254
vn 2.010155 2.61438 -1.524556
vn 2.267694 2.322351 -1.737474
vn 2.175212 2.483843 -1.584528
vn 2.325316 2.483843 -1.660274
vn 2.144266 2.322349 -1.675756
vn 2.144266 2.322349 -1.675756
vn 2.007804 2.322349 -1.6552
vn 2.009045 2.483843 -1.558873
vn 2.175212 2.483843 -1.584528
vn 2.010155 2.61438 -1.524556
vn 1.833538 2.614375 -1.552842
vn 1.843081 2.483841 -1.585824
vn 2.186873 2.614373 -1.552235
vn 2.325316 2.483843 -1.660274
vn 2.346388 2.614371 -1.633167
vn 2.01119 3.071752 -1.658882
vn 1.87604 3.071735 -1.680254
vn 2.146358 3.071732 -1.68029
vn 2.268278 3.071724 -1.742421
vn 1.716618 2.206919 -2.004183
vn 1.702578 2.206919 -2.099703
vn 1.570072 2.322351 -2.099598
vn 1.59063 2.322349 -1.963142
vn 1.759488 2.206918 -1.917681
vn 1.65235 2.322348 -1.839713
vn 1.473749 2.483841 -2.098362
vn 1.500698 2.483841 -2.26432
vn 1.592692 2.322349 -2.235734
vn 1.499403 2.48384 -1.932198
vn 1.57515 2.483839 -1.782091
vn 1.749189 2.322352 -1.741394
vn 1.693572 2.483842 -1.662739
vn 1.439431 2.614381 -2.097251
vn 1.467716 2.614379 -2.273868
vn 1.595115 3.071719 -2.231364
vn 1.573753 3.071748 -2.096211
vn 1.467109 2.614378 -1.920534
vn 1.595184 3.071754 -1.961048
vn 1.548042 2.614379 -1.761016
vn 1.6743 2.614376 -1.634323
vn 1.657332 3.071759 -1.839129
vn 1.754092 3.071738 -1.742371
vn 1.912534 3.182878 -1.803909
vn 1.749158 3.067366 -1.741362
vn 1.827014 3.182877 -1.848687
vn 1.871655 3.067366 -1.677774
vn 2.007708 3.182878 -1.787746
vn 1.69301 2.903449 -1.661953
vn 2.007804 3.067369 -1.655156
vn 2.103206 3.182878 -1.801782
vn 1.842792 2.903447 -1.5849
vn 1.679483 2.823963 -1.641649
vn 2.00905 2.903452 -1.557908
vn 1.8362 2.823956 -1.56141
vn 1.89349 3.236488 -1.934532
vn 2.010037 2.823963 -1.53353
vn 1.94922 3.23649 -1.906098
vn 2.011027 3.236481 -1.896249
vn 2.258719 3.182879 -1.912146
vn 2.366046 3.067368 -1.834289
vn 2.267722 3.067368 -1.73744
vn 2.189704 3.182878 -1.844648
vn 2.141006 3.248881 -1.998509
vn 2.164858 3.248881 -2.043422
vn 2.104438 3.248882 -1.963164
vn 2.103206 3.182878 -1.801782
vn 2.058745 3.248882 -1.940848
vn 2.303498 3.182878 -1.997658
vn 2.17366 3.248882 -2.093511
vn 2.319658 3.182879 -2.092829
vn 2.303498 3.182878 -1.997658
vn 2.366046 3.067368 -1.834289
vn 2.258719 3.182879 -1.912146
vn 2.429631 3.067368 -1.956784
vn 2.319658 3.182879 -2.092829
vn 2.452252 3.067366 -2.092929
vn 2.522504 2.903447 -1.927914
vn 2.5495 2.903447 -2.094175
vn 2.445454 2.903447 -1.778135
vn 2.325891 2.90345 -1.659497
vn 2.267722 3.067368 -1.73744
vn 2.341014 2.823962 -1.640353
vn 2.465755 2.823962 -1.764606
vn 2.128615 3.236483 -1.934386
vn 2.17292 3.236474 -1.978613
vn 2.545992 2.823962 -1.92132
vn 2.201256 3.236508 -2.034352
vn 2.573876 2.823962 -2.095166
vn 2.211195 3.236467 -2.096148
vn 2.523796 2.903448 -2.260638
vn 2.431692 3.067367 -2.229406
vn 2.546675 2.823958 -2.269111
vn 2.201423 3.236475 -2.157959
vn 2.46705 2.823961 -2.426143
vn 2.172994 3.236491 -2.213738
vn 2.447913 2.903448 -2.411011
vn 2.369969 3.067369 -2.352842
vn 2.262759 3.182878 -2.274827
vn 2.305621 3.182878 -2.188338
vn 2.166558 3.248882 -2.143869
vn 2.319658 3.182879 -2.092829
vn 2.17366 3.248882 -2.093511
vn 2.01114 3.272235 -2.096265
vn 2.164858 3.248881 -2.043422
vn 2.141006 3.248881 -1.998509
vn 2.104438 3.248882 -1.963164
vn 2.058745 3.248882 -1.940848
vn 2.008384 3.248882 -1.933746
vn 1.9583 3.248882 -1.942551
vn 1.913397 3.248885 -1.966406
vn 2.007708 3.182878 -1.787746
vn 2.103206 3.182878 -1.801782
vn 1.912534 3.182878 -1.803909
vn 1.827014 3.182877 -1.848687
vn 1.759522 3.182877 -1.917702
vn 1.878044 3.248883 -2.002966
vn 1.716658 3.182878 -2.004198
vn 1.855726 3.248882 -2.048658
vn 1.702621 3.182878 -2.099701
vn 1.848619 3.248882 -2.099017
vn 1.718786 3.182879 -2.194874
vn 1.857421 3.248881 -2.149107
vn 1.763564 3.182879 -2.280386
vn 1.881273 3.24888 -2.194023
vn 1.917841 3.248881 -2.229367
vn 1.963542 3.248882 -2.251682
vn 1.832578 3.182879 -2.347881
vn 2.166558 3.248882 -2.143869
vn 2.305621 3.182878 -2.188338
vn 2.319658 3.182879 -2.092829
vn 2.144239 3.248882 -2.189566
vn 2.01114 3.272235 -2.096265
vn 2.108895 3.248882 -2.226128
vn 2.262759 3.182878 -2.274827
vn 2.195263 3.182878 -2.343844
vn 2.369969 3.067369 -2.352842
vn 2.273116 3.067369 -2.45117
vn 2.063981 3.248882 -2.249981
vn 2.109746 3.18288 -2.388619
vn 2.013893 3.248882 -2.258785
vn 2.01458 3.182879 -2.404782
vn 1.963542 3.248882 -2.251682
vn 1.919076 3.18288 -2.390745
vn 1.917841 3.248881 -2.229367
vn 1.832578 3.182879 -2.347881
vn 2.341014 2.823962 -1.640353
vn 2.128615 3.236483 -1.934386
vn 2.072816 3.236484 -1.906002
vn 2.183986 2.823957 -1.56073
vn 2.011027 3.236481 -1.896249
vn 2.325891 2.90345 -1.659497
vn 2.010037 2.823963 -1.53353
vn 2.175515 2.90345 -1.583611
vn 2.267722 3.067368 -1.73744
vn 2.00905 2.903452 -1.557908
vn 2.144276 3.067369 -1.675714
vn 2.189704 3.182878 -1.844648
vn 2.007804 3.067369 -1.655156
vn 2.103206 3.182878 -1.801782
vn 1.679483 2.823963 -1.641649
vn 1.89349 3.236488 -1.934532
vn 1.849258 3.236484 -1.978801
vn 1.555234 2.823962 -1.766384
vn 1.69301 2.903449 -1.661953
vn 1.820806 3.236457 -2.034576
vn 1.574369 2.90345 -1.78152
vn 1.749158 3.067366 -1.741362
vn 1.652312 3.067368 -1.839687
vn 1.475607 2.823961 -1.923415
vn 1.81114 3.236487 -2.096376
vn 1.448403 2.823955 -2.097368
vn 1.498485 2.903449 -1.93189
vn 1.590589 3.067369 -1.963126
vn 1.472783 2.903452 -2.098357
vn 1.827014 3.182877 -1.848687
vn 1.749158 3.067366 -1.741362
vn 1.652312 3.067368 -1.839687
vn 1.759522 3.182877 -1.917702
vn 1.759522 3.182877 -1.917702
vn 1.652312 3.067368 -1.839687
vn 1.590589 3.067369 -1.963126
vn 1.716658 3.182878 -2.004198
vn 1.57003 3.067369 -2.099603
vn 1.472783 2.903452 -2.098357
vn 1.498485 2.903449 -1.93189
vn 1.499774 2.903445 -2.264612
vn 1.592652 3.06737 -2.23575
vn 1.476288 2.823963 -2.271209
vn 1.448403 2.823955 -2.097368
vn 1.820967 3.236486 -2.15819
vn 1.81114 3.236487 -2.096376
vn 1.84939 3.236484 -2.213911
vn 1.556523 2.823951 -2.427925
vn 1.893662 3.236486 -2.258129
vn 1.681266 2.823965 -2.552176
vn 1.576829 2.90345 -2.414396
vn 1.696393 2.903449 -2.533036
vn 1.656238 3.06737 -2.358243
vn 1.754559 3.067368 -2.455091
vn 1.718786 3.182879 -2.194874
vn 1.763564 3.182879 -2.280386
vn 1.716658 3.182878 -2.004198
vn 1.57003 3.067369 -2.099603
vn 1.702621 3.182878 -2.099701
vn 1.592652 3.06737 -2.23575
vn 1.718786 3.182879 -2.194874
vn 1.857421 3.248881 -2.149107
vn 1.763564 3.182879 -2.280386
vn 1.881273 3.24888 -2.194023
vn 1.832578 3.182879 -2.347881
vn 1.754559 3.067368 -2.455091
vn 1.656238 3.06737 -2.358243
vn 1.832578 3.182879 -2.347881
vn 1.754559 3.067368 -2.455091
vn 1.878004 3.067368 -2.516818
vn 1.846769 2.903446 -2.608923
vn 1.696393 2.903449 -2.533036
vn 1.838296 2.823962 -2.6318
vn 1.681266 2.823965 -2.552176
vn 2.012239 2.823958 -2.659002
vn 2.013231 2.903447 -2.634625
vn 2.011254 3.23649 -2.296258
vn 1.949466 3.236492 -2.286505
vn 1.893662 3.236486 -2.258129
vn 1.832578 3.182879 -2.347881
vn 1.878004 3.067368 -2.516818
vn 1.919076 3.18288 -2.390745
vn 2.014476 3.067368 -2.537376
vn 2.01458 3.182879 -2.404782
vn 2.013231 2.903447 -2.634625
vn 1.846769 2.903446 -2.608923
vn 2.150623 3.067369 -2.514755
vn 2.109746 3.18288 -2.388619
vn 2.179492 2.903447 -2.607629
vn 2.273116 3.067369 -2.45117
vn 2.195263 3.182878 -2.343844
vn 2.329269 2.903445 -2.530581
vn 2.342797 2.823963 -2.550882
vn 2.186079 2.823967 -2.631118
vn 2.128795 3.236491 -2.257984
vn 2.012239 2.823958 -2.659002
vn 2.073048 3.23649 -2.286434
vn 2.011254 3.23649 -2.296258
vn 2.305621 3.182878 -2.188338
vn 2.452252 3.067366 -2.092929
vn 2.319658 3.182879 -2.092829
vn 2.431692 3.067367 -2.229406
vn 2.5495 2.903447 -2.094175
vn 2.273116 3.067369 -2.45117
vn 2.447913 2.903448 -2.411011
vn 2.369969 3.067369 -2.352842
vn 2.329269 2.903445 -2.530581
vn 2.46705 2.823961 -2.426143
vn 2.342797 2.823963 -2.550882
vn 2.172994 3.236491 -2.213738
vn 2.128795 3.236491 -2.257984
vn 2.10976 2.206918 -2.388662
vn 2.195285 2.206916 -2.343876
vn 2.273093 2.32235 -2.451134
vn 2.150613 2.322351 -2.514714
vn 2.328708 2.483843 -2.529792
vn 2.014578 2.206917 -2.404825
vn 2.179198 2.483843 -2.606708
vn 2.014479 2.322351 -2.537333
vn 1.919062 2.206916 -2.390784
vn 2.013237 2.483841 -2.633657
vn 2.188747 2.614384 -2.639689
vn 1.878019 2.322348 -2.516775
vn 1.832557 2.206917 -2.347918
vn 1.754589 2.322348 -2.455056
vn 1.847068 2.483839 -2.608001
vn 1.696963 2.483843 -2.532255
vn 2.012123 2.614376 -2.667974
vn 2.146271 3.07176 -2.512244
vn 2.011087 3.071728 -2.533669
vn 1.835403 2.614381 -2.640296
vn 1.675894 2.61438 -2.559366
vn 1.875927 3.071751 -2.512225
vn 1.753986 3.071732 -2.450089
vn 2.011143 2.117535 -2.096265
vn 2.153006 2.136904 -2.139456
vn 2.132718 2.136904 -2.181179
vn 2.159404 2.136903 -2.093498
vn 2.319698 2.206916 -2.092829
vn 2.305658 2.206916 -2.188347
vn 2.303531 2.206915 -1.997645
vn 2.151299 2.136905 -2.047817
vn 2.25875 2.206917 -1.912117
vn 2.129463 2.136904 -2.006874
vn 2.189726 2.206915 -1.844618
vn 2.267694 2.322351 -1.737473
vn 2.366009 2.322351 -1.834311
vn 2.096053 2.136905 -1.974685
vn 2.103226 2.206916 -1.801749
vn 2.054338 2.136906 -1.954397
vn 2.007703 2.206916 -1.787707
vn 2.008381 2.136905 -1.947994
vn 1.912519 2.206916 -1.803872
vn 1.962695 2.136904 -1.956108
vn 1.921761 2.136904 -1.977933
vn 1.763535 2.206915 -2.280412
vn 1.754589 2.322348 -2.455056
vn 1.656271 2.32235 -2.358218
vn 1.832557 2.206917 -2.347918
vn 1.892814 2.136905 -2.185654
vn 1.870985 2.136904 -2.144711
vn 2.011143 2.117535 -2.096265
vn 1.718752 2.206913 -2.194884
vn 1.862872 2.136904 -2.099028
vn 1.926223 2.136905 -2.217843
vn 1.919062 2.206916 -2.390784
vn 1.96795 2.136904 -2.238129
vn 2.014578 2.206917 -2.404825
vn 2.013909 2.136904 -2.244534
vn 2.10976 2.206918 -2.388662
vn 2.059581 2.136904 -2.236421
vn 2.195285 2.206916 -2.343876
vn 2.100525 2.136904 -2.214592
vn 2.132718 2.136904 -2.181179
vn 2.262788 2.206914 -2.274848
vn 2.369931 2.322349 -2.352818
vn 2.273093 2.32235 -2.451134
vn 2.305658 2.206916 -2.188347
vn 2.153006 2.136904 -2.139456
vn 1.718752 2.206913 -2.194884
vn 1.656271 2.32235 -2.358218
vn 1.592692 2.32235 -2.235735
vn 1.702585 2.206914 -2.099703
vn 1.570072 2.322351 -2.0996
vn 1.500698 2.483841 -2.264322
vn 1.716623 2.206916 -2.004186
vn 1.473749 2.483841 -2.09836
vn 1.59063 2.322349 -1.963143
vn 1.759493 2.206915 -1.917682
vn 1.652351 2.322349 -1.839711
vn 1.499404 2.48384 -1.932195
vn 1.439431 2.614383 -2.097251
vn 1.575152 2.48384 -1.782088
vn 1.749187 2.322352 -1.741395
vn 1.693573 2.483843 -1.662739
vn 1.467108 2.61438 -1.920536
vn 1.548042 2.614379 -1.761016
vn 1.674302 2.614377 -1.634322
vn 1.57375 3.071745 -2.096211
vn 1.595149 3.071753 -2.231375
vn 1.59517 3.071739 -1.961051
vn 1.657324 3.071754 -1.839133
vn 1.754081 3.071733 -1.742374
vn 1.862872 2.136904 -2.099028
vn 1.718752 2.206913 -2.194884
vn 1.702585 2.206914 -2.099703
vn 1.869273 2.136905 -2.053074
vn 2.011143 2.117535 -2.096265
vn 1.716623 2.206916 -2.004186
vn 1.889563 2.136905 -2.01135
vn 1.921761 2.136904 -1.977933
vn 1.759493 2.206915 -1.917682
vn 1.826995 2.206915 -1.848658
vn 1.962695 2.136904 -1.956108
vn 1.912519 2.206916 -1.803872
vn 1.652351 2.322349 -1.839711
vn 1.749187 2.322352 -1.741395
vn 2.188747 2.614384 -2.639689
vn 2.268194 3.071739 -2.450155
vn 2.146271 3.07176 -2.512244
vn 2.347976 2.61438 -2.558211
vn 2.179198 2.483843 -2.606708
vn 2.328708 2.483843 -2.529792
vn 2.347976 2.61438 -2.558211
vn 2.364965 3.071732 -2.353419
vn 2.268194 3.071739 -2.450155
vn 2.474239 2.614372 -2.431513
vn 2.328708 2.483843 -2.529792
vn 2.427122 3.071727 -2.231478
vn 2.447132 2.483842 -2.410439
vn 2.273093 2.32235 -2.451134
vn 2.369931 2.322349 -2.352818
vn 2.555173 2.614382 -2.271996
vn 2.448503 3.071777 -2.096319
vn 2.58285 2.614383 -2.095287
vn 2.522877 2.483841 -2.260338
vn 2.548532 2.483842 -2.094172
vn 2.431651 2.322351 -2.22939
vn 2.452208 2.322351 -2.092926
vn 2.262788 2.206914 -2.274848
vn 2.305658 2.206916 -2.188347
vn 2.305658 2.206916 -2.188347
vn 2.452208 2.322351 -2.092926
vn 2.431651 2.322351 -2.22939
vn 2.319698 2.206916 -2.092829
vn 2.429586 2.322349 -1.956791
vn 2.303531 2.206915 -1.997645
vn 2.521581 2.483839 -1.928208
vn 2.548532 2.483842 -2.094172
vn 2.366009 2.322351 -1.834311
vn 2.25875 2.206917 -1.912117
vn 2.44467 2.483843 -1.778701
vn 2.554564 2.614378 -1.918663
vn 2.58285 2.614383 -2.095287
vn 2.325316 2.483845 -1.660273
vn 2.267694 2.322351 -1.737473
vn 2.346389 2.614373 -1.633168
vn 2.473086 2.614374 -1.759431
vn 2.268294 3.071714 -1.742422
vn 2.365032 3.071743 -1.839222
vn 2.427154 3.071729 -1.961157
vn 2.448503 3.071777 -2.096319
vn 2.346389 2.614373 -1.633168
vn 2.146353 3.071732 -1.680288
vn 2.268294 3.071714 -1.742422
vn 2.186874 2.614374 -1.552235
vn 2.011196 3.07175 -1.65888
vn 2.325316 2.483845 -1.660273
vn 2.010156 2.614381 -1.524556
vn 2.17521 2.483844 -1.584527
vn 2.267694 2.322351 -1.737473
vn 2.009045 2.483845 -1.558872
vn 2.144266 2.322349 -1.675756
vn 2.189726 2.206915 -1.844618
vn 2.103226 2.206916 -1.801749
vn 2.007803 2.32235 -1.655199
vn 1.843082 2.483842 -1.585824
vn 2.007703 2.206916 -1.787707
vn 1.871667 2.322349 -1.677819
vn 1.693573 2.483843 -1.662739
vn 1.912519 2.206916 -1.803872
vn 1.749187 2.322352 -1.741395
vn 2.010156 2.614381 -1.524556
vn 1.876034 3.071733 -1.680255
vn 2.011196 3.07175 -1.65888
vn 1.833537 2.614376 -1.552842
vn 2.009045 2.483845 -1.558872
vn 1.754081 3.071733 -1.742374
vn 1.843082 2.483842 -1.585824
vn 1.674302 2.614377 -1.634322
vn 1.693573 2.483843 -1.662739
vn 1.912533 3.182878 -1.803909
vn 1.749156 3.067365 -1.741363
vn 1.827016 3.182877 -1.848687
vn 1.871654 3.067366 -1.677774
vn 2.007701 3.182878 -1.787746
vn 2.007804 3.067369 -1.655156
vn 2.103209 3.182877 -1.801782
vn 1.842795 2.903446 -1.584899
vn 2.144283 3.067368 -1.675714
vn 2.1897 3.182879 -1.844648
vn 2.267722 3.067368 -1.73744
vn 2.009049 2.903451 -1.557908
vn 1.836198 2.823955 -1.561411
vn 2.175516 2.903449 -1.583611
vn 2.325888 2.90345 -1.659495
vn 2.010036 2.823963 -1.53353
vn 1.949235 3.236489 -1.906093
vn 2.011027 3.23648 -1.896245
vn 2.183989 2.823957 -1.560731
vn 2.341016 2.823962 -1.640354
vn 2.072861 3.236479 -1.906002
vn 2.128594 3.236488 -1.934388
vn 2.01114 3.272235 -2.096266
vn 1.855725 3.248882 -2.048659
vn 1.848622 3.248883 -2.099017
vn 1.87804 3.248882 -2.002966
vn 1.716658 3.182877 -2.004198
vn 1.759522 3.182877 -1.917702
vn 1.913386 3.248883 -1.966407
vn 1.827016 3.182877 -1.848687
vn 1.958307 3.248883 -1.94255
vn 1.912533 3.182878 -1.803909
vn 2.008391 3.248882 -1.933746
vn 2.058744 3.248882 -1.940848
vn 2.007701 3.182878 -1.787746
vn 2.103209 3.182877 -1.801782
vn 2.104442 3.248881 -1.963164
vn 2.1897 3.182879 -1.844648
vn 2.141006 3.248881 -1.998509
vn 2.258715 3.18288 -1.912145
vn 2.267722 3.067368 -1.73744
vn 2.366043 3.06737 -1.834288
vn 2.164856 3.248881 -2.043422
vn 2.303496 3.182878 -1.997658
vn 2.173658 3.248883 -2.093511
vn 2.31966 3.182878 -2.092829
vn 2.166555 3.248883 -2.143869
vn 2.30562 3.182878 -2.188338
vn 2.144241 3.248882 -2.189565
vn 2.108895 3.248882 -2.226128
vn 2.303496 3.182878 -1.997658
vn 2.366043 3.06737 -1.834288
vn 2.258715 3.18288 -1.912145
vn 2.31966 3.182878 -2.092829
vn 2.42963 3.067369 -1.956783
vn 2.452251 3.067368 -2.092929
vn 2.325888 2.90345 -1.659495
vn 2.267722 3.067368 -1.73744
vn 2.445452 2.903447 -1.778132
vn 2.341016 2.823962 -1.640354
vn 2.465757 2.823961 -1.764609
vn 2.128594 3.236488 -1.934388
vn 2.172868 3.236489 -1.978612
vn 2.545995 2.823959 -1.921326
vn 2.522505 2.903447 -1.927916
vn 2.303496 3.182878 -1.997658
vn 2.42963 3.067369 -1.956783
vn 2.366043 3.06737 -1.834288
vn 2.445452 2.903447 -1.778132
vn 2.522505 2.903447 -1.927916
vn 2.465757 2.823961 -1.764609
vn 2.452251 3.067368 -2.092929
vn 2.5495 2.903447 -2.094174
vn 2.545995 2.823959 -1.921326
vn 2.431693 3.067366 -2.229406
vn 2.30562 3.182878 -2.188338
vn 2.31966 3.182878 -2.092829
vn 2.262757 3.182879 -2.274827
vn 2.369967 3.06737 -2.352842
vn 2.523797 2.903448 -2.260638
vn 2.573875 2.823965 -2.095164
vn 2.44791 2.903449 -2.411014
vn 2.273118 3.067369 -2.451169
vn 2.329268 2.903445 -2.530582
vn 2.201339 3.236479 -2.034352
vn 2.172868 3.236489 -1.978612
vn 2.211086 3.236507 -2.096148
vn 2.546675 2.823958 -2.269111
vn 2.201401 3.236482 -2.157967
vn 2.467049 2.823959 -2.426144
vn 2.342794 2.823963 -2.550884
vn 2.172983 3.236496 -2.213728
vn 2.128771 3.236495 -2.257988
vn 2.01114 3.272235 -2.096266
vn 1.917839 3.248881 -2.229367
vn 1.963539 3.248882 -2.251682
vn 1.881273 3.24888 -2.194023
vn 1.832584 3.182881 -2.347882
vn 1.85742 3.24888 -2.149107
vn 1.848622 3.248883 -2.099017
vn 1.763567 3.182881 -2.280387
vn 1.75456 3.067368 -2.455091
vn 1.656237 3.067369 -2.358242
vn 1.718788 3.18288 -2.194874
vn 1.702623 3.182879 -2.099701
vn 1.855725 3.248882 -2.048659
vn 1.716658 3.182877 -2.004198
vn 1.871654 3.067366 -1.677774
vn 1.693011 2.903449 -1.661952
vn 1.749156 3.067365 -1.741363
vn 1.842795 2.903446 -1.584899
vn 1.679484 2.823963 -1.641649
vn 1.836198 2.823955 -1.561411
vn 1.893503 3.23649 -1.93453
vn 1.949235 3.236489 -1.906093
vn 1.679484 2.823963 -1.641649
vn 1.893503 3.23649 -1.93453
vn 1.849244 3.236479 -1.978799
vn 1.555233 2.823963 -1.766386
vn 1.693011 2.903449 -1.661952
vn 1.82086 3.236476 -2.034572
vn 1.57437 2.90345 -1.781518
vn 1.749156 3.067365 -1.741363
vn 1.652314 3.067369 -1.839687
vn 1.475607 2.823961 -1.923416
vn 1.498485 2.903448 -1.931889
vn 1.811171 3.236499 -2.096376
vn 1.448403 2.823956 -2.097368
vn 1.827016 3.182877 -1.848687
vn 1.749156 3.067365 -1.741363
vn 1.652314 3.067369 -1.839687
vn 1.759522 3.182877 -1.917702
vn 1.448403 2.823956 -2.097368
vn 1.811171 3.236499 -2.096376
vn 1.820977 3.236491 -2.158187
vn 1.476288 2.823962 -2.27121
vn 1.472783 2.903451 -2.098357
vn 1.849421 3.236491 -2.21392
vn 1.499775 2.903446 -2.264614
vn 1.556524 2.823953 -2.427926
vn 1.893697 3.236493 -2.258132
vn 1.576828 2.90345 -2.414396
vn 1.68127 2.823966 -2.552178
vn 1.696395 2.903449 -2.533037
vn 1.498485 2.903448 -1.931889
vn 1.475607 2.823961 -1.923416
vn 1.448403 2.823956 -2.097368
vn 1.472783 2.903451 -2.098357
vn 1.590589 3.067368 -1.963126
vn 1.652314 3.067369 -1.839687
vn 1.57437 2.90345 -1.781518
vn 1.759522 3.182877 -1.917702
vn 1.716658 3.182877 -2.004198
vn 1.570031 3.067369 -2.099603
vn 1.499775 2.903446 -2.264614
vn 1.702623 3.182879 -2.099701
vn 1.592652 3.067369 -2.23575
vn 1.576828 2.90345 -2.414396
vn 1.718788 3.18288 -2.194874
vn 1.656237 3.067369 -2.358242
vn 1.763567 3.182881 -2.280387
vn 1.696395 2.903449 -2.533037
vn 1.75456 3.067368 -2.455091
vn 1.832584 3.182881 -2.347882
vn 1.75456 3.067368 -2.455091
vn 1.878004 3.067368 -2.516818
vn 1.846766 2.903445 -2.608922
vn 1.696395 2.903449 -2.533037
vn 1.832584 3.182881 -2.347882
vn 1.878004 3.067368 -2.516818
vn 1.919077 3.18288 -2.390745
vn 2.014479 3.067368 -2.537376
vn 2.01458 3.18288 -2.404782
vn 2.013231 2.903446 -2.634625
vn 1.846766 2.903445 -2.608922
vn 2.150627 3.067368 -2.514755
vn 2.109748 3.18288 -2.388619
vn 2.273118 3.067369 -2.451169
vn 2.195262 3.182878 -2.343844
vn 2.329268 2.903445 -2.530582
vn 2.179491 2.903446 -2.60763
vn 2.342794 2.823963 -2.550884
vn 2.186081 2.823967 -2.631117
vn 2.128771 3.236495 -2.257988
vn 2.073051 3.23649 -2.286434
vn 2.012242 2.823958 -2.659002
vn 1.838292 2.823961 -2.631799
vn 2.011259 3.236488 -2.296263
vn 1.917839 3.248881 -2.229367
vn 1.832584 3.182881 -2.347882
vn 1.919077 3.18288 -2.390745
vn 1.963539 3.248882 -2.251682
vn 2.01458 3.18288 -2.404782
vn 2.013887 3.248882 -2.258784
vn 2.01114 3.272235 -2.096266
vn 2.109748 3.18288 -2.388619
vn 2.063974 3.248883 -2.249981
vn 2.108895 3.248882 -2.226128
vn 2.195262 3.182878 -2.343844
vn 2.262757 3.182879 -2.274827
vn 2.144241 3.248882 -2.189565
vn 2.369967 3.06737 -2.352842
vn 2.273118 3.067369 -2.451169
vn 2.30562 3.182878 -2.188338
vn 2.166555 3.248883 -2.143869
vn 1.68127 2.823966 -2.552178
vn 1.893697 3.236493 -2.258132
vn 1.949439 3.236488 -2.286507
vn 1.838292 2.823961 -2.631799
vn 1.696395 2.903449 -2.533037
vn 1.846766 2.903445 -2.608922
vn 2.011259 3.236488 -2.296263
vn 2.012242 2.823958 -2.659002
vn 1.753998 3.071723 -2.450106
vn 2.128645 3.236464 -1.934347
vn 2.172943 3.236461 -1.978586
vn 1.657255 3.071743 -2.353319
vn 1.875923 3.071736 -2.512237
vn 2.20134 3.236477 -2.034338
vn 2.072848 3.236463 -1.905954
vn 1.595121 3.071723 -2.231373
vn 2.011096 3.071714 -2.533681
vn 2.211211 3.236461 -2.096148
vn 2.011036 3.236463 -1.896199
vn 1.573749 3.071743 -2.096211
vn 2.146258 3.071747 -2.51226
vn 2.201482 3.236452 -2.157978
vn 1.949238 3.236474 -1.906049
vn 1.595176 3.071741 -1.961039
vn 2.268187 3.071725 -2.450175
vn 2.173031 3.236475 -2.213757
vn 1.893464 3.23647 -1.93449
vn 1.657301 3.071731 -1.83913
vn 2.36501 3.071692 -2.353414
vn 2.128832 3.236471 -2.258024
vn 1.849255 3.236475 -1.978766
vn 1.75409 3.071725 -1.742359
vn 2.427138 3.071708 -2.231483
vn 2.07305 3.236473 -2.286483
vn 1.820838 3.236466 -2.034559
vn 1.876017 3.071718 -1.680246
vn 2.448544 3.071729 -2.096319
vn 2.011254 3.236472 -2.296308
vn 1.811046 3.236452 -2.096376
vn 2.011199 3.071736 -1.658868
vn 2.427138 3.071743 -1.961144
vn 1.94944 3.236472 -2.286552
vn 1.820931 3.236473 -2.158201
vn 2.146356 3.071717 -1.680276
vn 2.36502 3.071745 -1.839207
vn 1.893631 3.236468 -2.258169
vn 1.849321 3.236456 -2.213942
vn 2.268298 3.071701 -1.742411
vn 1.754002 3.071738 -2.450094
vn 2.128615 3.236483 -1.934386
vn 2.17292 3.236474 -1.978613
vn 1.657278 3.071765 -2.353318
vn 1.875914 3.07175 -2.512222
vn 2.201256 3.236508 -2.034352
vn 2.072816 3.236484 -1.906002
vn 1.595115 3.071719 -2.231364
vn 2.011089 3.07173 -2.533668
vn 2.211195 3.236467 -2.096148
vn 2.011027 3.236481 -1.896249
vn 1.573753 3.071748 -2.096211
vn 2.146251 3.071764 -2.512247
vn 2.201423 3.236475 -2.157959
vn 1.94922 3.23649 -1.906098
vn 1.595184 3.071754 -1.961048
vn 2.268176 3.071746 -2.45016
vn 2.172994 3.236491 -2.213738
vn 1.89349 3.236488 -1.934532
vn 1.657332 3.071759 -1.839129
vn 2.364974 3.071724 -2.353417
vn 2.128795 3.236491 -2.257984
vn 1.849258 3.236484 -1.978801
vn 1.754092 3.071738 -1.742371
vn 2.427107 3.071744 -2.231478
vn 2.073048 3.23649 -2.286434
vn 1.820806 3.236457 -2.034576
vn 1.87604 3.071735 -1.680254
vn 2.448537 3.071737 -2.096319
vn 2.011254 3.23649 -2.296258
vn 1.81114 3.236487 -2.096376
vn 2.01119 3.071752 -1.658882
vn 2.427141 3.071742 -1.961154
vn 1.949466 3.236492 -2.286505
vn 1.820967 3.236486 -2.15819
vn 2.146358 3.071732 -1.68029
vn 2.36502 3.071754 -1.839219
vn 1.893662 3.236486 -2.258129
vn 1.84939 3.236484 -2.213911
vn 2.268278 3.071724 -1.742421
vn 1.753986 3.071732 -2.450089
vn 2.128594 3.236488 -1.934388
vn 2.172868 3.236489 -1.978612
vn 1.657256 3.071748 -2.353312
vn 1.875927 3.071751 -2.512225
vn 2.201339 3.236479 -2.034352
vn 2.072861 3.236479 -1.906002
vn 1.595149 3.071753 -2.231375
vn 2.011087 3.071728 -2.533669
vn 2.211086 3.236507 -2.096148
vn 2.011027 3.23648 -1.896245
vn 1.57375 3.071745 -2.096211
vn 2.146271 3.07176 -2.512244
vn 2.201401 3.236482 -2.157967
vn 1.949235 3.236489 -1.906093
vn 1.59517 3.071739 -1.961051
vn 2.268194 3.071739 -2.450155
vn 2.172983 3.236496 -2.213728
vn 1.893503 3.23649 -1.93453
vn 1.657324 3.071754 -1.839133
vn 2.364965 3.071732 -2.353419
vn 2.128771 3.236495 -2.257988
vn 1.849244 3.236479 -1.978799
vn 1.754081 3.071733 -1.742374
vn 2.427122 3.071727 -2.231478
vn 2.073051 3.23649 -2.286434
vn 1.82086 3.236476 -2.034572
vn 1.876034 3.071733 -1.680255
vn 2.448503 3.071777 -2.096319
vn 2.011259 3.236488 -2.296263
vn 1.811171 3.236499 -2.096376
vn 2.011196 3.07175 -1.65888
vn 2.427154 3.071729 -1.961157
vn 1.949439 3.236488 -2.286507
vn 1.820977 3.236491 -2.158187
vn 2.146353 3.071732 -1.680288
vn 2.365032 3.071743 -1.839222
vn 1.893697 3.236493 -2.258132
vn 1.849421 3.236491 -2.21392
vn 2.268294 3.071714 -1.742422
vt 0.5768599 0.726337
vt 0.5768599 0.7127004
vt 0.5616131 0.7018778
vt 0.5768599 0.7414538
vt 0.5616131 0.7206473
vt 0.5616131 0.7414538
vt 0.5768599 0.7565702
vt 0.5616131 0.7622598
vt 0.542401 0.7414538
vt 0.542401 0.7659128
vt 0.1536475 0.6024505
vt 0.1435616 0.5923646
vt 0.1296798 0.6024505
vt 0.1536475 0.6024505
vt 0.1296798 0.6024505
vt 0.1435616 0.6163324
vt 0.1730376 0.5883627
vt 0.1663562 0.6089259
vt 0.1804439 0.5895358
vt 0.1804439 0.6111572
vt 0.1804439 0.5655683
vt 0.1878503 0.5883627
vt 0.1945317 0.6089259
vt 0.1663562 0.5849583
vt 0.1435616 0.5923646
vt 0.1945317 0.5849583
vt 0.2072406 0.6024505
vt 0.1610538 0.5796559
vt 0.1370863 0.5796559
vt 0.1998343 0.5796559
vt 0.2173264 0.5923646
vt 0.1576493 0.5729743
vt 0.1348549 0.5655683
vt 0.2032384 0.5729743
vt 0.1564763 0.5655683
vt 0.2044114 0.5655683
vt 0.2238016 0.5796559
vt 0.1370863 0.5514803
vt 0.1576495 0.5581617
vt 0.1435616 0.5387718
vt 0.226033 0.5655683
vt 0.2032384 0.5581617
vt 0.2238016 0.5514803
vt 0.1998341 0.5514803
vt 0.2173264 0.5387718
vt 0.1945317 0.5461779
vt 0.2072406 0.5286857
vt 0.2312081 0.5286857
vt 0.1878503 0.5427735
vt 0.1945317 0.5222105
vt 0.1804439 0.5416005
vt 0.1804439 0.5199786
vt 0.1730376 0.5427735
vt 0.1663562 0.5461779
vt 0.9040439 0.382385
vt 0.8843732 0.374248
vt 0.8843732 0.3921767
vt 0.8651378 0.3764105
vt 0.8651378 0.3951532
vt 0.862568 0.3760558
vt 0.862568 0.3946648
vt 0.862568 0.3526069
vt 0.8651378 0.3527933
vt 0.862568 0.3266138
vt 0.8651378 0.3266138
vt 0.1435616 0.5148038
vt 0.1296798 0.5286857
vt 0.2072406 0.5286857
vt 0.2312081 0.5286857
vt 0.2173264 0.5148038
vt 0.6960125 0.5685884
vt 0.6754314 0.5685884
vt 0.6775511 0.5819716
vt 0.7414685 0.5685884
vt 0.7620496 0.5685884
vt 0.75993 0.5552051
vt 0.7143672 0.4310011
vt 0.6946967 0.4228641
vt 0.6946967 0.4407929
vt 0.7299778 0.3907071
vt 0.7299778 0.3752298
vt 0.7143672 0.3752298
vt 0.8346111 0.7242844
vt 0.8179607 0.7121872
vt 0.8118089 0.7242603
vt 0.5780538 0.3907071
vt 0.5780538 0.4046694
vt 0.5936639 0.4157501
vt 0.5936639 0.4310011
vt 0.6133349 0.4407929
vt 0.6133349 0.4228641
vt 0.5936639 0.3965326
vt 0.6325706 0.4437693
vt 0.6133349 0.4002726
vt 0.6325706 0.4250267
vt 0.6351399 0.4432809
vt 0.6351399 0.4246719
vt 0.6325706 0.4014096
vt 0.6133349 0.3752298
vt 0.6351399 0.401223
vt 0.6325706 0.3752298
vt 0.04691243 0.7816243
vt 0.04691243 0.7952611
vt 0.06215884 0.8060836
vt 0.1804439 0.5655683
vt 0.1576495 0.5581617
vt 0.1564763 0.5655683
vt 0.1610538 0.5514803
vt 0.1435616 0.5387718
vt 0.1663562 0.5461779
vt 0.1536475 0.5286857
vt 0.1435616 0.5148038
vt 0.1663562 0.5222105
vt 0.1730376 0.5427735
vt 0.1804439 0.5199786
vt 0.5768599 0.726337
vt 0.5616131 0.7018778
vt 0.5616131 0.7206473
vt 0.542401 0.6949297
vt 0.542401 0.7169944
vt 0.5616131 0.7414538
vt 0.5236138 0.6928176
vt 0.542401 0.7414538
vt 0.5236138 0.7158843
vt 0.5211039 0.6931641
vt 0.5236138 0.7414538
vt 0.5211039 0.7160663
vt 0.5211039 0.7414538
vt 0.5768599 0.770207
vt 0.5768599 0.7565702
vt 0.5616131 0.7622598
vt 0.5616131 0.7810295
vt 0.542401 0.7659128
vt 0.542401 0.7879777
vt 0.5236138 0.7670231
vt 0.5236138 0.7900898
vt 0.5236138 0.7414538
vt 0.542401 0.7414538
vt 0.5211039 0.7414538
vt 0.5211039 0.7668409
vt 0.5211039 0.7897433
vt 0.8238395 0.1244292
vt 0.8238395 0.1383915
vt 0.8394501 0.1494722
vt 0.8394501 0.1302547
vt 0.8238395 0.1089519
vt 0.8394501 0.1089519
vt 0.8238395 0.09347465
vt 0.8394501 0.08764925
vt 0.8238395 0.07951227
vt 0.8394501 0.06843166
vt 0.9040439 0.382385
vt 0.9040439 0.367134
vt 0.8843732 0.374248
vt 0.8843732 0.3516565
vt 0.8843732 0.3921767
vt 0.8843732 0.374248
vt 0.8651378 0.3764105
vt 0.8651378 0.3527933
vt 0.8843732 0.3516565
vt 0.8651378 0.3266138
vt 0.8843732 0.3266138
vt 0.9040439 0.3479165
vt 0.9040439 0.367134
vt 0.9196545 0.3560533
vt 0.9196545 0.342091
vt 0.9040439 0.3266138
vt 0.9196545 0.3266138
vt 0.9040439 0.305311
vt 0.9196545 0.3111365
vt 0.8843732 0.301571
vt 0.8651378 0.300434
vt 0.9040439 0.2860935
vt 0.9196545 0.2971741
vt 0.862568 0.3006204
vt 0.862568 0.3266138
vt 0.862568 0.2771716
vt 0.8651378 0.2768169
vt 0.862568 0.2585624
vt 0.8651378 0.2580745
vt 0.8843732 0.2789795
vt 0.8843732 0.2610508
vt 0.9040439 0.2708426
vt 0.4262652 0.7127005
vt 0.4415119 0.7206474
vt 0.4415119 0.7018779
vt 0.4262652 0.726337
vt 0.4415119 0.7414538
vt 0.4262652 0.7414538
vt 0.4415119 0.7018779
vt 0.4415119 0.7206474
vt 0.4607241 0.7169945
vt 0.4607241 0.6949298
vt 0.4795112 0.7158843
vt 0.4795112 0.6928177
vt 0.482021 0.7160664
vt 0.482021 0.6931642
vt 0.482021 0.7414538
vt 0.4262652 0.7565702
vt 0.4262652 0.7702069
vt 0.4415119 0.7810293
vt 0.4415119 0.7622598
vt 0.4262652 0.7414538
vt 0.4607241 0.7879776
vt 0.4415119 0.7414538
vt 0.4607241 0.7659128
vt 0.4795112 0.7900897
vt 0.4607241 0.7414538
vt 0.4415119 0.7206474
vt 0.4607241 0.7169945
vt 0.4795112 0.7670231
vt 0.482021 0.7897429
vt 0.482021 0.7668409
vt 0.4795112 0.7414538
vt 0.4795112 0.7158843
vt 0.482021 0.7414538
vt 0.2173264 0.5923646
vt 0.2173264 0.6163324
vt 0.2312081 0.6024505
vt 0.2072406 0.6024505
vt 0.8783563 0.04041258
vt 0.880926 0.05950978
vt 0.880926 0.04090055
vt 0.8783563 0.05915503
vt 0.8591208 0.04338889
vt 0.880926 0.08295855
vt 0.8591208 0.06131768
vt 0.8394501 0.0531807
vt 0.8394501 0.06843166
vt 0.8783563 0.08277217
vt 0.880926 0.1089519
vt 0.8591208 0.08390914
vt 0.8394501 0.08764925
vt 0.8783563 0.1089519
vt 0.880926 0.1349451
vt 0.8783563 0.1351317
vt 0.8591208 0.1089519
vt 0.8394501 0.1089519
vt 0.8591208 0.1339947
vt 0.8394501 0.1302547
vt 0.8783563 0.1351317
vt 0.880926 0.1583939
vt 0.880926 0.1349451
vt 0.8783563 0.1587487
vt 0.880926 0.177003
vt 0.8783563 0.1774913
vt 0.8591208 0.1339947
vt 0.8591208 0.1089519
vt 0.8591208 0.1565861
vt 0.8394501 0.1302547
vt 0.8591208 0.1745149
vt 0.8394501 0.1494722
vt 0.8394501 0.1647231
vt 0.2920999 0.8761644
vt 0.306614 0.8529028
vt 0.2920999 0.8632036
vt 0.306614 0.8707487
vt 0.3248988 0.846293
vt 0.2920999 0.8905315
vt 0.306614 0.8905315
vt 0.3248988 0.867274
vt 0.3248988 0.8905315
vt 0.2920999 0.9048983
vt 0.306614 0.9103137
vt 0.2920999 0.917859
vt 0.306614 0.9281597
vt 0.6837028 0.5940449
vt 0.6704959 0.6036403
vt 0.6836887 0.616833
vt 0.693284 0.6036263
vt 0.7003532 0.5819477
vt 0.6971247 0.5756117
vt 0.6775511 0.5819716
vt 0.6960125 0.5685884
vt 0.7053814 0.5869758
vt 0.7053573 0.6097779
vt 0.7187403 0.5685884
vt 0.6971247 0.561565
vt 0.711717 0.5902042
vt 0.6754314 0.5685884
vt 0.6775511 0.5552051
vt 0.7003532 0.5552291
vt 0.7053814 0.550201
vt 0.711717 0.5469727
vt 0.7187403 0.5458603
vt 0.7257641 0.5469727
vt 0.7320997 0.550201
vt 0.7371277 0.5552291
vt 0.7403561 0.561565
vt 0.744197 0.5335506
vt 0.7187403 0.6118975
vt 0.7187403 0.5913165
vt 0.7321238 0.6097779
vt 0.7257641 0.5902042
vt 0.744197 0.6036263
vt 0.7320997 0.5869758
vt 0.7537782 0.5940449
vt 0.7669848 0.6036403
vt 0.7537926 0.616833
vt 0.7371277 0.5819477
vt 0.75993 0.5819716
vt 0.7403561 0.5756117
vt 0.7620496 0.5685884
vt 0.7414685 0.5685884
vt 0.75993 0.5552051
vt 0.7537782 0.5431319
vt 0.4461418 0.3862461
vt 0.4312757 0.4100717
vt 0.4461418 0.3995212
vt 0.4312757 0.391793
vt 0.4461418 0.3715307
vt 0.4312757 0.3715307
vt 0.4461418 0.3568152
vt 0.4125474 0.3953523
vt 0.4312757 0.3512687
vt 0.4461418 0.3435403
vt 0.4312757 0.3329898
vt 0.4125474 0.3715307
vt 0.3933258 0.3964878
vt 0.3933258 0.3715307
vt 0.4125474 0.347709
vt 0.4125474 0.3262194
vt 0.4312757 0.3184838
vt 0.4125474 0.3091652
vt 0.3933258 0.3465736
vt 0.3912432 0.3715307
vt 0.3912432 0.3462177
vt 0.3933258 0.3240595
vt 0.3933258 0.3061925
vt 0.3912432 0.3233827
vt 0.3912432 0.3052605
vt 0.306614 0.8707487
vt 0.3248988 0.867274
vt 0.3248988 0.846293
vt 0.3436653 0.8441844
vt 0.3436653 0.8661652
vt 0.3456986 0.8435234
vt 0.3456986 0.8658177
vt 0.306614 0.9281597
vt 0.3248988 0.9347696
vt 0.3248988 0.9137889
vt 0.306614 0.9103137
vt 0.3248988 0.8905315
vt 0.3436653 0.8905315
vt 0.3436653 0.8661652
vt 0.3248988 0.867274
vt 0.3456986 0.8658177
vt 0.3456986 0.8905315
vt 0.3436653 0.9368783
vt 0.3456986 0.9375393
vt 0.3456986 0.9152449
vt 0.3436653 0.9148974
vt 0.3248988 0.9347696
vt 0.3456986 0.8905315
vt 0.3248988 0.9137889
vt 0.3436653 0.8905315
vt 0.3527654 0.4368691
vt 0.3548481 0.4378009
vt 0.3548481 0.419679
vt 0.3527654 0.4190019
vt 0.3335438 0.4338963
vt 0.3548481 0.3968436
vt 0.3335438 0.4168419
vt 0.3527654 0.3964878
vt 0.3548481 0.3715307
vt 0.3335438 0.3953522
vt 0.3148155 0.4100717
vt 0.3148155 0.3917929
vt 0.3527654 0.3715307
vt 0.3548481 0.3462177
vt 0.3335438 0.3715307
vt 0.3148155 0.3715307
vt 0.3148155 0.4245777
vt 0.3335438 0.4338963
vt 0.3335438 0.4168419
vt 0.3148155 0.4100717
vt 0.2999495 0.3995212
vt 0.3148155 0.3917929
vt 0.2999495 0.3862461
vt 0.2999495 0.3862461
vt 0.3148155 0.3917929
vt 0.3148155 0.3715307
vt 0.2999495 0.3715307
vt 0.3148155 0.3512687
vt 0.2999495 0.3568152
vt 0.3335438 0.347709
vt 0.3335438 0.3715307
vt 0.3148155 0.3329897
vt 0.2999495 0.3435403
vt 0.3335438 0.3262194
vt 0.3527654 0.3465737
vt 0.3527654 0.3715307
vt 0.3548481 0.3462177
vt 0.3548481 0.3233826
vt 0.3527654 0.3240595
vt 0.3548481 0.3052605
vt 0.3527654 0.3061925
vt 0.3335438 0.3091652
vt 0.3148155 0.3184837
vt 0.7403561 0.561565
vt 0.7537782 0.5431319
vt 0.7371277 0.5552291
vt 0.744197 0.5335506
vt 0.7537926 0.5203438
vt 0.7669848 0.5335366
vt 0.7320997 0.550201
vt 0.7321238 0.5273991
vt 0.7257641 0.5469727
vt 0.7187403 0.5252793
vt 0.7187403 0.5458603
vt 0.7053573 0.5273991
vt 0.711717 0.5469727
vt 0.693284 0.5335506
vt 0.7053814 0.550201
vt 0.6837028 0.5431319
vt 0.7003532 0.5552291
vt 0.6775511 0.5552051
vt 0.07143804 0.9229848
vt 0.05692391 0.9427671
vt 0.07143804 0.9373517
vt 0.05692391 0.9229848
vt 0.07143804 0.9086175
vt 0.05692391 0.9032019
vt 0.07143804 0.8956568
vt 0.03863895 0.9229848
vt 0.05692391 0.8853558
vt 0.03863895 0.8997272
vt 0.0198724 0.9229848
vt 0.03863895 0.878746
vt 0.0198724 0.8986184
vt 0.01783903 0.9229848
vt 0.0198724 0.8766375
vt 0.01783903 0.8982708
vt 0.01783903 0.875976
vt 0.07143804 0.9373517
vt 0.05692391 0.9606132
vt 0.07143804 0.9503124
vt 0.05692391 0.9427671
vt 0.03863895 0.9672232
vt 0.03863895 0.9462423
vt 0.05692391 0.9229848
vt 0.0198724 0.9693318
vt 0.03863895 0.9229848
vt 0.0198724 0.9473509
vt 0.01783903 0.9699928
vt 0.0198724 0.9229848
vt 0.01783903 0.9476984
vt 0.01783903 0.9229848
vt 0.693284 0.5335506
vt 0.6836887 0.5203438
vt 0.6704959 0.5335366
vt 0.6837028 0.5431319
vt 0.3933258 0.3715307
vt 0.3912432 0.3715307
vt 0.3912432 0.3968436
vt 0.3933258 0.3964878
vt 0.3912432 0.419679
vt 0.3933258 0.4190019
vt 0.3912432 0.4378009
vt 0.4125474 0.3953523
vt 0.3933258 0.4368691
vt 0.4125474 0.4168421
vt 0.4312757 0.391793
vt 0.4125474 0.4338963
vt 0.4312757 0.4100717
vt 0.4312757 0.4245777
vt 0.3373677 0.5655683
vt 0.3385409 0.5581616
vt 0.3179775 0.5514802
vt 0.3157462 0.5655683
vt 0.3385406 0.5729744
vt 0.3179775 0.5796559
vt 0.3419452 0.5796559
vt 0.324453 0.5923646
vt 0.3613352 0.5655683
vt 0.3472476 0.5849584
vt 0.3345389 0.6024505
vt 0.3105711 0.6024505
vt 0.324453 0.6163324
vt 0.353929 0.5883627
vt 0.3472476 0.6089259
vt 0.3613352 0.5895359
vt 0.3613352 0.6111573
vt 0.3687417 0.5883627
vt 0.3754231 0.6089259
vt 0.3754231 0.5849584
vt 0.3881319 0.6024505
vt 0.3871823 0.7189385
vt 0.3871823 0.7053019
vt 0.3719355 0.6944793
vt 0.3719355 0.7132489
vt 0.3527234 0.6875312
vt 0.3871823 0.7340554
vt 0.3527234 0.709596
vt 0.3719355 0.7340554
vt 0.3871823 0.7491719
vt 0.3527234 0.7340554
vt 0.333936 0.7084858
vt 0.3719355 0.7548615
vt 0.3871823 0.7628086
vt 0.3719355 0.7736311
vt 0.3527234 0.7585144
vt 0.3527234 0.7805794
vt 0.333936 0.7340554
vt 0.3314268 0.7086678
vt 0.3314268 0.7340554
vt 0.333936 0.7596248
vt 0.333936 0.7826915
vt 0.3314268 0.7594425
vt 0.3314268 0.782345
vt 0.3385409 0.5581616
vt 0.324453 0.5387717
vt 0.3179775 0.5514802
vt 0.3419452 0.5514802
vt 0.3613352 0.5655683
vt 0.3373677 0.5655683
vt 0.3385406 0.5729744
vt 0.3472476 0.5461779
vt 0.353929 0.5427735
vt 0.3472476 0.5222104
vt 0.3345389 0.5286857
vt 0.324453 0.5148038
vt 0.3105711 0.5286857
vt 0.7677299 0.3907072
vt 0.7677299 0.4046695
vt 0.7833406 0.4157503
vt 0.7833406 0.3965327
vt 0.7677299 0.3752298
vt 0.7833406 0.3752298
vt 0.8030112 0.4228643
vt 0.8030112 0.4002727
vt 0.8030112 0.4407932
vt 0.7833406 0.4310013
vt 0.822247 0.4437696
vt 0.822247 0.4250269
vt 0.8248161 0.4432812
vt 0.8248161 0.4246721
vt 0.822247 0.4014097
vt 0.8030112 0.3752298
vt 0.8248161 0.4012231
vt 0.3613352 0.5655683
vt 0.3613352 0.5895359
vt 0.3687417 0.5883627
vt 0.3754231 0.5849584
vt 0.3807257 0.5796559
vt 0.3841298 0.5729744
vt 0.3881319 0.6024505
vt 0.3982179 0.5923646
vt 0.3982179 0.6163324
vt 0.4120996 0.6024505
vt 0.4046931 0.5796559
vt 0.3853028 0.5655683
vt 0.4069244 0.5655683
vt 0.3841298 0.5581616
vt 0.4046931 0.5514802
vt 0.3807255 0.5514802
vt 0.3982179 0.5387717
vt 0.3754231 0.5461779
vt 0.3687417 0.5427735
vt 0.3613352 0.5416005
vt 0.353929 0.5427735
vt 0.3613352 0.5199785
vt 0.3472476 0.5222104
vt 0.3881319 0.5286857
vt 0.4120996 0.5286857
vt 0.3982179 0.5148038
vt 0.7143672 0.4310011
vt 0.7143672 0.4157501
vt 0.6946967 0.4228641
vt 0.6946967 0.4002726
vt 0.7143672 0.3965326
vt 0.7299778 0.4046694
vt 0.7299778 0.3907071
vt 0.7143672 0.3752298
vt 0.6946967 0.3752298
vt 0.675461 0.3752298
vt 0.675461 0.4014094
vt 0.675461 0.34905
vt 0.6946967 0.350187
vt 0.675461 0.3254328
vt 0.6946967 0.3275955
vt 0.7143672 0.353927
vt 0.7299778 0.3752298
vt 0.7299778 0.3597525
vt 0.7143672 0.3347095
vt 0.7299778 0.3457901
vt 0.6946967 0.3096667
vt 0.7143672 0.3194585
vt 0.3527234 0.709596
vt 0.3527234 0.6875312
vt 0.333936 0.6854191
vt 0.333936 0.7084858
vt 0.3314268 0.6857656
vt 0.3314268 0.7086678
vt 0.675461 0.4437693
vt 0.6728919 0.4246719
vt 0.6728919 0.4432809
vt 0.675461 0.4250267
vt 0.6946967 0.4407929
vt 0.6728919 0.401223
vt 0.6946967 0.4228641
vt 0.675461 0.4014094
vt 0.6946967 0.4002726
vt 0.6728919 0.3752298
vt 0.675461 0.3752298
vt 0.3613352 0.5416005
vt 0.3754231 0.5222104
vt 0.3613352 0.5199785
vt 0.3687417 0.5427735
vt 0.3881319 0.5286857
vt 0.3754231 0.5461779
vt 0.3982179 0.5387717
vt 0.675461 0.3752298
vt 0.6728919 0.3492364
vt 0.6728919 0.3752298
vt 0.675461 0.34905
vt 0.6728919 0.3257876
vt 0.675461 0.3254328
vt 0.6728919 0.3071783
vt 0.675461 0.3066904
vt 0.6946967 0.3275955
vt 0.6946967 0.3096667
vt 0.236589 0.7053019
vt 0.2518358 0.7132488
vt 0.2518358 0.6944792
vt 0.236589 0.7189385
vt 0.2518358 0.7340554
vt 0.236589 0.7340554
vt 0.2518358 0.7548615
vt 0.236589 0.7491719
vt 0.2518358 0.7736312
vt 0.236589 0.7628087
vt 0.2710479 0.7805795
vt 0.2710479 0.7585145
vt 0.2710479 0.7340554
vt 0.2898353 0.7826915
vt 0.2898353 0.7596249
vt 0.2923445 0.7823448
vt 0.2923445 0.7594426
vt 0.2898353 0.7340554
vt 0.2518358 0.6944792
vt 0.2710479 0.7095959
vt 0.2710479 0.6875311
vt 0.2518358 0.7132488
vt 0.2518358 0.7132488
vt 0.2518358 0.7340554
vt 0.2710479 0.7340554
vt 0.2710479 0.7095959
vt 0.2898353 0.7340554
vt 0.2898353 0.7596249
vt 0.2710479 0.7585145
vt 0.2898353 0.7084857
vt 0.2710479 0.6875311
vt 0.2898353 0.6854191
vt 0.2923445 0.7340554
vt 0.2923445 0.7594426
vt 0.2923445 0.7086678
vt 0.2923445 0.6857655
vt 0.7677299 0.3597524
vt 0.7677299 0.3752298
vt 0.7833406 0.3752298
vt 0.7833406 0.353927
vt 0.7677299 0.34579
vt 0.7833406 0.3347093
vt 0.8030112 0.3752298
vt 0.8030112 0.4002727
vt 0.7833406 0.3965327
vt 0.8030112 0.3501869
vt 0.8030112 0.3275953
vt 0.7833406 0.3194582
vt 0.8030112 0.3096664
vt 0.822247 0.3752298
vt 0.822247 0.4014097
vt 0.8248161 0.4012231
vt 0.8248161 0.3752298
vt 0.822247 0.3490499
vt 0.8248161 0.3492363
vt 0.822247 0.3254326
vt 0.822247 0.3066901
vt 0.8248161 0.3257874
vt 0.8248161 0.3071781
vt 0.3834591 0.8835627
vt 0.3979734 0.860301
vt 0.3834591 0.870602
vt 0.3979734 0.8781471
vt 0.3834591 0.89793
vt 0.4162579 0.8536912
vt 0.3979734 0.89793
vt 0.3834591 0.9122968
vt 0.4162579 0.8746724
vt 0.4350246 0.8515826
vt 0.4162579 0.89793
vt 0.4350246 0.8735636
vt 0.4370582 0.8509216
vt 0.4350246 0.89793
vt 0.4370582 0.873216
vt 0.4370582 0.89793
vt 0.8179607 0.7631004
vt 0.8047537 0.7726958
vt 0.8179466 0.7858887
vt 0.827542 0.7726819
vt 0.8346111 0.7510032
vt 0.8313826 0.7446671
vt 0.8396394 0.7560312
vt 0.8396152 0.7788334
vt 0.845975 0.7592597
vt 0.8118089 0.751027
vt 0.8302704 0.7376438
vt 0.8096893 0.7376438
vt 0.263554 0.386246
vt 0.2486877 0.4100716
vt 0.263554 0.3995211
vt 0.2486877 0.3917929
vt 0.263554 0.3715307
vt 0.2486877 0.3715307
vt 0.2299599 0.3953522
vt 0.2299599 0.3715307
vt 0.2299599 0.416842
vt 0.2299599 0.4338961
vt 0.2486877 0.4245776
vt 0.2107381 0.436869
vt 0.2107381 0.4190018
vt 0.2086552 0.4378007
vt 0.2086552 0.4196788
vt 0.2107381 0.3964877
vt 0.2086552 0.3968436
vt 0.2107381 0.3715307
vt 0.2086552 0.3715307
vt 0.2299599 0.3477091
vt 0.2486877 0.3512688
vt 0.2107381 0.3465737
vt 0.2086552 0.3462178
vt 0.2107381 0.3240596
vt 0.2086552 0.3233828
vt 0.2299599 0.3262195
vt 0.2486877 0.3329898
vt 0.263554 0.3435403
vt 0.263554 0.3568152
vt 0.8313826 0.7306203
vt 0.8096893 0.7376438
vt 0.8302704 0.7376438
vt 0.8529984 0.7376438
vt 0.8313826 0.7446671
vt 0.8346111 0.7510032
vt 0.8396394 0.7560312
vt 0.845975 0.7592597
vt 0.8529984 0.7603719
vt 0.8600221 0.7592596
vt 0.8663578 0.7560312
vt 0.8529984 0.7809531
vt 0.8396152 0.7788334
vt 0.8663819 0.7788334
vt 0.8784552 0.7726819
vt 0.8880365 0.7631004
vt 0.8713859 0.7510032
vt 0.8941882 0.751027
vt 0.8746143 0.7446671
vt 0.8963079 0.7376438
vt 0.8757267 0.7376438
vt 0.8941882 0.7242603
vt 0.8746143 0.7306203
vt 0.8880365 0.7121872
vt 0.8713859 0.7242844
vt 0.8663578 0.7192562
vt 0.8600221 0.716028
vt 0.8784552 0.7026057
vt 0.8313826 0.7306203
vt 0.8118089 0.7242603
vt 0.8096893 0.7376438
vt 0.8346111 0.7242844
vt 0.8529984 0.7376438
vt 0.8396394 0.7192562
vt 0.8179607 0.7121872
vt 0.827542 0.7026057
vt 0.8047537 0.7025918
vt 0.8179466 0.6893989
vt 0.845975 0.716028
vt 0.8396152 0.6964542
vt 0.8529984 0.7149155
vt 0.8529984 0.6943344
vt 0.8600221 0.716028
vt 0.8663819 0.6964542
vt 0.8663578 0.7192562
vt 0.8784552 0.7026057
vt 0.4350246 0.9442769
vt 0.4370582 0.9449379
vt 0.4370582 0.9226434
vt 0.4350246 0.922296
vt 0.4370582 0.89793
vt 0.4162579 0.9421682
vt 0.4350246 0.89793
vt 0.4162579 0.9211873
vt 0.3979734 0.9355583
vt 0.4162579 0.89793
vt 0.3979734 0.9177123
vt 0.3834591 0.9252575
vt 0.3979734 0.89793
vt 0.3834591 0.9122968
vt 0.1701771 0.4368689
vt 0.17226 0.4378008
vt 0.17226 0.4196789
vt 0.1701771 0.4190018
vt 0.1509553 0.4338962
vt 0.17226 0.3968436
vt 0.1509553 0.4168418
vt 0.1322274 0.4245776
vt 0.1322274 0.4100716
vt 0.1701771 0.3964877
vt 0.17226 0.3715307
vt 0.1701771 0.3715307
vt 0.1509553 0.3953522
vt 0.1322274 0.3917929
vt 0.1509553 0.3715307
vt 0.8784552 0.7726819
vt 0.8880508 0.7858887
vt 0.9012431 0.7726958
vt 0.8880365 0.7631004
vt 0.1173612 0.3995211
vt 0.1322274 0.4100716
vt 0.1322274 0.3917929
vt 0.1173612 0.386246
vt 0.1322274 0.3715307
vt 0.1509553 0.3715307
vt 0.1509553 0.3953522
vt 0.1509553 0.3477091
vt 0.1322274 0.3512688
vt 0.1701771 0.3465737
vt 0.1701771 0.3715307
vt 0.17226 0.3462178
vt 0.17226 0.3715307
vt 0.17226 0.3233827
vt 0.1701771 0.3240596
vt 0.17226 0.3052607
vt 0.1701771 0.3061926
vt 0.1509553 0.3262194
vt 0.1509553 0.3091654
vt 0.1322274 0.3329898
vt 0.1322274 0.3184839
vt 0.1173612 0.3568152
vt 0.1173612 0.3435403
vt 0.1173612 0.386246
vt 0.1322274 0.3715307
vt 0.1173612 0.3715307
vt 0.1322274 0.3512688
vt 0.1173612 0.3568152
vt 0.8746143 0.7306203
vt 0.8880365 0.7121872
vt 0.8713859 0.7242844
vt 0.8784552 0.7026057
vt 0.8880508 0.6893989
vt 0.9012431 0.7025918
vt 0.1629802 0.8956569
vt 0.1484659 0.8853559
vt 0.1484659 0.9032019
vt 0.1301814 0.8997272
vt 0.1301814 0.8787461
vt 0.1114147 0.8986184
vt 0.1114147 0.8766375
vt 0.1114147 0.9229848
vt 0.1301814 0.9229848
vt 0.1093811 0.9229848
vt 0.1093811 0.8982709
vt 0.1093811 0.8759761
vt 0.1629802 0.8956569
vt 0.1484659 0.9032019
vt 0.1629802 0.9086176
vt 0.1484659 0.9229848
vt 0.1629802 0.9229848
vt 0.1301814 0.9229848
vt 0.1301814 0.8997272
vt 0.1484659 0.9427671
vt 0.1629802 0.9373516
vt 0.1301814 0.9462422
vt 0.1484659 0.9606131
vt 0.1629802 0.9503124
vt 0.1301814 0.9672231
vt 0.1114147 0.9693317
vt 0.1114147 0.9473509
vt 0.1093811 0.9699928
vt 0.1114147 0.9229848
vt 0.1093811 0.9476983
vt 0.1093811 0.9229848
vt 0.263554 0.3568152
vt 0.2486877 0.3715307
vt 0.263554 0.3715307
vt 0.2486877 0.3512688
vt 0.2299599 0.3715307
vt 0.2486877 0.3184839
vt 0.2299599 0.3262195
vt 0.2486877 0.3329898
vt 0.2299599 0.3091654
vt 0.2107381 0.3240596
vt 0.2107381 0.3061926
vt 0.2086552 0.3233828
vt 0.2086552 0.3052607
vt 0.1975066 0.7189388
vt 0.1975066 0.7053022
vt 0.1822602 0.6944796
vt 0.1822602 0.7132492
vt 0.1630478 0.6875315
vt 0.1975066 0.7340557
vt 0.1630478 0.7095963
vt 0.1822602 0.7340557
vt 0.1975066 0.7491722
vt 0.1630478 0.7340557
vt 0.1442604 0.7084861
vt 0.1822602 0.7548618
vt 0.1975066 0.762809
vt 0.1822602 0.7736315
vt 0.1630478 0.7585148
vt 0.1630478 0.7805797
vt 0.1442604 0.7340557
vt 0.1417509 0.7086681
vt 0.1417509 0.7340557
vt 0.1442604 0.7596251
vt 0.1442604 0.7826917
vt 0.1417509 0.7594429
vt 0.1417509 0.7823452
vt 0.5422266 0.5729664
vt 0.5348203 0.5501717
vt 0.5281389 0.553576
vt 0.5422266 0.5489987
vt 0.5422266 0.5273768
vt 0.5281389 0.5296087
vt 0.5563144 0.5296087
vt 0.549633 0.5501717
vt 0.5690233 0.5360839
vt 0.5563144 0.553576
vt 0.5791091 0.5461699
vt 0.5929908 0.5360839
vt 0.5791091 0.522202
vt 0.5616168 0.5588784
vt 0.5855843 0.5588784
vt 0.5650211 0.5655597
vt 0.5878156 0.5729664
vt 0.5661941 0.5729664
vt 0.5855843 0.587054
vt 0.5650211 0.5803725
vt 0.561617 0.587054
vt 0.5154303 0.6098486
vt 0.4914626 0.6098486
vt 0.5053445 0.6237304
vt 0.5053445 0.5997626
vt 0.5281389 0.5923564
vt 0.5348203 0.5957607
vt 0.5422266 0.5729664
vt 0.5281389 0.6163239
vt 0.5422266 0.5969339
vt 0.5228366 0.587054
vt 0.498869 0.587054
vt 0.5194321 0.5803725
vt 0.4966377 0.5729664
vt 0.5182591 0.5729664
vt 0.498869 0.5588784
vt 0.5194322 0.5655597
vt 0.5053445 0.5461699
vt 0.5228366 0.5588784
vt 0.5281389 0.553576
vt 0.5154303 0.5360839
vt 0.5053445 0.522202
vt 0.4914626 0.5360839
vt 0.5281389 0.5296087
vt 0.5348203 0.5501717
vt 0.5780538 0.3907071
vt 0.5936639 0.4157501
vt 0.5936639 0.3965326
vt 0.5780538 0.3752298
vt 0.5936639 0.3752298
vt 0.6133349 0.4002726
vt 0.5780538 0.3597525
vt 0.6133349 0.3752298
vt 0.5936639 0.3539271
vt 0.5780538 0.3457901
vt 0.5936639 0.3347095
vt 0.6133349 0.350187
vt 0.6325706 0.3752298
vt 0.6133349 0.3275955
vt 0.5936639 0.3194585
vt 0.6133349 0.3096667
vt 0.6325706 0.34905
vt 0.6325706 0.3254328
vt 0.6325706 0.3066903
vt 0.6351399 0.3752298
vt 0.6351399 0.401223
vt 0.6351399 0.3492364
vt 0.6351399 0.3257876
vt 0.6351399 0.3071783
vt 0.5422266 0.5969339
vt 0.5281389 0.6163239
vt 0.5422266 0.6185553
vt 0.549633 0.5957607
vt 0.5422266 0.5729664
vt 0.5563144 0.6163239
vt 0.5563144 0.5923564
vt 0.561617 0.587054
vt 0.5690233 0.6098486
vt 0.5791091 0.5997626
vt 0.5650211 0.5803725
vt 0.5855843 0.587054
vt 0.5791091 0.6237304
vt 0.5929908 0.6098486
vt 0.1442604 0.7084861
vt 0.1417509 0.685766
vt 0.1417509 0.7086681
vt 0.1442604 0.6854195
vt 0.1630478 0.7095963
vt 0.1630478 0.6875315
vt 0.4857846 0.4437694
vt 0.4832153 0.4246719
vt 0.4832153 0.443281
vt 0.4857846 0.4250267
vt 0.5050204 0.4407929
vt 0.4832153 0.401223
vt 0.5050204 0.4228642
vt 0.5246913 0.4310012
vt 0.5246913 0.4157501
vt 0.4857846 0.4014094
vt 0.4832153 0.3752298
vt 0.4857846 0.3752298
vt 0.5050204 0.4002726
vt 0.5050204 0.3752298
vt 0.5246913 0.3965326
vt 0.5246913 0.3752298
vt 0.5403014 0.4046694
vt 0.5403014 0.3907071
vt 0.5403014 0.3907071
vt 0.5246913 0.3752298
vt 0.5246913 0.3965326
vt 0.5403014 0.3752298
vt 0.5246913 0.353927
vt 0.5403014 0.3597525
vt 0.5050204 0.3501869
vt 0.5050204 0.3752298
vt 0.5246913 0.3347094
vt 0.5403014 0.3457901
vt 0.5050204 0.3275954
vt 0.4857846 0.34905
vt 0.4857846 0.3752298
vt 0.5050204 0.3096666
vt 0.5246913 0.3194584
vt 0.4857846 0.3066903
vt 0.4857846 0.3254328
vt 0.4832153 0.3071783
vt 0.4832153 0.3257875
vt 0.4832153 0.3492364
vt 0.4832153 0.3752298
vt 0.1001588 0.7178715
vt 0.1026682 0.7411202
vt 0.1026682 0.718218
vt 0.1001588 0.7409382
vt 0.1026682 0.7665079
vt 0.08137134 0.7199836
vt 0.1001588 0.7665079
vt 0.08137134 0.7420484
vt 0.06215884 0.7269317
vt 0.08137134 0.7665079
vt 0.06215884 0.7457013
vt 0.04691243 0.7377543
vt 0.04691243 0.751391
vt 0.06215884 0.7665079
vt 0.08137134 0.7909669
vt 0.04691243 0.7665079
vt 0.06215884 0.787314
vt 0.08137134 0.8130319
vt 0.04691243 0.7816243
vt 0.06215884 0.8060836
vt 0.1001588 0.7665079
vt 0.1026682 0.791895
vt 0.1026682 0.7665079
vt 0.1001588 0.7920773
vt 0.08137134 0.7665079
vt 0.1026682 0.8147973
vt 0.08137134 0.7909669
vt 0.1001588 0.815144
vt 0.08137134 0.8130319
vt 0.4748184 0.8835627
vt 0.4893327 0.860301
vt 0.4748184 0.870602
vt 0.4893327 0.8781471
vt 0.4748184 0.89793
vt 0.4893327 0.89793
vt 0.4748184 0.9122968
vt 0.5076172 0.8746724
vt 0.4893327 0.9177122
vt 0.4748184 0.9252576
vt 0.4893327 0.9355583
vt 0.5076172 0.89793
vt 0.5263841 0.8735635
vt 0.5076172 0.9211873
vt 0.5076172 0.9421682
vt 0.5263841 0.89793
vt 0.5284175 0.873216
vt 0.5284175 0.89793
vt 0.5263841 0.9222959
vt 0.5263841 0.9442769
vt 0.5284175 0.9226434
vt 0.5284175 0.9449379
vt 0.6819339 0.7463996
vt 0.70355 0.7534229
vt 0.7046623 0.7463996
vt 0.7003214 0.7597591
vt 0.723124 0.759783
vt 0.7169722 0.7718564
vt 0.6952934 0.7647871
vt 0.7073908 0.7814379
vt 0.6889577 0.7680156
vt 0.6953175 0.7875896
vt 0.6819339 0.7691279
vt 0.6749105 0.7680156
vt 0.6819339 0.7897092
vt 0.6685506 0.7875896
vt 0.6685748 0.7647871
vt 0.6564773 0.7814379
vt 0.6635465 0.7597591
vt 0.6468959 0.7718564
vt 0.6468818 0.7946447
vt 0.6336889 0.7814519
vt 0.660318 0.7534229
vt 0.6407441 0.759783
vt 0.6592058 0.7463996
vt 0.6386245 0.7463996
vt 0.660318 0.7393761
vt 0.6407441 0.7330161
vt 0.6635465 0.7330401
vt 0.6685748 0.728012
vt 0.08096595 0.3862461
vt 0.06609969 0.4100716
vt 0.08096595 0.3995211
vt 0.08096595 0.3715307
vt 0.06609969 0.3917929
vt 0.06609969 0.3715307
vt 0.0473718 0.4338962
vt 0.06609969 0.4245777
vt 0.0473718 0.416842
vt 0.0281498 0.4368691
vt 0.0281498 0.4190019
vt 0.02606713 0.4378008
vt 0.02606713 0.4196789
vt 0.0281498 0.3964878
vt 0.0473718 0.3953523
vt 0.08096595 0.3862461
vt 0.06609969 0.3917929
vt 0.06609969 0.4100716
vt 0.0473718 0.416842
vt 0.0473718 0.3953523
vt 0.0281498 0.4190019
vt 0.06609969 0.3715307
vt 0.0473718 0.3715307
vt 0.0281498 0.3964878
vt 0.06609969 0.3512687
vt 0.08096595 0.3568152
vt 0.08096595 0.3715307
vt 0.08096595 0.3435403
vt 0.06609969 0.3329898
vt 0.0473718 0.347709
vt 0.0281498 0.3715307
vt 0.0473718 0.3262194
vt 0.06609969 0.3184838
vt 0.0473718 0.3091653
vt 0.02606713 0.3968436
vt 0.02606713 0.4196789
vt 0.02606713 0.3715307
vt 0.0281498 0.3465737
vt 0.02606713 0.3462177
vt 0.0281498 0.3240595
vt 0.0281498 0.3061925
vt 0.02606713 0.3233827
vt 0.02606713 0.3052606
vt 0.6819339 0.7463996
vt 0.6952934 0.728012
vt 0.6889577 0.7247836
vt 0.7003214 0.7330401
vt 0.7073908 0.7113613
vt 0.70355 0.7393761
vt 0.7046623 0.7463996
vt 0.7169722 0.7209429
vt 0.7169865 0.6981544
vt 0.7301789 0.7113473
vt 0.723124 0.7330161
vt 0.7252437 0.7463996
vt 0.70355 0.7534229
vt 0.723124 0.759783
vt 0.4893327 0.8781471
vt 0.5076172 0.8536913
vt 0.4893327 0.860301
vt 0.5076172 0.8746724
vt 0.5263841 0.8515826
vt 0.5263841 0.8735635
vt 0.5284175 0.8509217
vt 0.5284175 0.873216
vt 0.07000543 0.6471326
vt 0.07208811 0.6480644
vt 0.07208811 0.6299425
vt 0.07000543 0.6292655
vt 0.05078344 0.6441598
vt 0.07208811 0.6071072
vt 0.05078344 0.6271054
vt 0.03205555 0.6348413
vt 0.03205555 0.6203352
vt 0.07000543 0.6067514
vt 0.05078344 0.6056158
vt 0.07208811 0.5817943
vt 0.07000543 0.5817943
vt 0.7073908 0.7814379
vt 0.7169865 0.7946447
vt 0.7301789 0.7814519
vt 0.7169722 0.7718564
vt 0.07000543 0.5817943
vt 0.07208811 0.5817943
vt 0.07208811 0.5564814
vt 0.07000543 0.5568373
vt 0.05078344 0.5817943
vt 0.07208811 0.5336462
vt 0.05078344 0.5579727
vt 0.07000543 0.5343232
vt 0.07208811 0.5155242
vt 0.05078344 0.536483
vt 0.07000543 0.5164561
vt 0.05078344 0.5194289
vt 0.05078344 0.6056158
vt 0.07000543 0.6067514
vt 0.07000543 0.5817943
vt 0.05078344 0.5817943
vt 0.03205555 0.6020565
vt 0.03205555 0.6203352
vt 0.05078344 0.6271054
vt 0.0171893 0.6097848
vt 0.0171893 0.5965096
vt 0.03205555 0.5817943
vt 0.05078344 0.5579727
vt 0.0171893 0.5817943
vt 0.03205555 0.5615324
vt 0.05078344 0.536483
vt 0.0171893 0.5670788
vt 0.03205555 0.5432534
vt 0.0171893 0.5538039
vt 0.05078344 0.5194289
vt 0.03205555 0.5287474
vt 0.2543394 0.8632044
vt 0.2398251 0.8529035
vt 0.2398251 0.8707495
vt 0.2215406 0.8672748
vt 0.2215406 0.8462936
vt 0.2543394 0.8632044
vt 0.2398251 0.8707495
vt 0.2543394 0.8761652
vt 0.2398251 0.8905324
vt 0.2543394 0.8905324
vt 0.2215406 0.8905324
vt 0.2215406 0.8672748
vt 0.2398251 0.9103146
vt 0.2543394 0.9048992
vt 0.2398251 0.9281607
vt 0.2543394 0.91786
vt 0.2215406 0.9347707
vt 0.2215406 0.9137897
vt 0.2027737 0.9368793
vt 0.2027737 0.9148983
vt 0.2007403 0.9375403
vt 0.2007403 0.9152459
vt 0.2027737 0.8905324
vt 0.2027737 0.866166
vt 0.2007403 0.8905324
vt 0.6952934 0.728012
vt 0.7073908 0.7113613
vt 0.6953175 0.7052098
vt 0.6889577 0.7247836
vt 0.6819339 0.70309
vt 0.6819339 0.7236712
vt 0.6819339 0.7463996
vt 0.6685506 0.7052098
vt 0.6749105 0.7247836
vt 0.6685748 0.728012
vt 0.6564773 0.7113613
vt 0.6468959 0.7209429
vt 0.6635465 0.7330401
vt 0.6336889 0.7113473
vt 0.6468818 0.6981544
vt 0.6407441 0.7330161
vt 0.660318 0.7393761
vt 0.2027737 0.844185
vt 0.2007403 0.8435236
vt 0.2007403 0.8658185
vt 0.2027737 0.866166
vt 0.2215406 0.8462936
vt 0.2215406 0.8672748
vt 0.2007403 0.8905324
vt 0.2027737 0.8905324
vt 0.08964014 0.193126
vt 0.09084317 0.1914703
vt 0.07492503 0.1755524
vt 0.07326926 0.1767552
vt 0.1102687 0.2036367
vt 0.06470486 0.1554943
vt 0.110901 0.2016904
vt 0.06275847 0.1561267
vt 0.1331353 0.2072586
vt 0.0611833 0.1332599
vt 0.1331353 0.205212
vt 0.05913683 0.1332599
vt 0.1560022 0.2036367
vt 0.06470486 0.1110255
vt 0.1553699 0.2016904
vt 0.06275847 0.110393
vt 0.1766306 0.193126
vt 0.07492503 0.09096767
vt 0.1754277 0.1914703
vt 0.07326926 0.08976455
vt 0.1930018 0.1767552
vt 0.09084317 0.07504953
vt 0.1913458 0.1755524
vt 0.08964032 0.07339357
vt 0.2035123 0.1561267
vt 0.110901 0.06482944
vt 0.201566 0.1554943
vt 0.1102687 0.06288287
vt 0.207134 0.1332599
vt 0.1331353 0.06130788
vt 0.2050874 0.1332599
vt 0.1331353 0.05926132
vt 0.2035123 0.110393
vt 0.1553699 0.06482944
vt 0.201566 0.1110255
vt 0.1560022 0.06288287
vt 0.1930018 0.08976455
vt 0.1754281 0.07504953
vt 0.1913458 0.09096757
vt 0.1766306 0.07339357
vt 0.3584178 0.193128
vt 0.3596209 0.1914723
vt 0.3437022 0.1755538
vt 0.3420464 0.1767567
vt 0.379047 0.2036391
vt 0.3334817 0.155495
vt 0.3796794 0.2016927
vt 0.3315352 0.1561275
vt 0.4019144 0.2072611
vt 0.32996 0.1332599
vt 0.4019144 0.2052144
vt 0.3279135 0.1332599
vt 0.4247822 0.2036391
vt 0.3334817 0.1110248
vt 0.4241498 0.2016927
vt 0.3315352 0.1103922
vt 0.4454112 0.193128
vt 0.3437022 0.09096623
vt 0.4442083 0.1914723
vt 0.3420464 0.08976308
vt 0.461783 0.1767567
vt 0.3596209 0.07504756
vt 0.460127 0.1755538
vt 0.358418 0.07339154
vt 0.4722937 0.1561275
vt 0.3796794 0.06482713
vt 0.4703475 0.155495
vt 0.379047 0.06288049
vt 0.4759157 0.1332599
vt 0.4019144 0.06130546
vt 0.473869 0.1332599
vt 0.4019144 0.05925882
vt 0.4722937 0.1103922
vt 0.4241498 0.06482713
vt 0.4703475 0.1110248
vt 0.4247822 0.06288049
vt 0.461783 0.08976308
vt 0.4442087 0.07504756
vt 0.460127 0.09096614
vt 0.4454112 0.07339154
vt 0.6270145 0.1931273
vt 0.6282175 0.1914716
vt 0.612299 0.1755533
vt 0.6106432 0.1767562
vt 0.6476434 0.2036383
vt 0.6020786 0.1554948
vt 0.6482758 0.2016919
vt 0.6001322 0.1561272
vt 0.6705105 0.2072603
vt 0.598557 0.1332599
vt 0.6705105 0.2052135
vt 0.5965104 0.1332599
vt 0.693378 0.2036383
vt 0.6020786 0.111025
vt 0.6927456 0.2016919
vt 0.6001322 0.1103925
vt 0.7140068 0.1931273
vt 0.612299 0.09096673
vt 0.7128039 0.1914716
vt 0.6106432 0.08976358
vt 0.7303784 0.1767562
vt 0.6282175 0.07504825
vt 0.7287224 0.1755533
vt 0.6270146 0.07339226
vt 0.7408891 0.1561272
vt 0.6482758 0.06482794
vt 0.7389428 0.1554948
vt 0.6476434 0.06288133
vt 0.744511 0.1332599
vt 0.6705105 0.06130631
vt 0.7424642 0.1332599
vt 0.6705105 0.05925971
vt 0.7408891 0.1103925
vt 0.6927456 0.06482794
vt 0.7389428 0.111025
vt 0.693378 0.06288133
vt 0.7303784 0.08976358
vt 0.7128043 0.07504825
vt 0.7287224 0.09096664
vt 0.7140068 0.07339226
usemtl Porcelain_Off_White_Mat
f 3/3/3 2/2/2 1/1/1
f 5/5/5 1/1/1 4/4/4
f 6/6/6 5/5/5 4/4/4
f 6/6/6 4/4/4 7/7/7
f 8/8/8 6/6/6 7/7/7
f 9/9/9 6/6/6 8/8/8
f 10/10/10 9/9/9 8/8/8
f 13/13/13 12/12/12 11/11/11
f 16/16/16 15/15/15 14/14/14
f 18/18/18 14/14/14 17/17/17
f 18/18/18 17/17/17 19/19/19
f 20/20/20 18/18/18 19/19/19
f 19/19/19 17/17/17 21/21/21
f 22/22/22 19/19/19 21/21/21
f 20/20/20 19/19/19 22/22/22
f 23/23/23 20/20/20 22/22/22
f 14/14/14 24/24/24 17/17/17
f 17/17/17 24/24/24 21/21/21
f 14/14/14 25/25/25 24/24/24
f 23/23/23 22/22/22 26/26/26
f 26/26/26 22/22/22 21/21/21
f 27/27/27 23/23/23 26/26/26
f 25/25/25 28/28/28 24/24/24
f 24/24/24 28/28/28 21/21/21
f 25/25/25 29/29/29 28/28/28
f 27/27/27 26/26/26 30/30/30
f 30/30/30 26/26/26 21/21/21
f 31/31/31 27/27/27 30/30/30
f 29/29/29 32/32/32 28/28/28
f 28/28/28 32/32/32 21/21/21
f 29/29/29 33/33/33 32/32/32
f 34/34/34 30/30/30 21/21/21
f 31/31/31 30/30/30 34/34/34
f 32/32/32 35/35/35 21/21/21
f 33/33/33 35/35/35 32/32/32
f 36/36/36 34/34/34 21/21/21
f 37/37/37 31/31/31 34/34/34
f 37/37/37 34/34/34 36/36/36
f 33/33/33 38/38/38 35/35/35
f 38/38/38 39/39/39 35/35/35
f 38/38/38 40/40/40 39/39/39
f 41/41/41 37/37/37 36/36/36
f 41/41/41 36/36/36 42/42/42
f 42/42/42 36/36/36 21/21/21
f 43/43/43 41/41/41 42/42/42
f 43/43/43 42/42/42 44/44/44
f 44/44/44 42/42/42 21/21/21
f 45/45/45 43/43/43 44/44/44
f 45/45/45 44/44/44 46/46/46
f 46/46/46 44/44/44 21/21/21
f 47/47/47 45/45/45 46/46/46
f 48/48/48 45/45/45 47/47/47
f 47/47/47 46/46/46 49/49/49
f 49/49/49 46/46/46 21/21/21
f 50/50/50 47/47/47 49/49/49
f 50/50/50 49/49/49 51/51/51
f 51/51/51 49/49/49 21/21/21
f 52/52/52 50/50/50 51/51/51
f 52/52/52 51/51/51 53/53/53
f 53/53/53 51/51/51 21/21/21
f 54/54/54 53/53/53 21/21/21
f 57/57/57 56/56/56 55/55/55
f 59/59/59 58/58/58 57/57/57
f 60/60/60 58/58/58 59/59/59
f 61/61/61 60/60/60 59/59/59
f 60/60/60 62/62/62 58/58/58
f 62/62/62 63/63/63 58/58/58
f 62/62/62 64/64/64 63/63/63
f 64/64/64 65/65/65 63/63/63
f 67/67/67 66/66/66 40/40/40
f 70/70/70 69/69/69 68/68/68
f 73/73/73 72/72/72 71/71/71
f 76/76/76 75/75/75 74/74/74
f 79/79/79 78/78/78 77/77/77
f 82/82/82 81/81/81 80/80/80
f 85/85/85 84/84/84 83/83/83
f 88/88/88 87/87/87 86/86/86
f 90/90/90 89/89/89 88/88/88
f 91/91/91 90/90/90 88/88/88
f 91/91/91 88/88/88 92/92/92
f 93/93/93 90/90/90 91/91/91
f 94/94/94 91/91/91 92/92/92
f 95/95/95 93/93/93 91/91/91
f 95/95/95 91/91/91 94/94/94
f 96/96/96 93/93/93 95/95/95
f 97/97/97 96/96/96 95/95/95
f 98/98/98 95/95/95 94/94/94
f 97/97/97 95/95/95 98/98/98
f 98/98/98 94/94/94 99/99/99
f 100/100/100 97/97/97 98/98/98
f 101/101/101 98/98/98 99/99/99
f 100/100/100 98/98/98 101/101/101
f 104/104/104 103/103/103 102/102/102
f 107/107/107 106/106/106 105/105/105
f 106/106/106 108/108/108 105/105/105
f 109/109/109 108/108/108 106/106/106
f 108/108/108 110/110/110 105/105/105
f 109/109/109 111/111/111 108/108/108
f 111/111/111 110/110/110 108/108/108
f 112/112/112 111/111/111 109/109/109
f 111/111/111 113/113/113 110/110/110
f 113/113/113 114/114/114 110/110/110
f 113/113/113 115/115/115 114/114/114
f 118/118/118 117/117/117 116/116/116
f 119/119/119 117/117/117 118/118/118
f 120/120/120 119/119/119 118/118/118
f 120/120/120 118/118/118 121/121/121
f 122/122/122 119/119/119 120/120/120
f 123/123/123 120/120/120 121/121/121
f 124/124/124 122/122/122 120/120/120
f 124/124/124 120/120/120 123/123/123
f 125/125/125 122/122/122 124/124/124
f 126/126/126 124/124/124 123/123/123
f 127/127/127 125/125/125 124/124/124
f 127/127/127 124/124/124 126/126/126
f 128/128/128 127/127/127 126/126/126
f 131/131/131 130/130/130 129/129/129
f 132/132/132 131/131/131 129/129/129
f 133/133/133 131/131/131 132/132/132
f 134/134/134 133/133/133 132/132/132
f 135/135/135 133/133/133 134/134/134
f 136/136/136 135/135/135 134/134/134
f 135/135/135 137/137/137 133/133/133
f 137/137/137 138/138/138 133/133/133
f 139/139/139 137/137/137 135/135/135
f 140/140/140 139/139/139 135/135/135
f 140/140/140 135/135/135 136/136/136
f 141/141/141 140/140/140 136/136/136
f 144/144/144 143/143/143 142/142/142
f 145/145/145 144/144/144 142/142/142
f 145/145/145 142/142/142 146/146/146
f 147/147/147 145/145/145 146/146/146
f 147/147/147 146/146/146 148/148/148
f 149/149/149 147/147/147 148/148/148
f 149/149/149 148/148/148 150/150/150
f 151/151/151 149/149/149 150/150/150
f 154/154/154 153/153/153 152/152/152
f 154/154/154 155/155/155 153/153/153
f 158/158/158 157/157/157 156/156/156
f 158/158/158 159/159/159 157/157/157
f 159/159/159 160/160/160 157/157/157
f 159/159/159 161/161/161 160/160/160
f 161/161/161 162/162/162 160/160/160
f 160/160/160 162/162/162 163/163/163
f 160/160/160 163/163/163 164/164/164
f 164/164/164 163/163/163 165/165/165
f 163/163/163 166/166/166 165/165/165
f 163/163/163 167/167/167 166/166/166
f 162/162/162 167/167/167 163/163/163
f 167/167/167 168/168/168 166/166/166
f 167/167/167 169/169/169 168/168/168
f 169/169/169 170/170/170 168/168/168
f 162/162/162 171/171/171 167/167/167
f 171/171/171 169/169/169 167/167/167
f 161/161/161 172/172/172 162/162/162
f 172/172/172 171/171/171 162/162/162
f 169/169/169 173/173/173 170/170/170
f 173/173/173 174/174/174 170/170/170
f 175/175/175 172/172/172 161/161/161
f 176/176/176 175/175/175 161/161/161
f 175/175/175 177/177/177 172/172/172
f 177/177/177 178/178/178 172/172/172
f 172/172/172 178/178/178 171/171/171
f 177/177/177 179/179/179 178/178/178
f 179/179/179 180/180/180 178/178/178
f 171/171/171 181/181/181 169/169/169
f 178/178/178 181/181/181 171/171/171
f 178/178/178 180/180/180 181/181/181
f 181/181/181 173/173/173 169/169/169
f 180/180/180 182/182/182 181/181/181
f 181/181/181 182/182/182 173/173/173
f 182/182/182 183/183/183 173/173/173
f 186/186/186 185/185/185 184/184/184
f 185/185/185 187/187/187 184/184/184
f 185/185/185 188/188/188 187/187/187
f 188/188/188 189/189/189 187/187/187
f 192/192/192 191/191/191 190/190/190
f 193/193/193 192/192/192 190/190/190
f 194/194/194 192/192/192 193/193/193
f 195/195/195 194/194/194 193/193/193
f 196/196/196 194/194/194 195/195/195
f 197/197/197 196/196/196 195/195/195
f 196/196/196 198/198/198 194/194/194
f 201/201/201 200/200/200 199/199/199
f 202/202/202 201/201/201 199/199/199
f 202/202/202 199/199/199 203/203/203
f 204/204/204 201/201/201 202/202/202
f 205/205/205 202/202/202 203/203/203
f 206/206/206 204/204/204 202/202/202
f 206/206/206 202/202/202 205/205/205
f 207/207/207 204/204/204 206/206/206
f 208/208/208 206/206/206 205/205/205
f 208/208/208 205/205/205 209/209/209
f 210/210/210 208/208/208 209/209/209
f 211/211/211 207/207/207 206/206/206
f 211/211/211 206/206/206 208/208/208
f 212/212/212 207/207/207 211/211/211
f 213/213/213 212/212/212 211/211/211
f 214/214/214 208/208/208 210/210/210
f 214/214/214 211/211/211 208/208/208
f 213/213/213 211/211/211 214/214/214
f 215/215/215 214/214/214 210/210/210
f 216/216/216 213/213/213 214/214/214
f 216/216/216 214/214/214 215/215/215
f 219/219/219 218/218/218 217/217/217
f 218/218/218 220/220/220 217/217/217
f 223/223/223 222/222/222 221/221/221
f 222/222/222 224/224/224 221/221/221
f 221/221/221 224/224/224 225/225/225
f 222/222/222 226/226/226 224/224/224
f 224/224/224 227/227/227 225/225/225
f 225/225/225 227/227/227 228/228/228
f 227/227/227 229/229/229 228/228/228
f 226/226/226 230/230/230 224/224/224
f 224/224/224 230/230/230 227/227/227
f 226/226/226 231/231/231 230/230/230
f 227/227/227 232/232/232 229/229/229
f 230/230/230 232/232/232 227/227/227
f 232/232/232 233/233/233 229/229/229
f 231/231/231 234/234/234 230/230/230
f 230/230/230 234/234/234 232/232/232
f 231/231/231 235/235/235 234/234/234
f 235/235/235 236/236/236 234/234/234
f 234/234/234 236/236/236 237/237/237
f 234/234/234 237/237/237 232/232/232
f 232/232/232 237/237/237 233/233/233
f 237/237/237 238/238/238 233/233/233
f 237/237/237 239/239/239 238/238/238
f 239/239/239 240/240/240 238/238/238
f 243/243/243 242/242/242 241/241/241
f 242/242/242 244/244/244 241/241/241
f 242/242/242 245/245/245 244/244/244
f 245/245/245 246/246/246 244/244/244
f 241/241/241 244/244/244 247/247/247
f 241/241/241 247/247/247 248/248/248
f 244/244/244 246/246/246 249/249/249
f 244/244/244 249/249/249 247/247/247
f 247/247/247 249/249/249 250/250/250
f 246/246/246 251/251/251 249/249/249
f 249/249/249 252/252/252 250/250/250
f 249/249/249 251/251/251 252/252/252
f 251/251/251 253/253/253 252/252/252
f 256/256/256 255/255/255 254/254/254
f 255/255/255 257/257/257 254/254/254
f 255/255/255 258/258/258 257/257/257
f 254/254/254 257/257/257 259/259/259
f 257/257/257 260/260/260 259/259/259
f 257/257/257 261/261/261 260/260/260
f 261/261/261 262/262/262 260/260/260
f 259/259/259 260/260/260 263/263/263
f 260/260/260 262/262/262 264/264/264
f 260/260/260 264/264/264 263/263/263
f 263/263/263 264/264/264 265/265/265
f 264/264/264 266/266/266 265/265/265
f 269/269/269 268/268/268 267/267/267
f 270/270/270 269/269/269 267/267/267
f 270/270/270 267/267/267 271/271/271
f 271/271/271 267/267/267 272/272/272
f 267/267/267 273/273/273 272/272/272
f 272/272/272 273/273/273 274/274/274
f 275/275/275 270/270/270 271/271/271
f 276/276/276 270/270/270 275/275/275
f 271/271/271 272/272/272 277/277/277
f 272/272/272 274/274/274 277/277/277
f 275/275/275 271/271/271 277/277/277
f 274/274/274 278/278/278 277/277/277
f 279/279/279 275/275/275 277/277/277
f 279/279/279 276/276/276 275/275/275
f 274/274/274 280/280/280 278/278/278
f 280/280/280 281/281/281 278/278/278
f 278/278/278 281/281/281 282/282/282
f 278/278/278 282/282/282 277/277/277
f 282/282/282 283/283/283 277/277/277
f 283/283/283 284/284/284 277/277/277
f 284/284/284 285/285/285 277/277/277
f 285/285/285 286/286/286 277/277/277
f 286/286/286 287/287/287 277/277/277
f 287/287/287 288/288/288 277/277/277
f 288/288/288 289/289/289 277/277/277
f 287/287/287 290/290/290 288/288/288
f 291/291/291 276/276/276 279/279/279
f 292/292/292 291/291/291 279/279/279
f 292/292/292 279/279/279 277/277/277
f 293/293/293 291/291/291 292/292/292
f 294/294/294 293/293/293 292/292/292
f 294/294/294 292/292/292 277/277/277
f 295/295/295 293/293/293 294/294/294
f 296/296/296 294/294/294 277/277/277
f 296/296/296 295/295/295 294/294/294
f 297/297/297 295/295/295 296/296/296
f 297/297/297 298/298/298 295/295/295
f 298/298/298 299/299/299 295/295/295
f 300/300/300 297/297/297 296/296/296
f 300/300/300 296/296/296 277/277/277
f 301/301/301 297/297/297 300/300/300
f 302/302/302 301/301/301 300/300/300
f 302/302/302 300/300/300 277/277/277
f 303/303/303 301/301/301 302/302/302
f 304/304/304 303/303/303 302/302/302
f 304/304/304 302/302/302 277/277/277
f 289/289/289 304/304/304 277/277/277
f 289/289/289 305/305/305 304/304/304
f 306/306/306 305/305/305 289/289/289
f 309/309/309 308/308/308 307/307/307
f 308/308/308 310/310/310 307/307/307
f 307/307/307 310/310/310 311/311/311
f 310/310/310 312/312/312 311/311/311
f 311/311/311 312/312/312 313/313/313
f 310/310/310 314/314/314 312/312/312
f 312/312/312 315/315/315 313/313/313
f 313/313/313 315/315/315 316/316/316
f 315/315/315 317/317/317 316/316/316
f 314/314/314 318/318/318 312/312/312
f 312/312/312 318/318/318 315/315/315
f 314/314/314 319/319/319 318/318/318
f 319/319/319 320/320/320 318/318/318
f 318/318/318 321/321/321 315/315/315
f 315/315/315 321/321/321 317/317/317
f 318/318/318 320/320/320 321/321/321
f 321/321/321 322/322/322 317/317/317
f 317/317/317 322/322/322 323/323/323
f 322/322/322 324/324/324 323/323/323
f 320/320/320 325/325/325 321/321/321
f 321/321/321 325/325/325 322/322/322
f 320/320/320 326/326/326 325/325/325
f 326/326/326 327/327/327 325/325/325
f 322/322/322 328/328/328 324/324/324
f 325/325/325 328/328/328 322/322/322
f 325/325/325 327/327/327 328/328/328
f 328/328/328 329/329/329 324/324/324
f 327/327/327 330/330/330 328/328/328
f 328/328/328 330/330/330 329/329/329
f 330/330/330 331/331/331 329/329/329
f 334/334/334 333/333/333 332/332/332
f 334/334/334 335/335/335 333/333/333
f 335/335/335 336/336/336 333/333/333
f 335/335/335 337/337/337 336/336/336
f 337/337/337 338/338/338 336/336/336
f 341/341/341 340/340/340 339/339/339
f 342/342/342 341/341/341 339/339/339
f 343/343/343 341/341/341 342/342/342
f 343/343/343 344/344/344 341/341/341
f 345/345/345 344/344/344 343/343/343
f 346/346/346 345/345/345 343/343/343
f 345/345/345 347/347/347 344/344/344
f 347/347/347 348/348/348 344/344/344
f 351/351/351 350/350/350 349/349/349
f 352/352/352 351/351/351 349/349/349
f 352/352/352 349/349/349 353/353/353
f 354/354/354 351/351/351 352/352/352
f 355/355/355 352/352/352 353/353/353
f 356/356/356 354/354/354 352/352/352
f 356/356/356 352/352/352 355/355/355
f 359/359/359 358/358/358 357/357/357
f 360/360/360 359/359/359 357/357/357
f 360/360/360 357/357/357 361/361/361
f 362/362/362 359/359/359 360/360/360
f 363/363/363 360/360/360 361/361/361
f 364/364/364 362/362/362 360/360/360
f 364/364/364 360/360/360 363/363/363
f 365/365/365 362/362/362 364/364/364
f 366/366/366 364/364/364 363/363/363
f 366/366/366 363/363/363 367/367/367
f 368/368/368 366/366/366 367/367/367
f 369/369/369 365/365/365 364/364/364
f 369/369/369 364/364/364 366/366/366
f 370/370/370 365/365/365 369/369/369
f 371/371/371 369/369/369 366/366/366
f 371/371/371 366/366/366 368/368/368
f 372/372/372 371/371/371 368/368/368
f 375/375/375 374/374/374 373/373/373
f 376/376/376 375/375/375 373/373/373
f 378/378/378 376/376/376 377/377/377
f 379/379/379 378/378/378 377/377/377
f 382/382/382 381/381/381 380/380/380
f 383/383/383 382/382/382 380/380/380
f 384/384/384 382/382/382 383/383/383
f 385/385/385 384/384/384 383/383/383
f 384/384/384 386/386/386 382/382/382
f 386/386/386 387/387/387 382/382/382
f 388/388/388 384/384/384 385/385/385
f 389/389/389 388/388/388 385/385/385
f 388/388/388 390/390/390 384/384/384
f 390/390/390 386/386/386 384/384/384
f 386/386/386 391/391/391 387/387/387
f 391/391/391 392/392/392 387/387/387
f 391/391/391 393/393/393 392/392/392
f 394/394/394 393/393/393 391/391/391
f 395/395/395 391/391/391 386/386/386
f 395/395/395 394/394/394 391/391/391
f 390/390/390 395/395/395 386/386/386
f 396/396/396 394/394/394 395/395/395
f 397/397/397 396/396/396 395/395/395
f 397/397/397 395/395/395 390/390/390
f 398/398/398 397/397/397 390/390/390
f 398/398/398 390/390/390 388/388/388
f 399/399/399 398/398/398 388/388/388
f 402/402/402 401/401/401 400/400/400
f 403/403/403 401/401/401 402/402/402
f 403/403/403 404/404/404 401/401/401
f 404/404/404 405/405/405 401/401/401
f 407/407/407 403/403/403 406/406/406
f 408/408/408 407/407/407 406/406/406
f 409/409/409 407/407/407 408/408/408
f 410/410/410 409/409/409 408/408/408
f 411/411/411 409/409/409 410/410/410
f 412/412/412 411/411/411 410/410/410
f 413/413/413 411/411/411 412/412/412
f 414/414/414 413/413/413 412/412/412
f 415/415/415 413/413/413 414/414/414
f 416/416/416 415/415/415 414/414/414
f 417/417/417 415/415/415 416/416/416
f 420/420/420 419/419/419 418/418/418
f 419/419/419 421/421/421 418/418/418
f 418/418/418 421/421/421 422/422/422
f 421/421/421 423/423/423 422/422/422
f 422/422/422 423/423/423 424/424/424
f 421/421/421 425/425/425 423/423/423
f 423/423/423 426/426/426 424/424/424
f 425/425/425 427/427/427 423/423/423
f 423/423/423 427/427/427 426/426/426
f 425/425/425 428/428/428 427/427/427
f 427/427/427 429/429/429 426/426/426
f 428/428/428 430/430/430 427/427/427
f 427/427/427 430/430/430 429/429/429
f 428/428/428 431/431/431 430/430/430
f 430/430/430 432/432/432 429/429/429
f 431/431/431 433/433/433 430/430/430
f 430/430/430 433/433/433 432/432/432
f 433/433/433 434/434/434 432/432/432
f 437/437/437 436/436/436 435/435/435
f 436/436/436 438/438/438 435/435/435
f 436/436/436 439/439/439 438/438/438
f 439/439/439 440/440/440 438/438/438
f 438/438/438 440/440/440 441/441/441
f 439/439/439 442/442/442 440/440/440
f 440/440/440 443/443/443 441/441/441
f 442/442/442 444/444/444 440/440/440
f 440/440/440 444/444/444 443/443/443
f 442/442/442 445/445/445 444/444/444
f 444/444/444 446/446/446 443/443/443
f 445/445/445 447/447/447 444/444/444
f 444/444/444 447/447/447 446/446/446
f 447/447/447 448/448/448 446/446/446
f 451/451/451 450/450/450 449/449/449
f 452/452/452 451/451/451 449/449/449
f 455/455/455 454/454/454 453/453/453
f 456/456/456 455/455/455 453/453/453
f 457/457/457 455/455/455 456/456/456
f 458/458/458 457/457/457 456/456/456
f 459/459/459 457/457/457 458/458/458
f 458/458/458 456/456/456 460/460/460
f 461/461/461 459/459/459 458/458/458
f 462/462/462 458/458/458 460/460/460
f 461/461/461 458/458/458 462/462/462
f 462/462/462 460/460/460 463/463/463
f 464/464/464 461/461/461 462/462/462
f 465/465/465 462/462/462 463/463/463
f 464/464/464 462/462/462 465/465/465
f 466/466/466 464/464/464 465/465/465
f 469/469/469 468/468/468 467/467/467
f 470/470/470 469/469/469 467/467/467
f 470/470/470 467/467/467 471/471/471
f 472/472/472 470/470/470 471/471/471
f 472/472/472 471/471/471 473/473/473
f 474/474/474 472/472/472 473/473/473
f 473/473/473 471/471/471 475/475/475
f 474/474/474 473/473/473 476/476/476
f 476/476/476 473/473/473 475/475/475
f 477/477/477 474/474/474 476/476/476
f 478/478/478 474/474/474 477/477/477
f 479/479/479 478/478/478 477/477/477
f 480/480/480 476/476/476 475/475/475
f 477/477/477 476/476/476 480/480/480
f 481/481/481 477/477/477 480/480/480
f 482/482/482 480/480/480 475/475/475
f 481/481/481 480/480/480 482/482/482
f 483/483/483 481/481/481 482/482/482
f 483/483/483 482/482/482 484/484/484
f 485/485/485 483/483/483 484/484/484
f 485/485/485 484/484/484 486/486/486
f 487/487/487 485/485/485 486/486/486
f 490/490/490 489/489/489 488/488/488
f 491/491/491 490/490/490 488/488/488
f 492/492/492 490/490/490 491/491/491
f 491/491/491 488/488/488 493/493/493
f 494/494/494 492/492/492 491/491/491
f 495/495/495 491/491/491 493/493/493
f 494/494/494 491/491/491 495/495/495
f 495/495/495 493/493/493 496/496/496
f 497/497/497 494/494/494 495/495/495
f 498/498/498 494/494/494 497/497/497
f 499/499/499 495/495/495 496/496/496
f 497/497/497 495/495/495 499/499/499
f 499/499/499 496/496/496 500/500/500
f 501/501/501 499/499/499 500/500/500
f 502/502/502 499/499/499 501/501/501
f 502/502/502 497/497/497 499/499/499
f 503/503/503 502/502/502 501/501/501
f 504/504/504 498/498/498 497/497/497
f 504/504/504 497/497/497 502/502/502
f 505/505/505 498/498/498 504/504/504
f 506/506/506 505/505/505 504/504/504
f 507/507/507 502/502/502 503/503/503
f 507/507/507 504/504/504 502/502/502
f 506/506/506 504/504/504 507/507/507
f 508/508/508 507/507/507 503/503/503
f 509/509/509 506/506/506 507/507/507
f 509/509/509 507/507/507 508/508/508
f 510/510/510 509/509/509 508/508/508
f 513/513/513 512/512/512 511/511/511
f 512/512/512 514/514/514 511/511/511
f 511/511/511 514/514/514 515/515/515
f 516/516/516 511/511/511 515/515/515
f 517/517/517 516/516/516 515/515/515
f 514/514/514 518/518/518 515/515/515
f 518/518/518 519/519/519 515/515/515
f 520/520/520 519/519/519 518/518/518
f 521/521/521 520/520/520 518/518/518
f 521/521/521 518/518/518 514/514/514
f 512/512/512 521/521/521 514/514/514
f 522/522/522 521/521/521 512/512/512
f 523/523/523 522/522/522 512/512/512
f 526/526/526 525/525/525 524/524/524
f 527/527/527 526/526/526 524/524/524
f 527/527/527 524/524/524 528/528/528
f 529/529/529 527/527/527 528/528/528
f 530/530/530 526/526/526 527/527/527
f 531/531/531 530/530/530 527/527/527
f 530/530/530 532/532/532 526/526/526
f 532/532/532 533/533/533 526/526/526
f 534/534/534 532/532/532 530/530/530
f 535/535/535 534/534/534 530/530/530
f 535/535/535 530/530/530 531/531/531
f 536/536/536 534/534/534 535/535/535
f 537/537/537 536/536/536 535/535/535
f 538/538/538 535/535/535 531/531/531
f 537/537/537 535/535/535 538/538/538
f 538/538/538 531/531/531 539/539/539
f 540/540/540 537/537/537 538/538/538
f 543/543/543 542/542/542 541/541/541
f 544/544/544 543/543/543 541/541/541
f 545/545/545 544/544/544 541/541/541
f 546/546/546 545/545/545 541/541/541
f 547/547/547 544/544/544 545/545/545
f 548/548/548 547/547/547 545/545/545
f 548/548/548 545/545/545 546/546/546
f 549/549/549 547/547/547 548/548/548
f 550/550/550 549/549/549 548/548/548
f 551/551/551 548/548/548 546/546/546
f 551/551/551 546/546/546 552/552/552
f 552/552/552 546/546/546 541/541/541
f 553/553/553 551/551/551 552/552/552
f 553/553/553 552/552/552 554/554/554
f 554/554/554 552/552/552 541/541/541
f 555/555/555 553/553/553 554/554/554
f 555/555/555 554/554/554 556/556/556
f 556/556/556 554/554/554 541/541/541
f 557/557/557 555/555/555 556/556/556
f 557/557/557 556/556/556 558/558/558
f 558/558/558 556/556/556 541/541/541
f 559/559/559 558/558/558 541/541/541
f 560/560/560 559/559/559 541/541/541
f 561/561/561 560/560/560 541/541/541
f 562/562/562 560/560/560 561/561/561
f 563/563/563 562/562/562 561/561/561
f 565/565/565 557/557/557 564/564/564
f 566/566/566 565/565/565 564/564/564
f 569/569/569 568/568/568 567/567/567
f 569/569/569 570/570/570 568/568/568
f 570/570/570 571/571/571 568/568/568
f 568/568/568 571/571/571 572/572/572
f 571/571/571 573/573/573 572/572/572
f 571/571/571 574/574/574 573/573/573
f 570/570/570 575/575/575 571/571/571
f 575/575/575 574/574/574 571/571/571
f 576/576/576 575/575/575 570/570/570
f 577/577/577 576/576/576 570/570/570
f 576/576/576 578/578/578 575/575/575
f 578/578/578 579/579/579 575/575/575
f 575/575/575 579/579/579 574/574/574
f 578/578/578 580/580/580 579/579/579
f 580/580/580 581/581/581 579/579/579
f 579/579/579 582/582/582 574/574/574
f 579/579/579 581/581/581 582/582/582
f 574/574/574 582/582/582 583/583/583
f 582/582/582 584/584/584 583/583/583
f 581/581/581 585/585/585 582/582/582
f 582/582/582 585/585/585 584/584/584
f 585/585/585 586/586/586 584/584/584
f 581/581/581 587/587/587 585/585/585
f 587/587/587 588/588/588 585/585/585
f 591/591/591 590/590/590 589/589/589
f 592/592/592 591/591/591 589/589/589
f 593/593/593 591/591/591 592/592/592
f 594/594/594 593/593/593 592/592/592
f 597/597/597 596/596/596 595/595/595
f 596/596/596 598/598/598 595/595/595
f 595/595/595 598/598/598 599/599/599
f 596/596/596 600/600/600 598/598/598
f 598/598/598 601/601/601 599/599/599
f 600/600/600 602/602/602 598/598/598
f 598/598/598 602/602/602 601/601/601
f 602/602/602 603/603/603 601/601/601
f 600/600/600 604/604/604 602/602/602
f 604/604/604 605/605/605 602/602/602
f 608/608/608 607/607/607 606/606/606
f 607/607/607 609/609/609 606/606/606
f 607/607/607 610/610/610 609/609/609
f 610/610/610 611/611/611 609/609/609
f 610/610/610 612/612/612 611/611/611
f 615/615/615 614/614/614 613/613/613
f 614/614/614 616/616/616 613/613/613
f 614/614/614 617/617/617 616/616/616
f 617/617/617 618/618/618 616/616/616
f 617/617/617 619/619/619 618/618/618
f 619/619/619 620/620/620 618/618/618
f 618/618/618 620/620/620 621/621/621
f 620/620/620 622/622/622 621/621/621
f 625/625/625 624/624/624 623/623/623
f 624/624/624 626/626/626 623/623/623
f 624/624/624 627/627/627 626/626/626
f 627/627/627 628/628/628 626/626/626
f 627/627/627 629/629/629 628/628/628
f 629/629/629 630/630/630 628/628/628
f 629/629/629 631/631/631 630/630/630
f 631/631/631 632/632/632 630/630/630
f 633/633/633 631/631/631 629/629/629
f 634/634/634 629/629/629 627/627/627
f 634/634/634 633/633/633 629/629/629
f 635/635/635 634/634/634 627/627/627
f 636/636/636 633/633/633 634/634/634
f 637/637/637 636/636/636 634/634/634
f 638/638/638 636/636/636 637/637/637
f 639/639/639 638/638/638 637/637/637
f 639/639/639 637/637/637 640/640/640
f 643/643/643 642/642/642 641/641/641
f 642/642/642 644/644/644 641/641/641
f 647/647/647 646/646/646 645/645/645
f 648/648/648 647/647/647 645/645/645
f 649/649/649 647/647/647 648/648/648
f 649/649/649 650/650/650 647/647/647
f 650/650/650 651/651/651 647/647/647
f 652/652/652 649/649/649 648/648/648
f 652/652/652 648/648/648 653/653/653
f 654/654/654 652/652/652 653/653/653
f 655/655/655 649/649/649 652/652/652
f 655/655/655 656/656/656 649/649/649
f 657/657/657 655/655/655 652/652/652
f 657/657/657 652/652/652 654/654/654
f 658/658/658 657/657/657 654/654/654
f 661/661/661 660/660/660 659/659/659
f 662/662/662 661/661/661 659/659/659
f 662/662/662 659/659/659 663/663/663
f 664/664/664 662/662/662 663/663/663
f 665/665/665 661/661/661 662/662/662
f 665/665/665 666/666/666 661/661/661
f 666/666/666 667/667/667 661/661/661
f 668/668/668 662/662/662 664/664/664
f 668/668/668 665/665/665 662/662/662
f 669/669/669 668/668/668 664/664/664
f 669/669/669 664/664/664 670/670/670
f 671/671/671 669/669/669 670/670/670
f 672/672/672 665/665/665 668/668/668
f 672/672/672 673/673/673 665/665/665
f 674/674/674 673/673/673 672/672/672
f 675/675/675 674/674/674 672/672/672
f 676/676/676 672/672/672 668/668/668
f 675/675/675 672/672/672 676/676/676
f 676/676/676 668/668/668 669/669/669
f 677/677/677 675/675/675 676/676/676
f 678/678/678 669/669/669 671/671/671
f 678/678/678 676/676/676 669/669/669
f 677/677/677 676/676/676 678/678/678
f 679/679/679 678/678/678 671/671/671
f 680/680/680 677/677/677 678/678/678
f 680/680/680 678/678/678 679/679/679
f 681/681/681 680/680/680 679/679/679
f 684/684/684 683/683/683 682/682/682
f 683/683/683 685/685/685 682/682/682
f 682/682/682 685/685/685 686/686/686
f 683/683/683 687/687/687 685/685/685
f 685/685/685 688/688/688 686/686/686
f 686/686/686 688/688/688 689/689/689
f 687/687/687 690/690/690 685/685/685
f 685/685/685 690/690/690 688/688/688
f 687/687/687 691/691/691 690/690/690
f 690/690/690 692/692/692 688/688/688
f 691/691/691 693/693/693 690/690/690
f 690/690/690 693/693/693 692/692/692
f 691/691/691 694/694/694 693/693/693
f 693/693/693 695/695/695 692/692/692
f 694/694/694 696/696/696 693/693/693
f 693/693/693 696/696/696 695/695/695
f 696/696/696 697/697/697 695/695/695
f 700/700/700 699/699/699 698/698/698
f 701/701/701 700/700/700 698/698/698
f 701/701/701 698/698/698 702/702/702
f 702/702/702 698/698/698 703/703/703
f 704/704/704 701/701/701 702/702/702
f 705/705/705 701/701/701 704/704/704
f 706/706/706 705/705/705 704/704/704
f 698/698/698 707/707/707 703/703/703
f 703/703/703 707/707/707 708/708/708
f 707/707/707 709/709/709 708/708/708
f 712/712/712 711/711/711 710/710/710
f 711/711/711 713/713/713 710/710/710
f 710/710/710 713/713/713 714/714/714
f 713/713/713 715/715/715 714/714/714
f 713/713/713 716/716/716 715/715/715
f 716/716/716 717/717/717 715/715/715
f 711/711/711 718/718/718 713/713/713
f 718/718/718 716/716/716 713/713/713
f 719/719/719 718/718/718 711/711/711
f 720/720/720 719/719/719 711/711/711
f 719/719/719 721/721/721 718/718/718
f 721/721/721 722/722/722 718/718/718
f 718/718/718 722/722/722 716/716/716
f 721/721/721 723/723/723 722/722/722
f 723/723/723 724/724/724 722/722/722
f 722/722/722 725/725/725 716/716/716
f 722/722/722 724/724/724 725/725/725
f 716/716/716 725/725/725 717/717/717
f 724/724/724 726/726/726 725/725/725
f 725/725/725 726/726/726 727/727/727
f 725/725/725 727/727/727 717/717/717
f 726/726/726 728/728/728 727/727/727
f 717/717/717 727/727/727 729/729/729
f 717/717/717 729/729/729 730/730/730
f 727/727/727 728/728/728 731/731/731
f 727/727/727 731/731/731 729/729/729
f 728/728/728 732/732/732 731/731/731
f 731/731/731 732/732/732 733/733/733
f 732/732/732 734/734/734 733/733/733
f 731/731/731 733/733/733 735/735/735
f 729/729/729 731/731/731 735/735/735
f 729/729/729 735/735/735 736/736/736
f 730/730/730 729/729/729 736/736/736
f 730/730/730 736/736/736 737/737/737
f 738/738/738 730/730/730 737/737/737
f 741/741/741 740/740/740 739/739/739
f 741/741/741 739/739/739 742/742/742
f 743/743/743 741/741/741 742/742/742
f 744/744/744 743/743/743 742/742/742
f 745/745/745 744/744/744 742/742/742
f 746/746/746 745/745/745 742/742/742
f 747/747/747 746/746/746 742/742/742
f 748/748/748 747/747/747 742/742/742
f 749/749/749 748/748/748 742/742/742
f 747/747/747 750/750/750 746/746/746
f 750/750/750 751/751/751 746/746/746
f 752/752/752 750/750/750 747/747/747
f 748/748/748 752/752/752 747/747/747
f 753/753/753 752/752/752 748/748/748
f 749/749/749 753/753/753 748/748/748
f 754/754/754 753/753/753 749/749/749
f 755/755/755 754/754/754 749/749/749
f 755/755/755 749/749/749 742/742/742
f 756/756/756 754/754/754 755/755/755
f 757/757/757 756/756/756 755/755/755
f 757/757/757 755/755/755 742/742/742
f 758/758/758 756/756/756 757/757/757
f 759/759/759 758/758/758 757/757/757
f 759/759/759 757/757/757 742/742/742
f 760/760/760 758/758/758 759/759/759
f 761/761/761 760/760/760 759/759/759
f 761/761/761 759/759/759 742/742/742
f 762/762/762 760/760/760 761/761/761
f 763/763/763 761/761/761 742/742/742
f 764/764/764 763/763/763 742/742/742
f 765/765/765 764/764/764 742/742/742
f 764/764/764 766/766/766 763/763/763
f 769/769/769 768/768/768 767/767/767
f 767/767/767 768/768/768 770/770/770
f 767/767/767 770/770/770 771/771/771
f 770/770/770 772/772/772 771/771/771
f 770/770/770 773/773/773 772/772/772
f 773/773/773 774/774/774 772/772/772
f 773/773/773 775/775/775 774/774/774
f 775/775/775 776/776/776 774/774/774
f 772/772/772 774/774/774 777/777/777
f 772/772/772 777/777/777 771/771/771
f 774/774/774 778/778/778 777/777/777
f 777/777/777 779/779/779 771/771/771
f 777/777/777 778/778/778 779/779/779
f 778/778/778 780/780/780 779/779/779
f 779/779/779 781/781/781 771/771/771
f 779/779/779 780/780/780 781/781/781
f 780/780/780 782/782/782 781/781/781
f 781/781/781 782/782/782 783/783/783
f 782/782/782 784/784/784 783/783/783
f 787/787/787 786/786/786 785/785/785
f 788/788/788 787/787/787 785/785/785
f 789/789/789 787/787/787 788/788/788
f 788/788/788 785/785/785 790/790/790
f 791/791/791 789/789/789 788/788/788
f 792/792/792 788/788/788 790/790/790
f 791/791/791 788/788/788 792/792/792
f 792/792/792 790/790/790 793/793/793
f 794/794/794 791/791/791 792/792/792
f 795/795/795 792/792/792 793/793/793
f 794/794/794 792/792/792 795/795/795
f 795/795/795 793/793/793 796/796/796
f 797/797/797 794/794/794 795/795/795
f 798/798/798 795/795/795 796/796/796
f 797/797/797 795/795/795 798/798/798
f 801/801/801 800/800/800 799/799/799
f 802/802/802 801/801/801 799/799/799
f 802/802/802 799/799/799 803/803/803
f 804/804/804 801/801/801 802/802/802
f 805/805/805 802/802/802 803/803/803
f 805/805/805 803/803/803 806/806/806
f 807/807/807 805/805/805 806/806/806
f 808/808/808 804/804/804 802/802/802
f 808/808/808 802/802/802 805/805/805
f 809/809/809 804/804/804 808/808/808
f 810/810/810 809/809/809 808/808/808
f 811/811/811 805/805/805 807/807/807
f 811/811/811 808/808/808 805/805/805
f 810/810/810 808/808/808 811/811/811
f 812/812/812 811/811/811 807/807/807
f 813/813/813 810/810/810 811/811/811
f 816/816/816 815/815/815 814/814/814
f 817/817/817 816/816/816 814/814/814
f 820/820/820 819/819/819 818/818/818
f 821/821/821 820/820/820 818/818/818
f 822/822/822 820/820/820 821/821/821
f 822/822/822 823/823/823 820/820/820
f 823/823/823 824/824/824 820/820/820
f 825/825/825 823/823/823 822/822/822
f 826/826/826 825/825/825 822/822/822
f 825/825/825 827/827/827 823/823/823
f 827/827/827 828/828/828 823/823/823
f 827/827/827 829/829/829 828/828/828
f 829/829/829 830/830/830 828/828/828
f 831/831/831 829/829/829 827/827/827
f 832/832/832 831/831/831 827/827/827
f 832/832/832 827/827/827 825/825/825
f 833/833/833 831/831/831 832/832/832
f 834/834/834 833/833/833 832/832/832
f 835/835/835 832/832/832 825/825/825
f 834/834/834 832/832/832 835/835/835
f 835/835/835 825/825/825 826/826/826
f 836/836/836 834/834/834 835/835/835
f 837/837/837 835/835/835 826/826/826
f 836/836/836 835/835/835 837/837/837
f 838/838/838 836/836/836 837/837/837
f 837/837/837 826/826/826 839/839/839
f 840/840/840 837/837/837 839/839/839
f 843/843/843 842/842/842 841/841/841
f 844/844/844 842/842/842 843/843/843
f 845/845/845 844/844/844 843/843/843
f 848/848/848 847/847/847 846/846/846
f 849/849/849 847/847/847 848/848/848
f 849/849/849 850/850/850 847/847/847
f 850/850/850 851/851/851 847/847/847
f 854/854/854 853/853/853 852/852/852
f 854/854/854 855/855/855 853/853/853
f 855/855/855 856/856/856 853/853/853
f 855/855/855 857/857/857 856/856/856
f 857/857/857 858/858/858 856/856/856
f 859/859/859 857/857/857 855/855/855
f 860/860/860 859/859/859 855/855/855
f 859/859/859 861/861/861 857/857/857
f 861/861/861 862/862/862 857/857/857
f 857/857/857 862/862/862 858/858/858
f 862/862/862 863/863/863 858/858/858
f 866/866/866 865/865/865 864/864/864
f 867/867/867 865/865/865 866/866/866
f 868/868/868 867/867/867 866/866/866
f 867/867/867 869/869/869 865/865/865
f 869/869/869 870/870/870 865/865/865
f 871/871/871 867/867/867 868/868/868
f 872/872/872 871/871/871 868/868/868
f 873/873/873 869/869/869 867/867/867
f 871/871/871 873/873/873 867/867/867
f 874/874/874 871/871/871 872/872/872
f 875/875/875 874/874/874 872/872/872
f 874/874/874 876/876/876 871/871/871
f 876/876/876 873/873/873 871/871/871
f 876/876/876 877/877/877 873/873/873
f 873/873/873 878/878/878 869/869/869
f 877/877/877 878/878/878 873/873/873
f 877/877/877 879/879/879 878/878/878
f 878/878/878 880/880/880 869/869/869
f 879/879/879 881/881/881 878/878/878
f 878/878/878 881/881/881 880/880/880
f 881/881/881 882/882/882 880/880/880
f 885/885/885 884/884/884 883/883/883
f 884/884/884 886/886/886 883/883/883
f 884/884/884 887/887/887 886/886/886
f 890/890/890 889/889/889 888/888/888
f 889/889/889 891/891/891 888/888/888
f 889/889/889 892/892/892 891/891/891
f 892/892/892 893/893/893 891/891/891
f 892/892/892 894/894/894 893/893/893
f 894/894/894 895/895/895 893/893/893
f 898/898/898 897/897/897 896/896/896
f 899/899/899 898/898/898 896/896/896
f 900/900/900 898/898/898 899/899/899
f 899/899/899 896/896/896 901/901/901
f 902/902/902 900/900/900 899/899/899
f 903/903/903 899/899/899 901/901/901
f 902/902/902 899/899/899 903/903/903
f 903/903/903 901/901/901 904/904/904
f 905/905/905 902/902/902 903/903/903
f 906/906/906 902/902/902 905/905/905
f 907/907/907 903/903/903 904/904/904
f 905/905/905 903/903/903 907/907/907
f 907/907/907 904/904/904 908/908/908
f 909/909/909 907/907/907 908/908/908
f 910/910/910 907/907/907 909/909/909
f 910/910/910 905/905/905 907/907/907
f 911/911/911 910/910/910 909/909/909
f 912/912/912 906/906/906 905/905/905
f 912/912/912 905/905/905 910/910/910
f 913/913/913 906/906/906 912/912/912
f 914/914/914 913/913/913 912/912/912
f 915/915/915 910/910/910 911/911/911
f 915/915/915 912/912/912 910/910/910
f 914/914/914 912/912/912 915/915/915
f 916/916/916 915/915/915 911/911/911
f 917/917/917 914/914/914 915/915/915
f 917/917/917 915/915/915 916/916/916
f 918/918/918 917/917/917 916/916/916
f 921/921/921 920/920/920 919/919/919
f 920/920/920 922/922/922 919/919/919
f 923/923/923 922/922/922 920/920/920
f 924/924/924 923/923/923 920/920/920
f 923/923/923 925/925/925 922/922/922
f 925/925/925 926/926/926 922/922/922
f 922/922/922 926/926/926 919/919/919
f 925/925/925 927/927/927 926/926/926
f 926/926/926 928/928/928 919/919/919
f 927/927/927 928/928/928 926/926/926
f 927/927/927 929/929/929 928/928/928
f 930/930/930 929/929/929 927/927/927
f 931/931/931 930/930/930 927/927/927
f 929/929/929 932/932/932 928/928/928
f 928/928/928 932/932/932 919/919/919
f 929/929/929 933/933/933 932/932/932
f 933/933/933 934/934/934 932/932/932
f 932/932/932 934/934/934 919/919/919
f 933/933/933 935/935/935 934/934/934
f 935/935/935 936/936/936 934/934/934
f 934/934/934 936/936/936 919/919/919
f 935/935/935 937/937/937 936/936/936
f 937/937/937 938/938/938 936/936/936
f 936/936/936 938/938/938 919/919/919
f 938/938/938 939/939/939 919/919/919
f 942/942/942 941/941/941 940/940/940
f 941/941/941 943/943/943 940/940/940
f 940/940/940 943/943/943 944/944/944
f 940/940/940 944/944/944 945/945/945
f 945/945/945 944/944/944 946/946/946
f 947/947/947 940/940/940 945/945/945
f 947/947/947 945/945/945 948/948/948
f 948/948/948 945/945/945 946/946/946
f 943/943/943 949/949/949 944/944/944
f 944/944/944 949/949/949 946/946/946
f 943/943/943 950/950/950 949/949/949
f 950/950/950 951/951/951 949/949/949
f 949/949/949 951/951/951 946/946/946
f 950/950/950 952/952/952 951/951/951
f 952/952/952 953/953/953 951/951/951
f 951/951/951 953/953/953 946/946/946
f 952/952/952 954/954/954 953/953/953
f 954/954/954 955/955/955 953/953/953
f 953/953/953 955/955/955 946/946/946
f 954/954/954 956/956/956 955/955/955
f 955/955/955 957/957/957 946/946/946
f 956/956/956 957/957/957 955/955/955
f 957/957/957 958/958/958 946/946/946
f 956/956/956 959/959/959 957/957/957
f 959/959/959 958/958/958 957/957/957
f 960/960/960 959/959/959 956/956/956
f 961/961/961 960/960/960 956/956/956
f 959/959/959 962/962/962 958/958/958
f 962/962/962 963/963/963 958/958/958
f 966/966/966 965/965/965 964/964/964
f 966/966/966 964/964/964 967/967/967
f 968/968/968 966/966/966 967/967/967
f 969/969/969 966/966/966 968/968/968
f 968/968/968 967/967/967 970/970/970
f 971/971/971 969/969/969 968/968/968
f 972/972/972 968/968/968 970/970/970
f 971/971/971 968/968/968 972/972/972
f 972/972/972 970/970/970 973/973/973
f 974/974/974 972/972/972 973/973/973
f 975/975/975 971/971/971 972/972/972
f 975/975/975 972/972/972 974/974/974
f 976/976/976 971/971/971 975/975/975
f 977/977/977 975/975/975 974/974/974
f 977/977/977 974/974/974 978/978/978
f 979/979/979 977/977/977 978/978/978
f 980/980/980 976/976/976 975/975/975
f 980/980/980 975/975/975 977/977/977
f 981/981/981 977/977/977 979/979/979
f 981/981/981 980/980/980 977/977/977
f 982/982/982 981/981/981 979/979/979
f 983/983/983 976/976/976 980/980/980
f 983/983/983 984/984/984 976/976/976
f 985/985/985 983/983/983 980/980/980
f 985/985/985 980/980/980 981/981/981
f 986/986/986 985/985/985 981/981/981
f 986/986/986 981/981/981 982/982/982
f 987/987/987 986/986/986 982/982/982
f 990/990/990 989/989/989 988/988/988
f 990/990/990 988/988/988 991/991/991
f 991/991/991 988/988/988 992/992/992
f 993/993/993 990/990/990 991/991/991
f 994/994/994 991/991/991 992/992/992
f 993/993/993 991/991/991 994/994/994
f 995/995/995 994/994/994 992/992/992
f 996/996/996 993/993/993 994/994/994
f 996/996/996 994/994/994 995/995/995
f 997/997/997 996/996/996 995/995/995
f 997/997/997 995/995/995 998/998/998
f 999/999/999 997/997/997 998/998/998
f 1000/1000/1000 996/996/996 997/997/997
f 1001/1001/1001 1000/1000/1000 997/997/997
f 1004/1004/1004 1003/1003/1003 1002/1002/1002
f 1003/1003/1003 1005/1005/1005 1002/1002/1002
f 1002/1002/1002 1005/1005/1005 1006/1006/1006
f 1005/1005/1005 1007/1007/1007 1006/1006/1006
f 1010/1010/1010 1009/1009/1009 1008/1008/1008
f 1009/1009/1009 1011/1011/1011 1008/1008/1008
f 1008/1008/1008 1011/1011/1011 1012/1012/1012
f 1009/1009/1009 1013/1013/1013 1011/1011/1011
f 1011/1011/1011 1014/1014/1014 1012/1012/1012
f 1012/1012/1012 1014/1014/1014 1015/1015/1015
f 1014/1014/1014 1016/1016/1016 1015/1015/1015
f 1013/1013/1013 1017/1017/1017 1011/1011/1011
f 1011/1011/1011 1017/1017/1017 1014/1014/1014
f 1013/1013/1013 1018/1018/1018 1017/1017/1017
f 1018/1018/1018 1019/1019/1019 1017/1017/1017
f 1017/1017/1017 1020/1020/1020 1014/1014/1014
f 1017/1017/1017 1019/1019/1019 1020/1020/1020
f 1014/1014/1014 1020/1020/1020 1016/1016/1016
f 1019/1019/1019 1021/1021/1021 1020/1020/1020
f 1020/1020/1020 1022/1022/1022 1016/1016/1016
f 1020/1020/1020 1021/1021/1021 1022/1022/1022
f 1021/1021/1021 1023/1023/1023 1022/1022/1022
f 1016/1016/1016 1022/1022/1022 1024/1024/1024
f 1022/1022/1022 1025/1025/1025 1024/1024/1024
f 1028/1028/1028 1027/1027/1027 1026/1026/1026
f 1027/1027/1027 1029/1029/1029 1026/1026/1026
f 1027/1027/1027 1030/1030/1030 1029/1029/1029
f 1030/1030/1030 1031/1031/1031 1029/1029/1029
f 1032/1032/1032 1030/1030/1030 1027/1027/1027
f 1033/1033/1033 1032/1032/1032 1027/1027/1027
f 1030/1030/1030 1034/1034/1034 1031/1031/1031
f 1034/1034/1034 1035/1035/1035 1031/1031/1031
f 1036/1036/1036 1034/1034/1034 1030/1030/1030
f 1032/1032/1032 1036/1036/1036 1030/1030/1030
f 1037/1037/1037 1032/1032/1032 1033/1033/1033
f 1038/1038/1038 1037/1037/1037 1033/1033/1033
f 1036/1036/1036 1039/1039/1039 1034/1034/1034
f 1039/1039/1039 1040/1040/1040 1034/1034/1034
f 1041/1041/1041 1039/1039/1039 1036/1036/1036
f 1042/1042/1042 1036/1036/1036 1032/1032/1032
f 1042/1042/1042 1041/1041/1041 1036/1036/1036
f 1037/1037/1037 1042/1042/1042 1032/1032/1032
f 1043/1043/1043 1041/1041/1041 1042/1042/1042
f 1044/1044/1044 1043/1043/1043 1042/1042/1042
f 1044/1044/1044 1042/1042/1042 1037/1037/1037
f 1045/1045/1045 1044/1044/1044 1037/1037/1037
f 1045/1045/1045 1037/1037/1037 1038/1038/1038
f 1046/1046/1046 1045/1045/1045 1038/1038/1038
f 1049/1049/1049 1048/1048/1048 1047/1047/1047
f 1048/1048/1048 1050/1050/1050 1047/1047/1047
f 1048/1048/1048 1051/1051/1051 1050/1050/1050
f 1047/1047/1047 1050/1050/1050 1052/1052/1052
f 1051/1051/1051 1053/1053/1053 1050/1050/1050
f 1050/1050/1050 1054/1054/1054 1052/1052/1052
f 1050/1050/1050 1053/1053/1053 1054/1054/1054
f 1052/1052/1052 1054/1054/1054 1055/1055/1055
f 1053/1053/1053 1056/1056/1056 1054/1054/1054
f 1054/1054/1054 1057/1057/1057 1055/1055/1055
f 1054/1054/1054 1056/1056/1056 1057/1057/1057
f 1055/1055/1055 1057/1057/1057 1058/1058/1058
f 1057/1057/1057 1059/1059/1059 1058/1058/1058
f 1056/1056/1056 1060/1060/1060 1057/1057/1057
f 1057/1057/1057 1060/1060/1060 1059/1059/1059
f 1056/1056/1056 1061/1061/1061 1060/1060/1060
f 1060/1060/1060 1062/1062/1062 1059/1059/1059
f 1061/1061/1061 1063/1063/1063 1060/1060/1060
f 1060/1060/1060 1063/1063/1063 1062/1062/1062
f 1061/1061/1061 1064/1064/1064 1063/1063/1063
f 1063/1063/1063 1065/1065/1065 1062/1062/1062
f 1064/1064/1064 1066/1066/1066 1063/1063/1063
f 1063/1063/1063 1066/1066/1066 1065/1065/1065
f 1069/1069/1069 1068/1068/1068 1067/1067/1067
f 1068/1068/1068 1070/1070/1070 1067/1067/1067
f 1067/1067/1067 1070/1070/1070 1071/1071/1071
f 1068/1068/1068 1072/1072/1072 1070/1070/1070
f 1070/1070/1070 1073/1073/1073 1071/1071/1071
f 1072/1072/1072 1074/1074/1074 1070/1070/1070
f 1070/1070/1070 1074/1074/1074 1073/1073/1073
f 1074/1074/1074 1075/1075/1075 1073/1073/1073
f 1078/1078/1078 1077/1077/1077 1076/1076/1076
f 1077/1077/1077 1079/1079/1079 1076/1076/1076
f 1076/1076/1076 1079/1079/1079 1080/1080/1080
f 1079/1079/1079 1081/1081/1081 1080/1080/1080
f 1080/1080/1080 1081/1081/1081 1082/1082/1082
f 1079/1079/1079 1083/1083/1083 1081/1081/1081
f 1081/1081/1081 1084/1084/1084 1082/1082/1082
f 1082/1082/1082 1084/1084/1084 1085/1085/1085
f 1084/1084/1084 1086/1086/1086 1085/1085/1085
f 1083/1083/1083 1087/1087/1087 1081/1081/1081
f 1081/1081/1081 1087/1087/1087 1084/1084/1084
f 1083/1083/1083 1088/1088/1088 1087/1087/1087
f 1084/1084/1084 1089/1089/1089 1086/1086/1086
f 1087/1087/1087 1089/1089/1089 1084/1084/1084
f 1089/1089/1089 1090/1090/1090 1086/1086/1086
f 1088/1088/1088 1091/1091/1091 1087/1087/1087
f 1087/1087/1087 1091/1091/1091 1089/1089/1089
f 1088/1088/1088 1092/1092/1092 1091/1091/1091
f 1092/1092/1092 1093/1093/1093 1091/1091/1091
f 1089/1089/1089 1094/1094/1094 1090/1090/1090
f 1091/1091/1091 1094/1094/1094 1089/1089/1089
f 1091/1091/1091 1093/1093/1093 1094/1094/1094
f 1094/1094/1094 1095/1095/1095 1090/1090/1090
f 1093/1093/1093 1096/1096/1096 1094/1094/1094
f 1094/1094/1094 1096/1096/1096 1095/1095/1095
f 1096/1096/1096 1097/1097/1097 1095/1095/1095
f 1100/1100/1100 1099/1099/1099 1098/1098/1098
f 1099/1099/1099 1101/1101/1101 1098/1098/1098
f 1099/1099/1099 1102/1102/1102 1101/1101/1101
f 1102/1102/1102 1103/1103/1103 1101/1101/1101
f 1101/1101/1101 1103/1103/1103 1104/1104/1104
f 1101/1101/1101 1104/1104/1104 1098/1098/1098
f 1103/1103/1103 1105/1105/1105 1104/1104/1104
f 1104/1104/1104 1106/1106/1106 1098/1098/1098
f 1104/1104/1104 1105/1105/1105 1106/1106/1106
f 1105/1105/1105 1107/1107/1107 1106/1106/1106
f 1106/1106/1106 1108/1108/1108 1098/1098/1098
f 1106/1106/1106 1107/1107/1107 1108/1108/1108
f 1108/1108/1108 1109/1109/1109 1098/1098/1098
f 1107/1107/1107 1110/1110/1110 1108/1108/1108
f 1108/1108/1108 1110/1110/1110 1109/1109/1109
f 1110/1110/1110 1111/1111/1111 1109/1109/1109
f 1109/1109/1109 1111/1111/1111 1112/1112/1112
f 1109/1109/1109 1112/1112/1112 1098/1098/1098
f 1111/1111/1111 1113/1113/1113 1112/1112/1112
f 1112/1112/1112 1113/1113/1113 1114/1114/1114
f 1112/1112/1112 1114/1114/1114 1098/1098/1098
f 1113/1113/1113 1115/1115/1115 1114/1114/1114
f 1113/1113/1113 1116/1116/1116 1115/1115/1115
f 1116/1116/1116 1117/1117/1117 1115/1115/1115
f 1114/1114/1114 1115/1115/1115 1118/1118/1118
f 1114/1114/1114 1118/1118/1118 1098/1098/1098
f 1115/1115/1115 1119/1119/1119 1118/1118/1118
f 1118/1118/1118 1119/1119/1119 1120/1120/1120
f 1118/1118/1118 1120/1120/1120 1098/1098/1098
f 1119/1119/1119 1121/1121/1121 1120/1120/1120
f 1120/1120/1120 1121/1121/1121 1122/1122/1122
f 1120/1120/1120 1122/1122/1122 1098/1098/1098
f 1121/1121/1121 1123/1123/1123 1122/1122/1122
f 1122/1122/1122 1124/1124/1124 1098/1098/1098
f 1124/1124/1124 1125/1125/1125 1098/1098/1098
f 1128/1128/1128 1127/1127/1127 1126/1126/1126
f 1126/1126/1126 1130/1130/1130 1129/1129/1129
f 1130/1130/1130 1131/1131/1131 1129/1129/1129
f 1133/1133/1133 1132/1132/1132 1127/1127/1127
f 1132/1132/1132 1134/1134/1134 1127/1127/1127
f 1132/1132/1132 1135/1135/1135 1134/1134/1134
f 1135/1135/1135 1136/1136/1136 1134/1134/1134
f 1135/1135/1135 1137/1137/1137 1136/1136/1136
f 1137/1137/1137 1138/1138/1138 1136/1136/1136
f 1136/1136/1136 1138/1138/1138 1139/1139/1139
f 1136/1136/1136 1139/1139/1139 1140/1140/1140
f 1143/1143/1143 1142/1142/1142 1141/1141/1141
f 1143/1143/1143 1144/1144/1144 1142/1142/1142
f 1144/1144/1144 1145/1145/1145 1142/1142/1142
f 1144/1144/1144 1146/1146/1146 1145/1145/1145
f 1142/1142/1142 1145/1145/1145 1147/1147/1147
f 1145/1145/1145 1148/1148/1148 1147/1147/1147
f 1145/1145/1145 1149/1149/1149 1148/1148/1148
f 1147/1147/1147 1148/1148/1148 1150/1150/1150
f 1147/1147/1147 1150/1150/1150 1151/1151/1151
f 1152/1152/1152 1147/1147/1147 1151/1151/1151
f 1151/1151/1151 1150/1150/1150 1153/1153/1153
f 1150/1150/1150 1154/1154/1154 1153/1153/1153
f 1148/1148/1148 1155/1155/1155 1150/1150/1150
f 1150/1150/1150 1155/1155/1155 1154/1154/1154
f 1149/1149/1149 1156/1156/1156 1148/1148/1148
f 1148/1148/1148 1156/1156/1156 1155/1155/1155
f 1155/1155/1155 1157/1157/1157 1154/1154/1154
f 1154/1154/1154 1157/1157/1157 1158/1158/1158
f 1157/1157/1157 1159/1159/1159 1158/1158/1158
f 1149/1149/1149 1160/1160/1160 1156/1156/1156
f 1161/1161/1161 1160/1160/1160 1149/1149/1149
f 1160/1160/1160 1162/1162/1162 1156/1156/1156
f 1156/1156/1156 1163/1163/1163 1155/1155/1155
f 1156/1156/1156 1162/1162/1162 1163/1163/1163
f 1155/1155/1155 1163/1163/1163 1157/1157/1157
f 1162/1162/1162 1164/1164/1164 1163/1163/1163
f 1157/1157/1157 1165/1165/1165 1159/1159/1159
f 1163/1163/1163 1165/1165/1165 1157/1157/1157
f 1163/1163/1163 1164/1164/1164 1165/1165/1165
f 1165/1165/1165 1166/1166/1166 1159/1159/1159
f 1164/1164/1164 1167/1167/1167 1165/1165/1165
f 1165/1165/1165 1167/1167/1167 1166/1166/1166
f 1167/1167/1167 1168/1168/1168 1166/1166/1166
f 1171/1171/1171 1170/1170/1170 1169/1169/1169
f 1170/1170/1170 1172/1172/1172 1169/1169/1169
f 1170/1170/1170 1173/1173/1173 1172/1172/1172
f 1172/1172/1172 1174/1174/1174 1169/1169/1169
f 1174/1174/1174 1175/1175/1175 1169/1169/1169
f 1173/1173/1173 1176/1176/1176 1172/1172/1172
f 1172/1172/1172 1176/1176/1176 1174/1174/1174
f 1173/1173/1173 1177/1177/1177 1176/1176/1176
f 1177/1177/1177 1178/1178/1178 1176/1176/1176
f 1176/1176/1176 1179/1179/1179 1174/1174/1174
f 1174/1174/1174 1179/1179/1179 1175/1175/1175
f 1179/1179/1179 1180/1180/1180 1175/1175/1175
f 1175/1175/1175 1180/1180/1180 1181/1181/1181
f 1180/1180/1180 1182/1182/1182 1181/1181/1181
f 1185/1185/1185 1184/1184/1184 1183/1183/1183
f 1184/1184/1184 1186/1186/1186 1183/1183/1183
f 1184/1184/1184 1187/1187/1187 1186/1186/1186
f 1187/1187/1187 1188/1188/1188 1186/1186/1186
f 1187/1187/1187 1189/1189/1189 1188/1188/1188
f 1189/1189/1189 1190/1190/1190 1188/1188/1188
f 1193/1193/1193 1192/1192/1192 1191/1191/1191
f 1194/1194/1194 1193/1193/1193 1191/1191/1191
f 1194/1194/1194 1191/1191/1191 1195/1195/1195
f 1196/1196/1196 1193/1193/1193 1194/1194/1194
f 1197/1197/1197 1194/1194/1194 1195/1195/1195
f 1197/1197/1197 1195/1195/1195 1198/1198/1198
f 1199/1199/1199 1197/1197/1197 1198/1198/1198
f 1200/1200/1200 1196/1196/1196 1194/1194/1194
f 1200/1200/1200 1194/1194/1194 1197/1197/1197
f 1201/1201/1201 1200/1200/1200 1197/1197/1197
f 1202/1202/1202 1196/1196/1196 1200/1200/1200
f 1203/1203/1203 1202/1202/1202 1200/1200/1200
f 1206/1206/1206 1205/1205/1205 1204/1204/1204
f 1207/1207/1207 1206/1206/1206 1204/1204/1204
f 1210/1210/1210 1209/1209/1209 1208/1208/1208
f 1211/1211/1211 1210/1210/1210 1208/1208/1208
f 1211/1211/1211 1208/1208/1208 1212/1212/1212
f 1213/1213/1213 1210/1210/1210 1211/1211/1211
f 1214/1214/1214 1211/1211/1211 1212/1212/1212
f 1215/1215/1215 1213/1213/1213 1211/1211/1211
f 1215/1215/1215 1211/1211/1211 1214/1214/1214
f 1216/1216/1216 1213/1213/1213 1215/1215/1215
f 1217/1217/1217 1215/1215/1215 1214/1214/1214
f 1218/1218/1218 1216/1216/1216 1215/1215/1215
f 1218/1218/1218 1215/1215/1215 1217/1217/1217
f 1219/1219/1219 1218/1218/1218 1217/1217/1217
f 1222/1222/1222 1221/1221/1221 1220/1220/1220
f 1223/1223/1223 1222/1222/1222 1220/1220/1220
f 1223/1223/1223 1220/1220/1220 1224/1224/1224
f 1224/1224/1224 1220/1220/1220 1225/1225/1225
f 1220/1220/1220 1226/1226/1226 1225/1225/1225
f 1224/1224/1224 1225/1225/1225 1227/1227/1227
f 1228/1228/1228 1224/1224/1224 1227/1227/1227
f 1229/1229/1229 1223/1223/1223 1224/1224/1224
f 1229/1229/1229 1224/1224/1224 1228/1228/1228
f 1230/1230/1230 1223/1223/1223 1229/1229/1229
f 1231/1231/1231 1229/1229/1229 1228/1228/1228
f 1232/1232/1232 1230/1230/1230 1229/1229/1229
f 1232/1232/1232 1229/1229/1229 1231/1231/1231
f 1233/1233/1233 1230/1230/1230 1232/1232/1232
f 1234/1234/1234 1232/1232/1232 1231/1231/1231
f 1235/1235/1235 1233/1233/1233 1232/1232/1232
f 1235/1235/1235 1232/1232/1232 1234/1234/1234
f 1236/1236/1236 1235/1235/1235 1234/1234/1234
f 1237/1237/1237 1233/1233/1233 1235/1235/1235
f 1238/1238/1238 1237/1237/1237 1235/1235/1235
f 1241/1241/1241 1240/1240/1240 1239/1239/1239
f 1241/1241/1241 1242/1242/1242 1240/1240/1240
f 1242/1242/1242 1243/1243/1243 1240/1240/1240
f 1246/1246/1246 1245/1245/1245 1244/1244/1244
f 1247/1247/1247 1245/1245/1245 1246/1246/1246
f 1248/1248/1248 1247/1247/1247 1246/1246/1246
f 1247/1247/1247 1249/1249/1249 1245/1245/1245
f 1249/1249/1249 1250/1250/1250 1245/1245/1245
f 1251/1251/1251 1247/1247/1247 1248/1248/1248
f 1252/1252/1252 1251/1251/1251 1248/1248/1248
f 1253/1253/1253 1251/1251/1251 1252/1252/1252
f 1254/1254/1254 1253/1253/1253 1252/1252/1252
f 1253/1253/1253 1255/1255/1255 1251/1251/1251
f 1251/1251/1251 1256/1256/1256 1247/1247/1247
f 1255/1255/1255 1256/1256/1256 1251/1251/1251
f 1256/1256/1256 1249/1249/1249 1247/1247/1247
f 1255/1255/1255 1257/1257/1257 1256/1256/1256
f 1257/1257/1257 1258/1258/1258 1256/1256/1256
f 1256/1256/1256 1258/1258/1258 1249/1249/1249
f 1257/1257/1257 1259/1259/1259 1258/1258/1258
f 1259/1259/1259 1260/1260/1260 1258/1258/1258
f 1249/1249/1249 1261/1261/1261 1250/1250/1250
f 1258/1258/1258 1261/1261/1261 1249/1249/1249
f 1258/1258/1258 1260/1260/1260 1261/1261/1261
f 1261/1261/1261 1262/1262/1262 1250/1250/1250
f 1260/1260/1260 1263/1263/1263 1261/1261/1261
f 1266/1266/1266 1265/1265/1265 1264/1264/1264
f 1267/1267/1267 1266/1266/1266 1264/1264/1264
f 1268/1268/1268 1266/1266/1266 1267/1267/1267
f 1269/1269/1269 1268/1268/1268 1267/1267/1267
f 1269/1269/1269 1267/1267/1267 1270/1270/1270
f 1271/1271/1271 1268/1268/1268 1269/1269/1269
f 1272/1272/1272 1269/1269/1269 1270/1270/1270
f 1272/1272/1272 1271/1271/1271 1269/1269/1269
f 1273/1273/1273 1272/1272/1272 1270/1270/1270
f 1274/1274/1274 1271/1271/1271 1272/1272/1272
f 1273/1273/1273 1274/1274/1274 1272/1272/1272
f 1275/1275/1275 1274/1274/1274 1273/1273/1273
f 1276/1276/1276 1275/1275/1275 1273/1273/1273
f 1275/1275/1275 1277/1277/1277 1274/1274/1274
f 1277/1277/1277 1278/1278/1278 1274/1274/1274
f 1279/1279/1279 1275/1275/1275 1276/1276/1276
f 1280/1280/1280 1279/1279/1279 1276/1276/1276
f 1283/1283/1283 1282/1282/1282 1281/1281/1281
f 1284/1284/1284 1283/1283/1283 1281/1281/1281
f 1284/1284/1284 1281/1281/1281 1285/1285/1285
f 1286/1286/1286 1284/1284/1284 1285/1285/1285
f 1287/1287/1287 1283/1283/1283 1284/1284/1284
f 1288/1288/1288 1287/1287/1287 1284/1284/1284
f 1291/1291/1291 1290/1290/1290 1289/1289/1289
f 1292/1292/1292 1291/1291/1291 1289/1289/1289
f 1289/1289/1289 1290/1290/1290 1293/1293/1293
f 1294/1294/1294 1291/1291/1291 1292/1292/1292
f 1290/1290/1290 1295/1295/1295 1293/1293/1293
f 1296/1296/1296 1294/1294/1294 1292/1292/1292
f 1293/1293/1293 1295/1295/1295 1297/1297/1297
f 1298/1298/1298 1294/1294/1294 1296/1296/1296
f 1295/1295/1295 1299/1299/1299 1297/1297/1297
f 1300/1300/1300 1298/1298/1298 1296/1296/1296
f 1297/1297/1297 1299/1299/1299 1301/1301/1301
f 1302/1302/1302 1298/1298/1298 1300/1300/1300
f 1299/1299/1299 1303/1303/1303 1301/1301/1301
f 1304/1304/1304 1302/1302/1302 1300/1300/1300
f 1301/1301/1301 1303/1303/1303 1305/1305/1305
f 1306/1306/1306 1302/1302/1302 1304/1304/1304
f 1303/1303/1303 1307/1307/1307 1305/1305/1305
f 1308/1308/1308 1306/1306/1306 1304/1304/1304
f 1305/1305/1305 1307/1307/1307 1309/1309/1309
f 1310/1310/1310 1306/1306/1306 1308/1308/1308
f 1307/1307/1307 1311/1311/1311 1309/1309/1309
f 1312/1312/1312 1310/1310/1310 1308/1308/1308
f 1309/1309/1309 1311/1311/1311 1313/1313/1313
f 1314/1314/1314 1310/1310/1310 1312/1312/1312
f 1311/1311/1311 1315/1315/1315 1313/1313/1313
f 1316/1316/1316 1314/1314/1314 1312/1312/1312
f 1313/1313/1313 1315/1315/1315 1317/1317/1317
f 1318/1318/1318 1314/1314/1314 1316/1316/1316
f 1315/1315/1315 1319/1319/1319 1317/1317/1317
f 1320/1320/1320 1318/1318/1318 1316/1316/1316
f 1317/1317/1317 1319/1319/1319 1321/1321/1321
f 1322/1322/1322 1318/1318/1318 1320/1320/1320
f 1319/1319/1319 1323/1323/1323 1321/1321/1321
f 1324/1324/1324 1322/1322/1322 1320/1320/1320
f 1321/1321/1321 1323/1323/1323 1325/1325/1325
f 1326/1326/1326 1322/1322/1322 1324/1324/1324
f 1323/1323/1323 1327/1327/1327 1325/1325/1325
f 1328/1328/1328 1326/1326/1326 1324/1324/1324
f 1325/1325/1325 1327/1327/1327 1328/1328/1328
f 1327/1327/1327 1326/1326/1326 1328/1328/1328
f 1331/1331/1331 1330/1330/1330 1329/1329/1329
f 1332/1332/1332 1331/1331/1331 1329/1329/1329
f 1329/1329/1329 1330/1330/1330 1333/1333/1333
f 1334/1334/1334 1331/1331/1331 1332/1332/1332
f 1330/1330/1330 1335/1335/1335 1333/1333/1333
f 1336/1336/1336 1334/1334/1334 1332/1332/1332
f 1333/1333/1333 1335/1335/1335 1337/1337/1337
f 1338/1338/1338 1334/1334/1334 1336/1336/1336
f 1335/1335/1335 1339/1339/1339 1337/1337/1337
f 1340/1340/1340 1338/1338/1338 1336/1336/1336
f 1337/1337/1337 1339/1339/1339 1341/1341/1341
f 1342/1342/1342 1338/1338/1338 1340/1340/1340
f 1339/1339/1339 1343/1343/1343 1341/1341/1341
f 1344/1344/1344 1342/1342/1342 1340/1340/1340
f 1341/1341/1341 1343/1343/1343 1345/1345/1345
f 1346/1346/1346 1342/1342/1342 1344/1344/1344
f 1343/1343/1343 1347/1347/1347 1345/1345/1345
f 1348/1348/1348 1346/1346/1346 1344/1344/1344
f 1345/1345/1345 1347/1347/1347 1349/1349/1349
f 1350/1350/1350 1346/1346/1346 1348/1348/1348
f 1347/1347/1347 1351/1351/1351 1349/1349/1349
f 1352/1352/1352 1350/1350/1350 1348/1348/1348
f 1349/1349/1349 1351/1351/1351 1353/1353/1353
f 1354/1354/1354 1350/1350/1350 1352/1352/1352
f 1351/1351/1351 1355/1355/1355 1353/1353/1353
f 1356/1356/1356 1354/1354/1354 1352/1352/1352
f 1353/1353/1353 1355/1355/1355 1357/1357/1357
f 1358/1358/1358 1354/1354/1354 1356/1356/1356
f 1355/1355/1355 1359/1359/1359 1357/1357/1357
f 1360/1360/1360 1358/1358/1358 1356/1356/1356
f 1357/1357/1357 1359/1359/1359 1361/1361/1361
f 1362/1362/1362 1358/1358/1358 1360/1360/1360
f 1359/1359/1359 1363/1363/1363 1361/1361/1361
f 1364/1364/1364 1362/1362/1362 1360/1360/1360
f 1361/1361/1361 1363/1363/1363 1365/1365/1365
f 1366/1366/1366 1362/1362/1362 1364/1364/1364
f 1363/1363/1363 1367/1367/1367 1365/1365/1365
f 1368/1368/1368 1366/1366/1366 1364/1364/1364
f 1365/1365/1365 1367/1367/1367 1368/1368/1368
f 1367/1367/1367 1366/1366/1366 1368/1368/1368
f 1371/1371/1371 1370/1370/1370 1369/1369/1369
f 1372/1372/1372 1371/1371/1371 1369/1369/1369
f 1369/1369/1369 1370/1370/1370 1373/1373/1373
f 1374/1374/1374 1371/1371/1371 1372/1372/1372
f 1370/1370/1370 1375/1375/1375 1373/1373/1373
f 1376/1376/1376 1374/1374/1374 1372/1372/1372
f 1373/1373/1373 1375/1375/1375 1377/1377/1377
f 1378/1378/1378 1374/1374/1374 1376/1376/1376
f 1375/1375/1375 1379/1379/1379 1377/1377/1377
f 1380/1380/1380 1378/1378/1378 1376/1376/1376
f 1377/1377/1377 1379/1379/1379 1381/1381/1381
f 1382/1382/1382 1378/1378/1378 1380/1380/1380
f 1379/1379/1379 1383/1383/1383 1381/1381/1381
f 1384/1384/1384 1382/1382/1382 1380/1380/1380
f 1381/1381/1381 1383/1383/1383 1385/1385/1385
f 1386/1386/1386 1382/1382/1382 1384/1384/1384
f 1383/1383/1383 1387/1387/1387 1385/1385/1385
f 1388/1388/1388 1386/1386/1386 1384/1384/1384
f 1385/1385/1385 1387/1387/1387 1389/1389/1389
f 1390/1390/1390 1386/1386/1386 1388/1388/1388
f 1387/1387/1387 1391/1391/1391 1389/1389/1389
f 1392/1392/1392 1390/1390/1390 1388/1388/1388
f 1389/1389/1389 1391/1391/1391 1393/1393/1393
f 1394/1394/1394 1390/1390/1390 1392/1392/1392
f 1391/1391/1391 1395/1395/1395 1393/1393/1393
f 1396/1396/1396 1394/1394/1394 1392/1392/1392
f 1393/1393/1393 1395/1395/1395 1397/1397/1397
f 1398/1398/1398 1394/1394/1394 1396/1396/1396
f 1395/1395/1395 1399/1399/1399 1397/1397/1397
f 1400/1400/1400 1398/1398/1398 1396/1396/1396
f 1397/1397/1397 1399/1399/1399 1401/1401/1401
f 1402/1402/1402 1398/1398/1398 1400/1400/1400
f 1399/1399/1399 1403/1403/1403 1401/1401/1401
f 1404/1404/1404 1402/1402/1402 1400/1400/1400
f 1401/1401/1401 1403/1403/1403 1405/1405/1405
f 1406/1406/1406 1402/1402/1402 1404/1404/1404
f 1403/1403/1403 1407/1407/1407 1405/1405/1405
f 1408/1408/1408 1406/1406/1406 1404/1404/1404
f 1405/1405/1405 1407/1407/1407 1408/1408/1408
f 1407/1407/1407 1406/1406/1406 1408/1408/1408
g Bowl_b059dd76
v 2.02457 2.61964 -2.13759
v 2.03669 2.61964 -2.13142
v 2.0463 2.63319 -2.14465
v 2.01115 2.61964 -2.13972
v 2.02963 2.63319 -2.15315
v 2.01115 2.63319 -2.15607
v 1.99772 2.61964 -2.13759
v 1.99266 2.63319 -2.15315
v 2.01115 2.65025 -2.16658
v 1.98942 2.65025 -2.16313
v 1.97599 2.61964 -2.1218
v 1.9856 2.61964 -2.13142
v 1.97599 2.63319 -2.14465
v 1.97599 2.61964 -2.1218
v 1.97599 2.63319 -2.14465
v 1.96275 2.63319 -2.13142
v 1.98942 2.61094 -2.10332
v 1.96981 2.61964 -2.10969
v 1.9883 2.61094 -2.09626
v 1.96769 2.61964 -2.09626
v 2.01115 2.60938 -2.09626
v 1.98942 2.61094 -2.0892
v 1.96981 2.61964 -2.08283
v 1.99266 2.61094 -2.10969
v 1.9856 2.61964 -2.13142
v 1.99266 2.61094 -2.08283
v 1.97599 2.61964 -2.07072
v 1.99772 2.61094 -2.11474
v 1.99772 2.61964 -2.13759
v 1.99772 2.61094 -2.07778
v 1.9856 2.61964 -2.0611
v 2.00409 2.61094 -2.11799
v 2.01115 2.61964 -2.13972
v 2.00409 2.61094 -2.07453
v 2.01115 2.61094 -2.11911
v 2.01115 2.61094 -2.07341
v 1.99772 2.61964 -2.05493
v 2.02457 2.61964 -2.13759
v 2.01821 2.61094 -2.11799
v 2.03669 2.61964 -2.13142
v 2.01115 2.61964 -2.0528
v 2.01821 2.61094 -2.07453
v 2.02457 2.61964 -2.05493
v 2.02457 2.61094 -2.07778
v 2.03669 2.61964 -2.0611
v 2.02963 2.61094 -2.08283
v 2.0463 2.61964 -2.07072
v 2.0463 2.63319 -2.04787
v 2.03287 2.61094 -2.0892
v 2.05248 2.61964 -2.08283
v 2.03399 2.61094 -2.09626
v 2.0546 2.61964 -2.09626
v 2.03287 2.61094 -2.10332
v 2.02963 2.61094 -2.10969
v 2.0463 2.63319 -2.14465
v 2.06803 2.65025 -2.13759
v 2.05248 2.65025 -2.15315
v 2.07061 2.66694 -2.13947
v 2.05435 2.66694 -2.15573
v 2.07019 2.66917 -2.13916
v 2.05404 2.66917 -2.15531
v 2.08056 2.66917 -2.11881
v 2.08106 2.66694 -2.11898
v 2.08413 2.66917 -2.09626
v 2.08465 2.66694 -2.09626
v 2.05954 2.63319 -2.13142
v 2.0463 2.63319 -2.14465
v 2.0463 2.61964 -2.07072
v 2.0463 2.63319 -2.04787
v 2.05954 2.63319 -2.0611
v 1.9895 2.61382 -2.09626
v 1.96989 2.62209 -2.09626
v 1.97191 2.62209 -2.10901
v 2.0328 2.61382 -2.09626
v 2.0524 2.62209 -2.09626
v 2.05038 2.62209 -2.08351
v 2.0463 2.61418 -2.14465
v 2.06803 2.63125 -2.13759
v 2.05248 2.63125 -2.15315
v 2.05248 2.60063 -2.10969
v 2.0546 2.60063 -2.09626
v 2.07096 2.61418 -2.09626
v 1.99363 2.59481 -2.08353
v 1.97777 2.60308 -2.07201
v 1.97191 2.60308 -2.08351
v 1.96981 2.58155 -2.10969
v 1.97599 2.58155 -2.1218
v 1.96275 2.5951 -2.13142
v 1.97599 2.5951 -2.14465
v 1.96981 2.61216 -2.15315
v 1.95426 2.61216 -2.13759
v 1.95426 2.5951 -2.11474
v 1.96794 2.62885 -2.15573
v 1.94427 2.61216 -2.11799
v 1.95168 2.62885 -2.13947
v 1.96825 2.63108 -2.15531
v 1.9521 2.63108 -2.13916
v 1.94123 2.62885 -2.11898
v 1.94083 2.61216 -2.09626
v 1.94173 2.63108 -2.11881
v 1.93764 2.62885 -2.09626
v 1.99772 2.58155 -2.05493
v 1.9856 2.58155 -2.0611
v 1.97599 2.5951 -2.04787
v 2.01115 2.60938 -2.09626
v 2.01821 2.61094 -2.11799
v 2.01115 2.61094 -2.11911
v 2.02457 2.61094 -2.11474
v 2.03669 2.61964 -2.13142
v 2.02963 2.61094 -2.10969
v 2.0463 2.61964 -2.1218
v 2.05954 2.63319 -2.13142
v 2.05248 2.61964 -2.10969
v 2.03287 2.61094 -2.10332
v 2.0546 2.61964 -2.09626
v 2.02457 2.61964 -2.13759
v 2.0463 2.63319 -2.14465
v 2.02963 2.63319 -2.15315
v 2.05248 2.65025 -2.15315
v 2.03287 2.65025 -2.16313
v 2.01115 2.63319 -2.15607
v 2.05435 2.66694 -2.15573
v 2.01115 2.65025 -2.16658
v 2.03386 2.66694 -2.16617
v 2.05404 2.66917 -2.15531
v 2.01115 2.66694 -2.16977
v 2.0337 2.66917 -2.16567
v 2.01115 2.66917 -2.16924
v 1.9856 2.61964 -2.13142
v 1.99772 2.61964 -2.13759
v 1.99266 2.63319 -2.15315
v 1.97599 2.63319 -2.14465
v 1.98942 2.65025 -2.16313
v 1.96981 2.65025 -2.15315
v 1.98843 2.66694 -2.16617
v 1.96794 2.66694 -2.15573
v 2.01115 2.66694 -2.16977
v 2.01115 2.65025 -2.16658
v 2.01115 2.66917 -2.16924
v 1.98859 2.66917 -2.16567
v 1.96825 2.66917 -2.15531
v 1.96981 2.61964 -2.10969
v 1.97599 2.61964 -2.1218
v 1.96275 2.63319 -2.13142
v 1.95426 2.63319 -2.11474
v 1.96769 2.61964 -2.09626
v 1.95133 2.63319 -2.09626
v 1.96981 2.61964 -2.08283
v 1.95426 2.63319 -2.07778
v 1.97599 2.61964 -2.07072
v 1.96275 2.63319 -2.0611
v 2.0463 2.63319 -2.14465
v 2.05954 2.63319 -2.13142
v 2.06803 2.65025 -2.13759
v 2.07802 2.65025 -2.11799
v 2.05248 2.65025 -2.15315
v 2.06803 2.65025 -2.13759
v 2.07061 2.66694 -2.13947
v 2.08106 2.66694 -2.11898
v 2.07802 2.65025 -2.11799
v 2.08465 2.66694 -2.09626
v 2.08146 2.65025 -2.09626
v 2.06803 2.63319 -2.11474
v 2.05954 2.63319 -2.13142
v 2.0463 2.61964 -2.1218
v 2.05248 2.61964 -2.10969
v 2.07096 2.63319 -2.09626
v 2.0546 2.61964 -2.09626
v 2.06803 2.63319 -2.07778
v 2.05248 2.61964 -2.08283
v 2.07802 2.65025 -2.07453
v 2.08106 2.66694 -2.07354
v 2.05954 2.63319 -2.0611
v 2.0463 2.61964 -2.07072
v 2.08056 2.66917 -2.07371
v 2.08413 2.66917 -2.09626
v 2.07019 2.66917 -2.05336
v 2.07061 2.66694 -2.05305
v 2.05404 2.66917 -2.03721
v 2.05435 2.66694 -2.03679
v 2.06803 2.65025 -2.05493
v 2.05248 2.65025 -2.03937
v 2.0463 2.63319 -2.04787
v 2.03669 2.61964 -2.0611
v 2.02963 2.63319 -2.03937
v 2.0463 2.63319 -2.04787
v 2.02457 2.61964 -2.05493
v 2.01115 2.63319 -2.03645
v 2.01115 2.61964 -2.0528
v 2.0463 2.63319 -2.04787
v 2.02963 2.63319 -2.03937
v 2.03287 2.65025 -2.02939
v 2.05248 2.65025 -2.03937
v 2.03386 2.66694 -2.02635
v 2.05435 2.66694 -2.03679
v 2.0337 2.66917 -2.02685
v 2.05404 2.66917 -2.03721
v 2.01115 2.66917 -2.02328
v 1.99772 2.61964 -2.05493
v 1.9856 2.61964 -2.0611
v 1.97599 2.63319 -2.04787
v 1.99266 2.63319 -2.03937
v 2.01115 2.61964 -2.0528
v 1.96981 2.65025 -2.03937
v 2.01115 2.63319 -2.03645
v 1.98942 2.65025 -2.02939
v 1.96794 2.66694 -2.03679
v 2.01115 2.65025 -2.02594
v 2.02963 2.63319 -2.03937
v 2.03287 2.65025 -2.02939
v 1.98843 2.66694 -2.02635
v 1.96825 2.66917 -2.03721
v 1.98859 2.66917 -2.02685
v 2.01115 2.66694 -2.02275
v 2.03386 2.66694 -2.02635
v 2.01115 2.66917 -2.02328
v 1.9856 2.61964 -2.0611
v 1.96275 2.63319 -2.0611
v 1.97599 2.63319 -2.04787
v 1.97599 2.61964 -2.07072
v 1.96794 2.66694 -2.03679
v 1.9521 2.66917 -2.05336
v 1.96825 2.66917 -2.03721
v 1.95168 2.66694 -2.05305
v 1.96981 2.65025 -2.03937
v 1.94173 2.66917 -2.07371
v 1.95426 2.65025 -2.05493
v 1.97599 2.63319 -2.04787
v 1.96275 2.63319 -2.0611
v 1.94123 2.66694 -2.07354
v 1.93816 2.66917 -2.09626
v 1.94427 2.65025 -2.07453
v 1.95426 2.63319 -2.07778
v 1.93764 2.66694 -2.09626
v 1.94173 2.66917 -2.11881
v 1.94123 2.66694 -2.11898
v 1.94083 2.65025 -2.09626
v 1.95133 2.63319 -2.09626
v 1.94427 2.65025 -2.11799
v 1.95426 2.63319 -2.11474
v 1.94123 2.66694 -2.11898
v 1.9521 2.66917 -2.13916
v 1.94173 2.66917 -2.11881
v 1.95168 2.66694 -2.13947
v 1.96825 2.66917 -2.15531
v 1.96794 2.66694 -2.15573
v 1.94427 2.65025 -2.11799
v 1.94083 2.65025 -2.09626
v 1.95426 2.65025 -2.13759
v 1.95426 2.63319 -2.11474
v 1.96981 2.65025 -2.15315
v 1.96275 2.63319 -2.13142
v 1.97599 2.63319 -2.14465
v 2.02389 2.62209 -2.1355
v 2.04454 2.63497 -2.14222
v 2.03539 2.62209 -2.12964
v 2.0287 2.63497 -2.15029
v 2.0504 2.65119 -2.15029
v 2.01115 2.62209 -2.13752
v 2.01115 2.63497 -2.15307
v 2.03178 2.65119 -2.15978
v 2.01115 2.65119 -2.16304
v 1.9984 2.62209 -2.1355
v 1.99359 2.63497 -2.15029
v 1.9869 2.62209 -2.12964
v 1.97776 2.63497 -2.14222
v 1.97777 2.62209 -2.12051
v 1.96519 2.63497 -2.12965
v 1.97776 2.63497 -2.14222
v 1.9869 2.62209 -2.12964
v 1.99363 2.61382 -2.10899
v 1.99055 2.61382 -2.10295
v 1.97191 2.62209 -2.10901
v 1.9895 2.61382 -2.09626
v 1.99842 2.61382 -2.11378
v 1.9984 2.62209 -2.1355
v 2.01115 2.61099 -2.09626
v 1.99055 2.61382 -2.08957
v 2.00445 2.61382 -2.11685
v 1.96989 2.62209 -2.09626
v 1.97191 2.62209 -2.08351
v 1.99363 2.61382 -2.08353
v 1.99842 2.61382 -2.07874
v 2.00445 2.61382 -2.07567
v 2.01115 2.61382 -2.07461
v 2.01784 2.61382 -2.07567
v 2.02387 2.61382 -2.07874
v 2.02866 2.61382 -2.08353
v 2.03174 2.61382 -2.08957
v 2.03539 2.62209 -2.06288
v 2.01115 2.62209 -2.13752
v 2.01115 2.61382 -2.11791
v 2.02389 2.62209 -2.1355
v 2.01784 2.61382 -2.11685
v 2.03539 2.62209 -2.12964
v 2.02387 2.61382 -2.11378
v 2.04452 2.62209 -2.12051
v 2.0571 2.63497 -2.12965
v 2.04454 2.63497 -2.14222
v 2.02866 2.61382 -2.10899
v 2.05038 2.62209 -2.10901
v 2.03174 2.61382 -2.10295
v 2.0524 2.62209 -2.09626
v 2.0328 2.61382 -2.09626
v 2.05038 2.62209 -2.08351
v 2.04452 2.62209 -2.07201
v 1.97191 2.62209 -2.10901
v 1.96519 2.63497 -2.12965
v 1.97777 2.62209 -2.12051
v 1.95712 2.63497 -2.11381
v 1.96989 2.62209 -2.09626
v 1.95434 2.63497 -2.09626
v 1.97191 2.62209 -2.08351
v 1.94763 2.65119 -2.1169
v 1.95712 2.63497 -2.07871
v 1.97777 2.62209 -2.07201
v 1.96519 2.63497 -2.06287
v 1.94436 2.65119 -2.09626
v 1.9446 2.66784 -2.11788
v 1.94118 2.66784 -2.09626
v 1.94763 2.65119 -2.07562
v 1.95712 2.65119 -2.05701
v 1.97776 2.63497 -2.0503
v 1.97189 2.65119 -2.04223
v 1.9446 2.66784 -2.07464
v 1.94018 2.66965 -2.09626
v 1.94365 2.66965 -2.07433
v 1.95454 2.66784 -2.05513
v 1.97002 2.66784 -2.03966
v 1.95373 2.66965 -2.05455
v 1.96943 2.66965 -2.03885
v 2.0287 2.63497 -2.15029
v 2.03178 2.65119 -2.15978
v 2.0504 2.65119 -2.15029
v 2.05227 2.66784 -2.15287
v 2.03277 2.66784 -2.1628
v 2.05286 2.66965 -2.15367
v 2.03307 2.66965 -2.16375
v 1.97776 2.63497 -2.14222
v 1.97189 2.65119 -2.15029
v 1.99051 2.65119 -2.15978
v 1.99359 2.63497 -2.15029
v 2.01115 2.65119 -2.16304
v 2.01115 2.66784 -2.16623
v 2.03277 2.66784 -2.1628
v 2.03178 2.65119 -2.15978
v 2.03307 2.66965 -2.16375
v 2.01115 2.66965 -2.16723
v 1.97002 2.66784 -2.15287
v 1.96943 2.66965 -2.15367
v 1.98922 2.66965 -2.16375
v 1.98952 2.66784 -2.1628
v 1.97189 2.65119 -2.15029
v 2.01115 2.66965 -2.16723
v 1.99051 2.65119 -2.15978
v 2.01115 2.66784 -2.16623
v 2.05227 2.66784 -2.15287
v 2.05286 2.66965 -2.15367
v 2.06856 2.66965 -2.13797
v 2.06775 2.66784 -2.13739
v 2.0504 2.65119 -2.15029
v 2.07864 2.66965 -2.11819
v 2.06518 2.65119 -2.13552
v 2.07769 2.66784 -2.11788
v 2.08211 2.66965 -2.09626
v 2.07466 2.65119 -2.1169
v 2.0571 2.63497 -2.12965
v 2.06517 2.63497 -2.11381
v 2.08111 2.66784 -2.09626
v 2.07864 2.66965 -2.07433
v 2.07793 2.65119 -2.09626
v 2.06795 2.63497 -2.09626
v 2.04454 2.63497 -2.14222
v 2.0504 2.65119 -2.15029
v 2.06518 2.65119 -2.13552
v 2.0571 2.63497 -2.12965
v 2.04452 2.62209 -2.12051
v 2.06517 2.63497 -2.11381
v 2.05038 2.62209 -2.10901
v 2.05038 2.62209 -2.10901
v 2.06517 2.63497 -2.11381
v 2.06795 2.63497 -2.09626
v 2.0524 2.62209 -2.09626
v 2.06517 2.63497 -2.07871
v 2.05038 2.62209 -2.08351
v 2.07466 2.65119 -2.07562
v 2.07793 2.65119 -2.09626
v 2.0571 2.63497 -2.06287
v 2.04452 2.62209 -2.07201
v 2.06518 2.65119 -2.05701
v 2.07769 2.66784 -2.07464
v 2.08111 2.66784 -2.09626
v 2.07864 2.66965 -2.07433
v 2.06856 2.66965 -2.05455
v 2.06775 2.66784 -2.05513
v 2.05286 2.66965 -2.03885
v 2.05227 2.66784 -2.03966
v 2.0504 2.65119 -2.04223
v 2.04454 2.63497 -2.0503
v 2.03174 2.61382 -2.08957
v 2.04452 2.62209 -2.07201
v 2.02866 2.61382 -2.08353
v 2.03539 2.62209 -2.06288
v 2.04454 2.63497 -2.0503
v 2.0571 2.63497 -2.06287
v 2.02387 2.61382 -2.07874
v 2.02389 2.62209 -2.05702
v 2.01784 2.61382 -2.07567
v 2.01115 2.62209 -2.05501
v 2.01115 2.61382 -2.07461
v 1.9984 2.62209 -2.05702
v 2.00445 2.61382 -2.07567
v 1.9869 2.62209 -2.06288
v 1.99842 2.61382 -2.07874
v 1.97777 2.62209 -2.07201
v 1.99363 2.61382 -2.08353
v 1.97191 2.62209 -2.08351
v 2.01115 2.62209 -2.05501
v 1.99359 2.63497 -2.04223
v 1.9984 2.62209 -2.05702
v 2.01115 2.63497 -2.03945
v 2.02389 2.62209 -2.05702
v 2.0287 2.63497 -2.04223
v 2.03539 2.62209 -2.06288
v 2.01115 2.65119 -2.02948
v 2.04454 2.63497 -2.0503
v 2.03178 2.65119 -2.03274
v 2.01115 2.66784 -2.02629
v 2.0504 2.65119 -2.04223
v 2.03277 2.66784 -2.02972
v 2.01115 2.66965 -2.02529
v 2.05227 2.66784 -2.03966
v 2.03307 2.66965 -2.02877
v 2.05286 2.66965 -2.03885
v 1.9984 2.62209 -2.05702
v 1.97776 2.63497 -2.0503
v 1.9869 2.62209 -2.06288
v 1.99359 2.63497 -2.04223
v 1.97189 2.65119 -2.04223
v 1.99051 2.65119 -2.03274
v 2.01115 2.63497 -2.03945
v 1.97002 2.66784 -2.03966
v 2.01115 2.65119 -2.02948
v 1.98952 2.66784 -2.02972
v 1.96943 2.66965 -2.03885
v 2.01115 2.66784 -2.02629
v 1.98922 2.66965 -2.02877
v 2.01115 2.66965 -2.02529
v 1.9869 2.62209 -2.06288
v 1.97776 2.63497 -2.0503
v 1.96519 2.63497 -2.06287
v 1.97777 2.62209 -2.07201
v 1.94118 2.66784 -2.09626
v 1.94018 2.66965 -2.09626
v 1.94365 2.66965 -2.11819
v 1.9446 2.66784 -2.11788
v 1.95373 2.66965 -2.13797
v 1.95454 2.66784 -2.13739
v 1.96943 2.66965 -2.15367
v 1.94763 2.65119 -2.1169
v 1.97002 2.66784 -2.15287
v 1.95712 2.65119 -2.13552
v 1.95712 2.63497 -2.11381
v 1.97189 2.65119 -2.15029
v 1.96519 2.63497 -2.12965
v 1.97776 2.63497 -2.14222
v 2.01115 2.59194 -2.11911
v 2.01821 2.59194 -2.11799
v 2.02457 2.60063 -2.13759
v 2.01115 2.60063 -2.13972
v 2.00409 2.59194 -2.11799
v 1.99772 2.60063 -2.13759
v 1.99772 2.59194 -2.11474
v 1.9856 2.60063 -2.13142
v 2.01115 2.59037 -2.09626
v 1.99266 2.59194 -2.10969
v 1.97599 2.60063 -2.1218
v 1.97599 2.61418 -2.14465
v 1.96275 2.61418 -2.13142
v 1.98942 2.59194 -2.10332
v 1.96981 2.60063 -2.10969
v 1.9883 2.59194 -2.09626
v 1.96769 2.60063 -2.09626
v 1.98942 2.59194 -2.0892
v 1.96981 2.60063 -2.08283
v 1.99266 2.59194 -2.08283
v 1.97599 2.60063 -2.07072
v 2.02457 2.60063 -2.13759
v 2.03669 2.60063 -2.13142
v 2.0463 2.61418 -2.14465
v 2.02963 2.61418 -2.15315
v 2.05248 2.63125 -2.15315
v 2.01115 2.60063 -2.13972
v 2.03287 2.63125 -2.16313
v 2.01115 2.61418 -2.15607
v 1.99772 2.60063 -2.13759
v 2.01115 2.63125 -2.16658
v 2.03386 2.64794 -2.16617
v 1.99266 2.61418 -2.15315
v 1.9856 2.60063 -2.13142
v 1.97599 2.61418 -2.14465
v 1.98942 2.63125 -2.16313
v 1.96981 2.63125 -2.15315
v 2.01115 2.64794 -2.16977
v 2.0337 2.65017 -2.16567
v 2.01115 2.65017 -2.16924
v 1.98843 2.64794 -2.16617
v 1.96794 2.64794 -2.15573
v 1.98859 2.65017 -2.16567
v 1.96825 2.65017 -2.15531
v 2.01821 2.59194 -2.11799
v 2.03669 2.60063 -2.13142
v 2.02457 2.60063 -2.13759
v 2.02457 2.59194 -2.11474
v 2.01115 2.59037 -2.09626
v 2.01115 2.59194 -2.11911
v 2.00409 2.59194 -2.11799
v 2.02963 2.59194 -2.10969
v 2.03287 2.59194 -2.10332
v 2.05248 2.60063 -2.10969
v 2.0463 2.60063 -2.1218
v 2.05954 2.61418 -2.13142
v 2.0463 2.61418 -2.14465
v 1.96981 2.60063 -2.10969
v 1.97599 2.60063 -2.1218
v 1.96275 2.61418 -2.13142
v 1.95426 2.61418 -2.11474
v 1.96769 2.60063 -2.09626
v 1.95133 2.61418 -2.09626
v 1.95426 2.63125 -2.13759
v 1.94427 2.63125 -2.11799
v 1.96981 2.63125 -2.15315
v 1.97599 2.61418 -2.14465
v 1.96794 2.64794 -2.15573
v 1.95168 2.64794 -2.13947
v 1.96825 2.65017 -2.15531
v 1.9521 2.65017 -2.13916
v 1.94123 2.64794 -2.11898
v 1.94083 2.63125 -2.09626
v 1.94173 2.65017 -2.11881
v 2.01115 2.59037 -2.09626
v 1.9883 2.59194 -2.09626
v 1.98942 2.59194 -2.0892
v 1.99266 2.59194 -2.08283
v 1.99772 2.59194 -2.07778
v 2.00409 2.59194 -2.07453
v 1.97599 2.60063 -2.07072
v 1.9856 2.60063 -2.0611
v 1.96275 2.61418 -2.0611
v 1.97599 2.61418 -2.04787
v 1.99772 2.60063 -2.05493
v 2.01115 2.59194 -2.07341
v 2.01115 2.60063 -2.0528
v 2.01821 2.59194 -2.07453
v 2.02457 2.60063 -2.05493
v 2.02457 2.59194 -2.07778
v 2.03669 2.60063 -2.0611
v 2.02963 2.59194 -2.08283
v 2.03287 2.59194 -2.0892
v 2.03399 2.59194 -2.09626
v 2.03287 2.59194 -2.10332
v 2.0546 2.60063 -2.09626
v 2.05248 2.60063 -2.10969
v 2.0463 2.60063 -2.07072
v 2.0463 2.61418 -2.04787
v 2.05954 2.61418 -2.0611
v 2.0463 2.61418 -2.14465
v 2.05954 2.61418 -2.13142
v 2.06803 2.63125 -2.13759
v 2.07802 2.63125 -2.11799
v 2.06803 2.61418 -2.11474
v 2.0463 2.60063 -2.1218
v 2.05248 2.60063 -2.10969
v 2.07096 2.61418 -2.09626
v 2.08146 2.63125 -2.09626
v 2.08465 2.64794 -2.09626
v 2.08106 2.64794 -2.11898
v 2.08106 2.64794 -2.07354
v 2.07802 2.63125 -2.07453
v 2.07061 2.64794 -2.05305
v 2.06803 2.63125 -2.05493
v 2.06803 2.61418 -2.07778
v 2.0546 2.60063 -2.09626
v 2.05248 2.60063 -2.08283
v 2.05954 2.61418 -2.0611
v 2.0463 2.60063 -2.07072
v 2.05248 2.63125 -2.03937
v 2.0463 2.61418 -2.04787
v 2.03287 2.63125 -2.16313
v 2.05248 2.63125 -2.15315
v 2.05435 2.64794 -2.15573
v 2.03386 2.64794 -2.16617
v 2.05404 2.65017 -2.15531
v 2.0337 2.65017 -2.16567
v 2.05435 2.64794 -2.15573
v 2.07019 2.65017 -2.13916
v 2.05404 2.65017 -2.15531
v 2.07061 2.64794 -2.13947
v 2.05248 2.63125 -2.15315
v 2.08056 2.65017 -2.11881
v 2.06803 2.63125 -2.13759
v 2.08106 2.64794 -2.11898
v 2.07802 2.63125 -2.11799
v 2.08413 2.65017 -2.09626
v 2.08465 2.64794 -2.09626
v 2.03399 2.59194 -2.09626
v 2.05248 2.60063 -2.08283
v 2.0546 2.60063 -2.09626
v 2.03287 2.59194 -2.0892
v 2.0463 2.60063 -2.07072
v 2.02963 2.59194 -2.08283
v 2.03669 2.60063 -2.0611
v 2.08465 2.64794 -2.09626
v 2.08056 2.65017 -2.07371
v 2.08413 2.65017 -2.09626
v 2.08106 2.64794 -2.07354
v 2.07019 2.65017 -2.05336
v 2.07061 2.64794 -2.05305
v 2.05404 2.65017 -2.03721
v 2.05435 2.64794 -2.03679
v 2.06803 2.63125 -2.05493
v 2.05248 2.63125 -2.03937
v 2.03669 2.60063 -2.0611
v 2.02963 2.61418 -2.03937
v 2.0463 2.61418 -2.04787
v 2.02457 2.60063 -2.05493
v 2.01115 2.61418 -2.03645
v 2.01115 2.60063 -2.0528
v 1.99266 2.61418 -2.03937
v 1.99772 2.60063 -2.05493
v 1.97599 2.61418 -2.04787
v 1.9856 2.60063 -2.0611
v 1.96981 2.63125 -2.03937
v 1.98942 2.63125 -2.02939
v 2.01115 2.63125 -2.02594
v 1.96794 2.64794 -2.03679
v 1.98843 2.64794 -2.02635
v 1.96825 2.65017 -2.03721
v 1.98859 2.65017 -2.02685
v 2.01115 2.64794 -2.02275
v 2.0463 2.61418 -2.04787
v 2.03287 2.63125 -2.02939
v 2.05248 2.63125 -2.03937
v 2.02963 2.61418 -2.03937
v 2.02963 2.61418 -2.03937
v 2.01115 2.61418 -2.03645
v 2.01115 2.63125 -2.02594
v 2.03287 2.63125 -2.02939
v 2.01115 2.64794 -2.02275
v 1.98843 2.64794 -2.02635
v 1.98942 2.63125 -2.02939
v 2.03386 2.64794 -2.02635
v 2.05248 2.63125 -2.03937
v 2.05435 2.64794 -2.03679
v 2.01115 2.65017 -2.02328
v 1.98859 2.65017 -2.02685
v 2.0337 2.65017 -2.02685
v 2.05404 2.65017 -2.03721
v 1.96981 2.60063 -2.08283
v 1.96769 2.60063 -2.09626
v 1.95133 2.61418 -2.09626
v 1.95426 2.61418 -2.07778
v 1.97599 2.60063 -2.07072
v 1.96275 2.61418 -2.0611
v 1.94083 2.63125 -2.09626
v 1.94427 2.63125 -2.11799
v 1.95426 2.61418 -2.11474
v 1.94427 2.63125 -2.07453
v 1.95426 2.63125 -2.05493
v 1.97599 2.61418 -2.04787
v 1.96981 2.63125 -2.03937
v 1.93764 2.64794 -2.09626
v 1.94123 2.64794 -2.11898
v 1.94173 2.65017 -2.11881
v 1.93816 2.65017 -2.09626
v 1.94123 2.64794 -2.07354
v 1.94173 2.65017 -2.07371
v 1.95168 2.64794 -2.05305
v 1.96794 2.64794 -2.03679
v 1.9521 2.65017 -2.05336
v 1.96825 2.65017 -2.03721
v 2.02389 2.60308 -2.1355
v 2.04454 2.61596 -2.14222
v 2.03539 2.60308 -2.12964
v 2.0287 2.61596 -2.15029
v 2.01115 2.60308 -2.13752
v 2.0504 2.63218 -2.15029
v 2.01115 2.61596 -2.15307
v 1.9984 2.60308 -2.1355
v 2.03178 2.63218 -2.15978
v 2.05227 2.64884 -2.15287
v 2.01115 2.63218 -2.16304
v 2.03277 2.64884 -2.1628
v 2.05286 2.65064 -2.15367
v 2.01115 2.64884 -2.16623
v 2.03307 2.65064 -2.16375
v 2.01115 2.65064 -2.16723
v 1.97777 2.60308 -2.12051
v 1.96519 2.61596 -2.12965
v 1.97776 2.61596 -2.14222
v 1.9869 2.60308 -2.12964
v 1.99363 2.59481 -2.10899
v 1.99055 2.59481 -2.10295
v 1.99842 2.59481 -2.11378
v 1.9984 2.60308 -2.1355
v 2.00445 2.59481 -2.11685
v 1.97191 2.60308 -2.10901
v 1.9895 2.59481 -2.09626
v 1.96989 2.60308 -2.09626
v 1.97191 2.60308 -2.10901
v 1.96519 2.61596 -2.12965
v 1.97777 2.60308 -2.12051
v 1.95712 2.61596 -2.11381
v 1.96989 2.60308 -2.09626
v 1.95434 2.61596 -2.09626
v 1.94763 2.63218 -2.1169
v 1.94436 2.63218 -2.09626
v 1.95712 2.63218 -2.13552
v 1.97189 2.63218 -2.15029
v 1.97776 2.61596 -2.14222
v 1.97002 2.64884 -2.15287
v 1.95454 2.64884 -2.13739
v 1.96943 2.65064 -2.15367
v 1.95373 2.65064 -2.13797
v 1.9446 2.64884 -2.11788
v 1.94365 2.65064 -2.11819
v 1.94118 2.64884 -2.09626
v 1.94018 2.65064 -2.09626
v 1.94763 2.63218 -2.07562
v 1.95712 2.61596 -2.07871
v 1.9446 2.64884 -2.07464
v 1.94365 2.65064 -2.07433
v 1.95454 2.64884 -2.05513
v 1.95373 2.65064 -2.05455
v 1.95712 2.63218 -2.05701
v 1.96519 2.61596 -2.06287
v 1.97777 2.60308 -2.07201
v 1.97191 2.60308 -2.08351
v 1.99055 2.59481 -2.08957
v 1.96989 2.60308 -2.09626
v 1.9895 2.59481 -2.09626
v 2.01115 2.59198 -2.09626
v 1.99055 2.59481 -2.10295
v 1.99363 2.59481 -2.10899
v 1.99842 2.59481 -2.11378
v 2.00445 2.59481 -2.11685
v 2.01115 2.59481 -2.11791
v 2.01784 2.59481 -2.11685
v 2.02387 2.59481 -2.11378
v 2.01115 2.60308 -2.13752
v 1.9984 2.60308 -2.1355
v 2.02389 2.60308 -2.1355
v 2.03539 2.60308 -2.12964
v 2.04452 2.60308 -2.12051
v 2.02866 2.59481 -2.10899
v 2.05038 2.60308 -2.10901
v 2.03174 2.59481 -2.10295
v 2.0524 2.60308 -2.09626
v 2.0328 2.59481 -2.09626
v 2.05038 2.60308 -2.08351
v 2.03174 2.59481 -2.08957
v 2.04452 2.60308 -2.07201
v 2.02866 2.59481 -2.08353
v 2.02387 2.59481 -2.07874
v 2.01784 2.59481 -2.07567
v 2.03539 2.60308 -2.06288
v 1.99055 2.59481 -2.08957
v 1.97191 2.60308 -2.08351
v 1.96989 2.60308 -2.09626
v 1.99363 2.59481 -2.08353
v 2.01115 2.59198 -2.09626
v 1.99842 2.59481 -2.07874
v 1.97777 2.60308 -2.07201
v 1.9869 2.60308 -2.06288
v 1.96519 2.61596 -2.06287
v 1.97776 2.61596 -2.0503
v 2.00445 2.59481 -2.07567
v 1.9984 2.60308 -2.05702
v 2.01115 2.59481 -2.07461
v 2.01115 2.60308 -2.05501
v 2.01784 2.59481 -2.07567
v 2.02389 2.60308 -2.05702
v 2.02387 2.59481 -2.07874
v 2.03539 2.60308 -2.06288
v 1.97002 2.64884 -2.15287
v 1.96943 2.65064 -2.15367
v 1.98922 2.65064 -2.16375
v 1.98952 2.64884 -2.1628
v 2.01115 2.65064 -2.16723
v 1.97189 2.63218 -2.15029
v 2.01115 2.64884 -2.16623
v 1.99051 2.63218 -2.15978
v 1.97776 2.61596 -2.14222
v 2.01115 2.63218 -2.16304
v 1.99359 2.61596 -2.15029
v 1.9869 2.60308 -2.12964
v 2.01115 2.61596 -2.15307
v 1.9984 2.60308 -2.1355
v 2.05227 2.64884 -2.15287
v 2.05286 2.65064 -2.15367
v 2.06856 2.65064 -2.13797
v 2.06775 2.64884 -2.13739
v 2.0504 2.63218 -2.15029
v 2.07864 2.65064 -2.11819
v 2.06518 2.63218 -2.13552
v 2.04454 2.61596 -2.14222
v 2.0571 2.61596 -2.12965
v 2.07769 2.64884 -2.11788
v 2.08211 2.65064 -2.09626
v 2.08111 2.64884 -2.09626
v 2.07466 2.63218 -2.1169
v 2.06517 2.61596 -2.11381
v 2.07793 2.63218 -2.09626
v 2.03539 2.60308 -2.12964
v 2.04454 2.61596 -2.14222
v 2.0571 2.61596 -2.12965
v 2.04452 2.60308 -2.12051
v 2.04452 2.60308 -2.12051
v 2.0571 2.61596 -2.12965
v 2.06517 2.61596 -2.11381
v 2.05038 2.60308 -2.10901
v 2.06795 2.61596 -2.09626
v 2.07793 2.63218 -2.09626
v 2.07466 2.63218 -2.1169
v 2.07466 2.63218 -2.07562
v 2.06517 2.61596 -2.07871
v 2.07769 2.64884 -2.07464
v 2.08111 2.64884 -2.09626
v 2.07864 2.65064 -2.07433
v 2.08211 2.65064 -2.09626
v 2.06856 2.65064 -2.05455
v 2.06775 2.64884 -2.05513
v 2.05286 2.65064 -2.03885
v 2.05227 2.64884 -2.03966
v 2.06518 2.63218 -2.05701
v 2.0504 2.63218 -2.04223
v 2.0571 2.61596 -2.06287
v 2.04454 2.61596 -2.0503
v 2.05038 2.60308 -2.08351
v 2.04452 2.60308 -2.07201
v 2.05038 2.60308 -2.10901
v 2.06795 2.61596 -2.09626
v 2.0524 2.60308 -2.09626
v 2.06517 2.61596 -2.07871
v 2.05038 2.60308 -2.08351
v 2.03174 2.59481 -2.08957
v 2.04452 2.60308 -2.07201
v 2.02866 2.59481 -2.08353
v 2.03539 2.60308 -2.06288
v 2.04454 2.61596 -2.0503
v 2.0571 2.61596 -2.06287
v 2.03539 2.60308 -2.06288
v 2.04454 2.61596 -2.0503
v 2.0287 2.61596 -2.04223
v 2.03178 2.63218 -2.03274
v 2.0504 2.63218 -2.04223
v 2.03277 2.64884 -2.02972
v 2.05227 2.64884 -2.03966
v 2.01115 2.64884 -2.02629
v 2.01115 2.63218 -2.02948
v 2.01115 2.65064 -2.02529
v 2.03307 2.65064 -2.02877
v 2.05286 2.65064 -2.03885
v 2.03539 2.60308 -2.06288
v 2.0287 2.61596 -2.04223
v 2.02389 2.60308 -2.05702
v 2.01115 2.61596 -2.03945
v 2.01115 2.60308 -2.05501
v 2.01115 2.63218 -2.02948
v 2.03178 2.63218 -2.03274
v 1.99359 2.61596 -2.04223
v 1.9984 2.60308 -2.05702
v 1.99051 2.63218 -2.03274
v 1.97776 2.61596 -2.0503
v 1.9869 2.60308 -2.06288
v 1.97189 2.63218 -2.04223
v 1.97002 2.64884 -2.03966
v 1.98952 2.64884 -2.02972
v 1.96943 2.65064 -2.03885
v 2.01115 2.64884 -2.02629
v 1.98922 2.65064 -2.02877
v 2.01115 2.65064 -2.02529
v 1.97191 2.60308 -2.08351
v 1.95434 2.61596 -2.09626
v 1.96989 2.60308 -2.09626
v 1.95712 2.61596 -2.07871
v 1.94436 2.63218 -2.09626
v 1.97776 2.61596 -2.0503
v 1.95712 2.63218 -2.05701
v 1.96519 2.61596 -2.06287
v 1.97189 2.63218 -2.04223
v 1.95454 2.64884 -2.05513
v 1.97002 2.64884 -2.03966
v 1.95373 2.65064 -2.05455
v 1.96943 2.65064 -2.03885
v 2.02457 2.58155 -2.13759
v 2.03669 2.58155 -2.13142
v 2.0463 2.5951 -2.14465
v 2.02963 2.5951 -2.15315
v 2.05248 2.61216 -2.15315
v 2.01115 2.58155 -2.13972
v 2.03287 2.61216 -2.16313
v 2.01115 2.5951 -2.15607
v 1.99772 2.58155 -2.13759
v 2.01115 2.61216 -2.16658
v 2.03386 2.62885 -2.16617
v 1.99266 2.5951 -2.15315
v 1.9856 2.58155 -2.13142
v 1.97599 2.5951 -2.14465
v 1.98942 2.61216 -2.16313
v 1.96981 2.61216 -2.15315
v 2.01115 2.62885 -2.16977
v 2.0337 2.63108 -2.16567
v 2.01115 2.63108 -2.16924
v 1.98843 2.62885 -2.16617
v 1.96794 2.62885 -2.15573
v 1.98859 2.63108 -2.16567
v 1.96825 2.63108 -2.15531
v 2.01115 2.57129 -2.09626
v 2.03287 2.57285 -2.10332
v 2.02963 2.57285 -2.10969
v 2.03399 2.57285 -2.09626
v 2.0546 2.58155 -2.09626
v 2.05248 2.58155 -2.10969
v 2.05248 2.58155 -2.08283
v 2.03287 2.57285 -2.0892
v 2.0463 2.58155 -2.07072
v 2.02963 2.57285 -2.08283
v 2.03669 2.58155 -2.0611
v 2.0463 2.5951 -2.04787
v 2.05954 2.5951 -2.0611
v 2.02457 2.57285 -2.07778
v 2.02457 2.58155 -2.05493
v 2.01821 2.57285 -2.07453
v 2.01115 2.58155 -2.0528
v 2.01115 2.57285 -2.07341
v 1.99772 2.58155 -2.05493
v 2.00409 2.57285 -2.07453
v 1.99772 2.57285 -2.07778
v 1.97599 2.58155 -2.1218
v 1.97599 2.5951 -2.14465
v 1.96275 2.5951 -2.13142
v 1.9856 2.58155 -2.13142
v 1.99266 2.57285 -2.10969
v 1.98942 2.57285 -2.10332
v 2.01115 2.57129 -2.09626
v 1.96981 2.58155 -2.10969
v 1.9883 2.57285 -2.09626
v 1.99772 2.57285 -2.11474
v 1.99772 2.58155 -2.13759
v 2.00409 2.57285 -2.11799
v 2.01115 2.58155 -2.13972
v 2.01115 2.57285 -2.11911
v 2.02457 2.58155 -2.13759
v 2.01821 2.57285 -2.11799
v 2.03669 2.58155 -2.13142
v 2.02457 2.57285 -2.11474
v 2.02963 2.57285 -2.10969
v 2.0463 2.58155 -2.1218
v 2.05954 2.5951 -2.13142
v 2.0463 2.5951 -2.14465
v 2.05248 2.58155 -2.10969
v 2.03287 2.57285 -2.10332
v 1.96981 2.58155 -2.10969
v 1.96275 2.5951 -2.13142
v 1.95426 2.5951 -2.11474
v 1.96769 2.58155 -2.09626
v 1.95133 2.5951 -2.09626
v 1.94427 2.61216 -2.11799
v 1.96981 2.58155 -2.08283
v 1.94083 2.61216 -2.09626
v 1.95426 2.5951 -2.07778
v 1.97599 2.58155 -2.07072
v 1.96275 2.5951 -2.0611
v 1.94427 2.61216 -2.07453
v 1.93764 2.62885 -2.09626
v 1.95426 2.61216 -2.05493
v 1.97599 2.5951 -2.04787
v 1.96981 2.61216 -2.03937
v 1.94123 2.62885 -2.07354
v 1.95168 2.62885 -2.05305
v 1.96794 2.62885 -2.03679
v 1.93816 2.63108 -2.09626
v 1.94173 2.63108 -2.11881
v 1.94173 2.63108 -2.07371
v 1.9521 2.63108 -2.05336
v 1.96825 2.63108 -2.03721
v 1.9883 2.57285 -2.09626
v 1.96981 2.58155 -2.10969
v 1.96769 2.58155 -2.09626
v 1.98942 2.57285 -2.0892
v 2.01115 2.57129 -2.09626
v 1.96981 2.58155 -2.08283
v 1.99266 2.57285 -2.08283
v 1.99772 2.57285 -2.07778
v 1.97599 2.58155 -2.07072
v 1.9856 2.58155 -2.0611
v 2.00409 2.57285 -2.07453
v 1.99772 2.58155 -2.05493
v 1.96275 2.5951 -2.0611
v 1.97599 2.5951 -2.04787
v 2.03386 2.62885 -2.16617
v 2.05404 2.63108 -2.15531
v 2.0337 2.63108 -2.16567
v 2.05435 2.62885 -2.15573
v 2.03287 2.61216 -2.16313
v 2.05248 2.61216 -2.15315
v 2.05435 2.62885 -2.15573
v 2.07019 2.63108 -2.13916
v 2.05404 2.63108 -2.15531
v 2.07061 2.62885 -2.13947
v 2.05248 2.61216 -2.15315
v 2.08056 2.63108 -2.11881
v 2.06803 2.61216 -2.13759
v 2.0463 2.5951 -2.14465
v 2.05954 2.5951 -2.13142
v 2.08106 2.62885 -2.11898
v 2.08413 2.63108 -2.09626
v 2.08465 2.62885 -2.09626
v 2.07802 2.61216 -2.11799
v 2.08146 2.61216 -2.09626
v 2.06803 2.5951 -2.11474
v 2.07096 2.5951 -2.09626
v 2.0463 2.58155 -2.1218
v 2.05248 2.58155 -2.10969
v 2.05248 2.58155 -2.10969
v 2.07096 2.5951 -2.09626
v 2.06803 2.5951 -2.11474
v 2.0546 2.58155 -2.09626
v 2.06803 2.5951 -2.07778
v 2.05248 2.58155 -2.08283
v 2.07802 2.61216 -2.07453
v 2.08146 2.61216 -2.09626
v 2.05954 2.5951 -2.0611
v 2.0463 2.58155 -2.07072
v 2.06803 2.61216 -2.05493
v 2.08106 2.62885 -2.07354
v 2.08465 2.62885 -2.09626
v 2.05248 2.61216 -2.03937
v 2.0463 2.5951 -2.04787
v 2.05435 2.62885 -2.03679
v 2.07061 2.62885 -2.05305
v 2.05404 2.63108 -2.03721
v 2.07019 2.63108 -2.05336
v 2.08056 2.63108 -2.07371
v 2.08413 2.63108 -2.09626
v 2.05435 2.62885 -2.03679
v 2.0337 2.63108 -2.02685
v 2.05404 2.63108 -2.03721
v 2.03386 2.62885 -2.02635
v 2.01115 2.63108 -2.02328
v 2.05248 2.61216 -2.03937
v 2.01115 2.62885 -2.02275
v 2.03287 2.61216 -2.02939
v 2.0463 2.5951 -2.04787
v 2.01115 2.61216 -2.02594
v 2.02963 2.5951 -2.03937
v 2.03669 2.58155 -2.0611
v 2.02457 2.58155 -2.05493
v 2.01115 2.5951 -2.03645
v 1.98942 2.61216 -2.02939
v 2.01115 2.58155 -2.0528
v 1.99266 2.5951 -2.03937
v 1.96981 2.61216 -2.03937
v 1.99772 2.58155 -2.05493
v 1.97599 2.5951 -2.04787
v 2.01115 2.62885 -2.02275
v 1.98859 2.63108 -2.02685
v 2.01115 2.63108 -2.02328
v 1.98843 2.62885 -2.02635
v 2.01115 2.61216 -2.02594
v 1.96825 2.63108 -2.03721
v 1.98942 2.61216 -2.02939
v 1.96794 2.62885 -2.03679
v 1.96981 2.61216 -2.03937
v 2.02389 2.584 -2.1355
v 2.04454 2.59688 -2.14222
v 2.03539 2.584 -2.12964
v 2.0287 2.59688 -2.15029
v 2.01115 2.584 -2.13752
v 2.01115 2.59688 -2.15307
v 1.9984 2.584 -2.1355
v 2.03178 2.6131 -2.15978
v 1.99359 2.59688 -2.15029
v 1.9869 2.584 -2.12964
v 1.97776 2.59688 -2.14222
v 2.01115 2.6131 -2.16304
v 2.03277 2.62975 -2.1628
v 1.99051 2.6131 -2.15978
v 1.97189 2.6131 -2.15029
v 2.01115 2.62975 -2.16623
v 2.03307 2.63156 -2.16375
v 2.01115 2.63156 -2.16723
v 1.98952 2.62975 -2.1628
v 1.97002 2.62975 -2.15287
v 1.98922 2.63156 -2.16375
v 1.96943 2.63156 -2.15367
v 2.01115 2.5729 -2.09626
v 2.03174 2.57573 -2.10295
v 2.0328 2.57573 -2.09626
v 2.02866 2.57573 -2.10899
v 2.05038 2.584 -2.10901
v 2.04452 2.584 -2.12051
v 2.02387 2.57573 -2.11378
v 2.03539 2.584 -2.12964
v 2.01784 2.57573 -2.11685
v 2.02389 2.584 -2.1355
v 2.01115 2.57573 -2.11791
v 2.00445 2.57573 -2.11685
v 2.01115 2.584 -2.13752
v 1.9984 2.584 -2.1355
v 1.99842 2.57573 -2.11378
v 1.9869 2.584 -2.12964
v 1.99363 2.57573 -2.10899
v 1.97777 2.584 -2.12051
v 1.97776 2.59688 -2.14222
v 1.96519 2.59688 -2.12965
v 1.99055 2.57573 -2.10295
v 1.97191 2.584 -2.10901
v 1.9895 2.57573 -2.09626
v 1.96989 2.584 -2.09626
v 1.99055 2.57573 -2.08957
v 1.97191 2.584 -2.08351
v 1.99363 2.57573 -2.08353
v 1.99842 2.57573 -2.07874
v 1.97191 2.584 -2.10901
v 1.96519 2.59688 -2.12965
v 1.97777 2.584 -2.12051
v 1.96989 2.584 -2.09626
v 1.95712 2.59688 -2.11381
v 1.95434 2.59688 -2.09626
v 1.97189 2.6131 -2.15029
v 1.97776 2.59688 -2.14222
v 1.95712 2.6131 -2.13552
v 1.97002 2.62975 -2.15287
v 1.95454 2.62975 -2.13739
v 1.96943 2.63156 -2.15367
v 1.95373 2.63156 -2.13797
v 1.9446 2.62975 -2.11788
v 1.94763 2.6131 -2.1169
v 1.97191 2.584 -2.10901
v 1.95712 2.59688 -2.11381
v 1.96519 2.59688 -2.12965
v 1.95712 2.6131 -2.13552
v 1.94763 2.6131 -2.1169
v 1.95454 2.62975 -2.13739
v 1.95434 2.59688 -2.09626
v 1.94436 2.6131 -2.09626
v 1.9446 2.62975 -2.11788
v 1.95712 2.59688 -2.07871
v 1.97191 2.584 -2.08351
v 1.96989 2.584 -2.09626
v 1.97777 2.584 -2.07201
v 1.96519 2.59688 -2.06287
v 1.94763 2.6131 -2.07562
v 1.94118 2.62975 -2.09626
v 1.95712 2.6131 -2.05701
v 1.97776 2.59688 -2.0503
v 1.97189 2.6131 -2.04223
v 1.94365 2.63156 -2.11819
v 1.95373 2.63156 -2.13797
v 1.94018 2.63156 -2.09626
v 1.9446 2.62975 -2.07464
v 1.94365 2.63156 -2.07433
v 1.95454 2.62975 -2.05513
v 1.97002 2.62975 -2.03966
v 1.95373 2.63156 -2.05455
v 1.96943 2.63156 -2.03885
v 2.01115 2.5729 -2.09626
v 2.02387 2.57573 -2.07874
v 2.01784 2.57573 -2.07567
v 2.02866 2.57573 -2.08353
v 2.03539 2.584 -2.06288
v 2.03174 2.57573 -2.08957
v 2.0328 2.57573 -2.09626
v 2.04452 2.584 -2.07201
v 2.04454 2.59688 -2.0503
v 2.0571 2.59688 -2.06287
v 2.05038 2.584 -2.08351
v 2.0524 2.584 -2.09626
v 2.03174 2.57573 -2.10295
v 2.05038 2.584 -2.10901
v 2.0287 2.59688 -2.15029
v 2.0504 2.6131 -2.15029
v 2.04454 2.59688 -2.14222
v 2.03178 2.6131 -2.15978
v 2.05227 2.62975 -2.15287
v 2.03277 2.62975 -2.1628
v 2.05286 2.63156 -2.15367
v 2.03307 2.63156 -2.16375
v 2.05227 2.62975 -2.15287
v 2.05286 2.63156 -2.15367
v 2.06856 2.63156 -2.13797
v 2.06775 2.62975 -2.13739
v 2.0504 2.6131 -2.15029
v 2.07864 2.63156 -2.11819
v 2.06518 2.6131 -2.13552
v 2.04454 2.59688 -2.14222
v 2.0571 2.59688 -2.12965
v 2.07769 2.62975 -2.11788
v 2.07466 2.6131 -2.1169
v 2.08211 2.63156 -2.09626
v 2.08111 2.62975 -2.09626
v 2.03539 2.584 -2.12964
v 2.04454 2.59688 -2.14222
v 2.0571 2.59688 -2.12965
v 2.04452 2.584 -2.12051
v 2.08111 2.62975 -2.09626
v 2.08211 2.63156 -2.09626
v 2.07864 2.63156 -2.07433
v 2.07769 2.62975 -2.07464
v 2.07793 2.6131 -2.09626
v 2.06856 2.63156 -2.05455
v 2.07466 2.6131 -2.07562
v 2.06775 2.62975 -2.05513
v 2.05286 2.63156 -2.03885
v 2.06518 2.6131 -2.05701
v 2.05227 2.62975 -2.03966
v 2.0504 2.6131 -2.04223
v 2.07466 2.6131 -2.1169
v 2.07769 2.62975 -2.11788
v 2.08111 2.62975 -2.09626
v 2.07793 2.6131 -2.09626
v 2.06517 2.59688 -2.11381
v 2.0571 2.59688 -2.12965
v 2.06518 2.6131 -2.13552
v 2.04452 2.584 -2.12051
v 2.05038 2.584 -2.10901
v 2.06795 2.59688 -2.09626
v 2.07466 2.6131 -2.07562
v 2.0524 2.584 -2.09626
v 2.06517 2.59688 -2.07871
v 2.06518 2.6131 -2.05701
v 2.05038 2.584 -2.08351
v 2.0571 2.59688 -2.06287
v 2.04452 2.584 -2.07201
v 2.0504 2.6131 -2.04223
v 2.04454 2.59688 -2.0503
v 2.03539 2.584 -2.06288
v 2.04454 2.59688 -2.0503
v 2.0287 2.59688 -2.04223
v 2.03178 2.6131 -2.03274
v 2.0504 2.6131 -2.04223
v 2.03539 2.584 -2.06288
v 2.0287 2.59688 -2.04223
v 2.02389 2.584 -2.05702
v 2.01115 2.59688 -2.03945
v 2.01115 2.584 -2.05501
v 2.01115 2.6131 -2.02948
v 2.03178 2.6131 -2.03274
v 1.99359 2.59688 -2.04223
v 1.9984 2.584 -2.05702
v 1.97776 2.59688 -2.0503
v 1.9869 2.584 -2.06288
v 1.97189 2.6131 -2.04223
v 1.99051 2.6131 -2.03274
v 1.97002 2.62975 -2.03966
v 1.98952 2.62975 -2.02972
v 1.96943 2.63156 -2.03885
v 1.98922 2.63156 -2.02877
v 2.01115 2.62975 -2.02629
v 2.03277 2.62975 -2.02972
v 2.01115 2.63156 -2.02529
v 2.02387 2.57573 -2.07874
v 2.03539 2.584 -2.06288
v 2.02389 2.584 -2.05702
v 2.01784 2.57573 -2.07567
v 2.01115 2.584 -2.05501
v 2.01115 2.57573 -2.07461
v 2.01115 2.5729 -2.09626
v 1.9984 2.584 -2.05702
v 2.00445 2.57573 -2.07567
v 1.99842 2.57573 -2.07874
v 1.9869 2.584 -2.06288
v 1.97777 2.584 -2.07201
v 1.99363 2.57573 -2.08353
v 1.96519 2.59688 -2.06287
v 1.97776 2.59688 -2.0503
v 1.97191 2.584 -2.08351
v 1.99055 2.57573 -2.08957
v 2.05227 2.62975 -2.03966
v 2.05286 2.63156 -2.03885
v 2.03307 2.63156 -2.02877
v 2.03277 2.62975 -2.02972
v 2.0504 2.6131 -2.04223
v 2.03178 2.6131 -2.03274
v 2.01115 2.63156 -2.02529
v 2.01115 2.62975 -2.02629
v 1.96825 2.66917 -2.15531
v 1.96943 2.66965 -2.15367
v 1.95373 2.66965 -2.13797
v 1.9521 2.66917 -2.13916
v 1.98859 2.66917 -2.16567
v 1.94365 2.66965 -2.11819
v 1.98922 2.66965 -2.16375
v 1.94173 2.66917 -2.11881
v 2.01115 2.66917 -2.16924
v 1.94018 2.66965 -2.09626
v 2.01115 2.66965 -2.16723
v 1.93816 2.66917 -2.09626
v 2.0337 2.66917 -2.16567
v 1.94365 2.66965 -2.07433
v 2.03307 2.66965 -2.16375
v 1.94173 2.66917 -2.07371
v 2.05404 2.66917 -2.15531
v 1.95373 2.66965 -2.05455
v 2.05286 2.66965 -2.15367
v 1.9521 2.66917 -2.05336
v 2.07019 2.66917 -2.13916
v 1.96943 2.66965 -2.03885
v 2.06856 2.66965 -2.13797
v 1.96825 2.66917 -2.03721
v 2.08056 2.66917 -2.11881
v 1.98922 2.66965 -2.02877
v 2.07864 2.66965 -2.11819
v 1.98859 2.66917 -2.02685
v 2.08413 2.66917 -2.09626
v 2.01115 2.66965 -2.02529
v 2.08211 2.66965 -2.09626
v 2.01115 2.66917 -2.02328
v 2.08056 2.66917 -2.07371
v 2.03307 2.66965 -2.02877
v 2.07864 2.66965 -2.07433
v 2.0337 2.66917 -2.02685
v 2.07019 2.66917 -2.05336
v 2.05286 2.66965 -2.03885
v 2.06856 2.66965 -2.05455
v 2.05404 2.66917 -2.03721
v 1.96825 2.65017 -2.15531
v 1.96943 2.65064 -2.15367
v 1.95373 2.65064 -2.13797
v 1.9521 2.65017 -2.13916
v 1.98859 2.65017 -2.16567
v 1.94365 2.65064 -2.11819
v 1.98922 2.65064 -2.16375
v 1.94173 2.65017 -2.11881
v 2.01115 2.65017 -2.16924
v 1.94018 2.65064 -2.09626
v 2.01115 2.65064 -2.16723
v 1.93816 2.65017 -2.09626
v 2.0337 2.65017 -2.16567
v 1.94365 2.65064 -2.07433
v 2.03307 2.65064 -2.16375
v 1.94173 2.65017 -2.07371
v 2.05404 2.65017 -2.15531
v 1.95373 2.65064 -2.05455
v 2.05286 2.65064 -2.15367
v 1.9521 2.65017 -2.05336
v 2.07019 2.65017 -2.13916
v 1.96943 2.65064 -2.03885
v 2.06856 2.65064 -2.13797
v 1.96825 2.65017 -2.03721
v 2.08056 2.65017 -2.11881
v 1.98922 2.65064 -2.02877
v 2.07864 2.65064 -2.11819
v 1.98859 2.65017 -2.02685
v 2.08413 2.65017 -2.09626
v 2.01115 2.65064 -2.02529
v 2.08211 2.65064 -2.09626
v 2.01115 2.65017 -2.02328
v 2.08056 2.65017 -2.07371
v 2.03307 2.65064 -2.02877
v 2.07864 2.65064 -2.07433
v 2.0337 2.65017 -2.02685
v 2.07019 2.65017 -2.05336
v 2.05286 2.65064 -2.03885
v 2.06856 2.65064 -2.05455
v 2.05404 2.65017 -2.03721
v 1.96825 2.63108 -2.15531
v 1.96943 2.63156 -2.15367
v 1.95373 2.63156 -2.13797
v 1.9521 2.63108 -2.13916
v 1.98859 2.63108 -2.16567
v 1.94365 2.63156 -2.11819
v 1.98922 2.63156 -2.16375
v 1.94173 2.63108 -2.11881
v 2.01115 2.63108 -2.16924
v 1.94018 2.63156 -2.09626
v 2.01115 2.63156 -2.16723
v 1.93816 2.63108 -2.09626
v 2.0337 2.63108 -2.16567
v 1.94365 2.63156 -2.07433
v 2.03307 2.63156 -2.16375
v 1.94173 2.63108 -2.07371
v 2.05404 2.63108 -2.15531
v 1.95373 2.63156 -2.05455
v 2.05286 2.63156 -2.15367
v 1.9521 2.63108 -2.05336
v 2.07019 2.63108 -2.13916
v 1.96943 2.63156 -2.03885
v 2.06856 2.63156 -2.13797
v 1.96825 2.63108 -2.03721
v 2.08056 2.63108 -2.11881
v 1.98922 2.63156 -2.02877
v 2.07864 2.63156 -2.11819
v 1.98859 2.63108 -2.02685
v 2.08413 2.63108 -2.09626
v 2.01115 2.63156 -2.02529
v 2.08211 2.63156 -2.09626
v 2.01115 2.63108 -2.02328
v 2.08056 2.63108 -2.07371
v 2.03307 2.63156 -2.02877
v 2.07864 2.63156 -2.07433
v 2.0337 2.63108 -2.02685
v 2.07019 2.63108 -2.05336
v 2.05286 2.63156 -2.03885
v 2.06856 2.63156 -2.05455
v 2.05404 2.63108 -2.03721
vn 2.109761 2.206918 -2.388663
vn 2.195289 2.206919 -2.343877
vn 2.273093 2.32235 -2.451134
vn 2.014577 2.206917 -2.404825
vn 2.150612 2.322352 -2.514715
vn 2.014477 2.322351 -2.537333
vn 1.919065 2.206915 -2.390784
vn 1.878016 2.322349 -2.516775
vn 2.013236 2.483838 -2.633656
vn 1.847069 2.483836 -2.608
vn 1.763531 2.206917 -2.280412
vn 1.832552 2.206919 -2.347917
vn 1.754586 2.322351 -2.455057
vn 1.763531 2.206917 -2.280412
vn 1.754586 2.322351 -2.455057
vn 1.656272 2.322351 -2.35822
vn 1.870981 2.136905 -2.14471
vn 1.718748 2.206915 -2.194884
vn 1.862873 2.136904 -2.09903
vn 1.702584 2.206915 -2.099702
vn 2.011141 2.117535 -2.096265
vn 1.869274 2.136904 -2.053077
vn 1.716623 2.206916 -2.004183
vn 1.892809 2.136905 -2.185652
vn 1.832552 2.206919 -2.347917
vn 1.889559 2.136906 -2.01135
vn 1.759492 2.206915 -1.917682
vn 1.926231 2.136904 -2.217842
vn 1.919065 2.206915 -2.390784
vn 1.921748 2.136906 -1.977934
vn 1.826994 2.206916 -1.848657
vn 1.967959 2.136904 -2.238131
vn 2.014577 2.206917 -2.404825
vn 1.962699 2.136904 -1.956107
vn 2.013902 2.136905 -2.244535
vn 2.008374 2.136905 -1.947996
vn 1.912521 2.206916 -1.803872
vn 2.109761 2.206918 -2.388663
vn 2.059584 2.136904 -2.236422
vn 2.195289 2.206919 -2.343877
vn 2.007704 2.206915 -1.787709
vn 2.054326 2.136904 -1.954399
vn 2.103227 2.206918 -1.801745
vn 2.09605 2.136904 -1.974688
vn 2.189735 2.206919 -1.844618
vn 2.129465 2.136904 -2.006875
vn 2.258752 2.206918 -1.912118
vn 2.267698 2.322353 -1.737474
vn 2.151297 2.136904 -2.047819
vn 2.30353 2.206914 -1.997645
vn 2.159403 2.136903 -2.093499
vn 2.3197 2.206917 -2.09283
vn 2.153003 2.136904 -2.139456
vn 2.132717 2.136904 -2.181178
vn 2.273093 2.32235 -2.451134
vn 2.447131 2.483839 -2.41044
vn 2.328707 2.48384 -2.529792
vn 2.474236 2.614372 -2.431517
vn 2.347973 2.614381 -2.558214
vn 2.36501 3.071692 -2.353414
vn 2.268187 3.071725 -2.450175
vn 2.427138 3.071708 -2.231483
vn 2.555171 2.61438 -2.272002
vn 2.448544 3.071729 -2.096319
vn 2.58285 2.614384 -2.095287
vn 2.369934 2.32235 -2.352815
vn 2.273093 2.32235 -2.451134
vn 2.258752 2.206918 -1.912118
vn 2.267698 2.322353 -1.737474
vn 2.36601 2.322351 -1.834312
vn 2.17366 3.248882 -2.093513
vn 2.319654 3.182881 -2.092827
vn 2.303492 3.182881 -1.997657
vn 1.848624 3.248883 -2.099017
vn 1.702624 3.18288 -2.099701
vn 1.71879 3.182881 -2.194874
vn 2.273093 2.322349 -2.451133
vn 2.447133 2.483842 -2.410438
vn 2.328706 2.483842 -2.529793
vn 2.305661 2.206918 -2.188349
vn 2.319704 2.206919 -2.092831
vn 2.452209 2.322351 -2.092927
vn 2.144239 3.248882 -2.189566
vn 2.262759 3.182878 -2.274827
vn 2.305621 3.182878 -2.188338
vn 1.718752 2.206913 -2.194884
vn 1.763535 2.206915 -2.280412
vn 1.656271 2.32235 -2.358218
vn 1.754589 2.322348 -2.455056
vn 1.696963 2.483843 -2.532255
vn 1.577612 2.483845 -2.413833
vn 1.592692 2.32235 -2.235735
vn 1.675894 2.61438 -2.559366
vn 1.500698 2.483841 -2.264322
vn 1.549196 2.614383 -2.433104
vn 1.753986 3.071732 -2.450089
vn 1.657256 3.071748 -2.353312
vn 1.467717 2.614379 -2.273869
vn 1.473749 2.483841 -2.09836
vn 1.595149 3.071753 -2.231375
vn 1.439431 2.614383 -2.097251
vn 1.912519 2.206916 -1.803872
vn 1.826995 2.206915 -1.848658
vn 1.749187 2.322352 -1.741395
vn 2.011141 2.117535 -2.096265
vn 2.059584 2.136904 -2.236422
vn 2.013902 2.136905 -2.244535
vn 2.100533 2.136904 -2.214588
vn 2.195289 2.206919 -2.343877
vn 2.132717 2.136904 -2.181178
vn 2.262788 2.206916 -2.274852
vn 2.369934 2.32235 -2.352815
vn 2.305657 2.206916 -2.188348
vn 2.153003 2.136904 -2.139456
vn 2.3197 2.206917 -2.09283
vn 2.109761 2.206918 -2.388663
vn 2.273093 2.32235 -2.451134
vn 2.150612 2.322352 -2.514715
vn 2.328707 2.48384 -2.529792
vn 2.179197 2.48384 -2.606707
vn 2.014477 2.322351 -2.537333
vn 2.347973 2.614381 -2.558214
vn 2.013236 2.483838 -2.633656
vn 2.188743 2.614385 -2.63969
vn 2.268187 3.071725 -2.450175
vn 2.012124 2.614377 -2.667974
vn 2.146258 3.071747 -2.51226
vn 2.011096 3.071714 -2.533681
vn 1.832552 2.206919 -2.347917
vn 1.919065 2.206915 -2.390784
vn 1.878016 2.322349 -2.516775
vn 1.754586 2.322351 -2.455057
vn 1.847069 2.483836 -2.608
vn 1.696964 2.48384 -2.532255
vn 1.835408 2.614381 -2.640297
vn 1.675895 2.614381 -2.559367
vn 2.012124 2.614377 -2.667974
vn 2.013236 2.483838 -2.633656
vn 2.011096 3.071714 -2.533681
vn 1.875923 3.071736 -2.512237
vn 1.753998 3.071723 -2.450106
vn 1.718748 2.206915 -2.194884
vn 1.763531 2.206917 -2.280412
vn 1.656272 2.322351 -2.35822
vn 1.59269 2.322352 -2.235736
vn 1.702584 2.206915 -2.099702
vn 1.570072 2.322352 -2.0996
vn 1.716623 2.206916 -2.004183
vn 1.59063 2.322349 -1.963142
vn 1.759492 2.206915 -1.917682
vn 1.652348 2.322349 -1.839714
vn 2.273093 2.32235 -2.451134
vn 2.369934 2.32235 -2.352815
vn 2.447131 2.483839 -2.41044
vn 2.522876 2.483837 -2.260336
vn 2.328707 2.48384 -2.529792
vn 2.447131 2.483839 -2.41044
vn 2.474236 2.614372 -2.431517
vn 2.555171 2.61438 -2.272002
vn 2.522876 2.483837 -2.260336
vn 2.58285 2.614384 -2.095287
vn 2.548531 2.483838 -2.094171
vn 2.431653 2.322351 -2.229388
vn 2.369934 2.32235 -2.352815
vn 2.262788 2.206916 -2.274852
vn 2.305657 2.206916 -2.188348
vn 2.452209 2.322352 -2.092925
vn 2.3197 2.206917 -2.09283
vn 2.429592 2.322353 -1.956794
vn 2.30353 2.206914 -1.997645
vn 2.52158 2.483838 -1.928207
vn 2.554563 2.614377 -1.918659
vn 2.36601 2.322351 -1.834312
vn 2.258752 2.206918 -1.912118
vn 2.427138 3.071743 -1.961144
vn 2.448544 3.071729 -2.096319
vn 2.36502 3.071745 -1.839207
vn 2.473085 2.614373 -1.75943
vn 2.268298 3.071701 -1.742411
vn 2.346385 2.614372 -1.633165
vn 2.444667 2.483842 -1.778699
vn 2.325315 2.483843 -1.660273
vn 2.267698 2.322353 -1.737474
vn 2.189735 2.206919 -1.844618
vn 2.144267 2.322351 -1.675755
vn 2.267698 2.322353 -1.737474
vn 2.103227 2.206918 -1.801745
vn 2.007805 2.322349 -1.655199
vn 2.007704 2.206915 -1.787709
vn 2.267698 2.322353 -1.737474
vn 2.144267 2.322351 -1.675755
vn 2.175212 2.483841 -1.584529
vn 2.325315 2.483843 -1.660273
vn 2.186874 2.614374 -1.552235
vn 2.346385 2.614372 -1.633165
vn 2.146356 3.071717 -1.680276
vn 2.268298 3.071701 -1.742411
vn 2.011199 3.071736 -1.658868
vn 1.912521 2.206916 -1.803872
vn 1.826994 2.206916 -1.848657
vn 1.749187 2.322354 -1.741393
vn 1.871666 2.322349 -1.677819
vn 2.007704 2.206915 -1.787709
vn 1.693575 2.48384 -1.662738
vn 2.007805 2.322349 -1.655199
vn 1.843082 2.48384 -1.585824
vn 1.674305 2.614376 -1.63432
vn 2.009046 2.483843 -1.558873
vn 2.144267 2.322351 -1.675755
vn 2.175212 2.483841 -1.584529
vn 1.833536 2.614376 -1.552842
vn 1.75409 3.071725 -1.742359
vn 1.876017 3.071718 -1.680246
vn 2.010159 2.614381 -1.524556
vn 2.186874 2.614374 -1.552235
vn 2.011199 3.071736 -1.658868
vn 1.826994 2.206916 -1.848657
vn 1.652348 2.322349 -1.839714
vn 1.749187 2.322354 -1.741393
vn 1.759492 2.206915 -1.917682
vn 1.674305 2.614376 -1.63432
vn 1.657301 3.071731 -1.83913
vn 1.75409 3.071725 -1.742359
vn 1.548043 2.61438 -1.761014
vn 1.693575 2.48384 -1.662738
vn 1.595176 3.071741 -1.961039
vn 1.57515 2.483837 -1.782092
vn 1.749187 2.322354 -1.741393
vn 1.652348 2.322349 -1.839714
vn 1.467109 2.614379 -1.920532
vn 1.573749 3.071743 -2.096211
vn 1.499404 2.483838 -1.932197
vn 1.59063 2.322349 -1.963142
vn 1.439431 2.614382 -2.097251
vn 1.595121 3.071723 -2.231373
vn 1.467717 2.614378 -2.273869
vn 1.47375 2.48384 -2.09836
vn 1.570072 2.322352 -2.0996
vn 1.5007 2.483838 -2.264321
vn 1.59269 2.322352 -2.235736
vn 1.467717 2.614378 -2.273869
vn 1.657255 3.071743 -2.353319
vn 1.595121 3.071723 -2.231373
vn 1.549197 2.614382 -2.433105
vn 1.753998 3.071723 -2.450106
vn 1.675895 2.614381 -2.559367
vn 1.5007 2.483838 -2.264321
vn 1.47375 2.48384 -2.09836
vn 1.577615 2.483841 -2.413834
vn 1.59269 2.322352 -2.235736
vn 1.696964 2.48384 -2.532255
vn 1.656272 2.322351 -2.35822
vn 1.754586 2.322351 -2.455057
vn 1.912532 3.18288 -1.803912
vn 1.749156 3.067364 -1.741361
vn 1.827021 3.18288 -1.848688
vn 1.871652 3.067364 -1.677773
vn 1.693012 2.90345 -1.661952
vn 2.007699 3.182879 -1.787748
vn 2.007803 3.067366 -1.655153
vn 1.842793 2.903448 -1.5849
vn 2.009052 2.903453 -1.557908
vn 2.103209 3.182879 -1.801785
vn 2.144281 3.067366 -1.675712
vn 2.189697 3.182881 -1.84465
vn 2.267724 3.067365 -1.737439
vn 2.258711 3.182883 -1.912146
vn 2.366046 3.067367 -1.834287
vn 2.267724 3.067365 -1.737439
vn 2.189697 3.182881 -1.84465
vn 2.140998 3.248883 -1.998507
vn 2.16486 3.248881 -2.043424
vn 2.303492 3.182881 -1.997657
vn 2.17366 3.248882 -2.093513
vn 2.104437 3.248882 -1.963164
vn 2.103209 3.182879 -1.801785
vn 2.011143 3.272235 -2.096266
vn 2.166555 3.248882 -2.143873
vn 2.058755 3.248881 -1.940849
vn 2.319654 3.182881 -2.092827
vn 2.305617 3.18288 -2.188336
vn 2.144244 3.248881 -2.189566
vn 2.108895 3.248883 -2.226125
vn 2.063991 3.248882 -2.249978
vn 2.013896 3.248882 -2.258785
vn 1.963544 3.248883 -2.251682
vn 1.917848 3.248883 -2.229366
vn 1.881277 3.248882 -2.19402
vn 1.857426 3.248882 -2.149105
vn 1.832584 3.182881 -2.34788
vn 2.007699 3.182879 -1.787748
vn 2.008392 3.248883 -1.93375
vn 1.912532 3.18288 -1.803912
vn 1.958301 3.248883 -1.942554
vn 1.827021 3.18288 -1.848688
vn 1.913383 3.248882 -1.966405
vn 1.75953 3.182882 -1.917703
vn 1.65231 3.067364 -1.839686
vn 1.749156 3.067364 -1.741361
vn 1.878042 3.248882 -2.002966
vn 1.716665 3.182882 -2.004198
vn 1.855731 3.248884 -2.048658
vn 1.702624 3.18288 -2.099701
vn 1.848624 3.248883 -2.099017
vn 1.71879 3.182881 -2.194874
vn 1.763569 3.182882 -2.280387
vn 2.303492 3.182881 -1.997657
vn 2.366046 3.067367 -1.834287
vn 2.258711 3.182883 -1.912146
vn 2.429633 3.067364 -1.956781
vn 2.319654 3.182881 -2.092827
vn 2.452255 3.067363 -2.092928
vn 2.305617 3.18288 -2.188336
vn 2.522504 2.903448 -1.927915
vn 2.431696 3.067363 -2.229404
vn 2.262752 3.182881 -2.274827
vn 2.369973 3.067365 -2.352841
vn 2.549499 2.903449 -2.094175
vn 2.545994 2.823964 -1.921325
vn 2.573875 2.823965 -2.095164
vn 2.523794 2.90345 -2.260643
vn 2.447909 2.903449 -2.411015
vn 2.27312 3.067366 -2.45117
vn 2.329267 2.903447 -2.530581
vn 2.546675 2.823959 -2.269111
vn 2.211211 3.236461 -2.096148
vn 2.201482 3.236452 -2.157978
vn 2.46705 2.823961 -2.426142
vn 2.342798 2.823965 -2.55088
vn 2.173031 3.236475 -2.213757
vn 2.128832 3.236471 -2.258024
vn 1.871652 3.067364 -1.677773
vn 1.842793 2.903448 -1.5849
vn 1.693012 2.90345 -1.661952
vn 1.679481 2.823965 -1.641651
vn 1.836196 2.823957 -1.561412
vn 1.893464 3.23647 -1.93449
vn 1.949238 3.236474 -1.906049
vn 2.267724 3.067365 -1.737439
vn 2.325889 2.90345 -1.659496
vn 2.175514 2.90345 -1.58361
vn 2.144281 3.067366 -1.675712
vn 2.009052 2.903453 -1.557908
vn 2.010037 2.823965 -1.53353
vn 1.836196 2.823957 -1.561412
vn 1.842793 2.903448 -1.5849
vn 1.949238 3.236474 -1.906049
vn 2.011036 3.236463 -1.896199
vn 2.341017 2.823963 -1.640356
vn 2.128645 3.236464 -1.934347
vn 2.072848 3.236463 -1.905954
vn 2.183988 2.823959 -1.560731
vn 2.325889 2.90345 -1.659496
vn 2.011036 3.236463 -1.896199
vn 2.175514 2.90345 -1.58361
vn 2.010037 2.823965 -1.53353
vn 1.679481 2.823965 -1.641651
vn 1.893464 3.23647 -1.93449
vn 1.849255 3.236475 -1.978766
vn 1.555231 2.823964 -1.766389
vn 1.693012 2.90345 -1.661952
vn 1.820838 3.236466 -2.034559
vn 1.57437 2.903451 -1.78152
vn 1.475607 2.823962 -1.923417
vn 1.811046 3.236452 -2.096376
vn 1.498487 2.90345 -1.931887
vn 1.65231 3.067364 -1.839686
vn 1.590587 3.067366 -1.963124
vn 1.448403 2.823956 -2.09737
vn 1.820931 3.236473 -2.158201
vn 1.472783 2.903453 -2.098356
vn 1.570028 3.067366 -2.099603
vn 1.749156 3.067364 -1.741361
vn 1.693012 2.90345 -1.661952
vn 1.57437 2.903451 -1.78152
vn 1.65231 3.067364 -1.839686
vn 1.75953 3.182882 -1.917703
vn 1.590587 3.067366 -1.963124
vn 1.716665 3.182882 -2.004198
vn 1.716665 3.182882 -2.004198
vn 1.590587 3.067366 -1.963124
vn 1.570028 3.067366 -2.099603
vn 1.702624 3.18288 -2.099701
vn 1.592648 3.067365 -2.235749
vn 1.71879 3.182881 -2.194874
vn 1.499775 2.903448 -2.264612
vn 1.472783 2.903453 -2.098356
vn 1.656236 3.067366 -2.358245
vn 1.763569 3.182882 -2.280387
vn 1.576831 2.903451 -2.414398
vn 1.476289 2.823965 -2.27121
vn 1.448403 2.823956 -2.09737
vn 1.820931 3.236473 -2.158201
vn 1.849321 3.236456 -2.213942
vn 1.556525 2.823954 -2.427926
vn 1.893631 3.236468 -2.258169
vn 1.681262 2.823967 -2.552172
vn 1.696393 2.90345 -2.533035
vn 1.754556 3.067364 -2.455092
vn 1.857426 3.248882 -2.149105
vn 1.763569 3.182882 -2.280387
vn 1.881277 3.248882 -2.19402
vn 1.832584 3.182881 -2.34788
vn 1.754556 3.067364 -2.455092
vn 1.656236 3.067366 -2.358245
vn 1.917848 3.248883 -2.229366
vn 1.919075 3.182882 -2.390741
vn 1.963544 3.248883 -2.251682
vn 2.014574 3.182882 -2.404778
vn 2.013896 3.248882 -2.258785
vn 2.109747 3.182881 -2.388617
vn 2.063991 3.248882 -2.249978
vn 2.195259 3.182879 -2.343843
vn 2.108895 3.248883 -2.226125
vn 2.262752 3.182881 -2.274827
vn 2.144244 3.248881 -2.189566
vn 2.305617 3.18288 -2.188336
vn 2.014574 3.182882 -2.404778
vn 2.150627 3.067365 -2.514757
vn 2.109747 3.182881 -2.388617
vn 2.014477 3.067366 -2.537377
vn 1.919075 3.182882 -2.390741
vn 1.878002 3.067366 -2.516819
vn 1.832584 3.182881 -2.34788
vn 2.013229 2.903446 -2.634625
vn 1.754556 3.067364 -2.455092
vn 1.846766 2.903446 -2.608922
vn 2.012241 2.82396 -2.659001
vn 1.696393 2.90345 -2.533035
vn 1.838293 2.823963 -2.631799
vn 2.011254 3.236472 -2.296308
vn 1.681262 2.823967 -2.552172
vn 1.94944 3.236472 -2.286552
vn 1.893631 3.236468 -2.258169
vn 2.109747 3.182881 -2.388617
vn 2.27312 3.067366 -2.45117
vn 2.195259 3.182879 -2.343843
vn 2.150627 3.067365 -2.514757
vn 2.329267 2.903447 -2.530581
vn 2.17949 2.903447 -2.60763
vn 2.014477 3.067366 -2.537377
vn 2.342798 2.823965 -2.55088
vn 2.013229 2.903446 -2.634625
vn 2.186084 2.823969 -2.631116
vn 2.128832 3.236471 -2.258024
vn 2.012241 2.82396 -2.659001
vn 2.07305 3.236473 -2.286483
vn 2.011254 3.236472 -2.296308
vn 2.195259 3.182879 -2.343843
vn 2.27312 3.067366 -2.45117
vn 2.369973 3.067365 -2.352841
vn 2.262752 3.182881 -2.274827
vn 2.573875 2.823965 -2.095164
vn 2.211211 3.236461 -2.096148
vn 2.20134 3.236477 -2.034338
vn 2.545994 2.823964 -1.921325
vn 2.172943 3.236461 -1.978586
vn 2.465755 2.823963 -1.764607
vn 2.128645 3.236464 -1.934347
vn 2.522504 2.903448 -1.927915
vn 2.341017 2.823963 -1.640356
vn 2.445451 2.903448 -1.778132
vn 2.429633 3.067364 -1.956781
vn 2.325889 2.90345 -1.659496
vn 2.366046 3.067367 -1.834287
vn 2.267724 3.067365 -1.737439
vn 2.0139 2.136904 -2.244531
vn 2.059579 2.136903 -2.236418
vn 2.10976 2.20692 -2.388665
vn 2.014576 2.206919 -2.404828
vn 1.967953 2.136903 -2.238127
vn 1.919055 2.206919 -2.390787
vn 1.92623 2.136904 -2.217841
vn 1.83255 2.20692 -2.347919
vn 2.011138 2.117535 -2.096265
vn 1.892811 2.136905 -2.185652
vn 1.763528 2.206918 -2.280412
vn 1.754589 2.322349 -2.455057
vn 1.656272 2.322351 -2.35822
vn 1.870987 2.136903 -2.14471
vn 1.718746 2.206917 -2.194885
vn 1.862879 2.136903 -2.099028
vn 1.702578 2.206919 -2.099703
vn 1.869278 2.136904 -2.053075
vn 1.716618 2.206919 -2.004183
vn 1.889566 2.136904 -2.011352
vn 1.759488 2.206918 -1.917681
vn 2.10976 2.20692 -2.388665
vn 2.195289 2.20692 -2.343879
vn 2.273093 2.322349 -2.451133
vn 2.15061 2.322351 -2.514714
vn 2.328706 2.483842 -2.529793
vn 2.014576 2.206919 -2.404828
vn 2.179198 2.483841 -2.606707
vn 2.014479 2.32235 -2.537332
vn 1.919055 2.206919 -2.390787
vn 2.013236 2.48384 -2.633656
vn 2.188745 2.614384 -2.639689
vn 1.878017 2.322347 -2.516774
vn 1.83255 2.20692 -2.347919
vn 1.754589 2.322349 -2.455057
vn 1.84707 2.483837 -2.608001
vn 1.696966 2.483841 -2.532256
vn 2.012123 2.614376 -2.667974
vn 2.146251 3.071764 -2.512247
vn 2.011089 3.07173 -2.533668
vn 1.83541 2.61438 -2.640298
vn 1.675893 2.61438 -2.559365
vn 1.875914 3.07175 -2.512222
vn 1.754002 3.071738 -2.450094
vn 2.059579 2.136903 -2.236418
vn 2.195289 2.20692 -2.343879
vn 2.10976 2.20692 -2.388665
vn 2.100524 2.136903 -2.214589
vn 2.011138 2.117535 -2.096265
vn 2.0139 2.136904 -2.244531
vn 1.967953 2.136903 -2.238127
vn 2.132718 2.136904 -2.181177
vn 2.153004 2.136904 -2.139455
vn 2.305661 2.206918 -2.188349
vn 2.262791 2.206918 -2.274853
vn 2.369933 2.322348 -2.352815
vn 2.273093 2.322349 -2.451133
vn 1.718746 2.206917 -2.194885
vn 1.763528 2.206918 -2.280412
vn 1.656272 2.322351 -2.35822
vn 1.592692 2.322349 -2.235734
vn 1.702578 2.206919 -2.099703
vn 1.570072 2.322351 -2.099598
vn 1.577614 2.483843 -2.413833
vn 1.500698 2.483841 -2.26432
vn 1.696966 2.483841 -2.532256
vn 1.754589 2.322349 -2.455057
vn 1.675893 2.61438 -2.559365
vn 1.549195 2.614382 -2.433103
vn 1.754002 3.071738 -2.450094
vn 1.657278 3.071765 -2.353318
vn 1.467716 2.614379 -2.273868
vn 1.473749 2.483841 -2.098362
vn 1.595115 3.071719 -2.231364
vn 2.011138 2.117535 -2.096265
vn 1.862879 2.136903 -2.099028
vn 1.869278 2.136904 -2.053075
vn 1.889566 2.136904 -2.011352
vn 1.921758 2.136904 -1.977936
vn 1.962699 2.136903 -1.956111
vn 1.759488 2.206918 -1.917681
vn 1.826991 2.206918 -1.848655
vn 1.65235 2.322348 -1.839713
vn 1.749189 2.322352 -1.741394
vn 1.912516 2.206918 -1.80387
vn 2.008375 2.136904 -1.947997
vn 2.007701 2.206917 -1.787706
vn 2.054327 2.136904 -1.954399
vn 2.103224 2.206919 -1.801743
vn 2.096047 2.136904 -1.974688
vn 2.189733 2.206919 -1.844615
vn 2.129455 2.136902 -2.006876
vn 2.151294 2.136904 -2.047818
vn 2.1594 2.136902 -2.093498
vn 2.153004 2.136904 -2.139455
vn 2.319704 2.206919 -2.092831
vn 2.305661 2.206918 -2.188349
vn 2.258756 2.20692 -1.912117
vn 2.267694 2.322351 -1.737474
vn 2.366008 2.32235 -1.834311
vn 2.273093 2.322349 -2.451133
vn 2.369933 2.322348 -2.352815
vn 2.447133 2.483842 -2.410438
vn 2.522877 2.48384 -2.260335
vn 2.43165 2.32235 -2.22939
vn 2.262791 2.206918 -2.274853
vn 2.305661 2.206918 -2.188349
vn 2.452209 2.322351 -2.092927
vn 2.548532 2.48384 -2.094169
vn 2.58285 2.614384 -2.095287
vn 2.555172 2.61438 -2.271998
vn 2.554562 2.614374 -1.918657
vn 2.52158 2.483837 -1.928206
vn 2.473084 2.614372 -1.759429
vn 2.444668 2.483842 -1.7787
vn 2.429589 2.322351 -1.956794
vn 2.319704 2.206919 -2.092831
vn 2.303536 2.206918 -1.997645
vn 2.366008 2.32235 -1.834311
vn 2.258756 2.20692 -1.912117
vn 2.325316 2.483843 -1.660274
vn 2.267694 2.322351 -1.737474
vn 2.179198 2.483841 -2.606707
vn 2.328706 2.483842 -2.529793
vn 2.347972 2.614379 -2.558214
vn 2.188745 2.614384 -2.639689
vn 2.268176 3.071746 -2.45016
vn 2.146251 3.071764 -2.512247
vn 2.347972 2.614379 -2.558214
vn 2.364974 3.071724 -2.353417
vn 2.268176 3.071746 -2.45016
vn 2.474239 2.614371 -2.431513
vn 2.328706 2.483842 -2.529793
vn 2.427107 3.071744 -2.231478
vn 2.447133 2.483842 -2.410438
vn 2.555172 2.61438 -2.271998
vn 2.522877 2.48384 -2.260335
vn 2.448537 3.071737 -2.096319
vn 2.58285 2.614384 -2.095287
vn 2.1594 2.136902 -2.093498
vn 2.303536 2.206918 -1.997645
vn 2.319704 2.206919 -2.092831
vn 2.151294 2.136904 -2.047818
vn 2.258756 2.20692 -1.912117
vn 2.129455 2.136902 -2.006876
vn 2.189733 2.206919 -1.844615
vn 2.58285 2.614384 -2.095287
vn 2.427141 3.071742 -1.961154
vn 2.448537 3.071737 -2.096319
vn 2.554562 2.614374 -1.918657
vn 2.36502 3.071754 -1.839219
vn 2.473084 2.614372 -1.759429
vn 2.268278 3.071724 -1.742421
vn 2.346388 2.614371 -1.633167
vn 2.444668 2.483842 -1.7787
vn 2.325316 2.483843 -1.660274
vn 2.189733 2.206919 -1.844615
vn 2.144266 2.322349 -1.675756
vn 2.267694 2.322351 -1.737474
vn 2.103224 2.206919 -1.801743
vn 2.007804 2.322349 -1.6552
vn 2.007701 2.206917 -1.787706
vn 1.871667 2.322348 -1.67782
vn 1.912516 2.206918 -1.80387
vn 1.749189 2.322352 -1.741394
vn 1.826991 2.206918 -1.848655
vn 1.693572 2.483842 -1.662739
vn 1.843081 2.483841 -1.585824
vn 2.009045 2.483843 -1.558873
vn 1.6743 2.614376 -1.634323
vn 1.833538 2.614375 -1.552842
vn 1.754092 3.071738 -1.742371
vn 1.87604 3.071735 -1.680254
vn 2.010155 2.61438 -1.524556
vn 2.267694 2.322351 -1.737474
vn 2.175212 2.483843 -1.584528
vn 2.325316 2.483843 -1.660274
vn 2.144266 2.322349 -1.675756
vn 2.144266 2.322349 -1.675756
vn 2.007804 2.322349 -1.6552
vn 2.009045 2.483843 -1.558873
vn 2.175212 2.483843 -1.584528
vn 2.010155 2.61438 -1.524556
vn 1.833538 2.614375 -1.552842
vn 1.843081 2.483841 -1.585824
vn 2.186873 2.614373 -1.552235
vn 2.325316 2.483843 -1.660274
vn 2.346388 2.614371 -1.633167
vn 2.01119 3.071752 -1.658882
vn 1.87604 3.071735 -1.680254
vn 2.146358 3.071732 -1.68029
vn 2.268278 3.071724 -1.742421
vn 1.716618 2.206919 -2.004183
vn 1.702578 2.206919 -2.099703
vn 1.570072 2.322351 -2.099598
vn 1.59063 2.322349 -1.963142
vn 1.759488 2.206918 -1.917681
vn 1.65235 2.322348 -1.839713
vn 1.473749 2.483841 -2.098362
vn 1.500698 2.483841 -2.26432
vn 1.592692 2.322349 -2.235734
vn 1.499403 2.48384 -1.932198
vn 1.57515 2.483839 -1.782091
vn 1.749189 2.322352 -1.741394
vn 1.693572 2.483842 -1.662739
vn 1.439431 2.614381 -2.097251
vn 1.467716 2.614379 -2.273868
vn 1.595115 3.071719 -2.231364
vn 1.573753 3.071748 -2.096211
vn 1.467109 2.614378 -1.920534
vn 1.595184 3.071754 -1.961048
vn 1.548042 2.614379 -1.761016
vn 1.6743 2.614376 -1.634323
vn 1.657332 3.071759 -1.839129
vn 1.754092 3.071738 -1.742371
vn 1.912534 3.182878 -1.803909
vn 1.749158 3.067366 -1.741362
vn 1.827014 3.182877 -1.848687
vn 1.871655 3.067366 -1.677774
vn 2.007708 3.182878 -1.787746
vn 1.69301 2.903449 -1.661953
vn 2.007804 3.067369 -1.655156
vn 2.103206 3.182878 -1.801782
vn 1.842792 2.903447 -1.5849
vn 1.679483 2.823963 -1.641649
vn 2.00905 2.903452 -1.557908
vn 1.8362 2.823956 -1.56141
vn 1.89349 3.236488 -1.934532
vn 2.010037 2.823963 -1.53353
vn 1.94922 3.23649 -1.906098
vn 2.011027 3.236481 -1.896249
vn 2.258719 3.182879 -1.912146
vn 2.366046 3.067368 -1.834289
vn 2.267722 3.067368 -1.73744
vn 2.189704 3.182878 -1.844648
vn 2.141006 3.248881 -1.998509
vn 2.164858 3.248881 -2.043422
vn 2.104438 3.248882 -1.963164
vn 2.103206 3.182878 -1.801782
vn 2.058745 3.248882 -1.940848
vn 2.303498 3.182878 -1.997658
vn 2.17366 3.248882 -2.093511
vn 2.319658 3.182879 -2.092829
vn 2.303498 3.182878 -1.997658
vn 2.366046 3.067368 -1.834289
vn 2.258719 3.182879 -1.912146
vn 2.429631 3.067368 -1.956784
vn 2.319658 3.182879 -2.092829
vn 2.452252 3.067366 -2.092929
vn 2.522504 2.903447 -1.927914
vn 2.5495 2.903447 -2.094175
vn 2.445454 2.903447 -1.778135
vn 2.325891 2.90345 -1.659497
vn 2.267722 3.067368 -1.73744
vn 2.341014 2.823962 -1.640353
vn 2.465755 2.823962 -1.764606
vn 2.128615 3.236483 -1.934386
vn 2.17292 3.236474 -1.978613
vn 2.545992 2.823962 -1.92132
vn 2.201256 3.236508 -2.034352
vn 2.573876 2.823962 -2.095166
vn 2.211195 3.236467 -2.096148
vn 2.523796 2.903448 -2.260638
vn 2.431692 3.067367 -2.229406
vn 2.546675 2.823958 -2.269111
vn 2.201423 3.236475 -2.157959
vn 2.46705 2.823961 -2.426143
vn 2.172994 3.236491 -2.213738
vn 2.447913 2.903448 -2.411011
vn 2.369969 3.067369 -2.352842
vn 2.262759 3.182878 -2.274827
vn 2.305621 3.182878 -2.188338
vn 2.166558 3.248882 -2.143869
vn 2.319658 3.182879 -2.092829
vn 2.17366 3.248882 -2.093511
vn 2.01114 3.272235 -2.096265
vn 2.164858 3.248881 -2.043422
vn 2.141006 3.248881 -1.998509
vn 2.104438 3.248882 -1.963164
vn 2.058745 3.248882 -1.940848
vn 2.008384 3.248882 -1.933746
vn 1.9583 3.248882 -1.942551
vn 1.913397 3.248885 -1.966406
vn 2.007708 3.182878 -1.787746
vn 2.103206 3.182878 -1.801782
vn 1.912534 3.182878 -1.803909
vn 1.827014 3.182877 -1.848687
vn 1.759522 3.182877 -1.917702
vn 1.878044 3.248883 -2.002966
vn 1.716658 3.182878 -2.004198
vn 1.855726 3.248882 -2.048658
vn 1.702621 3.182878 -2.099701
vn 1.848619 3.248882 -2.099017
vn 1.718786 3.182879 -2.194874
vn 1.857421 3.248881 -2.149107
vn 1.763564 3.182879 -2.280386
vn 1.881273 3.24888 -2.194023
vn 1.917841 3.248881 -2.229367
vn 1.963542 3.248882 -2.251682
vn 1.832578 3.182879 -2.347881
vn 2.166558 3.248882 -2.143869
vn 2.305621 3.182878 -2.188338
vn 2.319658 3.182879 -2.092829
vn 2.144239 3.248882 -2.189566
vn 2.01114 3.272235 -2.096265
vn 2.108895 3.248882 -2.226128
vn 2.262759 3.182878 -2.274827
vn 2.195263 3.182878 -2.343844
vn 2.369969 3.067369 -2.352842
vn 2.273116 3.067369 -2.45117
vn 2.063981 3.248882 -2.249981
vn 2.109746 3.18288 -2.388619
vn 2.013893 3.248882 -2.258785
vn 2.01458 3.182879 -2.404782
vn 1.963542 3.248882 -2.251682
vn 1.919076 3.18288 -2.390745
vn 1.917841 3.248881 -2.229367
vn 1.832578 3.182879 -2.347881
vn 2.341014 2.823962 -1.640353
vn 2.128615 3.236483 -1.934386
vn 2.072816 3.236484 -1.906002
vn 2.183986 2.823957 -1.56073
vn 2.011027 3.236481 -1.896249
vn 2.325891 2.90345 -1.659497
vn 2.010037 2.823963 -1.53353
vn 2.175515 2.90345 -1.583611
vn 2.267722 3.067368 -1.73744
vn 2.00905 2.903452 -1.557908
vn 2.144276 3.067369 -1.675714
vn 2.189704 3.182878 -1.844648
vn 2.007804 3.067369 -1.655156
vn 2.103206 3.182878 -1.801782
vn 1.679483 2.823963 -1.641649
vn 1.89349 3.236488 -1.934532
vn 1.849258 3.236484 -1.978801
vn 1.555234 2.823962 -1.766384
vn 1.69301 2.903449 -1.661953
vn 1.820806 3.236457 -2.034576
vn 1.574369 2.90345 -1.78152
vn 1.749158 3.067366 -1.741362
vn 1.652312 3.067368 -1.839687
vn 1.475607 2.823961 -1.923415
vn 1.81114 3.236487 -2.096376
vn 1.448403 2.823955 -2.097368
vn 1.498485 2.903449 -1.93189
vn 1.590589 3.067369 -1.963126
vn 1.472783 2.903452 -2.098357
vn 1.827014 3.182877 -1.848687
vn 1.749158 3.067366 -1.741362
vn 1.652312 3.067368 -1.839687
vn 1.759522 3.182877 -1.917702
vn 1.759522 3.182877 -1.917702
vn 1.652312 3.067368 -1.839687
vn 1.590589 3.067369 -1.963126
vn 1.716658 3.182878 -2.004198
vn 1.57003 3.067369 -2.099603
vn 1.472783 2.903452 -2.098357
vn 1.498485 2.903449 -1.93189
vn 1.499774 2.903445 -2.264612
vn 1.592652 3.06737 -2.23575
vn 1.476288 2.823963 -2.271209
vn 1.448403 2.823955 -2.097368
vn 1.820967 3.236486 -2.15819
vn 1.81114 3.236487 -2.096376
vn 1.84939 3.236484 -2.213911
vn 1.556523 2.823951 -2.427925
vn 1.893662 3.236486 -2.258129
vn 1.681266 2.823965 -2.552176
vn 1.576829 2.90345 -2.414396
vn 1.696393 2.903449 -2.533036
vn 1.656238 3.06737 -2.358243
vn 1.754559 3.067368 -2.455091
vn 1.718786 3.182879 -2.194874
vn 1.763564 3.182879 -2.280386
vn 1.716658 3.182878 -2.004198
vn 1.57003 3.067369 -2.099603
vn 1.702621 3.182878 -2.099701
vn 1.592652 3.06737 -2.23575
vn 1.718786 3.182879 -2.194874
vn 1.857421 3.248881 -2.149107
vn 1.763564 3.182879 -2.280386
vn 1.881273 3.24888 -2.194023
vn 1.832578 3.182879 -2.347881
vn 1.754559 3.067368 -2.455091
vn 1.656238 3.06737 -2.358243
vn 1.832578 3.182879 -2.347881
vn 1.754559 3.067368 -2.455091
vn 1.878004 3.067368 -2.516818
vn 1.846769 2.903446 -2.608923
vn 1.696393 2.903449 -2.533036
vn 1.838296 2.823962 -2.6318
vn 1.681266 2.823965 -2.552176
vn 2.012239 2.823958 -2.659002
vn 2.013231 2.903447 -2.634625
vn 2.011254 3.23649 -2.296258
vn 1.949466 3.236492 -2.286505
vn 1.893662 3.236486 -2.258129
vn 1.832578 3.182879 -2.347881
vn 1.878004 3.067368 -2.516818
vn 1.919076 3.18288 -2.390745
vn 2.014476 3.067368 -2.537376
vn 2.01458 3.182879 -2.404782
vn 2.013231 2.903447 -2.634625
vn 1.846769 2.903446 -2.608923
vn 2.150623 3.067369 -2.514755
vn 2.109746 3.18288 -2.388619
vn 2.179492 2.903447 -2.607629
vn 2.273116 3.067369 -2.45117
vn 2.195263 3.182878 -2.343844
vn 2.329269 2.903445 -2.530581
vn 2.342797 2.823963 -2.550882
vn 2.186079 2.823967 -2.631118
vn 2.128795 3.236491 -2.257984
vn 2.012239 2.823958 -2.659002
vn 2.073048 3.23649 -2.286434
vn 2.011254 3.23649 -2.296258
vn 2.305621 3.182878 -2.188338
vn 2.452252 3.067366 -2.092929
vn 2.319658 3.182879 -2.092829
vn 2.431692 3.067367 -2.229406
vn 2.5495 2.903447 -2.094175
vn 2.273116 3.067369 -2.45117
vn 2.447913 2.903448 -2.411011
vn 2.369969 3.067369 -2.352842
vn 2.329269 2.903445 -2.530581
vn 2.46705 2.823961 -2.426143
vn 2.342797 2.823963 -2.550882
vn 2.172994 3.236491 -2.213738
vn 2.128795 3.236491 -2.257984
vn 2.10976 2.206918 -2.388662
vn 2.195285 2.206916 -2.343876
vn 2.273093 2.32235 -2.451134
vn 2.150613 2.322351 -2.514714
vn 2.328708 2.483843 -2.529792
vn 2.014578 2.206917 -2.404825
vn 2.179198 2.483843 -2.606708
vn 2.014479 2.322351 -2.537333
vn 1.919062 2.206916 -2.390784
vn 2.013237 2.483841 -2.633657
vn 2.188747 2.614384 -2.639689
vn 1.878019 2.322348 -2.516775
vn 1.832557 2.206917 -2.347918
vn 1.754589 2.322348 -2.455056
vn 1.847068 2.483839 -2.608001
vn 1.696963 2.483843 -2.532255
vn 2.012123 2.614376 -2.667974
vn 2.146271 3.07176 -2.512244
vn 2.011087 3.071728 -2.533669
vn 1.835403 2.614381 -2.640296
vn 1.675894 2.61438 -2.559366
vn 1.875927 3.071751 -2.512225
vn 1.753986 3.071732 -2.450089
vn 2.011143 2.117535 -2.096265
vn 2.153006 2.136904 -2.139456
vn 2.132718 2.136904 -2.181179
vn 2.159404 2.136903 -2.093498
vn 2.319698 2.206916 -2.092829
vn 2.305658 2.206916 -2.188347
vn 2.303531 2.206915 -1.997645
vn 2.151299 2.136905 -2.047817
vn 2.25875 2.206917 -1.912117
vn 2.129463 2.136904 -2.006874
vn 2.189726 2.206915 -1.844618
vn 2.267694 2.322351 -1.737473
vn 2.366009 2.322351 -1.834311
vn 2.096053 2.136905 -1.974685
vn 2.103226 2.206916 -1.801749
vn 2.054338 2.136906 -1.954397
vn 2.007703 2.206916 -1.787707
vn 2.008381 2.136905 -1.947994
vn 1.912519 2.206916 -1.803872
vn 1.962695 2.136904 -1.956108
vn 1.921761 2.136904 -1.977933
vn 1.763535 2.206915 -2.280412
vn 1.754589 2.322348 -2.455056
vn 1.656271 2.32235 -2.358218
vn 1.832557 2.206917 -2.347918
vn 1.892814 2.136905 -2.185654
vn 1.870985 2.136904 -2.144711
vn 2.011143 2.117535 -2.096265
vn 1.718752 2.206913 -2.194884
vn 1.862872 2.136904 -2.099028
vn 1.926223 2.136905 -2.217843
vn 1.919062 2.206916 -2.390784
vn 1.96795 2.136904 -2.238129
vn 2.014578 2.206917 -2.404825
vn 2.013909 2.136904 -2.244534
vn 2.10976 2.206918 -2.388662
vn 2.059581 2.136904 -2.236421
vn 2.195285 2.206916 -2.343876
vn 2.100525 2.136904 -2.214592
vn 2.132718 2.136904 -2.181179
vn 2.262788 2.206914 -2.274848
vn 2.369931 2.322349 -2.352818
vn 2.273093 2.32235 -2.451134
vn 2.305658 2.206916 -2.188347
vn 2.153006 2.136904 -2.139456
vn 1.718752 2.206913 -2.194884
vn 1.656271 2.32235 -2.358218
vn 1.592692 2.32235 -2.235735
vn 1.702585 2.206914 -2.099703
vn 1.570072 2.322351 -2.0996
vn 1.500698 2.483841 -2.264322
vn 1.716623 2.206916 -2.004186
vn 1.473749 2.483841 -2.09836
vn 1.59063 2.322349 -1.963143
vn 1.759493 2.206915 -1.917682
vn 1.652351 2.322349 -1.839711
vn 1.499404 2.48384 -1.932195
vn 1.439431 2.614383 -2.097251
vn 1.575152 2.48384 -1.782088
vn 1.749187 2.322352 -1.741395
vn 1.693573 2.483843 -1.662739
vn 1.467108 2.61438 -1.920536
vn 1.548042 2.614379 -1.761016
vn 1.674302 2.614377 -1.634322
vn 1.57375 3.071745 -2.096211
vn 1.595149 3.071753 -2.231375
vn 1.59517 3.071739 -1.961051
vn 1.657324 3.071754 -1.839133
vn 1.754081 3.071733 -1.742374
vn 1.862872 2.136904 -2.099028
vn 1.718752 2.206913 -2.194884
vn 1.702585 2.206914 -2.099703
vn 1.869273 2.136905 -2.053074
vn 2.011143 2.117535 -2.096265
vn 1.716623 2.206916 -2.004186
vn 1.889563 2.136905 -2.01135
vn 1.921761 2.136904 -1.977933
vn 1.759493 2.206915 -1.917682
vn 1.826995 2.206915 -1.848658
vn 1.962695 2.136904 -1.956108
vn 1.912519 2.206916 -1.803872
vn 1.652351 2.322349 -1.839711
vn 1.749187 2.322352 -1.741395
vn 2.188747 2.614384 -2.639689
vn 2.268194 3.071739 -2.450155
vn 2.146271 3.07176 -2.512244
vn 2.347976 2.61438 -2.558211
vn 2.179198 2.483843 -2.606708
vn 2.328708 2.483843 -2.529792
vn 2.347976 2.61438 -2.558211
vn 2.364965 3.071732 -2.353419
vn 2.268194 3.071739 -2.450155
vn 2.474239 2.614372 -2.431513
vn 2.328708 2.483843 -2.529792
vn 2.427122 3.071727 -2.231478
vn 2.447132 2.483842 -2.410439
vn 2.273093 2.32235 -2.451134
vn 2.369931 2.322349 -2.352818
vn 2.555173 2.614382 -2.271996
vn 2.448503 3.071777 -2.096319
vn 2.58285 2.614383 -2.095287
vn 2.522877 2.483841 -2.260338
vn 2.548532 2.483842 -2.094172
vn 2.431651 2.322351 -2.22939
vn 2.452208 2.322351 -2.092926
vn 2.262788 2.206914 -2.274848
vn 2.305658 2.206916 -2.188347
vn 2.305658 2.206916 -2.188347
vn 2.452208 2.322351 -2.092926
vn 2.431651 2.322351 -2.22939
vn 2.319698 2.206916 -2.092829
vn 2.429586 2.322349 -1.956791
vn 2.303531 2.206915 -1.997645
vn 2.521581 2.483839 -1.928208
vn 2.548532 2.483842 -2.094172
vn 2.366009 2.322351 -1.834311
vn 2.25875 2.206917 -1.912117
vn 2.44467 2.483843 -1.778701
vn 2.554564 2.614378 -1.918663
vn 2.58285 2.614383 -2.095287
vn 2.325316 2.483845 -1.660273
vn 2.267694 2.322351 -1.737473
vn 2.346389 2.614373 -1.633168
vn 2.473086 2.614374 -1.759431
vn 2.268294 3.071714 -1.742422
vn 2.365032 3.071743 -1.839222
vn 2.427154 3.071729 -1.961157
vn 2.448503 3.071777 -2.096319
vn 2.346389 2.614373 -1.633168
vn 2.146353 3.071732 -1.680288
vn 2.268294 3.071714 -1.742422
vn 2.186874 2.614374 -1.552235
vn 2.011196 3.07175 -1.65888
vn 2.325316 2.483845 -1.660273
vn 2.010156 2.614381 -1.524556
vn 2.17521 2.483844 -1.584527
vn 2.267694 2.322351 -1.737473
vn 2.009045 2.483845 -1.558872
vn 2.144266 2.322349 -1.675756
vn 2.189726 2.206915 -1.844618
vn 2.103226 2.206916 -1.801749
vn 2.007803 2.32235 -1.655199
vn 1.843082 2.483842 -1.585824
vn 2.007703 2.206916 -1.787707
vn 1.871667 2.322349 -1.677819
vn 1.693573 2.483843 -1.662739
vn 1.912519 2.206916 -1.803872
vn 1.749187 2.322352 -1.741395
vn 2.010156 2.614381 -1.524556
vn 1.876034 3.071733 -1.680255
vn 2.011196 3.07175 -1.65888
vn 1.833537 2.614376 -1.552842
vn 2.009045 2.483845 -1.558872
vn 1.754081 3.071733 -1.742374
vn 1.843082 2.483842 -1.585824
vn 1.674302 2.614377 -1.634322
vn 1.693573 2.483843 -1.662739
vn 1.912533 3.182878 -1.803909
vn 1.749156 3.067365 -1.741363
vn 1.827016 3.182877 -1.848687
vn 1.871654 3.067366 -1.677774
vn 2.007701 3.182878 -1.787746
vn 2.007804 3.067369 -1.655156
vn 2.103209 3.182877 -1.801782
vn 1.842795 2.903446 -1.584899
vn 2.144283 3.067368 -1.675714
vn 2.1897 3.182879 -1.844648
vn 2.267722 3.067368 -1.73744
vn 2.009049 2.903451 -1.557908
vn 1.836198 2.823955 -1.561411
vn 2.175516 2.903449 -1.583611
vn 2.325888 2.90345 -1.659495
vn 2.010036 2.823963 -1.53353
vn 1.949235 3.236489 -1.906093
vn 2.011027 3.23648 -1.896245
vn 2.183989 2.823957 -1.560731
vn 2.341016 2.823962 -1.640354
vn 2.072861 3.236479 -1.906002
vn 2.128594 3.236488 -1.934388
vn 2.01114 3.272235 -2.096266
vn 1.855725 3.248882 -2.048659
vn 1.848622 3.248883 -2.099017
vn 1.87804 3.248882 -2.002966
vn 1.716658 3.182877 -2.004198
vn 1.759522 3.182877 -1.917702
vn 1.913386 3.248883 -1.966407
vn 1.827016 3.182877 -1.848687
vn 1.958307 3.248883 -1.94255
vn 1.912533 3.182878 -1.803909
vn 2.008391 3.248882 -1.933746
vn 2.058744 3.248882 -1.940848
vn 2.007701 3.182878 -1.787746
vn 2.103209 3.182877 -1.801782
vn 2.104442 3.248881 -1.963164
vn 2.1897 3.182879 -1.844648
vn 2.141006 3.248881 -1.998509
vn 2.258715 3.18288 -1.912145
vn 2.267722 3.067368 -1.73744
vn 2.366043 3.06737 -1.834288
vn 2.164856 3.248881 -2.043422
vn 2.303496 3.182878 -1.997658
vn 2.173658 3.248883 -2.093511
vn 2.31966 3.182878 -2.092829
vn 2.166555 3.248883 -2.143869
vn 2.30562 3.182878 -2.188338
vn 2.144241 3.248882 -2.189565
vn 2.108895 3.248882 -2.226128
vn 2.303496 3.182878 -1.997658
vn 2.366043 3.06737 -1.834288
vn 2.258715 3.18288 -1.912145
vn 2.31966 3.182878 -2.092829
vn 2.42963 3.067369 -1.956783
vn 2.452251 3.067368 -2.092929
vn 2.325888 2.90345 -1.659495
vn 2.267722 3.067368 -1.73744
vn 2.445452 2.903447 -1.778132
vn 2.341016 2.823962 -1.640354
vn 2.465757 2.823961 -1.764609
vn 2.128594 3.236488 -1.934388
vn 2.172868 3.236489 -1.978612
vn 2.545995 2.823959 -1.921326
vn 2.522505 2.903447 -1.927916
vn 2.303496 3.182878 -1.997658
vn 2.42963 3.067369 -1.956783
vn 2.366043 3.06737 -1.834288
vn 2.445452 2.903447 -1.778132
vn 2.522505 2.903447 -1.927916
vn 2.465757 2.823961 -1.764609
vn 2.452251 3.067368 -2.092929
vn 2.5495 2.903447 -2.094174
vn 2.545995 2.823959 -1.921326
vn 2.431693 3.067366 -2.229406
vn 2.30562 3.182878 -2.188338
vn 2.31966 3.182878 -2.092829
vn 2.262757 3.182879 -2.274827
vn 2.369967 3.06737 -2.352842
vn 2.523797 2.903448 -2.260638
vn 2.573875 2.823965 -2.095164
vn 2.44791 2.903449 -2.411014
vn 2.273118 3.067369 -2.451169
vn 2.329268 2.903445 -2.530582
vn 2.201339 3.236479 -2.034352
vn 2.172868 3.236489 -1.978612
vn 2.211086 3.236507 -2.096148
vn 2.546675 2.823958 -2.269111
vn 2.201401 3.236482 -2.157967
vn 2.467049 2.823959 -2.426144
vn 2.342794 2.823963 -2.550884
vn 2.172983 3.236496 -2.213728
vn 2.128771 3.236495 -2.257988
vn 2.01114 3.272235 -2.096266
vn 1.917839 3.248881 -2.229367
vn 1.963539 3.248882 -2.251682
vn 1.881273 3.24888 -2.194023
vn 1.832584 3.182881 -2.347882
vn 1.85742 3.24888 -2.149107
vn 1.848622 3.248883 -2.099017
vn 1.763567 3.182881 -2.280387
vn 1.75456 3.067368 -2.455091
vn 1.656237 3.067369 -2.358242
vn 1.718788 3.18288 -2.194874
vn 1.702623 3.182879 -2.099701
vn 1.855725 3.248882 -2.048659
vn 1.716658 3.182877 -2.004198
vn 1.871654 3.067366 -1.677774
vn 1.693011 2.903449 -1.661952
vn 1.749156 3.067365 -1.741363
vn 1.842795 2.903446 -1.584899
vn 1.679484 2.823963 -1.641649
vn 1.836198 2.823955 -1.561411
vn 1.893503 3.23649 -1.93453
vn 1.949235 3.236489 -1.906093
vn 1.679484 2.823963 -1.641649
vn 1.893503 3.23649 -1.93453
vn 1.849244 3.236479 -1.978799
vn 1.555233 2.823963 -1.766386
vn 1.693011 2.903449 -1.661952
vn 1.82086 3.236476 -2.034572
vn 1.57437 2.90345 -1.781518
vn 1.749156 3.067365 -1.741363
vn 1.652314 3.067369 -1.839687
vn 1.475607 2.823961 -1.923416
vn 1.498485 2.903448 -1.931889
vn 1.811171 3.236499 -2.096376
vn 1.448403 2.823956 -2.097368
vn 1.827016 3.182877 -1.848687
vn 1.749156 3.067365 -1.741363
vn 1.652314 3.067369 -1.839687
vn 1.759522 3.182877 -1.917702
vn 1.448403 2.823956 -2.097368
vn 1.811171 3.236499 -2.096376
vn 1.820977 3.236491 -2.158187
vn 1.476288 2.823962 -2.27121
vn 1.472783 2.903451 -2.098357
vn 1.849421 3.236491 -2.21392
vn 1.499775 2.903446 -2.264614
vn 1.556524 2.823953 -2.427926
vn 1.893697 3.236493 -2.258132
vn 1.576828 2.90345 -2.414396
vn 1.68127 2.823966 -2.552178
vn 1.696395 2.903449 -2.533037
vn 1.498485 2.903448 -1.931889
vn 1.475607 2.823961 -1.923416
vn 1.448403 2.823956 -2.097368
vn 1.472783 2.903451 -2.098357
vn 1.590589 3.067368 -1.963126
vn 1.652314 3.067369 -1.839687
vn 1.57437 2.90345 -1.781518
vn 1.759522 3.182877 -1.917702
vn 1.716658 3.182877 -2.004198
vn 1.570031 3.067369 -2.099603
vn 1.499775 2.903446 -2.264614
vn 1.702623 3.182879 -2.099701
vn 1.592652 3.067369 -2.23575
vn 1.576828 2.90345 -2.414396
vn 1.718788 3.18288 -2.194874
vn 1.656237 3.067369 -2.358242
vn 1.763567 3.182881 -2.280387
vn 1.696395 2.903449 -2.533037
vn 1.75456 3.067368 -2.455091
vn 1.832584 3.182881 -2.347882
vn 1.75456 3.067368 -2.455091
vn 1.878004 3.067368 -2.516818
vn 1.846766 2.903445 -2.608922
vn 1.696395 2.903449 -2.533037
vn 1.832584 3.182881 -2.347882
vn 1.878004 3.067368 -2.516818
vn 1.919077 3.18288 -2.390745
vn 2.014479 3.067368 -2.537376
vn 2.01458 3.18288 -2.404782
vn 2.013231 2.903446 -2.634625
vn 1.846766 2.903445 -2.608922
vn 2.150627 3.067368 -2.514755
vn 2.109748 3.18288 -2.388619
vn 2.273118 3.067369 -2.451169
vn 2.195262 3.182878 -2.343844
vn 2.329268 2.903445 -2.530582
vn 2.179491 2.903446 -2.60763
vn 2.342794 2.823963 -2.550884
vn 2.186081 2.823967 -2.631117
vn 2.128771 3.236495 -2.257988
vn 2.073051 3.23649 -2.286434
vn 2.012242 2.823958 -2.659002
vn 1.838292 2.823961 -2.631799
vn 2.011259 3.236488 -2.296263
vn 1.917839 3.248881 -2.229367
vn 1.832584 3.182881 -2.347882
vn 1.919077 3.18288 -2.390745
vn 1.963539 3.248882 -2.251682
vn 2.01458 3.18288 -2.404782
vn 2.013887 3.248882 -2.258784
vn 2.01114 3.272235 -2.096266
vn 2.109748 3.18288 -2.388619
vn 2.063974 3.248883 -2.249981
vn 2.108895 3.248882 -2.226128
vn 2.195262 3.182878 -2.343844
vn 2.262757 3.182879 -2.274827
vn 2.144241 3.248882 -2.189565
vn 2.369967 3.06737 -2.352842
vn 2.273118 3.067369 -2.451169
vn 2.30562 3.182878 -2.188338
vn 2.166555 3.248883 -2.143869
vn 1.68127 2.823966 -2.552178
vn 1.893697 3.236493 -2.258132
vn 1.949439 3.236488 -2.286507
vn 1.838292 2.823961 -2.631799
vn 1.696395 2.903449 -2.533037
vn 1.846766 2.903445 -2.608922
vn 2.011259 3.236488 -2.296263
vn 2.012242 2.823958 -2.659002
vn 1.753998 3.071723 -2.450106
vn 2.128645 3.236464 -1.934347
vn 2.172943 3.236461 -1.978586
vn 1.657255 3.071743 -2.353319
vn 1.875923 3.071736 -2.512237
vn 2.20134 3.236477 -2.034338
vn 2.072848 3.236463 -1.905954
vn 1.595121 3.071723 -2.231373
vn 2.011096 3.071714 -2.533681
vn 2.211211 3.236461 -2.096148
vn 2.011036 3.236463 -1.896199
vn 1.573749 3.071743 -2.096211
vn 2.146258 3.071747 -2.51226
vn 2.201482 3.236452 -2.157978
vn 1.949238 3.236474 -1.906049
vn 1.595176 3.071741 -1.961039
vn 2.268187 3.071725 -2.450175
vn 2.173031 3.236475 -2.213757
vn 1.893464 3.23647 -1.93449
vn 1.657301 3.071731 -1.83913
vn 2.36501 3.071692 -2.353414
vn 2.128832 3.236471 -2.258024
vn 1.849255 3.236475 -1.978766
vn 1.75409 3.071725 -1.742359
vn 2.427138 3.071708 -2.231483
vn 2.07305 3.236473 -2.286483
vn 1.820838 3.236466 -2.034559
vn 1.876017 3.071718 -1.680246
vn 2.448544 3.071729 -2.096319
vn 2.011254 3.236472 -2.296308
vn 1.811046 3.236452 -2.096376
vn 2.011199 3.071736 -1.658868
vn 2.427138 3.071743 -1.961144
vn 1.94944 3.236472 -2.286552
vn 1.820931 3.236473 -2.158201
vn 2.146356 3.071717 -1.680276
vn 2.36502 3.071745 -1.839207
vn 1.893631 3.236468 -2.258169
vn 1.849321 3.236456 -2.213942
vn 2.268298 3.071701 -1.742411
vn 1.754002 3.071738 -2.450094
vn 2.128615 3.236483 -1.934386
vn 2.17292 3.236474 -1.978613
vn 1.657278 3.071765 -2.353318
vn 1.875914 3.07175 -2.512222
vn 2.201256 3.236508 -2.034352
vn 2.072816 3.236484 -1.906002
vn 1.595115 3.071719 -2.231364
vn 2.011089 3.07173 -2.533668
vn 2.211195 3.236467 -2.096148
vn 2.011027 3.236481 -1.896249
vn 1.573753 3.071748 -2.096211
vn 2.146251 3.071764 -2.512247
vn 2.201423 3.236475 -2.157959
vn 1.94922 3.23649 -1.906098
vn 1.595184 3.071754 -1.961048
vn 2.268176 3.071746 -2.45016
vn 2.172994 3.236491 -2.213738
vn 1.89349 3.236488 -1.934532
vn 1.657332 3.071759 -1.839129
vn 2.364974 3.071724 -2.353417
vn 2.128795 3.236491 -2.257984
vn 1.849258 3.236484 -1.978801
vn 1.754092 3.071738 -1.742371
vn 2.427107 3.071744 -2.231478
vn 2.073048 3.23649 -2.286434
vn 1.820806 3.236457 -2.034576
vn 1.87604 3.071735 -1.680254
vn 2.448537 3.071737 -2.096319
vn 2.011254 3.23649 -2.296258
vn 1.81114 3.236487 -2.096376
vn 2.01119 3.071752 -1.658882
vn 2.427141 3.071742 -1.961154
vn 1.949466 3.236492 -2.286505
vn 1.820967 3.236486 -2.15819
vn 2.146358 3.071732 -1.68029
vn 2.36502 3.071754 -1.839219
vn 1.893662 3.236486 -2.258129
vn 1.84939 3.236484 -2.213911
vn 2.268278 3.071724 -1.742421
vn 1.753986 3.071732 -2.450089
vn 2.128594 3.236488 -1.934388
vn 2.172868 3.236489 -1.978612
vn 1.657256 3.071748 -2.353312
vn 1.875927 3.071751 -2.512225
vn 2.201339 3.236479 -2.034352
vn 2.072861 3.236479 -1.906002
vn 1.595149 3.071753 -2.231375
vn 2.011087 3.071728 -2.533669
vn 2.211086 3.236507 -2.096148
vn 2.011027 3.23648 -1.896245
vn 1.57375 3.071745 -2.096211
vn 2.146271 3.07176 -2.512244
vn 2.201401 3.236482 -2.157967
vn 1.949235 3.236489 -1.906093
vn 1.59517 3.071739 -1.961051
vn 2.268194 3.071739 -2.450155
vn 2.172983 3.236496 -2.213728
vn 1.893503 3.23649 -1.93453
vn 1.657324 3.071754 -1.839133
vn 2.364965 3.071732 -2.353419
vn 2.128771 3.236495 -2.257988
vn 1.849244 3.236479 -1.978799
vn 1.754081 3.071733 -1.742374
vn 2.427122 3.071727 -2.231478
vn 2.073051 3.23649 -2.286434
vn 1.82086 3.236476 -2.034572
vn 1.876034 3.071733 -1.680255
vn 2.448503 3.071777 -2.096319
vn 2.011259 3.236488 -2.296263
vn 1.811171 3.236499 -2.096376
vn 2.011196 3.07175 -1.65888
vn 2.427154 3.071729 -1.961157
vn 1.949439 3.236488 -2.286507
vn 1.820977 3.236491 -2.158187
vn 2.146353 3.071732 -1.680288
vn 2.365032 3.071743 -1.839222
vn 1.893697 3.236493 -2.258132
vn 1.849421 3.236491 -2.21392
vn 2.268294 3.071714 -1.742422
vt 0.5768599 0.726337
vt 0.5768599 0.7127004
vt 0.5616131 0.7018778
vt 0.5768599 0.7414538
vt 0.5616131 0.7206473
vt 0.5616131 0.7414538
vt 0.5768599 0.7565702
vt 0.5616131 0.7622598
vt 0.542401 0.7414538
vt 0.542401 0.7659128
vt 0.1536475 0.6024505
vt 0.1435616 0.5923646
vt 0.1296798 0.6024505
vt 0.1536475 0.6024505
vt 0.1296798 0.6024505
vt 0.1435616 0.6163324
vt 0.1730376 0.5883627
vt 0.1663562 0.6089259
vt 0.1804439 0.5895358
vt 0.1804439 0.6111572
vt 0.1804439 0.5655683
vt 0.1878503 0.5883627
vt 0.1945317 0.6089259
vt 0.1663562 0.5849583
vt 0.1435616 0.5923646
vt 0.1945317 0.5849583
vt 0.2072406 0.6024505
vt 0.1610538 0.5796559
vt 0.1370863 0.5796559
vt 0.1998343 0.5796559
vt 0.2173264 0.5923646
vt 0.1576493 0.5729743
vt 0.1348549 0.5655683
vt 0.2032384 0.5729743
vt 0.1564763 0.5655683
vt 0.2044114 0.5655683
vt 0.2238016 0.5796559
vt 0.1370863 0.5514803
vt 0.1576495 0.5581617
vt 0.1435616 0.5387718
vt 0.226033 0.5655683
vt 0.2032384 0.5581617
vt 0.2238016 0.5514803
vt 0.1998341 0.5514803
vt 0.2173264 0.5387718
vt 0.1945317 0.5461779
vt 0.2072406 0.5286857
vt 0.2312081 0.5286857
vt 0.1878503 0.5427735
vt 0.1945317 0.5222105
vt 0.1804439 0.5416005
vt 0.1804439 0.5199786
vt 0.1730376 0.5427735
vt 0.1663562 0.5461779
vt 0.9040439 0.382385
vt 0.8843732 0.374248
vt 0.8843732 0.3921767
vt 0.8651378 0.3764105
vt 0.8651378 0.3951532
vt 0.862568 0.3760558
vt 0.862568 0.3946648
vt 0.862568 0.3526069
vt 0.8651378 0.3527933
vt 0.862568 0.3266138
vt 0.8651378 0.3266138
vt 0.1435616 0.5148038
vt 0.1296798 0.5286857
vt 0.2072406 0.5286857
vt 0.2312081 0.5286857
vt 0.2173264 0.5148038
vt 0.6960125 0.5685884
vt 0.6754314 0.5685884
vt 0.6775511 0.5819716
vt 0.7414685 0.5685884
vt 0.7620496 0.5685884
vt 0.75993 0.5552051
vt 0.7143672 0.4310011
vt 0.6946967 0.4228641
vt 0.6946967 0.4407929
vt 0.7299778 0.3907071
vt 0.7299778 0.3752298
vt 0.7143672 0.3752298
vt 0.8346111 0.7242844
vt 0.8179607 0.7121872
vt 0.8118089 0.7242603
vt 0.5780538 0.3907071
vt 0.5780538 0.4046694
vt 0.5936639 0.4157501
vt 0.5936639 0.4310011
vt 0.6133349 0.4407929
vt 0.6133349 0.4228641
vt 0.5936639 0.3965326
vt 0.6325706 0.4437693
vt 0.6133349 0.4002726
vt 0.6325706 0.4250267
vt 0.6351399 0.4432809
vt 0.6351399 0.4246719
vt 0.6325706 0.4014096
vt 0.6133349 0.3752298
vt 0.6351399 0.401223
vt 0.6325706 0.3752298
vt 0.04691243 0.7816243
vt 0.04691243 0.7952611
vt 0.06215884 0.8060836
vt 0.1804439 0.5655683
vt 0.1576495 0.5581617
vt 0.1564763 0.5655683
vt 0.1610538 0.5514803
vt 0.1435616 0.5387718
vt 0.1663562 0.5461779
vt 0.1536475 0.5286857
vt 0.1435616 0.5148038
vt 0.1663562 0.5222105
vt 0.1730376 0.5427735
vt 0.1804439 0.5199786
vt 0.5768599 0.726337
vt 0.5616131 0.7018778
vt 0.5616131 0.7206473
vt 0.542401 0.6949297
vt 0.542401 0.7169944
vt 0.5616131 0.7414538
vt 0.5236138 0.6928176
vt 0.542401 0.7414538
vt 0.5236138 0.7158843
vt 0.5211039 0.6931641
vt 0.5236138 0.7414538
vt 0.5211039 0.7160663
vt 0.5211039 0.7414538
vt 0.5768599 0.770207
vt 0.5768599 0.7565702
vt 0.5616131 0.7622598
vt 0.5616131 0.7810295
vt 0.542401 0.7659128
vt 0.542401 0.7879777
vt 0.5236138 0.7670231
vt 0.5236138 0.7900898
vt 0.5236138 0.7414538
vt 0.542401 0.7414538
vt 0.5211039 0.7414538
vt 0.5211039 0.7668409
vt 0.5211039 0.7897433
vt 0.8238395 0.1244292
vt 0.8238395 0.1383915
vt 0.8394501 0.1494722
vt 0.8394501 0.1302547
vt 0.8238395 0.1089519
vt 0.8394501 0.1089519
vt 0.8238395 0.09347465
vt 0.8394501 0.08764925
vt 0.8238395 0.07951227
vt 0.8394501 0.06843166
vt 0.9040439 0.382385
vt 0.9040439 0.367134
vt 0.8843732 0.374248
vt 0.8843732 0.3516565
vt 0.8843732 0.3921767
vt 0.8843732 0.374248
vt 0.8651378 0.3764105
vt 0.8651378 0.3527933
vt 0.8843732 0.3516565
vt 0.8651378 0.3266138
vt 0.8843732 0.3266138
vt 0.9040439 0.3479165
vt 0.9040439 0.367134
vt 0.9196545 0.3560533
vt 0.9196545 0.342091
vt 0.9040439 0.3266138
vt 0.9196545 0.3266138
vt 0.9040439 0.305311
vt 0.9196545 0.3111365
vt 0.8843732 0.301571
vt 0.8651378 0.300434
vt 0.9040439 0.2860935
vt 0.9196545 0.2971741
vt 0.862568 0.3006204
vt 0.862568 0.3266138
vt 0.862568 0.2771716
vt 0.8651378 0.2768169
vt 0.862568 0.2585624
vt 0.8651378 0.2580745
vt 0.8843732 0.2789795
vt 0.8843732 0.2610508
vt 0.9040439 0.2708426
vt 0.4262652 0.7127005
vt 0.4415119 0.7206474
vt 0.4415119 0.7018779
vt 0.4262652 0.726337
vt 0.4415119 0.7414538
vt 0.4262652 0.7414538
vt 0.4415119 0.7018779
vt 0.4415119 0.7206474
vt 0.4607241 0.7169945
vt 0.4607241 0.6949298
vt 0.4795112 0.7158843
vt 0.4795112 0.6928177
vt 0.482021 0.7160664
vt 0.482021 0.6931642
vt 0.482021 0.7414538
vt 0.4262652 0.7565702
vt 0.4262652 0.7702069
vt 0.4415119 0.7810293
vt 0.4415119 0.7622598
vt 0.4262652 0.7414538
vt 0.4607241 0.7879776
vt 0.4415119 0.7414538
vt 0.4607241 0.7659128
vt 0.4795112 0.7900897
vt 0.4607241 0.7414538
vt 0.4415119 0.7206474
vt 0.4607241 0.7169945
vt 0.4795112 0.7670231
vt 0.482021 0.7897429
vt 0.482021 0.7668409
vt 0.4795112 0.7414538
vt 0.4795112 0.7158843
vt 0.482021 0.7414538
vt 0.2173264 0.5923646
vt 0.2173264 0.6163324
vt 0.2312081 0.6024505
vt 0.2072406 0.6024505
vt 0.8783563 0.04041258
vt 0.880926 0.05950978
vt 0.880926 0.04090055
vt 0.8783563 0.05915503
vt 0.8591208 0.04338889
vt 0.880926 0.08295855
vt 0.8591208 0.06131768
vt 0.8394501 0.0531807
vt 0.8394501 0.06843166
vt 0.8783563 0.08277217
vt 0.880926 0.1089519
vt 0.8591208 0.08390914
vt 0.8394501 0.08764925
vt 0.8783563 0.1089519
vt 0.880926 0.1349451
vt 0.8783563 0.1351317
vt 0.8591208 0.1089519
vt 0.8394501 0.1089519
vt 0.8591208 0.1339947
vt 0.8394501 0.1302547
vt 0.8783563 0.1351317
vt 0.880926 0.1583939
vt 0.880926 0.1349451
vt 0.8783563 0.1587487
vt 0.880926 0.177003
vt 0.8783563 0.1774913
vt 0.8591208 0.1339947
vt 0.8591208 0.1089519
vt 0.8591208 0.1565861
vt 0.8394501 0.1302547
vt 0.8591208 0.1745149
vt 0.8394501 0.1494722
vt 0.8394501 0.1647231
vt 0.2920999 0.8761644
vt 0.306614 0.8529028
vt 0.2920999 0.8632036
vt 0.306614 0.8707487
vt 0.3248988 0.846293
vt 0.2920999 0.8905315
vt 0.306614 0.8905315
vt 0.3248988 0.867274
vt 0.3248988 0.8905315
vt 0.2920999 0.9048983
vt 0.306614 0.9103137
vt 0.2920999 0.917859
vt 0.306614 0.9281597
vt 0.6837028 0.5940449
vt 0.6704959 0.6036403
vt 0.6836887 0.616833
vt 0.693284 0.6036263
vt 0.7003532 0.5819477
vt 0.6971247 0.5756117
vt 0.6775511 0.5819716
vt 0.6960125 0.5685884
vt 0.7053814 0.5869758
vt 0.7053573 0.6097779
vt 0.7187403 0.5685884
vt 0.6971247 0.561565
vt 0.711717 0.5902042
vt 0.6754314 0.5685884
vt 0.6775511 0.5552051
vt 0.7003532 0.5552291
vt 0.7053814 0.550201
vt 0.711717 0.5469727
vt 0.7187403 0.5458603
vt 0.7257641 0.5469727
vt 0.7320997 0.550201
vt 0.7371277 0.5552291
vt 0.7403561 0.561565
vt 0.744197 0.5335506
vt 0.7187403 0.6118975
vt 0.7187403 0.5913165
vt 0.7321238 0.6097779
vt 0.7257641 0.5902042
vt 0.744197 0.6036263
vt 0.7320997 0.5869758
vt 0.7537782 0.5940449
vt 0.7669848 0.6036403
vt 0.7537926 0.616833
vt 0.7371277 0.5819477
vt 0.75993 0.5819716
vt 0.7403561 0.5756117
vt 0.7620496 0.5685884
vt 0.7414685 0.5685884
vt 0.75993 0.5552051
vt 0.7537782 0.5431319
vt 0.4461418 0.3862461
vt 0.4312757 0.4100717
vt 0.4461418 0.3995212
vt 0.4312757 0.391793
vt 0.4461418 0.3715307
vt 0.4312757 0.3715307
vt 0.4461418 0.3568152
vt 0.4125474 0.3953523
vt 0.4312757 0.3512687
vt 0.4461418 0.3435403
vt 0.4312757 0.3329898
vt 0.4125474 0.3715307
vt 0.3933258 0.3964878
vt 0.3933258 0.3715307
vt 0.4125474 0.347709
vt 0.4125474 0.3262194
vt 0.4312757 0.3184838
vt 0.4125474 0.3091652
vt 0.3933258 0.3465736
vt 0.3912432 0.3715307
vt 0.3912432 0.3462177
vt 0.3933258 0.3240595
vt 0.3933258 0.3061925
vt 0.3912432 0.3233827
vt 0.3912432 0.3052605
vt 0.306614 0.8707487
vt 0.3248988 0.867274
vt 0.3248988 0.846293
vt 0.3436653 0.8441844
vt 0.3436653 0.8661652
vt 0.3456986 0.8435234
vt 0.3456986 0.8658177
vt 0.306614 0.9281597
vt 0.3248988 0.9347696
vt 0.3248988 0.9137889
vt 0.306614 0.9103137
vt 0.3248988 0.8905315
vt 0.3436653 0.8905315
vt 0.3436653 0.8661652
vt 0.3248988 0.867274
vt 0.3456986 0.8658177
vt 0.3456986 0.8905315
vt 0.3436653 0.9368783
vt 0.3456986 0.9375393
vt 0.3456986 0.9152449
vt 0.3436653 0.9148974
vt 0.3248988 0.9347696
vt 0.3456986 0.8905315
vt 0.3248988 0.9137889
vt 0.3436653 0.8905315
vt 0.3527654 0.4368691
vt 0.3548481 0.4378009
vt 0.3548481 0.419679
vt 0.3527654 0.4190019
vt 0.3335438 0.4338963
vt 0.3548481 0.3968436
vt 0.3335438 0.4168419
vt 0.3527654 0.3964878
vt 0.3548481 0.3715307
vt 0.3335438 0.3953522
vt 0.3148155 0.4100717
vt 0.3148155 0.3917929
vt 0.3527654 0.3715307
vt 0.3548481 0.3462177
vt 0.3335438 0.3715307
vt 0.3148155 0.3715307
vt 0.3148155 0.4245777
vt 0.3335438 0.4338963
vt 0.3335438 0.4168419
vt 0.3148155 0.4100717
vt 0.2999495 0.3995212
vt 0.3148155 0.3917929
vt 0.2999495 0.3862461
vt 0.2999495 0.3862461
vt 0.3148155 0.3917929
vt 0.3148155 0.3715307
vt 0.2999495 0.3715307
vt 0.3148155 0.3512687
vt 0.2999495 0.3568152
vt 0.3335438 0.347709
vt 0.3335438 0.3715307
vt 0.3148155 0.3329897
vt 0.2999495 0.3435403
vt 0.3335438 0.3262194
vt 0.3527654 0.3465737
vt 0.3527654 0.3715307
vt 0.3548481 0.3462177
vt 0.3548481 0.3233826
vt 0.3527654 0.3240595
vt 0.3548481 0.3052605
vt 0.3527654 0.3061925
vt 0.3335438 0.3091652
vt 0.3148155 0.3184837
vt 0.7403561 0.561565
vt 0.7537782 0.5431319
vt 0.7371277 0.5552291
vt 0.744197 0.5335506
vt 0.7537926 0.5203438
vt 0.7669848 0.5335366
vt 0.7320997 0.550201
vt 0.7321238 0.5273991
vt 0.7257641 0.5469727
vt 0.7187403 0.5252793
vt 0.7187403 0.5458603
vt 0.7053573 0.5273991
vt 0.711717 0.5469727
vt 0.693284 0.5335506
vt 0.7053814 0.550201
vt 0.6837028 0.5431319
vt 0.7003532 0.5552291
vt 0.6775511 0.5552051
vt 0.07143804 0.9229848
vt 0.05692391 0.9427671
vt 0.07143804 0.9373517
vt 0.05692391 0.9229848
vt 0.07143804 0.9086175
vt 0.05692391 0.9032019
vt 0.07143804 0.8956568
vt 0.03863895 0.9229848
vt 0.05692391 0.8853558
vt 0.03863895 0.8997272
vt 0.0198724 0.9229848
vt 0.03863895 0.878746
vt 0.0198724 0.8986184
vt 0.01783903 0.9229848
vt 0.0198724 0.8766375
vt 0.01783903 0.8982708
vt 0.01783903 0.875976
vt 0.07143804 0.9373517
vt 0.05692391 0.9606132
vt 0.07143804 0.9503124
vt 0.05692391 0.9427671
vt 0.03863895 0.9672232
vt 0.03863895 0.9462423
vt 0.05692391 0.9229848
vt 0.0198724 0.9693318
vt 0.03863895 0.9229848
vt 0.0198724 0.9473509
vt 0.01783903 0.9699928
vt 0.0198724 0.9229848
vt 0.01783903 0.9476984
vt 0.01783903 0.9229848
vt 0.693284 0.5335506
vt 0.6836887 0.5203438
vt 0.6704959 0.5335366
vt 0.6837028 0.5431319
vt 0.3933258 0.3715307
vt 0.3912432 0.3715307
vt 0.3912432 0.3968436
vt 0.3933258 0.3964878
vt 0.3912432 0.419679
vt 0.3933258 0.4190019
vt 0.3912432 0.4378009
vt 0.4125474 0.3953523
vt 0.3933258 0.4368691
vt 0.4125474 0.4168421
vt 0.4312757 0.391793
vt 0.4125474 0.4338963
vt 0.4312757 0.4100717
vt 0.4312757 0.4245777
vt 0.3373677 0.5655683
vt 0.3385409 0.5581616
vt 0.3179775 0.5514802
vt 0.3157462 0.5655683
vt 0.3385406 0.5729744
vt 0.3179775 0.5796559
vt 0.3419452 0.5796559
vt 0.324453 0.5923646
vt 0.3613352 0.5655683
vt 0.3472476 0.5849584
vt 0.3345389 0.6024505
vt 0.3105711 0.6024505
vt 0.324453 0.6163324
vt 0.353929 0.5883627
vt 0.3472476 0.6089259
vt 0.3613352 0.5895359
vt 0.3613352 0.6111573
vt 0.3687417 0.5883627
vt 0.3754231 0.6089259
vt 0.3754231 0.5849584
vt 0.3881319 0.6024505
vt 0.3871823 0.7189385
vt 0.3871823 0.7053019
vt 0.3719355 0.6944793
vt 0.3719355 0.7132489
vt 0.3527234 0.6875312
vt 0.3871823 0.7340554
vt 0.3527234 0.709596
vt 0.3719355 0.7340554
vt 0.3871823 0.7491719
vt 0.3527234 0.7340554
vt 0.333936 0.7084858
vt 0.3719355 0.7548615
vt 0.3871823 0.7628086
vt 0.3719355 0.7736311
vt 0.3527234 0.7585144
vt 0.3527234 0.7805794
vt 0.333936 0.7340554
vt 0.3314268 0.7086678
vt 0.3314268 0.7340554
vt 0.333936 0.7596248
vt 0.333936 0.7826915
vt 0.3314268 0.7594425
vt 0.3314268 0.782345
vt 0.3385409 0.5581616
vt 0.324453 0.5387717
vt 0.3179775 0.5514802
vt 0.3419452 0.5514802
vt 0.3613352 0.5655683
vt 0.3373677 0.5655683
vt 0.3385406 0.5729744
vt 0.3472476 0.5461779
vt 0.353929 0.5427735
vt 0.3472476 0.5222104
vt 0.3345389 0.5286857
vt 0.324453 0.5148038
vt 0.3105711 0.5286857
vt 0.7677299 0.3907072
vt 0.7677299 0.4046695
vt 0.7833406 0.4157503
vt 0.7833406 0.3965327
vt 0.7677299 0.3752298
vt 0.7833406 0.3752298
vt 0.8030112 0.4228643
vt 0.8030112 0.4002727
vt 0.8030112 0.4407932
vt 0.7833406 0.4310013
vt 0.822247 0.4437696
vt 0.822247 0.4250269
vt 0.8248161 0.4432812
vt 0.8248161 0.4246721
vt 0.822247 0.4014097
vt 0.8030112 0.3752298
vt 0.8248161 0.4012231
vt 0.3613352 0.5655683
vt 0.3613352 0.5895359
vt 0.3687417 0.5883627
vt 0.3754231 0.5849584
vt 0.3807257 0.5796559
vt 0.3841298 0.5729744
vt 0.3881319 0.6024505
vt 0.3982179 0.5923646
vt 0.3982179 0.6163324
vt 0.4120996 0.6024505
vt 0.4046931 0.5796559
vt 0.3853028 0.5655683
vt 0.4069244 0.5655683
vt 0.3841298 0.5581616
vt 0.4046931 0.5514802
vt 0.3807255 0.5514802
vt 0.3982179 0.5387717
vt 0.3754231 0.5461779
vt 0.3687417 0.5427735
vt 0.3613352 0.5416005
vt 0.353929 0.5427735
vt 0.3613352 0.5199785
vt 0.3472476 0.5222104
vt 0.3881319 0.5286857
vt 0.4120996 0.5286857
vt 0.3982179 0.5148038
vt 0.7143672 0.4310011
vt 0.7143672 0.4157501
vt 0.6946967 0.4228641
vt 0.6946967 0.4002726
vt 0.7143672 0.3965326
vt 0.7299778 0.4046694
vt 0.7299778 0.3907071
vt 0.7143672 0.3752298
vt 0.6946967 0.3752298
vt 0.675461 0.3752298
vt 0.675461 0.4014094
vt 0.675461 0.34905
vt 0.6946967 0.350187
vt 0.675461 0.3254328
vt 0.6946967 0.3275955
vt 0.7143672 0.353927
vt 0.7299778 0.3752298
vt 0.7299778 0.3597525
vt 0.7143672 0.3347095
vt 0.7299778 0.3457901
vt 0.6946967 0.3096667
vt 0.7143672 0.3194585
vt 0.3527234 0.709596
vt 0.3527234 0.6875312
vt 0.333936 0.6854191
vt 0.333936 0.7084858
vt 0.3314268 0.6857656
vt 0.3314268 0.7086678
vt 0.675461 0.4437693
vt 0.6728919 0.4246719
vt 0.6728919 0.4432809
vt 0.675461 0.4250267
vt 0.6946967 0.4407929
vt 0.6728919 0.401223
vt 0.6946967 0.4228641
vt 0.675461 0.4014094
vt 0.6946967 0.4002726
vt 0.6728919 0.3752298
vt 0.675461 0.3752298
vt 0.3613352 0.5416005
vt 0.3754231 0.5222104
vt 0.3613352 0.5199785
vt 0.3687417 0.5427735
vt 0.3881319 0.5286857
vt 0.3754231 0.5461779
vt 0.3982179 0.5387717
vt 0.675461 0.3752298
vt 0.6728919 0.3492364
vt 0.6728919 0.3752298
vt 0.675461 0.34905
vt 0.6728919 0.3257876
vt 0.675461 0.3254328
vt 0.6728919 0.3071783
vt 0.675461 0.3066904
vt 0.6946967 0.3275955
vt 0.6946967 0.3096667
vt 0.236589 0.7053019
vt 0.2518358 0.7132488
vt 0.2518358 0.6944792
vt 0.236589 0.7189385
vt 0.2518358 0.7340554
vt 0.236589 0.7340554
vt 0.2518358 0.7548615
vt 0.236589 0.7491719
vt 0.2518358 0.7736312
vt 0.236589 0.7628087
vt 0.2710479 0.7805795
vt 0.2710479 0.7585145
vt 0.2710479 0.7340554
vt 0.2898353 0.7826915
vt 0.2898353 0.7596249
vt 0.2923445 0.7823448
vt 0.2923445 0.7594426
vt 0.2898353 0.7340554
vt 0.2518358 0.6944792
vt 0.2710479 0.7095959
vt 0.2710479 0.6875311
vt 0.2518358 0.7132488
vt 0.2518358 0.7132488
vt 0.2518358 0.7340554
vt 0.2710479 0.7340554
vt 0.2710479 0.7095959
vt 0.2898353 0.7340554
vt 0.2898353 0.7596249
vt 0.2710479 0.7585145
vt 0.2898353 0.7084857
vt 0.2710479 0.6875311
vt 0.2898353 0.6854191
vt 0.2923445 0.7340554
vt 0.2923445 0.7594426
vt 0.2923445 0.7086678
vt 0.2923445 0.6857655
vt 0.7677299 0.3597524
vt 0.7677299 0.3752298
vt 0.7833406 0.3752298
vt 0.7833406 0.353927
vt 0.7677299 0.34579
vt 0.7833406 0.3347093
vt 0.8030112 0.3752298
vt 0.8030112 0.4002727
vt 0.7833406 0.3965327
vt 0.8030112 0.3501869
vt 0.8030112 0.3275953
vt 0.7833406 0.3194582
vt 0.8030112 0.3096664
vt 0.822247 0.3752298
vt 0.822247 0.4014097
vt 0.8248161 0.4012231
vt 0.8248161 0.3752298
vt 0.822247 0.3490499
vt 0.8248161 0.3492363
vt 0.822247 0.3254326
vt 0.822247 0.3066901
vt 0.8248161 0.3257874
vt 0.8248161 0.3071781
vt 0.3834591 0.8835627
vt 0.3979734 0.860301
vt 0.3834591 0.870602
vt 0.3979734 0.8781471
vt 0.3834591 0.89793
vt 0.4162579 0.8536912
vt 0.3979734 0.89793
vt 0.3834591 0.9122968
vt 0.4162579 0.8746724
vt 0.4350246 0.8515826
vt 0.4162579 0.89793
vt 0.4350246 0.8735636
vt 0.4370582 0.8509216
vt 0.4350246 0.89793
vt 0.4370582 0.873216
vt 0.4370582 0.89793
vt 0.8179607 0.7631004
vt 0.8047537 0.7726958
vt 0.8179466 0.7858887
vt 0.827542 0.7726819
vt 0.8346111 0.7510032
vt 0.8313826 0.7446671
vt 0.8396394 0.7560312
vt 0.8396152 0.7788334
vt 0.845975 0.7592597
vt 0.8118089 0.751027
vt 0.8302704 0.7376438
vt 0.8096893 0.7376438
vt 0.263554 0.386246
vt 0.2486877 0.4100716
vt 0.263554 0.3995211
vt 0.2486877 0.3917929
vt 0.263554 0.3715307
vt 0.2486877 0.3715307
vt 0.2299599 0.3953522
vt 0.2299599 0.3715307
vt 0.2299599 0.416842
vt 0.2299599 0.4338961
vt 0.2486877 0.4245776
vt 0.2107381 0.436869
vt 0.2107381 0.4190018
vt 0.2086552 0.4378007
vt 0.2086552 0.4196788
vt 0.2107381 0.3964877
vt 0.2086552 0.3968436
vt 0.2107381 0.3715307
vt 0.2086552 0.3715307
vt 0.2299599 0.3477091
vt 0.2486877 0.3512688
vt 0.2107381 0.3465737
vt 0.2086552 0.3462178
vt 0.2107381 0.3240596
vt 0.2086552 0.3233828
vt 0.2299599 0.3262195
vt 0.2486877 0.3329898
vt 0.263554 0.3435403
vt 0.263554 0.3568152
vt 0.8313826 0.7306203
vt 0.8096893 0.7376438
vt 0.8302704 0.7376438
vt 0.8529984 0.7376438
vt 0.8313826 0.7446671
vt 0.8346111 0.7510032
vt 0.8396394 0.7560312
vt 0.845975 0.7592597
vt 0.8529984 0.7603719
vt 0.8600221 0.7592596
vt 0.8663578 0.7560312
vt 0.8529984 0.7809531
vt 0.8396152 0.7788334
vt 0.8663819 0.7788334
vt 0.8784552 0.7726819
vt 0.8880365 0.7631004
vt 0.8713859 0.7510032
vt 0.8941882 0.751027
vt 0.8746143 0.7446671
vt 0.8963079 0.7376438
vt 0.8757267 0.7376438
vt 0.8941882 0.7242603
vt 0.8746143 0.7306203
vt 0.8880365 0.7121872
vt 0.8713859 0.7242844
vt 0.8663578 0.7192562
vt 0.8600221 0.716028
vt 0.8784552 0.7026057
vt 0.8313826 0.7306203
vt 0.8118089 0.7242603
vt 0.8096893 0.7376438
vt 0.8346111 0.7242844
vt 0.8529984 0.7376438
vt 0.8396394 0.7192562
vt 0.8179607 0.7121872
vt 0.827542 0.7026057
vt 0.8047537 0.7025918
vt 0.8179466 0.6893989
vt 0.845975 0.716028
vt 0.8396152 0.6964542
vt 0.8529984 0.7149155
vt 0.8529984 0.6943344
vt 0.8600221 0.716028
vt 0.8663819 0.6964542
vt 0.8663578 0.7192562
vt 0.8784552 0.7026057
vt 0.4350246 0.9442769
vt 0.4370582 0.9449379
vt 0.4370582 0.9226434
vt 0.4350246 0.922296
vt 0.4370582 0.89793
vt 0.4162579 0.9421682
vt 0.4350246 0.89793
vt 0.4162579 0.9211873
vt 0.3979734 0.9355583
vt 0.4162579 0.89793
vt 0.3979734 0.9177123
vt 0.3834591 0.9252575
vt 0.3979734 0.89793
vt 0.3834591 0.9122968
vt 0.1701771 0.4368689
vt 0.17226 0.4378008
vt 0.17226 0.4196789
vt 0.1701771 0.4190018
vt 0.1509553 0.4338962
vt 0.17226 0.3968436
vt 0.1509553 0.4168418
vt 0.1322274 0.4245776
vt 0.1322274 0.4100716
vt 0.1701771 0.3964877
vt 0.17226 0.3715307
vt 0.1701771 0.3715307
vt 0.1509553 0.3953522
vt 0.1322274 0.3917929
vt 0.1509553 0.3715307
vt 0.8784552 0.7726819
vt 0.8880508 0.7858887
vt 0.9012431 0.7726958
vt 0.8880365 0.7631004
vt 0.1173612 0.3995211
vt 0.1322274 0.4100716
vt 0.1322274 0.3917929
vt 0.1173612 0.386246
vt 0.1322274 0.3715307
vt 0.1509553 0.3715307
vt 0.1509553 0.3953522
vt 0.1509553 0.3477091
vt 0.1322274 0.3512688
vt 0.1701771 0.3465737
vt 0.1701771 0.3715307
vt 0.17226 0.3462178
vt 0.17226 0.3715307
vt 0.17226 0.3233827
vt 0.1701771 0.3240596
vt 0.17226 0.3052607
vt 0.1701771 0.3061926
vt 0.1509553 0.3262194
vt 0.1509553 0.3091654
vt 0.1322274 0.3329898
vt 0.1322274 0.3184839
vt 0.1173612 0.3568152
vt 0.1173612 0.3435403
vt 0.1173612 0.386246
vt 0.1322274 0.3715307
vt 0.1173612 0.3715307
vt 0.1322274 0.3512688
vt 0.1173612 0.3568152
vt 0.8746143 0.7306203
vt 0.8880365 0.7121872
vt 0.8713859 0.7242844
vt 0.8784552 0.7026057
vt 0.8880508 0.6893989
vt 0.9012431 0.7025918
vt 0.1629802 0.8956569
vt 0.1484659 0.8853559
vt 0.1484659 0.9032019
vt 0.1301814 0.8997272
vt 0.1301814 0.8787461
vt 0.1114147 0.8986184
vt 0.1114147 0.8766375
vt 0.1114147 0.9229848
vt 0.1301814 0.9229848
vt 0.1093811 0.9229848
vt 0.1093811 0.8982709
vt 0.1093811 0.8759761
vt 0.1629802 0.8956569
vt 0.1484659 0.9032019
vt 0.1629802 0.9086176
vt 0.1484659 0.9229848
vt 0.1629802 0.9229848
vt 0.1301814 0.9229848
vt 0.1301814 0.8997272
vt 0.1484659 0.9427671
vt 0.1629802 0.9373516
vt 0.1301814 0.9462422
vt 0.1484659 0.9606131
vt 0.1629802 0.9503124
vt 0.1301814 0.9672231
vt 0.1114147 0.9693317
vt 0.1114147 0.9473509
vt 0.1093811 0.9699928
vt 0.1114147 0.9229848
vt 0.1093811 0.9476983
vt 0.1093811 0.9229848
vt 0.263554 0.3568152
vt 0.2486877 0.3715307
vt 0.263554 0.3715307
vt 0.2486877 0.3512688
vt 0.2299599 0.3715307
vt 0.2486877 0.3184839
vt 0.2299599 0.3262195
vt 0.2486877 0.3329898
vt 0.2299599 0.3091654
vt 0.2107381 0.3240596
vt 0.2107381 0.3061926
vt 0.2086552 0.3233828
vt 0.2086552 0.3052607
vt 0.1975066 0.7189388
vt 0.1975066 0.7053022
vt 0.1822602 0.6944796
vt 0.1822602 0.7132492
vt 0.1630478 0.6875315
vt 0.1975066 0.7340557
vt 0.1630478 0.7095963
vt 0.1822602 0.7340557
vt 0.1975066 0.7491722
vt 0.1630478 0.7340557
vt 0.1442604 0.7084861
vt 0.1822602 0.7548618
vt 0.1975066 0.762809
vt 0.1822602 0.7736315
vt 0.1630478 0.7585148
vt 0.1630478 0.7805797
vt 0.1442604 0.7340557
vt 0.1417509 0.7086681
vt 0.1417509 0.7340557
vt 0.1442604 0.7596251
vt 0.1442604 0.7826917
vt 0.1417509 0.7594429
vt 0.1417509 0.7823452
vt 0.5422266 0.5729664
vt 0.5348203 0.5501717
vt 0.5281389 0.553576
vt 0.5422266 0.5489987
vt 0.5422266 0.5273768
vt 0.5281389 0.5296087
vt 0.5563144 0.5296087
vt 0.549633 0.5501717
vt 0.5690233 0.5360839
vt 0.5563144 0.553576
vt 0.5791091 0.5461699
vt 0.5929908 0.5360839
vt 0.5791091 0.522202
vt 0.5616168 0.5588784
vt 0.5855843 0.5588784
vt 0.5650211 0.5655597
vt 0.5878156 0.5729664
vt 0.5661941 0.5729664
vt 0.5855843 0.587054
vt 0.5650211 0.5803725
vt 0.561617 0.587054
vt 0.5154303 0.6098486
vt 0.4914626 0.6098486
vt 0.5053445 0.6237304
vt 0.5053445 0.5997626
vt 0.5281389 0.5923564
vt 0.5348203 0.5957607
vt 0.5422266 0.5729664
vt 0.5281389 0.6163239
vt 0.5422266 0.5969339
vt 0.5228366 0.587054
vt 0.498869 0.587054
vt 0.5194321 0.5803725
vt 0.4966377 0.5729664
vt 0.5182591 0.5729664
vt 0.498869 0.5588784
vt 0.5194322 0.5655597
vt 0.5053445 0.5461699
vt 0.5228366 0.5588784
vt 0.5281389 0.553576
vt 0.5154303 0.5360839
vt 0.5053445 0.522202
vt 0.4914626 0.5360839
vt 0.5281389 0.5296087
vt 0.5348203 0.5501717
vt 0.5780538 0.3907071
vt 0.5936639 0.4157501
vt 0.5936639 0.3965326
vt 0.5780538 0.3752298
vt 0.5936639 0.3752298
vt 0.6133349 0.4002726
vt 0.5780538 0.3597525
vt 0.6133349 0.3752298
vt 0.5936639 0.3539271
vt 0.5780538 0.3457901
vt 0.5936639 0.3347095
vt 0.6133349 0.350187
vt 0.6325706 0.3752298
vt 0.6133349 0.3275955
vt 0.5936639 0.3194585
vt 0.6133349 0.3096667
vt 0.6325706 0.34905
vt 0.6325706 0.3254328
vt 0.6325706 0.3066903
vt 0.6351399 0.3752298
vt 0.6351399 0.401223
vt 0.6351399 0.3492364
vt 0.6351399 0.3257876
vt 0.6351399 0.3071783
vt 0.5422266 0.5969339
vt 0.5281389 0.6163239
vt 0.5422266 0.6185553
vt 0.549633 0.5957607
vt 0.5422266 0.5729664
vt 0.5563144 0.6163239
vt 0.5563144 0.5923564
vt 0.561617 0.587054
vt 0.5690233 0.6098486
vt 0.5791091 0.5997626
vt 0.5650211 0.5803725
vt 0.5855843 0.587054
vt 0.5791091 0.6237304
vt 0.5929908 0.6098486
vt 0.1442604 0.7084861
vt 0.1417509 0.685766
vt 0.1417509 0.7086681
vt 0.1442604 0.6854195
vt 0.1630478 0.7095963
vt 0.1630478 0.6875315
vt 0.4857846 0.4437694
vt 0.4832153 0.4246719
vt 0.4832153 0.443281
vt 0.4857846 0.4250267
vt 0.5050204 0.4407929
vt 0.4832153 0.401223
vt 0.5050204 0.4228642
vt 0.5246913 0.4310012
vt 0.5246913 0.4157501
vt 0.4857846 0.4014094
vt 0.4832153 0.3752298
vt 0.4857846 0.3752298
vt 0.5050204 0.4002726
vt 0.5050204 0.3752298
vt 0.5246913 0.3965326
vt 0.5246913 0.3752298
vt 0.5403014 0.4046694
vt 0.5403014 0.3907071
vt 0.5403014 0.3907071
vt 0.5246913 0.3752298
vt 0.5246913 0.3965326
vt 0.5403014 0.3752298
vt 0.5246913 0.353927
vt 0.5403014 0.3597525
vt 0.5050204 0.3501869
vt 0.5050204 0.3752298
vt 0.5246913 0.3347094
vt 0.5403014 0.3457901
vt 0.5050204 0.3275954
vt 0.4857846 0.34905
vt 0.4857846 0.3752298
vt 0.5050204 0.3096666
vt 0.5246913 0.3194584
vt 0.4857846 0.3066903
vt 0.4857846 0.3254328
vt 0.4832153 0.3071783
vt 0.4832153 0.3257875
vt 0.4832153 0.3492364
vt 0.4832153 0.3752298
vt 0.1001588 0.7178715
vt 0.1026682 0.7411202
vt 0.1026682 0.718218
vt 0.1001588 0.7409382
vt 0.1026682 0.7665079
vt 0.08137134 0.7199836
vt 0.1001588 0.7665079
vt 0.08137134 0.7420484
vt 0.06215884 0.7269317
vt 0.08137134 0.7665079
vt 0.06215884 0.7457013
vt 0.04691243 0.7377543
vt 0.04691243 0.751391
vt 0.06215884 0.7665079
vt 0.08137134 0.7909669
vt 0.04691243 0.7665079
vt 0.06215884 0.787314
vt 0.08137134 0.8130319
vt 0.04691243 0.7816243
vt 0.06215884 0.8060836
vt 0.1001588 0.7665079
vt 0.1026682 0.791895
vt 0.1026682 0.7665079
vt 0.1001588 0.7920773
vt 0.08137134 0.7665079
vt 0.1026682 0.8147973
vt 0.08137134 0.7909669
vt 0.1001588 0.815144
vt 0.08137134 0.8130319
vt 0.4748184 0.8835627
vt 0.4893327 0.860301
vt 0.4748184 0.870602
vt 0.4893327 0.8781471
vt 0.4748184 0.89793
vt 0.4893327 0.89793
vt 0.4748184 0.9122968
vt 0.5076172 0.8746724
vt 0.4893327 0.9177122
vt 0.4748184 0.9252576
vt 0.4893327 0.9355583
vt 0.5076172 0.89793
vt 0.5263841 0.8735635
vt 0.5076172 0.9211873
vt 0.5076172 0.9421682
vt 0.5263841 0.89793
vt 0.5284175 0.873216
vt 0.5284175 0.89793
vt 0.5263841 0.9222959
vt 0.5263841 0.9442769
vt 0.5284175 0.9226434
vt 0.5284175 0.9449379
vt 0.6819339 0.7463996
vt 0.70355 0.7534229
vt 0.7046623 0.7463996
vt 0.7003214 0.7597591
vt 0.723124 0.759783
vt 0.7169722 0.7718564
vt 0.6952934 0.7647871
vt 0.7073908 0.7814379
vt 0.6889577 0.7680156
vt 0.6953175 0.7875896
vt 0.6819339 0.7691279
vt 0.6749105 0.7680156
vt 0.6819339 0.7897092
vt 0.6685506 0.7875896
vt 0.6685748 0.7647871
vt 0.6564773 0.7814379
vt 0.6635465 0.7597591
vt 0.6468959 0.7718564
vt 0.6468818 0.7946447
vt 0.6336889 0.7814519
vt 0.660318 0.7534229
vt 0.6407441 0.759783
vt 0.6592058 0.7463996
vt 0.6386245 0.7463996
vt 0.660318 0.7393761
vt 0.6407441 0.7330161
vt 0.6635465 0.7330401
vt 0.6685748 0.728012
vt 0.08096595 0.3862461
vt 0.06609969 0.4100716
vt 0.08096595 0.3995211
vt 0.08096595 0.3715307
vt 0.06609969 0.3917929
vt 0.06609969 0.3715307
vt 0.0473718 0.4338962
vt 0.06609969 0.4245777
vt 0.0473718 0.416842
vt 0.0281498 0.4368691
vt 0.0281498 0.4190019
vt 0.02606713 0.4378008
vt 0.02606713 0.4196789
vt 0.0281498 0.3964878
vt 0.0473718 0.3953523
vt 0.08096595 0.3862461
vt 0.06609969 0.3917929
vt 0.06609969 0.4100716
vt 0.0473718 0.416842
vt 0.0473718 0.3953523
vt 0.0281498 0.4190019
vt 0.06609969 0.3715307
vt 0.0473718 0.3715307
vt 0.0281498 0.3964878
vt 0.06609969 0.3512687
vt 0.08096595 0.3568152
vt 0.08096595 0.3715307
vt 0.08096595 0.3435403
vt 0.06609969 0.3329898
vt 0.0473718 0.347709
vt 0.0281498 0.3715307
vt 0.0473718 0.3262194
vt 0.06609969 0.3184838
vt 0.0473718 0.3091653
vt 0.02606713 0.3968436
vt 0.02606713 0.4196789
vt 0.02606713 0.3715307
vt 0.0281498 0.3465737
vt 0.02606713 0.3462177
vt 0.0281498 0.3240595
vt 0.0281498 0.3061925
vt 0.02606713 0.3233827
vt 0.02606713 0.3052606
vt 0.6819339 0.7463996
vt 0.6952934 0.728012
vt 0.6889577 0.7247836
vt 0.7003214 0.7330401
vt 0.7073908 0.7113613
vt 0.70355 0.7393761
vt 0.7046623 0.7463996
vt 0.7169722 0.7209429
vt 0.7169865 0.6981544
vt 0.7301789 0.7113473
vt 0.723124 0.7330161
vt 0.7252437 0.7463996
vt 0.70355 0.7534229
vt 0.723124 0.759783
vt 0.4893327 0.8781471
vt 0.5076172 0.8536913
vt 0.4893327 0.860301
vt 0.5076172 0.8746724
vt 0.5263841 0.8515826
vt 0.5263841 0.8735635
vt 0.5284175 0.8509217
vt 0.5284175 0.873216
vt 0.07000543 0.6471326
vt 0.07208811 0.6480644
vt 0.07208811 0.6299425
vt 0.07000543 0.6292655
vt 0.05078344 0.6441598
vt 0.07208811 0.6071072
vt 0.05078344 0.6271054
vt 0.03205555 0.6348413
vt 0.03205555 0.6203352
vt 0.07000543 0.6067514
vt 0.05078344 0.6056158
vt 0.07208811 0.5817943
vt 0.07000543 0.5817943
vt 0.7073908 0.7814379
vt 0.7169865 0.7946447
vt 0.7301789 0.7814519
vt 0.7169722 0.7718564
vt 0.07000543 0.5817943
vt 0.07208811 0.5817943
vt 0.07208811 0.5564814
vt 0.07000543 0.5568373
vt 0.05078344 0.5817943
vt 0.07208811 0.5336462
vt 0.05078344 0.5579727
vt 0.07000543 0.5343232
vt 0.07208811 0.5155242
vt 0.05078344 0.536483
vt 0.07000543 0.5164561
vt 0.05078344 0.5194289
vt 0.05078344 0.6056158
vt 0.07000543 0.6067514
vt 0.07000543 0.5817943
vt 0.05078344 0.5817943
vt 0.03205555 0.6020565
vt 0.03205555 0.6203352
vt 0.05078344 0.6271054
vt 0.0171893 0.6097848
vt 0.0171893 0.5965096
vt 0.03205555 0.5817943
vt 0.05078344 0.5579727
vt 0.0171893 0.5817943
vt 0.03205555 0.5615324
vt 0.05078344 0.536483
vt 0.0171893 0.5670788
vt 0.03205555 0.5432534
vt 0.0171893 0.5538039
vt 0.05078344 0.5194289
vt 0.03205555 0.5287474
vt 0.2543394 0.8632044
vt 0.2398251 0.8529035
vt 0.2398251 0.8707495
vt 0.2215406 0.8672748
vt 0.2215406 0.8462936
vt 0.2543394 0.8632044
vt 0.2398251 0.8707495
vt 0.2543394 0.8761652
vt 0.2398251 0.8905324
vt 0.2543394 0.8905324
vt 0.2215406 0.8905324
vt 0.2215406 0.8672748
vt 0.2398251 0.9103146
vt 0.2543394 0.9048992
vt 0.2398251 0.9281607
vt 0.2543394 0.91786
vt 0.2215406 0.9347707
vt 0.2215406 0.9137897
vt 0.2027737 0.9368793
vt 0.2027737 0.9148983
vt 0.2007403 0.9375403
vt 0.2007403 0.9152459
vt 0.2027737 0.8905324
vt 0.2027737 0.866166
vt 0.2007403 0.8905324
vt 0.6952934 0.728012
vt 0.7073908 0.7113613
vt 0.6953175 0.7052098
vt 0.6889577 0.7247836
vt 0.6819339 0.70309
vt 0.6819339 0.7236712
vt 0.6819339 0.7463996
vt 0.6685506 0.7052098
vt 0.6749105 0.7247836
vt 0.6685748 0.728012
vt 0.6564773 0.7113613
vt 0.6468959 0.7209429
vt 0.6635465 0.7330401
vt 0.6336889 0.7113473
vt 0.6468818 0.6981544
vt 0.6407441 0.7330161
vt 0.660318 0.7393761
vt 0.2027737 0.844185
vt 0.2007403 0.8435236
vt 0.2007403 0.8658185
vt 0.2027737 0.866166
vt 0.2215406 0.8462936
vt 0.2215406 0.8672748
vt 0.2007403 0.8905324
vt 0.2027737 0.8905324
vt 0.08964014 0.193126
vt 0.09084317 0.1914703
vt 0.07492503 0.1755524
vt 0.07326926 0.1767552
vt 0.1102687 0.2036367
vt 0.06470486 0.1554943
vt 0.110901 0.2016904
vt 0.06275847 0.1561267
vt 0.1331353 0.2072586
vt 0.0611833 0.1332599
vt 0.1331353 0.205212
vt 0.05913683 0.1332599
vt 0.1560022 0.2036367
vt 0.06470486 0.1110255
vt 0.1553699 0.2016904
vt 0.06275847 0.110393
vt 0.1766306 0.193126
vt 0.07492503 0.09096767
vt 0.1754277 0.1914703
vt 0.07326926 0.08976455
vt 0.1930018 0.1767552
vt 0.09084317 0.07504953
vt 0.1913458 0.1755524
vt 0.08964032 0.07339357
vt 0.2035123 0.1561267
vt 0.110901 0.06482944
vt 0.201566 0.1554943
vt 0.1102687 0.06288287
vt 0.207134 0.1332599
vt 0.1331353 0.06130788
vt 0.2050874 0.1332599
vt 0.1331353 0.05926132
vt 0.2035123 0.110393
vt 0.1553699 0.06482944
vt 0.201566 0.1110255
vt 0.1560022 0.06288287
vt 0.1930018 0.08976455
vt 0.1754281 0.07504953
vt 0.1913458 0.09096757
vt 0.1766306 0.07339357
vt 0.3584178 0.193128
vt 0.3596209 0.1914723
vt 0.3437022 0.1755538
vt 0.3420464 0.1767567
vt 0.379047 0.2036391
vt 0.3334817 0.155495
vt 0.3796794 0.2016927
vt 0.3315352 0.1561275
vt 0.4019144 0.2072611
vt 0.32996 0.1332599
vt 0.4019144 0.2052144
vt 0.3279135 0.1332599
vt 0.4247822 0.2036391
vt 0.3334817 0.1110248
vt 0.4241498 0.2016927
vt 0.3315352 0.1103922
vt 0.4454112 0.193128
vt 0.3437022 0.09096623
vt 0.4442083 0.1914723
vt 0.3420464 0.08976308
vt 0.461783 0.1767567
vt 0.3596209 0.07504756
vt 0.460127 0.1755538
vt 0.358418 0.07339154
vt 0.4722937 0.1561275
vt 0.3796794 0.06482713
vt 0.4703475 0.155495
vt 0.379047 0.06288049
vt 0.4759157 0.1332599
vt 0.4019144 0.06130546
vt 0.473869 0.1332599
vt 0.4019144 0.05925882
vt 0.4722937 0.1103922
vt 0.4241498 0.06482713
vt 0.4703475 0.1110248
vt 0.4247822 0.06288049
vt 0.461783 0.08976308
vt 0.4442087 0.07504756
vt 0.460127 0.09096614
vt 0.4454112 0.07339154
vt 0.6270145 0.1931273
vt 0.6282175 0.1914716
vt 0.612299 0.1755533
vt 0.6106432 0.1767562
vt 0.6476434 0.2036383
vt 0.6020786 0.1554948
vt 0.6482758 0.2016919
vt 0.6001322 0.1561272
vt 0.6705105 0.2072603
vt 0.598557 0.1332599
vt 0.6705105 0.2052135
vt 0.5965104 0.1332599
vt 0.693378 0.2036383
vt 0.6020786 0.111025
vt 0.6927456 0.2016919
vt 0.6001322 0.1103925
vt 0.7140068 0.1931273
vt 0.612299 0.09096673
vt 0.7128039 0.1914716
vt 0.6106432 0.08976358
vt 0.7303784 0.1767562
vt 0.6282175 0.07504825
vt 0.7287224 0.1755533
vt 0.6270146 0.07339226
vt 0.7408891 0.1561272
vt 0.6482758 0.06482794
vt 0.7389428 0.1554948
vt 0.6476434 0.06288133
vt 0.744511 0.1332599
vt 0.6705105 0.06130631
vt 0.7424642 0.1332599
vt 0.6705105 0.05925971
vt 0.7408891 0.1103925
vt 0.6927456 0.06482794
vt 0.7389428 0.111025
vt 0.693378 0.06288133
vt 0.7303784 0.08976358
vt 0.7128043 0.07504825
vt 0.7287224 0.09096664
vt 0.7140068 0.07339226
usemtl Porcelain_Off_White_Mat
f 1411/1411/1411 1410/1410/1410 1409/1409/1409
f 1413/1413/1413 1409/1409/1409 1412/1412/1412
f 1414/1414/1414 1413/1413/1413 1412/1412/1412
f 1414/1414/1414 1412/1412/1412 1415/1415/1415
f 1416/1416/1416 1414/1414/1414 1415/1415/1415
f 1417/1417/1417 1414/1414/1414 1416/1416/1416
f 1418/1418/1418 1417/1417/1417 1416/1416/1416
f 1421/1421/1421 1420/1420/1420 1419/1419/1419
f 1424/1424/1424 1423/1423/1423 1422/1422/1422
f 1426/1426/1426 1422/1422/1422 1425/1425/1425
f 1426/1426/1426 1425/1425/1425 1427/1427/1427
f 1428/1428/1428 1426/1426/1426 1427/1427/1427
f 1427/1427/1427 1425/1425/1425 1429/1429/1429
f 1430/1430/1430 1427/1427/1427 1429/1429/1429
f 1428/1428/1428 1427/1427/1427 1430/1430/1430
f 1431/1431/1431 1428/1428/1428 1430/1430/1430
f 1422/1422/1422 1432/1432/1432 1425/1425/1425
f 1425/1425/1425 1432/1432/1432 1429/1429/1429
f 1422/1422/1422 1433/1433/1433 1432/1432/1432
f 1431/1431/1431 1430/1430/1430 1434/1434/1434
f 1434/1434/1434 1430/1430/1430 1429/1429/1429
f 1435/1435/1435 1431/1431/1431 1434/1434/1434
f 1433/1433/1433 1436/1436/1436 1432/1432/1432
f 1432/1432/1432 1436/1436/1436 1429/1429/1429
f 1433/1433/1433 1437/1437/1437 1436/1436/1436
f 1435/1435/1435 1434/1434/1434 1438/1438/1438
f 1438/1438/1438 1434/1434/1434 1429/1429/1429
f 1439/1439/1439 1435/1435/1435 1438/1438/1438
f 1437/1437/1437 1440/1440/1440 1436/1436/1436
f 1436/1436/1436 1440/1440/1440 1429/1429/1429
f 1437/1437/1437 1441/1441/1441 1440/1440/1440
f 1442/1442/1442 1438/1438/1438 1429/1429/1429
f 1439/1439/1439 1438/1438/1438 1442/1442/1442
f 1440/1440/1440 1443/1443/1443 1429/1429/1429
f 1441/1441/1441 1443/1443/1443 1440/1440/1440
f 1444/1444/1444 1442/1442/1442 1429/1429/1429
f 1445/1445/1445 1439/1439/1439 1442/1442/1442
f 1445/1445/1445 1442/1442/1442 1444/1444/1444
f 1441/1441/1441 1446/1446/1446 1443/1443/1443
f 1446/1446/1446 1447/1447/1447 1443/1443/1443
f 1446/1446/1446 1448/1448/1448 1447/1447/1447
f 1449/1449/1449 1445/1445/1445 1444/1444/1444
f 1449/1449/1449 1444/1444/1444 1450/1450/1450
f 1450/1450/1450 1444/1444/1444 1429/1429/1429
f 1451/1451/1451 1449/1449/1449 1450/1450/1450
f 1451/1451/1451 1450/1450/1450 1452/1452/1452
f 1452/1452/1452 1450/1450/1450 1429/1429/1429
f 1453/1453/1453 1451/1451/1451 1452/1452/1452
f 1453/1453/1453 1452/1452/1452 1454/1454/1454
f 1454/1454/1454 1452/1452/1452 1429/1429/1429
f 1455/1455/1455 1453/1453/1453 1454/1454/1454
f 1456/1456/1456 1453/1453/1453 1455/1455/1455
f 1455/1455/1455 1454/1454/1454 1457/1457/1457
f 1457/1457/1457 1454/1454/1454 1429/1429/1429
f 1458/1458/1458 1455/1455/1455 1457/1457/1457
f 1458/1458/1458 1457/1457/1457 1459/1459/1459
f 1459/1459/1459 1457/1457/1457 1429/1429/1429
f 1460/1460/1460 1458/1458/1458 1459/1459/1459
f 1460/1460/1460 1459/1459/1459 1461/1461/1461
f 1461/1461/1461 1459/1459/1459 1429/1429/1429
f 1462/1462/1462 1461/1461/1461 1429/1429/1429
f 1465/1465/1465 1464/1464/1464 1463/1463/1463
f 1467/1467/1467 1466/1466/1466 1465/1465/1465
f 1468/1468/1468 1466/1466/1466 1467/1467/1467
f 1469/1469/1469 1468/1468/1468 1467/1467/1467
f 1468/1468/1468 1470/1470/1470 1466/1466/1466
f 1470/1470/1470 1471/1471/1471 1466/1466/1466
f 1470/1470/1470 1472/1472/1472 1471/1471/1471
f 1472/1472/1472 1473/1473/1473 1471/1471/1471
f 1475/1475/1475 1474/1474/1474 1448/1448/1448
f 1478/1478/1478 1477/1477/1477 1476/1476/1476
f 1481/1481/1481 1480/1480/1480 1479/1479/1479
f 1484/1484/1484 1483/1483/1483 1482/1482/1482
f 1487/1487/1487 1486/1486/1486 1485/1485/1485
f 1490/1490/1490 1489/1489/1489 1488/1488/1488
f 1493/1493/1493 1492/1492/1492 1491/1491/1491
f 1496/1496/1496 1495/1495/1495 1494/1494/1494
f 1498/1498/1498 1497/1497/1497 1496/1496/1496
f 1499/1499/1499 1498/1498/1498 1496/1496/1496
f 1499/1499/1499 1496/1496/1496 1500/1500/1500
f 1501/1501/1501 1498/1498/1498 1499/1499/1499
f 1502/1502/1502 1499/1499/1499 1500/1500/1500
f 1503/1503/1503 1501/1501/1501 1499/1499/1499
f 1503/1503/1503 1499/1499/1499 1502/1502/1502
f 1504/1504/1504 1501/1501/1501 1503/1503/1503
f 1505/1505/1505 1504/1504/1504 1503/1503/1503
f 1506/1506/1506 1503/1503/1503 1502/1502/1502
f 1505/1505/1505 1503/1503/1503 1506/1506/1506
f 1506/1506/1506 1502/1502/1502 1507/1507/1507
f 1508/1508/1508 1505/1505/1505 1506/1506/1506
f 1509/1509/1509 1506/1506/1506 1507/1507/1507
f 1508/1508/1508 1506/1506/1506 1509/1509/1509
f 1512/1512/1512 1511/1511/1511 1510/1510/1510
f 1515/1515/1515 1514/1514/1514 1513/1513/1513
f 1514/1514/1514 1516/1516/1516 1513/1513/1513
f 1517/1517/1517 1516/1516/1516 1514/1514/1514
f 1516/1516/1516 1518/1518/1518 1513/1513/1513
f 1517/1517/1517 1519/1519/1519 1516/1516/1516
f 1519/1519/1519 1518/1518/1518 1516/1516/1516
f 1520/1520/1520 1519/1519/1519 1517/1517/1517
f 1519/1519/1519 1521/1521/1521 1518/1518/1518
f 1521/1521/1521 1522/1522/1522 1518/1518/1518
f 1521/1521/1521 1523/1523/1523 1522/1522/1522
f 1526/1526/1526 1525/1525/1525 1524/1524/1524
f 1527/1527/1527 1525/1525/1525 1526/1526/1526
f 1528/1528/1528 1527/1527/1527 1526/1526/1526
f 1528/1528/1528 1526/1526/1526 1529/1529/1529
f 1530/1530/1530 1527/1527/1527 1528/1528/1528
f 1531/1531/1531 1528/1528/1528 1529/1529/1529
f 1532/1532/1532 1530/1530/1530 1528/1528/1528
f 1532/1532/1532 1528/1528/1528 1531/1531/1531
f 1533/1533/1533 1530/1530/1530 1532/1532/1532
f 1534/1534/1534 1532/1532/1532 1531/1531/1531
f 1535/1535/1535 1533/1533/1533 1532/1532/1532
f 1535/1535/1535 1532/1532/1532 1534/1534/1534
f 1536/1536/1536 1535/1535/1535 1534/1534/1534
f 1539/1539/1539 1538/1538/1538 1537/1537/1537
f 1540/1540/1540 1539/1539/1539 1537/1537/1537
f 1541/1541/1541 1539/1539/1539 1540/1540/1540
f 1542/1542/1542 1541/1541/1541 1540/1540/1540
f 1543/1543/1543 1541/1541/1541 1542/1542/1542
f 1544/1544/1544 1543/1543/1543 1542/1542/1542
f 1543/1543/1543 1545/1545/1545 1541/1541/1541
f 1545/1545/1545 1546/1546/1546 1541/1541/1541
f 1547/1547/1547 1545/1545/1545 1543/1543/1543
f 1548/1548/1548 1547/1547/1547 1543/1543/1543
f 1548/1548/1548 1543/1543/1543 1544/1544/1544
f 1549/1549/1549 1548/1548/1548 1544/1544/1544
f 1552/1552/1552 1551/1551/1551 1550/1550/1550
f 1553/1553/1553 1552/1552/1552 1550/1550/1550
f 1553/1553/1553 1550/1550/1550 1554/1554/1554
f 1555/1555/1555 1553/1553/1553 1554/1554/1554
f 1555/1555/1555 1554/1554/1554 1556/1556/1556
f 1557/1557/1557 1555/1555/1555 1556/1556/1556
f 1557/1557/1557 1556/1556/1556 1558/1558/1558
f 1559/1559/1559 1557/1557/1557 1558/1558/1558
f 1562/1562/1562 1561/1561/1561 1560/1560/1560
f 1562/1562/1562 1563/1563/1563 1561/1561/1561
f 1566/1566/1566 1565/1565/1565 1564/1564/1564
f 1566/1566/1566 1567/1567/1567 1565/1565/1565
f 1567/1567/1567 1568/1568/1568 1565/1565/1565
f 1567/1567/1567 1569/1569/1569 1568/1568/1568
f 1569/1569/1569 1570/1570/1570 1568/1568/1568
f 1568/1568/1568 1570/1570/1570 1571/1571/1571
f 1568/1568/1568 1571/1571/1571 1572/1572/1572
f 1572/1572/1572 1571/1571/1571 1573/1573/1573
f 1571/1571/1571 1574/1574/1574 1573/1573/1573
f 1571/1571/1571 1575/1575/1575 1574/1574/1574
f 1570/1570/1570 1575/1575/1575 1571/1571/1571
f 1575/1575/1575 1576/1576/1576 1574/1574/1574
f 1575/1575/1575 1577/1577/1577 1576/1576/1576
f 1577/1577/1577 1578/1578/1578 1576/1576/1576
f 1570/1570/1570 1579/1579/1579 1575/1575/1575
f 1579/1579/1579 1577/1577/1577 1575/1575/1575
f 1569/1569/1569 1580/1580/1580 1570/1570/1570
f 1580/1580/1580 1579/1579/1579 1570/1570/1570
f 1577/1577/1577 1581/1581/1581 1578/1578/1578
f 1581/1581/1581 1582/1582/1582 1578/1578/1578
f 1583/1583/1583 1580/1580/1580 1569/1569/1569
f 1584/1584/1584 1583/1583/1583 1569/1569/1569
f 1583/1583/1583 1585/1585/1585 1580/1580/1580
f 1585/1585/1585 1586/1586/1586 1580/1580/1580
f 1580/1580/1580 1586/1586/1586 1579/1579/1579
f 1585/1585/1585 1587/1587/1587 1586/1586/1586
f 1587/1587/1587 1588/1588/1588 1586/1586/1586
f 1579/1579/1579 1589/1589/1589 1577/1577/1577
f 1586/1586/1586 1589/1589/1589 1579/1579/1579
f 1586/1586/1586 1588/1588/1588 1589/1589/1589
f 1589/1589/1589 1581/1581/1581 1577/1577/1577
f 1588/1588/1588 1590/1590/1590 1589/1589/1589
f 1589/1589/1589 1590/1590/1590 1581/1581/1581
f 1590/1590/1590 1591/1591/1591 1581/1581/1581
f 1594/1594/1594 1593/1593/1593 1592/1592/1592
f 1593/1593/1593 1595/1595/1595 1592/1592/1592
f 1593/1593/1593 1596/1596/1596 1595/1595/1595
f 1596/1596/1596 1597/1597/1597 1595/1595/1595
f 1600/1600/1600 1599/1599/1599 1598/1598/1598
f 1601/1601/1601 1600/1600/1600 1598/1598/1598
f 1602/1602/1602 1600/1600/1600 1601/1601/1601
f 1603/1603/1603 1602/1602/1602 1601/1601/1601
f 1604/1604/1604 1602/1602/1602 1603/1603/1603
f 1605/1605/1605 1604/1604/1604 1603/1603/1603
f 1604/1604/1604 1606/1606/1606 1602/1602/1602
f 1609/1609/1609 1608/1608/1608 1607/1607/1607
f 1610/1610/1610 1609/1609/1609 1607/1607/1607
f 1610/1610/1610 1607/1607/1607 1611/1611/1611
f 1612/1612/1612 1609/1609/1609 1610/1610/1610
f 1613/1613/1613 1610/1610/1610 1611/1611/1611
f 1614/1614/1614 1612/1612/1612 1610/1610/1610
f 1614/1614/1614 1610/1610/1610 1613/1613/1613
f 1615/1615/1615 1612/1612/1612 1614/1614/1614
f 1616/1616/1616 1614/1614/1614 1613/1613/1613
f 1616/1616/1616 1613/1613/1613 1617/1617/1617
f 1618/1618/1618 1616/1616/1616 1617/1617/1617
f 1619/1619/1619 1615/1615/1615 1614/1614/1614
f 1619/1619/1619 1614/1614/1614 1616/1616/1616
f 1620/1620/1620 1615/1615/1615 1619/1619/1619
f 1621/1621/1621 1620/1620/1620 1619/1619/1619
f 1622/1622/1622 1616/1616/1616 1618/1618/1618
f 1622/1622/1622 1619/1619/1619 1616/1616/1616
f 1621/1621/1621 1619/1619/1619 1622/1622/1622
f 1623/1623/1623 1622/1622/1622 1618/1618/1618
f 1624/1624/1624 1621/1621/1621 1622/1622/1622
f 1624/1624/1624 1622/1622/1622 1623/1623/1623
f 1627/1627/1627 1626/1626/1626 1625/1625/1625
f 1626/1626/1626 1628/1628/1628 1625/1625/1625
f 1631/1631/1631 1630/1630/1630 1629/1629/1629
f 1630/1630/1630 1632/1632/1632 1629/1629/1629
f 1629/1629/1629 1632/1632/1632 1633/1633/1633
f 1630/1630/1630 1634/1634/1634 1632/1632/1632
f 1632/1632/1632 1635/1635/1635 1633/1633/1633
f 1633/1633/1633 1635/1635/1635 1636/1636/1636
f 1635/1635/1635 1637/1637/1637 1636/1636/1636
f 1634/1634/1634 1638/1638/1638 1632/1632/1632
f 1632/1632/1632 1638/1638/1638 1635/1635/1635
f 1634/1634/1634 1639/1639/1639 1638/1638/1638
f 1635/1635/1635 1640/1640/1640 1637/1637/1637
f 1638/1638/1638 1640/1640/1640 1635/1635/1635
f 1640/1640/1640 1641/1641/1641 1637/1637/1637
f 1639/1639/1639 1642/1642/1642 1638/1638/1638
f 1638/1638/1638 1642/1642/1642 1640/1640/1640
f 1639/1639/1639 1643/1643/1643 1642/1642/1642
f 1643/1643/1643 1644/1644/1644 1642/1642/1642
f 1642/1642/1642 1644/1644/1644 1645/1645/1645
f 1642/1642/1642 1645/1645/1645 1640/1640/1640
f 1640/1640/1640 1645/1645/1645 1641/1641/1641
f 1645/1645/1645 1646/1646/1646 1641/1641/1641
f 1645/1645/1645 1647/1647/1647 1646/1646/1646
f 1647/1647/1647 1648/1648/1648 1646/1646/1646
f 1651/1651/1651 1650/1650/1650 1649/1649/1649
f 1650/1650/1650 1652/1652/1652 1649/1649/1649
f 1650/1650/1650 1653/1653/1653 1652/1652/1652
f 1653/1653/1653 1654/1654/1654 1652/1652/1652
f 1649/1649/1649 1652/1652/1652 1655/1655/1655
f 1649/1649/1649 1655/1655/1655 1656/1656/1656
f 1652/1652/1652 1654/1654/1654 1657/1657/1657
f 1652/1652/1652 1657/1657/1657 1655/1655/1655
f 1655/1655/1655 1657/1657/1657 1658/1658/1658
f 1654/1654/1654 1659/1659/1659 1657/1657/1657
f 1657/1657/1657 1660/1660/1660 1658/1658/1658
f 1657/1657/1657 1659/1659/1659 1660/1660/1660
f 1659/1659/1659 1661/1661/1661 1660/1660/1660
f 1664/1664/1664 1663/1663/1663 1662/1662/1662
f 1663/1663/1663 1665/1665/1665 1662/1662/1662
f 1663/1663/1663 1666/1666/1666 1665/1665/1665
f 1662/1662/1662 1665/1665/1665 1667/1667/1667
f 1665/1665/1665 1668/1668/1668 1667/1667/1667
f 1665/1665/1665 1669/1669/1669 1668/1668/1668
f 1669/1669/1669 1670/1670/1670 1668/1668/1668
f 1667/1667/1667 1668/1668/1668 1671/1671/1671
f 1668/1668/1668 1670/1670/1670 1672/1672/1672
f 1668/1668/1668 1672/1672/1672 1671/1671/1671
f 1671/1671/1671 1672/1672/1672 1673/1673/1673
f 1672/1672/1672 1674/1674/1674 1673/1673/1673
f 1677/1677/1677 1676/1676/1676 1675/1675/1675
f 1678/1678/1678 1677/1677/1677 1675/1675/1675
f 1678/1678/1678 1675/1675/1675 1679/1679/1679
f 1679/1679/1679 1675/1675/1675 1680/1680/1680
f 1675/1675/1675 1681/1681/1681 1680/1680/1680
f 1680/1680/1680 1681/1681/1681 1682/1682/1682
f 1683/1683/1683 1678/1678/1678 1679/1679/1679
f 1684/1684/1684 1678/1678/1678 1683/1683/1683
f 1679/1679/1679 1680/1680/1680 1685/1685/1685
f 1680/1680/1680 1682/1682/1682 1685/1685/1685
f 1683/1683/1683 1679/1679/1679 1685/1685/1685
f 1682/1682/1682 1686/1686/1686 1685/1685/1685
f 1687/1687/1687 1683/1683/1683 1685/1685/1685
f 1687/1687/1687 1684/1684/1684 1683/1683/1683
f 1682/1682/1682 1688/1688/1688 1686/1686/1686
f 1688/1688/1688 1689/1689/1689 1686/1686/1686
f 1686/1686/1686 1689/1689/1689 1690/1690/1690
f 1686/1686/1686 1690/1690/1690 1685/1685/1685
f 1690/1690/1690 1691/1691/1691 1685/1685/1685
f 1691/1691/1691 1692/1692/1692 1685/1685/1685
f 1692/1692/1692 1693/1693/1693 1685/1685/1685
f 1693/1693/1693 1694/1694/1694 1685/1685/1685
f 1694/1694/1694 1695/1695/1695 1685/1685/1685
f 1695/1695/1695 1696/1696/1696 1685/1685/1685
f 1696/1696/1696 1697/1697/1697 1685/1685/1685
f 1695/1695/1695 1698/1698/1698 1696/1696/1696
f 1699/1699/1699 1684/1684/1684 1687/1687/1687
f 1700/1700/1700 1699/1699/1699 1687/1687/1687
f 1700/1700/1700 1687/1687/1687 1685/1685/1685
f 1701/1701/1701 1699/1699/1699 1700/1700/1700
f 1702/1702/1702 1701/1701/1701 1700/1700/1700
f 1702/1702/1702 1700/1700/1700 1685/1685/1685
f 1703/1703/1703 1701/1701/1701 1702/1702/1702
f 1704/1704/1704 1702/1702/1702 1685/1685/1685
f 1704/1704/1704 1703/1703/1703 1702/1702/1702
f 1705/1705/1705 1703/1703/1703 1704/1704/1704
f 1705/1705/1705 1706/1706/1706 1703/1703/1703
f 1706/1706/1706 1707/1707/1707 1703/1703/1703
f 1708/1708/1708 1705/1705/1705 1704/1704/1704
f 1708/1708/1708 1704/1704/1704 1685/1685/1685
f 1709/1709/1709 1705/1705/1705 1708/1708/1708
f 1710/1710/1710 1709/1709/1709 1708/1708/1708
f 1710/1710/1710 1708/1708/1708 1685/1685/1685
f 1711/1711/1711 1709/1709/1709 1710/1710/1710
f 1712/1712/1712 1711/1711/1711 1710/1710/1710
f 1712/1712/1712 1710/1710/1710 1685/1685/1685
f 1697/1697/1697 1712/1712/1712 1685/1685/1685
f 1697/1697/1697 1713/1713/1713 1712/1712/1712
f 1714/1714/1714 1713/1713/1713 1697/1697/1697
f 1717/1717/1717 1716/1716/1716 1715/1715/1715
f 1716/1716/1716 1718/1718/1718 1715/1715/1715
f 1715/1715/1715 1718/1718/1718 1719/1719/1719
f 1718/1718/1718 1720/1720/1720 1719/1719/1719
f 1719/1719/1719 1720/1720/1720 1721/1721/1721
f 1718/1718/1718 1722/1722/1722 1720/1720/1720
f 1720/1720/1720 1723/1723/1723 1721/1721/1721
f 1721/1721/1721 1723/1723/1723 1724/1724/1724
f 1723/1723/1723 1725/1725/1725 1724/1724/1724
f 1722/1722/1722 1726/1726/1726 1720/1720/1720
f 1720/1720/1720 1726/1726/1726 1723/1723/1723
f 1722/1722/1722 1727/1727/1727 1726/1726/1726
f 1727/1727/1727 1728/1728/1728 1726/1726/1726
f 1726/1726/1726 1729/1729/1729 1723/1723/1723
f 1723/1723/1723 1729/1729/1729 1725/1725/1725
f 1726/1726/1726 1728/1728/1728 1729/1729/1729
f 1729/1729/1729 1730/1730/1730 1725/1725/1725
f 1725/1725/1725 1730/1730/1730 1731/1731/1731
f 1730/1730/1730 1732/1732/1732 1731/1731/1731
f 1728/1728/1728 1733/1733/1733 1729/1729/1729
f 1729/1729/1729 1733/1733/1733 1730/1730/1730
f 1728/1728/1728 1734/1734/1734 1733/1733/1733
f 1734/1734/1734 1735/1735/1735 1733/1733/1733
f 1730/1730/1730 1736/1736/1736 1732/1732/1732
f 1733/1733/1733 1736/1736/1736 1730/1730/1730
f 1733/1733/1733 1735/1735/1735 1736/1736/1736
f 1736/1736/1736 1737/1737/1737 1732/1732/1732
f 1735/1735/1735 1738/1738/1738 1736/1736/1736
f 1736/1736/1736 1738/1738/1738 1737/1737/1737
f 1738/1738/1738 1739/1739/1739 1737/1737/1737
f 1742/1742/1742 1741/1741/1741 1740/1740/1740
f 1742/1742/1742 1743/1743/1743 1741/1741/1741
f 1743/1743/1743 1744/1744/1744 1741/1741/1741
f 1743/1743/1743 1745/1745/1745 1744/1744/1744
f 1745/1745/1745 1746/1746/1746 1744/1744/1744
f 1749/1749/1749 1748/1748/1748 1747/1747/1747
f 1750/1750/1750 1749/1749/1749 1747/1747/1747
f 1751/1751/1751 1749/1749/1749 1750/1750/1750
f 1751/1751/1751 1752/1752/1752 1749/1749/1749
f 1753/1753/1753 1752/1752/1752 1751/1751/1751
f 1754/1754/1754 1753/1753/1753 1751/1751/1751
f 1753/1753/1753 1755/1755/1755 1752/1752/1752
f 1755/1755/1755 1756/1756/1756 1752/1752/1752
f 1759/1759/1759 1758/1758/1758 1757/1757/1757
f 1760/1760/1760 1759/1759/1759 1757/1757/1757
f 1760/1760/1760 1757/1757/1757 1761/1761/1761
f 1762/1762/1762 1759/1759/1759 1760/1760/1760
f 1763/1763/1763 1760/1760/1760 1761/1761/1761
f 1764/1764/1764 1762/1762/1762 1760/1760/1760
f 1764/1764/1764 1760/1760/1760 1763/1763/1763
f 1767/1767/1767 1766/1766/1766 1765/1765/1765
f 1768/1768/1768 1767/1767/1767 1765/1765/1765
f 1768/1768/1768 1765/1765/1765 1769/1769/1769
f 1770/1770/1770 1767/1767/1767 1768/1768/1768
f 1771/1771/1771 1768/1768/1768 1769/1769/1769
f 1772/1772/1772 1770/1770/1770 1768/1768/1768
f 1772/1772/1772 1768/1768/1768 1771/1771/1771
f 1773/1773/1773 1770/1770/1770 1772/1772/1772
f 1774/1774/1774 1772/1772/1772 1771/1771/1771
f 1774/1774/1774 1771/1771/1771 1775/1775/1775
f 1776/1776/1776 1774/1774/1774 1775/1775/1775
f 1777/1777/1777 1773/1773/1773 1772/1772/1772
f 1777/1777/1777 1772/1772/1772 1774/1774/1774
f 1778/1778/1778 1773/1773/1773 1777/1777/1777
f 1779/1779/1779 1777/1777/1777 1774/1774/1774
f 1779/1779/1779 1774/1774/1774 1776/1776/1776
f 1780/1780/1780 1779/1779/1779 1776/1776/1776
f 1783/1783/1783 1782/1782/1782 1781/1781/1781
f 1784/1784/1784 1783/1783/1783 1781/1781/1781
f 1786/1786/1786 1784/1784/1784 1785/1785/1785
f 1787/1787/1787 1786/1786/1786 1785/1785/1785
f 1790/1790/1790 1789/1789/1789 1788/1788/1788
f 1791/1791/1791 1790/1790/1790 1788/1788/1788
f 1792/1792/1792 1790/1790/1790 1791/1791/1791
f 1793/1793/1793 1792/1792/1792 1791/1791/1791
f 1792/1792/1792 1794/1794/1794 1790/1790/1790
f 1794/1794/1794 1795/1795/1795 1790/1790/1790
f 1796/1796/1796 1792/1792/1792 1793/1793/1793
f 1797/1797/1797 1796/1796/1796 1793/1793/1793
f 1796/1796/1796 1798/1798/1798 1792/1792/1792
f 1798/1798/1798 1794/1794/1794 1792/1792/1792
f 1794/1794/1794 1799/1799/1799 1795/1795/1795
f 1799/1799/1799 1800/1800/1800 1795/1795/1795
f 1799/1799/1799 1801/1801/1801 1800/1800/1800
f 1802/1802/1802 1801/1801/1801 1799/1799/1799
f 1803/1803/1803 1799/1799/1799 1794/1794/1794
f 1803/1803/1803 1802/1802/1802 1799/1799/1799
f 1798/1798/1798 1803/1803/1803 1794/1794/1794
f 1804/1804/1804 1802/1802/1802 1803/1803/1803
f 1805/1805/1805 1804/1804/1804 1803/1803/1803
f 1805/1805/1805 1803/1803/1803 1798/1798/1798
f 1806/1806/1806 1805/1805/1805 1798/1798/1798
f 1806/1806/1806 1798/1798/1798 1796/1796/1796
f 1807/1807/1807 1806/1806/1806 1796/1796/1796
f 1810/1810/1810 1809/1809/1809 1808/1808/1808
f 1811/1811/1811 1809/1809/1809 1810/1810/1810
f 1811/1811/1811 1812/1812/1812 1809/1809/1809
f 1812/1812/1812 1813/1813/1813 1809/1809/1809
f 1815/1815/1815 1811/1811/1811 1814/1814/1814
f 1816/1816/1816 1815/1815/1815 1814/1814/1814
f 1817/1817/1817 1815/1815/1815 1816/1816/1816
f 1818/1818/1818 1817/1817/1817 1816/1816/1816
f 1819/1819/1819 1817/1817/1817 1818/1818/1818
f 1820/1820/1820 1819/1819/1819 1818/1818/1818
f 1821/1821/1821 1819/1819/1819 1820/1820/1820
f 1822/1822/1822 1821/1821/1821 1820/1820/1820
f 1823/1823/1823 1821/1821/1821 1822/1822/1822
f 1824/1824/1824 1823/1823/1823 1822/1822/1822
f 1825/1825/1825 1823/1823/1823 1824/1824/1824
f 1828/1828/1828 1827/1827/1827 1826/1826/1826
f 1827/1827/1827 1829/1829/1829 1826/1826/1826
f 1826/1826/1826 1829/1829/1829 1830/1830/1830
f 1829/1829/1829 1831/1831/1831 1830/1830/1830
f 1830/1830/1830 1831/1831/1831 1832/1832/1832
f 1829/1829/1829 1833/1833/1833 1831/1831/1831
f 1831/1831/1831 1834/1834/1834 1832/1832/1832
f 1833/1833/1833 1835/1835/1835 1831/1831/1831
f 1831/1831/1831 1835/1835/1835 1834/1834/1834
f 1833/1833/1833 1836/1836/1836 1835/1835/1835
f 1835/1835/1835 1837/1837/1837 1834/1834/1834
f 1836/1836/1836 1838/1838/1838 1835/1835/1835
f 1835/1835/1835 1838/1838/1838 1837/1837/1837
f 1836/1836/1836 1839/1839/1839 1838/1838/1838
f 1838/1838/1838 1840/1840/1840 1837/1837/1837
f 1839/1839/1839 1841/1841/1841 1838/1838/1838
f 1838/1838/1838 1841/1841/1841 1840/1840/1840
f 1841/1841/1841 1842/1842/1842 1840/1840/1840
f 1845/1845/1845 1844/1844/1844 1843/1843/1843
f 1844/1844/1844 1846/1846/1846 1843/1843/1843
f 1844/1844/1844 1847/1847/1847 1846/1846/1846
f 1847/1847/1847 1848/1848/1848 1846/1846/1846
f 1846/1846/1846 1848/1848/1848 1849/1849/1849
f 1847/1847/1847 1850/1850/1850 1848/1848/1848
f 1848/1848/1848 1851/1851/1851 1849/1849/1849
f 1850/1850/1850 1852/1852/1852 1848/1848/1848
f 1848/1848/1848 1852/1852/1852 1851/1851/1851
f 1850/1850/1850 1853/1853/1853 1852/1852/1852
f 1852/1852/1852 1854/1854/1854 1851/1851/1851
f 1853/1853/1853 1855/1855/1855 1852/1852/1852
f 1852/1852/1852 1855/1855/1855 1854/1854/1854
f 1855/1855/1855 1856/1856/1856 1854/1854/1854
f 1859/1859/1859 1858/1858/1858 1857/1857/1857
f 1860/1860/1860 1859/1859/1859 1857/1857/1857
f 1863/1863/1863 1862/1862/1862 1861/1861/1861
f 1864/1864/1864 1863/1863/1863 1861/1861/1861
f 1865/1865/1865 1863/1863/1863 1864/1864/1864
f 1866/1866/1866 1865/1865/1865 1864/1864/1864
f 1867/1867/1867 1865/1865/1865 1866/1866/1866
f 1866/1866/1866 1864/1864/1864 1868/1868/1868
f 1869/1869/1869 1867/1867/1867 1866/1866/1866
f 1870/1870/1870 1866/1866/1866 1868/1868/1868
f 1869/1869/1869 1866/1866/1866 1870/1870/1870
f 1870/1870/1870 1868/1868/1868 1871/1871/1871
f 1872/1872/1872 1869/1869/1869 1870/1870/1870
f 1873/1873/1873 1870/1870/1870 1871/1871/1871
f 1872/1872/1872 1870/1870/1870 1873/1873/1873
f 1874/1874/1874 1872/1872/1872 1873/1873/1873
f 1877/1877/1877 1876/1876/1876 1875/1875/1875
f 1878/1878/1878 1877/1877/1877 1875/1875/1875
f 1878/1878/1878 1875/1875/1875 1879/1879/1879
f 1880/1880/1880 1878/1878/1878 1879/1879/1879
f 1880/1880/1880 1879/1879/1879 1881/1881/1881
f 1882/1882/1882 1880/1880/1880 1881/1881/1881
f 1881/1881/1881 1879/1879/1879 1883/1883/1883
f 1882/1882/1882 1881/1881/1881 1884/1884/1884
f 1884/1884/1884 1881/1881/1881 1883/1883/1883
f 1885/1885/1885 1882/1882/1882 1884/1884/1884
f 1886/1886/1886 1882/1882/1882 1885/1885/1885
f 1887/1887/1887 1886/1886/1886 1885/1885/1885
f 1888/1888/1888 1884/1884/1884 1883/1883/1883
f 1885/1885/1885 1884/1884/1884 1888/1888/1888
f 1889/1889/1889 1885/1885/1885 1888/1888/1888
f 1890/1890/1890 1888/1888/1888 1883/1883/1883
f 1889/1889/1889 1888/1888/1888 1890/1890/1890
f 1891/1891/1891 1889/1889/1889 1890/1890/1890
f 1891/1891/1891 1890/1890/1890 1892/1892/1892
f 1893/1893/1893 1891/1891/1891 1892/1892/1892
f 1893/1893/1893 1892/1892/1892 1894/1894/1894
f 1895/1895/1895 1893/1893/1893 1894/1894/1894
f 1898/1898/1898 1897/1897/1897 1896/1896/1896
f 1899/1899/1899 1898/1898/1898 1896/1896/1896
f 1900/1900/1900 1898/1898/1898 1899/1899/1899
f 1899/1899/1899 1896/1896/1896 1901/1901/1901
f 1902/1902/1902 1900/1900/1900 1899/1899/1899
f 1903/1903/1903 1899/1899/1899 1901/1901/1901
f 1902/1902/1902 1899/1899/1899 1903/1903/1903
f 1903/1903/1903 1901/1901/1901 1904/1904/1904
f 1905/1905/1905 1902/1902/1902 1903/1903/1903
f 1906/1906/1906 1902/1902/1902 1905/1905/1905
f 1907/1907/1907 1903/1903/1903 1904/1904/1904
f 1905/1905/1905 1903/1903/1903 1907/1907/1907
f 1907/1907/1907 1904/1904/1904 1908/1908/1908
f 1909/1909/1909 1907/1907/1907 1908/1908/1908
f 1910/1910/1910 1907/1907/1907 1909/1909/1909
f 1910/1910/1910 1905/1905/1905 1907/1907/1907
f 1911/1911/1911 1910/1910/1910 1909/1909/1909
f 1912/1912/1912 1906/1906/1906 1905/1905/1905
f 1912/1912/1912 1905/1905/1905 1910/1910/1910
f 1913/1913/1913 1906/1906/1906 1912/1912/1912
f 1914/1914/1914 1913/1913/1913 1912/1912/1912
f 1915/1915/1915 1910/1910/1910 1911/1911/1911
f 1915/1915/1915 1912/1912/1912 1910/1910/1910
f 1914/1914/1914 1912/1912/1912 1915/1915/1915
f 1916/1916/1916 1915/1915/1915 1911/1911/1911
f 1917/1917/1917 1914/1914/1914 1915/1915/1915
f 1917/1917/1917 1915/1915/1915 1916/1916/1916
f 1918/1918/1918 1917/1917/1917 1916/1916/1916
f 1921/1921/1921 1920/1920/1920 1919/1919/1919
f 1920/1920/1920 1922/1922/1922 1919/1919/1919
f 1919/1919/1919 1922/1922/1922 1923/1923/1923
f 1924/1924/1924 1919/1919/1919 1923/1923/1923
f 1925/1925/1925 1924/1924/1924 1923/1923/1923
f 1922/1922/1922 1926/1926/1926 1923/1923/1923
f 1926/1926/1926 1927/1927/1927 1923/1923/1923
f 1928/1928/1928 1927/1927/1927 1926/1926/1926
f 1929/1929/1929 1928/1928/1928 1926/1926/1926
f 1929/1929/1929 1926/1926/1926 1922/1922/1922
f 1920/1920/1920 1929/1929/1929 1922/1922/1922
f 1930/1930/1930 1929/1929/1929 1920/1920/1920
f 1931/1931/1931 1930/1930/1930 1920/1920/1920
f 1934/1934/1934 1933/1933/1933 1932/1932/1932
f 1935/1935/1935 1934/1934/1934 1932/1932/1932
f 1935/1935/1935 1932/1932/1932 1936/1936/1936
f 1937/1937/1937 1935/1935/1935 1936/1936/1936
f 1938/1938/1938 1934/1934/1934 1935/1935/1935
f 1939/1939/1939 1938/1938/1938 1935/1935/1935
f 1938/1938/1938 1940/1940/1940 1934/1934/1934
f 1940/1940/1940 1941/1941/1941 1934/1934/1934
f 1942/1942/1942 1940/1940/1940 1938/1938/1938
f 1943/1943/1943 1942/1942/1942 1938/1938/1938
f 1943/1943/1943 1938/1938/1938 1939/1939/1939
f 1944/1944/1944 1942/1942/1942 1943/1943/1943
f 1945/1945/1945 1944/1944/1944 1943/1943/1943
f 1946/1946/1946 1943/1943/1943 1939/1939/1939
f 1945/1945/1945 1943/1943/1943 1946/1946/1946
f 1946/1946/1946 1939/1939/1939 1947/1947/1947
f 1948/1948/1948 1945/1945/1945 1946/1946/1946
f 1951/1951/1951 1950/1950/1950 1949/1949/1949
f 1952/1952/1952 1951/1951/1951 1949/1949/1949
f 1953/1953/1953 1952/1952/1952 1949/1949/1949
f 1954/1954/1954 1953/1953/1953 1949/1949/1949
f 1955/1955/1955 1952/1952/1952 1953/1953/1953
f 1956/1956/1956 1955/1955/1955 1953/1953/1953
f 1956/1956/1956 1953/1953/1953 1954/1954/1954
f 1957/1957/1957 1955/1955/1955 1956/1956/1956
f 1958/1958/1958 1957/1957/1957 1956/1956/1956
f 1959/1959/1959 1956/1956/1956 1954/1954/1954
f 1959/1959/1959 1954/1954/1954 1960/1960/1960
f 1960/1960/1960 1954/1954/1954 1949/1949/1949
f 1961/1961/1961 1959/1959/1959 1960/1960/1960
f 1961/1961/1961 1960/1960/1960 1962/1962/1962
f 1962/1962/1962 1960/1960/1960 1949/1949/1949
f 1963/1963/1963 1961/1961/1961 1962/1962/1962
f 1963/1963/1963 1962/1962/1962 1964/1964/1964
f 1964/1964/1964 1962/1962/1962 1949/1949/1949
f 1965/1965/1965 1963/1963/1963 1964/1964/1964
f 1965/1965/1965 1964/1964/1964 1966/1966/1966
f 1966/1966/1966 1964/1964/1964 1949/1949/1949
f 1967/1967/1967 1966/1966/1966 1949/1949/1949
f 1968/1968/1968 1967/1967/1967 1949/1949/1949
f 1969/1969/1969 1968/1968/1968 1949/1949/1949
f 1970/1970/1970 1968/1968/1968 1969/1969/1969
f 1971/1971/1971 1970/1970/1970 1969/1969/1969
f 1973/1973/1973 1965/1965/1965 1972/1972/1972
f 1974/1974/1974 1973/1973/1973 1972/1972/1972
f 1977/1977/1977 1976/1976/1976 1975/1975/1975
f 1977/1977/1977 1978/1978/1978 1976/1976/1976
f 1978/1978/1978 1979/1979/1979 1976/1976/1976
f 1976/1976/1976 1979/1979/1979 1980/1980/1980
f 1979/1979/1979 1981/1981/1981 1980/1980/1980
f 1979/1979/1979 1982/1982/1982 1981/1981/1981
f 1978/1978/1978 1983/1983/1983 1979/1979/1979
f 1983/1983/1983 1982/1982/1982 1979/1979/1979
f 1984/1984/1984 1983/1983/1983 1978/1978/1978
f 1985/1985/1985 1984/1984/1984 1978/1978/1978
f 1984/1984/1984 1986/1986/1986 1983/1983/1983
f 1986/1986/1986 1987/1987/1987 1983/1983/1983
f 1983/1983/1983 1987/1987/1987 1982/1982/1982
f 1986/1986/1986 1988/1988/1988 1987/1987/1987
f 1988/1988/1988 1989/1989/1989 1987/1987/1987
f 1987/1987/1987 1990/1990/1990 1982/1982/1982
f 1987/1987/1987 1989/1989/1989 1990/1990/1990
f 1982/1982/1982 1990/1990/1990 1991/1991/1991
f 1990/1990/1990 1992/1992/1992 1991/1991/1991
f 1989/1989/1989 1993/1993/1993 1990/1990/1990
f 1990/1990/1990 1993/1993/1993 1992/1992/1992
f 1993/1993/1993 1994/1994/1994 1992/1992/1992
f 1989/1989/1989 1995/1995/1995 1993/1993/1993
f 1995/1995/1995 1996/1996/1996 1993/1993/1993
f 1999/1999/1999 1998/1998/1998 1997/1997/1997
f 2000/2000/2000 1999/1999/1999 1997/1997/1997
f 2001/2001/2001 1999/1999/1999 2000/2000/2000
f 2002/2002/2002 2001/2001/2001 2000/2000/2000
f 2005/2005/2005 2004/2004/2004 2003/2003/2003
f 2004/2004/2004 2006/2006/2006 2003/2003/2003
f 2003/2003/2003 2006/2006/2006 2007/2007/2007
f 2004/2004/2004 2008/2008/2008 2006/2006/2006
f 2006/2006/2006 2009/2009/2009 2007/2007/2007
f 2008/2008/2008 2010/2010/2010 2006/2006/2006
f 2006/2006/2006 2010/2010/2010 2009/2009/2009
f 2010/2010/2010 2011/2011/2011 2009/2009/2009
f 2008/2008/2008 2012/2012/2012 2010/2010/2010
f 2012/2012/2012 2013/2013/2013 2010/2010/2010
f 2016/2016/2016 2015/2015/2015 2014/2014/2014
f 2015/2015/2015 2017/2017/2017 2014/2014/2014
f 2015/2015/2015 2018/2018/2018 2017/2017/2017
f 2018/2018/2018 2019/2019/2019 2017/2017/2017
f 2018/2018/2018 2020/2020/2020 2019/2019/2019
f 2023/2023/2023 2022/2022/2022 2021/2021/2021
f 2022/2022/2022 2024/2024/2024 2021/2021/2021
f 2022/2022/2022 2025/2025/2025 2024/2024/2024
f 2025/2025/2025 2026/2026/2026 2024/2024/2024
f 2025/2025/2025 2027/2027/2027 2026/2026/2026
f 2027/2027/2027 2028/2028/2028 2026/2026/2026
f 2026/2026/2026 2028/2028/2028 2029/2029/2029
f 2028/2028/2028 2030/2030/2030 2029/2029/2029
f 2033/2033/2033 2032/2032/2032 2031/2031/2031
f 2032/2032/2032 2034/2034/2034 2031/2031/2031
f 2032/2032/2032 2035/2035/2035 2034/2034/2034
f 2035/2035/2035 2036/2036/2036 2034/2034/2034
f 2035/2035/2035 2037/2037/2037 2036/2036/2036
f 2037/2037/2037 2038/2038/2038 2036/2036/2036
f 2037/2037/2037 2039/2039/2039 2038/2038/2038
f 2039/2039/2039 2040/2040/2040 2038/2038/2038
f 2041/2041/2041 2039/2039/2039 2037/2037/2037
f 2042/2042/2042 2037/2037/2037 2035/2035/2035
f 2042/2042/2042 2041/2041/2041 2037/2037/2037
f 2043/2043/2043 2042/2042/2042 2035/2035/2035
f 2044/2044/2044 2041/2041/2041 2042/2042/2042
f 2045/2045/2045 2044/2044/2044 2042/2042/2042
f 2046/2046/2046 2044/2044/2044 2045/2045/2045
f 2047/2047/2047 2046/2046/2046 2045/2045/2045
f 2047/2047/2047 2045/2045/2045 2048/2048/2048
f 2051/2051/2051 2050/2050/2050 2049/2049/2049
f 2050/2050/2050 2052/2052/2052 2049/2049/2049
f 2055/2055/2055 2054/2054/2054 2053/2053/2053
f 2056/2056/2056 2055/2055/2055 2053/2053/2053
f 2057/2057/2057 2055/2055/2055 2056/2056/2056
f 2057/2057/2057 2058/2058/2058 2055/2055/2055
f 2058/2058/2058 2059/2059/2059 2055/2055/2055
f 2060/2060/2060 2057/2057/2057 2056/2056/2056
f 2060/2060/2060 2056/2056/2056 2061/2061/2061
f 2062/2062/2062 2060/2060/2060 2061/2061/2061
f 2063/2063/2063 2057/2057/2057 2060/2060/2060
f 2063/2063/2063 2064/2064/2064 2057/2057/2057
f 2065/2065/2065 2063/2063/2063 2060/2060/2060
f 2065/2065/2065 2060/2060/2060 2062/2062/2062
f 2066/2066/2066 2065/2065/2065 2062/2062/2062
f 2069/2069/2069 2068/2068/2068 2067/2067/2067
f 2070/2070/2070 2069/2069/2069 2067/2067/2067
f 2070/2070/2070 2067/2067/2067 2071/2071/2071
f 2072/2072/2072 2070/2070/2070 2071/2071/2071
f 2073/2073/2073 2069/2069/2069 2070/2070/2070
f 2073/2073/2073 2074/2074/2074 2069/2069/2069
f 2074/2074/2074 2075/2075/2075 2069/2069/2069
f 2076/2076/2076 2070/2070/2070 2072/2072/2072
f 2076/2076/2076 2073/2073/2073 2070/2070/2070
f 2077/2077/2077 2076/2076/2076 2072/2072/2072
f 2077/2077/2077 2072/2072/2072 2078/2078/2078
f 2079/2079/2079 2077/2077/2077 2078/2078/2078
f 2080/2080/2080 2073/2073/2073 2076/2076/2076
f 2080/2080/2080 2081/2081/2081 2073/2073/2073
f 2082/2082/2082 2081/2081/2081 2080/2080/2080
f 2083/2083/2083 2082/2082/2082 2080/2080/2080
f 2084/2084/2084 2080/2080/2080 2076/2076/2076
f 2083/2083/2083 2080/2080/2080 2084/2084/2084
f 2084/2084/2084 2076/2076/2076 2077/2077/2077
f 2085/2085/2085 2083/2083/2083 2084/2084/2084
f 2086/2086/2086 2077/2077/2077 2079/2079/2079
f 2086/2086/2086 2084/2084/2084 2077/2077/2077
f 2085/2085/2085 2084/2084/2084 2086/2086/2086
f 2087/2087/2087 2086/2086/2086 2079/2079/2079
f 2088/2088/2088 2085/2085/2085 2086/2086/2086
f 2088/2088/2088 2086/2086/2086 2087/2087/2087
f 2089/2089/2089 2088/2088/2088 2087/2087/2087
f 2092/2092/2092 2091/2091/2091 2090/2090/2090
f 2091/2091/2091 2093/2093/2093 2090/2090/2090
f 2090/2090/2090 2093/2093/2093 2094/2094/2094
f 2091/2091/2091 2095/2095/2095 2093/2093/2093
f 2093/2093/2093 2096/2096/2096 2094/2094/2094
f 2094/2094/2094 2096/2096/2096 2097/2097/2097
f 2095/2095/2095 2098/2098/2098 2093/2093/2093
f 2093/2093/2093 2098/2098/2098 2096/2096/2096
f 2095/2095/2095 2099/2099/2099 2098/2098/2098
f 2098/2098/2098 2100/2100/2100 2096/2096/2096
f 2099/2099/2099 2101/2101/2101 2098/2098/2098
f 2098/2098/2098 2101/2101/2101 2100/2100/2100
f 2099/2099/2099 2102/2102/2102 2101/2101/2101
f 2101/2101/2101 2103/2103/2103 2100/2100/2100
f 2102/2102/2102 2104/2104/2104 2101/2101/2101
f 2101/2101/2101 2104/2104/2104 2103/2103/2103
f 2104/2104/2104 2105/2105/2105 2103/2103/2103
f 2108/2108/2108 2107/2107/2107 2106/2106/2106
f 2109/2109/2109 2108/2108/2108 2106/2106/2106
f 2109/2109/2109 2106/2106/2106 2110/2110/2110
f 2110/2110/2110 2106/2106/2106 2111/2111/2111
f 2112/2112/2112 2109/2109/2109 2110/2110/2110
f 2113/2113/2113 2109/2109/2109 2112/2112/2112
f 2114/2114/2114 2113/2113/2113 2112/2112/2112
f 2106/2106/2106 2115/2115/2115 2111/2111/2111
f 2111/2111/2111 2115/2115/2115 2116/2116/2116
f 2115/2115/2115 2117/2117/2117 2116/2116/2116
f 2120/2120/2120 2119/2119/2119 2118/2118/2118
f 2119/2119/2119 2121/2121/2121 2118/2118/2118
f 2118/2118/2118 2121/2121/2121 2122/2122/2122
f 2121/2121/2121 2123/2123/2123 2122/2122/2122
f 2121/2121/2121 2124/2124/2124 2123/2123/2123
f 2124/2124/2124 2125/2125/2125 2123/2123/2123
f 2119/2119/2119 2126/2126/2126 2121/2121/2121
f 2126/2126/2126 2124/2124/2124 2121/2121/2121
f 2127/2127/2127 2126/2126/2126 2119/2119/2119
f 2128/2128/2128 2127/2127/2127 2119/2119/2119
f 2127/2127/2127 2129/2129/2129 2126/2126/2126
f 2129/2129/2129 2130/2130/2130 2126/2126/2126
f 2126/2126/2126 2130/2130/2130 2124/2124/2124
f 2129/2129/2129 2131/2131/2131 2130/2130/2130
f 2131/2131/2131 2132/2132/2132 2130/2130/2130
f 2130/2130/2130 2133/2133/2133 2124/2124/2124
f 2130/2130/2130 2132/2132/2132 2133/2133/2133
f 2124/2124/2124 2133/2133/2133 2125/2125/2125
f 2132/2132/2132 2134/2134/2134 2133/2133/2133
f 2133/2133/2133 2134/2134/2134 2135/2135/2135
f 2133/2133/2133 2135/2135/2135 2125/2125/2125
f 2134/2134/2134 2136/2136/2136 2135/2135/2135
f 2125/2125/2125 2135/2135/2135 2137/2137/2137
f 2125/2125/2125 2137/2137/2137 2138/2138/2138
f 2135/2135/2135 2136/2136/2136 2139/2139/2139
f 2135/2135/2135 2139/2139/2139 2137/2137/2137
f 2136/2136/2136 2140/2140/2140 2139/2139/2139
f 2139/2139/2139 2140/2140/2140 2141/2141/2141
f 2140/2140/2140 2142/2142/2142 2141/2141/2141
f 2139/2139/2139 2141/2141/2141 2143/2143/2143
f 2137/2137/2137 2139/2139/2139 2143/2143/2143
f 2137/2137/2137 2143/2143/2143 2144/2144/2144
f 2138/2138/2138 2137/2137/2137 2144/2144/2144
f 2138/2138/2138 2144/2144/2144 2145/2145/2145
f 2146/2146/2146 2138/2138/2138 2145/2145/2145
f 2149/2149/2149 2148/2148/2148 2147/2147/2147
f 2149/2149/2149 2147/2147/2147 2150/2150/2150
f 2151/2151/2151 2149/2149/2149 2150/2150/2150
f 2152/2152/2152 2151/2151/2151 2150/2150/2150
f 2153/2153/2153 2152/2152/2152 2150/2150/2150
f 2154/2154/2154 2153/2153/2153 2150/2150/2150
f 2155/2155/2155 2154/2154/2154 2150/2150/2150
f 2156/2156/2156 2155/2155/2155 2150/2150/2150
f 2157/2157/2157 2156/2156/2156 2150/2150/2150
f 2155/2155/2155 2158/2158/2158 2154/2154/2154
f 2158/2158/2158 2159/2159/2159 2154/2154/2154
f 2160/2160/2160 2158/2158/2158 2155/2155/2155
f 2156/2156/2156 2160/2160/2160 2155/2155/2155
f 2161/2161/2161 2160/2160/2160 2156/2156/2156
f 2157/2157/2157 2161/2161/2161 2156/2156/2156
f 2162/2162/2162 2161/2161/2161 2157/2157/2157
f 2163/2163/2163 2162/2162/2162 2157/2157/2157
f 2163/2163/2163 2157/2157/2157 2150/2150/2150
f 2164/2164/2164 2162/2162/2162 2163/2163/2163
f 2165/2165/2165 2164/2164/2164 2163/2163/2163
f 2165/2165/2165 2163/2163/2163 2150/2150/2150
f 2166/2166/2166 2164/2164/2164 2165/2165/2165
f 2167/2167/2167 2166/2166/2166 2165/2165/2165
f 2167/2167/2167 2165/2165/2165 2150/2150/2150
f 2168/2168/2168 2166/2166/2166 2167/2167/2167
f 2169/2169/2169 2168/2168/2168 2167/2167/2167
f 2169/2169/2169 2167/2167/2167 2150/2150/2150
f 2170/2170/2170 2168/2168/2168 2169/2169/2169
f 2171/2171/2171 2169/2169/2169 2150/2150/2150
f 2172/2172/2172 2171/2171/2171 2150/2150/2150
f 2173/2173/2173 2172/2172/2172 2150/2150/2150
f 2172/2172/2172 2174/2174/2174 2171/2171/2171
f 2177/2177/2177 2176/2176/2176 2175/2175/2175
f 2175/2175/2175 2176/2176/2176 2178/2178/2178
f 2175/2175/2175 2178/2178/2178 2179/2179/2179
f 2178/2178/2178 2180/2180/2180 2179/2179/2179
f 2178/2178/2178 2181/2181/2181 2180/2180/2180
f 2181/2181/2181 2182/2182/2182 2180/2180/2180
f 2181/2181/2181 2183/2183/2183 2182/2182/2182
f 2183/2183/2183 2184/2184/2184 2182/2182/2182
f 2180/2180/2180 2182/2182/2182 2185/2185/2185
f 2180/2180/2180 2185/2185/2185 2179/2179/2179
f 2182/2182/2182 2186/2186/2186 2185/2185/2185
f 2185/2185/2185 2187/2187/2187 2179/2179/2179
f 2185/2185/2185 2186/2186/2186 2187/2187/2187
f 2186/2186/2186 2188/2188/2188 2187/2187/2187
f 2187/2187/2187 2189/2189/2189 2179/2179/2179
f 2187/2187/2187 2188/2188/2188 2189/2189/2189
f 2188/2188/2188 2190/2190/2190 2189/2189/2189
f 2189/2189/2189 2190/2190/2190 2191/2191/2191
f 2190/2190/2190 2192/2192/2192 2191/2191/2191
f 2195/2195/2195 2194/2194/2194 2193/2193/2193
f 2196/2196/2196 2195/2195/2195 2193/2193/2193
f 2197/2197/2197 2195/2195/2195 2196/2196/2196
f 2196/2196/2196 2193/2193/2193 2198/2198/2198
f 2199/2199/2199 2197/2197/2197 2196/2196/2196
f 2200/2200/2200 2196/2196/2196 2198/2198/2198
f 2199/2199/2199 2196/2196/2196 2200/2200/2200
f 2200/2200/2200 2198/2198/2198 2201/2201/2201
f 2202/2202/2202 2199/2199/2199 2200/2200/2200
f 2203/2203/2203 2200/2200/2200 2201/2201/2201
f 2202/2202/2202 2200/2200/2200 2203/2203/2203
f 2203/2203/2203 2201/2201/2201 2204/2204/2204
f 2205/2205/2205 2202/2202/2202 2203/2203/2203
f 2206/2206/2206 2203/2203/2203 2204/2204/2204
f 2205/2205/2205 2203/2203/2203 2206/2206/2206
f 2209/2209/2209 2208/2208/2208 2207/2207/2207
f 2210/2210/2210 2209/2209/2209 2207/2207/2207
f 2210/2210/2210 2207/2207/2207 2211/2211/2211
f 2212/2212/2212 2209/2209/2209 2210/2210/2210
f 2213/2213/2213 2210/2210/2210 2211/2211/2211
f 2213/2213/2213 2211/2211/2211 2214/2214/2214
f 2215/2215/2215 2213/2213/2213 2214/2214/2214
f 2216/2216/2216 2212/2212/2212 2210/2210/2210
f 2216/2216/2216 2210/2210/2210 2213/2213/2213
f 2217/2217/2217 2212/2212/2212 2216/2216/2216
f 2218/2218/2218 2217/2217/2217 2216/2216/2216
f 2219/2219/2219 2213/2213/2213 2215/2215/2215
f 2219/2219/2219 2216/2216/2216 2213/2213/2213
f 2218/2218/2218 2216/2216/2216 2219/2219/2219
f 2220/2220/2220 2219/2219/2219 2215/2215/2215
f 2221/2221/2221 2218/2218/2218 2219/2219/2219
f 2224/2224/2224 2223/2223/2223 2222/2222/2222
f 2225/2225/2225 2224/2224/2224 2222/2222/2222
f 2228/2228/2228 2227/2227/2227 2226/2226/2226
f 2229/2229/2229 2228/2228/2228 2226/2226/2226
f 2230/2230/2230 2228/2228/2228 2229/2229/2229
f 2230/2230/2230 2231/2231/2231 2228/2228/2228
f 2231/2231/2231 2232/2232/2232 2228/2228/2228
f 2233/2233/2233 2231/2231/2231 2230/2230/2230
f 2234/2234/2234 2233/2233/2233 2230/2230/2230
f 2233/2233/2233 2235/2235/2235 2231/2231/2231
f 2235/2235/2235 2236/2236/2236 2231/2231/2231
f 2235/2235/2235 2237/2237/2237 2236/2236/2236
f 2237/2237/2237 2238/2238/2238 2236/2236/2236
f 2239/2239/2239 2237/2237/2237 2235/2235/2235
f 2240/2240/2240 2239/2239/2239 2235/2235/2235
f 2240/2240/2240 2235/2235/2235 2233/2233/2233
f 2241/2241/2241 2239/2239/2239 2240/2240/2240
f 2242/2242/2242 2241/2241/2241 2240/2240/2240
f 2243/2243/2243 2240/2240/2240 2233/2233/2233
f 2242/2242/2242 2240/2240/2240 2243/2243/2243
f 2243/2243/2243 2233/2233/2233 2234/2234/2234
f 2244/2244/2244 2242/2242/2242 2243/2243/2243
f 2245/2245/2245 2243/2243/2243 2234/2234/2234
f 2244/2244/2244 2243/2243/2243 2245/2245/2245
f 2246/2246/2246 2244/2244/2244 2245/2245/2245
f 2245/2245/2245 2234/2234/2234 2247/2247/2247
f 2248/2248/2248 2245/2245/2245 2247/2247/2247
f 2251/2251/2251 2250/2250/2250 2249/2249/2249
f 2252/2252/2252 2250/2250/2250 2251/2251/2251
f 2253/2253/2253 2252/2252/2252 2251/2251/2251
f 2256/2256/2256 2255/2255/2255 2254/2254/2254
f 2257/2257/2257 2255/2255/2255 2256/2256/2256
f 2257/2257/2257 2258/2258/2258 2255/2255/2255
f 2258/2258/2258 2259/2259/2259 2255/2255/2255
f 2262/2262/2262 2261/2261/2261 2260/2260/2260
f 2262/2262/2262 2263/2263/2263 2261/2261/2261
f 2263/2263/2263 2264/2264/2264 2261/2261/2261
f 2263/2263/2263 2265/2265/2265 2264/2264/2264
f 2265/2265/2265 2266/2266/2266 2264/2264/2264
f 2267/2267/2267 2265/2265/2265 2263/2263/2263
f 2268/2268/2268 2267/2267/2267 2263/2263/2263
f 2267/2267/2267 2269/2269/2269 2265/2265/2265
f 2269/2269/2269 2270/2270/2270 2265/2265/2265
f 2265/2265/2265 2270/2270/2270 2266/2266/2266
f 2270/2270/2270 2271/2271/2271 2266/2266/2266
f 2274/2274/2274 2273/2273/2273 2272/2272/2272
f 2275/2275/2275 2273/2273/2273 2274/2274/2274
f 2276/2276/2276 2275/2275/2275 2274/2274/2274
f 2275/2275/2275 2277/2277/2277 2273/2273/2273
f 2277/2277/2277 2278/2278/2278 2273/2273/2273
f 2279/2279/2279 2275/2275/2275 2276/2276/2276
f 2280/2280/2280 2279/2279/2279 2276/2276/2276
f 2281/2281/2281 2277/2277/2277 2275/2275/2275
f 2279/2279/2279 2281/2281/2281 2275/2275/2275
f 2282/2282/2282 2279/2279/2279 2280/2280/2280
f 2283/2283/2283 2282/2282/2282 2280/2280/2280
f 2282/2282/2282 2284/2284/2284 2279/2279/2279
f 2284/2284/2284 2281/2281/2281 2279/2279/2279
f 2284/2284/2284 2285/2285/2285 2281/2281/2281
f 2281/2281/2281 2286/2286/2286 2277/2277/2277
f 2285/2285/2285 2286/2286/2286 2281/2281/2281
f 2285/2285/2285 2287/2287/2287 2286/2286/2286
f 2286/2286/2286 2288/2288/2288 2277/2277/2277
f 2287/2287/2287 2289/2289/2289 2286/2286/2286
f 2286/2286/2286 2289/2289/2289 2288/2288/2288
f 2289/2289/2289 2290/2290/2290 2288/2288/2288
f 2293/2293/2293 2292/2292/2292 2291/2291/2291
f 2292/2292/2292 2294/2294/2294 2291/2291/2291
f 2292/2292/2292 2295/2295/2295 2294/2294/2294
f 2298/2298/2298 2297/2297/2297 2296/2296/2296
f 2297/2297/2297 2299/2299/2299 2296/2296/2296
f 2297/2297/2297 2300/2300/2300 2299/2299/2299
f 2300/2300/2300 2301/2301/2301 2299/2299/2299
f 2300/2300/2300 2302/2302/2302 2301/2301/2301
f 2302/2302/2302 2303/2303/2303 2301/2301/2301
f 2306/2306/2306 2305/2305/2305 2304/2304/2304
f 2307/2307/2307 2306/2306/2306 2304/2304/2304
f 2308/2308/2308 2306/2306/2306 2307/2307/2307
f 2307/2307/2307 2304/2304/2304 2309/2309/2309
f 2310/2310/2310 2308/2308/2308 2307/2307/2307
f 2311/2311/2311 2307/2307/2307 2309/2309/2309
f 2310/2310/2310 2307/2307/2307 2311/2311/2311
f 2311/2311/2311 2309/2309/2309 2312/2312/2312
f 2313/2313/2313 2310/2310/2310 2311/2311/2311
f 2314/2314/2314 2310/2310/2310 2313/2313/2313
f 2315/2315/2315 2311/2311/2311 2312/2312/2312
f 2313/2313/2313 2311/2311/2311 2315/2315/2315
f 2315/2315/2315 2312/2312/2312 2316/2316/2316
f 2317/2317/2317 2315/2315/2315 2316/2316/2316
f 2318/2318/2318 2315/2315/2315 2317/2317/2317
f 2318/2318/2318 2313/2313/2313 2315/2315/2315
f 2319/2319/2319 2318/2318/2318 2317/2317/2317
f 2320/2320/2320 2314/2314/2314 2313/2313/2313
f 2320/2320/2320 2313/2313/2313 2318/2318/2318
f 2321/2321/2321 2314/2314/2314 2320/2320/2320
f 2322/2322/2322 2321/2321/2321 2320/2320/2320
f 2323/2323/2323 2318/2318/2318 2319/2319/2319
f 2323/2323/2323 2320/2320/2320 2318/2318/2318
f 2322/2322/2322 2320/2320/2320 2323/2323/2323
f 2324/2324/2324 2323/2323/2323 2319/2319/2319
f 2325/2325/2325 2322/2322/2322 2323/2323/2323
f 2325/2325/2325 2323/2323/2323 2324/2324/2324
f 2326/2326/2326 2325/2325/2325 2324/2324/2324
f 2329/2329/2329 2328/2328/2328 2327/2327/2327
f 2328/2328/2328 2330/2330/2330 2327/2327/2327
f 2331/2331/2331 2330/2330/2330 2328/2328/2328
f 2332/2332/2332 2331/2331/2331 2328/2328/2328
f 2331/2331/2331 2333/2333/2333 2330/2330/2330
f 2333/2333/2333 2334/2334/2334 2330/2330/2330
f 2330/2330/2330 2334/2334/2334 2327/2327/2327
f 2333/2333/2333 2335/2335/2335 2334/2334/2334
f 2334/2334/2334 2336/2336/2336 2327/2327/2327
f 2335/2335/2335 2336/2336/2336 2334/2334/2334
f 2335/2335/2335 2337/2337/2337 2336/2336/2336
f 2338/2338/2338 2337/2337/2337 2335/2335/2335
f 2339/2339/2339 2338/2338/2338 2335/2335/2335
f 2337/2337/2337 2340/2340/2340 2336/2336/2336
f 2336/2336/2336 2340/2340/2340 2327/2327/2327
f 2337/2337/2337 2341/2341/2341 2340/2340/2340
f 2341/2341/2341 2342/2342/2342 2340/2340/2340
f 2340/2340/2340 2342/2342/2342 2327/2327/2327
f 2341/2341/2341 2343/2343/2343 2342/2342/2342
f 2343/2343/2343 2344/2344/2344 2342/2342/2342
f 2342/2342/2342 2344/2344/2344 2327/2327/2327
f 2343/2343/2343 2345/2345/2345 2344/2344/2344
f 2345/2345/2345 2346/2346/2346 2344/2344/2344
f 2344/2344/2344 2346/2346/2346 2327/2327/2327
f 2346/2346/2346 2347/2347/2347 2327/2327/2327
f 2350/2350/2350 2349/2349/2349 2348/2348/2348
f 2349/2349/2349 2351/2351/2351 2348/2348/2348
f 2348/2348/2348 2351/2351/2351 2352/2352/2352
f 2348/2348/2348 2352/2352/2352 2353/2353/2353
f 2353/2353/2353 2352/2352/2352 2354/2354/2354
f 2355/2355/2355 2348/2348/2348 2353/2353/2353
f 2355/2355/2355 2353/2353/2353 2356/2356/2356
f 2356/2356/2356 2353/2353/2353 2354/2354/2354
f 2351/2351/2351 2357/2357/2357 2352/2352/2352
f 2352/2352/2352 2357/2357/2357 2354/2354/2354
f 2351/2351/2351 2358/2358/2358 2357/2357/2357
f 2358/2358/2358 2359/2359/2359 2357/2357/2357
f 2357/2357/2357 2359/2359/2359 2354/2354/2354
f 2358/2358/2358 2360/2360/2360 2359/2359/2359
f 2360/2360/2360 2361/2361/2361 2359/2359/2359
f 2359/2359/2359 2361/2361/2361 2354/2354/2354
f 2360/2360/2360 2362/2362/2362 2361/2361/2361
f 2362/2362/2362 2363/2363/2363 2361/2361/2361
f 2361/2361/2361 2363/2363/2363 2354/2354/2354
f 2362/2362/2362 2364/2364/2364 2363/2363/2363
f 2363/2363/2363 2365/2365/2365 2354/2354/2354
f 2364/2364/2364 2365/2365/2365 2363/2363/2363
f 2365/2365/2365 2366/2366/2366 2354/2354/2354
f 2364/2364/2364 2367/2367/2367 2365/2365/2365
f 2367/2367/2367 2366/2366/2366 2365/2365/2365
f 2368/2368/2368 2367/2367/2367 2364/2364/2364
f 2369/2369/2369 2368/2368/2368 2364/2364/2364
f 2367/2367/2367 2370/2370/2370 2366/2366/2366
f 2370/2370/2370 2371/2371/2371 2366/2366/2366
f 2374/2374/2374 2373/2373/2373 2372/2372/2372
f 2374/2374/2374 2372/2372/2372 2375/2375/2375
f 2376/2376/2376 2374/2374/2374 2375/2375/2375
f 2377/2377/2377 2374/2374/2374 2376/2376/2376
f 2376/2376/2376 2375/2375/2375 2378/2378/2378
f 2379/2379/2379 2377/2377/2377 2376/2376/2376
f 2380/2380/2380 2376/2376/2376 2378/2378/2378
f 2379/2379/2379 2376/2376/2376 2380/2380/2380
f 2380/2380/2380 2378/2378/2378 2381/2381/2381
f 2382/2382/2382 2380/2380/2380 2381/2381/2381
f 2383/2383/2383 2379/2379/2379 2380/2380/2380
f 2383/2383/2383 2380/2380/2380 2382/2382/2382
f 2384/2384/2384 2379/2379/2379 2383/2383/2383
f 2385/2385/2385 2383/2383/2383 2382/2382/2382
f 2385/2385/2385 2382/2382/2382 2386/2386/2386
f 2387/2387/2387 2385/2385/2385 2386/2386/2386
f 2388/2388/2388 2384/2384/2384 2383/2383/2383
f 2388/2388/2388 2383/2383/2383 2385/2385/2385
f 2389/2389/2389 2385/2385/2385 2387/2387/2387
f 2389/2389/2389 2388/2388/2388 2385/2385/2385
f 2390/2390/2390 2389/2389/2389 2387/2387/2387
f 2391/2391/2391 2384/2384/2384 2388/2388/2388
f 2391/2391/2391 2392/2392/2392 2384/2384/2384
f 2393/2393/2393 2391/2391/2391 2388/2388/2388
f 2393/2393/2393 2388/2388/2388 2389/2389/2389
f 2394/2394/2394 2393/2393/2393 2389/2389/2389
f 2394/2394/2394 2389/2389/2389 2390/2390/2390
f 2395/2395/2395 2394/2394/2394 2390/2390/2390
f 2398/2398/2398 2397/2397/2397 2396/2396/2396
f 2398/2398/2398 2396/2396/2396 2399/2399/2399
f 2399/2399/2399 2396/2396/2396 2400/2400/2400
f 2401/2401/2401 2398/2398/2398 2399/2399/2399
f 2402/2402/2402 2399/2399/2399 2400/2400/2400
f 2401/2401/2401 2399/2399/2399 2402/2402/2402
f 2403/2403/2403 2402/2402/2402 2400/2400/2400
f 2404/2404/2404 2401/2401/2401 2402/2402/2402
f 2404/2404/2404 2402/2402/2402 2403/2403/2403
f 2405/2405/2405 2404/2404/2404 2403/2403/2403
f 2405/2405/2405 2403/2403/2403 2406/2406/2406
f 2407/2407/2407 2405/2405/2405 2406/2406/2406
f 2408/2408/2408 2404/2404/2404 2405/2405/2405
f 2409/2409/2409 2408/2408/2408 2405/2405/2405
f 2412/2412/2412 2411/2411/2411 2410/2410/2410
f 2411/2411/2411 2413/2413/2413 2410/2410/2410
f 2410/2410/2410 2413/2413/2413 2414/2414/2414
f 2413/2413/2413 2415/2415/2415 2414/2414/2414
f 2418/2418/2418 2417/2417/2417 2416/2416/2416
f 2417/2417/2417 2419/2419/2419 2416/2416/2416
f 2416/2416/2416 2419/2419/2419 2420/2420/2420
f 2417/2417/2417 2421/2421/2421 2419/2419/2419
f 2419/2419/2419 2422/2422/2422 2420/2420/2420
f 2420/2420/2420 2422/2422/2422 2423/2423/2423
f 2422/2422/2422 2424/2424/2424 2423/2423/2423
f 2421/2421/2421 2425/2425/2425 2419/2419/2419
f 2419/2419/2419 2425/2425/2425 2422/2422/2422
f 2421/2421/2421 2426/2426/2426 2425/2425/2425
f 2426/2426/2426 2427/2427/2427 2425/2425/2425
f 2425/2425/2425 2428/2428/2428 2422/2422/2422
f 2425/2425/2425 2427/2427/2427 2428/2428/2428
f 2422/2422/2422 2428/2428/2428 2424/2424/2424
f 2427/2427/2427 2429/2429/2429 2428/2428/2428
f 2428/2428/2428 2430/2430/2430 2424/2424/2424
f 2428/2428/2428 2429/2429/2429 2430/2430/2430
f 2429/2429/2429 2431/2431/2431 2430/2430/2430
f 2424/2424/2424 2430/2430/2430 2432/2432/2432
f 2430/2430/2430 2433/2433/2433 2432/2432/2432
f 2436/2436/2436 2435/2435/2435 2434/2434/2434
f 2435/2435/2435 2437/2437/2437 2434/2434/2434
f 2435/2435/2435 2438/2438/2438 2437/2437/2437
f 2438/2438/2438 2439/2439/2439 2437/2437/2437
f 2440/2440/2440 2438/2438/2438 2435/2435/2435
f 2441/2441/2441 2440/2440/2440 2435/2435/2435
f 2438/2438/2438 2442/2442/2442 2439/2439/2439
f 2442/2442/2442 2443/2443/2443 2439/2439/2439
f 2444/2444/2444 2442/2442/2442 2438/2438/2438
f 2440/2440/2440 2444/2444/2444 2438/2438/2438
f 2445/2445/2445 2440/2440/2440 2441/2441/2441
f 2446/2446/2446 2445/2445/2445 2441/2441/2441
f 2444/2444/2444 2447/2447/2447 2442/2442/2442
f 2447/2447/2447 2448/2448/2448 2442/2442/2442
f 2449/2449/2449 2447/2447/2447 2444/2444/2444
f 2450/2450/2450 2444/2444/2444 2440/2440/2440
f 2450/2450/2450 2449/2449/2449 2444/2444/2444
f 2445/2445/2445 2450/2450/2450 2440/2440/2440
f 2451/2451/2451 2449/2449/2449 2450/2450/2450
f 2452/2452/2452 2451/2451/2451 2450/2450/2450
f 2452/2452/2452 2450/2450/2450 2445/2445/2445
f 2453/2453/2453 2452/2452/2452 2445/2445/2445
f 2453/2453/2453 2445/2445/2445 2446/2446/2446
f 2454/2454/2454 2453/2453/2453 2446/2446/2446
f 2457/2457/2457 2456/2456/2456 2455/2455/2455
f 2456/2456/2456 2458/2458/2458 2455/2455/2455
f 2456/2456/2456 2459/2459/2459 2458/2458/2458
f 2455/2455/2455 2458/2458/2458 2460/2460/2460
f 2459/2459/2459 2461/2461/2461 2458/2458/2458
f 2458/2458/2458 2462/2462/2462 2460/2460/2460
f 2458/2458/2458 2461/2461/2461 2462/2462/2462
f 2460/2460/2460 2462/2462/2462 2463/2463/2463
f 2461/2461/2461 2464/2464/2464 2462/2462/2462
f 2462/2462/2462 2465/2465/2465 2463/2463/2463
f 2462/2462/2462 2464/2464/2464 2465/2465/2465
f 2463/2463/2463 2465/2465/2465 2466/2466/2466
f 2465/2465/2465 2467/2467/2467 2466/2466/2466
f 2464/2464/2464 2468/2468/2468 2465/2465/2465
f 2465/2465/2465 2468/2468/2468 2467/2467/2467
f 2464/2464/2464 2469/2469/2469 2468/2468/2468
f 2468/2468/2468 2470/2470/2470 2467/2467/2467
f 2469/2469/2469 2471/2471/2471 2468/2468/2468
f 2468/2468/2468 2471/2471/2471 2470/2470/2470
f 2469/2469/2469 2472/2472/2472 2471/2471/2471
f 2471/2471/2471 2473/2473/2473 2470/2470/2470
f 2472/2472/2472 2474/2474/2474 2471/2471/2471
f 2471/2471/2471 2474/2474/2474 2473/2473/2473
f 2477/2477/2477 2476/2476/2476 2475/2475/2475
f 2476/2476/2476 2478/2478/2478 2475/2475/2475
f 2475/2475/2475 2478/2478/2478 2479/2479/2479
f 2476/2476/2476 2480/2480/2480 2478/2478/2478
f 2478/2478/2478 2481/2481/2481 2479/2479/2479
f 2480/2480/2480 2482/2482/2482 2478/2478/2478
f 2478/2478/2478 2482/2482/2482 2481/2481/2481
f 2482/2482/2482 2483/2483/2483 2481/2481/2481
f 2486/2486/2486 2485/2485/2485 2484/2484/2484
f 2485/2485/2485 2487/2487/2487 2484/2484/2484
f 2484/2484/2484 2487/2487/2487 2488/2488/2488
f 2487/2487/2487 2489/2489/2489 2488/2488/2488
f 2488/2488/2488 2489/2489/2489 2490/2490/2490
f 2487/2487/2487 2491/2491/2491 2489/2489/2489
f 2489/2489/2489 2492/2492/2492 2490/2490/2490
f 2490/2490/2490 2492/2492/2492 2493/2493/2493
f 2492/2492/2492 2494/2494/2494 2493/2493/2493
f 2491/2491/2491 2495/2495/2495 2489/2489/2489
f 2489/2489/2489 2495/2495/2495 2492/2492/2492
f 2491/2491/2491 2496/2496/2496 2495/2495/2495
f 2492/2492/2492 2497/2497/2497 2494/2494/2494
f 2495/2495/2495 2497/2497/2497 2492/2492/2492
f 2497/2497/2497 2498/2498/2498 2494/2494/2494
f 2496/2496/2496 2499/2499/2499 2495/2495/2495
f 2495/2495/2495 2499/2499/2499 2497/2497/2497
f 2496/2496/2496 2500/2500/2500 2499/2499/2499
f 2500/2500/2500 2501/2501/2501 2499/2499/2499
f 2497/2497/2497 2502/2502/2502 2498/2498/2498
f 2499/2499/2499 2502/2502/2502 2497/2497/2497
f 2499/2499/2499 2501/2501/2501 2502/2502/2502
f 2502/2502/2502 2503/2503/2503 2498/2498/2498
f 2501/2501/2501 2504/2504/2504 2502/2502/2502
f 2502/2502/2502 2504/2504/2504 2503/2503/2503
f 2504/2504/2504 2505/2505/2505 2503/2503/2503
f 2508/2508/2508 2507/2507/2507 2506/2506/2506
f 2507/2507/2507 2509/2509/2509 2506/2506/2506
f 2507/2507/2507 2510/2510/2510 2509/2509/2509
f 2510/2510/2510 2511/2511/2511 2509/2509/2509
f 2509/2509/2509 2511/2511/2511 2512/2512/2512
f 2509/2509/2509 2512/2512/2512 2506/2506/2506
f 2511/2511/2511 2513/2513/2513 2512/2512/2512
f 2512/2512/2512 2514/2514/2514 2506/2506/2506
f 2512/2512/2512 2513/2513/2513 2514/2514/2514
f 2513/2513/2513 2515/2515/2515 2514/2514/2514
f 2514/2514/2514 2516/2516/2516 2506/2506/2506
f 2514/2514/2514 2515/2515/2515 2516/2516/2516
f 2516/2516/2516 2517/2517/2517 2506/2506/2506
f 2515/2515/2515 2518/2518/2518 2516/2516/2516
f 2516/2516/2516 2518/2518/2518 2517/2517/2517
f 2518/2518/2518 2519/2519/2519 2517/2517/2517
f 2517/2517/2517 2519/2519/2519 2520/2520/2520
f 2517/2517/2517 2520/2520/2520 2506/2506/2506
f 2519/2519/2519 2521/2521/2521 2520/2520/2520
f 2520/2520/2520 2521/2521/2521 2522/2522/2522
f 2520/2520/2520 2522/2522/2522 2506/2506/2506
f 2521/2521/2521 2523/2523/2523 2522/2522/2522
f 2521/2521/2521 2524/2524/2524 2523/2523/2523
f 2524/2524/2524 2525/2525/2525 2523/2523/2523
f 2522/2522/2522 2523/2523/2523 2526/2526/2526
f 2522/2522/2522 2526/2526/2526 2506/2506/2506
f 2523/2523/2523 2527/2527/2527 2526/2526/2526
f 2526/2526/2526 2527/2527/2527 2528/2528/2528
f 2526/2526/2526 2528/2528/2528 2506/2506/2506
f 2527/2527/2527 2529/2529/2529 2528/2528/2528
f 2528/2528/2528 2529/2529/2529 2530/2530/2530
f 2528/2528/2528 2530/2530/2530 2506/2506/2506
f 2529/2529/2529 2531/2531/2531 2530/2530/2530
f 2530/2530/2530 2532/2532/2532 2506/2506/2506
f 2532/2532/2532 2533/2533/2533 2506/2506/2506
f 2536/2536/2536 2535/2535/2535 2534/2534/2534
f 2534/2534/2534 2538/2538/2538 2537/2537/2537
f 2538/2538/2538 2539/2539/2539 2537/2537/2537
f 2541/2541/2541 2540/2540/2540 2535/2535/2535
f 2540/2540/2540 2542/2542/2542 2535/2535/2535
f 2540/2540/2540 2543/2543/2543 2542/2542/2542
f 2543/2543/2543 2544/2544/2544 2542/2542/2542
f 2543/2543/2543 2545/2545/2545 2544/2544/2544
f 2545/2545/2545 2546/2546/2546 2544/2544/2544
f 2544/2544/2544 2546/2546/2546 2547/2547/2547
f 2544/2544/2544 2547/2547/2547 2548/2548/2548
f 2551/2551/2551 2550/2550/2550 2549/2549/2549
f 2551/2551/2551 2552/2552/2552 2550/2550/2550
f 2552/2552/2552 2553/2553/2553 2550/2550/2550
f 2552/2552/2552 2554/2554/2554 2553/2553/2553
f 2550/2550/2550 2553/2553/2553 2555/2555/2555
f 2553/2553/2553 2556/2556/2556 2555/2555/2555
f 2553/2553/2553 2557/2557/2557 2556/2556/2556
f 2555/2555/2555 2556/2556/2556 2558/2558/2558
f 2555/2555/2555 2558/2558/2558 2559/2559/2559
f 2560/2560/2560 2555/2555/2555 2559/2559/2559
f 2559/2559/2559 2558/2558/2558 2561/2561/2561
f 2558/2558/2558 2562/2562/2562 2561/2561/2561
f 2556/2556/2556 2563/2563/2563 2558/2558/2558
f 2558/2558/2558 2563/2563/2563 2562/2562/2562
f 2557/2557/2557 2564/2564/2564 2556/2556/2556
f 2556/2556/2556 2564/2564/2564 2563/2563/2563
f 2563/2563/2563 2565/2565/2565 2562/2562/2562
f 2562/2562/2562 2565/2565/2565 2566/2566/2566
f 2565/2565/2565 2567/2567/2567 2566/2566/2566
f 2557/2557/2557 2568/2568/2568 2564/2564/2564
f 2569/2569/2569 2568/2568/2568 2557/2557/2557
f 2568/2568/2568 2570/2570/2570 2564/2564/2564
f 2564/2564/2564 2571/2571/2571 2563/2563/2563
f 2564/2564/2564 2570/2570/2570 2571/2571/2571
f 2563/2563/2563 2571/2571/2571 2565/2565/2565
f 2570/2570/2570 2572/2572/2572 2571/2571/2571
f 2565/2565/2565 2573/2573/2573 2567/2567/2567
f 2571/2571/2571 2573/2573/2573 2565/2565/2565
f 2571/2571/2571 2572/2572/2572 2573/2573/2573
f 2573/2573/2573 2574/2574/2574 2567/2567/2567
f 2572/2572/2572 2575/2575/2575 2573/2573/2573
f 2573/2573/2573 2575/2575/2575 2574/2574/2574
f 2575/2575/2575 2576/2576/2576 2574/2574/2574
f 2579/2579/2579 2578/2578/2578 2577/2577/2577
f 2578/2578/2578 2580/2580/2580 2577/2577/2577
f 2578/2578/2578 2581/2581/2581 2580/2580/2580
f 2580/2580/2580 2582/2582/2582 2577/2577/2577
f 2582/2582/2582 2583/2583/2583 2577/2577/2577
f 2581/2581/2581 2584/2584/2584 2580/2580/2580
f 2580/2580/2580 2584/2584/2584 2582/2582/2582
f 2581/2581/2581 2585/2585/2585 2584/2584/2584
f 2585/2585/2585 2586/2586/2586 2584/2584/2584
f 2584/2584/2584 2587/2587/2587 2582/2582/2582
f 2582/2582/2582 2587/2587/2587 2583/2583/2583
f 2587/2587/2587 2588/2588/2588 2583/2583/2583
f 2583/2583/2583 2588/2588/2588 2589/2589/2589
f 2588/2588/2588 2590/2590/2590 2589/2589/2589
f 2593/2593/2593 2592/2592/2592 2591/2591/2591
f 2592/2592/2592 2594/2594/2594 2591/2591/2591
f 2592/2592/2592 2595/2595/2595 2594/2594/2594
f 2595/2595/2595 2596/2596/2596 2594/2594/2594
f 2595/2595/2595 2597/2597/2597 2596/2596/2596
f 2597/2597/2597 2598/2598/2598 2596/2596/2596
f 2601/2601/2601 2600/2600/2600 2599/2599/2599
f 2602/2602/2602 2601/2601/2601 2599/2599/2599
f 2602/2602/2602 2599/2599/2599 2603/2603/2603
f 2604/2604/2604 2601/2601/2601 2602/2602/2602
f 2605/2605/2605 2602/2602/2602 2603/2603/2603
f 2605/2605/2605 2603/2603/2603 2606/2606/2606
f 2607/2607/2607 2605/2605/2605 2606/2606/2606
f 2608/2608/2608 2604/2604/2604 2602/2602/2602
f 2608/2608/2608 2602/2602/2602 2605/2605/2605
f 2609/2609/2609 2608/2608/2608 2605/2605/2605
f 2610/2610/2610 2604/2604/2604 2608/2608/2608
f 2611/2611/2611 2610/2610/2610 2608/2608/2608
f 2614/2614/2614 2613/2613/2613 2612/2612/2612
f 2615/2615/2615 2614/2614/2614 2612/2612/2612
f 2618/2618/2618 2617/2617/2617 2616/2616/2616
f 2619/2619/2619 2618/2618/2618 2616/2616/2616
f 2619/2619/2619 2616/2616/2616 2620/2620/2620
f 2621/2621/2621 2618/2618/2618 2619/2619/2619
f 2622/2622/2622 2619/2619/2619 2620/2620/2620
f 2623/2623/2623 2621/2621/2621 2619/2619/2619
f 2623/2623/2623 2619/2619/2619 2622/2622/2622
f 2624/2624/2624 2621/2621/2621 2623/2623/2623
f 2625/2625/2625 2623/2623/2623 2622/2622/2622
f 2626/2626/2626 2624/2624/2624 2623/2623/2623
f 2626/2626/2626 2623/2623/2623 2625/2625/2625
f 2627/2627/2627 2626/2626/2626 2625/2625/2625
f 2630/2630/2630 2629/2629/2629 2628/2628/2628
f 2631/2631/2631 2630/2630/2630 2628/2628/2628
f 2631/2631/2631 2628/2628/2628 2632/2632/2632
f 2632/2632/2632 2628/2628/2628 2633/2633/2633
f 2628/2628/2628 2634/2634/2634 2633/2633/2633
f 2632/2632/2632 2633/2633/2633 2635/2635/2635
f 2636/2636/2636 2632/2632/2632 2635/2635/2635
f 2637/2637/2637 2631/2631/2631 2632/2632/2632
f 2637/2637/2637 2632/2632/2632 2636/2636/2636
f 2638/2638/2638 2631/2631/2631 2637/2637/2637
f 2639/2639/2639 2637/2637/2637 2636/2636/2636
f 2640/2640/2640 2638/2638/2638 2637/2637/2637
f 2640/2640/2640 2637/2637/2637 2639/2639/2639
f 2641/2641/2641 2638/2638/2638 2640/2640/2640
f 2642/2642/2642 2640/2640/2640 2639/2639/2639
f 2643/2643/2643 2641/2641/2641 2640/2640/2640
f 2643/2643/2643 2640/2640/2640 2642/2642/2642
f 2644/2644/2644 2643/2643/2643 2642/2642/2642
f 2645/2645/2645 2641/2641/2641 2643/2643/2643
f 2646/2646/2646 2645/2645/2645 2643/2643/2643
f 2649/2649/2649 2648/2648/2648 2647/2647/2647
f 2649/2649/2649 2650/2650/2650 2648/2648/2648
f 2650/2650/2650 2651/2651/2651 2648/2648/2648
f 2654/2654/2654 2653/2653/2653 2652/2652/2652
f 2655/2655/2655 2653/2653/2653 2654/2654/2654
f 2656/2656/2656 2655/2655/2655 2654/2654/2654
f 2655/2655/2655 2657/2657/2657 2653/2653/2653
f 2657/2657/2657 2658/2658/2658 2653/2653/2653
f 2659/2659/2659 2655/2655/2655 2656/2656/2656
f 2660/2660/2660 2659/2659/2659 2656/2656/2656
f 2661/2661/2661 2659/2659/2659 2660/2660/2660
f 2662/2662/2662 2661/2661/2661 2660/2660/2660
f 2661/2661/2661 2663/2663/2663 2659/2659/2659
f 2659/2659/2659 2664/2664/2664 2655/2655/2655
f 2663/2663/2663 2664/2664/2664 2659/2659/2659
f 2664/2664/2664 2657/2657/2657 2655/2655/2655
f 2663/2663/2663 2665/2665/2665 2664/2664/2664
f 2665/2665/2665 2666/2666/2666 2664/2664/2664
f 2664/2664/2664 2666/2666/2666 2657/2657/2657
f 2665/2665/2665 2667/2667/2667 2666/2666/2666
f 2667/2667/2667 2668/2668/2668 2666/2666/2666
f 2657/2657/2657 2669/2669/2669 2658/2658/2658
f 2666/2666/2666 2669/2669/2669 2657/2657/2657
f 2666/2666/2666 2668/2668/2668 2669/2669/2669
f 2669/2669/2669 2670/2670/2670 2658/2658/2658
f 2668/2668/2668 2671/2671/2671 2669/2669/2669
f 2674/2674/2674 2673/2673/2673 2672/2672/2672
f 2675/2675/2675 2674/2674/2674 2672/2672/2672
f 2676/2676/2676 2674/2674/2674 2675/2675/2675
f 2677/2677/2677 2676/2676/2676 2675/2675/2675
f 2677/2677/2677 2675/2675/2675 2678/2678/2678
f 2679/2679/2679 2676/2676/2676 2677/2677/2677
f 2680/2680/2680 2677/2677/2677 2678/2678/2678
f 2680/2680/2680 2679/2679/2679 2677/2677/2677
f 2681/2681/2681 2680/2680/2680 2678/2678/2678
f 2682/2682/2682 2679/2679/2679 2680/2680/2680
f 2681/2681/2681 2682/2682/2682 2680/2680/2680
f 2683/2683/2683 2682/2682/2682 2681/2681/2681
f 2684/2684/2684 2683/2683/2683 2681/2681/2681
f 2683/2683/2683 2685/2685/2685 2682/2682/2682
f 2685/2685/2685 2686/2686/2686 2682/2682/2682
f 2687/2687/2687 2683/2683/2683 2684/2684/2684
f 2688/2688/2688 2687/2687/2687 2684/2684/2684
f 2691/2691/2691 2690/2690/2690 2689/2689/2689
f 2692/2692/2692 2691/2691/2691 2689/2689/2689
f 2692/2692/2692 2689/2689/2689 2693/2693/2693
f 2694/2694/2694 2692/2692/2692 2693/2693/2693
f 2695/2695/2695 2691/2691/2691 2692/2692/2692
f 2696/2696/2696 2695/2695/2695 2692/2692/2692
f 2699/2699/2699 2698/2698/2698 2697/2697/2697
f 2700/2700/2700 2699/2699/2699 2697/2697/2697
f 2697/2697/2697 2698/2698/2698 2701/2701/2701
f 2702/2702/2702 2699/2699/2699 2700/2700/2700
f 2698/2698/2698 2703/2703/2703 2701/2701/2701
f 2704/2704/2704 2702/2702/2702 2700/2700/2700
f 2701/2701/2701 2703/2703/2703 2705/2705/2705
f 2706/2706/2706 2702/2702/2702 2704/2704/2704
f 2703/2703/2703 2707/2707/2707 2705/2705/2705
f 2708/2708/2708 2706/2706/2706 2704/2704/2704
f 2705/2705/2705 2707/2707/2707 2709/2709/2709
f 2710/2710/2710 2706/2706/2706 2708/2708/2708
f 2707/2707/2707 2711/2711/2711 2709/2709/2709
f 2712/2712/2712 2710/2710/2710 2708/2708/2708
f 2709/2709/2709 2711/2711/2711 2713/2713/2713
f 2714/2714/2714 2710/2710/2710 2712/2712/2712
f 2711/2711/2711 2715/2715/2715 2713/2713/2713
f 2716/2716/2716 2714/2714/2714 2712/2712/2712
f 2713/2713/2713 2715/2715/2715 2717/2717/2717
f 2718/2718/2718 2714/2714/2714 2716/2716/2716
f 2715/2715/2715 2719/2719/2719 2717/2717/2717
f 2720/2720/2720 2718/2718/2718 2716/2716/2716
f 2717/2717/2717 2719/2719/2719 2721/2721/2721
f 2722/2722/2722 2718/2718/2718 2720/2720/2720
f 2719/2719/2719 2723/2723/2723 2721/2721/2721
f 2724/2724/2724 2722/2722/2722 2720/2720/2720
f 2721/2721/2721 2723/2723/2723 2725/2725/2725
f 2726/2726/2726 2722/2722/2722 2724/2724/2724
f 2723/2723/2723 2727/2727/2727 2725/2725/2725
f 2728/2728/2728 2726/2726/2726 2724/2724/2724
f 2725/2725/2725 2727/2727/2727 2729/2729/2729
f 2730/2730/2730 2726/2726/2726 2728/2728/2728
f 2727/2727/2727 2731/2731/2731 2729/2729/2729
f 2732/2732/2732 2730/2730/2730 2728/2728/2728
f 2729/2729/2729 2731/2731/2731 2733/2733/2733
f 2734/2734/2734 2730/2730/2730 2732/2732/2732
f 2731/2731/2731 2735/2735/2735 2733/2733/2733
f 2736/2736/2736 2734/2734/2734 2732/2732/2732
f 2733/2733/2733 2735/2735/2735 2736/2736/2736
f 2735/2735/2735 2734/2734/2734 2736/2736/2736
f 2739/2739/2739 2738/2738/2738 2737/2737/2737
f 2740/2740/2740 2739/2739/2739 2737/2737/2737
f 2737/2737/2737 2738/2738/2738 2741/2741/2741
f 2742/2742/2742 2739/2739/2739 2740/2740/2740
f 2738/2738/2738 2743/2743/2743 2741/2741/2741
f 2744/2744/2744 2742/2742/2742 2740/2740/2740
f 2741/2741/2741 2743/2743/2743 2745/2745/2745
f 2746/2746/2746 2742/2742/2742 2744/2744/2744
f 2743/2743/2743 2747/2747/2747 2745/2745/2745
f 2748/2748/2748 2746/2746/2746 2744/2744/2744
f 2745/2745/2745 2747/2747/2747 2749/2749/2749
f 2750/2750/2750 2746/2746/2746 2748/2748/2748
f 2747/2747/2747 2751/2751/2751 2749/2749/2749
f 2752/2752/2752 2750/2750/2750 2748/2748/2748
f 2749/2749/2749 2751/2751/2751 2753/2753/2753
f 2754/2754/2754 2750/2750/2750 2752/2752/2752
f 2751/2751/2751 2755/2755/2755 2753/2753/2753
f 2756/2756/2756 2754/2754/2754 2752/2752/2752
f 2753/2753/2753 2755/2755/2755 2757/2757/2757
f 2758/2758/2758 2754/2754/2754 2756/2756/2756
f 2755/2755/2755 2759/2759/2759 2757/2757/2757
f 2760/2760/2760 2758/2758/2758 2756/2756/2756
f 2757/2757/2757 2759/2759/2759 2761/2761/2761
f 2762/2762/2762 2758/2758/2758 2760/2760/2760
f 2759/2759/2759 2763/2763/2763 2761/2761/2761
f 2764/2764/2764 2762/2762/2762 2760/2760/2760
f 2761/2761/2761 2763/2763/2763 2765/2765/2765
f 2766/2766/2766 2762/2762/2762 2764/2764/2764
f 2763/2763/2763 2767/2767/2767 2765/2765/2765
f 2768/2768/2768 2766/2766/2766 2764/2764/2764
f 2765/2765/2765 2767/2767/2767 2769/2769/2769
f 2770/2770/2770 2766/2766/2766 2768/2768/2768
f 2767/2767/2767 2771/2771/2771 2769/2769/2769
f 2772/2772/2772 2770/2770/2770 2768/2768/2768
f 2769/2769/2769 2771/2771/2771 2773/2773/2773
f 2774/2774/2774 2770/2770/2770 2772/2772/2772
f 2771/2771/2771 2775/2775/2775 2773/2773/2773
f 2776/2776/2776 2774/2774/2774 2772/2772/2772
f 2773/2773/2773 2775/2775/2775 2776/2776/2776
f 2775/2775/2775 2774/2774/2774 2776/2776/2776
f 2779/2779/2779 2778/2778/2778 2777/2777/2777
f 2780/2780/2780 2779/2779/2779 2777/2777/2777
f 2777/2777/2777 2778/2778/2778 2781/2781/2781
f 2782/2782/2782 2779/2779/2779 2780/2780/2780
f 2778/2778/2778 2783/2783/2783 2781/2781/2781
f 2784/2784/2784 2782/2782/2782 2780/2780/2780
f 2781/2781/2781 2783/2783/2783 2785/2785/2785
f 2786/2786/2786 2782/2782/2782 2784/2784/2784
f 2783/2783/2783 2787/2787/2787 2785/2785/2785
f 2788/2788/2788 2786/2786/2786 2784/2784/2784
f 2785/2785/2785 2787/2787/2787 2789/2789/2789
f 2790/2790/2790 2786/2786/2786 2788/2788/2788
f 2787/2787/2787 2791/2791/2791 2789/2789/2789
f 2792/2792/2792 2790/2790/2790 2788/2788/2788
f 2789/2789/2789 2791/2791/2791 2793/2793/2793
f 2794/2794/2794 2790/2790/2790 2792/2792/2792
f 2791/2791/2791 2795/2795/2795 2793/2793/2793
f 2796/2796/2796 2794/2794/2794 2792/2792/2792
f 2793/2793/2793 2795/2795/2795 2797/2797/2797
f 2798/2798/2798 2794/2794/2794 2796/2796/2796
f 2795/2795/2795 2799/2799/2799 2797/2797/2797
f 2800/2800/2800 2798/2798/2798 2796/2796/2796
f 2797/2797/2797 2799/2799/2799 2801/2801/2801
f 2802/2802/2802 2798/2798/2798 2800/2800/2800
f 2799/2799/2799 2803/2803/2803 2801/2801/2801
f 2804/2804/2804 2802/2802/2802 2800/2800/2800
f 2801/2801/2801 2803/2803/2803 2805/2805/2805
f 2806/2806/2806 2802/2802/2802 2804/2804/2804
f 2803/2803/2803 2807/2807/2807 2805/2805/2805
f 2808/2808/2808 2806/2806/2806 2804/2804/2804
f 2805/2805/2805 2807/2807/2807 2809/2809/2809
f 2810/2810/2810 2806/2806/2806 2808/2808/2808
f 2807/2807/2807 2811/2811/2811 2809/2809/2809
f 2812/2812/2812 2810/2810/2810 2808/2808/2808
f 2809/2809/2809 2811/2811/2811 2813/2813/2813
f 2814/2814/2814 2810/2810/2810 2812/2812/2812
f 2811/2811/2811 2815/2815/2815 2813/2813/2813
f 2816/2816/2816 2814/2814/2814 2812/2812/2812
f 2813/2813/2813 2815/2815/2815 2816/2816/2816
f 2815/2815/2815 2814/2814/2814 2816/2816/2816
