mtllib SaltShaker_001_57b6b69d.mtl
g SaltShaker.001_57b6b69d
v -0.53921 1.62388 -3.41852
v -0.5492 1.62641 -3.42017
v -0.5492 1.62388 -3.4201
v -0.53919 1.62641 -3.41859
v -0.5302 1.62388 -3.41393
v -0.53016 1.62641 -3.41399
v -0.5492 1.65752 -3.42108
v -0.53891 1.65752 -3.41945
v -0.52963 1.65752 -3.41472
v -0.5492 1.69531 -3.41527
v -0.55769 1.69531 -3.41393
v -0.5407 1.69531 -3.41393
v -0.53304 1.69531 -3.41002
v -0.5408 1.736 -3.41362
v -0.53323 1.736 -3.40976
v -0.5492 1.736 -3.41495
v -0.5412 1.73901 -3.41241
v -0.53398 1.73901 -3.40873
v -0.5492 1.73901 -3.41368
v -0.55719 1.73901 -3.41241
v -0.55759 1.736 -3.41362
v -0.56441 1.73901 -3.40873
v -0.56516 1.736 -3.40976
v -0.56535 1.69531 -3.41002
v -0.55918 1.62388 -3.41852
v -0.56823 1.62641 -3.41399
v -0.56819 1.62388 -3.41393
v -0.5592 1.62641 -3.41859
v -0.5492 1.62388 -3.4201
v -0.56876 1.65752 -3.41472
v -0.5492 1.62641 -3.42017
v -0.55948 1.65752 -3.41945
v -0.56535 1.69531 -3.41002
v -0.5492 1.65752 -3.42108
v -0.55769 1.69531 -3.41393
v -0.52963 1.65752 -3.36086
v -0.52696 1.69531 -3.37164
v -0.52227 1.65752 -3.36823
v -0.53016 1.62641 -3.36159
v -0.523 1.62641 -3.36876
v -0.5302 1.62388 -3.36165
v -0.52306 1.62388 -3.3688
v -0.52963 1.65752 -3.36086
v -0.53304 1.69531 -3.36556
v -0.52696 1.69531 -3.37164
v -0.52722 1.736 -3.37183
v -0.52337 1.736 -3.3794
v -0.52458 1.73901 -3.37979
v -0.52825 1.73901 -3.37257
v -0.52331 1.73901 -3.38779
v -0.52306 1.69531 -3.3793
v -0.52227 1.65752 -3.36823
v -0.52204 1.736 -3.38779
v -0.52458 1.73901 -3.39579
v -0.52337 1.736 -3.39618
v -0.52171 1.69531 -3.38779
v -0.52306 1.69531 -3.39628
v -0.51754 1.65752 -3.37751
v -0.523 1.62641 -3.36876
v -0.51591 1.65752 -3.38779
v -0.51754 1.65752 -3.39808
v -0.5184 1.62641 -3.37778
v -0.52306 1.62388 -3.3688
v -0.51847 1.62388 -3.37781
v -0.51681 1.62641 -3.38779
v -0.5184 1.62641 -3.3978
v -0.51688 1.62388 -3.38779
v -0.51847 1.62388 -3.39777
v -0.5592 1.62641 -3.35699
v -0.55948 1.65752 -3.35614
v -0.5492 1.65752 -3.35451
v -0.5492 1.69531 -3.36031
v -0.5407 1.69531 -3.36165
v -0.55769 1.69531 -3.36165
v -0.56876 1.65752 -3.36086
v -0.5492 1.736 -3.36063
v -0.5408 1.736 -3.36196
v -0.5412 1.73901 -3.36317
v -0.53398 1.73901 -3.36685
v -0.53323 1.736 -3.36582
v -0.53304 1.69531 -3.36556
v -0.53891 1.65752 -3.35614
v -0.52963 1.65752 -3.36086
v -0.53919 1.62641 -3.35699
v -0.53016 1.62641 -3.36159
v -0.53921 1.62388 -3.35706
v -0.5302 1.62388 -3.36165
v -0.5492 1.65752 -3.35451
v -0.5407 1.69531 -3.36165
v -0.53891 1.65752 -3.35614
v -0.5492 1.62641 -3.35541
v -0.53919 1.62641 -3.35699
v -0.5592 1.62641 -3.35699
v -0.5492 1.62388 -3.35548
v -0.53921 1.62388 -3.35706
v -0.55918 1.62388 -3.35706
v -0.56819 1.62388 -3.36165
v -0.56823 1.62641 -3.36159
v -0.55948 1.65752 -3.35614
v -0.56876 1.65752 -3.36086
v -0.56535 1.69531 -3.36556
v -0.55769 1.69531 -3.36165
v -0.55759 1.736 -3.36196
v -0.56516 1.736 -3.36582
v -0.5492 1.736 -3.36063
v -0.55719 1.73901 -3.36317
v -0.56441 1.73901 -3.36685
v -0.5492 1.73901 -3.3619
v -0.5412 1.73901 -3.36317
v -0.52306 1.62388 -3.40678
v -0.53016 1.62641 -3.41399
v -0.5302 1.62388 -3.41393
v -0.523 1.62641 -3.40683
v -0.51847 1.62388 -3.39777
v -0.52963 1.65752 -3.41472
v -0.5184 1.62641 -3.3978
v -0.52227 1.65752 -3.40735
v -0.53304 1.69531 -3.41002
v -0.51754 1.65752 -3.39808
v -0.52696 1.69531 -3.40394
v -0.53323 1.736 -3.40976
v -0.52306 1.69531 -3.39628
v -0.52722 1.736 -3.40375
v -0.53398 1.73901 -3.40873
v -0.52337 1.736 -3.39618
v -0.52825 1.73901 -3.40301
v -0.52458 1.73901 -3.39579
v -0.57533 1.62388 -3.40678
v -0.57999 1.62641 -3.3978
v -0.57992 1.62388 -3.39777
v -0.57539 1.62641 -3.40683
v -0.56819 1.62388 -3.41393
v -0.56823 1.62641 -3.41399
v -0.58085 1.65752 -3.39808
v -0.57612 1.65752 -3.40736
v -0.56876 1.65752 -3.41472
v -0.57143 1.69531 -3.40394
v -0.56535 1.69531 -3.41002
v -0.57533 1.69531 -3.39628
v -0.57117 1.736 -3.40375
v -0.56516 1.736 -3.40976
v -0.57014 1.73901 -3.40301
v -0.56441 1.73901 -3.40873
v -0.57502 1.736 -3.39618
v -0.57635 1.736 -3.38779
v -0.57668 1.69531 -3.38779
v -0.58248 1.65752 -3.38779
v -0.57999 1.62641 -3.3978
v -0.58085 1.65752 -3.39808
v -0.58248 1.65752 -3.38779
v -0.58158 1.62641 -3.38779
v -0.57992 1.62388 -3.39777
v -0.58151 1.62388 -3.38779
v -0.57999 1.62641 -3.37778
v -0.57992 1.62388 -3.37781
v -0.58085 1.65752 -3.37751
v -0.57539 1.62641 -3.36876
v -0.57533 1.62388 -3.3688
v -0.56823 1.62641 -3.36159
v -0.56819 1.62388 -3.36165
v -0.56876 1.65752 -3.36086
v -0.57612 1.65752 -3.36823
v -0.56535 1.69531 -3.36556
v -0.57143 1.69531 -3.37164
v -0.56516 1.736 -3.36582
v -0.57533 1.69531 -3.3793
v -0.57668 1.69531 -3.38779
v -0.57117 1.736 -3.37183
v -0.56441 1.73901 -3.36685
v -0.57014 1.73901 -3.37258
v -0.57502 1.736 -3.3794
v -0.57381 1.73901 -3.37979
v -0.57635 1.736 -3.38779
v -0.57508 1.73901 -3.38779
v -0.57502 1.736 -3.39618
v -0.57381 1.73901 -3.39579
v -0.57117 1.736 -3.40375
v -0.57014 1.73901 -3.40301
v -0.53304 1.69531 -3.36556
v -0.53323 1.736 -3.36582
v -0.52722 1.736 -3.37183
v -0.52825 1.73901 -3.37257
v -0.53398 1.73901 -3.36685
v -0.5492 1.62657 -3.41455
v -0.55746 1.62657 -3.41324
v -0.55774 1.65718 -3.41408
v -0.5492 1.65718 -3.41544
v -0.55595 1.69486 -3.40858
v -0.5492 1.69486 -3.40965
v -0.55585 1.73486 -3.40828
v -0.5492 1.73486 -3.40933
v -0.55559 1.73683 -3.40749
v -0.5492 1.73683 -3.4085
v -0.54254 1.73486 -3.40828
v -0.5428 1.73683 -3.40749
v -0.54244 1.69486 -3.40858
v -0.53653 1.73486 -3.40522
v -0.53702 1.73683 -3.40455
v -0.53635 1.69486 -3.40547
v -0.53295 1.65718 -3.41016
v -0.54065 1.65718 -3.41408
v -0.53347 1.62657 -3.40944
v -0.54093 1.62657 -3.41324
v -0.53351 1.62405 -3.40938
v -0.54095 1.62405 -3.41317
v -0.5492 1.62405 -3.41448
v -0.5492 1.62405 -3.41448
v -0.55746 1.62657 -3.41324
v -0.5492 1.62657 -3.41455
v -0.55744 1.62405 -3.41317
v -0.56492 1.62657 -3.40944
v -0.56488 1.62405 -3.40938
v -0.56544 1.65718 -3.41016
v -0.55774 1.65718 -3.41408
v -0.56204 1.69486 -3.40547
v -0.55595 1.69486 -3.40858
v -0.56186 1.73486 -3.40522
v -0.55585 1.73486 -3.40828
v -0.56137 1.73683 -3.40455
v -0.55559 1.73683 -3.40749
v -0.52375 1.62657 -3.39606
v -0.52683 1.65718 -3.40404
v -0.5229 1.65718 -3.39633
v -0.52244 1.62657 -3.38779
v -0.52251 1.62405 -3.38779
v -0.52382 1.62405 -3.39604
v -0.52382 1.62405 -3.37954
v -0.52155 1.65718 -3.38779
v -0.52841 1.69486 -3.39455
v -0.52375 1.62657 -3.37952
v -0.52761 1.62405 -3.37211
v -0.52734 1.69486 -3.38779
v -0.52871 1.73486 -3.39445
v -0.52755 1.62657 -3.37206
v -0.53351 1.62405 -3.3662
v -0.53347 1.62657 -3.36614
v -0.5229 1.65718 -3.37925
v -0.52683 1.65718 -3.37154
v -0.53295 1.65718 -3.36543
v -0.53151 1.69486 -3.37494
v -0.52841 1.69486 -3.38104
v -0.52766 1.73486 -3.38779
v -0.5295 1.73683 -3.39419
v -0.52871 1.73486 -3.38113
v -0.52849 1.73683 -3.38779
v -0.5295 1.73683 -3.38139
v -0.53295 1.65718 -3.36543
v -0.53151 1.69486 -3.37494
v -0.53635 1.69486 -3.37011
v -0.53177 1.73486 -3.37513
v -0.53653 1.73486 -3.37036
v -0.52871 1.73486 -3.38113
v -0.52841 1.69486 -3.38104
v -0.5295 1.73683 -3.38139
v -0.53244 1.73683 -3.37562
v -0.53702 1.73683 -3.37104
v -0.55746 1.62657 -3.36234
v -0.5492 1.65718 -3.36015
v -0.55774 1.65718 -3.3615
v -0.5492 1.69486 -3.36593
v -0.55595 1.69486 -3.367
v -0.54244 1.69486 -3.367
v -0.54065 1.65718 -3.3615
v -0.5492 1.73486 -3.36625
v -0.55585 1.73486 -3.36731
v -0.5492 1.73683 -3.36708
v -0.55559 1.73683 -3.36809
v -0.5428 1.73683 -3.36809
v -0.54254 1.73486 -3.36731
v -0.53702 1.73683 -3.37104
v -0.53653 1.73486 -3.37036
v -0.53635 1.69486 -3.37011
v -0.53295 1.65718 -3.36543
v -0.54093 1.62657 -3.36234
v -0.5492 1.62657 -3.36103
v -0.53347 1.62657 -3.36614
v -0.5492 1.62405 -3.36111
v -0.55744 1.62405 -3.36241
v -0.54095 1.62405 -3.36241
v -0.53351 1.62405 -3.3662
v -0.5492 1.62657 -3.36103
v -0.54065 1.65718 -3.3615
v -0.5492 1.65718 -3.36015
v -0.55746 1.62657 -3.36234
v -0.55744 1.62405 -3.36241
v -0.56488 1.62405 -3.3662
v -0.56492 1.62657 -3.36614
v -0.55774 1.65718 -3.3615
v -0.56544 1.65718 -3.36543
v -0.55595 1.69486 -3.367
v -0.56204 1.69486 -3.37011
v -0.55585 1.73486 -3.36731
v -0.56186 1.73486 -3.37036
v -0.55559 1.73683 -3.36809
v -0.56137 1.73683 -3.37104
v -0.52761 1.62405 -3.40348
v -0.53351 1.62405 -3.40938
v -0.53347 1.62657 -3.40944
v -0.52755 1.62657 -3.40352
v -0.52382 1.62405 -3.39604
v -0.52375 1.62657 -3.39606
v -0.53295 1.65718 -3.41016
v -0.52683 1.65718 -3.40404
v -0.53635 1.69486 -3.40547
v -0.53151 1.69486 -3.40064
v -0.5229 1.65718 -3.39633
v -0.53653 1.73486 -3.40522
v -0.52841 1.69486 -3.39455
v -0.53177 1.73486 -3.40045
v -0.53702 1.73683 -3.40455
v -0.52871 1.73486 -3.39445
v -0.53244 1.73683 -3.39996
v -0.5295 1.73683 -3.39419
v -0.57078 1.62405 -3.37211
v -0.56488 1.62405 -3.3662
v -0.56492 1.62657 -3.36614
v -0.57084 1.62657 -3.37206
v -0.57457 1.62405 -3.37954
v -0.56544 1.65718 -3.36543
v -0.57464 1.62657 -3.37952
v -0.57588 1.62405 -3.38779
v -0.57595 1.62657 -3.38779
v -0.57156 1.65718 -3.37154
v -0.56204 1.69486 -3.37011
v -0.57549 1.65718 -3.37925
v -0.57684 1.65718 -3.38779
v -0.56688 1.69486 -3.37494
v -0.56186 1.73486 -3.37036
v -0.56998 1.69486 -3.38104
v -0.57105 1.69486 -3.38779
v -0.56662 1.73486 -3.37513
v -0.56137 1.73683 -3.37104
v -0.56595 1.73683 -3.37562
v -0.56968 1.73486 -3.38113
v -0.57073 1.73486 -3.38779
v -0.56889 1.73683 -3.38139
v -0.5699 1.73683 -3.38779
v -0.57457 1.62405 -3.39604
v -0.57588 1.62405 -3.38779
v -0.57595 1.62657 -3.38779
v -0.57464 1.62657 -3.39606
v -0.57078 1.62405 -3.40348
v -0.57684 1.65718 -3.38779
v -0.57084 1.62657 -3.40352
v -0.56488 1.62405 -3.40938
v -0.56492 1.62657 -3.40944
v -0.57549 1.65718 -3.39633
v -0.57105 1.69486 -3.38779
v -0.57156 1.65718 -3.40404
v -0.56544 1.65718 -3.41016
v -0.56998 1.69486 -3.39455
v -0.57073 1.73486 -3.38779
v -0.56688 1.69486 -3.40064
v -0.56204 1.69486 -3.40547
v -0.56968 1.73486 -3.39445
v -0.5699 1.73683 -3.38779
v -0.56889 1.73683 -3.39419
v -0.56662 1.73486 -3.40045
v -0.56186 1.73486 -3.40522
v -0.56595 1.73683 -3.39996
v -0.56137 1.73683 -3.40455
v -0.57059 1.61911 -3.41724
v -0.56044 1.62077 -3.42241
v -0.57059 1.62077 -3.41724
v -0.52362 1.7414 -3.40637
v -0.52945 1.74538 -3.41497
v -0.53062 1.7414 -3.41336
v -0.54253 1.7747 -3.39264
v -0.54537 1.77785 -3.39305
v -0.54435 1.7747 -3.39446
v -0.5492 1.62077 -3.42419
v -0.53829 1.62313 -3.42134
v -0.5492 1.62313 -3.42307
v -0.53795 1.62077 -3.42241
v -0.52846 1.62313 -3.41633
v -0.5278 1.62077 -3.41724
v -0.53795 1.61911 -3.42241
v -0.5278 1.61911 -3.41724
v -0.53795 1.59142 -3.42241
v -0.5278 1.59142 -3.41724
v -0.53795 1.58822 -3.42241
v -0.5278 1.58822 -3.41724
v -0.5278 1.62077 -3.41724
v -0.52065 1.62313 -3.40853
v -0.52846 1.62313 -3.41633
v -0.51975 1.62077 -3.40918
v -0.5278 1.61911 -3.41724
v -0.51564 1.62313 -3.39869
v -0.51975 1.61911 -3.40918
v -0.5278 1.59142 -3.41724
v -0.51458 1.62077 -3.39904
v -0.51392 1.62313 -3.38779
v -0.5128 1.62077 -3.38779
v -0.51458 1.61911 -3.39904
v -0.5128 1.61911 -3.38779
v -0.51458 1.59142 -3.39904
v -0.51975 1.59142 -3.40918
v -0.5278 1.58822 -3.41724
v -0.51975 1.58822 -3.40918
v -0.51458 1.58822 -3.39904
v -0.5128 1.62077 -3.38779
v -0.51564 1.62313 -3.37689
v -0.51392 1.62313 -3.38779
v -0.51458 1.62077 -3.37654
v -0.52065 1.62313 -3.36705
v -0.5128 1.61911 -3.38779
v -0.51975 1.62077 -3.3664
v -0.52846 1.62313 -3.35925
v -0.5278 1.62077 -3.35834
v -0.51458 1.61911 -3.37654
v -0.51975 1.61911 -3.3664
v -0.5278 1.61911 -3.35834
v -0.5128 1.59142 -3.38779
v -0.51458 1.59142 -3.39904
v -0.51458 1.58822 -3.39904
v -0.5128 1.58822 -3.38779
v -0.51458 1.59142 -3.37654
v -0.51458 1.58822 -3.37654
v -0.51975 1.59142 -3.3664
v -0.5278 1.59142 -3.35834
v -0.51975 1.58822 -3.3664
v -0.5278 1.58822 -3.35834
v -0.5278 1.62077 -3.35834
v -0.53829 1.62313 -3.35424
v -0.52846 1.62313 -3.35925
v -0.53795 1.62077 -3.35317
v -0.5278 1.61911 -3.35834
v -0.5492 1.62313 -3.35251
v -0.53795 1.61911 -3.35317
v -0.5278 1.59142 -3.35834
v -0.5492 1.62077 -3.35139
v -0.5601 1.62313 -3.35424
v -0.56044 1.62077 -3.35317
v -0.56993 1.62313 -3.35925
v -0.5492 1.61911 -3.35139
v -0.53795 1.59142 -3.35317
v -0.5278 1.58822 -3.35834
v -0.53795 1.58822 -3.35317
v -0.56044 1.62077 -3.35317
v -0.57059 1.62077 -3.35834
v -0.56993 1.62313 -3.35925
v -0.56044 1.61911 -3.35317
v -0.57059 1.61911 -3.35834
v -0.5492 1.61911 -3.35139
v -0.56044 1.59142 -3.35317
v -0.57059 1.59142 -3.35834
v -0.5492 1.59142 -3.35139
v -0.53795 1.59142 -3.35317
v -0.53795 1.58822 -3.35317
v -0.5492 1.58822 -3.35139
v -0.56044 1.58822 -3.35317
v -0.57059 1.58822 -3.35834
v -0.57059 1.62077 -3.35834
v -0.57774 1.62313 -3.36705
v -0.56993 1.62313 -3.35925
v -0.57864 1.62077 -3.3664
v -0.57059 1.61911 -3.35834
v -0.58275 1.62313 -3.37689
v -0.58381 1.62077 -3.37654
v -0.58447 1.62313 -3.38779
v -0.57864 1.61911 -3.3664
v -0.57059 1.59142 -3.35834
v -0.57864 1.59142 -3.3664
v -0.57059 1.58822 -3.35834
v -0.58381 1.61911 -3.37654
v -0.57864 1.58822 -3.3664
v -0.58381 1.59142 -3.37654
v -0.58381 1.58822 -3.37654
v -0.57864 1.61911 -3.3664
v -0.58381 1.61911 -3.37654
v -0.58381 1.62077 -3.37654
v -0.58559 1.62077 -3.38779
v -0.58447 1.62313 -3.38779
v -0.58275 1.62313 -3.39869
v -0.58559 1.61911 -3.38779
v -0.58381 1.59142 -3.37654
v -0.58381 1.62077 -3.39904
v -0.57774 1.62313 -3.40853
v -0.58559 1.59142 -3.38779
v -0.58381 1.58822 -3.37654
v -0.58559 1.58822 -3.38779
v -0.57864 1.62077 -3.40918
v -0.56993 1.62313 -3.41633
v -0.57059 1.62077 -3.41724
v -0.58381 1.61911 -3.39904
v -0.58381 1.59142 -3.39904
v -0.58381 1.58822 -3.39904
v -0.57864 1.61911 -3.40918
v -0.57059 1.61911 -3.41724
v -0.57059 1.62077 -3.41724
v -0.5601 1.62313 -3.42134
v -0.56993 1.62313 -3.41633
v -0.56044 1.62077 -3.42241
v -0.5492 1.62313 -3.42307
v -0.5492 1.62077 -3.42419
v -0.56044 1.61911 -3.42241
v -0.57059 1.61911 -3.41724
v -0.57059 1.59142 -3.41724
v -0.5492 1.61911 -3.42419
v -0.53795 1.62077 -3.42241
v -0.53795 1.61911 -3.42241
v -0.56044 1.59142 -3.42241
v -0.57059 1.58822 -3.41724
v -0.56044 1.58822 -3.42241
v -0.5492 1.59142 -3.42419
v -0.53795 1.59142 -3.42241
v -0.5492 1.58822 -3.42419
v -0.53795 1.58822 -3.42241
v -0.52846 1.62313 -3.41633
v -0.5302 1.62388 -3.41393
v -0.53921 1.62388 -3.41852
v -0.53829 1.62313 -3.42134
v -0.5492 1.62388 -3.4201
v -0.5492 1.62313 -3.42307
v -0.55918 1.62388 -3.41852
v -0.5601 1.62313 -3.42134
v -0.56819 1.62388 -3.41393
v -0.56993 1.62313 -3.41633
v -0.57533 1.62388 -3.40678
v -0.57774 1.62313 -3.40853
v -0.57992 1.62388 -3.39777
v -0.58275 1.62313 -3.39869
v -0.58151 1.62388 -3.38779
v -0.58447 1.62313 -3.38779
v -0.57992 1.62388 -3.37781
v -0.58275 1.62313 -3.37689
v -0.57533 1.62388 -3.3688
v -0.57774 1.62313 -3.36705
v -0.56819 1.62388 -3.36165
v -0.56993 1.62313 -3.35925
v -0.55918 1.62388 -3.35706
v -0.5601 1.62313 -3.35424
v -0.5492 1.62388 -3.35548
v -0.5492 1.62313 -3.35251
v -0.53921 1.62388 -3.35706
v -0.53829 1.62313 -3.35424
v -0.5302 1.62388 -3.36165
v -0.52846 1.62313 -3.35925
v -0.52306 1.62388 -3.3688
v -0.52065 1.62313 -3.36705
v -0.51847 1.62388 -3.37781
v -0.51564 1.62313 -3.37689
v -0.51688 1.62388 -3.38779
v -0.51392 1.62313 -3.38779
v -0.51847 1.62388 -3.39777
v -0.51564 1.62313 -3.39869
v -0.52065 1.62313 -3.40853
v -0.5302 1.62388 -3.41393
v -0.52846 1.62313 -3.41633
v -0.52306 1.62388 -3.40678
v -0.51564 1.62313 -3.39869
v -0.51847 1.62388 -3.39777
v -0.57864 1.58822 -3.40918
v -0.57059 1.58822 -3.41724
v -0.57059 1.59142 -3.41724
v -0.57864 1.59142 -3.40918
v -0.58381 1.58822 -3.39904
v -0.57059 1.61911 -3.41724
v -0.58381 1.59142 -3.39904
v -0.57864 1.61911 -3.40918
v -0.5412 1.73901 -3.36317
v -0.53062 1.7414 -3.36222
v -0.53398 1.73901 -3.36685
v -0.52362 1.7414 -3.36921
v -0.52825 1.73901 -3.37257
v -0.51913 1.7414 -3.37802
v -0.52458 1.73901 -3.37979
v -0.51759 1.7414 -3.38779
v -0.52331 1.73901 -3.38779
v -0.51913 1.7414 -3.39756
v -0.52458 1.73901 -3.39579
v -0.52362 1.7414 -3.40637
v -0.52825 1.73901 -3.40301
v -0.5412 1.73901 -3.36317
v -0.53943 1.7414 -3.35773
v -0.53062 1.7414 -3.36222
v -0.5492 1.73901 -3.3619
v -0.5492 1.7414 -3.35618
v -0.55719 1.73901 -3.36317
v -0.55896 1.7414 -3.35773
v -0.56441 1.73901 -3.36685
v -0.56777 1.7414 -3.36222
v -0.55896 1.7414 -3.41785
v -0.56894 1.74538 -3.41497
v -0.56777 1.7414 -3.41336
v -0.55958 1.74538 -3.41974
v -0.5492 1.7414 -3.4194
v -0.5492 1.74538 -3.42138
v -0.56015 1.75132 -3.4215
v -0.53943 1.7414 -3.41785
v -0.5492 1.75132 -3.42323
v -0.53881 1.74538 -3.41974
v -0.53062 1.7414 -3.41336
v -0.53824 1.75132 -3.4215
v -0.52945 1.74538 -3.41497
v -0.52836 1.75132 -3.41646
v -0.55958 1.74538 -3.41974
v -0.57003 1.75132 -3.41646
v -0.56894 1.74538 -3.41497
v -0.56015 1.75132 -3.4215
v -0.56895 1.75841 -3.41498
v -0.53824 1.75132 -3.4215
v -0.5492 1.75841 -3.4214
v -0.5492 1.75132 -3.42323
v -0.55958 1.75841 -3.41975
v -0.56015 1.75132 -3.4215
v -0.56895 1.75841 -3.41498
v -0.5664 1.76506 -3.41147
v -0.55824 1.76506 -3.41563
v -0.5492 1.76506 -3.41706
v -0.53881 1.75841 -3.41975
v -0.54015 1.76506 -3.41563
v -0.53824 1.75132 -3.4215
v -0.53881 1.75841 -3.41975
v -0.5492 1.75841 -3.4214
v -0.52836 1.75132 -3.41646
v -0.52944 1.75841 -3.41498
v -0.54015 1.76506 -3.41563
v -0.53199 1.76506 -3.41147
v -0.57014 1.73901 -3.37258
v -0.56777 1.7414 -3.36222
v -0.56441 1.73901 -3.36685
v -0.57477 1.7414 -3.36921
v -0.57381 1.73901 -3.37979
v -0.57926 1.7414 -3.37802
v -0.57508 1.73901 -3.38779
v -0.5808 1.7414 -3.38779
v -0.57381 1.73901 -3.39579
v -0.57926 1.7414 -3.39756
v -0.57014 1.73901 -3.40301
v -0.57477 1.7414 -3.40637
v -0.56441 1.73901 -3.40873
v -0.56777 1.7414 -3.41336
v -0.55719 1.73901 -3.41241
v -0.55719 1.73901 -3.41241
v -0.55896 1.7414 -3.41785
v -0.56777 1.7414 -3.41336
v -0.5492 1.73901 -3.41368
v -0.5492 1.7414 -3.4194
v -0.5412 1.73901 -3.41241
v -0.53943 1.7414 -3.41785
v -0.53398 1.73901 -3.40873
v -0.53062 1.7414 -3.41336
v -0.52825 1.73901 -3.40301
v -0.52362 1.7414 -3.40637
v -0.57637 1.74538 -3.40754
v -0.5829 1.75132 -3.39874
v -0.58114 1.74538 -3.39817
v -0.57787 1.75132 -3.40862
v -0.56894 1.74538 -3.41497
v -0.57003 1.75132 -3.41646
v -0.57638 1.75841 -3.40754
v -0.56895 1.75841 -3.41498
v -0.58116 1.75841 -3.39818
v -0.5828 1.75841 -3.38779
v -0.58464 1.75132 -3.38779
v -0.57847 1.76506 -3.38779
v -0.57703 1.76506 -3.39684
v -0.57287 1.76506 -3.40499
v -0.57477 1.7414 -3.40637
v -0.57637 1.74538 -3.40754
v -0.58114 1.74538 -3.39817
v -0.57926 1.7414 -3.39756
v -0.58279 1.74538 -3.38779
v -0.5808 1.7414 -3.38779
v -0.58464 1.75132 -3.38779
v -0.5829 1.75132 -3.39874
v -0.58114 1.74538 -3.37741
v -0.57926 1.7414 -3.37802
v -0.5829 1.75132 -3.37684
v -0.58116 1.75841 -3.37741
v -0.5828 1.75841 -3.38779
v -0.57787 1.75132 -3.36696
v -0.57637 1.74538 -3.36805
v -0.57003 1.75132 -3.35912
v -0.57477 1.7414 -3.36921
v -0.56894 1.74538 -3.36061
v -0.56777 1.7414 -3.36222
v -0.57787 1.75132 -3.36696
v -0.56895 1.75841 -3.3606
v -0.57003 1.75132 -3.35912
v -0.57638 1.75841 -3.36804
v -0.5829 1.75132 -3.37684
v -0.5664 1.76506 -3.36411
v -0.58116 1.75841 -3.37741
v -0.57288 1.76506 -3.37059
v -0.57703 1.76506 -3.37875
v -0.5828 1.75841 -3.38779
v -0.57703 1.76506 -3.37875
v -0.58116 1.75841 -3.37741
v -0.57847 1.76506 -3.38779
v -0.52945 1.74538 -3.36061
v -0.52836 1.75132 -3.35912
v -0.52052 1.75132 -3.36696
v -0.52202 1.74538 -3.36805
v -0.53062 1.7414 -3.36222
v -0.51549 1.75132 -3.37684
v -0.52362 1.7414 -3.36921
v -0.51725 1.74538 -3.37741
v -0.51913 1.7414 -3.37802
v -0.51375 1.75132 -3.38779
v -0.5156 1.74538 -3.38779
v -0.51759 1.7414 -3.38779
v -0.51725 1.74538 -3.39817
v -0.51913 1.7414 -3.39756
v -0.51549 1.75132 -3.39874
v -0.51723 1.75841 -3.39818
v -0.51559 1.75841 -3.38779
v -0.52052 1.75132 -3.40862
v -0.52202 1.74538 -3.40754
v -0.52362 1.7414 -3.40637
v -0.52836 1.75132 -3.41646
v -0.52945 1.74538 -3.41497
v -0.51549 1.75132 -3.37684
v -0.51559 1.75841 -3.38779
v -0.51375 1.75132 -3.38779
v -0.51723 1.75841 -3.37741
v -0.52052 1.75132 -3.36696
v -0.51993 1.76506 -3.38779
v -0.52136 1.76506 -3.39684
v -0.52136 1.76506 -3.37875
v -0.52201 1.75841 -3.36804
v -0.52836 1.75132 -3.35912
v -0.52552 1.76506 -3.37059
v -0.52944 1.75841 -3.3606
v -0.53199 1.76506 -3.36411
v -0.51559 1.75841 -3.38779
v -0.52136 1.76506 -3.39684
v -0.51723 1.75841 -3.39818
v -0.52552 1.76506 -3.40499
v -0.52201 1.75841 -3.40754
v -0.51549 1.75132 -3.39874
v -0.53199 1.76506 -3.41147
v -0.52052 1.75132 -3.40862
v -0.52944 1.75841 -3.41498
v -0.52836 1.75132 -3.41646
v -0.53943 1.7414 -3.35773
v -0.52945 1.74538 -3.36061
v -0.53062 1.7414 -3.36222
v -0.53881 1.74538 -3.35584
v -0.52836 1.75132 -3.35912
v -0.5492 1.7414 -3.35618
v -0.53824 1.75132 -3.35408
v -0.5492 1.74538 -3.3542
v -0.5492 1.75132 -3.35235
v -0.55896 1.7414 -3.35773
v -0.55958 1.74538 -3.35584
v -0.56777 1.7414 -3.36222
v -0.53824 1.75132 -3.35408
v -0.52944 1.75841 -3.3606
v -0.52836 1.75132 -3.35912
v -0.53881 1.75841 -3.35583
v -0.53199 1.76506 -3.36411
v -0.54015 1.76506 -3.35995
v -0.5492 1.75132 -3.35235
v -0.53881 1.75841 -3.35583
v -0.53824 1.75132 -3.35408
v -0.5492 1.75841 -3.35418
v -0.54015 1.76506 -3.35995
v -0.5492 1.76506 -3.35852
v -0.56015 1.75132 -3.35408
v -0.55958 1.74538 -3.35584
v -0.55958 1.75841 -3.35583
v -0.55824 1.76506 -3.35995
v -0.56894 1.74538 -3.36061
v -0.56777 1.7414 -3.36222
v -0.57003 1.75132 -3.35912
v -0.56895 1.75841 -3.3606
v -0.5664 1.76506 -3.36411
v -0.56777 1.7414 -3.41336
v -0.56894 1.74538 -3.41497
v -0.57637 1.74538 -3.40754
v -0.57477 1.7414 -3.40637
v -0.56895 1.75841 -3.41498
v -0.57287 1.76506 -3.40499
v -0.57638 1.75841 -3.40754
v -0.5664 1.76506 -3.41147
v -0.52552 1.76506 -3.37059
v -0.53011 1.76978 -3.38159
v -0.52136 1.76506 -3.37875
v -0.52913 1.76978 -3.38779
v -0.51993 1.76506 -3.38779
v -0.53011 1.76978 -3.39399
v -0.52136 1.76506 -3.39684
v -0.53296 1.76978 -3.39959
v -0.52136 1.76506 -3.39684
v -0.53296 1.76978 -3.39959
v -0.52552 1.76506 -3.40499
v -0.5374 1.76978 -3.40403
v -0.53199 1.76506 -3.41147
v -0.54299 1.76978 -3.40688
v -0.54015 1.76506 -3.41563
v -0.5492 1.76978 -3.40786
v -0.5492 1.76506 -3.41706
v -0.5554 1.76978 -3.40688
v -0.55824 1.76506 -3.41563
v -0.56099 1.76978 -3.40403
v -0.5664 1.76506 -3.41147
v -0.56543 1.76978 -3.39959
v -0.57287 1.76506 -3.40499
v -0.56828 1.76978 -3.39399
v -0.57703 1.76506 -3.39684
v -0.56926 1.76978 -3.38779
v -0.57847 1.76506 -3.38779
v -0.56828 1.76978 -3.38159
v -0.57703 1.76506 -3.37875
v -0.56543 1.76978 -3.376
v -0.57288 1.76506 -3.37059
v -0.56099 1.76978 -3.37156
v -0.5664 1.76506 -3.36411
v -0.5554 1.76978 -3.36871
v -0.55824 1.76506 -3.35995
v -0.5492 1.76978 -3.36772
v -0.5492 1.76506 -3.35852
v -0.54299 1.76978 -3.36871
v -0.54015 1.76506 -3.35995
v -0.5374 1.76978 -3.37156
v -0.53199 1.76506 -3.36411
v -0.53296 1.76978 -3.376
v -0.52552 1.76506 -3.37059
v -0.53011 1.76978 -3.38159
v -0.55298 1.77102 -3.38258
v -0.5544 1.77102 -3.38401
v -0.55118 1.77102 -3.38167
v -0.5492 1.77102 -3.38136
v -0.55532 1.77102 -3.3858
v -0.54721 1.77102 -3.38167
v -0.55563 1.77102 -3.38779
v -0.54541 1.77102 -3.38258
v -0.55532 1.77102 -3.38978
v -0.54399 1.77102 -3.38401
v -0.5544 1.77102 -3.39157
v -0.54307 1.77102 -3.3858
v -0.55298 1.77102 -3.393
v -0.54276 1.77102 -3.38779
v -0.55118 1.77102 -3.39391
v -0.52913 1.76978 -3.38779
v -0.54307 1.77102 -3.38978
v -0.5492 1.77102 -3.39423
v -0.53011 1.76978 -3.39399
v -0.54399 1.77102 -3.39157
v -0.54721 1.77102 -3.39391
v -0.54541 1.77102 -3.393
v -0.54721 1.77102 -3.38167
v -0.54515 1.77176 -3.38222
v -0.54541 1.77102 -3.38258
v -0.54707 1.77176 -3.38124
v -0.5492 1.77102 -3.38136
v -0.54435 1.7747 -3.38112
v -0.5492 1.77176 -3.3809
v -0.54665 1.7747 -3.37995
v -0.5492 1.7747 -3.37955
v -0.55118 1.77102 -3.38167
v -0.5492 1.77176 -3.3809
v -0.5492 1.77102 -3.38136
v -0.55132 1.77176 -3.38124
v -0.55298 1.77102 -3.38258
v -0.5492 1.7747 -3.37955
v -0.55325 1.77176 -3.38222
v -0.55174 1.7747 -3.37995
v -0.55404 1.7747 -3.38112
v -0.55404 1.7747 -3.38112
v -0.55302 1.77785 -3.38253
v -0.55121 1.77785 -3.3816
v -0.55174 1.7747 -3.37995
v -0.5492 1.77785 -3.38128
v -0.5492 1.7747 -3.37955
v -0.54718 1.77785 -3.3816
v -0.54665 1.7747 -3.37995
v -0.54537 1.77785 -3.38253
v -0.54435 1.7747 -3.38112
v -0.54307 1.77102 -3.3858
v -0.54231 1.77176 -3.38779
v -0.54276 1.77102 -3.38779
v -0.54264 1.77176 -3.38566
v -0.54095 1.7747 -3.38779
v -0.54399 1.77102 -3.38401
v -0.54135 1.7747 -3.38524
v -0.54362 1.77176 -3.38374
v -0.54541 1.77102 -3.38258
v -0.54253 1.7747 -3.38294
v -0.54515 1.77176 -3.38222
v -0.54435 1.7747 -3.38112
v -0.54399 1.77102 -3.39157
v -0.54515 1.77176 -3.39336
v -0.54541 1.77102 -3.393
v -0.54362 1.77176 -3.39184
v -0.54435 1.7747 -3.39446
v -0.54307 1.77102 -3.38978
v -0.54253 1.7747 -3.39264
v -0.54264 1.77176 -3.38992
v -0.54276 1.77102 -3.38779
v -0.54135 1.7747 -3.39034
v -0.54231 1.77176 -3.38779
v -0.54095 1.7747 -3.38779
v -0.54253 1.7747 -3.39264
v -0.54393 1.77785 -3.39162
v -0.54537 1.77785 -3.39305
v -0.54135 1.7747 -3.39034
v -0.54301 1.77785 -3.3898
v -0.54095 1.7747 -3.38779
v -0.54269 1.77785 -3.38779
v -0.54135 1.7747 -3.38524
v -0.54301 1.77785 -3.38578
v -0.54253 1.7747 -3.38294
v -0.54393 1.77785 -3.38397
v -0.54435 1.7747 -3.38112
v -0.54537 1.77785 -3.38253
v -0.55532 1.77102 -3.38978
v -0.55609 1.77176 -3.38779
v -0.55563 1.77102 -3.38779
v -0.55575 1.77176 -3.38992
v -0.55744 1.7747 -3.38779
v -0.5544 1.77102 -3.39157
v -0.55704 1.7747 -3.39034
v -0.55477 1.77176 -3.39184
v -0.55298 1.77102 -3.393
v -0.55586 1.7747 -3.39264
v -0.55325 1.77176 -3.39336
v -0.55404 1.7747 -3.39446
v -0.5544 1.77102 -3.38401
v -0.55325 1.77176 -3.38222
v -0.55298 1.77102 -3.38258
v -0.55477 1.77176 -3.38374
v -0.55404 1.7747 -3.38112
v -0.55532 1.77102 -3.3858
v -0.55586 1.7747 -3.38294
v -0.55575 1.77176 -3.38566
v -0.55563 1.77102 -3.38779
v -0.55704 1.7747 -3.38524
v -0.55609 1.77176 -3.38779
v -0.55744 1.7747 -3.38779
v -0.55586 1.7747 -3.38294
v -0.55302 1.77785 -3.38253
v -0.55404 1.7747 -3.38112
v -0.55446 1.77785 -3.38397
v -0.55704 1.7747 -3.38524
v -0.55538 1.77785 -3.38578
v -0.55744 1.7747 -3.38779
v -0.55538 1.77785 -3.38578
v -0.55704 1.7747 -3.38524
v -0.5557 1.77785 -3.38779
v -0.55704 1.7747 -3.39034
v -0.55538 1.77785 -3.3898
v -0.55586 1.7747 -3.39264
v -0.55446 1.77785 -3.39162
v -0.55404 1.7747 -3.39446
v -0.55302 1.77785 -3.39305
v -0.54721 1.77102 -3.39391
v -0.5492 1.77176 -3.39468
v -0.5492 1.77102 -3.39423
v -0.55132 1.77176 -3.39434
v -0.55118 1.77102 -3.39391
v -0.55174 1.7747 -3.39563
v -0.5492 1.7747 -3.39603
v -0.55404 1.7747 -3.39446
v -0.55325 1.77176 -3.39336
v -0.55298 1.77102 -3.393
v -0.54515 1.77176 -3.39336
v -0.54435 1.7747 -3.39446
v -0.54665 1.7747 -3.39563
v -0.54707 1.77176 -3.39434
v -0.54541 1.77102 -3.393
v -0.5492 1.7747 -3.39603
v -0.54721 1.77102 -3.39391
v -0.5492 1.77176 -3.39468
v -0.55174 1.7747 -3.39563
v -0.55302 1.77785 -3.39305
v -0.55404 1.7747 -3.39446
v -0.55121 1.77785 -3.39398
v -0.5492 1.7747 -3.39603
v -0.5492 1.77785 -3.3943
v -0.54665 1.7747 -3.39563
v -0.54718 1.77785 -3.39398
v -0.54435 1.7747 -3.39446
v -0.54537 1.77785 -3.39305
v -0.54705 1.77929 -3.38484
v -0.54807 1.77929 -3.38432
v -0.54807 1.77929 -3.39126
v -0.5492 1.77929 -3.39144
v -0.5492 1.77929 -3.38415
v -0.55032 1.77929 -3.39126
v -0.55032 1.77929 -3.38432
v -0.55134 1.77929 -3.39074
v -0.55134 1.77929 -3.38484
v -0.54718 1.77785 -3.39398
v -0.54537 1.77785 -3.39305
v -0.54705 1.77929 -3.39074
v -0.5492 1.77785 -3.3943
v -0.55121 1.77785 -3.39398
v -0.55302 1.77785 -3.39305
v -0.55214 1.77929 -3.38993
v -0.55446 1.77785 -3.39162
v -0.55266 1.77929 -3.38892
v -0.55538 1.77785 -3.3898
v -0.55214 1.77929 -3.38565
v -0.55284 1.77929 -3.38779
v -0.5557 1.77785 -3.38779
v -0.55266 1.77929 -3.38666
v -0.55538 1.77785 -3.38578
v -0.55446 1.77785 -3.38397
v -0.55302 1.77785 -3.38253
v -0.54705 1.77929 -3.38484
v -0.54807 1.77929 -3.39126
v -0.54705 1.77929 -3.39074
v -0.54625 1.77929 -3.38565
v -0.54537 1.77785 -3.38253
v -0.54718 1.77785 -3.3816
v -0.54807 1.77929 -3.38432
v -0.5492 1.77785 -3.38128
v -0.5492 1.77929 -3.38415
v -0.54393 1.77785 -3.38397
v -0.54573 1.77929 -3.38666
v -0.54301 1.77785 -3.38578
v -0.54625 1.77929 -3.38993
v -0.54555 1.77929 -3.38779
v -0.54269 1.77785 -3.38779
v -0.54573 1.77929 -3.38892
v -0.54301 1.77785 -3.3898
v -0.54393 1.77785 -3.39162
v -0.54537 1.77785 -3.39305
v -0.55121 1.77785 -3.3816
v -0.5492 1.77929 -3.38415
v -0.5492 1.77785 -3.38128
v -0.55032 1.77929 -3.38432
v -0.55302 1.77785 -3.38253
v -0.55134 1.77929 -3.38484
v -0.57733 1.58907 -3.39693
v -0.57733 1.59469 -3.39693
v -0.57313 1.59469 -3.40518
v -0.57313 1.58907 -3.40518
v -0.57733 1.58822 -3.39693
v -0.56659 1.59469 -3.41173
v -0.57313 1.58822 -3.40518
v -0.56659 1.58907 -3.41173
v -0.56659 1.58822 -3.41173
v -0.56659 1.58907 -3.36386
v -0.56659 1.59469 -3.36386
v -0.57313 1.59469 -3.3704
v -0.57313 1.58907 -3.3704
v -0.56659 1.58822 -3.36386
v -0.57733 1.59469 -3.37865
v -0.57313 1.58822 -3.3704
v -0.57733 1.58907 -3.37865
v -0.57878 1.59469 -3.38779
v -0.57733 1.58822 -3.37865
v -0.57878 1.58907 -3.38779
v -0.57733 1.59469 -3.39693
v -0.57878 1.58822 -3.38779
v -0.57733 1.58907 -3.39693
v -0.57733 1.58822 -3.39693
v -0.51961 1.58907 -3.38779
v -0.51961 1.59469 -3.38779
v -0.52106 1.59469 -3.37865
v -0.52106 1.58907 -3.37865
v -0.51961 1.58822 -3.38779
v -0.52526 1.59469 -3.3704
v -0.52106 1.58822 -3.37865
v -0.52526 1.58907 -3.3704
v -0.53181 1.59469 -3.36386
v -0.52526 1.58822 -3.3704
v -0.53181 1.58907 -3.36386
v -0.53181 1.58822 -3.36386
v -0.52106 1.58822 -3.39693
v -0.51961 1.58907 -3.38779
v -0.51961 1.58822 -3.38779
v -0.52106 1.58907 -3.39693
v -0.51961 1.59469 -3.38779
v -0.52526 1.58822 -3.40518
v -0.52106 1.59469 -3.39693
v -0.52526 1.58907 -3.40518
v -0.53181 1.58822 -3.41173
v -0.52526 1.59469 -3.40518
v -0.53181 1.58907 -3.41173
v -0.53181 1.59469 -3.41173
v -0.53181 1.58907 -3.36386
v -0.53181 1.59469 -3.36386
v -0.54005 1.59469 -3.35965
v -0.54005 1.58907 -3.35965
v -0.53181 1.58822 -3.36386
v -0.54005 1.58822 -3.35965
v -0.5492 1.59469 -3.3582
v -0.5492 1.58907 -3.3582
v -0.5492 1.58907 -3.3582
v -0.5492 1.59469 -3.3582
v -0.55834 1.59469 -3.35965
v -0.55834 1.58907 -3.35965
v -0.56659 1.59469 -3.36386
v -0.56659 1.58907 -3.36386
v -0.55834 1.58822 -3.35965
v -0.56659 1.58822 -3.36386
v -0.5492 1.58822 -3.3582
v -0.54005 1.58822 -3.35965
v -0.54005 1.58907 -3.35965
v -0.54005 1.58907 -3.41593
v -0.54005 1.59469 -3.41593
v -0.53181 1.59469 -3.41173
v -0.5492 1.58907 -3.41738
v -0.5492 1.59469 -3.41738
v -0.55834 1.58907 -3.41593
v -0.55834 1.59469 -3.41593
v -0.55834 1.58822 -3.41593
v -0.5492 1.58822 -3.41738
v -0.56659 1.58822 -3.41173
v -0.56659 1.58907 -3.41173
v -0.56659 1.59469 -3.41173
v -0.54005 1.58907 -3.41593
v -0.53181 1.59469 -3.41173
v -0.53181 1.58907 -3.41173
v -0.54005 1.58822 -3.41593
v -0.53181 1.58822 -3.41173
v -0.5492 1.58822 -3.41738
v -0.5492 1.58907 -3.41738
v -0.58057 1.58771 -3.3776
v -0.57733 1.58822 -3.37865
v -0.57878 1.58822 -3.38779
v -0.58219 1.58771 -3.38779
v -0.57733 1.58822 -3.39693
v -0.57589 1.58771 -3.3684
v -0.57313 1.58822 -3.3704
v -0.58057 1.58771 -3.39799
v -0.57313 1.58822 -3.40518
v -0.56859 1.58771 -3.3611
v -0.56659 1.58822 -3.36386
v -0.57589 1.58771 -3.40718
v -0.56659 1.58822 -3.41173
v -0.55939 1.58771 -3.35641
v -0.55834 1.58822 -3.35965
v -0.56859 1.58771 -3.41448
v -0.55834 1.58822 -3.41593
v -0.5492 1.58771 -3.3548
v -0.5492 1.58822 -3.3582
v -0.55939 1.58771 -3.41917
v -0.5492 1.58822 -3.41738
v -0.539 1.58771 -3.35641
v -0.54005 1.58822 -3.35965
v -0.5492 1.58771 -3.42078
v -0.54005 1.58822 -3.41593
v -0.5298 1.58771 -3.3611
v -0.53181 1.58822 -3.36386
v -0.539 1.58771 -3.41917
v -0.53181 1.58822 -3.41173
v -0.5225 1.58771 -3.3684
v -0.52526 1.58822 -3.3704
v -0.5298 1.58771 -3.41448
v -0.52526 1.58822 -3.40518
v -0.51782 1.58771 -3.3776
v -0.52106 1.58822 -3.37865
v -0.5225 1.58771 -3.40718
v -0.52106 1.58822 -3.39693
v -0.5162 1.58771 -3.38779
v -0.51961 1.58822 -3.38779
v -0.51782 1.58771 -3.39799
v -0.51975 1.58822 -3.3664
v -0.5278 1.58822 -3.35834
v -0.51458 1.58822 -3.37654
v -0.5128 1.58822 -3.38779
v -0.53795 1.58822 -3.35317
v -0.51458 1.58822 -3.39904
v -0.51975 1.58822 -3.40918
v -0.5492 1.58822 -3.35139
v -0.5278 1.58822 -3.41724
v -0.56044 1.58822 -3.35317
v -0.53795 1.58822 -3.42241
v -0.57059 1.58822 -3.35834
v -0.5492 1.58822 -3.42419
v -0.57864 1.58822 -3.3664
v -0.56044 1.58822 -3.42241
v -0.58381 1.58822 -3.37654
v -0.57059 1.58822 -3.41724
v -0.58559 1.58822 -3.38779
v -0.57864 1.58822 -3.40918
v -0.58381 1.58822 -3.39904
v -0.57313 1.59469 -3.40518
v -0.56534 1.59469 -3.41001
v -0.56659 1.59469 -3.41173
v -0.57142 1.59469 -3.40394
v -0.57733 1.59469 -3.39693
v -0.55768 1.59469 -3.41392
v -0.55834 1.59469 -3.41593
v -0.57532 1.59469 -3.39628
v -0.57878 1.59469 -3.38779
v -0.5492 1.59469 -3.41526
v -0.5492 1.59469 -3.41738
v -0.57667 1.59469 -3.38779
v -0.57733 1.59469 -3.37865
v -0.57532 1.59469 -3.3793
v -0.57313 1.59469 -3.3704
v -0.57142 1.59469 -3.37164
v -0.56659 1.59469 -3.36386
v -0.56534 1.59469 -3.36557
v -0.55834 1.59469 -3.35965
v -0.55768 1.59469 -3.36166
v -0.5492 1.59469 -3.3582
v -0.5492 1.59469 -3.36032
v -0.54005 1.59469 -3.35965
v -0.54071 1.59469 -3.36166
v -0.53181 1.59469 -3.36386
v -0.54071 1.59469 -3.41392
v -0.54005 1.59469 -3.41593
v -0.53305 1.59469 -3.36557
v -0.52526 1.59469 -3.3704
v -0.53305 1.59469 -3.41001
v -0.53181 1.59469 -3.41173
v -0.52697 1.59469 -3.40394
v -0.52526 1.59469 -3.40518
v -0.52697 1.59469 -3.37164
v -0.52106 1.59469 -3.37865
v -0.52307 1.59469 -3.39628
v -0.52106 1.59469 -3.39693
v -0.52307 1.59469 -3.3793
v -0.51961 1.59469 -3.38779
v -0.52172 1.59469 -3.38779
v -0.52825 1.73901 -3.40301
v -0.53244 1.73683 -3.39996
v -0.53702 1.73683 -3.40455
v -0.53398 1.73901 -3.40873
v -0.52458 1.73901 -3.39579
v -0.5428 1.73683 -3.40749
v -0.5295 1.73683 -3.39419
v -0.5412 1.73901 -3.41241
v -0.52331 1.73901 -3.38779
v -0.5492 1.73683 -3.4085
v -0.52849 1.73683 -3.38779
v -0.5492 1.73901 -3.41368
v -0.52458 1.73901 -3.37979
v -0.55559 1.73683 -3.40749
v -0.5295 1.73683 -3.38139
v -0.55719 1.73901 -3.41241
v -0.52825 1.73901 -3.37257
v -0.56137 1.73683 -3.40455
v -0.53244 1.73683 -3.37562
v -0.56441 1.73901 -3.40873
v -0.53398 1.73901 -3.36685
v -0.56595 1.73683 -3.39996
v -0.53702 1.73683 -3.37104
v -0.57014 1.73901 -3.40301
v -0.5412 1.73901 -3.36317
v -0.56889 1.73683 -3.39419
v -0.5428 1.73683 -3.36809
v -0.57381 1.73901 -3.39579
v -0.5492 1.73901 -3.3619
v -0.5699 1.73683 -3.38779
v -0.5492 1.73683 -3.36708
v -0.57508 1.73901 -3.38779
v -0.55719 1.73901 -3.36317
v -0.56889 1.73683 -3.38139
v -0.55559 1.73683 -3.36809
v -0.57381 1.73901 -3.37979
v -0.56441 1.73901 -3.36685
v -0.56595 1.73683 -3.37562
v -0.56137 1.73683 -3.37104
v -0.57014 1.73901 -3.37258
v -0.55918 1.62388 -3.35706
v -0.55744 1.62405 -3.36241
v -0.56488 1.62405 -3.3662
v -0.56819 1.62388 -3.36165
v -0.5492 1.62388 -3.35548
v -0.57078 1.62405 -3.37211
v -0.5492 1.62405 -3.36111
v -0.57533 1.62388 -3.3688
v -0.53921 1.62388 -3.35706
v -0.57457 1.62405 -3.37954
v -0.54095 1.62405 -3.36241
v -0.57992 1.62388 -3.37781
v -0.5302 1.62388 -3.36165
v -0.57588 1.62405 -3.38779
v -0.53351 1.62405 -3.3662
v -0.58151 1.62388 -3.38779
v -0.52306 1.62388 -3.3688
v -0.57457 1.62405 -3.39604
v -0.52761 1.62405 -3.37211
v -0.57992 1.62388 -3.39777
v -0.51847 1.62388 -3.37781
v -0.57078 1.62405 -3.40348
v -0.52382 1.62405 -3.37954
v -0.57533 1.62388 -3.40678
v -0.51688 1.62388 -3.38779
v -0.56488 1.62405 -3.40938
v -0.52251 1.62405 -3.38779
v -0.56819 1.62388 -3.41393
v -0.51847 1.62388 -3.39777
v -0.55744 1.62405 -3.41317
v -0.52382 1.62405 -3.39604
v -0.55918 1.62388 -3.41852
v -0.52306 1.62388 -3.40678
v -0.5492 1.62405 -3.41448
v -0.52761 1.62405 -3.40348
v -0.5492 1.62388 -3.4201
v -0.5302 1.62388 -3.41393
v -0.54095 1.62405 -3.41317
v -0.53351 1.62405 -3.40938
v -0.53921 1.62388 -3.41852
vn -0.370945 1.571675 -3.936685
vn -0.5494458 1.571661 -3.964904
vn -0.5492949 1.571629 -3.964903
vn -0.3711044 1.571669 -3.936737
vn -0.2100568 1.571665 -3.854739
vn -0.2101877 1.571673 -3.854834
vn -0.548692 1.628787 -3.96373
vn -0.3707417 1.628783 -3.935385
vn -0.210256 1.628783 -3.853433
vn -0.5483876 1.634034 -3.963338
vn -0.7262761 1.634035 -3.935421
vn -0.3705758 1.634033 -3.934918
vn -0.2102482 1.634035 -3.852942
vn -0.3707366 1.608564 -3.936501
vn -0.2099029 1.608568 -3.85449
vn -0.5490249 1.60856 -3.964793
vn -0.3833031 1.812628 -3.893291
vn -0.2352238 1.812629 -3.81729
vn -0.5476407 1.812596 -3.919829
vn -0.712114 1.812632 -3.894258
vn -0.7273339 1.608563 -3.936608
vn -0.860638 1.812614 -3.819143
vn -0.888213 1.608565 -3.854697
vn -0.8868359 1.634036 -3.853898
vn -0.7276291 1.571653 -3.936628
vn -0.8886105 1.571673 -3.854545
vn -0.8884895 1.571697 -3.854634
vn -0.7277712 1.571665 -3.936582
vn -0.5492949 1.571629 -3.964903
vn -0.8873157 1.628782 -3.854035
vn -0.5494458 1.571661 -3.964904
vn -0.7266846 1.628784 -3.935701
vn -0.8868359 1.634036 -3.853898
vn -0.548692 1.628787 -3.96373
vn -0.7262761 1.634035 -3.935421
vn -0.2110827 1.628786 -2.921558
vn -0.08405656 1.634033 -3.048841
vn -0.08355767 1.628784 -3.048859
vn -0.2097824 1.57167 -2.921052
vn -0.08216277 1.571679 -3.048782
vn -0.2099055 1.571648 -2.920964
vn -0.08226487 1.571775 -3.048637
vn -0.2110827 1.628786 -2.921558
vn -0.211563 1.634032 -2.921695
vn -0.08405656 1.634033 -3.048841
vn -0.0825007 1.608561 -3.048506
vn -0.0004968643 1.608562 -3.209328
vn -0.04369193 1.812601 -3.221902
vn -0.1197071 1.812627 -3.073816
vn -0.0171771 1.81262 -3.386226
vn -0.002078593 1.634034 -3.20917
vn -0.08355767 1.628784 -3.048859
vn 0.02779728 1.608563 -3.387622
vn -0.04272234 1.812594 -3.550715
vn -0.0003882647 1.608561 -3.56593
vn 0.02634168 1.634036 -3.386983
vn -0.00157553 1.634035 -3.564873
vn -0.00161165 1.628785 -3.209337
vn -0.08216277 1.571679 -3.048782
vn 0.02673453 1.628784 -3.387289
vn -0.001297295 1.628782 -3.565288
vn -0.0002609491 1.571675 -3.209695
vn -0.08226487 1.571775 -3.048637
vn -0.0003097653 1.571664 -3.209546
vn 0.02790821 1.571673 -3.388042
vn -0.0004123449 1.571673 -3.566363
vn 0.02790862 1.571686 -3.387872
vn -0.0003667474 1.571653 -3.566221
vn -0.7272916 1.571675 -2.838854
vn -0.7276546 1.628784 -2.840206
vn -0.5497079 1.628784 -2.811861
vn -0.550013 1.634034 -2.812254
vn -0.3721124 1.634031 -2.840174
vn -0.7278377 1.634037 -2.840678
vn -0.88814 1.628785 -2.922156
vn -0.5493758 1.608566 -2.810799
vn -0.3710679 1.608567 -2.838984
vn -0.3862803 1.812647 -2.881342
vn -0.2377641 1.812661 -2.956473
vn -0.2101948 1.608563 -2.92089
vn -0.211563 1.634032 -2.921695
vn -0.3717104 1.628785 -2.839892
vn -0.2110827 1.628786 -2.921558
vn -0.3706328 1.571679 -2.839008
vn -0.2097824 1.57167 -2.921052
vn -0.3707803 1.571754 -2.838958
vn -0.2099055 1.571648 -2.920964
vn -0.5497079 1.628784 -2.811861
vn -0.3721124 1.634031 -2.840174
vn -0.3717104 1.628785 -2.839892
vn -0.5489531 1.571678 -2.810688
vn -0.3706328 1.571679 -2.839008
vn -0.7272916 1.571675 -2.838854
vn -0.5491081 1.57171 -2.810687
vn -0.3707803 1.571754 -2.838958
vn -0.7274352 1.571715 -2.838899
vn -0.8883424 1.571658 -2.920852
vn -0.8882179 1.571674 -2.920762
vn -0.7276546 1.628784 -2.840206
vn -0.88814 1.628785 -2.922156
vn -0.8881546 1.634035 -2.922652
vn -0.7278377 1.634037 -2.840678
vn -0.7276637 1.608558 -2.839091
vn -0.888486 1.608563 -2.921093
vn -0.5493758 1.608566 -2.810799
vn -0.7150852 1.812609 -2.882288
vn -0.8631815 1.812668 -2.958325
vn -0.5507713 1.812653 -2.855787
vn -0.3862803 1.812647 -2.881342
vn -0.08236617 1.571691 -3.72709
vn -0.2101877 1.571673 -3.854834
vn -0.2100568 1.571665 -3.854739
vn -0.08245277 1.571676 -3.727209
vn -0.0003667474 1.571653 -3.566221
vn -0.210256 1.628783 -3.853433
vn -0.0004123449 1.571673 -3.566363
vn -0.08296192 1.628783 -3.725913
vn -0.2102482 1.634035 -3.852942
vn -0.001297295 1.628782 -3.565288
vn -0.08309895 1.634036 -3.725433
vn -0.2099029 1.608568 -3.85449
vn -0.00157553 1.634035 -3.564873
vn -0.08229396 1.608562 -3.726801
vn -0.2352238 1.812629 -3.81729
vn -0.0003882647 1.608561 -3.56593
vn -0.1178647 1.812601 -3.699258
vn -0.04272234 1.812594 -3.550715
vn -1.016133 1.571684 -3.726954
vn -1.098141 1.571667 -3.565893
vn -1.098092 1.57161 -3.566037
vn -1.016234 1.571672 -3.726814
vn -0.8884895 1.571697 -3.854634
vn -0.8886105 1.571673 -3.854545
vn -1.096789 1.628786 -3.566253
vn -1.014843 1.628784 -3.726732
vn -0.8873157 1.628782 -3.854035
vn -1.014346 1.634035 -3.726748
vn -0.8868359 1.634036 -3.853898
vn -1.09632 1.634034 -3.566427
vn -1.0159 1.608566 -3.727086
vn -0.888213 1.608565 -3.854697
vn -0.9786992 1.812613 -3.701778
vn -0.860638 1.812614 -3.819143
vn -1.097903 1.608564 -3.566265
vn -1.126198 1.608564 -3.387974
vn -1.124742 1.634033 -3.388608
vn -1.125135 1.628786 -3.388304
vn -1.098141 1.571667 -3.565893
vn -1.096789 1.628786 -3.566253
vn -1.125135 1.628786 -3.388304
vn -1.126309 1.571672 -3.387546
vn -1.098092 1.57161 -3.566037
vn -1.126309 1.571695 -3.387713
vn -1.097987 1.571673 -3.209227
vn -1.098033 1.571684 -3.209366
vn -1.097105 1.628784 -3.21031
vn -1.015949 1.571681 -3.048385
vn -1.016038 1.57175 -3.048504
vn -0.8882179 1.571674 -2.920762
vn -0.8883424 1.571658 -2.920852
vn -0.88814 1.628785 -2.922156
vn -1.015441 1.628783 -3.049683
vn -0.8881546 1.634035 -2.922652
vn -1.015301 1.634034 -3.050158
vn -0.888486 1.608563 -2.921093
vn -1.096825 1.634033 -3.210717
vn -1.124742 1.634033 -3.388608
vn -1.016105 1.608564 -3.048788
vn -0.8631815 1.812668 -2.958325
vn -0.980531 1.812629 -3.076346
vn -1.098013 1.608564 -3.209666
vn -1.05566 1.812628 -3.224869
vn -1.126198 1.608564 -3.387974
vn -1.081222 1.812623 -3.389362
vn -1.097903 1.608564 -3.566265
vn -1.054699 1.812624 -3.553689
vn -1.0159 1.608566 -3.727086
vn -0.9786992 1.812613 -3.701778
vn -0.211563 1.634032 -2.921695
vn -0.2101948 1.608563 -2.92089
vn -0.0825007 1.608561 -3.048506
vn -0.1197071 1.812627 -3.073816
vn -0.2377641 1.812661 -2.956473
vn -0.5489474 1.605115 -2.810688
vn -0.3706304 1.605109 -2.83901
vn -0.371706 1.547616 -2.839921
vn -0.5496894 1.547617 -2.811887
vn -0.3721687 1.542419 -2.840182
vn -0.5500592 1.542416 -2.812279
vn -0.3709731 1.573183 -2.838854
vn -0.5493341 1.573186 -2.810646
vn -0.3860357 1.364391 -2.8813
vn -0.5505509 1.364467 -2.855637
vn -0.7276729 1.573177 -2.838934
vn -0.7149177 1.364339 -2.882152
vn -0.7278622 1.542417 -2.840712
vn -0.8885515 1.573181 -2.920952
vn -0.8630611 1.364458 -2.958049
vn -0.8881779 1.54242 -2.922699
vn -0.8881036 1.547612 -2.922161
vn -0.7276286 1.547617 -2.840224
vn -0.8882133 1.605103 -2.920759
vn -0.7272911 1.605113 -2.838854
vn -0.8883497 1.605045 -2.920856
vn -0.7274265 1.605157 -2.8389
vn -0.54911 1.605115 -2.810688
vn -0.54911 1.605115 -2.810688
vn -0.3706304 1.605109 -2.83901
vn -0.5489474 1.605115 -2.810688
vn -0.3707647 1.605115 -2.838966
vn -0.2097809 1.605104 -2.921054
vn -0.2099228 1.605081 -2.92095
vn -0.2110919 1.547615 -2.921584
vn -0.371706 1.547616 -2.839921
vn -0.2116203 1.542421 -2.921684
vn -0.3721687 1.542419 -2.840182
vn -0.2100715 1.573185 -2.920791
vn -0.3709731 1.573183 -2.838854
vn -0.23751 1.364453 -2.956475
vn -0.3860357 1.364391 -2.8813
vn -1.097986 1.605106 -3.209222
vn -1.015406 1.547613 -3.049679
vn -1.097074 1.547618 -3.210296
vn -1.126308 1.605103 -3.387546
vn -1.126308 1.605102 -3.387705
vn -1.098034 1.60512 -3.209372
vn -1.098093 1.605094 -3.566041
vn -1.125109 1.547616 -3.388284
vn -1.096815 1.542414 -3.210769
vn -1.098139 1.6051 -3.565898
vn -1.016153 1.605055 -3.726928
vn -1.124717 1.542415 -3.388654
vn -1.098145 1.573186 -3.209576
vn -1.016237 1.6051 -3.72681
vn -0.8884996 1.605106 -3.854625
vn -0.8886151 1.605103 -3.854541
vn -1.096772 1.547617 -3.566225
vn -1.01483 1.547615 -3.726706
vn -0.8873084 1.547615 -3.854009
vn -1.014297 1.542418 -3.726773
vn -1.096283 1.542415 -3.566459
vn -1.126351 1.573186 -3.387928
vn -1.055742 1.364502 -3.224619
vn -1.098061 1.573188 -3.566274
vn -1.081376 1.364506 -3.389145
vn -1.054928 1.364547 -3.553538
vn -0.8873084 1.547615 -3.854009
vn -1.014297 1.542418 -3.726773
vn -0.8867954 1.542421 -3.853897
vn -1.01605 1.573187 -3.727139
vn -0.8883345 1.573189 -3.854798
vn -1.098061 1.573188 -3.566274
vn -1.096283 1.542415 -3.566459
vn -1.054928 1.364547 -3.553538
vn -0.9789461 1.364514 -3.701699
vn -0.8609102 1.364529 -3.819142
vn -0.3711139 1.605101 -3.936739
vn -0.5487101 1.547619 -3.963705
vn -0.3707753 1.547618 -3.935369
vn -0.5483423 1.542418 -3.963313
vn -0.3705304 1.542414 -3.934877
vn -0.7262359 1.542421 -3.935408
vn -0.7266949 1.547617 -3.935671
vn -0.5490678 1.573183 -3.964946
vn -0.3707291 1.573192 -3.936659
vn -0.5478578 1.364455 -3.91995
vn -0.3834717 1.364551 -3.89353
vn -0.7123544 1.364432 -3.894314
vn -0.7274182 1.573182 -3.936741
vn -0.8609102 1.364529 -3.819142
vn -0.8883345 1.573189 -3.854798
vn -0.8867954 1.542421 -3.853897
vn -0.8873084 1.547615 -3.854009
vn -0.7277681 1.605095 -3.936583
vn -0.5494503 1.605097 -3.964904
vn -0.8886151 1.605103 -3.854541
vn -0.5492991 1.60498 -3.964907
vn -0.3709495 1.605022 -3.936688
vn -0.7276205 1.604996 -3.936634
vn -0.8884996 1.605106 -3.854625
vn -0.5494503 1.605097 -3.964904
vn -0.7266949 1.547617 -3.935671
vn -0.5487101 1.547619 -3.963705
vn -0.3711139 1.605101 -3.936739
vn -0.3709495 1.605022 -3.936688
vn -0.210078 1.605107 -3.854754
vn -0.2101931 1.605103 -3.854838
vn -0.3707753 1.547618 -3.935369
vn -0.2102963 1.547616 -3.853431
vn -0.3705304 1.542414 -3.934877
vn -0.2102166 1.542418 -3.852888
vn -0.3707291 1.573192 -3.936659
vn -0.2098508 1.573187 -3.854641
vn -0.3834717 1.364551 -3.89353
vn -0.2353316 1.364523 -3.817571
vn -1.01603 1.60503 -3.048493
vn -0.8883497 1.605045 -2.920856
vn -0.8882133 1.605103 -2.920759
vn -1.015939 1.605102 -3.048373
vn -1.098034 1.60512 -3.209372
vn -1.097986 1.605106 -3.209222
vn -0.8881036 1.547612 -2.922161
vn -1.015406 1.547613 -3.049679
vn -0.8881779 1.54242 -2.922699
vn -1.01531 1.542421 -3.050212
vn -1.097074 1.547618 -3.210296
vn -0.8885515 1.573181 -2.920952
vn -1.096815 1.542414 -3.210769
vn -1.016206 1.573184 -3.048668
vn -0.8630611 1.364458 -2.958049
vn -1.098145 1.573186 -3.209576
vn -0.9805093 1.364465 -3.07608
vn -1.055742 1.364502 -3.224619
vn -0.08237067 1.605093 -3.727096
vn -0.210078 1.605107 -3.854754
vn -0.2101931 1.605103 -3.854838
vn -0.0824587 1.605103 -3.727216
vn -0.0003682375 1.605106 -3.566225
vn -0.2102963 1.547616 -3.853431
vn -0.0004151464 1.605105 -3.56637
vn 0.02790779 1.605108 -3.387897
vn 0.02790785 1.605104 -3.388044
vn -0.08299401 1.547614 -3.725913
vn -0.2102166 1.542418 -3.852888
vn -0.00132519 1.547611 -3.565289
vn 0.02670866 1.547614 -3.387303
vn -0.08309454 1.54242 -3.725385
vn -0.2098508 1.573187 -3.854641
vn -0.001585901 1.542421 -3.564826
vn 0.02631694 1.542418 -3.386942
vn -0.08219296 1.573188 -3.726922
vn -0.2353316 1.364523 -3.817571
vn -0.1178677 1.364547 -3.699538
vn -0.0002541542 1.573188 -3.566011
vn 0.02795005 1.573186 -3.387661
vn -0.04265213 1.364523 -3.550981
vn -0.01702517 1.364505 -3.386452
vn -0.0003047585 1.605142 -3.209565
vn 0.02790779 1.605108 -3.387897
vn 0.02790785 1.605104 -3.388044
vn -0.0002610087 1.605106 -3.209697
vn -0.08224571 1.605118 -3.048669
vn 0.02670866 1.547614 -3.387303
vn -0.08216166 1.605105 -3.048784
vn -0.2099228 1.605081 -2.92095
vn -0.2097809 1.605104 -2.921054
vn -0.001631141 1.547615 -3.20936
vn 0.02631694 1.542418 -3.386942
vn -0.08357 1.547615 -3.048886
vn -0.2110919 1.547615 -2.921584
vn -0.002113938 1.542418 -3.209142
vn 0.02795005 1.573186 -3.387661
vn -0.08409688 1.542419 -3.048827
vn -0.2116203 1.542421 -2.921684
vn -0.0003395677 1.573187 -3.209318
vn -0.01702517 1.364505 -3.386452
vn -0.04348439 1.364514 -3.222062
vn -0.08235651 1.573183 -3.048445
vn -0.2100715 1.573185 -2.920791
vn -0.1194607 1.364467 -3.073918
vn -0.23751 1.364453 -2.956475
vn -0.8885623 1.588382 -3.854879
vn -0.7220132 1.739701 -3.917486
vn -0.8772384 1.739681 -3.838166
vn -0.2388231 1.158266 -3.615829
vn -0.2334923 1.382581 -3.825183
vn -0.3244821 1.158258 -3.700571
vn -0.08277884 1.62304 -3.726297
vn -0.2980052 1.981604 -3.727812
vn -0.2102167 1.623053 -3.853866
vn -0.5498789 1.739759 -3.944948
vn -0.4349777 2.031398 -3.739966
vn -0.5494146 2.031419 -3.758001
vn -0.3776518 1.739707 -3.917895
vn -0.33174 2.031393 -3.687439
vn -0.2222357 1.739696 -3.838941
vn -0.3707791 1.588382 -3.936885
vn -0.2098392 1.588382 -3.85488
vn -0.370779 1.588382 -3.936885
vn -0.2098402 1.588382 -3.854881
vn -0.3707784 1.588382 -3.936885
vn -0.2098424 1.588382 -3.854882
vn -0.2222357 1.739696 -3.838941
vn -0.2497819 2.031384 -3.605583
vn -0.33174 2.031393 -3.687439
vn -0.09885392 1.739734 -3.715842
vn -0.2098392 1.588382 -3.85488
vn -0.1971391 2.031389 -3.50239
vn -0.08211687 1.588382 -3.727158
vn -0.2098402 1.588382 -3.854881
vn -0.01950866 1.739708 -3.560599
vn -0.1789673 2.031396 -3.387997
vn 0.007965565 1.739707 -3.388465
vn -0.0001064539 1.588382 -3.566204
vn 0.02815008 1.588382 -3.387794
vn -0.0001071095 1.588382 -3.566206
vn -0.08211643 1.588382 -3.727157
vn -0.2098424 1.588382 -3.854882
vn -0.08211488 1.588382 -3.727155
vn -0.0001064539 1.588382 -3.566204
vn 0.007965565 1.739707 -3.388465
vn -0.1970204 2.03139 -3.273573
vn -0.1789673 2.031396 -3.387997
vn -0.01909614 1.739697 -3.216253
vn -0.2495661 2.031401 -3.17034
vn 0.02815008 1.588382 -3.387794
vn -0.09805658 1.739727 -3.060844
vn -0.3314239 2.031391 -3.088379
vn -0.2211777 1.739728 -2.937431
vn -0.0001075864 1.588382 -3.209384
vn -0.08211458 1.588382 -3.048437
vn -0.209847 1.588382 -2.920706
vn 0.02815008 1.588382 -3.387798
vn -0.0001071095 1.588382 -3.566206
vn -0.0001064539 1.588382 -3.566204
vn 0.02815008 1.588382 -3.387796
vn -0.0001072884 1.588382 -3.209385
vn -0.0001067519 1.588382 -3.209387
vn -0.08211473 1.588382 -3.048437
vn -0.2098471 1.588382 -2.920706
vn -0.08211464 1.588382 -3.048437
vn -0.2098426 1.588382 -2.92071
vn -0.2211777 1.739728 -2.937431
vn -0.4345938 2.031384 -3.035733
vn -0.3314239 2.031391 -3.088379
vn -0.3763832 1.739694 -2.858105
vn -0.209847 1.588382 -2.920706
vn -0.5489974 2.031386 -3.017552
vn -0.3707901 1.588382 -2.838703
vn -0.2098471 1.588382 -2.920706
vn -0.5485318 1.739696 -2.830627
vn -0.6634353 2.03137 -3.035594
vn -0.7207394 1.739696 -2.85769
vn -0.7666682 2.031389 -3.088152
vn -0.5492007 1.588382 -2.810446
vn -0.3707906 1.588382 -2.838703
vn -0.2098426 1.588382 -2.92071
vn -0.3707844 1.588382 -2.838705
vn -0.7207394 1.739696 -2.85769
vn -0.8761528 1.739722 -2.936651
vn -0.7666682 2.031389 -3.088152
vn -0.7276112 1.588382 -2.838703
vn -0.8885598 1.588382 -2.920711
vn -0.5492007 1.588382 -2.810446
vn -0.7276102 1.588382 -2.838703
vn -0.8885593 1.588382 -2.920711
vn -0.5492001 1.588382 -2.810446
vn -0.3707906 1.588382 -2.838703
vn -0.3707844 1.588382 -2.838705
vn -0.5491977 1.588382 -2.810446
vn -0.7276103 1.588382 -2.838703
vn -0.8885596 1.588382 -2.920711
vn -0.8761528 1.739722 -2.936651
vn -0.8486137 2.031386 -3.170006
vn -0.7666682 2.031389 -3.088152
vn -0.9995578 1.739685 -3.059743
vn -0.8885598 1.588382 -2.920711
vn -0.9012605 2.031388 -3.273197
vn -1.07889 1.739711 -3.214991
vn -0.9194287 2.031399 -3.387595
vn -1.016283 1.588382 -3.048434
vn -0.8885593 1.588382 -2.920711
vn -1.016283 1.588382 -3.048434
vn -0.8885596 1.588382 -2.920711
vn -1.098293 1.588382 -3.209385
vn -1.016283 1.588382 -3.048433
vn -1.098292 1.588382 -3.209381
vn -1.098293 1.588382 -3.209385
vn -1.016283 1.588382 -3.048434
vn -1.098293 1.588382 -3.209385
vn -1.07889 1.739711 -3.214991
vn -1.106363 1.739717 -3.387127
vn -0.9194287 2.031399 -3.387595
vn -0.9013663 2.031402 -3.502016
vn -1.126551 1.588382 -3.387798
vn -1.098292 1.588382 -3.209381
vn -1.079296 1.739722 -3.559343
vn -0.8488499 2.031391 -3.605251
vn -1.126551 1.588382 -3.387794
vn -1.098293 1.588382 -3.209385
vn -1.126551 1.588382 -3.387796
vn -1.00035 1.739718 -3.714744
vn -0.7669814 2.031387 -3.687214
vn -0.8772384 1.739681 -3.838166
vn -1.09829 1.588382 -3.566216
vn -1.098291 1.588382 -3.566212
vn -1.098292 1.588382 -3.566208
vn -1.016281 1.588382 -3.727161
vn -0.8885623 1.588382 -3.854879
vn -0.8772384 1.739681 -3.838166
vn -0.6637927 2.03139 -3.739855
vn -0.7669814 2.031387 -3.687214
vn -0.7220132 1.739701 -3.917486
vn -0.5494146 2.031419 -3.758001
vn -0.5498789 1.739759 -3.944948
vn -0.7276219 1.588382 -3.936885
vn -0.8885623 1.588382 -3.854879
vn -0.8885611 1.588382 -3.85488
vn -0.5491998 1.588382 -3.965146
vn -0.3776518 1.739707 -3.917895
vn -0.3707791 1.588382 -3.936885
vn -0.7276213 1.588382 -3.936885
vn -0.8885647 1.588382 -3.854877
vn -0.7276205 1.588382 -3.936886
vn -0.5492004 1.588382 -3.965146
vn -0.370779 1.588382 -3.936885
vn -0.5492027 1.588382 -3.965146
vn -0.3707784 1.588382 -3.936885
vn -0.33174 2.031393 -3.687439
vn -0.4652971 2.148097 -3.50187
vn -0.5046363 2.148095 -3.522216
vn -0.4349777 2.031398 -3.739966
vn -0.5483745 2.148096 -3.529406
vn -0.5494146 2.031419 -3.758001
vn -0.5921557 2.148097 -3.522733
vn -0.6637927 2.03139 -3.739855
vn -0.6317664 2.148096 -3.502847
vn -0.7669814 2.031387 -3.687214
vn -0.663276 2.148095 -3.471714
vn -0.8488499 2.031391 -3.605251
vn -0.6836445 2.148091 -3.432347
vn -0.9013663 2.031402 -3.502016
vn -0.6908103 2.148096 -3.388628
vn -0.9194287 2.031399 -3.387595
vn -0.6841293 2.148098 -3.344827
vn -0.9012605 2.031388 -3.273197
vn -0.6642572 2.148095 -3.30523
vn -0.8486137 2.031386 -3.170006
vn -0.6331296 2.148091 -3.273711
vn -0.7666682 2.031389 -3.088152
vn -0.593774 2.148088 -3.25335
vn -0.6634353 2.03137 -3.035594
vn -0.5500298 2.148094 -3.246179
vn -0.5489974 2.031386 -3.017552
vn -0.5062292 2.148094 -3.252855
vn -0.4345938 2.031384 -3.035733
vn -0.4666264 2.148091 -3.272727
vn -0.3314239 2.031391 -3.088379
vn -0.4351409 2.148098 -3.303881
vn -0.2495661 2.031401 -3.17034
vn -0.4147565 2.148091 -3.343246
vn -0.1970204 2.03139 -3.273573
vn -0.4075876 2.148095 -3.386965
vn -0.1789673 2.031396 -3.387997
vn -0.4142638 2.148096 -3.430761
vn -0.1971391 2.031389 -3.50239
vn -0.2497819 2.031384 -3.605583
vn -0.4652971 2.148097 -3.50187
vn -0.33174 2.031393 -3.687439
vn -0.4341224 2.148088 -3.470376
vn -0.1971391 2.031389 -3.50239
vn -0.4142638 2.148096 -3.430761
vn -1.016285 1.588382 -3.727156
vn -0.8885647 1.588382 -3.854877
vn -0.8885611 1.588382 -3.85488
vn -1.016282 1.588382 -3.72716
vn -1.098292 1.588382 -3.566208
vn -0.8885623 1.588382 -3.854879
vn -1.098291 1.588382 -3.566212
vn -1.016281 1.588382 -3.727161
vn -0.4781907 1.055642 -3.176895
vn -0.3211746 1.158265 -3.077414
vn -0.4165035 1.055631 -3.209189
vn -0.2364267 1.158253 -3.163086
vn -0.3677849 1.055645 -3.258907
vn -0.1822837 1.158265 -3.270729
vn -0.3368429 1.055641 -3.32128
vn -0.1640724 1.15826 -3.389842
vn -0.3266823 1.055641 -3.390161
vn -0.1835493 1.158264 -3.508754
vn -0.338296 1.055645 -3.458811
vn -0.2388231 1.158266 -3.615829
vn -0.3705677 1.055644 -3.520513
vn -0.4781907 1.055642 -3.176895
vn -0.4282432 1.15826 -3.02215
vn -0.3211746 1.158265 -3.077414
vn -0.5468314 1.05564 -3.16528
vn -0.5471559 1.158261 -3.002667
vn -0.615718 1.055642 -3.175438
vn -0.666252 1.158255 -3.020887
vn -0.678072 1.055638 -3.206389
vn -0.7739283 1.158269 -3.075013
vn -0.6701598 1.158262 -3.753444
vn -0.8676245 1.382595 -3.823216
vn -0.7772311 1.158258 -3.698164
vn -0.7174782 1.38259 -3.900305
vn -0.5512386 1.158274 -3.77294
vn -0.5508808 1.382593 -3.927223
vn -0.7275313 1.588218 -3.936914
vn -0.4321356 1.158264 -3.754712
vn -0.549127 1.588221 -3.965146
vn -0.3841173 1.382577 -3.901338
vn -0.3244821 1.158258 -3.700571
vn -0.3707172 1.588239 -3.936865
vn -0.2334923 1.382581 -3.825183
vn -0.2097748 1.588218 -3.854833
vn -0.7174782 1.38259 -3.900305
vn -0.8885011 1.588217 -3.854923
vn -0.8676245 1.382595 -3.823216
vn -0.7275313 1.588218 -3.936914
vn -0.8585274 1.819132 -3.81722
vn -0.3707172 1.588239 -3.936865
vn -0.5470452 1.819124 -3.917028
vn -0.549127 1.588221 -3.965146
vn -0.7106855 1.819136 -3.891788
vn -0.7275313 1.588218 -3.936914
vn -0.8585274 1.819132 -3.81722
vn -0.7734292 2.018148 -3.701414
vn -0.6655536 2.018136 -3.755365
vn -0.5462693 2.018131 -3.773335
vn -0.3836192 1.81913 -3.89046
vn -0.4272816 2.018137 -3.753556
vn -0.3707172 1.588239 -3.936865
vn -0.3836192 1.81913 -3.89046
vn -0.5470452 1.819124 -3.917028
vn -0.2097748 1.588218 -3.854833
vn -0.2363826 1.819125 -3.814687
vn -0.4272816 2.018137 -3.753556
vn -0.32022 2.018147 -3.697964
vn -0.7278374 1.055643 -3.25509
vn -0.7739283 1.158269 -3.075013
vn -0.678072 1.055638 -3.206389
vn -0.8595704 1.158257 -3.15977
vn -0.7600927 1.05564 -3.316783
vn -0.9148489 1.158262 -3.26684
vn -0.7717161 1.05564 -3.385431
vn -0.9343274 1.158259 -3.385749
vn -0.7615614 1.055643 -3.454311
vn -0.9161186 1.158267 -3.504864
vn -0.7306303 1.05565 -3.516685
vn -0.8619855 1.158264 -3.612511
vn -0.681917 1.055648 -3.566441
vn -0.7772311 1.158258 -3.698164
vn -0.6202171 1.055645 -3.598701
vn -0.6202171 1.055645 -3.598701
vn -0.6701598 1.158262 -3.753444
vn -0.7772311 1.158258 -3.698164
vn -0.5515608 1.055644 -3.610321
vn -0.5512386 1.158274 -3.77294
vn -0.4826795 1.055647 -3.600167
vn -0.4321356 1.158264 -3.754712
vn -0.4203148 1.055647 -3.569221
vn -0.3244821 1.158258 -3.700571
vn -0.3705677 1.055644 -3.520513
vn -0.2388231 1.158266 -3.615829
vn -0.9865909 1.382595 -3.703509
vn -1.098268 1.588221 -3.566283
vn -1.062748 1.382599 -3.552888
vn -1.016242 1.588224 -3.727215
vn -0.8676245 1.382595 -3.823216
vn -0.8885011 1.588217 -3.854923
vn -0.9760987 1.819117 -3.70061
vn -0.8585274 1.819132 -3.81722
vn -1.051867 1.81912 -3.553385
vn -1.078434 1.819121 -3.38995
vn -1.126551 1.588212 -3.387874
vn -0.9347262 2.018143 -3.390727
vn -0.9149536 2.01814 -3.509724
vn -0.8593737 2.018141 -3.616779
vn -0.8619855 1.158264 -3.612511
vn -0.9865909 1.382595 -3.703509
vn -1.062748 1.382599 -3.552888
vn -0.9161186 1.158267 -3.504864
vn -1.088625 1.382589 -3.386118
vn -0.9343274 1.158259 -3.385749
vn -1.126551 1.588212 -3.387874
vn -1.098268 1.588221 -3.566283
vn -1.061711 1.382597 -3.219515
vn -0.9148489 1.158262 -3.26684
vn -1.098318 1.588216 -3.209463
vn -1.053201 1.819118 -3.226311
vn -1.078434 1.819121 -3.38995
vn -1.016327 1.588217 -3.048493
vn -0.9846162 1.382598 -3.069364
vn -0.8886192 1.588217 -2.920754
vn -0.8595704 1.158257 -3.15977
vn -0.8649195 1.38262 -2.950399
vn -0.7739283 1.158269 -3.075013
vn -1.016327 1.588217 -3.048493
vn -0.8620182 1.819117 -2.9609
vn -0.8886192 1.588217 -2.920754
vn -0.9786255 1.819121 -3.078463
vn -1.098318 1.588216 -3.209463
vn -0.7781838 2.01813 -3.077608
vn -1.053201 1.819118 -3.226311
vn -0.8628243 2.018137 -3.163554
vn -0.9167681 2.018138 -3.271446
vn -1.078434 1.819121 -3.38995
vn -0.9167681 2.018138 -3.271446
vn -1.053201 1.819118 -3.226311
vn -0.9347262 2.018143 -3.390727
vn -0.2307721 1.382613 -2.95237
vn -0.2099005 1.58821 -2.920668
vn -0.08216256 1.58823 -3.048371
vn -0.1118084 1.382594 -3.072086
vn -0.3211746 1.158265 -3.077414
vn -0.0001322031 1.588217 -3.209309
vn -0.2364267 1.158253 -3.163086
vn -0.03565639 1.382587 -3.222707
vn -0.1822837 1.158265 -3.270729
vn 0.02815008 1.588217 -3.387719
vn -0.009773493 1.382593 -3.389475
vn -0.1640724 1.15826 -3.389842
vn -0.03669369 1.38259 -3.556081
vn -0.1835493 1.158264 -3.508754
vn -8.368492E-05 1.588222 -3.566134
vn -0.04520154 1.819121 -3.549284
vn -0.01996779 1.819124 -3.385642
vn -0.08206767 1.588214 -3.72709
vn -0.1137785 1.382595 -3.706218
vn -0.2388231 1.158266 -3.615829
vn -0.2097748 1.588218 -3.854833
vn -0.2334923 1.382581 -3.825183
vn -0.0001322031 1.588217 -3.209309
vn -0.01996779 1.819124 -3.385642
vn 0.02815008 1.588217 -3.387719
vn -0.04653603 1.819125 -3.222206
vn -0.08216256 1.58823 -3.048371
vn -0.1636717 2.018141 -3.384866
vn -0.1816283 2.018134 -3.504147
vn -0.183441 2.018135 -3.265869
vn -0.1223065 1.81912 -3.074978
vn -0.2099005 1.58821 -2.920668
vn -0.2390217 2.018137 -3.158813
vn -0.2398574 1.819114 -2.958374
vn -0.3249605 2.018139 -3.074173
vn -0.01996779 1.819124 -3.385642
vn -0.1816283 2.018134 -3.504147
vn -0.04520154 1.819121 -3.549284
vn -0.2355811 2.018139 -3.61204
vn -0.119776 1.819125 -3.697127
vn -8.368492E-05 1.588222 -3.566134
vn -0.32022 2.018147 -3.697964
vn -0.08206767 1.588214 -3.72709
vn -0.2363826 1.819125 -3.814687
vn -0.2097748 1.588218 -3.854833
vn -0.4282432 1.15826 -3.02215
vn -0.2307721 1.382613 -2.95237
vn -0.3211746 1.158265 -3.077414
vn -0.380908 1.382593 -2.875291
vn -0.2099005 1.58821 -2.920668
vn -0.5471559 1.158261 -3.002667
vn -0.3708589 1.588209 -2.838681
vn -0.5475176 1.382595 -2.848368
vn -0.5492759 1.588216 -2.810446
vn -0.666252 1.158255 -3.020887
vn -0.7142894 1.382586 -2.874253
vn -0.7739283 1.158269 -3.075013
vn -0.3708589 1.588209 -2.838681
vn -0.2398574 1.819114 -2.958374
vn -0.2099005 1.58821 -2.920668
vn -0.387705 1.819119 -2.883799
vn -0.3249605 2.018139 -3.074173
vn -0.4328474 2.018138 -3.02023
vn -0.5492759 1.588216 -2.810446
vn -0.387705 1.819119 -2.883799
vn -0.3708589 1.588209 -2.838681
vn -0.5513535 1.819132 -2.858567
vn -0.4328474 2.018138 -3.02023
vn -0.5521303 2.018135 -3.00226
vn -0.7276962 1.588215 -2.838731
vn -0.7142894 1.382586 -2.874253
vn -0.7147964 1.819133 -2.885138
vn -0.6711249 2.018137 -3.022038
vn -0.8649195 1.38262 -2.950399
vn -0.7739283 1.158269 -3.075013
vn -0.8886192 1.588217 -2.920754
vn -0.8620182 1.819117 -2.9609
vn -0.7781838 2.01813 -3.077608
vn -0.7772311 1.158258 -3.698164
vn -0.8676245 1.382595 -3.823216
vn -0.9865909 1.382595 -3.703509
vn -0.8619855 1.158264 -3.612511
vn -0.8585274 1.819132 -3.81722
vn -0.8593737 2.018141 -3.616779
vn -0.9760987 1.819117 -3.70061
vn -0.7734292 2.018148 -3.701414
vn -0.2390217 2.018137 -3.158813
vn -0.3947635 2.14221 -3.335286
vn -0.183441 2.018135 -3.265869
vn -0.3860941 2.14221 -3.385583
vn -0.1636717 2.018141 -3.384866
vn -0.393387 2.142208 -3.436094
vn -0.1816283 2.018134 -3.504147
vn -0.4159401 2.142207 -3.481886
vn -0.1816283 2.018134 -3.504147
vn -0.4159401 2.142207 -3.481886
vn -0.2355811 2.018139 -3.61204
vn -0.4515358 2.142209 -3.518451
vn -0.32022 2.018147 -3.697964
vn -0.4966837 2.142207 -3.542241
vn -0.4272816 2.018137 -3.753556
vn -0.546988 2.142208 -3.550908
vn -0.5462693 2.018131 -3.773335
vn -0.5975109 2.142206 -3.543611
vn -0.6655536 2.018136 -3.755365
vn -0.6432865 2.142208 -3.521056
vn -0.7734292 2.018148 -3.701414
vn -0.6798573 2.142208 -3.485465
vn -0.8593737 2.018141 -3.616779
vn -0.7036407 2.142209 -3.440308
vn -0.9149536 2.01814 -3.509724
vn -0.712311 2.142208 -3.390011
vn -0.9347262 2.018143 -3.390727
vn -0.7050126 2.142208 -3.339498
vn -0.9167681 2.018138 -3.271446
vn -0.6824554 2.142209 -3.293707
vn -0.8628243 2.018137 -3.163554
vn -0.6468651 2.14221 -3.257144
vn -0.7781838 2.01813 -3.077608
vn -0.6017114 2.142207 -3.233348
vn -0.6711249 2.018137 -3.022038
vn -0.551415 2.142208 -3.224685
vn -0.5521303 2.018135 -3.00226
vn -0.5008985 2.142207 -3.231979
vn -0.4328474 2.018138 -3.02023
vn -0.4551213 2.14221 -3.254538
vn -0.3249605 2.018139 -3.074173
vn -0.4185503 2.14221 -3.290127
vn -0.2390217 2.018137 -3.158813
vn -0.3947635 2.14221 -3.335286
vn -0.5812985 2.163371 -3.346677
vn -0.5924379 2.163371 -3.358612
vn -0.5670253 2.163372 -3.338775
vn -0.55099 2.163372 -3.335672
vn -0.5993346 2.163372 -3.373398
vn -0.5348026 2.163372 -3.337665
vn -0.6013381 2.163371 -3.389593
vn -0.5200093 2.163372 -3.344568
vn -0.5982332 2.163371 -3.405612
vn -0.508061 2.16337 -3.355702
vn -0.5903397 2.16337 -3.41989
vn -0.5001711 2.163371 -3.369977
vn -0.5783906 2.163372 -3.431023
vn -0.4970695 2.163372 -3.385998
vn -0.5636043 2.163372 -3.437927
vn -0.3860941 2.14221 -3.385583
vn -0.4990661 2.163372 -3.402193
vn -0.5474036 2.163372 -3.439922
vn -0.393387 2.142208 -3.436094
vn -0.5059626 2.163371 -3.41698
vn -0.5313756 2.163372 -3.436817
vn -0.5171031 2.163372 -3.428913
vn -0.3953389 1.285801 -2.92078
vn -0.2417083 1.335354 -2.969754
vn -0.2585721 1.285755 -2.991204
vn -0.3859051 1.335267 -2.895251
vn -0.5471244 1.285644 -2.896188
vn -0.2106936 1.623002 -2.921376
vn -0.5461187 1.335255 -2.868902
vn -0.371353 1.622982 -2.839611
vn -0.5494888 1.623016 -2.811486
vn -0.6991479 1.285679 -2.919587
vn -0.5461187 1.335255 -2.868902
vn -0.5471244 1.285644 -2.896188
vn -0.7065789 1.335255 -2.893335
vn -0.8365834 1.285824 -2.988794
vn -0.5494888 1.623016 -2.811486
vn -0.851707 1.335308 -2.966161
vn -0.727578 1.622972 -2.839783
vn -0.8881985 1.623031 -2.921735
vn -0.8881985 1.623031 -2.921735
vn -0.8004183 1.981632 -3.047829
vn -0.6831037 1.981623 -2.986841
vn -0.727578 1.622972 -2.839783
vn -0.5525882 1.981615 -2.965078
vn -0.5494888 1.623016 -2.811486
vn -0.4217627 1.981622 -2.984738
vn -0.371353 1.622982 -2.839611
vn -0.3034629 1.981622 -3.043835
vn -0.2106936 1.623002 -2.921376
vn -0.08098817 1.285714 -3.237788
vn -0.03028315 1.335303 -3.39088
vn -0.05756769 1.285684 -3.389849
vn -0.05473137 1.335304 -3.230363
vn 0.02710962 1.623028 -3.387518
vn -0.1502678 1.285643 -3.100507
vn -0.001186609 1.623025 -3.20943
vn -0.1275641 1.33532 -3.08528
vn -0.2585721 1.285755 -2.991204
vn -0.08312392 1.623024 -3.048818
vn -0.2417083 1.335354 -2.969754
vn -0.2106936 1.623002 -2.921376
vn -0.1526737 1.285628 -3.678381
vn -0.2466879 1.335298 -3.809421
vn -0.2618279 1.285772 -3.786766
vn -0.1311953 1.335299 -3.695292
vn -0.2102167 1.623053 -3.853866
vn -0.08228314 1.285647 -3.541657
vn -0.08277884 1.62304 -3.726297
vn -0.05662557 1.335309 -3.551067
vn -0.05756769 1.285684 -3.389849
vn -0.001004457 1.623012 -3.565604
vn -0.03028315 1.335303 -3.39088
vn 0.02710962 1.623028 -3.387518
vn -0.08277884 1.62304 -3.726297
vn -0.2052155 1.981591 -3.63355
vn -0.2980052 1.981604 -3.727812
vn -0.001004457 1.623012 -3.565604
vn -0.1461045 1.981594 -3.5152
vn 0.02710962 1.623028 -3.387518
vn -0.1264889 1.981622 -3.384406
vn -0.001186609 1.623025 -3.20943
vn -0.148213 1.981607 -3.253942
vn -0.08312392 1.623024 -3.048818
vn -0.2092118 1.981614 -3.136579
vn -0.2106936 1.623002 -2.921376
vn -0.3034629 1.981622 -3.043835
vn -1.017364 1.285622 -3.537771
vn -1.068114 1.335297 -3.384706
vn -1.040807 1.285642 -3.38575
vn -1.043676 1.335303 -3.545207
vn -1.125511 1.623017 -3.388088
vn -0.9481235 1.28562 -3.675074
vn -1.097221 1.623022 -3.566139
vn -0.9708339 1.335326 -3.69032
vn -0.8398254 1.285749 -3.784385
vn -1.015278 1.623017 -3.726773
vn -0.8566797 1.335314 -3.805822
vn -0.887709 1.623028 -3.854213
vn -0.9457553 1.285692 -3.097183
vn -0.851707 1.335308 -2.966161
vn -0.8365834 1.285824 -2.988794
vn -0.9672043 1.335308 -3.080291
vn -0.8881985 1.623031 -2.921735
vn -1.016096 1.285621 -3.23392
vn -1.015618 1.623038 -3.049289
vn -1.04177 1.335316 -3.2245
vn -1.040807 1.285642 -3.38575
vn -1.097391 1.623021 -3.209973
vn -1.068114 1.335297 -3.384706
vn -1.125511 1.623017 -3.388088
vn -1.015618 1.623038 -3.049289
vn -0.8004183 1.981632 -3.047829
vn -0.8881985 1.623031 -2.921735
vn -0.8931706 1.981608 -3.14205
vn -1.097391 1.623021 -3.209973
vn -0.9522943 1.981587 -3.260364
vn -1.125511 1.623017 -3.388088
vn -0.9522943 1.981587 -3.260364
vn -1.097391 1.623021 -3.209973
vn -0.9719375 1.981594 -3.391179
vn -1.097221 1.623022 -3.566139
vn -0.9501927 1.981609 -3.52163
vn -1.015278 1.623017 -3.726773
vn -0.8891847 1.981613 -3.63902
vn -0.887709 1.623028 -3.854213
vn -0.7949027 1.981628 -3.731775
vn -0.3992167 1.285876 -3.85612
vn -0.5522815 1.335251 -3.906687
vn -0.551275 1.285547 -3.879344
vn -0.7124993 1.335282 -3.880347
vn -0.7030565 1.285765 -3.85479
vn -0.7270365 1.623035 -3.935981
vn -0.5489263 1.623006 -3.964107
vn -0.887709 1.623028 -3.854213
vn -0.8566797 1.335314 -3.805822
vn -0.8398254 1.285749 -3.784385
vn -0.2466879 1.335298 -3.809421
vn -0.2102167 1.623053 -3.853866
vn -0.370822 1.623026 -3.935805
vn -0.3918159 1.335286 -3.882271
vn -0.2618279 1.285772 -3.786766
vn -0.5489263 1.623006 -3.964107
vn -0.3992167 1.285876 -3.85612
vn -0.5522815 1.335251 -3.906687
vn -0.7270365 1.623035 -3.935981
vn -0.7949027 1.981628 -3.731775
vn -0.887709 1.623028 -3.854213
vn -0.6766146 1.981635 -3.790848
vn -0.5489263 1.623006 -3.964107
vn -0.5458171 1.981611 -3.810517
vn -0.370822 1.623026 -3.935805
vn -0.415291 1.981638 -3.788734
vn -0.2102167 1.623053 -3.853866
vn -0.2980052 1.981604 -3.727812
vn -0.4822317 2.153744 -3.291799
vn -0.5189016 2.156253 -3.288105
vn -0.5134849 2.155319 -3.490947
vn -0.5472444 2.156692 -3.48955
vn -0.5511472 2.156693 -3.286045
vn -0.5794994 2.156252 -3.487493
vn -0.5849327 2.155319 -3.284647
vn -0.6161602 2.153744 -3.483798
vn -0.6265808 2.151299 -3.285472
vn -0.415291 1.981638 -3.788734
vn -0.2980052 1.981604 -3.727812
vn -0.4718183 2.151298 -3.490128
vn -0.5458171 1.981611 -3.810517
vn -0.6766146 1.981635 -3.790848
vn -0.7949027 1.981628 -3.731775
vn -0.6636923 2.147598 -3.474413
vn -0.8891847 1.981613 -3.63902
vn -0.7265145 2.134387 -3.449209
vn -0.9501927 1.981609 -3.52163
vn -0.6831297 2.142157 -3.294362
vn -0.7909079 2.112681 -3.392456
vn -0.9719375 1.981594 -3.391179
vn -0.7549886 2.124179 -3.325296
vn -0.9522943 1.981587 -3.260364
vn -0.8931706 1.981608 -3.14205
vn -0.8004183 1.981632 -3.047829
vn -0.4822317 2.153744 -3.291799
vn -0.5134849 2.155319 -3.490947
vn -0.4718183 2.151298 -3.490128
vn -0.4347297 2.147604 -3.301187
vn -0.3034629 1.981622 -3.043835
vn -0.4217627 1.981622 -2.984738
vn -0.5189016 2.156253 -3.288105
vn -0.5525882 1.981615 -2.965078
vn -0.5511472 2.156693 -3.286045
vn -0.2092118 1.981614 -3.136579
vn -0.3719129 2.134396 -3.326383
vn -0.148213 1.981607 -3.253942
vn -0.4152341 2.142146 -3.481241
vn -0.3075256 2.112696 -3.383136
vn -0.1264889 1.981622 -3.384406
vn -0.3434407 2.124191 -3.450287
vn -0.1461045 1.981594 -3.5152
vn -0.2052155 1.981591 -3.63355
vn -0.2980052 1.981604 -3.727812
vn -0.6831037 1.981623 -2.986841
vn -0.5511472 2.156693 -3.286045
vn -0.5525882 1.981615 -2.965078
vn -0.5849327 2.155319 -3.284647
vn -0.8004183 1.981632 -3.047829
vn -0.6265808 2.151299 -3.285472
vn -0.0001075864 1.588382 -3.209384
vn -0.0001086593 1.588382 -3.209381
vn -0.0821124 1.588382 -3.04844
vn -0.08211106 1.588382 -3.048442
vn -0.0001063347 1.588382 -3.209388
vn -0.2098394 1.588382 -2.920712
vn -0.08211118 1.588382 -3.048442
vn -0.2098394 1.588382 -2.920712
vn -0.2098509 1.588382 -2.920703
vn -0.2098479 1.588382 -3.854886
vn -0.2098477 1.588382 -3.854886
vn -0.08211133 1.588382 -3.72715
vn -0.08211058 1.588382 -3.727149
vn -0.2098352 1.588382 -3.854877
vn -0.0001050234 1.588382 -3.566199
vn -0.0821096 1.588382 -3.727148
vn -0.000105381 1.588382 -3.5662
vn 0.02815008 1.588382 -3.387794
vn -0.0001063943 1.588382 -3.566204
vn 0.02815008 1.588382 -3.387797
vn -0.0001086593 1.588382 -3.209381
vn 0.02815008 1.588382 -3.387796
vn -0.0001075864 1.588382 -3.209384
vn -0.0001063347 1.588382 -3.209388
vn -1.126551 1.588382 -3.387796
vn -1.126551 1.588382 -3.387796
vn -1.098294 1.588382 -3.566205
vn -1.098294 1.588382 -3.566204
vn -1.126551 1.588382 -3.387796
vn -1.016293 1.588382 -3.727145
vn -1.098294 1.588382 -3.566204
vn -1.016292 1.588382 -3.727146
vn -0.888551 1.588382 -3.854887
vn -1.016291 1.588382 -3.727148
vn -0.8885484 1.588382 -3.854889
vn -0.8885479 1.588382 -3.85489
vn -1.098294 1.588382 -3.209388
vn -1.126551 1.588382 -3.387796
vn -1.126551 1.588382 -3.387796
vn -1.098295 1.588382 -3.20939
vn -1.126551 1.588382 -3.387796
vn -1.016291 1.588382 -3.048444
vn -1.098294 1.588382 -3.209389
vn -1.016291 1.588382 -3.048445
vn -0.8885654 1.588382 -2.920715
vn -1.016289 1.588382 -3.048441
vn -0.8885587 1.588382 -2.92071
vn -0.8885549 1.588382 -2.920707
vn -0.8885484 1.588382 -3.854889
vn -0.888551 1.588382 -3.854887
vn -0.7276151 1.588382 -3.936887
vn -0.7276098 1.588382 -3.936889
vn -0.8885479 1.588382 -3.85489
vn -0.7275811 1.588382 -3.936898
vn -0.5492002 1.588382 -3.965146
vn -0.5492002 1.588382 -3.965146
vn -0.5492002 1.588382 -3.965146
vn -0.5492002 1.588382 -3.965146
vn -0.370783 1.588382 -3.936887
vn -0.370779 1.588382 -3.936885
vn -0.2098477 1.588382 -3.854886
vn -0.2098479 1.588382 -3.854886
vn -0.3707471 1.588382 -3.936875
vn -0.2098352 1.588382 -3.854877
vn -0.5492002 1.588382 -3.965146
vn -0.7275811 1.588382 -3.936898
vn -0.7276098 1.588382 -3.936889
vn -0.7276052 1.588382 -2.838701
vn -0.7276037 1.588382 -2.838701
vn -0.8885549 1.588382 -2.920707
vn -0.5492038 1.588382 -2.810446
vn -0.5492002 1.588382 -2.810446
vn -0.370804 1.588382 -2.838698
vn -0.3707991 1.588382 -2.8387
vn -0.3708335 1.588382 -2.838689
vn -0.5492268 1.588382 -2.810446
vn -0.2098509 1.588382 -2.920703
vn -0.2098394 1.588382 -2.920712
vn -0.2098394 1.588382 -2.920712
vn -0.7276052 1.588382 -2.838701
vn -0.8885549 1.588382 -2.920707
vn -0.8885587 1.588382 -2.92071
vn -0.7276151 1.588382 -2.838705
vn -0.8885654 1.588382 -2.920715
vn -0.5492268 1.588382 -2.810446
vn -0.5492038 1.588382 -2.810446
vn -0.5605922 1.011157 -3.384015
vn -0.4683136 1.01736 -3.414708
vn -0.4639338 1.017364 -3.388394
vn -0.5611937 1.011157 -3.387719
vn -0.4679583 1.017358 -3.362022
vn -0.5588642 1.011157 -3.380679
vn -0.4805661 1.017363 -3.43839
vn -0.5606491 1.011157 -3.391432
vn -0.4798791 1.017361 -3.338174
vn -0.5561892 1.011157 -3.37804
vn -0.4995604 1.017363 -3.457118
vn -0.5589516 1.011157 -3.394788
vn -0.4986042 1.017362 -3.319173
vn -0.5528243 1.011157 -3.376362
vn -0.523412 1.017362 -3.469064
vn -0.5563213 1.011157 -3.39746
vn -0.5222843 1.017361 -3.306902
vn -0.549127 1.011157 -3.375797
vn -0.5498064 1.017363 -3.473058
vn -0.5529854 1.011157 -3.399188
vn -0.5486075 1.017361 -3.302544
vn -0.5454179 1.011157 -3.376411
vn -0.576117 1.017362 -3.468696
vn -0.5492848 1.011157 -3.399794
vn -0.5749782 1.017361 -3.306534
vn -0.5420848 1.011157 -3.378132
vn -0.5997993 1.017362 -3.456413
vn -0.5455658 1.011157 -3.399232
vn -0.5988395 1.017363 -3.318469
vn -0.5394416 1.011157 -3.380804
vn -0.6185205 1.017361 -3.437425
vn -0.5422076 1.011157 -3.39755
vn -0.6178155 1.017361 -3.337204
vn -0.537755 1.011157 -3.384161
vn -0.6304414 1.017358 -3.41357
vn -0.5395343 1.011157 -3.394912
vn -0.6300848 1.01736 -3.360883
vn -0.5372055 1.011157 -3.387872
vn -0.6344643 1.017363 -3.387197
vn -0.5378084 1.011157 -3.391576
vn -0.4799199 1.017362 -3.338103
vn -0.4986635 1.017363 -3.319124
vn -0.4679642 1.017361 -3.361942
vn -0.4639469 1.017361 -3.388311
vn -0.5223627 1.017361 -3.306881
vn -0.468283 1.017361 -3.41463
vn -0.4805356 1.017361 -3.438324
vn -0.5486888 1.01736 -3.302549
vn -0.4995029 1.017362 -3.45707
vn -0.5750504 1.017361 -3.30656
vn -0.5233453 1.017361 -3.469032
vn -0.5989075 1.017363 -3.318515
vn -0.5497241 1.017361 -3.473043
vn -0.6178837 1.017364 -3.337265
vn -0.5760444 1.017362 -3.46872
vn -0.6301166 1.017361 -3.360962
vn -0.5997409 1.017363 -3.456466
vn -0.6344485 1.017361 -3.387281
vn -0.6184812 1.017362 -3.437491
vn -0.6304421 1.017362 -3.41365
vn -0.5492101 1.011032 -3.387796
vn -0.5492041 1.011032 -3.387796
vn -0.5491953 1.011032 -3.387796
vn -0.5491963 1.011032 -3.387796
vn -0.5492051 1.011032 -3.387796
vn -0.5492086 1.011032 -3.387796
vn -0.5492002 1.011032 -3.387796
vn -0.5491959 1.011032 -3.387796
vn -0.5492002 1.011032 -3.387796
vn -0.5492077 1.011032 -3.387796
vn -0.5492032 1.011032 -3.387796
vn -0.5491805 1.011032 -3.387796
vn -0.5491953 1.011032 -3.387796
vn -0.5492169 1.011032 -3.387796
vn -0.5491669 1.011032 -3.387796
vn -0.5492121 1.011032 -3.387796
vn -0.5492063 1.011032 -3.387796
vn -0.5492031 1.011032 -3.387796
vn -0.5491953 1.011032 -3.387796
vn -0.5491903 1.011032 -3.387796
vn -0.5492032 1.011032 -3.387796
vn -0.5491944 1.011032 -3.387796
vn -0.5491899 1.011032 -3.387796
vn -0.5491939 1.011032 -3.387796
vn -0.5491758 1.011032 -3.387796
vn -0.5492047 1.011032 -3.387796
vn -0.5491983 1.011032 -3.387796
vn -0.5491871 1.011032 -3.387796
vn -0.5491828 1.011032 -3.387796
vn -0.5492089 1.011032 -3.387796
vn -0.5491855 1.011032 -3.387796
vn -0.5492048 1.011032 -3.387796
vn -0.5491942 1.011032 -3.387796
vn -0.5491978 1.011032 -3.387796
vn -0.5492111 1.011032 -3.387796
vn -0.5492088 1.011032 -3.387796
vn -0.5492287 1.011032 -3.387796
vn -0.549167 1.011032 -3.387796
vn -0.5492002 1.011032 -3.387796
vn -0.54922 1.011032 -3.387796
vn -0.7318212 2.120398 -3.257635
vn -0.7321271 2.120394 -3.258048
vn -0.683067 2.120399 -3.207876
vn -0.6826434 2.120405 -3.207578
vn -0.7631122 2.120396 -3.32044
vn -0.6209237 2.120402 -3.175324
vn -0.7632607 2.120398 -3.320932
vn -0.6204317 2.120404 -3.175164
vn -0.7734557 2.120396 -3.389836
vn -0.5517651 2.120404 -3.163565
vn -0.7734488 2.120397 -3.390351
vn -0.5512484 2.120402 -3.163555
vn -0.761857 2.120393 -3.459035
vn -0.4823346 2.120397 -3.173734
vn -0.7616963 2.120392 -3.459524
vn -0.4818459 2.120397 -3.173886
vn -0.729421 2.120397 -3.521264
vn -0.4194683 2.120399 -3.204873
vn -0.7291183 2.120395 -3.521681
vn -0.4190443 2.120399 -3.205175
vn -0.679382 2.120387 -3.570436
vn -0.369285 2.120398 -3.253918
vn -0.6789612 2.120387 -3.570734
vn -0.3689685 2.120395 -3.254335
vn -0.6165551 2.120394 -3.601713
vn -0.3367097 2.120394 -3.316069
vn -0.6160532 2.120398 -3.60186
vn -0.336544 2.120393 -3.316557
vn -0.5471624 2.120394 -3.612056
vn -0.3249507 2.120396 -3.385241
vn -0.5466473 2.120396 -3.612047
vn -0.3249411 2.120394 -3.385757
vn -0.4779629 2.120397 -3.600445
vn -0.3351319 2.120395 -3.454661
vn -0.4774758 2.120396 -3.600283
vn -0.3352832 2.120393 -3.455154
vn -0.4157348 2.120394 -3.568028
vn -0.3662653 2.120389 -3.517553
vn -0.4153205 2.120391 -3.567731
vn -0.3665685 2.120392 -3.517967
vn -0.5441726 1.011274 -3.403726
vn -0.5442059 1.011274 -3.403735
vn -0.5395348 1.011274 -3.401413
vn -0.5395026 1.011274 -3.401396
vn -0.5493503 1.011274 -3.404498
vn -0.5357986 1.011274 -3.397757
vn -0.5493852 1.011274 -3.404498
vn -0.5357625 1.011274 -3.397734
vn -0.5545049 1.011274 -3.403635
vn -0.5333575 1.011274 -3.393127
vn -0.5545331 1.011274 -3.403625
vn -0.5333363 1.011275 -3.3931
vn -0.5591457 1.011274 -3.40122
vn -0.5325018 1.011274 -3.387974
vn -0.5591643 1.011274 -3.401203
vn -0.5324947 1.011274 -3.387946
vn -0.5628184 1.011274 -3.397491
vn -0.5332626 1.011274 -3.382804
vn -0.5628238 1.011274 -3.397468
vn -0.5332659 1.011274 -3.382777
vn -0.5651409 1.011274 -3.392815
vn -0.5355894 1.011274 -3.378124
vn -0.5651378 1.011274 -3.392788
vn -0.5356004 1.011274 -3.3781
vn -0.5659057 1.011274 -3.387646
vn -0.5392385 1.011274 -3.374388
vn -0.5658984 1.011274 -3.387617
vn -0.5392552 1.011274 -3.374371
vn -0.5650476 1.011274 -3.382492
vn -0.5438712 1.011274 -3.371967
vn -0.5650308 1.011274 -3.382465
vn -0.5438922 1.011274 -3.371958
vn -0.5626316 1.011274 -3.377857
vn -0.549015 1.011274 -3.371093
vn -0.5626007 1.011274 -3.377834
vn -0.549046 1.011274 -3.371093
vn -0.5588964 1.011274 -3.374194
vn -0.5541857 1.011274 -3.371856
vn -0.5588591 1.011274 -3.374178
vn -0.554223 1.011274 -3.371865
vt 0.5225768 0.2309628
vt 0.5122446 0.2283504
vt 0.5122446 0.2309628
vt 0.5226002 0.2283504
vt 0.5318974 0.2309628
vt 0.531942 0.2283504
vt 0.5122446 0.1961541
vt 0.5228882 0.1961541
vt 0.5324898 0.1961541
vt 0.5122446 0.1570527
vt 0.5034568 0.1570527
vt 0.5210325 0.1570527
vt 0.5289602 0.1570527
vt 0.5209289 0.1149489
vt 0.5287632 0.1149489
vt 0.5122446 0.1149489
vt 0.5205224 0.1118278
vt 0.5279899 0.1118278
vt 0.5122446 0.1118278
vt 0.5039669 0.1118278
vt 0.5035604 0.1149489
vt 0.4964994 0.1118278
vt 0.4957262 0.1149489
vt 0.4955291 0.1570527
vt 0.5019125 0.2309628
vt 0.4925473 0.2283504
vt 0.4925918 0.2309628
vt 0.5018892 0.2283504
vt 0.5122446 0.2309628
vt 0.4919995 0.1961541
vt 0.5122446 0.2283504
vt 0.5016012 0.1961541
vt 0.4955291 0.1570527
vt 0.5122446 0.1961541
vt 0.5034568 0.1570527
vt 0.05199907 0.1455486
vt 0.06363858 0.1863682
vt 0.05995383 0.1455486
vt 0.05278616 0.111938
vt 0.06052604 0.111938
vt 0.05285018 0.1092105
vt 0.06057214 0.1092105
vt 0.05199907 0.1455486
vt 0.05707084 0.1863682
vt 0.06363858 0.1863682
vt 0.06384414 0.2303221
vt 0.07202262 0.2303221
vt 0.07244701 0.2335804
vt 0.06465125 0.2335804
vt 0.08108853 0.2335804
vt 0.0719146 0.1863682
vt 0.05995383 0.1455486
vt 0.08108853 0.2303221
vt 0.08973028 0.2335804
vt 0.09015444 0.2303221
vt 0.08108853 0.1863682
vt 0.09026269 0.1863682
vt 0.06997748 0.1455486
vt 0.06052604 0.111938
vt 0.08108853 0.1455486
vt 0.09219982 0.1455486
vt 0.07027802 0.111938
vt 0.06057214 0.1092105
vt 0.07030246 0.1092105
vt 0.08108853 0.111938
vt 0.09189881 0.111938
vt 0.08108853 0.1092105
vt 0.09187482 0.1092105
vt 0.3792603 0.1144402
vt 0.3789721 0.1466364
vt 0.3896157 0.1466364
vt 0.3896157 0.1857379
vt 0.3984036 0.1857379
vt 0.3808278 0.1857379
vt 0.3693704 0.1466364
vt 0.3896157 0.2278417
vt 0.3983 0.2278417
vt 0.3978935 0.2309628
vt 0.405361 0.2309628
vt 0.4061342 0.2278417
vt 0.4063312 0.1857379
vt 0.4002593 0.1466364
vt 0.4098609 0.1466364
vt 0.3999712 0.1144402
vt 0.4093131 0.1144402
vt 0.3999479 0.1118278
vt 0.4092685 0.1118278
vt 0.3896157 0.1466364
vt 0.3984036 0.1857379
vt 0.4002593 0.1466364
vt 0.3896157 0.1144402
vt 0.3999712 0.1144402
vt 0.3792603 0.1144402
vt 0.3896157 0.1118278
vt 0.3999479 0.1118278
vt 0.3792836 0.1118278
vt 0.3699628 0.1118278
vt 0.3699183 0.1144402
vt 0.3789721 0.1466364
vt 0.3693704 0.1466364
vt 0.3729002 0.1857379
vt 0.3808278 0.1857379
vt 0.3809314 0.2278417
vt 0.3730972 0.2278417
vt 0.3896157 0.2278417
vt 0.381338 0.2309628
vt 0.3738704 0.2309628
vt 0.3896157 0.2309628
vt 0.3978935 0.2309628
vt 0.1016051 0.1092105
vt 0.1093907 0.111938
vt 0.1093269 0.1092105
vt 0.1016512 0.111938
vt 0.09187482 0.1092105
vt 0.110178 0.1455486
vt 0.09189881 0.111938
vt 0.1022232 0.1455486
vt 0.1051067 0.1863682
vt 0.09219982 0.1455486
vt 0.09853848 0.1863682
vt 0.1048234 0.2303221
vt 0.09026269 0.1863682
vt 0.09833269 0.2303221
vt 0.1037124 0.2335804
vt 0.09015444 0.2303221
vt 0.09752581 0.2335804
vt 0.08973028 0.2335804
vt 0.2658926 0.2335803
vt 0.2561868 0.2308529
vt 0.2561623 0.2335803
vt 0.2659387 0.2308529
vt 0.2736143 0.2335803
vt 0.2736781 0.2308529
vt 0.2564873 0.1972422
vt 0.2665111 0.1972422
vt 0.2744659 0.1972422
vt 0.2628259 0.1564227
vt 0.2693941 0.1564227
vt 0.2545502 0.1564227
vt 0.2626202 0.1124688
vt 0.2691108 0.1124688
vt 0.2618133 0.1092105
vt 0.2679999 0.1092105
vt 0.2544419 0.1124688
vt 0.2453762 0.1124688
vt 0.2453762 0.1564227
vt 0.2453762 0.1972422
vt 0.2561868 0.2308529
vt 0.2564873 0.1972422
vt 0.2453762 0.1972422
vt 0.2453762 0.2308529
vt 0.2561623 0.2335803
vt 0.2453762 0.2335803
vt 0.234566 0.2308529
vt 0.2345899 0.2335803
vt 0.234265 0.1972422
vt 0.2248135 0.2308529
vt 0.2248596 0.2335803
vt 0.2170736 0.2308529
vt 0.2171377 0.2335803
vt 0.2162866 0.1972422
vt 0.2242413 0.1972422
vt 0.2213583 0.1564227
vt 0.2279261 0.1564227
vt 0.2216412 0.1124688
vt 0.2362021 0.1564227
vt 0.2453762 0.1564227
vt 0.2281316 0.1124688
vt 0.2227526 0.1092105
vt 0.2289392 0.1092105
vt 0.2363101 0.1124688
vt 0.2367345 0.1092105
vt 0.2453762 0.1124688
vt 0.2453762 0.1092105
vt 0.2544419 0.1124688
vt 0.2540177 0.1092105
vt 0.2626202 0.1124688
vt 0.2618133 0.1092105
vt 0.05707084 0.1863682
vt 0.05735369 0.2303221
vt 0.06384414 0.2303221
vt 0.06465125 0.2335804
vt 0.05846507 0.2335804
vt 0.8667701 0.1122197
vt 0.8582161 0.1122197
vt 0.8579327 0.1438793
vt 0.8667701 0.1438793
vt 0.8597828 0.182862
vt 0.8667701 0.182862
vt 0.8598843 0.2242409
vt 0.8667701 0.2242409
vt 0.8601497 0.2262819
vt 0.8667701 0.2262819
vt 0.8736559 0.2242409
vt 0.8733906 0.2262819
vt 0.8737575 0.182862
vt 0.8798679 0.2242409
vt 0.8793631 0.2262819
vt 0.880061 0.182862
vt 0.8835801 0.1438793
vt 0.8756076 0.1438793
vt 0.8830408 0.1122197
vt 0.8753242 0.1122197
vt 0.8829964 0.109608
vt 0.8753008 0.109608
vt 0.8667701 0.109608
vt 0.8667701 0.109608
vt 0.8582161 0.1122197
vt 0.8667701 0.1122197
vt 0.8582395 0.109608
vt 0.8504994 0.1122197
vt 0.8505439 0.109608
vt 0.8499602 0.1438793
vt 0.8579327 0.1438793
vt 0.8534792 0.182862
vt 0.8597828 0.182862
vt 0.8536726 0.2242409
vt 0.8598843 0.2242409
vt 0.8541773 0.2262819
vt 0.8601497 0.2262819
vt 0.8665711 0.5617179
vt 0.8751897 0.528667
vt 0.8668672 0.528667
vt 0.857641 0.5617179
vt 0.857641 0.5644444
vt 0.8665465 0.5644444
vt 0.8487357 0.5644444
vt 0.857641 0.528667
vt 0.8649355 0.4879712
vt 0.8487108 0.5617179
vt 0.8407016 0.5644444
vt 0.857641 0.4879712
vt 0.8648294 0.4447742
vt 0.8406551 0.5617179
vt 0.8343262 0.5644444
vt 0.834262 0.5617179
vt 0.8484151 0.528667
vt 0.8400921 0.528667
vt 0.8334875 0.528667
vt 0.8437663 0.4879712
vt 0.8503467 0.4879712
vt 0.857641 0.4447742
vt 0.8645524 0.4426435
vt 0.8504528 0.4447742
vt 0.857641 0.4426435
vt 0.8507296 0.4426435
vt 0.8334875 0.528667
vt 0.8437663 0.4879712
vt 0.838544 0.4879712
vt 0.8439678 0.4447742
vt 0.8388214 0.4447742
vt 0.8504528 0.4447742
vt 0.8503467 0.4879712
vt 0.8507296 0.4426435
vt 0.8444947 0.4426435
vt 0.8395466 0.4426435
vt 0.7554241 0.2236704
vt 0.7639782 0.1920107
vt 0.7551407 0.1920107
vt 0.7639782 0.1530279
vt 0.7569907 0.1530279
vt 0.7709656 0.1530279
vt 0.7728156 0.1920107
vt 0.7639782 0.111649
vt 0.7570923 0.111649
vt 0.7639782 0.1096079
vt 0.7573577 0.1096079
vt 0.7705987 0.1096079
vt 0.770864 0.111649
vt 0.7765712 0.1096079
vt 0.7770759 0.111649
vt 0.7772691 0.1530279
vt 0.7807882 0.1920107
vt 0.7725323 0.2236704
vt 0.7639782 0.2236704
vt 0.7802489 0.2236704
vt 0.7639782 0.226282
vt 0.7554474 0.226282
vt 0.7725088 0.226282
vt 0.7802045 0.226282
vt 0.7639782 0.2236704
vt 0.7728156 0.1920107
vt 0.7639782 0.1920107
vt 0.7554241 0.2236704
vt 0.7554474 0.226282
vt 0.7477518 0.226282
vt 0.7477073 0.2236704
vt 0.7551407 0.1920107
vt 0.7471682 0.1920107
vt 0.7569907 0.1530279
vt 0.7506872 0.1530279
vt 0.7570923 0.111649
vt 0.7508804 0.111649
vt 0.7573577 0.1096079
vt 0.7513853 0.1096079
vt 0.8745803 0.5644444
vt 0.8809562 0.5644444
vt 0.88102 0.5617179
vt 0.8746266 0.5617179
vt 0.8665465 0.5644444
vt 0.8665711 0.5617179
vt 0.8817948 0.528667
vt 0.8751897 0.528667
vt 0.8767385 0.4879712
vt 0.871516 0.4879712
vt 0.8668672 0.528667
vt 0.8764606 0.4447742
vt 0.8649355 0.4879712
vt 0.8713142 0.4447742
vt 0.8757354 0.4426435
vt 0.8648294 0.4447742
vt 0.8707875 0.4426435
vt 0.8645524 0.4426435
vt 0.6261778 0.1070446
vt 0.6198024 0.1070446
vt 0.6197382 0.1097711
vt 0.6261313 0.1097711
vt 0.634212 0.1070446
vt 0.6189637 0.1428219
vt 0.634187 0.1097711
vt 0.6431174 0.1070446
vt 0.6431174 0.1097711
vt 0.6255683 0.1428219
vt 0.6240202 0.1835175
vt 0.6338913 0.1428219
vt 0.6431174 0.1428219
vt 0.6292425 0.1835175
vt 0.6242976 0.2267148
vt 0.635823 0.1835175
vt 0.6431174 0.1835175
vt 0.629444 0.2267148
vt 0.6250228 0.2288456
vt 0.6299709 0.2288456
vt 0.635929 0.2267148
vt 0.6431174 0.2267148
vt 0.6362058 0.2288456
vt 0.6431174 0.2288456
vt 0.6520227 0.1070446
vt 0.6431174 0.1070446
vt 0.6431174 0.1097711
vt 0.6520473 0.1097711
vt 0.6600565 0.1070446
vt 0.6431174 0.1428219
vt 0.6601028 0.1097711
vt 0.6664324 0.1070446
vt 0.6664962 0.1097711
vt 0.6523434 0.1428219
vt 0.6431174 0.1835175
vt 0.6606658 0.1428219
vt 0.667271 0.1428219
vt 0.6504117 0.1835175
vt 0.6431174 0.2267148
vt 0.6569924 0.1835175
vt 0.6622146 0.1835175
vt 0.6503056 0.2267148
vt 0.6431174 0.2288456
vt 0.6500286 0.2288456
vt 0.6567906 0.2267148
vt 0.6619368 0.2267148
vt 0.6562637 0.2288456
vt 0.6612116 0.2288456
vt 0.5422075 0.8245419
vt 0.5404858 0.8140365
vt 0.5404858 0.8245419
vt 0.8977361 0.7784755
vt 0.8932636 0.7881488
vt 0.8977361 0.786343
vt 0.2885918 0.7588158
vt 0.2849922 0.7592936
vt 0.2885918 0.7608989
vt 0.5404858 0.8023912
vt 0.5380386 0.7911041
vt 0.5380386 0.8023912
vt 0.5404858 0.7907457
vt 0.5380386 0.7809219
vt 0.5404858 0.7802402
vt 0.5422075 0.7907457
vt 0.5422075 0.7802402
vt 0.5708742 0.7907457
vt 0.5708742 0.7802402
vt 0.5741913 0.7907457
vt 0.5741913 0.7802402
vt 0.4103855 0.6743131
vt 0.4078307 0.6648979
vt 0.4078307 0.6733338
vt 0.4103855 0.6656097
vt 0.4121829 0.6743131
vt 0.4078307 0.6542684
vt 0.4121829 0.6656097
vt 0.4421093 0.6743131
vt 0.4103855 0.6546425
vt 0.4078307 0.6424853
vt 0.4103855 0.6424853
vt 0.4121829 0.6546425
vt 0.4121829 0.6424853
vt 0.4421093 0.6546425
vt 0.4421093 0.6656097
vt 0.4455722 0.6743131
vt 0.4455722 0.6656097
vt 0.4455722 0.6546425
vt 0.4103855 0.6424853
vt 0.4078307 0.6307022
vt 0.4078307 0.6424853
vt 0.4103855 0.6303281
vt 0.4078307 0.6200728
vt 0.4121829 0.6424853
vt 0.4103855 0.619361
vt 0.4078307 0.6116371
vt 0.4103855 0.6106576
vt 0.4121829 0.6303281
vt 0.4121829 0.619361
vt 0.4121829 0.6106576
vt 0.4421093 0.6424853
vt 0.4421093 0.6546425
vt 0.4455722 0.6546425
vt 0.4455722 0.6424853
vt 0.4421093 0.6303281
vt 0.4455722 0.6303281
vt 0.4421093 0.619361
vt 0.4421093 0.6106576
vt 0.4455722 0.619361
vt 0.4455722 0.6106576
vt 0.6801813 0.779199
vt 0.6826285 0.790063
vt 0.6826285 0.7798808
vt 0.6801813 0.7897046
vt 0.6784596 0.779199
vt 0.6826285 0.8013499
vt 0.6784596 0.7897046
vt 0.6497929 0.779199
vt 0.6801813 0.8013499
vt 0.6826285 0.8126369
vt 0.6801813 0.8129953
vt 0.6826285 0.8228192
vt 0.6784596 0.8013499
vt 0.6497929 0.7897046
vt 0.6464758 0.779199
vt 0.6464758 0.7897046
vt 0.6801813 0.8129953
vt 0.6801813 0.8235008
vt 0.6826285 0.8228192
vt 0.6784596 0.8129953
vt 0.6784596 0.8235008
vt 0.6784596 0.8013499
vt 0.6497929 0.8129953
vt 0.6497929 0.8235008
vt 0.6497929 0.8013499
vt 0.6497929 0.7897046
vt 0.6464758 0.7897046
vt 0.6464758 0.8013499
vt 0.6464758 0.8129953
vt 0.6464758 0.8235008
vt 0.5530232 0.6172493
vt 0.555578 0.6266645
vt 0.555578 0.6182287
vt 0.5530232 0.6259529
vt 0.5512258 0.6172493
vt 0.555578 0.6372939
vt 0.5530232 0.6369199
vt 0.555578 0.6490773
vt 0.5512258 0.6259529
vt 0.5212994 0.6172493
vt 0.5212994 0.6259529
vt 0.5178366 0.6172493
vt 0.5512258 0.6369199
vt 0.5178366 0.6259529
vt 0.5212994 0.6369199
vt 0.5178366 0.6369199
vt 0.5512258 0.6259529
vt 0.5512258 0.6369199
vt 0.5530232 0.6369199
vt 0.5530232 0.6490773
vt 0.555578 0.6490773
vt 0.555578 0.6608602
vt 0.5512258 0.6490773
vt 0.5212994 0.6369199
vt 0.5530232 0.6612343
vt 0.555578 0.6714896
vt 0.5212994 0.6490773
vt 0.5178366 0.6369199
vt 0.5178366 0.6490773
vt 0.5530232 0.6722014
vt 0.555578 0.6799256
vt 0.5530232 0.6809048
vt 0.5512258 0.6612343
vt 0.5212994 0.6612343
vt 0.5178366 0.6612343
vt 0.5512258 0.6722014
vt 0.5512258 0.6809048
vt 0.5404858 0.8245419
vt 0.5380386 0.8136782
vt 0.5380386 0.8238603
vt 0.5404858 0.8140365
vt 0.5380386 0.8023912
vt 0.5404858 0.8023912
vt 0.5422075 0.8140365
vt 0.5422075 0.8245419
vt 0.5708742 0.8245419
vt 0.5422075 0.8023912
vt 0.5404858 0.7907457
vt 0.5422075 0.7907457
vt 0.5708742 0.8140365
vt 0.5741913 0.8245419
vt 0.5741913 0.8140365
vt 0.5708742 0.8023912
vt 0.5708742 0.7907457
vt 0.5741913 0.8023912
vt 0.5741913 0.7907457
vt 0.483484 0.4773109
vt 0.4817116 0.4748713
vt 0.4725602 0.4795343
vt 0.4734918 0.4824022
vt 0.4624156 0.481141
vt 0.4624156 0.4841562
vt 0.4522711 0.4795343
vt 0.4513394 0.4824022
vt 0.4431196 0.4748713
vt 0.4413474 0.4773109
vt 0.435857 0.467609
vt 0.4334176 0.4693809
vt 0.4311942 0.4584574
vt 0.4283264 0.4593891
vt 0.4295874 0.448313
vt 0.4265721 0.448313
vt 0.431194 0.4381683
vt 0.4283264 0.4372364
vt 0.435857 0.4290168
vt 0.4334175 0.4272446
vt 0.4431196 0.4217542
vt 0.4413472 0.4193148
vt 0.4522711 0.4170912
vt 0.4513394 0.4142236
vt 0.4624156 0.4154845
vt 0.4624156 0.4124691
vt 0.4725602 0.4170912
vt 0.4734918 0.4142236
vt 0.4817116 0.4217542
vt 0.4834839 0.4193148
vt 0.4889743 0.4290168
vt 0.4914137 0.4272446
vt 0.4936371 0.4381683
vt 0.4965049 0.4372364
vt 0.4952439 0.4483128
vt 0.4982591 0.4483128
vt 0.4936371 0.4584574
vt 0.4965049 0.4593891
vt 0.4914137 0.4693809
vt 0.4817116 0.4748713
vt 0.483484 0.4773109
vt 0.4889743 0.467609
vt 0.4965049 0.4593891
vt 0.4936371 0.4584574
vt 0.5178366 0.6722014
vt 0.5178366 0.6809048
vt 0.5212994 0.6809048
vt 0.5212994 0.6722014
vt 0.5178366 0.6612343
vt 0.5512258 0.6809048
vt 0.5212994 0.6612343
vt 0.5512258 0.6722014
vt 0.1205166 0.623044
vt 0.1215093 0.61202
vt 0.1166849 0.6155245
vt 0.1142225 0.6047335
vt 0.110718 0.6095572
vt 0.105041 0.6000555
vt 0.1031986 0.6057259
vt 0.09486339 0.5984434
vt 0.09486339 0.6044058
vt 0.08468555 0.6000555
vt 0.08652797 0.6057259
vt 0.07550425 0.6047335
vt 0.07900876 0.6095572
vt 0.1205166 0.623044
vt 0.1261871 0.6212016
vt 0.1215093 0.61202
vt 0.1218363 0.6313792
vt 0.1277989 0.6313792
vt 0.1205166 0.6397144
vt 0.1261871 0.641557
vt 0.1166849 0.6472336
vt 0.1215093 0.6507384
vt 0.4769915 0.8112637
vt 0.4727073 0.8220168
vt 0.4769915 0.8207603
vt 0.4727073 0.8119244
vt 0.4769915 0.800737
vt 0.4727073 0.800737
vt 0.4663045 0.8125405
vt 0.4769915 0.7902102
vt 0.4663045 0.800737
vt 0.4727073 0.7895494
vt 0.4769915 0.7807136
vt 0.4663045 0.7889334
vt 0.4727073 0.7794572
vt 0.4663045 0.7782851
vt 0.4727073 0.8119244
vt 0.4663045 0.8231888
vt 0.4727073 0.8220168
vt 0.4663045 0.8125405
vt 0.4586633 0.8220264
vt 0.4663045 0.7889334
vt 0.4586633 0.800737
vt 0.4663045 0.800737
vt 0.4586633 0.8119295
vt 0.4663045 0.8125405
vt 0.4586633 0.8220264
vt 0.4514902 0.8192789
vt 0.4514902 0.8104849
vt 0.4514902 0.800737
vt 0.4586633 0.7895445
vt 0.4514902 0.7909889
vt 0.4663045 0.7889334
vt 0.4586633 0.7895445
vt 0.4586633 0.800737
vt 0.4663045 0.7782851
vt 0.4586633 0.7794476
vt 0.4514902 0.7909889
vt 0.4514902 0.7821952
vt 0.1107176 0.6532009
vt 0.1215093 0.6507384
vt 0.1166849 0.6472336
vt 0.1142225 0.6580247
vt 0.1031986 0.6570322
vt 0.105041 0.6627029
vt 0.09486317 0.6583523
vt 0.09486317 0.6643147
vt 0.08652797 0.6570322
vt 0.08468555 0.6627027
vt 0.07900876 0.6532009
vt 0.07550425 0.6580247
vt 0.07304141 0.6472336
vt 0.0682179 0.6507384
vt 0.06921018 0.6397144
vt 0.06921018 0.6397144
vt 0.06353946 0.6415566
vt 0.0682179 0.6507384
vt 0.06789006 0.6313792
vt 0.06192765 0.6313792
vt 0.06921018 0.623044
vt 0.06353946 0.6212016
vt 0.07304141 0.6155245
vt 0.0682179 0.61202
vt 0.07900876 0.6095572
vt 0.07550425 0.6047335
vt 0.7998449 0.7797874
vt 0.8065289 0.7698947
vt 0.7998449 0.7692512
vt 0.8065289 0.7810108
vt 0.7998449 0.7881488
vt 0.8065289 0.7898327
vt 0.8145059 0.7797974
vt 0.8145059 0.7881624
vt 0.8145059 0.7692565
vt 0.8145059 0.7575725
vt 0.8065289 0.7575725
vt 0.8219942 0.7575725
vt 0.8219942 0.7677487
vt 0.8219942 0.7769291
vt 0.7953724 0.7784755
vt 0.7998449 0.7797874
vt 0.7998449 0.7692512
vt 0.7953724 0.7685619
vt 0.7998449 0.7575725
vt 0.7953724 0.7575725
vt 0.8065289 0.7575725
vt 0.8065289 0.7698947
vt 0.7998449 0.7458934
vt 0.7953724 0.7465829
vt 0.8065289 0.7452499
vt 0.8145059 0.7458883
vt 0.8145059 0.7575725
vt 0.8065289 0.734134
vt 0.7998449 0.7353574
vt 0.8065289 0.7253127
vt 0.7953724 0.7366691
vt 0.7998449 0.7269965
vt 0.7953724 0.7288011
vt 0.8065289 0.734134
vt 0.8145059 0.7269827
vt 0.8065289 0.7253127
vt 0.8145059 0.7353477
vt 0.8065289 0.7452499
vt 0.8219942 0.7309304
vt 0.8145059 0.7458883
vt 0.8219942 0.7382159
vt 0.8219942 0.7473959
vt 0.8145059 0.7575725
vt 0.8219942 0.7473959
vt 0.8145059 0.7458883
vt 0.8219942 0.7575725
vt 0.8932636 0.7269965
vt 0.8865795 0.7253127
vt 0.8865795 0.734134
vt 0.8932636 0.7353574
vt 0.8977361 0.7288011
vt 0.8865795 0.7452499
vt 0.8977361 0.7366691
vt 0.8932636 0.7458934
vt 0.8977361 0.7465829
vt 0.8865795 0.7575723
vt 0.8932636 0.7575723
vt 0.8977361 0.7575723
vt 0.8932636 0.7692512
vt 0.8977361 0.7685619
vt 0.8865795 0.7698947
vt 0.8786026 0.7692565
vt 0.8786026 0.7575723
vt 0.8865795 0.7810109
vt 0.8932636 0.7797872
vt 0.8977361 0.7784755
vt 0.8865795 0.7898327
vt 0.8932636 0.7881488
vt 0.8865795 0.7452499
vt 0.8786026 0.7575723
vt 0.8865795 0.7575723
vt 0.8786026 0.7458882
vt 0.8865795 0.734134
vt 0.8711143 0.7575723
vt 0.8711143 0.7677487
vt 0.8711143 0.7473959
vt 0.8786026 0.7353477
vt 0.8865795 0.7253127
vt 0.8711143 0.7382157
vt 0.8786026 0.7269827
vt 0.8711143 0.7309304
vt 0.8786026 0.7575723
vt 0.8711143 0.7677487
vt 0.8786026 0.7692565
vt 0.8711143 0.7769291
vt 0.8786026 0.7797974
vt 0.8865795 0.7698947
vt 0.8711143 0.7842142
vt 0.8865795 0.7810109
vt 0.8786026 0.7881624
vt 0.8865795 0.7898327
vt 0.3761794 0.784434
vt 0.3804637 0.773681
vt 0.3761794 0.7749375
vt 0.3804637 0.7837732
vt 0.3868664 0.7725089
vt 0.3761794 0.7949609
vt 0.3868664 0.7831572
vt 0.3804637 0.7949609
vt 0.3868664 0.7949609
vt 0.3761794 0.8054878
vt 0.3804637 0.8061482
vt 0.3761794 0.8149843
vt 0.3868664 0.7831572
vt 0.3945076 0.7736714
vt 0.3868664 0.7725089
vt 0.3945076 0.7837682
vt 0.4016807 0.776419
vt 0.4016807 0.7852128
vt 0.3868664 0.7949609
vt 0.3945076 0.7837682
vt 0.3868664 0.7831572
vt 0.3945076 0.7949609
vt 0.4016807 0.7852128
vt 0.4016807 0.7949609
vt 0.3868664 0.8067645
vt 0.3804637 0.8061482
vt 0.3945076 0.8061533
vt 0.4016807 0.8047087
vt 0.3804637 0.8162407
vt 0.3761794 0.8149843
vt 0.3868664 0.8174127
vt 0.3945076 0.8162503
vt 0.4016807 0.8135027
vt 0.7953724 0.786343
vt 0.7998449 0.7881488
vt 0.7998449 0.7797874
vt 0.7953724 0.7784755
vt 0.8145059 0.7881624
vt 0.8219942 0.7769291
vt 0.8145059 0.7797974
vt 0.8219942 0.7842142
vt 0.6636537 0.6240345
vt 0.6750484 0.6287926
vt 0.6721035 0.6197292
vt 0.6814703 0.6277757
vt 0.6814703 0.6182455
vt 0.6878924 0.6287926
vt 0.6908371 0.6197292
vt 0.6936856 0.6317445
vt 0.6908371 0.6197292
vt 0.6936856 0.6317445
vt 0.6992871 0.6240345
vt 0.6982827 0.636342
vt 0.7059926 0.6307405
vt 0.7012347 0.6421351
vt 0.7102984 0.6391903
vt 0.7022517 0.6485571
vt 0.7117818 0.6485571
vt 0.7012347 0.6549787
vt 0.7102984 0.6579236
vt 0.6982827 0.6607719
vt 0.7059926 0.6663737
vt 0.6936856 0.6653696
vt 0.6992871 0.6730794
vt 0.6878924 0.6683212
vt 0.6908371 0.677385
vt 0.6814705 0.6693384
vt 0.6814705 0.6788686
vt 0.6750484 0.6683212
vt 0.6721035 0.677385
vt 0.6692552 0.6653696
vt 0.6636539 0.6730796
vt 0.6646582 0.6607719
vt 0.656948 0.6663737
vt 0.6617057 0.6549789
vt 0.6526426 0.6579236
vt 0.6606887 0.6485571
vt 0.651159 0.6485571
vt 0.6617057 0.6421351
vt 0.6526426 0.6391903
vt 0.6646582 0.636342
vt 0.656948 0.6307405
vt 0.6692552 0.6317445
vt 0.6636537 0.6240345
vt 0.6750484 0.6287926
vt 0.6760786 0.6524743
vt 0.6775531 0.6539485
vt 0.6751321 0.6506164
vt 0.6748061 0.6485571
vt 0.6794109 0.6548952
vt 0.6751321 0.6464977
vt 0.6814703 0.6552213
vt 0.6760786 0.6446398
vt 0.6835299 0.6548952
vt 0.6775531 0.6431653
vt 0.6853878 0.6539485
vt 0.6794109 0.6422186
vt 0.6868621 0.6524743
vt 0.6814703 0.6418926
vt 0.6878087 0.6506164
vt 0.6814703 0.6277757
vt 0.6835299 0.6422186
vt 0.6881347 0.6485571
vt 0.6878924 0.6287926
vt 0.6853878 0.6431653
vt 0.6878087 0.6464977
vt 0.6868621 0.6446398
vt 0.1896134 0.7457391
vt 0.1904209 0.7434844
vt 0.1896134 0.7437768
vt 0.1904209 0.7455854
vt 0.1896134 0.7479145
vt 0.1936389 0.7426137
vt 0.1904209 0.7479145
vt 0.1936389 0.7451277
vt 0.1936389 0.7479145
vt 0.1896134 0.7500898
vt 0.1904209 0.7479145
vt 0.1896134 0.7479145
vt 0.1904209 0.7502434
vt 0.1896134 0.7520522
vt 0.1936389 0.7479145
vt 0.1904209 0.7523445
vt 0.1936389 0.7507012
vt 0.1936389 0.7532151
vt 0.1936389 0.7532151
vt 0.197087 0.7520981
vt 0.197087 0.750114
vt 0.1936389 0.7507012
vt 0.197087 0.7479145
vt 0.1936389 0.7479145
vt 0.197087 0.7457149
vt 0.1936389 0.7451277
vt 0.197087 0.7437308
vt 0.1936389 0.7426137
vt 0.2927943 0.7510113
vt 0.2919513 0.7532822
vt 0.2927943 0.7532822
vt 0.2919513 0.7508511
vt 0.2885918 0.7532822
vt 0.2927943 0.7489626
vt 0.2885918 0.7503732
vt 0.2919513 0.7486575
vt 0.2927943 0.7473367
vt 0.2885918 0.7477487
vt 0.2919513 0.7469169
vt 0.2885918 0.7456658
vt 0.2927943 0.757602
vt 0.2919513 0.7596477
vt 0.2927943 0.7592277
vt 0.2919513 0.7579069
vt 0.2885918 0.7608989
vt 0.2927943 0.7555534
vt 0.2885918 0.7588158
vt 0.2919513 0.7557135
vt 0.2927943 0.7532822
vt 0.2885918 0.7561914
vt 0.2919513 0.7532822
vt 0.2885918 0.7532822
vt 0.2885918 0.7588158
vt 0.2849922 0.7576498
vt 0.2849922 0.7592936
vt 0.2885918 0.7561914
vt 0.2849922 0.7555787
vt 0.2885918 0.7532822
vt 0.2849922 0.7532822
vt 0.2885918 0.7503732
vt 0.2849922 0.750986
vt 0.2885918 0.7477487
vt 0.2849922 0.7489149
vt 0.2885918 0.7456658
vt 0.2849922 0.747271
vt 0.2592083 0.7555533
vt 0.2600513 0.7532822
vt 0.2592083 0.7532822
vt 0.2600513 0.7557135
vt 0.2634107 0.7532822
vt 0.2592083 0.757602
vt 0.2634107 0.7561914
vt 0.2600513 0.7579069
vt 0.2592083 0.7592276
vt 0.2634107 0.7588157
vt 0.2600513 0.7596477
vt 0.2634107 0.7608988
vt 0.2592083 0.7489626
vt 0.2600513 0.7469169
vt 0.2592083 0.7473367
vt 0.2600513 0.7486575
vt 0.2634107 0.7456658
vt 0.2592083 0.7510113
vt 0.2634107 0.7477487
vt 0.2600513 0.7508511
vt 0.2592083 0.7532822
vt 0.2634107 0.7503732
vt 0.2600513 0.7532822
vt 0.2634107 0.7532822
vt 0.2634107 0.7477487
vt 0.2670103 0.7472711
vt 0.2634107 0.7456658
vt 0.2670103 0.7489149
vt 0.2634107 0.7503732
vt 0.2670103 0.750986
vt 0.2634107 0.7532822
vt 0.2670103 0.750986
vt 0.2634107 0.7503732
vt 0.2670103 0.7532822
vt 0.2634107 0.7561914
vt 0.2670103 0.7555786
vt 0.2634107 0.7588157
vt 0.2670103 0.7576497
vt 0.2634107 0.7608988
vt 0.2670103 0.7592936
vt 0.1713035 0.7401782
vt 0.170496 0.7423536
vt 0.1713035 0.7423536
vt 0.170496 0.7446826
vt 0.1713035 0.7445289
vt 0.1672779 0.7451404
vt 0.1672779 0.7423536
vt 0.1672779 0.7476544
vt 0.170496 0.7467837
vt 0.1713035 0.7464914
vt 0.170496 0.7379234
vt 0.1672779 0.7370527
vt 0.1672779 0.7395668
vt 0.170496 0.7400244
vt 0.1713035 0.7382158
vt 0.1672779 0.7423536
vt 0.1713035 0.7401782
vt 0.170496 0.7423536
vt 0.1672779 0.7451404
vt 0.1638297 0.7465373
vt 0.1672779 0.7476544
vt 0.1638297 0.7445532
vt 0.1672779 0.7423536
vt 0.1638297 0.7423536
vt 0.1672779 0.7395668
vt 0.1638297 0.740154
vt 0.1672779 0.7370527
vt 0.1638297 0.7381698
vt 0.2304601 0.7497326
vt 0.2294023 0.7491939
vt 0.2294023 0.7564119
vt 0.2282297 0.7565973
vt 0.2282297 0.7490084
vt 0.2270571 0.7564119
vt 0.2270571 0.7491939
vt 0.2259992 0.755873
vt 0.2259992 0.7497326
vt 0.230323 0.7592451
vt 0.2322114 0.7582831
vt 0.2304601 0.755873
vt 0.2282297 0.7595772
vt 0.2261363 0.7592451
vt 0.224248 0.7582831
vt 0.2251597 0.7550332
vt 0.2227493 0.7567844
vt 0.2246207 0.7539754
vt 0.2217871 0.7548963
vt 0.2251597 0.7505723
vt 0.224435 0.7528027
vt 0.2214556 0.7528027
vt 0.2246207 0.7516303
vt 0.2217871 0.7507094
vt 0.2227493 0.7488213
vt 0.224248 0.7473226
vt 0.2304601 0.7497326
vt 0.2294023 0.7564119
vt 0.2304601 0.755873
vt 0.2312996 0.7505723
vt 0.2322114 0.7473226
vt 0.230323 0.7463602
vt 0.2294023 0.7491939
vt 0.2282297 0.7460286
vt 0.2282297 0.7490084
vt 0.2337101 0.7488213
vt 0.2318386 0.7516303
vt 0.2346722 0.7507094
vt 0.2312996 0.7550332
vt 0.2320244 0.7528027
vt 0.2350038 0.7528027
vt 0.2318386 0.7539754
vt 0.2346722 0.7548963
vt 0.2337101 0.7567844
vt 0.2322114 0.7582831
vt 0.2261363 0.7463602
vt 0.2282297 0.7490084
vt 0.2282297 0.7460286
vt 0.2270571 0.7491939
vt 0.224248 0.7473226
vt 0.2259992 0.7497326
vt 0.7584597 0.8186743
vt 0.752399 0.8186743
vt 0.752399 0.8275582
vt 0.7584597 0.8275582
vt 0.759378 0.8186743
vt 0.752399 0.8346083
vt 0.759378 0.8275582
vt 0.7584597 0.8346083
vt 0.759378 0.8346083
vt 0.7584597 0.7830461
vt 0.752399 0.7830461
vt 0.752399 0.7900959
vt 0.7584597 0.7900959
vt 0.759378 0.7830461
vt 0.752399 0.7989798
vt 0.759378 0.7900959
vt 0.7584597 0.7989798
vt 0.752399 0.8088273
vt 0.759378 0.7989798
vt 0.7584597 0.8088273
vt 0.752399 0.8186743
vt 0.759378 0.8088273
vt 0.7584597 0.8186743
vt 0.759378 0.8186743
vt 0.7285721 0.8088269
vt 0.7346328 0.8088269
vt 0.7346328 0.7989795
vt 0.7285721 0.7989795
vt 0.7276539 0.8088269
vt 0.7346328 0.7900957
vt 0.7276539 0.7989795
vt 0.7285721 0.7900957
vt 0.7346328 0.7830459
vt 0.7276539 0.7900957
vt 0.7285721 0.7830459
vt 0.7276539 0.7830459
vt 0.7276539 0.8186741
vt 0.7285721 0.8088269
vt 0.7276539 0.8088269
vt 0.7285721 0.8186741
vt 0.7346328 0.8088269
vt 0.7276539 0.8275579
vt 0.7346328 0.8186741
vt 0.7285721 0.8275579
vt 0.7276539 0.8346078
vt 0.7346328 0.8275579
vt 0.7285721 0.8346078
vt 0.7346328 0.8346078
vt 0.3413652 0.7668877
vt 0.3355596 0.7668877
vt 0.3355596 0.7753974
vt 0.3413652 0.7753974
vt 0.3422448 0.7668877
vt 0.3422448 0.7753974
vt 0.3355596 0.7848305
vt 0.3413652 0.7848305
vt 0.3413652 0.7848305
vt 0.3355596 0.7848305
vt 0.3355596 0.7942634
vt 0.3413652 0.7942634
vt 0.3355596 0.8027731
vt 0.3413652 0.8027731
vt 0.3422448 0.7942634
vt 0.3422448 0.8027731
vt 0.3422448 0.7848305
vt 0.3422448 0.7753974
vt 0.3413652 0.7753974
vt 0.3116944 0.7753972
vt 0.3175 0.7753972
vt 0.3175 0.7668878
vt 0.3116944 0.7848302
vt 0.3175 0.7848302
vt 0.3116944 0.7942632
vt 0.3175 0.7942632
vt 0.3108149 0.7942632
vt 0.3108149 0.7848302
vt 0.3108149 0.8027726
vt 0.3116944 0.8027726
vt 0.3175 0.8027726
vt 0.3116944 0.7753972
vt 0.3175 0.7668878
vt 0.3116944 0.7668878
vt 0.3108149 0.7753972
vt 0.3108149 0.7668878
vt 0.3108149 0.7848302
vt 0.3116944 0.7848302
vt 0.6474743 0.4618616
vt 0.6507325 0.4608032
vt 0.6492762 0.4516088
vt 0.6458505 0.4516088
vt 0.6507325 0.4424149
vt 0.6521869 0.471111
vt 0.6549585 0.4690977
vt 0.6474743 0.4413565
vt 0.6549585 0.4341204
vt 0.6595272 0.4784515
vt 0.6615408 0.4756799
vt 0.6521871 0.4321069
vt 0.6615408 0.427538
vt 0.6687765 0.4831638
vt 0.6698351 0.4799057
vt 0.6595274 0.424767
vt 0.6698351 0.423312
vt 0.6790293 0.4847877
vt 0.6790293 0.4813623
vt 0.6687765 0.4200538
vt 0.6790293 0.4218561
vt 0.6892821 0.4831638
vt 0.6882236 0.4799057
vt 0.6790293 0.4184304
vt 0.6882236 0.423312
vt 0.6985313 0.4784515
vt 0.6965178 0.4756799
vt 0.6892821 0.4200538
vt 0.6965178 0.4275382
vt 0.7058715 0.471111
vt 0.7031001 0.4690977
vt 0.6985313 0.424767
vt 0.7031001 0.4341204
vt 0.7105842 0.4618616
vt 0.7073262 0.4608032
vt 0.7058715 0.4321069
vt 0.7073262 0.4424149
vt 0.7122082 0.4516091
vt 0.7087824 0.4516091
vt 0.7105842 0.4413565
vt 0.708643 0.4731248
vt 0.700545 0.4812227
vt 0.7138423 0.4629205
vt 0.7156337 0.4516091
vt 0.6903407 0.486422
vt 0.7138423 0.4402976
vt 0.708643 0.4300933
vt 0.6790292 0.4882134
vt 0.700545 0.4219954
vt 0.6677178 0.486422
vt 0.6903407 0.4167961
vt 0.6575137 0.4812227
vt 0.6790293 0.4150043
vt 0.6494156 0.4731245
vt 0.6677179 0.4167961
vt 0.6442162 0.4629205
vt 0.6575137 0.4219954
vt 0.6424246 0.4516088
vt 0.6494156 0.4300933
vt 0.6442162 0.4402976
vt 0.2581159 0.6255025
vt 0.2659042 0.6206683
vt 0.2646612 0.6189572
vt 0.2598268 0.6267455
vt 0.2539137 0.6337503
vt 0.2735622 0.6167665
vt 0.2729087 0.614755
vt 0.2559249 0.6344037
vt 0.2524656 0.6428924
vt 0.2820511 0.6154217
vt 0.2820511 0.6133072
vt 0.2545803 0.6428924
vt 0.2539137 0.6520349
vt 0.2559249 0.6513816
vt 0.2581159 0.6602827
vt 0.2598267 0.6590393
vt 0.2646611 0.6668278
vt 0.2659042 0.6651168
vt 0.2729087 0.6710298
vt 0.2735622 0.669019
vt 0.2820511 0.6724782
vt 0.2820511 0.6703633
vt 0.2911935 0.6710298
vt 0.2905401 0.669019
vt 0.2994411 0.6668278
vt 0.2905401 0.6167665
vt 0.2911935 0.614755
vt 0.298198 0.6651168
vt 0.3059863 0.6602827
vt 0.298198 0.6206683
vt 0.2994411 0.6189574
vt 0.3042755 0.6267455
vt 0.3059863 0.6255025
vt 0.3042755 0.6590393
vt 0.3101886 0.6520349
vt 0.3081773 0.6344037
vt 0.3101886 0.6337503
vt 0.3081773 0.6513816
vt 0.3116366 0.6428926
vt 0.3095218 0.6428926
vt 0.8631449 0.8999906
vt 0.8599723 0.9043575
vt 0.8647496 0.9091349
vt 0.8691164 0.9059621
vt 0.8556204 0.8961567
vt 0.8678165 0.9151548
vt 0.8539522 0.9012902
vt 0.8729503 0.9134868
vt 0.8472792 0.8948357
vt 0.8688735 0.9218278
vt 0.8472792 0.9002333
vt 0.8742714 0.9218278
vt 0.8389382 0.8961567
vt 0.8678167 0.9285008
vt 0.8406062 0.9012902
vt 0.8729503 0.9301688
vt 0.8314135 0.8999906
vt 0.8647496 0.9345204
vt 0.8345863 0.9043575
vt 0.8691164 0.9376932
vt 0.8254424 0.9059621
vt 0.8599723 0.9392979
vt 0.8298089 0.9091349
vt 0.8631449 0.9436648
vt 0.8216081 0.9134868
vt 0.8539522 0.9423653
vt 0.8267419 0.9151548
vt 0.8556204 0.9474987
vt 0.8202875 0.9218278
vt 0.8472794 0.9434223
vt 0.8256851 0.9218278
vt 0.8472794 0.9488197
vt 0.8216081 0.9301688
vt 0.8406062 0.9423653
vt 0.8267419 0.9285008
vt 0.8389382 0.9474987
vt 0.8254424 0.9376932
vt 0.8345863 0.9392981
vt 0.8298089 0.9345204
vt 0.8314139 0.9436648
vt 0.2885676 0.4495655
vt 0.2832161 0.4478267
vt 0.2794248 0.4552673
vt 0.2839771 0.4585746
vt 0.2901492 0.4395789
vt 0.2735202 0.4611721
vt 0.2845225 0.4395789
vt 0.2768275 0.4657242
vt 0.2885676 0.4295921
vt 0.2660795 0.4649631
vt 0.2832161 0.4313311
vt 0.2678185 0.4703146
vt 0.2839771 0.4205832
vt 0.2578317 0.4662695
vt 0.2794248 0.4238905
vt 0.2578317 0.4718963
vt 0.2768275 0.4134334
vt 0.2495841 0.4649631
vt 0.2735202 0.4179857
vt 0.2478451 0.4703144
vt 0.2678185 0.4088432
vt 0.2421435 0.4611721
vt 0.2660795 0.4141945
vt 0.238836 0.4657242
vt 0.2578319 0.4072616
vt 0.2362385 0.4552673
vt 0.2578319 0.4128881
vt 0.2316866 0.4585746
vt 0.2478451 0.4088432
vt 0.2324477 0.4478267
vt 0.2495841 0.4141945
vt 0.2270962 0.4495655
vt 0.238836 0.4134334
vt 0.2311413 0.4395789
vt 0.2421435 0.4179857
vt 0.2255145 0.4395789
vt 0.2316866 0.4205832
vt 0.2324477 0.4313309
vt 0.2362385 0.4238905
vt 0.2270962 0.4295921
usemtl Glass_White_Mat
f 3/3/3 2/2/2 1/1/1
f 2/2/2 4/4/4 1/1/1
f 1/1/1 4/4/4 5/5/5
f 4/4/4 6/6/6 5/5/5
f 2/2/2 7/7/7 4/4/4
f 4/4/4 8/8/8 6/6/6
f 7/7/7 8/8/8 4/4/4
f 8/8/8 9/9/9 6/6/6
f 7/7/7 10/10/10 8/8/8
f 11/11/11 10/10/10 7/7/7
f 8/8/8 12/12/12 9/9/9
f 10/10/10 12/12/12 8/8/8
f 12/12/12 13/13/13 9/9/9
f 12/12/12 14/14/14 13/13/13
f 14/14/14 15/15/15 13/13/13
f 10/10/10 16/16/16 12/12/12
f 16/16/16 14/14/14 12/12/12
f 14/14/14 17/17/17 15/15/15
f 17/17/17 18/18/18 15/15/15
f 19/19/19 17/17/17 14/14/14
f 16/16/16 19/19/19 14/14/14
f 20/20/20 19/19/19 16/16/16
f 21/21/21 16/16/16 10/10/10
f 21/21/21 20/20/20 16/16/16
f 11/11/11 21/21/21 10/10/10
f 22/22/22 20/20/20 21/21/21
f 23/23/23 22/22/22 21/21/21
f 23/23/23 21/21/21 11/11/11
f 24/24/24 23/23/23 11/11/11
f 27/27/27 26/26/26 25/25/25
f 26/26/26 28/28/28 25/25/25
f 25/25/25 28/28/28 29/29/29
f 26/26/26 30/30/30 28/28/28
f 28/28/28 31/31/31 29/29/29
f 30/30/30 32/32/32 28/28/28
f 28/28/28 32/32/32 31/31/31
f 30/30/30 33/33/33 32/32/32
f 32/32/32 34/34/34 31/31/31
f 33/33/33 35/35/35 32/32/32
f 32/32/32 35/35/35 34/34/34
f 38/38/38 37/37/37 36/36/36
f 38/38/38 36/36/36 39/39/39
f 40/40/40 38/38/38 39/39/39
f 40/40/40 39/39/39 41/41/41
f 42/42/42 40/40/40 41/41/41
f 45/45/45 44/44/44 43/43/43
f 45/45/45 46/46/46 44/44/44
f 47/47/47 46/46/46 45/45/45
f 47/47/47 48/48/48 46/46/46
f 48/48/48 49/49/49 46/46/46
f 50/50/50 48/48/48 47/47/47
f 51/51/51 47/47/47 45/45/45
f 51/51/51 45/45/45 52/52/52
f 53/53/53 50/50/50 47/47/47
f 53/53/53 47/47/47 51/51/51
f 54/54/54 50/50/50 53/53/53
f 55/55/55 54/54/54 53/53/53
f 55/55/55 53/53/53 56/56/56
f 56/56/56 53/53/53 51/51/51
f 57/57/57 55/55/55 56/56/56
f 58/58/58 51/51/51 52/52/52
f 56/56/56 51/51/51 58/58/58
f 58/58/58 52/52/52 59/59/59
f 57/57/57 56/56/56 60/60/60
f 60/60/60 56/56/56 58/58/58
f 61/61/61 57/57/57 60/60/60
f 62/62/62 58/58/58 59/59/59
f 60/60/60 58/58/58 62/62/62
f 62/62/62 59/59/59 63/63/63
f 64/64/64 62/62/62 63/63/63
f 61/61/61 60/60/60 65/65/65
f 65/65/65 60/60/60 62/62/62
f 65/65/65 62/62/62 64/64/64
f 66/66/66 61/61/61 65/65/65
f 67/67/67 65/65/65 64/64/64
f 66/66/66 65/65/65 67/67/67
f 68/68/68 66/66/66 67/67/67
f 71/71/71 70/70/70 69/69/69
f 71/71/71 72/72/72 70/70/70
f 73/73/73 72/72/72 71/71/71
f 72/72/72 74/74/74 70/70/70
f 70/70/70 74/74/74 75/75/75
f 72/72/72 76/76/76 74/74/74
f 77/77/77 76/76/76 72/72/72
f 73/73/73 77/77/77 72/72/72
f 77/77/77 78/78/78 76/76/76
f 79/79/79 78/78/78 77/77/77
f 80/80/80 79/79/79 77/77/77
f 80/80/80 77/77/77 73/73/73
f 81/81/81 80/80/80 73/73/73
f 81/81/81 73/73/73 82/82/82
f 83/83/83 81/81/81 82/82/82
f 83/83/83 82/82/82 84/84/84
f 85/85/85 83/83/83 84/84/84
f 85/85/85 84/84/84 86/86/86
f 87/87/87 85/85/85 86/86/86
f 90/90/90 89/89/89 88/88/88
f 90/90/90 88/88/88 91/91/91
f 92/92/92 90/90/90 91/91/91
f 91/91/91 88/88/88 93/93/93
f 92/92/92 91/91/91 94/94/94
f 95/95/95 92/92/92 94/94/94
f 94/94/94 91/91/91 96/96/96
f 91/91/91 93/93/93 96/96/96
f 96/96/96 93/93/93 97/97/97
f 93/93/93 98/98/98 97/97/97
f 93/93/93 99/99/99 98/98/98
f 99/99/99 100/100/100 98/98/98
f 102/102/102 101/101/101 100/100/100
f 102/102/102 103/103/103 101/101/101
f 103/103/103 104/104/104 101/101/101
f 105/105/105 103/103/103 102/102/102
f 103/103/103 106/106/106 104/104/104
f 106/106/106 107/107/107 104/104/104
f 108/108/108 106/106/106 103/103/103
f 105/105/105 108/108/108 103/103/103
f 109/109/109 108/108/108 105/105/105
f 112/112/112 111/111/111 110/110/110
f 111/111/111 113/113/113 110/110/110
f 110/110/110 113/113/113 114/114/114
f 111/111/111 115/115/115 113/113/113
f 113/113/113 116/116/116 114/114/114
f 115/115/115 117/117/117 113/113/113
f 113/113/113 117/117/117 116/116/116
f 115/115/115 118/118/118 117/117/117
f 117/117/117 119/119/119 116/116/116
f 118/118/118 120/120/120 117/117/117
f 117/117/117 120/120/120 119/119/119
f 118/118/118 121/121/121 120/120/120
f 120/120/120 122/122/122 119/119/119
f 121/121/121 123/123/123 120/120/120
f 120/120/120 123/123/123 122/122/122
f 121/121/121 124/124/124 123/123/123
f 123/123/123 125/125/125 122/122/122
f 124/124/124 126/126/126 123/123/123
f 123/123/123 126/126/126 125/125/125
f 126/126/126 127/127/127 125/125/125
f 130/130/130 129/129/129 128/128/128
f 129/129/129 131/131/131 128/128/128
f 128/128/128 131/131/131 132/132/132
f 131/131/131 133/133/133 132/132/132
f 129/129/129 134/134/134 131/131/131
f 131/131/131 135/135/135 133/133/133
f 134/134/134 135/135/135 131/131/131
f 135/135/135 136/136/136 133/133/133
f 135/135/135 137/137/137 136/136/136
f 137/137/137 138/138/138 136/136/136
f 134/134/134 139/139/139 135/135/135
f 139/139/139 137/137/137 135/135/135
f 137/137/137 140/140/140 138/138/138
f 140/140/140 141/141/141 138/138/138
f 140/140/140 142/142/142 141/141/141
f 142/142/142 143/143/143 141/141/141
f 144/144/144 140/140/140 137/137/137
f 139/139/139 144/144/144 137/137/137
f 145/145/145 144/144/144 139/139/139
f 146/146/146 145/145/145 139/139/139
f 146/146/146 139/139/139 134/134/134
f 147/147/147 146/146/146 134/134/134
f 150/150/150 149/149/149 148/148/148
f 151/151/151 150/150/150 148/148/148
f 151/151/151 148/148/148 152/152/152
f 153/153/153 151/151/151 152/152/152
f 154/154/154 151/151/151 153/153/153
f 155/155/155 154/154/154 153/153/153
f 156/156/156 150/150/150 151/151/151
f 154/154/154 156/156/156 151/151/151
f 157/157/157 154/154/154 155/155/155
f 158/158/158 157/157/157 155/155/155
f 159/159/159 157/157/157 158/158/158
f 160/160/160 159/159/159 158/158/158
f 159/159/159 161/161/161 157/157/157
f 157/157/157 162/162/162 154/154/154
f 161/161/161 162/162/162 157/157/157
f 162/162/162 156/156/156 154/154/154
f 161/161/161 163/163/163 162/162/162
f 163/163/163 164/164/164 162/162/162
f 162/162/162 164/164/164 156/156/156
f 163/163/163 165/165/165 164/164/164
f 156/156/156 166/166/166 150/150/150
f 164/164/164 166/166/166 156/156/156
f 166/166/166 167/167/167 150/150/150
f 165/165/165 168/168/168 164/164/164
f 164/164/164 168/168/168 166/166/166
f 165/165/165 169/169/169 168/168/168
f 169/169/169 170/170/170 168/168/168
f 166/166/166 171/171/171 167/167/167
f 168/168/168 171/171/171 166/166/166
f 168/168/168 170/170/170 171/171/171
f 170/170/170 172/172/172 171/171/171
f 171/171/171 173/173/173 167/167/167
f 171/171/171 172/172/172 173/173/173
f 172/172/172 174/174/174 173/173/173
f 173/173/173 174/174/174 175/175/175
f 174/174/174 176/176/176 175/175/175
f 175/175/175 176/176/176 177/177/177
f 176/176/176 178/178/178 177/177/177
f 181/181/181 180/180/180 179/179/179
f 181/181/181 182/182/182 180/180/180
f 182/182/182 183/183/183 180/180/180
f 186/186/186 185/185/185 184/184/184
f 187/187/187 186/186/186 184/184/184
f 188/188/188 186/186/186 187/187/187
f 189/189/189 188/188/188 187/187/187
f 190/190/190 188/188/188 189/189/189
f 191/191/191 190/190/190 189/189/189
f 192/192/192 190/190/190 191/191/191
f 193/193/193 192/192/192 191/191/191
f 193/193/193 191/191/191 194/194/194
f 195/195/195 193/193/193 194/194/194
f 191/191/191 189/189/189 196/196/196
f 194/194/194 191/191/191 196/196/196
f 195/195/195 194/194/194 197/197/197
f 198/198/198 195/195/195 197/197/197
f 197/197/197 194/194/194 199/199/199
f 194/194/194 196/196/196 199/199/199
f 199/199/199 196/196/196 200/200/200
f 196/196/196 189/189/189 201/201/201
f 196/196/196 201/201/201 200/200/200
f 189/189/189 187/187/187 201/201/201
f 200/200/200 201/201/201 202/202/202
f 201/201/201 187/187/187 203/203/203
f 201/201/201 203/203/203 202/202/202
f 202/202/202 203/203/203 204/204/204
f 187/187/187 184/184/184 203/203/203
f 203/203/203 205/205/205 204/204/204
f 203/203/203 184/184/184 205/205/205
f 184/184/184 206/206/206 205/205/205
f 209/209/209 208/208/208 207/207/207
f 208/208/208 210/210/210 207/207/207
f 208/208/208 211/211/211 210/210/210
f 211/211/211 212/212/212 210/210/210
f 213/213/213 211/211/211 208/208/208
f 214/214/214 213/213/213 208/208/208
f 215/215/215 213/213/213 214/214/214
f 216/216/216 215/215/215 214/214/214
f 217/217/217 215/215/215 216/216/216
f 218/218/218 217/217/217 216/216/216
f 219/219/219 217/217/217 218/218/218
f 220/220/220 219/219/219 218/218/218
f 223/223/223 222/222/222 221/221/221
f 223/223/223 221/221/221 224/224/224
f 224/224/224 221/221/221 225/225/225
f 221/221/221 226/226/226 225/225/225
f 224/224/224 225/225/225 227/227/227
f 228/228/228 223/223/223 224/224/224
f 229/229/229 223/223/223 228/228/228
f 230/230/230 224/224/224 227/227/227
f 228/228/228 224/224/224 230/230/230
f 230/230/230 227/227/227 231/231/231
f 232/232/232 229/229/229 228/228/228
f 233/233/233 229/229/229 232/232/232
f 234/234/234 230/230/230 231/231/231
f 234/234/234 231/231/231 235/235/235
f 236/236/236 234/234/234 235/235/235
f 237/237/237 228/228/228 230/230/230
f 237/237/237 230/230/230 234/234/234
f 232/232/232 228/228/228 237/237/237
f 238/238/238 234/234/234 236/236/236
f 238/238/238 237/237/237 234/234/234
f 239/239/239 238/238/238 236/236/236
f 240/240/240 238/238/238 239/239/239
f 240/240/240 241/241/241 238/238/238
f 241/241/241 237/237/237 238/238/238
f 241/241/241 232/232/232 237/237/237
f 242/242/242 233/233/233 232/232/232
f 242/242/242 232/232/232 241/241/241
f 243/243/243 233/233/233 242/242/242
f 244/244/244 242/242/242 241/241/241
f 245/245/245 243/243/243 242/242/242
f 245/245/245 242/242/242 244/244/244
f 246/246/246 245/245/245 244/244/244
f 249/249/249 248/248/248 247/247/247
f 250/250/250 248/248/248 249/249/249
f 251/251/251 250/250/250 249/249/249
f 250/250/250 252/252/252 248/248/248
f 252/252/252 253/253/253 248/248/248
f 254/254/254 252/252/252 250/250/250
f 255/255/255 254/254/254 250/250/250
f 255/255/255 250/250/250 251/251/251
f 256/256/256 255/255/255 251/251/251
f 259/259/259 258/258/258 257/257/257
f 260/260/260 258/258/258 259/259/259
f 261/261/261 260/260/260 259/259/259
f 260/260/260 262/262/262 258/258/258
f 262/262/262 263/263/263 258/258/258
f 264/264/264 260/260/260 261/261/261
f 265/265/265 264/264/264 261/261/261
f 266/266/266 264/264/264 265/265/265
f 267/267/267 266/266/266 265/265/265
f 266/266/266 268/268/268 264/264/264
f 264/264/264 269/269/269 260/260/260
f 268/268/268 269/269/269 264/264/264
f 269/269/269 262/262/262 260/260/260
f 268/268/268 270/270/270 269/269/269
f 270/270/270 271/271/271 269/269/269
f 269/269/269 271/271/271 262/262/262
f 271/271/271 272/272/272 262/262/262
f 262/262/262 272/272/272 263/263/263
f 272/272/272 273/273/273 263/263/263
f 263/263/263 273/273/273 274/274/274
f 263/263/263 274/274/274 275/275/275
f 273/273/273 276/276/276 274/274/274
f 275/275/275 274/274/274 277/277/277
f 275/275/275 277/277/277 278/278/278
f 274/274/274 279/279/279 277/277/277
f 274/274/274 276/276/276 279/279/279
f 276/276/276 280/280/280 279/279/279
f 283/283/283 282/282/282 281/281/281
f 283/283/283 281/281/281 284/284/284
f 284/284/284 281/281/281 285/285/285
f 284/284/284 285/285/285 286/286/286
f 287/287/287 284/284/284 286/286/286
f 288/288/288 284/284/284 287/287/287
f 289/289/289 288/288/288 287/287/287
f 290/290/290 288/288/288 289/289/289
f 291/291/291 290/290/290 289/289/289
f 292/292/292 290/290/290 291/291/291
f 293/293/293 292/292/292 291/291/291
f 294/294/294 292/292/292 293/293/293
f 295/295/295 294/294/294 293/293/293
f 298/298/298 297/297/297 296/296/296
f 299/299/299 298/298/298 296/296/296
f 299/299/299 296/296/296 300/300/300
f 301/301/301 299/299/299 300/300/300
f 302/302/302 298/298/298 299/299/299
f 303/303/303 299/299/299 301/301/301
f 303/303/303 302/302/302 299/299/299
f 304/304/304 302/302/302 303/303/303
f 305/305/305 304/304/304 303/303/303
f 305/305/305 303/303/303 306/306/306
f 307/307/307 304/304/304 305/305/305
f 308/308/308 305/305/305 306/306/306
f 309/309/309 307/307/307 305/305/305
f 309/309/309 305/305/305 308/308/308
f 310/310/310 307/307/307 309/309/309
f 311/311/311 309/309/309 308/308/308
f 312/312/312 310/310/310 309/309/309
f 312/312/312 309/309/309 311/311/311
f 313/313/313 312/312/312 311/311/311
f 316/316/316 315/315/315 314/314/314
f 317/317/317 316/316/316 314/314/314
f 317/317/317 314/314/314 318/318/318
f 319/319/319 316/316/316 317/317/317
f 320/320/320 317/317/317 318/318/318
f 320/320/320 318/318/318 321/321/321
f 322/322/322 320/320/320 321/321/321
f 323/323/323 319/319/319 317/317/317
f 323/323/323 317/317/317 320/320/320
f 324/324/324 319/319/319 323/323/323
f 325/325/325 320/320/320 322/322/322
f 325/325/325 323/323/323 320/320/320
f 326/326/326 325/325/325 322/322/322
f 327/327/327 324/324/324 323/323/323
f 327/327/327 323/323/323 325/325/325
f 328/328/328 324/324/324 327/327/327
f 329/329/329 325/325/325 326/326/326
f 329/329/329 327/327/327 325/325/325
f 330/330/330 329/329/329 326/326/326
f 331/331/331 328/328/328 327/327/327
f 331/331/331 327/327/327 329/329/329
f 332/332/332 328/328/328 331/331/331
f 333/333/333 332/332/332 331/331/331
f 334/334/334 329/329/329 330/330/330
f 334/334/334 331/331/331 329/329/329
f 333/333/333 331/331/331 334/334/334
f 335/335/335 334/334/334 330/330/330
f 336/336/336 333/333/333 334/334/334
f 336/336/336 334/334/334 335/335/335
f 337/337/337 336/336/336 335/335/335
f 340/340/340 339/339/339 338/338/338
f 341/341/341 340/340/340 338/338/338
f 341/341/341 338/338/338 342/342/342
f 343/343/343 340/340/340 341/341/341
f 344/344/344 341/341/341 342/342/342
f 344/344/344 342/342/342 345/345/345
f 346/346/346 344/344/344 345/345/345
f 347/347/347 343/343/343 341/341/341
f 347/347/347 341/341/341 344/344/344
f 348/348/348 343/343/343 347/347/347
f 349/349/349 344/344/344 346/346/346
f 349/349/349 347/347/347 344/344/344
f 350/350/350 349/349/349 346/346/346
f 351/351/351 348/348/348 347/347/347
f 351/351/351 347/347/347 349/349/349
f 352/352/352 348/348/348 351/351/351
f 353/353/353 349/349/349 350/350/350
f 353/353/353 351/351/351 349/349/349
f 354/354/354 353/353/353 350/350/350
f 355/355/355 352/352/352 351/351/351
f 355/355/355 351/351/351 353/353/353
f 356/356/356 352/352/352 355/355/355
f 357/357/357 356/356/356 355/355/355
f 358/358/358 353/353/353 354/354/354
f 358/358/358 355/355/355 353/353/353
f 357/357/357 355/355/355 358/358/358
f 359/359/359 358/358/358 354/354/354
f 360/360/360 357/357/357 358/358/358
f 360/360/360 358/358/358 359/359/359
f 361/361/361 360/360/360 359/359/359
usemtl HammeredMetal_AlbedoTransparency
f 364/364/364 363/363/363 362/362/362
f 367/367/367 366/366/366 365/365/365
f 370/370/370 369/369/369 368/368/368
f 373/373/373 372/372/372 371/371/371
f 372/372/372 374/374/374 371/371/371
f 372/372/372 375/375/375 374/374/374
f 375/375/375 376/376/376 374/374/374
f 374/374/374 376/376/376 377/377/377
f 376/376/376 378/378/378 377/377/377
f 377/377/377 378/378/378 379/379/379
f 378/378/378 380/380/380 379/379/379
f 379/379/379 380/380/380 381/381/381
f 380/380/380 382/382/382 381/381/381
f 385/385/385 384/384/384 383/383/383
f 384/384/384 386/386/386 383/383/383
f 383/383/383 386/386/386 387/387/387
f 384/384/384 388/388/388 386/386/386
f 386/386/386 389/389/389 387/387/387
f 387/387/387 389/389/389 390/390/390
f 388/388/388 391/391/391 386/386/386
f 386/386/386 391/391/391 389/389/389
f 388/388/388 392/392/392 391/391/391
f 392/392/392 393/393/393 391/391/391
f 391/391/391 393/393/393 394/394/394
f 391/391/391 394/394/394 389/389/389
f 393/393/393 395/395/395 394/394/394
f 394/394/394 395/395/395 396/396/396
f 389/389/389 397/397/397 390/390/390
f 389/389/389 394/394/394 397/397/397
f 394/394/394 396/396/396 397/397/397
f 390/390/390 397/397/397 398/398/398
f 397/397/397 399/399/399 398/398/398
f 397/397/397 396/396/396 399/399/399
f 396/396/396 400/400/400 399/399/399
f 403/403/403 402/402/402 401/401/401
f 402/402/402 404/404/404 401/401/401
f 402/402/402 405/405/405 404/404/404
f 401/401/401 404/404/404 406/406/406
f 405/405/405 407/407/407 404/404/404
f 405/405/405 408/408/408 407/407/407
f 408/408/408 409/409/409 407/407/407
f 404/404/404 410/410/410 406/406/406
f 404/404/404 407/407/407 410/410/410
f 407/407/407 409/409/409 411/411/411
f 407/407/407 411/411/411 410/410/410
f 409/409/409 412/412/412 411/411/411
f 406/406/406 410/410/410 413/413/413
f 406/406/406 413/413/413 414/414/414
f 414/414/414 413/413/413 415/415/415
f 413/413/413 416/416/416 415/415/415
f 410/410/410 417/417/417 413/413/413
f 413/413/413 417/417/417 416/416/416
f 410/410/410 411/411/411 417/417/417
f 417/417/417 418/418/418 416/416/416
f 411/411/411 412/412/412 419/419/419
f 411/411/411 419/419/419 417/417/417
f 417/417/417 419/419/419 418/418/418
f 412/412/412 420/420/420 419/419/419
f 419/419/419 421/421/421 418/418/418
f 419/419/419 420/420/420 421/421/421
f 420/420/420 422/422/422 421/421/421
f 425/425/425 424/424/424 423/423/423
f 424/424/424 426/426/426 423/423/423
f 423/423/423 426/426/426 427/427/427
f 424/424/424 428/428/428 426/426/426
f 426/426/426 429/429/429 427/427/427
f 427/427/427 429/429/429 430/430/430
f 428/428/428 431/431/431 426/426/426
f 426/426/426 431/431/431 429/429/429
f 428/428/428 432/432/432 431/431/431
f 432/432/432 433/433/433 431/431/431
f 432/432/432 434/434/434 433/433/433
f 431/431/431 433/433/433 435/435/435
f 431/431/431 435/435/435 429/429/429
f 429/429/429 435/435/435 436/436/436
f 429/429/429 436/436/436 430/430/430
f 430/430/430 436/436/436 437/437/437
f 436/436/436 438/438/438 437/437/437
f 441/441/441 440/440/440 439/439/439
f 439/439/439 440/440/440 442/442/442
f 440/440/440 443/443/443 442/442/442
f 439/439/439 442/442/442 444/444/444
f 442/442/442 443/443/443 445/445/445
f 443/443/443 446/446/446 445/445/445
f 444/444/444 442/442/442 447/447/447
f 442/442/442 445/445/445 447/447/447
f 444/444/444 447/447/447 448/448/448
f 448/448/448 447/447/447 449/449/449
f 447/447/447 450/450/450 449/449/449
f 447/447/447 445/445/445 450/450/450
f 445/445/445 451/451/451 450/450/450
f 445/445/445 446/446/446 451/451/451
f 446/446/446 452/452/452 451/451/451
f 455/455/455 454/454/454 453/453/453
f 454/454/454 456/456/456 453/453/453
f 453/453/453 456/456/456 457/457/457
f 454/454/454 458/458/458 456/456/456
f 458/458/458 459/459/459 456/456/456
f 458/458/458 460/460/460 459/459/459
f 456/456/456 459/459/459 461/461/461
f 456/456/456 461/461/461 457/457/457
f 457/457/457 461/461/461 462/462/462
f 461/461/461 463/463/463 462/462/462
f 462/462/462 463/463/463 464/464/464
f 461/461/461 465/465/465 463/463/463
f 463/463/463 466/466/466 464/464/464
f 465/465/465 467/467/467 463/463/463
f 463/463/463 467/467/467 466/466/466
f 467/467/467 468/468/468 466/466/466
f 471/471/471 470/470/470 469/469/469
f 471/471/471 472/472/472 470/470/470
f 473/473/473 472/472/472 471/471/471
f 473/473/473 474/474/474 472/472/472
f 472/472/472 475/475/475 470/470/470
f 470/470/470 475/475/475 476/476/476
f 474/474/474 477/477/477 472/472/472
f 472/472/472 477/477/477 475/475/475
f 474/474/474 478/478/478 477/477/477
f 475/475/475 479/479/479 476/476/476
f 476/476/476 479/479/479 480/480/480
f 479/479/479 481/481/481 480/480/480
f 478/478/478 482/482/482 477/477/477
f 478/478/478 483/483/483 482/482/482
f 483/483/483 484/484/484 482/482/482
f 477/477/477 485/485/485 475/475/475
f 475/475/475 485/485/485 479/479/479
f 477/477/477 482/482/482 485/485/485
f 479/479/479 486/486/486 481/481/481
f 485/485/485 486/486/486 479/479/479
f 486/486/486 487/487/487 481/481/481
f 485/485/485 488/488/488 486/486/486
f 482/482/482 488/488/488 485/485/485
f 482/482/482 484/484/484 488/488/488
f 484/484/484 489/489/489 488/488/488
f 492/492/492 491/491/491 490/490/490
f 491/491/491 493/493/493 490/490/490
f 491/491/491 494/494/494 493/493/493
f 494/494/494 495/495/495 493/493/493
f 493/493/493 495/495/495 496/496/496
f 493/493/493 496/496/496 497/497/497
f 497/497/497 496/496/496 498/498/498
f 495/495/495 499/499/499 496/496/496
f 495/495/495 500/500/500 499/499/499
f 500/500/500 501/501/501 499/499/499
f 496/496/496 502/502/502 498/498/498
f 496/496/496 499/499/499 502/502/502
f 498/498/498 502/502/502 503/503/503
f 502/502/502 504/504/504 503/503/503
f 499/499/499 501/501/501 505/505/505
f 499/499/499 505/505/505 502/502/502
f 502/502/502 505/505/505 504/504/504
f 501/501/501 506/506/506 505/505/505
f 505/505/505 507/507/507 504/504/504
f 505/505/505 506/506/506 507/507/507
f 506/506/506 508/508/508 507/507/507
f 511/511/511 510/510/510 509/509/509
f 512/512/512 511/511/511 509/509/509
f 513/513/513 511/511/511 512/512/512
f 514/514/514 513/513/513 512/512/512
f 515/515/515 513/513/513 514/514/514
f 516/516/516 515/515/515 514/514/514
f 517/517/517 515/515/515 516/516/516
f 518/518/518 517/517/517 516/516/516
f 519/519/519 517/517/517 518/518/518
f 520/520/520 519/519/519 518/518/518
f 521/521/521 519/519/519 520/520/520
f 522/522/522 521/521/521 520/520/520
f 523/523/523 521/521/521 522/522/522
f 524/524/524 523/523/523 522/522/522
f 525/525/525 523/523/523 524/524/524
f 526/526/526 525/525/525 524/524/524
f 527/527/527 525/525/525 526/526/526
f 528/528/528 527/527/527 526/526/526
f 529/529/529 527/527/527 528/528/528
f 530/530/530 529/529/529 528/528/528
f 531/531/531 529/529/529 530/530/530
f 532/532/532 531/531/531 530/530/530
f 533/533/533 531/531/531 532/532/532
f 534/534/534 533/533/533 532/532/532
f 535/535/535 533/533/533 534/534/534
f 536/536/536 535/535/535 534/534/534
f 537/537/537 535/535/535 536/536/536
f 538/538/538 537/537/537 536/536/536
f 539/539/539 537/537/537 538/538/538
f 540/540/540 539/539/539 538/538/538
f 541/541/541 539/539/539 540/540/540
f 542/542/542 541/541/541 540/540/540
f 543/543/543 541/541/541 542/542/542
f 544/544/544 543/543/543 542/542/542
f 545/545/545 543/543/543 544/544/544
f 546/546/546 545/545/545 544/544/544
f 549/549/549 548/548/548 547/547/547
f 548/548/548 550/550/550 547/547/547
f 547/547/547 550/550/550 551/551/551
f 550/550/550 552/552/552 551/551/551
f 555/555/555 554/554/554 553/553/553
f 556/556/556 555/555/555 553/553/553
f 556/556/556 553/553/553 557/557/557
f 558/558/558 555/555/555 556/556/556
f 559/559/559 556/556/556 557/557/557
f 560/560/560 558/558/558 556/556/556
f 560/560/560 556/556/556 559/559/559
f 563/563/563 562/562/562 561/561/561
f 564/564/564 562/562/562 563/563/563
f 565/565/565 564/564/564 563/563/563
f 566/566/566 564/564/564 565/565/565
f 567/567/567 566/566/566 565/565/565
f 568/568/568 566/566/566 567/567/567
f 569/569/569 568/568/568 567/567/567
f 570/570/570 568/568/568 569/569/569
f 571/571/571 570/570/570 569/569/569
f 572/572/572 570/570/570 571/571/571
f 573/573/573 572/572/572 571/571/571
f 576/576/576 575/575/575 574/574/574
f 574/574/574 575/575/575 577/577/577
f 575/575/575 578/578/578 577/577/577
f 577/577/577 578/578/578 579/579/579
f 578/578/578 580/580/580 579/579/579
f 579/579/579 580/580/580 581/581/581
f 580/580/580 582/582/582 581/581/581
f 585/585/585 584/584/584 583/583/583
f 584/584/584 586/586/586 583/583/583
f 583/583/583 586/586/586 587/587/587
f 586/586/586 588/588/588 587/587/587
f 586/586/586 589/589/589 588/588/588
f 587/587/587 588/588/588 590/590/590
f 589/589/589 591/591/591 588/588/588
f 588/588/588 592/592/592 590/590/590
f 588/588/588 591/591/591 592/592/592
f 590/590/590 592/592/592 593/593/593
f 591/591/591 594/594/594 592/592/592
f 592/592/592 595/595/595 593/593/593
f 592/592/592 594/594/594 595/595/595
f 594/594/594 596/596/596 595/595/595
f 599/599/599 598/598/598 597/597/597
f 598/598/598 600/600/600 597/597/597
f 598/598/598 601/601/601 600/600/600
f 604/604/604 603/603/603 602/602/602
f 605/605/605 603/603/603 604/604/604
f 606/606/606 605/605/605 604/604/604
f 607/607/607 605/605/605 606/606/606
f 607/607/607 608/608/608 605/605/605
f 608/608/608 609/609/609 605/605/605
f 605/605/605 609/609/609 603/603/603
f 609/609/609 610/610/610 603/603/603
f 603/603/603 610/610/610 611/611/611
f 610/610/610 612/612/612 611/611/611
f 615/615/615 614/614/614 613/613/613
f 613/613/613 614/614/614 616/616/616
f 614/614/614 617/617/617 616/616/616
f 614/614/614 618/618/618 617/617/617
f 618/618/618 619/619/619 617/617/617
f 622/622/622 621/621/621 620/620/620
f 621/621/621 623/623/623 620/620/620
f 620/620/620 623/623/623 624/624/624
f 623/623/623 625/625/625 624/624/624
f 624/624/624 625/625/625 626/626/626
f 625/625/625 627/627/627 626/626/626
f 626/626/626 627/627/627 628/628/628
f 627/627/627 629/629/629 628/628/628
f 628/628/628 629/629/629 630/630/630
f 629/629/629 631/631/631 630/630/630
f 630/630/630 631/631/631 632/632/632
f 631/631/631 633/633/633 632/632/632
f 632/632/632 633/633/633 634/634/634
f 637/637/637 636/636/636 635/635/635
f 635/635/635 636/636/636 638/638/638
f 636/636/636 639/639/639 638/638/638
f 638/638/638 639/639/639 640/640/640
f 639/639/639 641/641/641 640/640/640
f 640/640/640 641/641/641 642/642/642
f 641/641/641 643/643/643 642/642/642
f 642/642/642 643/643/643 644/644/644
f 643/643/643 645/645/645 644/644/644
f 648/648/648 647/647/647 646/646/646
f 647/647/647 649/649/649 646/646/646
f 646/646/646 649/649/649 650/650/650
f 649/649/649 651/651/651 650/650/650
f 649/649/649 652/652/652 651/651/651
f 652/652/652 653/653/653 651/651/651
f 647/647/647 654/654/654 649/649/649
f 654/654/654 652/652/652 649/649/649
f 655/655/655 654/654/654 647/647/647
f 656/656/656 655/655/655 647/647/647
f 655/655/655 657/657/657 654/654/654
f 657/657/657 658/658/658 654/654/654
f 654/654/654 658/658/658 652/652/652
f 658/658/658 659/659/659 652/652/652
f 662/662/662 661/661/661 660/660/660
f 663/663/663 662/662/662 660/660/660
f 664/664/664 662/662/662 663/663/663
f 665/665/665 664/664/664 663/663/663
f 664/664/664 666/666/666 662/662/662
f 666/666/666 667/667/667 662/662/662
f 668/668/668 664/664/664 665/665/665
f 669/669/669 668/668/668 665/665/665
f 670/670/670 666/666/666 664/664/664
f 668/668/668 670/670/670 664/664/664
f 670/670/670 671/671/671 666/666/666
f 671/671/671 672/672/672 666/666/666
f 673/673/673 670/670/670 668/668/668
f 674/674/674 668/668/668 669/669/669
f 674/674/674 673/673/673 668/668/668
f 675/675/675 673/673/673 674/674/674
f 676/676/676 674/674/674 669/669/669
f 677/677/677 675/675/675 674/674/674
f 677/677/677 674/674/674 676/676/676
f 678/678/678 677/677/677 676/676/676
f 681/681/681 680/680/680 679/679/679
f 680/680/680 682/682/682 679/679/679
f 679/679/679 682/682/682 683/683/683
f 680/680/680 684/684/684 682/682/682
f 682/682/682 685/685/685 683/683/683
f 684/684/684 686/686/686 682/682/682
f 682/682/682 686/686/686 685/685/685
f 686/686/686 687/687/687 685/685/685
f 690/690/690 689/689/689 688/688/688
f 689/689/689 691/691/691 688/688/688
f 694/694/694 693/693/693 692/692/692
f 695/695/695 694/694/694 692/692/692
f 695/695/695 692/692/692 696/696/696
f 697/697/697 694/694/694 695/695/695
f 698/698/698 695/695/695 696/696/696
f 699/699/699 697/697/697 695/695/695
f 699/699/699 695/695/695 698/698/698
f 700/700/700 699/699/699 698/698/698
f 701/701/701 697/697/697 699/699/699
f 702/702/702 699/699/699 700/700/700
f 702/702/702 701/701/701 699/699/699
f 703/703/703 702/702/702 700/700/700
f 704/704/704 702/702/702 703/703/703
f 705/705/705 704/704/704 703/703/703
f 706/706/706 701/701/701 702/702/702
f 704/704/704 706/706/706 702/702/702
f 706/706/706 707/707/707 701/701/701
f 707/707/707 708/708/708 701/701/701
f 709/709/709 706/706/706 704/704/704
f 710/710/710 704/704/704 705/705/705
f 710/710/710 709/709/709 704/704/704
f 711/711/711 710/710/710 705/705/705
f 712/712/712 709/709/709 710/710/710
f 713/713/713 710/710/710 711/711/711
f 713/713/713 712/712/712 710/710/710
f 716/716/716 715/715/715 714/714/714
f 715/715/715 717/717/717 714/714/714
f 714/714/714 717/717/717 718/718/718
f 715/715/715 719/719/719 717/717/717
f 720/720/720 719/719/719 715/715/715
f 719/719/719 721/721/721 717/717/717
f 717/717/717 722/722/722 718/718/718
f 717/717/717 721/721/721 722/722/722
f 718/718/718 722/722/722 723/723/723
f 721/721/721 724/724/724 722/722/722
f 722/722/722 725/725/725 723/723/723
f 722/722/722 724/724/724 725/725/725
f 724/724/724 726/726/726 725/725/725
f 729/729/729 728/728/728 727/727/727
f 730/730/730 728/728/728 729/729/729
f 731/731/731 730/730/730 729/729/729
f 731/731/731 729/729/729 732/732/732
f 733/733/733 730/730/730 731/731/731
f 734/734/734 731/731/731 732/732/732
f 735/735/735 733/733/733 731/731/731
f 735/735/735 731/731/731 734/734/734
f 736/736/736 735/735/735 734/734/734
f 739/739/739 738/738/738 737/737/737
f 738/738/738 740/740/740 737/737/737
f 738/738/738 741/741/741 740/740/740
f 737/737/737 740/740/740 742/742/742
f 741/741/741 743/743/743 740/740/740
f 740/740/740 744/744/744 742/742/742
f 740/740/740 743/743/743 744/744/744
f 743/743/743 745/745/745 744/744/744
f 742/742/742 744/744/744 746/746/746
f 744/744/744 745/745/745 747/747/747
f 744/744/744 747/747/747 746/746/746
f 746/746/746 747/747/747 748/748/748
f 751/751/751 750/750/750 749/749/749
f 750/750/750 752/752/752 749/749/749
f 750/750/750 753/753/753 752/752/752
f 753/753/753 754/754/754 752/752/752
f 757/757/757 756/756/756 755/755/755
f 756/756/756 758/758/758 755/755/755
f 756/756/756 759/759/759 758/758/758
f 759/759/759 760/760/760 758/758/758
f 755/755/755 758/758/758 761/761/761
f 755/755/755 761/761/761 762/762/762
f 758/758/758 760/760/760 763/763/763
f 758/758/758 763/763/763 761/761/761
f 760/760/760 764/764/764 763/763/763
f 762/762/762 761/761/761 765/765/765
f 762/762/762 765/765/765 766/766/766
f 761/761/761 767/767/767 765/765/765
f 761/761/761 763/763/763 767/767/767
f 763/763/763 768/768/768 767/767/767
f 763/763/763 764/764/764 768/768/768
f 764/764/764 769/769/769 768/768/768
f 772/772/772 771/771/771 770/770/770
f 773/773/773 772/772/772 770/770/770
f 776/776/776 775/775/775 774/774/774
f 775/775/775 777/777/777 774/774/774
f 780/780/780 779/779/779 778/778/778
f 781/781/781 779/779/779 780/780/780
f 782/782/782 781/781/781 780/780/780
f 783/783/783 781/781/781 782/782/782
f 784/784/784 783/783/783 782/782/782
f 785/785/785 783/783/783 784/784/784
f 788/788/788 787/787/787 786/786/786
f 789/789/789 787/787/787 788/788/788
f 790/790/790 789/789/789 788/788/788
f 791/791/791 789/789/789 790/790/790
f 792/792/792 791/791/791 790/790/790
f 793/793/793 791/791/791 792/792/792
f 794/794/794 793/793/793 792/792/792
f 795/795/795 793/793/793 794/794/794
f 796/796/796 795/795/795 794/794/794
f 797/797/797 795/795/795 796/796/796
f 798/798/798 797/797/797 796/796/796
f 799/799/799 797/797/797 798/798/798
f 800/800/800 799/799/799 798/798/798
f 801/801/801 799/799/799 800/800/800
f 802/802/802 801/801/801 800/800/800
f 803/803/803 801/801/801 802/802/802
f 804/804/804 803/803/803 802/802/802
f 805/805/805 803/803/803 804/804/804
f 806/806/806 805/805/805 804/804/804
f 807/807/807 805/805/805 806/806/806
f 808/808/808 807/807/807 806/806/806
f 809/809/809 807/807/807 808/808/808
f 810/810/810 809/809/809 808/808/808
f 811/811/811 809/809/809 810/810/810
f 812/812/812 811/811/811 810/810/810
f 813/813/813 811/811/811 812/812/812
f 814/814/814 813/813/813 812/812/812
f 815/815/815 813/813/813 814/814/814
f 816/816/816 815/815/815 814/814/814
f 817/817/817 815/815/815 816/816/816
f 818/818/818 817/817/817 816/816/816
f 819/819/819 817/817/817 818/818/818
f 820/820/820 819/819/819 818/818/818
f 821/821/821 819/819/819 820/820/820
f 809/809/809 822/822/822 807/807/807
f 822/822/822 823/823/823 807/807/807
f 824/824/824 822/822/822 809/809/809
f 811/811/811 824/824/824 809/809/809
f 807/807/807 823/823/823 805/805/805
f 825/825/825 824/824/824 811/811/811
f 823/823/823 826/826/826 805/805/805
f 813/813/813 825/825/825 811/811/811
f 805/805/805 826/826/826 803/803/803
f 827/827/827 825/825/825 813/813/813
f 826/826/826 828/828/828 803/803/803
f 815/815/815 827/827/827 813/813/813
f 803/803/803 828/828/828 801/801/801
f 829/829/829 827/827/827 815/815/815
f 828/828/828 830/830/830 801/801/801
f 817/817/817 829/829/829 815/815/815
f 801/801/801 830/830/830 799/799/799
f 831/831/831 829/829/829 817/817/817
f 830/830/830 832/832/832 799/799/799
f 819/819/819 831/831/831 817/817/817
f 799/799/799 832/832/832 797/797/797
f 833/833/833 831/831/831 819/819/819
f 832/832/832 834/834/834 797/797/797
f 821/821/821 833/833/833 819/819/819
f 797/797/797 834/834/834 795/795/795
f 835/835/835 833/833/833 821/821/821
f 834/834/834 836/836/836 795/795/795
f 837/837/837 835/835/835 821/821/821
f 795/795/795 836/836/836 793/793/793
f 838/838/838 835/835/835 837/837/837
f 836/836/836 839/839/839 793/793/793
f 840/840/840 838/838/838 837/837/837
f 793/793/793 839/839/839 791/791/791
f 841/841/841 838/838/838 840/840/840
f 839/839/839 842/842/842 791/791/791
f 787/787/787 841/841/841 840/840/840
f 791/791/791 842/842/842 789/789/789
f 843/843/843 841/841/841 787/787/787
f 789/789/789 843/843/843 787/787/787
f 842/842/842 843/843/843 789/789/789
f 846/846/846 845/845/845 844/844/844
f 845/845/845 847/847/847 844/844/844
f 844/844/844 847/847/847 848/848/848
f 845/845/845 849/849/849 847/847/847
f 847/847/847 850/850/850 848/848/848
f 849/849/849 851/851/851 847/847/847
f 847/847/847 851/851/851 850/850/850
f 851/851/851 852/852/852 850/850/850
f 855/855/855 854/854/854 853/853/853
f 854/854/854 856/856/856 853/853/853
f 853/853/853 856/856/856 857/857/857
f 854/854/854 858/858/858 856/856/856
f 856/856/856 859/859/859 857/857/857
f 858/858/858 860/860/860 856/856/856
f 856/856/856 860/860/860 859/859/859
f 860/860/860 861/861/861 859/859/859
f 864/864/864 863/863/863 862/862/862
f 865/865/865 864/864/864 862/862/862
f 866/866/866 864/864/864 865/865/865
f 867/867/867 866/866/866 865/865/865
f 868/868/868 866/866/866 867/867/867
f 869/869/869 868/868/868 867/867/867
f 870/870/870 868/868/868 869/869/869
f 871/871/871 870/870/870 869/869/869
f 874/874/874 873/873/873 872/872/872
f 873/873/873 875/875/875 872/872/872
f 873/873/873 876/876/876 875/875/875
f 872/872/872 875/875/875 877/877/877
f 876/876/876 878/878/878 875/875/875
f 875/875/875 879/879/879 877/877/877
f 875/875/875 878/878/878 879/879/879
f 877/877/877 879/879/879 880/880/880
f 878/878/878 881/881/881 879/879/879
f 879/879/879 882/882/882 880/880/880
f 879/879/879 881/881/881 882/882/882
f 881/881/881 883/883/883 882/882/882
f 886/886/886 885/885/885 884/884/884
f 885/885/885 887/887/887 884/884/884
f 885/885/885 888/888/888 887/887/887
f 884/884/884 887/887/887 889/889/889
f 888/888/888 890/890/890 887/887/887
f 887/887/887 891/891/891 889/889/889
f 887/887/887 890/890/890 891/891/891
f 889/889/889 891/891/891 892/892/892
f 890/890/890 893/893/893 891/891/891
f 891/891/891 894/894/894 892/892/892
f 891/891/891 893/893/893 894/894/894
f 893/893/893 895/895/895 894/894/894
f 898/898/898 897/897/897 896/896/896
f 896/896/896 897/897/897 899/899/899
f 897/897/897 900/900/900 899/899/899
f 899/899/899 900/900/900 901/901/901
f 900/900/900 902/902/902 901/901/901
f 901/901/901 902/902/902 903/903/903
f 902/902/902 904/904/904 903/903/903
f 903/903/903 904/904/904 905/905/905
f 904/904/904 906/906/906 905/905/905
f 905/905/905 906/906/906 907/907/907
f 906/906/906 908/908/908 907/907/907
f 911/911/911 910/910/910 909/909/909
f 910/910/910 912/912/912 909/909/909
f 910/910/910 913/913/913 912/912/912
f 909/909/909 912/912/912 914/914/914
f 913/913/913 915/915/915 912/912/912
f 912/912/912 916/916/916 914/914/914
f 912/912/912 915/915/915 916/916/916
f 914/914/914 916/916/916 917/917/917
f 915/915/915 918/918/918 916/916/916
f 916/916/916 919/919/919 917/917/917
f 916/916/916 918/918/918 919/919/919
f 918/918/918 920/920/920 919/919/919
f 923/923/923 922/922/922 921/921/921
f 922/922/922 924/924/924 921/921/921
f 922/922/922 925/925/925 924/924/924
f 921/921/921 924/924/924 926/926/926
f 925/925/925 927/927/927 924/924/924
f 924/924/924 928/928/928 926/926/926
f 924/924/924 927/927/927 928/928/928
f 926/926/926 928/928/928 929/929/929
f 927/927/927 930/930/930 928/928/928
f 928/928/928 931/931/931 929/929/929
f 928/928/928 930/930/930 931/931/931
f 930/930/930 932/932/932 931/931/931
f 935/935/935 934/934/934 933/933/933
f 934/934/934 936/936/936 933/933/933
f 933/933/933 936/936/936 937/937/937
f 936/936/936 938/938/938 937/937/937
f 941/941/941 940/940/940 939/939/939
f 940/940/940 942/942/942 939/939/939
f 939/939/939 942/942/942 943/943/943
f 942/942/942 944/944/944 943/943/943
f 943/943/943 944/944/944 945/945/945
f 944/944/944 946/946/946 945/945/945
f 945/945/945 946/946/946 947/947/947
f 946/946/946 948/948/948 947/947/947
f 951/951/951 950/950/950 949/949/949
f 952/952/952 950/950/950 951/951/951
f 953/953/953 952/952/952 951/951/951
f 952/952/952 954/954/954 950/950/950
f 954/954/954 955/955/955 950/950/950
f 956/956/956 954/954/954 952/952/952
f 957/957/957 956/956/956 952/952/952
f 957/957/957 952/952/952 953/953/953
f 958/958/958 957/957/957 953/953/953
f 961/961/961 960/960/960 959/959/959
f 962/962/962 961/961/961 959/959/959
f 962/962/962 959/959/959 963/963/963
f 964/964/964 961/961/961 962/962/962
f 965/965/965 962/962/962 963/963/963
f 966/966/966 964/964/964 962/962/962
f 966/966/966 962/962/962 965/965/965
f 969/969/969 968/968/968 967/967/967
f 968/968/968 970/970/970 967/967/967
f 967/967/967 970/970/970 971/971/971
f 970/970/970 972/972/972 971/971/971
f 971/971/971 972/972/972 973/973/973
f 972/972/972 974/974/974 973/973/973
f 973/973/973 974/974/974 975/975/975
f 974/974/974 976/976/976 975/975/975
f 979/979/979 978/978/978 977/977/977
f 979/979/979 980/980/980 978/978/978
f 980/980/980 981/981/981 978/978/978
f 980/980/980 982/982/982 981/981/981
f 982/982/982 983/983/983 981/981/981
f 982/982/982 984/984/984 983/983/983
f 984/984/984 985/985/985 983/983/983
f 980/980/980 979/979/979 986/986/986
f 986/986/986 979/979/979 987/987/987
f 979/979/979 988/988/988 987/987/987
f 989/989/989 980/980/980 986/986/986
f 982/982/982 980/980/980 989/989/989
f 990/990/990 982/982/982 989/989/989
f 984/984/984 982/982/982 990/990/990
f 991/991/991 984/984/984 990/990/990
f 992/992/992 984/984/984 991/991/991
f 984/984/984 992/992/992 985/985/985
f 993/993/993 992/992/992 991/991/991
f 994/994/994 992/992/992 993/993/993
f 995/995/995 994/994/994 993/993/993
f 992/992/992 996/996/996 985/985/985
f 992/992/992 994/994/994 996/996/996
f 997/997/997 994/994/994 995/995/995
f 998/998/998 997/997/997 995/995/995
f 994/994/994 997/997/997 999/999/999
f 999/999/999 997/997/997 998/998/998
f 994/994/994 999/999/999 996/996/996
f 1000/1000/1000 999/999/999 998/998/998
f 996/996/996 999/999/999 1000/1000/1000
f 1001/1001/1001 996/996/996 1000/1000/1000
f 985/985/985 996/996/996 1001/1001/1001
f 1002/1002/1002 985/985/985 1001/1001/1001
f 1005/1005/1005 1004/1004/1004 1003/1003/1003
f 1005/1005/1005 1003/1003/1003 1006/1006/1006
f 1006/1006/1006 1003/1003/1003 1007/1007/1007
f 1007/1007/1007 1003/1003/1003 1008/1008/1008
f 1003/1003/1003 1009/1009/1009 1008/1008/1008
f 1008/1008/1008 1009/1009/1009 1010/1010/1010
f 1009/1009/1009 1011/1011/1011 1010/1010/1010
f 1012/1012/1012 1006/1006/1006 1007/1007/1007
f 1013/1013/1013 1006/1006/1006 1012/1012/1012
f 1014/1014/1014 1013/1013/1013 1012/1012/1012
f 1015/1015/1015 1005/1005/1005 1006/1006/1006
f 1015/1015/1015 1006/1006/1006 1013/1013/1013
f 1016/1016/1016 1013/1013/1013 1014/1014/1014
f 1017/1017/1017 1016/1016/1016 1014/1014/1014
f 1013/1013/1013 1016/1016/1016 1018/1018/1018
f 1018/1018/1018 1016/1016/1016 1017/1017/1017
f 1018/1018/1018 1015/1015/1015 1013/1013/1013
f 1019/1019/1019 1018/1018/1018 1017/1017/1017
f 1015/1015/1015 1018/1018/1018 1019/1019/1019
f 1020/1020/1020 1015/1015/1015 1019/1019/1019
f 1005/1005/1005 1015/1015/1015 1020/1020/1020
f 1021/1021/1021 1005/1005/1005 1020/1020/1020
f 1024/1024/1024 1023/1023/1023 1022/1022/1022
f 1023/1023/1023 1025/1025/1025 1022/1022/1022
f 1022/1022/1022 1025/1025/1025 1026/1026/1026
f 1025/1025/1025 1027/1027/1027 1026/1026/1026
f 1030/1030/1030 1029/1029/1029 1028/1028/1028
f 1031/1031/1031 1030/1030/1030 1028/1028/1028
f 1031/1031/1031 1028/1028/1028 1032/1032/1032
f 1033/1033/1033 1030/1030/1030 1031/1031/1031
f 1034/1034/1034 1031/1031/1031 1032/1032/1032
f 1035/1035/1035 1033/1033/1033 1031/1031/1031
f 1035/1035/1035 1031/1031/1031 1034/1034/1034
f 1036/1036/1036 1035/1035/1035 1034/1034/1034
f 1039/1039/1039 1038/1038/1038 1037/1037/1037
f 1040/1040/1040 1039/1039/1039 1037/1037/1037
f 1040/1040/1040 1037/1037/1037 1041/1041/1041
f 1042/1042/1042 1039/1039/1039 1040/1040/1040
f 1043/1043/1043 1040/1040/1040 1041/1041/1041
f 1044/1044/1044 1042/1042/1042 1040/1040/1040
f 1044/1044/1044 1040/1040/1040 1043/1043/1043
f 1045/1045/1045 1042/1042/1042 1044/1044/1044
f 1046/1046/1046 1044/1044/1044 1043/1043/1043
f 1047/1047/1047 1045/1045/1045 1044/1044/1044
f 1047/1047/1047 1044/1044/1044 1046/1046/1046
f 1048/1048/1048 1045/1045/1045 1047/1047/1047
f 1049/1049/1049 1047/1047/1047 1046/1046/1046
f 1050/1050/1050 1048/1048/1048 1047/1047/1047
f 1050/1050/1050 1047/1047/1047 1049/1049/1049
f 1051/1051/1051 1050/1050/1050 1049/1049/1049
f 1054/1054/1054 1053/1053/1053 1052/1052/1052
f 1055/1055/1055 1054/1054/1054 1052/1052/1052
f 1055/1055/1055 1052/1052/1052 1056/1056/1056
f 1057/1057/1057 1054/1054/1054 1055/1055/1055
f 1058/1058/1058 1055/1055/1055 1056/1056/1056
f 1059/1059/1059 1057/1057/1057 1055/1055/1055
f 1059/1059/1059 1055/1055/1055 1058/1058/1058
f 1060/1060/1060 1057/1057/1057 1059/1059/1059
f 1061/1061/1061 1059/1059/1059 1058/1058/1058
f 1062/1062/1062 1060/1060/1060 1059/1059/1059
f 1062/1062/1062 1059/1059/1059 1061/1061/1061
f 1063/1063/1063 1062/1062/1062 1061/1061/1061
f 1066/1066/1066 1065/1065/1065 1064/1064/1064
f 1065/1065/1065 1067/1067/1067 1064/1064/1064
f 1065/1065/1065 1068/1068/1068 1067/1067/1067
f 1064/1064/1064 1067/1067/1067 1069/1069/1069
f 1068/1068/1068 1070/1070/1070 1067/1067/1067
f 1067/1067/1067 1071/1071/1071 1069/1069/1069
f 1067/1067/1067 1070/1070/1070 1071/1071/1071
f 1069/1069/1069 1071/1071/1071 1072/1072/1072
f 1070/1070/1070 1073/1073/1073 1071/1071/1071
f 1071/1071/1071 1074/1074/1074 1072/1072/1072
f 1071/1071/1071 1073/1073/1073 1074/1074/1074
f 1073/1073/1073 1075/1075/1075 1074/1074/1074
f 1078/1078/1078 1077/1077/1077 1076/1076/1076
f 1079/1079/1079 1078/1078/1078 1076/1076/1076
f 1079/1079/1079 1076/1076/1076 1080/1080/1080
f 1081/1081/1081 1079/1079/1079 1080/1080/1080
f 1082/1082/1082 1078/1078/1078 1079/1079/1079
f 1083/1083/1083 1082/1082/1082 1079/1079/1079
f 1086/1086/1086 1085/1085/1085 1084/1084/1084
f 1087/1087/1087 1086/1086/1086 1084/1084/1084
f 1088/1088/1088 1086/1086/1086 1087/1087/1087
f 1089/1089/1089 1088/1088/1088 1087/1087/1087
f 1089/1089/1089 1087/1087/1087 1090/1090/1090
f 1091/1091/1091 1089/1089/1089 1090/1090/1090
f 1090/1090/1090 1087/1087/1087 1092/1092/1092
f 1087/1087/1087 1084/1084/1084 1092/1092/1092
f 1092/1092/1092 1084/1084/1084 1093/1093/1093
f 1084/1084/1084 1094/1094/1094 1093/1093/1093
f 1097/1097/1097 1096/1096/1096 1095/1095/1095
f 1095/1095/1095 1096/1096/1096 1098/1098/1098
f 1096/1096/1096 1099/1099/1099 1098/1098/1098
f 1098/1098/1098 1099/1099/1099 1100/1100/1100
f 1099/1099/1099 1101/1101/1101 1100/1100/1100
f 1098/1098/1098 1100/1100/1100 1102/1102/1102
f 1103/1103/1103 1098/1098/1098 1102/1102/1102
f 1102/1102/1102 1100/1100/1100 1104/1104/1104
f 1100/1100/1100 1105/1105/1105 1104/1104/1104
f 1100/1100/1100 1101/1101/1101 1105/1105/1105
f 1101/1101/1101 1106/1106/1106 1105/1105/1105
f 1109/1109/1109 1108/1108/1108 1107/1107/1107
f 1109/1109/1109 1107/1107/1107 1110/1110/1110
f 1111/1111/1111 1109/1109/1109 1110/1110/1110
f 1110/1110/1110 1107/1107/1107 1112/1112/1112
f 1107/1107/1107 1113/1113/1113 1112/1112/1112
f 1116/1116/1116 1115/1115/1115 1114/1114/1114
f 1117/1117/1117 1116/1116/1116 1114/1114/1114
f 1118/1118/1118 1116/1116/1116 1117/1117/1117
f 1114/1114/1114 1115/1115/1115 1119/1119/1119
f 1115/1115/1115 1120/1120/1120 1119/1119/1119
f 1121/1121/1121 1118/1118/1118 1117/1117/1117
f 1122/1122/1122 1118/1118/1118 1121/1121/1121
f 1119/1119/1119 1120/1120/1120 1123/1123/1123
f 1120/1120/1120 1124/1124/1124 1123/1123/1123
f 1125/1125/1125 1122/1122/1122 1121/1121/1121
f 1126/1126/1126 1122/1122/1122 1125/1125/1125
f 1123/1123/1123 1124/1124/1124 1127/1127/1127
f 1124/1124/1124 1128/1128/1128 1127/1127/1127
f 1129/1129/1129 1126/1126/1126 1125/1125/1125
f 1130/1130/1130 1126/1126/1126 1129/1129/1129
f 1127/1127/1127 1128/1128/1128 1131/1131/1131
f 1128/1128/1128 1132/1132/1132 1131/1131/1131
f 1133/1133/1133 1130/1130/1130 1129/1129/1129
f 1134/1134/1134 1130/1130/1130 1133/1133/1133
f 1131/1131/1131 1132/1132/1132 1135/1135/1135
f 1132/1132/1132 1136/1136/1136 1135/1135/1135
f 1137/1137/1137 1134/1134/1134 1133/1133/1133
f 1138/1138/1138 1134/1134/1134 1137/1137/1137
f 1135/1135/1135 1136/1136/1136 1139/1139/1139
f 1136/1136/1136 1140/1140/1140 1139/1139/1139
f 1141/1141/1141 1138/1138/1138 1137/1137/1137
f 1142/1142/1142 1138/1138/1138 1141/1141/1141
f 1139/1139/1139 1140/1140/1140 1143/1143/1143
f 1140/1140/1140 1144/1144/1144 1143/1143/1143
f 1145/1145/1145 1142/1142/1142 1141/1141/1141
f 1146/1146/1146 1142/1142/1142 1145/1145/1145
f 1143/1143/1143 1144/1144/1144 1147/1147/1147
f 1144/1144/1144 1148/1148/1148 1147/1147/1147
f 1149/1149/1149 1146/1146/1146 1145/1145/1145
f 1150/1150/1150 1146/1146/1146 1149/1149/1149
f 1147/1147/1147 1148/1148/1148 1151/1151/1151
f 1148/1148/1148 1152/1152/1152 1151/1151/1151
f 1152/1152/1152 1150/1150/1150 1153/1153/1153
f 1153/1153/1153 1150/1150/1150 1149/1149/1149
f 1151/1151/1151 1152/1152/1152 1153/1153/1153
f 1139/1139/1139 1143/1143/1143 1154/1154/1154
f 1155/1155/1155 1139/1139/1139 1154/1154/1154
f 1154/1154/1154 1143/1143/1143 1156/1156/1156
f 1143/1143/1143 1147/1147/1147 1156/1156/1156
f 1135/1135/1135 1139/1139/1139 1155/1155/1155
f 1156/1156/1156 1147/1147/1147 1157/1157/1157
f 1147/1147/1147 1151/1151/1151 1157/1157/1157
f 1158/1158/1158 1135/1135/1135 1155/1155/1155
f 1157/1157/1157 1151/1151/1151 1159/1159/1159
f 1151/1151/1151 1153/1153/1153 1159/1159/1159
f 1131/1131/1131 1135/1135/1135 1158/1158/1158
f 1159/1159/1159 1153/1153/1153 1160/1160/1160
f 1161/1161/1161 1131/1131/1131 1158/1158/1158
f 1153/1153/1153 1149/1149/1149 1160/1160/1160
f 1127/1127/1127 1131/1131/1131 1161/1161/1161
f 1160/1160/1160 1149/1149/1149 1162/1162/1162
f 1163/1163/1163 1127/1127/1127 1161/1161/1161
f 1149/1149/1149 1145/1145/1145 1162/1162/1162
f 1123/1123/1123 1127/1127/1127 1163/1163/1163
f 1162/1162/1162 1145/1145/1145 1164/1164/1164
f 1165/1165/1165 1123/1123/1123 1163/1163/1163
f 1145/1145/1145 1141/1141/1141 1164/1164/1164
f 1119/1119/1119 1123/1123/1123 1165/1165/1165
f 1164/1164/1164 1141/1141/1141 1166/1166/1166
f 1167/1167/1167 1119/1119/1119 1165/1165/1165
f 1141/1141/1141 1137/1137/1137 1166/1166/1166
f 1114/1114/1114 1119/1119/1119 1167/1167/1167
f 1166/1166/1166 1137/1137/1137 1168/1168/1168
f 1169/1169/1169 1114/1114/1114 1167/1167/1167
f 1137/1137/1137 1133/1133/1133 1168/1168/1168
f 1117/1117/1117 1114/1114/1114 1169/1169/1169
f 1168/1168/1168 1133/1133/1133 1170/1170/1170
f 1171/1171/1171 1117/1117/1117 1169/1169/1169
f 1133/1133/1133 1129/1129/1129 1170/1170/1170
f 1121/1121/1121 1117/1117/1117 1171/1171/1171
f 1170/1170/1170 1129/1129/1129 1172/1172/1172
f 1173/1173/1173 1121/1121/1121 1171/1171/1171
f 1129/1129/1129 1125/1125/1125 1172/1172/1172
f 1125/1125/1125 1121/1121/1121 1173/1173/1173
f 1172/1172/1172 1125/1125/1125 1173/1173/1173
f 1176/1176/1176 1175/1175/1175 1174/1174/1174
f 1175/1175/1175 1177/1177/1177 1174/1174/1174
f 1174/1174/1174 1177/1177/1177 1178/1178/1178
f 1179/1179/1179 1175/1175/1175 1176/1176/1176
f 1180/1180/1180 1179/1179/1179 1176/1176/1176
f 1177/1177/1177 1181/1181/1181 1178/1178/1178
f 1178/1178/1178 1181/1181/1181 1182/1182/1182
f 1183/1183/1183 1179/1179/1179 1180/1180/1180
f 1184/1184/1184 1183/1183/1183 1180/1180/1180
f 1181/1181/1181 1185/1185/1185 1182/1182/1182
f 1182/1182/1182 1185/1185/1185 1186/1186/1186
f 1185/1185/1185 1187/1187/1187 1186/1186/1186
f 1187/1187/1187 1185/1185/1185 1181/1181/1181
f 1186/1186/1186 1187/1187/1187 1188/1188/1188
f 1189/1189/1189 1187/1187/1187 1181/1181/1181
f 1187/1187/1187 1189/1189/1189 1188/1188/1188
f 1189/1189/1189 1181/1181/1181 1177/1177/1177
f 1188/1188/1188 1189/1189/1189 1190/1190/1190
f 1191/1191/1191 1189/1189/1189 1177/1177/1177
f 1189/1189/1189 1191/1191/1191 1190/1190/1190
f 1191/1191/1191 1177/1177/1177 1175/1175/1175
f 1190/1190/1190 1191/1191/1191 1192/1192/1192
f 1193/1193/1193 1191/1191/1191 1175/1175/1175
f 1191/1191/1191 1193/1193/1193 1192/1192/1192
f 1193/1193/1193 1175/1175/1175 1179/1179/1179
f 1192/1192/1192 1193/1193/1193 1194/1194/1194
f 1195/1195/1195 1193/1193/1193 1179/1179/1179
f 1193/1193/1193 1195/1195/1195 1194/1194/1194
f 1194/1194/1194 1195/1195/1195 1196/1196/1196
f 1195/1195/1195 1179/1179/1179 1183/1183/1183
f 1195/1195/1195 1197/1197/1197 1196/1196/1196
f 1197/1197/1197 1195/1195/1195 1183/1183/1183
f 1196/1196/1196 1197/1197/1197 1198/1198/1198
f 1197/1197/1197 1183/1183/1183 1199/1199/1199
f 1199/1199/1199 1183/1183/1183 1184/1184/1184
f 1200/1200/1200 1199/1199/1199 1184/1184/1184
f 1197/1197/1197 1201/1201/1201 1198/1198/1198
f 1201/1201/1201 1197/1197/1197 1199/1199/1199
f 1198/1198/1198 1201/1201/1201 1202/1202/1202
f 1203/1203/1203 1199/1199/1199 1200/1200/1200
f 1201/1201/1201 1199/1199/1199 1203/1203/1203
f 1204/1204/1204 1203/1203/1203 1200/1200/1200
f 1205/1205/1205 1203/1203/1203 1204/1204/1204
f 1201/1201/1201 1203/1203/1203 1205/1205/1205
f 1206/1206/1206 1205/1205/1205 1204/1204/1204
f 1201/1201/1201 1207/1207/1207 1202/1202/1202
f 1207/1207/1207 1201/1201/1201 1205/1205/1205
f 1202/1202/1202 1207/1207/1207 1208/1208/1208
f 1209/1209/1209 1205/1205/1205 1206/1206/1206
f 1207/1207/1207 1205/1205/1205 1209/1209/1209
f 1210/1210/1210 1209/1209/1209 1206/1206/1206
f 1207/1207/1207 1211/1211/1211 1208/1208/1208
f 1211/1211/1211 1207/1207/1207 1209/1209/1209
f 1208/1208/1208 1211/1211/1211 1212/1212/1212
f 1212/1212/1212 1213/1213/1213 1210/1210/1210
f 1213/1213/1213 1209/1209/1209 1210/1210/1210
f 1209/1209/1209 1213/1213/1213 1211/1211/1211
f 1211/1211/1211 1213/1213/1213 1212/1212/1212
f 1216/1216/1216 1215/1215/1215 1214/1214/1214
f 1217/1217/1217 1216/1216/1216 1214/1214/1214
f 1214/1214/1214 1215/1215/1215 1218/1218/1218
f 1219/1219/1219 1216/1216/1216 1217/1217/1217
f 1215/1215/1215 1220/1220/1220 1218/1218/1218
f 1221/1221/1221 1219/1219/1219 1217/1217/1217
f 1218/1218/1218 1220/1220/1220 1222/1222/1222
f 1223/1223/1223 1219/1219/1219 1221/1221/1221
f 1220/1220/1220 1224/1224/1224 1222/1222/1222
f 1225/1225/1225 1223/1223/1223 1221/1221/1221
f 1222/1222/1222 1224/1224/1224 1226/1226/1226
f 1227/1227/1227 1223/1223/1223 1225/1225/1225
f 1224/1224/1224 1228/1228/1228 1226/1226/1226
f 1229/1229/1229 1227/1227/1227 1225/1225/1225
f 1226/1226/1226 1228/1228/1228 1230/1230/1230
f 1231/1231/1231 1227/1227/1227 1229/1229/1229
f 1228/1228/1228 1232/1232/1232 1230/1230/1230
f 1233/1233/1233 1231/1231/1231 1229/1229/1229
f 1230/1230/1230 1232/1232/1232 1234/1234/1234
f 1235/1235/1235 1231/1231/1231 1233/1233/1233
f 1232/1232/1232 1236/1236/1236 1234/1234/1234
f 1237/1237/1237 1235/1235/1235 1233/1233/1233
f 1234/1234/1234 1236/1236/1236 1238/1238/1238
f 1239/1239/1239 1235/1235/1235 1237/1237/1237
f 1236/1236/1236 1240/1240/1240 1238/1238/1238
f 1241/1241/1241 1239/1239/1239 1237/1237/1237
f 1238/1238/1238 1240/1240/1240 1242/1242/1242
f 1243/1243/1243 1239/1239/1239 1241/1241/1241
f 1240/1240/1240 1244/1244/1244 1242/1242/1242
f 1245/1245/1245 1243/1243/1243 1241/1241/1241
f 1242/1242/1242 1244/1244/1244 1246/1246/1246
f 1247/1247/1247 1243/1243/1243 1245/1245/1245
f 1244/1244/1244 1248/1248/1248 1246/1246/1246
f 1249/1249/1249 1247/1247/1247 1245/1245/1245
f 1246/1246/1246 1248/1248/1248 1250/1250/1250
f 1251/1251/1251 1247/1247/1247 1249/1249/1249
f 1248/1248/1248 1252/1252/1252 1250/1250/1250
f 1253/1253/1253 1251/1251/1251 1249/1249/1249
f 1250/1250/1250 1252/1252/1252 1253/1253/1253
f 1252/1252/1252 1251/1251/1251 1253/1253/1253
f 1256/1256/1256 1255/1255/1255 1254/1254/1254
f 1257/1257/1257 1256/1256/1256 1254/1254/1254
f 1254/1254/1254 1255/1255/1255 1258/1258/1258
f 1259/1259/1259 1256/1256/1256 1257/1257/1257
f 1255/1255/1255 1260/1260/1260 1258/1258/1258
f 1261/1261/1261 1259/1259/1259 1257/1257/1257
f 1258/1258/1258 1260/1260/1260 1262/1262/1262
f 1263/1263/1263 1259/1259/1259 1261/1261/1261
f 1260/1260/1260 1264/1264/1264 1262/1262/1262
f 1265/1265/1265 1263/1263/1263 1261/1261/1261
f 1262/1262/1262 1264/1264/1264 1266/1266/1266
f 1267/1267/1267 1263/1263/1263 1265/1265/1265
f 1264/1264/1264 1268/1268/1268 1266/1266/1266
f 1269/1269/1269 1267/1267/1267 1265/1265/1265
f 1266/1266/1266 1268/1268/1268 1270/1270/1270
f 1271/1271/1271 1267/1267/1267 1269/1269/1269
f 1268/1268/1268 1272/1272/1272 1270/1270/1270
f 1273/1273/1273 1271/1271/1271 1269/1269/1269
f 1270/1270/1270 1272/1272/1272 1274/1274/1274
f 1275/1275/1275 1271/1271/1271 1273/1273/1273
f 1272/1272/1272 1276/1276/1276 1274/1274/1274
f 1277/1277/1277 1275/1275/1275 1273/1273/1273
f 1274/1274/1274 1276/1276/1276 1278/1278/1278
f 1279/1279/1279 1275/1275/1275 1277/1277/1277
f 1276/1276/1276 1280/1280/1280 1278/1278/1278
f 1281/1281/1281 1279/1279/1279 1277/1277/1277
f 1278/1278/1278 1280/1280/1280 1282/1282/1282
f 1283/1283/1283 1279/1279/1279 1281/1281/1281
f 1280/1280/1280 1284/1284/1284 1282/1282/1282
f 1285/1285/1285 1283/1283/1283 1281/1281/1281
f 1282/1282/1282 1284/1284/1284 1286/1286/1286
f 1287/1287/1287 1283/1283/1283 1285/1285/1285
f 1284/1284/1284 1288/1288/1288 1286/1286/1286
f 1289/1289/1289 1287/1287/1287 1285/1285/1285
f 1286/1286/1286 1288/1288/1288 1290/1290/1290
f 1291/1291/1291 1287/1287/1287 1289/1289/1289
f 1288/1288/1288 1292/1292/1292 1290/1290/1290
f 1293/1293/1293 1291/1291/1291 1289/1289/1289
f 1290/1290/1290 1292/1292/1292 1293/1293/1293
f 1292/1292/1292 1291/1291/1291 1293/1293/1293
g SaltShaker.001_57b6b69d
v -0.53921 1.62388 -3.41852
v -0.5492 1.62641 -3.42017
v -0.5492 1.62388 -3.4201
v -0.53919 1.62641 -3.41859
v -0.5302 1.62388 -3.41393
v -0.53016 1.62641 -3.41399
v -0.5492 1.65752 -3.42108
v -0.53891 1.65752 -3.41945
v -0.52963 1.65752 -3.41472
v -0.5492 1.69531 -3.41527
v -0.55769 1.69531 -3.41393
v -0.5407 1.69531 -3.41393
v -0.53304 1.69531 -3.41002
v -0.5408 1.736 -3.41362
v -0.53323 1.736 -3.40976
v -0.5492 1.736 -3.41495
v -0.5412 1.73901 -3.41241
v -0.53398 1.73901 -3.40873
v -0.5492 1.73901 -3.41368
v -0.55719 1.73901 -3.41241
v -0.55759 1.736 -3.41362
v -0.56441 1.73901 -3.40873
v -0.56516 1.736 -3.40976
v -0.56535 1.69531 -3.41002
v -0.55918 1.62388 -3.41852
v -0.56823 1.62641 -3.41399
v -0.56819 1.62388 -3.41393
v -0.5592 1.62641 -3.41859
v -0.5492 1.62388 -3.4201
v -0.56876 1.65752 -3.41472
v -0.5492 1.62641 -3.42017
v -0.55948 1.65752 -3.41945
v -0.56535 1.69531 -3.41002
v -0.5492 1.65752 -3.42108
v -0.55769 1.69531 -3.41393
v -0.52963 1.65752 -3.36086
v -0.52696 1.69531 -3.37164
v -0.52227 1.65752 -3.36823
v -0.53016 1.62641 -3.36159
v -0.523 1.62641 -3.36876
v -0.5302 1.62388 -3.36165
v -0.52306 1.62388 -3.3688
v -0.52963 1.65752 -3.36086
v -0.53304 1.69531 -3.36556
v -0.52696 1.69531 -3.37164
v -0.52722 1.736 -3.37183
v -0.52337 1.736 -3.3794
v -0.52458 1.73901 -3.37979
v -0.52825 1.73901 -3.37257
v -0.52331 1.73901 -3.38779
v -0.52306 1.69531 -3.3793
v -0.52227 1.65752 -3.36823
v -0.52204 1.736 -3.38779
v -0.52458 1.73901 -3.39579
v -0.52337 1.736 -3.39618
v -0.52171 1.69531 -3.38779
v -0.52306 1.69531 -3.39628
v -0.51754 1.65752 -3.37751
v -0.523 1.62641 -3.36876
v -0.51591 1.65752 -3.38779
v -0.51754 1.65752 -3.39808
v -0.5184 1.62641 -3.37778
v -0.52306 1.62388 -3.3688
v -0.51847 1.62388 -3.37781
v -0.51681 1.62641 -3.38779
v -0.5184 1.62641 -3.3978
v -0.51688 1.62388 -3.38779
v -0.51847 1.62388 -3.39777
v -0.5592 1.62641 -3.35699
v -0.55948 1.65752 -3.35614
v -0.5492 1.65752 -3.35451
v -0.5492 1.69531 -3.36031
v -0.5407 1.69531 -3.36165
v -0.55769 1.69531 -3.36165
v -0.56876 1.65752 -3.36086
v -0.5492 1.736 -3.36063
v -0.5408 1.736 -3.36196
v -0.5412 1.73901 -3.36317
v -0.53398 1.73901 -3.36685
v -0.53323 1.736 -3.36582
v -0.53304 1.69531 -3.36556
v -0.53891 1.65752 -3.35614
v -0.52963 1.65752 -3.36086
v -0.53919 1.62641 -3.35699
v -0.53016 1.62641 -3.36159
v -0.53921 1.62388 -3.35706
v -0.5302 1.62388 -3.36165
v -0.5492 1.65752 -3.35451
v -0.5407 1.69531 -3.36165
v -0.53891 1.65752 -3.35614
v -0.5492 1.62641 -3.35541
v -0.53919 1.62641 -3.35699
v -0.5592 1.62641 -3.35699
v -0.5492 1.62388 -3.35548
v -0.53921 1.62388 -3.35706
v -0.55918 1.62388 -3.35706
v -0.56819 1.62388 -3.36165
v -0.56823 1.62641 -3.36159
v -0.55948 1.65752 -3.35614
v -0.56876 1.65752 -3.36086
v -0.56535 1.69531 -3.36556
v -0.55769 1.69531 -3.36165
v -0.55759 1.736 -3.36196
v -0.56516 1.736 -3.36582
v -0.5492 1.736 -3.36063
v -0.55719 1.73901 -3.36317
v -0.56441 1.73901 -3.36685
v -0.5492 1.73901 -3.3619
v -0.5412 1.73901 -3.36317
v -0.52306 1.62388 -3.40678
v -0.53016 1.62641 -3.41399
v -0.5302 1.62388 -3.41393
v -0.523 1.62641 -3.40683
v -0.51847 1.62388 -3.39777
v -0.52963 1.65752 -3.41472
v -0.5184 1.62641 -3.3978
v -0.52227 1.65752 -3.40735
v -0.53304 1.69531 -3.41002
v -0.51754 1.65752 -3.39808
v -0.52696 1.69531 -3.40394
v -0.53323 1.736 -3.40976
v -0.52306 1.69531 -3.39628
v -0.52722 1.736 -3.40375
v -0.53398 1.73901 -3.40873
v -0.52337 1.736 -3.39618
v -0.52825 1.73901 -3.40301
v -0.52458 1.73901 -3.39579
v -0.57533 1.62388 -3.40678
v -0.57999 1.62641 -3.3978
v -0.57992 1.62388 -3.39777
v -0.57539 1.62641 -3.40683
v -0.56819 1.62388 -3.41393
v -0.56823 1.62641 -3.41399
v -0.58085 1.65752 -3.39808
v -0.57612 1.65752 -3.40736
v -0.56876 1.65752 -3.41472
v -0.57143 1.69531 -3.40394
v -0.56535 1.69531 -3.41002
v -0.57533 1.69531 -3.39628
v -0.57117 1.736 -3.40375
v -0.56516 1.736 -3.40976
v -0.57014 1.73901 -3.40301
v -0.56441 1.73901 -3.40873
v -0.57502 1.736 -3.39618
v -0.57635 1.736 -3.38779
v -0.57668 1.69531 -3.38779
v -0.58248 1.65752 -3.38779
v -0.57999 1.62641 -3.3978
v -0.58085 1.65752 -3.39808
v -0.58248 1.65752 -3.38779
v -0.58158 1.62641 -3.38779
v -0.57992 1.62388 -3.39777
v -0.58151 1.62388 -3.38779
v -0.57999 1.62641 -3.37778
v -0.57992 1.62388 -3.37781
v -0.58085 1.65752 -3.37751
v -0.57539 1.62641 -3.36876
v -0.57533 1.62388 -3.3688
v -0.56823 1.62641 -3.36159
v -0.56819 1.62388 -3.36165
v -0.56876 1.65752 -3.36086
v -0.57612 1.65752 -3.36823
v -0.56535 1.69531 -3.36556
v -0.57143 1.69531 -3.37164
v -0.56516 1.736 -3.36582
v -0.57533 1.69531 -3.3793
v -0.57668 1.69531 -3.38779
v -0.57117 1.736 -3.37183
v -0.56441 1.73901 -3.36685
v -0.57014 1.73901 -3.37258
v -0.57502 1.736 -3.3794
v -0.57381 1.73901 -3.37979
v -0.57635 1.736 -3.38779
v -0.57508 1.73901 -3.38779
v -0.57502 1.736 -3.39618
v -0.57381 1.73901 -3.39579
v -0.57117 1.736 -3.40375
v -0.57014 1.73901 -3.40301
v -0.53304 1.69531 -3.36556
v -0.53323 1.736 -3.36582
v -0.52722 1.736 -3.37183
v -0.52825 1.73901 -3.37257
v -0.53398 1.73901 -3.36685
v -0.5492 1.62657 -3.41455
v -0.55746 1.62657 -3.41324
v -0.55774 1.65718 -3.41408
v -0.5492 1.65718 -3.41544
v -0.55595 1.69486 -3.40858
v -0.5492 1.69486 -3.40965
v -0.55585 1.73486 -3.40828
v -0.5492 1.73486 -3.40933
v -0.55559 1.73683 -3.40749
v -0.5492 1.73683 -3.4085
v -0.54254 1.73486 -3.40828
v -0.5428 1.73683 -3.40749
v -0.54244 1.69486 -3.40858
v -0.53653 1.73486 -3.40522
v -0.53702 1.73683 -3.40455
v -0.53635 1.69486 -3.40547
v -0.53295 1.65718 -3.41016
v -0.54065 1.65718 -3.41408
v -0.53347 1.62657 -3.40944
v -0.54093 1.62657 -3.41324
v -0.53351 1.62405 -3.40938
v -0.54095 1.62405 -3.41317
v -0.5492 1.62405 -3.41448
v -0.5492 1.62405 -3.41448
v -0.55746 1.62657 -3.41324
v -0.5492 1.62657 -3.41455
v -0.55744 1.62405 -3.41317
v -0.56492 1.62657 -3.40944
v -0.56488 1.62405 -3.40938
v -0.56544 1.65718 -3.41016
v -0.55774 1.65718 -3.41408
v -0.56204 1.69486 -3.40547
v -0.55595 1.69486 -3.40858
v -0.56186 1.73486 -3.40522
v -0.55585 1.73486 -3.40828
v -0.56137 1.73683 -3.40455
v -0.55559 1.73683 -3.40749
v -0.52375 1.62657 -3.39606
v -0.52683 1.65718 -3.40404
v -0.5229 1.65718 -3.39633
v -0.52244 1.62657 -3.38779
v -0.52251 1.62405 -3.38779
v -0.52382 1.62405 -3.39604
v -0.52382 1.62405 -3.37954
v -0.52155 1.65718 -3.38779
v -0.52841 1.69486 -3.39455
v -0.52375 1.62657 -3.37952
v -0.52761 1.62405 -3.37211
v -0.52734 1.69486 -3.38779
v -0.52871 1.73486 -3.39445
v -0.52755 1.62657 -3.37206
v -0.53351 1.62405 -3.3662
v -0.53347 1.62657 -3.36614
v -0.5229 1.65718 -3.37925
v -0.52683 1.65718 -3.37154
v -0.53295 1.65718 -3.36543
v -0.53151 1.69486 -3.37494
v -0.52841 1.69486 -3.38104
v -0.52766 1.73486 -3.38779
v -0.5295 1.73683 -3.39419
v -0.52871 1.73486 -3.38113
v -0.52849 1.73683 -3.38779
v -0.5295 1.73683 -3.38139
v -0.53295 1.65718 -3.36543
v -0.53151 1.69486 -3.37494
v -0.53635 1.69486 -3.37011
v -0.53177 1.73486 -3.37513
v -0.53653 1.73486 -3.37036
v -0.52871 1.73486 -3.38113
v -0.52841 1.69486 -3.38104
v -0.5295 1.73683 -3.38139
v -0.53244 1.73683 -3.37562
v -0.53702 1.73683 -3.37104
v -0.55746 1.62657 -3.36234
v -0.5492 1.65718 -3.36015
v -0.55774 1.65718 -3.3615
v -0.5492 1.69486 -3.36593
v -0.55595 1.69486 -3.367
v -0.54244 1.69486 -3.367
v -0.54065 1.65718 -3.3615
v -0.5492 1.73486 -3.36625
v -0.55585 1.73486 -3.36731
v -0.5492 1.73683 -3.36708
v -0.55559 1.73683 -3.36809
v -0.5428 1.73683 -3.36809
v -0.54254 1.73486 -3.36731
v -0.53702 1.73683 -3.37104
v -0.53653 1.73486 -3.37036
v -0.53635 1.69486 -3.37011
v -0.53295 1.65718 -3.36543
v -0.54093 1.62657 -3.36234
v -0.5492 1.62657 -3.36103
v -0.53347 1.62657 -3.36614
v -0.5492 1.62405 -3.36111
v -0.55744 1.62405 -3.36241
v -0.54095 1.62405 -3.36241
v -0.53351 1.62405 -3.3662
v -0.5492 1.62657 -3.36103
v -0.54065 1.65718 -3.3615
v -0.5492 1.65718 -3.36015
v -0.55746 1.62657 -3.36234
v -0.55744 1.62405 -3.36241
v -0.56488 1.62405 -3.3662
v -0.56492 1.62657 -3.36614
v -0.55774 1.65718 -3.3615
v -0.56544 1.65718 -3.36543
v -0.55595 1.69486 -3.367
v -0.56204 1.69486 -3.37011
v -0.55585 1.73486 -3.36731
v -0.56186 1.73486 -3.37036
v -0.55559 1.73683 -3.36809
v -0.56137 1.73683 -3.37104
v -0.52761 1.62405 -3.40348
v -0.53351 1.62405 -3.40938
v -0.53347 1.62657 -3.40944
v -0.52755 1.62657 -3.40352
v -0.52382 1.62405 -3.39604
v -0.52375 1.62657 -3.39606
v -0.53295 1.65718 -3.41016
v -0.52683 1.65718 -3.40404
v -0.53635 1.69486 -3.40547
v -0.53151 1.69486 -3.40064
v -0.5229 1.65718 -3.39633
v -0.53653 1.73486 -3.40522
v -0.52841 1.69486 -3.39455
v -0.53177 1.73486 -3.40045
v -0.53702 1.73683 -3.40455
v -0.52871 1.73486 -3.39445
v -0.53244 1.73683 -3.39996
v -0.5295 1.73683 -3.39419
v -0.57078 1.62405 -3.37211
v -0.56488 1.62405 -3.3662
v -0.56492 1.62657 -3.36614
v -0.57084 1.62657 -3.37206
v -0.57457 1.62405 -3.37954
v -0.56544 1.65718 -3.36543
v -0.57464 1.62657 -3.37952
v -0.57588 1.62405 -3.38779
v -0.57595 1.62657 -3.38779
v -0.57156 1.65718 -3.37154
v -0.56204 1.69486 -3.37011
v -0.57549 1.65718 -3.37925
v -0.57684 1.65718 -3.38779
v -0.56688 1.69486 -3.37494
v -0.56186 1.73486 -3.37036
v -0.56998 1.69486 -3.38104
v -0.57105 1.69486 -3.38779
v -0.56662 1.73486 -3.37513
v -0.56137 1.73683 -3.37104
v -0.56595 1.73683 -3.37562
v -0.56968 1.73486 -3.38113
v -0.57073 1.73486 -3.38779
v -0.56889 1.73683 -3.38139
v -0.5699 1.73683 -3.38779
v -0.57457 1.62405 -3.39604
v -0.57588 1.62405 -3.38779
v -0.57595 1.62657 -3.38779
v -0.57464 1.62657 -3.39606
v -0.57078 1.62405 -3.40348
v -0.57684 1.65718 -3.38779
v -0.57084 1.62657 -3.40352
v -0.56488 1.62405 -3.40938
v -0.56492 1.62657 -3.40944
v -0.57549 1.65718 -3.39633
v -0.57105 1.69486 -3.38779
v -0.57156 1.65718 -3.40404
v -0.56544 1.65718 -3.41016
v -0.56998 1.69486 -3.39455
v -0.57073 1.73486 -3.38779
v -0.56688 1.69486 -3.40064
v -0.56204 1.69486 -3.40547
v -0.56968 1.73486 -3.39445
v -0.5699 1.73683 -3.38779
v -0.56889 1.73683 -3.39419
v -0.56662 1.73486 -3.40045
v -0.56186 1.73486 -3.40522
v -0.56595 1.73683 -3.39996
v -0.56137 1.73683 -3.40455
v -0.57059 1.61911 -3.41724
v -0.56044 1.62077 -3.42241
v -0.57059 1.62077 -3.41724
v -0.52362 1.7414 -3.40637
v -0.52945 1.74538 -3.41497
v -0.53062 1.7414 -3.41336
v -0.54253 1.7747 -3.39264
v -0.54537 1.77785 -3.39305
v -0.54435 1.7747 -3.39446
v -0.5492 1.62077 -3.42419
v -0.53829 1.62313 -3.42134
v -0.5492 1.62313 -3.42307
v -0.53795 1.62077 -3.42241
v -0.52846 1.62313 -3.41633
v -0.5278 1.62077 -3.41724
v -0.53795 1.61911 -3.42241
v -0.5278 1.61911 -3.41724
v -0.53795 1.59142 -3.42241
v -0.5278 1.59142 -3.41724
v -0.53795 1.58822 -3.42241
v -0.5278 1.58822 -3.41724
v -0.5278 1.62077 -3.41724
v -0.52065 1.62313 -3.40853
v -0.52846 1.62313 -3.41633
v -0.51975 1.62077 -3.40918
v -0.5278 1.61911 -3.41724
v -0.51564 1.62313 -3.39869
v -0.51975 1.61911 -3.40918
v -0.5278 1.59142 -3.41724
v -0.51458 1.62077 -3.39904
v -0.51392 1.62313 -3.38779
v -0.5128 1.62077 -3.38779
v -0.51458 1.61911 -3.39904
v -0.5128 1.61911 -3.38779
v -0.51458 1.59142 -3.39904
v -0.51975 1.59142 -3.40918
v -0.5278 1.58822 -3.41724
v -0.51975 1.58822 -3.40918
v -0.51458 1.58822 -3.39904
v -0.5128 1.62077 -3.38779
v -0.51564 1.62313 -3.37689
v -0.51392 1.62313 -3.38779
v -0.51458 1.62077 -3.37654
v -0.52065 1.62313 -3.36705
v -0.5128 1.61911 -3.38779
v -0.51975 1.62077 -3.3664
v -0.52846 1.62313 -3.35925
v -0.5278 1.62077 -3.35834
v -0.51458 1.61911 -3.37654
v -0.51975 1.61911 -3.3664
v -0.5278 1.61911 -3.35834
v -0.5128 1.59142 -3.38779
v -0.51458 1.59142 -3.39904
v -0.51458 1.58822 -3.39904
v -0.5128 1.58822 -3.38779
v -0.51458 1.59142 -3.37654
v -0.51458 1.58822 -3.37654
v -0.51975 1.59142 -3.3664
v -0.5278 1.59142 -3.35834
v -0.51975 1.58822 -3.3664
v -0.5278 1.58822 -3.35834
v -0.5278 1.62077 -3.35834
v -0.53829 1.62313 -3.35424
v -0.52846 1.62313 -3.35925
v -0.53795 1.62077 -3.35317
v -0.5278 1.61911 -3.35834
v -0.5492 1.62313 -3.35251
v -0.53795 1.61911 -3.35317
v -0.5278 1.59142 -3.35834
v -0.5492 1.62077 -3.35139
v -0.5601 1.62313 -3.35424
v -0.56044 1.62077 -3.35317
v -0.56993 1.62313 -3.35925
v -0.5492 1.61911 -3.35139
v -0.53795 1.59142 -3.35317
v -0.5278 1.58822 -3.35834
v -0.53795 1.58822 -3.35317
v -0.56044 1.62077 -3.35317
v -0.57059 1.62077 -3.35834
v -0.56993 1.62313 -3.35925
v -0.56044 1.61911 -3.35317
v -0.57059 1.61911 -3.35834
v -0.5492 1.61911 -3.35139
v -0.56044 1.59142 -3.35317
v -0.57059 1.59142 -3.35834
v -0.5492 1.59142 -3.35139
v -0.53795 1.59142 -3.35317
v -0.53795 1.58822 -3.35317
v -0.5492 1.58822 -3.35139
v -0.56044 1.58822 -3.35317
v -0.57059 1.58822 -3.35834
v -0.57059 1.62077 -3.35834
v -0.57774 1.62313 -3.36705
v -0.56993 1.62313 -3.35925
v -0.57864 1.62077 -3.3664
v -0.57059 1.61911 -3.35834
v -0.58275 1.62313 -3.37689
v -0.58381 1.62077 -3.37654
v -0.58447 1.62313 -3.38779
v -0.57864 1.61911 -3.3664
v -0.57059 1.59142 -3.35834
v -0.57864 1.59142 -3.3664
v -0.57059 1.58822 -3.35834
v -0.58381 1.61911 -3.37654
v -0.57864 1.58822 -3.3664
v -0.58381 1.59142 -3.37654
v -0.58381 1.58822 -3.37654
v -0.57864 1.61911 -3.3664
v -0.58381 1.61911 -3.37654
v -0.58381 1.62077 -3.37654
v -0.58559 1.62077 -3.38779
v -0.58447 1.62313 -3.38779
v -0.58275 1.62313 -3.39869
v -0.58559 1.61911 -3.38779
v -0.58381 1.59142 -3.37654
v -0.58381 1.62077 -3.39904
v -0.57774 1.62313 -3.40853
v -0.58559 1.59142 -3.38779
v -0.58381 1.58822 -3.37654
v -0.58559 1.58822 -3.38779
v -0.57864 1.62077 -3.40918
v -0.56993 1.62313 -3.41633
v -0.57059 1.62077 -3.41724
v -0.58381 1.61911 -3.39904
v -0.58381 1.59142 -3.39904
v -0.58381 1.58822 -3.39904
v -0.57864 1.61911 -3.40918
v -0.57059 1.61911 -3.41724
v -0.57059 1.62077 -3.41724
v -0.5601 1.62313 -3.42134
v -0.56993 1.62313 -3.41633
v -0.56044 1.62077 -3.42241
v -0.5492 1.62313 -3.42307
v -0.5492 1.62077 -3.42419
v -0.56044 1.61911 -3.42241
v -0.57059 1.61911 -3.41724
v -0.57059 1.59142 -3.41724
v -0.5492 1.61911 -3.42419
v -0.53795 1.62077 -3.42241
v -0.53795 1.61911 -3.42241
v -0.56044 1.59142 -3.42241
v -0.57059 1.58822 -3.41724
v -0.56044 1.58822 -3.42241
v -0.5492 1.59142 -3.42419
v -0.53795 1.59142 -3.42241
v -0.5492 1.58822 -3.42419
v -0.53795 1.58822 -3.42241
v -0.52846 1.62313 -3.41633
v -0.5302 1.62388 -3.41393
v -0.53921 1.62388 -3.41852
v -0.53829 1.62313 -3.42134
v -0.5492 1.62388 -3.4201
v -0.5492 1.62313 -3.42307
v -0.55918 1.62388 -3.41852
v -0.5601 1.62313 -3.42134
v -0.56819 1.62388 -3.41393
v -0.56993 1.62313 -3.41633
v -0.57533 1.62388 -3.40678
v -0.57774 1.62313 -3.40853
v -0.57992 1.62388 -3.39777
v -0.58275 1.62313 -3.39869
v -0.58151 1.62388 -3.38779
v -0.58447 1.62313 -3.38779
v -0.57992 1.62388 -3.37781
v -0.58275 1.62313 -3.37689
v -0.57533 1.62388 -3.3688
v -0.57774 1.62313 -3.36705
v -0.56819 1.62388 -3.36165
v -0.56993 1.62313 -3.35925
v -0.55918 1.62388 -3.35706
v -0.5601 1.62313 -3.35424
v -0.5492 1.62388 -3.35548
v -0.5492 1.62313 -3.35251
v -0.53921 1.62388 -3.35706
v -0.53829 1.62313 -3.35424
v -0.5302 1.62388 -3.36165
v -0.52846 1.62313 -3.35925
v -0.52306 1.62388 -3.3688
v -0.52065 1.62313 -3.36705
v -0.51847 1.62388 -3.37781
v -0.51564 1.62313 -3.37689
v -0.51688 1.62388 -3.38779
v -0.51392 1.62313 -3.38779
v -0.51847 1.62388 -3.39777
v -0.51564 1.62313 -3.39869
v -0.52065 1.62313 -3.40853
v -0.5302 1.62388 -3.41393
v -0.52846 1.62313 -3.41633
v -0.52306 1.62388 -3.40678
v -0.51564 1.62313 -3.39869
v -0.51847 1.62388 -3.39777
v -0.57864 1.58822 -3.40918
v -0.57059 1.58822 -3.41724
v -0.57059 1.59142 -3.41724
v -0.57864 1.59142 -3.40918
v -0.58381 1.58822 -3.39904
v -0.57059 1.61911 -3.41724
v -0.58381 1.59142 -3.39904
v -0.57864 1.61911 -3.40918
v -0.5412 1.73901 -3.36317
v -0.53062 1.7414 -3.36222
v -0.53398 1.73901 -3.36685
v -0.52362 1.7414 -3.36921
v -0.52825 1.73901 -3.37257
v -0.51913 1.7414 -3.37802
v -0.52458 1.73901 -3.37979
v -0.51759 1.7414 -3.38779
v -0.52331 1.73901 -3.38779
v -0.51913 1.7414 -3.39756
v -0.52458 1.73901 -3.39579
v -0.52362 1.7414 -3.40637
v -0.52825 1.73901 -3.40301
v -0.5412 1.73901 -3.36317
v -0.53943 1.7414 -3.35773
v -0.53062 1.7414 -3.36222
v -0.5492 1.73901 -3.3619
v -0.5492 1.7414 -3.35618
v -0.55719 1.73901 -3.36317
v -0.55896 1.7414 -3.35773
v -0.56441 1.73901 -3.36685
v -0.56777 1.7414 -3.36222
v -0.55896 1.7414 -3.41785
v -0.56894 1.74538 -3.41497
v -0.56777 1.7414 -3.41336
v -0.55958 1.74538 -3.41974
v -0.5492 1.7414 -3.4194
v -0.5492 1.74538 -3.42138
v -0.56015 1.75132 -3.4215
v -0.53943 1.7414 -3.41785
v -0.5492 1.75132 -3.42323
v -0.53881 1.74538 -3.41974
v -0.53062 1.7414 -3.41336
v -0.53824 1.75132 -3.4215
v -0.52945 1.74538 -3.41497
v -0.52836 1.75132 -3.41646
v -0.55958 1.74538 -3.41974
v -0.57003 1.75132 -3.41646
v -0.56894 1.74538 -3.41497
v -0.56015 1.75132 -3.4215
v -0.56895 1.75841 -3.41498
v -0.53824 1.75132 -3.4215
v -0.5492 1.75841 -3.4214
v -0.5492 1.75132 -3.42323
v -0.55958 1.75841 -3.41975
v -0.56015 1.75132 -3.4215
v -0.56895 1.75841 -3.41498
v -0.5664 1.76506 -3.41147
v -0.55824 1.76506 -3.41563
v -0.5492 1.76506 -3.41706
v -0.53881 1.75841 -3.41975
v -0.54015 1.76506 -3.41563
v -0.53824 1.75132 -3.4215
v -0.53881 1.75841 -3.41975
v -0.5492 1.75841 -3.4214
v -0.52836 1.75132 -3.41646
v -0.52944 1.75841 -3.41498
v -0.54015 1.76506 -3.41563
v -0.53199 1.76506 -3.41147
v -0.57014 1.73901 -3.37258
v -0.56777 1.7414 -3.36222
v -0.56441 1.73901 -3.36685
v -0.57477 1.7414 -3.36921
v -0.57381 1.73901 -3.37979
v -0.57926 1.7414 -3.37802
v -0.57508 1.73901 -3.38779
v -0.5808 1.7414 -3.38779
v -0.57381 1.73901 -3.39579
v -0.57926 1.7414 -3.39756
v -0.57014 1.73901 -3.40301
v -0.57477 1.7414 -3.40637
v -0.56441 1.73901 -3.40873
v -0.56777 1.7414 -3.41336
v -0.55719 1.73901 -3.41241
v -0.55719 1.73901 -3.41241
v -0.55896 1.7414 -3.41785
v -0.56777 1.7414 -3.41336
v -0.5492 1.73901 -3.41368
v -0.5492 1.7414 -3.4194
v -0.5412 1.73901 -3.41241
v -0.53943 1.7414 -3.41785
v -0.53398 1.73901 -3.40873
v -0.53062 1.7414 -3.41336
v -0.52825 1.73901 -3.40301
v -0.52362 1.7414 -3.40637
v -0.57637 1.74538 -3.40754
v -0.5829 1.75132 -3.39874
v -0.58114 1.74538 -3.39817
v -0.57787 1.75132 -3.40862
v -0.56894 1.74538 -3.41497
v -0.57003 1.75132 -3.41646
v -0.57638 1.75841 -3.40754
v -0.56895 1.75841 -3.41498
v -0.58116 1.75841 -3.39818
v -0.5828 1.75841 -3.38779
v -0.58464 1.75132 -3.38779
v -0.57847 1.76506 -3.38779
v -0.57703 1.76506 -3.39684
v -0.57287 1.76506 -3.40499
v -0.57477 1.7414 -3.40637
v -0.57637 1.74538 -3.40754
v -0.58114 1.74538 -3.39817
v -0.57926 1.7414 -3.39756
v -0.58279 1.74538 -3.38779
v -0.5808 1.7414 -3.38779
v -0.58464 1.75132 -3.38779
v -0.5829 1.75132 -3.39874
v -0.58114 1.74538 -3.37741
v -0.57926 1.7414 -3.37802
v -0.5829 1.75132 -3.37684
v -0.58116 1.75841 -3.37741
v -0.5828 1.75841 -3.38779
v -0.57787 1.75132 -3.36696
v -0.57637 1.74538 -3.36805
v -0.57003 1.75132 -3.35912
v -0.57477 1.7414 -3.36921
v -0.56894 1.74538 -3.36061
v -0.56777 1.7414 -3.36222
v -0.57787 1.75132 -3.36696
v -0.56895 1.75841 -3.3606
v -0.57003 1.75132 -3.35912
v -0.57638 1.75841 -3.36804
v -0.5829 1.75132 -3.37684
v -0.5664 1.76506 -3.36411
v -0.58116 1.75841 -3.37741
v -0.57288 1.76506 -3.37059
v -0.57703 1.76506 -3.37875
v -0.5828 1.75841 -3.38779
v -0.57703 1.76506 -3.37875
v -0.58116 1.75841 -3.37741
v -0.57847 1.76506 -3.38779
v -0.52945 1.74538 -3.36061
v -0.52836 1.75132 -3.35912
v -0.52052 1.75132 -3.36696
v -0.52202 1.74538 -3.36805
v -0.53062 1.7414 -3.36222
v -0.51549 1.75132 -3.37684
v -0.52362 1.7414 -3.36921
v -0.51725 1.74538 -3.37741
v -0.51913 1.7414 -3.37802
v -0.51375 1.75132 -3.38779
v -0.5156 1.74538 -3.38779
v -0.51759 1.7414 -3.38779
v -0.51725 1.74538 -3.39817
v -0.51913 1.7414 -3.39756
v -0.51549 1.75132 -3.39874
v -0.51723 1.75841 -3.39818
v -0.51559 1.75841 -3.38779
v -0.52052 1.75132 -3.40862
v -0.52202 1.74538 -3.40754
v -0.52362 1.7414 -3.40637
v -0.52836 1.75132 -3.41646
v -0.52945 1.74538 -3.41497
v -0.51549 1.75132 -3.37684
v -0.51559 1.75841 -3.38779
v -0.51375 1.75132 -3.38779
v -0.51723 1.75841 -3.37741
v -0.52052 1.75132 -3.36696
v -0.51993 1.76506 -3.38779
v -0.52136 1.76506 -3.39684
v -0.52136 1.76506 -3.37875
v -0.52201 1.75841 -3.36804
v -0.52836 1.75132 -3.35912
v -0.52552 1.76506 -3.37059
v -0.52944 1.75841 -3.3606
v -0.53199 1.76506 -3.36411
v -0.51559 1.75841 -3.38779
v -0.52136 1.76506 -3.39684
v -0.51723 1.75841 -3.39818
v -0.52552 1.76506 -3.40499
v -0.52201 1.75841 -3.40754
v -0.51549 1.75132 -3.39874
v -0.53199 1.76506 -3.41147
v -0.52052 1.75132 -3.40862
v -0.52944 1.75841 -3.41498
v -0.52836 1.75132 -3.41646
v -0.53943 1.7414 -3.35773
v -0.52945 1.74538 -3.36061
v -0.53062 1.7414 -3.36222
v -0.53881 1.74538 -3.35584
v -0.52836 1.75132 -3.35912
v -0.5492 1.7414 -3.35618
v -0.53824 1.75132 -3.35408
v -0.5492 1.74538 -3.3542
v -0.5492 1.75132 -3.35235
v -0.55896 1.7414 -3.35773
v -0.55958 1.74538 -3.35584
v -0.56777 1.7414 -3.36222
v -0.53824 1.75132 -3.35408
v -0.52944 1.75841 -3.3606
v -0.52836 1.75132 -3.35912
v -0.53881 1.75841 -3.35583
v -0.53199 1.76506 -3.36411
v -0.54015 1.76506 -3.35995
v -0.5492 1.75132 -3.35235
v -0.53881 1.75841 -3.35583
v -0.53824 1.75132 -3.35408
v -0.5492 1.75841 -3.35418
v -0.54015 1.76506 -3.35995
v -0.5492 1.76506 -3.35852
v -0.56015 1.75132 -3.35408
v -0.55958 1.74538 -3.35584
v -0.55958 1.75841 -3.35583
v -0.55824 1.76506 -3.35995
v -0.56894 1.74538 -3.36061
v -0.56777 1.7414 -3.36222
v -0.57003 1.75132 -3.35912
v -0.56895 1.75841 -3.3606
v -0.5664 1.76506 -3.36411
v -0.56777 1.7414 -3.41336
v -0.56894 1.74538 -3.41497
v -0.57637 1.74538 -3.40754
v -0.57477 1.7414 -3.40637
v -0.56895 1.75841 -3.41498
v -0.57287 1.76506 -3.40499
v -0.57638 1.75841 -3.40754
v -0.5664 1.76506 -3.41147
v -0.52552 1.76506 -3.37059
v -0.53011 1.76978 -3.38159
v -0.52136 1.76506 -3.37875
v -0.52913 1.76978 -3.38779
v -0.51993 1.76506 -3.38779
v -0.53011 1.76978 -3.39399
v -0.52136 1.76506 -3.39684
v -0.53296 1.76978 -3.39959
v -0.52136 1.76506 -3.39684
v -0.53296 1.76978 -3.39959
v -0.52552 1.76506 -3.40499
v -0.5374 1.76978 -3.40403
v -0.53199 1.76506 -3.41147
v -0.54299 1.76978 -3.40688
v -0.54015 1.76506 -3.41563
v -0.5492 1.76978 -3.40786
v -0.5492 1.76506 -3.41706
v -0.5554 1.76978 -3.40688
v -0.55824 1.76506 -3.41563
v -0.56099 1.76978 -3.40403
v -0.5664 1.76506 -3.41147
v -0.56543 1.76978 -3.39959
v -0.57287 1.76506 -3.40499
v -0.56828 1.76978 -3.39399
v -0.57703 1.76506 -3.39684
v -0.56926 1.76978 -3.38779
v -0.57847 1.76506 -3.38779
v -0.56828 1.76978 -3.38159
v -0.57703 1.76506 -3.37875
v -0.56543 1.76978 -3.376
v -0.57288 1.76506 -3.37059
v -0.56099 1.76978 -3.37156
v -0.5664 1.76506 -3.36411
v -0.5554 1.76978 -3.36871
v -0.55824 1.76506 -3.35995
v -0.5492 1.76978 -3.36772
v -0.5492 1.76506 -3.35852
v -0.54299 1.76978 -3.36871
v -0.54015 1.76506 -3.35995
v -0.5374 1.76978 -3.37156
v -0.53199 1.76506 -3.36411
v -0.53296 1.76978 -3.376
v -0.52552 1.76506 -3.37059
v -0.53011 1.76978 -3.38159
v -0.55298 1.77102 -3.38258
v -0.5544 1.77102 -3.38401
v -0.55118 1.77102 -3.38167
v -0.5492 1.77102 -3.38136
v -0.55532 1.77102 -3.3858
v -0.54721 1.77102 -3.38167
v -0.55563 1.77102 -3.38779
v -0.54541 1.77102 -3.38258
v -0.55532 1.77102 -3.38978
v -0.54399 1.77102 -3.38401
v -0.5544 1.77102 -3.39157
v -0.54307 1.77102 -3.3858
v -0.55298 1.77102 -3.393
v -0.54276 1.77102 -3.38779
v -0.55118 1.77102 -3.39391
v -0.52913 1.76978 -3.38779
v -0.54307 1.77102 -3.38978
v -0.5492 1.77102 -3.39423
v -0.53011 1.76978 -3.39399
v -0.54399 1.77102 -3.39157
v -0.54721 1.77102 -3.39391
v -0.54541 1.77102 -3.393
v -0.54721 1.77102 -3.38167
v -0.54515 1.77176 -3.38222
v -0.54541 1.77102 -3.38258
v -0.54707 1.77176 -3.38124
v -0.5492 1.77102 -3.38136
v -0.54435 1.7747 -3.38112
v -0.5492 1.77176 -3.3809
v -0.54665 1.7747 -3.37995
v -0.5492 1.7747 -3.37955
v -0.55118 1.77102 -3.38167
v -0.5492 1.77176 -3.3809
v -0.5492 1.77102 -3.38136
v -0.55132 1.77176 -3.38124
v -0.55298 1.77102 -3.38258
v -0.5492 1.7747 -3.37955
v -0.55325 1.77176 -3.38222
v -0.55174 1.7747 -3.37995
v -0.55404 1.7747 -3.38112
v -0.55404 1.7747 -3.38112
v -0.55302 1.77785 -3.38253
v -0.55121 1.77785 -3.3816
v -0.55174 1.7747 -3.37995
v -0.5492 1.77785 -3.38128
v -0.5492 1.7747 -3.37955
v -0.54718 1.77785 -3.3816
v -0.54665 1.7747 -3.37995
v -0.54537 1.77785 -3.38253
v -0.54435 1.7747 -3.38112
v -0.54307 1.77102 -3.3858
v -0.54231 1.77176 -3.38779
v -0.54276 1.77102 -3.38779
v -0.54264 1.77176 -3.38566
v -0.54095 1.7747 -3.38779
v -0.54399 1.77102 -3.38401
v -0.54135 1.7747 -3.38524
v -0.54362 1.77176 -3.38374
v -0.54541 1.77102 -3.38258
v -0.54253 1.7747 -3.38294
v -0.54515 1.77176 -3.38222
v -0.54435 1.7747 -3.38112
v -0.54399 1.77102 -3.39157
v -0.54515 1.77176 -3.39336
v -0.54541 1.77102 -3.393
v -0.54362 1.77176 -3.39184
v -0.54435 1.7747 -3.39446
v -0.54307 1.77102 -3.38978
v -0.54253 1.7747 -3.39264
v -0.54264 1.77176 -3.38992
v -0.54276 1.77102 -3.38779
v -0.54135 1.7747 -3.39034
v -0.54231 1.77176 -3.38779
v -0.54095 1.7747 -3.38779
v -0.54253 1.7747 -3.39264
v -0.54393 1.77785 -3.39162
v -0.54537 1.77785 -3.39305
v -0.54135 1.7747 -3.39034
v -0.54301 1.77785 -3.3898
v -0.54095 1.7747 -3.38779
v -0.54269 1.77785 -3.38779
v -0.54135 1.7747 -3.38524
v -0.54301 1.77785 -3.38578
v -0.54253 1.7747 -3.38294
v -0.54393 1.77785 -3.38397
v -0.54435 1.7747 -3.38112
v -0.54537 1.77785 -3.38253
v -0.55532 1.77102 -3.38978
v -0.55609 1.77176 -3.38779
v -0.55563 1.77102 -3.38779
v -0.55575 1.77176 -3.38992
v -0.55744 1.7747 -3.38779
v -0.5544 1.77102 -3.39157
v -0.55704 1.7747 -3.39034
v -0.55477 1.77176 -3.39184
v -0.55298 1.77102 -3.393
v -0.55586 1.7747 -3.39264
v -0.55325 1.77176 -3.39336
v -0.55404 1.7747 -3.39446
v -0.5544 1.77102 -3.38401
v -0.55325 1.77176 -3.38222
v -0.55298 1.77102 -3.38258
v -0.55477 1.77176 -3.38374
v -0.55404 1.7747 -3.38112
v -0.55532 1.77102 -3.3858
v -0.55586 1.7747 -3.38294
v -0.55575 1.77176 -3.38566
v -0.55563 1.77102 -3.38779
v -0.55704 1.7747 -3.38524
v -0.55609 1.77176 -3.38779
v -0.55744 1.7747 -3.38779
v -0.55586 1.7747 -3.38294
v -0.55302 1.77785 -3.38253
v -0.55404 1.7747 -3.38112
v -0.55446 1.77785 -3.38397
v -0.55704 1.7747 -3.38524
v -0.55538 1.77785 -3.38578
v -0.55744 1.7747 -3.38779
v -0.55538 1.77785 -3.38578
v -0.55704 1.7747 -3.38524
v -0.5557 1.77785 -3.38779
v -0.55704 1.7747 -3.39034
v -0.55538 1.77785 -3.3898
v -0.55586 1.7747 -3.39264
v -0.55446 1.77785 -3.39162
v -0.55404 1.7747 -3.39446
v -0.55302 1.77785 -3.39305
v -0.54721 1.77102 -3.39391
v -0.5492 1.77176 -3.39468
v -0.5492 1.77102 -3.39423
v -0.55132 1.77176 -3.39434
v -0.55118 1.77102 -3.39391
v -0.55174 1.7747 -3.39563
v -0.5492 1.7747 -3.39603
v -0.55404 1.7747 -3.39446
v -0.55325 1.77176 -3.39336
v -0.55298 1.77102 -3.393
v -0.54515 1.77176 -3.39336
v -0.54435 1.7747 -3.39446
v -0.54665 1.7747 -3.39563
v -0.54707 1.77176 -3.39434
v -0.54541 1.77102 -3.393
v -0.5492 1.7747 -3.39603
v -0.54721 1.77102 -3.39391
v -0.5492 1.77176 -3.39468
v -0.55174 1.7747 -3.39563
v -0.55302 1.77785 -3.39305
v -0.55404 1.7747 -3.39446
v -0.55121 1.77785 -3.39398
v -0.5492 1.7747 -3.39603
v -0.5492 1.77785 -3.3943
v -0.54665 1.7747 -3.39563
v -0.54718 1.77785 -3.39398
v -0.54435 1.7747 -3.39446
v -0.54537 1.77785 -3.39305
v -0.54705 1.77929 -3.38484
v -0.54807 1.77929 -3.38432
v -0.54807 1.77929 -3.39126
v -0.5492 1.77929 -3.39144
v -0.5492 1.77929 -3.38415
v -0.55032 1.77929 -3.39126
v -0.55032 1.77929 -3.38432
v -0.55134 1.77929 -3.39074
v -0.55134 1.77929 -3.38484
v -0.54718 1.77785 -3.39398
v -0.54537 1.77785 -3.39305
v -0.54705 1.77929 -3.39074
v -0.5492 1.77785 -3.3943
v -0.55121 1.77785 -3.39398
v -0.55302 1.77785 -3.39305
v -0.55214 1.77929 -3.38993
v -0.55446 1.77785 -3.39162
v -0.55266 1.77929 -3.38892
v -0.55538 1.77785 -3.3898
v -0.55214 1.77929 -3.38565
v -0.55284 1.77929 -3.38779
v -0.5557 1.77785 -3.38779
v -0.55266 1.77929 -3.38666
v -0.55538 1.77785 -3.38578
v -0.55446 1.77785 -3.38397
v -0.55302 1.77785 -3.38253
v -0.54705 1.77929 -3.38484
v -0.54807 1.77929 -3.39126
v -0.54705 1.77929 -3.39074
v -0.54625 1.77929 -3.38565
v -0.54537 1.77785 -3.38253
v -0.54718 1.77785 -3.3816
v -0.54807 1.77929 -3.38432
v -0.5492 1.77785 -3.38128
v -0.5492 1.77929 -3.38415
v -0.54393 1.77785 -3.38397
v -0.54573 1.77929 -3.38666
v -0.54301 1.77785 -3.38578
v -0.54625 1.77929 -3.38993
v -0.54555 1.77929 -3.38779
v -0.54269 1.77785 -3.38779
v -0.54573 1.77929 -3.38892
v -0.54301 1.77785 -3.3898
v -0.54393 1.77785 -3.39162
v -0.54537 1.77785 -3.39305
v -0.55121 1.77785 -3.3816
v -0.5492 1.77929 -3.38415
v -0.5492 1.77785 -3.38128
v -0.55032 1.77929 -3.38432
v -0.55302 1.77785 -3.38253
v -0.55134 1.77929 -3.38484
v -0.57733 1.58907 -3.39693
v -0.57733 1.59469 -3.39693
v -0.57313 1.59469 -3.40518
v -0.57313 1.58907 -3.40518
v -0.57733 1.58822 -3.39693
v -0.56659 1.59469 -3.41173
v -0.57313 1.58822 -3.40518
v -0.56659 1.58907 -3.41173
v -0.56659 1.58822 -3.41173
v -0.56659 1.58907 -3.36386
v -0.56659 1.59469 -3.36386
v -0.57313 1.59469 -3.3704
v -0.57313 1.58907 -3.3704
v -0.56659 1.58822 -3.36386
v -0.57733 1.59469 -3.37865
v -0.57313 1.58822 -3.3704
v -0.57733 1.58907 -3.37865
v -0.57878 1.59469 -3.38779
v -0.57733 1.58822 -3.37865
v -0.57878 1.58907 -3.38779
v -0.57733 1.59469 -3.39693
v -0.57878 1.58822 -3.38779
v -0.57733 1.58907 -3.39693
v -0.57733 1.58822 -3.39693
v -0.51961 1.58907 -3.38779
v -0.51961 1.59469 -3.38779
v -0.52106 1.59469 -3.37865
v -0.52106 1.58907 -3.37865
v -0.51961 1.58822 -3.38779
v -0.52526 1.59469 -3.3704
v -0.52106 1.58822 -3.37865
v -0.52526 1.58907 -3.3704
v -0.53181 1.59469 -3.36386
v -0.52526 1.58822 -3.3704
v -0.53181 1.58907 -3.36386
v -0.53181 1.58822 -3.36386
v -0.52106 1.58822 -3.39693
v -0.51961 1.58907 -3.38779
v -0.51961 1.58822 -3.38779
v -0.52106 1.58907 -3.39693
v -0.51961 1.59469 -3.38779
v -0.52526 1.58822 -3.40518
v -0.52106 1.59469 -3.39693
v -0.52526 1.58907 -3.40518
v -0.53181 1.58822 -3.41173
v -0.52526 1.59469 -3.40518
v -0.53181 1.58907 -3.41173
v -0.53181 1.59469 -3.41173
v -0.53181 1.58907 -3.36386
v -0.53181 1.59469 -3.36386
v -0.54005 1.59469 -3.35965
v -0.54005 1.58907 -3.35965
v -0.53181 1.58822 -3.36386
v -0.54005 1.58822 -3.35965
v -0.5492 1.59469 -3.3582
v -0.5492 1.58907 -3.3582
v -0.5492 1.58907 -3.3582
v -0.5492 1.59469 -3.3582
v -0.55834 1.59469 -3.35965
v -0.55834 1.58907 -3.35965
v -0.56659 1.59469 -3.36386
v -0.56659 1.58907 -3.36386
v -0.55834 1.58822 -3.35965
v -0.56659 1.58822 -3.36386
v -0.5492 1.58822 -3.3582
v -0.54005 1.58822 -3.35965
v -0.54005 1.58907 -3.35965
v -0.54005 1.58907 -3.41593
v -0.54005 1.59469 -3.41593
v -0.53181 1.59469 -3.41173
v -0.5492 1.58907 -3.41738
v -0.5492 1.59469 -3.41738
v -0.55834 1.58907 -3.41593
v -0.55834 1.59469 -3.41593
v -0.55834 1.58822 -3.41593
v -0.5492 1.58822 -3.41738
v -0.56659 1.58822 -3.41173
v -0.56659 1.58907 -3.41173
v -0.56659 1.59469 -3.41173
v -0.54005 1.58907 -3.41593
v -0.53181 1.59469 -3.41173
v -0.53181 1.58907 -3.41173
v -0.54005 1.58822 -3.41593
v -0.53181 1.58822 -3.41173
v -0.5492 1.58822 -3.41738
v -0.5492 1.58907 -3.41738
v -0.58057 1.58771 -3.3776
v -0.57733 1.58822 -3.37865
v -0.57878 1.58822 -3.38779
v -0.58219 1.58771 -3.38779
v -0.57733 1.58822 -3.39693
v -0.57589 1.58771 -3.3684
v -0.57313 1.58822 -3.3704
v -0.58057 1.58771 -3.39799
v -0.57313 1.58822 -3.40518
v -0.56859 1.58771 -3.3611
v -0.56659 1.58822 -3.36386
v -0.57589 1.58771 -3.40718
v -0.56659 1.58822 -3.41173
v -0.55939 1.58771 -3.35641
v -0.55834 1.58822 -3.35965
v -0.56859 1.58771 -3.41448
v -0.55834 1.58822 -3.41593
v -0.5492 1.58771 -3.3548
v -0.5492 1.58822 -3.3582
v -0.55939 1.58771 -3.41917
v -0.5492 1.58822 -3.41738
v -0.539 1.58771 -3.35641
v -0.54005 1.58822 -3.35965
v -0.5492 1.58771 -3.42078
v -0.54005 1.58822 -3.41593
v -0.5298 1.58771 -3.3611
v -0.53181 1.58822 -3.36386
v -0.539 1.58771 -3.41917
v -0.53181 1.58822 -3.41173
v -0.5225 1.58771 -3.3684
v -0.52526 1.58822 -3.3704
v -0.5298 1.58771 -3.41448
v -0.52526 1.58822 -3.40518
v -0.51782 1.58771 -3.3776
v -0.52106 1.58822 -3.37865
v -0.5225 1.58771 -3.40718
v -0.52106 1.58822 -3.39693
v -0.5162 1.58771 -3.38779
v -0.51961 1.58822 -3.38779
v -0.51782 1.58771 -3.39799
v -0.51975 1.58822 -3.3664
v -0.5278 1.58822 -3.35834
v -0.51458 1.58822 -3.37654
v -0.5128 1.58822 -3.38779
v -0.53795 1.58822 -3.35317
v -0.51458 1.58822 -3.39904
v -0.51975 1.58822 -3.40918
v -0.5492 1.58822 -3.35139
v -0.5278 1.58822 -3.41724
v -0.56044 1.58822 -3.35317
v -0.53795 1.58822 -3.42241
v -0.57059 1.58822 -3.35834
v -0.5492 1.58822 -3.42419
v -0.57864 1.58822 -3.3664
v -0.56044 1.58822 -3.42241
v -0.58381 1.58822 -3.37654
v -0.57059 1.58822 -3.41724
v -0.58559 1.58822 -3.38779
v -0.57864 1.58822 -3.40918
v -0.58381 1.58822 -3.39904
v -0.57313 1.59469 -3.40518
v -0.56534 1.59469 -3.41001
v -0.56659 1.59469 -3.41173
v -0.57142 1.59469 -3.40394
v -0.57733 1.59469 -3.39693
v -0.55768 1.59469 -3.41392
v -0.55834 1.59469 -3.41593
v -0.57532 1.59469 -3.39628
v -0.57878 1.59469 -3.38779
v -0.5492 1.59469 -3.41526
v -0.5492 1.59469 -3.41738
v -0.57667 1.59469 -3.38779
v -0.57733 1.59469 -3.37865
v -0.57532 1.59469 -3.3793
v -0.57313 1.59469 -3.3704
v -0.57142 1.59469 -3.37164
v -0.56659 1.59469 -3.36386
v -0.56534 1.59469 -3.36557
v -0.55834 1.59469 -3.35965
v -0.55768 1.59469 -3.36166
v -0.5492 1.59469 -3.3582
v -0.5492 1.59469 -3.36032
v -0.54005 1.59469 -3.35965
v -0.54071 1.59469 -3.36166
v -0.53181 1.59469 -3.36386
v -0.54071 1.59469 -3.41392
v -0.54005 1.59469 -3.41593
v -0.53305 1.59469 -3.36557
v -0.52526 1.59469 -3.3704
v -0.53305 1.59469 -3.41001
v -0.53181 1.59469 -3.41173
v -0.52697 1.59469 -3.40394
v -0.52526 1.59469 -3.40518
v -0.52697 1.59469 -3.37164
v -0.52106 1.59469 -3.37865
v -0.52307 1.59469 -3.39628
v -0.52106 1.59469 -3.39693
v -0.52307 1.59469 -3.3793
v -0.51961 1.59469 -3.38779
v -0.52172 1.59469 -3.38779
v -0.52825 1.73901 -3.40301
v -0.53244 1.73683 -3.39996
v -0.53702 1.73683 -3.40455
v -0.53398 1.73901 -3.40873
v -0.52458 1.73901 -3.39579
v -0.5428 1.73683 -3.40749
v -0.5295 1.73683 -3.39419
v -0.5412 1.73901 -3.41241
v -0.52331 1.73901 -3.38779
v -0.5492 1.73683 -3.4085
v -0.52849 1.73683 -3.38779
v -0.5492 1.73901 -3.41368
v -0.52458 1.73901 -3.37979
v -0.55559 1.73683 -3.40749
v -0.5295 1.73683 -3.38139
v -0.55719 1.73901 -3.41241
v -0.52825 1.73901 -3.37257
v -0.56137 1.73683 -3.40455
v -0.53244 1.73683 -3.37562
v -0.56441 1.73901 -3.40873
v -0.53398 1.73901 -3.36685
v -0.56595 1.73683 -3.39996
v -0.53702 1.73683 -3.37104
v -0.57014 1.73901 -3.40301
v -0.5412 1.73901 -3.36317
v -0.56889 1.73683 -3.39419
v -0.5428 1.73683 -3.36809
v -0.57381 1.73901 -3.39579
v -0.5492 1.73901 -3.3619
v -0.5699 1.73683 -3.38779
v -0.5492 1.73683 -3.36708
v -0.57508 1.73901 -3.38779
v -0.55719 1.73901 -3.36317
v -0.56889 1.73683 -3.38139
v -0.55559 1.73683 -3.36809
v -0.57381 1.73901 -3.37979
v -0.56441 1.73901 -3.36685
v -0.56595 1.73683 -3.37562
v -0.56137 1.73683 -3.37104
v -0.57014 1.73901 -3.37258
v -0.55918 1.62388 -3.35706
v -0.55744 1.62405 -3.36241
v -0.56488 1.62405 -3.3662
v -0.56819 1.62388 -3.36165
v -0.5492 1.62388 -3.35548
v -0.57078 1.62405 -3.37211
v -0.5492 1.62405 -3.36111
v -0.57533 1.62388 -3.3688
v -0.53921 1.62388 -3.35706
v -0.57457 1.62405 -3.37954
v -0.54095 1.62405 -3.36241
v -0.57992 1.62388 -3.37781
v -0.5302 1.62388 -3.36165
v -0.57588 1.62405 -3.38779
v -0.53351 1.62405 -3.3662
v -0.58151 1.62388 -3.38779
v -0.52306 1.62388 -3.3688
v -0.57457 1.62405 -3.39604
v -0.52761 1.62405 -3.37211
v -0.57992 1.62388 -3.39777
v -0.51847 1.62388 -3.37781
v -0.57078 1.62405 -3.40348
v -0.52382 1.62405 -3.37954
v -0.57533 1.62388 -3.40678
v -0.51688 1.62388 -3.38779
v -0.56488 1.62405 -3.40938
v -0.52251 1.62405 -3.38779
v -0.56819 1.62388 -3.41393
v -0.51847 1.62388 -3.39777
v -0.55744 1.62405 -3.41317
v -0.52382 1.62405 -3.39604
v -0.55918 1.62388 -3.41852
v -0.52306 1.62388 -3.40678
v -0.5492 1.62405 -3.41448
v -0.52761 1.62405 -3.40348
v -0.5492 1.62388 -3.4201
v -0.5302 1.62388 -3.41393
v -0.54095 1.62405 -3.41317
v -0.53351 1.62405 -3.40938
v -0.53921 1.62388 -3.41852
vn -0.370945 1.571675 -3.936685
vn -0.5494458 1.571661 -3.964904
vn -0.5492949 1.571629 -3.964903
vn -0.3711044 1.571669 -3.936737
vn -0.2100568 1.571665 -3.854739
vn -0.2101877 1.571673 -3.854834
vn -0.548692 1.628787 -3.96373
vn -0.3707417 1.628783 -3.935385
vn -0.210256 1.628783 -3.853433
vn -0.5483876 1.634034 -3.963338
vn -0.7262761 1.634035 -3.935421
vn -0.3705758 1.634033 -3.934918
vn -0.2102482 1.634035 -3.852942
vn -0.3707366 1.608564 -3.936501
vn -0.2099029 1.608568 -3.85449
vn -0.5490249 1.60856 -3.964793
vn -0.3833031 1.812628 -3.893291
vn -0.2352238 1.812629 -3.81729
vn -0.5476407 1.812596 -3.919829
vn -0.712114 1.812632 -3.894258
vn -0.7273339 1.608563 -3.936608
vn -0.860638 1.812614 -3.819143
vn -0.888213 1.608565 -3.854697
vn -0.8868359 1.634036 -3.853898
vn -0.7276291 1.571653 -3.936628
vn -0.8886105 1.571673 -3.854545
vn -0.8884895 1.571697 -3.854634
vn -0.7277712 1.571665 -3.936582
vn -0.5492949 1.571629 -3.964903
vn -0.8873157 1.628782 -3.854035
vn -0.5494458 1.571661 -3.964904
vn -0.7266846 1.628784 -3.935701
vn -0.8868359 1.634036 -3.853898
vn -0.548692 1.628787 -3.96373
vn -0.7262761 1.634035 -3.935421
vn -0.2110827 1.628786 -2.921558
vn -0.08405656 1.634033 -3.048841
vn -0.08355767 1.628784 -3.048859
vn -0.2097824 1.57167 -2.921052
vn -0.08216277 1.571679 -3.048782
vn -0.2099055 1.571648 -2.920964
vn -0.08226487 1.571775 -3.048637
vn -0.2110827 1.628786 -2.921558
vn -0.211563 1.634032 -2.921695
vn -0.08405656 1.634033 -3.048841
vn -0.0825007 1.608561 -3.048506
vn -0.0004968643 1.608562 -3.209328
vn -0.04369193 1.812601 -3.221902
vn -0.1197071 1.812627 -3.073816
vn -0.0171771 1.81262 -3.386226
vn -0.002078593 1.634034 -3.20917
vn -0.08355767 1.628784 -3.048859
vn 0.02779728 1.608563 -3.387622
vn -0.04272234 1.812594 -3.550715
vn -0.0003882647 1.608561 -3.56593
vn 0.02634168 1.634036 -3.386983
vn -0.00157553 1.634035 -3.564873
vn -0.00161165 1.628785 -3.209337
vn -0.08216277 1.571679 -3.048782
vn 0.02673453 1.628784 -3.387289
vn -0.001297295 1.628782 -3.565288
vn -0.0002609491 1.571675 -3.209695
vn -0.08226487 1.571775 -3.048637
vn -0.0003097653 1.571664 -3.209546
vn 0.02790821 1.571673 -3.388042
vn -0.0004123449 1.571673 -3.566363
vn 0.02790862 1.571686 -3.387872
vn -0.0003667474 1.571653 -3.566221
vn -0.7272916 1.571675 -2.838854
vn -0.7276546 1.628784 -2.840206
vn -0.5497079 1.628784 -2.811861
vn -0.550013 1.634034 -2.812254
vn -0.3721124 1.634031 -2.840174
vn -0.7278377 1.634037 -2.840678
vn -0.88814 1.628785 -2.922156
vn -0.5493758 1.608566 -2.810799
vn -0.3710679 1.608567 -2.838984
vn -0.3862803 1.812647 -2.881342
vn -0.2377641 1.812661 -2.956473
vn -0.2101948 1.608563 -2.92089
vn -0.211563 1.634032 -2.921695
vn -0.3717104 1.628785 -2.839892
vn -0.2110827 1.628786 -2.921558
vn -0.3706328 1.571679 -2.839008
vn -0.2097824 1.57167 -2.921052
vn -0.3707803 1.571754 -2.838958
vn -0.2099055 1.571648 -2.920964
vn -0.5497079 1.628784 -2.811861
vn -0.3721124 1.634031 -2.840174
vn -0.3717104 1.628785 -2.839892
vn -0.5489531 1.571678 -2.810688
vn -0.3706328 1.571679 -2.839008
vn -0.7272916 1.571675 -2.838854
vn -0.5491081 1.57171 -2.810687
vn -0.3707803 1.571754 -2.838958
vn -0.7274352 1.571715 -2.838899
vn -0.8883424 1.571658 -2.920852
vn -0.8882179 1.571674 -2.920762
vn -0.7276546 1.628784 -2.840206
vn -0.88814 1.628785 -2.922156
vn -0.8881546 1.634035 -2.922652
vn -0.7278377 1.634037 -2.840678
vn -0.7276637 1.608558 -2.839091
vn -0.888486 1.608563 -2.921093
vn -0.5493758 1.608566 -2.810799
vn -0.7150852 1.812609 -2.882288
vn -0.8631815 1.812668 -2.958325
vn -0.5507713 1.812653 -2.855787
vn -0.3862803 1.812647 -2.881342
vn -0.08236617 1.571691 -3.72709
vn -0.2101877 1.571673 -3.854834
vn -0.2100568 1.571665 -3.854739
vn -0.08245277 1.571676 -3.727209
vn -0.0003667474 1.571653 -3.566221
vn -0.210256 1.628783 -3.853433
vn -0.0004123449 1.571673 -3.566363
vn -0.08296192 1.628783 -3.725913
vn -0.2102482 1.634035 -3.852942
vn -0.001297295 1.628782 -3.565288
vn -0.08309895 1.634036 -3.725433
vn -0.2099029 1.608568 -3.85449
vn -0.00157553 1.634035 -3.564873
vn -0.08229396 1.608562 -3.726801
vn -0.2352238 1.812629 -3.81729
vn -0.0003882647 1.608561 -3.56593
vn -0.1178647 1.812601 -3.699258
vn -0.04272234 1.812594 -3.550715
vn -1.016133 1.571684 -3.726954
vn -1.098141 1.571667 -3.565893
vn -1.098092 1.57161 -3.566037
vn -1.016234 1.571672 -3.726814
vn -0.8884895 1.571697 -3.854634
vn -0.8886105 1.571673 -3.854545
vn -1.096789 1.628786 -3.566253
vn -1.014843 1.628784 -3.726732
vn -0.8873157 1.628782 -3.854035
vn -1.014346 1.634035 -3.726748
vn -0.8868359 1.634036 -3.853898
vn -1.09632 1.634034 -3.566427
vn -1.0159 1.608566 -3.727086
vn -0.888213 1.608565 -3.854697
vn -0.9786992 1.812613 -3.701778
vn -0.860638 1.812614 -3.819143
vn -1.097903 1.608564 -3.566265
vn -1.126198 1.608564 -3.387974
vn -1.124742 1.634033 -3.388608
vn -1.125135 1.628786 -3.388304
vn -1.098141 1.571667 -3.565893
vn -1.096789 1.628786 -3.566253
vn -1.125135 1.628786 -3.388304
vn -1.126309 1.571672 -3.387546
vn -1.098092 1.57161 -3.566037
vn -1.126309 1.571695 -3.387713
vn -1.097987 1.571673 -3.209227
vn -1.098033 1.571684 -3.209366
vn -1.097105 1.628784 -3.21031
vn -1.015949 1.571681 -3.048385
vn -1.016038 1.57175 -3.048504
vn -0.8882179 1.571674 -2.920762
vn -0.8883424 1.571658 -2.920852
vn -0.88814 1.628785 -2.922156
vn -1.015441 1.628783 -3.049683
vn -0.8881546 1.634035 -2.922652
vn -1.015301 1.634034 -3.050158
vn -0.888486 1.608563 -2.921093
vn -1.096825 1.634033 -3.210717
vn -1.124742 1.634033 -3.388608
vn -1.016105 1.608564 -3.048788
vn -0.8631815 1.812668 -2.958325
vn -0.980531 1.812629 -3.076346
vn -1.098013 1.608564 -3.209666
vn -1.05566 1.812628 -3.224869
vn -1.126198 1.608564 -3.387974
vn -1.081222 1.812623 -3.389362
vn -1.097903 1.608564 -3.566265
vn -1.054699 1.812624 -3.553689
vn -1.0159 1.608566 -3.727086
vn -0.9786992 1.812613 -3.701778
vn -0.211563 1.634032 -2.921695
vn -0.2101948 1.608563 -2.92089
vn -0.0825007 1.608561 -3.048506
vn -0.1197071 1.812627 -3.073816
vn -0.2377641 1.812661 -2.956473
vn -0.5489474 1.605115 -2.810688
vn -0.3706304 1.605109 -2.83901
vn -0.371706 1.547616 -2.839921
vn -0.5496894 1.547617 -2.811887
vn -0.3721687 1.542419 -2.840182
vn -0.5500592 1.542416 -2.812279
vn -0.3709731 1.573183 -2.838854
vn -0.5493341 1.573186 -2.810646
vn -0.3860357 1.364391 -2.8813
vn -0.5505509 1.364467 -2.855637
vn -0.7276729 1.573177 -2.838934
vn -0.7149177 1.364339 -2.882152
vn -0.7278622 1.542417 -2.840712
vn -0.8885515 1.573181 -2.920952
vn -0.8630611 1.364458 -2.958049
vn -0.8881779 1.54242 -2.922699
vn -0.8881036 1.547612 -2.922161
vn -0.7276286 1.547617 -2.840224
vn -0.8882133 1.605103 -2.920759
vn -0.7272911 1.605113 -2.838854
vn -0.8883497 1.605045 -2.920856
vn -0.7274265 1.605157 -2.8389
vn -0.54911 1.605115 -2.810688
vn -0.54911 1.605115 -2.810688
vn -0.3706304 1.605109 -2.83901
vn -0.5489474 1.605115 -2.810688
vn -0.3707647 1.605115 -2.838966
vn -0.2097809 1.605104 -2.921054
vn -0.2099228 1.605081 -2.92095
vn -0.2110919 1.547615 -2.921584
vn -0.371706 1.547616 -2.839921
vn -0.2116203 1.542421 -2.921684
vn -0.3721687 1.542419 -2.840182
vn -0.2100715 1.573185 -2.920791
vn -0.3709731 1.573183 -2.838854
vn -0.23751 1.364453 -2.956475
vn -0.3860357 1.364391 -2.8813
vn -1.097986 1.605106 -3.209222
vn -1.015406 1.547613 -3.049679
vn -1.097074 1.547618 -3.210296
vn -1.126308 1.605103 -3.387546
vn -1.126308 1.605102 -3.387705
vn -1.098034 1.60512 -3.209372
vn -1.098093 1.605094 -3.566041
vn -1.125109 1.547616 -3.388284
vn -1.096815 1.542414 -3.210769
vn -1.098139 1.6051 -3.565898
vn -1.016153 1.605055 -3.726928
vn -1.124717 1.542415 -3.388654
vn -1.098145 1.573186 -3.209576
vn -1.016237 1.6051 -3.72681
vn -0.8884996 1.605106 -3.854625
vn -0.8886151 1.605103 -3.854541
vn -1.096772 1.547617 -3.566225
vn -1.01483 1.547615 -3.726706
vn -0.8873084 1.547615 -3.854009
vn -1.014297 1.542418 -3.726773
vn -1.096283 1.542415 -3.566459
vn -1.126351 1.573186 -3.387928
vn -1.055742 1.364502 -3.224619
vn -1.098061 1.573188 -3.566274
vn -1.081376 1.364506 -3.389145
vn -1.054928 1.364547 -3.553538
vn -0.8873084 1.547615 -3.854009
vn -1.014297 1.542418 -3.726773
vn -0.8867954 1.542421 -3.853897
vn -1.01605 1.573187 -3.727139
vn -0.8883345 1.573189 -3.854798
vn -1.098061 1.573188 -3.566274
vn -1.096283 1.542415 -3.566459
vn -1.054928 1.364547 -3.553538
vn -0.9789461 1.364514 -3.701699
vn -0.8609102 1.364529 -3.819142
vn -0.3711139 1.605101 -3.936739
vn -0.5487101 1.547619 -3.963705
vn -0.3707753 1.547618 -3.935369
vn -0.5483423 1.542418 -3.963313
vn -0.3705304 1.542414 -3.934877
vn -0.7262359 1.542421 -3.935408
vn -0.7266949 1.547617 -3.935671
vn -0.5490678 1.573183 -3.964946
vn -0.3707291 1.573192 -3.936659
vn -0.5478578 1.364455 -3.91995
vn -0.3834717 1.364551 -3.89353
vn -0.7123544 1.364432 -3.894314
vn -0.7274182 1.573182 -3.936741
vn -0.8609102 1.364529 -3.819142
vn -0.8883345 1.573189 -3.854798
vn -0.8867954 1.542421 -3.853897
vn -0.8873084 1.547615 -3.854009
vn -0.7277681 1.605095 -3.936583
vn -0.5494503 1.605097 -3.964904
vn -0.8886151 1.605103 -3.854541
vn -0.5492991 1.60498 -3.964907
vn -0.3709495 1.605022 -3.936688
vn -0.7276205 1.604996 -3.936634
vn -0.8884996 1.605106 -3.854625
vn -0.5494503 1.605097 -3.964904
vn -0.7266949 1.547617 -3.935671
vn -0.5487101 1.547619 -3.963705
vn -0.3711139 1.605101 -3.936739
vn -0.3709495 1.605022 -3.936688
vn -0.210078 1.605107 -3.854754
vn -0.2101931 1.605103 -3.854838
vn -0.3707753 1.547618 -3.935369
vn -0.2102963 1.547616 -3.853431
vn -0.3705304 1.542414 -3.934877
vn -0.2102166 1.542418 -3.852888
vn -0.3707291 1.573192 -3.936659
vn -0.2098508 1.573187 -3.854641
vn -0.3834717 1.364551 -3.89353
vn -0.2353316 1.364523 -3.817571
vn -1.01603 1.60503 -3.048493
vn -0.8883497 1.605045 -2.920856
vn -0.8882133 1.605103 -2.920759
vn -1.015939 1.605102 -3.048373
vn -1.098034 1.60512 -3.209372
vn -1.097986 1.605106 -3.209222
vn -0.8881036 1.547612 -2.922161
vn -1.015406 1.547613 -3.049679
vn -0.8881779 1.54242 -2.922699
vn -1.01531 1.542421 -3.050212
vn -1.097074 1.547618 -3.210296
vn -0.8885515 1.573181 -2.920952
vn -1.096815 1.542414 -3.210769
vn -1.016206 1.573184 -3.048668
vn -0.8630611 1.364458 -2.958049
vn -1.098145 1.573186 -3.209576
vn -0.9805093 1.364465 -3.07608
vn -1.055742 1.364502 -3.224619
vn -0.08237067 1.605093 -3.727096
vn -0.210078 1.605107 -3.854754
vn -0.2101931 1.605103 -3.854838
vn -0.0824587 1.605103 -3.727216
vn -0.0003682375 1.605106 -3.566225
vn -0.2102963 1.547616 -3.853431
vn -0.0004151464 1.605105 -3.56637
vn 0.02790779 1.605108 -3.387897
vn 0.02790785 1.605104 -3.388044
vn -0.08299401 1.547614 -3.725913
vn -0.2102166 1.542418 -3.852888
vn -0.00132519 1.547611 -3.565289
vn 0.02670866 1.547614 -3.387303
vn -0.08309454 1.54242 -3.725385
vn -0.2098508 1.573187 -3.854641
vn -0.001585901 1.542421 -3.564826
vn 0.02631694 1.542418 -3.386942
vn -0.08219296 1.573188 -3.726922
vn -0.2353316 1.364523 -3.817571
vn -0.1178677 1.364547 -3.699538
vn -0.0002541542 1.573188 -3.566011
vn 0.02795005 1.573186 -3.387661
vn -0.04265213 1.364523 -3.550981
vn -0.01702517 1.364505 -3.386452
vn -0.0003047585 1.605142 -3.209565
vn 0.02790779 1.605108 -3.387897
vn 0.02790785 1.605104 -3.388044
vn -0.0002610087 1.605106 -3.209697
vn -0.08224571 1.605118 -3.048669
vn 0.02670866 1.547614 -3.387303
vn -0.08216166 1.605105 -3.048784
vn -0.2099228 1.605081 -2.92095
vn -0.2097809 1.605104 -2.921054
vn -0.001631141 1.547615 -3.20936
vn 0.02631694 1.542418 -3.386942
vn -0.08357 1.547615 -3.048886
vn -0.2110919 1.547615 -2.921584
vn -0.002113938 1.542418 -3.209142
vn 0.02795005 1.573186 -3.387661
vn -0.08409688 1.542419 -3.048827
vn -0.2116203 1.542421 -2.921684
vn -0.0003395677 1.573187 -3.209318
vn -0.01702517 1.364505 -3.386452
vn -0.04348439 1.364514 -3.222062
vn -0.08235651 1.573183 -3.048445
vn -0.2100715 1.573185 -2.920791
vn -0.1194607 1.364467 -3.073918
vn -0.23751 1.364453 -2.956475
vn -0.8885623 1.588382 -3.854879
vn -0.7220132 1.739701 -3.917486
vn -0.8772384 1.739681 -3.838166
vn -0.2388231 1.158266 -3.615829
vn -0.2334923 1.382581 -3.825183
vn -0.3244821 1.158258 -3.700571
vn -0.08277884 1.62304 -3.726297
vn -0.2980052 1.981604 -3.727812
vn -0.2102167 1.623053 -3.853866
vn -0.5498789 1.739759 -3.944948
vn -0.4349777 2.031398 -3.739966
vn -0.5494146 2.031419 -3.758001
vn -0.3776518 1.739707 -3.917895
vn -0.33174 2.031393 -3.687439
vn -0.2222357 1.739696 -3.838941
vn -0.3707791 1.588382 -3.936885
vn -0.2098392 1.588382 -3.85488
vn -0.370779 1.588382 -3.936885
vn -0.2098402 1.588382 -3.854881
vn -0.3707784 1.588382 -3.936885
vn -0.2098424 1.588382 -3.854882
vn -0.2222357 1.739696 -3.838941
vn -0.2497819 2.031384 -3.605583
vn -0.33174 2.031393 -3.687439
vn -0.09885392 1.739734 -3.715842
vn -0.2098392 1.588382 -3.85488
vn -0.1971391 2.031389 -3.50239
vn -0.08211687 1.588382 -3.727158
vn -0.2098402 1.588382 -3.854881
vn -0.01950866 1.739708 -3.560599
vn -0.1789673 2.031396 -3.387997
vn 0.007965565 1.739707 -3.388465
vn -0.0001064539 1.588382 -3.566204
vn 0.02815008 1.588382 -3.387794
vn -0.0001071095 1.588382 -3.566206
vn -0.08211643 1.588382 -3.727157
vn -0.2098424 1.588382 -3.854882
vn -0.08211488 1.588382 -3.727155
vn -0.0001064539 1.588382 -3.566204
vn 0.007965565 1.739707 -3.388465
vn -0.1970204 2.03139 -3.273573
vn -0.1789673 2.031396 -3.387997
vn -0.01909614 1.739697 -3.216253
vn -0.2495661 2.031401 -3.17034
vn 0.02815008 1.588382 -3.387794
vn -0.09805658 1.739727 -3.060844
vn -0.3314239 2.031391 -3.088379
vn -0.2211777 1.739728 -2.937431
vn -0.0001075864 1.588382 -3.209384
vn -0.08211458 1.588382 -3.048437
vn -0.209847 1.588382 -2.920706
vn 0.02815008 1.588382 -3.387798
vn -0.0001071095 1.588382 -3.566206
vn -0.0001064539 1.588382 -3.566204
vn 0.02815008 1.588382 -3.387796
vn -0.0001072884 1.588382 -3.209385
vn -0.0001067519 1.588382 -3.209387
vn -0.08211473 1.588382 -3.048437
vn -0.2098471 1.588382 -2.920706
vn -0.08211464 1.588382 -3.048437
vn -0.2098426 1.588382 -2.92071
vn -0.2211777 1.739728 -2.937431
vn -0.4345938 2.031384 -3.035733
vn -0.3314239 2.031391 -3.088379
vn -0.3763832 1.739694 -2.858105
vn -0.209847 1.588382 -2.920706
vn -0.5489974 2.031386 -3.017552
vn -0.3707901 1.588382 -2.838703
vn -0.2098471 1.588382 -2.920706
vn -0.5485318 1.739696 -2.830627
vn -0.6634353 2.03137 -3.035594
vn -0.7207394 1.739696 -2.85769
vn -0.7666682 2.031389 -3.088152
vn -0.5492007 1.588382 -2.810446
vn -0.3707906 1.588382 -2.838703
vn -0.2098426 1.588382 -2.92071
vn -0.3707844 1.588382 -2.838705
vn -0.7207394 1.739696 -2.85769
vn -0.8761528 1.739722 -2.936651
vn -0.7666682 2.031389 -3.088152
vn -0.7276112 1.588382 -2.838703
vn -0.8885598 1.588382 -2.920711
vn -0.5492007 1.588382 -2.810446
vn -0.7276102 1.588382 -2.838703
vn -0.8885593 1.588382 -2.920711
vn -0.5492001 1.588382 -2.810446
vn -0.3707906 1.588382 -2.838703
vn -0.3707844 1.588382 -2.838705
vn -0.5491977 1.588382 -2.810446
vn -0.7276103 1.588382 -2.838703
vn -0.8885596 1.588382 -2.920711
vn -0.8761528 1.739722 -2.936651
vn -0.8486137 2.031386 -3.170006
vn -0.7666682 2.031389 -3.088152
vn -0.9995578 1.739685 -3.059743
vn -0.8885598 1.588382 -2.920711
vn -0.9012605 2.031388 -3.273197
vn -1.07889 1.739711 -3.214991
vn -0.9194287 2.031399 -3.387595
vn -1.016283 1.588382 -3.048434
vn -0.8885593 1.588382 -2.920711
vn -1.016283 1.588382 -3.048434
vn -0.8885596 1.588382 -2.920711
vn -1.098293 1.588382 -3.209385
vn -1.016283 1.588382 -3.048433
vn -1.098292 1.588382 -3.209381
vn -1.098293 1.588382 -3.209385
vn -1.016283 1.588382 -3.048434
vn -1.098293 1.588382 -3.209385
vn -1.07889 1.739711 -3.214991
vn -1.106363 1.739717 -3.387127
vn -0.9194287 2.031399 -3.387595
vn -0.9013663 2.031402 -3.502016
vn -1.126551 1.588382 -3.387798
vn -1.098292 1.588382 -3.209381
vn -1.079296 1.739722 -3.559343
vn -0.8488499 2.031391 -3.605251
vn -1.126551 1.588382 -3.387794
vn -1.098293 1.588382 -3.209385
vn -1.126551 1.588382 -3.387796
vn -1.00035 1.739718 -3.714744
vn -0.7669814 2.031387 -3.687214
vn -0.8772384 1.739681 -3.838166
vn -1.09829 1.588382 -3.566216
vn -1.098291 1.588382 -3.566212
vn -1.098292 1.588382 -3.566208
vn -1.016281 1.588382 -3.727161
vn -0.8885623 1.588382 -3.854879
vn -0.8772384 1.739681 -3.838166
vn -0.6637927 2.03139 -3.739855
vn -0.7669814 2.031387 -3.687214
vn -0.7220132 1.739701 -3.917486
vn -0.5494146 2.031419 -3.758001
vn -0.5498789 1.739759 -3.944948
vn -0.7276219 1.588382 -3.936885
vn -0.8885623 1.588382 -3.854879
vn -0.8885611 1.588382 -3.85488
vn -0.5491998 1.588382 -3.965146
vn -0.3776518 1.739707 -3.917895
vn -0.3707791 1.588382 -3.936885
vn -0.7276213 1.588382 -3.936885
vn -0.8885647 1.588382 -3.854877
vn -0.7276205 1.588382 -3.936886
vn -0.5492004 1.588382 -3.965146
vn -0.370779 1.588382 -3.936885
vn -0.5492027 1.588382 -3.965146
vn -0.3707784 1.588382 -3.936885
vn -0.33174 2.031393 -3.687439
vn -0.4652971 2.148097 -3.50187
vn -0.5046363 2.148095 -3.522216
vn -0.4349777 2.031398 -3.739966
vn -0.5483745 2.148096 -3.529406
vn -0.5494146 2.031419 -3.758001
vn -0.5921557 2.148097 -3.522733
vn -0.6637927 2.03139 -3.739855
vn -0.6317664 2.148096 -3.502847
vn -0.7669814 2.031387 -3.687214
vn -0.663276 2.148095 -3.471714
vn -0.8488499 2.031391 -3.605251
vn -0.6836445 2.148091 -3.432347
vn -0.9013663 2.031402 -3.502016
vn -0.6908103 2.148096 -3.388628
vn -0.9194287 2.031399 -3.387595
vn -0.6841293 2.148098 -3.344827
vn -0.9012605 2.031388 -3.273197
vn -0.6642572 2.148095 -3.30523
vn -0.8486137 2.031386 -3.170006
vn -0.6331296 2.148091 -3.273711
vn -0.7666682 2.031389 -3.088152
vn -0.593774 2.148088 -3.25335
vn -0.6634353 2.03137 -3.035594
vn -0.5500298 2.148094 -3.246179
vn -0.5489974 2.031386 -3.017552
vn -0.5062292 2.148094 -3.252855
vn -0.4345938 2.031384 -3.035733
vn -0.4666264 2.148091 -3.272727
vn -0.3314239 2.031391 -3.088379
vn -0.4351409 2.148098 -3.303881
vn -0.2495661 2.031401 -3.17034
vn -0.4147565 2.148091 -3.343246
vn -0.1970204 2.03139 -3.273573
vn -0.4075876 2.148095 -3.386965
vn -0.1789673 2.031396 -3.387997
vn -0.4142638 2.148096 -3.430761
vn -0.1971391 2.031389 -3.50239
vn -0.2497819 2.031384 -3.605583
vn -0.4652971 2.148097 -3.50187
vn -0.33174 2.031393 -3.687439
vn -0.4341224 2.148088 -3.470376
vn -0.1971391 2.031389 -3.50239
vn -0.4142638 2.148096 -3.430761
vn -1.016285 1.588382 -3.727156
vn -0.8885647 1.588382 -3.854877
vn -0.8885611 1.588382 -3.85488
vn -1.016282 1.588382 -3.72716
vn -1.098292 1.588382 -3.566208
vn -0.8885623 1.588382 -3.854879
vn -1.098291 1.588382 -3.566212
vn -1.016281 1.588382 -3.727161
vn -0.4781907 1.055642 -3.176895
vn -0.3211746 1.158265 -3.077414
vn -0.4165035 1.055631 -3.209189
vn -0.2364267 1.158253 -3.163086
vn -0.3677849 1.055645 -3.258907
vn -0.1822837 1.158265 -3.270729
vn -0.3368429 1.055641 -3.32128
vn -0.1640724 1.15826 -3.389842
vn -0.3266823 1.055641 -3.390161
vn -0.1835493 1.158264 -3.508754
vn -0.338296 1.055645 -3.458811
vn -0.2388231 1.158266 -3.615829
vn -0.3705677 1.055644 -3.520513
vn -0.4781907 1.055642 -3.176895
vn -0.4282432 1.15826 -3.02215
vn -0.3211746 1.158265 -3.077414
vn -0.5468314 1.05564 -3.16528
vn -0.5471559 1.158261 -3.002667
vn -0.615718 1.055642 -3.175438
vn -0.666252 1.158255 -3.020887
vn -0.678072 1.055638 -3.206389
vn -0.7739283 1.158269 -3.075013
vn -0.6701598 1.158262 -3.753444
vn -0.8676245 1.382595 -3.823216
vn -0.7772311 1.158258 -3.698164
vn -0.7174782 1.38259 -3.900305
vn -0.5512386 1.158274 -3.77294
vn -0.5508808 1.382593 -3.927223
vn -0.7275313 1.588218 -3.936914
vn -0.4321356 1.158264 -3.754712
vn -0.549127 1.588221 -3.965146
vn -0.3841173 1.382577 -3.901338
vn -0.3244821 1.158258 -3.700571
vn -0.3707172 1.588239 -3.936865
vn -0.2334923 1.382581 -3.825183
vn -0.2097748 1.588218 -3.854833
vn -0.7174782 1.38259 -3.900305
vn -0.8885011 1.588217 -3.854923
vn -0.8676245 1.382595 -3.823216
vn -0.7275313 1.588218 -3.936914
vn -0.8585274 1.819132 -3.81722
vn -0.3707172 1.588239 -3.936865
vn -0.5470452 1.819124 -3.917028
vn -0.549127 1.588221 -3.965146
vn -0.7106855 1.819136 -3.891788
vn -0.7275313 1.588218 -3.936914
vn -0.8585274 1.819132 -3.81722
vn -0.7734292 2.018148 -3.701414
vn -0.6655536 2.018136 -3.755365
vn -0.5462693 2.018131 -3.773335
vn -0.3836192 1.81913 -3.89046
vn -0.4272816 2.018137 -3.753556
vn -0.3707172 1.588239 -3.936865
vn -0.3836192 1.81913 -3.89046
vn -0.5470452 1.819124 -3.917028
vn -0.2097748 1.588218 -3.854833
vn -0.2363826 1.819125 -3.814687
vn -0.4272816 2.018137 -3.753556
vn -0.32022 2.018147 -3.697964
vn -0.7278374 1.055643 -3.25509
vn -0.7739283 1.158269 -3.075013
vn -0.678072 1.055638 -3.206389
vn -0.8595704 1.158257 -3.15977
vn -0.7600927 1.05564 -3.316783
vn -0.9148489 1.158262 -3.26684
vn -0.7717161 1.05564 -3.385431
vn -0.9343274 1.158259 -3.385749
vn -0.7615614 1.055643 -3.454311
vn -0.9161186 1.158267 -3.504864
vn -0.7306303 1.05565 -3.516685
vn -0.8619855 1.158264 -3.612511
vn -0.681917 1.055648 -3.566441
vn -0.7772311 1.158258 -3.698164
vn -0.6202171 1.055645 -3.598701
vn -0.6202171 1.055645 -3.598701
vn -0.6701598 1.158262 -3.753444
vn -0.7772311 1.158258 -3.698164
vn -0.5515608 1.055644 -3.610321
vn -0.5512386 1.158274 -3.77294
vn -0.4826795 1.055647 -3.600167
vn -0.4321356 1.158264 -3.754712
vn -0.4203148 1.055647 -3.569221
vn -0.3244821 1.158258 -3.700571
vn -0.3705677 1.055644 -3.520513
vn -0.2388231 1.158266 -3.615829
vn -0.9865909 1.382595 -3.703509
vn -1.098268 1.588221 -3.566283
vn -1.062748 1.382599 -3.552888
vn -1.016242 1.588224 -3.727215
vn -0.8676245 1.382595 -3.823216
vn -0.8885011 1.588217 -3.854923
vn -0.9760987 1.819117 -3.70061
vn -0.8585274 1.819132 -3.81722
vn -1.051867 1.81912 -3.553385
vn -1.078434 1.819121 -3.38995
vn -1.126551 1.588212 -3.387874
vn -0.9347262 2.018143 -3.390727
vn -0.9149536 2.01814 -3.509724
vn -0.8593737 2.018141 -3.616779
vn -0.8619855 1.158264 -3.612511
vn -0.9865909 1.382595 -3.703509
vn -1.062748 1.382599 -3.552888
vn -0.9161186 1.158267 -3.504864
vn -1.088625 1.382589 -3.386118
vn -0.9343274 1.158259 -3.385749
vn -1.126551 1.588212 -3.387874
vn -1.098268 1.588221 -3.566283
vn -1.061711 1.382597 -3.219515
vn -0.9148489 1.158262 -3.26684
vn -1.098318 1.588216 -3.209463
vn -1.053201 1.819118 -3.226311
vn -1.078434 1.819121 -3.38995
vn -1.016327 1.588217 -3.048493
vn -0.9846162 1.382598 -3.069364
vn -0.8886192 1.588217 -2.920754
vn -0.8595704 1.158257 -3.15977
vn -0.8649195 1.38262 -2.950399
vn -0.7739283 1.158269 -3.075013
vn -1.016327 1.588217 -3.048493
vn -0.8620182 1.819117 -2.9609
vn -0.8886192 1.588217 -2.920754
vn -0.9786255 1.819121 -3.078463
vn -1.098318 1.588216 -3.209463
vn -0.7781838 2.01813 -3.077608
vn -1.053201 1.819118 -3.226311
vn -0.8628243 2.018137 -3.163554
vn -0.9167681 2.018138 -3.271446
vn -1.078434 1.819121 -3.38995
vn -0.9167681 2.018138 -3.271446
vn -1.053201 1.819118 -3.226311
vn -0.9347262 2.018143 -3.390727
vn -0.2307721 1.382613 -2.95237
vn -0.2099005 1.58821 -2.920668
vn -0.08216256 1.58823 -3.048371
vn -0.1118084 1.382594 -3.072086
vn -0.3211746 1.158265 -3.077414
vn -0.0001322031 1.588217 -3.209309
vn -0.2364267 1.158253 -3.163086
vn -0.03565639 1.382587 -3.222707
vn -0.1822837 1.158265 -3.270729
vn 0.02815008 1.588217 -3.387719
vn -0.009773493 1.382593 -3.389475
vn -0.1640724 1.15826 -3.389842
vn -0.03669369 1.38259 -3.556081
vn -0.1835493 1.158264 -3.508754
vn -8.368492E-05 1.588222 -3.566134
vn -0.04520154 1.819121 -3.549284
vn -0.01996779 1.819124 -3.385642
vn -0.08206767 1.588214 -3.72709
vn -0.1137785 1.382595 -3.706218
vn -0.2388231 1.158266 -3.615829
vn -0.2097748 1.588218 -3.854833
vn -0.2334923 1.382581 -3.825183
vn -0.0001322031 1.588217 -3.209309
vn -0.01996779 1.819124 -3.385642
vn 0.02815008 1.588217 -3.387719
vn -0.04653603 1.819125 -3.222206
vn -0.08216256 1.58823 -3.048371
vn -0.1636717 2.018141 -3.384866
vn -0.1816283 2.018134 -3.504147
vn -0.183441 2.018135 -3.265869
vn -0.1223065 1.81912 -3.074978
vn -0.2099005 1.58821 -2.920668
vn -0.2390217 2.018137 -3.158813
vn -0.2398574 1.819114 -2.958374
vn -0.3249605 2.018139 -3.074173
vn -0.01996779 1.819124 -3.385642
vn -0.1816283 2.018134 -3.504147
vn -0.04520154 1.819121 -3.549284
vn -0.2355811 2.018139 -3.61204
vn -0.119776 1.819125 -3.697127
vn -8.368492E-05 1.588222 -3.566134
vn -0.32022 2.018147 -3.697964
vn -0.08206767 1.588214 -3.72709
vn -0.2363826 1.819125 -3.814687
vn -0.2097748 1.588218 -3.854833
vn -0.4282432 1.15826 -3.02215
vn -0.2307721 1.382613 -2.95237
vn -0.3211746 1.158265 -3.077414
vn -0.380908 1.382593 -2.875291
vn -0.2099005 1.58821 -2.920668
vn -0.5471559 1.158261 -3.002667
vn -0.3708589 1.588209 -2.838681
vn -0.5475176 1.382595 -2.848368
vn -0.5492759 1.588216 -2.810446
vn -0.666252 1.158255 -3.020887
vn -0.7142894 1.382586 -2.874253
vn -0.7739283 1.158269 -3.075013
vn -0.3708589 1.588209 -2.838681
vn -0.2398574 1.819114 -2.958374
vn -0.2099005 1.58821 -2.920668
vn -0.387705 1.819119 -2.883799
vn -0.3249605 2.018139 -3.074173
vn -0.4328474 2.018138 -3.02023
vn -0.5492759 1.588216 -2.810446
vn -0.387705 1.819119 -2.883799
vn -0.3708589 1.588209 -2.838681
vn -0.5513535 1.819132 -2.858567
vn -0.4328474 2.018138 -3.02023
vn -0.5521303 2.018135 -3.00226
vn -0.7276962 1.588215 -2.838731
vn -0.7142894 1.382586 -2.874253
vn -0.7147964 1.819133 -2.885138
vn -0.6711249 2.018137 -3.022038
vn -0.8649195 1.38262 -2.950399
vn -0.7739283 1.158269 -3.075013
vn -0.8886192 1.588217 -2.920754
vn -0.8620182 1.819117 -2.9609
vn -0.7781838 2.01813 -3.077608
vn -0.7772311 1.158258 -3.698164
vn -0.8676245 1.382595 -3.823216
vn -0.9865909 1.382595 -3.703509
vn -0.8619855 1.158264 -3.612511
vn -0.8585274 1.819132 -3.81722
vn -0.8593737 2.018141 -3.616779
vn -0.9760987 1.819117 -3.70061
vn -0.7734292 2.018148 -3.701414
vn -0.2390217 2.018137 -3.158813
vn -0.3947635 2.14221 -3.335286
vn -0.183441 2.018135 -3.265869
vn -0.3860941 2.14221 -3.385583
vn -0.1636717 2.018141 -3.384866
vn -0.393387 2.142208 -3.436094
vn -0.1816283 2.018134 -3.504147
vn -0.4159401 2.142207 -3.481886
vn -0.1816283 2.018134 -3.504147
vn -0.4159401 2.142207 -3.481886
vn -0.2355811 2.018139 -3.61204
vn -0.4515358 2.142209 -3.518451
vn -0.32022 2.018147 -3.697964
vn -0.4966837 2.142207 -3.542241
vn -0.4272816 2.018137 -3.753556
vn -0.546988 2.142208 -3.550908
vn -0.5462693 2.018131 -3.773335
vn -0.5975109 2.142206 -3.543611
vn -0.6655536 2.018136 -3.755365
vn -0.6432865 2.142208 -3.521056
vn -0.7734292 2.018148 -3.701414
vn -0.6798573 2.142208 -3.485465
vn -0.8593737 2.018141 -3.616779
vn -0.7036407 2.142209 -3.440308
vn -0.9149536 2.01814 -3.509724
vn -0.712311 2.142208 -3.390011
vn -0.9347262 2.018143 -3.390727
vn -0.7050126 2.142208 -3.339498
vn -0.9167681 2.018138 -3.271446
vn -0.6824554 2.142209 -3.293707
vn -0.8628243 2.018137 -3.163554
vn -0.6468651 2.14221 -3.257144
vn -0.7781838 2.01813 -3.077608
vn -0.6017114 2.142207 -3.233348
vn -0.6711249 2.018137 -3.022038
vn -0.551415 2.142208 -3.224685
vn -0.5521303 2.018135 -3.00226
vn -0.5008985 2.142207 -3.231979
vn -0.4328474 2.018138 -3.02023
vn -0.4551213 2.14221 -3.254538
vn -0.3249605 2.018139 -3.074173
vn -0.4185503 2.14221 -3.290127
vn -0.2390217 2.018137 -3.158813
vn -0.3947635 2.14221 -3.335286
vn -0.5812985 2.163371 -3.346677
vn -0.5924379 2.163371 -3.358612
vn -0.5670253 2.163372 -3.338775
vn -0.55099 2.163372 -3.335672
vn -0.5993346 2.163372 -3.373398
vn -0.5348026 2.163372 -3.337665
vn -0.6013381 2.163371 -3.389593
vn -0.5200093 2.163372 -3.344568
vn -0.5982332 2.163371 -3.405612
vn -0.508061 2.16337 -3.355702
vn -0.5903397 2.16337 -3.41989
vn -0.5001711 2.163371 -3.369977
vn -0.5783906 2.163372 -3.431023
vn -0.4970695 2.163372 -3.385998
vn -0.5636043 2.163372 -3.437927
vn -0.3860941 2.14221 -3.385583
vn -0.4990661 2.163372 -3.402193
vn -0.5474036 2.163372 -3.439922
vn -0.393387 2.142208 -3.436094
vn -0.5059626 2.163371 -3.41698
vn -0.5313756 2.163372 -3.436817
vn -0.5171031 2.163372 -3.428913
vn -0.3953389 1.285801 -2.92078
vn -0.2417083 1.335354 -2.969754
vn -0.2585721 1.285755 -2.991204
vn -0.3859051 1.335267 -2.895251
vn -0.5471244 1.285644 -2.896188
vn -0.2106936 1.623002 -2.921376
vn -0.5461187 1.335255 -2.868902
vn -0.371353 1.622982 -2.839611
vn -0.5494888 1.623016 -2.811486
vn -0.6991479 1.285679 -2.919587
vn -0.5461187 1.335255 -2.868902
vn -0.5471244 1.285644 -2.896188
vn -0.7065789 1.335255 -2.893335
vn -0.8365834 1.285824 -2.988794
vn -0.5494888 1.623016 -2.811486
vn -0.851707 1.335308 -2.966161
vn -0.727578 1.622972 -2.839783
vn -0.8881985 1.623031 -2.921735
vn -0.8881985 1.623031 -2.921735
vn -0.8004183 1.981632 -3.047829
vn -0.6831037 1.981623 -2.986841
vn -0.727578 1.622972 -2.839783
vn -0.5525882 1.981615 -2.965078
vn -0.5494888 1.623016 -2.811486
vn -0.4217627 1.981622 -2.984738
vn -0.371353 1.622982 -2.839611
vn -0.3034629 1.981622 -3.043835
vn -0.2106936 1.623002 -2.921376
vn -0.08098817 1.285714 -3.237788
vn -0.03028315 1.335303 -3.39088
vn -0.05756769 1.285684 -3.389849
vn -0.05473137 1.335304 -3.230363
vn 0.02710962 1.623028 -3.387518
vn -0.1502678 1.285643 -3.100507
vn -0.001186609 1.623025 -3.20943
vn -0.1275641 1.33532 -3.08528
vn -0.2585721 1.285755 -2.991204
vn -0.08312392 1.623024 -3.048818
vn -0.2417083 1.335354 -2.969754
vn -0.2106936 1.623002 -2.921376
vn -0.1526737 1.285628 -3.678381
vn -0.2466879 1.335298 -3.809421
vn -0.2618279 1.285772 -3.786766
vn -0.1311953 1.335299 -3.695292
vn -0.2102167 1.623053 -3.853866
vn -0.08228314 1.285647 -3.541657
vn -0.08277884 1.62304 -3.726297
vn -0.05662557 1.335309 -3.551067
vn -0.05756769 1.285684 -3.389849
vn -0.001004457 1.623012 -3.565604
vn -0.03028315 1.335303 -3.39088
vn 0.02710962 1.623028 -3.387518
vn -0.08277884 1.62304 -3.726297
vn -0.2052155 1.981591 -3.63355
vn -0.2980052 1.981604 -3.727812
vn -0.001004457 1.623012 -3.565604
vn -0.1461045 1.981594 -3.5152
vn 0.02710962 1.623028 -3.387518
vn -0.1264889 1.981622 -3.384406
vn -0.001186609 1.623025 -3.20943
vn -0.148213 1.981607 -3.253942
vn -0.08312392 1.623024 -3.048818
vn -0.2092118 1.981614 -3.136579
vn -0.2106936 1.623002 -2.921376
vn -0.3034629 1.981622 -3.043835
vn -1.017364 1.285622 -3.537771
vn -1.068114 1.335297 -3.384706
vn -1.040807 1.285642 -3.38575
vn -1.043676 1.335303 -3.545207
vn -1.125511 1.623017 -3.388088
vn -0.9481235 1.28562 -3.675074
vn -1.097221 1.623022 -3.566139
vn -0.9708339 1.335326 -3.69032
vn -0.8398254 1.285749 -3.784385
vn -1.015278 1.623017 -3.726773
vn -0.8566797 1.335314 -3.805822
vn -0.887709 1.623028 -3.854213
vn -0.9457553 1.285692 -3.097183
vn -0.851707 1.335308 -2.966161
vn -0.8365834 1.285824 -2.988794
vn -0.9672043 1.335308 -3.080291
vn -0.8881985 1.623031 -2.921735
vn -1.016096 1.285621 -3.23392
vn -1.015618 1.623038 -3.049289
vn -1.04177 1.335316 -3.2245
vn -1.040807 1.285642 -3.38575
vn -1.097391 1.623021 -3.209973
vn -1.068114 1.335297 -3.384706
vn -1.125511 1.623017 -3.388088
vn -1.015618 1.623038 -3.049289
vn -0.8004183 1.981632 -3.047829
vn -0.8881985 1.623031 -2.921735
vn -0.8931706 1.981608 -3.14205
vn -1.097391 1.623021 -3.209973
vn -0.9522943 1.981587 -3.260364
vn -1.125511 1.623017 -3.388088
vn -0.9522943 1.981587 -3.260364
vn -1.097391 1.623021 -3.209973
vn -0.9719375 1.981594 -3.391179
vn -1.097221 1.623022 -3.566139
vn -0.9501927 1.981609 -3.52163
vn -1.015278 1.623017 -3.726773
vn -0.8891847 1.981613 -3.63902
vn -0.887709 1.623028 -3.854213
vn -0.7949027 1.981628 -3.731775
vn -0.3992167 1.285876 -3.85612
vn -0.5522815 1.335251 -3.906687
vn -0.551275 1.285547 -3.879344
vn -0.7124993 1.335282 -3.880347
vn -0.7030565 1.285765 -3.85479
vn -0.7270365 1.623035 -3.935981
vn -0.5489263 1.623006 -3.964107
vn -0.887709 1.623028 -3.854213
vn -0.8566797 1.335314 -3.805822
vn -0.8398254 1.285749 -3.784385
vn -0.2466879 1.335298 -3.809421
vn -0.2102167 1.623053 -3.853866
vn -0.370822 1.623026 -3.935805
vn -0.3918159 1.335286 -3.882271
vn -0.2618279 1.285772 -3.786766
vn -0.5489263 1.623006 -3.964107
vn -0.3992167 1.285876 -3.85612
vn -0.5522815 1.335251 -3.906687
vn -0.7270365 1.623035 -3.935981
vn -0.7949027 1.981628 -3.731775
vn -0.887709 1.623028 -3.854213
vn -0.6766146 1.981635 -3.790848
vn -0.5489263 1.623006 -3.964107
vn -0.5458171 1.981611 -3.810517
vn -0.370822 1.623026 -3.935805
vn -0.415291 1.981638 -3.788734
vn -0.2102167 1.623053 -3.853866
vn -0.2980052 1.981604 -3.727812
vn -0.4822317 2.153744 -3.291799
vn -0.5189016 2.156253 -3.288105
vn -0.5134849 2.155319 -3.490947
vn -0.5472444 2.156692 -3.48955
vn -0.5511472 2.156693 -3.286045
vn -0.5794994 2.156252 -3.487493
vn -0.5849327 2.155319 -3.284647
vn -0.6161602 2.153744 -3.483798
vn -0.6265808 2.151299 -3.285472
vn -0.415291 1.981638 -3.788734
vn -0.2980052 1.981604 -3.727812
vn -0.4718183 2.151298 -3.490128
vn -0.5458171 1.981611 -3.810517
vn -0.6766146 1.981635 -3.790848
vn -0.7949027 1.981628 -3.731775
vn -0.6636923 2.147598 -3.474413
vn -0.8891847 1.981613 -3.63902
vn -0.7265145 2.134387 -3.449209
vn -0.9501927 1.981609 -3.52163
vn -0.6831297 2.142157 -3.294362
vn -0.7909079 2.112681 -3.392456
vn -0.9719375 1.981594 -3.391179
vn -0.7549886 2.124179 -3.325296
vn -0.9522943 1.981587 -3.260364
vn -0.8931706 1.981608 -3.14205
vn -0.8004183 1.981632 -3.047829
vn -0.4822317 2.153744 -3.291799
vn -0.5134849 2.155319 -3.490947
vn -0.4718183 2.151298 -3.490128
vn -0.4347297 2.147604 -3.301187
vn -0.3034629 1.981622 -3.043835
vn -0.4217627 1.981622 -2.984738
vn -0.5189016 2.156253 -3.288105
vn -0.5525882 1.981615 -2.965078
vn -0.5511472 2.156693 -3.286045
vn -0.2092118 1.981614 -3.136579
vn -0.3719129 2.134396 -3.326383
vn -0.148213 1.981607 -3.253942
vn -0.4152341 2.142146 -3.481241
vn -0.3075256 2.112696 -3.383136
vn -0.1264889 1.981622 -3.384406
vn -0.3434407 2.124191 -3.450287
vn -0.1461045 1.981594 -3.5152
vn -0.2052155 1.981591 -3.63355
vn -0.2980052 1.981604 -3.727812
vn -0.6831037 1.981623 -2.986841
vn -0.5511472 2.156693 -3.286045
vn -0.5525882 1.981615 -2.965078
vn -0.5849327 2.155319 -3.284647
vn -0.8004183 1.981632 -3.047829
vn -0.6265808 2.151299 -3.285472
vn -0.0001075864 1.588382 -3.209384
vn -0.0001086593 1.588382 -3.209381
vn -0.0821124 1.588382 -3.04844
vn -0.08211106 1.588382 -3.048442
vn -0.0001063347 1.588382 -3.209388
vn -0.2098394 1.588382 -2.920712
vn -0.08211118 1.588382 -3.048442
vn -0.2098394 1.588382 -2.920712
vn -0.2098509 1.588382 -2.920703
vn -0.2098479 1.588382 -3.854886
vn -0.2098477 1.588382 -3.854886
vn -0.08211133 1.588382 -3.72715
vn -0.08211058 1.588382 -3.727149
vn -0.2098352 1.588382 -3.854877
vn -0.0001050234 1.588382 -3.566199
vn -0.0821096 1.588382 -3.727148
vn -0.000105381 1.588382 -3.5662
vn 0.02815008 1.588382 -3.387794
vn -0.0001063943 1.588382 -3.566204
vn 0.02815008 1.588382 -3.387797
vn -0.0001086593 1.588382 -3.209381
vn 0.02815008 1.588382 -3.387796
vn -0.0001075864 1.588382 -3.209384
vn -0.0001063347 1.588382 -3.209388
vn -1.126551 1.588382 -3.387796
vn -1.126551 1.588382 -3.387796
vn -1.098294 1.588382 -3.566205
vn -1.098294 1.588382 -3.566204
vn -1.126551 1.588382 -3.387796
vn -1.016293 1.588382 -3.727145
vn -1.098294 1.588382 -3.566204
vn -1.016292 1.588382 -3.727146
vn -0.888551 1.588382 -3.854887
vn -1.016291 1.588382 -3.727148
vn -0.8885484 1.588382 -3.854889
vn -0.8885479 1.588382 -3.85489
vn -1.098294 1.588382 -3.209388
vn -1.126551 1.588382 -3.387796
vn -1.126551 1.588382 -3.387796
vn -1.098295 1.588382 -3.20939
vn -1.126551 1.588382 -3.387796
vn -1.016291 1.588382 -3.048444
vn -1.098294 1.588382 -3.209389
vn -1.016291 1.588382 -3.048445
vn -0.8885654 1.588382 -2.920715
vn -1.016289 1.588382 -3.048441
vn -0.8885587 1.588382 -2.92071
vn -0.8885549 1.588382 -2.920707
vn -0.8885484 1.588382 -3.854889
vn -0.888551 1.588382 -3.854887
vn -0.7276151 1.588382 -3.936887
vn -0.7276098 1.588382 -3.936889
vn -0.8885479 1.588382 -3.85489
vn -0.7275811 1.588382 -3.936898
vn -0.5492002 1.588382 -3.965146
vn -0.5492002 1.588382 -3.965146
vn -0.5492002 1.588382 -3.965146
vn -0.5492002 1.588382 -3.965146
vn -0.370783 1.588382 -3.936887
vn -0.370779 1.588382 -3.936885
vn -0.2098477 1.588382 -3.854886
vn -0.2098479 1.588382 -3.854886
vn -0.3707471 1.588382 -3.936875
vn -0.2098352 1.588382 -3.854877
vn -0.5492002 1.588382 -3.965146
vn -0.7275811 1.588382 -3.936898
vn -0.7276098 1.588382 -3.936889
vn -0.7276052 1.588382 -2.838701
vn -0.7276037 1.588382 -2.838701
vn -0.8885549 1.588382 -2.920707
vn -0.5492038 1.588382 -2.810446
vn -0.5492002 1.588382 -2.810446
vn -0.370804 1.588382 -2.838698
vn -0.3707991 1.588382 -2.8387
vn -0.3708335 1.588382 -2.838689
vn -0.5492268 1.588382 -2.810446
vn -0.2098509 1.588382 -2.920703
vn -0.2098394 1.588382 -2.920712
vn -0.2098394 1.588382 -2.920712
vn -0.7276052 1.588382 -2.838701
vn -0.8885549 1.588382 -2.920707
vn -0.8885587 1.588382 -2.92071
vn -0.7276151 1.588382 -2.838705
vn -0.8885654 1.588382 -2.920715
vn -0.5492268 1.588382 -2.810446
vn -0.5492038 1.588382 -2.810446
vn -0.5605922 1.011157 -3.384015
vn -0.4683136 1.01736 -3.414708
vn -0.4639338 1.017364 -3.388394
vn -0.5611937 1.011157 -3.387719
vn -0.4679583 1.017358 -3.362022
vn -0.5588642 1.011157 -3.380679
vn -0.4805661 1.017363 -3.43839
vn -0.5606491 1.011157 -3.391432
vn -0.4798791 1.017361 -3.338174
vn -0.5561892 1.011157 -3.37804
vn -0.4995604 1.017363 -3.457118
vn -0.5589516 1.011157 -3.394788
vn -0.4986042 1.017362 -3.319173
vn -0.5528243 1.011157 -3.376362
vn -0.523412 1.017362 -3.469064
vn -0.5563213 1.011157 -3.39746
vn -0.5222843 1.017361 -3.306902
vn -0.549127 1.011157 -3.375797
vn -0.5498064 1.017363 -3.473058
vn -0.5529854 1.011157 -3.399188
vn -0.5486075 1.017361 -3.302544
vn -0.5454179 1.011157 -3.376411
vn -0.576117 1.017362 -3.468696
vn -0.5492848 1.011157 -3.399794
vn -0.5749782 1.017361 -3.306534
vn -0.5420848 1.011157 -3.378132
vn -0.5997993 1.017362 -3.456413
vn -0.5455658 1.011157 -3.399232
vn -0.5988395 1.017363 -3.318469
vn -0.5394416 1.011157 -3.380804
vn -0.6185205 1.017361 -3.437425
vn -0.5422076 1.011157 -3.39755
vn -0.6178155 1.017361 -3.337204
vn -0.537755 1.011157 -3.384161
vn -0.6304414 1.017358 -3.41357
vn -0.5395343 1.011157 -3.394912
vn -0.6300848 1.01736 -3.360883
vn -0.5372055 1.011157 -3.387872
vn -0.6344643 1.017363 -3.387197
vn -0.5378084 1.011157 -3.391576
vn -0.4799199 1.017362 -3.338103
vn -0.4986635 1.017363 -3.319124
vn -0.4679642 1.017361 -3.361942
vn -0.4639469 1.017361 -3.388311
vn -0.5223627 1.017361 -3.306881
vn -0.468283 1.017361 -3.41463
vn -0.4805356 1.017361 -3.438324
vn -0.5486888 1.01736 -3.302549
vn -0.4995029 1.017362 -3.45707
vn -0.5750504 1.017361 -3.30656
vn -0.5233453 1.017361 -3.469032
vn -0.5989075 1.017363 -3.318515
vn -0.5497241 1.017361 -3.473043
vn -0.6178837 1.017364 -3.337265
vn -0.5760444 1.017362 -3.46872
vn -0.6301166 1.017361 -3.360962
vn -0.5997409 1.017363 -3.456466
vn -0.6344485 1.017361 -3.387281
vn -0.6184812 1.017362 -3.437491
vn -0.6304421 1.017362 -3.41365
vn -0.5492101 1.011032 -3.387796
vn -0.5492041 1.011032 -3.387796
vn -0.5491953 1.011032 -3.387796
vn -0.5491963 1.011032 -3.387796
vn -0.5492051 1.011032 -3.387796
vn -0.5492086 1.011032 -3.387796
vn -0.5492002 1.011032 -3.387796
vn -0.5491959 1.011032 -3.387796
vn -0.5492002 1.011032 -3.387796
vn -0.5492077 1.011032 -3.387796
vn -0.5492032 1.011032 -3.387796
vn -0.5491805 1.011032 -3.387796
vn -0.5491953 1.011032 -3.387796
vn -0.5492169 1.011032 -3.387796
vn -0.5491669 1.011032 -3.387796
vn -0.5492121 1.011032 -3.387796
vn -0.5492063 1.011032 -3.387796
vn -0.5492031 1.011032 -3.387796
vn -0.5491953 1.011032 -3.387796
vn -0.5491903 1.011032 -3.387796
vn -0.5492032 1.011032 -3.387796
vn -0.5491944 1.011032 -3.387796
vn -0.5491899 1.011032 -3.387796
vn -0.5491939 1.011032 -3.387796
vn -0.5491758 1.011032 -3.387796
vn -0.5492047 1.011032 -3.387796
vn -0.5491983 1.011032 -3.387796
vn -0.5491871 1.011032 -3.387796
vn -0.5491828 1.011032 -3.387796
vn -0.5492089 1.011032 -3.387796
vn -0.5491855 1.011032 -3.387796
vn -0.5492048 1.011032 -3.387796
vn -0.5491942 1.011032 -3.387796
vn -0.5491978 1.011032 -3.387796
vn -0.5492111 1.011032 -3.387796
vn -0.5492088 1.011032 -3.387796
vn -0.5492287 1.011032 -3.387796
vn -0.549167 1.011032 -3.387796
vn -0.5492002 1.011032 -3.387796
vn -0.54922 1.011032 -3.387796
vn -0.7318212 2.120398 -3.257635
vn -0.7321271 2.120394 -3.258048
vn -0.683067 2.120399 -3.207876
vn -0.6826434 2.120405 -3.207578
vn -0.7631122 2.120396 -3.32044
vn -0.6209237 2.120402 -3.175324
vn -0.7632607 2.120398 -3.320932
vn -0.6204317 2.120404 -3.175164
vn -0.7734557 2.120396 -3.389836
vn -0.5517651 2.120404 -3.163565
vn -0.7734488 2.120397 -3.390351
vn -0.5512484 2.120402 -3.163555
vn -0.761857 2.120393 -3.459035
vn -0.4823346 2.120397 -3.173734
vn -0.7616963 2.120392 -3.459524
vn -0.4818459 2.120397 -3.173886
vn -0.729421 2.120397 -3.521264
vn -0.4194683 2.120399 -3.204873
vn -0.7291183 2.120395 -3.521681
vn -0.4190443 2.120399 -3.205175
vn -0.679382 2.120387 -3.570436
vn -0.369285 2.120398 -3.253918
vn -0.6789612 2.120387 -3.570734
vn -0.3689685 2.120395 -3.254335
vn -0.6165551 2.120394 -3.601713
vn -0.3367097 2.120394 -3.316069
vn -0.6160532 2.120398 -3.60186
vn -0.336544 2.120393 -3.316557
vn -0.5471624 2.120394 -3.612056
vn -0.3249507 2.120396 -3.385241
vn -0.5466473 2.120396 -3.612047
vn -0.3249411 2.120394 -3.385757
vn -0.4779629 2.120397 -3.600445
vn -0.3351319 2.120395 -3.454661
vn -0.4774758 2.120396 -3.600283
vn -0.3352832 2.120393 -3.455154
vn -0.4157348 2.120394 -3.568028
vn -0.3662653 2.120389 -3.517553
vn -0.4153205 2.120391 -3.567731
vn -0.3665685 2.120392 -3.517967
vn -0.5441726 1.011274 -3.403726
vn -0.5442059 1.011274 -3.403735
vn -0.5395348 1.011274 -3.401413
vn -0.5395026 1.011274 -3.401396
vn -0.5493503 1.011274 -3.404498
vn -0.5357986 1.011274 -3.397757
vn -0.5493852 1.011274 -3.404498
vn -0.5357625 1.011274 -3.397734
vn -0.5545049 1.011274 -3.403635
vn -0.5333575 1.011274 -3.393127
vn -0.5545331 1.011274 -3.403625
vn -0.5333363 1.011275 -3.3931
vn -0.5591457 1.011274 -3.40122
vn -0.5325018 1.011274 -3.387974
vn -0.5591643 1.011274 -3.401203
vn -0.5324947 1.011274 -3.387946
vn -0.5628184 1.011274 -3.397491
vn -0.5332626 1.011274 -3.382804
vn -0.5628238 1.011274 -3.397468
vn -0.5332659 1.011274 -3.382777
vn -0.5651409 1.011274 -3.392815
vn -0.5355894 1.011274 -3.378124
vn -0.5651378 1.011274 -3.392788
vn -0.5356004 1.011274 -3.3781
vn -0.5659057 1.011274 -3.387646
vn -0.5392385 1.011274 -3.374388
vn -0.5658984 1.011274 -3.387617
vn -0.5392552 1.011274 -3.374371
vn -0.5650476 1.011274 -3.382492
vn -0.5438712 1.011274 -3.371967
vn -0.5650308 1.011274 -3.382465
vn -0.5438922 1.011274 -3.371958
vn -0.5626316 1.011274 -3.377857
vn -0.549015 1.011274 -3.371093
vn -0.5626007 1.011274 -3.377834
vn -0.549046 1.011274 -3.371093
vn -0.5588964 1.011274 -3.374194
vn -0.5541857 1.011274 -3.371856
vn -0.5588591 1.011274 -3.374178
vn -0.554223 1.011274 -3.371865
vt 0.5225768 0.2309628
vt 0.5122446 0.2283504
vt 0.5122446 0.2309628
vt 0.5226002 0.2283504
vt 0.5318974 0.2309628
vt 0.531942 0.2283504
vt 0.5122446 0.1961541
vt 0.5228882 0.1961541
vt 0.5324898 0.1961541
vt 0.5122446 0.1570527
vt 0.5034568 0.1570527
vt 0.5210325 0.1570527
vt 0.5289602 0.1570527
vt 0.5209289 0.1149489
vt 0.5287632 0.1149489
vt 0.5122446 0.1149489
vt 0.5205224 0.1118278
vt 0.5279899 0.1118278
vt 0.5122446 0.1118278
vt 0.5039669 0.1118278
vt 0.5035604 0.1149489
vt 0.4964994 0.1118278
vt 0.4957262 0.1149489
vt 0.4955291 0.1570527
vt 0.5019125 0.2309628
vt 0.4925473 0.2283504
vt 0.4925918 0.2309628
vt 0.5018892 0.2283504
vt 0.5122446 0.2309628
vt 0.4919995 0.1961541
vt 0.5122446 0.2283504
vt 0.5016012 0.1961541
vt 0.4955291 0.1570527
vt 0.5122446 0.1961541
vt 0.5034568 0.1570527
vt 0.05199907 0.1455486
vt 0.06363858 0.1863682
vt 0.05995383 0.1455486
vt 0.05278616 0.111938
vt 0.06052604 0.111938
vt 0.05285018 0.1092105
vt 0.06057214 0.1092105
vt 0.05199907 0.1455486
vt 0.05707084 0.1863682
vt 0.06363858 0.1863682
vt 0.06384414 0.2303221
vt 0.07202262 0.2303221
vt 0.07244701 0.2335804
vt 0.06465125 0.2335804
vt 0.08108853 0.2335804
vt 0.0719146 0.1863682
vt 0.05995383 0.1455486
vt 0.08108853 0.2303221
vt 0.08973028 0.2335804
vt 0.09015444 0.2303221
vt 0.08108853 0.1863682
vt 0.09026269 0.1863682
vt 0.06997748 0.1455486
vt 0.06052604 0.111938
vt 0.08108853 0.1455486
vt 0.09219982 0.1455486
vt 0.07027802 0.111938
vt 0.06057214 0.1092105
vt 0.07030246 0.1092105
vt 0.08108853 0.111938
vt 0.09189881 0.111938
vt 0.08108853 0.1092105
vt 0.09187482 0.1092105
vt 0.3792603 0.1144402
vt 0.3789721 0.1466364
vt 0.3896157 0.1466364
vt 0.3896157 0.1857379
vt 0.3984036 0.1857379
vt 0.3808278 0.1857379
vt 0.3693704 0.1466364
vt 0.3896157 0.2278417
vt 0.3983 0.2278417
vt 0.3978935 0.2309628
vt 0.405361 0.2309628
vt 0.4061342 0.2278417
vt 0.4063312 0.1857379
vt 0.4002593 0.1466364
vt 0.4098609 0.1466364
vt 0.3999712 0.1144402
vt 0.4093131 0.1144402
vt 0.3999479 0.1118278
vt 0.4092685 0.1118278
vt 0.3896157 0.1466364
vt 0.3984036 0.1857379
vt 0.4002593 0.1466364
vt 0.3896157 0.1144402
vt 0.3999712 0.1144402
vt 0.3792603 0.1144402
vt 0.3896157 0.1118278
vt 0.3999479 0.1118278
vt 0.3792836 0.1118278
vt 0.3699628 0.1118278
vt 0.3699183 0.1144402
vt 0.3789721 0.1466364
vt 0.3693704 0.1466364
vt 0.3729002 0.1857379
vt 0.3808278 0.1857379
vt 0.3809314 0.2278417
vt 0.3730972 0.2278417
vt 0.3896157 0.2278417
vt 0.381338 0.2309628
vt 0.3738704 0.2309628
vt 0.3896157 0.2309628
vt 0.3978935 0.2309628
vt 0.1016051 0.1092105
vt 0.1093907 0.111938
vt 0.1093269 0.1092105
vt 0.1016512 0.111938
vt 0.09187482 0.1092105
vt 0.110178 0.1455486
vt 0.09189881 0.111938
vt 0.1022232 0.1455486
vt 0.1051067 0.1863682
vt 0.09219982 0.1455486
vt 0.09853848 0.1863682
vt 0.1048234 0.2303221
vt 0.09026269 0.1863682
vt 0.09833269 0.2303221
vt 0.1037124 0.2335804
vt 0.09015444 0.2303221
vt 0.09752581 0.2335804
vt 0.08973028 0.2335804
vt 0.2658926 0.2335803
vt 0.2561868 0.2308529
vt 0.2561623 0.2335803
vt 0.2659387 0.2308529
vt 0.2736143 0.2335803
vt 0.2736781 0.2308529
vt 0.2564873 0.1972422
vt 0.2665111 0.1972422
vt 0.2744659 0.1972422
vt 0.2628259 0.1564227
vt 0.2693941 0.1564227
vt 0.2545502 0.1564227
vt 0.2626202 0.1124688
vt 0.2691108 0.1124688
vt 0.2618133 0.1092105
vt 0.2679999 0.1092105
vt 0.2544419 0.1124688
vt 0.2453762 0.1124688
vt 0.2453762 0.1564227
vt 0.2453762 0.1972422
vt 0.2561868 0.2308529
vt 0.2564873 0.1972422
vt 0.2453762 0.1972422
vt 0.2453762 0.2308529
vt 0.2561623 0.2335803
vt 0.2453762 0.2335803
vt 0.234566 0.2308529
vt 0.2345899 0.2335803
vt 0.234265 0.1972422
vt 0.2248135 0.2308529
vt 0.2248596 0.2335803
vt 0.2170736 0.2308529
vt 0.2171377 0.2335803
vt 0.2162866 0.1972422
vt 0.2242413 0.1972422
vt 0.2213583 0.1564227
vt 0.2279261 0.1564227
vt 0.2216412 0.1124688
vt 0.2362021 0.1564227
vt 0.2453762 0.1564227
vt 0.2281316 0.1124688
vt 0.2227526 0.1092105
vt 0.2289392 0.1092105
vt 0.2363101 0.1124688
vt 0.2367345 0.1092105
vt 0.2453762 0.1124688
vt 0.2453762 0.1092105
vt 0.2544419 0.1124688
vt 0.2540177 0.1092105
vt 0.2626202 0.1124688
vt 0.2618133 0.1092105
vt 0.05707084 0.1863682
vt 0.05735369 0.2303221
vt 0.06384414 0.2303221
vt 0.06465125 0.2335804
vt 0.05846507 0.2335804
vt 0.8667701 0.1122197
vt 0.8582161 0.1122197
vt 0.8579327 0.1438793
vt 0.8667701 0.1438793
vt 0.8597828 0.182862
vt 0.8667701 0.182862
vt 0.8598843 0.2242409
vt 0.8667701 0.2242409
vt 0.8601497 0.2262819
vt 0.8667701 0.2262819
vt 0.8736559 0.2242409
vt 0.8733906 0.2262819
vt 0.8737575 0.182862
vt 0.8798679 0.2242409
vt 0.8793631 0.2262819
vt 0.880061 0.182862
vt 0.8835801 0.1438793
vt 0.8756076 0.1438793
vt 0.8830408 0.1122197
vt 0.8753242 0.1122197
vt 0.8829964 0.109608
vt 0.8753008 0.109608
vt 0.8667701 0.109608
vt 0.8667701 0.109608
vt 0.8582161 0.1122197
vt 0.8667701 0.1122197
vt 0.8582395 0.109608
vt 0.8504994 0.1122197
vt 0.8505439 0.109608
vt 0.8499602 0.1438793
vt 0.8579327 0.1438793
vt 0.8534792 0.182862
vt 0.8597828 0.182862
vt 0.8536726 0.2242409
vt 0.8598843 0.2242409
vt 0.8541773 0.2262819
vt 0.8601497 0.2262819
vt 0.8665711 0.5617179
vt 0.8751897 0.528667
vt 0.8668672 0.528667
vt 0.857641 0.5617179
vt 0.857641 0.5644444
vt 0.8665465 0.5644444
vt 0.8487357 0.5644444
vt 0.857641 0.528667
vt 0.8649355 0.4879712
vt 0.8487108 0.5617179
vt 0.8407016 0.5644444
vt 0.857641 0.4879712
vt 0.8648294 0.4447742
vt 0.8406551 0.5617179
vt 0.8343262 0.5644444
vt 0.834262 0.5617179
vt 0.8484151 0.528667
vt 0.8400921 0.528667
vt 0.8334875 0.528667
vt 0.8437663 0.4879712
vt 0.8503467 0.4879712
vt 0.857641 0.4447742
vt 0.8645524 0.4426435
vt 0.8504528 0.4447742
vt 0.857641 0.4426435
vt 0.8507296 0.4426435
vt 0.8334875 0.528667
vt 0.8437663 0.4879712
vt 0.838544 0.4879712
vt 0.8439678 0.4447742
vt 0.8388214 0.4447742
vt 0.8504528 0.4447742
vt 0.8503467 0.4879712
vt 0.8507296 0.4426435
vt 0.8444947 0.4426435
vt 0.8395466 0.4426435
vt 0.7554241 0.2236704
vt 0.7639782 0.1920107
vt 0.7551407 0.1920107
vt 0.7639782 0.1530279
vt 0.7569907 0.1530279
vt 0.7709656 0.1530279
vt 0.7728156 0.1920107
vt 0.7639782 0.111649
vt 0.7570923 0.111649
vt 0.7639782 0.1096079
vt 0.7573577 0.1096079
vt 0.7705987 0.1096079
vt 0.770864 0.111649
vt 0.7765712 0.1096079
vt 0.7770759 0.111649
vt 0.7772691 0.1530279
vt 0.7807882 0.1920107
vt 0.7725323 0.2236704
vt 0.7639782 0.2236704
vt 0.7802489 0.2236704
vt 0.7639782 0.226282
vt 0.7554474 0.226282
vt 0.7725088 0.226282
vt 0.7802045 0.226282
vt 0.7639782 0.2236704
vt 0.7728156 0.1920107
vt 0.7639782 0.1920107
vt 0.7554241 0.2236704
vt 0.7554474 0.226282
vt 0.7477518 0.226282
vt 0.7477073 0.2236704
vt 0.7551407 0.1920107
vt 0.7471682 0.1920107
vt 0.7569907 0.1530279
vt 0.7506872 0.1530279
vt 0.7570923 0.111649
vt 0.7508804 0.111649
vt 0.7573577 0.1096079
vt 0.7513853 0.1096079
vt 0.8745803 0.5644444
vt 0.8809562 0.5644444
vt 0.88102 0.5617179
vt 0.8746266 0.5617179
vt 0.8665465 0.5644444
vt 0.8665711 0.5617179
vt 0.8817948 0.528667
vt 0.8751897 0.528667
vt 0.8767385 0.4879712
vt 0.871516 0.4879712
vt 0.8668672 0.528667
vt 0.8764606 0.4447742
vt 0.8649355 0.4879712
vt 0.8713142 0.4447742
vt 0.8757354 0.4426435
vt 0.8648294 0.4447742
vt 0.8707875 0.4426435
vt 0.8645524 0.4426435
vt 0.6261778 0.1070446
vt 0.6198024 0.1070446
vt 0.6197382 0.1097711
vt 0.6261313 0.1097711
vt 0.634212 0.1070446
vt 0.6189637 0.1428219
vt 0.634187 0.1097711
vt 0.6431174 0.1070446
vt 0.6431174 0.1097711
vt 0.6255683 0.1428219
vt 0.6240202 0.1835175
vt 0.6338913 0.1428219
vt 0.6431174 0.1428219
vt 0.6292425 0.1835175
vt 0.6242976 0.2267148
vt 0.635823 0.1835175
vt 0.6431174 0.1835175
vt 0.629444 0.2267148
vt 0.6250228 0.2288456
vt 0.6299709 0.2288456
vt 0.635929 0.2267148
vt 0.6431174 0.2267148
vt 0.6362058 0.2288456
vt 0.6431174 0.2288456
vt 0.6520227 0.1070446
vt 0.6431174 0.1070446
vt 0.6431174 0.1097711
vt 0.6520473 0.1097711
vt 0.6600565 0.1070446
vt 0.6431174 0.1428219
vt 0.6601028 0.1097711
vt 0.6664324 0.1070446
vt 0.6664962 0.1097711
vt 0.6523434 0.1428219
vt 0.6431174 0.1835175
vt 0.6606658 0.1428219
vt 0.667271 0.1428219
vt 0.6504117 0.1835175
vt 0.6431174 0.2267148
vt 0.6569924 0.1835175
vt 0.6622146 0.1835175
vt 0.6503056 0.2267148
vt 0.6431174 0.2288456
vt 0.6500286 0.2288456
vt 0.6567906 0.2267148
vt 0.6619368 0.2267148
vt 0.6562637 0.2288456
vt 0.6612116 0.2288456
vt 0.5422075 0.8245419
vt 0.5404858 0.8140365
vt 0.5404858 0.8245419
vt 0.8977361 0.7784755
vt 0.8932636 0.7881488
vt 0.8977361 0.786343
vt 0.2885918 0.7588158
vt 0.2849922 0.7592936
vt 0.2885918 0.7608989
vt 0.5404858 0.8023912
vt 0.5380386 0.7911041
vt 0.5380386 0.8023912
vt 0.5404858 0.7907457
vt 0.5380386 0.7809219
vt 0.5404858 0.7802402
vt 0.5422075 0.7907457
vt 0.5422075 0.7802402
vt 0.5708742 0.7907457
vt 0.5708742 0.7802402
vt 0.5741913 0.7907457
vt 0.5741913 0.7802402
vt 0.4103855 0.6743131
vt 0.4078307 0.6648979
vt 0.4078307 0.6733338
vt 0.4103855 0.6656097
vt 0.4121829 0.6743131
vt 0.4078307 0.6542684
vt 0.4121829 0.6656097
vt 0.4421093 0.6743131
vt 0.4103855 0.6546425
vt 0.4078307 0.6424853
vt 0.4103855 0.6424853
vt 0.4121829 0.6546425
vt 0.4121829 0.6424853
vt 0.4421093 0.6546425
vt 0.4421093 0.6656097
vt 0.4455722 0.6743131
vt 0.4455722 0.6656097
vt 0.4455722 0.6546425
vt 0.4103855 0.6424853
vt 0.4078307 0.6307022
vt 0.4078307 0.6424853
vt 0.4103855 0.6303281
vt 0.4078307 0.6200728
vt 0.4121829 0.6424853
vt 0.4103855 0.619361
vt 0.4078307 0.6116371
vt 0.4103855 0.6106576
vt 0.4121829 0.6303281
vt 0.4121829 0.619361
vt 0.4121829 0.6106576
vt 0.4421093 0.6424853
vt 0.4421093 0.6546425
vt 0.4455722 0.6546425
vt 0.4455722 0.6424853
vt 0.4421093 0.6303281
vt 0.4455722 0.6303281
vt 0.4421093 0.619361
vt 0.4421093 0.6106576
vt 0.4455722 0.619361
vt 0.4455722 0.6106576
vt 0.6801813 0.779199
vt 0.6826285 0.790063
vt 0.6826285 0.7798808
vt 0.6801813 0.7897046
vt 0.6784596 0.779199
vt 0.6826285 0.8013499
vt 0.6784596 0.7897046
vt 0.6497929 0.779199
vt 0.6801813 0.8013499
vt 0.6826285 0.8126369
vt 0.6801813 0.8129953
vt 0.6826285 0.8228192
vt 0.6784596 0.8013499
vt 0.6497929 0.7897046
vt 0.6464758 0.779199
vt 0.6464758 0.7897046
vt 0.6801813 0.8129953
vt 0.6801813 0.8235008
vt 0.6826285 0.8228192
vt 0.6784596 0.8129953
vt 0.6784596 0.8235008
vt 0.6784596 0.8013499
vt 0.6497929 0.8129953
vt 0.6497929 0.8235008
vt 0.6497929 0.8013499
vt 0.6497929 0.7897046
vt 0.6464758 0.7897046
vt 0.6464758 0.8013499
vt 0.6464758 0.8129953
vt 0.6464758 0.8235008
vt 0.5530232 0.6172493
vt 0.555578 0.6266645
vt 0.555578 0.6182287
vt 0.5530232 0.6259529
vt 0.5512258 0.6172493
vt 0.555578 0.6372939
vt 0.5530232 0.6369199
vt 0.555578 0.6490773
vt 0.5512258 0.6259529
vt 0.5212994 0.6172493
vt 0.5212994 0.6259529
vt 0.5178366 0.6172493
vt 0.5512258 0.6369199
vt 0.5178366 0.6259529
vt 0.5212994 0.6369199
vt 0.5178366 0.6369199
vt 0.5512258 0.6259529
vt 0.5512258 0.6369199
vt 0.5530232 0.6369199
vt 0.5530232 0.6490773
vt 0.555578 0.6490773
vt 0.555578 0.6608602
vt 0.5512258 0.6490773
vt 0.5212994 0.6369199
vt 0.5530232 0.6612343
vt 0.555578 0.6714896
vt 0.5212994 0.6490773
vt 0.5178366 0.6369199
vt 0.5178366 0.6490773
vt 0.5530232 0.6722014
vt 0.555578 0.6799256
vt 0.5530232 0.6809048
vt 0.5512258 0.6612343
vt 0.5212994 0.6612343
vt 0.5178366 0.6612343
vt 0.5512258 0.6722014
vt 0.5512258 0.6809048
vt 0.5404858 0.8245419
vt 0.5380386 0.8136782
vt 0.5380386 0.8238603
vt 0.5404858 0.8140365
vt 0.5380386 0.8023912
vt 0.5404858 0.8023912
vt 0.5422075 0.8140365
vt 0.5422075 0.8245419
vt 0.5708742 0.8245419
vt 0.5422075 0.8023912
vt 0.5404858 0.7907457
vt 0.5422075 0.7907457
vt 0.5708742 0.8140365
vt 0.5741913 0.8245419
vt 0.5741913 0.8140365
vt 0.5708742 0.8023912
vt 0.5708742 0.7907457
vt 0.5741913 0.8023912
vt 0.5741913 0.7907457
vt 0.483484 0.4773109
vt 0.4817116 0.4748713
vt 0.4725602 0.4795343
vt 0.4734918 0.4824022
vt 0.4624156 0.481141
vt 0.4624156 0.4841562
vt 0.4522711 0.4795343
vt 0.4513394 0.4824022
vt 0.4431196 0.4748713
vt 0.4413474 0.4773109
vt 0.435857 0.467609
vt 0.4334176 0.4693809
vt 0.4311942 0.4584574
vt 0.4283264 0.4593891
vt 0.4295874 0.448313
vt 0.4265721 0.448313
vt 0.431194 0.4381683
vt 0.4283264 0.4372364
vt 0.435857 0.4290168
vt 0.4334175 0.4272446
vt 0.4431196 0.4217542
vt 0.4413472 0.4193148
vt 0.4522711 0.4170912
vt 0.4513394 0.4142236
vt 0.4624156 0.4154845
vt 0.4624156 0.4124691
vt 0.4725602 0.4170912
vt 0.4734918 0.4142236
vt 0.4817116 0.4217542
vt 0.4834839 0.4193148
vt 0.4889743 0.4290168
vt 0.4914137 0.4272446
vt 0.4936371 0.4381683
vt 0.4965049 0.4372364
vt 0.4952439 0.4483128
vt 0.4982591 0.4483128
vt 0.4936371 0.4584574
vt 0.4965049 0.4593891
vt 0.4914137 0.4693809
vt 0.4817116 0.4748713
vt 0.483484 0.4773109
vt 0.4889743 0.467609
vt 0.4965049 0.4593891
vt 0.4936371 0.4584574
vt 0.5178366 0.6722014
vt 0.5178366 0.6809048
vt 0.5212994 0.6809048
vt 0.5212994 0.6722014
vt 0.5178366 0.6612343
vt 0.5512258 0.6809048
vt 0.5212994 0.6612343
vt 0.5512258 0.6722014
vt 0.1205166 0.623044
vt 0.1215093 0.61202
vt 0.1166849 0.6155245
vt 0.1142225 0.6047335
vt 0.110718 0.6095572
vt 0.105041 0.6000555
vt 0.1031986 0.6057259
vt 0.09486339 0.5984434
vt 0.09486339 0.6044058
vt 0.08468555 0.6000555
vt 0.08652797 0.6057259
vt 0.07550425 0.6047335
vt 0.07900876 0.6095572
vt 0.1205166 0.623044
vt 0.1261871 0.6212016
vt 0.1215093 0.61202
vt 0.1218363 0.6313792
vt 0.1277989 0.6313792
vt 0.1205166 0.6397144
vt 0.1261871 0.641557
vt 0.1166849 0.6472336
vt 0.1215093 0.6507384
vt 0.4769915 0.8112637
vt 0.4727073 0.8220168
vt 0.4769915 0.8207603
vt 0.4727073 0.8119244
vt 0.4769915 0.800737
vt 0.4727073 0.800737
vt 0.4663045 0.8125405
vt 0.4769915 0.7902102
vt 0.4663045 0.800737
vt 0.4727073 0.7895494
vt 0.4769915 0.7807136
vt 0.4663045 0.7889334
vt 0.4727073 0.7794572
vt 0.4663045 0.7782851
vt 0.4727073 0.8119244
vt 0.4663045 0.8231888
vt 0.4727073 0.8220168
vt 0.4663045 0.8125405
vt 0.4586633 0.8220264
vt 0.4663045 0.7889334
vt 0.4586633 0.800737
vt 0.4663045 0.800737
vt 0.4586633 0.8119295
vt 0.4663045 0.8125405
vt 0.4586633 0.8220264
vt 0.4514902 0.8192789
vt 0.4514902 0.8104849
vt 0.4514902 0.800737
vt 0.4586633 0.7895445
vt 0.4514902 0.7909889
vt 0.4663045 0.7889334
vt 0.4586633 0.7895445
vt 0.4586633 0.800737
vt 0.4663045 0.7782851
vt 0.4586633 0.7794476
vt 0.4514902 0.7909889
vt 0.4514902 0.7821952
vt 0.1107176 0.6532009
vt 0.1215093 0.6507384
vt 0.1166849 0.6472336
vt 0.1142225 0.6580247
vt 0.1031986 0.6570322
vt 0.105041 0.6627029
vt 0.09486317 0.6583523
vt 0.09486317 0.6643147
vt 0.08652797 0.6570322
vt 0.08468555 0.6627027
vt 0.07900876 0.6532009
vt 0.07550425 0.6580247
vt 0.07304141 0.6472336
vt 0.0682179 0.6507384
vt 0.06921018 0.6397144
vt 0.06921018 0.6397144
vt 0.06353946 0.6415566
vt 0.0682179 0.6507384
vt 0.06789006 0.6313792
vt 0.06192765 0.6313792
vt 0.06921018 0.623044
vt 0.06353946 0.6212016
vt 0.07304141 0.6155245
vt 0.0682179 0.61202
vt 0.07900876 0.6095572
vt 0.07550425 0.6047335
vt 0.7998449 0.7797874
vt 0.8065289 0.7698947
vt 0.7998449 0.7692512
vt 0.8065289 0.7810108
vt 0.7998449 0.7881488
vt 0.8065289 0.7898327
vt 0.8145059 0.7797974
vt 0.8145059 0.7881624
vt 0.8145059 0.7692565
vt 0.8145059 0.7575725
vt 0.8065289 0.7575725
vt 0.8219942 0.7575725
vt 0.8219942 0.7677487
vt 0.8219942 0.7769291
vt 0.7953724 0.7784755
vt 0.7998449 0.7797874
vt 0.7998449 0.7692512
vt 0.7953724 0.7685619
vt 0.7998449 0.7575725
vt 0.7953724 0.7575725
vt 0.8065289 0.7575725
vt 0.8065289 0.7698947
vt 0.7998449 0.7458934
vt 0.7953724 0.7465829
vt 0.8065289 0.7452499
vt 0.8145059 0.7458883
vt 0.8145059 0.7575725
vt 0.8065289 0.734134
vt 0.7998449 0.7353574
vt 0.8065289 0.7253127
vt 0.7953724 0.7366691
vt 0.7998449 0.7269965
vt 0.7953724 0.7288011
vt 0.8065289 0.734134
vt 0.8145059 0.7269827
vt 0.8065289 0.7253127
vt 0.8145059 0.7353477
vt 0.8065289 0.7452499
vt 0.8219942 0.7309304
vt 0.8145059 0.7458883
vt 0.8219942 0.7382159
vt 0.8219942 0.7473959
vt 0.8145059 0.7575725
vt 0.8219942 0.7473959
vt 0.8145059 0.7458883
vt 0.8219942 0.7575725
vt 0.8932636 0.7269965
vt 0.8865795 0.7253127
vt 0.8865795 0.734134
vt 0.8932636 0.7353574
vt 0.8977361 0.7288011
vt 0.8865795 0.7452499
vt 0.8977361 0.7366691
vt 0.8932636 0.7458934
vt 0.8977361 0.7465829
vt 0.8865795 0.7575723
vt 0.8932636 0.7575723
vt 0.8977361 0.7575723
vt 0.8932636 0.7692512
vt 0.8977361 0.7685619
vt 0.8865795 0.7698947
vt 0.8786026 0.7692565
vt 0.8786026 0.7575723
vt 0.8865795 0.7810109
vt 0.8932636 0.7797872
vt 0.8977361 0.7784755
vt 0.8865795 0.7898327
vt 0.8932636 0.7881488
vt 0.8865795 0.7452499
vt 0.8786026 0.7575723
vt 0.8865795 0.7575723
vt 0.8786026 0.7458882
vt 0.8865795 0.734134
vt 0.8711143 0.7575723
vt 0.8711143 0.7677487
vt 0.8711143 0.7473959
vt 0.8786026 0.7353477
vt 0.8865795 0.7253127
vt 0.8711143 0.7382157
vt 0.8786026 0.7269827
vt 0.8711143 0.7309304
vt 0.8786026 0.7575723
vt 0.8711143 0.7677487
vt 0.8786026 0.7692565
vt 0.8711143 0.7769291
vt 0.8786026 0.7797974
vt 0.8865795 0.7698947
vt 0.8711143 0.7842142
vt 0.8865795 0.7810109
vt 0.8786026 0.7881624
vt 0.8865795 0.7898327
vt 0.3761794 0.784434
vt 0.3804637 0.773681
vt 0.3761794 0.7749375
vt 0.3804637 0.7837732
vt 0.3868664 0.7725089
vt 0.3761794 0.7949609
vt 0.3868664 0.7831572
vt 0.3804637 0.7949609
vt 0.3868664 0.7949609
vt 0.3761794 0.8054878
vt 0.3804637 0.8061482
vt 0.3761794 0.8149843
vt 0.3868664 0.7831572
vt 0.3945076 0.7736714
vt 0.3868664 0.7725089
vt 0.3945076 0.7837682
vt 0.4016807 0.776419
vt 0.4016807 0.7852128
vt 0.3868664 0.7949609
vt 0.3945076 0.7837682
vt 0.3868664 0.7831572
vt 0.3945076 0.7949609
vt 0.4016807 0.7852128
vt 0.4016807 0.7949609
vt 0.3868664 0.8067645
vt 0.3804637 0.8061482
vt 0.3945076 0.8061533
vt 0.4016807 0.8047087
vt 0.3804637 0.8162407
vt 0.3761794 0.8149843
vt 0.3868664 0.8174127
vt 0.3945076 0.8162503
vt 0.4016807 0.8135027
vt 0.7953724 0.786343
vt 0.7998449 0.7881488
vt 0.7998449 0.7797874
vt 0.7953724 0.7784755
vt 0.8145059 0.7881624
vt 0.8219942 0.7769291
vt 0.8145059 0.7797974
vt 0.8219942 0.7842142
vt 0.6636537 0.6240345
vt 0.6750484 0.6287926
vt 0.6721035 0.6197292
vt 0.6814703 0.6277757
vt 0.6814703 0.6182455
vt 0.6878924 0.6287926
vt 0.6908371 0.6197292
vt 0.6936856 0.6317445
vt 0.6908371 0.6197292
vt 0.6936856 0.6317445
vt 0.6992871 0.6240345
vt 0.6982827 0.636342
vt 0.7059926 0.6307405
vt 0.7012347 0.6421351
vt 0.7102984 0.6391903
vt 0.7022517 0.6485571
vt 0.7117818 0.6485571
vt 0.7012347 0.6549787
vt 0.7102984 0.6579236
vt 0.6982827 0.6607719
vt 0.7059926 0.6663737
vt 0.6936856 0.6653696
vt 0.6992871 0.6730794
vt 0.6878924 0.6683212
vt 0.6908371 0.677385
vt 0.6814705 0.6693384
vt 0.6814705 0.6788686
vt 0.6750484 0.6683212
vt 0.6721035 0.677385
vt 0.6692552 0.6653696
vt 0.6636539 0.6730796
vt 0.6646582 0.6607719
vt 0.656948 0.6663737
vt 0.6617057 0.6549789
vt 0.6526426 0.6579236
vt 0.6606887 0.6485571
vt 0.651159 0.6485571
vt 0.6617057 0.6421351
vt 0.6526426 0.6391903
vt 0.6646582 0.636342
vt 0.656948 0.6307405
vt 0.6692552 0.6317445
vt 0.6636537 0.6240345
vt 0.6750484 0.6287926
vt 0.6760786 0.6524743
vt 0.6775531 0.6539485
vt 0.6751321 0.6506164
vt 0.6748061 0.6485571
vt 0.6794109 0.6548952
vt 0.6751321 0.6464977
vt 0.6814703 0.6552213
vt 0.6760786 0.6446398
vt 0.6835299 0.6548952
vt 0.6775531 0.6431653
vt 0.6853878 0.6539485
vt 0.6794109 0.6422186
vt 0.6868621 0.6524743
vt 0.6814703 0.6418926
vt 0.6878087 0.6506164
vt 0.6814703 0.6277757
vt 0.6835299 0.6422186
vt 0.6881347 0.6485571
vt 0.6878924 0.6287926
vt 0.6853878 0.6431653
vt 0.6878087 0.6464977
vt 0.6868621 0.6446398
vt 0.1896134 0.7457391
vt 0.1904209 0.7434844
vt 0.1896134 0.7437768
vt 0.1904209 0.7455854
vt 0.1896134 0.7479145
vt 0.1936389 0.7426137
vt 0.1904209 0.7479145
vt 0.1936389 0.7451277
vt 0.1936389 0.7479145
vt 0.1896134 0.7500898
vt 0.1904209 0.7479145
vt 0.1896134 0.7479145
vt 0.1904209 0.7502434
vt 0.1896134 0.7520522
vt 0.1936389 0.7479145
vt 0.1904209 0.7523445
vt 0.1936389 0.7507012
vt 0.1936389 0.7532151
vt 0.1936389 0.7532151
vt 0.197087 0.7520981
vt 0.197087 0.750114
vt 0.1936389 0.7507012
vt 0.197087 0.7479145
vt 0.1936389 0.7479145
vt 0.197087 0.7457149
vt 0.1936389 0.7451277
vt 0.197087 0.7437308
vt 0.1936389 0.7426137
vt 0.2927943 0.7510113
vt 0.2919513 0.7532822
vt 0.2927943 0.7532822
vt 0.2919513 0.7508511
vt 0.2885918 0.7532822
vt 0.2927943 0.7489626
vt 0.2885918 0.7503732
vt 0.2919513 0.7486575
vt 0.2927943 0.7473367
vt 0.2885918 0.7477487
vt 0.2919513 0.7469169
vt 0.2885918 0.7456658
vt 0.2927943 0.757602
vt 0.2919513 0.7596477
vt 0.2927943 0.7592277
vt 0.2919513 0.7579069
vt 0.2885918 0.7608989
vt 0.2927943 0.7555534
vt 0.2885918 0.7588158
vt 0.2919513 0.7557135
vt 0.2927943 0.7532822
vt 0.2885918 0.7561914
vt 0.2919513 0.7532822
vt 0.2885918 0.7532822
vt 0.2885918 0.7588158
vt 0.2849922 0.7576498
vt 0.2849922 0.7592936
vt 0.2885918 0.7561914
vt 0.2849922 0.7555787
vt 0.2885918 0.7532822
vt 0.2849922 0.7532822
vt 0.2885918 0.7503732
vt 0.2849922 0.750986
vt 0.2885918 0.7477487
vt 0.2849922 0.7489149
vt 0.2885918 0.7456658
vt 0.2849922 0.747271
vt 0.2592083 0.7555533
vt 0.2600513 0.7532822
vt 0.2592083 0.7532822
vt 0.2600513 0.7557135
vt 0.2634107 0.7532822
vt 0.2592083 0.757602
vt 0.2634107 0.7561914
vt 0.2600513 0.7579069
vt 0.2592083 0.7592276
vt 0.2634107 0.7588157
vt 0.2600513 0.7596477
vt 0.2634107 0.7608988
vt 0.2592083 0.7489626
vt 0.2600513 0.7469169
vt 0.2592083 0.7473367
vt 0.2600513 0.7486575
vt 0.2634107 0.7456658
vt 0.2592083 0.7510113
vt 0.2634107 0.7477487
vt 0.2600513 0.7508511
vt 0.2592083 0.7532822
vt 0.2634107 0.7503732
vt 0.2600513 0.7532822
vt 0.2634107 0.7532822
vt 0.2634107 0.7477487
vt 0.2670103 0.7472711
vt 0.2634107 0.7456658
vt 0.2670103 0.7489149
vt 0.2634107 0.7503732
vt 0.2670103 0.750986
vt 0.2634107 0.7532822
vt 0.2670103 0.750986
vt 0.2634107 0.7503732
vt 0.2670103 0.7532822
vt 0.2634107 0.7561914
vt 0.2670103 0.7555786
vt 0.2634107 0.7588157
vt 0.2670103 0.7576497
vt 0.2634107 0.7608988
vt 0.2670103 0.7592936
vt 0.1713035 0.7401782
vt 0.170496 0.7423536
vt 0.1713035 0.7423536
vt 0.170496 0.7446826
vt 0.1713035 0.7445289
vt 0.1672779 0.7451404
vt 0.1672779 0.7423536
vt 0.1672779 0.7476544
vt 0.170496 0.7467837
vt 0.1713035 0.7464914
vt 0.170496 0.7379234
vt 0.1672779 0.7370527
vt 0.1672779 0.7395668
vt 0.170496 0.7400244
vt 0.1713035 0.7382158
vt 0.1672779 0.7423536
vt 0.1713035 0.7401782
vt 0.170496 0.7423536
vt 0.1672779 0.7451404
vt 0.1638297 0.7465373
vt 0.1672779 0.7476544
vt 0.1638297 0.7445532
vt 0.1672779 0.7423536
vt 0.1638297 0.7423536
vt 0.1672779 0.7395668
vt 0.1638297 0.740154
vt 0.1672779 0.7370527
vt 0.1638297 0.7381698
vt 0.2304601 0.7497326
vt 0.2294023 0.7491939
vt 0.2294023 0.7564119
vt 0.2282297 0.7565973
vt 0.2282297 0.7490084
vt 0.2270571 0.7564119
vt 0.2270571 0.7491939
vt 0.2259992 0.755873
vt 0.2259992 0.7497326
vt 0.230323 0.7592451
vt 0.2322114 0.7582831
vt 0.2304601 0.755873
vt 0.2282297 0.7595772
vt 0.2261363 0.7592451
vt 0.224248 0.7582831
vt 0.2251597 0.7550332
vt 0.2227493 0.7567844
vt 0.2246207 0.7539754
vt 0.2217871 0.7548963
vt 0.2251597 0.7505723
vt 0.224435 0.7528027
vt 0.2214556 0.7528027
vt 0.2246207 0.7516303
vt 0.2217871 0.7507094
vt 0.2227493 0.7488213
vt 0.224248 0.7473226
vt 0.2304601 0.7497326
vt 0.2294023 0.7564119
vt 0.2304601 0.755873
vt 0.2312996 0.7505723
vt 0.2322114 0.7473226
vt 0.230323 0.7463602
vt 0.2294023 0.7491939
vt 0.2282297 0.7460286
vt 0.2282297 0.7490084
vt 0.2337101 0.7488213
vt 0.2318386 0.7516303
vt 0.2346722 0.7507094
vt 0.2312996 0.7550332
vt 0.2320244 0.7528027
vt 0.2350038 0.7528027
vt 0.2318386 0.7539754
vt 0.2346722 0.7548963
vt 0.2337101 0.7567844
vt 0.2322114 0.7582831
vt 0.2261363 0.7463602
vt 0.2282297 0.7490084
vt 0.2282297 0.7460286
vt 0.2270571 0.7491939
vt 0.224248 0.7473226
vt 0.2259992 0.7497326
vt 0.7584597 0.8186743
vt 0.752399 0.8186743
vt 0.752399 0.8275582
vt 0.7584597 0.8275582
vt 0.759378 0.8186743
vt 0.752399 0.8346083
vt 0.759378 0.8275582
vt 0.7584597 0.8346083
vt 0.759378 0.8346083
vt 0.7584597 0.7830461
vt 0.752399 0.7830461
vt 0.752399 0.7900959
vt 0.7584597 0.7900959
vt 0.759378 0.7830461
vt 0.752399 0.7989798
vt 0.759378 0.7900959
vt 0.7584597 0.7989798
vt 0.752399 0.8088273
vt 0.759378 0.7989798
vt 0.7584597 0.8088273
vt 0.752399 0.8186743
vt 0.759378 0.8088273
vt 0.7584597 0.8186743
vt 0.759378 0.8186743
vt 0.7285721 0.8088269
vt 0.7346328 0.8088269
vt 0.7346328 0.7989795
vt 0.7285721 0.7989795
vt 0.7276539 0.8088269
vt 0.7346328 0.7900957
vt 0.7276539 0.7989795
vt 0.7285721 0.7900957
vt 0.7346328 0.7830459
vt 0.7276539 0.7900957
vt 0.7285721 0.7830459
vt 0.7276539 0.7830459
vt 0.7276539 0.8186741
vt 0.7285721 0.8088269
vt 0.7276539 0.8088269
vt 0.7285721 0.8186741
vt 0.7346328 0.8088269
vt 0.7276539 0.8275579
vt 0.7346328 0.8186741
vt 0.7285721 0.8275579
vt 0.7276539 0.8346078
vt 0.7346328 0.8275579
vt 0.7285721 0.8346078
vt 0.7346328 0.8346078
vt 0.3413652 0.7668877
vt 0.3355596 0.7668877
vt 0.3355596 0.7753974
vt 0.3413652 0.7753974
vt 0.3422448 0.7668877
vt 0.3422448 0.7753974
vt 0.3355596 0.7848305
vt 0.3413652 0.7848305
vt 0.3413652 0.7848305
vt 0.3355596 0.7848305
vt 0.3355596 0.7942634
vt 0.3413652 0.7942634
vt 0.3355596 0.8027731
vt 0.3413652 0.8027731
vt 0.3422448 0.7942634
vt 0.3422448 0.8027731
vt 0.3422448 0.7848305
vt 0.3422448 0.7753974
vt 0.3413652 0.7753974
vt 0.3116944 0.7753972
vt 0.3175 0.7753972
vt 0.3175 0.7668878
vt 0.3116944 0.7848302
vt 0.3175 0.7848302
vt 0.3116944 0.7942632
vt 0.3175 0.7942632
vt 0.3108149 0.7942632
vt 0.3108149 0.7848302
vt 0.3108149 0.8027726
vt 0.3116944 0.8027726
vt 0.3175 0.8027726
vt 0.3116944 0.7753972
vt 0.3175 0.7668878
vt 0.3116944 0.7668878
vt 0.3108149 0.7753972
vt 0.3108149 0.7668878
vt 0.3108149 0.7848302
vt 0.3116944 0.7848302
vt 0.6474743 0.4618616
vt 0.6507325 0.4608032
vt 0.6492762 0.4516088
vt 0.6458505 0.4516088
vt 0.6507325 0.4424149
vt 0.6521869 0.471111
vt 0.6549585 0.4690977
vt 0.6474743 0.4413565
vt 0.6549585 0.4341204
vt 0.6595272 0.4784515
vt 0.6615408 0.4756799
vt 0.6521871 0.4321069
vt 0.6615408 0.427538
vt 0.6687765 0.4831638
vt 0.6698351 0.4799057
vt 0.6595274 0.424767
vt 0.6698351 0.423312
vt 0.6790293 0.4847877
vt 0.6790293 0.4813623
vt 0.6687765 0.4200538
vt 0.6790293 0.4218561
vt 0.6892821 0.4831638
vt 0.6882236 0.4799057
vt 0.6790293 0.4184304
vt 0.6882236 0.423312
vt 0.6985313 0.4784515
vt 0.6965178 0.4756799
vt 0.6892821 0.4200538
vt 0.6965178 0.4275382
vt 0.7058715 0.471111
vt 0.7031001 0.4690977
vt 0.6985313 0.424767
vt 0.7031001 0.4341204
vt 0.7105842 0.4618616
vt 0.7073262 0.4608032
vt 0.7058715 0.4321069
vt 0.7073262 0.4424149
vt 0.7122082 0.4516091
vt 0.7087824 0.4516091
vt 0.7105842 0.4413565
vt 0.708643 0.4731248
vt 0.700545 0.4812227
vt 0.7138423 0.4629205
vt 0.7156337 0.4516091
vt 0.6903407 0.486422
vt 0.7138423 0.4402976
vt 0.708643 0.4300933
vt 0.6790292 0.4882134
vt 0.700545 0.4219954
vt 0.6677178 0.486422
vt 0.6903407 0.4167961
vt 0.6575137 0.4812227
vt 0.6790293 0.4150043
vt 0.6494156 0.4731245
vt 0.6677179 0.4167961
vt 0.6442162 0.4629205
vt 0.6575137 0.4219954
vt 0.6424246 0.4516088
vt 0.6494156 0.4300933
vt 0.6442162 0.4402976
vt 0.2581159 0.6255025
vt 0.2659042 0.6206683
vt 0.2646612 0.6189572
vt 0.2598268 0.6267455
vt 0.2539137 0.6337503
vt 0.2735622 0.6167665
vt 0.2729087 0.614755
vt 0.2559249 0.6344037
vt 0.2524656 0.6428924
vt 0.2820511 0.6154217
vt 0.2820511 0.6133072
vt 0.2545803 0.6428924
vt 0.2539137 0.6520349
vt 0.2559249 0.6513816
vt 0.2581159 0.6602827
vt 0.2598267 0.6590393
vt 0.2646611 0.6668278
vt 0.2659042 0.6651168
vt 0.2729087 0.6710298
vt 0.2735622 0.669019
vt 0.2820511 0.6724782
vt 0.2820511 0.6703633
vt 0.2911935 0.6710298
vt 0.2905401 0.669019
vt 0.2994411 0.6668278
vt 0.2905401 0.6167665
vt 0.2911935 0.614755
vt 0.298198 0.6651168
vt 0.3059863 0.6602827
vt 0.298198 0.6206683
vt 0.2994411 0.6189574
vt 0.3042755 0.6267455
vt 0.3059863 0.6255025
vt 0.3042755 0.6590393
vt 0.3101886 0.6520349
vt 0.3081773 0.6344037
vt 0.3101886 0.6337503
vt 0.3081773 0.6513816
vt 0.3116366 0.6428926
vt 0.3095218 0.6428926
vt 0.8631449 0.8999906
vt 0.8599723 0.9043575
vt 0.8647496 0.9091349
vt 0.8691164 0.9059621
vt 0.8556204 0.8961567
vt 0.8678165 0.9151548
vt 0.8539522 0.9012902
vt 0.8729503 0.9134868
vt 0.8472792 0.8948357
vt 0.8688735 0.9218278
vt 0.8472792 0.9002333
vt 0.8742714 0.9218278
vt 0.8389382 0.8961567
vt 0.8678167 0.9285008
vt 0.8406062 0.9012902
vt 0.8729503 0.9301688
vt 0.8314135 0.8999906
vt 0.8647496 0.9345204
vt 0.8345863 0.9043575
vt 0.8691164 0.9376932
vt 0.8254424 0.9059621
vt 0.8599723 0.9392979
vt 0.8298089 0.9091349
vt 0.8631449 0.9436648
vt 0.8216081 0.9134868
vt 0.8539522 0.9423653
vt 0.8267419 0.9151548
vt 0.8556204 0.9474987
vt 0.8202875 0.9218278
vt 0.8472794 0.9434223
vt 0.8256851 0.9218278
vt 0.8472794 0.9488197
vt 0.8216081 0.9301688
vt 0.8406062 0.9423653
vt 0.8267419 0.9285008
vt 0.8389382 0.9474987
vt 0.8254424 0.9376932
vt 0.8345863 0.9392981
vt 0.8298089 0.9345204
vt 0.8314139 0.9436648
vt 0.2885676 0.4495655
vt 0.2832161 0.4478267
vt 0.2794248 0.4552673
vt 0.2839771 0.4585746
vt 0.2901492 0.4395789
vt 0.2735202 0.4611721
vt 0.2845225 0.4395789
vt 0.2768275 0.4657242
vt 0.2885676 0.4295921
vt 0.2660795 0.4649631
vt 0.2832161 0.4313311
vt 0.2678185 0.4703146
vt 0.2839771 0.4205832
vt 0.2578317 0.4662695
vt 0.2794248 0.4238905
vt 0.2578317 0.4718963
vt 0.2768275 0.4134334
vt 0.2495841 0.4649631
vt 0.2735202 0.4179857
vt 0.2478451 0.4703144
vt 0.2678185 0.4088432
vt 0.2421435 0.4611721
vt 0.2660795 0.4141945
vt 0.238836 0.4657242
vt 0.2578319 0.4072616
vt 0.2362385 0.4552673
vt 0.2578319 0.4128881
vt 0.2316866 0.4585746
vt 0.2478451 0.4088432
vt 0.2324477 0.4478267
vt 0.2495841 0.4141945
vt 0.2270962 0.4495655
vt 0.238836 0.4134334
vt 0.2311413 0.4395789
vt 0.2421435 0.4179857
vt 0.2255145 0.4395789
vt 0.2316866 0.4205832
vt 0.2324477 0.4313309
vt 0.2362385 0.4238905
vt 0.2270962 0.4295921
usemtl Glass_White_Mat
f 1296/1296/1296 1295/1295/1295 1294/1294/1294
f 1295/1295/1295 1297/1297/1297 1294/1294/1294
f 1294/1294/1294 1297/1297/1297 1298/1298/1298
f 1297/1297/1297 1299/1299/1299 1298/1298/1298
f 1295/1295/1295 1300/1300/1300 1297/1297/1297
f 1297/1297/1297 1301/1301/1301 1299/1299/1299
f 1300/1300/1300 1301/1301/1301 1297/1297/1297
f 1301/1301/1301 1302/1302/1302 1299/1299/1299
f 1300/1300/1300 1303/1303/1303 1301/1301/1301
f 1304/1304/1304 1303/1303/1303 1300/1300/1300
f 1301/1301/1301 1305/1305/1305 1302/1302/1302
f 1303/1303/1303 1305/1305/1305 1301/1301/1301
f 1305/1305/1305 1306/1306/1306 1302/1302/1302
f 1305/1305/1305 1307/1307/1307 1306/1306/1306
f 1307/1307/1307 1308/1308/1308 1306/1306/1306
f 1303/1303/1303 1309/1309/1309 1305/1305/1305
f 1309/1309/1309 1307/1307/1307 1305/1305/1305
f 1307/1307/1307 1310/1310/1310 1308/1308/1308
f 1310/1310/1310 1311/1311/1311 1308/1308/1308
f 1312/1312/1312 1310/1310/1310 1307/1307/1307
f 1309/1309/1309 1312/1312/1312 1307/1307/1307
f 1313/1313/1313 1312/1312/1312 1309/1309/1309
f 1314/1314/1314 1309/1309/1309 1303/1303/1303
f 1314/1314/1314 1313/1313/1313 1309/1309/1309
f 1304/1304/1304 1314/1314/1314 1303/1303/1303
f 1315/1315/1315 1313/1313/1313 1314/1314/1314
f 1316/1316/1316 1315/1315/1315 1314/1314/1314
f 1316/1316/1316 1314/1314/1314 1304/1304/1304
f 1317/1317/1317 1316/1316/1316 1304/1304/1304
f 1320/1320/1320 1319/1319/1319 1318/1318/1318
f 1319/1319/1319 1321/1321/1321 1318/1318/1318
f 1318/1318/1318 1321/1321/1321 1322/1322/1322
f 1319/1319/1319 1323/1323/1323 1321/1321/1321
f 1321/1321/1321 1324/1324/1324 1322/1322/1322
f 1323/1323/1323 1325/1325/1325 1321/1321/1321
f 1321/1321/1321 1325/1325/1325 1324/1324/1324
f 1323/1323/1323 1326/1326/1326 1325/1325/1325
f 1325/1325/1325 1327/1327/1327 1324/1324/1324
f 1326/1326/1326 1328/1328/1328 1325/1325/1325
f 1325/1325/1325 1328/1328/1328 1327/1327/1327
f 1331/1331/1331 1330/1330/1330 1329/1329/1329
f 1331/1331/1331 1329/1329/1329 1332/1332/1332
f 1333/1333/1333 1331/1331/1331 1332/1332/1332
f 1333/1333/1333 1332/1332/1332 1334/1334/1334
f 1335/1335/1335 1333/1333/1333 1334/1334/1334
f 1338/1338/1338 1337/1337/1337 1336/1336/1336
f 1338/1338/1338 1339/1339/1339 1337/1337/1337
f 1340/1340/1340 1339/1339/1339 1338/1338/1338
f 1340/1340/1340 1341/1341/1341 1339/1339/1339
f 1341/1341/1341 1342/1342/1342 1339/1339/1339
f 1343/1343/1343 1341/1341/1341 1340/1340/1340
f 1344/1344/1344 1340/1340/1340 1338/1338/1338
f 1344/1344/1344 1338/1338/1338 1345/1345/1345
f 1346/1346/1346 1343/1343/1343 1340/1340/1340
f 1346/1346/1346 1340/1340/1340 1344/1344/1344
f 1347/1347/1347 1343/1343/1343 1346/1346/1346
f 1348/1348/1348 1347/1347/1347 1346/1346/1346
f 1348/1348/1348 1346/1346/1346 1349/1349/1349
f 1349/1349/1349 1346/1346/1346 1344/1344/1344
f 1350/1350/1350 1348/1348/1348 1349/1349/1349
f 1351/1351/1351 1344/1344/1344 1345/1345/1345
f 1349/1349/1349 1344/1344/1344 1351/1351/1351
f 1351/1351/1351 1345/1345/1345 1352/1352/1352
f 1350/1350/1350 1349/1349/1349 1353/1353/1353
f 1353/1353/1353 1349/1349/1349 1351/1351/1351
f 1354/1354/1354 1350/1350/1350 1353/1353/1353
f 1355/1355/1355 1351/1351/1351 1352/1352/1352
f 1353/1353/1353 1351/1351/1351 1355/1355/1355
f 1355/1355/1355 1352/1352/1352 1356/1356/1356
f 1357/1357/1357 1355/1355/1355 1356/1356/1356
f 1354/1354/1354 1353/1353/1353 1358/1358/1358
f 1358/1358/1358 1353/1353/1353 1355/1355/1355
f 1358/1358/1358 1355/1355/1355 1357/1357/1357
f 1359/1359/1359 1354/1354/1354 1358/1358/1358
f 1360/1360/1360 1358/1358/1358 1357/1357/1357
f 1359/1359/1359 1358/1358/1358 1360/1360/1360
f 1361/1361/1361 1359/1359/1359 1360/1360/1360
f 1364/1364/1364 1363/1363/1363 1362/1362/1362
f 1364/1364/1364 1365/1365/1365 1363/1363/1363
f 1366/1366/1366 1365/1365/1365 1364/1364/1364
f 1365/1365/1365 1367/1367/1367 1363/1363/1363
f 1363/1363/1363 1367/1367/1367 1368/1368/1368
f 1365/1365/1365 1369/1369/1369 1367/1367/1367
f 1370/1370/1370 1369/1369/1369 1365/1365/1365
f 1366/1366/1366 1370/1370/1370 1365/1365/1365
f 1370/1370/1370 1371/1371/1371 1369/1369/1369
f 1372/1372/1372 1371/1371/1371 1370/1370/1370
f 1373/1373/1373 1372/1372/1372 1370/1370/1370
f 1373/1373/1373 1370/1370/1370 1366/1366/1366
f 1374/1374/1374 1373/1373/1373 1366/1366/1366
f 1374/1374/1374 1366/1366/1366 1375/1375/1375
f 1376/1376/1376 1374/1374/1374 1375/1375/1375
f 1376/1376/1376 1375/1375/1375 1377/1377/1377
f 1378/1378/1378 1376/1376/1376 1377/1377/1377
f 1378/1378/1378 1377/1377/1377 1379/1379/1379
f 1380/1380/1380 1378/1378/1378 1379/1379/1379
f 1383/1383/1383 1382/1382/1382 1381/1381/1381
f 1383/1383/1383 1381/1381/1381 1384/1384/1384
f 1385/1385/1385 1383/1383/1383 1384/1384/1384
f 1384/1384/1384 1381/1381/1381 1386/1386/1386
f 1385/1385/1385 1384/1384/1384 1387/1387/1387
f 1388/1388/1388 1385/1385/1385 1387/1387/1387
f 1387/1387/1387 1384/1384/1384 1389/1389/1389
f 1384/1384/1384 1386/1386/1386 1389/1389/1389
f 1389/1389/1389 1386/1386/1386 1390/1390/1390
f 1386/1386/1386 1391/1391/1391 1390/1390/1390
f 1386/1386/1386 1392/1392/1392 1391/1391/1391
f 1392/1392/1392 1393/1393/1393 1391/1391/1391
f 1395/1395/1395 1394/1394/1394 1393/1393/1393
f 1395/1395/1395 1396/1396/1396 1394/1394/1394
f 1396/1396/1396 1397/1397/1397 1394/1394/1394
f 1398/1398/1398 1396/1396/1396 1395/1395/1395
f 1396/1396/1396 1399/1399/1399 1397/1397/1397
f 1399/1399/1399 1400/1400/1400 1397/1397/1397
f 1401/1401/1401 1399/1399/1399 1396/1396/1396
f 1398/1398/1398 1401/1401/1401 1396/1396/1396
f 1402/1402/1402 1401/1401/1401 1398/1398/1398
f 1405/1405/1405 1404/1404/1404 1403/1403/1403
f 1404/1404/1404 1406/1406/1406 1403/1403/1403
f 1403/1403/1403 1406/1406/1406 1407/1407/1407
f 1404/1404/1404 1408/1408/1408 1406/1406/1406
f 1406/1406/1406 1409/1409/1409 1407/1407/1407
f 1408/1408/1408 1410/1410/1410 1406/1406/1406
f 1406/1406/1406 1410/1410/1410 1409/1409/1409
f 1408/1408/1408 1411/1411/1411 1410/1410/1410
f 1410/1410/1410 1412/1412/1412 1409/1409/1409
f 1411/1411/1411 1413/1413/1413 1410/1410/1410
f 1410/1410/1410 1413/1413/1413 1412/1412/1412
f 1411/1411/1411 1414/1414/1414 1413/1413/1413
f 1413/1413/1413 1415/1415/1415 1412/1412/1412
f 1414/1414/1414 1416/1416/1416 1413/1413/1413
f 1413/1413/1413 1416/1416/1416 1415/1415/1415
f 1414/1414/1414 1417/1417/1417 1416/1416/1416
f 1416/1416/1416 1418/1418/1418 1415/1415/1415
f 1417/1417/1417 1419/1419/1419 1416/1416/1416
f 1416/1416/1416 1419/1419/1419 1418/1418/1418
f 1419/1419/1419 1420/1420/1420 1418/1418/1418
f 1423/1423/1423 1422/1422/1422 1421/1421/1421
f 1422/1422/1422 1424/1424/1424 1421/1421/1421
f 1421/1421/1421 1424/1424/1424 1425/1425/1425
f 1424/1424/1424 1426/1426/1426 1425/1425/1425
f 1422/1422/1422 1427/1427/1427 1424/1424/1424
f 1424/1424/1424 1428/1428/1428 1426/1426/1426
f 1427/1427/1427 1428/1428/1428 1424/1424/1424
f 1428/1428/1428 1429/1429/1429 1426/1426/1426
f 1428/1428/1428 1430/1430/1430 1429/1429/1429
f 1430/1430/1430 1431/1431/1431 1429/1429/1429
f 1427/1427/1427 1432/1432/1432 1428/1428/1428
f 1432/1432/1432 1430/1430/1430 1428/1428/1428
f 1430/1430/1430 1433/1433/1433 1431/1431/1431
f 1433/1433/1433 1434/1434/1434 1431/1431/1431
f 1433/1433/1433 1435/1435/1435 1434/1434/1434
f 1435/1435/1435 1436/1436/1436 1434/1434/1434
f 1437/1437/1437 1433/1433/1433 1430/1430/1430
f 1432/1432/1432 1437/1437/1437 1430/1430/1430
f 1438/1438/1438 1437/1437/1437 1432/1432/1432
f 1439/1439/1439 1438/1438/1438 1432/1432/1432
f 1439/1439/1439 1432/1432/1432 1427/1427/1427
f 1440/1440/1440 1439/1439/1439 1427/1427/1427
f 1443/1443/1443 1442/1442/1442 1441/1441/1441
f 1444/1444/1444 1443/1443/1443 1441/1441/1441
f 1444/1444/1444 1441/1441/1441 1445/1445/1445
f 1446/1446/1446 1444/1444/1444 1445/1445/1445
f 1447/1447/1447 1444/1444/1444 1446/1446/1446
f 1448/1448/1448 1447/1447/1447 1446/1446/1446
f 1449/1449/1449 1443/1443/1443 1444/1444/1444
f 1447/1447/1447 1449/1449/1449 1444/1444/1444
f 1450/1450/1450 1447/1447/1447 1448/1448/1448
f 1451/1451/1451 1450/1450/1450 1448/1448/1448
f 1452/1452/1452 1450/1450/1450 1451/1451/1451
f 1453/1453/1453 1452/1452/1452 1451/1451/1451
f 1452/1452/1452 1454/1454/1454 1450/1450/1450
f 1450/1450/1450 1455/1455/1455 1447/1447/1447
f 1454/1454/1454 1455/1455/1455 1450/1450/1450
f 1455/1455/1455 1449/1449/1449 1447/1447/1447
f 1454/1454/1454 1456/1456/1456 1455/1455/1455
f 1456/1456/1456 1457/1457/1457 1455/1455/1455
f 1455/1455/1455 1457/1457/1457 1449/1449/1449
f 1456/1456/1456 1458/1458/1458 1457/1457/1457
f 1449/1449/1449 1459/1459/1459 1443/1443/1443
f 1457/1457/1457 1459/1459/1459 1449/1449/1449
f 1459/1459/1459 1460/1460/1460 1443/1443/1443
f 1458/1458/1458 1461/1461/1461 1457/1457/1457
f 1457/1457/1457 1461/1461/1461 1459/1459/1459
f 1458/1458/1458 1462/1462/1462 1461/1461/1461
f 1462/1462/1462 1463/1463/1463 1461/1461/1461
f 1459/1459/1459 1464/1464/1464 1460/1460/1460
f 1461/1461/1461 1464/1464/1464 1459/1459/1459
f 1461/1461/1461 1463/1463/1463 1464/1464/1464
f 1463/1463/1463 1465/1465/1465 1464/1464/1464
f 1464/1464/1464 1466/1466/1466 1460/1460/1460
f 1464/1464/1464 1465/1465/1465 1466/1466/1466
f 1465/1465/1465 1467/1467/1467 1466/1466/1466
f 1466/1466/1466 1467/1467/1467 1468/1468/1468
f 1467/1467/1467 1469/1469/1469 1468/1468/1468
f 1468/1468/1468 1469/1469/1469 1470/1470/1470
f 1469/1469/1469 1471/1471/1471 1470/1470/1470
f 1474/1474/1474 1473/1473/1473 1472/1472/1472
f 1474/1474/1474 1475/1475/1475 1473/1473/1473
f 1475/1475/1475 1476/1476/1476 1473/1473/1473
f 1479/1479/1479 1478/1478/1478 1477/1477/1477
f 1480/1480/1480 1479/1479/1479 1477/1477/1477
f 1481/1481/1481 1479/1479/1479 1480/1480/1480
f 1482/1482/1482 1481/1481/1481 1480/1480/1480
f 1483/1483/1483 1481/1481/1481 1482/1482/1482
f 1484/1484/1484 1483/1483/1483 1482/1482/1482
f 1485/1485/1485 1483/1483/1483 1484/1484/1484
f 1486/1486/1486 1485/1485/1485 1484/1484/1484
f 1486/1486/1486 1484/1484/1484 1487/1487/1487
f 1488/1488/1488 1486/1486/1486 1487/1487/1487
f 1484/1484/1484 1482/1482/1482 1489/1489/1489
f 1487/1487/1487 1484/1484/1484 1489/1489/1489
f 1488/1488/1488 1487/1487/1487 1490/1490/1490
f 1491/1491/1491 1488/1488/1488 1490/1490/1490
f 1490/1490/1490 1487/1487/1487 1492/1492/1492
f 1487/1487/1487 1489/1489/1489 1492/1492/1492
f 1492/1492/1492 1489/1489/1489 1493/1493/1493
f 1489/1489/1489 1482/1482/1482 1494/1494/1494
f 1489/1489/1489 1494/1494/1494 1493/1493/1493
f 1482/1482/1482 1480/1480/1480 1494/1494/1494
f 1493/1493/1493 1494/1494/1494 1495/1495/1495
f 1494/1494/1494 1480/1480/1480 1496/1496/1496
f 1494/1494/1494 1496/1496/1496 1495/1495/1495
f 1495/1495/1495 1496/1496/1496 1497/1497/1497
f 1480/1480/1480 1477/1477/1477 1496/1496/1496
f 1496/1496/1496 1498/1498/1498 1497/1497/1497
f 1496/1496/1496 1477/1477/1477 1498/1498/1498
f 1477/1477/1477 1499/1499/1499 1498/1498/1498
f 1502/1502/1502 1501/1501/1501 1500/1500/1500
f 1501/1501/1501 1503/1503/1503 1500/1500/1500
f 1501/1501/1501 1504/1504/1504 1503/1503/1503
f 1504/1504/1504 1505/1505/1505 1503/1503/1503
f 1506/1506/1506 1504/1504/1504 1501/1501/1501
f 1507/1507/1507 1506/1506/1506 1501/1501/1501
f 1508/1508/1508 1506/1506/1506 1507/1507/1507
f 1509/1509/1509 1508/1508/1508 1507/1507/1507
f 1510/1510/1510 1508/1508/1508 1509/1509/1509
f 1511/1511/1511 1510/1510/1510 1509/1509/1509
f 1512/1512/1512 1510/1510/1510 1511/1511/1511
f 1513/1513/1513 1512/1512/1512 1511/1511/1511
f 1516/1516/1516 1515/1515/1515 1514/1514/1514
f 1516/1516/1516 1514/1514/1514 1517/1517/1517
f 1517/1517/1517 1514/1514/1514 1518/1518/1518
f 1514/1514/1514 1519/1519/1519 1518/1518/1518
f 1517/1517/1517 1518/1518/1518 1520/1520/1520
f 1521/1521/1521 1516/1516/1516 1517/1517/1517
f 1522/1522/1522 1516/1516/1516 1521/1521/1521
f 1523/1523/1523 1517/1517/1517 1520/1520/1520
f 1521/1521/1521 1517/1517/1517 1523/1523/1523
f 1523/1523/1523 1520/1520/1520 1524/1524/1524
f 1525/1525/1525 1522/1522/1522 1521/1521/1521
f 1526/1526/1526 1522/1522/1522 1525/1525/1525
f 1527/1527/1527 1523/1523/1523 1524/1524/1524
f 1527/1527/1527 1524/1524/1524 1528/1528/1528
f 1529/1529/1529 1527/1527/1527 1528/1528/1528
f 1530/1530/1530 1521/1521/1521 1523/1523/1523
f 1530/1530/1530 1523/1523/1523 1527/1527/1527
f 1525/1525/1525 1521/1521/1521 1530/1530/1530
f 1531/1531/1531 1527/1527/1527 1529/1529/1529
f 1531/1531/1531 1530/1530/1530 1527/1527/1527
f 1532/1532/1532 1531/1531/1531 1529/1529/1529
f 1533/1533/1533 1531/1531/1531 1532/1532/1532
f 1533/1533/1533 1534/1534/1534 1531/1531/1531
f 1534/1534/1534 1530/1530/1530 1531/1531/1531
f 1534/1534/1534 1525/1525/1525 1530/1530/1530
f 1535/1535/1535 1526/1526/1526 1525/1525/1525
f 1535/1535/1535 1525/1525/1525 1534/1534/1534
f 1536/1536/1536 1526/1526/1526 1535/1535/1535
f 1537/1537/1537 1535/1535/1535 1534/1534/1534
f 1538/1538/1538 1536/1536/1536 1535/1535/1535
f 1538/1538/1538 1535/1535/1535 1537/1537/1537
f 1539/1539/1539 1538/1538/1538 1537/1537/1537
f 1542/1542/1542 1541/1541/1541 1540/1540/1540
f 1543/1543/1543 1541/1541/1541 1542/1542/1542
f 1544/1544/1544 1543/1543/1543 1542/1542/1542
f 1543/1543/1543 1545/1545/1545 1541/1541/1541
f 1545/1545/1545 1546/1546/1546 1541/1541/1541
f 1547/1547/1547 1545/1545/1545 1543/1543/1543
f 1548/1548/1548 1547/1547/1547 1543/1543/1543
f 1548/1548/1548 1543/1543/1543 1544/1544/1544
f 1549/1549/1549 1548/1548/1548 1544/1544/1544
f 1552/1552/1552 1551/1551/1551 1550/1550/1550
f 1553/1553/1553 1551/1551/1551 1552/1552/1552
f 1554/1554/1554 1553/1553/1553 1552/1552/1552
f 1553/1553/1553 1555/1555/1555 1551/1551/1551
f 1555/1555/1555 1556/1556/1556 1551/1551/1551
f 1557/1557/1557 1553/1553/1553 1554/1554/1554
f 1558/1558/1558 1557/1557/1557 1554/1554/1554
f 1559/1559/1559 1557/1557/1557 1558/1558/1558
f 1560/1560/1560 1559/1559/1559 1558/1558/1558
f 1559/1559/1559 1561/1561/1561 1557/1557/1557
f 1557/1557/1557 1562/1562/1562 1553/1553/1553
f 1561/1561/1561 1562/1562/1562 1557/1557/1557
f 1562/1562/1562 1555/1555/1555 1553/1553/1553
f 1561/1561/1561 1563/1563/1563 1562/1562/1562
f 1563/1563/1563 1564/1564/1564 1562/1562/1562
f 1562/1562/1562 1564/1564/1564 1555/1555/1555
f 1564/1564/1564 1565/1565/1565 1555/1555/1555
f 1555/1555/1555 1565/1565/1565 1556/1556/1556
f 1565/1565/1565 1566/1566/1566 1556/1556/1556
f 1556/1556/1556 1566/1566/1566 1567/1567/1567
f 1556/1556/1556 1567/1567/1567 1568/1568/1568
f 1566/1566/1566 1569/1569/1569 1567/1567/1567
f 1568/1568/1568 1567/1567/1567 1570/1570/1570
f 1568/1568/1568 1570/1570/1570 1571/1571/1571
f 1567/1567/1567 1572/1572/1572 1570/1570/1570
f 1567/1567/1567 1569/1569/1569 1572/1572/1572
f 1569/1569/1569 1573/1573/1573 1572/1572/1572
f 1576/1576/1576 1575/1575/1575 1574/1574/1574
f 1576/1576/1576 1574/1574/1574 1577/1577/1577
f 1577/1577/1577 1574/1574/1574 1578/1578/1578
f 1577/1577/1577 1578/1578/1578 1579/1579/1579
f 1580/1580/1580 1577/1577/1577 1579/1579/1579
f 1581/1581/1581 1577/1577/1577 1580/1580/1580
f 1582/1582/1582 1581/1581/1581 1580/1580/1580
f 1583/1583/1583 1581/1581/1581 1582/1582/1582
f 1584/1584/1584 1583/1583/1583 1582/1582/1582
f 1585/1585/1585 1583/1583/1583 1584/1584/1584
f 1586/1586/1586 1585/1585/1585 1584/1584/1584
f 1587/1587/1587 1585/1585/1585 1586/1586/1586
f 1588/1588/1588 1587/1587/1587 1586/1586/1586
f 1591/1591/1591 1590/1590/1590 1589/1589/1589
f 1592/1592/1592 1591/1591/1591 1589/1589/1589
f 1592/1592/1592 1589/1589/1589 1593/1593/1593
f 1594/1594/1594 1592/1592/1592 1593/1593/1593
f 1595/1595/1595 1591/1591/1591 1592/1592/1592
f 1596/1596/1596 1592/1592/1592 1594/1594/1594
f 1596/1596/1596 1595/1595/1595 1592/1592/1592
f 1597/1597/1597 1595/1595/1595 1596/1596/1596
f 1598/1598/1598 1597/1597/1597 1596/1596/1596
f 1598/1598/1598 1596/1596/1596 1599/1599/1599
f 1600/1600/1600 1597/1597/1597 1598/1598/1598
f 1601/1601/1601 1598/1598/1598 1599/1599/1599
f 1602/1602/1602 1600/1600/1600 1598/1598/1598
f 1602/1602/1602 1598/1598/1598 1601/1601/1601
f 1603/1603/1603 1600/1600/1600 1602/1602/1602
f 1604/1604/1604 1602/1602/1602 1601/1601/1601
f 1605/1605/1605 1603/1603/1603 1602/1602/1602
f 1605/1605/1605 1602/1602/1602 1604/1604/1604
f 1606/1606/1606 1605/1605/1605 1604/1604/1604
f 1609/1609/1609 1608/1608/1608 1607/1607/1607
f 1610/1610/1610 1609/1609/1609 1607/1607/1607
f 1610/1610/1610 1607/1607/1607 1611/1611/1611
f 1612/1612/1612 1609/1609/1609 1610/1610/1610
f 1613/1613/1613 1610/1610/1610 1611/1611/1611
f 1613/1613/1613 1611/1611/1611 1614/1614/1614
f 1615/1615/1615 1613/1613/1613 1614/1614/1614
f 1616/1616/1616 1612/1612/1612 1610/1610/1610
f 1616/1616/1616 1610/1610/1610 1613/1613/1613
f 1617/1617/1617 1612/1612/1612 1616/1616/1616
f 1618/1618/1618 1613/1613/1613 1615/1615/1615
f 1618/1618/1618 1616/1616/1616 1613/1613/1613
f 1619/1619/1619 1618/1618/1618 1615/1615/1615
f 1620/1620/1620 1617/1617/1617 1616/1616/1616
f 1620/1620/1620 1616/1616/1616 1618/1618/1618
f 1621/1621/1621 1617/1617/1617 1620/1620/1620
f 1622/1622/1622 1618/1618/1618 1619/1619/1619
f 1622/1622/1622 1620/1620/1620 1618/1618/1618
f 1623/1623/1623 1622/1622/1622 1619/1619/1619
f 1624/1624/1624 1621/1621/1621 1620/1620/1620
f 1624/1624/1624 1620/1620/1620 1622/1622/1622
f 1625/1625/1625 1621/1621/1621 1624/1624/1624
f 1626/1626/1626 1625/1625/1625 1624/1624/1624
f 1627/1627/1627 1622/1622/1622 1623/1623/1623
f 1627/1627/1627 1624/1624/1624 1622/1622/1622
f 1626/1626/1626 1624/1624/1624 1627/1627/1627
f 1628/1628/1628 1627/1627/1627 1623/1623/1623
f 1629/1629/1629 1626/1626/1626 1627/1627/1627
f 1629/1629/1629 1627/1627/1627 1628/1628/1628
f 1630/1630/1630 1629/1629/1629 1628/1628/1628
f 1633/1633/1633 1632/1632/1632 1631/1631/1631
f 1634/1634/1634 1633/1633/1633 1631/1631/1631
f 1634/1634/1634 1631/1631/1631 1635/1635/1635
f 1636/1636/1636 1633/1633/1633 1634/1634/1634
f 1637/1637/1637 1634/1634/1634 1635/1635/1635
f 1637/1637/1637 1635/1635/1635 1638/1638/1638
f 1639/1639/1639 1637/1637/1637 1638/1638/1638
f 1640/1640/1640 1636/1636/1636 1634/1634/1634
f 1640/1640/1640 1634/1634/1634 1637/1637/1637
f 1641/1641/1641 1636/1636/1636 1640/1640/1640
f 1642/1642/1642 1637/1637/1637 1639/1639/1639
f 1642/1642/1642 1640/1640/1640 1637/1637/1637
f 1643/1643/1643 1642/1642/1642 1639/1639/1639
f 1644/1644/1644 1641/1641/1641 1640/1640/1640
f 1644/1644/1644 1640/1640/1640 1642/1642/1642
f 1645/1645/1645 1641/1641/1641 1644/1644/1644
f 1646/1646/1646 1642/1642/1642 1643/1643/1643
f 1646/1646/1646 1644/1644/1644 1642/1642/1642
f 1647/1647/1647 1646/1646/1646 1643/1643/1643
f 1648/1648/1648 1645/1645/1645 1644/1644/1644
f 1648/1648/1648 1644/1644/1644 1646/1646/1646
f 1649/1649/1649 1645/1645/1645 1648/1648/1648
f 1650/1650/1650 1649/1649/1649 1648/1648/1648
f 1651/1651/1651 1646/1646/1646 1647/1647/1647
f 1651/1651/1651 1648/1648/1648 1646/1646/1646
f 1650/1650/1650 1648/1648/1648 1651/1651/1651
f 1652/1652/1652 1651/1651/1651 1647/1647/1647
f 1653/1653/1653 1650/1650/1650 1651/1651/1651
f 1653/1653/1653 1651/1651/1651 1652/1652/1652
f 1654/1654/1654 1653/1653/1653 1652/1652/1652
usemtl HammeredMetal_AlbedoTransparency
f 1657/1657/1657 1656/1656/1656 1655/1655/1655
f 1660/1660/1660 1659/1659/1659 1658/1658/1658
f 1663/1663/1663 1662/1662/1662 1661/1661/1661
f 1666/1666/1666 1665/1665/1665 1664/1664/1664
f 1665/1665/1665 1667/1667/1667 1664/1664/1664
f 1665/1665/1665 1668/1668/1668 1667/1667/1667
f 1668/1668/1668 1669/1669/1669 1667/1667/1667
f 1667/1667/1667 1669/1669/1669 1670/1670/1670
f 1669/1669/1669 1671/1671/1671 1670/1670/1670
f 1670/1670/1670 1671/1671/1671 1672/1672/1672
f 1671/1671/1671 1673/1673/1673 1672/1672/1672
f 1672/1672/1672 1673/1673/1673 1674/1674/1674
f 1673/1673/1673 1675/1675/1675 1674/1674/1674
f 1678/1678/1678 1677/1677/1677 1676/1676/1676
f 1677/1677/1677 1679/1679/1679 1676/1676/1676
f 1676/1676/1676 1679/1679/1679 1680/1680/1680
f 1677/1677/1677 1681/1681/1681 1679/1679/1679
f 1679/1679/1679 1682/1682/1682 1680/1680/1680
f 1680/1680/1680 1682/1682/1682 1683/1683/1683
f 1681/1681/1681 1684/1684/1684 1679/1679/1679
f 1679/1679/1679 1684/1684/1684 1682/1682/1682
f 1681/1681/1681 1685/1685/1685 1684/1684/1684
f 1685/1685/1685 1686/1686/1686 1684/1684/1684
f 1684/1684/1684 1686/1686/1686 1687/1687/1687
f 1684/1684/1684 1687/1687/1687 1682/1682/1682
f 1686/1686/1686 1688/1688/1688 1687/1687/1687
f 1687/1687/1687 1688/1688/1688 1689/1689/1689
f 1682/1682/1682 1690/1690/1690 1683/1683/1683
f 1682/1682/1682 1687/1687/1687 1690/1690/1690
f 1687/1687/1687 1689/1689/1689 1690/1690/1690
f 1683/1683/1683 1690/1690/1690 1691/1691/1691
f 1690/1690/1690 1692/1692/1692 1691/1691/1691
f 1690/1690/1690 1689/1689/1689 1692/1692/1692
f 1689/1689/1689 1693/1693/1693 1692/1692/1692
f 1696/1696/1696 1695/1695/1695 1694/1694/1694
f 1695/1695/1695 1697/1697/1697 1694/1694/1694
f 1695/1695/1695 1698/1698/1698 1697/1697/1697
f 1694/1694/1694 1697/1697/1697 1699/1699/1699
f 1698/1698/1698 1700/1700/1700 1697/1697/1697
f 1698/1698/1698 1701/1701/1701 1700/1700/1700
f 1701/1701/1701 1702/1702/1702 1700/1700/1700
f 1697/1697/1697 1703/1703/1703 1699/1699/1699
f 1697/1697/1697 1700/1700/1700 1703/1703/1703
f 1700/1700/1700 1702/1702/1702 1704/1704/1704
f 1700/1700/1700 1704/1704/1704 1703/1703/1703
f 1702/1702/1702 1705/1705/1705 1704/1704/1704
f 1699/1699/1699 1703/1703/1703 1706/1706/1706
f 1699/1699/1699 1706/1706/1706 1707/1707/1707
f 1707/1707/1707 1706/1706/1706 1708/1708/1708
f 1706/1706/1706 1709/1709/1709 1708/1708/1708
f 1703/1703/1703 1710/1710/1710 1706/1706/1706
f 1706/1706/1706 1710/1710/1710 1709/1709/1709
f 1703/1703/1703 1704/1704/1704 1710/1710/1710
f 1710/1710/1710 1711/1711/1711 1709/1709/1709
f 1704/1704/1704 1705/1705/1705 1712/1712/1712
f 1704/1704/1704 1712/1712/1712 1710/1710/1710
f 1710/1710/1710 1712/1712/1712 1711/1711/1711
f 1705/1705/1705 1713/1713/1713 1712/1712/1712
f 1712/1712/1712 1714/1714/1714 1711/1711/1711
f 1712/1712/1712 1713/1713/1713 1714/1714/1714
f 1713/1713/1713 1715/1715/1715 1714/1714/1714
f 1718/1718/1718 1717/1717/1717 1716/1716/1716
f 1717/1717/1717 1719/1719/1719 1716/1716/1716
f 1716/1716/1716 1719/1719/1719 1720/1720/1720
f 1717/1717/1717 1721/1721/1721 1719/1719/1719
f 1719/1719/1719 1722/1722/1722 1720/1720/1720
f 1720/1720/1720 1722/1722/1722 1723/1723/1723
f 1721/1721/1721 1724/1724/1724 1719/1719/1719
f 1719/1719/1719 1724/1724/1724 1722/1722/1722
f 1721/1721/1721 1725/1725/1725 1724/1724/1724
f 1725/1725/1725 1726/1726/1726 1724/1724/1724
f 1725/1725/1725 1727/1727/1727 1726/1726/1726
f 1724/1724/1724 1726/1726/1726 1728/1728/1728
f 1724/1724/1724 1728/1728/1728 1722/1722/1722
f 1722/1722/1722 1728/1728/1728 1729/1729/1729
f 1722/1722/1722 1729/1729/1729 1723/1723/1723
f 1723/1723/1723 1729/1729/1729 1730/1730/1730
f 1729/1729/1729 1731/1731/1731 1730/1730/1730
f 1734/1734/1734 1733/1733/1733 1732/1732/1732
f 1732/1732/1732 1733/1733/1733 1735/1735/1735
f 1733/1733/1733 1736/1736/1736 1735/1735/1735
f 1732/1732/1732 1735/1735/1735 1737/1737/1737
f 1735/1735/1735 1736/1736/1736 1738/1738/1738
f 1736/1736/1736 1739/1739/1739 1738/1738/1738
f 1737/1737/1737 1735/1735/1735 1740/1740/1740
f 1735/1735/1735 1738/1738/1738 1740/1740/1740
f 1737/1737/1737 1740/1740/1740 1741/1741/1741
f 1741/1741/1741 1740/1740/1740 1742/1742/1742
f 1740/1740/1740 1743/1743/1743 1742/1742/1742
f 1740/1740/1740 1738/1738/1738 1743/1743/1743
f 1738/1738/1738 1744/1744/1744 1743/1743/1743
f 1738/1738/1738 1739/1739/1739 1744/1744/1744
f 1739/1739/1739 1745/1745/1745 1744/1744/1744
f 1748/1748/1748 1747/1747/1747 1746/1746/1746
f 1747/1747/1747 1749/1749/1749 1746/1746/1746
f 1746/1746/1746 1749/1749/1749 1750/1750/1750
f 1747/1747/1747 1751/1751/1751 1749/1749/1749
f 1751/1751/1751 1752/1752/1752 1749/1749/1749
f 1751/1751/1751 1753/1753/1753 1752/1752/1752
f 1749/1749/1749 1752/1752/1752 1754/1754/1754
f 1749/1749/1749 1754/1754/1754 1750/1750/1750
f 1750/1750/1750 1754/1754/1754 1755/1755/1755
f 1754/1754/1754 1756/1756/1756 1755/1755/1755
f 1755/1755/1755 1756/1756/1756 1757/1757/1757
f 1754/1754/1754 1758/1758/1758 1756/1756/1756
f 1756/1756/1756 1759/1759/1759 1757/1757/1757
f 1758/1758/1758 1760/1760/1760 1756/1756/1756
f 1756/1756/1756 1760/1760/1760 1759/1759/1759
f 1760/1760/1760 1761/1761/1761 1759/1759/1759
f 1764/1764/1764 1763/1763/1763 1762/1762/1762
f 1764/1764/1764 1765/1765/1765 1763/1763/1763
f 1766/1766/1766 1765/1765/1765 1764/1764/1764
f 1766/1766/1766 1767/1767/1767 1765/1765/1765
f 1765/1765/1765 1768/1768/1768 1763/1763/1763
f 1763/1763/1763 1768/1768/1768 1769/1769/1769
f 1767/1767/1767 1770/1770/1770 1765/1765/1765
f 1765/1765/1765 1770/1770/1770 1768/1768/1768
f 1767/1767/1767 1771/1771/1771 1770/1770/1770
f 1768/1768/1768 1772/1772/1772 1769/1769/1769
f 1769/1769/1769 1772/1772/1772 1773/1773/1773
f 1772/1772/1772 1774/1774/1774 1773/1773/1773
f 1771/1771/1771 1775/1775/1775 1770/1770/1770
f 1771/1771/1771 1776/1776/1776 1775/1775/1775
f 1776/1776/1776 1777/1777/1777 1775/1775/1775
f 1770/1770/1770 1778/1778/1778 1768/1768/1768
f 1768/1768/1768 1778/1778/1778 1772/1772/1772
f 1770/1770/1770 1775/1775/1775 1778/1778/1778
f 1772/1772/1772 1779/1779/1779 1774/1774/1774
f 1778/1778/1778 1779/1779/1779 1772/1772/1772
f 1779/1779/1779 1780/1780/1780 1774/1774/1774
f 1778/1778/1778 1781/1781/1781 1779/1779/1779
f 1775/1775/1775 1781/1781/1781 1778/1778/1778
f 1775/1775/1775 1777/1777/1777 1781/1781/1781
f 1777/1777/1777 1782/1782/1782 1781/1781/1781
f 1785/1785/1785 1784/1784/1784 1783/1783/1783
f 1784/1784/1784 1786/1786/1786 1783/1783/1783
f 1784/1784/1784 1787/1787/1787 1786/1786/1786
f 1787/1787/1787 1788/1788/1788 1786/1786/1786
f 1786/1786/1786 1788/1788/1788 1789/1789/1789
f 1786/1786/1786 1789/1789/1789 1790/1790/1790
f 1790/1790/1790 1789/1789/1789 1791/1791/1791
f 1788/1788/1788 1792/1792/1792 1789/1789/1789
f 1788/1788/1788 1793/1793/1793 1792/1792/1792
f 1793/1793/1793 1794/1794/1794 1792/1792/1792
f 1789/1789/1789 1795/1795/1795 1791/1791/1791
f 1789/1789/1789 1792/1792/1792 1795/1795/1795
f 1791/1791/1791 1795/1795/1795 1796/1796/1796
f 1795/1795/1795 1797/1797/1797 1796/1796/1796
f 1792/1792/1792 1794/1794/1794 1798/1798/1798
f 1792/1792/1792 1798/1798/1798 1795/1795/1795
f 1795/1795/1795 1798/1798/1798 1797/1797/1797
f 1794/1794/1794 1799/1799/1799 1798/1798/1798
f 1798/1798/1798 1800/1800/1800 1797/1797/1797
f 1798/1798/1798 1799/1799/1799 1800/1800/1800
f 1799/1799/1799 1801/1801/1801 1800/1800/1800
f 1804/1804/1804 1803/1803/1803 1802/1802/1802
f 1805/1805/1805 1804/1804/1804 1802/1802/1802
f 1806/1806/1806 1804/1804/1804 1805/1805/1805
f 1807/1807/1807 1806/1806/1806 1805/1805/1805
f 1808/1808/1808 1806/1806/1806 1807/1807/1807
f 1809/1809/1809 1808/1808/1808 1807/1807/1807
f 1810/1810/1810 1808/1808/1808 1809/1809/1809
f 1811/1811/1811 1810/1810/1810 1809/1809/1809
f 1812/1812/1812 1810/1810/1810 1811/1811/1811
f 1813/1813/1813 1812/1812/1812 1811/1811/1811
f 1814/1814/1814 1812/1812/1812 1813/1813/1813
f 1815/1815/1815 1814/1814/1814 1813/1813/1813
f 1816/1816/1816 1814/1814/1814 1815/1815/1815
f 1817/1817/1817 1816/1816/1816 1815/1815/1815
f 1818/1818/1818 1816/1816/1816 1817/1817/1817
f 1819/1819/1819 1818/1818/1818 1817/1817/1817
f 1820/1820/1820 1818/1818/1818 1819/1819/1819
f 1821/1821/1821 1820/1820/1820 1819/1819/1819
f 1822/1822/1822 1820/1820/1820 1821/1821/1821
f 1823/1823/1823 1822/1822/1822 1821/1821/1821
f 1824/1824/1824 1822/1822/1822 1823/1823/1823
f 1825/1825/1825 1824/1824/1824 1823/1823/1823
f 1826/1826/1826 1824/1824/1824 1825/1825/1825
f 1827/1827/1827 1826/1826/1826 1825/1825/1825
f 1828/1828/1828 1826/1826/1826 1827/1827/1827
f 1829/1829/1829 1828/1828/1828 1827/1827/1827
f 1830/1830/1830 1828/1828/1828 1829/1829/1829
f 1831/1831/1831 1830/1830/1830 1829/1829/1829
f 1832/1832/1832 1830/1830/1830 1831/1831/1831
f 1833/1833/1833 1832/1832/1832 1831/1831/1831
f 1834/1834/1834 1832/1832/1832 1833/1833/1833
f 1835/1835/1835 1834/1834/1834 1833/1833/1833
f 1836/1836/1836 1834/1834/1834 1835/1835/1835
f 1837/1837/1837 1836/1836/1836 1835/1835/1835
f 1838/1838/1838 1836/1836/1836 1837/1837/1837
f 1839/1839/1839 1838/1838/1838 1837/1837/1837
f 1842/1842/1842 1841/1841/1841 1840/1840/1840
f 1841/1841/1841 1843/1843/1843 1840/1840/1840
f 1840/1840/1840 1843/1843/1843 1844/1844/1844
f 1843/1843/1843 1845/1845/1845 1844/1844/1844
f 1848/1848/1848 1847/1847/1847 1846/1846/1846
f 1849/1849/1849 1848/1848/1848 1846/1846/1846
f 1849/1849/1849 1846/1846/1846 1850/1850/1850
f 1851/1851/1851 1848/1848/1848 1849/1849/1849
f 1852/1852/1852 1849/1849/1849 1850/1850/1850
f 1853/1853/1853 1851/1851/1851 1849/1849/1849
f 1853/1853/1853 1849/1849/1849 1852/1852/1852
f 1856/1856/1856 1855/1855/1855 1854/1854/1854
f 1857/1857/1857 1855/1855/1855 1856/1856/1856
f 1858/1858/1858 1857/1857/1857 1856/1856/1856
f 1859/1859/1859 1857/1857/1857 1858/1858/1858
f 1860/1860/1860 1859/1859/1859 1858/1858/1858
f 1861/1861/1861 1859/1859/1859 1860/1860/1860
f 1862/1862/1862 1861/1861/1861 1860/1860/1860
f 1863/1863/1863 1861/1861/1861 1862/1862/1862
f 1864/1864/1864 1863/1863/1863 1862/1862/1862
f 1865/1865/1865 1863/1863/1863 1864/1864/1864
f 1866/1866/1866 1865/1865/1865 1864/1864/1864
f 1869/1869/1869 1868/1868/1868 1867/1867/1867
f 1867/1867/1867 1868/1868/1868 1870/1870/1870
f 1868/1868/1868 1871/1871/1871 1870/1870/1870
f 1870/1870/1870 1871/1871/1871 1872/1872/1872
f 1871/1871/1871 1873/1873/1873 1872/1872/1872
f 1872/1872/1872 1873/1873/1873 1874/1874/1874
f 1873/1873/1873 1875/1875/1875 1874/1874/1874
f 1878/1878/1878 1877/1877/1877 1876/1876/1876
f 1877/1877/1877 1879/1879/1879 1876/1876/1876
f 1876/1876/1876 1879/1879/1879 1880/1880/1880
f 1879/1879/1879 1881/1881/1881 1880/1880/1880
f 1879/1879/1879 1882/1882/1882 1881/1881/1881
f 1880/1880/1880 1881/1881/1881 1883/1883/1883
f 1882/1882/1882 1884/1884/1884 1881/1881/1881
f 1881/1881/1881 1885/1885/1885 1883/1883/1883
f 1881/1881/1881 1884/1884/1884 1885/1885/1885
f 1883/1883/1883 1885/1885/1885 1886/1886/1886
f 1884/1884/1884 1887/1887/1887 1885/1885/1885
f 1885/1885/1885 1888/1888/1888 1886/1886/1886
f 1885/1885/1885 1887/1887/1887 1888/1888/1888
f 1887/1887/1887 1889/1889/1889 1888/1888/1888
f 1892/1892/1892 1891/1891/1891 1890/1890/1890
f 1891/1891/1891 1893/1893/1893 1890/1890/1890
f 1891/1891/1891 1894/1894/1894 1893/1893/1893
f 1897/1897/1897 1896/1896/1896 1895/1895/1895
f 1898/1898/1898 1896/1896/1896 1897/1897/1897
f 1899/1899/1899 1898/1898/1898 1897/1897/1897
f 1900/1900/1900 1898/1898/1898 1899/1899/1899
f 1900/1900/1900 1901/1901/1901 1898/1898/1898
f 1901/1901/1901 1902/1902/1902 1898/1898/1898
f 1898/1898/1898 1902/1902/1902 1896/1896/1896
f 1902/1902/1902 1903/1903/1903 1896/1896/1896
f 1896/1896/1896 1903/1903/1903 1904/1904/1904
f 1903/1903/1903 1905/1905/1905 1904/1904/1904
f 1908/1908/1908 1907/1907/1907 1906/1906/1906
f 1906/1906/1906 1907/1907/1907 1909/1909/1909
f 1907/1907/1907 1910/1910/1910 1909/1909/1909
f 1907/1907/1907 1911/1911/1911 1910/1910/1910
f 1911/1911/1911 1912/1912/1912 1910/1910/1910
f 1915/1915/1915 1914/1914/1914 1913/1913/1913
f 1914/1914/1914 1916/1916/1916 1913/1913/1913
f 1913/1913/1913 1916/1916/1916 1917/1917/1917
f 1916/1916/1916 1918/1918/1918 1917/1917/1917
f 1917/1917/1917 1918/1918/1918 1919/1919/1919
f 1918/1918/1918 1920/1920/1920 1919/1919/1919
f 1919/1919/1919 1920/1920/1920 1921/1921/1921
f 1920/1920/1920 1922/1922/1922 1921/1921/1921
f 1921/1921/1921 1922/1922/1922 1923/1923/1923
f 1922/1922/1922 1924/1924/1924 1923/1923/1923
f 1923/1923/1923 1924/1924/1924 1925/1925/1925
f 1924/1924/1924 1926/1926/1926 1925/1925/1925
f 1925/1925/1925 1926/1926/1926 1927/1927/1927
f 1930/1930/1930 1929/1929/1929 1928/1928/1928
f 1928/1928/1928 1929/1929/1929 1931/1931/1931
f 1929/1929/1929 1932/1932/1932 1931/1931/1931
f 1931/1931/1931 1932/1932/1932 1933/1933/1933
f 1932/1932/1932 1934/1934/1934 1933/1933/1933
f 1933/1933/1933 1934/1934/1934 1935/1935/1935
f 1934/1934/1934 1936/1936/1936 1935/1935/1935
f 1935/1935/1935 1936/1936/1936 1937/1937/1937
f 1936/1936/1936 1938/1938/1938 1937/1937/1937
f 1941/1941/1941 1940/1940/1940 1939/1939/1939
f 1940/1940/1940 1942/1942/1942 1939/1939/1939
f 1939/1939/1939 1942/1942/1942 1943/1943/1943
f 1942/1942/1942 1944/1944/1944 1943/1943/1943
f 1942/1942/1942 1945/1945/1945 1944/1944/1944
f 1945/1945/1945 1946/1946/1946 1944/1944/1944
f 1940/1940/1940 1947/1947/1947 1942/1942/1942
f 1947/1947/1947 1945/1945/1945 1942/1942/1942
f 1948/1948/1948 1947/1947/1947 1940/1940/1940
f 1949/1949/1949 1948/1948/1948 1940/1940/1940
f 1948/1948/1948 1950/1950/1950 1947/1947/1947
f 1950/1950/1950 1951/1951/1951 1947/1947/1947
f 1947/1947/1947 1951/1951/1951 1945/1945/1945
f 1951/1951/1951 1952/1952/1952 1945/1945/1945
f 1955/1955/1955 1954/1954/1954 1953/1953/1953
f 1956/1956/1956 1955/1955/1955 1953/1953/1953
f 1957/1957/1957 1955/1955/1955 1956/1956/1956
f 1958/1958/1958 1957/1957/1957 1956/1956/1956
f 1957/1957/1957 1959/1959/1959 1955/1955/1955
f 1959/1959/1959 1960/1960/1960 1955/1955/1955
f 1961/1961/1961 1957/1957/1957 1958/1958/1958
f 1962/1962/1962 1961/1961/1961 1958/1958/1958
f 1963/1963/1963 1959/1959/1959 1957/1957/1957
f 1961/1961/1961 1963/1963/1963 1957/1957/1957
f 1963/1963/1963 1964/1964/1964 1959/1959/1959
f 1964/1964/1964 1965/1965/1965 1959/1959/1959
f 1966/1966/1966 1963/1963/1963 1961/1961/1961
f 1967/1967/1967 1961/1961/1961 1962/1962/1962
f 1967/1967/1967 1966/1966/1966 1961/1961/1961
f 1968/1968/1968 1966/1966/1966 1967/1967/1967
f 1969/1969/1969 1967/1967/1967 1962/1962/1962
f 1970/1970/1970 1968/1968/1968 1967/1967/1967
f 1970/1970/1970 1967/1967/1967 1969/1969/1969
f 1971/1971/1971 1970/1970/1970 1969/1969/1969
f 1974/1974/1974 1973/1973/1973 1972/1972/1972
f 1973/1973/1973 1975/1975/1975 1972/1972/1972
f 1972/1972/1972 1975/1975/1975 1976/1976/1976
f 1973/1973/1973 1977/1977/1977 1975/1975/1975
f 1975/1975/1975 1978/1978/1978 1976/1976/1976
f 1977/1977/1977 1979/1979/1979 1975/1975/1975
f 1975/1975/1975 1979/1979/1979 1978/1978/1978
f 1979/1979/1979 1980/1980/1980 1978/1978/1978
f 1983/1983/1983 1982/1982/1982 1981/1981/1981
f 1982/1982/1982 1984/1984/1984 1981/1981/1981
f 1987/1987/1987 1986/1986/1986 1985/1985/1985
f 1988/1988/1988 1987/1987/1987 1985/1985/1985
f 1988/1988/1988 1985/1985/1985 1989/1989/1989
f 1990/1990/1990 1987/1987/1987 1988/1988/1988
f 1991/1991/1991 1988/1988/1988 1989/1989/1989
f 1992/1992/1992 1990/1990/1990 1988/1988/1988
f 1992/1992/1992 1988/1988/1988 1991/1991/1991
f 1993/1993/1993 1992/1992/1992 1991/1991/1991
f 1994/1994/1994 1990/1990/1990 1992/1992/1992
f 1995/1995/1995 1992/1992/1992 1993/1993/1993
f 1995/1995/1995 1994/1994/1994 1992/1992/1992
f 1996/1996/1996 1995/1995/1995 1993/1993/1993
f 1997/1997/1997 1995/1995/1995 1996/1996/1996
f 1998/1998/1998 1997/1997/1997 1996/1996/1996
f 1999/1999/1999 1994/1994/1994 1995/1995/1995
f 1997/1997/1997 1999/1999/1999 1995/1995/1995
f 1999/1999/1999 2000/2000/2000 1994/1994/1994
f 2000/2000/2000 2001/2001/2001 1994/1994/1994
f 2002/2002/2002 1999/1999/1999 1997/1997/1997
f 2003/2003/2003 1997/1997/1997 1998/1998/1998
f 2003/2003/2003 2002/2002/2002 1997/1997/1997
f 2004/2004/2004 2003/2003/2003 1998/1998/1998
f 2005/2005/2005 2002/2002/2002 2003/2003/2003
f 2006/2006/2006 2003/2003/2003 2004/2004/2004
f 2006/2006/2006 2005/2005/2005 2003/2003/2003
f 2009/2009/2009 2008/2008/2008 2007/2007/2007
f 2008/2008/2008 2010/2010/2010 2007/2007/2007
f 2007/2007/2007 2010/2010/2010 2011/2011/2011
f 2008/2008/2008 2012/2012/2012 2010/2010/2010
f 2013/2013/2013 2012/2012/2012 2008/2008/2008
f 2012/2012/2012 2014/2014/2014 2010/2010/2010
f 2010/2010/2010 2015/2015/2015 2011/2011/2011
f 2010/2010/2010 2014/2014/2014 2015/2015/2015
f 2011/2011/2011 2015/2015/2015 2016/2016/2016
f 2014/2014/2014 2017/2017/2017 2015/2015/2015
f 2015/2015/2015 2018/2018/2018 2016/2016/2016
f 2015/2015/2015 2017/2017/2017 2018/2018/2018
f 2017/2017/2017 2019/2019/2019 2018/2018/2018
f 2022/2022/2022 2021/2021/2021 2020/2020/2020
f 2023/2023/2023 2021/2021/2021 2022/2022/2022
f 2024/2024/2024 2023/2023/2023 2022/2022/2022
f 2024/2024/2024 2022/2022/2022 2025/2025/2025
f 2026/2026/2026 2023/2023/2023 2024/2024/2024
f 2027/2027/2027 2024/2024/2024 2025/2025/2025
f 2028/2028/2028 2026/2026/2026 2024/2024/2024
f 2028/2028/2028 2024/2024/2024 2027/2027/2027
f 2029/2029/2029 2028/2028/2028 2027/2027/2027
f 2032/2032/2032 2031/2031/2031 2030/2030/2030
f 2031/2031/2031 2033/2033/2033 2030/2030/2030
f 2031/2031/2031 2034/2034/2034 2033/2033/2033
f 2030/2030/2030 2033/2033/2033 2035/2035/2035
f 2034/2034/2034 2036/2036/2036 2033/2033/2033
f 2033/2033/2033 2037/2037/2037 2035/2035/2035
f 2033/2033/2033 2036/2036/2036 2037/2037/2037
f 2036/2036/2036 2038/2038/2038 2037/2037/2037
f 2035/2035/2035 2037/2037/2037 2039/2039/2039
f 2037/2037/2037 2038/2038/2038 2040/2040/2040
f 2037/2037/2037 2040/2040/2040 2039/2039/2039
f 2039/2039/2039 2040/2040/2040 2041/2041/2041
f 2044/2044/2044 2043/2043/2043 2042/2042/2042
f 2043/2043/2043 2045/2045/2045 2042/2042/2042
f 2043/2043/2043 2046/2046/2046 2045/2045/2045
f 2046/2046/2046 2047/2047/2047 2045/2045/2045
f 2050/2050/2050 2049/2049/2049 2048/2048/2048
f 2049/2049/2049 2051/2051/2051 2048/2048/2048
f 2049/2049/2049 2052/2052/2052 2051/2051/2051
f 2052/2052/2052 2053/2053/2053 2051/2051/2051
f 2048/2048/2048 2051/2051/2051 2054/2054/2054
f 2048/2048/2048 2054/2054/2054 2055/2055/2055
f 2051/2051/2051 2053/2053/2053 2056/2056/2056
f 2051/2051/2051 2056/2056/2056 2054/2054/2054
f 2053/2053/2053 2057/2057/2057 2056/2056/2056
f 2055/2055/2055 2054/2054/2054 2058/2058/2058
f 2055/2055/2055 2058/2058/2058 2059/2059/2059
f 2054/2054/2054 2060/2060/2060 2058/2058/2058
f 2054/2054/2054 2056/2056/2056 2060/2060/2060
f 2056/2056/2056 2061/2061/2061 2060/2060/2060
f 2056/2056/2056 2057/2057/2057 2061/2061/2061
f 2057/2057/2057 2062/2062/2062 2061/2061/2061
f 2065/2065/2065 2064/2064/2064 2063/2063/2063
f 2066/2066/2066 2065/2065/2065 2063/2063/2063
f 2069/2069/2069 2068/2068/2068 2067/2067/2067
f 2068/2068/2068 2070/2070/2070 2067/2067/2067
f 2073/2073/2073 2072/2072/2072 2071/2071/2071
f 2074/2074/2074 2072/2072/2072 2073/2073/2073
f 2075/2075/2075 2074/2074/2074 2073/2073/2073
f 2076/2076/2076 2074/2074/2074 2075/2075/2075
f 2077/2077/2077 2076/2076/2076 2075/2075/2075
f 2078/2078/2078 2076/2076/2076 2077/2077/2077
f 2081/2081/2081 2080/2080/2080 2079/2079/2079
f 2082/2082/2082 2080/2080/2080 2081/2081/2081
f 2083/2083/2083 2082/2082/2082 2081/2081/2081
f 2084/2084/2084 2082/2082/2082 2083/2083/2083
f 2085/2085/2085 2084/2084/2084 2083/2083/2083
f 2086/2086/2086 2084/2084/2084 2085/2085/2085
f 2087/2087/2087 2086/2086/2086 2085/2085/2085
f 2088/2088/2088 2086/2086/2086 2087/2087/2087
f 2089/2089/2089 2088/2088/2088 2087/2087/2087
f 2090/2090/2090 2088/2088/2088 2089/2089/2089
f 2091/2091/2091 2090/2090/2090 2089/2089/2089
f 2092/2092/2092 2090/2090/2090 2091/2091/2091
f 2093/2093/2093 2092/2092/2092 2091/2091/2091
f 2094/2094/2094 2092/2092/2092 2093/2093/2093
f 2095/2095/2095 2094/2094/2094 2093/2093/2093
f 2096/2096/2096 2094/2094/2094 2095/2095/2095
f 2097/2097/2097 2096/2096/2096 2095/2095/2095
f 2098/2098/2098 2096/2096/2096 2097/2097/2097
f 2099/2099/2099 2098/2098/2098 2097/2097/2097
f 2100/2100/2100 2098/2098/2098 2099/2099/2099
f 2101/2101/2101 2100/2100/2100 2099/2099/2099
f 2102/2102/2102 2100/2100/2100 2101/2101/2101
f 2103/2103/2103 2102/2102/2102 2101/2101/2101
f 2104/2104/2104 2102/2102/2102 2103/2103/2103
f 2105/2105/2105 2104/2104/2104 2103/2103/2103
f 2106/2106/2106 2104/2104/2104 2105/2105/2105
f 2107/2107/2107 2106/2106/2106 2105/2105/2105
f 2108/2108/2108 2106/2106/2106 2107/2107/2107
f 2109/2109/2109 2108/2108/2108 2107/2107/2107
f 2110/2110/2110 2108/2108/2108 2109/2109/2109
f 2111/2111/2111 2110/2110/2110 2109/2109/2109
f 2112/2112/2112 2110/2110/2110 2111/2111/2111
f 2113/2113/2113 2112/2112/2112 2111/2111/2111
f 2114/2114/2114 2112/2112/2112 2113/2113/2113
f 2102/2102/2102 2115/2115/2115 2100/2100/2100
f 2115/2115/2115 2116/2116/2116 2100/2100/2100
f 2117/2117/2117 2115/2115/2115 2102/2102/2102
f 2104/2104/2104 2117/2117/2117 2102/2102/2102
f 2100/2100/2100 2116/2116/2116 2098/2098/2098
f 2118/2118/2118 2117/2117/2117 2104/2104/2104
f 2116/2116/2116 2119/2119/2119 2098/2098/2098
f 2106/2106/2106 2118/2118/2118 2104/2104/2104
f 2098/2098/2098 2119/2119/2119 2096/2096/2096
f 2120/2120/2120 2118/2118/2118 2106/2106/2106
f 2119/2119/2119 2121/2121/2121 2096/2096/2096
f 2108/2108/2108 2120/2120/2120 2106/2106/2106
f 2096/2096/2096 2121/2121/2121 2094/2094/2094
f 2122/2122/2122 2120/2120/2120 2108/2108/2108
f 2121/2121/2121 2123/2123/2123 2094/2094/2094
f 2110/2110/2110 2122/2122/2122 2108/2108/2108
f 2094/2094/2094 2123/2123/2123 2092/2092/2092
f 2124/2124/2124 2122/2122/2122 2110/2110/2110
f 2123/2123/2123 2125/2125/2125 2092/2092/2092
f 2112/2112/2112 2124/2124/2124 2110/2110/2110
f 2092/2092/2092 2125/2125/2125 2090/2090/2090
f 2126/2126/2126 2124/2124/2124 2112/2112/2112
f 2125/2125/2125 2127/2127/2127 2090/2090/2090
f 2114/2114/2114 2126/2126/2126 2112/2112/2112
f 2090/2090/2090 2127/2127/2127 2088/2088/2088
f 2128/2128/2128 2126/2126/2126 2114/2114/2114
f 2127/2127/2127 2129/2129/2129 2088/2088/2088
f 2130/2130/2130 2128/2128/2128 2114/2114/2114
f 2088/2088/2088 2129/2129/2129 2086/2086/2086
f 2131/2131/2131 2128/2128/2128 2130/2130/2130
f 2129/2129/2129 2132/2132/2132 2086/2086/2086
f 2133/2133/2133 2131/2131/2131 2130/2130/2130
f 2086/2086/2086 2132/2132/2132 2084/2084/2084
f 2134/2134/2134 2131/2131/2131 2133/2133/2133
f 2132/2132/2132 2135/2135/2135 2084/2084/2084
f 2080/2080/2080 2134/2134/2134 2133/2133/2133
f 2084/2084/2084 2135/2135/2135 2082/2082/2082
f 2136/2136/2136 2134/2134/2134 2080/2080/2080
f 2082/2082/2082 2136/2136/2136 2080/2080/2080
f 2135/2135/2135 2136/2136/2136 2082/2082/2082
f 2139/2139/2139 2138/2138/2138 2137/2137/2137
f 2138/2138/2138 2140/2140/2140 2137/2137/2137
f 2137/2137/2137 2140/2140/2140 2141/2141/2141
f 2138/2138/2138 2142/2142/2142 2140/2140/2140
f 2140/2140/2140 2143/2143/2143 2141/2141/2141
f 2142/2142/2142 2144/2144/2144 2140/2140/2140
f 2140/2140/2140 2144/2144/2144 2143/2143/2143
f 2144/2144/2144 2145/2145/2145 2143/2143/2143
f 2148/2148/2148 2147/2147/2147 2146/2146/2146
f 2147/2147/2147 2149/2149/2149 2146/2146/2146
f 2146/2146/2146 2149/2149/2149 2150/2150/2150
f 2147/2147/2147 2151/2151/2151 2149/2149/2149
f 2149/2149/2149 2152/2152/2152 2150/2150/2150
f 2151/2151/2151 2153/2153/2153 2149/2149/2149
f 2149/2149/2149 2153/2153/2153 2152/2152/2152
f 2153/2153/2153 2154/2154/2154 2152/2152/2152
f 2157/2157/2157 2156/2156/2156 2155/2155/2155
f 2158/2158/2158 2157/2157/2157 2155/2155/2155
f 2159/2159/2159 2157/2157/2157 2158/2158/2158
f 2160/2160/2160 2159/2159/2159 2158/2158/2158
f 2161/2161/2161 2159/2159/2159 2160/2160/2160
f 2162/2162/2162 2161/2161/2161 2160/2160/2160
f 2163/2163/2163 2161/2161/2161 2162/2162/2162
f 2164/2164/2164 2163/2163/2163 2162/2162/2162
f 2167/2167/2167 2166/2166/2166 2165/2165/2165
f 2166/2166/2166 2168/2168/2168 2165/2165/2165
f 2166/2166/2166 2169/2169/2169 2168/2168/2168
f 2165/2165/2165 2168/2168/2168 2170/2170/2170
f 2169/2169/2169 2171/2171/2171 2168/2168/2168
f 2168/2168/2168 2172/2172/2172 2170/2170/2170
f 2168/2168/2168 2171/2171/2171 2172/2172/2172
f 2170/2170/2170 2172/2172/2172 2173/2173/2173
f 2171/2171/2171 2174/2174/2174 2172/2172/2172
f 2172/2172/2172 2175/2175/2175 2173/2173/2173
f 2172/2172/2172 2174/2174/2174 2175/2175/2175
f 2174/2174/2174 2176/2176/2176 2175/2175/2175
f 2179/2179/2179 2178/2178/2178 2177/2177/2177
f 2178/2178/2178 2180/2180/2180 2177/2177/2177
f 2178/2178/2178 2181/2181/2181 2180/2180/2180
f 2177/2177/2177 2180/2180/2180 2182/2182/2182
f 2181/2181/2181 2183/2183/2183 2180/2180/2180
f 2180/2180/2180 2184/2184/2184 2182/2182/2182
f 2180/2180/2180 2183/2183/2183 2184/2184/2184
f 2182/2182/2182 2184/2184/2184 2185/2185/2185
f 2183/2183/2183 2186/2186/2186 2184/2184/2184
f 2184/2184/2184 2187/2187/2187 2185/2185/2185
f 2184/2184/2184 2186/2186/2186 2187/2187/2187
f 2186/2186/2186 2188/2188/2188 2187/2187/2187
f 2191/2191/2191 2190/2190/2190 2189/2189/2189
f 2189/2189/2189 2190/2190/2190 2192/2192/2192
f 2190/2190/2190 2193/2193/2193 2192/2192/2192
f 2192/2192/2192 2193/2193/2193 2194/2194/2194
f 2193/2193/2193 2195/2195/2195 2194/2194/2194
f 2194/2194/2194 2195/2195/2195 2196/2196/2196
f 2195/2195/2195 2197/2197/2197 2196/2196/2196
f 2196/2196/2196 2197/2197/2197 2198/2198/2198
f 2197/2197/2197 2199/2199/2199 2198/2198/2198
f 2198/2198/2198 2199/2199/2199 2200/2200/2200
f 2199/2199/2199 2201/2201/2201 2200/2200/2200
f 2204/2204/2204 2203/2203/2203 2202/2202/2202
f 2203/2203/2203 2205/2205/2205 2202/2202/2202
f 2203/2203/2203 2206/2206/2206 2205/2205/2205
f 2202/2202/2202 2205/2205/2205 2207/2207/2207
f 2206/2206/2206 2208/2208/2208 2205/2205/2205
f 2205/2205/2205 2209/2209/2209 2207/2207/2207
f 2205/2205/2205 2208/2208/2208 2209/2209/2209
f 2207/2207/2207 2209/2209/2209 2210/2210/2210
f 2208/2208/2208 2211/2211/2211 2209/2209/2209
f 2209/2209/2209 2212/2212/2212 2210/2210/2210
f 2209/2209/2209 2211/2211/2211 2212/2212/2212
f 2211/2211/2211 2213/2213/2213 2212/2212/2212
f 2216/2216/2216 2215/2215/2215 2214/2214/2214
f 2215/2215/2215 2217/2217/2217 2214/2214/2214
f 2215/2215/2215 2218/2218/2218 2217/2217/2217
f 2214/2214/2214 2217/2217/2217 2219/2219/2219
f 2218/2218/2218 2220/2220/2220 2217/2217/2217
f 2217/2217/2217 2221/2221/2221 2219/2219/2219
f 2217/2217/2217 2220/2220/2220 2221/2221/2221
f 2219/2219/2219 2221/2221/2221 2222/2222/2222
f 2220/2220/2220 2223/2223/2223 2221/2221/2221
f 2221/2221/2221 2224/2224/2224 2222/2222/2222
f 2221/2221/2221 2223/2223/2223 2224/2224/2224
f 2223/2223/2223 2225/2225/2225 2224/2224/2224
f 2228/2228/2228 2227/2227/2227 2226/2226/2226
f 2227/2227/2227 2229/2229/2229 2226/2226/2226
f 2226/2226/2226 2229/2229/2229 2230/2230/2230
f 2229/2229/2229 2231/2231/2231 2230/2230/2230
f 2234/2234/2234 2233/2233/2233 2232/2232/2232
f 2233/2233/2233 2235/2235/2235 2232/2232/2232
f 2232/2232/2232 2235/2235/2235 2236/2236/2236
f 2235/2235/2235 2237/2237/2237 2236/2236/2236
f 2236/2236/2236 2237/2237/2237 2238/2238/2238
f 2237/2237/2237 2239/2239/2239 2238/2238/2238
f 2238/2238/2238 2239/2239/2239 2240/2240/2240
f 2239/2239/2239 2241/2241/2241 2240/2240/2240
f 2244/2244/2244 2243/2243/2243 2242/2242/2242
f 2245/2245/2245 2243/2243/2243 2244/2244/2244
f 2246/2246/2246 2245/2245/2245 2244/2244/2244
f 2245/2245/2245 2247/2247/2247 2243/2243/2243
f 2247/2247/2247 2248/2248/2248 2243/2243/2243
f 2249/2249/2249 2247/2247/2247 2245/2245/2245
f 2250/2250/2250 2249/2249/2249 2245/2245/2245
f 2250/2250/2250 2245/2245/2245 2246/2246/2246
f 2251/2251/2251 2250/2250/2250 2246/2246/2246
f 2254/2254/2254 2253/2253/2253 2252/2252/2252
f 2255/2255/2255 2254/2254/2254 2252/2252/2252
f 2255/2255/2255 2252/2252/2252 2256/2256/2256
f 2257/2257/2257 2254/2254/2254 2255/2255/2255
f 2258/2258/2258 2255/2255/2255 2256/2256/2256
f 2259/2259/2259 2257/2257/2257 2255/2255/2255
f 2259/2259/2259 2255/2255/2255 2258/2258/2258
f 2262/2262/2262 2261/2261/2261 2260/2260/2260
f 2261/2261/2261 2263/2263/2263 2260/2260/2260
f 2260/2260/2260 2263/2263/2263 2264/2264/2264
f 2263/2263/2263 2265/2265/2265 2264/2264/2264
f 2264/2264/2264 2265/2265/2265 2266/2266/2266
f 2265/2265/2265 2267/2267/2267 2266/2266/2266
f 2266/2266/2266 2267/2267/2267 2268/2268/2268
f 2267/2267/2267 2269/2269/2269 2268/2268/2268
f 2272/2272/2272 2271/2271/2271 2270/2270/2270
f 2272/2272/2272 2273/2273/2273 2271/2271/2271
f 2273/2273/2273 2274/2274/2274 2271/2271/2271
f 2273/2273/2273 2275/2275/2275 2274/2274/2274
f 2275/2275/2275 2276/2276/2276 2274/2274/2274
f 2275/2275/2275 2277/2277/2277 2276/2276/2276
f 2277/2277/2277 2278/2278/2278 2276/2276/2276
f 2273/2273/2273 2272/2272/2272 2279/2279/2279
f 2279/2279/2279 2272/2272/2272 2280/2280/2280
f 2272/2272/2272 2281/2281/2281 2280/2280/2280
f 2282/2282/2282 2273/2273/2273 2279/2279/2279
f 2275/2275/2275 2273/2273/2273 2282/2282/2282
f 2283/2283/2283 2275/2275/2275 2282/2282/2282
f 2277/2277/2277 2275/2275/2275 2283/2283/2283
f 2284/2284/2284 2277/2277/2277 2283/2283/2283
f 2285/2285/2285 2277/2277/2277 2284/2284/2284
f 2277/2277/2277 2285/2285/2285 2278/2278/2278
f 2286/2286/2286 2285/2285/2285 2284/2284/2284
f 2287/2287/2287 2285/2285/2285 2286/2286/2286
f 2288/2288/2288 2287/2287/2287 2286/2286/2286
f 2285/2285/2285 2289/2289/2289 2278/2278/2278
f 2285/2285/2285 2287/2287/2287 2289/2289/2289
f 2290/2290/2290 2287/2287/2287 2288/2288/2288
f 2291/2291/2291 2290/2290/2290 2288/2288/2288
f 2287/2287/2287 2290/2290/2290 2292/2292/2292
f 2292/2292/2292 2290/2290/2290 2291/2291/2291
f 2287/2287/2287 2292/2292/2292 2289/2289/2289
f 2293/2293/2293 2292/2292/2292 2291/2291/2291
f 2289/2289/2289 2292/2292/2292 2293/2293/2293
f 2294/2294/2294 2289/2289/2289 2293/2293/2293
f 2278/2278/2278 2289/2289/2289 2294/2294/2294
f 2295/2295/2295 2278/2278/2278 2294/2294/2294
f 2298/2298/2298 2297/2297/2297 2296/2296/2296
f 2298/2298/2298 2296/2296/2296 2299/2299/2299
f 2299/2299/2299 2296/2296/2296 2300/2300/2300
f 2300/2300/2300 2296/2296/2296 2301/2301/2301
f 2296/2296/2296 2302/2302/2302 2301/2301/2301
f 2301/2301/2301 2302/2302/2302 2303/2303/2303
f 2302/2302/2302 2304/2304/2304 2303/2303/2303
f 2305/2305/2305 2299/2299/2299 2300/2300/2300
f 2306/2306/2306 2299/2299/2299 2305/2305/2305
f 2307/2307/2307 2306/2306/2306 2305/2305/2305
f 2308/2308/2308 2298/2298/2298 2299/2299/2299
f 2308/2308/2308 2299/2299/2299 2306/2306/2306
f 2309/2309/2309 2306/2306/2306 2307/2307/2307
f 2310/2310/2310 2309/2309/2309 2307/2307/2307
f 2306/2306/2306 2309/2309/2309 2311/2311/2311
f 2311/2311/2311 2309/2309/2309 2310/2310/2310
f 2311/2311/2311 2308/2308/2308 2306/2306/2306
f 2312/2312/2312 2311/2311/2311 2310/2310/2310
f 2308/2308/2308 2311/2311/2311 2312/2312/2312
f 2313/2313/2313 2308/2308/2308 2312/2312/2312
f 2298/2298/2298 2308/2308/2308 2313/2313/2313
f 2314/2314/2314 2298/2298/2298 2313/2313/2313
f 2317/2317/2317 2316/2316/2316 2315/2315/2315
f 2316/2316/2316 2318/2318/2318 2315/2315/2315
f 2315/2315/2315 2318/2318/2318 2319/2319/2319
f 2318/2318/2318 2320/2320/2320 2319/2319/2319
f 2323/2323/2323 2322/2322/2322 2321/2321/2321
f 2324/2324/2324 2323/2323/2323 2321/2321/2321
f 2324/2324/2324 2321/2321/2321 2325/2325/2325
f 2326/2326/2326 2323/2323/2323 2324/2324/2324
f 2327/2327/2327 2324/2324/2324 2325/2325/2325
f 2328/2328/2328 2326/2326/2326 2324/2324/2324
f 2328/2328/2328 2324/2324/2324 2327/2327/2327
f 2329/2329/2329 2328/2328/2328 2327/2327/2327
f 2332/2332/2332 2331/2331/2331 2330/2330/2330
f 2333/2333/2333 2332/2332/2332 2330/2330/2330
f 2333/2333/2333 2330/2330/2330 2334/2334/2334
f 2335/2335/2335 2332/2332/2332 2333/2333/2333
f 2336/2336/2336 2333/2333/2333 2334/2334/2334
f 2337/2337/2337 2335/2335/2335 2333/2333/2333
f 2337/2337/2337 2333/2333/2333 2336/2336/2336
f 2338/2338/2338 2335/2335/2335 2337/2337/2337
f 2339/2339/2339 2337/2337/2337 2336/2336/2336
f 2340/2340/2340 2338/2338/2338 2337/2337/2337
f 2340/2340/2340 2337/2337/2337 2339/2339/2339
f 2341/2341/2341 2338/2338/2338 2340/2340/2340
f 2342/2342/2342 2340/2340/2340 2339/2339/2339
f 2343/2343/2343 2341/2341/2341 2340/2340/2340
f 2343/2343/2343 2340/2340/2340 2342/2342/2342
f 2344/2344/2344 2343/2343/2343 2342/2342/2342
f 2347/2347/2347 2346/2346/2346 2345/2345/2345
f 2348/2348/2348 2347/2347/2347 2345/2345/2345
f 2348/2348/2348 2345/2345/2345 2349/2349/2349
f 2350/2350/2350 2347/2347/2347 2348/2348/2348
f 2351/2351/2351 2348/2348/2348 2349/2349/2349
f 2352/2352/2352 2350/2350/2350 2348/2348/2348
f 2352/2352/2352 2348/2348/2348 2351/2351/2351
f 2353/2353/2353 2350/2350/2350 2352/2352/2352
f 2354/2354/2354 2352/2352/2352 2351/2351/2351
f 2355/2355/2355 2353/2353/2353 2352/2352/2352
f 2355/2355/2355 2352/2352/2352 2354/2354/2354
f 2356/2356/2356 2355/2355/2355 2354/2354/2354
f 2359/2359/2359 2358/2358/2358 2357/2357/2357
f 2358/2358/2358 2360/2360/2360 2357/2357/2357
f 2358/2358/2358 2361/2361/2361 2360/2360/2360
f 2357/2357/2357 2360/2360/2360 2362/2362/2362
f 2361/2361/2361 2363/2363/2363 2360/2360/2360
f 2360/2360/2360 2364/2364/2364 2362/2362/2362
f 2360/2360/2360 2363/2363/2363 2364/2364/2364
f 2362/2362/2362 2364/2364/2364 2365/2365/2365
f 2363/2363/2363 2366/2366/2366 2364/2364/2364
f 2364/2364/2364 2367/2367/2367 2365/2365/2365
f 2364/2364/2364 2366/2366/2366 2367/2367/2367
f 2366/2366/2366 2368/2368/2368 2367/2367/2367
f 2371/2371/2371 2370/2370/2370 2369/2369/2369
f 2372/2372/2372 2371/2371/2371 2369/2369/2369
f 2372/2372/2372 2369/2369/2369 2373/2373/2373
f 2374/2374/2374 2372/2372/2372 2373/2373/2373
f 2375/2375/2375 2371/2371/2371 2372/2372/2372
f 2376/2376/2376 2375/2375/2375 2372/2372/2372
f 2379/2379/2379 2378/2378/2378 2377/2377/2377
f 2380/2380/2380 2379/2379/2379 2377/2377/2377
f 2381/2381/2381 2379/2379/2379 2380/2380/2380
f 2382/2382/2382 2381/2381/2381 2380/2380/2380
f 2382/2382/2382 2380/2380/2380 2383/2383/2383
f 2384/2384/2384 2382/2382/2382 2383/2383/2383
f 2383/2383/2383 2380/2380/2380 2385/2385/2385
f 2380/2380/2380 2377/2377/2377 2385/2385/2385
f 2385/2385/2385 2377/2377/2377 2386/2386/2386
f 2377/2377/2377 2387/2387/2387 2386/2386/2386
f 2390/2390/2390 2389/2389/2389 2388/2388/2388
f 2388/2388/2388 2389/2389/2389 2391/2391/2391
f 2389/2389/2389 2392/2392/2392 2391/2391/2391
f 2391/2391/2391 2392/2392/2392 2393/2393/2393
f 2392/2392/2392 2394/2394/2394 2393/2393/2393
f 2391/2391/2391 2393/2393/2393 2395/2395/2395
f 2396/2396/2396 2391/2391/2391 2395/2395/2395
f 2395/2395/2395 2393/2393/2393 2397/2397/2397
f 2393/2393/2393 2398/2398/2398 2397/2397/2397
f 2393/2393/2393 2394/2394/2394 2398/2398/2398
f 2394/2394/2394 2399/2399/2399 2398/2398/2398
f 2402/2402/2402 2401/2401/2401 2400/2400/2400
f 2402/2402/2402 2400/2400/2400 2403/2403/2403
f 2404/2404/2404 2402/2402/2402 2403/2403/2403
f 2403/2403/2403 2400/2400/2400 2405/2405/2405
f 2400/2400/2400 2406/2406/2406 2405/2405/2405
f 2409/2409/2409 2408/2408/2408 2407/2407/2407
f 2410/2410/2410 2409/2409/2409 2407/2407/2407
f 2411/2411/2411 2409/2409/2409 2410/2410/2410
f 2407/2407/2407 2408/2408/2408 2412/2412/2412
f 2408/2408/2408 2413/2413/2413 2412/2412/2412
f 2414/2414/2414 2411/2411/2411 2410/2410/2410
f 2415/2415/2415 2411/2411/2411 2414/2414/2414
f 2412/2412/2412 2413/2413/2413 2416/2416/2416
f 2413/2413/2413 2417/2417/2417 2416/2416/2416
f 2418/2418/2418 2415/2415/2415 2414/2414/2414
f 2419/2419/2419 2415/2415/2415 2418/2418/2418
f 2416/2416/2416 2417/2417/2417 2420/2420/2420
f 2417/2417/2417 2421/2421/2421 2420/2420/2420
f 2422/2422/2422 2419/2419/2419 2418/2418/2418
f 2423/2423/2423 2419/2419/2419 2422/2422/2422
f 2420/2420/2420 2421/2421/2421 2424/2424/2424
f 2421/2421/2421 2425/2425/2425 2424/2424/2424
f 2426/2426/2426 2423/2423/2423 2422/2422/2422
f 2427/2427/2427 2423/2423/2423 2426/2426/2426
f 2424/2424/2424 2425/2425/2425 2428/2428/2428
f 2425/2425/2425 2429/2429/2429 2428/2428/2428
f 2430/2430/2430 2427/2427/2427 2426/2426/2426
f 2431/2431/2431 2427/2427/2427 2430/2430/2430
f 2428/2428/2428 2429/2429/2429 2432/2432/2432
f 2429/2429/2429 2433/2433/2433 2432/2432/2432
f 2434/2434/2434 2431/2431/2431 2430/2430/2430
f 2435/2435/2435 2431/2431/2431 2434/2434/2434
f 2432/2432/2432 2433/2433/2433 2436/2436/2436
f 2433/2433/2433 2437/2437/2437 2436/2436/2436
f 2438/2438/2438 2435/2435/2435 2434/2434/2434
f 2439/2439/2439 2435/2435/2435 2438/2438/2438
f 2436/2436/2436 2437/2437/2437 2440/2440/2440
f 2437/2437/2437 2441/2441/2441 2440/2440/2440
f 2442/2442/2442 2439/2439/2439 2438/2438/2438
f 2443/2443/2443 2439/2439/2439 2442/2442/2442
f 2440/2440/2440 2441/2441/2441 2444/2444/2444
f 2441/2441/2441 2445/2445/2445 2444/2444/2444
f 2445/2445/2445 2443/2443/2443 2446/2446/2446
f 2446/2446/2446 2443/2443/2443 2442/2442/2442
f 2444/2444/2444 2445/2445/2445 2446/2446/2446
f 2432/2432/2432 2436/2436/2436 2447/2447/2447
f 2448/2448/2448 2432/2432/2432 2447/2447/2447
f 2447/2447/2447 2436/2436/2436 2449/2449/2449
f 2436/2436/2436 2440/2440/2440 2449/2449/2449
f 2428/2428/2428 2432/2432/2432 2448/2448/2448
f 2449/2449/2449 2440/2440/2440 2450/2450/2450
f 2440/2440/2440 2444/2444/2444 2450/2450/2450
f 2451/2451/2451 2428/2428/2428 2448/2448/2448
f 2450/2450/2450 2444/2444/2444 2452/2452/2452
f 2444/2444/2444 2446/2446/2446 2452/2452/2452
f 2424/2424/2424 2428/2428/2428 2451/2451/2451
f 2452/2452/2452 2446/2446/2446 2453/2453/2453
f 2454/2454/2454 2424/2424/2424 2451/2451/2451
f 2446/2446/2446 2442/2442/2442 2453/2453/2453
f 2420/2420/2420 2424/2424/2424 2454/2454/2454
f 2453/2453/2453 2442/2442/2442 2455/2455/2455
f 2456/2456/2456 2420/2420/2420 2454/2454/2454
f 2442/2442/2442 2438/2438/2438 2455/2455/2455
f 2416/2416/2416 2420/2420/2420 2456/2456/2456
f 2455/2455/2455 2438/2438/2438 2457/2457/2457
f 2458/2458/2458 2416/2416/2416 2456/2456/2456
f 2438/2438/2438 2434/2434/2434 2457/2457/2457
f 2412/2412/2412 2416/2416/2416 2458/2458/2458
f 2457/2457/2457 2434/2434/2434 2459/2459/2459
f 2460/2460/2460 2412/2412/2412 2458/2458/2458
f 2434/2434/2434 2430/2430/2430 2459/2459/2459
f 2407/2407/2407 2412/2412/2412 2460/2460/2460
f 2459/2459/2459 2430/2430/2430 2461/2461/2461
f 2462/2462/2462 2407/2407/2407 2460/2460/2460
f 2430/2430/2430 2426/2426/2426 2461/2461/2461
f 2410/2410/2410 2407/2407/2407 2462/2462/2462
f 2461/2461/2461 2426/2426/2426 2463/2463/2463
f 2464/2464/2464 2410/2410/2410 2462/2462/2462
f 2426/2426/2426 2422/2422/2422 2463/2463/2463
f 2414/2414/2414 2410/2410/2410 2464/2464/2464
f 2463/2463/2463 2422/2422/2422 2465/2465/2465
f 2466/2466/2466 2414/2414/2414 2464/2464/2464
f 2422/2422/2422 2418/2418/2418 2465/2465/2465
f 2418/2418/2418 2414/2414/2414 2466/2466/2466
f 2465/2465/2465 2418/2418/2418 2466/2466/2466
f 2469/2469/2469 2468/2468/2468 2467/2467/2467
f 2468/2468/2468 2470/2470/2470 2467/2467/2467
f 2467/2467/2467 2470/2470/2470 2471/2471/2471
f 2472/2472/2472 2468/2468/2468 2469/2469/2469
f 2473/2473/2473 2472/2472/2472 2469/2469/2469
f 2470/2470/2470 2474/2474/2474 2471/2471/2471
f 2471/2471/2471 2474/2474/2474 2475/2475/2475
f 2476/2476/2476 2472/2472/2472 2473/2473/2473
f 2477/2477/2477 2476/2476/2476 2473/2473/2473
f 2474/2474/2474 2478/2478/2478 2475/2475/2475
f 2475/2475/2475 2478/2478/2478 2479/2479/2479
f 2478/2478/2478 2480/2480/2480 2479/2479/2479
f 2480/2480/2480 2478/2478/2478 2474/2474/2474
f 2479/2479/2479 2480/2480/2480 2481/2481/2481
f 2482/2482/2482 2480/2480/2480 2474/2474/2474
f 2480/2480/2480 2482/2482/2482 2481/2481/2481
f 2482/2482/2482 2474/2474/2474 2470/2470/2470
f 2481/2481/2481 2482/2482/2482 2483/2483/2483
f 2484/2484/2484 2482/2482/2482 2470/2470/2470
f 2482/2482/2482 2484/2484/2484 2483/2483/2483
f 2484/2484/2484 2470/2470/2470 2468/2468/2468
f 2483/2483/2483 2484/2484/2484 2485/2485/2485
f 2486/2486/2486 2484/2484/2484 2468/2468/2468
f 2484/2484/2484 2486/2486/2486 2485/2485/2485
f 2486/2486/2486 2468/2468/2468 2472/2472/2472
f 2485/2485/2485 2486/2486/2486 2487/2487/2487
f 2488/2488/2488 2486/2486/2486 2472/2472/2472
f 2486/2486/2486 2488/2488/2488 2487/2487/2487
f 2487/2487/2487 2488/2488/2488 2489/2489/2489
f 2488/2488/2488 2472/2472/2472 2476/2476/2476
f 2488/2488/2488 2490/2490/2490 2489/2489/2489
f 2490/2490/2490 2488/2488/2488 2476/2476/2476
f 2489/2489/2489 2490/2490/2490 2491/2491/2491
f 2490/2490/2490 2476/2476/2476 2492/2492/2492
f 2492/2492/2492 2476/2476/2476 2477/2477/2477
f 2493/2493/2493 2492/2492/2492 2477/2477/2477
f 2490/2490/2490 2494/2494/2494 2491/2491/2491
f 2494/2494/2494 2490/2490/2490 2492/2492/2492
f 2491/2491/2491 2494/2494/2494 2495/2495/2495
f 2496/2496/2496 2492/2492/2492 2493/2493/2493
f 2494/2494/2494 2492/2492/2492 2496/2496/2496
f 2497/2497/2497 2496/2496/2496 2493/2493/2493
f 2498/2498/2498 2496/2496/2496 2497/2497/2497
f 2494/2494/2494 2496/2496/2496 2498/2498/2498
f 2499/2499/2499 2498/2498/2498 2497/2497/2497
f 2494/2494/2494 2500/2500/2500 2495/2495/2495
f 2500/2500/2500 2494/2494/2494 2498/2498/2498
f 2495/2495/2495 2500/2500/2500 2501/2501/2501
f 2502/2502/2502 2498/2498/2498 2499/2499/2499
f 2500/2500/2500 2498/2498/2498 2502/2502/2502
f 2503/2503/2503 2502/2502/2502 2499/2499/2499
f 2500/2500/2500 2504/2504/2504 2501/2501/2501
f 2504/2504/2504 2500/2500/2500 2502/2502/2502
f 2501/2501/2501 2504/2504/2504 2505/2505/2505
f 2505/2505/2505 2506/2506/2506 2503/2503/2503
f 2506/2506/2506 2502/2502/2502 2503/2503/2503
f 2502/2502/2502 2506/2506/2506 2504/2504/2504
f 2504/2504/2504 2506/2506/2506 2505/2505/2505
f 2509/2509/2509 2508/2508/2508 2507/2507/2507
f 2510/2510/2510 2509/2509/2509 2507/2507/2507
f 2507/2507/2507 2508/2508/2508 2511/2511/2511
f 2512/2512/2512 2509/2509/2509 2510/2510/2510
f 2508/2508/2508 2513/2513/2513 2511/2511/2511
f 2514/2514/2514 2512/2512/2512 2510/2510/2510
f 2511/2511/2511 2513/2513/2513 2515/2515/2515
f 2516/2516/2516 2512/2512/2512 2514/2514/2514
f 2513/2513/2513 2517/2517/2517 2515/2515/2515
f 2518/2518/2518 2516/2516/2516 2514/2514/2514
f 2515/2515/2515 2517/2517/2517 2519/2519/2519
f 2520/2520/2520 2516/2516/2516 2518/2518/2518
f 2517/2517/2517 2521/2521/2521 2519/2519/2519
f 2522/2522/2522 2520/2520/2520 2518/2518/2518
f 2519/2519/2519 2521/2521/2521 2523/2523/2523
f 2524/2524/2524 2520/2520/2520 2522/2522/2522
f 2521/2521/2521 2525/2525/2525 2523/2523/2523
f 2526/2526/2526 2524/2524/2524 2522/2522/2522
f 2523/2523/2523 2525/2525/2525 2527/2527/2527
f 2528/2528/2528 2524/2524/2524 2526/2526/2526
f 2525/2525/2525 2529/2529/2529 2527/2527/2527
f 2530/2530/2530 2528/2528/2528 2526/2526/2526
f 2527/2527/2527 2529/2529/2529 2531/2531/2531
f 2532/2532/2532 2528/2528/2528 2530/2530/2530
f 2529/2529/2529 2533/2533/2533 2531/2531/2531
f 2534/2534/2534 2532/2532/2532 2530/2530/2530
f 2531/2531/2531 2533/2533/2533 2535/2535/2535
f 2536/2536/2536 2532/2532/2532 2534/2534/2534
f 2533/2533/2533 2537/2537/2537 2535/2535/2535
f 2538/2538/2538 2536/2536/2536 2534/2534/2534
f 2535/2535/2535 2537/2537/2537 2539/2539/2539
f 2540/2540/2540 2536/2536/2536 2538/2538/2538
f 2537/2537/2537 2541/2541/2541 2539/2539/2539
f 2542/2542/2542 2540/2540/2540 2538/2538/2538
f 2539/2539/2539 2541/2541/2541 2543/2543/2543
f 2544/2544/2544 2540/2540/2540 2542/2542/2542
f 2541/2541/2541 2545/2545/2545 2543/2543/2543
f 2546/2546/2546 2544/2544/2544 2542/2542/2542
f 2543/2543/2543 2545/2545/2545 2546/2546/2546
f 2545/2545/2545 2544/2544/2544 2546/2546/2546
f 2549/2549/2549 2548/2548/2548 2547/2547/2547
f 2550/2550/2550 2549/2549/2549 2547/2547/2547
f 2547/2547/2547 2548/2548/2548 2551/2551/2551
f 2552/2552/2552 2549/2549/2549 2550/2550/2550
f 2548/2548/2548 2553/2553/2553 2551/2551/2551
f 2554/2554/2554 2552/2552/2552 2550/2550/2550
f 2551/2551/2551 2553/2553/2553 2555/2555/2555
f 2556/2556/2556 2552/2552/2552 2554/2554/2554
f 2553/2553/2553 2557/2557/2557 2555/2555/2555
f 2558/2558/2558 2556/2556/2556 2554/2554/2554
f 2555/2555/2555 2557/2557/2557 2559/2559/2559
f 2560/2560/2560 2556/2556/2556 2558/2558/2558
f 2557/2557/2557 2561/2561/2561 2559/2559/2559
f 2562/2562/2562 2560/2560/2560 2558/2558/2558
f 2559/2559/2559 2561/2561/2561 2563/2563/2563
f 2564/2564/2564 2560/2560/2560 2562/2562/2562
f 2561/2561/2561 2565/2565/2565 2563/2563/2563
f 2566/2566/2566 2564/2564/2564 2562/2562/2562
f 2563/2563/2563 2565/2565/2565 2567/2567/2567
f 2568/2568/2568 2564/2564/2564 2566/2566/2566
f 2565/2565/2565 2569/2569/2569 2567/2567/2567
f 2570/2570/2570 2568/2568/2568 2566/2566/2566
f 2567/2567/2567 2569/2569/2569 2571/2571/2571
f 2572/2572/2572 2568/2568/2568 2570/2570/2570
f 2569/2569/2569 2573/2573/2573 2571/2571/2571
f 2574/2574/2574 2572/2572/2572 2570/2570/2570
f 2571/2571/2571 2573/2573/2573 2575/2575/2575
f 2576/2576/2576 2572/2572/2572 2574/2574/2574
f 2573/2573/2573 2577/2577/2577 2575/2575/2575
f 2578/2578/2578 2576/2576/2576 2574/2574/2574
f 2575/2575/2575 2577/2577/2577 2579/2579/2579
f 2580/2580/2580 2576/2576/2576 2578/2578/2578
f 2577/2577/2577 2581/2581/2581 2579/2579/2579
f 2582/2582/2582 2580/2580/2580 2578/2578/2578
f 2579/2579/2579 2581/2581/2581 2583/2583/2583
f 2584/2584/2584 2580/2580/2580 2582/2582/2582
f 2581/2581/2581 2585/2585/2585 2583/2583/2583
f 2586/2586/2586 2584/2584/2584 2582/2582/2582
f 2583/2583/2583 2585/2585/2585 2586/2586/2586
f 2585/2585/2585 2584/2584/2584 2586/2586/2586
