mtllib Cube_527_88720352.mtl
g Cube.527_88720352
v 2.07841 0.90261 3.75788
v 2.07841 0.90265 3.63378
v 2.07841 0.90268 3.57173
v 2.07841 0.90261 3.75788
v 2.07841 0.90263 3.69583
v 2.07841 0.90265 3.63378
v 1.79204 0.90257 3.88198
v 1.93523 0.90257 3.88198
v 2.00682 0.90257 3.88198
v 1.79204 0.90257 3.88198
v 1.86364 0.90257 3.88198
v 1.93523 0.90257 3.88198
v 1.57727 0.90257 3.88198
v 1.72045 0.90257 3.88198
v 1.79204 0.90257 3.88198
v 2.32202 0.90242 4.32224
v 1.79204 0.90257 3.88198
v 2.00682 0.90257 3.88198
v 2.06051 0.90257 3.86647
v 2.07841 0.90259 3.81993
v 2.07841 0.90261 3.75788
v 2.07841 0.90268 3.57173
v 1.40323 0.90242 4.32224
v 1.52358 0.90257 3.86647
v 1.50568 0.90259 3.81993
v 1.40323 0.90272 3.45592
v 1.50568 0.90261 3.75788
v 1.50568 0.90263 3.69583
v 1.50568 0.90265 3.63378
v 1.50568 0.90268 3.57173
v 1.52358 0.90269 3.52519
v 1.57727 0.9027 3.50968
v 1.64886 0.9027 3.50968
v 1.72045 0.9027 3.50968
v 1.79205 0.9027 3.50968
v 1.86364 0.9027 3.50968
v 1.93523 0.9027 3.50968
v 2.00682 0.9027 3.50968
v 2.32202 0.90272 3.45592
v 2.06051 0.90269 3.52519
v 2.98011 0.90242 4.32224
v 2.98011 0.90272 3.45592
v 2.98847 0.90272 3.45592
v 2.98847 0.90242 4.32224
v 3.74468 0.90272 3.45592
v 3.74468 0.90242 4.32224
v 2.98847 0.90272 3.44756
v 3.74468 0.90272 3.44756
v 1.57727 0.90257 3.88198
v 1.64886 0.90257 3.88198
v 1.72045 0.90257 3.88198
v 2.98429 0.89636 3.44756
v 2.98847 0.90272 3.44756
v 2.98847 0.90272 3.45592
v 2.98847 0.90272 3.45592
v 2.98011 0.90272 3.45592
v 2.98429 0.89636 3.44756
v 2.98011 0.90272 3.45592
v 2.98011 0.89635 3.45174
v 2.98429 0.89636 3.44756
v 3.74468 0.89605 4.32642
v 3.74468 0.90242 4.32224
v 3.74886 0.89605 4.32224
v 3.74468 0.88263 4.32642
v 3.74886 0.88263 4.32224
v 3.74468 0.87627 4.32223
v 2.98429 0.89719 1.02832
v 2.98847 0.89719 1.02414
v 2.98847 0.90355 1.02832
v 2.98429 0.88377 1.02831
v 2.98847 0.87741 1.02831
v 2.98847 0.88377 1.02413
v 3.74886 0.89719 1.02832
v 3.74468 0.90355 1.02832
v 3.74468 0.89719 1.02414
v 3.74886 0.88377 1.02831
v 3.74468 0.88377 1.02413
v 3.74468 0.87741 1.02831
v 2.98011 0.89635 3.45174
v 2.98011 0.88294 3.45174
v 2.98429 0.88294 3.44756
v 2.98011 0.89635 3.45174
v 2.98429 0.88294 3.44756
v 2.98429 0.89636 3.44756
v 2.98429 0.89719 1.02832
v 2.98429 0.88377 1.02831
v 2.98847 0.88377 1.02413
v 2.98429 0.89719 1.02832
v 2.98847 0.88377 1.02413
v 2.98847 0.89719 1.02414
v 2.98847 0.87684 2.66815
v 2.99107 0.88165 2.66439
v 2.9891 0.88465 2.66439
v 2.98847 0.87684 2.66815
v 2.9891 0.88465 2.66439
v 2.98429 0.88321 2.66815
v 1.40323 0.89635 3.45174
v 1.3985 0.89494 3.45647
v 1.3985 0.88435 3.45647
v 1.40323 0.89635 3.45174
v 1.3985 0.88435 3.45647
v 1.40323 0.88294 3.45174
v 2.32202 0.87657 3.45591
v 1.40323 0.88294 3.45174
v 1.40323 0.87657 3.45591
v 2.32202 0.88294 3.45174
v 2.98011 0.88294 3.45174
v 2.98011 0.87657 3.45591
v 1.40323 0.88294 3.45174
v 2.32202 0.89635 3.45174
v 1.40323 0.89635 3.45174
v 2.32202 0.88294 3.45174
v 2.98011 0.89635 3.45174
v 2.98011 0.88294 3.45174
v 2.32202 0.90242 4.32224
v 1.40323 0.89605 4.32642
v 1.40323 0.90242 4.32224
v 2.32202 0.89605 4.32642
v 2.98011 0.89605 4.32642
v 2.98011 0.90242 4.32224
v 2.98847 0.89605 4.32642
v 2.98847 0.90242 4.32224
v 2.32202 0.88263 4.32642
v 1.40323 0.88263 4.32642
v 1.40323 0.89605 4.32642
v 2.32202 0.89605 4.32642
v 2.98011 0.88263 4.32642
v 2.98011 0.89605 4.32642
v 2.98847 0.89605 4.32642
v 2.98847 0.88263 4.32642
v 3.74468 0.89605 4.32642
v 3.74468 0.88263 4.32642
v 1.40323 0.90272 3.45592
v 1.40323 0.89635 3.45174
v 2.32202 0.89635 3.45174
v 2.32202 0.90272 3.45592
v 2.98011 0.90272 3.45592
v 2.98011 0.89635 3.45174
v 1.86842 0.87656 3.49384
v 1.93523 0.9027 3.50968
v 1.94479 0.87656 3.49384
v 1.86364 0.9027 3.50968
v 1.79205 0.87656 3.49384
v 1.79205 0.9027 3.50968
v 1.71568 0.87656 3.49384
v 1.72045 0.9027 3.50968
v 1.63931 0.87656 3.49384
v 1.64886 0.9027 3.50968
v 1.56294 0.87656 3.49384
v 1.57727 0.9027 3.50968
v 1.50566 0.87655 3.51067
v 1.52358 0.90269 3.52519
v 1.57727 0.9027 3.50968
v 1.52358 0.89809 3.52519
v 1.52358 0.90269 3.52519
v 1.57727 0.89809 3.50967
v 1.64886 0.9027 3.50968
v 1.52358 0.88702 3.52518
v 1.64886 0.89809 3.50967
v 1.72045 0.9027 3.50968
v 1.57727 0.88702 3.50967
v 1.52358 0.88054 3.52518
v 1.57727 0.88054 3.50967
v 1.64886 0.88702 3.50967
v 1.64886 0.88054 3.50967
v 1.72045 0.89809 3.50967
v 1.79205 0.9027 3.50968
v 1.72045 0.88702 3.50967
v 1.72045 0.88054 3.50967
v 1.79205 0.89809 3.50967
v 1.86364 0.9027 3.50968
v 1.79205 0.88702 3.50967
v 1.79205 0.88054 3.50967
v 1.86364 0.89809 3.50967
v 1.93523 0.9027 3.50968
v 1.86364 0.88702 3.50967
v 1.86364 0.88054 3.50967
v 1.93523 0.89809 3.50967
v 2.00682 0.9027 3.50968
v 1.93523 0.88702 3.50967
v 1.93523 0.88054 3.50967
v 2.00682 0.89809 3.50967
v 2.06051 0.90269 3.52519
v 2.06051 0.89809 3.52519
v 2.00682 0.88702 3.50967
v 2.00682 0.88054 3.50967
v 2.06051 0.88702 3.52518
v 2.06051 0.88054 3.52518
v 1.48657 0.87654 3.56117
v 1.52358 0.90269 3.52519
v 1.50566 0.87655 3.51067
v 1.50568 0.90268 3.57173
v 1.48657 0.87651 3.62849
v 1.50568 0.90265 3.63378
v 1.48657 0.87649 3.69582
v 1.50568 0.90263 3.69583
v 1.48657 0.87647 3.76315
v 1.50568 0.90261 3.75788
v 1.48657 0.87644 3.83047
v 1.50568 0.90259 3.81993
v 1.50566 0.87643 3.88097
v 1.52358 0.90257 3.86647
v 1.50568 0.90259 3.81993
v 1.52358 0.89797 3.86647
v 1.52358 0.90257 3.86647
v 1.50568 0.89798 3.81993
v 1.50568 0.90261 3.75788
v 1.52358 0.8869 3.86646
v 1.50568 0.89801 3.75788
v 1.50568 0.90263 3.69583
v 1.50568 0.88692 3.81993
v 1.52358 0.88042 3.86646
v 1.50568 0.88044 3.81992
v 1.50568 0.88694 3.75787
v 1.50568 0.88046 3.75787
v 1.50568 0.89803 3.69583
v 1.50568 0.90265 3.63378
v 1.50568 0.88696 3.69582
v 1.50568 0.88048 3.69582
v 1.50568 0.89805 3.63378
v 1.50568 0.90268 3.57173
v 1.50568 0.88698 3.63377
v 1.50568 0.8805 3.63377
v 1.50568 0.89807 3.57173
v 1.52358 0.90269 3.52519
v 1.52358 0.89809 3.52519
v 1.50568 0.887 3.57172
v 1.50568 0.88052 3.57172
v 1.52358 0.88702 3.52518
v 1.52358 0.88054 3.52518
v 2.06051 0.8869 3.86646
v 2.06051 0.88042 3.86646
v 2.07841 0.88044 3.81992
v 2.07841 0.88692 3.81993
v 2.06051 0.89797 3.86647
v 2.07841 0.88046 3.75787
v 2.07841 0.89798 3.81993
v 2.06051 0.90257 3.86647
v 2.07841 0.90259 3.81993
v 2.07841 0.88694 3.75787
v 2.07841 0.88048 3.69582
v 2.07841 0.89801 3.75788
v 2.07841 0.90261 3.75788
v 2.07841 0.88696 3.69582
v 2.07841 0.8805 3.63377
v 2.07841 0.89803 3.69583
v 2.07841 0.90263 3.69583
v 2.07841 0.88698 3.63377
v 2.07841 0.88052 3.57172
v 2.07841 0.89805 3.63378
v 2.07841 0.90265 3.63378
v 2.07841 0.887 3.57172
v 2.06051 0.88054 3.52518
v 2.06051 0.88702 3.52518
v 2.07841 0.89807 3.57173
v 2.07841 0.90268 3.57173
v 2.06051 0.89809 3.52519
v 2.06051 0.90269 3.52519
v 1.52358 0.8869 3.86646
v 1.52358 0.88042 3.86646
v 1.57727 0.88042 3.88197
v 1.57727 0.88689 3.88198
v 1.52358 0.89797 3.86647
v 1.64886 0.88042 3.88197
v 1.57727 0.89796 3.88198
v 1.52358 0.90257 3.86647
v 1.57727 0.90257 3.88198
v 1.64886 0.88689 3.88198
v 1.72045 0.88042 3.88197
v 1.64886 0.89796 3.88198
v 1.64886 0.90257 3.88198
v 1.72045 0.88689 3.88198
v 1.79204 0.88042 3.88197
v 1.72045 0.89796 3.88198
v 1.72045 0.90257 3.88198
v 1.79204 0.88689 3.88198
v 1.86364 0.88042 3.88197
v 1.79204 0.89796 3.88198
v 1.79204 0.90257 3.88198
v 1.86364 0.88689 3.88198
v 1.93523 0.88042 3.88197
v 1.86364 0.89796 3.88198
v 1.86364 0.90257 3.88198
v 1.93523 0.88689 3.88198
v 2.00682 0.88042 3.88197
v 1.93523 0.89796 3.88198
v 1.93523 0.90257 3.88198
v 2.00682 0.88689 3.88198
v 2.06051 0.88042 3.86646
v 2.06051 0.8869 3.86646
v 2.00682 0.89796 3.88198
v 2.00682 0.90257 3.88198
v 2.06051 0.89797 3.86647
v 2.06051 0.90257 3.86647
v 2.98847 0.87718 1.68561
v 3.74468 0.87741 1.02831
v 2.98847 0.87741 1.02831
v 3.74468 0.87718 1.68561
v 3.74468 0.87718 1.68773
v 2.98847 0.87718 1.68773
v 3.74886 0.88355 1.68561
v 3.74886 0.89719 1.02832
v 3.74886 0.88377 1.02831
v 3.74886 0.89696 1.68561
v 3.74886 0.89696 1.68774
v 3.74886 0.88355 1.68773
v 2.98011 0.87657 3.45591
v 2.32202 0.87657 3.45591
v 2.32202 0.87627 4.32223
v 2.98011 0.87627 4.32223
v 2.98847 0.87627 4.32223
v 2.98847 0.87657 3.45591
v 3.74468 0.87627 4.32223
v 3.74468 0.87657 3.45591
v 3.74468 0.87657 3.44756
v 2.98847 0.87657 3.44756
v 3.74468 0.87684 2.67338
v 2.98847 0.87684 2.67338
v 3.74886 0.88263 4.32224
v 3.74886 0.89605 4.32224
v 3.74886 0.89635 3.45592
v 3.74886 0.88293 3.45591
v 3.74886 0.89636 3.44756
v 3.74886 0.88294 3.44756
v 3.74886 0.89662 2.67338
v 3.74886 0.88321 2.67338
v 2.98429 0.89696 1.68561
v 2.98429 0.88377 1.02831
v 2.98429 0.89719 1.02832
v 2.98429 0.88355 1.68561
v 2.98429 0.88355 1.68773
v 2.98429 0.89696 1.68774
v 3.74468 0.90333 1.68562
v 2.98847 0.90355 1.02832
v 3.74468 0.90355 1.02832
v 2.98847 0.90333 1.68562
v 2.98847 0.90333 1.68774
v 3.74468 0.90333 1.68774
v 2.98847 0.89719 1.02414
v 2.98847 0.88377 1.02413
v 3.74468 0.88377 1.02413
v 3.74468 0.89719 1.02414
v 2.98011 0.87627 4.32223
v 2.98847 0.88263 4.32642
v 2.98847 0.87627 4.32223
v 2.98011 0.88263 4.32642
v 2.32202 0.88263 4.32642
v 2.32202 0.87627 4.32223
v 1.40323 0.87627 4.32223
v 1.40323 0.88263 4.32642
v 2.98011 0.88294 3.45174
v 2.98011 0.87657 3.45591
v 2.98847 0.87657 3.44756
v 2.98429 0.88294 3.44756
v 3.74468 0.87657 3.45591
v 3.74468 0.87627 4.32223
v 3.74886 0.88263 4.32224
v 3.74886 0.88293 3.45591
v 3.74886 0.88294 3.44756
v 3.74468 0.87657 3.44756
v 3.74468 0.87684 2.67338
v 3.74886 0.88321 2.67338
v 3.74468 0.90272 3.45592
v 3.74468 0.90272 3.44756
v 3.74886 0.89636 3.44756
v 3.74886 0.89635 3.45592
v 3.74468 0.90242 4.32224
v 3.74886 0.89605 4.32224
v 3.74886 0.89605 4.32224
v 3.74886 0.88263 4.32224
v 3.74468 0.88263 4.32642
v 3.74468 0.89605 4.32642
v 3.74468 0.89605 4.32642
v 2.98847 0.89605 4.32642
v 2.98847 0.90242 4.32224
v 3.74468 0.90242 4.32224
v 3.74468 0.87627 4.32223
v 2.98847 0.87627 4.32223
v 2.98847 0.88263 4.32642
v 3.74468 0.88263 4.32642
v 3.74468 0.89719 1.02414
v 3.74468 0.88377 1.02413
v 3.74886 0.88377 1.02831
v 3.74886 0.89719 1.02832
v 2.98847 0.89719 1.02414
v 3.74468 0.89719 1.02414
v 3.74468 0.90355 1.02832
v 2.98847 0.90355 1.02832
v 2.98847 0.87741 1.02831
v 3.74468 0.87741 1.02831
v 3.74468 0.88377 1.02413
v 2.98847 0.88377 1.02413
v 2.98429 0.89696 1.68561
v 2.98429 0.89719 1.02832
v 2.98847 0.90355 1.02832
v 2.98847 0.90333 1.68562
v 2.98429 0.89696 1.68774
v 2.98847 0.90333 1.68774
v 3.74886 0.89662 2.67338
v 3.74886 0.89636 3.44756
v 3.74468 0.90272 3.44756
v 3.74468 0.90299 2.67339
v 3.74886 0.89663 2.66816
v 3.74468 0.90299 2.66816
v 3.74886 0.88355 1.68561
v 3.74886 0.88377 1.02831
v 3.74468 0.87741 1.02831
v 3.74468 0.87718 1.68561
v 3.74886 0.88355 1.68773
v 3.74468 0.87718 1.68773
v 2.98429 0.88321 2.67338
v 2.98429 0.88294 3.44756
v 2.98847 0.87657 3.44756
v 2.98847 0.87684 2.67338
v 2.98429 0.88321 2.66815
v 2.98847 0.87684 2.66815
v 2.98429 0.88377 1.02831
v 2.98847 0.87718 1.68561
v 2.98847 0.87741 1.02831
v 2.98429 0.88355 1.68561
v 2.98847 0.87718 1.68773
v 2.98429 0.88355 1.68773
v 3.74886 0.89719 1.02832
v 3.74468 0.90333 1.68562
v 3.74468 0.90355 1.02832
v 3.74886 0.89696 1.68561
v 3.74468 0.90333 1.68774
v 3.74886 0.89696 1.68774
v 2.98429 0.89636 3.44756
v 2.98429 0.89662 2.67338
v 2.98847 0.90299 2.67339
v 2.98847 0.90272 3.44756
v 3.74468 0.90272 3.44756
v 2.98847 0.90272 3.44756
v 2.98847 0.90299 2.67339
v 3.74468 0.90299 2.67339
v 2.98429 0.89636 3.44756
v 2.98429 0.88294 3.44756
v 2.98429 0.88321 2.67338
v 2.98429 0.89662 2.67338
v 2.98847 0.87718 1.68773
v 2.99082 0.88153 1.69113
v 3.74234 0.88153 1.69113
v 3.74468 0.87718 1.68773
v 3.74886 0.88355 1.68773
v 3.74451 0.88484 1.69113
v 3.74451 0.89566 1.69114
v 3.74886 0.89696 1.68774
v 2.98429 0.89696 1.68774
v 2.98864 0.89566 1.69114
v 2.98864 0.88484 1.69113
v 2.98429 0.88355 1.68773
v 3.74468 0.90333 1.68774
v 3.74234 0.89898 1.69114
v 2.99082 0.89898 1.69114
v 2.98847 0.90333 1.68774
v 2.98847 0.90333 1.68774
v 2.99082 0.89898 1.69114
v 2.98864 0.89566 1.69114
v 2.98429 0.89696 1.68774
v 3.74234 0.89898 1.69114
v 3.74468 0.90333 1.68774
v 3.74886 0.89696 1.68774
v 3.74451 0.89566 1.69114
v 3.74468 0.87718 1.68773
v 3.74234 0.88153 1.69113
v 3.74451 0.88484 1.69113
v 3.74886 0.88355 1.68773
v 2.99082 0.88153 1.69113
v 2.98847 0.87718 1.68773
v 2.98429 0.88355 1.68773
v 2.98864 0.88484 1.69113
v 3.74451 0.88484 1.69113
v 3.74234 0.88153 1.69113
v 2.99082 0.88153 1.69113
v 2.98864 0.88484 1.69113
v 3.74451 0.89566 1.69114
v 2.98864 0.89566 1.69114
v 3.74234 0.89898 1.69114
v 2.99082 0.89898 1.69114
v 3.74886 0.88321 2.67338
v 3.74886 0.88321 2.66815
v 3.74468 0.87684 2.66815
v 3.74468 0.87684 2.67338
v 2.98429 0.89662 2.67338
v 2.98429 0.89663 2.66816
v 2.98847 0.90299 2.66816
v 2.98847 0.90299 2.67339
v 2.98847 0.90299 2.67339
v 2.98847 0.90299 2.66816
v 3.74468 0.90299 2.66816
v 3.74468 0.90299 2.67339
v 3.74468 0.87684 2.67338
v 3.74468 0.87684 2.66815
v 2.98847 0.87684 2.66815
v 2.98847 0.87684 2.67338
v 3.74886 0.89662 2.67338
v 3.74886 0.89663 2.66816
v 3.74886 0.88321 2.66815
v 3.74886 0.88321 2.67338
v 2.98429 0.88321 2.67338
v 2.98429 0.88321 2.66815
v 2.98429 0.89663 2.66816
v 2.98429 0.89662 2.67338
v 3.74209 0.88165 2.66439
v 3.74468 0.87684 2.66815
v 3.74886 0.88321 2.66815
v 3.74405 0.88465 2.66439
v 3.74468 0.90299 2.66816
v 3.74209 0.89818 2.66439
v 3.74405 0.89519 2.66439
v 3.74886 0.89663 2.66816
v 2.99107 0.89818 2.66439
v 2.98847 0.90299 2.66816
v 2.98429 0.89663 2.66816
v 2.9891 0.89519 2.66439
v 3.74209 0.89818 2.66439
v 3.74468 0.90299 2.66816
v 2.98847 0.90299 2.66816
v 2.99107 0.89818 2.66439
v 2.9891 0.89519 2.66439
v 2.98429 0.89663 2.66816
v 2.98429 0.88321 2.66815
v 2.9891 0.88465 2.66439
v 3.74405 0.88465 2.66439
v 3.74886 0.88321 2.66815
v 3.74886 0.89663 2.66816
v 3.74405 0.89519 2.66439
v 2.99107 0.88165 2.66439
v 2.98847 0.87684 2.66815
v 3.74468 0.87684 2.66815
v 3.74209 0.88165 2.66439
v 2.9891 0.88465 2.66439
v 2.99107 0.88165 2.66439
v 3.74209 0.88165 2.66439
v 3.74405 0.88465 2.66439
v 3.74405 0.89519 2.66439
v 2.9891 0.89519 2.66439
v 3.74209 0.89818 2.66439
v 2.99107 0.89818 2.66439
v 1.40323 0.87627 4.32223
v 1.3985 0.87627 4.31657
v 1.3985 0.88405 4.32168
v 1.40323 0.88263 4.32642
v 1.40323 0.89605 4.32642
v 1.3985 0.89464 4.32169
v 1.3985 0.89768 4.31969
v 1.40323 0.90242 4.32224
v 1.40323 0.88294 3.45174
v 1.3985 0.88435 3.45647
v 1.3985 0.87657 3.46157
v 1.40323 0.87657 3.45591
v 1.40323 0.90272 3.45592
v 1.3985 0.89798 3.45847
v 1.3985 0.89494 3.45647
v 1.40323 0.89635 3.45174
v 1.40323 0.88263 4.32642
v 1.3985 0.88405 4.32168
v 1.3985 0.89464 4.32169
v 1.40323 0.89605 4.32642
v 1.40323 0.90242 4.32224
v 1.3985 0.89768 4.31969
v 1.3985 0.89798 3.45847
v 1.40323 0.90272 3.45592
v 1.3985 0.89768 4.31969
v 1.3985 0.89464 4.32169
v 1.3985 0.88405 4.32168
v 1.3985 0.87627 4.31657
v 1.3985 0.89798 3.45847
v 1.3985 0.87657 3.46157
v 1.3985 0.88435 3.45647
v 1.3985 0.89494 3.45647
v 2.07841 0.88048 3.69582
v 2.10428 0.88048 3.69582
v 2.10428 0.8805 3.62816
v 2.07841 0.8805 3.63377
v 2.07841 0.88046 3.75787
v 2.10428 0.88053 3.56051
v 2.10428 0.88046 3.76348
v 2.07841 0.88052 3.57172
v 2.07841 0.88044 3.81992
v 2.08477 0.88054 3.50977
v 2.10428 0.88043 3.83114
v 2.06051 0.88054 3.52518
v 2.06051 0.88042 3.86646
v 2.02623 0.88055 3.49285
v 2.08477 0.88042 3.88188
v 2.00682 0.88054 3.50967
v 2.00682 0.88042 3.88197
v 1.94816 0.88055 3.49285
v 2.02623 0.88041 3.89879
v 1.93523 0.88054 3.50967
v 1.93523 0.88042 3.88197
v 1.87011 0.88055 3.49285
v 1.94816 0.88041 3.89879
v 1.86364 0.88054 3.50967
v 1.86364 0.88042 3.88197
v 1.79205 0.88055 3.49285
v 1.8701 0.88041 3.89879
v 1.79205 0.88054 3.50967
v 1.79204 0.88042 3.88197
v 1.71399 0.88055 3.49285
v 1.79204 0.88041 3.89879
v 1.72045 0.88054 3.50967
v 1.72045 0.88042 3.88197
v 1.63593 0.88055 3.49285
v 1.71399 0.88041 3.89879
v 1.64886 0.88054 3.50967
v 1.64886 0.88042 3.88197
v 1.55787 0.88055 3.49285
v 1.63593 0.88041 3.89879
v 1.57727 0.88054 3.50967
v 1.57727 0.88042 3.88197
v 1.49932 0.88054 3.50976
v 1.55787 0.88041 3.89879
v 1.52358 0.88054 3.52518
v 1.52358 0.88042 3.86646
v 1.47981 0.88053 3.56051
v 1.49932 0.88042 3.88188
v 1.50568 0.88052 3.57172
v 1.50568 0.88044 3.81992
v 1.47981 0.8805 3.62816
v 1.47981 0.88043 3.83114
v 1.50568 0.8805 3.63377
v 1.50568 0.88046 3.75787
v 1.47981 0.88048 3.69582
v 1.47981 0.88046 3.76348
v 1.50568 0.88048 3.69582
vn 0 0.5773503 0
vn 0.5773503 0 0
vn 0 0.5773503 0
vn -0.5773503 -1.859357E-05 0
vn -0.5773503 7.000857E-06 0
vn -0.5773503 2.839787E-05 0
vn 0 0.5773503 0
vn 0 0.5773503 0
vn 0 0.5773503 0
vn 0 0.5773503 0
vn 0 0.5773503 0
vn 0 0.5773503 0
vn 2.857056E-07 0.5773503 0.000199641
vn 0 0.5773503 0
vn 0 0.5773503 0
vn 0 0.5773503 0.0001997299
vn 0 0.5773503 0.0001997513
vn -2.594371E-07 0.5773503 0.0001998544
vn 1.475947E-07 0.5773503 0.0001991315
vn 1.227239E-06 0.5773503 0.0001989885
vn 2.337305E-06 0.5773503 0.000198956
vn -3.801843E-07 0.5773503 0.0001997786
vn 1.947801E-07 0.5773503 0.0001995966
vn -2.041392E-07 0.5773503 0.0001992731
vn 0 0.5773503 0.0001995181
vn 1.442768E-07 0.5773503 0.0001995581
vn 2.548295E-07 0.5773503 0.0002005476
vn 0 0.5773503 0.0001994141
vn -3.978353E-07 0.5773503 0.0001983752
vn 2.996461E-06 0.5773503 0.0001989515
vn -7.055828E-07 0.5773503 0.0002014106
vn -1.812471E-07 0.5773503 0.0002015428
vn 0 0.5773503 0.0002014493
vn 0 0.5773503 0.0001945154
vn 0 0.5773503 0.0001993778
vn 0 0.5773503 0.0002031471
vn 0 0.5773503 0.0002050516
vn 0 0.5773503 0.0001987557
vn -1.090956E-07 0.5773503 0.0001997521
vn 4.420684E-07 0.5773503 0.0002024283
vn -2.624053E-07 0.5773503 0.0001997653
vn 0 0.5773503 0.000199767
vn 0 0.5773503 0.0001994964
vn -2.301179E-07 0.5773503 0.0001995093
vn 0 0.5773503 0.0001996501
vn 0 0.5773503 0.0001994953
vn 0 0.5773503 0.0001994187
vn 0 0.5773503 0.0001996549
vn 0 0.5773503 0
vn 0 0.5773503 0
vn 0 0.5773503 0
vn -0.4825647 0.3169616 0.0001095396
vn -0.4825648 0.3169614 0.0001095806
vn -0.4825723 0.3169499 0.000117687
vn 0 0.4595 -0.3495612
vn 0 0.4595 -0.3495612
vn 0 0.4595001 -0.3495611
vn -0.37028 0.2433335 -0.3701552
vn -0.37028 0.2433335 -0.3701552
vn -0.37028 0.2433335 -0.3701551
vn 0.3703287 0.243076 0.3702756
vn 0.3703287 0.243076 0.3702756
vn 0.3703287 0.243076 0.3702756
vn 0.3703527 -0.2432816 0.3701165
vn 0.3703527 -0.2432816 0.3701165
vn 0.3703527 -0.2432816 0.3701165
vn -0.3702739 0.2433576 -0.3701454
vn -0.370274 0.2433576 -0.3701454
vn -0.3702739 0.2433576 -0.3701454
vn -0.3702645 -0.2430936 -0.3703283
vn -0.3702646 -0.2430936 -0.3703282
vn -0.3702645 -0.2430936 -0.3703283
vn 0.3702943 0.2433424 -0.370135
vn 0.3702943 0.2433425 -0.370135
vn 0.3702943 0.2433424 -0.370135
vn 0.3702771 -0.2431099 -0.370305
vn 0.3702771 -0.2431099 -0.370305
vn 0.3702771 -0.2431099 -0.3703049
vn -0.4082423 0.0001453214 -0.4082542
vn -0.4082566 0.0001478374 -0.4082399
vn -0.4082515 0.0001469344 -0.408245
vn -0.4082423 0.0001453214 -0.4082542
vn -0.4082515 0.0001469344 -0.408245
vn -0.4082372 0.0001444183 -0.4082594
vn -0.4082608 0.0001357562 -0.4082357
vn -0.4082649 0.0001426534 -0.4082316
vn -0.4082634 0.0001401773 -0.4082331
vn -0.4082608 0.0001357562 -0.4082357
vn -0.4082634 0.0001401773 -0.4082331
vn -0.4082594 0.0001332801 -0.4082372
vn -0.2974825 -0.1952814 -0.4546456
vn -0.2974929 -0.19528 -0.4546395
vn -0.2974834 -0.1952813 -0.454645
vn -0.2974825 -0.1952814 -0.4546456
vn -0.2974834 -0.1952813 -0.454645
vn -0.2974801 -0.1952817 -0.4546471
vn -0.408273 0.0001412353 -0.4082235
vn -0.4082731 0.0001367645 -0.4082234
vn -0.4082729 0.0001446626 -0.4082236
vn -0.408273 0.0001412353 -0.4082235
vn -0.4082729 0.0001446626 -0.4082236
vn -0.4082727 0.0001471571 -0.4082238
vn 2.941717E-07 -0.3167916 -0.4826763
vn 0 -0.3168519 -0.4826368
vn 0 -0.3168522 -0.4826365
vn 2.935589E-07 -0.3167913 -0.4826765
vn 6.982077E-07 -0.3168025 -0.4826692
vn 7.033859E-07 -0.3168026 -0.4826691
vn 5.743004E-07 0.0002100891 -0.5773503
vn 4.980649E-07 0.0002100885 -0.5773503
vn 5.716431E-07 0.0002100891 -0.5773503
vn 4.99613E-07 0.0002100886 -0.5773503
vn 0 0.00021009 -0.5773503
vn 0 0.00021009 -0.5773503
vn -2.935834E-07 0.3167946 0.4826743
vn -5.038167E-07 0.3168344 0.4826482
vn -5.038164E-07 0.3168346 0.4826481
vn -2.935833E-07 0.3167945 0.4826744
vn 0 0.316796 0.4826734
vn 3.998378E-07 0.3167963 0.4826732
vn 6.094642E-07 0.3168735 0.4826225
vn 9.564319E-07 0.3168736 0.4826224
vn -3.33077E-07 -0.0001839706 0.5773503
vn -5.716431E-07 -0.0002100891 0.5773503
vn -5.716431E-07 -0.0002098449 0.5773503
vn -3.330768E-07 -0.0001838283 0.5773503
vn 0 -0.0001840394 0.5773503
vn 0 -0.0001838269 0.5773503
vn 6.869778E-07 -0.0002099113 0.5773503
vn 6.714603E-07 -0.0002098031 0.5773503
vn -6.788635E-07 -0.0001841258 0.5773503
vn -6.945518E-07 -0.0001838292 0.5773503
vn 5.011332E-07 0.3171421 -0.4824461
vn 5.037905E-07 0.3171424 -0.4824459
vn 4.386713E-07 0.3170891 -0.4824809
vn 4.403657E-07 0.3170888 -0.482481
vn 0 0.3171157 -0.4824634
vn 0 0.317116 -0.4824633
vn 0 -0.2991895 0.4937803
vn 0 -0.2991894 0.4937803
vn 0 -0.29919 0.49378
vn 0 -0.2991891 0.4937805
vn 0 -0.2991888 0.4937807
vn 0 -0.2991884 0.493781
vn 0 -0.2991887 0.4937807
vn 0 -0.2991885 0.4937809
vn 0 -0.2991898 0.4937801
vn 0 -0.2991883 0.493781
vn 0.07750114 -0.3269694 0.4694869
vn 0.0469868 -0.3164191 0.4806293
vn 0.3008575 -0.3808085 0.3127347
vn 0.2828585 -0.3777544 0.3326049
vn 0.07094266 -0.000153687 0.5729751
vn 0.3781429 -0.0001494598 0.4362811
vn 0.3781385 -0.0001396869 0.436285
vn 0.07094278 -0.00019004 0.572975
vn 0 -0.0001530106 0.5773503
vn 0.378141 -0.0001559917 0.4362828
vn 0 -0.0001911008 0.5773503
vn 0 -0.0001530112 0.5773503
vn 0.07094306 -0.0002097808 0.572975
vn 0.378137 -0.0001602759 0.4362863
vn 0.07094403 -0.0002173612 0.5729749
vn 0 -0.0002108722 0.5773503
vn 0 -0.0002175679 0.5773503
vn 0 -0.0001911017 0.5773503
vn 0 -0.0001530134 0.5773503
vn 0 -0.0002108732 0.5773503
vn 0 -0.0002175688 0.5773503
vn 0 -0.0001911029 0.5773503
vn 0 -0.0001530102 0.5773503
vn 0 -0.0002108741 0.5773503
vn 0 -0.0002175706 0.5773503
vn 0 -0.0001911 0.5773503
vn 0 -0.0001530132 0.5773503
vn 0 -0.0002108712 0.5773503
vn 0 -0.0002175671 0.5773503
vn 0 -0.0001911028 0.5773503
vn -0.07094556 -0.0001534335 0.5729747
vn 0 -0.0002108738 0.5773503
vn 0 -0.0002175703 0.5773503
vn -0.07094375 -0.000190504 0.5729749
vn -0.3781391 -0.0001383875 0.4362845
vn -0.3781396 -0.0001519728 0.436284
vn -0.07094342 -0.0002101967 0.572975
vn -0.07094455 -0.0002179848 0.5729749
vn -0.3781396 -0.0001570898 0.436284
vn -0.3781385 -0.0001586443 0.436285
vn 0.444431 -0.3592145 0.08233675
vn 0.2828585 -0.3777544 0.3326049
vn 0.3008575 -0.3808085 0.3127347
vn 0.4511845 -0.3548818 0.06184505
vn 0.4660863 -0.3407299 -0.0001143905
vn 0.4660881 -0.3407275 -0.0001140629
vn 0.466087 -0.3407291 -0.0001183954
vn 0.466087 -0.340729 -0.0001184045
vn 0.466088 -0.3407276 -0.0001175003
vn 0.4660882 -0.3407274 -0.0001174981
vn 0.4438423 -0.3590895 -0.08597729
vn 0.4497654 -0.3559882 -0.06570277
vn 0.4142534 -0.3696724 -0.1583341
vn 0.4128495 -0.3709965 -0.1589032
vn 0.5696648 2.151758E-05 -0.09388999
vn 0.3781387 0.0001495838 -0.4362849
vn 0.3781375 0.0001419036 -0.4362858
vn 0.5696644 3.181328E-05 -0.09389234
vn 0.5773503 -6.077101E-06 0
vn 0.3781419 0.0001493266 -0.436282
vn 0.5773503 -2.400936E-07 0
vn 0.5773503 6.252422E-06 0
vn 0.5696646 3.416344E-05 -0.09389086
vn 0.3781396 0.0001406775 -0.436284
vn 0.5696644 2.980594E-05 -0.09389239
vn 0.5773503 1.16859E-06 0
vn 0.5773503 1.346273E-07 0
vn 0.5773503 3.089804E-06 0
vn 0.5773503 -1.581358E-06 4.259583E-06
vn 0.5773503 1.168636E-06 0
vn 0.5773503 0 0
vn 0.5773503 4.942455E-07 4.259133E-06
vn 0.5696635 -2.959549E-05 0.09389747
vn 0.5773503 3.111791E-07 4.259182E-06
vn 0.5773503 -2.516452E-06 4.259282E-06
vn 0.5696648 -3.207954E-05 0.09389009
vn 0.3781385 -0.0001396869 0.436285
vn 0.3781429 -0.0001494598 0.4362811
vn 0.5696645 -3.593262E-05 0.09389155
vn 0.5696642 -4.173944E-05 0.09389395
vn 0.378141 -0.0001559917 0.4362828
vn 0.378137 -0.0001602759 0.4362863
vn -0.3781413 0.0001484433 -0.4362825
vn -0.3781397 0.0001372371 -0.436284
vn -0.5696639 3.501627E-05 -0.09389564
vn -0.5696642 3.153755E-05 -0.09389365
vn -0.3781386 0.0001497021 -0.4362849
vn -0.5773503 4.743153E-06 0
vn -0.5696639 2.64558E-05 -0.09389548
vn -0.3781417 0.0001362881 -0.4362822
vn -0.5696642 2.048755E-05 -0.09389395
vn -0.5773503 -6.935423E-07 0
vn -0.5773503 2.93162E-06 0
vn -0.5773503 -9.470959E-06 0
vn -0.5773503 -1.859357E-05 0
vn -0.5773503 -9.344419E-07 0
vn -0.5773503 2.111406E-05 0
vn -0.5773503 -2.291838E-06 0
vn -0.5773503 7.000857E-06 0
vn -0.5773503 1.139533E-05 0
vn -0.5696637 -4.271379E-05 0.09389669
vn -0.5773503 1.029807E-05 0
vn -0.5773503 2.839787E-05 0
vn -0.5696641 -4.334147E-05 0.09389498
vn -0.3781385 -0.0001586443 0.436285
vn -0.3781396 -0.0001570898 0.436284
vn -0.5696644 -4.345877E-05 0.09389286
vn -0.5696632 -3.673206E-05 0.09389976
vn -0.3781396 -0.0001519728 0.436284
vn -0.3781391 -0.0001383875 0.4362845
vn 0.3781419 0.0001493266 -0.436282
vn 0.3781396 0.0001406775 -0.436284
vn 0.0709466 0.0002150669 -0.5729746
vn 0.07094562 0.0002088455 -0.5729747
vn 0.3781387 0.0001495838 -0.4362849
vn 0 0.0002175679 -0.5773503
vn 0.0709446 0.0001896598 -0.5729749
vn 0.3781375 0.0001419036 -0.4362858
vn 0.07094609 0.0001534318 -0.5729746
vn 0 0.0002108763 -0.5773503
vn 0 0.0002175693 -0.5773503
vn 0 0.0001911049 -0.5773503
vn 0 0.0001530108 -0.5773503
vn 0 0.0002108761 -0.5773503
vn 0 0.0002175694 -0.5773503
vn 0 0.0001911051 -0.5773503
vn 0 0.0001530125 -0.5773503
vn 0 0.000210877 -0.5773503
vn 0 0.0002175692 -0.5773503
vn 0 0.000191105 -0.5773503
vn 0 0.0001530098 -0.5773503
vn 0 0.0002108764 -0.5773503
vn 0 0.0002175688 -0.5773503
vn 0 0.000191106 -0.5773503
vn 0 0.0001530144 -0.5773503
vn 0 0.0002108762 -0.5773503
vn -0.07094512 0.0002162209 -0.5729748
vn 0 0.000191105 -0.5773503
vn 0 0.0001530112 -0.5773503
vn -0.07094617 0.0002093531 -0.5729746
vn -0.3781397 0.0001372371 -0.436284
vn -0.3781413 0.0001484433 -0.4362825
vn -0.0709455 0.0001910012 -0.5729747
vn -0.07094395 0.0001556389 -0.5729749
vn -0.3781386 0.0001497021 -0.4362849
vn -0.3781417 0.0001362881 -0.4362822
vn 0 -0.5773503 -0.0001992251
vn 0 -0.5773503 -0.0001996407
vn 0 -0.5773503 -0.0001996408
vn 0 -0.5773503 -0.0001994508
vn 0 -0.5773503 -0.0001404865
vn 0 -0.5773503 -7.030605E-05
vn 0.5773503 -5.217141E-06 0
vn 0.5773503 -6.891925E-08 0
vn 0.5773503 0 0
vn 0.5773503 -5.285838E-06 0
vn 0.5773503 0 0
vn 0.5773503 0 0
vn 0 -0.5773503 -0.0001995099
vn 0 -0.5773503 -0.0001994715
vn 0 -0.5773503 -0.0001995297
vn 2.63955E-07 -0.5773503 -0.0001995704
vn 0 -0.5773503 -0.0001992818
vn 0 -0.5773503 -0.0001992818
vn 0 -0.5773503 -0.0001992818
vn 0 -0.5773503 -0.000199323
vn 0 -0.5773503 -0.0002230196
vn 0 -0.5773503 -0.0001995127
vn 0 -0.5773503 -0.0001991673
vn 0 -0.5773503 -0.0001993576
vn 0.5773503 -5.352183E-06 1.016906E-06
vn 0.5773503 -5.40549E-06 1.016906E-06
vn 0.5773503 0 1.007186E-06
vn 0.5773503 0 1.007185E-06
vn 0.5773503 -9.048968E-06 -1.125789E-06
vn 0.5773503 -8.961369E-06 -1.125791E-06
vn 0.5773503 -1.889671E-07 -1.130305E-06
vn 0.5773503 1.68478E-07 -1.130305E-06
vn -0.5773503 -6.936487E-06 0
vn -0.5773503 -9.16063E-08 0
vn -0.5773503 0 0
vn -0.5773503 -7.027826E-06 0
vn -0.5773503 0 0
vn -0.5773503 0 0
vn 0 0.5773503 0.000199338
vn 0 0.5773503 0.0001994139
vn 0 0.5773503 0.0001994138
vn 0 0.5773503 0.0001994511
vn 0 0.5773503 0.0002108401
vn 0 0.5773503 0.0001757525
vn 0 0.00020681 -0.5773503
vn 0 0.00020681 -0.5773503
vn 0 0.000206808 -0.5773503
vn 0 0.000206808 -0.5773503
vn 6.945824E-07 -0.3171057 0.4824699
vn 6.053859E-07 -0.3171577 0.4824358
vn 6.053879E-07 -0.3171579 0.4824357
vn 6.945822E-07 -0.3171055 0.4824701
vn -5.855563E-07 -0.3171082 0.4824684
vn -5.871044E-07 -0.3171082 0.4824684
vn -5.064763E-07 -0.3171137 0.4824648
vn -5.038186E-07 -0.3171138 0.4824647
vn -0.3702372 -0.2431134 -0.3703425
vn -0.3702271 -0.243107 -0.3703568
vn -0.3702406 -0.2431156 -0.3703377
vn -0.3702764 -0.2431385 -0.370287
vn 0.4825309 -0.3170131 -0.0001089434
vn 0.4825484 -0.3169863 -0.0001094086
vn 0.4825482 -0.3169865 -0.0001094056
vn 0.4825309 -0.317013 -0.0001088782
vn 0.4825058 -0.3170512 -0.0001095095
vn 0.4825051 -0.3170523 -0.0001095723
vn 0.4825989 -0.3169094 -0.0001104873
vn 0.4825996 -0.3169085 -0.0001104483
vn 0.4825153 0.3170367 0.0001095671
vn 0.4825297 0.3170147 0.0001086865
vn 0.4825296 0.3170151 0.0001086461
vn 0.4825158 0.317036 0.0001095409
vn 0.4825777 0.3169417 0.0001104018
vn 0.4825781 0.3169412 0.0001104067
vn 0.4083317 -0.0001411143 0.4081649
vn 0.4083011 -0.0001629636 0.4081955
vn 0.4083121 -0.0001551199 0.4081845
vn 0.4083427 -0.0001332711 0.4081539
vn 0 0.3168463 0.4826404
vn 6.094642E-07 0.3168735 0.4826225
vn 9.564319E-07 0.3168736 0.4826224
vn 0 0.3168461 0.4826405
vn 0 -0.3171622 0.4824329
vn 6.053879E-07 -0.3171579 0.4824357
vn 6.053859E-07 -0.3171577 0.4824358
vn 0 -0.3171622 0.4824329
vn 0.4082781 0.000140719 -0.4082184
vn 0.408276 0.0001614222 -0.4082205
vn 0.4082768 0.0001539902 -0.4082197
vn 0.4082788 0.0001332865 -0.4082177
vn 0 0.3171628 -0.4824325
vn 0 0.317163 -0.4824323
vn 0 0.317163 -0.4824323
vn 0 0.3171628 -0.4824325
vn 0 -0.3168417 -0.4826434
vn 0 -0.3168373 -0.4826463
vn 0 -0.3168373 -0.4826463
vn 0 -0.3168417 -0.4826434
vn -0.4825742 0.3169471 0.0001089
vn -0.4825503 0.3169835 0.0001095081
vn -0.4825505 0.3169832 0.0001095036
vn -0.4825746 0.3169466 0.0001088229
vn -0.4825616 0.3169661 0.0001044036
vn -0.4826097 0.3168931 8.18352E-05
vn 0.4825819 0.3169353 0.0001094996
vn 0.4825296 0.3170151 0.0001086461
vn 0.4825297 0.3170147 0.0001086865
vn 0.4825821 0.3169351 0.0001094595
vn 0.482578 0.3169413 0.0001064794
vn 0.4825522 0.3169806 9.965157E-05
vn 0.4825131 -0.3170402 -0.0001087126
vn 0.4825917 -0.3169205 -0.0001096056
vn 0.4825911 -0.3169214 -0.0001095989
vn 0.4825125 -0.3170409 -0.0001085609
vn 0.4824953 -0.3170672 -9.967451E-05
vn 0.4825251 -0.3170218 -5.455547E-05
vn -0.4825471 -0.3169883 -0.0001094235
vn -0.48254 -0.3169993 -0.0001094929
vn -0.48254 -0.3169991 -0.0001094924
vn -0.4825473 -0.3169881 -0.0001092614
vn -0.4825459 -0.3169901 -9.575216E-05
vn -0.4825554 -0.3169757 -7.16424E-05
vn -0.4825507 -0.3169829 -0.0001102079
vn -0.4825949 -0.3169155 -0.0001094311
vn -0.4825504 -0.3169834 -0.0001102124
vn -0.4825951 -0.3169153 -0.0001095718
vn -0.4825963 -0.3169135 -6.400155E-05
vn -0.4825516 -0.3169815 -0.0001091252
vn 0.4825502 0.3169836 0.0001103825
vn 0.4825331 0.3170097 0.000109594
vn 0.4825503 0.3169834 0.0001103884
vn 0.4825331 0.3170096 0.0001095881
vn 0.4824991 0.3170615 0.0001091091
vn 0.482547 0.3169886 0.0001090995
vn -0.4825647 0.3169616 0.0001095396
vn -0.4825471 0.3169884 0.00010948
vn -0.4825473 0.316988 0.0001095716
vn -0.4825648 0.3169614 0.0001095806
vn 0 0.5773503 0.0001996549
vn 0 0.5773503 0.0001994187
vn 0 0.5773503 0.0001994067
vn 0 0.5773503 0.0001995489
vn -0.5773503 8.434142E-06 0
vn -0.5773503 8.528226E-06 0
vn -0.5773503 1.822772E-07 0
vn -0.5773503 -1.684685E-07 0
vn 0 -0.356121 0.4544349
vn 0 -0.356121 0.4544349
vn 0 -0.3561206 0.4544353
vn 0 -0.3561206 0.4544353
vn 0.3559116 -0.0001501145 0.454599
vn 0.3559103 -0.0001475016 0.4546
vn 0.3559132 -0.0001531856 0.4545977
vn 0.3559139 -0.0001546107 0.4545972
vn -0.3559589 -0.0001501368 0.4545619
vn -0.3559411 -0.0001475297 0.4545759
vn -0.3559799 -0.0001532013 0.4545455
vn -0.3559896 -0.0001546229 0.4545379
vn 0 0.3558071 0.4546807
vn 0 0.3558071 0.4546807
vn 0 0.3558083 0.4546798
vn 0 0.3558083 0.4546798
vn -0.297536 0.1952451 0.4546262
vn -0.297592 0.1951904 0.454613
vn -0.2975368 0.1952444 0.454626
vn -0.2975177 0.195263 0.4546305
vn 0.2974892 0.195297 0.4546345
vn 0.2974872 0.1953203 0.4546258
vn 0.2974891 0.195298 0.4546342
vn 0.2974948 0.1952328 0.4546584
vn 0.297468 -0.1956227 0.4545084
vn 0.2974924 -0.1956203 0.4544934
vn 0.2974684 -0.1956227 0.4545082
vn 0.29746 -0.1956235 0.4545132
vn -0.2975335 -0.1955486 0.4544974
vn -0.2975361 -0.1955339 0.454502
vn -0.2975336 -0.195548 0.4544975
vn -0.2975264 -0.1955892 0.4544845
vn 0 -0.0001938946 0.5773503
vn 0 -0.000185951 0.5773503
vn 0 -0.0001859289 0.5773503
vn 0 -0.0001938888 0.5773503
vn 0 -0.0002024842 0.5773503
vn 0 -0.0002024588 0.5773503
vn 0 -0.000239071 0.5773503
vn 0 -0.0002390849 0.5773503
vn 0.4825996 -0.3169085 -0.0001104483
vn 0.4825724 -0.3169498 -9.965582E-05
vn 0.4825732 -0.3169486 -0.0001064783
vn 0.4825989 -0.3169094 -0.0001104873
vn -0.4825471 0.3169884 0.00010948
vn -0.482535 0.3170069 9.96459E-05
vn -0.4825506 0.316983 0.0001133104
vn -0.4825473 0.316988 0.0001095716
vn 0 0.5773503 0.0001994067
vn 0 0.5773503 0.000185475
vn 0 0.5773503 0.0001996798
vn 0 0.5773503 0.0001995489
vn 0 -0.5773503 -0.0001991673
vn 0 -0.5773503 -0.0001854751
vn 0 -0.5773503 -0.0002138842
vn 0 -0.5773503 -0.0001993576
vn 0.5773503 -1.889671E-07 -1.130305E-06
vn 0.5773503 -2.512689E-05 0
vn 0.5773503 1.324596E-05 0
vn 0.5773503 1.68478E-07 -1.130305E-06
vn -0.5773503 1.822772E-07 0
vn -0.5773503 2.512772E-05 0
vn -0.5773503 -1.324522E-05 0
vn -0.5773503 -1.684685E-07 0
vn 0.2974961 -0.1952533 -0.4546489
vn 0.2974907 -0.1952696 -0.4546453
vn 0.2974945 -0.1952581 -0.4546478
vn 0.2975104 -0.1952103 -0.4546579
vn 0.2974707 0.1955671 -0.4545305
vn 0.2974233 0.1956223 -0.4545378
vn 0.2974664 0.1955722 -0.4545312
vn 0.2974819 0.1955542 -0.4545288
vn -0.2974662 0.1955713 -0.4545316
vn -0.297458 0.1955763 -0.4545349
vn -0.2974638 0.1955728 -0.4545326
vn -0.297488 0.1955583 -0.454523
vn 0 0.3560687 -0.454476
vn 0 0.3560687 -0.454476
vn 0 0.3560646 -0.4544792
vn 0 0.3560646 -0.4544792
vn -0.3559393 0.0001594455 -0.4545773
vn -0.3559405 0.0001504988 -0.4545763
vn -0.3559372 0.0001747982 -0.4545789
vn -0.3559349 0.0001915983 -0.4545807
vn 0.3559792 0.0001643619 -0.4545461
vn 0.3559848 0.0001720201 -0.4545417
vn 0.3559695 0.0001512194 -0.4545536
vn 0.3559589 0.0001368441 -0.4545619
vn 0 -0.3557706 -0.4547094
vn 0 -0.3557706 -0.4547094
vn 0 -0.3557784 -0.4547034
vn 0 -0.3557784 -0.4547033
vn 0 0.0002058333 -0.5773503
vn 0 0.0002355063 -0.5773503
vn 0 0.0002355309 -0.5773503
vn 0 0.0002058581 -0.5773503
vn 0 0.0002058581 -0.5773503
vn 0 0.0002058367 -0.5773503
vn 0 0.0002355311 -0.5773503
vn 0 0.0002355307 -0.5773503
vn -0.4082334 -0.2242443 0.3411646
vn -0.4082127 -0.2242567 0.3411812
vn -0.4082404 -0.2242401 0.341159
vn -0.4082697 -0.2242225 0.3411355
vn -0.4082549 0.2240357 0.3412759
vn -0.4082935 0.2240323 0.341232
vn -0.4082606 0.2240352 0.3412695
vn -0.4082461 0.2240364 0.3412859
vn -0.4082563 -0.2240273 -0.3412798
vn -0.4082541 -0.2240241 -0.3412845
vn -0.4082568 -0.2240282 -0.3412786
vn -0.4082601 -0.2240329 -0.3412715
vn -0.4082662 0.2242548 -0.3411185
vn -0.4083201 0.2242437 -0.3410614
vn -0.4082734 0.2242533 -0.3411108
vn -0.4082541 0.2242573 -0.3411312
vn -0.4082305 -0.0001454721 0.4082661
vn -0.4081985 -0.0001367916 0.408298
vn -0.408255 -0.0001521259 0.4082416
vn -0.4082727 -0.0001569676 0.4082238
vn -0.4082654 0.408231 0.0001410083
vn -0.4082654 0.4082312 0.0001410078
vn -0.4082757 0.4082208 0.0001410896
vn -0.4082758 0.4082207 0.0001410899
vn -0.5773503 6.120641E-06 0
vn -0.5773503 1.039596E-05 0
vn -0.5773503 1.033948E-05 1.388751E-05
vn -0.5773503 6.031922E-06 0
vn -0.5773503 1.07749E-07 0
vn -0.5773503 0 0
vn -0.5773503 0 -1.388627E-05
vn -0.5773503 5.279201E-07 0
vn -4.735449E-07 -0.5773503 -0.000200065
vn 5.570521E-07 -0.5773503 -0.0001993332
vn -3.839213E-06 -0.5773503 -0.0002004369
vn -2.961945E-06 -0.5773503 -0.0002008091
vn 3.424046E-06 -0.5773503 -0.0001993625
vn 6.100911E-06 -0.5773503 -0.0001984221
vn 2.421574E-06 -0.5773503 -0.0001993226
vn 6.653479E-06 -0.5773503 -0.0001975023
vn -4.813111E-06 -0.5773503 -0.0002025492
vn 3.01793E-07 -0.5773503 -0.0001968686
vn -4.905238E-06 -0.5773503 -0.0002022206
vn -1.547509E-06 -0.5773503 -0.0001957864
vn -8.77448E-07 -0.5773503 -0.0001965371
vn 1.443128E-07 -0.5773503 -0.0001942628
vn -1.173848E-07 -0.5773503 -0.0001980344
vn 0 -0.5773503 -0.0001958332
vn -7.660311E-08 -0.5773503 -0.0002005591
vn 0 -0.5773503 -0.0001950204
vn -1.937617E-07 -0.5773503 -0.0002063316
vn 0 -0.5773503 -0.000196272
vn 0 -0.5773503 -0.0002048187
vn 0 -0.5773503 -0.0001954893
vn 0 -0.5773503 -0.0002057013
vn 0 -0.5773503 -0.0001958707
vn 0 -0.5773503 -0.0002049133
vn 0 -0.5773503 -0.0001935775
vn 0 -0.5773503 -0.0002048927
vn 0 -0.5773503 -0.0001935865
vn 0 -0.5773503 -0.000204474
vn 0 -0.5773503 -0.0001953958
vn 0 -0.5773503 -0.0002042758
vn 0 -0.5773503 -0.0001972878
vn 0 -0.5773503 -0.0002016847
vn 0 -0.5773503 -0.0001950202
vn 0 -0.5773503 -0.0002013258
vn 0 -0.5773503 -0.0001977497
vn 0 -0.5773503 -0.0002044343
vn -1.827764E-07 -0.5773503 -0.0001912323
vn 0 -0.5773503 -0.0002021817
vn -7.280669E-08 -0.5773503 -0.0001963572
vn 4.994911E-07 -0.5773503 -0.0002039319
vn 5.628357E-07 -0.5773503 -0.0001943123
vn 8.153673E-07 -0.5773503 -0.0002027369
vn -5.148535E-07 -0.5773503 -0.0001957252
vn -1.365304E-06 -0.5773503 -0.0002021028
vn -4.71434E-06 -0.5773503 -0.0002013278
vn 2.861523E-07 -0.5773503 -0.000201161
vn -4.809278E-06 -0.5773503 -0.000201919
vn 6.732689E-06 -0.5773503 -0.0001976512
vn 2.229548E-06 -0.5773503 -0.0001982769
vn 5.919489E-06 -0.5773503 -0.0001980458
vn 3.224672E-06 -0.5773503 -0.0001981727
vn -3.219496E-06 -0.5773503 -0.0002014964
vn 5.017569E-07 -0.5773503 -0.0001999796
vn -3.976964E-06 -0.5773503 -0.000201967
vn -5.260487E-07 -0.5773503 -0.0002002221
vt 0.716668 0.4732137
vt 0.716668 0.5973158
vt 0.7166682 0.6593665
vt 0.716668 0.4732137
vt 0.716668 0.5352647
vt 0.716668 0.5973158
vt 0.4303006 0.3491121
vt 0.5734843 0.3491121
vt 0.6450759 0.3491121
vt 0.4303006 0.3491121
vt 0.5018924 0.3491121
vt 0.5734843 0.3491121
vt 0.2155253 0.3491123
vt 0.3587087 0.3491123
vt 0.4303006 0.3491121
vt 0.9602785 -0.09115016
vt 0.4303006 0.3491121
vt 0.6450759 0.3491121
vt 0.6987699 0.3646248
vt 0.7166677 0.4111629
vt 0.716668 0.4732137
vt 0.7166682 0.6593665
vt 0.04148424 -0.09114921
vt 0.1618313 0.364625
vt 0.1439334 0.4111633
vt 0.04148448 0.7751722
vt 0.1439334 0.4732142
vt 0.1439334 0.5352652
vt 0.1439334 0.597316
vt 0.1439338 0.6593671
vt 0.1618315 0.7059051
vt 0.2155253 0.7214179
vt 0.2871171 0.7214179
vt 0.358709 0.7214179
vt 0.4303008 0.7214177
vt 0.5018927 0.7214177
vt 0.5734845 0.7214177
vt 0.6450763 0.7214177
vt 0.960279 0.7751713
vt 0.6987701 0.705905
vt 1.618368 -0.09115016
vt 1.618368 0.7751715
vt 1.626727 0.7751715
vt 1.626727 -0.09114969
vt 2.382935 0.7751715
vt 2.382935 -0.09114969
vt 1.626727 0.7835299
vt 2.382935 0.7835299
vt 0.2155253 0.3491123
vt 0.2871171 0.3491123
vt 0.3587087 0.3491123
vt 1.827716 1.001179
vt 1.832964 1.001179
vt 1.832964 0.9906834
vt 1.832964 0.9906834
vt 1.822468 0.9906834
vt 1.827716 1.001179
vt 1.822468 0.9906834
vt 1.822468 0.9959316
vt 1.827716 1.001179
vt -0.03117635 1.520183
vt -0.03117635 1.528129
vt -0.02595684 1.520183
vt -0.03117627 1.498456
vt -0.02595692 1.498456
vt -0.03117627 1.490512
vt 1.828247 1.520191
vt 1.833457 1.520191
vt 1.833457 1.528121
vt 1.828247 1.498449
vt 1.833457 1.490519
vt 1.833457 1.498449
vt 1.809806 1.520184
vt 1.809806 1.528129
vt 1.815025 1.520184
vt 1.809801 1.498464
vt 1.81503 1.498464
vt 1.809801 1.490504
vt 1.822098 1.517293
vt 1.822098 1.501347
vt 1.827065 1.501347
vt 1.822098 1.517293
vt 1.827065 1.501347
vt 1.827065 1.517293
vt 1.828363 1.517309
vt 1.828363 1.501331
vt 1.833341 1.501331
vt 1.828363 1.517309
vt 1.833341 1.501331
vt 1.833341 1.517309
vt 1.833689 1.491167
vt 1.836613 1.496585
vt 1.834398 1.499958
vt 1.833689 1.491167
vt 1.834398 1.499958
vt 1.82898 1.498337
vt -0.5446132 1.5173
vt -0.5502416 1.515617
vt -0.5502416 1.503023
vt -0.5446132 1.5173
vt -0.5502416 1.503023
vt -0.5446132 1.50134
vt 0.7813677 1.491004
vt -0.2236343 1.497964
vt -0.2236343 1.491004
vt 0.7813677 1.497964
vt 1.501203 1.497964
vt 1.501203 1.491004
vt -0.1496551 1.502611
vt 0.7691368 1.516029
vt -0.1496551 1.516029
vt 0.7691368 1.502611
vt 1.427224 1.516029
vt 1.427224 1.502611
vt 0.7830582 1.527636
vt -0.2218961 1.520676
vt -0.2218961 1.527636
vt 0.7830582 1.520676
vt 1.50286 1.520676
vt 1.50286 1.527636
vt 1.512002 1.520676
vt 1.512002 1.527636
vt 0.9602802 1.502611
vt 0.04149175 1.502611
vt 0.04149175 1.516029
vt 0.9602802 1.516029
vt 1.618365 1.502611
vt 1.618365 1.516029
vt 1.626724 1.516029
vt 1.626724 1.502611
vt 2.382928 1.516029
vt 2.382928 1.502611
vt -0.2236175 1.527636
vt -0.2236175 1.520676
vt 0.7813649 1.520676
vt 0.7813649 1.527636
vt 1.501186 1.527636
vt 1.501186 1.520676
vt 0.1151354 1.495651
vt 0.1850022 1.522989
vt 0.1949949 1.495651
vt 0.1101392 1.522989
vt 0.0352761 1.495651
vt 0.0352761 1.522989
vt -0.04458319 1.495651
vt -0.03958696 1.522989
vt -0.1244427 1.495651
vt -0.11445 1.522989
vt -0.2043022 1.495651
vt -0.1893131 1.522989
vt -0.2641969 1.495651
vt -0.2454603 1.522989
vt -0.1893131 1.522989
vt -0.2454603 1.518173
vt -0.2454603 1.522989
vt -0.1893131 1.518173
vt -0.11445 1.522989
vt -0.2454603 1.506599
vt -0.11445 1.518173
vt -0.03958696 1.522989
vt -0.1893131 1.506599
vt -0.2454603 1.499824
vt -0.1893131 1.499824
vt -0.11445 1.506599
vt -0.11445 1.499824
vt -0.03958696 1.518173
vt 0.0352761 1.522989
vt -0.03958696 1.506599
vt -0.03958696 1.499824
vt 0.0352761 1.518173
vt 0.1101392 1.522989
vt 0.0352761 1.506599
vt 0.0352761 1.499824
vt 0.1101392 1.518173
vt 0.1850022 1.522989
vt 0.1101392 1.506599
vt 0.1101392 1.499824
vt 0.1850022 1.518173
vt 0.2598653 1.522989
vt 0.1850022 1.506599
vt 0.1850022 1.499824
vt 0.2598653 1.518173
vt 0.3160124 1.522989
vt 0.3160124 1.518173
vt 0.2598653 1.506599
vt 0.2598653 1.499824
vt 0.3160124 1.506599
vt 0.3160124 1.499824
vt 0.9532668 1.49522
vt 0.9920833 1.52342
vt 1.007735 1.49522
vt 0.9418834 1.52342
vt 0.8806419 1.49522
vt 0.8749503 1.52342
vt 0.8080176 1.49522
vt 0.8080176 1.52342
vt 0.735393 1.49522
vt 0.7410845 1.52342
vt 0.6627685 1.49522
vt 0.6741517 1.52342
vt 0.6083 1.49522
vt 0.6239519 1.52342
vt 0.6741517 1.52342
vt 0.6239519 1.518452
vt 0.6239519 1.52342
vt 0.6741517 1.518452
vt 0.7410845 1.52342
vt 0.6239519 1.506513
vt 0.7410845 1.518452
vt 0.8080176 1.52342
vt 0.6741517 1.506513
vt 0.6239519 1.499525
vt 0.6741517 1.499525
vt 0.7410845 1.506513
vt 0.7410845 1.499525
vt 0.8080176 1.518452
vt 0.8749503 1.52342
vt 0.8080176 1.506513
vt 0.8080176 1.499525
vt 0.8749503 1.518452
vt 0.9418834 1.52342
vt 0.8749503 1.506513
vt 0.8749503 1.499525
vt 0.9418834 1.518452
vt 0.9920833 1.52342
vt 0.9920833 1.518452
vt 0.9418834 1.506513
vt 0.9418834 1.499525
vt 0.9920833 1.506513
vt 0.9920833 1.499525
vt 0.6357251 1.507671
vt 0.6357251 1.50113
vt 0.6827137 1.50113
vt 0.6827137 1.507671
vt 0.6357251 1.518847
vt 0.7453652 1.50113
vt 0.6827137 1.518847
vt 0.6357251 1.523497
vt 0.6827137 1.523497
vt 0.7453652 1.507671
vt 0.8080169 1.50113
vt 0.7453652 1.518847
vt 0.7453652 1.523497
vt 0.8080169 1.507671
vt 0.8706686 1.50113
vt 0.8080169 1.518847
vt 0.8080169 1.523497
vt 0.8706686 1.507671
vt 0.9333201 1.50113
vt 0.8706686 1.518847
vt 0.8706686 1.523497
vt 0.9333201 1.507671
vt 0.9803088 1.50113
vt 0.9803088 1.507671
vt 0.9333201 1.518847
vt 0.9333201 1.523497
vt 0.9803088 1.518847
vt 0.9803088 1.523497
vt -0.2302158 1.507697
vt -0.2302158 1.501192
vt -0.1763034 1.501192
vt -0.1763034 1.507697
vt -0.2302158 1.51881
vt -0.1044202 1.501192
vt -0.1763034 1.51881
vt -0.2302158 1.523435
vt -0.1763034 1.523435
vt -0.1044202 1.507697
vt -0.0325373 1.501192
vt -0.1044202 1.51881
vt -0.1044202 1.523435
vt -0.0325373 1.507697
vt 0.03934587 1.501192
vt -0.0325373 1.51881
vt -0.0325373 1.523435
vt 0.03934587 1.507697
vt 0.111229 1.501192
vt 0.03934587 1.51881
vt 0.03934587 1.523435
vt 0.111229 1.507697
vt 0.1831122 1.501192
vt 0.111229 1.51881
vt 0.111229 1.523435
vt 0.1831122 1.507697
vt 0.2549951 1.501192
vt 0.1831122 1.51881
vt 0.1831122 1.523435
vt 0.2549951 1.507697
vt 0.3089076 1.501192
vt 0.3089076 1.507697
vt 0.2549951 1.51881
vt 0.2549951 1.523435
vt 0.3089076 1.51881
vt 0.3089076 1.523435
vt 2.023038 0.8089156
vt 2.779248 1.466212
vt 2.023039 1.466212
vt 2.779248 0.8089156
vt 2.779248 0.8067946
vt 2.023038 0.8067948
vt 0.9871354 1.502611
vt 1.644422 1.516029
vt 1.644422 1.502611
vt 0.9871354 1.516029
vt 0.9850144 1.516029
vt 0.9850144 1.502611
vt 1.848067 0.9687157
vt 1.189978 0.9687155
vt 1.189977 0.102394
vt 1.848067 0.102394
vt 1.856425 0.1023944
vt 1.856425 0.9687157
vt 2.612634 0.1023944
vt 2.612634 0.9687157
vt 2.612634 0.9770741
vt 1.856425 0.9770741
vt 2.612635 1.751251
vt 1.856425 1.751251
vt 0.2806174 1.502611
vt 0.2806174 1.516029
vt 1.14693 1.516029
vt 1.14693 1.502611
vt 1.155289 1.516029
vt 1.155289 1.502611
vt 1.929457 1.516029
vt 1.929457 1.502611
vt 0.9871354 1.516029
vt 1.644422 1.502611
vt 1.644422 1.516029
vt 0.9871352 1.502611
vt 0.9850144 1.502611
vt 0.9850147 1.516029
vt -0.2207524 0.8089156
vt -0.9769611 1.466212
vt -0.2207524 1.466212
vt -0.9769617 0.8089154
vt -0.9769617 0.8067946
vt -0.2207524 0.8067946
vt 2.023046 1.516029
vt 2.023046 1.502611
vt 2.779241 1.502611
vt 2.779241 1.516029
vt 1.502893 1.491004
vt 1.512036 1.497964
vt 1.512036 1.491004
vt 1.502893 1.497964
vt 0.7830635 1.497964
vt 0.7830635 1.491004
vt -0.2219296 1.491004
vt -0.2219296 1.497964
vt 1.82128 0.9959316
vt 1.82128 0.9894953
vt 1.834152 1.002367
vt 1.827716 1.002367
vt 1.150861 1.491004
vt 0.2032561 1.491004
vt 0.2032561 1.497964
vt 1.150861 1.497964
vt 1.160004 1.497964
vt 1.160004 1.491004
vt 2.006818 1.491004
vt 2.006818 1.497964
vt 0.9936461 1.527636
vt 1.002789 1.527636
vt 1.002789 1.520676
vt 0.9936461 1.520676
vt 0.04602081 1.527636
vt 0.04602081 1.520676
vt -0.02608121 1.517299
vt -0.02608121 1.501341
vt -0.03105198 1.501341
vt -0.03105198 1.517299
vt -0.1852695 1.520676
vt -1.012447 1.520676
vt -1.012447 1.527636
vt -0.1852695 1.527636
vt -0.1852667 1.491004
vt -1.01245 1.491004
vt -1.01245 1.497964
vt -0.1852667 1.497964
vt 1.814899 1.517293
vt 1.814899 1.501347
vt 1.809932 1.501347
vt 1.809932 1.517293
vt 1.987553 1.520676
vt 2.814734 1.520676
vt 2.814734 1.527636
vt 1.987553 1.527636
vt 1.98755 1.491004
vt 2.814737 1.491004
vt 2.814737 1.497964
vt 1.98755 1.497964
vt 0.9563944 1.520676
vt 1.675362 1.520676
vt 1.675362 1.527636
vt 0.9563941 1.527636
vt 0.9540747 1.520676
vt 0.9540744 1.527636
vt -0.8144734 1.520676
vt -1.661309 1.520676
vt -1.661309 1.527636
vt -0.8144734 1.527636
vt -0.8087561 1.520676
vt -0.8087561 1.527636
vt 0.9563898 1.497964
vt 1.675366 1.497964
vt 1.675366 1.491004
vt 0.9563898 1.491004
vt 0.9540697 1.497964
vt 0.9540697 1.491004
vt -0.8144779 1.497964
vt -1.661305 1.497964
vt -1.661305 1.491004
vt -0.8144776 1.491004
vt -0.808761 1.497964
vt -0.8087607 1.491004
vt 1.675358 1.497964
vt 0.956398 1.491004
vt 1.675358 1.491004
vt 0.9563977 1.497964
vt 0.9540783 1.491004
vt 0.954078 1.497964
vt 1.675371 1.520676
vt 0.9563855 1.527636
vt 1.675371 1.527636
vt 0.9563855 1.520676
vt 0.9540654 1.527636
vt 0.9540654 1.520676
vt 1.337638 1.520676
vt 2.184457 1.520676
vt 2.184456 1.527636
vt 1.337638 1.527636
vt -0.2207535 1.195744
vt -0.9769628 1.195744
vt -0.9769628 1.969921
vt -0.220753 1.969921
vt 1.373964 1.516029
vt 1.373964 1.502611
vt 2.14813 1.502611
vt 2.148131 1.516029
vt 1.975029 1.490523
vt 1.977671 1.49542
vt 2.824614 1.49542
vt 2.827257 1.490523
vt -0.02624205 1.501758
vt -0.03114005 1.503223
vt -0.03114005 1.515417
vt -0.02624205 1.516882
vt 1.828525 1.516889
vt 1.833427 1.515422
vt 1.833427 1.503218
vt 1.828525 1.501751
vt -0.1727404 1.528117
vt -0.1753832 1.52322
vt -1.022331 1.52322
vt -1.024974 1.528117
vt 1.833644 1.527499
vt 1.836286 1.522601
vt 1.833831 1.518863
vt 1.828934 1.520328
vt -0.03400119 1.522601
vt -0.03135815 1.527499
vt -0.0266482 1.520328
vt -0.03154625 1.518863
vt -0.03135822 1.49114
vt -0.03400142 1.496039
vt -0.03154633 1.499776
vt -0.02664797 1.498312
vt 1.836286 1.496039
vt 1.833644 1.491141
vt 1.828934 1.498312
vt 1.833831 1.499777
vt 2.779079 1.50391
vt 2.7769 1.500594
vt 2.025385 1.500594
vt 2.023206 1.503911
vt 2.779079 1.514729
vt 2.023206 1.514729
vt 2.7769 1.518046
vt 2.025385 1.518046
vt -0.6572595 1.497964
vt -0.6515419 1.497964
vt -0.6515419 1.491004
vt -0.6572595 1.491004
vt -0.6572598 1.520675
vt -0.6515414 1.520675
vt -0.6515417 1.527637
vt -0.6572601 1.527637
vt 2.023066 -0.8352286
vt 2.023066 -0.8300025
vt 2.779218 -0.8300024
vt 2.779218 -0.8352286
vt -0.2207765 -0.8352287
vt -0.2207765 -0.8300023
vt -0.9769393 -0.8300023
vt -0.9769393 -0.8352283
vt -0.6570135 1.516028
vt -0.6517879 1.516028
vt -0.6517879 1.502612
vt -0.6570135 1.502612
vt -0.6570135 1.502612
vt -0.6517882 1.502612
vt -0.6517879 1.516028
vt -0.6570132 1.516028
vt -0.0343289 1.496585
vt -0.03140517 1.491167
vt -0.02669529 1.498337
vt -0.03211394 1.499958
vt -0.03140512 1.527472
vt -0.03432869 1.522054
vt -0.03211385 1.518682
vt -0.0266955 1.520303
vt 1.836613 1.522054
vt 1.833689 1.527472
vt 1.82898 1.520303
vt 1.834399 1.518683
vt -0.1756897 1.522612
vt -0.1727659 1.528031
vt -1.02495 1.528031
vt -1.022026 1.522612
vt 1.834032 1.515261
vt 1.828613 1.516882
vt 1.828613 1.501758
vt 1.834032 1.503379
vt -0.03174735 1.50338
vt -0.02632855 1.501759
vt -0.02632855 1.516881
vt -0.03174735 1.51526
vt 1.977925 1.496027
vt 1.975 1.490609
vt 2.827284 1.490609
vt 2.824359 1.496027
vt 2.023668 1.504049
vt 2.025634 1.501056
vt 2.77665 1.501056
vt 2.778616 1.504049
vt 2.778616 1.514591
vt 2.023669 1.514591
vt 2.77665 1.517583
vt 2.025634 1.517583
vt -0.1313738 1.490921
vt -0.1246414 1.490921
vt -0.130716 1.50017
vt -0.1363433 1.498487
vt -0.1368262 1.520153
vt -0.1311991 1.51847
vt -0.1288204 1.522091
vt -0.1318569 1.527719
vt 1.172616 1.498486
vt 1.16699 1.500169
vt 1.160917 1.490922
vt 1.167647 1.490922
vt 1.168131 1.52772
vt 1.165093 1.522091
vt 1.167473 1.518469
vt 1.173102 1.520152
vt -0.5446137 1.50134
vt -0.5502418 1.503024
vt -0.5502418 1.515616
vt -0.5446137 1.5173
vt -0.544614 -0.175193
vt -0.5502415 -0.1721565
vt -0.5502412 0.8520013
vt -0.5446137 0.8550376
vt 0.08752733 1.516476
vt 0.08552697 1.513431
vt 0.08552697 1.502843
vt 0.09063532 1.495065
vt 0.9487468 1.516476
vt 0.9456389 1.495065
vt 0.9507476 1.502843
vt 0.9507476 1.513431
vt 0.3257124 0.6298023
vt 0.3515843 0.6298023
vt 0.3515843 0.6974591
vt 0.3257124 0.6918532
vt 0.3257124 0.5677515
vt 0.3515843 0.7651157
vt 0.3515843 0.5621455
vt 0.3257126 0.7539037
vt 0.3257121 0.5057009
vt 0.3320692 0.8158582
vt 0.351584 0.4944891
vt 0.3078145 0.800442
vt 0.3078144 0.4591629
vt 0.2735249 0.8327724
vt 0.3320691 0.4437464
vt 0.254121 0.8159546
vt 0.2541205 0.4436503
vt 0.1954652 0.8327726
vt 0.2735243 0.4268323
vt 0.1825294 0.8159546
vt 0.1825291 0.4436503
vt 0.1174055 0.8327726
vt 0.1954649 0.4268323
vt 0.1109378 0.8159546
vt 0.1109375 0.4436503
vt 0.03934616 0.8327726
vt 0.1174055 0.4268323
vt 0.03934616 0.8159546
vt 0.03934592 0.4436503
vt -0.03871325 0.8327729
vt 0.03934592 0.4268323
vt -0.03224545 0.8159549
vt -0.03224569 0.4436505
vt -0.1167729 0.8327729
vt -0.03871372 0.4268326
vt -0.103837 0.8159549
vt -0.103837 0.4436505
vt -0.1948323 0.8327729
vt -0.1167731 0.4268326
vt -0.1754286 0.8159549
vt -0.1754286 0.4436505
vt -0.253377 0.8158588
vt -0.1948323 0.4268326
vt -0.2291223 0.8004422
vt -0.2291225 0.4591632
vt -0.2728919 0.7651162
vt -0.2533772 0.4437468
vt -0.24702 0.7539043
vt -0.2470203 0.5057014
vt -0.2728922 0.6974593
vt -0.2728922 0.4944893
vt -0.2470203 0.6918534
vt -0.2470203 0.567752
vt -0.2728922 0.6298028
vt -0.2728922 0.5621461
vt -0.2470203 0.6298028
usemtl WhiteCountertop1
f 3/3/3 2/2/2 1/1/1
f 6/6/6 5/5/5 4/4/4
f 9/9/9 8/8/8 7/7/7
f 12/12/12 11/11/11 10/10/10
f 15/15/15 14/14/14 13/13/13
f 17/17/17 13/13/13 16/16/16
f 16/16/16 18/18/18 17/17/17
f 16/16/16 19/19/19 18/18/18
f 16/16/16 20/20/20 19/19/19
f 16/16/16 21/21/21 20/20/20
f 16/16/16 22/22/22 21/21/21
f 23/23/23 16/16/16 13/13/13
f 13/13/13 24/24/24 23/23/23
f 24/24/24 25/25/25 23/23/23
f 25/25/25 26/26/26 23/23/23
f 26/26/26 25/25/25 27/27/27
f 26/26/26 27/27/27 28/28/28
f 26/26/26 28/28/28 29/29/29
f 26/26/26 29/29/29 30/30/30
f 26/26/26 30/30/30 31/31/31
f 26/26/26 31/31/31 32/32/32
f 26/26/26 32/32/32 33/33/33
f 26/26/26 33/33/33 34/34/34
f 26/26/26 34/34/34 35/35/35
f 26/26/26 35/35/35 36/36/36
f 26/26/26 36/36/36 37/37/37
f 26/26/26 37/37/37 38/38/38
f 38/38/38 39/39/39 26/26/26
f 39/39/39 38/38/38 40/40/40
f 39/39/39 40/40/40 22/22/22
f 22/22/22 16/16/16 39/39/39
f 39/39/39 16/16/16 41/41/41
f 42/42/42 39/39/39 41/41/41
f 43/43/43 42/42/42 41/41/41
f 44/44/44 43/43/43 41/41/41
f 45/45/45 43/43/43 44/44/44
f 46/46/46 45/45/45 44/44/44
f 43/43/43 45/45/45 47/47/47
f 45/45/45 48/48/48 47/47/47
f 51/51/51 50/50/50 49/49/49
f 54/54/54 53/53/53 52/52/52
f 57/57/57 56/56/56 55/55/55
f 60/60/60 59/59/59 58/58/58
f 63/63/63 62/62/62 61/61/61
f 66/66/66 65/65/65 64/64/64
f 69/69/69 68/68/68 67/67/67
f 72/72/72 71/71/71 70/70/70
f 75/75/75 74/74/74 73/73/73
f 78/78/78 77/77/77 76/76/76
f 81/81/81 80/80/80 79/79/79
f 84/84/84 83/83/83 82/82/82
f 87/87/87 86/86/86 85/85/85
f 90/90/90 89/89/89 88/88/88
f 93/93/93 92/92/92 91/91/91
f 96/96/96 95/95/95 94/94/94
f 99/99/99 98/98/98 97/97/97
f 102/102/102 101/101/101 100/100/100
f 105/105/105 104/104/104 103/103/103
f 104/104/104 106/106/106 103/103/103
f 103/103/103 106/106/106 107/107/107
f 108/108/108 103/103/103 107/107/107
f 111/111/111 110/110/110 109/109/109
f 110/110/110 112/112/112 109/109/109
f 112/112/112 110/110/110 113/113/113
f 114/114/114 112/112/112 113/113/113
f 117/117/117 116/116/116 115/115/115
f 116/116/116 118/118/118 115/115/115
f 115/115/115 118/118/118 119/119/119
f 120/120/120 115/115/115 119/119/119
f 119/119/119 121/121/121 120/120/120
f 121/121/121 122/122/122 120/120/120
f 125/125/125 124/124/124 123/123/123
f 126/126/126 125/125/125 123/123/123
f 126/126/126 123/123/123 127/127/127
f 128/128/128 126/126/126 127/127/127
f 128/128/128 127/127/127 129/129/129
f 127/127/127 130/130/130 129/129/129
f 131/131/131 129/129/129 130/130/130
f 132/132/132 131/131/131 130/130/130
f 135/135/135 134/134/134 133/133/133
f 136/136/136 135/135/135 133/133/133
f 135/135/135 136/136/136 137/137/137
f 138/138/138 135/135/135 137/137/137
f 141/141/141 140/140/140 139/139/139
f 140/140/140 142/142/142 139/139/139
f 139/139/139 142/142/142 143/143/143
f 142/142/142 144/144/144 143/143/143
f 143/143/143 144/144/144 145/145/145
f 144/144/144 146/146/146 145/145/145
f 145/145/145 146/146/146 147/147/147
f 146/146/146 148/148/148 147/147/147
f 147/147/147 148/148/148 149/149/149
f 148/148/148 150/150/150 149/149/149
f 149/149/149 150/150/150 151/151/151
f 150/150/150 152/152/152 151/151/151
f 155/155/155 154/154/154 153/153/153
f 154/154/154 156/156/156 153/153/153
f 153/153/153 156/156/156 157/157/157
f 154/154/154 158/158/158 156/156/156
f 156/156/156 159/159/159 157/157/157
f 157/157/157 159/159/159 160/160/160
f 158/158/158 161/161/161 156/156/156
f 156/156/156 161/161/161 159/159/159
f 158/158/158 162/162/162 161/161/161
f 162/162/162 163/163/163 161/161/161
f 161/161/161 163/163/163 164/164/164
f 161/161/161 164/164/164 159/159/159
f 163/163/163 165/165/165 164/164/164
f 159/159/159 166/166/166 160/160/160
f 159/159/159 164/164/164 166/166/166
f 160/160/160 166/166/166 167/167/167
f 164/164/164 165/165/165 168/168/168
f 164/164/164 168/168/168 166/166/166
f 165/165/165 169/169/169 168/168/168
f 166/166/166 170/170/170 167/167/167
f 166/166/166 168/168/168 170/170/170
f 167/167/167 170/170/170 171/171/171
f 168/168/168 169/169/169 172/172/172
f 168/168/168 172/172/172 170/170/170
f 169/169/169 173/173/173 172/172/172
f 170/170/170 174/174/174 171/171/171
f 170/170/170 172/172/172 174/174/174
f 171/171/171 174/174/174 175/175/175
f 172/172/172 173/173/173 176/176/176
f 172/172/172 176/176/176 174/174/174
f 173/173/173 177/177/177 176/176/176
f 174/174/174 178/178/178 175/175/175
f 174/174/174 176/176/176 178/178/178
f 175/175/175 178/178/178 179/179/179
f 176/176/176 177/177/177 180/180/180
f 176/176/176 180/180/180 178/178/178
f 177/177/177 181/181/181 180/180/180
f 178/178/178 182/182/182 179/179/179
f 178/178/178 180/180/180 182/182/182
f 179/179/179 182/182/182 183/183/183
f 182/182/182 184/184/184 183/183/183
f 180/180/180 181/181/181 185/185/185
f 180/180/180 185/185/185 182/182/182
f 182/182/182 185/185/185 184/184/184
f 181/181/181 186/186/186 185/185/185
f 185/185/185 187/187/187 184/184/184
f 185/185/185 186/186/186 187/187/187
f 186/186/186 188/188/188 187/187/187
f 191/191/191 190/190/190 189/189/189
f 190/190/190 192/192/192 189/189/189
f 189/189/189 192/192/192 193/193/193
f 192/192/192 194/194/194 193/193/193
f 193/193/193 194/194/194 195/195/195
f 194/194/194 196/196/196 195/195/195
f 195/195/195 196/196/196 197/197/197
f 196/196/196 198/198/198 197/197/197
f 197/197/197 198/198/198 199/199/199
f 198/198/198 200/200/200 199/199/199
f 199/199/199 200/200/200 201/201/201
f 200/200/200 202/202/202 201/201/201
f 205/205/205 204/204/204 203/203/203
f 204/204/204 206/206/206 203/203/203
f 203/203/203 206/206/206 207/207/207
f 204/204/204 208/208/208 206/206/206
f 206/206/206 209/209/209 207/207/207
f 207/207/207 209/209/209 210/210/210
f 208/208/208 211/211/211 206/206/206
f 206/206/206 211/211/211 209/209/209
f 208/208/208 212/212/212 211/211/211
f 212/212/212 213/213/213 211/211/211
f 211/211/211 213/213/213 214/214/214
f 211/211/211 214/214/214 209/209/209
f 213/213/213 215/215/215 214/214/214
f 209/209/209 216/216/216 210/210/210
f 209/209/209 214/214/214 216/216/216
f 210/210/210 216/216/216 217/217/217
f 214/214/214 215/215/215 218/218/218
f 214/214/214 218/218/218 216/216/216
f 215/215/215 219/219/219 218/218/218
f 216/216/216 220/220/220 217/217/217
f 216/216/216 218/218/218 220/220/220
f 217/217/217 220/220/220 221/221/221
f 218/218/218 219/219/219 222/222/222
f 218/218/218 222/222/222 220/220/220
f 219/219/219 223/223/223 222/222/222
f 220/220/220 224/224/224 221/221/221
f 220/220/220 222/222/222 224/224/224
f 221/221/221 224/224/224 225/225/225
f 224/224/224 226/226/226 225/225/225
f 222/222/222 223/223/223 227/227/227
f 222/222/222 227/227/227 224/224/224
f 224/224/224 227/227/227 226/226/226
f 223/223/223 228/228/228 227/227/227
f 227/227/227 229/229/229 226/226/226
f 227/227/227 228/228/228 229/229/229
f 228/228/228 230/230/230 229/229/229
f 233/233/233 232/232/232 231/231/231
f 234/234/234 233/233/233 231/231/231
f 234/234/234 231/231/231 235/235/235
f 236/236/236 233/233/233 234/234/234
f 237/237/237 234/234/234 235/235/235
f 237/237/237 235/235/235 238/238/238
f 239/239/239 237/237/237 238/238/238
f 240/240/240 236/236/236 234/234/234
f 240/240/240 234/234/234 237/237/237
f 241/241/241 236/236/236 240/240/240
f 242/242/242 237/237/237 239/239/239
f 242/242/242 240/240/240 237/237/237
f 243/243/243 242/242/242 239/239/239
f 244/244/244 241/241/241 240/240/240
f 244/244/244 240/240/240 242/242/242
f 245/245/245 241/241/241 244/244/244
f 246/246/246 242/242/242 243/243/243
f 246/246/246 244/244/244 242/242/242
f 247/247/247 246/246/246 243/243/243
f 248/248/248 245/245/245 244/244/244
f 248/248/248 244/244/244 246/246/246
f 249/249/249 245/245/245 248/248/248
f 250/250/250 246/246/246 247/247/247
f 250/250/250 248/248/248 246/246/246
f 251/251/251 250/250/250 247/247/247
f 252/252/252 249/249/249 248/248/248
f 252/252/252 248/248/248 250/250/250
f 253/253/253 249/249/249 252/252/252
f 254/254/254 253/253/253 252/252/252
f 255/255/255 250/250/250 251/251/251
f 255/255/255 252/252/252 250/250/250
f 254/254/254 252/252/252 255/255/255
f 256/256/256 255/255/255 251/251/251
f 257/257/257 254/254/254 255/255/255
f 257/257/257 255/255/255 256/256/256
f 258/258/258 257/257/257 256/256/256
f 261/261/261 260/260/260 259/259/259
f 262/262/262 261/261/261 259/259/259
f 262/262/262 259/259/259 263/263/263
f 264/264/264 261/261/261 262/262/262
f 265/265/265 262/262/262 263/263/263
f 265/265/265 263/263/263 266/266/266
f 267/267/267 265/265/265 266/266/266
f 268/268/268 264/264/264 262/262/262
f 268/268/268 262/262/262 265/265/265
f 269/269/269 264/264/264 268/268/268
f 270/270/270 265/265/265 267/267/267
f 270/270/270 268/268/268 265/265/265
f 271/271/271 270/270/270 267/267/267
f 272/272/272 269/269/269 268/268/268
f 272/272/272 268/268/268 270/270/270
f 273/273/273 269/269/269 272/272/272
f 274/274/274 270/270/270 271/271/271
f 274/274/274 272/272/272 270/270/270
f 275/275/275 274/274/274 271/271/271
f 276/276/276 273/273/273 272/272/272
f 276/276/276 272/272/272 274/274/274
f 277/277/277 273/273/273 276/276/276
f 278/278/278 274/274/274 275/275/275
f 278/278/278 276/276/276 274/274/274
f 279/279/279 278/278/278 275/275/275
f 280/280/280 277/277/277 276/276/276
f 280/280/280 276/276/276 278/278/278
f 281/281/281 277/277/277 280/280/280
f 282/282/282 278/278/278 279/279/279
f 282/282/282 280/280/280 278/278/278
f 283/283/283 282/282/282 279/279/279
f 284/284/284 281/281/281 280/280/280
f 284/284/284 280/280/280 282/282/282
f 285/285/285 281/281/281 284/284/284
f 286/286/286 282/282/282 283/283/283
f 286/286/286 284/284/284 282/282/282
f 287/287/287 286/286/286 283/283/283
f 288/288/288 285/285/285 284/284/284
f 288/288/288 284/284/284 286/286/286
f 289/289/289 285/285/285 288/288/288
f 290/290/290 289/289/289 288/288/288
f 291/291/291 286/286/286 287/287/287
f 291/291/291 288/288/288 286/286/286
f 290/290/290 288/288/288 291/291/291
f 292/292/292 291/291/291 287/287/287
f 293/293/293 290/290/290 291/291/291
f 293/293/293 291/291/291 292/292/292
f 294/294/294 293/293/293 292/292/292
f 297/297/297 296/296/296 295/295/295
f 296/296/296 298/298/298 295/295/295
f 298/298/298 299/299/299 295/295/295
f 299/299/299 300/300/300 295/295/295
f 303/303/303 302/302/302 301/301/301
f 302/302/302 304/304/304 301/301/301
f 304/304/304 305/305/305 301/301/301
f 305/305/305 306/306/306 301/301/301
f 309/309/309 308/308/308 307/307/307
f 310/310/310 309/309/309 307/307/307
f 311/311/311 310/310/310 307/307/307
f 312/312/312 311/311/311 307/307/307
f 313/313/313 311/311/311 312/312/312
f 314/314/314 313/313/313 312/312/312
f 315/315/315 314/314/314 312/312/312
f 316/316/316 315/315/315 312/312/312
f 317/317/317 315/315/315 316/316/316
f 318/318/318 317/317/317 316/316/316
f 321/321/321 320/320/320 319/319/319
f 322/322/322 321/321/321 319/319/319
f 321/321/321 322/322/322 323/323/323
f 322/322/322 324/324/324 323/323/323
f 325/325/325 323/323/323 324/324/324
f 326/326/326 325/325/325 324/324/324
f 329/329/329 328/328/328 327/327/327
f 328/328/328 330/330/330 327/327/327
f 330/330/330 331/331/331 327/327/327
f 331/331/331 332/332/332 327/327/327
f 335/335/335 334/334/334 333/333/333
f 334/334/334 336/336/336 333/333/333
f 336/336/336 337/337/337 333/333/333
f 337/337/337 338/338/338 333/333/333
f 341/341/341 340/340/340 339/339/339
f 342/342/342 341/341/341 339/339/339
f 345/345/345 344/344/344 343/343/343
f 344/344/344 346/346/346 343/343/343
f 346/346/346 347/347/347 343/343/343
f 347/347/347 348/348/348 343/343/343
f 348/348/348 347/347/347 349/349/349
f 347/347/347 350/350/350 349/349/349
f 353/353/353 352/352/352 351/351/351
f 351/351/351 354/354/354 353/353/353
f 357/357/357 356/356/356 355/355/355
f 358/358/358 357/357/357 355/355/355
f 359/359/359 358/358/358 355/355/355
f 360/360/360 359/359/359 355/355/355
f 360/360/360 361/361/361 359/359/359
f 361/361/361 362/362/362 359/359/359
f 365/365/365 364/364/364 363/363/363
f 366/366/366 365/365/365 363/363/363
f 366/366/366 363/363/363 367/367/367
f 368/368/368 366/366/366 367/367/367
f 371/371/371 370/370/370 369/369/369
f 372/372/372 371/371/371 369/369/369
f 375/375/375 374/374/374 373/373/373
f 376/376/376 375/375/375 373/373/373
f 379/379/379 378/378/378 377/377/377
f 380/380/380 379/379/379 377/377/377
f 383/383/383 382/382/382 381/381/381
f 384/384/384 383/383/383 381/381/381
f 387/387/387 386/386/386 385/385/385
f 388/388/388 387/387/387 385/385/385
f 391/391/391 390/390/390 389/389/389
f 392/392/392 391/391/391 389/389/389
f 395/395/395 394/394/394 393/393/393
f 396/396/396 395/395/395 393/393/393
f 393/393/393 397/397/397 396/396/396
f 397/397/397 398/398/398 396/396/396
f 401/401/401 400/400/400 399/399/399
f 402/402/402 401/401/401 399/399/399
f 399/399/399 403/403/403 402/402/402
f 403/403/403 404/404/404 402/402/402
f 407/407/407 406/406/406 405/405/405
f 408/408/408 407/407/407 405/405/405
f 405/405/405 409/409/409 408/408/408
f 409/409/409 410/410/410 408/408/408
f 413/413/413 412/412/412 411/411/411
f 414/414/414 413/413/413 411/411/411
f 411/411/411 415/415/415 414/414/414
f 415/415/415 416/416/416 414/414/414
f 419/419/419 418/418/418 417/417/417
f 418/418/418 420/420/420 417/417/417
f 418/418/418 421/421/421 420/420/420
f 421/421/421 422/422/422 420/420/420
f 425/425/425 424/424/424 423/423/423
f 424/424/424 426/426/426 423/423/423
f 424/424/424 427/427/427 426/426/426
f 427/427/427 428/428/428 426/426/426
f 431/431/431 430/430/430 429/429/429
f 432/432/432 431/431/431 429/429/429
f 435/435/435 434/434/434 433/433/433
f 436/436/436 435/435/435 433/433/433
f 439/439/439 438/438/438 437/437/437
f 440/440/440 439/439/439 437/437/437
f 443/443/443 442/442/442 441/441/441
f 444/444/444 443/443/443 441/441/441
f 447/447/447 446/446/446 445/445/445
f 448/448/448 447/447/447 445/445/445
f 451/451/451 450/450/450 449/449/449
f 452/452/452 451/451/451 449/449/449
f 455/455/455 454/454/454 453/453/453
f 456/456/456 455/455/455 453/453/453
f 459/459/459 458/458/458 457/457/457
f 460/460/460 459/459/459 457/457/457
f 463/463/463 462/462/462 461/461/461
f 464/464/464 463/463/463 461/461/461
f 467/467/467 466/466/466 465/465/465
f 468/468/468 467/467/467 465/465/465
f 471/471/471 470/470/470 469/469/469
f 472/472/472 471/471/471 469/469/469
f 475/475/475 474/474/474 473/473/473
f 473/473/473 476/476/476 475/475/475
f 473/473/473 477/477/477 476/476/476
f 477/477/477 478/478/478 476/476/476
f 477/477/477 479/479/479 478/478/478
f 479/479/479 480/480/480 478/478/478
f 483/483/483 482/482/482 481/481/481
f 484/484/484 483/483/483 481/481/481
f 487/487/487 486/486/486 485/485/485
f 488/488/488 487/487/487 485/485/485
f 491/491/491 490/490/490 489/489/489
f 492/492/492 491/491/491 489/489/489
f 495/495/495 494/494/494 493/493/493
f 496/496/496 495/495/495 493/493/493
f 499/499/499 498/498/498 497/497/497
f 500/500/500 499/499/499 497/497/497
f 503/503/503 502/502/502 501/501/501
f 504/504/504 503/503/503 501/501/501
f 507/507/507 506/506/506 505/505/505
f 508/508/508 507/507/507 505/505/505
f 511/511/511 510/510/510 509/509/509
f 512/512/512 511/511/511 509/509/509
f 515/515/515 514/514/514 513/513/513
f 516/516/516 515/515/515 513/513/513
f 519/519/519 518/518/518 517/517/517
f 520/520/520 519/519/519 517/517/517
f 523/523/523 522/522/522 521/521/521
f 524/524/524 523/523/523 521/521/521
f 527/527/527 526/526/526 525/525/525
f 528/528/528 527/527/527 525/525/525
f 531/531/531 530/530/530 529/529/529
f 532/532/532 531/531/531 529/529/529
f 535/535/535 534/534/534 533/533/533
f 533/533/533 536/536/536 535/535/535
f 533/533/533 537/537/537 536/536/536
f 533/533/533 538/538/538 537/537/537
f 538/538/538 539/539/539 537/537/537
f 538/538/538 540/540/540 539/539/539
f 543/543/543 542/542/542 541/541/541
f 544/544/544 543/543/543 541/541/541
f 547/547/547 546/546/546 545/545/545
f 548/548/548 547/547/547 545/545/545
f 551/551/551 550/550/550 549/549/549
f 552/552/552 551/551/551 549/549/549
f 555/555/555 554/554/554 553/553/553
f 556/556/556 555/555/555 553/553/553
f 559/559/559 558/558/558 557/557/557
f 560/560/560 559/559/559 557/557/557
f 563/563/563 562/562/562 561/561/561
f 564/564/564 563/563/563 561/561/561
f 567/567/567 566/566/566 565/565/565
f 565/565/565 568/568/568 567/567/567
f 565/565/565 569/569/569 568/568/568
f 569/569/569 570/570/570 568/568/568
f 569/569/569 571/571/571 570/570/570
f 569/569/569 572/572/572 571/571/571
f 575/575/575 574/574/574 573/573/573
f 576/576/576 575/575/575 573/573/573
f 573/573/573 574/574/574 577/577/577
f 578/578/578 575/575/575 576/576/576
f 574/574/574 579/579/579 577/577/577
f 580/580/580 578/578/578 576/576/576
f 577/577/577 579/579/579 581/581/581
f 582/582/582 578/578/578 580/580/580
f 579/579/579 583/583/583 581/581/581
f 584/584/584 582/582/582 580/580/580
f 581/581/581 583/583/583 585/585/585
f 586/586/586 582/582/582 584/584/584
f 583/583/583 587/587/587 585/585/585
f 588/588/588 586/586/586 584/584/584
f 585/585/585 587/587/587 589/589/589
f 590/590/590 586/586/586 588/588/588
f 587/587/587 591/591/591 589/589/589
f 592/592/592 590/590/590 588/588/588
f 589/589/589 591/591/591 593/593/593
f 594/594/594 590/590/590 592/592/592
f 591/591/591 595/595/595 593/593/593
f 596/596/596 594/594/594 592/592/592
f 593/593/593 595/595/595 597/597/597
f 598/598/598 594/594/594 596/596/596
f 595/595/595 599/599/599 597/597/597
f 600/600/600 598/598/598 596/596/596
f 597/597/597 599/599/599 601/601/601
f 602/602/602 598/598/598 600/600/600
f 599/599/599 603/603/603 601/601/601
f 604/604/604 602/602/602 600/600/600
f 601/601/601 603/603/603 605/605/605
f 606/606/606 602/602/602 604/604/604
f 603/603/603 607/607/607 605/605/605
f 608/608/608 606/606/606 604/604/604
f 605/605/605 607/607/607 609/609/609
f 610/610/610 606/606/606 608/608/608
f 607/607/607 611/611/611 609/609/609
f 612/612/612 610/610/610 608/608/608
f 609/609/609 611/611/611 613/613/613
f 614/614/614 610/610/610 612/612/612
f 611/611/611 615/615/615 613/613/613
f 616/616/616 614/614/614 612/612/612
f 613/613/613 615/615/615 617/617/617
f 618/618/618 614/614/614 616/616/616
f 615/615/615 619/619/619 617/617/617
f 620/620/620 618/618/618 616/616/616
f 617/617/617 619/619/619 621/621/621
f 622/622/622 618/618/618 620/620/620
f 619/619/619 623/623/623 621/621/621
f 624/624/624 622/622/622 620/620/620
f 621/621/621 623/623/623 625/625/625
f 626/626/626 622/622/622 624/624/624
f 623/623/623 627/627/627 625/625/625
f 628/628/628 626/626/626 624/624/624
f 625/625/625 627/627/627 628/628/628
f 627/627/627 626/626/626 628/628/628
g Cube.527_88720352
v 2.07841 0.90261 3.75788
v 2.07841 0.90265 3.63378
v 2.07841 0.90268 3.57173
v 2.07841 0.90261 3.75788
v 2.07841 0.90263 3.69583
v 2.07841 0.90265 3.63378
v 1.79204 0.90257 3.88198
v 1.93523 0.90257 3.88198
v 2.00682 0.90257 3.88198
v 1.79204 0.90257 3.88198
v 1.86364 0.90257 3.88198
v 1.93523 0.90257 3.88198
v 1.57727 0.90257 3.88198
v 1.72045 0.90257 3.88198
v 1.79204 0.90257 3.88198
v 2.32202 0.90242 4.32224
v 1.79204 0.90257 3.88198
v 2.00682 0.90257 3.88198
v 2.06051 0.90257 3.86647
v 2.07841 0.90259 3.81993
v 2.07841 0.90261 3.75788
v 2.07841 0.90268 3.57173
v 1.40323 0.90242 4.32224
v 1.52358 0.90257 3.86647
v 1.50568 0.90259 3.81993
v 1.40323 0.90272 3.45592
v 1.50568 0.90261 3.75788
v 1.50568 0.90263 3.69583
v 1.50568 0.90265 3.63378
v 1.50568 0.90268 3.57173
v 1.52358 0.90269 3.52519
v 1.57727 0.9027 3.50968
v 1.64886 0.9027 3.50968
v 1.72045 0.9027 3.50968
v 1.79205 0.9027 3.50968
v 1.86364 0.9027 3.50968
v 1.93523 0.9027 3.50968
v 2.00682 0.9027 3.50968
v 2.32202 0.90272 3.45592
v 2.06051 0.90269 3.52519
v 2.98011 0.90242 4.32224
v 2.98011 0.90272 3.45592
v 2.98847 0.90272 3.45592
v 2.98847 0.90242 4.32224
v 3.74468 0.90272 3.45592
v 3.74468 0.90242 4.32224
v 2.98847 0.90272 3.44756
v 3.74468 0.90272 3.44756
v 1.57727 0.90257 3.88198
v 1.64886 0.90257 3.88198
v 1.72045 0.90257 3.88198
v 2.98429 0.89636 3.44756
v 2.98847 0.90272 3.44756
v 2.98847 0.90272 3.45592
v 2.98847 0.90272 3.45592
v 2.98011 0.90272 3.45592
v 2.98429 0.89636 3.44756
v 2.98011 0.90272 3.45592
v 2.98011 0.89635 3.45174
v 2.98429 0.89636 3.44756
v 3.74468 0.89605 4.32642
v 3.74468 0.90242 4.32224
v 3.74886 0.89605 4.32224
v 3.74468 0.88263 4.32642
v 3.74886 0.88263 4.32224
v 3.74468 0.87627 4.32223
v 2.98429 0.89719 1.02832
v 2.98847 0.89719 1.02414
v 2.98847 0.90355 1.02832
v 2.98429 0.88377 1.02831
v 2.98847 0.87741 1.02831
v 2.98847 0.88377 1.02413
v 3.74886 0.89719 1.02832
v 3.74468 0.90355 1.02832
v 3.74468 0.89719 1.02414
v 3.74886 0.88377 1.02831
v 3.74468 0.88377 1.02413
v 3.74468 0.87741 1.02831
v 2.98011 0.89635 3.45174
v 2.98011 0.88294 3.45174
v 2.98429 0.88294 3.44756
v 2.98011 0.89635 3.45174
v 2.98429 0.88294 3.44756
v 2.98429 0.89636 3.44756
v 2.98429 0.89719 1.02832
v 2.98429 0.88377 1.02831
v 2.98847 0.88377 1.02413
v 2.98429 0.89719 1.02832
v 2.98847 0.88377 1.02413
v 2.98847 0.89719 1.02414
v 2.98847 0.87684 2.66815
v 2.99107 0.88165 2.66439
v 2.9891 0.88465 2.66439
v 2.98847 0.87684 2.66815
v 2.9891 0.88465 2.66439
v 2.98429 0.88321 2.66815
v 1.40323 0.89635 3.45174
v 1.3985 0.89494 3.45647
v 1.3985 0.88435 3.45647
v 1.40323 0.89635 3.45174
v 1.3985 0.88435 3.45647
v 1.40323 0.88294 3.45174
v 2.32202 0.87657 3.45591
v 1.40323 0.88294 3.45174
v 1.40323 0.87657 3.45591
v 2.32202 0.88294 3.45174
v 2.98011 0.88294 3.45174
v 2.98011 0.87657 3.45591
v 1.40323 0.88294 3.45174
v 2.32202 0.89635 3.45174
v 1.40323 0.89635 3.45174
v 2.32202 0.88294 3.45174
v 2.98011 0.89635 3.45174
v 2.98011 0.88294 3.45174
v 2.32202 0.90242 4.32224
v 1.40323 0.89605 4.32642
v 1.40323 0.90242 4.32224
v 2.32202 0.89605 4.32642
v 2.98011 0.89605 4.32642
v 2.98011 0.90242 4.32224
v 2.98847 0.89605 4.32642
v 2.98847 0.90242 4.32224
v 2.32202 0.88263 4.32642
v 1.40323 0.88263 4.32642
v 1.40323 0.89605 4.32642
v 2.32202 0.89605 4.32642
v 2.98011 0.88263 4.32642
v 2.98011 0.89605 4.32642
v 2.98847 0.89605 4.32642
v 2.98847 0.88263 4.32642
v 3.74468 0.89605 4.32642
v 3.74468 0.88263 4.32642
v 1.40323 0.90272 3.45592
v 1.40323 0.89635 3.45174
v 2.32202 0.89635 3.45174
v 2.32202 0.90272 3.45592
v 2.98011 0.90272 3.45592
v 2.98011 0.89635 3.45174
v 1.86842 0.87656 3.49384
v 1.93523 0.9027 3.50968
v 1.94479 0.87656 3.49384
v 1.86364 0.9027 3.50968
v 1.79205 0.87656 3.49384
v 1.79205 0.9027 3.50968
v 1.71568 0.87656 3.49384
v 1.72045 0.9027 3.50968
v 1.63931 0.87656 3.49384
v 1.64886 0.9027 3.50968
v 1.56294 0.87656 3.49384
v 1.57727 0.9027 3.50968
v 1.50566 0.87655 3.51067
v 1.52358 0.90269 3.52519
v 1.57727 0.9027 3.50968
v 1.52358 0.89809 3.52519
v 1.52358 0.90269 3.52519
v 1.57727 0.89809 3.50967
v 1.64886 0.9027 3.50968
v 1.52358 0.88702 3.52518
v 1.64886 0.89809 3.50967
v 1.72045 0.9027 3.50968
v 1.57727 0.88702 3.50967
v 1.52358 0.88054 3.52518
v 1.57727 0.88054 3.50967
v 1.64886 0.88702 3.50967
v 1.64886 0.88054 3.50967
v 1.72045 0.89809 3.50967
v 1.79205 0.9027 3.50968
v 1.72045 0.88702 3.50967
v 1.72045 0.88054 3.50967
v 1.79205 0.89809 3.50967
v 1.86364 0.9027 3.50968
v 1.79205 0.88702 3.50967
v 1.79205 0.88054 3.50967
v 1.86364 0.89809 3.50967
v 1.93523 0.9027 3.50968
v 1.86364 0.88702 3.50967
v 1.86364 0.88054 3.50967
v 1.93523 0.89809 3.50967
v 2.00682 0.9027 3.50968
v 1.93523 0.88702 3.50967
v 1.93523 0.88054 3.50967
v 2.00682 0.89809 3.50967
v 2.06051 0.90269 3.52519
v 2.06051 0.89809 3.52519
v 2.00682 0.88702 3.50967
v 2.00682 0.88054 3.50967
v 2.06051 0.88702 3.52518
v 2.06051 0.88054 3.52518
v 1.48657 0.87654 3.56117
v 1.52358 0.90269 3.52519
v 1.50566 0.87655 3.51067
v 1.50568 0.90268 3.57173
v 1.48657 0.87651 3.62849
v 1.50568 0.90265 3.63378
v 1.48657 0.87649 3.69582
v 1.50568 0.90263 3.69583
v 1.48657 0.87647 3.76315
v 1.50568 0.90261 3.75788
v 1.48657 0.87644 3.83047
v 1.50568 0.90259 3.81993
v 1.50566 0.87643 3.88097
v 1.52358 0.90257 3.86647
v 1.50568 0.90259 3.81993
v 1.52358 0.89797 3.86647
v 1.52358 0.90257 3.86647
v 1.50568 0.89798 3.81993
v 1.50568 0.90261 3.75788
v 1.52358 0.8869 3.86646
v 1.50568 0.89801 3.75788
v 1.50568 0.90263 3.69583
v 1.50568 0.88692 3.81993
v 1.52358 0.88042 3.86646
v 1.50568 0.88044 3.81992
v 1.50568 0.88694 3.75787
v 1.50568 0.88046 3.75787
v 1.50568 0.89803 3.69583
v 1.50568 0.90265 3.63378
v 1.50568 0.88696 3.69582
v 1.50568 0.88048 3.69582
v 1.50568 0.89805 3.63378
v 1.50568 0.90268 3.57173
v 1.50568 0.88698 3.63377
v 1.50568 0.8805 3.63377
v 1.50568 0.89807 3.57173
v 1.52358 0.90269 3.52519
v 1.52358 0.89809 3.52519
v 1.50568 0.887 3.57172
v 1.50568 0.88052 3.57172
v 1.52358 0.88702 3.52518
v 1.52358 0.88054 3.52518
v 2.06051 0.8869 3.86646
v 2.06051 0.88042 3.86646
v 2.07841 0.88044 3.81992
v 2.07841 0.88692 3.81993
v 2.06051 0.89797 3.86647
v 2.07841 0.88046 3.75787
v 2.07841 0.89798 3.81993
v 2.06051 0.90257 3.86647
v 2.07841 0.90259 3.81993
v 2.07841 0.88694 3.75787
v 2.07841 0.88048 3.69582
v 2.07841 0.89801 3.75788
v 2.07841 0.90261 3.75788
v 2.07841 0.88696 3.69582
v 2.07841 0.8805 3.63377
v 2.07841 0.89803 3.69583
v 2.07841 0.90263 3.69583
v 2.07841 0.88698 3.63377
v 2.07841 0.88052 3.57172
v 2.07841 0.89805 3.63378
v 2.07841 0.90265 3.63378
v 2.07841 0.887 3.57172
v 2.06051 0.88054 3.52518
v 2.06051 0.88702 3.52518
v 2.07841 0.89807 3.57173
v 2.07841 0.90268 3.57173
v 2.06051 0.89809 3.52519
v 2.06051 0.90269 3.52519
v 1.52358 0.8869 3.86646
v 1.52358 0.88042 3.86646
v 1.57727 0.88042 3.88197
v 1.57727 0.88689 3.88198
v 1.52358 0.89797 3.86647
v 1.64886 0.88042 3.88197
v 1.57727 0.89796 3.88198
v 1.52358 0.90257 3.86647
v 1.57727 0.90257 3.88198
v 1.64886 0.88689 3.88198
v 1.72045 0.88042 3.88197
v 1.64886 0.89796 3.88198
v 1.64886 0.90257 3.88198
v 1.72045 0.88689 3.88198
v 1.79204 0.88042 3.88197
v 1.72045 0.89796 3.88198
v 1.72045 0.90257 3.88198
v 1.79204 0.88689 3.88198
v 1.86364 0.88042 3.88197
v 1.79204 0.89796 3.88198
v 1.79204 0.90257 3.88198
v 1.86364 0.88689 3.88198
v 1.93523 0.88042 3.88197
v 1.86364 0.89796 3.88198
v 1.86364 0.90257 3.88198
v 1.93523 0.88689 3.88198
v 2.00682 0.88042 3.88197
v 1.93523 0.89796 3.88198
v 1.93523 0.90257 3.88198
v 2.00682 0.88689 3.88198
v 2.06051 0.88042 3.86646
v 2.06051 0.8869 3.86646
v 2.00682 0.89796 3.88198
v 2.00682 0.90257 3.88198
v 2.06051 0.89797 3.86647
v 2.06051 0.90257 3.86647
v 2.98847 0.87718 1.68561
v 3.74468 0.87741 1.02831
v 2.98847 0.87741 1.02831
v 3.74468 0.87718 1.68561
v 3.74468 0.87718 1.68773
v 2.98847 0.87718 1.68773
v 3.74886 0.88355 1.68561
v 3.74886 0.89719 1.02832
v 3.74886 0.88377 1.02831
v 3.74886 0.89696 1.68561
v 3.74886 0.89696 1.68774
v 3.74886 0.88355 1.68773
v 2.98011 0.87657 3.45591
v 2.32202 0.87657 3.45591
v 2.32202 0.87627 4.32223
v 2.98011 0.87627 4.32223
v 2.98847 0.87627 4.32223
v 2.98847 0.87657 3.45591
v 3.74468 0.87627 4.32223
v 3.74468 0.87657 3.45591
v 3.74468 0.87657 3.44756
v 2.98847 0.87657 3.44756
v 3.74468 0.87684 2.67338
v 2.98847 0.87684 2.67338
v 3.74886 0.88263 4.32224
v 3.74886 0.89605 4.32224
v 3.74886 0.89635 3.45592
v 3.74886 0.88293 3.45591
v 3.74886 0.89636 3.44756
v 3.74886 0.88294 3.44756
v 3.74886 0.89662 2.67338
v 3.74886 0.88321 2.67338
v 2.98429 0.89696 1.68561
v 2.98429 0.88377 1.02831
v 2.98429 0.89719 1.02832
v 2.98429 0.88355 1.68561
v 2.98429 0.88355 1.68773
v 2.98429 0.89696 1.68774
v 3.74468 0.90333 1.68562
v 2.98847 0.90355 1.02832
v 3.74468 0.90355 1.02832
v 2.98847 0.90333 1.68562
v 2.98847 0.90333 1.68774
v 3.74468 0.90333 1.68774
v 2.98847 0.89719 1.02414
v 2.98847 0.88377 1.02413
v 3.74468 0.88377 1.02413
v 3.74468 0.89719 1.02414
v 2.98011 0.87627 4.32223
v 2.98847 0.88263 4.32642
v 2.98847 0.87627 4.32223
v 2.98011 0.88263 4.32642
v 2.32202 0.88263 4.32642
v 2.32202 0.87627 4.32223
v 1.40323 0.87627 4.32223
v 1.40323 0.88263 4.32642
v 2.98011 0.88294 3.45174
v 2.98011 0.87657 3.45591
v 2.98847 0.87657 3.44756
v 2.98429 0.88294 3.44756
v 3.74468 0.87657 3.45591
v 3.74468 0.87627 4.32223
v 3.74886 0.88263 4.32224
v 3.74886 0.88293 3.45591
v 3.74886 0.88294 3.44756
v 3.74468 0.87657 3.44756
v 3.74468 0.87684 2.67338
v 3.74886 0.88321 2.67338
v 3.74468 0.90272 3.45592
v 3.74468 0.90272 3.44756
v 3.74886 0.89636 3.44756
v 3.74886 0.89635 3.45592
v 3.74468 0.90242 4.32224
v 3.74886 0.89605 4.32224
v 3.74886 0.89605 4.32224
v 3.74886 0.88263 4.32224
v 3.74468 0.88263 4.32642
v 3.74468 0.89605 4.32642
v 3.74468 0.89605 4.32642
v 2.98847 0.89605 4.32642
v 2.98847 0.90242 4.32224
v 3.74468 0.90242 4.32224
v 3.74468 0.87627 4.32223
v 2.98847 0.87627 4.32223
v 2.98847 0.88263 4.32642
v 3.74468 0.88263 4.32642
v 3.74468 0.89719 1.02414
v 3.74468 0.88377 1.02413
v 3.74886 0.88377 1.02831
v 3.74886 0.89719 1.02832
v 2.98847 0.89719 1.02414
v 3.74468 0.89719 1.02414
v 3.74468 0.90355 1.02832
v 2.98847 0.90355 1.02832
v 2.98847 0.87741 1.02831
v 3.74468 0.87741 1.02831
v 3.74468 0.88377 1.02413
v 2.98847 0.88377 1.02413
v 2.98429 0.89696 1.68561
v 2.98429 0.89719 1.02832
v 2.98847 0.90355 1.02832
v 2.98847 0.90333 1.68562
v 2.98429 0.89696 1.68774
v 2.98847 0.90333 1.68774
v 3.74886 0.89662 2.67338
v 3.74886 0.89636 3.44756
v 3.74468 0.90272 3.44756
v 3.74468 0.90299 2.67339
v 3.74886 0.89663 2.66816
v 3.74468 0.90299 2.66816
v 3.74886 0.88355 1.68561
v 3.74886 0.88377 1.02831
v 3.74468 0.87741 1.02831
v 3.74468 0.87718 1.68561
v 3.74886 0.88355 1.68773
v 3.74468 0.87718 1.68773
v 2.98429 0.88321 2.67338
v 2.98429 0.88294 3.44756
v 2.98847 0.87657 3.44756
v 2.98847 0.87684 2.67338
v 2.98429 0.88321 2.66815
v 2.98847 0.87684 2.66815
v 2.98429 0.88377 1.02831
v 2.98847 0.87718 1.68561
v 2.98847 0.87741 1.02831
v 2.98429 0.88355 1.68561
v 2.98847 0.87718 1.68773
v 2.98429 0.88355 1.68773
v 3.74886 0.89719 1.02832
v 3.74468 0.90333 1.68562
v 3.74468 0.90355 1.02832
v 3.74886 0.89696 1.68561
v 3.74468 0.90333 1.68774
v 3.74886 0.89696 1.68774
v 2.98429 0.89636 3.44756
v 2.98429 0.89662 2.67338
v 2.98847 0.90299 2.67339
v 2.98847 0.90272 3.44756
v 3.74468 0.90272 3.44756
v 2.98847 0.90272 3.44756
v 2.98847 0.90299 2.67339
v 3.74468 0.90299 2.67339
v 2.98429 0.89636 3.44756
v 2.98429 0.88294 3.44756
v 2.98429 0.88321 2.67338
v 2.98429 0.89662 2.67338
v 2.98847 0.87718 1.68773
v 2.99082 0.88153 1.69113
v 3.74234 0.88153 1.69113
v 3.74468 0.87718 1.68773
v 3.74886 0.88355 1.68773
v 3.74451 0.88484 1.69113
v 3.74451 0.89566 1.69114
v 3.74886 0.89696 1.68774
v 2.98429 0.89696 1.68774
v 2.98864 0.89566 1.69114
v 2.98864 0.88484 1.69113
v 2.98429 0.88355 1.68773
v 3.74468 0.90333 1.68774
v 3.74234 0.89898 1.69114
v 2.99082 0.89898 1.69114
v 2.98847 0.90333 1.68774
v 2.98847 0.90333 1.68774
v 2.99082 0.89898 1.69114
v 2.98864 0.89566 1.69114
v 2.98429 0.89696 1.68774
v 3.74234 0.89898 1.69114
v 3.74468 0.90333 1.68774
v 3.74886 0.89696 1.68774
v 3.74451 0.89566 1.69114
v 3.74468 0.87718 1.68773
v 3.74234 0.88153 1.69113
v 3.74451 0.88484 1.69113
v 3.74886 0.88355 1.68773
v 2.99082 0.88153 1.69113
v 2.98847 0.87718 1.68773
v 2.98429 0.88355 1.68773
v 2.98864 0.88484 1.69113
v 3.74451 0.88484 1.69113
v 3.74234 0.88153 1.69113
v 2.99082 0.88153 1.69113
v 2.98864 0.88484 1.69113
v 3.74451 0.89566 1.69114
v 2.98864 0.89566 1.69114
v 3.74234 0.89898 1.69114
v 2.99082 0.89898 1.69114
v 3.74886 0.88321 2.67338
v 3.74886 0.88321 2.66815
v 3.74468 0.87684 2.66815
v 3.74468 0.87684 2.67338
v 2.98429 0.89662 2.67338
v 2.98429 0.89663 2.66816
v 2.98847 0.90299 2.66816
v 2.98847 0.90299 2.67339
v 2.98847 0.90299 2.67339
v 2.98847 0.90299 2.66816
v 3.74468 0.90299 2.66816
v 3.74468 0.90299 2.67339
v 3.74468 0.87684 2.67338
v 3.74468 0.87684 2.66815
v 2.98847 0.87684 2.66815
v 2.98847 0.87684 2.67338
v 3.74886 0.89662 2.67338
v 3.74886 0.89663 2.66816
v 3.74886 0.88321 2.66815
v 3.74886 0.88321 2.67338
v 2.98429 0.88321 2.67338
v 2.98429 0.88321 2.66815
v 2.98429 0.89663 2.66816
v 2.98429 0.89662 2.67338
v 3.74209 0.88165 2.66439
v 3.74468 0.87684 2.66815
v 3.74886 0.88321 2.66815
v 3.74405 0.88465 2.66439
v 3.74468 0.90299 2.66816
v 3.74209 0.89818 2.66439
v 3.74405 0.89519 2.66439
v 3.74886 0.89663 2.66816
v 2.99107 0.89818 2.66439
v 2.98847 0.90299 2.66816
v 2.98429 0.89663 2.66816
v 2.9891 0.89519 2.66439
v 3.74209 0.89818 2.66439
v 3.74468 0.90299 2.66816
v 2.98847 0.90299 2.66816
v 2.99107 0.89818 2.66439
v 2.9891 0.89519 2.66439
v 2.98429 0.89663 2.66816
v 2.98429 0.88321 2.66815
v 2.9891 0.88465 2.66439
v 3.74405 0.88465 2.66439
v 3.74886 0.88321 2.66815
v 3.74886 0.89663 2.66816
v 3.74405 0.89519 2.66439
v 2.99107 0.88165 2.66439
v 2.98847 0.87684 2.66815
v 3.74468 0.87684 2.66815
v 3.74209 0.88165 2.66439
v 2.9891 0.88465 2.66439
v 2.99107 0.88165 2.66439
v 3.74209 0.88165 2.66439
v 3.74405 0.88465 2.66439
v 3.74405 0.89519 2.66439
v 2.9891 0.89519 2.66439
v 3.74209 0.89818 2.66439
v 2.99107 0.89818 2.66439
v 1.40323 0.87627 4.32223
v 1.3985 0.87627 4.31657
v 1.3985 0.88405 4.32168
v 1.40323 0.88263 4.32642
v 1.40323 0.89605 4.32642
v 1.3985 0.89464 4.32169
v 1.3985 0.89768 4.31969
v 1.40323 0.90242 4.32224
v 1.40323 0.88294 3.45174
v 1.3985 0.88435 3.45647
v 1.3985 0.87657 3.46157
v 1.40323 0.87657 3.45591
v 1.40323 0.90272 3.45592
v 1.3985 0.89798 3.45847
v 1.3985 0.89494 3.45647
v 1.40323 0.89635 3.45174
v 1.40323 0.88263 4.32642
v 1.3985 0.88405 4.32168
v 1.3985 0.89464 4.32169
v 1.40323 0.89605 4.32642
v 1.40323 0.90242 4.32224
v 1.3985 0.89768 4.31969
v 1.3985 0.89798 3.45847
v 1.40323 0.90272 3.45592
v 1.3985 0.89768 4.31969
v 1.3985 0.89464 4.32169
v 1.3985 0.88405 4.32168
v 1.3985 0.87627 4.31657
v 1.3985 0.89798 3.45847
v 1.3985 0.87657 3.46157
v 1.3985 0.88435 3.45647
v 1.3985 0.89494 3.45647
v 2.07841 0.88048 3.69582
v 2.10428 0.88048 3.69582
v 2.10428 0.8805 3.62816
v 2.07841 0.8805 3.63377
v 2.07841 0.88046 3.75787
v 2.10428 0.88053 3.56051
v 2.10428 0.88046 3.76348
v 2.07841 0.88052 3.57172
v 2.07841 0.88044 3.81992
v 2.08477 0.88054 3.50977
v 2.10428 0.88043 3.83114
v 2.06051 0.88054 3.52518
v 2.06051 0.88042 3.86646
v 2.02623 0.88055 3.49285
v 2.08477 0.88042 3.88188
v 2.00682 0.88054 3.50967
v 2.00682 0.88042 3.88197
v 1.94816 0.88055 3.49285
v 2.02623 0.88041 3.89879
v 1.93523 0.88054 3.50967
v 1.93523 0.88042 3.88197
v 1.87011 0.88055 3.49285
v 1.94816 0.88041 3.89879
v 1.86364 0.88054 3.50967
v 1.86364 0.88042 3.88197
v 1.79205 0.88055 3.49285
v 1.8701 0.88041 3.89879
v 1.79205 0.88054 3.50967
v 1.79204 0.88042 3.88197
v 1.71399 0.88055 3.49285
v 1.79204 0.88041 3.89879
v 1.72045 0.88054 3.50967
v 1.72045 0.88042 3.88197
v 1.63593 0.88055 3.49285
v 1.71399 0.88041 3.89879
v 1.64886 0.88054 3.50967
v 1.64886 0.88042 3.88197
v 1.55787 0.88055 3.49285
v 1.63593 0.88041 3.89879
v 1.57727 0.88054 3.50967
v 1.57727 0.88042 3.88197
v 1.49932 0.88054 3.50976
v 1.55787 0.88041 3.89879
v 1.52358 0.88054 3.52518
v 1.52358 0.88042 3.86646
v 1.47981 0.88053 3.56051
v 1.49932 0.88042 3.88188
v 1.50568 0.88052 3.57172
v 1.50568 0.88044 3.81992
v 1.47981 0.8805 3.62816
v 1.47981 0.88043 3.83114
v 1.50568 0.8805 3.63377
v 1.50568 0.88046 3.75787
v 1.47981 0.88048 3.69582
v 1.47981 0.88046 3.76348
v 1.50568 0.88048 3.69582
vn 0 0.5773503 0
vn 0.5773503 0 0
vn 0 0.5773503 0
vn -0.5773503 -1.859357E-05 0
vn -0.5773503 7.000857E-06 0
vn -0.5773503 2.839787E-05 0
vn 0 0.5773503 0
vn 0 0.5773503 0
vn 0 0.5773503 0
vn 0 0.5773503 0
vn 0 0.5773503 0
vn 0 0.5773503 0
vn 2.857056E-07 0.5773503 0.000199641
vn 0 0.5773503 0
vn 0 0.5773503 0
vn 0 0.5773503 0.0001997299
vn 0 0.5773503 0.0001997513
vn -2.594371E-07 0.5773503 0.0001998544
vn 1.475947E-07 0.5773503 0.0001991315
vn 1.227239E-06 0.5773503 0.0001989885
vn 2.337305E-06 0.5773503 0.000198956
vn -3.801843E-07 0.5773503 0.0001997786
vn 1.947801E-07 0.5773503 0.0001995966
vn -2.041392E-07 0.5773503 0.0001992731
vn 0 0.5773503 0.0001995181
vn 1.442768E-07 0.5773503 0.0001995581
vn 2.548295E-07 0.5773503 0.0002005476
vn 0 0.5773503 0.0001994141
vn -3.978353E-07 0.5773503 0.0001983752
vn 2.996461E-06 0.5773503 0.0001989515
vn -7.055828E-07 0.5773503 0.0002014106
vn -1.812471E-07 0.5773503 0.0002015428
vn 0 0.5773503 0.0002014493
vn 0 0.5773503 0.0001945154
vn 0 0.5773503 0.0001993778
vn 0 0.5773503 0.0002031471
vn 0 0.5773503 0.0002050516
vn 0 0.5773503 0.0001987557
vn -1.090956E-07 0.5773503 0.0001997521
vn 4.420684E-07 0.5773503 0.0002024283
vn -2.624053E-07 0.5773503 0.0001997653
vn 0 0.5773503 0.000199767
vn 0 0.5773503 0.0001994964
vn -2.301179E-07 0.5773503 0.0001995093
vn 0 0.5773503 0.0001996501
vn 0 0.5773503 0.0001994953
vn 0 0.5773503 0.0001994187
vn 0 0.5773503 0.0001996549
vn 0 0.5773503 0
vn 0 0.5773503 0
vn 0 0.5773503 0
vn -0.4825647 0.3169616 0.0001095396
vn -0.4825648 0.3169614 0.0001095806
vn -0.4825723 0.3169499 0.000117687
vn 0 0.4595 -0.3495612
vn 0 0.4595 -0.3495612
vn 0 0.4595001 -0.3495611
vn -0.37028 0.2433335 -0.3701552
vn -0.37028 0.2433335 -0.3701552
vn -0.37028 0.2433335 -0.3701551
vn 0.3703287 0.243076 0.3702756
vn 0.3703287 0.243076 0.3702756
vn 0.3703287 0.243076 0.3702756
vn 0.3703527 -0.2432816 0.3701165
vn 0.3703527 -0.2432816 0.3701165
vn 0.3703527 -0.2432816 0.3701165
vn -0.3702739 0.2433576 -0.3701454
vn -0.370274 0.2433576 -0.3701454
vn -0.3702739 0.2433576 -0.3701454
vn -0.3702645 -0.2430936 -0.3703283
vn -0.3702646 -0.2430936 -0.3703282
vn -0.3702645 -0.2430936 -0.3703283
vn 0.3702943 0.2433424 -0.370135
vn 0.3702943 0.2433425 -0.370135
vn 0.3702943 0.2433424 -0.370135
vn 0.3702771 -0.2431099 -0.370305
vn 0.3702771 -0.2431099 -0.370305
vn 0.3702771 -0.2431099 -0.3703049
vn -0.4082423 0.0001453214 -0.4082542
vn -0.4082566 0.0001478374 -0.4082399
vn -0.4082515 0.0001469344 -0.408245
vn -0.4082423 0.0001453214 -0.4082542
vn -0.4082515 0.0001469344 -0.408245
vn -0.4082372 0.0001444183 -0.4082594
vn -0.4082608 0.0001357562 -0.4082357
vn -0.4082649 0.0001426534 -0.4082316
vn -0.4082634 0.0001401773 -0.4082331
vn -0.4082608 0.0001357562 -0.4082357
vn -0.4082634 0.0001401773 -0.4082331
vn -0.4082594 0.0001332801 -0.4082372
vn -0.2974825 -0.1952814 -0.4546456
vn -0.2974929 -0.19528 -0.4546395
vn -0.2974834 -0.1952813 -0.454645
vn -0.2974825 -0.1952814 -0.4546456
vn -0.2974834 -0.1952813 -0.454645
vn -0.2974801 -0.1952817 -0.4546471
vn -0.408273 0.0001412353 -0.4082235
vn -0.4082731 0.0001367645 -0.4082234
vn -0.4082729 0.0001446626 -0.4082236
vn -0.408273 0.0001412353 -0.4082235
vn -0.4082729 0.0001446626 -0.4082236
vn -0.4082727 0.0001471571 -0.4082238
vn 2.941717E-07 -0.3167916 -0.4826763
vn 0 -0.3168519 -0.4826368
vn 0 -0.3168522 -0.4826365
vn 2.935589E-07 -0.3167913 -0.4826765
vn 6.982077E-07 -0.3168025 -0.4826692
vn 7.033859E-07 -0.3168026 -0.4826691
vn 5.743004E-07 0.0002100891 -0.5773503
vn 4.980649E-07 0.0002100885 -0.5773503
vn 5.716431E-07 0.0002100891 -0.5773503
vn 4.99613E-07 0.0002100886 -0.5773503
vn 0 0.00021009 -0.5773503
vn 0 0.00021009 -0.5773503
vn -2.935834E-07 0.3167946 0.4826743
vn -5.038167E-07 0.3168344 0.4826482
vn -5.038164E-07 0.3168346 0.4826481
vn -2.935833E-07 0.3167945 0.4826744
vn 0 0.316796 0.4826734
vn 3.998378E-07 0.3167963 0.4826732
vn 6.094642E-07 0.3168735 0.4826225
vn 9.564319E-07 0.3168736 0.4826224
vn -3.33077E-07 -0.0001839706 0.5773503
vn -5.716431E-07 -0.0002100891 0.5773503
vn -5.716431E-07 -0.0002098449 0.5773503
vn -3.330768E-07 -0.0001838283 0.5773503
vn 0 -0.0001840394 0.5773503
vn 0 -0.0001838269 0.5773503
vn 6.869778E-07 -0.0002099113 0.5773503
vn 6.714603E-07 -0.0002098031 0.5773503
vn -6.788635E-07 -0.0001841258 0.5773503
vn -6.945518E-07 -0.0001838292 0.5773503
vn 5.011332E-07 0.3171421 -0.4824461
vn 5.037905E-07 0.3171424 -0.4824459
vn 4.386713E-07 0.3170891 -0.4824809
vn 4.403657E-07 0.3170888 -0.482481
vn 0 0.3171157 -0.4824634
vn 0 0.317116 -0.4824633
vn 0 -0.2991895 0.4937803
vn 0 -0.2991894 0.4937803
vn 0 -0.29919 0.49378
vn 0 -0.2991891 0.4937805
vn 0 -0.2991888 0.4937807
vn 0 -0.2991884 0.493781
vn 0 -0.2991887 0.4937807
vn 0 -0.2991885 0.4937809
vn 0 -0.2991898 0.4937801
vn 0 -0.2991883 0.493781
vn 0.07750114 -0.3269694 0.4694869
vn 0.0469868 -0.3164191 0.4806293
vn 0.3008575 -0.3808085 0.3127347
vn 0.2828585 -0.3777544 0.3326049
vn 0.07094266 -0.000153687 0.5729751
vn 0.3781429 -0.0001494598 0.4362811
vn 0.3781385 -0.0001396869 0.436285
vn 0.07094278 -0.00019004 0.572975
vn 0 -0.0001530106 0.5773503
vn 0.378141 -0.0001559917 0.4362828
vn 0 -0.0001911008 0.5773503
vn 0 -0.0001530112 0.5773503
vn 0.07094306 -0.0002097808 0.572975
vn 0.378137 -0.0001602759 0.4362863
vn 0.07094403 -0.0002173612 0.5729749
vn 0 -0.0002108722 0.5773503
vn 0 -0.0002175679 0.5773503
vn 0 -0.0001911017 0.5773503
vn 0 -0.0001530134 0.5773503
vn 0 -0.0002108732 0.5773503
vn 0 -0.0002175688 0.5773503
vn 0 -0.0001911029 0.5773503
vn 0 -0.0001530102 0.5773503
vn 0 -0.0002108741 0.5773503
vn 0 -0.0002175706 0.5773503
vn 0 -0.0001911 0.5773503
vn 0 -0.0001530132 0.5773503
vn 0 -0.0002108712 0.5773503
vn 0 -0.0002175671 0.5773503
vn 0 -0.0001911028 0.5773503
vn -0.07094556 -0.0001534335 0.5729747
vn 0 -0.0002108738 0.5773503
vn 0 -0.0002175703 0.5773503
vn -0.07094375 -0.000190504 0.5729749
vn -0.3781391 -0.0001383875 0.4362845
vn -0.3781396 -0.0001519728 0.436284
vn -0.07094342 -0.0002101967 0.572975
vn -0.07094455 -0.0002179848 0.5729749
vn -0.3781396 -0.0001570898 0.436284
vn -0.3781385 -0.0001586443 0.436285
vn 0.444431 -0.3592145 0.08233675
vn 0.2828585 -0.3777544 0.3326049
vn 0.3008575 -0.3808085 0.3127347
vn 0.4511845 -0.3548818 0.06184505
vn 0.4660863 -0.3407299 -0.0001143905
vn 0.4660881 -0.3407275 -0.0001140629
vn 0.466087 -0.3407291 -0.0001183954
vn 0.466087 -0.340729 -0.0001184045
vn 0.466088 -0.3407276 -0.0001175003
vn 0.4660882 -0.3407274 -0.0001174981
vn 0.4438423 -0.3590895 -0.08597729
vn 0.4497654 -0.3559882 -0.06570277
vn 0.4142534 -0.3696724 -0.1583341
vn 0.4128495 -0.3709965 -0.1589032
vn 0.5696648 2.151758E-05 -0.09388999
vn 0.3781387 0.0001495838 -0.4362849
vn 0.3781375 0.0001419036 -0.4362858
vn 0.5696644 3.181328E-05 -0.09389234
vn 0.5773503 -6.077101E-06 0
vn 0.3781419 0.0001493266 -0.436282
vn 0.5773503 -2.400936E-07 0
vn 0.5773503 6.252422E-06 0
vn 0.5696646 3.416344E-05 -0.09389086
vn 0.3781396 0.0001406775 -0.436284
vn 0.5696644 2.980594E-05 -0.09389239
vn 0.5773503 1.16859E-06 0
vn 0.5773503 1.346273E-07 0
vn 0.5773503 3.089804E-06 0
vn 0.5773503 -1.581358E-06 4.259583E-06
vn 0.5773503 1.168636E-06 0
vn 0.5773503 0 0
vn 0.5773503 4.942455E-07 4.259133E-06
vn 0.5696635 -2.959549E-05 0.09389747
vn 0.5773503 3.111791E-07 4.259182E-06
vn 0.5773503 -2.516452E-06 4.259282E-06
vn 0.5696648 -3.207954E-05 0.09389009
vn 0.3781385 -0.0001396869 0.436285
vn 0.3781429 -0.0001494598 0.4362811
vn 0.5696645 -3.593262E-05 0.09389155
vn 0.5696642 -4.173944E-05 0.09389395
vn 0.378141 -0.0001559917 0.4362828
vn 0.378137 -0.0001602759 0.4362863
vn -0.3781413 0.0001484433 -0.4362825
vn -0.3781397 0.0001372371 -0.436284
vn -0.5696639 3.501627E-05 -0.09389564
vn -0.5696642 3.153755E-05 -0.09389365
vn -0.3781386 0.0001497021 -0.4362849
vn -0.5773503 4.743153E-06 0
vn -0.5696639 2.64558E-05 -0.09389548
vn -0.3781417 0.0001362881 -0.4362822
vn -0.5696642 2.048755E-05 -0.09389395
vn -0.5773503 -6.935423E-07 0
vn -0.5773503 2.93162E-06 0
vn -0.5773503 -9.470959E-06 0
vn -0.5773503 -1.859357E-05 0
vn -0.5773503 -9.344419E-07 0
vn -0.5773503 2.111406E-05 0
vn -0.5773503 -2.291838E-06 0
vn -0.5773503 7.000857E-06 0
vn -0.5773503 1.139533E-05 0
vn -0.5696637 -4.271379E-05 0.09389669
vn -0.5773503 1.029807E-05 0
vn -0.5773503 2.839787E-05 0
vn -0.5696641 -4.334147E-05 0.09389498
vn -0.3781385 -0.0001586443 0.436285
vn -0.3781396 -0.0001570898 0.436284
vn -0.5696644 -4.345877E-05 0.09389286
vn -0.5696632 -3.673206E-05 0.09389976
vn -0.3781396 -0.0001519728 0.436284
vn -0.3781391 -0.0001383875 0.4362845
vn 0.3781419 0.0001493266 -0.436282
vn 0.3781396 0.0001406775 -0.436284
vn 0.0709466 0.0002150669 -0.5729746
vn 0.07094562 0.0002088455 -0.5729747
vn 0.3781387 0.0001495838 -0.4362849
vn 0 0.0002175679 -0.5773503
vn 0.0709446 0.0001896598 -0.5729749
vn 0.3781375 0.0001419036 -0.4362858
vn 0.07094609 0.0001534318 -0.5729746
vn 0 0.0002108763 -0.5773503
vn 0 0.0002175693 -0.5773503
vn 0 0.0001911049 -0.5773503
vn 0 0.0001530108 -0.5773503
vn 0 0.0002108761 -0.5773503
vn 0 0.0002175694 -0.5773503
vn 0 0.0001911051 -0.5773503
vn 0 0.0001530125 -0.5773503
vn 0 0.000210877 -0.5773503
vn 0 0.0002175692 -0.5773503
vn 0 0.000191105 -0.5773503
vn 0 0.0001530098 -0.5773503
vn 0 0.0002108764 -0.5773503
vn 0 0.0002175688 -0.5773503
vn 0 0.000191106 -0.5773503
vn 0 0.0001530144 -0.5773503
vn 0 0.0002108762 -0.5773503
vn -0.07094512 0.0002162209 -0.5729748
vn 0 0.000191105 -0.5773503
vn 0 0.0001530112 -0.5773503
vn -0.07094617 0.0002093531 -0.5729746
vn -0.3781397 0.0001372371 -0.436284
vn -0.3781413 0.0001484433 -0.4362825
vn -0.0709455 0.0001910012 -0.5729747
vn -0.07094395 0.0001556389 -0.5729749
vn -0.3781386 0.0001497021 -0.4362849
vn -0.3781417 0.0001362881 -0.4362822
vn 0 -0.5773503 -0.0001992251
vn 0 -0.5773503 -0.0001996407
vn 0 -0.5773503 -0.0001996408
vn 0 -0.5773503 -0.0001994508
vn 0 -0.5773503 -0.0001404865
vn 0 -0.5773503 -7.030605E-05
vn 0.5773503 -5.217141E-06 0
vn 0.5773503 -6.891925E-08 0
vn 0.5773503 0 0
vn 0.5773503 -5.285838E-06 0
vn 0.5773503 0 0
vn 0.5773503 0 0
vn 0 -0.5773503 -0.0001995099
vn 0 -0.5773503 -0.0001994715
vn 0 -0.5773503 -0.0001995297
vn 2.63955E-07 -0.5773503 -0.0001995704
vn 0 -0.5773503 -0.0001992818
vn 0 -0.5773503 -0.0001992818
vn 0 -0.5773503 -0.0001992818
vn 0 -0.5773503 -0.000199323
vn 0 -0.5773503 -0.0002230196
vn 0 -0.5773503 -0.0001995127
vn 0 -0.5773503 -0.0001991673
vn 0 -0.5773503 -0.0001993576
vn 0.5773503 -5.352183E-06 1.016906E-06
vn 0.5773503 -5.40549E-06 1.016906E-06
vn 0.5773503 0 1.007186E-06
vn 0.5773503 0 1.007185E-06
vn 0.5773503 -9.048968E-06 -1.125789E-06
vn 0.5773503 -8.961369E-06 -1.125791E-06
vn 0.5773503 -1.889671E-07 -1.130305E-06
vn 0.5773503 1.68478E-07 -1.130305E-06
vn -0.5773503 -6.936487E-06 0
vn -0.5773503 -9.16063E-08 0
vn -0.5773503 0 0
vn -0.5773503 -7.027826E-06 0
vn -0.5773503 0 0
vn -0.5773503 0 0
vn 0 0.5773503 0.000199338
vn 0 0.5773503 0.0001994139
vn 0 0.5773503 0.0001994138
vn 0 0.5773503 0.0001994511
vn 0 0.5773503 0.0002108401
vn 0 0.5773503 0.0001757525
vn 0 0.00020681 -0.5773503
vn 0 0.00020681 -0.5773503
vn 0 0.000206808 -0.5773503
vn 0 0.000206808 -0.5773503
vn 6.945824E-07 -0.3171057 0.4824699
vn 6.053859E-07 -0.3171577 0.4824358
vn 6.053879E-07 -0.3171579 0.4824357
vn 6.945822E-07 -0.3171055 0.4824701
vn -5.855563E-07 -0.3171082 0.4824684
vn -5.871044E-07 -0.3171082 0.4824684
vn -5.064763E-07 -0.3171137 0.4824648
vn -5.038186E-07 -0.3171138 0.4824647
vn -0.3702372 -0.2431134 -0.3703425
vn -0.3702271 -0.243107 -0.3703568
vn -0.3702406 -0.2431156 -0.3703377
vn -0.3702764 -0.2431385 -0.370287
vn 0.4825309 -0.3170131 -0.0001089434
vn 0.4825484 -0.3169863 -0.0001094086
vn 0.4825482 -0.3169865 -0.0001094056
vn 0.4825309 -0.317013 -0.0001088782
vn 0.4825058 -0.3170512 -0.0001095095
vn 0.4825051 -0.3170523 -0.0001095723
vn 0.4825989 -0.3169094 -0.0001104873
vn 0.4825996 -0.3169085 -0.0001104483
vn 0.4825153 0.3170367 0.0001095671
vn 0.4825297 0.3170147 0.0001086865
vn 0.4825296 0.3170151 0.0001086461
vn 0.4825158 0.317036 0.0001095409
vn 0.4825777 0.3169417 0.0001104018
vn 0.4825781 0.3169412 0.0001104067
vn 0.4083317 -0.0001411143 0.4081649
vn 0.4083011 -0.0001629636 0.4081955
vn 0.4083121 -0.0001551199 0.4081845
vn 0.4083427 -0.0001332711 0.4081539
vn 0 0.3168463 0.4826404
vn 6.094642E-07 0.3168735 0.4826225
vn 9.564319E-07 0.3168736 0.4826224
vn 0 0.3168461 0.4826405
vn 0 -0.3171622 0.4824329
vn 6.053879E-07 -0.3171579 0.4824357
vn 6.053859E-07 -0.3171577 0.4824358
vn 0 -0.3171622 0.4824329
vn 0.4082781 0.000140719 -0.4082184
vn 0.408276 0.0001614222 -0.4082205
vn 0.4082768 0.0001539902 -0.4082197
vn 0.4082788 0.0001332865 -0.4082177
vn 0 0.3171628 -0.4824325
vn 0 0.317163 -0.4824323
vn 0 0.317163 -0.4824323
vn 0 0.3171628 -0.4824325
vn 0 -0.3168417 -0.4826434
vn 0 -0.3168373 -0.4826463
vn 0 -0.3168373 -0.4826463
vn 0 -0.3168417 -0.4826434
vn -0.4825742 0.3169471 0.0001089
vn -0.4825503 0.3169835 0.0001095081
vn -0.4825505 0.3169832 0.0001095036
vn -0.4825746 0.3169466 0.0001088229
vn -0.4825616 0.3169661 0.0001044036
vn -0.4826097 0.3168931 8.18352E-05
vn 0.4825819 0.3169353 0.0001094996
vn 0.4825296 0.3170151 0.0001086461
vn 0.4825297 0.3170147 0.0001086865
vn 0.4825821 0.3169351 0.0001094595
vn 0.482578 0.3169413 0.0001064794
vn 0.4825522 0.3169806 9.965157E-05
vn 0.4825131 -0.3170402 -0.0001087126
vn 0.4825917 -0.3169205 -0.0001096056
vn 0.4825911 -0.3169214 -0.0001095989
vn 0.4825125 -0.3170409 -0.0001085609
vn 0.4824953 -0.3170672 -9.967451E-05
vn 0.4825251 -0.3170218 -5.455547E-05
vn -0.4825471 -0.3169883 -0.0001094235
vn -0.48254 -0.3169993 -0.0001094929
vn -0.48254 -0.3169991 -0.0001094924
vn -0.4825473 -0.3169881 -0.0001092614
vn -0.4825459 -0.3169901 -9.575216E-05
vn -0.4825554 -0.3169757 -7.16424E-05
vn -0.4825507 -0.3169829 -0.0001102079
vn -0.4825949 -0.3169155 -0.0001094311
vn -0.4825504 -0.3169834 -0.0001102124
vn -0.4825951 -0.3169153 -0.0001095718
vn -0.4825963 -0.3169135 -6.400155E-05
vn -0.4825516 -0.3169815 -0.0001091252
vn 0.4825502 0.3169836 0.0001103825
vn 0.4825331 0.3170097 0.000109594
vn 0.4825503 0.3169834 0.0001103884
vn 0.4825331 0.3170096 0.0001095881
vn 0.4824991 0.3170615 0.0001091091
vn 0.482547 0.3169886 0.0001090995
vn -0.4825647 0.3169616 0.0001095396
vn -0.4825471 0.3169884 0.00010948
vn -0.4825473 0.316988 0.0001095716
vn -0.4825648 0.3169614 0.0001095806
vn 0 0.5773503 0.0001996549
vn 0 0.5773503 0.0001994187
vn 0 0.5773503 0.0001994067
vn 0 0.5773503 0.0001995489
vn -0.5773503 8.434142E-06 0
vn -0.5773503 8.528226E-06 0
vn -0.5773503 1.822772E-07 0
vn -0.5773503 -1.684685E-07 0
vn 0 -0.356121 0.4544349
vn 0 -0.356121 0.4544349
vn 0 -0.3561206 0.4544353
vn 0 -0.3561206 0.4544353
vn 0.3559116 -0.0001501145 0.454599
vn 0.3559103 -0.0001475016 0.4546
vn 0.3559132 -0.0001531856 0.4545977
vn 0.3559139 -0.0001546107 0.4545972
vn -0.3559589 -0.0001501368 0.4545619
vn -0.3559411 -0.0001475297 0.4545759
vn -0.3559799 -0.0001532013 0.4545455
vn -0.3559896 -0.0001546229 0.4545379
vn 0 0.3558071 0.4546807
vn 0 0.3558071 0.4546807
vn 0 0.3558083 0.4546798
vn 0 0.3558083 0.4546798
vn -0.297536 0.1952451 0.4546262
vn -0.297592 0.1951904 0.454613
vn -0.2975368 0.1952444 0.454626
vn -0.2975177 0.195263 0.4546305
vn 0.2974892 0.195297 0.4546345
vn 0.2974872 0.1953203 0.4546258
vn 0.2974891 0.195298 0.4546342
vn 0.2974948 0.1952328 0.4546584
vn 0.297468 -0.1956227 0.4545084
vn 0.2974924 -0.1956203 0.4544934
vn 0.2974684 -0.1956227 0.4545082
vn 0.29746 -0.1956235 0.4545132
vn -0.2975335 -0.1955486 0.4544974
vn -0.2975361 -0.1955339 0.454502
vn -0.2975336 -0.195548 0.4544975
vn -0.2975264 -0.1955892 0.4544845
vn 0 -0.0001938946 0.5773503
vn 0 -0.000185951 0.5773503
vn 0 -0.0001859289 0.5773503
vn 0 -0.0001938888 0.5773503
vn 0 -0.0002024842 0.5773503
vn 0 -0.0002024588 0.5773503
vn 0 -0.000239071 0.5773503
vn 0 -0.0002390849 0.5773503
vn 0.4825996 -0.3169085 -0.0001104483
vn 0.4825724 -0.3169498 -9.965582E-05
vn 0.4825732 -0.3169486 -0.0001064783
vn 0.4825989 -0.3169094 -0.0001104873
vn -0.4825471 0.3169884 0.00010948
vn -0.482535 0.3170069 9.96459E-05
vn -0.4825506 0.316983 0.0001133104
vn -0.4825473 0.316988 0.0001095716
vn 0 0.5773503 0.0001994067
vn 0 0.5773503 0.000185475
vn 0 0.5773503 0.0001996798
vn 0 0.5773503 0.0001995489
vn 0 -0.5773503 -0.0001991673
vn 0 -0.5773503 -0.0001854751
vn 0 -0.5773503 -0.0002138842
vn 0 -0.5773503 -0.0001993576
vn 0.5773503 -1.889671E-07 -1.130305E-06
vn 0.5773503 -2.512689E-05 0
vn 0.5773503 1.324596E-05 0
vn 0.5773503 1.68478E-07 -1.130305E-06
vn -0.5773503 1.822772E-07 0
vn -0.5773503 2.512772E-05 0
vn -0.5773503 -1.324522E-05 0
vn -0.5773503 -1.684685E-07 0
vn 0.2974961 -0.1952533 -0.4546489
vn 0.2974907 -0.1952696 -0.4546453
vn 0.2974945 -0.1952581 -0.4546478
vn 0.2975104 -0.1952103 -0.4546579
vn 0.2974707 0.1955671 -0.4545305
vn 0.2974233 0.1956223 -0.4545378
vn 0.2974664 0.1955722 -0.4545312
vn 0.2974819 0.1955542 -0.4545288
vn -0.2974662 0.1955713 -0.4545316
vn -0.297458 0.1955763 -0.4545349
vn -0.2974638 0.1955728 -0.4545326
vn -0.297488 0.1955583 -0.454523
vn 0 0.3560687 -0.454476
vn 0 0.3560687 -0.454476
vn 0 0.3560646 -0.4544792
vn 0 0.3560646 -0.4544792
vn -0.3559393 0.0001594455 -0.4545773
vn -0.3559405 0.0001504988 -0.4545763
vn -0.3559372 0.0001747982 -0.4545789
vn -0.3559349 0.0001915983 -0.4545807
vn 0.3559792 0.0001643619 -0.4545461
vn 0.3559848 0.0001720201 -0.4545417
vn 0.3559695 0.0001512194 -0.4545536
vn 0.3559589 0.0001368441 -0.4545619
vn 0 -0.3557706 -0.4547094
vn 0 -0.3557706 -0.4547094
vn 0 -0.3557784 -0.4547034
vn 0 -0.3557784 -0.4547033
vn 0 0.0002058333 -0.5773503
vn 0 0.0002355063 -0.5773503
vn 0 0.0002355309 -0.5773503
vn 0 0.0002058581 -0.5773503
vn 0 0.0002058581 -0.5773503
vn 0 0.0002058367 -0.5773503
vn 0 0.0002355311 -0.5773503
vn 0 0.0002355307 -0.5773503
vn -0.4082334 -0.2242443 0.3411646
vn -0.4082127 -0.2242567 0.3411812
vn -0.4082404 -0.2242401 0.341159
vn -0.4082697 -0.2242225 0.3411355
vn -0.4082549 0.2240357 0.3412759
vn -0.4082935 0.2240323 0.341232
vn -0.4082606 0.2240352 0.3412695
vn -0.4082461 0.2240364 0.3412859
vn -0.4082563 -0.2240273 -0.3412798
vn -0.4082541 -0.2240241 -0.3412845
vn -0.4082568 -0.2240282 -0.3412786
vn -0.4082601 -0.2240329 -0.3412715
vn -0.4082662 0.2242548 -0.3411185
vn -0.4083201 0.2242437 -0.3410614
vn -0.4082734 0.2242533 -0.3411108
vn -0.4082541 0.2242573 -0.3411312
vn -0.4082305 -0.0001454721 0.4082661
vn -0.4081985 -0.0001367916 0.408298
vn -0.408255 -0.0001521259 0.4082416
vn -0.4082727 -0.0001569676 0.4082238
vn -0.4082654 0.408231 0.0001410083
vn -0.4082654 0.4082312 0.0001410078
vn -0.4082757 0.4082208 0.0001410896
vn -0.4082758 0.4082207 0.0001410899
vn -0.5773503 6.120641E-06 0
vn -0.5773503 1.039596E-05 0
vn -0.5773503 1.033948E-05 1.388751E-05
vn -0.5773503 6.031922E-06 0
vn -0.5773503 1.07749E-07 0
vn -0.5773503 0 0
vn -0.5773503 0 -1.388627E-05
vn -0.5773503 5.279201E-07 0
vn -4.735449E-07 -0.5773503 -0.000200065
vn 5.570521E-07 -0.5773503 -0.0001993332
vn -3.839213E-06 -0.5773503 -0.0002004369
vn -2.961945E-06 -0.5773503 -0.0002008091
vn 3.424046E-06 -0.5773503 -0.0001993625
vn 6.100911E-06 -0.5773503 -0.0001984221
vn 2.421574E-06 -0.5773503 -0.0001993226
vn 6.653479E-06 -0.5773503 -0.0001975023
vn -4.813111E-06 -0.5773503 -0.0002025492
vn 3.01793E-07 -0.5773503 -0.0001968686
vn -4.905238E-06 -0.5773503 -0.0002022206
vn -1.547509E-06 -0.5773503 -0.0001957864
vn -8.77448E-07 -0.5773503 -0.0001965371
vn 1.443128E-07 -0.5773503 -0.0001942628
vn -1.173848E-07 -0.5773503 -0.0001980344
vn 0 -0.5773503 -0.0001958332
vn -7.660311E-08 -0.5773503 -0.0002005591
vn 0 -0.5773503 -0.0001950204
vn -1.937617E-07 -0.5773503 -0.0002063316
vn 0 -0.5773503 -0.000196272
vn 0 -0.5773503 -0.0002048187
vn 0 -0.5773503 -0.0001954893
vn 0 -0.5773503 -0.0002057013
vn 0 -0.5773503 -0.0001958707
vn 0 -0.5773503 -0.0002049133
vn 0 -0.5773503 -0.0001935775
vn 0 -0.5773503 -0.0002048927
vn 0 -0.5773503 -0.0001935865
vn 0 -0.5773503 -0.000204474
vn 0 -0.5773503 -0.0001953958
vn 0 -0.5773503 -0.0002042758
vn 0 -0.5773503 -0.0001972878
vn 0 -0.5773503 -0.0002016847
vn 0 -0.5773503 -0.0001950202
vn 0 -0.5773503 -0.0002013258
vn 0 -0.5773503 -0.0001977497
vn 0 -0.5773503 -0.0002044343
vn -1.827764E-07 -0.5773503 -0.0001912323
vn 0 -0.5773503 -0.0002021817
vn -7.280669E-08 -0.5773503 -0.0001963572
vn 4.994911E-07 -0.5773503 -0.0002039319
vn 5.628357E-07 -0.5773503 -0.0001943123
vn 8.153673E-07 -0.5773503 -0.0002027369
vn -5.148535E-07 -0.5773503 -0.0001957252
vn -1.365304E-06 -0.5773503 -0.0002021028
vn -4.71434E-06 -0.5773503 -0.0002013278
vn 2.861523E-07 -0.5773503 -0.000201161
vn -4.809278E-06 -0.5773503 -0.000201919
vn 6.732689E-06 -0.5773503 -0.0001976512
vn 2.229548E-06 -0.5773503 -0.0001982769
vn 5.919489E-06 -0.5773503 -0.0001980458
vn 3.224672E-06 -0.5773503 -0.0001981727
vn -3.219496E-06 -0.5773503 -0.0002014964
vn 5.017569E-07 -0.5773503 -0.0001999796
vn -3.976964E-06 -0.5773503 -0.000201967
vn -5.260487E-07 -0.5773503 -0.0002002221
vt 0.716668 0.4732137
vt 0.716668 0.5973158
vt 0.7166682 0.6593665
vt 0.716668 0.4732137
vt 0.716668 0.5352647
vt 0.716668 0.5973158
vt 0.4303006 0.3491121
vt 0.5734843 0.3491121
vt 0.6450759 0.3491121
vt 0.4303006 0.3491121
vt 0.5018924 0.3491121
vt 0.5734843 0.3491121
vt 0.2155253 0.3491123
vt 0.3587087 0.3491123
vt 0.4303006 0.3491121
vt 0.9602785 -0.09115016
vt 0.4303006 0.3491121
vt 0.6450759 0.3491121
vt 0.6987699 0.3646248
vt 0.7166677 0.4111629
vt 0.716668 0.4732137
vt 0.7166682 0.6593665
vt 0.04148424 -0.09114921
vt 0.1618313 0.364625
vt 0.1439334 0.4111633
vt 0.04148448 0.7751722
vt 0.1439334 0.4732142
vt 0.1439334 0.5352652
vt 0.1439334 0.597316
vt 0.1439338 0.6593671
vt 0.1618315 0.7059051
vt 0.2155253 0.7214179
vt 0.2871171 0.7214179
vt 0.358709 0.7214179
vt 0.4303008 0.7214177
vt 0.5018927 0.7214177
vt 0.5734845 0.7214177
vt 0.6450763 0.7214177
vt 0.960279 0.7751713
vt 0.6987701 0.705905
vt 1.618368 -0.09115016
vt 1.618368 0.7751715
vt 1.626727 0.7751715
vt 1.626727 -0.09114969
vt 2.382935 0.7751715
vt 2.382935 -0.09114969
vt 1.626727 0.7835299
vt 2.382935 0.7835299
vt 0.2155253 0.3491123
vt 0.2871171 0.3491123
vt 0.3587087 0.3491123
vt 1.827716 1.001179
vt 1.832964 1.001179
vt 1.832964 0.9906834
vt 1.832964 0.9906834
vt 1.822468 0.9906834
vt 1.827716 1.001179
vt 1.822468 0.9906834
vt 1.822468 0.9959316
vt 1.827716 1.001179
vt -0.03117635 1.520183
vt -0.03117635 1.528129
vt -0.02595684 1.520183
vt -0.03117627 1.498456
vt -0.02595692 1.498456
vt -0.03117627 1.490512
vt 1.828247 1.520191
vt 1.833457 1.520191
vt 1.833457 1.528121
vt 1.828247 1.498449
vt 1.833457 1.490519
vt 1.833457 1.498449
vt 1.809806 1.520184
vt 1.809806 1.528129
vt 1.815025 1.520184
vt 1.809801 1.498464
vt 1.81503 1.498464
vt 1.809801 1.490504
vt 1.822098 1.517293
vt 1.822098 1.501347
vt 1.827065 1.501347
vt 1.822098 1.517293
vt 1.827065 1.501347
vt 1.827065 1.517293
vt 1.828363 1.517309
vt 1.828363 1.501331
vt 1.833341 1.501331
vt 1.828363 1.517309
vt 1.833341 1.501331
vt 1.833341 1.517309
vt 1.833689 1.491167
vt 1.836613 1.496585
vt 1.834398 1.499958
vt 1.833689 1.491167
vt 1.834398 1.499958
vt 1.82898 1.498337
vt -0.5446132 1.5173
vt -0.5502416 1.515617
vt -0.5502416 1.503023
vt -0.5446132 1.5173
vt -0.5502416 1.503023
vt -0.5446132 1.50134
vt 0.7813677 1.491004
vt -0.2236343 1.497964
vt -0.2236343 1.491004
vt 0.7813677 1.497964
vt 1.501203 1.497964
vt 1.501203 1.491004
vt -0.1496551 1.502611
vt 0.7691368 1.516029
vt -0.1496551 1.516029
vt 0.7691368 1.502611
vt 1.427224 1.516029
vt 1.427224 1.502611
vt 0.7830582 1.527636
vt -0.2218961 1.520676
vt -0.2218961 1.527636
vt 0.7830582 1.520676
vt 1.50286 1.520676
vt 1.50286 1.527636
vt 1.512002 1.520676
vt 1.512002 1.527636
vt 0.9602802 1.502611
vt 0.04149175 1.502611
vt 0.04149175 1.516029
vt 0.9602802 1.516029
vt 1.618365 1.502611
vt 1.618365 1.516029
vt 1.626724 1.516029
vt 1.626724 1.502611
vt 2.382928 1.516029
vt 2.382928 1.502611
vt -0.2236175 1.527636
vt -0.2236175 1.520676
vt 0.7813649 1.520676
vt 0.7813649 1.527636
vt 1.501186 1.527636
vt 1.501186 1.520676
vt 0.1151354 1.495651
vt 0.1850022 1.522989
vt 0.1949949 1.495651
vt 0.1101392 1.522989
vt 0.0352761 1.495651
vt 0.0352761 1.522989
vt -0.04458319 1.495651
vt -0.03958696 1.522989
vt -0.1244427 1.495651
vt -0.11445 1.522989
vt -0.2043022 1.495651
vt -0.1893131 1.522989
vt -0.2641969 1.495651
vt -0.2454603 1.522989
vt -0.1893131 1.522989
vt -0.2454603 1.518173
vt -0.2454603 1.522989
vt -0.1893131 1.518173
vt -0.11445 1.522989
vt -0.2454603 1.506599
vt -0.11445 1.518173
vt -0.03958696 1.522989
vt -0.1893131 1.506599
vt -0.2454603 1.499824
vt -0.1893131 1.499824
vt -0.11445 1.506599
vt -0.11445 1.499824
vt -0.03958696 1.518173
vt 0.0352761 1.522989
vt -0.03958696 1.506599
vt -0.03958696 1.499824
vt 0.0352761 1.518173
vt 0.1101392 1.522989
vt 0.0352761 1.506599
vt 0.0352761 1.499824
vt 0.1101392 1.518173
vt 0.1850022 1.522989
vt 0.1101392 1.506599
vt 0.1101392 1.499824
vt 0.1850022 1.518173
vt 0.2598653 1.522989
vt 0.1850022 1.506599
vt 0.1850022 1.499824
vt 0.2598653 1.518173
vt 0.3160124 1.522989
vt 0.3160124 1.518173
vt 0.2598653 1.506599
vt 0.2598653 1.499824
vt 0.3160124 1.506599
vt 0.3160124 1.499824
vt 0.9532668 1.49522
vt 0.9920833 1.52342
vt 1.007735 1.49522
vt 0.9418834 1.52342
vt 0.8806419 1.49522
vt 0.8749503 1.52342
vt 0.8080176 1.49522
vt 0.8080176 1.52342
vt 0.735393 1.49522
vt 0.7410845 1.52342
vt 0.6627685 1.49522
vt 0.6741517 1.52342
vt 0.6083 1.49522
vt 0.6239519 1.52342
vt 0.6741517 1.52342
vt 0.6239519 1.518452
vt 0.6239519 1.52342
vt 0.6741517 1.518452
vt 0.7410845 1.52342
vt 0.6239519 1.506513
vt 0.7410845 1.518452
vt 0.8080176 1.52342
vt 0.6741517 1.506513
vt 0.6239519 1.499525
vt 0.6741517 1.499525
vt 0.7410845 1.506513
vt 0.7410845 1.499525
vt 0.8080176 1.518452
vt 0.8749503 1.52342
vt 0.8080176 1.506513
vt 0.8080176 1.499525
vt 0.8749503 1.518452
vt 0.9418834 1.52342
vt 0.8749503 1.506513
vt 0.8749503 1.499525
vt 0.9418834 1.518452
vt 0.9920833 1.52342
vt 0.9920833 1.518452
vt 0.9418834 1.506513
vt 0.9418834 1.499525
vt 0.9920833 1.506513
vt 0.9920833 1.499525
vt 0.6357251 1.507671
vt 0.6357251 1.50113
vt 0.6827137 1.50113
vt 0.6827137 1.507671
vt 0.6357251 1.518847
vt 0.7453652 1.50113
vt 0.6827137 1.518847
vt 0.6357251 1.523497
vt 0.6827137 1.523497
vt 0.7453652 1.507671
vt 0.8080169 1.50113
vt 0.7453652 1.518847
vt 0.7453652 1.523497
vt 0.8080169 1.507671
vt 0.8706686 1.50113
vt 0.8080169 1.518847
vt 0.8080169 1.523497
vt 0.8706686 1.507671
vt 0.9333201 1.50113
vt 0.8706686 1.518847
vt 0.8706686 1.523497
vt 0.9333201 1.507671
vt 0.9803088 1.50113
vt 0.9803088 1.507671
vt 0.9333201 1.518847
vt 0.9333201 1.523497
vt 0.9803088 1.518847
vt 0.9803088 1.523497
vt -0.2302158 1.507697
vt -0.2302158 1.501192
vt -0.1763034 1.501192
vt -0.1763034 1.507697
vt -0.2302158 1.51881
vt -0.1044202 1.501192
vt -0.1763034 1.51881
vt -0.2302158 1.523435
vt -0.1763034 1.523435
vt -0.1044202 1.507697
vt -0.0325373 1.501192
vt -0.1044202 1.51881
vt -0.1044202 1.523435
vt -0.0325373 1.507697
vt 0.03934587 1.501192
vt -0.0325373 1.51881
vt -0.0325373 1.523435
vt 0.03934587 1.507697
vt 0.111229 1.501192
vt 0.03934587 1.51881
vt 0.03934587 1.523435
vt 0.111229 1.507697
vt 0.1831122 1.501192
vt 0.111229 1.51881
vt 0.111229 1.523435
vt 0.1831122 1.507697
vt 0.2549951 1.501192
vt 0.1831122 1.51881
vt 0.1831122 1.523435
vt 0.2549951 1.507697
vt 0.3089076 1.501192
vt 0.3089076 1.507697
vt 0.2549951 1.51881
vt 0.2549951 1.523435
vt 0.3089076 1.51881
vt 0.3089076 1.523435
vt 2.023038 0.8089156
vt 2.779248 1.466212
vt 2.023039 1.466212
vt 2.779248 0.8089156
vt 2.779248 0.8067946
vt 2.023038 0.8067948
vt 0.9871354 1.502611
vt 1.644422 1.516029
vt 1.644422 1.502611
vt 0.9871354 1.516029
vt 0.9850144 1.516029
vt 0.9850144 1.502611
vt 1.848067 0.9687157
vt 1.189978 0.9687155
vt 1.189977 0.102394
vt 1.848067 0.102394
vt 1.856425 0.1023944
vt 1.856425 0.9687157
vt 2.612634 0.1023944
vt 2.612634 0.9687157
vt 2.612634 0.9770741
vt 1.856425 0.9770741
vt 2.612635 1.751251
vt 1.856425 1.751251
vt 0.2806174 1.502611
vt 0.2806174 1.516029
vt 1.14693 1.516029
vt 1.14693 1.502611
vt 1.155289 1.516029
vt 1.155289 1.502611
vt 1.929457 1.516029
vt 1.929457 1.502611
vt 0.9871354 1.516029
vt 1.644422 1.502611
vt 1.644422 1.516029
vt 0.9871352 1.502611
vt 0.9850144 1.502611
vt 0.9850147 1.516029
vt -0.2207524 0.8089156
vt -0.9769611 1.466212
vt -0.2207524 1.466212
vt -0.9769617 0.8089154
vt -0.9769617 0.8067946
vt -0.2207524 0.8067946
vt 2.023046 1.516029
vt 2.023046 1.502611
vt 2.779241 1.502611
vt 2.779241 1.516029
vt 1.502893 1.491004
vt 1.512036 1.497964
vt 1.512036 1.491004
vt 1.502893 1.497964
vt 0.7830635 1.497964
vt 0.7830635 1.491004
vt -0.2219296 1.491004
vt -0.2219296 1.497964
vt 1.82128 0.9959316
vt 1.82128 0.9894953
vt 1.834152 1.002367
vt 1.827716 1.002367
vt 1.150861 1.491004
vt 0.2032561 1.491004
vt 0.2032561 1.497964
vt 1.150861 1.497964
vt 1.160004 1.497964
vt 1.160004 1.491004
vt 2.006818 1.491004
vt 2.006818 1.497964
vt 0.9936461 1.527636
vt 1.002789 1.527636
vt 1.002789 1.520676
vt 0.9936461 1.520676
vt 0.04602081 1.527636
vt 0.04602081 1.520676
vt -0.02608121 1.517299
vt -0.02608121 1.501341
vt -0.03105198 1.501341
vt -0.03105198 1.517299
vt -0.1852695 1.520676
vt -1.012447 1.520676
vt -1.012447 1.527636
vt -0.1852695 1.527636
vt -0.1852667 1.491004
vt -1.01245 1.491004
vt -1.01245 1.497964
vt -0.1852667 1.497964
vt 1.814899 1.517293
vt 1.814899 1.501347
vt 1.809932 1.501347
vt 1.809932 1.517293
vt 1.987553 1.520676
vt 2.814734 1.520676
vt 2.814734 1.527636
vt 1.987553 1.527636
vt 1.98755 1.491004
vt 2.814737 1.491004
vt 2.814737 1.497964
vt 1.98755 1.497964
vt 0.9563944 1.520676
vt 1.675362 1.520676
vt 1.675362 1.527636
vt 0.9563941 1.527636
vt 0.9540747 1.520676
vt 0.9540744 1.527636
vt -0.8144734 1.520676
vt -1.661309 1.520676
vt -1.661309 1.527636
vt -0.8144734 1.527636
vt -0.8087561 1.520676
vt -0.8087561 1.527636
vt 0.9563898 1.497964
vt 1.675366 1.497964
vt 1.675366 1.491004
vt 0.9563898 1.491004
vt 0.9540697 1.497964
vt 0.9540697 1.491004
vt -0.8144779 1.497964
vt -1.661305 1.497964
vt -1.661305 1.491004
vt -0.8144776 1.491004
vt -0.808761 1.497964
vt -0.8087607 1.491004
vt 1.675358 1.497964
vt 0.956398 1.491004
vt 1.675358 1.491004
vt 0.9563977 1.497964
vt 0.9540783 1.491004
vt 0.954078 1.497964
vt 1.675371 1.520676
vt 0.9563855 1.527636
vt 1.675371 1.527636
vt 0.9563855 1.520676
vt 0.9540654 1.527636
vt 0.9540654 1.520676
vt 1.337638 1.520676
vt 2.184457 1.520676
vt 2.184456 1.527636
vt 1.337638 1.527636
vt -0.2207535 1.195744
vt -0.9769628 1.195744
vt -0.9769628 1.969921
vt -0.220753 1.969921
vt 1.373964 1.516029
vt 1.373964 1.502611
vt 2.14813 1.502611
vt 2.148131 1.516029
vt 1.975029 1.490523
vt 1.977671 1.49542
vt 2.824614 1.49542
vt 2.827257 1.490523
vt -0.02624205 1.501758
vt -0.03114005 1.503223
vt -0.03114005 1.515417
vt -0.02624205 1.516882
vt 1.828525 1.516889
vt 1.833427 1.515422
vt 1.833427 1.503218
vt 1.828525 1.501751
vt -0.1727404 1.528117
vt -0.1753832 1.52322
vt -1.022331 1.52322
vt -1.024974 1.528117
vt 1.833644 1.527499
vt 1.836286 1.522601
vt 1.833831 1.518863
vt 1.828934 1.520328
vt -0.03400119 1.522601
vt -0.03135815 1.527499
vt -0.0266482 1.520328
vt -0.03154625 1.518863
vt -0.03135822 1.49114
vt -0.03400142 1.496039
vt -0.03154633 1.499776
vt -0.02664797 1.498312
vt 1.836286 1.496039
vt 1.833644 1.491141
vt 1.828934 1.498312
vt 1.833831 1.499777
vt 2.779079 1.50391
vt 2.7769 1.500594
vt 2.025385 1.500594
vt 2.023206 1.503911
vt 2.779079 1.514729
vt 2.023206 1.514729
vt 2.7769 1.518046
vt 2.025385 1.518046
vt -0.6572595 1.497964
vt -0.6515419 1.497964
vt -0.6515419 1.491004
vt -0.6572595 1.491004
vt -0.6572598 1.520675
vt -0.6515414 1.520675
vt -0.6515417 1.527637
vt -0.6572601 1.527637
vt 2.023066 -0.8352286
vt 2.023066 -0.8300025
vt 2.779218 -0.8300024
vt 2.779218 -0.8352286
vt -0.2207765 -0.8352287
vt -0.2207765 -0.8300023
vt -0.9769393 -0.8300023
vt -0.9769393 -0.8352283
vt -0.6570135 1.516028
vt -0.6517879 1.516028
vt -0.6517879 1.502612
vt -0.6570135 1.502612
vt -0.6570135 1.502612
vt -0.6517882 1.502612
vt -0.6517879 1.516028
vt -0.6570132 1.516028
vt -0.0343289 1.496585
vt -0.03140517 1.491167
vt -0.02669529 1.498337
vt -0.03211394 1.499958
vt -0.03140512 1.527472
vt -0.03432869 1.522054
vt -0.03211385 1.518682
vt -0.0266955 1.520303
vt 1.836613 1.522054
vt 1.833689 1.527472
vt 1.82898 1.520303
vt 1.834399 1.518683
vt -0.1756897 1.522612
vt -0.1727659 1.528031
vt -1.02495 1.528031
vt -1.022026 1.522612
vt 1.834032 1.515261
vt 1.828613 1.516882
vt 1.828613 1.501758
vt 1.834032 1.503379
vt -0.03174735 1.50338
vt -0.02632855 1.501759
vt -0.02632855 1.516881
vt -0.03174735 1.51526
vt 1.977925 1.496027
vt 1.975 1.490609
vt 2.827284 1.490609
vt 2.824359 1.496027
vt 2.023668 1.504049
vt 2.025634 1.501056
vt 2.77665 1.501056
vt 2.778616 1.504049
vt 2.778616 1.514591
vt 2.023669 1.514591
vt 2.77665 1.517583
vt 2.025634 1.517583
vt -0.1313738 1.490921
vt -0.1246414 1.490921
vt -0.130716 1.50017
vt -0.1363433 1.498487
vt -0.1368262 1.520153
vt -0.1311991 1.51847
vt -0.1288204 1.522091
vt -0.1318569 1.527719
vt 1.172616 1.498486
vt 1.16699 1.500169
vt 1.160917 1.490922
vt 1.167647 1.490922
vt 1.168131 1.52772
vt 1.165093 1.522091
vt 1.167473 1.518469
vt 1.173102 1.520152
vt -0.5446137 1.50134
vt -0.5502418 1.503024
vt -0.5502418 1.515616
vt -0.5446137 1.5173
vt -0.544614 -0.175193
vt -0.5502415 -0.1721565
vt -0.5502412 0.8520013
vt -0.5446137 0.8550376
vt 0.08752733 1.516476
vt 0.08552697 1.513431
vt 0.08552697 1.502843
vt 0.09063532 1.495065
vt 0.9487468 1.516476
vt 0.9456389 1.495065
vt 0.9507476 1.502843
vt 0.9507476 1.513431
vt 0.3257124 0.6298023
vt 0.3515843 0.6298023
vt 0.3515843 0.6974591
vt 0.3257124 0.6918532
vt 0.3257124 0.5677515
vt 0.3515843 0.7651157
vt 0.3515843 0.5621455
vt 0.3257126 0.7539037
vt 0.3257121 0.5057009
vt 0.3320692 0.8158582
vt 0.351584 0.4944891
vt 0.3078145 0.800442
vt 0.3078144 0.4591629
vt 0.2735249 0.8327724
vt 0.3320691 0.4437464
vt 0.254121 0.8159546
vt 0.2541205 0.4436503
vt 0.1954652 0.8327726
vt 0.2735243 0.4268323
vt 0.1825294 0.8159546
vt 0.1825291 0.4436503
vt 0.1174055 0.8327726
vt 0.1954649 0.4268323
vt 0.1109378 0.8159546
vt 0.1109375 0.4436503
vt 0.03934616 0.8327726
vt 0.1174055 0.4268323
vt 0.03934616 0.8159546
vt 0.03934592 0.4436503
vt -0.03871325 0.8327729
vt 0.03934592 0.4268323
vt -0.03224545 0.8159549
vt -0.03224569 0.4436505
vt -0.1167729 0.8327729
vt -0.03871372 0.4268326
vt -0.103837 0.8159549
vt -0.103837 0.4436505
vt -0.1948323 0.8327729
vt -0.1167731 0.4268326
vt -0.1754286 0.8159549
vt -0.1754286 0.4436505
vt -0.253377 0.8158588
vt -0.1948323 0.4268326
vt -0.2291223 0.8004422
vt -0.2291225 0.4591632
vt -0.2728919 0.7651162
vt -0.2533772 0.4437468
vt -0.24702 0.7539043
vt -0.2470203 0.5057014
vt -0.2728922 0.6974593
vt -0.2728922 0.4944893
vt -0.2470203 0.6918534
vt -0.2470203 0.567752
vt -0.2728922 0.6298028
vt -0.2728922 0.5621461
vt -0.2470203 0.6298028
usemtl WhiteCountertop1
f 631/631/631 630/630/630 629/629/629
f 634/634/634 633/633/633 632/632/632
f 637/637/637 636/636/636 635/635/635
f 640/640/640 639/639/639 638/638/638
f 643/643/643 642/642/642 641/641/641
f 645/645/645 641/641/641 644/644/644
f 644/644/644 646/646/646 645/645/645
f 644/644/644 647/647/647 646/646/646
f 644/644/644 648/648/648 647/647/647
f 644/644/644 649/649/649 648/648/648
f 644/644/644 650/650/650 649/649/649
f 651/651/651 644/644/644 641/641/641
f 641/641/641 652/652/652 651/651/651
f 652/652/652 653/653/653 651/651/651
f 653/653/653 654/654/654 651/651/651
f 654/654/654 653/653/653 655/655/655
f 654/654/654 655/655/655 656/656/656
f 654/654/654 656/656/656 657/657/657
f 654/654/654 657/657/657 658/658/658
f 654/654/654 658/658/658 659/659/659
f 654/654/654 659/659/659 660/660/660
f 654/654/654 660/660/660 661/661/661
f 654/654/654 661/661/661 662/662/662
f 654/654/654 662/662/662 663/663/663
f 654/654/654 663/663/663 664/664/664
f 654/654/654 664/664/664 665/665/665
f 654/654/654 665/665/665 666/666/666
f 666/666/666 667/667/667 654/654/654
f 667/667/667 666/666/666 668/668/668
f 667/667/667 668/668/668 650/650/650
f 650/650/650 644/644/644 667/667/667
f 667/667/667 644/644/644 669/669/669
f 670/670/670 667/667/667 669/669/669
f 671/671/671 670/670/670 669/669/669
f 672/672/672 671/671/671 669/669/669
f 673/673/673 671/671/671 672/672/672
f 674/674/674 673/673/673 672/672/672
f 671/671/671 673/673/673 675/675/675
f 673/673/673 676/676/676 675/675/675
f 679/679/679 678/678/678 677/677/677
f 682/682/682 681/681/681 680/680/680
f 685/685/685 684/684/684 683/683/683
f 688/688/688 687/687/687 686/686/686
f 691/691/691 690/690/690 689/689/689
f 694/694/694 693/693/693 692/692/692
f 697/697/697 696/696/696 695/695/695
f 700/700/700 699/699/699 698/698/698
f 703/703/703 702/702/702 701/701/701
f 706/706/706 705/705/705 704/704/704
f 709/709/709 708/708/708 707/707/707
f 712/712/712 711/711/711 710/710/710
f 715/715/715 714/714/714 713/713/713
f 718/718/718 717/717/717 716/716/716
f 721/721/721 720/720/720 719/719/719
f 724/724/724 723/723/723 722/722/722
f 727/727/727 726/726/726 725/725/725
f 730/730/730 729/729/729 728/728/728
f 733/733/733 732/732/732 731/731/731
f 732/732/732 734/734/734 731/731/731
f 731/731/731 734/734/734 735/735/735
f 736/736/736 731/731/731 735/735/735
f 739/739/739 738/738/738 737/737/737
f 738/738/738 740/740/740 737/737/737
f 740/740/740 738/738/738 741/741/741
f 742/742/742 740/740/740 741/741/741
f 745/745/745 744/744/744 743/743/743
f 744/744/744 746/746/746 743/743/743
f 743/743/743 746/746/746 747/747/747
f 748/748/748 743/743/743 747/747/747
f 747/747/747 749/749/749 748/748/748
f 749/749/749 750/750/750 748/748/748
f 753/753/753 752/752/752 751/751/751
f 754/754/754 753/753/753 751/751/751
f 754/754/754 751/751/751 755/755/755
f 756/756/756 754/754/754 755/755/755
f 756/756/756 755/755/755 757/757/757
f 755/755/755 758/758/758 757/757/757
f 759/759/759 757/757/757 758/758/758
f 760/760/760 759/759/759 758/758/758
f 763/763/763 762/762/762 761/761/761
f 764/764/764 763/763/763 761/761/761
f 763/763/763 764/764/764 765/765/765
f 766/766/766 763/763/763 765/765/765
f 769/769/769 768/768/768 767/767/767
f 768/768/768 770/770/770 767/767/767
f 767/767/767 770/770/770 771/771/771
f 770/770/770 772/772/772 771/771/771
f 771/771/771 772/772/772 773/773/773
f 772/772/772 774/774/774 773/773/773
f 773/773/773 774/774/774 775/775/775
f 774/774/774 776/776/776 775/775/775
f 775/775/775 776/776/776 777/777/777
f 776/776/776 778/778/778 777/777/777
f 777/777/777 778/778/778 779/779/779
f 778/778/778 780/780/780 779/779/779
f 783/783/783 782/782/782 781/781/781
f 782/782/782 784/784/784 781/781/781
f 781/781/781 784/784/784 785/785/785
f 782/782/782 786/786/786 784/784/784
f 784/784/784 787/787/787 785/785/785
f 785/785/785 787/787/787 788/788/788
f 786/786/786 789/789/789 784/784/784
f 784/784/784 789/789/789 787/787/787
f 786/786/786 790/790/790 789/789/789
f 790/790/790 791/791/791 789/789/789
f 789/789/789 791/791/791 792/792/792
f 789/789/789 792/792/792 787/787/787
f 791/791/791 793/793/793 792/792/792
f 787/787/787 794/794/794 788/788/788
f 787/787/787 792/792/792 794/794/794
f 788/788/788 794/794/794 795/795/795
f 792/792/792 793/793/793 796/796/796
f 792/792/792 796/796/796 794/794/794
f 793/793/793 797/797/797 796/796/796
f 794/794/794 798/798/798 795/795/795
f 794/794/794 796/796/796 798/798/798
f 795/795/795 798/798/798 799/799/799
f 796/796/796 797/797/797 800/800/800
f 796/796/796 800/800/800 798/798/798
f 797/797/797 801/801/801 800/800/800
f 798/798/798 802/802/802 799/799/799
f 798/798/798 800/800/800 802/802/802
f 799/799/799 802/802/802 803/803/803
f 800/800/800 801/801/801 804/804/804
f 800/800/800 804/804/804 802/802/802
f 801/801/801 805/805/805 804/804/804
f 802/802/802 806/806/806 803/803/803
f 802/802/802 804/804/804 806/806/806
f 803/803/803 806/806/806 807/807/807
f 804/804/804 805/805/805 808/808/808
f 804/804/804 808/808/808 806/806/806
f 805/805/805 809/809/809 808/808/808
f 806/806/806 810/810/810 807/807/807
f 806/806/806 808/808/808 810/810/810
f 807/807/807 810/810/810 811/811/811
f 810/810/810 812/812/812 811/811/811
f 808/808/808 809/809/809 813/813/813
f 808/808/808 813/813/813 810/810/810
f 810/810/810 813/813/813 812/812/812
f 809/809/809 814/814/814 813/813/813
f 813/813/813 815/815/815 812/812/812
f 813/813/813 814/814/814 815/815/815
f 814/814/814 816/816/816 815/815/815
f 819/819/819 818/818/818 817/817/817
f 818/818/818 820/820/820 817/817/817
f 817/817/817 820/820/820 821/821/821
f 820/820/820 822/822/822 821/821/821
f 821/821/821 822/822/822 823/823/823
f 822/822/822 824/824/824 823/823/823
f 823/823/823 824/824/824 825/825/825
f 824/824/824 826/826/826 825/825/825
f 825/825/825 826/826/826 827/827/827
f 826/826/826 828/828/828 827/827/827
f 827/827/827 828/828/828 829/829/829
f 828/828/828 830/830/830 829/829/829
f 833/833/833 832/832/832 831/831/831
f 832/832/832 834/834/834 831/831/831
f 831/831/831 834/834/834 835/835/835
f 832/832/832 836/836/836 834/834/834
f 834/834/834 837/837/837 835/835/835
f 835/835/835 837/837/837 838/838/838
f 836/836/836 839/839/839 834/834/834
f 834/834/834 839/839/839 837/837/837
f 836/836/836 840/840/840 839/839/839
f 840/840/840 841/841/841 839/839/839
f 839/839/839 841/841/841 842/842/842
f 839/839/839 842/842/842 837/837/837
f 841/841/841 843/843/843 842/842/842
f 837/837/837 844/844/844 838/838/838
f 837/837/837 842/842/842 844/844/844
f 838/838/838 844/844/844 845/845/845
f 842/842/842 843/843/843 846/846/846
f 842/842/842 846/846/846 844/844/844
f 843/843/843 847/847/847 846/846/846
f 844/844/844 848/848/848 845/845/845
f 844/844/844 846/846/846 848/848/848
f 845/845/845 848/848/848 849/849/849
f 846/846/846 847/847/847 850/850/850
f 846/846/846 850/850/850 848/848/848
f 847/847/847 851/851/851 850/850/850
f 848/848/848 852/852/852 849/849/849
f 848/848/848 850/850/850 852/852/852
f 849/849/849 852/852/852 853/853/853
f 852/852/852 854/854/854 853/853/853
f 850/850/850 851/851/851 855/855/855
f 850/850/850 855/855/855 852/852/852
f 852/852/852 855/855/855 854/854/854
f 851/851/851 856/856/856 855/855/855
f 855/855/855 857/857/857 854/854/854
f 855/855/855 856/856/856 857/857/857
f 856/856/856 858/858/858 857/857/857
f 861/861/861 860/860/860 859/859/859
f 862/862/862 861/861/861 859/859/859
f 862/862/862 859/859/859 863/863/863
f 864/864/864 861/861/861 862/862/862
f 865/865/865 862/862/862 863/863/863
f 865/865/865 863/863/863 866/866/866
f 867/867/867 865/865/865 866/866/866
f 868/868/868 864/864/864 862/862/862
f 868/868/868 862/862/862 865/865/865
f 869/869/869 864/864/864 868/868/868
f 870/870/870 865/865/865 867/867/867
f 870/870/870 868/868/868 865/865/865
f 871/871/871 870/870/870 867/867/867
f 872/872/872 869/869/869 868/868/868
f 872/872/872 868/868/868 870/870/870
f 873/873/873 869/869/869 872/872/872
f 874/874/874 870/870/870 871/871/871
f 874/874/874 872/872/872 870/870/870
f 875/875/875 874/874/874 871/871/871
f 876/876/876 873/873/873 872/872/872
f 876/876/876 872/872/872 874/874/874
f 877/877/877 873/873/873 876/876/876
f 878/878/878 874/874/874 875/875/875
f 878/878/878 876/876/876 874/874/874
f 879/879/879 878/878/878 875/875/875
f 880/880/880 877/877/877 876/876/876
f 880/880/880 876/876/876 878/878/878
f 881/881/881 877/877/877 880/880/880
f 882/882/882 881/881/881 880/880/880
f 883/883/883 878/878/878 879/879/879
f 883/883/883 880/880/880 878/878/878
f 882/882/882 880/880/880 883/883/883
f 884/884/884 883/883/883 879/879/879
f 885/885/885 882/882/882 883/883/883
f 885/885/885 883/883/883 884/884/884
f 886/886/886 885/885/885 884/884/884
f 889/889/889 888/888/888 887/887/887
f 890/890/890 889/889/889 887/887/887
f 890/890/890 887/887/887 891/891/891
f 892/892/892 889/889/889 890/890/890
f 893/893/893 890/890/890 891/891/891
f 893/893/893 891/891/891 894/894/894
f 895/895/895 893/893/893 894/894/894
f 896/896/896 892/892/892 890/890/890
f 896/896/896 890/890/890 893/893/893
f 897/897/897 892/892/892 896/896/896
f 898/898/898 893/893/893 895/895/895
f 898/898/898 896/896/896 893/893/893
f 899/899/899 898/898/898 895/895/895
f 900/900/900 897/897/897 896/896/896
f 900/900/900 896/896/896 898/898/898
f 901/901/901 897/897/897 900/900/900
f 902/902/902 898/898/898 899/899/899
f 902/902/902 900/900/900 898/898/898
f 903/903/903 902/902/902 899/899/899
f 904/904/904 901/901/901 900/900/900
f 904/904/904 900/900/900 902/902/902
f 905/905/905 901/901/901 904/904/904
f 906/906/906 902/902/902 903/903/903
f 906/906/906 904/904/904 902/902/902
f 907/907/907 906/906/906 903/903/903
f 908/908/908 905/905/905 904/904/904
f 908/908/908 904/904/904 906/906/906
f 909/909/909 905/905/905 908/908/908
f 910/910/910 906/906/906 907/907/907
f 910/910/910 908/908/908 906/906/906
f 911/911/911 910/910/910 907/907/907
f 912/912/912 909/909/909 908/908/908
f 912/912/912 908/908/908 910/910/910
f 913/913/913 909/909/909 912/912/912
f 914/914/914 910/910/910 911/911/911
f 914/914/914 912/912/912 910/910/910
f 915/915/915 914/914/914 911/911/911
f 916/916/916 913/913/913 912/912/912
f 916/916/916 912/912/912 914/914/914
f 917/917/917 913/913/913 916/916/916
f 918/918/918 917/917/917 916/916/916
f 919/919/919 914/914/914 915/915/915
f 919/919/919 916/916/916 914/914/914
f 918/918/918 916/916/916 919/919/919
f 920/920/920 919/919/919 915/915/915
f 921/921/921 918/918/918 919/919/919
f 921/921/921 919/919/919 920/920/920
f 922/922/922 921/921/921 920/920/920
f 925/925/925 924/924/924 923/923/923
f 924/924/924 926/926/926 923/923/923
f 926/926/926 927/927/927 923/923/923
f 927/927/927 928/928/928 923/923/923
f 931/931/931 930/930/930 929/929/929
f 930/930/930 932/932/932 929/929/929
f 932/932/932 933/933/933 929/929/929
f 933/933/933 934/934/934 929/929/929
f 937/937/937 936/936/936 935/935/935
f 938/938/938 937/937/937 935/935/935
f 939/939/939 938/938/938 935/935/935
f 940/940/940 939/939/939 935/935/935
f 941/941/941 939/939/939 940/940/940
f 942/942/942 941/941/941 940/940/940
f 943/943/943 942/942/942 940/940/940
f 944/944/944 943/943/943 940/940/940
f 945/945/945 943/943/943 944/944/944
f 946/946/946 945/945/945 944/944/944
f 949/949/949 948/948/948 947/947/947
f 950/950/950 949/949/949 947/947/947
f 949/949/949 950/950/950 951/951/951
f 950/950/950 952/952/952 951/951/951
f 953/953/953 951/951/951 952/952/952
f 954/954/954 953/953/953 952/952/952
f 957/957/957 956/956/956 955/955/955
f 956/956/956 958/958/958 955/955/955
f 958/958/958 959/959/959 955/955/955
f 959/959/959 960/960/960 955/955/955
f 963/963/963 962/962/962 961/961/961
f 962/962/962 964/964/964 961/961/961
f 964/964/964 965/965/965 961/961/961
f 965/965/965 966/966/966 961/961/961
f 969/969/969 968/968/968 967/967/967
f 970/970/970 969/969/969 967/967/967
f 973/973/973 972/972/972 971/971/971
f 972/972/972 974/974/974 971/971/971
f 974/974/974 975/975/975 971/971/971
f 975/975/975 976/976/976 971/971/971
f 976/976/976 975/975/975 977/977/977
f 975/975/975 978/978/978 977/977/977
f 981/981/981 980/980/980 979/979/979
f 979/979/979 982/982/982 981/981/981
f 985/985/985 984/984/984 983/983/983
f 986/986/986 985/985/985 983/983/983
f 987/987/987 986/986/986 983/983/983
f 988/988/988 987/987/987 983/983/983
f 988/988/988 989/989/989 987/987/987
f 989/989/989 990/990/990 987/987/987
f 993/993/993 992/992/992 991/991/991
f 994/994/994 993/993/993 991/991/991
f 994/994/994 991/991/991 995/995/995
f 996/996/996 994/994/994 995/995/995
f 999/999/999 998/998/998 997/997/997
f 1000/1000/1000 999/999/999 997/997/997
f 1003/1003/1003 1002/1002/1002 1001/1001/1001
f 1004/1004/1004 1003/1003/1003 1001/1001/1001
f 1007/1007/1007 1006/1006/1006 1005/1005/1005
f 1008/1008/1008 1007/1007/1007 1005/1005/1005
f 1011/1011/1011 1010/1010/1010 1009/1009/1009
f 1012/1012/1012 1011/1011/1011 1009/1009/1009
f 1015/1015/1015 1014/1014/1014 1013/1013/1013
f 1016/1016/1016 1015/1015/1015 1013/1013/1013
f 1019/1019/1019 1018/1018/1018 1017/1017/1017
f 1020/1020/1020 1019/1019/1019 1017/1017/1017
f 1023/1023/1023 1022/1022/1022 1021/1021/1021
f 1024/1024/1024 1023/1023/1023 1021/1021/1021
f 1021/1021/1021 1025/1025/1025 1024/1024/1024
f 1025/1025/1025 1026/1026/1026 1024/1024/1024
f 1029/1029/1029 1028/1028/1028 1027/1027/1027
f 1030/1030/1030 1029/1029/1029 1027/1027/1027
f 1027/1027/1027 1031/1031/1031 1030/1030/1030
f 1031/1031/1031 1032/1032/1032 1030/1030/1030
f 1035/1035/1035 1034/1034/1034 1033/1033/1033
f 1036/1036/1036 1035/1035/1035 1033/1033/1033
f 1033/1033/1033 1037/1037/1037 1036/1036/1036
f 1037/1037/1037 1038/1038/1038 1036/1036/1036
f 1041/1041/1041 1040/1040/1040 1039/1039/1039
f 1042/1042/1042 1041/1041/1041 1039/1039/1039
f 1039/1039/1039 1043/1043/1043 1042/1042/1042
f 1043/1043/1043 1044/1044/1044 1042/1042/1042
f 1047/1047/1047 1046/1046/1046 1045/1045/1045
f 1046/1046/1046 1048/1048/1048 1045/1045/1045
f 1046/1046/1046 1049/1049/1049 1048/1048/1048
f 1049/1049/1049 1050/1050/1050 1048/1048/1048
f 1053/1053/1053 1052/1052/1052 1051/1051/1051
f 1052/1052/1052 1054/1054/1054 1051/1051/1051
f 1052/1052/1052 1055/1055/1055 1054/1054/1054
f 1055/1055/1055 1056/1056/1056 1054/1054/1054
f 1059/1059/1059 1058/1058/1058 1057/1057/1057
f 1060/1060/1060 1059/1059/1059 1057/1057/1057
f 1063/1063/1063 1062/1062/1062 1061/1061/1061
f 1064/1064/1064 1063/1063/1063 1061/1061/1061
f 1067/1067/1067 1066/1066/1066 1065/1065/1065
f 1068/1068/1068 1067/1067/1067 1065/1065/1065
f 1071/1071/1071 1070/1070/1070 1069/1069/1069
f 1072/1072/1072 1071/1071/1071 1069/1069/1069
f 1075/1075/1075 1074/1074/1074 1073/1073/1073
f 1076/1076/1076 1075/1075/1075 1073/1073/1073
f 1079/1079/1079 1078/1078/1078 1077/1077/1077
f 1080/1080/1080 1079/1079/1079 1077/1077/1077
f 1083/1083/1083 1082/1082/1082 1081/1081/1081
f 1084/1084/1084 1083/1083/1083 1081/1081/1081
f 1087/1087/1087 1086/1086/1086 1085/1085/1085
f 1088/1088/1088 1087/1087/1087 1085/1085/1085
f 1091/1091/1091 1090/1090/1090 1089/1089/1089
f 1092/1092/1092 1091/1091/1091 1089/1089/1089
f 1095/1095/1095 1094/1094/1094 1093/1093/1093
f 1096/1096/1096 1095/1095/1095 1093/1093/1093
f 1099/1099/1099 1098/1098/1098 1097/1097/1097
f 1100/1100/1100 1099/1099/1099 1097/1097/1097
f 1103/1103/1103 1102/1102/1102 1101/1101/1101
f 1101/1101/1101 1104/1104/1104 1103/1103/1103
f 1101/1101/1101 1105/1105/1105 1104/1104/1104
f 1105/1105/1105 1106/1106/1106 1104/1104/1104
f 1105/1105/1105 1107/1107/1107 1106/1106/1106
f 1107/1107/1107 1108/1108/1108 1106/1106/1106
f 1111/1111/1111 1110/1110/1110 1109/1109/1109
f 1112/1112/1112 1111/1111/1111 1109/1109/1109
f 1115/1115/1115 1114/1114/1114 1113/1113/1113
f 1116/1116/1116 1115/1115/1115 1113/1113/1113
f 1119/1119/1119 1118/1118/1118 1117/1117/1117
f 1120/1120/1120 1119/1119/1119 1117/1117/1117
f 1123/1123/1123 1122/1122/1122 1121/1121/1121
f 1124/1124/1124 1123/1123/1123 1121/1121/1121
f 1127/1127/1127 1126/1126/1126 1125/1125/1125
f 1128/1128/1128 1127/1127/1127 1125/1125/1125
f 1131/1131/1131 1130/1130/1130 1129/1129/1129
f 1132/1132/1132 1131/1131/1131 1129/1129/1129
f 1135/1135/1135 1134/1134/1134 1133/1133/1133
f 1136/1136/1136 1135/1135/1135 1133/1133/1133
f 1139/1139/1139 1138/1138/1138 1137/1137/1137
f 1140/1140/1140 1139/1139/1139 1137/1137/1137
f 1143/1143/1143 1142/1142/1142 1141/1141/1141
f 1144/1144/1144 1143/1143/1143 1141/1141/1141
f 1147/1147/1147 1146/1146/1146 1145/1145/1145
f 1148/1148/1148 1147/1147/1147 1145/1145/1145
f 1151/1151/1151 1150/1150/1150 1149/1149/1149
f 1152/1152/1152 1151/1151/1151 1149/1149/1149
f 1155/1155/1155 1154/1154/1154 1153/1153/1153
f 1156/1156/1156 1155/1155/1155 1153/1153/1153
f 1159/1159/1159 1158/1158/1158 1157/1157/1157
f 1160/1160/1160 1159/1159/1159 1157/1157/1157
f 1163/1163/1163 1162/1162/1162 1161/1161/1161
f 1161/1161/1161 1164/1164/1164 1163/1163/1163
f 1161/1161/1161 1165/1165/1165 1164/1164/1164
f 1161/1161/1161 1166/1166/1166 1165/1165/1165
f 1166/1166/1166 1167/1167/1167 1165/1165/1165
f 1166/1166/1166 1168/1168/1168 1167/1167/1167
f 1171/1171/1171 1170/1170/1170 1169/1169/1169
f 1172/1172/1172 1171/1171/1171 1169/1169/1169
f 1175/1175/1175 1174/1174/1174 1173/1173/1173
f 1176/1176/1176 1175/1175/1175 1173/1173/1173
f 1179/1179/1179 1178/1178/1178 1177/1177/1177
f 1180/1180/1180 1179/1179/1179 1177/1177/1177
f 1183/1183/1183 1182/1182/1182 1181/1181/1181
f 1184/1184/1184 1183/1183/1183 1181/1181/1181
f 1187/1187/1187 1186/1186/1186 1185/1185/1185
f 1188/1188/1188 1187/1187/1187 1185/1185/1185
f 1191/1191/1191 1190/1190/1190 1189/1189/1189
f 1192/1192/1192 1191/1191/1191 1189/1189/1189
f 1195/1195/1195 1194/1194/1194 1193/1193/1193
f 1193/1193/1193 1196/1196/1196 1195/1195/1195
f 1193/1193/1193 1197/1197/1197 1196/1196/1196
f 1197/1197/1197 1198/1198/1198 1196/1196/1196
f 1197/1197/1197 1199/1199/1199 1198/1198/1198
f 1197/1197/1197 1200/1200/1200 1199/1199/1199
f 1203/1203/1203 1202/1202/1202 1201/1201/1201
f 1204/1204/1204 1203/1203/1203 1201/1201/1201
f 1201/1201/1201 1202/1202/1202 1205/1205/1205
f 1206/1206/1206 1203/1203/1203 1204/1204/1204
f 1202/1202/1202 1207/1207/1207 1205/1205/1205
f 1208/1208/1208 1206/1206/1206 1204/1204/1204
f 1205/1205/1205 1207/1207/1207 1209/1209/1209
f 1210/1210/1210 1206/1206/1206 1208/1208/1208
f 1207/1207/1207 1211/1211/1211 1209/1209/1209
f 1212/1212/1212 1210/1210/1210 1208/1208/1208
f 1209/1209/1209 1211/1211/1211 1213/1213/1213
f 1214/1214/1214 1210/1210/1210 1212/1212/1212
f 1211/1211/1211 1215/1215/1215 1213/1213/1213
f 1216/1216/1216 1214/1214/1214 1212/1212/1212
f 1213/1213/1213 1215/1215/1215 1217/1217/1217
f 1218/1218/1218 1214/1214/1214 1216/1216/1216
f 1215/1215/1215 1219/1219/1219 1217/1217/1217
f 1220/1220/1220 1218/1218/1218 1216/1216/1216
f 1217/1217/1217 1219/1219/1219 1221/1221/1221
f 1222/1222/1222 1218/1218/1218 1220/1220/1220
f 1219/1219/1219 1223/1223/1223 1221/1221/1221
f 1224/1224/1224 1222/1222/1222 1220/1220/1220
f 1221/1221/1221 1223/1223/1223 1225/1225/1225
f 1226/1226/1226 1222/1222/1222 1224/1224/1224
f 1223/1223/1223 1227/1227/1227 1225/1225/1225
f 1228/1228/1228 1226/1226/1226 1224/1224/1224
f 1225/1225/1225 1227/1227/1227 1229/1229/1229
f 1230/1230/1230 1226/1226/1226 1228/1228/1228
f 1227/1227/1227 1231/1231/1231 1229/1229/1229
f 1232/1232/1232 1230/1230/1230 1228/1228/1228
f 1229/1229/1229 1231/1231/1231 1233/1233/1233
f 1234/1234/1234 1230/1230/1230 1232/1232/1232
f 1231/1231/1231 1235/1235/1235 1233/1233/1233
f 1236/1236/1236 1234/1234/1234 1232/1232/1232
f 1233/1233/1233 1235/1235/1235 1237/1237/1237
f 1238/1238/1238 1234/1234/1234 1236/1236/1236
f 1235/1235/1235 1239/1239/1239 1237/1237/1237
f 1240/1240/1240 1238/1238/1238 1236/1236/1236
f 1237/1237/1237 1239/1239/1239 1241/1241/1241
f 1242/1242/1242 1238/1238/1238 1240/1240/1240
f 1239/1239/1239 1243/1243/1243 1241/1241/1241
f 1244/1244/1244 1242/1242/1242 1240/1240/1240
f 1241/1241/1241 1243/1243/1243 1245/1245/1245
f 1246/1246/1246 1242/1242/1242 1244/1244/1244
f 1243/1243/1243 1247/1247/1247 1245/1245/1245
f 1248/1248/1248 1246/1246/1246 1244/1244/1244
f 1245/1245/1245 1247/1247/1247 1249/1249/1249
f 1250/1250/1250 1246/1246/1246 1248/1248/1248
f 1247/1247/1247 1251/1251/1251 1249/1249/1249
f 1252/1252/1252 1250/1250/1250 1248/1248/1248
f 1249/1249/1249 1251/1251/1251 1253/1253/1253
f 1254/1254/1254 1250/1250/1250 1252/1252/1252
f 1251/1251/1251 1255/1255/1255 1253/1253/1253
f 1256/1256/1256 1254/1254/1254 1252/1252/1252
f 1253/1253/1253 1255/1255/1255 1256/1256/1256
f 1255/1255/1255 1254/1254/1254 1256/1256/1256
